ISO-10303-21;
HEADER;
FILE_DESCRIPTION (( 'STEP AP214' ),
    '1' );
FILE_NAME ('LM1117DTX-5.0NOPB.STEP',
    '2022-12-15T12:18:35',
    ( '' ),
    ( '' ),
    'SwSTEP 2.0',
    'SolidWorks 2019',
    '' );
FILE_SCHEMA (( 'AUTOMOTIVE_DESIGN' ));
ENDSEC;

DATA;
#1 = CARTESIAN_POINT ( 'NONE',  ( -6.039999999999998259, 0.4299999999999997713, 2.725000000000000089 ) ) ;
#2 = CARTESIAN_POINT ( 'NONE',  ( -0.6100000000000003197, 2.549999999999999822, 0.000000000000000000 ) ) ;
#3 = CARTESIAN_POINT ( 'NONE',  ( -5.129999999999999005, 1.339999999999999636, -2.725000000000000089 ) ) ;
#4 = EDGE_CURVE ( 'NONE', #743, #40, #687, .T. ) ;
#5 = CARTESIAN_POINT ( 'NONE',  ( 3.109999999999999432, 2.549999999999999822, -3.365000000000000657 ) ) ;
#6 = DIRECTION ( 'NONE',  ( -0.000000000000000000, -0.000000000000000000, 1.000000000000000000 ) ) ;
#7 = ORIENTED_EDGE ( 'NONE', *, *, #1350, .T. ) ;
#8 = ADVANCED_FACE ( 'NONE', ( #1507 ), #363, .F. ) ;
#9 = CARTESIAN_POINT ( 'NONE',  ( -5.729999999999998650, 0.6299999999999996714, 1.844999999999999973 ) ) ;
#10 = ORIENTED_EDGE ( 'NONE', *, *, #402, .F. ) ;
#11 = CIRCLE ( 'NONE', #1545, 0.4000000000000001887 ) ;
#12 = DIRECTION ( 'NONE',  ( -0.000000000000000000, 0.000000000000000000, -1.000000000000000000 ) ) ;
#13 = CARTESIAN_POINT ( 'NONE',  ( -6.039999999999998259, 0.4299999999999997713, 2.725000000000000089 ) ) ;
#14 = PLANE ( 'NONE',  #21 ) ;
#15 = VECTOR ( 'NONE', #415, 1000.000000000000000 ) ;
#16 = EDGE_LOOP ( 'NONE', ( #1307, #84, #589, #71 ) ) ;
#17 = AXIS2_PLACEMENT_3D ( 'NONE', #1696, #954, #1555 ) ;
#18 = EDGE_LOOP ( 'NONE', ( #1840, #618, #542, #846, #1173, #1053, #799, #857, #103, #922, #219, #1379 ) ) ;
#19 = CIRCLE ( 'NONE', #1456, 0.1999999999999996503 ) ;
#20 = FACE_BOUND ( 'NONE', #1498, .T. ) ;
#21 = AXIS2_PLACEMENT_3D ( 'NONE', #1186, #600, #1026 ) ;
#22 = VECTOR ( 'NONE', #204, 1000.000000000000000 ) ;
#23 = CARTESIAN_POINT ( 'NONE',  ( 3.915538477238713622, 0.000000000000000000, 1.729999999999999982 ) ) ;
#24 = EDGE_LOOP ( 'NONE', ( #1355, #1430, #1319, #61 ) ) ;
#25 = EDGE_CURVE ( 'NONE', #60, #1447, #200, .T. ) ;
#26 = ORIENTED_EDGE ( 'NONE', *, *, #1152, .T. ) ;
#27 = FACE_OUTER_BOUND ( 'NONE', #1345, .T. ) ;
#28 = DIRECTION ( 'NONE',  ( 0.000000000000000000, -0.000000000000000000, -1.000000000000000000 ) ) ;
#29 = VERTEX_POINT ( 'NONE', #1202 ) ;
#30 = LINE ( 'NONE', #757, #48 ) ;
#31 = CARTESIAN_POINT ( 'NONE',  ( -5.529999999999998472, 0.6299999999999996714, 2.725000000000000089 ) ) ;
#32 = ORIENTED_EDGE ( 'NONE', *, *, #619, .T. ) ;
#33 = FILL_AREA_STYLE ('',( #1095 ) ) ;
#34 = LINE ( 'NONE', #1611, #1451 ) ;
#35 = LINE ( 'NONE', #899, #1373 ) ;
#36 = DIRECTION ( 'NONE',  ( -1.000000000000000000, -1.221636250687900270E-15, 0.000000000000000000 ) ) ;
#37 = VERTEX_POINT ( 'NONE', #1766 ) ;
#38 = CARTESIAN_POINT ( 'NONE',  ( -6.039999999999998259, 0.4299999999999997713, 1.844999999999999973 ) ) ;
#39 = FACE_OUTER_BOUND ( 'NONE', #113, .T. ) ;
#40 = VERTEX_POINT ( 'NONE', #654 ) ;
#41 = UNCERTAINTY_MEASURE_WITH_UNIT (LENGTH_MEASURE( 1.000000000000000082E-05 ), #1037, 'distance_accuracy_value', 'NONE');
#42 = LINE ( 'NONE', #1308, #526 ) ;
#43 = PLANE ( 'NONE',  #188 ) ;
#44 = SURFACE_SIDE_STYLE ('',( #754 ) ) ;
#45 = ADVANCED_FACE ( 'NONE', ( #831 ), #210, .T. ) ;
#46 = CARTESIAN_POINT ( 'NONE',  ( -3.110000000000000320, 2.549999999999999822, -3.365000000000000657 ) ) ;
#47 = AXIS2_PLACEMENT_3D ( 'NONE', #1695, #1125, #289 ) ;
#48 = VECTOR ( 'NONE', #57, 1000.000000000000000 ) ;
#49 = DIRECTION ( 'NONE',  ( 0.000000000000000000, 1.000000000000000000, 0.000000000000000000 ) ) ;
#50 = EDGE_CURVE ( 'NONE', #1467, #1822, #781, .T. ) ;
#51 = CIRCLE ( 'NONE', #316, 0.4000000000000001887 ) ;
#52 = ORIENTED_EDGE ( 'NONE', *, *, #817, .F. ) ;
#53 = CARTESIAN_POINT ( 'NONE',  ( 4.915538477238712289, 0.000000000000000000, -2.730000000000000426 ) ) ;
#54 = FACE_OUTER_BOUND ( 'NONE', #282, .T. ) ;
#55 =( NAMED_UNIT ( * ) SI_UNIT ( $, .STERADIAN. ) SOLID_ANGLE_UNIT ( ) );
#56 = LINE ( 'NONE', #1014, #133 ) ;
#57 = DIRECTION ( 'NONE',  ( -0.000000000000000000, -0.000000000000000000, -1.000000000000000000 ) ) ;
#58 = EDGE_LOOP ( 'NONE', ( #1761, #1042, #1097, #284, #1485, #698, #1193, #1191, #1765, #704, #1682, #1086 ) ) ;
#59 = PLANE ( 'NONE',  #1712 ) ;
#60 = VERTEX_POINT ( 'NONE', #1357 ) ;
#61 = ORIENTED_EDGE ( 'NONE', *, *, #1435, .T. ) ;
#62 = EDGE_LOOP ( 'NONE', ( #1774, #1628, #318, #145 ) ) ;
#63 = LINE ( 'NONE', #1204, #101 ) ;
#64 = CARTESIAN_POINT ( 'NONE',  ( -5.129999999999999005, 1.339999999999999636, -2.725000000000000089 ) ) ;
#65 = LINE ( 'NONE', #1607, #1540 ) ;
#66 = ORIENTED_EDGE ( 'NONE', *, *, #247, .F. ) ;
#67 = CARTESIAN_POINT ( 'NONE',  ( -3.109999999999999432, 1.139999999999999902, 1.844999999999999973 ) ) ;
#68 = ADVANCED_FACE ( 'NONE', ( #1639 ), #1224, .F. ) ;
#69 = EDGE_LOOP ( 'NONE', ( #347, #471, #1033, #1431, #602, #1387, #1045, #52, #1340, #1763, #945, #307 ) ) ;
#70 = CARTESIAN_POINT ( 'NONE',  ( -4.729999999999997762, 1.139999999999999680, -1.844999999999999973 ) ) ;
#71 = ORIENTED_EDGE ( 'NONE', *, *, #1328, .T. ) ;
#72 = PRODUCT_RELATED_PRODUCT_CATEGORY ( 'part', '', ( #1672 ) ) ;
#73 = LINE ( 'NONE', #646, #1425 ) ;
#74 = VECTOR ( 'NONE', #1286, 1000.000000000000000 ) ;
#75 = CARTESIAN_POINT ( 'NONE',  ( -6.039999999999998259, -0.1700000000000000955, -2.725000000000000089 ) ) ;
#76 = PRESENTATION_LAYER_ASSIGNMENT (  '', '', ( #875 ) ) ;
#77 = VECTOR ( 'NONE', #588, 1000.000000000000000 ) ;
#78 = CIRCLE ( 'NONE', #849, 0.2500000000000000555 ) ;
#79 = VECTOR ( 'NONE', #1795, 1000.000000000000000 ) ;
#80 = DIRECTION ( 'NONE',  ( -0.000000000000000000, -0.000000000000000000, 1.000000000000000000 ) ) ;
#81 = ORIENTED_EDGE ( 'NONE', *, *, #1814, .F. ) ;
#82 = ADVANCED_FACE ( 'NONE', ( #1194 ), #910, .T. ) ;
#83 = VERTEX_POINT ( 'NONE', #70 ) ;
#84 = ORIENTED_EDGE ( 'NONE', *, *, #475, .F. ) ;
#85 = CYLINDRICAL_SURFACE ( 'NONE', #674, 0.4000000000000001887 ) ;
#86 = CARTESIAN_POINT ( 'NONE',  ( -3.109999999999999432, 1.139999999999999902, -1.844999999999999973 ) ) ;
#87 = DIRECTION ( 'NONE',  ( 0.000000000000000000, -1.000000000000000000, 0.000000000000000000 ) ) ;
#88 = VERTEX_POINT ( 'NONE', #642 ) ;
#89 = EDGE_CURVE ( 'NONE', #1172, #1652, #822, .T. ) ;
#90 = ORIENTED_EDGE ( 'NONE', *, *, #1351, .T. ) ;
#91 = DIRECTION ( 'NONE',  ( -1.000000000000000000, 0.000000000000000000, 0.000000000000000000 ) ) ;
#92 = PLANE ( 'NONE',  #1394 ) ;
#93 = UNCERTAINTY_MEASURE_WITH_UNIT (LENGTH_MEASURE( 1.000000000000000082E-05 ), #1094, 'distance_accuracy_value', 'NONE');
#94 =( NAMED_UNIT ( * ) SI_UNIT ( $, .STERADIAN. ) SOLID_ANGLE_UNIT ( ) );
#95 = LINE ( 'NONE', #662, #1599 ) ;
#96 = ORIENTED_EDGE ( 'NONE', *, *, #695, .F. ) ;
#97 = ORIENTED_EDGE ( 'NONE', *, *, #1323, .F. ) ;
#98 = CARTESIAN_POINT ( 'NONE',  ( 3.915538477238713622, 0.8800000000000000044, -1.729999999999999982 ) ) ;
#99 = EDGE_CURVE ( 'NONE', #356, #1680, #1213, .T. ) ;
#100 = CARTESIAN_POINT ( 'NONE',  ( 0.000000000000000000, 2.549999999999999822, 0.000000000000000000 ) ) ;
#101 = VECTOR ( 'NONE', #212, 1000.000000000000000 ) ;
#102 = ADVANCED_FACE ( 'NONE', ( #1410 ), #845, .T. ) ;
#103 = ORIENTED_EDGE ( 'NONE', *, *, #734, .T. ) ;
#104 = VERTEX_POINT ( 'NONE', #1274 ) ;
#105 = VECTOR ( 'NONE', #87, 1000.000000000000000 ) ;
#106 = AXIS2_PLACEMENT_3D ( 'NONE', #620, #1029, #741 ) ;
#107 = CARTESIAN_POINT ( 'NONE',  ( -4.929999999999999716, 0.9399999999999983924, 2.725000000000000089 ) ) ;
#108 = MECHANICAL_DESIGN_GEOMETRIC_PRESENTATION_REPRESENTATION (  '', ( #1059 ), #1427 ) ;
#109 = DIRECTION ( 'NONE',  ( 0.000000000000000000, 0.000000000000000000, 1.000000000000000000 ) ) ;
#110 = PLANE ( 'NONE',  #707 ) ;
#111 = LINE ( 'NONE', #86, #165 ) ;
#112 = ORIENTED_EDGE ( 'NONE', *, *, #1113, .T. ) ;
#113 = EDGE_LOOP ( 'NONE', ( #476, #1615, #209, #1821 ) ) ;
#114 = DIRECTION ( 'NONE',  ( 0.000000000000000000, -1.000000000000000000, 0.000000000000000000 ) ) ;
#115 = FACE_OUTER_BOUND ( 'NONE', #1523, .T. ) ;
#116 = CARTESIAN_POINT ( 'NONE',  ( 3.109999999999999432, 0.8800000000000001155, -2.730000000000000426 ) ) ;
#117 = SURFACE_SIDE_STYLE ('',( #1409 ) ) ;
#118 = CARTESIAN_POINT ( 'NONE',  ( -3.109999999999999432, 1.739999999999999769, 0.4400000000000000022 ) ) ;
#119 = VERTEX_POINT ( 'NONE', #837 ) ;
#120 = PLANE ( 'NONE',  #1054 ) ;
#121 = ADVANCED_FACE ( 'NONE', ( #154 ), #720, .F. ) ;
#122 = CARTESIAN_POINT ( 'NONE',  ( 3.109999999999999432, 2.549999999999999822, -3.365000000000000657 ) ) ;
#123 = CARTESIAN_POINT ( 'NONE',  ( 3.110000000000000764, 0.000000000000000000, 3.365000000000000213 ) ) ;
#124 = LINE ( 'NONE', #561, #736 ) ;
#125 = CARTESIAN_POINT ( 'NONE',  ( -5.729999999999998650, 0.6299999999999996714, -1.844999999999999973 ) ) ;
#126 = ORIENTED_EDGE ( 'NONE', *, *, #1313, .F. ) ;
#127 = ORIENTED_EDGE ( 'NONE', *, *, #1675, .F. ) ;
#128 = CARTESIAN_POINT ( 'NONE',  ( -5.129999999999996341, 1.739999999999999769, 1.844999999999999973 ) ) ;
#129 = ADVANCED_FACE ( 'NONE', ( #991 ), #1706, .F. ) ;
#130 = VECTOR ( 'NONE', #1406, 1000.000000000000000 ) ;
#131 = FACE_OUTER_BOUND ( 'NONE', #265, .T. ) ;
#132 = VECTOR ( 'NONE', #80, 1000.000000000000000 ) ;
#133 = VECTOR ( 'NONE', #189, 1000.000000000000000 ) ;
#134 = FACE_OUTER_BOUND ( 'NONE', #58, .T. ) ;
#135 = FILL_AREA_STYLE_COLOUR ( '', #1093 ) ;
#136 = DIRECTION ( 'NONE',  ( -1.000000000000000000, 0.000000000000000000, 0.000000000000000000 ) ) ;
#137 = VERTEX_POINT ( 'NONE', #1581 ) ;
#138 = ORIENTED_EDGE ( 'NONE', *, *, #280, .F. ) ;
#139 = EDGE_CURVE ( 'NONE', #252, #1040, #1826, .T. ) ;
#140 = CARTESIAN_POINT ( 'NONE',  ( -6.039999999999998259, 0.4299999999999997713, 1.844999999999999973 ) ) ;
#141 = DIRECTION ( 'NONE',  ( -1.073467497510401969E-16, 1.000000000000000000, 0.000000000000000000 ) ) ;
#142 = CARTESIAN_POINT ( 'NONE',  ( -0.6100000000000003197, 2.549999999999999822, 0.000000000000000000 ) ) ;
#143 = CARTESIAN_POINT ( 'NONE',  ( -3.109999999999999432, 1.139999999999999902, -0.4400000000000000022 ) ) ;
#144 = PLANE ( 'NONE',  #1300 ) ;
#145 = ORIENTED_EDGE ( 'NONE', *, *, #1289, .F. ) ;
#146 = VERTEX_POINT ( 'NONE', #430 ) ;
#147 = LINE ( 'NONE', #750, #1484 ) ;
#148 = UNCERTAINTY_MEASURE_WITH_UNIT (LENGTH_MEASURE( 1.000000000000000082E-05 ), #338, 'distance_accuracy_value', 'NONE');
#149 = CARTESIAN_POINT ( 'NONE',  ( 3.129999999999999449, 0.000000000000000000, -0.9999999999999993339 ) ) ;
#150 = CARTESIAN_POINT ( 'NONE',  ( 3.110000000000000320, 0.000000000000000000, 1.000000000000000444 ) ) ;
#151 = FILL_AREA_STYLE_COLOUR ( '', #1061 ) ;
#152 = DIRECTION ( 'NONE',  ( -0.000000000000000000, -0.000000000000000000, -1.000000000000000000 ) ) ;
#153 = EDGE_CURVE ( 'NONE', #1069, #382, #994, .T. ) ;
#154 = FACE_OUTER_BOUND ( 'NONE', #18, .T. ) ;
#155 = EDGE_CURVE ( 'NONE', #356, #518, #728, .T. ) ;
#156 = ORIENTED_EDGE ( 'NONE', *, *, #1336, .T. ) ;
#157 = PRESENTATION_LAYER_ASSIGNMENT (  '', '', ( #1018 ) ) ;
#158 = PRESENTATION_STYLE_ASSIGNMENT (( #446 ) ) ;
#159 = LINE ( 'NONE', #1005, #907 ) ;
#160 = CARTESIAN_POINT ( 'NONE',  ( -5.729999999999999538, 0.4299999999999998268, 2.725000000000000089 ) ) ;
#161 = VECTOR ( 'NONE', #985, 1000.000000000000000 ) ;
#162 = AXIS2_PLACEMENT_3D ( 'NONE', #747, #1483, #1320 ) ;
#163 = ORIENTED_EDGE ( 'NONE', *, *, #433, .F. ) ;
#164 = AXIS2_PLACEMENT_3D ( 'NONE', #1825, #828, #1844 ) ;
#165 = VECTOR ( 'NONE', #785, 1000.000000000000000 ) ;
#166 = DIRECTION ( 'NONE',  ( -1.000000000000000000, 0.000000000000000000, 0.000000000000000000 ) ) ;
#167 = EDGE_CURVE ( 'NONE', #37, #386, #1726, .T. ) ;
#168 = ORIENTED_EDGE ( 'NONE', *, *, #568, .T. ) ;
#169 = DIRECTION ( 'NONE',  ( -1.000000000000000000, -1.748713181428240696E-16, 0.000000000000000000 ) ) ;
#170 =( NAMED_UNIT ( * ) SI_UNIT ( $, .STERADIAN. ) SOLID_ANGLE_UNIT ( ) );
#171 = ORIENTED_EDGE ( 'NONE', *, *, #25, .T. ) ;
#172 = DIRECTION ( 'NONE',  ( -1.000000000000000000, 0.000000000000000000, 0.000000000000000000 ) ) ;
#173 = SURFACE_STYLE_USAGE ( .BOTH. , #882 ) ;
#174 =( NAMED_UNIT ( * ) PLANE_ANGLE_UNIT ( ) SI_UNIT ( $, .RADIAN. ) );
#175 = FACE_OUTER_BOUND ( 'NONE', #478, .T. ) ;
#176 = ORIENTED_EDGE ( 'NONE', *, *, #240, .F. ) ;
#177 = DIRECTION ( 'NONE',  ( -0.000000000000000000, -1.000000000000000000, -0.000000000000000000 ) ) ;
#178 = ORIENTED_EDGE ( 'NONE', *, *, #555, .F. ) ;
#179 = EDGE_CURVE ( 'NONE', #211, #1137, #1283, .T. ) ;
#180 = DIRECTION ( 'NONE',  ( 0.000000000000000000, 1.000000000000000000, 0.000000000000000000 ) ) ;
#181 = DIRECTION ( 'NONE',  ( -0.000000000000000000, -0.000000000000000000, 1.000000000000000000 ) ) ;
#182 = EDGE_CURVE ( 'NONE', #1085, #356, #1846, .T. ) ;
#183 = LINE ( 'NONE', #1329, #1688 ) ;
#184 = LINE ( 'NONE', #629, #1745 ) ;
#185 = ORIENTED_EDGE ( 'NONE', *, *, #1233, .F. ) ;
#186 = FACE_OUTER_BOUND ( 'NONE', #923, .T. ) ;
#187 = LINE ( 'NONE', #761, #459 ) ;
#188 = AXIS2_PLACEMENT_3D ( 'NONE', #802, #790, #1348 ) ;
#189 = DIRECTION ( 'NONE',  ( -0.000000000000000000, -0.000000000000000000, 1.000000000000000000 ) ) ;
#190 = AXIS2_PLACEMENT_3D ( 'NONE', #1169, #881, #172 ) ;
#191 = VECTOR ( 'NONE', #169, 1000.000000000000000 ) ;
#192 = EDGE_LOOP ( 'NONE', ( #296, #1815, #664, #768 ) ) ;
#193 = FACE_OUTER_BOUND ( 'NONE', #1230, .T. ) ;
#194 = AXIS2_PLACEMENT_3D ( 'NONE', #956, #1796, #1384 ) ;
#195 = ORIENTED_EDGE ( 'NONE', *, *, #1734, .F. ) ;
#196 = EDGE_LOOP ( 'NONE', ( #697, #1168, #1130, #230 ) ) ;
#197 = LINE ( 'NONE', #1797, #795 ) ;
#198 = ORIENTED_EDGE ( 'NONE', *, *, #1034, .F. ) ;
#199 = ADVANCED_FACE ( 'NONE', ( #1129 ), #1573, .F. ) ;
#200 = LINE ( 'NONE', #917, #1486 ) ;
#201 = EDGE_LOOP ( 'NONE', ( #721, #1151, #924, #706 ) ) ;
#202 = CARTESIAN_POINT ( 'NONE',  ( -0.6100000000000003197, 2.299999999999999822, 0.000000000000000000 ) ) ;
#203 = EDGE_CURVE ( 'NONE', #1609, #631, #696, .T. ) ;
#204 = DIRECTION ( 'NONE',  ( -1.933198524491241224E-16, -0.000000000000000000, -1.000000000000000000 ) ) ;
#205 = DIRECTION ( 'NONE',  ( -0.000000000000000000, -1.000000000000000000, -0.000000000000000000 ) ) ;
#206 = ADVANCED_FACE ( 'NONE', ( #310 ), #144, .F. ) ;
#207 = ORIENTED_EDGE ( 'NONE', *, *, #821, .F. ) ;
#208 = CARTESIAN_POINT ( 'NONE',  ( -3.109999999999999432, 0.000000000000000000, 3.365000000000000213 ) ) ;
#209 = ORIENTED_EDGE ( 'NONE', *, *, #1740, .F. ) ;
#210 = PLANE ( 'NONE',  #938 ) ;
#211 = VERTEX_POINT ( 'NONE', #305 ) ;
#212 = DIRECTION ( 'NONE',  ( -1.000000000000000000, -0.000000000000000000, -2.401947532336440402E-16 ) ) ;
#213 = LINE ( 'NONE', #1063, #283 ) ;
#214 = ORIENTED_EDGE ( 'NONE', *, *, #1016, .T. ) ;
#215 = ORIENTED_EDGE ( 'NONE', *, *, #1389, .T. ) ;
#216 = SURFACE_STYLE_USAGE ( .BOTH. , #235 ) ;
#217 = EDGE_CURVE ( 'NONE', #931, #1137, #1301, .T. ) ;
#218 = DIRECTION ( 'NONE',  ( -1.000000000000000000, 0.000000000000000000, 0.000000000000000000 ) ) ;
#219 = ORIENTED_EDGE ( 'NONE', *, *, #1675, .T. ) ;
#220 = VERTEX_POINT ( 'NONE', #974 ) ;
#221 = ORIENTED_EDGE ( 'NONE', *, *, #952, .F. ) ;
#222 = LINE ( 'NONE', #934, #579 ) ;
#223 = CARTESIAN_POINT ( 'NONE',  ( -5.529999999999999361, 1.339999999999996527, -1.844999999999999973 ) ) ;
#224 = CARTESIAN_POINT ( 'NONE',  ( 4.915538477238712289, 0.000000000000000000, 1.730000000000000204 ) ) ;
#225 = VECTOR ( 'NONE', #996, 1000.000000000000000 ) ;
#226 = ORIENTED_EDGE ( 'NONE', *, *, #1150, .T. ) ;
#227 = VECTOR ( 'NONE', #1424, 1000.000000000000000 ) ;
#228 = CIRCLE ( 'NONE', #499, 0.4000000000000001887 ) ;
#229 = CARTESIAN_POINT ( 'NONE',  ( 4.915538477238712289, 0.8800000000000000044, 2.730000000000000426 ) ) ;
#230 = ORIENTED_EDGE ( 'NONE', *, *, #1621, .T. ) ;
#231 = MECHANICAL_DESIGN_GEOMETRIC_PRESENTATION_REPRESENTATION (  '', ( #823 ), #617 ) ;
#232 = EDGE_CURVE ( 'NONE', #1447, #1662, #1558, .T. ) ;
#233 = ORIENTED_EDGE ( 'NONE', *, *, #1756, .F. ) ;
#234 = DIRECTION ( 'NONE',  ( -0.000000000000000000, 1.000000000000000000, -0.000000000000000000 ) ) ;
#235 = SURFACE_SIDE_STYLE ('',( #1376 ) ) ;
#236 = EDGE_LOOP ( 'NONE', ( #168, #582, #1393, #1291 ) ) ;
#237 = VERTEX_POINT ( 'NONE', #1699 ) ;
#238 = EDGE_LOOP ( 'NONE', ( #563, #1310, #1107, #387 ) ) ;
#239 = PRESENTATION_STYLE_ASSIGNMENT (( #173 ) ) ;
#240 = EDGE_CURVE ( 'NONE', #570, #220, #495, .T. ) ;
#241 = DIRECTION ( 'NONE',  ( 1.748713181428240449E-16, -1.000000000000000000, 0.000000000000000000 ) ) ;
#242 = CARTESIAN_POINT ( 'NONE',  ( -5.729999999999999538, 0.4299999999999998268, 2.725000000000000089 ) ) ;
#243 = ORIENTED_EDGE ( 'NONE', *, *, #713, .T. ) ;
#244 = CARTESIAN_POINT ( 'NONE',  ( 4.915538477238712289, 0.000000000000000000, 1.730000000000000204 ) ) ;
#245 = EDGE_LOOP ( 'NONE', ( #1011, #1071, #1028, #689 ) ) ;
#246 = DIRECTION ( 'NONE',  ( 0.000000000000000000, 0.000000000000000000, 1.000000000000000000 ) ) ;
#247 = EDGE_CURVE ( 'NONE', #895, #211, #1614, .T. ) ;
#248 = DIRECTION ( 'NONE',  ( 1.000000000000000000, 1.748713181428240449E-16, 0.000000000000000000 ) ) ;
#249 = DIRECTION ( 'NONE',  ( 0.000000000000000000, -1.000000000000000000, 0.000000000000000000 ) ) ;
#250 = CARTESIAN_POINT ( 'NONE',  ( -4.929999999999999716, 0.2300000000000028133, -1.844999999999999973 ) ) ;
#251 = VECTOR ( 'NONE', #869, 1000.000000000000000 ) ;
#252 = VERTEX_POINT ( 'NONE', #1330 ) ;
#253 = ORIENTED_EDGE ( 'NONE', *, *, #1556, .T. ) ;
#254 = ORIENTED_EDGE ( 'NONE', *, *, #1277, .F. ) ;
#255 = AXIS2_PLACEMENT_3D ( 'NONE', #833, #1395, #850 ) ;
#256 = AXIS2_PLACEMENT_3D ( 'NONE', #1290, #855, #549 ) ;
#257 = VECTOR ( 'NONE', #1408, 1000.000000000000000 ) ;
#258 = PLANE ( 'NONE',  #1091 ) ;
#259 = AXIS2_PLACEMENT_3D ( 'NONE', #506, #234, #1075 ) ;
#260 = DIRECTION ( 'NONE',  ( 0.000000000000000000, 0.000000000000000000, -1.000000000000000000 ) ) ;
#261 = CARTESIAN_POINT ( 'NONE',  ( 3.280000000000001137, 0.8800000000000000044, -0.8499999999999984235 ) ) ;
#262 = FILL_AREA_STYLE_COLOUR ( '', #765 ) ;
#263 = EDGE_CURVE ( 'NONE', #104, #468, #848, .T. ) ;
#264 = DIRECTION ( 'NONE',  ( 1.288799016327493985E-16, 0.000000000000000000, 1.000000000000000000 ) ) ;
#265 = EDGE_LOOP ( 'NONE', ( #1550, #1645, #634, #1365 ) ) ;
#266 = EDGE_CURVE ( 'NONE', #641, #1790, #30, .T. ) ;
#267 = ORIENTED_EDGE ( 'NONE', *, *, #727, .F. ) ;
#268 = DIRECTION ( 'NONE',  ( -0.000000000000000000, -0.000000000000000000, 1.000000000000000000 ) ) ;
#269 = CARTESIAN_POINT ( 'NONE',  ( 3.130000000000001226, 0.8800000000000000044, -0.8499999999999994227 ) ) ;
#270 = CARTESIAN_POINT ( 'NONE',  ( -5.529999999999999361, 1.339999999999996527, 2.725000000000000089 ) ) ;
#271 = CARTESIAN_POINT ( 'NONE',  ( 4.915538477238712289, 0.8800000000000000044, -2.730000000000000426 ) ) ;
#272 = CARTESIAN_POINT ( 'NONE',  ( -3.109999999999999432, 0.000000000000000000, 3.365000000000000213 ) ) ;
#273 = EDGE_CURVE ( 'NONE', #1043, #431, #963, .T. ) ;
#274 = VERTEX_POINT ( 'NONE', #319 ) ;
#275 = CARTESIAN_POINT ( 'NONE',  ( -4.729999999999999538, 0.9399999999999997247, -2.725000000000000089 ) ) ;
#276 = PRODUCT_DEFINITION_SHAPE ( 'NONE', 'NONE',  #1356 ) ;
#277 = PLANE ( 'NONE',  #1176 ) ;
#278 = DIRECTION ( 'NONE',  ( 0.000000000000000000, 0.000000000000000000, 1.000000000000000000 ) ) ;
#279 =( NAMED_UNIT ( * ) SI_UNIT ( $, .STERADIAN. ) SOLID_ANGLE_UNIT ( ) );
#280 = EDGE_CURVE ( 'NONE', #362, #518, #1349, .T. ) ;
#281 = DIRECTION ( 'NONE',  ( -1.000000000000000000, -0.000000000000000000, -0.000000000000000000 ) ) ;
#282 = EDGE_LOOP ( 'NONE', ( #788, #1707, #651, #214 ) ) ;
#283 = VECTOR ( 'NONE', #1633, 1000.000000000000000 ) ;
#284 = ORIENTED_EDGE ( 'NONE', *, *, #1556, .F. ) ;
#285 = PLANE ( 'NONE',  #255 ) ;
#286 = MECHANICAL_DESIGN_GEOMETRIC_PRESENTATION_REPRESENTATION (  '', ( #1238 ), #1595 ) ;
#287 = AXIS2_PLACEMENT_3D ( 'NONE', #769, #902, #477 ) ;
#288 = EDGE_CURVE ( 'NONE', #1172, #146, #65, .T. ) ;
#289 = DIRECTION ( 'NONE',  ( 0.000000000000000000, 0.000000000000000000, 1.000000000000000000 ) ) ;
#290 = CIRCLE ( 'NONE', #164, 0.1999999999999996503 ) ;
#291 = VECTOR ( 'NONE', #1436, 1000.000000000000000 ) ;
#292 = DIRECTION ( 'NONE',  ( 0.000000000000000000, -1.000000000000000000, 0.000000000000000000 ) ) ;
#293 = COLOUR_RGB ( '',0.4980392156862745168, 0.4980392156862745168, 0.4980392156862745168 ) ;
#294 = LINE ( 'NONE', #5, #291 ) ;
#295 = DIRECTION ( 'NONE',  ( -0.000000000000000000, -0.000000000000000000, -1.000000000000000000 ) ) ;
#296 = ORIENTED_EDGE ( 'NONE', *, *, #366, .T. ) ;
#297 = VERTEX_POINT ( 'NONE', #1755 ) ;
#298 = CARTESIAN_POINT ( 'NONE',  ( 3.130000000000000338, 0.8800000000000000044, 1.000000000000000444 ) ) ;
#299 = CARTESIAN_POINT ( 'NONE',  ( -4.929999999999999716, 0.2300000000000028133, -2.725000000000000089 ) ) ;
#300 = LINE ( 'NONE', #970, #1305 ) ;
#301 = FILL_AREA_STYLE ('',( #1296 ) ) ;
#302 = EDGE_CURVE ( 'NONE', #386, #60, #776, .T. ) ;
#303 = FACE_OUTER_BOUND ( 'NONE', #1131, .T. ) ;
#304 = EDGE_CURVE ( 'NONE', #663, #1488, #1474, .T. ) ;
#305 = CARTESIAN_POINT ( 'NONE',  ( 3.915538477238713622, 0.8800000000000000044, 1.729999999999999982 ) ) ;
#306 = ORIENTED_EDGE ( 'NONE', *, *, #179, .F. ) ;
#307 = ORIENTED_EDGE ( 'NONE', *, *, #467, .F. ) ;
#308 = DIRECTION ( 'NONE',  ( 1.000000000000000000, 0.000000000000000000, 0.000000000000000000 ) ) ;
#309 = CARTESIAN_POINT ( 'NONE',  ( -4.929999999999999716, 0.9399999999999983924, 2.725000000000000089 ) ) ;
#310 = FACE_OUTER_BOUND ( 'NONE', #245, .T. ) ;
#311 = DIRECTION ( 'NONE',  ( 1.000000000000000000, 0.000000000000000000, 0.000000000000000000 ) ) ;
#312 = EDGE_LOOP ( 'NONE', ( #423, #984, #1508, #682 ) ) ;
#313 = AXIS2_PLACEMENT_3D ( 'NONE', #1843, #1423, #1834 ) ;
#314 =( NAMED_UNIT ( * ) PLANE_ANGLE_UNIT ( ) SI_UNIT ( $, .RADIAN. ) );
#315 = SURFACE_STYLE_FILL_AREA ( #1591 ) ;
#316 = AXIS2_PLACEMENT_3D ( 'NONE', #3, #988, #1569 ) ;
#317 = DIRECTION ( 'NONE',  ( 0.000000000000000000, 1.000000000000000000, 0.000000000000000000 ) ) ;
#318 = ORIENTED_EDGE ( 'NONE', *, *, #601, .T. ) ;
#319 = CARTESIAN_POINT ( 'NONE',  ( -5.729999999999999538, 0.4299999999999998268, -2.725000000000000089 ) ) ;
#320 = EDGE_CURVE ( 'NONE', #1652, #1181, #334, .T. ) ;
#321 = ORIENTED_EDGE ( 'NONE', *, *, #232, .F. ) ;
#322 = ADVANCED_FACE ( 'NONE', ( #873 ), #1190, .F. ) ;
#323 = LINE ( 'NONE', #889, #1455 ) ;
#324 = PLANE ( 'NONE',  #1623 ) ;
#325 = DIRECTION ( 'NONE',  ( -0.000000000000000000, 0.000000000000000000, 1.000000000000000000 ) ) ;
#326 = ORIENTED_EDGE ( 'NONE', *, *, #800, .F. ) ;
#327 = DIRECTION ( 'NONE',  ( 0.000000000000000000, 0.000000000000000000, -1.000000000000000000 ) ) ;
#328 = EDGE_CURVE ( 'NONE', #877, #274, #731, .T. ) ;
#329 = CARTESIAN_POINT ( 'NONE',  ( -3.109999999999999432, 1.739999999999999769, 1.845000000000000195 ) ) ;
#330 = EDGE_LOOP ( 'NONE', ( #81, #96, #445, #7 ) ) ;
#331 = CARTESIAN_POINT ( 'NONE',  ( -5.330000000000001847, -0.1700000000000000400, -2.725000000000000089 ) ) ;
#332 = CARTESIAN_POINT ( 'NONE',  ( -5.129999999999996341, 1.739999999999999769, 2.725000000000000089 ) ) ;
#333 = DIRECTION ( 'NONE',  ( 0.000000000000000000, 1.000000000000000000, 0.000000000000000000 ) ) ;
#334 = LINE ( 'NONE', #914, #1092 ) ;
#335 = ADVANCED_FACE ( 'NONE', ( #193 ), #1065, .F. ) ;
#336 = ORIENTED_EDGE ( 'NONE', *, *, #240, .T. ) ;
#337 = ORIENTED_EDGE ( 'NONE', *, *, #1475, .F. ) ;
#338 =( LENGTH_UNIT ( ) NAMED_UNIT ( * ) SI_UNIT ( .MILLI., .METRE. ) );
#339 = EDGE_LOOP ( 'NONE', ( #596, #903, #26, #1529 ) ) ;
#340 = DIRECTION ( 'NONE',  ( 0.000000000000000000, -1.000000000000000000, 0.000000000000000000 ) ) ;
#341 = PLANE ( 'NONE',  #792 ) ;
#342 = VERTEX_POINT ( 'NONE', #38 ) ;
#343 = CARTESIAN_POINT ( 'NONE',  ( 0.000000000000000000, 0.000000000000000000, 0.000000000000000000 ) ) ;
#344 = CIRCLE ( 'NONE', #1145, 0.2500000000000000555 ) ;
#345 = DIRECTION ( 'NONE',  ( 0.000000000000000000, 0.000000000000000000, 1.000000000000000000 ) ) ;
#346 = VECTOR ( 'NONE', #690, 1000.000000000000000 ) ;
#347 = ORIENTED_EDGE ( 'NONE', *, *, #288, .F. ) ;
#348 = VECTOR ( 'NONE', #1077, 1000.000000000000000 ) ;
#349 = VECTOR ( 'NONE', #541, 1000.000000000000000 ) ;
#350 = DIRECTION ( 'NONE',  ( -0.000000000000000000, -0.000000000000000000, -1.000000000000000000 ) ) ;
#351 = VECTOR ( 'NONE', #1547, 1000.000000000000000 ) ;
#352 = ORIENTED_EDGE ( 'NONE', *, *, #515, .F. ) ;
#353 = CARTESIAN_POINT ( 'NONE',  ( -4.929999999999999716, 0.9399999999999983924, -2.725000000000000089 ) ) ;
#354 = ORIENTED_EDGE ( 'NONE', *, *, #456, .T. ) ;
#355 = ORIENTED_EDGE ( 'NONE', *, *, #656, .T. ) ;
#356 = VERTEX_POINT ( 'NONE', #1174 ) ;
#357 = LINE ( 'NONE', #919, #1177 ) ;
#358 = EDGE_CURVE ( 'NONE', #631, #670, #184, .T. ) ;
#359 = CARTESIAN_POINT ( 'NONE',  ( -5.330000000000000071, 0.2299999999999999545, -2.725000000000000089 ) ) ;
#360 = LINE ( 'NONE', #540, #1453 ) ;
#361 = LINE ( 'NONE', #1789, #909 ) ;
#362 = VERTEX_POINT ( 'NONE', #1762 ) ;
#363 = CYLINDRICAL_SURFACE ( 'NONE', #1626, 0.2000000000000005107 ) ;
#364 = ORIENTED_EDGE ( 'NONE', *, *, #139, .F. ) ;
#365 =( LENGTH_UNIT ( ) NAMED_UNIT ( * ) SI_UNIT ( .MILLI., .METRE. ) );
#366 = EDGE_CURVE ( 'NONE', #975, #342, #484, .T. ) ;
#367 = CARTESIAN_POINT ( 'NONE',  ( 4.915538477238712289, 0.000000000000000000, 2.730000000000000426 ) ) ;
#368 = FILL_AREA_STYLE_COLOUR ( '', #1747 ) ;
#369 = EDGE_CURVE ( 'NONE', #1477, #1284, #1311, .T. ) ;
#370 = ORIENTED_EDGE ( 'NONE', *, *, #952, .T. ) ;
#371 = CARTESIAN_POINT ( 'NONE',  ( -0.6100000000000003197, 2.299999999999999822, 0.000000000000000000 ) ) ;
#372 = ORIENTED_EDGE ( 'NONE', *, *, #99, .T. ) ;
#373 = CARTESIAN_POINT ( 'NONE',  ( 3.130000000000001226, 0.8800000000000000044, 0.8500000000000005329 ) ) ;
#374 = VERTEX_POINT ( 'NONE', #595 ) ;
#375 = CYLINDRICAL_SURFACE ( 'NONE', #491, 0.4000000000000001887 ) ;
#376 = LINE ( 'NONE', #367, #874 ) ;
#377 = COLOUR_RGB ( '',0.4980392156862745168, 0.4980392156862745168, 0.4980392156862745168 ) ;
#378 = UNCERTAINTY_MEASURE_WITH_UNIT (LENGTH_MEASURE( 1.000000000000000082E-05 ), #644, 'distance_accuracy_value', 'NONE');
#379 =( NAMED_UNIT ( * ) PLANE_ANGLE_UNIT ( ) SI_UNIT ( $, .RADIAN. ) );
#380 = VECTOR ( 'NONE', #1684, 1000.000000000000000 ) ;
#381 = AXIS2_PLACEMENT_3D ( 'NONE', #1147, #6, #422 ) ;
#382 = VERTEX_POINT ( 'NONE', #893 ) ;
#383 = AXIS2_PLACEMENT_3D ( 'NONE', #1590, #472, #1325 ) ;
#384 = CARTESIAN_POINT ( 'NONE',  ( -5.729999999999999538, 0.4299999999999998268, 2.725000000000000089 ) ) ;
#385 = EDGE_CURVE ( 'NONE', #1847, #1662, #1624, .T. ) ;
#386 = VERTEX_POINT ( 'NONE', #1166 ) ;
#387 = ORIENTED_EDGE ( 'NONE', *, *, #139, .T. ) ;
#388 = DIRECTION ( 'NONE',  ( -0.000000000000000000, 1.000000000000000000, -0.000000000000000000 ) ) ;
#389 = EDGE_CURVE ( 'NONE', #1497, #653, #1737, .T. ) ;
#390 = PLANE ( 'NONE',  #796 ) ;
#391 = CARTESIAN_POINT ( 'NONE',  ( -5.330000000000001847, -0.1700000000000000400, -1.844999999999999973 ) ) ;
#392 = ORIENTED_EDGE ( 'NONE', *, *, #1466, .T. ) ;
#393 = EDGE_LOOP ( 'NONE', ( #838, #1420, #10, #1002 ) ) ;
#394 = DIRECTION ( 'NONE',  ( -1.000000000000000000, -0.000000000000000000, -2.401947532336440402E-16 ) ) ;
#395 = DIRECTION ( 'NONE',  ( -1.338521200599389420E-16, 1.000000000000000000, 0.000000000000000000 ) ) ;
#396 = FACE_OUTER_BOUND ( 'NONE', #24, .T. ) ;
#397 = LINE ( 'NONE', #1527, #1596 ) ;
#398 = VERTEX_POINT ( 'NONE', #1820 ) ;
#399 = CARTESIAN_POINT ( 'NONE',  ( -6.039999999999998259, 0.4299999999999997713, -1.844999999999999973 ) ) ;
#400 = LINE ( 'NONE', #545, #645 ) ;
#401 = DIRECTION ( 'NONE',  ( -1.000000000000000000, 0.000000000000000000, 0.000000000000000000 ) ) ;
#402 = EDGE_CURVE ( 'NONE', #1237, #535, #360, .T. ) ;
#403 = VECTOR ( 'NONE', #1090, 1000.000000000000000 ) ;
#404 = ORIENTED_EDGE ( 'NONE', *, *, #1566, .F. ) ;
#405 = ORIENTED_EDGE ( 'NONE', *, *, #872, .F. ) ;
#406 = COLOUR_RGB ( '',0.7921568627450980005, 0.8196078431372548767, 0.9333333333333333481 ) ;
#407 = VECTOR ( 'NONE', #327, 1000.000000000000000 ) ;
#408 = AXIS2_PLACEMENT_3D ( 'NONE', #331, #723, #744 ) ;
#409 = STYLED_ITEM ( 'NONE', ( #928 ), #503 ) ;
#410 = CARTESIAN_POINT ( 'NONE',  ( -3.109999999999999432, 1.739999999999999769, 2.725000000000000089 ) ) ;
#411 = CARTESIAN_POINT ( 'NONE',  ( 4.915538477238712289, 0.000000000000000000, 2.730000000000000426 ) ) ;
#412 = CARTESIAN_POINT ( 'NONE',  ( -5.529999999999999361, 1.339999999999996527, 1.844999999999999973 ) ) ;
#413 = EDGE_CURVE ( 'NONE', #1225, #1790, #1685, .T. ) ;
#414 = PRESENTATION_STYLE_ASSIGNMENT (( #694 ) ) ;
#415 = DIRECTION ( 'NONE',  ( -0.000000000000000000, -0.000000000000000000, 1.000000000000000000 ) ) ;
#416 = ORIENTED_EDGE ( 'NONE', *, *, #1794, .F. ) ;
#417 = ORIENTED_EDGE ( 'NONE', *, *, #1466, .F. ) ;
#418 = CARTESIAN_POINT ( 'NONE',  ( 3.109999999999999432, 0.000000000000000000, -3.365000000000000657 ) ) ;
#419 = PLANE ( 'NONE',  #313 ) ;
#420 = CARTESIAN_POINT ( 'NONE',  ( -4.929999999999999716, 0.2300000000000028133, 1.844999999999999973 ) ) ;
#421 = DIRECTION ( 'NONE',  ( 1.288799016327493985E-16, 0.000000000000000000, 1.000000000000000000 ) ) ;
#422 = DIRECTION ( 'NONE',  ( 1.000000000000000000, 0.000000000000000000, 0.000000000000000000 ) ) ;
#423 = ORIENTED_EDGE ( 'NONE', *, *, #861, .T. ) ;
#424 = ORIENTED_EDGE ( 'NONE', *, *, #1437, .F. ) ;
#425 = VERTEX_POINT ( 'NONE', #1220 ) ;
#426 = CARTESIAN_POINT ( 'NONE',  ( -3.109999999999999432, 1.739999999999999769, -1.844999999999999973 ) ) ;
#427 = FACE_OUTER_BOUND ( 'NONE', #807, .T. ) ;
#428 = PLANE ( 'NONE',  #1398 ) ;
#429 = LINE ( 'NONE', #271, #351 ) ;
#430 = CARTESIAN_POINT ( 'NONE',  ( -3.109999999999999432, 1.739999999999999769, -2.725000000000000089 ) ) ;
#431 = VERTEX_POINT ( 'NONE', #242 ) ;
#432 = PRESENTATION_LAYER_ASSIGNMENT (  '', '', ( #1238 ) ) ;
#433 = EDGE_CURVE ( 'NONE', #1242, #1447, #397, .T. ) ;
#434 = STYLED_ITEM ( 'NONE', ( #444 ), #1369 ) ;
#435 = PRESENTATION_STYLE_ASSIGNMENT (( #1576 ) ) ;
#436 = EDGE_CURVE ( 'NONE', #1504, #237, #1149, .T. ) ;
#437 = PRODUCT_DEFINITION_CONTEXT ( 'detailed design', #1339, 'design' ) ;
#438 = PLANE ( 'NONE',  #583 ) ;
#439 = DIRECTION ( 'NONE',  ( -1.221636250687900270E-15, 1.000000000000000000, 0.000000000000000000 ) ) ;
#440 = VECTOR ( 'NONE', #1288, 1000.000000000000000 ) ;
#441 = DIRECTION ( 'NONE',  ( -0.000000000000000000, -0.000000000000000000, -1.000000000000000000 ) ) ;
#442 = DIRECTION ( 'NONE',  ( 0.000000000000000000, 0.000000000000000000, 1.000000000000000000 ) ) ;
#443 = ORIENTED_EDGE ( 'NONE', *, *, #533, .F. ) ;
#444 = PRESENTATION_STYLE_ASSIGNMENT (( #622 ) ) ;
#445 = ORIENTED_EDGE ( 'NONE', *, *, #817, .T. ) ;
#446 = SURFACE_STYLE_USAGE ( .BOTH. , #598 ) ;
#447 = CARTESIAN_POINT ( 'NONE',  ( 3.915538477238713622, 0.000000000000000000, -1.729999999999999982 ) ) ;
#448 = DIRECTION ( 'NONE',  ( 1.000000000000000000, 0.000000000000000000, -1.288799016327493985E-16 ) ) ;
#449 = CARTESIAN_POINT ( 'NONE',  ( -3.109999999999999432, 1.739999999999999769, 0.4400000000000000022 ) ) ;
#450 = DIRECTION ( 'NONE',  ( -0.000000000000000000, -0.000000000000000000, -1.000000000000000000 ) ) ;
#451 = VERTEX_POINT ( 'NONE', #534 ) ;
#452 = CARTESIAN_POINT ( 'NONE',  ( -3.109999999999999432, 1.139999999999999902, 0.4400000000000000022 ) ) ;
#453 =( NAMED_UNIT ( * ) SI_UNIT ( $, .STERADIAN. ) SOLID_ANGLE_UNIT ( ) );
#454 = CARTESIAN_POINT ( 'NONE',  ( -0.6100000000000003197, 2.299999999999999822, -0.2500000000000000555 ) ) ;
#455 = CARTESIAN_POINT ( 'NONE',  ( 3.129999999999999449, 0.000000000000000000, -0.9999999999999993339 ) ) ;
#456 = EDGE_CURVE ( 'NONE', #83, #1652, #111, .T. ) ;
#457 = DIRECTION ( 'NONE',  ( 5.013651664672852110E-16, 0.000000000000000000, -1.000000000000000000 ) ) ;
#458 = ORIENTED_EDGE ( 'NONE', *, *, #864, .F. ) ;
#459 = VECTOR ( 'NONE', #1742, 1000.000000000000000 ) ;
#460 = LINE ( 'NONE', #1470, #1537 ) ;
#461 = LINE ( 'NONE', #160, #1246 ) ;
#462 = COLOUR_RGB ( '',0.4980392156862745168, 0.4980392156862745168, 0.4980392156862745168 ) ;
#463 = AXIS2_PLACEMENT_3D ( 'NONE', #604, #350, #639 ) ;
#464 = VECTOR ( 'NONE', #501, 1000.000000000000000 ) ;
#465 = MECHANICAL_DESIGN_GEOMETRIC_PRESENTATION_REPRESENTATION (  '', ( #1303 ), #681 ) ;
#466 =( LENGTH_UNIT ( ) NAMED_UNIT ( * ) SI_UNIT ( .MILLI., .METRE. ) );
#467 = EDGE_CURVE ( 'NONE', #146, #252, #1248, .T. ) ;
#468 = VERTEX_POINT ( 'NONE', #686 ) ;
#469 = CARTESIAN_POINT ( 'NONE',  ( -0.6100000000000003197, 2.299999999999999822, -0.2500000000000000555 ) ) ;
#470 = DIRECTION ( 'NONE',  ( 0.000000000000000000, 0.000000000000000000, -1.000000000000000000 ) ) ;
#471 = ORIENTED_EDGE ( 'NONE', *, *, #1152, .F. ) ;
#472 = DIRECTION ( 'NONE',  ( 0.000000000000000000, 1.000000000000000000, 0.000000000000000000 ) ) ;
#473 = CYLINDRICAL_SURFACE ( 'NONE', #1593, 0.4000000000000001887 ) ;
#474 = CARTESIAN_POINT ( 'NONE',  ( -4.929999999999999716, 0.9399999999999983924, -1.844999999999999973 ) ) ;
#475 = EDGE_CURVE ( 'NONE', #1263, #1019, #1803, .T. ) ;
#476 = ORIENTED_EDGE ( 'NONE', *, *, #232, .T. ) ;
#477 = DIRECTION ( 'NONE',  ( 0.000000000000000000, -0.000000000000000000, -1.000000000000000000 ) ) ;
#478 = EDGE_LOOP ( 'NONE', ( #1352, #1371, #865, #1788 ) ) ;
#479 = EDGE_LOOP ( 'NONE', ( #337, #1203, #808, #1640 ) ) ;
#480 = DIRECTION ( 'NONE',  ( 1.000000000000000000, 0.000000000000000000, 0.000000000000000000 ) ) ;
#481 = LINE ( 'NONE', #1338, #1514 ) ;
#482 = LINE ( 'NONE', #1725, #708 ) ;
#483 = ORIENTED_EDGE ( 'NONE', *, *, #712, .F. ) ;
#484 = LINE ( 'NONE', #1746, #191 ) ;
#485 = CARTESIAN_POINT ( 'NONE',  ( -4.929999999999999716, 0.9399999999999983924, 2.725000000000000089 ) ) ;
#486 = VERTEX_POINT ( 'NONE', #676 ) ;
#487 = EDGE_CURVE ( 'NONE', #237, #119, #1786, .T. ) ;
#488 = VERTEX_POINT ( 'NONE', #75 ) ;
#489 = ORIENTED_EDGE ( 'NONE', *, *, #1113, .F. ) ;
#490 = DIRECTION ( 'NONE',  ( 1.000000000000000000, 0.000000000000000000, 0.000000000000000000 ) ) ;
#491 = AXIS2_PLACEMENT_3D ( 'NONE', #1226, #775, #91 ) ;
#492 = ADVANCED_FACE ( 'NONE', ( #650 ), #1649, .T. ) ;
#493 = DIRECTION ( 'NONE',  ( -0.000000000000000000, -0.000000000000000000, 1.000000000000000000 ) ) ;
#494 =( GEOMETRIC_REPRESENTATION_CONTEXT ( 3 ) GLOBAL_UNCERTAINTY_ASSIGNED_CONTEXT ( ( #1314 ) ) GLOBAL_UNIT_ASSIGNED_CONTEXT ( ( #758, #581, #1708 ) ) REPRESENTATION_CONTEXT ( 'NONE', 'WORKASPACE' ) );
#495 = CIRCLE ( 'NONE', #1116, 0.2000000000000005107 ) ;
#496 =( GEOMETRIC_REPRESENTATION_CONTEXT ( 3 ) GLOBAL_UNCERTAINTY_ASSIGNED_CONTEXT ( ( #148 ) ) GLOBAL_UNIT_ASSIGNED_CONTEXT ( ( #338, #1377, #1651 ) ) REPRESENTATION_CONTEXT ( 'NONE', 'WORKASPACE' ) );
#497 = VERTEX_POINT ( 'NONE', #1076 ) ;
#498 = DIRECTION ( 'NONE',  ( -0.000000000000000000, 1.000000000000000000, -0.000000000000000000 ) ) ;
#499 = AXIS2_PLACEMENT_3D ( 'NONE', #1206, #1391, #946 ) ;
#500 = VERTEX_POINT ( 'NONE', #224 ) ;
#501 = DIRECTION ( 'NONE',  ( -0.000000000000000000, 1.000000000000000000, -0.000000000000000000 ) ) ;
#502 = ORIENTED_EDGE ( 'NONE', *, *, #665, .F. ) ;
#503 = ADVANCED_FACE ( 'NONE', ( #1642, #1511 ), #947, .T. ) ;
#504 = DIRECTION ( 'NONE',  ( 0.000000000000000000, 0.000000000000000000, -1.000000000000000000 ) ) ;
#505 = ORIENTED_EDGE ( 'NONE', *, *, #748, .T. ) ;
#506 = CARTESIAN_POINT ( 'NONE',  ( 3.130000000000001226, 0.8800000000000000044, 0.8500000000000005329 ) ) ;
#507 = CARTESIAN_POINT ( 'NONE',  ( 3.130000000000001226, 0.000000000000000000, 0.8500000000000005329 ) ) ;
#508 = VERTEX_POINT ( 'NONE', #250 ) ;
#509 = DIRECTION ( 'NONE',  ( 0.000000000000000000, 0.000000000000000000, 1.000000000000000000 ) ) ;
#510 = VERTEX_POINT ( 'NONE', #818 ) ;
#511 = CARTESIAN_POINT ( 'NONE',  ( -5.729999999999998650, 0.6299999999999996714, -2.725000000000000089 ) ) ;
#512 = ORIENTED_EDGE ( 'NONE', *, *, #1669, .T. ) ;
#513 = LINE ( 'NONE', #1526, #1836 ) ;
#514 = ADVANCED_FACE ( 'NONE', ( #1117, #989 ), #1261, .F. ) ;
#515 = EDGE_CURVE ( 'NONE', #374, #362, #1691, .T. ) ;
#516 = EDGE_LOOP ( 'NONE', ( #1080, #321, #789, #1334, #185, #1214, #1039, #1728, #1148, #904, #1506, #112 ) ) ;
#517 = SURFACE_STYLE_USAGE ( .BOTH. , #1222 ) ;
#518 = VERTEX_POINT ( 'NONE', #1676 ) ;
#519 = ORIENTED_EDGE ( 'NONE', *, *, #182, .F. ) ;
#520 = DIRECTION ( 'NONE',  ( 0.000000000000000000, 0.000000000000000000, 1.000000000000000000 ) ) ;
#521 = DIRECTION ( 'NONE',  ( -0.000000000000000000, -0.000000000000000000, 1.000000000000000000 ) ) ;
#522 = MECHANICAL_DESIGN_GEOMETRIC_PRESENTATION_REPRESENTATION (  '', ( #937 ), #494 ) ;
#523 = AXIS2_PLACEMENT_3D ( 'NONE', #275, #268, #813 ) ;
#524 = VECTOR ( 'NONE', #1041, 1000.000000000000000 ) ;
#525 = ORIENTED_EDGE ( 'NONE', *, *, #839, .T. ) ;
#526 = VECTOR ( 'NONE', #1710, 1000.000000000000000 ) ;
#527 = PRESENTATION_LAYER_ASSIGNMENT (  '', '', ( #409 ) ) ;
#528 = PLANE ( 'NONE',  #383 ) ;
#529 = ORIENTED_EDGE ( 'NONE', *, *, #1690, .F. ) ;
#530 =( GEOMETRIC_REPRESENTATION_CONTEXT ( 3 ) GLOBAL_UNCERTAINTY_ASSIGNED_CONTEXT ( ( #41 ) ) GLOBAL_UNIT_ASSIGNED_CONTEXT ( ( #1037, #1733, #55 ) ) REPRESENTATION_CONTEXT ( 'NONE', 'WORKASPACE' ) );
#531 = ORIENTED_EDGE ( 'NONE', *, *, #1006, .T. ) ;
#532 = FACE_OUTER_BOUND ( 'NONE', #1757, .T. ) ;
#533 = EDGE_CURVE ( 'NONE', #1767, #1347, #429, .T. ) ;
#534 = CARTESIAN_POINT ( 'NONE',  ( -0.6100000000000003197, 2.299999999999999822, 0.2500000000000000555 ) ) ;
#535 = VERTEX_POINT ( 'NONE', #844 ) ;
#536 = CARTESIAN_POINT ( 'NONE',  ( -5.330000000000001847, -0.1700000000000001232, -2.725000000000000089 ) ) ;
#537 = ADVANCED_FACE ( 'NONE', ( #1580 ), #1697, .F. ) ;
#538 = CARTESIAN_POINT ( 'NONE',  ( -4.097244119223166336, 1.739999999999999769, 0.4400000000000000022 ) ) ;
#539 = CARTESIAN_POINT ( 'NONE',  ( -6.039999999999998259, -0.1700000000000000955, 2.725000000000000089 ) ) ;
#540 = CARTESIAN_POINT ( 'NONE',  ( -3.109999999999999432, 1.739999999999999769, 2.725000000000000089 ) ) ;
#541 = DIRECTION ( 'NONE',  ( -0.000000000000000000, 1.000000000000000000, -0.000000000000000000 ) ) ;
#542 = ORIENTED_EDGE ( 'NONE', *, *, #633, .T. ) ;
#543 = CARTESIAN_POINT ( 'NONE',  ( 3.129999999999999449, 0.8800000000000000044, -0.9999999999999993339 ) ) ;
#544 = EDGE_CURVE ( 'NONE', #386, #1242, #124, .T. ) ;
#545 = CARTESIAN_POINT ( 'NONE',  ( -5.529999999999999361, 1.339999999999996527, -2.725000000000000089 ) ) ;
#546 = CARTESIAN_POINT ( 'NONE',  ( -5.129999999999999005, 1.339999999999999636, 1.844999999999999973 ) ) ;
#547 = LINE ( 'NONE', #854, #440 ) ;
#548 = VECTOR ( 'NONE', #1104, 1000.000000000000000 ) ;
#549 = DIRECTION ( 'NONE',  ( -0.000000000000000000, 0.000000000000000000, -1.000000000000000000 ) ) ;
#550 = ORIENTED_EDGE ( 'NONE', *, *, #1235, .T. ) ;
#551 = VECTOR ( 'NONE', #571, 1000.000000000000000 ) ;
#552 = AXIS2_PLACEMENT_3D ( 'NONE', #660, #1503, #1234 ) ;
#553 = VECTOR ( 'NONE', #915, 1000.000000000000000 ) ;
#554 = AXIS2_PLACEMENT_3D ( 'NONE', #46, #448, #593 ) ;
#555 = EDGE_CURVE ( 'NONE', #398, #1263, #1845, .T. ) ;
#556 = CYLINDRICAL_SURFACE ( 'NONE', #523, 0.1999999999999996503 ) ;
#557 = ORIENTED_EDGE ( 'NONE', *, *, #358, .F. ) ;
#558 = CARTESIAN_POINT ( 'NONE',  ( 4.915538477238712289, 0.8800000000000000044, 2.730000000000000426 ) ) ;
#559 = DIRECTION ( 'NONE',  ( 1.000000000000000000, 7.635226566799368058E-17, -0.000000000000000000 ) ) ;
#560 = EDGE_CURVE ( 'NONE', #1019, #1504, #547, .T. ) ;
#561 = CARTESIAN_POINT ( 'NONE',  ( -3.110000000000000320, 2.549999999999999822, -3.365000000000000657 ) ) ;
#562 = DIRECTION ( 'NONE',  ( 1.000000000000000000, 0.000000000000000000, 0.000000000000000000 ) ) ;
#563 = ORIENTED_EDGE ( 'NONE', *, *, #1533, .F. ) ;
#564 = DIRECTION ( 'NONE',  ( 1.000000000000000000, 7.635226566799368058E-17, 0.000000000000000000 ) ) ;
#565 = PLANE ( 'NONE',  #961 ) ;
#566 = DIRECTION ( 'NONE',  ( 0.000000000000000000, 1.000000000000000000, 0.000000000000000000 ) ) ;
#567 = CARTESIAN_POINT ( 'NONE',  ( 3.110000000000000764, 0.8800000000000000044, 2.729999999999999982 ) ) ;
#568 = EDGE_CURVE ( 'NONE', #1847, #37, #294, .T. ) ;
#569 = DIRECTION ( 'NONE',  ( -1.000000000000000000, 0.000000000000000000, -2.168404344971010594E-16 ) ) ;
#570 = VERTEX_POINT ( 'NONE', #1838 ) ;
#571 = DIRECTION ( 'NONE',  ( -0.000000000000000000, -0.000000000000000000, -1.000000000000000000 ) ) ;
#572 = DIRECTION ( 'NONE',  ( -0.000000000000000000, 1.000000000000000000, -0.000000000000000000 ) ) ;
#573 = DIRECTION ( 'NONE',  ( 1.221636250687900270E-15, -1.000000000000000000, 0.000000000000000000 ) ) ;
#574 = CARTESIAN_POINT ( 'NONE',  ( -6.039999999999998259, 0.4299999999999997713, 2.725000000000000089 ) ) ;
#575 =( NAMED_UNIT ( * ) PLANE_ANGLE_UNIT ( ) SI_UNIT ( $, .RADIAN. ) );
#576 = DIRECTION ( 'NONE',  ( 0.000000000000000000, -1.000000000000000000, 0.000000000000000000 ) ) ;
#577 = ORIENTED_EDGE ( 'NONE', *, *, #691, .T. ) ;
#578 = AXIS2_PLACEMENT_3D ( 'NONE', #1279, #1561, #1258 ) ;
#579 = VECTOR ( 'NONE', #1782, 1000.000000000000000 ) ;
#580 = VECTOR ( 'NONE', #281, 1000.000000000000000 ) ;
#581 =( NAMED_UNIT ( * ) PLANE_ANGLE_UNIT ( ) SI_UNIT ( $, .RADIAN. ) );
#582 = ORIENTED_EDGE ( 'NONE', *, *, #167, .T. ) ;
#583 = AXIS2_PLACEMENT_3D ( 'NONE', #1162, #12, #998 ) ;
#584 = VECTOR ( 'NONE', #576, 1000.000000000000000 ) ;
#585 = CARTESIAN_POINT ( 'NONE',  ( 4.915538477238712289, 0.000000000000000000, -1.730000000000000204 ) ) ;
#586 = CARTESIAN_POINT ( 'NONE',  ( -5.330000000000001847, -0.1700000000000000400, 2.725000000000000089 ) ) ;
#587 = FILL_AREA_STYLE ('',( #135 ) ) ;
#588 = DIRECTION ( 'NONE',  ( -0.000000000000000000, -0.000000000000000000, 1.000000000000000000 ) ) ;
#589 = ORIENTED_EDGE ( 'NONE', *, *, #1313, .T. ) ;
#590 = EDGE_CURVE ( 'NONE', #398, #637, #836, .T. ) ;
#591 = LINE ( 'NONE', #897, #1713 ) ;
#592 = DIRECTION ( 'NONE',  ( -1.000000000000000000, -0.000000000000000000, 2.168404344971010594E-16 ) ) ;
#593 = DIRECTION ( 'NONE',  ( -1.288799016327493985E-16, 0.000000000000000000, -1.000000000000000000 ) ) ;
#594 = ORIENTED_EDGE ( 'NONE', *, *, #273, .F. ) ;
#595 = CARTESIAN_POINT ( 'NONE',  ( -4.097244119223166336, 1.139999999999999902, -0.4400000000000000022 ) ) ;
#596 = ORIENTED_EDGE ( 'NONE', *, *, #456, .F. ) ;
#597 = ADVANCED_FACE ( 'NONE', ( #1444, #303, #1297, #20 ), #1557, .F. ) ;
#598 = SURFACE_SIDE_STYLE ('',( #1731 ) ) ;
#599 = DIRECTION ( 'NONE',  ( 0.000000000000000000, -1.000000000000000000, 0.000000000000000000 ) ) ;
#600 = DIRECTION ( 'NONE',  ( -1.000000000000000000, 0.000000000000000000, 1.933198524491240731E-16 ) ) ;
#601 = EDGE_CURVE ( 'NONE', #670, #1378, #482, .T. ) ;
#602 = ORIENTED_EDGE ( 'NONE', *, *, #153, .F. ) ;
#603 = DIRECTION ( 'NONE',  ( 1.221636250687900270E-15, -1.000000000000000000, 0.000000000000000000 ) ) ;
#604 = CARTESIAN_POINT ( 'NONE',  ( -5.729999999999998650, 0.6299999999999996714, 2.725000000000000089 ) ) ;
#605 = ORIENTED_EDGE ( 'NONE', *, *, #973, .F. ) ;
#606 = CARTESIAN_POINT ( 'NONE',  ( -6.039999999999998259, 0.4299999999999997713, -2.725000000000000089 ) ) ;
#607 = ORIENTED_EDGE ( 'NONE', *, *, #712, .T. ) ;
#608 = EDGE_CURVE ( 'NONE', #1019, #653, #1165, .T. ) ;
#609 = CARTESIAN_POINT ( 'NONE',  ( 4.915538477238712289, 0.8800000000000000044, 1.730000000000000204 ) ) ;
#610 = CARTESIAN_POINT ( 'NONE',  ( -5.129999999999996341, 1.739999999999999769, -1.844999999999999973 ) ) ;
#611 = PRESENTATION_STYLE_ASSIGNMENT (( #1752 ) ) ;
#612 = VECTOR ( 'NONE', #1553, 1000.000000000000000 ) ;
#613 = AXIS2_PLACEMENT_3D ( 'NONE', #1046, #932, #1619 ) ;
#614 = VECTOR ( 'NONE', #942, 1000.000000000000000 ) ;
#615 = VECTOR ( 'NONE', #1253, 1000.000000000000000 ) ;
#616 = CARTESIAN_POINT ( 'NONE',  ( 3.110000000000000764, 0.000000000000000000, 2.729999999999998206 ) ) ;
#617 =( GEOMETRIC_REPRESENTATION_CONTEXT ( 3 ) GLOBAL_UNCERTAINTY_ASSIGNED_CONTEXT ( ( #986 ) ) GLOBAL_UNIT_ASSIGNED_CONTEXT ( ( #739, #174, #453 ) ) REPRESENTATION_CONTEXT ( 'NONE', 'WORKASPACE' ) );
#618 = ORIENTED_EDGE ( 'NONE', *, *, #402, .T. ) ;
#619 = EDGE_CURVE ( 'NONE', #508, #486, #1196, .T. ) ;
#620 = CARTESIAN_POINT ( 'NONE',  ( -4.729999999999999538, 0.9399999999999997247, 1.844999999999999973 ) ) ;
#621 = ORIENTED_EDGE ( 'NONE', *, *, #1389, .F. ) ;
#622 = SURFACE_STYLE_USAGE ( .BOTH. , #1729 ) ;
#623 = ORIENTED_EDGE ( 'NONE', *, *, #263, .T. ) ;
#624 = DIRECTION ( 'NONE',  ( -1.000000000000000000, -1.748713181428240449E-16, 0.000000000000000000 ) ) ;
#625 = DIRECTION ( 'NONE',  ( -1.000000000000000000, 0.000000000000000000, 0.000000000000000000 ) ) ;
#626 = SURFACE_SIDE_STYLE ('',( #1164 ) ) ;
#627 = CARTESIAN_POINT ( 'NONE',  ( -5.529999999999999361, 1.339999999999996527, 2.725000000000000089 ) ) ;
#628 = ORIENTED_EDGE ( 'NONE', *, *, #1441, .T. ) ;
#629 = CARTESIAN_POINT ( 'NONE',  ( -3.109999999999999432, 1.139999999999999902, 2.725000000000000089 ) ) ;
#630 = ADVANCED_FACE ( 'NONE', ( #1007 ), #901, .T. ) ;
#631 = VERTEX_POINT ( 'NONE', #756 ) ;
#632 = EDGE_LOOP ( 'NONE', ( #1199, #458, #1502, #1718 ) ) ;
#633 = EDGE_CURVE ( 'NONE', #535, #641, #1120, .T. ) ;
#634 = ORIENTED_EDGE ( 'NONE', *, *, #1683, .F. ) ;
#635 = ORIENTED_EDGE ( 'NONE', *, *, #695, .T. ) ;
#636 =( NAMED_UNIT ( * ) SI_UNIT ( $, .STERADIAN. ) SOLID_ANGLE_UNIT ( ) );
#637 = VERTEX_POINT ( 'NONE', #616 ) ;
#638 = DIRECTION ( 'NONE',  ( -1.000000000000000000, -0.000000000000000000, -0.000000000000000000 ) ) ;
#639 = DIRECTION ( 'NONE',  ( 1.000000000000000000, 0.000000000000000000, 0.000000000000000000 ) ) ;
#640 = EDGE_LOOP ( 'NONE', ( #253, #97, #774, #1668 ) ) ;
#641 = VERTEX_POINT ( 'NONE', #627 ) ;
#642 = CARTESIAN_POINT ( 'NONE',  ( -6.039999999999998259, -0.1700000000000000955, 1.844999999999999973 ) ) ;
#643 = VERTEX_POINT ( 'NONE', #1481 ) ;
#644 =( LENGTH_UNIT ( ) NAMED_UNIT ( * ) SI_UNIT ( .MILLI., .METRE. ) );
#645 = VECTOR ( 'NONE', #573, 1000.000000000000000 ) ;
#646 = CARTESIAN_POINT ( 'NONE',  ( 4.915538477238712289, 0.8800000000000000044, -1.730000000000000204 ) ) ;
#647 = VECTOR ( 'NONE', #498, 1000.000000000000000 ) ;
#648 = VECTOR ( 'NONE', #1035, 1000.000000000000000 ) ;
#649 = AXIS2_PLACEMENT_3D ( 'NONE', #746, #36, #603 ) ;
#650 = FACE_OUTER_BOUND ( 'NONE', #1754, .T. ) ;
#651 = ORIENTED_EDGE ( 'NONE', *, *, #633, .F. ) ;
#652 = DIRECTION ( 'NONE',  ( 0.000000000000000000, 1.000000000000000000, 0.000000000000000000 ) ) ;
#653 = VERTEX_POINT ( 'NONE', #1341 ) ;
#654 = CARTESIAN_POINT ( 'NONE',  ( 4.915538477238712289, 0.000000000000000000, -2.730000000000000426 ) ) ;
#655 = ORIENTED_EDGE ( 'NONE', *, *, #1405, .T. ) ;
#656 = EDGE_CURVE ( 'NONE', #137, #510, #19, .T. ) ;
#657 = DIRECTION ( 'NONE',  ( -0.000000000000000000, -0.000000000000000000, 1.000000000000000000 ) ) ;
#658 = EDGE_LOOP ( 'NONE', ( #178, #751, #424, #733, #66, #968, #207, #443, #1677, #416, #1322, #1260, #1239, #126 ) ) ;
#659 = ADVANCED_BREP_SHAPE_REPRESENTATION ( 'LM1117DTX-5.0NOPB', ( #1324, #1574 ), #1810 ) ;
#660 = CARTESIAN_POINT ( 'NONE',  ( -5.129999999999999005, 1.339999999999999636, 1.844999999999999973 ) ) ;
#661 = ORIENTED_EDGE ( 'NONE', *, *, #1342, .T. ) ;
#662 = CARTESIAN_POINT ( 'NONE',  ( 3.280000000000001137, 0.8800000000000000044, 0.8499999999999994227 ) ) ;
#663 = VERTEX_POINT ( 'NONE', #454 ) ;
#664 = ORIENTED_EDGE ( 'NONE', *, *, #1460, .F. ) ;
#665 = EDGE_CURVE ( 'NONE', #877, #570, #56, .T. ) ;
#666 = CARTESIAN_POINT ( 'NONE',  ( -4.097244119223166336, 1.739999999999999769, 0.4400000000000000022 ) ) ;
#667 = CARTESIAN_POINT ( 'NONE',  ( -3.109999999999999432, 1.739999999999999769, -2.725000000000000089 ) ) ;
#668 = DIRECTION ( 'NONE',  ( 1.000000000000000000, 7.635226566799368058E-17, 0.000000000000000000 ) ) ;
#669 = ORIENTED_EDGE ( 'NONE', *, *, #217, .F. ) ;
#670 = VERTEX_POINT ( 'NONE', #884 ) ;
#671 = LINE ( 'NONE', #1518, #1299 ) ;
#672 = ADVANCED_FACE ( 'NONE', ( #1464 ), #1048, .T. ) ;
#673 = CARTESIAN_POINT ( 'NONE',  ( -6.039999999999998259, -0.1700000000000000955, -1.844999999999999973 ) ) ;
#674 = AXIS2_PLACEMENT_3D ( 'NONE', #359, #657, #784 ) ;
#675 = AXIS2_PLACEMENT_3D ( 'NONE', #1748, #470, #1608 ) ;
#676 = CARTESIAN_POINT ( 'NONE',  ( -4.929999999999999716, 0.9399999999999983924, -1.844999999999999973 ) ) ;
#677 = CIRCLE ( 'NONE', #1773, 0.4000000000000001887 ) ;
#678 = VECTOR ( 'NONE', #1403, 1000.000000000000000 ) ;
#679 = ADVANCED_FACE ( 'NONE', ( #175 ), #891, .T. ) ;
#680 = EDGE_LOOP ( 'NONE', ( #1358, #306, #892, #90 ) ) ;
#681 =( GEOMETRIC_REPRESENTATION_CONTEXT ( 3 ) GLOBAL_UNCERTAINTY_ASSIGNED_CONTEXT ( ( #880 ) ) GLOBAL_UNIT_ASSIGNED_CONTEXT ( ( #1136, #575, #279 ) ) REPRESENTATION_CONTEXT ( 'NONE', 'WORKASPACE' ) );
#682 = ORIENTED_EDGE ( 'NONE', *, *, #1594, .T. ) ;
#683 = CARTESIAN_POINT ( 'NONE',  ( -6.039999999999998259, -0.1700000000000000955, 2.725000000000000089 ) ) ;
#684 = CARTESIAN_POINT ( 'NONE',  ( -5.330000000000000071, 0.2299999999999999545, 1.844999999999999973 ) ) ;
#685 = LINE ( 'NONE', #261, #1119 ) ;
#686 = CARTESIAN_POINT ( 'NONE',  ( -4.729999999999997762, 1.139999999999999680, 1.844999999999999973 ) ) ;
#687 = LINE ( 'NONE', #53, #1832 ) ;
#688 = ADVANCED_FACE ( 'NONE', ( #1171 ), #1743, .T. ) ;
#689 = ORIENTED_EDGE ( 'NONE', *, *, #1030, .T. ) ;
#690 = DIRECTION ( 'NONE',  ( -0.000000000000000000, -0.000000000000000000, -1.000000000000000000 ) ) ;
#691 = EDGE_CURVE ( 'NONE', #1799, #895, #183, .T. ) ;
#692 = CYLINDRICAL_SURFACE ( 'NONE', #1681, 0.1499999999999999667 ) ;
#693 = CARTESIAN_POINT ( 'NONE',  ( 3.129999999999999449, 0.8800000000000000044, -0.9999999999999993339 ) ) ;
#694 = SURFACE_STYLE_USAGE ( .BOTH. , #117 ) ;
#695 = EDGE_CURVE ( 'NONE', #274, #220, #1753, .T. ) ;
#696 = LINE ( 'NONE', #1717, #1368 ) ;
#697 = ORIENTED_EDGE ( 'NONE', *, *, #1411, .F. ) ;
#698 = ORIENTED_EDGE ( 'NONE', *, *, #1082, .F. ) ;
#699 = FACE_OUTER_BOUND ( 'NONE', #1575, .T. ) ;
#700 = ADVANCED_FACE ( 'NONE', ( #532 ), #390, .F. ) ;
#701 = DIRECTION ( 'NONE',  ( 0.000000000000000000, 0.000000000000000000, -1.000000000000000000 ) ) ;
#702 = DIRECTION ( 'NONE',  ( -0.000000000000000000, 1.000000000000000000, -0.000000000000000000 ) ) ;
#703 = DIRECTION ( 'NONE',  ( 0.000000000000000000, 0.000000000000000000, -1.000000000000000000 ) ) ;
#704 = ORIENTED_EDGE ( 'NONE', *, *, #770, .F. ) ;
#705 = VECTOR ( 'NONE', #863, 1000.000000000000000 ) ;
#706 = ORIENTED_EDGE ( 'NONE', *, *, #1671, .T. ) ;
#707 = AXIS2_PLACEMENT_3D ( 'NONE', #1674, #835, #718 ) ;
#708 = VECTOR ( 'NONE', #333, 1000.000000000000000 ) ;
#709 = LINE ( 'NONE', #1132, #1241 ) ;
#710 = DIRECTION ( 'NONE',  ( -1.000000000000000000, -1.073467497510401969E-16, 0.000000000000000000 ) ) ;
#711 = CARTESIAN_POINT ( 'NONE',  ( -5.330000000000001847, -0.1700000000000001232, 2.725000000000000089 ) ) ;
#712 = EDGE_CURVE ( 'NONE', #425, #653, #953, .T. ) ;
#713 = EDGE_CURVE ( 'NONE', #297, #60, #513, .T. ) ;
#714 = CARTESIAN_POINT ( 'NONE',  ( -3.109999999999999432, 1.739999999999999769, 0.4400000000000000022 ) ) ;
#715 = ORIENTED_EDGE ( 'NONE', *, *, #304, .T. ) ;
#716 = DIRECTION ( 'NONE',  ( 1.000000000000000000, 0.000000000000000000, -0.000000000000000000 ) ) ;
#717 = CARTESIAN_POINT ( 'NONE',  ( 3.915538477238713622, 0.8800000000000000044, -1.729999999999999982 ) ) ;
#718 = DIRECTION ( 'NONE',  ( 0.000000000000000000, 0.000000000000000000, -1.000000000000000000 ) ) ;
#719 = DIRECTION ( 'NONE',  ( 0.000000000000000000, -0.000000000000000000, 1.000000000000000000 ) ) ;
#720 = PLANE ( 'NONE',  #912 ) ;
#721 = ORIENTED_EDGE ( 'NONE', *, *, #487, .F. ) ;
#722 = ORIENTED_EDGE ( 'NONE', *, *, #1082, .T. ) ;
#723 = DIRECTION ( 'NONE',  ( 7.635226566799368058E-17, -1.000000000000000000, 0.000000000000000000 ) ) ;
#724 = CARTESIAN_POINT ( 'NONE',  ( -4.097244119223166336, 1.739999999999999769, -0.4400000000000000022 ) ) ;
#725 = PRESENTATION_STYLE_ASSIGNMENT (( #1579 ) ) ;
#726 = CARTESIAN_POINT ( 'NONE',  ( 3.110000000000000764, 0.8800000000000000044, 2.729999999999999982 ) ) ;
#727 = EDGE_CURVE ( 'NONE', #895, #931, #1784, .T. ) ;
#728 = LINE ( 'NONE', #118, #1270 ) ;
#729 = VECTOR ( 'NONE', #1232, 1000.000000000000000 ) ;
#730 = VECTOR ( 'NONE', #1588, 1000.000000000000000 ) ;
#731 = CIRCLE ( 'NONE', #162, 0.2000000000000005107 ) ;
#732 = CARTESIAN_POINT ( 'NONE',  ( 4.915538477238712289, 0.8800000000000000044, -2.730000000000000426 ) ) ;
#733 = ORIENTED_EDGE ( 'NONE', *, *, #1074, .F. ) ;
#734 = EDGE_CURVE ( 'NONE', #1787, #1467, #228, .T. ) ;
#735 = VECTOR ( 'NONE', #1259, 1000.000000000000000 ) ;
#736 = VECTOR ( 'NONE', #421, 1000.000000000000000 ) ;
#737 = DIRECTION ( 'NONE',  ( -1.000000000000000000, -7.635226566799368058E-17, 0.000000000000000000 ) ) ;
#738 = VECTOR ( 'NONE', #1195, 1000.000000000000000 ) ;
#739 =( LENGTH_UNIT ( ) NAMED_UNIT ( * ) SI_UNIT ( .MILLI., .METRE. ) );
#740 =( NAMED_UNIT ( * ) SI_UNIT ( $, .STERADIAN. ) SOLID_ANGLE_UNIT ( ) );
#741 = DIRECTION ( 'NONE',  ( -1.000000000000000000, 0.000000000000000000, 0.000000000000000000 ) ) ;
#742 = ADVANCED_FACE ( 'NONE', ( #1521 ), #1100, .T. ) ;
#743 = VERTEX_POINT ( 'NONE', #810 ) ;
#744 = DIRECTION ( 'NONE',  ( 1.000000000000000000, 7.635226566799368058E-17, 0.000000000000000000 ) ) ;
#745 = CARTESIAN_POINT ( 'NONE',  ( -4.097244119223166336, 1.739999999999999769, -0.4400000000000000022 ) ) ;
#746 = CARTESIAN_POINT ( 'NONE',  ( -5.529999999999999361, 1.339999999999996527, -2.725000000000000089 ) ) ;
#747 = CARTESIAN_POINT ( 'NONE',  ( -5.729999999999998650, 0.6299999999999996714, -2.725000000000000089 ) ) ;
#748 = EDGE_CURVE ( 'NONE', #29, #1477, #1482, .T. ) ;
#749 = ORIENTED_EDGE ( 'NONE', *, *, #4, .F. ) ;
#750 = CARTESIAN_POINT ( 'NONE',  ( 4.915538477238712289, 0.8800000000000000044, 1.730000000000000204 ) ) ;
#751 = ORIENTED_EDGE ( 'NONE', *, *, #1257, .F. ) ;
#752 = CARTESIAN_POINT ( 'NONE',  ( -5.330000000000001847, -0.1700000000000001232, 2.725000000000000089 ) ) ;
#753 = CARTESIAN_POINT ( 'NONE',  ( 3.130000000000001226, 0.8800000000000000044, 0.8500000000000005329 ) ) ;
#754 = SURFACE_STYLE_FILL_AREA ( #1723 ) ;
#755 = EDGE_CURVE ( 'NONE', #500, #949, #376, .T. ) ;
#756 = CARTESIAN_POINT ( 'NONE',  ( -3.109999999999999432, 1.139999999999999902, 2.725000000000000089 ) ) ;
#757 = CARTESIAN_POINT ( 'NONE',  ( -5.529999999999999361, 1.339999999999996527, 2.725000000000000089 ) ) ;
#758 =( LENGTH_UNIT ( ) NAMED_UNIT ( * ) SI_UNIT ( .MILLI., .METRE. ) );
#759 = ORIENTED_EDGE ( 'NONE', *, *, #1669, .F. ) ;
#760 = AXIS2_PLACEMENT_3D ( 'NONE', #202, #388, #520 ) ;
#761 = CARTESIAN_POINT ( 'NONE',  ( 4.915538477238712289, 0.8800000000000000044, 1.730000000000000204 ) ) ;
#762 = PRESENTATION_LAYER_ASSIGNMENT (  '', '', ( #993 ) ) ;
#763 = VECTOR ( 'NONE', #1419, 1000.000000000000000 ) ;
#764 = VECTOR ( 'NONE', #249, 1000.000000000000000 ) ;
#765 = COLOUR_RGB ( '',0.4980392156862745168, 0.4980392156862745168, 0.4980392156862745168 ) ;
#766 = ADVANCED_FACE ( 'NONE', ( #1531 ), #1382, .F. ) ;
#767 = CARTESIAN_POINT ( 'NONE',  ( -4.929999999999999716, 0.9399999999999983924, -2.725000000000000089 ) ) ;
#768 = ORIENTED_EDGE ( 'NONE', *, *, #1842, .T. ) ;
#769 = CARTESIAN_POINT ( 'NONE',  ( -3.109999999999999432, 1.739999999999999769, 0.4400000000000000022 ) ) ;
#770 = EDGE_CURVE ( 'NONE', #1790, #977, #213, .T. ) ;
#771 = FILL_AREA_STYLE_COLOUR ( '', #1146 ) ;
#772 = ORIENTED_EDGE ( 'NONE', *, *, #1606, .T. ) ;
#773 = EDGE_LOOP ( 'NONE', ( #661, #825, #1700, #221, #1678, #1229, #531, #1188, #1209, #950, #1201, #483 ) ) ;
#774 = ORIENTED_EDGE ( 'NONE', *, *, #50, .F. ) ;
#775 = DIRECTION ( 'NONE',  ( -0.000000000000000000, -0.000000000000000000, -1.000000000000000000 ) ) ;
#776 = LINE ( 'NONE', #886, #1245 ) ;
#777 = ORIENTED_EDGE ( 'NONE', *, *, #896, .T. ) ;
#778 = VERTEX_POINT ( 'NONE', #673 ) ;
#779 = LINE ( 'NONE', #1044, #105 ) ;
#780 = VERTEX_POINT ( 'NONE', #1769 ) ;
#781 = LINE ( 'NONE', #1535, #349 ) ;
#782 = ORIENTED_EDGE ( 'NONE', *, *, #1012, .F. ) ;
#783 =( NAMED_UNIT ( * ) PLANE_ANGLE_UNIT ( ) SI_UNIT ( $, .RADIAN. ) );
#784 = DIRECTION ( 'NONE',  ( 1.000000000000000000, 0.000000000000000000, 0.000000000000000000 ) ) ;
#785 = DIRECTION ( 'NONE',  ( 1.000000000000000000, 1.338521200599389420E-16, 0.000000000000000000 ) ) ;
#786 = FACE_OUTER_BOUND ( 'NONE', #933, .T. ) ;
#787 = VERTEX_POINT ( 'NONE', #223 ) ;
#788 = ORIENTED_EDGE ( 'NONE', *, *, #413, .T. ) ;
#789 = ORIENTED_EDGE ( 'NONE', *, *, #25, .F. ) ;
#790 = DIRECTION ( 'NONE',  ( 0.000000000000000000, 0.000000000000000000, 1.000000000000000000 ) ) ;
#791 = ADVANCED_FACE ( 'NONE', ( #1243 ), #92, .F. ) ;
#792 = AXIS2_PLACEMENT_3D ( 'NONE', #1585, #308, #1163 ) ;
#793 = CARTESIAN_POINT ( 'NONE',  ( -3.109999999999999432, 1.139999999999999902, 2.725000000000000089 ) ) ;
#794 = VECTOR ( 'NONE', #858, 1000.000000000000000 ) ;
#795 = VECTOR ( 'NONE', #1386, 1000.000000000000000 ) ;
#796 = AXIS2_PLACEMENT_3D ( 'NONE', #793, #395, #1501 ) ;
#797 = DIRECTION ( 'NONE',  ( -0.000000000000000000, -1.000000000000000000, -0.000000000000000000 ) ) ;
#798 = DIRECTION ( 'NONE',  ( -0.000000000000000000, 1.000000000000000000, -0.000000000000000000 ) ) ;
#799 = ORIENTED_EDGE ( 'NONE', *, *, #1034, .T. ) ;
#800 = EDGE_CURVE ( 'NONE', #1680, #1363, #1083, .T. ) ;
#801 = ORIENTED_EDGE ( 'NONE', *, *, #1701, .T. ) ;
#802 = CARTESIAN_POINT ( 'NONE',  ( -3.110000000000000320, 2.549999999999999822, -3.365000000000000657 ) ) ;
#803 = APPLICATION_PROTOCOL_DEFINITION ( 'draft international standard', 'automotive_design', 1998, #1339 ) ;
#804 = DIRECTION ( 'NONE',  ( 1.073467497510401969E-16, -1.000000000000000000, 0.000000000000000000 ) ) ;
#805 = DIRECTION ( 'NONE',  ( 0.000000000000000000, 0.000000000000000000, -1.000000000000000000 ) ) ;
#806 = DIRECTION ( 'NONE',  ( -0.000000000000000000, -0.000000000000000000, 1.000000000000000000 ) ) ;
#807 = EDGE_LOOP ( 'NONE', ( #1079, #1770, #1178, #1122 ) ) ;
#808 = ORIENTED_EDGE ( 'NONE', *, *, #1159, .T. ) ;
#809 = FACE_OUTER_BOUND ( 'NONE', #1602, .T. ) ;
#810 = CARTESIAN_POINT ( 'NONE',  ( 3.110000000000000764, 0.000000000000000000, -2.729999999999999982 ) ) ;
#811 = LINE ( 'NONE', #391, #1182 ) ;
#812 = ORIENTED_EDGE ( 'NONE', *, *, #1671, .F. ) ;
#813 = DIRECTION ( 'NONE',  ( 1.000000000000000000, 0.000000000000000000, 0.000000000000000000 ) ) ;
#814 = DIRECTION ( 'NONE',  ( 1.000000000000000000, 1.338521200599389420E-16, 0.000000000000000000 ) ) ;
#815 = CARTESIAN_POINT ( 'NONE',  ( -6.039999999999998259, 0.4299999999999997713, -2.725000000000000089 ) ) ;
#816 = VECTOR ( 'NONE', #1170, 1000.000000000000000 ) ;
#817 = EDGE_CURVE ( 'NONE', #274, #1049, #1510, .T. ) ;
#818 = CARTESIAN_POINT ( 'NONE',  ( -4.729999999999997762, 1.139999999999999680, -2.725000000000000089 ) ) ;
#819 = ADVANCED_FACE ( 'NONE', ( #1397 ), #85, .T. ) ;
#820 = AXIS2_PLACEMENT_3D ( 'NONE', #1612, #345, #166 ) ;
#821 = EDGE_CURVE ( 'NONE', #1347, #1799, #73, .T. ) ;
#822 = LINE ( 'NONE', #1490, #678 ) ;
#823 = STYLED_ITEM ( 'NONE', ( #725 ), #1817 ) ;
#824 = VECTOR ( 'NONE', #964, 1000.000000000000000 ) ;
#825 = ORIENTED_EDGE ( 'NONE', *, *, #1277, .T. ) ;
#826 = LINE ( 'NONE', #1421, #1367 ) ;
#827 = DIRECTION ( 'NONE',  ( -0.000000000000000000, -1.000000000000000000, -0.000000000000000000 ) ) ;
#828 = DIRECTION ( 'NONE',  ( -0.000000000000000000, -0.000000000000000000, -1.000000000000000000 ) ) ;
#829 = FILL_AREA_STYLE ('',( #262 ) ) ;
#830 = APPLICATION_CONTEXT ( 'automotive_design' ) ;
#831 = FACE_OUTER_BOUND ( 'NONE', #330, .T. ) ;
#832 = ORIENTED_EDGE ( 'NONE', *, *, #1265, .T. ) ;
#833 = CARTESIAN_POINT ( 'NONE',  ( 4.915538477238712289, 0.8800000000000000044, -2.730000000000000426 ) ) ;
#834 = DIRECTION ( 'NONE',  ( 0.000000000000000000, -1.000000000000000000, 0.000000000000000000 ) ) ;
#835 = DIRECTION ( 'NONE',  ( 1.000000000000000000, 0.000000000000000000, 0.000000000000000000 ) ) ;
#836 = LINE ( 'NONE', #726, #1629 ) ;
#837 = CARTESIAN_POINT ( 'NONE',  ( 3.280000000000001137, 0.000000000000000000, -0.8499999999999984235 ) ) ;
#838 = ORIENTED_EDGE ( 'NONE', *, *, #1099, .T. ) ;
#839 = EDGE_CURVE ( 'NONE', #1085, #362, #1648, .T. ) ;
#840 = LINE ( 'NONE', #536, #161 ) ;
#841 = ADVANCED_FACE ( 'NONE', ( #427 ), #842, .T. ) ;
#842 = PLANE ( 'NONE',  #578 ) ;
#843 = CARTESIAN_POINT ( 'NONE',  ( 3.129999999999999449, 0.8800000000000000044, -0.9999999999999993339 ) ) ;
#844 = CARTESIAN_POINT ( 'NONE',  ( -5.129999999999996341, 1.739999999999999769, 2.725000000000000089 ) ) ;
#845 = PLANE ( 'NONE',  #1807 ) ;
#846 = ORIENTED_EDGE ( 'NONE', *, *, #1683, .T. ) ;
#847 = CIRCLE ( 'NONE', #1269, 0.2000000000000005107 ) ;
#848 = CIRCLE ( 'NONE', #106, 0.1999999999999996503 ) ;
#849 = AXIS2_PLACEMENT_3D ( 'NONE', #142, #566, #1105 ) ;
#850 = DIRECTION ( 'NONE',  ( -1.000000000000000000, 0.000000000000000000, 2.401947532336440402E-16 ) ) ;
#851 = STYLED_ITEM ( 'NONE', ( #611 ), #659 ) ;
#852 = DIRECTION ( 'NONE',  ( 0.000000000000000000, 0.000000000000000000, 1.000000000000000000 ) ) ;
#853 = DIRECTION ( 'NONE',  ( -1.000000000000000000, 0.000000000000000000, 0.000000000000000000 ) ) ;
#854 = CARTESIAN_POINT ( 'NONE',  ( 3.110000000000000320, 0.000000000000000000, 1.000000000000000444 ) ) ;
#855 = DIRECTION ( 'NONE',  ( 1.000000000000000000, 0.000000000000000000, -0.000000000000000000 ) ) ;
#856 = ORIENTED_EDGE ( 'NONE', *, *, #1814, .T. ) ;
#857 = ORIENTED_EDGE ( 'NONE', *, *, #1650, .T. ) ;
#858 = DIRECTION ( 'NONE',  ( -0.000000000000000000, -0.000000000000000000, -1.000000000000000000 ) ) ;
#859 = DIRECTION ( 'NONE',  ( -0.000000000000000000, -0.000000000000000000, 1.000000000000000000 ) ) ;
#860 = DIRECTION ( 'NONE',  ( -0.000000000000000000, -0.000000000000000000, 1.000000000000000000 ) ) ;
#861 = EDGE_CURVE ( 'NONE', #497, #1739, #11, .T. ) ;
#862 = DIRECTION ( 'NONE',  ( 0.000000000000000000, 1.000000000000000000, 0.000000000000000000 ) ) ;
#863 = DIRECTION ( 'NONE',  ( -1.000000000000000000, 0.000000000000000000, 0.000000000000000000 ) ) ;
#864 = EDGE_CURVE ( 'NONE', #1680, #992, #1541, .T. ) ;
#865 = ORIENTED_EDGE ( 'NONE', *, *, #908, .T. ) ;
#866 = CARTESIAN_POINT ( 'NONE',  ( 3.109999999999999876, 0.8800000000000000044, -0.9999999999999993339 ) ) ;
#867 = ORIENTED_EDGE ( 'NONE', *, *, #1650, .F. ) ;
#868 = CARTESIAN_POINT ( 'NONE',  ( 3.130000000000000338, 0.000000000000000000, 1.000000000000000444 ) ) ;
#869 = DIRECTION ( 'NONE',  ( -0.000000000000000000, -0.000000000000000000, 1.000000000000000000 ) ) ;
#870 = DIRECTION ( 'NONE',  ( -1.000000000000000000, -1.748713181428240696E-16, -0.000000000000000000 ) ) ;
#871 = DIRECTION ( 'NONE',  ( 1.000000000000000000, 0.000000000000000000, 0.000000000000000000 ) ) ;
#872 = EDGE_CURVE ( 'NONE', #1488, #643, #344, .T. ) ;
#873 = FACE_OUTER_BOUND ( 'NONE', #632, .T. ) ;
#874 = VECTOR ( 'NONE', #493, 1000.000000000000000 ) ;
#875 = STYLED_ITEM ( 'NONE', ( #1192 ), #1396 ) ;
#876 = AXIS2_PLACEMENT_3D ( 'NONE', #1635, #1454, #1343 ) ;
#877 = VERTEX_POINT ( 'NONE', #1818 ) ;
#878 = CIRCLE ( 'NONE', #911, 0.1499999999999999667 ) ;
#879 = AXIS2_PLACEMENT_3D ( 'NONE', #64, #1450, #871 ) ;
#880 = UNCERTAINTY_MEASURE_WITH_UNIT (LENGTH_MEASURE( 1.000000000000000082E-05 ), #1136, 'distance_accuracy_value', 'NONE');
#881 = DIRECTION ( 'NONE',  ( -0.000000000000000000, 0.000000000000000000, -1.000000000000000000 ) ) ;
#882 = SURFACE_SIDE_STYLE ('',( #315 ) ) ;
#883 = EDGE_LOOP ( 'NONE', ( #489, #1813, #1197, #1109 ) ) ;
#884 = CARTESIAN_POINT ( 'NONE',  ( -3.109999999999999432, 1.139999999999999902, 1.844999999999999973 ) ) ;
#885 = ADVANCED_FACE ( 'NONE', ( #1133 ), #277, .T. ) ;
#886 = CARTESIAN_POINT ( 'NONE',  ( -3.110000000000000320, 2.549999999999999822, -3.365000000000000657 ) ) ;
#887 = LINE ( 'NONE', #298, #730 ) ;
#888 = VERTEX_POINT ( 'NONE', #558 ) ;
#889 = CARTESIAN_POINT ( 'NONE',  ( -4.929999999999999716, 0.9399999999999983924, -2.725000000000000089 ) ) ;
#890 = FACE_OUTER_BOUND ( 'NONE', #1792, .T. ) ;
#891 = PLANE ( 'NONE',  #649 ) ;
#892 = ORIENTED_EDGE ( 'NONE', *, *, #1074, .T. ) ;
#893 = CARTESIAN_POINT ( 'NONE',  ( -4.929999999999999716, 0.2300000000000028133, -2.725000000000000089 ) ) ;
#894 = FACE_OUTER_BOUND ( 'NONE', #640, .T. ) ;
#895 = VERTEX_POINT ( 'NONE', #717 ) ;
#896 = EDGE_CURVE ( 'NONE', #451, #663, #1114, .T. ) ;
#897 = CARTESIAN_POINT ( 'NONE',  ( -3.109999999999999432, 1.139999999999999902, 0.4400000000000000022 ) ) ;
#898 = CARTESIAN_POINT ( 'NONE',  ( -5.129999999999999005, 1.339999999999999636, 2.725000000000000089 ) ) ;
#899 = CARTESIAN_POINT ( 'NONE',  ( -5.729999999999999538, 0.4299999999999998268, -1.844999999999999973 ) ) ;
#900 = ADVANCED_FACE ( 'NONE', ( #1251 ), #419, .T. ) ;
#901 = CYLINDRICAL_SURFACE ( 'NONE', #879, 0.4000000000000001887 ) ;
#902 = DIRECTION ( 'NONE',  ( 0.000000000000000000, -1.000000000000000000, 0.000000000000000000 ) ) ;
#903 = ORIENTED_EDGE ( 'NONE', *, *, #1064, .F. ) ;
#904 = ORIENTED_EDGE ( 'NONE', *, *, #1480, .T. ) ;
#905 = CARTESIAN_POINT ( 'NONE',  ( 4.915538477238712289, 0.8800000000000000044, -1.730000000000000204 ) ) ;
#906 = ORIENTED_EDGE ( 'NONE', *, *, #1587, .T. ) ;
#907 = VECTOR ( 'NONE', #181, 1000.000000000000000 ) ;
#908 = EDGE_CURVE ( 'NONE', #1552, #877, #400, .T. ) ;
#909 = VECTOR ( 'NONE', #652, 1000.000000000000000 ) ;
#910 = PLANE ( 'NONE',  #613 ) ;
#911 = AXIS2_PLACEMENT_3D ( 'NONE', #1532, #702, #278 ) ;
#912 = AXIS2_PLACEMENT_3D ( 'NONE', #1138, #1564, #1262 ) ;
#913 = VECTOR ( 'NONE', #1128, 1000.000000000000000 ) ;
#914 = CARTESIAN_POINT ( 'NONE',  ( -3.109999999999999432, 1.139999999999999902, -1.844999999999999973 ) ) ;
#915 = DIRECTION ( 'NONE',  ( 0.000000000000000000, -1.000000000000000000, 0.000000000000000000 ) ) ;
#916 = EDGE_LOOP ( 'NONE', ( #669, #267, #1215, #1495 ) ) ;
#917 = CARTESIAN_POINT ( 'NONE',  ( -3.110000000000000320, 0.000000000000000000, -3.365000000000000657 ) ) ;
#918 = EDGE_LOOP ( 'NONE', ( #404, #364, #1693, #226 ) ) ;
#919 = CARTESIAN_POINT ( 'NONE',  ( -5.330000000000001847, -0.1700000000000000400, -2.725000000000000089 ) ) ;
#920 = DIRECTION ( 'NONE',  ( 0.000000000000000000, -1.000000000000000000, 0.000000000000000000 ) ) ;
#921 = CARTESIAN_POINT ( 'NONE',  ( 3.110000000000000320, 0.8800000000000000044, 1.000000000000000444 ) ) ;
#922 = ORIENTED_EDGE ( 'NONE', *, *, #50, .T. ) ;
#923 = EDGE_LOOP ( 'NONE', ( #1736, #372, #1312, #772 ) ) ;
#924 = ORIENTED_EDGE ( 'NONE', *, *, #369, .T. ) ;
#925 = ORIENTED_EDGE ( 'NONE', *, *, #304, .F. ) ;
#926 = CYLINDRICAL_SURFACE ( 'NONE', #760, 0.2500000000000000555 ) ;
#927 = DIRECTION ( 'NONE',  ( 1.000000000000000000, 1.073467497510401969E-16, 0.000000000000000000 ) ) ;
#928 = PRESENTATION_STYLE_ASSIGNMENT (( #216 ) ) ;
#929 = EDGE_CURVE ( 'NONE', #787, #570, #987, .T. ) ;
#930 = LINE ( 'NONE', #229, #553 ) ;
#931 = VERTEX_POINT ( 'NONE', #1415 ) ;
#932 = DIRECTION ( 'NONE',  ( 0.000000000000000000, 0.000000000000000000, -1.000000000000000000 ) ) ;
#933 = EDGE_LOOP ( 'NONE', ( #1617, #715, #1156, #417 ) ) ;
#934 = CARTESIAN_POINT ( 'NONE',  ( -5.529999999999999361, 1.339999999999996527, -2.725000000000000089 ) ) ;
#935 = VECTOR ( 'NONE', #1088, 1000.000000000000000 ) ;
#936 = CARTESIAN_POINT ( 'NONE',  ( 3.109999999999999876, 0.8800000000000000044, -0.9999999999999993339 ) ) ;
#937 = STYLED_ITEM ( 'NONE', ( #435 ), #1324 ) ;
#938 = AXIS2_PLACEMENT_3D ( 'NONE', #1055, #1630, #624 ) ;
#939 = AXIS2_PLACEMENT_3D ( 'NONE', #1487, #806, #1512 ) ;
#940 = VECTOR ( 'NONE', #317, 1000.000000000000000 ) ;
#941 = EDGE_CURVE ( 'NONE', #1467, #1739, #1686, .T. ) ;
#942 = DIRECTION ( 'NONE',  ( -1.000000000000000000, -1.748713181428240696E-16, 0.000000000000000000 ) ) ;
#943 = ORIENTED_EDGE ( 'NONE', *, *, #288, .T. ) ;
#944 = ADVANCED_FACE ( 'NONE', ( #1554 ), #979, .T. ) ;
#945 = ORIENTED_EDGE ( 'NONE', *, *, #1801, .F. ) ;
#946 = DIRECTION ( 'NONE',  ( 1.000000000000000000, 0.000000000000000000, 0.000000000000000000 ) ) ;
#947 = PLANE ( 'NONE',  #995 ) ;
#948 = CARTESIAN_POINT ( 'NONE',  ( 3.280000000000001137, 0.8800000000000000044, 0.8499999999999994227 ) ) ;
#949 = VERTEX_POINT ( 'NONE', #411 ) ;
#950 = ORIENTED_EDGE ( 'NONE', *, *, #475, .T. ) ;
#951 = CARTESIAN_POINT ( 'NONE',  ( 3.110000000000000320, 0.8800000000000001155, 1.000000000000000000 ) ) ;
#952 = EDGE_CURVE ( 'NONE', #37, #297, #1143, .T. ) ;
#953 = LINE ( 'NONE', #936, #1183 ) ;
#954 = DIRECTION ( 'NONE',  ( 0.000000000000000000, 0.000000000000000000, -1.000000000000000000 ) ) ;
#955 = ADVANCED_FACE ( 'NONE', ( #131 ), #565, .F. ) ;
#956 = CARTESIAN_POINT ( 'NONE',  ( -5.129999999999999005, 1.339999999999999636, -1.844999999999999973 ) ) ;
#957 = ORIENTED_EDGE ( 'NONE', *, *, #1051, .F. ) ;
#958 = CARTESIAN_POINT ( 'NONE',  ( 3.280000000000001137, 0.8800000000000000044, -0.8499999999999984235 ) ) ;
#959 = DIRECTION ( 'NONE',  ( 1.221636250687900270E-15, -1.000000000000000000, 0.000000000000000000 ) ) ;
#960 = DIRECTION ( 'NONE',  ( 0.000000000000000000, -1.000000000000000000, 0.000000000000000000 ) ) ;
#961 = AXIS2_PLACEMENT_3D ( 'NONE', #1433, #1711, #439 ) ;
#962 = AXIS2_PLACEMENT_3D ( 'NONE', #1390, #1768, #1380 ) ;
#963 = CIRCLE ( 'NONE', #463, 0.2000000000000005107 ) ;
#964 = DIRECTION ( 'NONE',  ( -2.506825832336427534E-16, 0.000000000000000000, -1.000000000000000000 ) ) ;
#965 = VECTOR ( 'NONE', #1144, 1000.000000000000000 ) ;
#966 = ORIENTED_EDGE ( 'NONE', *, *, #1701, .F. ) ;
#967 = VECTOR ( 'NONE', #1666, 1000.000000000000000 ) ;
#968 = ORIENTED_EDGE ( 'NONE', *, *, #691, .F. ) ;
#969 = CARTESIAN_POINT ( 'NONE',  ( 3.110000000000000320, 0.8800000000000000044, 1.000000000000000444 ) ) ;
#970 = CARTESIAN_POINT ( 'NONE',  ( 4.915538477238712289, 0.000000000000000000, -1.730000000000000204 ) ) ;
#971 = CARTESIAN_POINT ( 'NONE',  ( -6.039999999999998259, 0.4299999999999997713, -1.844999999999999973 ) ) ;
#972 = SURFACE_SIDE_STYLE ('',( #1571 ) ) ;
#973 = EDGE_CURVE ( 'NONE', #40, #1634, #300, .T. ) ;
#974 = CARTESIAN_POINT ( 'NONE',  ( -5.729999999999999538, 0.4299999999999998268, -1.844999999999999973 ) ) ;
#975 = VERTEX_POINT ( 'NONE', #1673 ) ;
#976 = ADVANCED_FACE ( 'NONE', ( #115 ), #692, .F. ) ;
#977 = VERTEX_POINT ( 'NONE', #1266 ) ;
#978 = FACE_OUTER_BOUND ( 'NONE', #69, .T. ) ;
#979 = PLANE ( 'NONE',  #1828 ) ;
#980 = ORIENTED_EDGE ( 'NONE', *, *, #896, .F. ) ;
#981 = LINE ( 'NONE', #1287, #1302 ) ;
#982 = DIRECTION ( 'NONE',  ( 2.168404344971010594E-16, 0.000000000000000000, -1.000000000000000000 ) ) ;
#983 = ADVANCED_FACE ( 'NONE', ( #1036 ), #1443, .F. ) ;
#984 = ORIENTED_EDGE ( 'NONE', *, *, #941, .F. ) ;
#985 = DIRECTION ( 'NONE',  ( -0.000000000000000000, -0.000000000000000000, 1.000000000000000000 ) ) ;
#986 = UNCERTAINTY_MEASURE_WITH_UNIT (LENGTH_MEASURE( 1.000000000000000082E-05 ), #739, 'distance_accuracy_value', 'NONE');
#987 = LINE ( 'NONE', #1111, #1268 ) ;
#988 = DIRECTION ( 'NONE',  ( -0.000000000000000000, -0.000000000000000000, 1.000000000000000000 ) ) ;
#989 = FACE_OUTER_BOUND ( 'NONE', #516, .T. ) ;
#990 = VECTOR ( 'NONE', #450, 1000.000000000000000 ) ;
#991 = FACE_OUTER_BOUND ( 'NONE', #1565, .T. ) ;
#992 = VERTEX_POINT ( 'NONE', #724 ) ;
#993 = STYLED_ITEM ( 'NONE', ( #158 ), #1491 ) ;
#994 = CIRCLE ( 'NONE', #381, 0.4000000000000001887 ) ;
#995 = AXIS2_PLACEMENT_3D ( 'NONE', #100, #1812, #1667 ) ;
#996 = DIRECTION ( 'NONE',  ( -0.000000000000000000, -0.000000000000000000, 1.000000000000000000 ) ) ;
#997 = EDGE_CURVE ( 'NONE', #146, #1181, #1309, .T. ) ;
#998 = DIRECTION ( 'NONE',  ( -1.000000000000000000, 0.000000000000000000, 0.000000000000000000 ) ) ;
#999 = CARTESIAN_POINT ( 'NONE',  ( -4.929999999999999716, 0.2300000000000028133, 2.725000000000000089 ) ) ;
#1000 = DIRECTION ( 'NONE',  ( 0.000000000000000000, -1.000000000000000000, 0.000000000000000000 ) ) ;
#1001 = DIRECTION ( 'NONE',  ( 0.000000000000000000, 1.000000000000000000, -0.000000000000000000 ) ) ;
#1002 = ORIENTED_EDGE ( 'NONE', *, *, #1289, .T. ) ;
#1003 = ORIENTED_EDGE ( 'NONE', *, *, #389, .F. ) ;
#1004 = FACE_OUTER_BOUND ( 'NONE', #479, .T. ) ;
#1005 = CARTESIAN_POINT ( 'NONE',  ( -4.729999999999997762, 1.139999999999999680, -2.725000000000000089 ) ) ;
#1006 = EDGE_CURVE ( 'NONE', #1662, #637, #34, .T. ) ;
#1007 = FACE_OUTER_BOUND ( 'NONE', #918, .T. ) ;
#1008 = ADVANCED_FACE ( 'NONE', ( #1751 ), #324, .F. ) ;
#1009 = DIRECTION ( 'NONE',  ( -0.000000000000000000, 1.000000000000000000, -0.000000000000000000 ) ) ;
#1010 = FILL_AREA_STYLE_COLOUR ( '', #406 ) ;
#1011 = ORIENTED_EDGE ( 'NONE', *, *, #515, .T. ) ;
#1012 = EDGE_CURVE ( 'NONE', #992, #374, #1295, .T. ) ;
#1013 = FILL_AREA_STYLE_COLOUR ( '', #1298 ) ;
#1014 = CARTESIAN_POINT ( 'NONE',  ( -5.529999999999998472, 0.6299999999999996714, -2.725000000000000089 ) ) ;
#1015 = EDGE_LOOP ( 'NONE', ( #1052, #1638, #906, #1108 ) ) ;
#1016 = EDGE_CURVE ( 'NONE', #535, #1225, #1185, .T. ) ;
#1017 = DIRECTION ( 'NONE',  ( -1.000000000000000000, 0.000000000000000000, 0.000000000000000000 ) ) ;
#1018 = STYLED_ITEM ( 'NONE', ( #239 ), #1096 ) ;
#1019 = VERTEX_POINT ( 'NONE', #150 ) ;
#1020 = AXIS2_PLACEMENT_3D ( 'NONE', #1157, #295, #136 ) ;
#1021 = ORIENTED_EDGE ( 'NONE', *, *, #1281, .T. ) ;
#1022 = VECTOR ( 'NONE', #859, 1000.000000000000000 ) ;
#1023 = VECTOR ( 'NONE', #1641, 1000.000000000000000 ) ;
#1024 = LINE ( 'NONE', #1469, #1657 ) ;
#1025 = DIRECTION ( 'NONE',  ( 0.000000000000000000, -1.000000000000000000, 0.000000000000000000 ) ) ;
#1026 = DIRECTION ( 'NONE',  ( 1.933198524491240731E-16, 0.000000000000000000, 1.000000000000000000 ) ) ;
#1027 = CARTESIAN_POINT ( 'NONE',  ( 3.280000000000001137, 0.8800000000000000044, 0.8499999999999994227 ) ) ;
#1028 = ORIENTED_EDGE ( 'NONE', *, *, #1606, .F. ) ;
#1029 = DIRECTION ( 'NONE',  ( -0.000000000000000000, -0.000000000000000000, -1.000000000000000000 ) ) ;
#1030 = EDGE_CURVE ( 'NONE', #1363, #374, #481, .T. ) ;
#1031 = ORIENTED_EDGE ( 'NONE', *, *, #487, .T. ) ;
#1032 = DIRECTION ( 'NONE',  ( -0.000000000000000000, -0.000000000000000000, -1.000000000000000000 ) ) ;
#1033 = ORIENTED_EDGE ( 'NONE', *, *, #656, .F. ) ;
#1034 = EDGE_CURVE ( 'NONE', #1808, #1254, #1326, .T. ) ;
#1035 = DIRECTION ( 'NONE',  ( -0.000000000000000000, -0.000000000000000000, -1.000000000000000000 ) ) ;
#1036 = FACE_OUTER_BOUND ( 'NONE', #1781, .T. ) ;
#1037 =( LENGTH_UNIT ( ) NAMED_UNIT ( * ) SI_UNIT ( .MILLI., .METRE. ) );
#1038 =( NAMED_UNIT ( * ) PLANE_ANGLE_UNIT ( ) SI_UNIT ( $, .RADIAN. ) );
#1039 = ORIENTED_EDGE ( 'NONE', *, *, #973, .T. ) ;
#1040 = VERTEX_POINT ( 'NONE', #610 ) ;
#1041 = DIRECTION ( 'NONE',  ( -0.000000000000000000, 1.000000000000000000, -0.000000000000000000 ) ) ;
#1042 = ORIENTED_EDGE ( 'NONE', *, *, #1457, .F. ) ;
#1043 = VERTEX_POINT ( 'NONE', #1448 ) ;
#1044 = CARTESIAN_POINT ( 'NONE',  ( 4.915538477238712289, 0.8800000000000000044, -2.730000000000000426 ) ) ;
#1045 = ORIENTED_EDGE ( 'NONE', *, *, #1663, .F. ) ;
#1046 = CARTESIAN_POINT ( 'NONE',  ( 3.110000000000000320, 0.8800000000000000044, 1.000000000000000444 ) ) ;
#1047 = FACE_OUTER_BOUND ( 'NONE', #916, .T. ) ;
#1048 = PLANE ( 'NONE',  #1775 ) ;
#1049 = VERTEX_POINT ( 'NONE', #1154 ) ;
#1050 = CARTESIAN_POINT ( 'NONE',  ( 3.280000000000001137, 0.8800000000000000044, 0.8499999999999994227 ) ) ;
#1051 = EDGE_CURVE ( 'NONE', #1634, #931, #1722, .T. ) ;
#1052 = ORIENTED_EDGE ( 'NONE', *, *, #619, .F. ) ;
#1053 = ORIENTED_EDGE ( 'NONE', *, *, #1460, .T. ) ;
#1054 = AXIS2_PLACEMENT_3D ( 'NONE', #543, #246, #716 ) ;
#1055 = CARTESIAN_POINT ( 'NONE',  ( -5.729999999999999538, 0.4299999999999998268, -2.725000000000000089 ) ) ;
#1056 = ORIENTED_EDGE ( 'NONE', *, *, #302, .T. ) ;
#1057 = DIRECTION ( 'NONE',  ( 1.000000000000000000, 1.338521200599389420E-16, 0.000000000000000000 ) ) ;
#1058 = VECTOR ( 'NONE', #1661, 1000.000000000000000 ) ;
#1059 = STYLED_ITEM ( 'NONE', ( #414 ), #597 ) ;
#1060 = ADVANCED_FACE ( 'NONE', ( #54 ), #473, .T. ) ;
#1061 = COLOUR_RGB ( '',0.7921568627450980005, 0.8196078431372548767, 0.9333333333333333481 ) ;
#1062 = AXIS2_PLACEMENT_3D ( 'NONE', #1360, #1659, #814 ) ;
#1063 = CARTESIAN_POINT ( 'NONE',  ( -5.529999999999999361, 1.339999999999996527, 1.844999999999999973 ) ) ;
#1064 = EDGE_CURVE ( 'NONE', #510, #83, #159, .T. ) ;
#1065 = PLANE ( 'NONE',  #876 ) ;
#1066 = EDGE_LOOP ( 'NONE', ( #1805, #1439, #1559, #1031, #512, #1583 ) ) ;
#1067 = ORIENTED_EDGE ( 'NONE', *, *, #1842, .F. ) ;
#1068 = DIRECTION ( 'NONE',  ( 1.000000000000000000, 1.338521200599389420E-16, -0.000000000000000000 ) ) ;
#1069 = VERTEX_POINT ( 'NONE', #1759 ) ;
#1070 = ORIENTED_EDGE ( 'NONE', *, *, #929, .T. ) ;
#1071 = ORIENTED_EDGE ( 'NONE', *, *, #839, .F. ) ;
#1072 = SURFACE_STYLE_USAGE ( .BOTH. , #1509 ) ;
#1073 = PRODUCT_CONTEXT ( 'NONE', #830, 'mechanical' ) ;
#1074 = EDGE_CURVE ( 'NONE', #211, #1548, #187, .T. ) ;
#1075 = DIRECTION ( 'NONE',  ( 0.000000000000000000, 0.000000000000000000, -1.000000000000000000 ) ) ;
#1076 = CARTESIAN_POINT ( 'NONE',  ( -5.330000000000001847, -0.1700000000000001232, 1.844999999999999973 ) ) ;
#1077 = DIRECTION ( 'NONE',  ( 0.000000000000000000, -1.000000000000000000, 0.000000000000000000 ) ) ;
#1078 = ORIENTED_EDGE ( 'NONE', *, *, #727, .T. ) ;
#1079 = ORIENTED_EDGE ( 'NONE', *, *, #1265, .F. ) ;
#1080 = ORIENTED_EDGE ( 'NONE', *, *, #1006, .F. ) ;
#1081 = FILL_AREA_STYLE_COLOUR ( '', #377 ) ;
#1082 = EDGE_CURVE ( 'NONE', #88, #497, #460, .T. ) ;
#1083 = LINE ( 'NONE', #666, #729 ) ;
#1084 = ADVANCED_FACE ( 'NONE', ( #1047 ), #341, .T. ) ;
#1085 = VERTEX_POINT ( 'NONE', #452 ) ;
#1086 = ORIENTED_EDGE ( 'NONE', *, *, #1099, .F. ) ;
#1087 = EDGE_LOOP ( 'NONE', ( #623, #195, #127, #1517 ) ) ;
#1088 = DIRECTION ( 'NONE',  ( -1.000000000000000000, -1.073467497510401969E-16, 0.000000000000000000 ) ) ;
#1089 = AXIS2_PLACEMENT_3D ( 'NONE', #586, #1462, #737 ) ;
#1090 = DIRECTION ( 'NONE',  ( -0.000000000000000000, -0.000000000000000000, -1.000000000000000000 ) ) ;
#1091 = AXIS2_PLACEMENT_3D ( 'NONE', #1841, #1694, #1264 ) ;
#1092 = VECTOR ( 'NONE', #1207, 1000.000000000000000 ) ;
#1093 = COLOUR_RGB ( '',0.4980392156862745168, 0.4980392156862745168, 0.4980392156862745168 ) ;
#1094 =( LENGTH_UNIT ( ) NAMED_UNIT ( * ) SI_UNIT ( .MILLI., .METRE. ) );
#1095 = FILL_AREA_STYLE_COLOUR ( '', #1572 ) ;
#1096 = ADVANCED_FACE ( 'NONE', ( #890 ), #43, .F. ) ;
#1097 = ORIENTED_EDGE ( 'NONE', *, *, #263, .F. ) ;
#1098 = ORIENTED_EDGE ( 'NONE', *, *, #1405, .F. ) ;
#1099 = EDGE_CURVE ( 'NONE', #1378, #1225, #1372, .T. ) ;
#1100 = PLANE ( 'NONE',  #1062 ) ;
#1101 = CARTESIAN_POINT ( 'NONE',  ( 3.280000000000001137, 0.000000000000000000, 0.8499999999999994227 ) ) ;
#1102 = ORIENTED_EDGE ( 'NONE', *, *, #167, .F. ) ;
#1103 = CARTESIAN_POINT ( 'NONE',  ( -3.109999999999999432, 1.139999999999999902, -2.725000000000000089 ) ) ;
#1104 = DIRECTION ( 'NONE',  ( -0.000000000000000000, -0.000000000000000000, -1.000000000000000000 ) ) ;
#1105 = DIRECTION ( 'NONE',  ( 0.000000000000000000, 0.000000000000000000, 1.000000000000000000 ) ) ;
#1106 = DIRECTION ( 'NONE',  ( -1.000000000000000000, -1.073467497510401969E-16, -0.000000000000000000 ) ) ;
#1107 = ORIENTED_EDGE ( 'NONE', *, *, #467, .T. ) ;
#1108 = ORIENTED_EDGE ( 'NONE', *, *, #1422, .T. ) ;
#1109 = ORIENTED_EDGE ( 'NONE', *, *, #590, .T. ) ;
#1110 = DIRECTION ( 'NONE',  ( 0.000000000000000000, -1.000000000000000000, 0.000000000000000000 ) ) ;
#1111 = CARTESIAN_POINT ( 'NONE',  ( -5.529999999999999361, 1.339999999999996527, -1.844999999999999973 ) ) ;
#1112 = LINE ( 'NONE', #539, #965 ) ;
#1113 = EDGE_CURVE ( 'NONE', #949, #637, #63, .T. ) ;
#1114 = CIRCLE ( 'NONE', #47, 0.2500000000000000555 ) ;
#1115 = MECHANICAL_DESIGN_GEOMETRIC_PRESENTATION_REPRESENTATION (  '', ( #875 ), #496 ) ;
#1116 = AXIS2_PLACEMENT_3D ( 'NONE', #125, #703, #562 ) ;
#1117 = FACE_BOUND ( 'NONE', #1066, .T. ) ;
#1118 = ADVANCED_FACE ( 'NONE', ( #1359 ), #375, .T. ) ;
#1119 = VECTOR ( 'NONE', #292, 1000.000000000000000 ) ;
#1120 = CIRCLE ( 'NONE', #820, 0.4000000000000001887 ) ;
#1121 = CARTESIAN_POINT ( 'NONE',  ( 3.915538477238713622, 0.8800000000000000044, 1.729999999999999982 ) ) ;
#1122 = ORIENTED_EDGE ( 'NONE', *, *, #1175, .T. ) ;
#1123 = CARTESIAN_POINT ( 'NONE',  ( -3.109999999999999432, 1.739999999999999769, 2.725000000000000089 ) ) ;
#1124 = ORIENTED_EDGE ( 'NONE', *, *, #1422, .F. ) ;
#1125 = DIRECTION ( 'NONE',  ( 0.000000000000000000, 1.000000000000000000, 0.000000000000000000 ) ) ;
#1126 = DIRECTION ( 'NONE',  ( 1.000000000000000000, 0.000000000000000000, 0.000000000000000000 ) ) ;
#1127 = ADVANCED_FACE ( 'NONE', ( #809 ), #926, .F. ) ;
#1128 = DIRECTION ( 'NONE',  ( 1.000000000000000000, -0.000000000000000000, -0.000000000000000000 ) ) ;
#1129 = FACE_OUTER_BOUND ( 'NONE', #1749, .T. ) ;
#1130 = ORIENTED_EDGE ( 'NONE', *, *, #153, .T. ) ;
#1131 = EDGE_LOOP ( 'NONE', ( #171, #163, #1385, #1056 ) ) ;
#1132 = CARTESIAN_POINT ( 'NONE',  ( 3.110000000000000764, 0.8800000000000000044, -2.729999999999999982 ) ) ;
#1133 = FACE_OUTER_BOUND ( 'NONE', #238, .T. ) ;
#1134 = LINE ( 'NONE', #693, #735 ) ;
#1135 = ADVANCED_FACE ( 'NONE', ( #1793 ), #1632, .T. ) ;
#1136 =( LENGTH_UNIT ( ) NAMED_UNIT ( * ) SI_UNIT ( .MILLI., .METRE. ) );
#1137 = VERTEX_POINT ( 'NONE', #1500 ) ;
#1138 = CARTESIAN_POINT ( 'NONE',  ( -5.129999999999999005, 1.339999999999999636, 2.725000000000000089 ) ) ;
#1139 = ORIENTED_EDGE ( 'NONE', *, *, #1457, .T. ) ;
#1140 = CARTESIAN_POINT ( 'NONE',  ( 3.130000000000001226, 0.8800000000000000044, -0.8499999999999994227 ) ) ;
#1141 = UNCERTAINTY_MEASURE_WITH_UNIT (LENGTH_MEASURE( 1.000000000000000082E-05 ), #1333, 'distance_accuracy_value', 'NONE');
#1142 = LINE ( 'NONE', #752, #648 ) ;
#1143 = LINE ( 'NONE', #122, #1744 ) ;
#1144 = DIRECTION ( 'NONE',  ( -0.000000000000000000, -0.000000000000000000, -1.000000000000000000 ) ) ;
#1145 = AXIS2_PLACEMENT_3D ( 'NONE', #2, #1824, #109 ) ;
#1146 = COLOUR_RGB ( '',0.4980392156862745168, 0.4980392156862745168, 0.4980392156862745168 ) ;
#1147 = CARTESIAN_POINT ( 'NONE',  ( -5.330000000000000071, 0.2299999999999999545, -2.725000000000000089 ) ) ;
#1148 = ORIENTED_EDGE ( 'NONE', *, *, #217, .T. ) ;
#1149 = CIRCLE ( 'NONE', #1658, 0.1499999999999999667 ) ;
#1150 = EDGE_CURVE ( 'NONE', #1552, #787, #222, .T. ) ;
#1151 = ORIENTED_EDGE ( 'NONE', *, *, #1441, .F. ) ;
#1152 = EDGE_CURVE ( 'NONE', #510, #1172, #671, .T. ) ;
#1153 = LINE ( 'NONE', #1721, #1687 ) ;
#1154 = CARTESIAN_POINT ( 'NONE',  ( -6.039999999999998259, 0.4299999999999997713, -2.725000000000000089 ) ) ;
#1155 =( NAMED_UNIT ( * ) PLANE_ANGLE_UNIT ( ) SI_UNIT ( $, .RADIAN. ) );
#1156 = ORIENTED_EDGE ( 'NONE', *, *, #872, .T. ) ;
#1157 = CARTESIAN_POINT ( 'NONE',  ( -5.729999999999998650, 0.6299999999999996714, 2.725000000000000089 ) ) ;
#1158 = EDGE_LOOP ( 'NONE', ( #1524, #1124, #355, #1730 ) ) ;
#1159 = EDGE_CURVE ( 'NONE', #488, #1069, #357, .T. ) ;
#1160 = FILL_AREA_STYLE_COLOUR ( '', #462 ) ;
#1161 = ORIENTED_EDGE ( 'NONE', *, *, #302, .F. ) ;
#1162 = CARTESIAN_POINT ( 'NONE',  ( 0.000000000000000000, 0.000000000000000000, 0.4400000000000000022 ) ) ;
#1163 = DIRECTION ( 'NONE',  ( 0.000000000000000000, 0.000000000000000000, -1.000000000000000000 ) ) ;
#1164 = SURFACE_STYLE_FILL_AREA ( #301 ) ;
#1165 = LINE ( 'NONE', #1592, #22 ) ;
#1166 = CARTESIAN_POINT ( 'NONE',  ( -3.110000000000000320, 2.549999999999999822, -3.365000000000000657 ) ) ;
#1167 = FILL_AREA_STYLE ('',( #1010 ) ) ;
#1168 = ORIENTED_EDGE ( 'NONE', *, *, #1247, .F. ) ;
#1169 = CARTESIAN_POINT ( 'NONE',  ( 0.000000000000000000, 0.000000000000000000, -0.4400000000000000022 ) ) ;
#1170 = DIRECTION ( 'NONE',  ( 0.000000000000000000, -1.000000000000000000, 0.000000000000000000 ) ) ;
#1171 = FACE_OUTER_BOUND ( 'NONE', #201, .T. ) ;
#1172 = VERTEX_POINT ( 'NONE', #1103 ) ;
#1173 = ORIENTED_EDGE ( 'NONE', *, *, #273, .T. ) ;
#1174 = CARTESIAN_POINT ( 'NONE',  ( -3.109999999999999432, 1.739999999999999769, 0.4400000000000000022 ) ) ;
#1175 = EDGE_CURVE ( 'NONE', #488, #778, #1670, .T. ) ;
#1176 = AXIS2_PLACEMENT_3D ( 'NONE', #1407, #141, #710 ) ;
#1177 = VECTOR ( 'NONE', #564, 1000.000000000000000 ) ;
#1178 = ORIENTED_EDGE ( 'NONE', *, *, #1663, .T. ) ;
#1179 = CLOSED_SHELL ( 'NONE', ( #1396, #597, #1817, #1096, #1369, #503, #514, #1127, #1491, #322, #199, #206, #1618, #1546, #791, #1060, #955, #129, #766, #335, #983, #1118, #1381, #537, #700, #121, #1698, #742, #1211, #672, #819, #1493, #841, #45, #8, #679, #630, #885, #1205, #492, #1135, #1716, #102, #1084, #900, #944, #1292, #1187, #976, #688, #68, #82, #1008 ) ) ;
#1180 = LINE ( 'NONE', #606, #225 ) ;
#1181 = VERTEX_POINT ( 'NONE', #426 ) ;
#1182 = VECTOR ( 'NONE', #668, 1000.000000000000000 ) ;
#1183 = VECTOR ( 'NONE', #920, 1000.000000000000000 ) ;
#1184 =( LENGTH_UNIT ( ) NAMED_UNIT ( * ) SI_UNIT ( .MILLI., .METRE. ) );
#1185 = LINE ( 'NONE', #332, #738 ) ;
#1186 = CARTESIAN_POINT ( 'NONE',  ( 3.109999999999999432, 2.549999999999999822, -3.365000000000000657 ) ) ;
#1187 = ADVANCED_FACE ( 'NONE', ( #699 ), #120, .T. ) ;
#1188 = ORIENTED_EDGE ( 'NONE', *, *, #590, .F. ) ;
#1189 = DIRECTION ( 'NONE',  ( -1.000000000000000000, -0.000000000000000000, 2.168404344971010594E-16 ) ) ;
#1190 = PLANE ( 'NONE',  #287 ) ;
#1191 = ORIENTED_EDGE ( 'NONE', *, *, #366, .F. ) ;
#1192 = PRESENTATION_STYLE_ASSIGNMENT (( #517 ) ) ;
#1193 = ORIENTED_EDGE ( 'NONE', *, *, #1281, .F. ) ;
#1194 = FACE_OUTER_BOUND ( 'NONE', #16, .T. ) ;
#1195 = DIRECTION ( 'NONE',  ( -0.000000000000000000, -0.000000000000000000, -1.000000000000000000 ) ) ;
#1196 = LINE ( 'NONE', #474, #940 ) ;
#1197 = ORIENTED_EDGE ( 'NONE', *, *, #1257, .T. ) ;
#1198 = DIRECTION ( 'NONE',  ( -0.000000000000000000, -0.000000000000000000, -1.000000000000000000 ) ) ;
#1199 = ORIENTED_EDGE ( 'NONE', *, *, #1756, .T. ) ;
#1200 = CYLINDRICAL_SURFACE ( 'NONE', #1272, 0.2500000000000000555 ) ;
#1201 = ORIENTED_EDGE ( 'NONE', *, *, #608, .T. ) ;
#1202 = CARTESIAN_POINT ( 'NONE',  ( 3.130000000000000338, 0.8800000000000000044, 1.000000000000000444 ) ) ;
#1203 = ORIENTED_EDGE ( 'NONE', *, *, #1175, .F. ) ;
#1204 = CARTESIAN_POINT ( 'NONE',  ( 3.110000000000000764, 0.000000000000000000, 2.729999999999999982 ) ) ;
#1205 = ADVANCED_FACE ( 'NONE', ( #978 ), #258, .F. ) ;
#1206 = CARTESIAN_POINT ( 'NONE',  ( -5.330000000000000071, 0.2299999999999999545, 2.725000000000000089 ) ) ;
#1207 = DIRECTION ( 'NONE',  ( 0.000000000000000000, 1.000000000000000000, 0.000000000000000000 ) ) ;
#1208 = LINE ( 'NONE', #1776, #464 ) ;
#1209 = ORIENTED_EDGE ( 'NONE', *, *, #555, .T. ) ;
#1210 = MECHANICAL_DESIGN_GEOMETRIC_PRESENTATION_REPRESENTATION (  '', ( #1018 ), #1779 ) ;
#1211 = ADVANCED_FACE ( 'NONE', ( #1829 ), #556, .F. ) ;
#1212 = VECTOR ( 'NONE', #114, 1000.000000000000000 ) ;
#1213 = LINE ( 'NONE', #714, #705 ) ;
#1214 = ORIENTED_EDGE ( 'NONE', *, *, #4, .T. ) ;
#1215 = ORIENTED_EDGE ( 'NONE', *, *, #247, .T. ) ;
#1216 = DIRECTION ( 'NONE',  ( 0.000000000000000000, 0.000000000000000000, 1.000000000000000000 ) ) ;
#1217 =( GEOMETRIC_REPRESENTATION_CONTEXT ( 3 ) GLOBAL_UNCERTAINTY_ASSIGNED_CONTEXT ( ( #1610 ) ) GLOBAL_UNIT_ASSIGNED_CONTEXT ( ( #1184, #314, #1461 ) ) REPRESENTATION_CONTEXT ( 'NONE', 'WORKASPACE' ) );
#1218 = VECTOR ( 'NONE', #1362, 1000.000000000000000 ) ;
#1219 = CARTESIAN_POINT ( 'NONE',  ( -3.109999999999999432, 1.139999999999999902, 0.4400000000000000022 ) ) ;
#1220 = CARTESIAN_POINT ( 'NONE',  ( 3.109999999999999876, 0.8800000000000001155, -0.9999999999999991118 ) ) ;
#1221 = ORIENTED_EDGE ( 'NONE', *, *, #1418, .T. ) ;
#1222 = SURFACE_SIDE_STYLE ('',( #1344 ) ) ;
#1223 = EDGE_LOOP ( 'NONE', ( #957, #1098, #577, #1078 ) ) ;
#1224 = CYLINDRICAL_SURFACE ( 'NONE', #1399, 0.1499999999999999667 ) ;
#1225 = VERTEX_POINT ( 'NONE', #128 ) ;
#1226 = CARTESIAN_POINT ( 'NONE',  ( -5.330000000000000071, 0.2299999999999999545, 2.725000000000000089 ) ) ;
#1227 = CARTESIAN_POINT ( 'NONE',  ( -5.729999999999999538, 0.4299999999999998268, 2.725000000000000089 ) ) ;
#1228 = LINE ( 'NONE', #353, #132 ) ;
#1229 = ORIENTED_EDGE ( 'NONE', *, *, #385, .T. ) ;
#1230 = EDGE_LOOP ( 'NONE', ( #1021, #966, #198, #1473 ) ) ;
#1231 =( NAMED_UNIT ( * ) SI_UNIT ( $, .STERADIAN. ) SOLID_ANGLE_UNIT ( ) );
#1232 = DIRECTION ( 'NONE',  ( 0.000000000000000000, -1.000000000000000000, 0.000000000000000000 ) ) ;
#1233 = EDGE_CURVE ( 'NONE', #743, #297, #1278, .T. ) ;
#1234 = DIRECTION ( 'NONE',  ( -1.000000000000000000, 0.000000000000000000, 0.000000000000000000 ) ) ;
#1235 = EDGE_CURVE ( 'NONE', #1284, #1785, #1806, .T. ) ;
#1236 = FACE_OUTER_BOUND ( 'NONE', #1727, .T. ) ;
#1237 = VERTEX_POINT ( 'NONE', #1123 ) ;
#1238 = STYLED_ITEM ( 'NONE', ( #1800 ), #1127 ) ;
#1239 = ORIENTED_EDGE ( 'NONE', *, *, #748, .F. ) ;
#1240 = SURFACE_STYLE_FILL_AREA ( #1647 ) ;
#1241 = VECTOR ( 'NONE', #1110, 1000.000000000000000 ) ;
#1242 = VERTEX_POINT ( 'NONE', #1560 ) ;
#1243 = FACE_OUTER_BOUND ( 'NONE', #393, .T. ) ;
#1244 = VECTOR ( 'NONE', #1068, 1000.000000000000000 ) ;
#1245 = VECTOR ( 'NONE', #177, 1000.000000000000000 ) ;
#1246 = VECTOR ( 'NONE', #441, 1000.000000000000000 ) ;
#1247 = EDGE_CURVE ( 'NONE', #1069, #780, #840, .T. ) ;
#1248 = LINE ( 'NONE', #667, #1374 ) ;
#1249 = ORIENTED_EDGE ( 'NONE', *, *, #1533, .T. ) ;
#1250 = DIRECTION ( 'NONE',  ( -0.000000000000000000, 1.000000000000000000, -0.000000000000000000 ) ) ;
#1251 = FACE_OUTER_BOUND ( 'NONE', #1223, .T. ) ;
#1252 = CARTESIAN_POINT ( 'NONE',  ( -4.097244119223166336, 1.739999999999999769, 0.4400000000000000022 ) ) ;
#1253 = DIRECTION ( 'NONE',  ( 0.000000000000000000, 0.000000000000000000, -1.000000000000000000 ) ) ;
#1254 = VERTEX_POINT ( 'NONE', #683 ) ;
#1255 = ORIENTED_EDGE ( 'NONE', *, *, #1411, .T. ) ;
#1256 = FACE_OUTER_BOUND ( 'NONE', #1370, .T. ) ;
#1257 = EDGE_CURVE ( 'NONE', #888, #398, #826, .T. ) ;
#1258 = DIRECTION ( 'NONE',  ( -0.000000000000000000, 0.000000000000000000, 1.000000000000000000 ) ) ;
#1259 = DIRECTION ( 'NONE',  ( -1.000000000000000000, 0.000000000000000000, 0.000000000000000000 ) ) ;
#1260 = ORIENTED_EDGE ( 'NONE', *, *, #369, .F. ) ;
#1261 = PLANE ( 'NONE',  #1543 ) ;
#1262 = DIRECTION ( 'NONE',  ( -1.000000000000000000, 0.000000000000000000, 0.000000000000000000 ) ) ;
#1263 = VERTEX_POINT ( 'NONE', #951 ) ;
#1264 = DIRECTION ( 'NONE',  ( -1.000000000000000000, 0.000000000000000000, 0.000000000000000000 ) ) ;
#1265 = EDGE_CURVE ( 'NONE', #1798, #778, #1823, .T. ) ;
#1266 = CARTESIAN_POINT ( 'NONE',  ( -5.529999999999998472, 0.6299999999999996714, 1.844999999999999973 ) ) ;
#1267 = DIRECTION ( 'NONE',  ( -0.000000000000000000, 0.000000000000000000, -1.000000000000000000 ) ) ;
#1268 = VECTOR ( 'NONE', #959, 1000.000000000000000 ) ;
#1269 = AXIS2_PLACEMENT_3D ( 'NONE', #9, #1032, #311 ) ;
#1270 = VECTOR ( 'NONE', #1586, 1000.000000000000000 ) ;
#1271 = DIRECTION ( 'NONE',  ( -1.000000000000000000, 0.000000000000000000, 0.000000000000000000 ) ) ;
#1272 = AXIS2_PLACEMENT_3D ( 'NONE', #1364, #798, #509 ) ;
#1273 = PRESENTATION_LAYER_ASSIGNMENT (  '', '', ( #1303 ) ) ;
#1274 = CARTESIAN_POINT ( 'NONE',  ( -4.929999999999999716, 0.9399999999999983924, 1.844999999999999973 ) ) ;
#1275 = ORIENTED_EDGE ( 'NONE', *, *, #1566, .T. ) ;
#1276 = ORIENTED_EDGE ( 'NONE', *, *, #1012, .T. ) ;
#1277 = EDGE_CURVE ( 'NONE', #1767, #743, #709, .T. ) ;
#1278 = LINE ( 'NONE', #418, #1331 ) ;
#1279 = CARTESIAN_POINT ( 'NONE',  ( -6.039999999999998259, 0.4299999999999997713, -2.725000000000000089 ) ) ;
#1280 = CARTESIAN_POINT ( 'NONE',  ( 4.915538477238712289, 0.8800000000000000044, -1.730000000000000204 ) ) ;
#1281 = EDGE_CURVE ( 'NONE', #342, #88, #1567, .T. ) ;
#1282 = CARTESIAN_POINT ( 'NONE',  ( -4.729999999999999538, 0.9399999999999997247, 2.725000000000000089 ) ) ;
#1283 = LINE ( 'NONE', #1121, #584 ) ;
#1284 = VERTEX_POINT ( 'NONE', #958 ) ;
#1285 = LINE ( 'NONE', #1, #551 ) ;
#1286 = DIRECTION ( 'NONE',  ( -0.000000000000000000, -0.000000000000000000, -1.000000000000000000 ) ) ;
#1287 = CARTESIAN_POINT ( 'NONE',  ( -3.109999999999999432, 1.739999999999999769, -0.4400000000000000022 ) ) ;
#1288 = DIRECTION ( 'NONE',  ( 1.000000000000000000, 0.000000000000000000, 0.000000000000000000 ) ) ;
#1289 = EDGE_CURVE ( 'NONE', #1237, #1378, #1816, .T. ) ;
#1290 = CARTESIAN_POINT ( 'NONE',  ( -4.097244119223166336, 1.739999999999999769, 0.4400000000000000022 ) ) ;
#1291 = ORIENTED_EDGE ( 'NONE', *, *, #1740, .T. ) ;
#1292 = ADVANCED_FACE ( 'NONE', ( #1256 ), #285, .T. ) ;
#1293 = FILL_AREA_STYLE ('',( #1160 ) ) ;
#1294 = CARTESIAN_POINT ( 'NONE',  ( -4.729999999999997762, 1.139999999999999680, 2.725000000000000089 ) ) ;
#1295 = LINE ( 'NONE', #745, #1366 ) ;
#1296 = FILL_AREA_STYLE_COLOUR ( '', #293 ) ;
#1297 = FACE_BOUND ( 'NONE', #1346, .T. ) ;
#1298 = COLOUR_RGB ( '',0.4980392156862745168, 0.4980392156862745168, 0.4980392156862745168 ) ;
#1299 = VECTOR ( 'NONE', #1057, 1000.000000000000000 ) ;
#1300 = AXIS2_PLACEMENT_3D ( 'NONE', #1692, #1001, #442 ) ;
#1301 = LINE ( 'NONE', #23, #77 ) ;
#1302 = VECTOR ( 'NONE', #401, 1000.000000000000000 ) ;
#1303 = STYLED_ITEM ( 'NONE', ( #1705 ), #514 ) ;
#1304 = PRODUCT_DEFINITION_FORMATION_WITH_SPECIFIED_SOURCE ( 'ANY', '', #1672, .NOT_KNOWN. ) ;
#1305 = VECTOR ( 'NONE', #860, 1000.000000000000000 ) ;
#1306 = SURFACE_SIDE_STYLE ('',( #1582 ) ) ;
#1307 = ORIENTED_EDGE ( 'NONE', *, *, #560, .F. ) ;
#1308 = CARTESIAN_POINT ( 'NONE',  ( -3.109999999999999432, 1.739999999999999769, -1.844999999999999973 ) ) ;
#1309 = LINE ( 'NONE', #1620, #251 ) ;
#1310 = ORIENTED_EDGE ( 'NONE', *, *, #997, .F. ) ;
#1311 = LINE ( 'NONE', #1050, #407 ) ;
#1312 = ORIENTED_EDGE ( 'NONE', *, *, #800, .T. ) ;
#1313 = EDGE_CURVE ( 'NONE', #1263, #29, #1432, .T. ) ;
#1314 = UNCERTAINTY_MEASURE_WITH_UNIT (LENGTH_MEASURE( 1.000000000000000082E-05 ), #758, 'distance_accuracy_value', 'NONE');
#1315 = PLANE ( 'NONE',  #190 ) ;
#1316 = DIRECTION ( 'NONE',  ( -1.933198524491241224E-16, -0.000000000000000000, -1.000000000000000000 ) ) ;
#1317 = EDGE_CURVE ( 'NONE', #1808, #342, #1285, .T. ) ;
#1318 = DIRECTION ( 'NONE',  ( 0.000000000000000000, 0.000000000000000000, -1.000000000000000000 ) ) ;
#1319 = ORIENTED_EDGE ( 'NONE', *, *, #1437, .T. ) ;
#1320 = DIRECTION ( 'NONE',  ( 1.000000000000000000, 0.000000000000000000, 0.000000000000000000 ) ) ;
#1321 = PLANE ( 'NONE',  #675 ) ;
#1322 = ORIENTED_EDGE ( 'NONE', *, *, #1235, .F. ) ;
#1323 = EDGE_CURVE ( 'NONE', #1822, #104, #1530, .T. ) ;
#1324 = MANIFOLD_SOLID_BREP ( 'Boss-Extrude4', #1179 ) ;
#1325 = DIRECTION ( 'NONE',  ( 0.000000000000000000, -0.000000000000000000, 1.000000000000000000 ) ) ;
#1326 = LINE ( 'NONE', #13, #816 ) ;
#1327 =( NAMED_UNIT ( * ) SI_UNIT ( $, .STERADIAN. ) SOLID_ANGLE_UNIT ( ) );
#1328 = EDGE_CURVE ( 'NONE', #29, #1504, #887, .T. ) ;
#1329 = CARTESIAN_POINT ( 'NONE',  ( 3.915538477238713622, 0.8800000000000000044, -1.729999999999999982 ) ) ;
#1330 = CARTESIAN_POINT ( 'NONE',  ( -5.129999999999996341, 1.739999999999999769, -2.725000000000000089 ) ) ;
#1331 = VECTOR ( 'NONE', #1414, 1000.000000000000000 ) ;
#1332 = VECTOR ( 'NONE', #205, 1000.000000000000000 ) ;
#1333 =( LENGTH_UNIT ( ) NAMED_UNIT ( * ) SI_UNIT ( .MILLI., .METRE. ) );
#1334 = ORIENTED_EDGE ( 'NONE', *, *, #713, .F. ) ;
#1335 = CIRCLE ( 'NONE', #939, 0.4000000000000001887 ) ;
#1336 = EDGE_CURVE ( 'NONE', #1043, #977, #1476, .T. ) ;
#1337 = CARTESIAN_POINT ( 'NONE',  ( -5.129999999999999005, 1.339999999999999636, -1.844999999999999973 ) ) ;
#1338 = CARTESIAN_POINT ( 'NONE',  ( -4.097244119223166336, 1.139999999999999902, 0.4400000000000000022 ) ) ;
#1339 = APPLICATION_CONTEXT ( 'automotive_design' ) ;
#1340 = ORIENTED_EDGE ( 'NONE', *, *, #328, .F. ) ;
#1341 = CARTESIAN_POINT ( 'NONE',  ( 3.109999999999999876, 0.000000000000000000, -1.000000000000000000 ) ) ;
#1342 = EDGE_CURVE ( 'NONE', #425, #1767, #1738, .T. ) ;
#1343 = DIRECTION ( 'NONE',  ( -0.000000000000000000, 0.000000000000000000, -1.000000000000000000 ) ) ;
#1344 = SURFACE_STYLE_FILL_AREA ( #1616 ) ;
#1345 = EDGE_LOOP ( 'NONE', ( #138, #352, #782, #233 ) ) ;
#1346 = EDGE_LOOP ( 'NONE', ( #519, #525, #1791, #1720 ) ) ;
#1347 = VERTEX_POINT ( 'NONE', #732 ) ;
#1348 = DIRECTION ( 'NONE',  ( 1.000000000000000000, 0.000000000000000000, -0.000000000000000000 ) ) ;
#1349 = LINE ( 'NONE', #1465, #524 ) ;
#1350 = EDGE_CURVE ( 'NONE', #1049, #1798, #1180, .T. ) ;
#1351 = EDGE_CURVE ( 'NONE', #1548, #500, #147, .T. ) ;
#1352 = ORIENTED_EDGE ( 'NONE', *, *, #929, .F. ) ;
#1353 = ORIENTED_EDGE ( 'NONE', *, *, #1783, .T. ) ;
#1354 = LINE ( 'NONE', #67, #1244 ) ;
#1355 = ORIENTED_EDGE ( 'NONE', *, *, #755, .F. ) ;
#1356 = PRODUCT_DEFINITION ( 'UNKNOWN', '', #1304, #437 ) ;
#1357 = CARTESIAN_POINT ( 'NONE',  ( -3.110000000000000320, 0.000000000000000000, -3.365000000000000657 ) ) ;
#1358 = ORIENTED_EDGE ( 'NONE', *, *, #1480, .F. ) ;
#1359 = FACE_OUTER_BOUND ( 'NONE', #312, .T. ) ;
#1360 = CARTESIAN_POINT ( 'NONE',  ( -3.109999999999999432, 1.139999999999999902, -2.725000000000000089 ) ) ;
#1361 = EDGE_CURVE ( 'NONE', #977, #975, #847, .T. ) ;
#1362 = DIRECTION ( 'NONE',  ( 0.000000000000000000, -1.000000000000000000, 0.000000000000000000 ) ) ;
#1363 = VERTEX_POINT ( 'NONE', #1458 ) ;
#1364 = CARTESIAN_POINT ( 'NONE',  ( -0.6100000000000003197, 2.299999999999999822, 0.000000000000000000 ) ) ;
#1365 = ORIENTED_EDGE ( 'NONE', *, *, #266, .T. ) ;
#1366 = VECTOR ( 'NONE', #599, 1000.000000000000000 ) ;
#1367 = VECTOR ( 'NONE', #394, 1000.000000000000000 ) ;
#1368 = VECTOR ( 'NONE', #1438, 1000.000000000000000 ) ;
#1369 = ADVANCED_FACE ( 'NONE', ( #39 ), #1321, .F. ) ;
#1370 = EDGE_LOOP ( 'NONE', ( #749, #254, #1601, #215 ) ) ;
#1371 = ORIENTED_EDGE ( 'NONE', *, *, #1150, .F. ) ;
#1372 = LINE ( 'NONE', #1525, #935 ) ;
#1373 = VECTOR ( 'NONE', #870, 1000.000000000000000 ) ;
#1374 = VECTOR ( 'NONE', #1106, 1000.000000000000000 ) ;
#1375 = CARTESIAN_POINT ( 'NONE',  ( -5.729999999999999538, 0.4299999999999998268, -2.725000000000000089 ) ) ;
#1376 = SURFACE_STYLE_FILL_AREA ( #1660 ) ;
#1377 =( NAMED_UNIT ( * ) PLANE_ANGLE_UNIT ( ) SI_UNIT ( $, .RADIAN. ) );
#1378 = VERTEX_POINT ( 'NONE', #329 ) ;
#1379 = ORIENTED_EDGE ( 'NONE', *, *, #203, .T. ) ;
#1380 = DIRECTION ( 'NONE',  ( 1.000000000000000000, 0.000000000000000000, 2.401947532336440402E-16 ) ) ;
#1381 = ADVANCED_FACE ( 'NONE', ( #894 ), #59, .F. ) ;
#1382 = PLANE ( 'NONE',  #1653 ) ;
#1383 = EDGE_CURVE ( 'NONE', #631, #1237, #361, .T. ) ;
#1384 = DIRECTION ( 'NONE',  ( -1.000000000000000000, 0.000000000000000000, 0.000000000000000000 ) ) ;
#1385 = ORIENTED_EDGE ( 'NONE', *, *, #544, .F. ) ;
#1386 = DIRECTION ( 'NONE',  ( -0.000000000000000000, -0.000000000000000000, 1.000000000000000000 ) ) ;
#1387 = ORIENTED_EDGE ( 'NONE', *, *, #1159, .F. ) ;
#1388 = ORIENTED_EDGE ( 'NONE', *, *, #821, .T. ) ;
#1389 = EDGE_CURVE ( 'NONE', #1347, #40, #779, .T. ) ;
#1390 = CARTESIAN_POINT ( 'NONE',  ( 3.110000000000000764, 0.8800000000000000044, 2.729999999999999982 ) ) ;
#1391 = DIRECTION ( 'NONE',  ( 0.000000000000000000, 0.000000000000000000, 1.000000000000000000 ) ) ;
#1392 = CARTESIAN_POINT ( 'NONE',  ( -0.6100000000000003197, 2.549999999999999822, -0.2500000000000000555 ) ) ;
#1393 = ORIENTED_EDGE ( 'NONE', *, *, #544, .T. ) ;
#1394 = AXIS2_PLACEMENT_3D ( 'NONE', #1802, #804, #927 ) ;
#1395 = DIRECTION ( 'NONE',  ( -2.401947532336440402E-16, 0.000000000000000000, -1.000000000000000000 ) ) ;
#1396 = ADVANCED_FACE ( 'NONE', ( #786 ), #1200, .F. ) ;
#1397 = FACE_OUTER_BOUND ( 'NONE', #196, .T. ) ;
#1398 = AXIS2_PLACEMENT_3D ( 'NONE', #546, #1267, #853 ) ;
#1399 = AXIS2_PLACEMENT_3D ( 'NONE', #373, #340, #504 ) ;
#1400 = LINE ( 'NONE', #270, #227 ) ;
#1401 = AXIS2_PLACEMENT_3D ( 'NONE', #1282, #152, #1271 ) ;
#1402 = DIRECTION ( 'NONE',  ( -1.000000000000000000, -1.073467497510401969E-16, 0.000000000000000000 ) ) ;
#1403 = DIRECTION ( 'NONE',  ( -0.000000000000000000, -0.000000000000000000, 1.000000000000000000 ) ) ;
#1404 = ORIENTED_EDGE ( 'NONE', *, *, #1734, .T. ) ;
#1405 = EDGE_CURVE ( 'NONE', #1799, #1634, #1764, .T. ) ;
#1406 = DIRECTION ( 'NONE',  ( 0.000000000000000000, -1.000000000000000000, 0.000000000000000000 ) ) ;
#1407 = CARTESIAN_POINT ( 'NONE',  ( -3.109999999999999432, 1.739999999999999769, -2.725000000000000089 ) ) ;
#1408 = DIRECTION ( 'NONE',  ( -0.000000000000000000, -0.000000000000000000, -1.000000000000000000 ) ) ;
#1409 = SURFACE_STYLE_FILL_AREA ( #829 ) ;
#1410 = FACE_OUTER_BOUND ( 'NONE', #680, .T. ) ;
#1411 = EDGE_CURVE ( 'NONE', #780, #508, #1335, .T. ) ;
#1412 = ORIENTED_EDGE ( 'NONE', *, *, #320, .F. ) ;
#1413 = ORIENTED_EDGE ( 'NONE', *, *, #1594, .F. ) ;
#1414 = DIRECTION ( 'NONE',  ( -1.933198524491241224E-16, -0.000000000000000000, -1.000000000000000000 ) ) ;
#1415 = CARTESIAN_POINT ( 'NONE',  ( 3.915538477238713622, 0.000000000000000000, -1.729999999999999982 ) ) ;
#1416 = CARTESIAN_POINT ( 'NONE',  ( -3.110000000000000320, 1.139999999999999902, -1.844999999999999973 ) ) ;
#1417 = CARTESIAN_POINT ( 'NONE',  ( 0.000000000000000000, 0.000000000000000000, 0.000000000000000000 ) ) ;
#1418 = EDGE_CURVE ( 'NONE', #663, #451, #1426, .T. ) ;
#1419 = DIRECTION ( 'NONE',  ( 1.000000000000000000, 0.000000000000000000, 0.000000000000000000 ) ) ;
#1420 = ORIENTED_EDGE ( 'NONE', *, *, #1016, .F. ) ;
#1421 = CARTESIAN_POINT ( 'NONE',  ( 3.110000000000000764, 0.8800000000000000044, 2.729999999999999982 ) ) ;
#1422 = EDGE_CURVE ( 'NONE', #137, #486, #1228, .T. ) ;
#1423 = DIRECTION ( 'NONE',  ( 2.168404344971010594E-16, 0.000000000000000000, 1.000000000000000000 ) ) ;
#1424 = DIRECTION ( 'NONE',  ( 1.221636250687900270E-15, -1.000000000000000000, 0.000000000000000000 ) ) ;
#1425 = VECTOR ( 'NONE', #521, 1000.000000000000000 ) ;
#1426 = CIRCLE ( 'NONE', #1835, 0.2500000000000000555 ) ;
#1427 =( GEOMETRIC_REPRESENTATION_CONTEXT ( 3 ) GLOBAL_UNCERTAINTY_ASSIGNED_CONTEXT ( ( #1468 ) ) GLOBAL_UNIT_ASSIGNED_CONTEXT ( ( #466, #1038, #740 ) ) REPRESENTATION_CONTEXT ( 'NONE', 'WORKASPACE' ) );
#1428 = CARTESIAN_POINT ( 'NONE',  ( -5.129999999999996341, 1.739999999999999769, -2.725000000000000089 ) ) ;
#1429 = PRESENTATION_LAYER_ASSIGNMENT (  '', '', ( #823 ) ) ;
#1430 = ORIENTED_EDGE ( 'NONE', *, *, #1351, .F. ) ;
#1431 = ORIENTED_EDGE ( 'NONE', *, *, #1587, .F. ) ;
#1432 = LINE ( 'NONE', #969, #612 ) ;
#1433 = CARTESIAN_POINT ( 'NONE',  ( -5.529999999999999361, 1.339999999999996527, 2.725000000000000089 ) ) ;
#1434 = LINE ( 'NONE', #1837, #1542 ) ;
#1435 = EDGE_CURVE ( 'NONE', #888, #949, #930, .T. ) ;
#1436 = DIRECTION ( 'NONE',  ( -1.933198524491241224E-16, -0.000000000000000000, -1.000000000000000000 ) ) ;
#1437 = EDGE_CURVE ( 'NONE', #1548, #888, #197, .T. ) ;
#1438 = DIRECTION ( 'NONE',  ( 1.000000000000000000, 1.338521200599389420E-16, -0.000000000000000000 ) ) ;
#1439 = ORIENTED_EDGE ( 'NONE', *, *, #560, .T. ) ;
#1440 = DIRECTION ( 'NONE',  ( 0.000000000000000000, -1.000000000000000000, 0.000000000000000000 ) ) ;
#1441 = EDGE_CURVE ( 'NONE', #1477, #237, #95, .T. ) ;
#1442 = DIRECTION ( 'NONE',  ( -0.000000000000000000, -0.000000000000000000, 1.000000000000000000 ) ) ;
#1443 = PLANE ( 'NONE',  #1089 ) ;
#1444 = FACE_BOUND ( 'NONE', #62, .T. ) ;
#1445 = CARTESIAN_POINT ( 'NONE',  ( 4.915538477238712289, 0.8800000000000000044, 1.730000000000000204 ) ) ;
#1446 =( NAMED_UNIT ( * ) PLANE_ANGLE_UNIT ( ) SI_UNIT ( $, .RADIAN. ) );
#1447 = VERTEX_POINT ( 'NONE', #208 ) ;
#1448 = CARTESIAN_POINT ( 'NONE',  ( -5.529999999999998472, 0.6299999999999996714, 2.725000000000000089 ) ) ;
#1449 = FACE_OUTER_BOUND ( 'NONE', #773, .T. ) ;
#1450 = DIRECTION ( 'NONE',  ( -0.000000000000000000, -0.000000000000000000, 1.000000000000000000 ) ) ;
#1451 = VECTOR ( 'NONE', #1316, 1000.000000000000000 ) ;
#1452 = MECHANICAL_DESIGN_GEOMETRIC_PRESENTATION_REPRESENTATION (  '', ( #434 ), #1515 ) ;
#1453 = VECTOR ( 'NONE', #1402, 1000.000000000000000 ) ;
#1454 = DIRECTION ( 'NONE',  ( 1.000000000000000000, 0.000000000000000000, -0.000000000000000000 ) ) ;
#1455 = VECTOR ( 'NONE', #180, 1000.000000000000000 ) ;
#1456 = AXIS2_PLACEMENT_3D ( 'NONE', #1735, #1318, #1760 ) ;
#1457 = EDGE_CURVE ( 'NONE', #468, #670, #1354, .T. ) ;
#1458 = CARTESIAN_POINT ( 'NONE',  ( -4.097244119223166336, 1.139999999999999902, 0.4400000000000000022 ) ) ;
#1459 = ORIENTED_EDGE ( 'NONE', *, *, #203, .F. ) ;
#1460 = EDGE_CURVE ( 'NONE', #431, #1808, #1637, .T. ) ;
#1461 =( NAMED_UNIT ( * ) SI_UNIT ( $, .STERADIAN. ) SOLID_ANGLE_UNIT ( ) );
#1462 = DIRECTION ( 'NONE',  ( -7.635226566799368058E-17, 1.000000000000000000, 0.000000000000000000 ) ) ;
#1463 = APPLICATION_PROTOCOL_DEFINITION ( 'draft international standard', 'automotive_design', 1998, #830 ) ;
#1464 = FACE_OUTER_BOUND ( 'NONE', #1015, .T. ) ;
#1465 = CARTESIAN_POINT ( 'NONE',  ( -3.109999999999999432, 1.739999999999999769, -0.4400000000000000022 ) ) ;
#1466 = EDGE_CURVE ( 'NONE', #451, #643, #1208, .T. ) ;
#1467 = VERTEX_POINT ( 'NONE', #1804 ) ;
#1468 = UNCERTAINTY_MEASURE_WITH_UNIT (LENGTH_MEASURE( 1.000000000000000082E-05 ), #466, 'distance_accuracy_value', 'NONE');
#1469 = CARTESIAN_POINT ( 'NONE',  ( -4.929999999999999716, 0.9399999999999983924, 1.844999999999999973 ) ) ;
#1470 = CARTESIAN_POINT ( 'NONE',  ( -5.330000000000001847, -0.1700000000000000400, 1.844999999999999973 ) ) ;
#1471 =( LENGTH_UNIT ( ) NAMED_UNIT ( * ) SI_UNIT ( .MILLI., .METRE. ) );
#1472 = DIRECTION ( 'NONE',  ( 1.000000000000000000, -0.000000000000000000, 0.000000000000000000 ) ) ;
#1473 = ORIENTED_EDGE ( 'NONE', *, *, #1317, .T. ) ;
#1474 = LINE ( 'NONE', #469, #647 ) ;
#1475 = EDGE_CURVE ( 'NONE', #778, #780, #811, .T. ) ;
#1476 = LINE ( 'NONE', #31, #990 ) ;
#1477 = VERTEX_POINT ( 'NONE', #948 ) ;
#1478 = DIRECTION ( 'NONE',  ( 1.000000000000000000, -0.000000000000000000, -0.000000000000000000 ) ) ;
#1479 = DIRECTION ( 'NONE',  ( -0.000000000000000000, -0.000000000000000000, -1.000000000000000000 ) ) ;
#1480 = EDGE_CURVE ( 'NONE', #1137, #500, #1528, .T. ) ;
#1481 = CARTESIAN_POINT ( 'NONE',  ( -0.6100000000000003197, 2.549999999999999822, 0.2500000000000000555 ) ) ;
#1482 = CIRCLE ( 'NONE', #259, 0.1499999999999999667 ) ;
#1483 = DIRECTION ( 'NONE',  ( 0.000000000000000000, 0.000000000000000000, -1.000000000000000000 ) ) ;
#1484 = VECTOR ( 'NONE', #1440, 1000.000000000000000 ) ;
#1485 = ORIENTED_EDGE ( 'NONE', *, *, #861, .F. ) ;
#1486 = VECTOR ( 'NONE', #264, 1000.000000000000000 ) ;
#1487 = CARTESIAN_POINT ( 'NONE',  ( -5.330000000000000071, 0.2299999999999999545, -1.844999999999999973 ) ) ;
#1488 = VERTEX_POINT ( 'NONE', #1392 ) ;
#1489 = MECHANICAL_DESIGN_GEOMETRIC_PRESENTATION_REPRESENTATION (  '', ( #409 ), #1715 ) ;
#1490 = CARTESIAN_POINT ( 'NONE',  ( -3.109999999999999432, 1.139999999999999902, -2.725000000000000089 ) ) ;
#1491 = ADVANCED_FACE ( 'NONE', ( #1236 ), #528, .T. ) ;
#1492 = CARTESIAN_POINT ( 'NONE',  ( 3.110000000000000764, 2.549999999999999822, 3.365000000000000213 ) ) ;
#1493 = ADVANCED_FACE ( 'NONE', ( #1004 ), #1584, .T. ) ;
#1494 = ORIENTED_EDGE ( 'NONE', *, *, #1783, .F. ) ;
#1495 = ORIENTED_EDGE ( 'NONE', *, *, #179, .T. ) ;
#1496 = DIRECTION ( 'NONE',  ( 0.000000000000000000, -1.000000000000000000, 0.000000000000000000 ) ) ;
#1497 = VERTEX_POINT ( 'NONE', #149 ) ;
#1498 = EDGE_LOOP ( 'NONE', ( #943, #1631, #1412, #1644 ) ) ;
#1499 = ORIENTED_EDGE ( 'NONE', *, *, #1030, .F. ) ;
#1500 = CARTESIAN_POINT ( 'NONE',  ( 3.915538477238713622, 0.000000000000000000, 1.729999999999999982 ) ) ;
#1501 = DIRECTION ( 'NONE',  ( -1.000000000000000000, -1.338521200599389420E-16, 0.000000000000000000 ) ) ;
#1502 = ORIENTED_EDGE ( 'NONE', *, *, #99, .F. ) ;
#1503 = DIRECTION ( 'NONE',  ( 0.000000000000000000, 0.000000000000000000, 1.000000000000000000 ) ) ;
#1504 = VERTEX_POINT ( 'NONE', #868 ) ;
#1505 = DIRECTION ( 'NONE',  ( 0.000000000000000000, 1.000000000000000000, 0.000000000000000000 ) ) ;
#1506 = ORIENTED_EDGE ( 'NONE', *, *, #755, .T. ) ;
#1507 = FACE_OUTER_BOUND ( 'NONE', #1656, .T. ) ;
#1508 = ORIENTED_EDGE ( 'NONE', *, *, #734, .F. ) ;
#1509 = SURFACE_SIDE_STYLE ('',( #1240 ) ) ;
#1510 = LINE ( 'NONE', #1375, #967 ) ;
#1511 = FACE_OUTER_BOUND ( 'NONE', #236, .T. ) ;
#1512 = DIRECTION ( 'NONE',  ( 1.000000000000000000, 0.000000000000000000, 0.000000000000000000 ) ) ;
#1513 = ORIENTED_EDGE ( 'NONE', *, *, #436, .F. ) ;
#1514 = VECTOR ( 'NONE', #1732, 1000.000000000000000 ) ;
#1515 =( GEOMETRIC_REPRESENTATION_CONTEXT ( 3 ) GLOBAL_UNCERTAINTY_ASSIGNED_CONTEXT ( ( #1141 ) ) GLOBAL_UNIT_ASSIGNED_CONTEXT ( ( #1333, #1446, #170 ) ) REPRESENTATION_CONTEXT ( 'NONE', 'WORKASPACE' ) );
#1516 = VECTOR ( 'NONE', #1598, 1000.000000000000000 ) ;
#1517 = ORIENTED_EDGE ( 'NONE', *, *, #1323, .T. ) ;
#1518 = CARTESIAN_POINT ( 'NONE',  ( -3.109999999999999432, 1.139999999999999902, -2.725000000000000089 ) ) ;
#1519 = MECHANICAL_DESIGN_GEOMETRIC_PRESENTATION_REPRESENTATION (  '', ( #993 ), #1217 ) ;
#1520 = PRESENTATION_LAYER_ASSIGNMENT (  '', '', ( #851 ) ) ;
#1521 = FACE_OUTER_BOUND ( 'NONE', #339, .T. ) ;
#1522 = UNCERTAINTY_MEASURE_WITH_UNIT (LENGTH_MEASURE( 1.000000000000000082E-05 ), #1471, 'distance_accuracy_value', 'NONE');
#1523 = EDGE_LOOP ( 'NONE', ( #759, #812, #550, #1353 ) ) ;
#1524 = ORIENTED_EDGE ( 'NONE', *, *, #1724, .F. ) ;
#1525 = CARTESIAN_POINT ( 'NONE',  ( -3.109999999999999432, 1.739999999999999769, 1.844999999999999973 ) ) ;
#1526 = CARTESIAN_POINT ( 'NONE',  ( -3.110000000000000320, 0.000000000000000000, -3.365000000000000657 ) ) ;
#1527 = CARTESIAN_POINT ( 'NONE',  ( -3.109999999999999432, 2.549999999999999822, 3.365000000000000213 ) ) ;
#1528 = LINE ( 'NONE', #244, #1058 ) ;
#1529 = ORIENTED_EDGE ( 'NONE', *, *, #89, .T. ) ;
#1530 = LINE ( 'NONE', #107, #794 ) ;
#1531 = FACE_OUTER_BOUND ( 'NONE', #192, .T. ) ;
#1532 = CARTESIAN_POINT ( 'NONE',  ( 3.130000000000001226, 0.000000000000000000, -0.8499999999999994227 ) ) ;
#1533 = EDGE_CURVE ( 'NONE', #1181, #1040, #42, .T. ) ;
#1534 = DIRECTION ( 'NONE',  ( -0.000000000000000000, 1.000000000000000000, -0.000000000000000000 ) ) ;
#1535 = CARTESIAN_POINT ( 'NONE',  ( -4.929999999999999716, 0.9399999999999983924, 2.725000000000000089 ) ) ;
#1536 = ORIENTED_EDGE ( 'NONE', *, *, #1794, .T. ) ;
#1537 = VECTOR ( 'NONE', #1603, 1000.000000000000000 ) ;
#1538 = CARTESIAN_POINT ( 'NONE',  ( -6.039999999999998259, -0.1700000000000000955, -2.725000000000000089 ) ) ;
#1539 = AXIS2_PLACEMENT_3D ( 'NONE', #1140, #1250, #1702 ) ;
#1540 = VECTOR ( 'NONE', #49, 1000.000000000000000 ) ;
#1541 = LINE ( 'NONE', #538, #74 ) ;
#1542 = VECTOR ( 'NONE', #1126, 1000.000000000000000 ) ;
#1543 = AXIS2_PLACEMENT_3D ( 'NONE', #1417, #862, #719 ) ;
#1544 = LINE ( 'NONE', #1689, #257 ) ;
#1545 = AXIS2_PLACEMENT_3D ( 'NONE', #684, #852, #1703 ) ;
#1546 = ADVANCED_FACE ( 'NONE', ( #27 ), #1315, .T. ) ;
#1547 = DIRECTION ( 'NONE',  ( 1.000000000000000000, -0.000000000000000000, -2.401947532336440402E-16 ) ) ;
#1548 = VERTEX_POINT ( 'NONE', #609 ) ;
#1549 = ORIENTED_EDGE ( 'NONE', *, *, #1361, .T. ) ;
#1550 = ORIENTED_EDGE ( 'NONE', *, *, #770, .T. ) ;
#1551 = SHAPE_DEFINITION_REPRESENTATION ( #276, #659 ) ;
#1552 = VERTEX_POINT ( 'NONE', #1741 ) ;
#1553 = DIRECTION ( 'NONE',  ( 1.000000000000000000, 0.000000000000000000, 0.000000000000000000 ) ) ;
#1554 = FACE_OUTER_BOUND ( 'NONE', #1827, .T. ) ;
#1555 = DIRECTION ( 'NONE',  ( -1.000000000000000000, 0.000000000000000000, 0.000000000000000000 ) ) ;
#1556 = EDGE_CURVE ( 'NONE', #1739, #104, #1024, .T. ) ;
#1557 = PLANE ( 'NONE',  #554 ) ;
#1558 = LINE ( 'NONE', #272, #763 ) ;
#1559 = ORIENTED_EDGE ( 'NONE', *, *, #436, .T. ) ;
#1560 = CARTESIAN_POINT ( 'NONE',  ( -3.109999999999999432, 2.549999999999999822, 3.365000000000000213 ) ) ;
#1561 = DIRECTION ( 'NONE',  ( -1.000000000000000000, 0.000000000000000000, -0.000000000000000000 ) ) ;
#1562 = LINE ( 'NONE', #1704, #1570 ) ;
#1563 = SURFACE_STYLE_USAGE ( .BOTH. , #972 ) ;
#1564 = DIRECTION ( 'NONE',  ( -0.000000000000000000, 0.000000000000000000, -1.000000000000000000 ) ) ;
#1565 = EDGE_LOOP ( 'NONE', ( #1549, #1067, #594, #156 ) ) ;
#1566 = EDGE_CURVE ( 'NONE', #1040, #787, #677, .T. ) ;
#1567 = LINE ( 'NONE', #140, #1212 ) ;
#1568 = CARTESIAN_POINT ( 'NONE',  ( 4.915538477238712289, 0.8800000000000000044, -1.730000000000000204 ) ) ;
#1569 = DIRECTION ( 'NONE',  ( -1.000000000000000000, 0.000000000000000000, 0.000000000000000000 ) ) ;
#1570 = VECTOR ( 'NONE', #960, 1000.000000000000000 ) ;
#1571 = SURFACE_STYLE_FILL_AREA ( #587 ) ;
#1572 = COLOUR_RGB ( '',0.4980392156862745168, 0.4980392156862745168, 0.4980392156862745168 ) ;
#1573 = PLANE ( 'NONE',  #256 ) ;
#1574 = AXIS2_PLACEMENT_3D ( 'NONE', #343, #1216, #490 ) ;
#1575 = EDGE_LOOP ( 'NONE', ( #1003, #1494, #1536, #607 ) ) ;
#1576 = SURFACE_STYLE_USAGE ( .BOTH. , #1306 ) ;
#1577 = LINE ( 'NONE', #299, #1022 ) ;
#1578 = DIRECTION ( 'NONE',  ( 1.000000000000000000, 0.000000000000000000, 0.000000000000000000 ) ) ;
#1579 = SURFACE_STYLE_USAGE ( .BOTH. , #626 ) ;
#1580 = FACE_OUTER_BOUND ( 'NONE', #1087, .T. ) ;
#1581 = CARTESIAN_POINT ( 'NONE',  ( -4.929999999999999716, 0.9399999999999983924, -2.725000000000000089 ) ) ;
#1582 = SURFACE_STYLE_FILL_AREA ( #1167 ) ;
#1583 = ORIENTED_EDGE ( 'NONE', *, *, #389, .T. ) ;
#1584 = PLANE ( 'NONE',  #408 ) ;
#1585 = CARTESIAN_POINT ( 'NONE',  ( 3.915538477238713622, 0.8800000000000000044, 1.729999999999999982 ) ) ;
#1586 = DIRECTION ( 'NONE',  ( -0.000000000000000000, -0.000000000000000000, -1.000000000000000000 ) ) ;
#1587 = EDGE_CURVE ( 'NONE', #382, #137, #323, .T. ) ;
#1588 = DIRECTION ( 'NONE',  ( 0.000000000000000000, -1.000000000000000000, 0.000000000000000000 ) ) ;
#1589 = EDGE_LOOP ( 'NONE', ( #1513, #1830, #505, #628 ) ) ;
#1590 = CARTESIAN_POINT ( 'NONE',  ( -0.6100000000000003197, 2.299999999999999822, 0.000000000000000000 ) ) ;
#1591 = FILL_AREA_STYLE ('',( #1013 ) ) ;
#1592 = CARTESIAN_POINT ( 'NONE',  ( 3.109999999999999432, 0.000000000000000000, -3.365000000000000657 ) ) ;
#1593 = AXIS2_PLACEMENT_3D ( 'NONE', #898, #1479, #625 ) ;
#1594 = EDGE_CURVE ( 'NONE', #1787, #497, #1142, .T. ) ;
#1595 =( GEOMETRIC_REPRESENTATION_CONTEXT ( 3 ) GLOBAL_UNCERTAINTY_ASSIGNED_CONTEXT ( ( #378 ) ) GLOBAL_UNIT_ASSIGNED_CONTEXT ( ( #644, #1665, #636 ) ) REPRESENTATION_CONTEXT ( 'NONE', 'WORKASPACE' ) );
#1596 = VECTOR ( 'NONE', #797, 1000.000000000000000 ) ;
#1597 = ORIENTED_EDGE ( 'NONE', *, *, #320, .T. ) ;
#1598 = DIRECTION ( 'NONE',  ( -0.000000000000000000, -0.000000000000000000, 1.000000000000000000 ) ) ;
#1599 = VECTOR ( 'NONE', #1496, 1000.000000000000000 ) ;
#1600 = AXIS2_PLACEMENT_3D ( 'NONE', #1027, #1605, #325 ) ;
#1601 = ORIENTED_EDGE ( 'NONE', *, *, #533, .T. ) ;
#1602 = EDGE_LOOP ( 'NONE', ( #925, #980, #392, #1646 ) ) ;
#1603 = DIRECTION ( 'NONE',  ( 1.000000000000000000, 7.635226566799368058E-17, -0.000000000000000000 ) ) ;
#1604 = CARTESIAN_POINT ( 'NONE',  ( 3.110000000000000764, 2.549999999999999822, 3.365000000000000213 ) ) ;
#1605 = DIRECTION ( 'NONE',  ( -1.000000000000000000, 0.000000000000000000, -0.000000000000000000 ) ) ;
#1606 = EDGE_CURVE ( 'NONE', #1363, #1085, #591, .T. ) ;
#1607 = CARTESIAN_POINT ( 'NONE',  ( -3.109999999999999432, 1.139999999999999902, -2.725000000000000089 ) ) ;
#1608 = DIRECTION ( 'NONE',  ( -1.000000000000000000, 0.000000000000000000, -0.000000000000000000 ) ) ;
#1609 = VERTEX_POINT ( 'NONE', #1294 ) ;
#1610 = UNCERTAINTY_MEASURE_WITH_UNIT (LENGTH_MEASURE( 1.000000000000000082E-05 ), #1184, 'distance_accuracy_value', 'NONE');
#1611 = CARTESIAN_POINT ( 'NONE',  ( 3.109999999999999432, 0.000000000000000000, -3.365000000000000657 ) ) ;
#1612 = CARTESIAN_POINT ( 'NONE',  ( -5.129999999999999005, 1.339999999999999636, 2.725000000000000089 ) ) ;
#1613 = ORIENTED_EDGE ( 'NONE', *, *, #1724, .T. ) ;
#1614 = LINE ( 'NONE', #1771, #1516 ) ;
#1615 = ORIENTED_EDGE ( 'NONE', *, *, #385, .F. ) ;
#1616 = FILL_AREA_STYLE ('',( #771 ) ) ;
#1617 = ORIENTED_EDGE ( 'NONE', *, *, #1418, .F. ) ;
#1618 = ADVANCED_FACE ( 'NONE', ( #186 ), #438, .F. ) ;
#1619 = DIRECTION ( 'NONE',  ( -1.000000000000000000, 0.000000000000000000, -0.000000000000000000 ) ) ;
#1620 = CARTESIAN_POINT ( 'NONE',  ( -3.109999999999999432, 1.739999999999999769, -2.725000000000000089 ) ) ;
#1621 = EDGE_CURVE ( 'NONE', #382, #508, #1577, .T. ) ;
#1622 = DIRECTION ( 'NONE',  ( 0.000000000000000000, 0.000000000000000000, -1.000000000000000000 ) ) ;
#1623 = AXIS2_PLACEMENT_3D ( 'NONE', #753, #1025, #28 ) ;
#1624 = LINE ( 'NONE', #1492, #1332 ) ;
#1625 = CIRCLE ( 'NONE', #17, 0.1999999999999996503 ) ;
#1626 = AXIS2_PLACEMENT_3D ( 'NONE', #511, #1780, #480 ) ;
#1627 = DIRECTION ( 'NONE',  ( 0.000000000000000000, 0.000000000000000000, 1.000000000000000000 ) ) ;
#1628 = ORIENTED_EDGE ( 'NONE', *, *, #358, .T. ) ;
#1629 = VECTOR ( 'NONE', #1000, 1000.000000000000000 ) ;
#1630 = DIRECTION ( 'NONE',  ( -1.748713181428240449E-16, 1.000000000000000000, 0.000000000000000000 ) ) ;
#1631 = ORIENTED_EDGE ( 'NONE', *, *, #997, .T. ) ;
#1632 = PLANE ( 'NONE',  #962 ) ;
#1633 = DIRECTION ( 'NONE',  ( 1.221636250687900270E-15, -1.000000000000000000, 0.000000000000000000 ) ) ;
#1634 = VERTEX_POINT ( 'NONE', #585 ) ;
#1635 = CARTESIAN_POINT ( 'NONE',  ( -6.039999999999998259, 0.4299999999999997713, 2.725000000000000089 ) ) ;
#1636 = EDGE_LOOP ( 'NONE', ( #529, #405 ) ) ;
#1637 = LINE ( 'NONE', #384, #614 ) ;
#1638 = ORIENTED_EDGE ( 'NONE', *, *, #1621, .F. ) ;
#1639 = FACE_OUTER_BOUND ( 'NONE', #1589, .T. ) ;
#1640 = ORIENTED_EDGE ( 'NONE', *, *, #1247, .T. ) ;
#1641 = DIRECTION ( 'NONE',  ( 0.000000000000000000, -1.000000000000000000, 0.000000000000000000 ) ) ;
#1642 = FACE_BOUND ( 'NONE', #1636, .T. ) ;
#1643 = DIRECTION ( 'NONE',  ( 0.000000000000000000, 0.000000000000000000, 1.000000000000000000 ) ) ;
#1644 = ORIENTED_EDGE ( 'NONE', *, *, #89, .F. ) ;
#1645 = ORIENTED_EDGE ( 'NONE', *, *, #1336, .F. ) ;
#1646 = ORIENTED_EDGE ( 'NONE', *, *, #1690, .T. ) ;
#1647 = FILL_AREA_STYLE ('',( #1081 ) ) ;
#1648 = LINE ( 'NONE', #1219, #403 ) ;
#1649 = PLANE ( 'NONE',  #194 ) ;
#1650 = EDGE_CURVE ( 'NONE', #1254, #1787, #1153, .T. ) ;
#1651 =( NAMED_UNIT ( * ) SI_UNIT ( $, .STERADIAN. ) SOLID_ANGLE_UNIT ( ) );
#1652 = VERTEX_POINT ( 'NONE', #1416 ) ;
#1653 = AXIS2_PLACEMENT_3D ( 'NONE', #1227, #241, #248 ) ;
#1654 = PRESENTATION_LAYER_ASSIGNMENT (  '', '', ( #937 ) ) ;
#1655 = VECTOR ( 'NONE', #1009, 1000.000000000000000 ) ;
#1656 = EDGE_LOOP ( 'NONE', ( #176, #502, #1777, #635 ) ) ;
#1657 = VECTOR ( 'NONE', #572, 1000.000000000000000 ) ;
#1658 = AXIS2_PLACEMENT_3D ( 'NONE', #507, #1534, #805 ) ;
#1659 = DIRECTION ( 'NONE',  ( 1.338521200599389420E-16, -1.000000000000000000, 0.000000000000000000 ) ) ;
#1660 = FILL_AREA_STYLE ('',( #368 ) ) ;
#1661 = DIRECTION ( 'NONE',  ( 1.000000000000000000, -0.000000000000000000, 2.168404344971010594E-16 ) ) ;
#1662 = VERTEX_POINT ( 'NONE', #123 ) ;
#1663 = EDGE_CURVE ( 'NONE', #1049, #488, #1819, .T. ) ;
#1664 = ORIENTED_EDGE ( 'NONE', *, *, #1475, .T. ) ;
#1665 =( NAMED_UNIT ( * ) PLANE_ANGLE_UNIT ( ) SI_UNIT ( $, .RADIAN. ) );
#1666 = DIRECTION ( 'NONE',  ( -1.000000000000000000, -1.748713181428240696E-16, -0.000000000000000000 ) ) ;
#1667 = DIRECTION ( 'NONE',  ( 0.000000000000000000, -0.000000000000000000, 1.000000000000000000 ) ) ;
#1668 = ORIENTED_EDGE ( 'NONE', *, *, #941, .T. ) ;
#1669 = EDGE_CURVE ( 'NONE', #119, #1497, #878, .T. ) ;
#1670 = LINE ( 'NONE', #1538, #380 ) ;
#1671 = EDGE_CURVE ( 'NONE', #1284, #119, #685, .T. ) ;
#1672 = PRODUCT ( 'LM1117DTX-5.0NOPB', 'LM1117DTX-5.0NOPB', '', ( #1073 ) ) ;
#1673 = CARTESIAN_POINT ( 'NONE',  ( -5.729999999999999538, 0.4299999999999998268, 1.844999999999999973 ) ) ;
#1674 = CARTESIAN_POINT ( 'NONE',  ( 4.915538477238712289, 0.8800000000000000044, 2.730000000000000426 ) ) ;
#1675 = EDGE_CURVE ( 'NONE', #1822, #1609, #290, .T. ) ;
#1676 = CARTESIAN_POINT ( 'NONE',  ( -3.109999999999999876, 1.739999999999999769, -0.4399999999999998357 ) ) ;
#1677 = ORIENTED_EDGE ( 'NONE', *, *, #1342, .F. ) ;
#1678 = ORIENTED_EDGE ( 'NONE', *, *, #568, .F. ) ;
#1679 = DIRECTION ( 'NONE',  ( 1.000000000000000000, -0.000000000000000000, -2.401947532336440402E-16 ) ) ;
#1680 = VERTEX_POINT ( 'NONE', #1252 ) ;
#1681 = AXIS2_PLACEMENT_3D ( 'NONE', #269, #834, #701 ) ;
#1682 = ORIENTED_EDGE ( 'NONE', *, *, #413, .F. ) ;
#1683 = EDGE_CURVE ( 'NONE', #641, #1043, #1400, .T. ) ;
#1684 = DIRECTION ( 'NONE',  ( -0.000000000000000000, -0.000000000000000000, 1.000000000000000000 ) ) ;
#1685 = CIRCLE ( 'NONE', #552, 0.4000000000000001887 ) ;
#1686 = LINE ( 'NONE', #999, #548 ) ;
#1687 = VECTOR ( 'NONE', #559, 1000.000000000000000 ) ;
#1688 = VECTOR ( 'NONE', #1189, 1000.000000000000000 ) ;
#1689 = CARTESIAN_POINT ( 'NONE',  ( -4.729999999999997762, 1.139999999999999680, 2.725000000000000089 ) ) ;
#1690 = EDGE_CURVE ( 'NONE', #643, #1488, #78, .T. ) ;
#1691 = LINE ( 'NONE', #143, #913 ) ;
#1692 = CARTESIAN_POINT ( 'NONE',  ( -3.109999999999999432, 1.139999999999999902, 0.4400000000000000022 ) ) ;
#1693 = ORIENTED_EDGE ( 'NONE', *, *, #1801, .T. ) ;
#1694 = DIRECTION ( 'NONE',  ( 0.000000000000000000, -0.000000000000000000, 1.000000000000000000 ) ) ;
#1695 = CARTESIAN_POINT ( 'NONE',  ( -0.6100000000000003197, 2.299999999999999822, 0.000000000000000000 ) ) ;
#1696 = CARTESIAN_POINT ( 'NONE',  ( -4.729999999999999538, 0.9399999999999997247, -1.844999999999999973 ) ) ;
#1697 = CYLINDRICAL_SURFACE ( 'NONE', #1401, 0.1999999999999996503 ) ;
#1698 = ADVANCED_FACE ( 'NONE', ( #134 ), #428, .T. ) ;
#1699 = CARTESIAN_POINT ( 'NONE',  ( 3.280000000000001137, 0.000000000000000000, 0.8499999999999994227 ) ) ;
#1700 = ORIENTED_EDGE ( 'NONE', *, *, #1233, .T. ) ;
#1701 = EDGE_CURVE ( 'NONE', #1254, #88, #1112, .T. ) ;
#1702 = DIRECTION ( 'NONE',  ( 0.000000000000000000, 0.000000000000000000, 1.000000000000000000 ) ) ;
#1703 = DIRECTION ( 'NONE',  ( 1.000000000000000000, 0.000000000000000000, 0.000000000000000000 ) ) ;
#1704 = CARTESIAN_POINT ( 'NONE',  ( 3.129999999999999449, 0.8800000000000000044, -0.9999999999999993339 ) ) ;
#1705 = PRESENTATION_STYLE_ASSIGNMENT (( #1563 ) ) ;
#1706 = CYLINDRICAL_SURFACE ( 'NONE', #1020, 0.2000000000000005107 ) ;
#1707 = ORIENTED_EDGE ( 'NONE', *, *, #266, .F. ) ;
#1708 =( NAMED_UNIT ( * ) SI_UNIT ( $, .STERADIAN. ) SOLID_ANGLE_UNIT ( ) );
#1709 = VECTOR ( 'NONE', #592, 1000.000000000000000 ) ;
#1710 = DIRECTION ( 'NONE',  ( -1.000000000000000000, -1.073467497510401969E-16, -0.000000000000000000 ) ) ;
#1711 = DIRECTION ( 'NONE',  ( 1.000000000000000000, 1.221636250687900270E-15, -0.000000000000000000 ) ) ;
#1712 = AXIS2_PLACEMENT_3D ( 'NONE', #485, #218, #1627 ) ;
#1713 = VECTOR ( 'NONE', #1478, 1000.000000000000000 ) ;
#1714 = VECTOR ( 'NONE', #1017, 1000.000000000000000 ) ;
#1715 =( GEOMETRIC_REPRESENTATION_CONTEXT ( 3 ) GLOBAL_UNCERTAINTY_ASSIGNED_CONTEXT ( ( #93 ) ) GLOBAL_UNIT_ASSIGNED_CONTEXT ( ( #1094, #379, #94 ) ) REPRESENTATION_CONTEXT ( 'NONE', 'WORKASPACE' ) );
#1716 = ADVANCED_FACE ( 'NONE', ( #396 ), #110, .T. ) ;
#1717 = CARTESIAN_POINT ( 'NONE',  ( -3.109999999999999432, 1.139999999999999902, 2.725000000000000089 ) ) ;
#1718 = ORIENTED_EDGE ( 'NONE', *, *, #155, .T. ) ;
#1719 = SURFACE_STYLE_FILL_AREA ( #1293 ) ;
#1720 = ORIENTED_EDGE ( 'NONE', *, *, #155, .F. ) ;
#1721 = CARTESIAN_POINT ( 'NONE',  ( -5.330000000000001847, -0.1700000000000000400, 2.725000000000000089 ) ) ;
#1722 = LINE ( 'NONE', #447, #1709 ) ;
#1723 = FILL_AREA_STYLE ('',( #151 ) ) ;
#1724 = EDGE_CURVE ( 'NONE', #486, #83, #1625, .T. ) ;
#1725 = CARTESIAN_POINT ( 'NONE',  ( -3.109999999999999432, 1.139999999999999902, 1.844999999999999973 ) ) ;
#1726 = LINE ( 'NONE', #1839, #580 ) ;
#1727 = EDGE_LOOP ( 'NONE', ( #777, #1221 ) ) ;
#1728 = ORIENTED_EDGE ( 'NONE', *, *, #1051, .T. ) ;
#1729 = SURFACE_SIDE_STYLE ('',( #1719 ) ) ;
#1730 = ORIENTED_EDGE ( 'NONE', *, *, #1064, .T. ) ;
#1731 = SURFACE_STYLE_FILL_AREA ( #33 ) ;
#1732 = DIRECTION ( 'NONE',  ( -0.000000000000000000, -0.000000000000000000, -1.000000000000000000 ) ) ;
#1733 =( NAMED_UNIT ( * ) PLANE_ANGLE_UNIT ( ) SI_UNIT ( $, .RADIAN. ) );
#1734 = EDGE_CURVE ( 'NONE', #1609, #468, #1544, .T. ) ;
#1735 = CARTESIAN_POINT ( 'NONE',  ( -4.729999999999999538, 0.9399999999999997247, -2.725000000000000089 ) ) ;
#1736 = ORIENTED_EDGE ( 'NONE', *, *, #182, .T. ) ;
#1737 = LINE ( 'NONE', #455, #1714 ) ;
#1738 = LINE ( 'NONE', #866, #1831 ) ;
#1739 = VERTEX_POINT ( 'NONE', #420 ) ;
#1740 = EDGE_CURVE ( 'NONE', #1242, #1847, #1434, .T. ) ;
#1741 = CARTESIAN_POINT ( 'NONE',  ( -5.529999999999999361, 1.339999999999996527, -2.725000000000000089 ) ) ;
#1742 = DIRECTION ( 'NONE',  ( 1.000000000000000000, -0.000000000000000000, 2.168404344971010594E-16 ) ) ;
#1743 = PLANE ( 'NONE',  #1600 ) ;
#1744 = VECTOR ( 'NONE', #827, 1000.000000000000000 ) ;
#1745 = VECTOR ( 'NONE', #1198, 1000.000000000000000 ) ;
#1746 = CARTESIAN_POINT ( 'NONE',  ( -5.729999999999999538, 0.4299999999999998268, 1.844999999999999973 ) ) ;
#1747 = COLOUR_RGB ( '',0.4980392156862745168, 0.4980392156862745168, 0.4980392156862745168 ) ;
#1748 = CARTESIAN_POINT ( 'NONE',  ( -3.109999999999999432, 2.549999999999999822, 3.365000000000000213 ) ) ;
#1749 = EDGE_LOOP ( 'NONE', ( #1276, #1499, #326, #1758 ) ) ;
#1750 = DIRECTION ( 'NONE',  ( -1.000000000000000000, 0.000000000000000000, 0.000000000000000000 ) ) ;
#1751 = FACE_OUTER_BOUND ( 'NONE', #658, .T. ) ;
#1752 = SURFACE_STYLE_USAGE ( .BOTH. , #44 ) ;
#1753 = LINE ( 'NONE', #1811, #79 ) ;
#1754 = EDGE_LOOP ( 'NONE', ( #1597, #1249, #1275, #1070, #336, #856, #832, #1664, #1255, #32, #1613, #354 ) ) ;
#1755 = CARTESIAN_POINT ( 'NONE',  ( 3.109999999999999432, 0.000000000000000000, -3.365000000000000657 ) ) ;
#1756 = EDGE_CURVE ( 'NONE', #518, #992, #981, .T. ) ;
#1757 = EDGE_LOOP ( 'NONE', ( #1139, #557, #1459, #1404 ) ) ;
#1758 = ORIENTED_EDGE ( 'NONE', *, *, #864, .T. ) ;
#1759 = CARTESIAN_POINT ( 'NONE',  ( -5.330000000000001847, -0.1700000000000001232, -2.725000000000000089 ) ) ;
#1760 = DIRECTION ( 'NONE',  ( -1.000000000000000000, 0.000000000000000000, 0.000000000000000000 ) ) ;
#1761 = ORIENTED_EDGE ( 'NONE', *, *, #601, .F. ) ;
#1762 = CARTESIAN_POINT ( 'NONE',  ( -3.109999999999999432, 1.139999999999999902, -0.4400000000000000022 ) ) ;
#1763 = ORIENTED_EDGE ( 'NONE', *, *, #908, .F. ) ;
#1764 = LINE ( 'NONE', #905, #348 ) ;
#1765 = ORIENTED_EDGE ( 'NONE', *, *, #1361, .F. ) ;
#1766 = CARTESIAN_POINT ( 'NONE',  ( 3.109999999999999432, 2.549999999999999822, -3.365000000000000657 ) ) ;
#1767 = VERTEX_POINT ( 'NONE', #116 ) ;
#1768 = DIRECTION ( 'NONE',  ( -2.401947532336440402E-16, 0.000000000000000000, 1.000000000000000000 ) ) ;
#1769 = CARTESIAN_POINT ( 'NONE',  ( -5.330000000000001847, -0.1700000000000001232, -1.844999999999999973 ) ) ;
#1770 = ORIENTED_EDGE ( 'NONE', *, *, #1350, .F. ) ;
#1771 = CARTESIAN_POINT ( 'NONE',  ( 3.915538477238713622, 0.8800000000000000044, 1.729999999999999982 ) ) ;
#1772 = PRESENTATION_LAYER_ASSIGNMENT (  '', '', ( #434 ) ) ;
#1773 = AXIS2_PLACEMENT_3D ( 'NONE', #1337, #1442, #1750 ) ;
#1774 = ORIENTED_EDGE ( 'NONE', *, *, #1383, .F. ) ;
#1775 = AXIS2_PLACEMENT_3D ( 'NONE', #767, #1472, #1622 ) ;
#1776 = CARTESIAN_POINT ( 'NONE',  ( -0.6100000000000003197, 2.299999999999999822, 0.2500000000000000555 ) ) ;
#1777 = ORIENTED_EDGE ( 'NONE', *, *, #328, .T. ) ;
#1778 = MECHANICAL_DESIGN_GEOMETRIC_PRESENTATION_REPRESENTATION (  '', ( #851 ), #530 ) ;
#1779 =( GEOMETRIC_REPRESENTATION_CONTEXT ( 3 ) GLOBAL_UNCERTAINTY_ASSIGNED_CONTEXT ( ( #1833 ) ) GLOBAL_UNIT_ASSIGNED_CONTEXT ( ( #365, #783, #1231 ) ) REPRESENTATION_CONTEXT ( 'NONE', 'WORKASPACE' ) );
#1780 = DIRECTION ( 'NONE',  ( -0.000000000000000000, -0.000000000000000000, 1.000000000000000000 ) ) ;
#1781 = EDGE_LOOP ( 'NONE', ( #722, #1413, #867, #801 ) ) ;
#1782 = DIRECTION ( 'NONE',  ( -0.000000000000000000, -0.000000000000000000, 1.000000000000000000 ) ) ;
#1783 = EDGE_CURVE ( 'NONE', #1785, #1497, #1562, .T. ) ;
#1784 = LINE ( 'NONE', #98, #1023 ) ;
#1785 = VERTEX_POINT ( 'NONE', #843 ) ;
#1786 = LINE ( 'NONE', #1101, #615 ) ;
#1787 = VERTEX_POINT ( 'NONE', #711 ) ;
#1788 = ORIENTED_EDGE ( 'NONE', *, *, #665, .T. ) ;
#1789 = CARTESIAN_POINT ( 'NONE',  ( -3.109999999999999432, 1.139999999999999902, 2.725000000000000089 ) ) ;
#1790 = VERTEX_POINT ( 'NONE', #412 ) ;
#1791 = ORIENTED_EDGE ( 'NONE', *, *, #280, .T. ) ;
#1792 = EDGE_LOOP ( 'NONE', ( #243, #1161, #1102, #370 ) ) ;
#1793 = FACE_OUTER_BOUND ( 'NONE', #883, .T. ) ;
#1794 = EDGE_CURVE ( 'NONE', #1785, #425, #1134, .T. ) ;
#1795 = DIRECTION ( 'NONE',  ( -0.000000000000000000, -0.000000000000000000, 1.000000000000000000 ) ) ;
#1796 = DIRECTION ( 'NONE',  ( 0.000000000000000000, -0.000000000000000000, 1.000000000000000000 ) ) ;
#1797 = CARTESIAN_POINT ( 'NONE',  ( 4.915538477238712289, 0.8800000000000000044, 2.730000000000000426 ) ) ;
#1798 = VERTEX_POINT ( 'NONE', #971 ) ;
#1799 = VERTEX_POINT ( 'NONE', #1280 ) ;
#1800 = PRESENTATION_STYLE_ASSIGNMENT (( #1072 ) ) ;
#1801 = EDGE_CURVE ( 'NONE', #252, #1552, #51, .T. ) ;
#1802 = CARTESIAN_POINT ( 'NONE',  ( -3.109999999999999432, 1.739999999999999769, 2.725000000000000089 ) ) ;
#1803 = LINE ( 'NONE', #921, #1218 ) ;
#1804 = CARTESIAN_POINT ( 'NONE',  ( -4.929999999999999716, 0.2300000000000028133, 2.725000000000000089 ) ) ;
#1805 = ORIENTED_EDGE ( 'NONE', *, *, #608, .F. ) ;
#1806 = CIRCLE ( 'NONE', #1539, 0.1499999999999999667 ) ;
#1807 = AXIS2_PLACEMENT_3D ( 'NONE', #1445, #982, #569 ) ;
#1808 = VERTEX_POINT ( 'NONE', #574 ) ;
#1809 = PRESENTATION_LAYER_ASSIGNMENT (  '', '', ( #1059 ) ) ;
#1810 =( GEOMETRIC_REPRESENTATION_CONTEXT ( 3 ) GLOBAL_UNCERTAINTY_ASSIGNED_CONTEXT ( ( #1522 ) ) GLOBAL_UNIT_ASSIGNED_CONTEXT ( ( #1471, #1155, #1327 ) ) REPRESENTATION_CONTEXT ( 'NONE', 'WORKASPACE' ) );
#1811 = CARTESIAN_POINT ( 'NONE',  ( -5.729999999999999538, 0.4299999999999998268, -2.725000000000000089 ) ) ;
#1812 = DIRECTION ( 'NONE',  ( 0.000000000000000000, 1.000000000000000000, 0.000000000000000000 ) ) ;
#1813 = ORIENTED_EDGE ( 'NONE', *, *, #1435, .F. ) ;
#1814 = EDGE_CURVE ( 'NONE', #220, #1798, #35, .T. ) ;
#1815 = ORIENTED_EDGE ( 'NONE', *, *, #1317, .F. ) ;
#1816 = LINE ( 'NONE', #410, #346 ) ;
#1817 = ADVANCED_FACE ( 'NONE', ( #1449 ), #14, .F. ) ;
#1818 = CARTESIAN_POINT ( 'NONE',  ( -5.529999999999998472, 0.6299999999999996714, -2.725000000000000089 ) ) ;
#1819 = LINE ( 'NONE', #815, #764 ) ;
#1820 = CARTESIAN_POINT ( 'NONE',  ( 3.110000000000000764, 0.8800000000000001155, 2.730000000000000870 ) ) ;
#1821 = ORIENTED_EDGE ( 'NONE', *, *, #433, .T. ) ;
#1822 = VERTEX_POINT ( 'NONE', #309 ) ;
#1823 = LINE ( 'NONE', #399, #130 ) ;
#1824 = DIRECTION ( 'NONE',  ( 0.000000000000000000, 1.000000000000000000, 0.000000000000000000 ) ) ;
#1825 = CARTESIAN_POINT ( 'NONE',  ( -4.729999999999999538, 0.9399999999999997247, 2.725000000000000089 ) ) ;
#1826 = LINE ( 'NONE', #1428, #15 ) ;
#1827 = EDGE_LOOP ( 'NONE', ( #605, #621, #1388, #655 ) ) ;
#1828 = AXIS2_PLACEMENT_3D ( 'NONE', #1568, #1578, #260 ) ;
#1829 = FACE_OUTER_BOUND ( 'NONE', #1158, .T. ) ;
#1830 = ORIENTED_EDGE ( 'NONE', *, *, #1328, .F. ) ;
#1831 = VECTOR ( 'NONE', #457, 1000.000000000000000 ) ;
#1832 = VECTOR ( 'NONE', #1679, 1000.000000000000000 ) ;
#1833 = UNCERTAINTY_MEASURE_WITH_UNIT (LENGTH_MEASURE( 1.000000000000000082E-05 ), #365, 'distance_accuracy_value', 'NONE');
#1834 = DIRECTION ( 'NONE',  ( 1.000000000000000000, 0.000000000000000000, -2.168404344971010594E-16 ) ) ;
#1835 = AXIS2_PLACEMENT_3D ( 'NONE', #371, #1505, #1643 ) ;
#1836 = VECTOR ( 'NONE', #638, 1000.000000000000000 ) ;
#1837 = CARTESIAN_POINT ( 'NONE',  ( -3.109999999999999432, 2.549999999999999822, 3.365000000000000213 ) ) ;
#1838 = CARTESIAN_POINT ( 'NONE',  ( -5.529999999999998472, 0.6299999999999996714, -1.844999999999999973 ) ) ;
#1839 = CARTESIAN_POINT ( 'NONE',  ( -3.110000000000000320, 2.549999999999999822, -3.365000000000000657 ) ) ;
#1840 = ORIENTED_EDGE ( 'NONE', *, *, #1383, .T. ) ;
#1841 = CARTESIAN_POINT ( 'NONE',  ( -5.129999999999999005, 1.339999999999999636, -2.725000000000000089 ) ) ;
#1842 = EDGE_CURVE ( 'NONE', #431, #975, #461, .T. ) ;
#1843 = CARTESIAN_POINT ( 'NONE',  ( 3.915538477238713622, 0.8800000000000000044, -1.729999999999999982 ) ) ;
#1844 = DIRECTION ( 'NONE',  ( -1.000000000000000000, 0.000000000000000000, 0.000000000000000000 ) ) ;
#1845 = LINE ( 'NONE', #567, #824 ) ;
#1846 = LINE ( 'NONE', #449, #1655 ) ;
#1847 = VERTEX_POINT ( 'NONE', #1604 ) ;
ENDSEC;
END-ISO-10303-21;
