ISO-10303-21;
HEADER;
FILE_DESCRIPTION (( 'STEP AP214' ),
    '1' );
FILE_NAME ('ECMF2-40A100N6.STEP',
    '2025-11-21T05:27:36',
    ( '' ),
    ( '' ),
    'SwSTEP 2.0',
    'SolidWorks 2023',
    '' );
FILE_SCHEMA (( 'AUTOMOTIVE_DESIGN' ));
ENDSEC;

DATA;
#1 = DIRECTION ( 'NONE',  ( 0.000000000000000000, -1.000000000000000000, 0.000000000000000000 ) ) ;
#2 = ORIENTED_EDGE ( 'NONE', *, *, #2207, .T. ) ;
#3 = SURFACE_STYLE_USAGE ( .BOTH. , #561 ) ;
#4 =( NAMED_UNIT ( * ) PLANE_ANGLE_UNIT ( ) SI_UNIT ( $, .RADIAN. ) );
#5 = VERTEX_POINT ( 'NONE', #2445 ) ;
#6 = FILL_AREA_STYLE ('',( #2267 ) ) ;
#7 = FILL_AREA_STYLE ('',( #915 ) ) ;
#8 = ADVANCED_FACE ( 'NONE', ( #1092 ), #564, .F. ) ;
#9 = DIRECTION ( 'NONE',  ( -0.000000000000000000, -0.000000000000000000, -1.000000000000000000 ) ) ;
#10 = VECTOR ( 'NONE', #1130, 1000.000000000000000 ) ;
#11 = DIRECTION ( 'NONE',  ( 1.000000000000000000, 0.000000000000000000, 0.000000000000000000 ) ) ;
#12 = EDGE_CURVE ( 'NONE', #1829, #834, #2265, .T. ) ;
#13 = CIRCLE ( 'NONE', #873, 0.1099999999999999589 ) ;
#14 = UNCERTAINTY_MEASURE_WITH_UNIT (LENGTH_MEASURE( 1.000000000000000082E-05 ), #1153, 'distance_accuracy_value', 'NONE');
#15 = VECTOR ( 'NONE', #1657, 1000.000000000000000 ) ;
#16 = VERTEX_POINT ( 'NONE', #369 ) ;
#17 =( NAMED_UNIT ( * ) PLANE_ANGLE_UNIT ( ) SI_UNIT ( $, .RADIAN. ) );
#18 = LINE ( 'NONE', #1323, #1494 ) ;
#19 = AXIS2_PLACEMENT_3D ( 'NONE', #348, #1492, #2215 ) ;
#20 = VERTEX_POINT ( 'NONE', #727 ) ;
#21 = PRESENTATION_STYLE_ASSIGNMENT (( #578 ) ) ;
#22 = DIRECTION ( 'NONE',  ( 0.000000000000000000, 0.000000000000000000, -1.000000000000000000 ) ) ;
#23 = PRESENTATION_STYLE_ASSIGNMENT (( #906 ) ) ;
#24 = VECTOR ( 'NONE', #1199, 1000.000000000000000 ) ;
#25 = LINE ( 'NONE', #971, #1264 ) ;
#26 = DIRECTION ( 'NONE',  ( 0.000000000000000000, 0.000000000000000000, -1.000000000000000000 ) ) ;
#27 = STYLED_ITEM ( 'NONE', ( #171 ), #1395 ) ;
#28 = CARTESIAN_POINT ( 'NONE',  ( -0.1250000000000000555, -0.6999999999999998446, 0.2500000000000000000 ) ) ;
#29 = SURFACE_STYLE_FILL_AREA ( #440 ) ;
#30 = AXIS2_PLACEMENT_3D ( 'NONE', #390, #2382, #249 ) ;
#31 = EDGE_CURVE ( 'NONE', #2051, #795, #737, .T. ) ;
#32 = VECTOR ( 'NONE', #992, 1000.000000000000000 ) ;
#33 = FILL_AREA_STYLE ('',( #1701 ) ) ;
#34 = PRESENTATION_LAYER_ASSIGNMENT (  '', '', ( #254 ) ) ;
#35 = FACE_OUTER_BOUND ( 'NONE', #264, .T. ) ;
#36 = CARTESIAN_POINT ( 'NONE',  ( 0.5250000000000000222, -0.7099999999999999645, 0.1730000000000000426 ) ) ;
#37 = ORIENTED_EDGE ( 'NONE', *, *, #555, .T. ) ;
#38 =( NAMED_UNIT ( * ) PLANE_ANGLE_UNIT ( ) SI_UNIT ( $, .RADIAN. ) );
#39 = PRESENTATION_STYLE_ASSIGNMENT (( #754 ) ) ;
#40 = EDGE_LOOP ( 'NONE', ( #393, #1705, #73, #846 ) ) ;
#41 = DIRECTION ( 'NONE',  ( 0.000000000000000000, -0.000000000000000000, -1.000000000000000000 ) ) ;
#42 = EDGE_CURVE ( 'NONE', #674, #1216, #2250, .T. ) ;
#43 = VERTEX_POINT ( 'NONE', #1498 ) ;
#44 = CARTESIAN_POINT ( 'NONE',  ( -0.2750000000000000222, 0.6999999999999998446, 0.3000000000000000444 ) ) ;
#45 = LINE ( 'NONE', #1750, #966 ) ;
#46 =( NAMED_UNIT ( * ) PLANE_ANGLE_UNIT ( ) SI_UNIT ( $, .RADIAN. ) );
#47 = DIRECTION ( 'NONE',  ( -1.000000000000000000, -0.000000000000000000, -0.000000000000000000 ) ) ;
#48 = ORIENTED_EDGE ( 'NONE', *, *, #617, .F. ) ;
#49 = FILL_AREA_STYLE_COLOUR ( '', #491 ) ;
#50 = MECHANICAL_DESIGN_GEOMETRIC_PRESENTATION_REPRESENTATION (  '', ( #477 ), #1623 ) ;
#51 = VECTOR ( 'NONE', #1141, 1000.000000000000000 ) ;
#52 = EDGE_CURVE ( 'NONE', #613, #1932, #382, .T. ) ;
#53 =( GEOMETRIC_REPRESENTATION_CONTEXT ( 3 ) GLOBAL_UNCERTAINTY_ASSIGNED_CONTEXT ( ( #1112 ) ) GLOBAL_UNIT_ASSIGNED_CONTEXT ( ( #1524, #1568, #2125 ) ) REPRESENTATION_CONTEXT ( 'NONE', 'WORKASPACE' ) );
#54 = ORIENTED_EDGE ( 'NONE', *, *, #302, .F. ) ;
#55 = STYLED_ITEM ( 'NONE', ( #1631 ), #656 ) ;
#56 = EDGE_CURVE ( 'NONE', #1142, #1773, #2088, .T. ) ;
#57 = DIRECTION ( 'NONE',  ( 1.000000000000000000, 0.000000000000000000, 0.000000000000000000 ) ) ;
#58 = COLOUR_RGB ( '',0.6666666666666666297, 0.6980392156862744724, 0.7686274509803920907 ) ;
#59 = ORIENTED_EDGE ( 'NONE', *, *, #1042, .T. ) ;
#60 = SURFACE_STYLE_FILL_AREA ( #413 ) ;
#61 = PRESENTATION_STYLE_ASSIGNMENT (( #1939 ) ) ;
#62 = PRESENTATION_LAYER_ASSIGNMENT (  '', '', ( #451 ) ) ;
#63 = PRESENTATION_LAYER_ASSIGNMENT (  '', '', ( #2361 ) ) ;
#64 = DIRECTION ( 'NONE',  ( -0.000000000000000000, 1.000000000000000000, -0.000000000000000000 ) ) ;
#65 = VERTEX_POINT ( 'NONE', #2280 ) ;
#66 = VECTOR ( 'NONE', #2403, 1000.000000000000114 ) ;
#67 = CARTESIAN_POINT ( 'NONE',  ( -0.1250000000000000555, 0.7099999999999999645, 0.3000000000000000444 ) ) ;
#68 = EDGE_CURVE ( 'NONE', #795, #193, #1899, .T. ) ;
#69 = EDGE_LOOP ( 'NONE', ( #2222, #1386, #692, #502, #2185, #1070 ) ) ;
#70 = CARTESIAN_POINT ( 'NONE',  ( 0.01500000000000001159, 0.2099999999999999367, 0.2500000000000000000 ) ) ;
#71 = SURFACE_SIDE_STYLE ('',( #1589 ) ) ;
#72 = SURFACE_STYLE_USAGE ( .BOTH. , #1009 ) ;
#73 = ORIENTED_EDGE ( 'NONE', *, *, #1259, .F. ) ;
#74 = CARTESIAN_POINT ( 'NONE',  ( 0.2749999999999999667, 0.6999999999999998446, 0.3000000000000000444 ) ) ;
#75 = CARTESIAN_POINT ( 'NONE',  ( -0.2750000000000000222, 0.7099999999999999645, 0.1730000000000000426 ) ) ;
#76 = FILL_AREA_STYLE ('',( #612 ) ) ;
#77 = VERTEX_POINT ( 'NONE', #168 ) ;
#78 = FILL_AREA_STYLE ('',( #1989 ) ) ;
#79 = EDGE_CURVE ( 'NONE', #1998, #162, #1844, .T. ) ;
#80 = SURFACE_SIDE_STYLE ('',( #814 ) ) ;
#81 = EDGE_CURVE ( 'NONE', #111, #43, #191, .T. ) ;
#82 = CARTESIAN_POINT ( 'NONE',  ( -0.2750000000000000222, 0.6999999999999998446, 0.3000000000000000444 ) ) ;
#83 = DIRECTION ( 'NONE',  ( -0.000000000000000000, -0.000000000000000000, -1.000000000000000000 ) ) ;
#84 = ORIENTED_EDGE ( 'NONE', *, *, #862, .F. ) ;
#85 = STYLED_ITEM ( 'NONE', ( #1905 ), #587 ) ;
#86 = ORIENTED_EDGE ( 'NONE', *, *, #1336, .T. ) ;
#87 = VERTEX_POINT ( 'NONE', #353 ) ;
#88 = STYLED_ITEM ( 'NONE', ( #21 ), #909 ) ;
#89 = SURFACE_STYLE_USAGE ( .BOTH. , #71 ) ;
#90 =( GEOMETRIC_REPRESENTATION_CONTEXT ( 3 ) GLOBAL_UNCERTAINTY_ASSIGNED_CONTEXT ( ( #474 ) ) GLOBAL_UNIT_ASSIGNED_CONTEXT ( ( #1341, #2169, #2156 ) ) REPRESENTATION_CONTEXT ( 'NONE', 'WORKASPACE' ) );
#91 =( NAMED_UNIT ( * ) PLANE_ANGLE_UNIT ( ) SI_UNIT ( $, .RADIAN. ) );
#92 = PRESENTATION_LAYER_ASSIGNMENT (  '', '', ( #887 ) ) ;
#93 = ADVANCED_FACE ( 'NONE', ( #1683 ), #2329, .T. ) ;
#94 = PRESENTATION_LAYER_ASSIGNMENT (  '', '', ( #1672 ) ) ;
#95 = VERTEX_POINT ( 'NONE', #783 ) ;
#96 =( GEOMETRIC_REPRESENTATION_CONTEXT ( 3 ) GLOBAL_UNCERTAINTY_ASSIGNED_CONTEXT ( ( #748 ) ) GLOBAL_UNIT_ASSIGNED_CONTEXT ( ( #582, #2260, #760 ) ) REPRESENTATION_CONTEXT ( 'NONE', 'WORKASPACE' ) );
#97 = CARTESIAN_POINT ( 'NONE',  ( 0.2749999999999999667, -0.6999999999999998446, 0.3000000000000000444 ) ) ;
#98 = FILL_AREA_STYLE ('',( #1812 ) ) ;
#99 = EDGE_LOOP ( 'NONE', ( #481, #2459, #853, #1911 ) ) ;
#100 = MECHANICAL_DESIGN_GEOMETRIC_PRESENTATION_REPRESENTATION (  '', ( #776 ), #1469 ) ;
#101 = ORIENTED_EDGE ( 'NONE', *, *, #2255, .F. ) ;
#102 = SURFACE_STYLE_FILL_AREA ( #78 ) ;
#103 = LINE ( 'NONE', #309, #679 ) ;
#104 = DIRECTION ( 'NONE',  ( -0.000000000000000000, -0.000000000000000000, -1.000000000000000000 ) ) ;
#105 = FILL_AREA_STYLE_COLOUR ( '', #1510 ) ;
#106 = CARTESIAN_POINT ( 'NONE',  ( 0.2749999999999999667, 0.7099999999999999645, 0.1730000000000000426 ) ) ;
#107 = EDGE_CURVE ( 'NONE', #2025, #2330, #1964, .T. ) ;
#108 = UNCERTAINTY_MEASURE_WITH_UNIT (LENGTH_MEASURE( 1.000000000000000082E-05 ), #1751, 'distance_accuracy_value', 'NONE');
#109 = VERTEX_POINT ( 'NONE', #620 ) ;
#110 = SURFACE_SIDE_STYLE ('',( #1801 ) ) ;
#111 = VERTEX_POINT ( 'NONE', #2108 ) ;
#112 = ORIENTED_EDGE ( 'NONE', *, *, #381, .F. ) ;
#113 = PRESENTATION_STYLE_ASSIGNMENT (( #1230 ) ) ;
#114 =( LENGTH_UNIT ( ) NAMED_UNIT ( * ) SI_UNIT ( .MILLI., .METRE. ) );
#115 = SURFACE_STYLE_USAGE ( .BOTH. , #1807 ) ;
#116 = ORIENTED_EDGE ( 'NONE', *, *, #259, .T. ) ;
#117 = EDGE_CURVE ( 'NONE', #1405, #655, #967, .T. ) ;
#118 = VERTEX_POINT ( 'NONE', #979 ) ;
#119 = ORIENTED_EDGE ( 'NONE', *, *, #498, .T. ) ;
#120 = AXIS2_PLACEMENT_3D ( 'NONE', #616, #1008, #1369 ) ;
#121 = LINE ( 'NONE', #1792, #1418 ) ;
#122 =( NAMED_UNIT ( * ) PLANE_ANGLE_UNIT ( ) SI_UNIT ( $, .RADIAN. ) );
#123 = PRESENTATION_LAYER_ASSIGNMENT (  '', '', ( #1992 ) ) ;
#124 = LINE ( 'NONE', #2435, #2197 ) ;
#125 = COLOUR_RGB ( '',0.6666666666666666297, 0.6980392156862744724, 0.7686274509803920907 ) ;
#126 =( GEOMETRIC_REPRESENTATION_CONTEXT ( 3 ) GLOBAL_UNCERTAINTY_ASSIGNED_CONTEXT ( ( #1808 ) ) GLOBAL_UNIT_ASSIGNED_CONTEXT ( ( #1476, #1916, #2259 ) ) REPRESENTATION_CONTEXT ( 'NONE', 'WORKASPACE' ) );
#127 = UNCERTAINTY_MEASURE_WITH_UNIT (LENGTH_MEASURE( 1.000000000000000082E-05 ), #1326, 'distance_accuracy_value', 'NONE');
#128 = VECTOR ( 'NONE', #1406, 1000.000000000000000 ) ;
#129 = ORIENTED_EDGE ( 'NONE', *, *, #627, .F. ) ;
#130 = DIRECTION ( 'NONE',  ( -0.000000000000000000, -0.000000000000000000, -1.000000000000000000 ) ) ;
#131 = SURFACE_STYLE_USAGE ( .BOTH. , #2375 ) ;
#132 = FILL_AREA_STYLE_COLOUR ( '', #140 ) ;
#133 = VERTEX_POINT ( 'NONE', #404 ) ;
#134 = ORIENTED_EDGE ( 'NONE', *, *, #184, .F. ) ;
#135 = STYLED_ITEM ( 'NONE', ( #2119 ), #1943 ) ;
#136 = SURFACE_SIDE_STYLE ('',( #284 ) ) ;
#137 = ADVANCED_FACE ( 'NONE', ( #418 ), #1533, .F. ) ;
#138 = VECTOR ( 'NONE', #1073, 1000.000000000000000 ) ;
#139 = CARTESIAN_POINT ( 'NONE',  ( -0.4149999999999993139, -0.09999999999999993616, 0.3000000000000000444 ) ) ;
#140 = COLOUR_RGB ( '',0.6666666666666666297, 0.6980392156862744724, 0.7686274509803920907 ) ;
#141 = LINE ( 'NONE', #1061, #1040 ) ;
#142 = VERTEX_POINT ( 'NONE', #767 ) ;
#143 = SURFACE_STYLE_FILL_AREA ( #722 ) ;
#144 = CARTESIAN_POINT ( 'NONE',  ( 0.2749999999999999667, -0.2100000000000006861, 0.2500000000000000000 ) ) ;
#145 = LINE ( 'NONE', #1643, #66 ) ;
#146 = CARTESIAN_POINT ( 'NONE',  ( 0.1250000000000000000, 0.6999999999999998446, 0.3000000000000000444 ) ) ;
#147 = ORIENTED_EDGE ( 'NONE', *, *, #192, .T. ) ;
#148 = CARTESIAN_POINT ( 'NONE',  ( 0.2749999999999999667, 0.7099999999999999645, 0.1730000000000000426 ) ) ;
#149 = EDGE_CURVE ( 'NONE', #1922, #476, #1334, .T. ) ;
#150 = UNCERTAINTY_MEASURE_WITH_UNIT (LENGTH_MEASURE( 1.000000000000000082E-05 ), #861, 'distance_accuracy_value', 'NONE');
#151 = ORIENTED_EDGE ( 'NONE', *, *, #1929, .F. ) ;
#152 = SURFACE_STYLE_USAGE ( .BOTH. , #1468 ) ;
#153 =( LENGTH_UNIT ( ) NAMED_UNIT ( * ) SI_UNIT ( .MILLI., .METRE. ) );
#154 = VERTEX_POINT ( 'NONE', #1191 ) ;
#155 = AXIS2_PLACEMENT_3D ( 'NONE', #1165, #576, #231 ) ;
#156 = DIRECTION ( 'NONE',  ( -0.000000000000000000, 1.000000000000000000, -0.000000000000000000 ) ) ;
#157 = CARTESIAN_POINT ( 'NONE',  ( 0.4149999999999993694, -0.09999999999999993616, 0.2500000000000000000 ) ) ;
#158 = LINE ( 'NONE', #174, #164 ) ;
#159 = MECHANICAL_DESIGN_GEOMETRIC_PRESENTATION_REPRESENTATION (  '', ( #881 ), #2110 ) ;
#160 =( GEOMETRIC_REPRESENTATION_CONTEXT ( 3 ) GLOBAL_UNCERTAINTY_ASSIGNED_CONTEXT ( ( #900 ) ) GLOBAL_UNIT_ASSIGNED_CONTEXT ( ( #1848, #730, #1636 ) ) REPRESENTATION_CONTEXT ( 'NONE', 'WORKASPACE' ) );
#161 = EDGE_CURVE ( 'NONE', #1773, #1693, #2273, .T. ) ;
#162 = VERTEX_POINT ( 'NONE', #584 ) ;
#163 = FILL_AREA_STYLE_COLOUR ( '', #673 ) ;
#164 = VECTOR ( 'NONE', #2300, 1000.000000000000000 ) ;
#165 = SURFACE_STYLE_USAGE ( .BOTH. , #2086 ) ;
#166 = CARTESIAN_POINT ( 'NONE',  ( -0.4250000000000000999, 0.09999999999999993616, 0.2500000000000000000 ) ) ;
#167 = COLOUR_RGB ( '',0.6666666666666666297, 0.6980392156862744724, 0.7686274509803920907 ) ;
#168 = CARTESIAN_POINT ( 'NONE',  ( -0.3850000000000007860, -0.09999999999999992228, 0.3000000000000000444 ) ) ;
#169 = VERTEX_POINT ( 'NONE', #2304 ) ;
#170 =( GEOMETRIC_REPRESENTATION_CONTEXT ( 3 ) GLOBAL_UNCERTAINTY_ASSIGNED_CONTEXT ( ( #1509 ) ) GLOBAL_UNIT_ASSIGNED_CONTEXT ( ( #1999, #2175, #1611 ) ) REPRESENTATION_CONTEXT ( 'NONE', 'WORKASPACE' ) );
#171 = PRESENTATION_STYLE_ASSIGNMENT (( #1287 ) ) ;
#172 = CARTESIAN_POINT ( 'NONE',  ( -0.01500000000000006710, 0.2099999999999999367, 0.3000000000000000444 ) ) ;
#173 =( LENGTH_UNIT ( ) NAMED_UNIT ( * ) SI_UNIT ( .MILLI., .METRE. ) );
#174 = CARTESIAN_POINT ( 'NONE',  ( 0.1250000000000000000, -0.7099999999999999645, 0.1730000000000000426 ) ) ;
#175 = VECTOR ( 'NONE', #104, 1000.000000000000000 ) ;
#176 = DIRECTION ( 'NONE',  ( 1.000000000000000000, 0.000000000000000000, 0.000000000000000000 ) ) ;
#177 = COLOUR_RGB ( '',0.6666666666666666297, 0.6980392156862744724, 0.7686274509803920907 ) ;
#178 = UNCERTAINTY_MEASURE_WITH_UNIT (LENGTH_MEASURE( 1.000000000000000082E-05 ), #273, 'distance_accuracy_value', 'NONE');
#179 = ORIENTED_EDGE ( 'NONE', *, *, #698, .T. ) ;
#180 = EDGE_CURVE ( 'NONE', #523, #1998, #251, .T. ) ;
#181 = PRESENTATION_STYLE_ASSIGNMENT (( #1702 ) ) ;
#182 = EDGE_LOOP ( 'NONE', ( #86, #910, #1946, #1224, #461, #1785 ) ) ;
#183 = ORIENTED_EDGE ( 'NONE', *, *, #1351, .F. ) ;
#184 = EDGE_CURVE ( 'NONE', #1170, #20, #818, .T. ) ;
#185 = CARTESIAN_POINT ( 'NONE',  ( -0.5250000000000000222, -0.7099999999999999645, 0.3000000000000000444 ) ) ;
#186 = CARTESIAN_POINT ( 'NONE',  ( -0.7250000000000005329, 0.6999999999999998446, 0.2500000000000000000 ) ) ;
#187 = PLANE ( 'NONE',  #210 ) ;
#188 = VERTEX_POINT ( 'NONE', #2340 ) ;
#189 =( NAMED_UNIT ( * ) SI_UNIT ( $, .STERADIAN. ) SOLID_ANGLE_UNIT ( ) );
#190 = CARTESIAN_POINT ( 'NONE',  ( -0.5250000000000000222, 0.7099999999999999645, 0.3000000000000000444 ) ) ;
#191 = LINE ( 'NONE', #1653, #877 ) ;
#192 = EDGE_CURVE ( 'NONE', #476, #1614, #18, .T. ) ;
#193 = VERTEX_POINT ( 'NONE', #2148 ) ;
#194 = FACE_OUTER_BOUND ( 'NONE', #318, .T. ) ;
#195 = CARTESIAN_POINT ( 'NONE',  ( 0.01500000000000001159, 0.2099999999999999367, 0.3000000000000000444 ) ) ;
#196 =( NAMED_UNIT ( * ) PLANE_ANGLE_UNIT ( ) SI_UNIT ( $, .RADIAN. ) );
#197 = EDGE_CURVE ( 'NONE', #154, #2138, #2098, .T. ) ;
#198 =( LENGTH_UNIT ( ) NAMED_UNIT ( * ) SI_UNIT ( .MILLI., .METRE. ) );
#199 = FACE_OUTER_BOUND ( 'NONE', #1987, .T. ) ;
#200 = LINE ( 'NONE', #958, #2363 ) ;
#201 = CIRCLE ( 'NONE', #2390, 0.1099999999999999589 ) ;
#202 = PRESENTATION_LAYER_ASSIGNMENT (  '', '', ( #1257 ) ) ;
#203 = VECTOR ( 'NONE', #1096, 1000.000000000000000 ) ;
#204 = EDGE_LOOP ( 'NONE', ( #1050, #1790, #539, #495 ) ) ;
#205 = CIRCLE ( 'NONE', #1575, 0.1099999999999999589 ) ;
#206 = SURFACE_STYLE_FILL_AREA ( #1983 ) ;
#207 = COLOUR_RGB ( '',0.6666666666666666297, 0.6980392156862744724, 0.7686274509803920907 ) ;
#208 = ORIENTED_EDGE ( 'NONE', *, *, #2008, .F. ) ;
#209 = DIRECTION ( 'NONE',  ( -0.000000000000000000, -0.000000000000000000, -1.000000000000000000 ) ) ;
#210 = AXIS2_PLACEMENT_3D ( 'NONE', #1697, #775, #946 ) ;
#211 =( NAMED_UNIT ( * ) SI_UNIT ( $, .STERADIAN. ) SOLID_ANGLE_UNIT ( ) );
#212 =( GEOMETRIC_REPRESENTATION_CONTEXT ( 3 ) GLOBAL_UNCERTAINTY_ASSIGNED_CONTEXT ( ( #1478 ) ) GLOBAL_UNIT_ASSIGNED_CONTEXT ( ( #1208, #38, #821 ) ) REPRESENTATION_CONTEXT ( 'NONE', 'WORKASPACE' ) );
#213 = DIRECTION ( 'NONE',  ( -1.000000000000000000, -0.000000000000000000, -0.000000000000000000 ) ) ;
#214 = ADVANCED_FACE ( 'NONE', ( #1910 ), #1044, .F. ) ;
#215 = CARTESIAN_POINT ( 'NONE',  ( 0.4150000000000000910, 0.2099999999999999367, 0.3000000000000000444 ) ) ;
#216 = CYLINDRICAL_SURFACE ( 'NONE', #19, 0.1099999999999999589 ) ;
#217 = COLOUR_RGB ( '',0.6666666666666666297, 0.6980392156862744724, 0.7686274509803920907 ) ;
#218 = PRESENTATION_LAYER_ASSIGNMENT (  '', '', ( #417 ) ) ;
#219 = AXIS2_PLACEMENT_3D ( 'NONE', #2264, #1495, #710 ) ;
#220 = DIRECTION ( 'NONE',  ( -1.000000000000000000, 0.000000000000000000, -0.000000000000000000 ) ) ;
#221 = ORIENTED_EDGE ( 'NONE', *, *, #346, .F. ) ;
#222 = FACE_OUTER_BOUND ( 'NONE', #69, .T. ) ;
#223 = CARTESIAN_POINT ( 'NONE',  ( -0.5250000000000000222, 0.1999999999999999278, 0.3000000000000000444 ) ) ;
#224 = DIRECTION ( 'NONE',  ( -0.000000000000000000, -0.000000000000000000, 1.000000000000000000 ) ) ;
#225 = ORIENTED_EDGE ( 'NONE', *, *, #1378, .F. ) ;
#226 = SURFACE_STYLE_USAGE ( .BOTH. , #2354 ) ;
#227 = LINE ( 'NONE', #28, #2406 ) ;
#228 = EDGE_CURVE ( 'NONE', #1467, #613, #1975, .T. ) ;
#229 = EDGE_CURVE ( 'NONE', #1511, #2025, #454, .T. ) ;
#230 = LINE ( 'NONE', #441, #1029 ) ;
#231 = DIRECTION ( 'NONE',  ( 0.000000000000000000, 0.000000000000000000, 1.000000000000000000 ) ) ;
#232 = VERTEX_POINT ( 'NONE', #1203 ) ;
#233 = CARTESIAN_POINT ( 'NONE',  ( -0.4149999999999993139, -0.09999999999999993616, 0.2500000000000000000 ) ) ;
#234 = DIRECTION ( 'NONE',  ( -0.000000000000000000, -1.000000000000000000, -0.000000000000000000 ) ) ;
#235 = CYLINDRICAL_SURFACE ( 'NONE', #998, 0.1099999999999999867 ) ;
#236 = CARTESIAN_POINT ( 'NONE',  ( -0.7250000000000005329, 0.6999999999999998446, -0.2500000000000000000 ) ) ;
#237 =( NAMED_UNIT ( * ) SI_UNIT ( $, .STERADIAN. ) SOLID_ANGLE_UNIT ( ) );
#238 = EDGE_CURVE ( 'NONE', #476, #1684, #289, .T. ) ;
#239 = DIRECTION ( 'NONE',  ( 1.000000000000000000, 0.000000000000000000, 0.000000000000000000 ) ) ;
#240 = ORIENTED_EDGE ( 'NONE', *, *, #987, .T. ) ;
#241 = STYLED_ITEM ( 'NONE', ( #932 ), #603 ) ;
#242 = PLANE ( 'NONE',  #1661 ) ;
#243 = DIRECTION ( 'NONE',  ( 0.7071067811865474617, -0.7071067811865474617, 0.000000000000000000 ) ) ;
#244 = MECHANICAL_DESIGN_GEOMETRIC_PRESENTATION_REPRESENTATION (  '', ( #1912 ), #961 ) ;
#245 =( NAMED_UNIT ( * ) SI_UNIT ( $, .STERADIAN. ) SOLID_ANGLE_UNIT ( ) );
#246 = FACE_OUTER_BOUND ( 'NONE', #1374, .T. ) ;
#247 = AXIS2_PLACEMENT_3D ( 'NONE', #1501, #943, #1517 ) ;
#248 =( GEOMETRIC_REPRESENTATION_CONTEXT ( 3 ) GLOBAL_UNCERTAINTY_ASSIGNED_CONTEXT ( ( #872 ) ) GLOBAL_UNIT_ASSIGNED_CONTEXT ( ( #153, #1664, #1090 ) ) REPRESENTATION_CONTEXT ( 'NONE', 'WORKASPACE' ) );
#249 = DIRECTION ( 'NONE',  ( -1.000000000000000000, 0.000000000000000000, 0.000000000000000000 ) ) ;
#250 = DIRECTION ( 'NONE',  ( -0.000000000000000000, -0.000000000000000000, -1.000000000000000000 ) ) ;
#251 = LINE ( 'NONE', #2137, #1571 ) ;
#252 = ORIENTED_EDGE ( 'NONE', *, *, #2442, .F. ) ;
#253 = EDGE_CURVE ( 'NONE', #1458, #1170, #13, .T. ) ;
#254 = STYLED_ITEM ( 'NONE', ( #1986 ), #2335 ) ;
#255 = SURFACE_STYLE_USAGE ( .BOTH. , #1193 ) ;
#256 = CARTESIAN_POINT ( 'NONE',  ( -0.2750000000000000222, -0.2100000000000007139, 0.2500000000000000000 ) ) ;
#257 =( NAMED_UNIT ( * ) PLANE_ANGLE_UNIT ( ) SI_UNIT ( $, .RADIAN. ) );
#258 = VERTEX_POINT ( 'NONE', #839 ) ;
#259 = EDGE_CURVE ( 'NONE', #2438, #169, #994, .T. ) ;
#260 = SURFACE_STYLE_FILL_AREA ( #1972 ) ;
#261 = DIRECTION ( 'NONE',  ( -0.000000000000000000, -0.000000000000000000, -1.000000000000000000 ) ) ;
#262 = CARTESIAN_POINT ( 'NONE',  ( 0.5250000000000000222, -0.7099999999999999645, 0.1730000000000000426 ) ) ;
#263 = CARTESIAN_POINT ( 'NONE',  ( 0.7249999999999994227, -0.7000000000000000666, 0.2500000000000000000 ) ) ;
#264 = EDGE_LOOP ( 'NONE', ( #508, #1980, #1166, #2109, #948, #2010, #565, #2141, #874, #660, #2308, #1667, #831, #349, #806, #1954 ) ) ;
#265 =( NAMED_UNIT ( * ) SI_UNIT ( $, .STERADIAN. ) SOLID_ANGLE_UNIT ( ) );
#266 = FILL_AREA_STYLE_COLOUR ( '', #1111 ) ;
#267 =( NAMED_UNIT ( * ) PLANE_ANGLE_UNIT ( ) SI_UNIT ( $, .RADIAN. ) );
#268 = ORIENTED_EDGE ( 'NONE', *, *, #2204, .F. ) ;
#269 = ORIENTED_EDGE ( 'NONE', *, *, #758, .T. ) ;
#270 = CARTESIAN_POINT ( 'NONE',  ( 0.01500000000000001159, -0.2099999999999999367, 0.3000000000000000444 ) ) ;
#271 = PRESENTATION_STYLE_ASSIGNMENT (( #1958 ) ) ;
#272 = EDGE_CURVE ( 'NONE', #87, #1813, #1019, .T. ) ;
#273 =( LENGTH_UNIT ( ) NAMED_UNIT ( * ) SI_UNIT ( .MILLI., .METRE. ) );
#274 = CARTESIAN_POINT ( 'NONE',  ( -0.1250000000000000555, -0.2100000000000006861, 0.3000000000000000444 ) ) ;
#275 = VECTOR ( 'NONE', #1758, 1000.000000000000000 ) ;
#276 = ORIENTED_EDGE ( 'NONE', *, *, #79, .F. ) ;
#277 = STYLED_ITEM ( 'NONE', ( #1760 ), #528 ) ;
#278 = VECTOR ( 'NONE', #250, 1000.000000000000000 ) ;
#279 = CARTESIAN_POINT ( 'NONE',  ( -0.7250000000000005329, -0.7000000000000000666, 0.2500000000000000000 ) ) ;
#280 = FILL_AREA_STYLE_COLOUR ( '', #1681 ) ;
#281 = ORIENTED_EDGE ( 'NONE', *, *, #1490, .T. ) ;
#282 = MECHANICAL_DESIGN_GEOMETRIC_PRESENTATION_REPRESENTATION (  '', ( #55 ), #1865 ) ;
#283 = ORIENTED_EDGE ( 'NONE', *, *, #1174, .F. ) ;
#284 = SURFACE_STYLE_FILL_AREA ( #1401 ) ;
#285 = PRESENTATION_LAYER_ASSIGNMENT (  '', '', ( #1465 ) ) ;
#286 = EDGE_CURVE ( 'NONE', #685, #1998, #1769, .T. ) ;
#287 = DIRECTION ( 'NONE',  ( 0.000000000000000000, 0.000000000000000000, 1.000000000000000000 ) ) ;
#288 = VECTOR ( 'NONE', #234, 1000.000000000000000 ) ;
#289 = LINE ( 'NONE', #263, #1140 ) ;
#290 = VECTOR ( 'NONE', #1102, 1000.000000000000000 ) ;
#291 = ORIENTED_EDGE ( 'NONE', *, *, #363, .F. ) ;
#292 = VECTOR ( 'NONE', #1253, 1000.000000000000000 ) ;
#293 = DIRECTION ( 'NONE',  ( -0.000000000000000000, -1.000000000000000000, -0.000000000000000000 ) ) ;
#294 = PLANE ( 'NONE',  #2170 ) ;
#295 = EDGE_LOOP ( 'NONE', ( #670, #1596, #1548, #1864, #1312, #1499 ) ) ;
#296 = MECHANICAL_DESIGN_GEOMETRIC_PRESENTATION_REPRESENTATION (  '', ( #2453 ), #1238 ) ;
#297 = VERTEX_POINT ( 'NONE', #1995 ) ;
#298 = CARTESIAN_POINT ( 'NONE',  ( 0.3850000000000007305, 0.09999999999999993616, 0.3000000000000000444 ) ) ;
#299 = FILL_AREA_STYLE_COLOUR ( '', #58 ) ;
#300 = FILL_AREA_STYLE_COLOUR ( '', #1423 ) ;
#301 = EDGE_CURVE ( 'NONE', #1562, #2336, #1577, .T. ) ;
#302 = EDGE_CURVE ( 'NONE', #456, #645, #1775, .T. ) ;
#303 = UNCERTAINTY_MEASURE_WITH_UNIT (LENGTH_MEASURE( 1.000000000000000082E-05 ), #1931, 'distance_accuracy_value', 'NONE');
#304 = ORIENTED_EDGE ( 'NONE', *, *, #837, .F. ) ;
#305 = CARTESIAN_POINT ( 'NONE',  ( 0.7249999999999994227, 0.6999999999999998446, 0.2500000000000000000 ) ) ;
#306 = PLANE ( 'NONE',  #895 ) ;
#307 = ORIENTED_EDGE ( 'NONE', *, *, #2315, .F. ) ;
#308 = ORIENTED_EDGE ( 'NONE', *, *, #1901, .F. ) ;
#309 = CARTESIAN_POINT ( 'NONE',  ( 0.3850000000000007305, -0.09999999999999993616, 0.3000000000000000444 ) ) ;
#310 = CARTESIAN_POINT ( 'NONE',  ( -0.2750000000000000222, -0.7099999999999999645, 0.1730000000000000426 ) ) ;
#311 = DIRECTION ( 'NONE',  ( -0.000000000000000000, -0.000000000000000000, -1.000000000000000000 ) ) ;
#312 = CARTESIAN_POINT ( 'NONE',  ( 0.2749999999999999667, -0.7099999999999999645, 0.3000000000000000444 ) ) ;
#313 = DIRECTION ( 'NONE',  ( 0.000000000000000000, 0.000000000000000000, 1.000000000000000000 ) ) ;
#314 = ORIENTED_EDGE ( 'NONE', *, *, #583, .T. ) ;
#315 = EDGE_CURVE ( 'NONE', #1684, #500, #2348, .T. ) ;
#316 = FACE_OUTER_BOUND ( 'NONE', #1717, .T. ) ;
#317 = FACE_OUTER_BOUND ( 'NONE', #1036, .T. ) ;
#318 = EDGE_LOOP ( 'NONE', ( #636, #1083, #1065, #574, #749, #913 ) ) ;
#319 = EDGE_LOOP ( 'NONE', ( #2072, #2385, #1447, #752 ) ) ;
#320 = DIRECTION ( 'NONE',  ( 1.000000000000000000, 0.000000000000000000, 0.000000000000000000 ) ) ;
#321 = CARTESIAN_POINT ( 'NONE',  ( 0.3849999999999998979, 0.2099999999999999367, 0.3000000000000000444 ) ) ;
#322 = LINE ( 'NONE', #1858, #2434 ) ;
#323 = DIRECTION ( 'NONE',  ( 0.000000000000000000, 0.000000000000000000, 1.000000000000000000 ) ) ;
#324 = MECHANICAL_DESIGN_GEOMETRIC_PRESENTATION_REPRESENTATION (  '', ( #887 ), #126 ) ;
#325 = UNCERTAINTY_MEASURE_WITH_UNIT (LENGTH_MEASURE( 1.000000000000000082E-05 ), #2005, 'distance_accuracy_value', 'NONE');
#326 = MECHANICAL_DESIGN_GEOMETRIC_PRESENTATION_REPRESENTATION (  '', ( #1672 ), #212 ) ;
#327 = ORIENTED_EDGE ( 'NONE', *, *, #1245, .F. ) ;
#328 =( LENGTH_UNIT ( ) NAMED_UNIT ( * ) SI_UNIT ( .MILLI., .METRE. ) );
#329 = AXIS2_PLACEMENT_3D ( 'NONE', #1689, #902, #1128 ) ;
#330 = SURFACE_STYLE_FILL_AREA ( #2033 ) ;
#331 = EDGE_LOOP ( 'NONE', ( #1600, #1399, #208, #866, #1908, #798, #1051, #240, #1534, #1192, #1651, #514, #1852, #768, #147, #2278, #1420, #1239, #1285, #183, #466, #1936, #585, #2252, #1352, #54, #2208, #2378, #291, #1803, #307, #1251, #1431, #1493, #527, #1584, #2013, #470, #2353 ) ) ;
#332 = ADVANCED_FACE ( 'NONE', ( #2173 ), #1214, .T. ) ;
#333 = ORIENTED_EDGE ( 'NONE', *, *, #56, .T. ) ;
#334 = MECHANICAL_DESIGN_GEOMETRIC_PRESENTATION_REPRESENTATION (  '', ( #683 ), #1590 ) ;
#335 = SURFACE_STYLE_FILL_AREA ( #482 ) ;
#336 = PRESENTATION_LAYER_ASSIGNMENT (  '', '', ( #1885 ) ) ;
#337 =( NAMED_UNIT ( * ) PLANE_ANGLE_UNIT ( ) SI_UNIT ( $, .RADIAN. ) );
#338 = STYLED_ITEM ( 'NONE', ( #671 ), #2347 ) ;
#339 = CARTESIAN_POINT ( 'NONE',  ( 0.5250000000000000222, 0.6999999999999998446, 0.3000000000000000444 ) ) ;
#340 = ORIENTED_EDGE ( 'NONE', *, *, #1259, .T. ) ;
#341 = FILL_AREA_STYLE ('',( #351 ) ) ;
#342 = EDGE_LOOP ( 'NONE', ( #411, #2047, #1654, #2368 ) ) ;
#343 = DIRECTION ( 'NONE',  ( 0.000000000000000000, -1.000000000000000000, 0.000000000000000000 ) ) ;
#344 = SURFACE_SIDE_STYLE ('',( #2056 ) ) ;
#345 = CARTESIAN_POINT ( 'NONE',  ( -0.2750000000000000222, -0.6999999999999998446, 0.2500000000000000000 ) ) ;
#346 = EDGE_CURVE ( 'NONE', #1841, #87, #869, .T. ) ;
#347 = UNCERTAINTY_MEASURE_WITH_UNIT (LENGTH_MEASURE( 1.000000000000000082E-05 ), #740, 'distance_accuracy_value', 'NONE');
#348 = CARTESIAN_POINT ( 'NONE',  ( -0.4150000000000000910, -0.2099999999999999367, 0.3000000000000000444 ) ) ;
#349 = ORIENTED_EDGE ( 'NONE', *, *, #238, .F. ) ;
#350 =( NAMED_UNIT ( * ) SI_UNIT ( $, .STERADIAN. ) SOLID_ANGLE_UNIT ( ) );
#351 = FILL_AREA_STYLE_COLOUR ( '', #2122 ) ;
#352 =( NAMED_UNIT ( * ) SI_UNIT ( $, .STERADIAN. ) SOLID_ANGLE_UNIT ( ) );
#353 = CARTESIAN_POINT ( 'NONE',  ( 0.5250000000000000222, 0.7099999999999999645, 0.1730000000000000426 ) ) ;
#354 = ORIENTED_EDGE ( 'NONE', *, *, #238, .T. ) ;
#355 = STYLED_ITEM ( 'NONE', ( #401 ), #214 ) ;
#356 = PLANE ( 'NONE',  #1878 ) ;
#357 = VECTOR ( 'NONE', #1439, 1000.000000000000000 ) ;
#358 = LINE ( 'NONE', #2066, #1260 ) ;
#359 = SURFACE_STYLE_USAGE ( .BOTH. , #2258 ) ;
#360 = LINE ( 'NONE', #345, #1874 ) ;
#361 = VECTOR ( 'NONE', #1687, 1000.000000000000000 ) ;
#362 = SURFACE_STYLE_FILL_AREA ( #1304 ) ;
#363 = EDGE_CURVE ( 'NONE', #2099, #1023, #533, .T. ) ;
#364 = STYLED_ITEM ( 'NONE', ( #686 ), #657 ) ;
#365 = ORIENTED_EDGE ( 'NONE', *, *, #2022, .F. ) ;
#366 = COLOUR_RGB ( '',0.6666666666666666297, 0.6980392156862744724, 0.7686274509803920907 ) ;
#367 = FILL_AREA_STYLE_COLOUR ( '', #371 ) ;
#368 = AXIS2_PLACEMENT_3D ( 'NONE', #195, #770, #1105 ) ;
#369 = CARTESIAN_POINT ( 'NONE',  ( -0.5250000000000000222, -0.2100000000000006861, 0.3000000000000000444 ) ) ;
#370 = VERTEX_POINT ( 'NONE', #157 ) ;
#371 = COLOUR_RGB ( '',0.6666666666666666297, 0.6980392156862744724, 0.7686274509803920907 ) ;
#372 = LINE ( 'NONE', #2239, #1003 ) ;
#373 =( NAMED_UNIT ( * ) SI_UNIT ( $, .STERADIAN. ) SOLID_ANGLE_UNIT ( ) );
#374 = AXIS2_PLACEMENT_3D ( 'NONE', #215, #1894, #176 ) ;
#375 = VECTOR ( 'NONE', #1231, 1000.000000000000000 ) ;
#376 = EDGE_CURVE ( 'NONE', #1562, #1218, #322, .T. ) ;
#377 = UNCERTAINTY_MEASURE_WITH_UNIT (LENGTH_MEASURE( 1.000000000000000082E-05 ), #1275, 'distance_accuracy_value', 'NONE');
#378 = EDGE_LOOP ( 'NONE', ( #2400, #2344, #1752, #1080 ) ) ;
#379 = EDGE_CURVE ( 'NONE', #2138, #650, #1268, .T. ) ;
#380 = SURFACE_STYLE_FILL_AREA ( #536 ) ;
#381 = EDGE_CURVE ( 'NONE', #937, #95, #2070, .T. ) ;
#382 = LINE ( 'NONE', #1891, #1941 ) ;
#383 = ORIENTED_EDGE ( 'NONE', *, *, #925, .T. ) ;
#384 = DIRECTION ( 'NONE',  ( 0.000000000000000000, -1.000000000000000000, 0.000000000000000000 ) ) ;
#385 = FACE_OUTER_BOUND ( 'NONE', #1335, .T. ) ;
#386 = DIRECTION ( 'NONE',  ( 1.000000000000000000, 0.000000000000000000, 0.000000000000000000 ) ) ;
#387 = SURFACE_STYLE_USAGE ( .BOTH. , #1123 ) ;
#388 = DIRECTION ( 'NONE',  ( 0.000000000000000000, 0.000000000000000000, -1.000000000000000000 ) ) ;
#389 = EDGE_LOOP ( 'NONE', ( #1157, #980, #1020, #1472 ) ) ;
#390 = CARTESIAN_POINT ( 'NONE',  ( 0.4150000000000000910, -0.2099999999999999367, 0.3000000000000000444 ) ) ;
#391 = PRESENTATION_STYLE_ASSIGNMENT (( #2087 ) ) ;
#392 = CARTESIAN_POINT ( 'NONE',  ( -0.2750000000000000222, -0.7099999999999999645, 0.3000000000000000444 ) ) ;
#393 = ORIENTED_EDGE ( 'NONE', *, *, #695, .T. ) ;
#394 = SURFACE_STYLE_FILL_AREA ( #540 ) ;
#395 = EDGE_CURVE ( 'NONE', #1142, #927, #201, .T. ) ;
#396 =( NAMED_UNIT ( * ) PLANE_ANGLE_UNIT ( ) SI_UNIT ( $, .RADIAN. ) );
#397 = DIRECTION ( 'NONE',  ( 0.000000000000000000, 0.000000000000000000, 1.000000000000000000 ) ) ;
#398 = CARTESIAN_POINT ( 'NONE',  ( 0.2749999999999999667, -0.6999999999999998446, 0.3000000000000000444 ) ) ;
#399 = CARTESIAN_POINT ( 'NONE',  ( 0.2749999999999999667, 0.7099999999999999645, 0.3000000000000000444 ) ) ;
#400 = PRESENTATION_LAYER_ASSIGNMENT (  '', '', ( #85 ) ) ;
#401 = PRESENTATION_STYLE_ASSIGNMENT (( #1126 ) ) ;
#402 = STYLED_ITEM ( 'NONE', ( #1857 ), #807 ) ;
#403 = CARTESIAN_POINT ( 'NONE',  ( -0.2750000000000000222, -0.6999999999999998446, 0.1730000000000000426 ) ) ;
#404 = CARTESIAN_POINT ( 'NONE',  ( -0.1250000000000000555, 0.7099999999999999645, 0.1730000000000000426 ) ) ;
#405 = VECTOR ( 'NONE', #320, 1000.000000000000000 ) ;
#406 = VERTEX_POINT ( 'NONE', #2006 ) ;
#407 = LINE ( 'NONE', #732, #2151 ) ;
#408 = DIRECTION ( 'NONE',  ( 1.000000000000000000, 0.000000000000000000, 0.000000000000000000 ) ) ;
#409 = MECHANICAL_DESIGN_GEOMETRIC_PRESENTATION_REPRESENTATION (  '', ( #1466 ), #170 ) ;
#410 = CARTESIAN_POINT ( 'NONE',  ( 0.1250000000000000000, -0.6999999999999998446, 0.1730000000000000426 ) ) ;
#411 = ORIENTED_EDGE ( 'NONE', *, *, #2270, .T. ) ;
#412 =( GEOMETRIC_REPRESENTATION_CONTEXT ( 3 ) GLOBAL_UNCERTAINTY_ASSIGNED_CONTEXT ( ( #1046 ) ) GLOBAL_UNIT_ASSIGNED_CONTEXT ( ( #1474, #1325, #2101 ) ) REPRESENTATION_CONTEXT ( 'NONE', 'WORKASPACE' ) );
#413 = FILL_AREA_STYLE ('',( #614 ) ) ;
#414 = CARTESIAN_POINT ( 'NONE',  ( 0.1250000000000000000, 0.6999999999999998446, 0.2500000000000000000 ) ) ;
#415 = EDGE_CURVE ( 'NONE', #2261, #655, #2393, .T. ) ;
#416 = COLOUR_RGB ( '',0.6666666666666666297, 0.6980392156862744724, 0.7686274509803920907 ) ;
#417 = STYLED_ITEM ( 'NONE', ( #569 ), #2254 ) ;
#418 = FACE_OUTER_BOUND ( 'NONE', #1103, .T. ) ;
#419 = ORIENTED_EDGE ( 'NONE', *, *, #1635, .T. ) ;
#420 = LINE ( 'NONE', #233, #1377 ) ;
#421 = PRODUCT ( 'ECMF2-40A100N6', 'ECMF2-40A100N6', '', ( #1725 ) ) ;
#422 =( LENGTH_UNIT ( ) NAMED_UNIT ( * ) SI_UNIT ( .MILLI., .METRE. ) );
#423 = PRESENTATION_STYLE_ASSIGNMENT (( #823 ) ) ;
#424 = ORIENTED_EDGE ( 'NONE', *, *, #1565, .T. ) ;
#425 =( NAMED_UNIT ( * ) PLANE_ANGLE_UNIT ( ) SI_UNIT ( $, .RADIAN. ) );
#426 = FILL_AREA_STYLE ('',( #49 ) ) ;
#427 = EDGE_CURVE ( 'NONE', #1982, #2438, #2016, .T. ) ;
#428 = FILL_AREA_STYLE_COLOUR ( '', #635 ) ;
#429 = CARTESIAN_POINT ( 'NONE',  ( -0.4149999999999993139, -0.09999999999999995004, 0.2500000000000000000 ) ) ;
#430 = ORIENTED_EDGE ( 'NONE', *, *, #2255, .T. ) ;
#431 =( NAMED_UNIT ( * ) SI_UNIT ( $, .STERADIAN. ) SOLID_ANGLE_UNIT ( ) );
#432 = DIRECTION ( 'NONE',  ( 0.000000000000000000, 0.000000000000000000, 1.000000000000000000 ) ) ;
#433 = DIRECTION ( 'NONE',  ( 0.000000000000000000, 1.000000000000000000, 0.000000000000000000 ) ) ;
#434 = EDGE_LOOP ( 'NONE', ( #2266, #1104, #1276, #2210 ) ) ;
#435 = FILL_AREA_STYLE ('',( #1016 ) ) ;
#436 = PRESENTATION_STYLE_ASSIGNMENT (( #89 ) ) ;
#437 =( GEOMETRIC_REPRESENTATION_CONTEXT ( 3 ) GLOBAL_UNCERTAINTY_ASSIGNED_CONTEXT ( ( #14 ) ) GLOBAL_UNIT_ASSIGNED_CONTEXT ( ( #1153, #1357, #189 ) ) REPRESENTATION_CONTEXT ( 'NONE', 'WORKASPACE' ) );
#438 = EDGE_CURVE ( 'NONE', #855, #2330, #2028, .T. ) ;
#439 = VECTOR ( 'NONE', #505, 1000.000000000000000 ) ;
#440 = FILL_AREA_STYLE ('',( #428 ) ) ;
#441 = CARTESIAN_POINT ( 'NONE',  ( 0.5250000000000000222, 0.7099999999999999645, 0.1730000000000000426 ) ) ;
#442 = EDGE_CURVE ( 'NONE', #77, #1047, #1879, .T. ) ;
#443 = DIRECTION ( 'NONE',  ( 0.000000000000000000, 0.000000000000000000, 1.000000000000000000 ) ) ;
#444 = ORIENTED_EDGE ( 'NONE', *, *, #1486, .T. ) ;
#445 = SURFACE_STYLE_FILL_AREA ( #2150 ) ;
#446 = DIRECTION ( 'NONE',  ( -0.000000000000000000, 0.000000000000000000, -1.000000000000000000 ) ) ;
#447 = CARTESIAN_POINT ( 'NONE',  ( 0.000000000000000000, 0.7099999999999999645, 0.000000000000000000 ) ) ;
#448 = ORIENTED_EDGE ( 'NONE', *, *, #1861, .F. ) ;
#449 = VECTOR ( 'NONE', #515, 1000.000000000000000 ) ;
#450 = PRESENTATION_STYLE_ASSIGNMENT (( #1776 ) ) ;
#451 = STYLED_ITEM ( 'NONE', ( #2196 ), #1615 ) ;
#452 = VECTOR ( 'NONE', #701, 1000.000000000000000 ) ;
#453 =( LENGTH_UNIT ( ) NAMED_UNIT ( * ) SI_UNIT ( .MILLI., .METRE. ) );
#454 = LINE ( 'NONE', #489, #2147 ) ;
#455 = VECTOR ( 'NONE', #2432, 1000.000000000000000 ) ;
#456 = VERTEX_POINT ( 'NONE', #1924 ) ;
#457 = DIRECTION ( 'NONE',  ( 1.000000000000000000, 0.000000000000000000, -0.000000000000000000 ) ) ;
#458 = EDGE_CURVE ( 'NONE', #1089, #456, #407, .T. ) ;
#459 = CARTESIAN_POINT ( 'NONE',  ( -0.01499999999999926739, -0.09999999999999993616, 0.2500000000000000000 ) ) ;
#460 = ORIENTED_EDGE ( 'NONE', *, *, #498, .F. ) ;
#461 = ORIENTED_EDGE ( 'NONE', *, *, #2134, .T. ) ;
#462 =( NAMED_UNIT ( * ) PLANE_ANGLE_UNIT ( ) SI_UNIT ( $, .RADIAN. ) );
#463 = CARTESIAN_POINT ( 'NONE',  ( -0.1250000000000000555, 0.6999999999999998446, 0.2500000000000000000 ) ) ;
#464 = CARTESIAN_POINT ( 'NONE',  ( -0.7250000000000005329, -0.7000000000000000666, 0.2500000000000000000 ) ) ;
#465 =( NAMED_UNIT ( * ) PLANE_ANGLE_UNIT ( ) SI_UNIT ( $, .RADIAN. ) );
#466 = ORIENTED_EDGE ( 'NONE', *, *, #1113, .F. ) ;
#467 =( NAMED_UNIT ( * ) SI_UNIT ( $, .STERADIAN. ) SOLID_ANGLE_UNIT ( ) );
#468 = ORIENTED_EDGE ( 'NONE', *, *, #1426, .F. ) ;
#469 = EDGE_CURVE ( 'NONE', #1047, #2438, #420, .T. ) ;
#470 = ORIENTED_EDGE ( 'NONE', *, *, #469, .F. ) ;
#471 = SURFACE_SIDE_STYLE ('',( #102 ) ) ;
#472 = CARTESIAN_POINT ( 'NONE',  ( -0.4149999999999993139, -0.09999999999999993616, 0.3000000000000000444 ) ) ;
#473 = DIRECTION ( 'NONE',  ( -0.7071067811865474617, 0.7071067811865474617, 0.000000000000000000 ) ) ;
#474 = UNCERTAINTY_MEASURE_WITH_UNIT (LENGTH_MEASURE( 1.000000000000000082E-05 ), #1341, 'distance_accuracy_value', 'NONE');
#475 = AXIS2_PLACEMENT_3D ( 'NONE', #1798, #667, #654 ) ;
#476 = VERTEX_POINT ( 'NONE', #1933 ) ;
#477 = STYLED_ITEM ( 'NONE', ( #2236 ), #8 ) ;
#478 = DIRECTION ( 'NONE',  ( -1.000000000000000000, -0.000000000000000000, -0.000000000000000000 ) ) ;
#479 =( NAMED_UNIT ( * ) PLANE_ANGLE_UNIT ( ) SI_UNIT ( $, .RADIAN. ) );
#480 = EDGE_LOOP ( 'NONE', ( #1789, #2132, #631, #1814 ) ) ;
#481 = ORIENTED_EDGE ( 'NONE', *, *, #68, .F. ) ;
#482 = FILL_AREA_STYLE ('',( #2038 ) ) ;
#483 = AXIS2_PLACEMENT_3D ( 'NONE', #1150, #1882, #388 ) ;
#484 = FILL_AREA_STYLE_COLOUR ( '', #2203 ) ;
#485 = VECTOR ( 'NONE', #857, 1000.000000000000000 ) ;
#486 = EDGE_CURVE ( 'NONE', #1693, #892, #1563, .T. ) ;
#487 = EDGE_CURVE ( 'NONE', #941, #111, #622, .T. ) ;
#488 = DIRECTION ( 'NONE',  ( 1.000000000000000000, 0.000000000000000000, 0.000000000000000000 ) ) ;
#489 = CARTESIAN_POINT ( 'NONE',  ( -0.7250000000000005329, 0.6999999999999998446, 0.2500000000000000000 ) ) ;
#490 = CIRCLE ( 'NONE', #720, 0.1099999999999999867 ) ;
#491 = COLOUR_RGB ( '',0.6666666666666666297, 0.6980392156862744724, 0.7686274509803920907 ) ;
#492 = ORIENTED_EDGE ( 'NONE', *, *, #2315, .T. ) ;
#493 = ORIENTED_EDGE ( 'NONE', *, *, #2408, .F. ) ;
#494 = PRESENTATION_LAYER_ASSIGNMENT (  '', '', ( #1558 ) ) ;
#495 = ORIENTED_EDGE ( 'NONE', *, *, #117, .T. ) ;
#496 = DIRECTION ( 'NONE',  ( 0.000000000000000000, 0.000000000000000000, 1.000000000000000000 ) ) ;
#497 = DIRECTION ( 'NONE',  ( 1.000000000000000000, 0.000000000000000000, -0.000000000000000000 ) ) ;
#498 = EDGE_CURVE ( 'NONE', #1023, #2174, #744, .T. ) ;
#499 = UNCERTAINTY_MEASURE_WITH_UNIT (LENGTH_MEASURE( 1.000000000000000082E-05 ), #1804, 'distance_accuracy_value', 'NONE');
#500 = VERTEX_POINT ( 'NONE', #1549 ) ;
#501 = ORIENTED_EDGE ( 'NONE', *, *, #977, .T. ) ;
#502 = ORIENTED_EDGE ( 'NONE', *, *, #1305, .F. ) ;
#503 = PLANE ( 'NONE',  #2323 ) ;
#504 = LINE ( 'NONE', #715, #292 ) ;
#505 = DIRECTION ( 'NONE',  ( -1.000000000000000000, 0.000000000000000000, -0.000000000000000000 ) ) ;
#506 = PLANE ( 'NONE',  #2243 ) ;
#507 = ADVANCED_FACE ( 'NONE', ( #2139 ), #586, .F. ) ;
#508 = ORIENTED_EDGE ( 'NONE', *, *, #1132, .T. ) ;
#509 =( NAMED_UNIT ( * ) PLANE_ANGLE_UNIT ( ) SI_UNIT ( $, .RADIAN. ) );
#510 =( NAMED_UNIT ( * ) PLANE_ANGLE_UNIT ( ) SI_UNIT ( $, .RADIAN. ) );
#511 = EDGE_CURVE ( 'NONE', #650, #193, #1158, .T. ) ;
#512 = CARTESIAN_POINT ( 'NONE',  ( -0.7250000000000005329, -0.7000000000000000666, -0.2500000000000000000 ) ) ;
#513 = CARTESIAN_POINT ( 'NONE',  ( -0.5250000000000000222, 0.7099999999999999645, 0.3000000000000000444 ) ) ;
#514 = ORIENTED_EDGE ( 'NONE', *, *, #977, .F. ) ;
#515 = DIRECTION ( 'NONE',  ( 0.000000000000000000, 0.000000000000000000, -1.000000000000000000 ) ) ;
#516 = CARTESIAN_POINT ( 'NONE',  ( -0.1250000000000000555, -0.7099999999999999645, 0.3000000000000000444 ) ) ;
#517 = SURFACE_STYLE_USAGE ( .BOTH. , #1833 ) ;
#518 = VECTOR ( 'NONE', #1539, 1000.000000000000000 ) ;
#519 = SURFACE_STYLE_FILL_AREA ( #1235 ) ;
#520 = STYLED_ITEM ( 'NONE', ( #1328 ), #880 ) ;
#521 = MECHANICAL_DESIGN_GEOMETRIC_PRESENTATION_REPRESENTATION (  '', ( #1579 ), #2284 ) ;
#522 = UNCERTAINTY_MEASURE_WITH_UNIT (LENGTH_MEASURE( 1.000000000000000082E-05 ), #766, 'distance_accuracy_value', 'NONE');
#523 = VERTEX_POINT ( 'NONE', #1947 ) ;
#524 = DIRECTION ( 'NONE',  ( 0.000000000000000000, -1.000000000000000000, 0.000000000000000000 ) ) ;
#525 = MECHANICAL_DESIGN_GEOMETRIC_PRESENTATION_REPRESENTATION (  '', ( #1198 ), #248 ) ;
#526 = FILL_AREA_STYLE_COLOUR ( '', #2275 ) ;
#527 = ORIENTED_EDGE ( 'NONE', *, *, #1660, .T. ) ;
#528 = ADVANCED_FACE ( 'NONE', ( #222 ), #242, .F. ) ;
#529 = VECTOR ( 'NONE', #2346, 1000.000000000000000 ) ;
#530 =( NAMED_UNIT ( * ) PLANE_ANGLE_UNIT ( ) SI_UNIT ( $, .RADIAN. ) );
#531 = SURFACE_SIDE_STYLE ('',( #1646 ) ) ;
#532 = PLANE ( 'NONE',  #1415 ) ;
#533 = LINE ( 'NONE', #1638, #1735 ) ;
#534 = SURFACE_STYLE_FILL_AREA ( #870 ) ;
#535 = ORIENTED_EDGE ( 'NONE', *, *, #2374, .F. ) ;
#536 = FILL_AREA_STYLE ('',( #1296 ) ) ;
#537 =( NAMED_UNIT ( * ) SI_UNIT ( $, .STERADIAN. ) SOLID_ANGLE_UNIT ( ) );
#538 = DIRECTION ( 'NONE',  ( -0.000000000000000000, -0.000000000000000000, -1.000000000000000000 ) ) ;
#539 = ORIENTED_EDGE ( 'NONE', *, *, #1291, .T. ) ;
#540 = FILL_AREA_STYLE ('',( #1871 ) ) ;
#541 = LINE ( 'NONE', #2461, #1344 ) ;
#542 = EDGE_CURVE ( 'NONE', #1282, #188, #1978, .T. ) ;
#543 = SURFACE_STYLE_USAGE ( .BOTH. , #344 ) ;
#544 = SURFACE_STYLE_FILL_AREA ( #1487 ) ;
#545 = CARTESIAN_POINT ( 'NONE',  ( 0.7249999999999994227, -0.7000000000000000666, 0.2500000000000000000 ) ) ;
#546 = LINE ( 'NONE', #2271, #1116 ) ;
#547 = UNCERTAINTY_MEASURE_WITH_UNIT (LENGTH_MEASURE( 1.000000000000000082E-05 ), #2441, 'distance_accuracy_value', 'NONE');
#548 = ORIENTED_EDGE ( 'NONE', *, *, #2100, .F. ) ;
#549 = CARTESIAN_POINT ( 'NONE',  ( 0.2749999999999999667, -0.2100000000000006861, 0.3000000000000000444 ) ) ;
#550 = CARTESIAN_POINT ( 'NONE',  ( 0.2749999999999999667, -0.7099999999999999645, 0.1730000000000000426 ) ) ;
#551 = CARTESIAN_POINT ( 'NONE',  ( -0.2750000000000000222, -0.6999999999999998446, 0.3000000000000000444 ) ) ;
#552 = ORIENTED_EDGE ( 'NONE', *, *, #778, .T. ) ;
#553 = FILL_AREA_STYLE_COLOUR ( '', #2367 ) ;
#554 = VECTOR ( 'NONE', #618, 1000.000000000000000 ) ;
#555 = EDGE_CURVE ( 'NONE', #1218, #5, #358, .T. ) ;
#556 = FACE_OUTER_BOUND ( 'NONE', #40, .T. ) ;
#557 = AXIS2_PLACEMENT_3D ( 'NONE', #716, #743, #2242 ) ;
#558 = EDGE_CURVE ( 'NONE', #591, #2405, #2450, .T. ) ;
#559 = PRESENTATION_LAYER_ASSIGNMENT (  '', '', ( #917 ) ) ;
#560 = ORIENTED_EDGE ( 'NONE', *, *, #301, .F. ) ;
#561 = SURFACE_SIDE_STYLE ('',( #1889 ) ) ;
#562 = FACE_OUTER_BOUND ( 'NONE', #2341, .T. ) ;
#563 = VECTOR ( 'NONE', #1314, 1000.000000000000000 ) ;
#564 = PLANE ( 'NONE',  #1187 ) ;
#565 = ORIENTED_EDGE ( 'NONE', *, *, #2069, .F. ) ;
#566 = CARTESIAN_POINT ( 'NONE',  ( 0.01499999999999921015, 0.09999999999999993616, 0.3000000000000000444 ) ) ;
#567 = STYLED_ITEM ( 'NONE', ( #750 ), #1724 ) ;
#568 = LINE ( 'NONE', #1484, #1229 ) ;
#569 = PRESENTATION_STYLE_ASSIGNMENT (( #2268 ) ) ;
#570 = DIRECTION ( 'NONE',  ( 1.000000000000000000, 0.000000000000000000, 0.000000000000000000 ) ) ;
#571 = COLOUR_RGB ( '',0.6666666666666666297, 0.6980392156862744724, 0.7686274509803920907 ) ;
#572 = DIRECTION ( 'NONE',  ( 1.000000000000000000, 0.000000000000000000, -0.000000000000000000 ) ) ;
#573 = EDGE_CURVE ( 'NONE', #1089, #1023, #916, .T. ) ;
#574 = ORIENTED_EDGE ( 'NONE', *, *, #2144, .T. ) ;
#575 = DIRECTION ( 'NONE',  ( 0.000000000000000000, -0.000000000000000000, 1.000000000000000000 ) ) ;
#576 = DIRECTION ( 'NONE',  ( -1.000000000000000000, 0.000000000000000000, 0.000000000000000000 ) ) ;
#577 = VERTEX_POINT ( 'NONE', #2040 ) ;
#578 = SURFACE_STYLE_USAGE ( .BOTH. , #1706 ) ;
#579 = SURFACE_STYLE_FILL_AREA ( #7 ) ;
#580 = FILL_AREA_STYLE ('',( #1951 ) ) ;
#581 = DIRECTION ( 'NONE',  ( 0.000000000000000000, 0.000000000000000000, 1.000000000000000000 ) ) ;
#582 =( LENGTH_UNIT ( ) NAMED_UNIT ( * ) SI_UNIT ( .MILLI., .METRE. ) );
#583 = EDGE_CURVE ( 'NONE', #1829, #109, #945, .T. ) ;
#584 = CARTESIAN_POINT ( 'NONE',  ( 0.1250000000000000000, 0.6999999999999998446, 0.1730000000000000426 ) ) ;
#585 = ORIENTED_EDGE ( 'NONE', *, *, #180, .F. ) ;
#586 = PLANE ( 'NONE',  #1146 ) ;
#587 = ADVANCED_FACE ( 'NONE', ( #385 ), #1849, .F. ) ;
#588 = DIRECTION ( 'NONE',  ( 1.000000000000000000, 0.000000000000000000, 0.000000000000000000 ) ) ;
#589 = PRESENTATION_STYLE_ASSIGNMENT (( #2285 ) ) ;
#590 = DIRECTION ( 'NONE',  ( 1.000000000000000000, 0.000000000000000000, 0.000000000000000000 ) ) ;
#591 = VERTEX_POINT ( 'NONE', #2256 ) ;
#592 = CARTESIAN_POINT ( 'NONE',  ( -0.1250000000000000555, 0.2100000000000007139, 0.3000000000000000444 ) ) ;
#593 = LINE ( 'NONE', #1006, #1823 ) ;
#594 = DIRECTION ( 'NONE',  ( 0.000000000000000000, -1.000000000000000000, 0.000000000000000000 ) ) ;
#595 = VECTOR ( 'NONE', #1347, 1000.000000000000000 ) ;
#596 = MECHANICAL_DESIGN_GEOMETRIC_PRESENTATION_REPRESENTATION (  '', ( #520 ), #845 ) ;
#597 =( NAMED_UNIT ( * ) SI_UNIT ( $, .STERADIAN. ) SOLID_ANGLE_UNIT ( ) );
#598 = COLOUR_RGB ( '',0.6666666666666666297, 0.6980392156862744724, 0.7686274509803920907 ) ;
#599 = ORIENTED_EDGE ( 'NONE', *, *, #2232, .F. ) ;
#600 = CARTESIAN_POINT ( 'NONE',  ( -0.5250000000000000222, 0.7099999999999999645, 0.1730000000000000426 ) ) ;
#601 = SURFACE_STYLE_FILL_AREA ( #1209 ) ;
#602 = SURFACE_STYLE_FILL_AREA ( #580 ) ;
#603 = ADVANCED_FACE ( 'NONE', ( #1671 ), #532, .F. ) ;
#604 = ORIENTED_EDGE ( 'NONE', *, *, #427, .F. ) ;
#605 =( GEOMETRIC_REPRESENTATION_CONTEXT ( 3 ) GLOBAL_UNCERTAINTY_ASSIGNED_CONTEXT ( ( #719 ) ) GLOBAL_UNIT_ASSIGNED_CONTEXT ( ( #328, #465, #653 ) ) REPRESENTATION_CONTEXT ( 'NONE', 'WORKASPACE' ) );
#606 = LINE ( 'NONE', #464, #1550 ) ;
#607 = MECHANICAL_DESIGN_GEOMETRIC_PRESENTATION_REPRESENTATION (  '', ( #2043 ), #684 ) ;
#608 = PRESENTATION_LAYER_ASSIGNMENT (  '', '', ( #776 ) ) ;
#609 = CARTESIAN_POINT ( 'NONE',  ( 0.3849999999999998979, -0.2099999999999999367, 0.2500000000000000000 ) ) ;
#610 = ORIENTED_EDGE ( 'NONE', *, *, #192, .F. ) ;
#611 = LINE ( 'NONE', #970, #1270 ) ;
#612 = FILL_AREA_STYLE_COLOUR ( '', #1045 ) ;
#613 = VERTEX_POINT ( 'NONE', #1197 ) ;
#614 = FILL_AREA_STYLE_COLOUR ( '', #598 ) ;
#615 = EDGE_CURVE ( 'NONE', #1458, #952, #1171, .T. ) ;
#616 = CARTESIAN_POINT ( 'NONE',  ( -0.5250000000000000222, -0.7099999999999999645, 0.1730000000000000426 ) ) ;
#617 = EDGE_CURVE ( 'NONE', #154, #1057, #1529, .T. ) ;
#618 = DIRECTION ( 'NONE',  ( -1.000000000000000000, -0.000000000000000000, -0.000000000000000000 ) ) ;
#619 = SHAPE_DEFINITION_REPRESENTATION ( #1523, #2381 ) ;
#620 = CARTESIAN_POINT ( 'NONE',  ( -0.5250000000000000222, 0.6999999999999998446, 0.1730000000000000426 ) ) ;
#621 = VERTEX_POINT ( 'NONE', #1365 ) ;
#622 = LINE ( 'NONE', #796, #2311 ) ;
#623 = APPLICATION_CONTEXT ( 'automotive_design' ) ;
#624 = FACE_OUTER_BOUND ( 'NONE', #1629, .T. ) ;
#625 = ORIENTED_EDGE ( 'NONE', *, *, #376, .T. ) ;
#626 = DIRECTION ( 'NONE',  ( 0.000000000000000000, 1.000000000000000000, 0.000000000000000000 ) ) ;
#627 = EDGE_CURVE ( 'NONE', #20, #142, #799, .T. ) ;
#628 = VECTOR ( 'NONE', #1175, 1000.000000000000000 ) ;
#629 = EDGE_CURVE ( 'NONE', #133, #258, #593, .T. ) ;
#630 = CARTESIAN_POINT ( 'NONE',  ( 0.7249999999999994227, -0.7000000000000000666, -0.2500000000000000000 ) ) ;
#631 = ORIENTED_EDGE ( 'NONE', *, *, #1967, .F. ) ;
#632 = COLOUR_RGB ( '',0.6666666666666666297, 0.6980392156862744724, 0.7686274509803920907 ) ;
#633 =( NAMED_UNIT ( * ) PLANE_ANGLE_UNIT ( ) SI_UNIT ( $, .RADIAN. ) );
#634 = CARTESIAN_POINT ( 'NONE',  ( -0.7250000000000005329, -0.7000000000000000666, -0.2500000000000000000 ) ) ;
#635 = COLOUR_RGB ( '',0.6666666666666666297, 0.6980392156862744724, 0.7686274509803920907 ) ;
#636 = ORIENTED_EDGE ( 'NONE', *, *, #2008, .T. ) ;
#637 = ORIENTED_EDGE ( 'NONE', *, *, #1522, .T. ) ;
#638 = VECTOR ( 'NONE', #594, 1000.000000000000000 ) ;
#639 = DIRECTION ( 'NONE',  ( 1.000000000000000000, 0.000000000000000000, 0.000000000000000000 ) ) ;
#640 = CARTESIAN_POINT ( 'NONE',  ( -0.5250000000000000222, 0.1999999999999999278, 0.3000000000000000444 ) ) ;
#641 = VECTOR ( 'NONE', #323, 1000.000000000000000 ) ;
#642 = DIRECTION ( 'NONE',  ( 1.000000000000000000, 0.000000000000000000, 0.000000000000000000 ) ) ;
#643 = ADVANCED_FACE ( 'NONE', ( #1754 ), #2345, .T. ) ;
#644 =( GEOMETRIC_REPRESENTATION_CONTEXT ( 3 ) GLOBAL_UNCERTAINTY_ASSIGNED_CONTEXT ( ( #1450 ) ) GLOBAL_UNIT_ASSIGNED_CONTEXT ( ( #114, #530, #2213 ) ) REPRESENTATION_CONTEXT ( 'NONE', 'WORKASPACE' ) );
#645 = VERTEX_POINT ( 'NONE', #1586 ) ;
#646 = VECTOR ( 'NONE', #1470, 1000.000000000000000 ) ;
#647 = LINE ( 'NONE', #1581, #2238 ) ;
#648 = DIRECTION ( 'NONE',  ( -0.000000000000000000, 0.000000000000000000, -1.000000000000000000 ) ) ;
#649 = ORIENTED_EDGE ( 'NONE', *, *, #1981, .F. ) ;
#650 = VERTEX_POINT ( 'NONE', #662 ) ;
#651 =( LENGTH_UNIT ( ) NAMED_UNIT ( * ) SI_UNIT ( .MILLI., .METRE. ) );
#652 = PLANE ( 'NONE',  #2291 ) ;
#653 =( NAMED_UNIT ( * ) SI_UNIT ( $, .STERADIAN. ) SOLID_ANGLE_UNIT ( ) );
#654 = DIRECTION ( 'NONE',  ( 1.000000000000000000, 0.000000000000000000, 0.000000000000000000 ) ) ;
#655 = VERTEX_POINT ( 'NONE', #1435 ) ;
#656 = ADVANCED_FACE ( 'NONE', ( #1400 ), #1243, .T. ) ;
#657 = MANIFOLD_SOLID_BREP ( 'Mirror1', #1414 ) ;
#658 = SURFACE_STYLE_USAGE ( .BOTH. , #1443 ) ;
#659 =( NAMED_UNIT ( * ) SI_UNIT ( $, .STERADIAN. ) SOLID_ANGLE_UNIT ( ) );
#660 = ORIENTED_EDGE ( 'NONE', *, *, #2204, .T. ) ;
#661 = VERTEX_POINT ( 'NONE', #2439 ) ;
#662 = CARTESIAN_POINT ( 'NONE',  ( -0.5250000000000000222, -0.7099999999999999645, 0.1730000000000000426 ) ) ;
#663 = FILL_AREA_STYLE_COLOUR ( '', #366 ) ;
#664 = DIRECTION ( 'NONE',  ( 0.000000000000000000, 0.000000000000000000, 1.000000000000000000 ) ) ;
#665 = LINE ( 'NONE', #312, #641 ) ;
#666 = DIRECTION ( 'NONE',  ( 0.000000000000000000, 0.000000000000000000, 1.000000000000000000 ) ) ;
#667 = DIRECTION ( 'NONE',  ( 0.000000000000000000, 0.000000000000000000, 1.000000000000000000 ) ) ;
#668 = UNCERTAINTY_MEASURE_WITH_UNIT (LENGTH_MEASURE( 1.000000000000000082E-05 ), #2413, 'distance_accuracy_value', 'NONE');
#669 = VECTOR ( 'NONE', #888, 1000.000000000000000 ) ;
#670 = ORIENTED_EDGE ( 'NONE', *, *, #458, .T. ) ;
#671 = PRESENTATION_STYLE_ASSIGNMENT (( #864 ) ) ;
#672 = ORIENTED_EDGE ( 'NONE', *, *, #56, .F. ) ;
#673 = COLOUR_RGB ( '',0.6666666666666666297, 0.6980392156862744724, 0.7686274509803920907 ) ;
#674 = VERTEX_POINT ( 'NONE', #1273 ) ;
#675 = CARTESIAN_POINT ( 'NONE',  ( -0.5250000000000000222, 0.1999999999999999278, 0.2500000000000000000 ) ) ;
#676 = VECTOR ( 'NONE', #735, 1000.000000000000000 ) ;
#677 = LINE ( 'NONE', #907, #375 ) ;
#678 = ADVANCED_FACE ( 'NONE', ( #2248 ), #1935, .F. ) ;
#679 = VECTOR ( 'NONE', #705, 1000.000000000000000 ) ;
#680 = CARTESIAN_POINT ( 'NONE',  ( 0.3849999999999998979, -0.2099999999999999367, 0.3000000000000000444 ) ) ;
#681 = PRESENTATION_STYLE_ASSIGNMENT (( #115 ) ) ;
#682 = AXIS2_PLACEMENT_3D ( 'NONE', #1537, #833, #1761 ) ;
#683 = STYLED_ITEM ( 'NONE', ( #899 ), #1850 ) ;
#684 =( GEOMETRIC_REPRESENTATION_CONTEXT ( 3 ) GLOBAL_UNCERTAINTY_ASSIGNED_CONTEXT ( ( #2398 ) ) GLOBAL_UNIT_ASSIGNED_CONTEXT ( ( #1342, #1698, #1330 ) ) REPRESENTATION_CONTEXT ( 'NONE', 'WORKASPACE' ) );
#685 = VERTEX_POINT ( 'NONE', #1180 ) ;
#686 = PRESENTATION_STYLE_ASSIGNMENT (( #152 ) ) ;
#687 = VECTOR ( 'NONE', #664, 1000.000000000000000 ) ;
#688 = SURFACE_STYLE_FILL_AREA ( #98 ) ;
#689 = CARTESIAN_POINT ( 'NONE',  ( 0.3850000000000007305, -0.09999999999999993616, 0.3000000000000000444 ) ) ;
#690 = ORIENTED_EDGE ( 'NONE', *, *, #1409, .F. ) ;
#691 = MECHANICAL_DESIGN_GEOMETRIC_PRESENTATION_REPRESENTATION (  '', ( #254 ), #1010 ) ;
#692 = ORIENTED_EDGE ( 'NONE', *, *, #1336, .F. ) ;
#693 = CARTESIAN_POINT ( 'NONE',  ( -0.01500000000000006710, -0.2099999999999999367, 0.3000000000000000444 ) ) ;
#694 = DIRECTION ( 'NONE',  ( -0.000000000000000000, -0.000000000000000000, 1.000000000000000000 ) ) ;
#695 = EDGE_CURVE ( 'NONE', #162, #1228, #25, .T. ) ;
#696 = CARTESIAN_POINT ( 'NONE',  ( -0.1250000000000000555, -0.6999999999999998446, 0.1730000000000000426 ) ) ;
#697 = CARTESIAN_POINT ( 'NONE',  ( 0.5250000000000000222, -0.6999999999999998446, 0.2500000000000000000 ) ) ;
#698 = EDGE_CURVE ( 'NONE', #1982, #16, #205, .T. ) ;
#699 = UNCERTAINTY_MEASURE_WITH_UNIT (LENGTH_MEASURE( 1.000000000000000082E-05 ), #1552, 'distance_accuracy_value', 'NONE');
#700 = EDGE_LOOP ( 'NONE', ( #419, #1453, #281, #1971, #1727, #1294 ) ) ;
#701 = DIRECTION ( 'NONE',  ( 1.000000000000000000, 0.000000000000000000, 0.000000000000000000 ) ) ;
#702 = DIRECTION ( 'NONE',  ( -0.000000000000000000, 1.000000000000000000, -0.000000000000000000 ) ) ;
#703 = DIRECTION ( 'NONE',  ( 0.000000000000000000, 0.000000000000000000, 1.000000000000000000 ) ) ;
#704 = ORIENTED_EDGE ( 'NONE', *, *, #315, .T. ) ;
#705 = DIRECTION ( 'NONE',  ( -1.000000000000000000, -0.000000000000000000, -0.000000000000000000 ) ) ;
#706 = SURFACE_SIDE_STYLE ('',( #1422 ) ) ;
#707 = DIRECTION ( 'NONE',  ( 0.000000000000000000, 0.000000000000000000, 1.000000000000000000 ) ) ;
#708 = EDGE_CURVE ( 'NONE', #406, #892, #955, .T. ) ;
#709 = VERTEX_POINT ( 'NONE', #1340 ) ;
#710 = DIRECTION ( 'NONE',  ( 1.000000000000000000, 0.000000000000000000, 0.000000000000000000 ) ) ;
#711 = AXIS2_PLACEMENT_3D ( 'NONE', #2145, #2359, #642 ) ;
#712 = SURFACE_STYLE_USAGE ( .BOTH. , #1311 ) ;
#713 = ORIENTED_EDGE ( 'NONE', *, *, #898, .T. ) ;
#714 =( GEOMETRIC_REPRESENTATION_CONTEXT ( 3 ) GLOBAL_UNCERTAINTY_ASSIGNED_CONTEXT ( ( #377 ) ) GLOBAL_UNIT_ASSIGNED_CONTEXT ( ( #1275, #1457, #352 ) ) REPRESENTATION_CONTEXT ( 'NONE', 'WORKASPACE' ) );
#715 = CARTESIAN_POINT ( 'NONE',  ( 0.5250000000000000222, 0.6999999999999998446, 0.3000000000000000444 ) ) ;
#716 = CARTESIAN_POINT ( 'NONE',  ( 0.1250000000000000000, -0.6999999999999998446, 0.3000000000000000444 ) ) ;
#717 = DIRECTION ( 'NONE',  ( 0.000000000000000000, 1.000000000000000000, 0.000000000000000000 ) ) ;
#718 = STYLED_ITEM ( 'NONE', ( #450 ), #1145 ) ;
#719 = UNCERTAINTY_MEASURE_WITH_UNIT (LENGTH_MEASURE( 1.000000000000000082E-05 ), #328, 'distance_accuracy_value', 'NONE');
#720 = AXIS2_PLACEMENT_3D ( 'NONE', #1780, #1320, #2096 ) ;
#721 = VERTEX_POINT ( 'NONE', #1169 ) ;
#722 = FILL_AREA_STYLE ('',( #163 ) ) ;
#723 = EDGE_CURVE ( 'NONE', #111, #297, #2316, .T. ) ;
#724 =( NAMED_UNIT ( * ) PLANE_ANGLE_UNIT ( ) SI_UNIT ( $, .RADIAN. ) );
#725 =( GEOMETRIC_REPRESENTATION_CONTEXT ( 3 ) GLOBAL_UNCERTAINTY_ASSIGNED_CONTEXT ( ( #2071 ) ) GLOBAL_UNIT_ASSIGNED_CONTEXT ( ( #453, #1391, #1202 ) ) REPRESENTATION_CONTEXT ( 'NONE', 'WORKASPACE' ) );
#726 = DIRECTION ( 'NONE',  ( 0.000000000000000000, 0.000000000000000000, -1.000000000000000000 ) ) ;
#727 = CARTESIAN_POINT ( 'NONE',  ( 0.4149999999999993139, 0.09999999999999995004, 0.3000000000000000444 ) ) ;
#728 = EDGE_LOOP ( 'NONE', ( #2349, #560, #2089, #1211 ) ) ;
#729 = CIRCLE ( 'NONE', #1749, 0.1099999999999999867 ) ;
#730 =( NAMED_UNIT ( * ) PLANE_ANGLE_UNIT ( ) SI_UNIT ( $, .RADIAN. ) );
#731 = FILL_AREA_STYLE_COLOUR ( '', #1149 ) ;
#732 = CARTESIAN_POINT ( 'NONE',  ( -0.1250000000000000555, 0.6999999999999998446, 0.2500000000000000000 ) ) ;
#733 = PLANE ( 'NONE',  #891 ) ;
#734 = ORIENTED_EDGE ( 'NONE', *, *, #1940, .T. ) ;
#735 = DIRECTION ( 'NONE',  ( -0.000000000000000000, 1.000000000000000000, -0.000000000000000000 ) ) ;
#736 = DIRECTION ( 'NONE',  ( -1.000000000000000000, 0.000000000000000000, -0.000000000000000000 ) ) ;
#737 = LINE ( 'NONE', #551, #1491 ) ;
#738 = EDGE_CURVE ( 'NONE', #109, #621, #1160, .T. ) ;
#739 = ORIENTED_EDGE ( 'NONE', *, *, #286, .F. ) ;
#740 =( LENGTH_UNIT ( ) NAMED_UNIT ( * ) SI_UNIT ( .MILLI., .METRE. ) );
#741 = SURFACE_SIDE_STYLE ('',( #2253 ) ) ;
#742 = ADVANCED_FACE ( 'NONE', ( #1926 ), #2320, .F. ) ;
#743 = DIRECTION ( 'NONE',  ( -1.000000000000000000, 0.000000000000000000, 0.000000000000000000 ) ) ;
#744 = LINE ( 'NONE', #44, #1338 ) ;
#745 = CARTESIAN_POINT ( 'NONE',  ( -0.7250000000000005329, -0.7000000000000000666, 0.2500000000000000000 ) ) ;
#746 = CARTESIAN_POINT ( 'NONE',  ( 0.5250000000000000222, -0.6999999999999998446, 0.2500000000000000000 ) ) ;
#747 = CARTESIAN_POINT ( 'NONE',  ( -0.1250000000000000555, -0.6999999999999998446, 0.3000000000000000444 ) ) ;
#748 = UNCERTAINTY_MEASURE_WITH_UNIT (LENGTH_MEASURE( 1.000000000000000082E-05 ), #582, 'distance_accuracy_value', 'NONE');
#749 = ORIENTED_EDGE ( 'NONE', *, *, #376, .F. ) ;
#750 = PRESENTATION_STYLE_ASSIGNMENT (( #3 ) ) ;
#751 = PLANE ( 'NONE',  #2032 ) ;
#752 = ORIENTED_EDGE ( 'NONE', *, *, #229, .T. ) ;
#753 = VECTOR ( 'NONE', #2372, 1000.000000000000000 ) ;
#754 = SURFACE_STYLE_USAGE ( .BOTH. , #741 ) ;
#755 = VECTOR ( 'NONE', #1237, 1000.000000000000000 ) ;
#756 = CARTESIAN_POINT ( 'NONE',  ( -0.5250000000000000222, 0.7099999999999999645, 0.1730000000000000426 ) ) ;
#757 = CARTESIAN_POINT ( 'NONE',  ( -0.2750000000000000222, -0.2100000000000007139, 0.3000000000000000444 ) ) ;
#758 = EDGE_CURVE ( 'NONE', #2138, #795, #1318, .T. ) ;
#759 = COLOUR_RGB ( '',0.6666666666666666297, 0.6980392156862744724, 0.7686274509803920907 ) ;
#760 =( NAMED_UNIT ( * ) SI_UNIT ( $, .STERADIAN. ) SOLID_ANGLE_UNIT ( ) );
#761 = CARTESIAN_POINT ( 'NONE',  ( 0.2749999999999999667, -0.2100000000000006861, 0.3000000000000000444 ) ) ;
#762 = AXIS2_PLACEMENT_3D ( 'NONE', #2031, #130, #1679 ) ;
#763 = ORIENTED_EDGE ( 'NONE', *, *, #695, .F. ) ;
#764 = STYLED_ITEM ( 'NONE', ( #23 ), #1321 ) ;
#765 = CARTESIAN_POINT ( 'NONE',  ( -0.5250000000000000222, -0.6999999999999998446, 0.3000000000000000444 ) ) ;
#766 =( LENGTH_UNIT ( ) NAMED_UNIT ( * ) SI_UNIT ( .MILLI., .METRE. ) );
#767 = CARTESIAN_POINT ( 'NONE',  ( 0.4149999999999993139, 0.09999999999999995004, 0.2500000000000000000 ) ) ;
#768 = ORIENTED_EDGE ( 'NONE', *, *, #149, .T. ) ;
#769 = PRESENTATION_LAYER_ASSIGNMENT (  '', '', ( #2163 ) ) ;
#770 = DIRECTION ( 'NONE',  ( -0.000000000000000000, -0.000000000000000000, -1.000000000000000000 ) ) ;
#771 = PLANE ( 'NONE',  #1201 ) ;
#772 = CARTESIAN_POINT ( 'NONE',  ( 0.4150000000000000910, -0.2099999999999999367, 0.3000000000000000444 ) ) ;
#773 = MECHANICAL_DESIGN_GEOMETRIC_PRESENTATION_REPRESENTATION (  '', ( #1513 ), #1429 ) ;
#774 = SURFACE_STYLE_USAGE ( .BOTH. , #1710 ) ;
#775 = DIRECTION ( 'NONE',  ( 0.000000000000000000, 1.000000000000000000, 0.000000000000000000 ) ) ;
#776 = STYLED_ITEM ( 'NONE', ( #39 ), #2251 ) ;
#777 = FILL_AREA_STYLE_COLOUR ( '', #217 ) ;
#778 = EDGE_CURVE ( 'NONE', #927, #1693, #1444, .T. ) ;
#779 = VECTOR ( 'NONE', #478, 1000.000000000000000 ) ;
#780 = EDGE_CURVE ( 'NONE', #1364, #118, #1154, .T. ) ;
#781 = SURFACE_SIDE_STYLE ('',( #791 ) ) ;
#782 = FACE_OUTER_BOUND ( 'NONE', #1012, .T. ) ;
#783 = CARTESIAN_POINT ( 'NONE',  ( -0.01499999999999926739, 0.09999999999999993616, 0.3000000000000000444 ) ) ;
#784 = ORIENTED_EDGE ( 'NONE', *, *, #395, .F. ) ;
#785 = CARTESIAN_POINT ( 'NONE',  ( -0.2750000000000000222, 0.09999999999999993616, 0.3000000000000000444 ) ) ;
#786 = PLANE ( 'NONE',  #2168 ) ;
#787 = ORIENTED_EDGE ( 'NONE', *, *, #1778, .T. ) ;
#788 = LINE ( 'NONE', #745, #884 ) ;
#789 = CARTESIAN_POINT ( 'NONE',  ( 0.3850000000000007305, 0.09999999999999993616, 0.3000000000000000444 ) ) ;
#790 = PLANE ( 'NONE',  #483 ) ;
#791 = SURFACE_STYLE_FILL_AREA ( #33 ) ;
#792 = ADVANCED_FACE ( 'NONE', ( #35 ), #751, .F. ) ;
#793 = CARTESIAN_POINT ( 'NONE',  ( 0.1250000000000000000, 0.7099999999999999645, 0.3000000000000000444 ) ) ;
#794 = CARTESIAN_POINT ( 'NONE',  ( -0.7250000000000005329, -0.7000000000000000666, -0.2500000000000000000 ) ) ;
#795 = VERTEX_POINT ( 'NONE', #403 ) ;
#796 = CARTESIAN_POINT ( 'NONE',  ( 0.5250000000000000222, -0.6999999999999998446, 0.3000000000000000444 ) ) ;
#797 = DIRECTION ( 'NONE',  ( -0.000000000000000000, -0.000000000000000000, -1.000000000000000000 ) ) ;
#798 = ORIENTED_EDGE ( 'NONE', *, *, #1767, .F. ) ;
#799 = LINE ( 'NONE', #1182, #2073 ) ;
#800 = CARTESIAN_POINT ( 'NONE',  ( 0.5250000000000000222, 0.2100000000000007139, 0.2500000000000000000 ) ) ;
#801 = SURFACE_STYLE_FILL_AREA ( #426 ) ;
#802 =( NAMED_UNIT ( * ) PLANE_ANGLE_UNIT ( ) SI_UNIT ( $, .RADIAN. ) );
#803 = VECTOR ( 'NONE', #9, 1000.000000000000000 ) ;
#804 =( GEOMETRIC_REPRESENTATION_CONTEXT ( 3 ) GLOBAL_UNCERTAINTY_ASSIGNED_CONTEXT ( ( #150 ) ) GLOBAL_UNIT_ASSIGNED_CONTEXT ( ( #861, #509, #1066 ) ) REPRESENTATION_CONTEXT ( 'NONE', 'WORKASPACE' ) );
#805 = CARTESIAN_POINT ( 'NONE',  ( -0.7250000000000005329, -0.7000000000000000666, 0.2500000000000000000 ) ) ;
#806 = ORIENTED_EDGE ( 'NONE', *, *, #149, .F. ) ;
#807 = ADVANCED_FACE ( 'NONE', ( #1920 ), #1876, .T. ) ;
#808 = DIRECTION ( 'NONE',  ( 0.000000000000000000, 1.000000000000000000, 0.000000000000000000 ) ) ;
#809 = SURFACE_STYLE_FILL_AREA ( #1720 ) ;
#810 = COLOUR_RGB ( '',0.6666666666666666297, 0.6980392156862744724, 0.7686274509803920907 ) ;
#811 = ORIENTED_EDGE ( 'NONE', *, *, #42, .F. ) ;
#812 = VECTOR ( 'NONE', #1269, 1000.000000000000000 ) ;
#813 = LINE ( 'NONE', #1738, #2192 ) ;
#814 = SURFACE_STYLE_FILL_AREA ( #1184 ) ;
#815 = AXIS2_PLACEMENT_3D ( 'NONE', #1053, #908, #1851 ) ;
#816 = DIRECTION ( 'NONE',  ( 0.000000000000000000, 0.000000000000000000, 1.000000000000000000 ) ) ;
#817 = DIRECTION ( 'NONE',  ( -0.000000000000000000, -1.000000000000000000, -0.000000000000000000 ) ) ;
#818 = LINE ( 'NONE', #1704, #1101 ) ;
#819 = EDGE_LOOP ( 'NONE', ( #2418, #1258, #383, #340 ) ) ;
#820 = DIRECTION ( 'NONE',  ( 0.000000000000000000, -1.000000000000000000, 0.000000000000000000 ) ) ;
#821 =( NAMED_UNIT ( * ) SI_UNIT ( $, .STERADIAN. ) SOLID_ANGLE_UNIT ( ) );
#822 =( NAMED_UNIT ( * ) SI_UNIT ( $, .STERADIAN. ) SOLID_ANGLE_UNIT ( ) );
#823 = SURFACE_STYLE_USAGE ( .BOTH. , #2131 ) ;
#824 = ADVANCED_FACE ( 'NONE', ( #2226 ), #1438, .F. ) ;
#825 = VERTEX_POINT ( 'NONE', #1797 ) ;
#826 = DIRECTION ( 'NONE',  ( -0.000000000000000000, -0.000000000000000000, 1.000000000000000000 ) ) ;
#827 = EDGE_CURVE ( 'NONE', #2174, #109, #858, .T. ) ;
#828 = EDGE_CURVE ( 'NONE', #142, #1093, #1189, .T. ) ;
#829 = CARTESIAN_POINT ( 'NONE',  ( 0.000000000000000000, 0.7099999999999999645, 0.000000000000000000 ) ) ;
#830 = PRESENTATION_STYLE_ASSIGNMENT (( #1743 ) ) ;
#831 = ORIENTED_EDGE ( 'NONE', *, *, #1536, .T. ) ;
#832 = CARTESIAN_POINT ( 'NONE',  ( -0.01499999999999926739, -0.09999999999999993616, 0.3000000000000000444 ) ) ;
#833 = DIRECTION ( 'NONE',  ( 0.000000000000000000, 0.000000000000000000, -1.000000000000000000 ) ) ;
#834 = VERTEX_POINT ( 'NONE', #1413 ) ;
#835 =( LENGTH_UNIT ( ) NAMED_UNIT ( * ) SI_UNIT ( .MILLI., .METRE. ) );
#836 = CARTESIAN_POINT ( 'NONE',  ( 0.2749999999999999667, 0.7099999999999999645, 0.3000000000000000444 ) ) ;
#837 = EDGE_CURVE ( 'NONE', #1057, #1433, #1062, .T. ) ;
#838 = DIRECTION ( 'NONE',  ( 0.000000000000000000, 0.000000000000000000, -1.000000000000000000 ) ) ;
#839 = CARTESIAN_POINT ( 'NONE',  ( -0.1250000000000000555, 0.7099999999999999645, 0.3000000000000000444 ) ) ;
#840 = PRESENTATION_LAYER_ASSIGNMENT (  '', '', ( #1912 ) ) ;
#841 = ORIENTED_EDGE ( 'NONE', *, *, #2460, .F. ) ;
#842 = COLOUR_RGB ( '',0.6666666666666666297, 0.6980392156862744724, 0.7686274509803920907 ) ;
#843 = LINE ( 'NONE', #97, #2194 ) ;
#844 = CARTESIAN_POINT ( 'NONE',  ( -0.5250000000000000222, -0.6999999999999998446, 0.3000000000000000444 ) ) ;
#845 =( GEOMETRIC_REPRESENTATION_CONTEXT ( 3 ) GLOBAL_UNCERTAINTY_ASSIGNED_CONTEXT ( ( #1404 ) ) GLOBAL_UNIT_ASSIGNED_CONTEXT ( ( #173, #2103, #2014 ) ) REPRESENTATION_CONTEXT ( 'NONE', 'WORKASPACE' ) );
#846 = ORIENTED_EDGE ( 'NONE', *, *, #1426, .T. ) ;
#847 = EDGE_LOOP ( 'NONE', ( #787, #1032, #2389, #2424, #1763, #2077 ) ) ;
#848 = VECTOR ( 'NONE', #1252, 1000.000000000000000 ) ;
#849 = VECTOR ( 'NONE', #1067, 1000.000000000000000 ) ;
#850 = DIRECTION ( 'NONE',  ( -1.000000000000000000, 0.000000000000000000, 0.000000000000000000 ) ) ;
#851 = PRESENTATION_LAYER_ASSIGNMENT (  '', '', ( #1309 ) ) ;
#852 = EDGE_CURVE ( 'NONE', #2024, #142, #2063, .T. ) ;
#853 = ORIENTED_EDGE ( 'NONE', *, *, #379, .T. ) ;
#854 = PRESENTATION_LAYER_ASSIGNMENT (  '', '', ( #1315 ) ) ;
#855 = VERTEX_POINT ( 'NONE', #1718 ) ;
#856 = VERTEX_POINT ( 'NONE', #928 ) ;
#857 = DIRECTION ( 'NONE',  ( 0.000000000000000000, 0.000000000000000000, -1.000000000000000000 ) ) ;
#858 = LINE ( 'NONE', #1768, #1343 ) ;
#859 = DIRECTION ( 'NONE',  ( 0.000000000000000000, -0.000000000000000000, -1.000000000000000000 ) ) ;
#860 = ORIENTED_EDGE ( 'NONE', *, *, #1086, .T. ) ;
#861 =( LENGTH_UNIT ( ) NAMED_UNIT ( * ) SI_UNIT ( .MILLI., .METRE. ) );
#862 = EDGE_CURVE ( 'NONE', #865, #1927, #1902, .T. ) ;
#863 = PLANE ( 'NONE',  #2121 ) ;
#864 = SURFACE_STYLE_USAGE ( .BOTH. , #110 ) ;
#865 = VERTEX_POINT ( 'NONE', #566 ) ;
#866 = ORIENTED_EDGE ( 'NONE', *, *, #1507, .F. ) ;
#867 = CARTESIAN_POINT ( 'NONE',  ( 0.1250000000000000000, -0.6999999999999998446, 0.3000000000000000444 ) ) ;
#868 = LINE ( 'NONE', #2187, #455 ) ;
#869 = LINE ( 'NONE', #1620, #357 ) ;
#870 = FILL_AREA_STYLE ('',( #300 ) ) ;
#871 = VECTOR ( 'NONE', #2313, 1000.000000000000000 ) ;
#872 = UNCERTAINTY_MEASURE_WITH_UNIT (LENGTH_MEASURE( 1.000000000000000082E-05 ), #153, 'distance_accuracy_value', 'NONE');
#873 = AXIS2_PLACEMENT_3D ( 'NONE', #2191, #816, #1741 ) ;
#874 = ORIENTED_EDGE ( 'NONE', *, *, #68, .T. ) ;
#875 = CARTESIAN_POINT ( 'NONE',  ( 0.5250000000000000222, -0.7099999999999999645, 0.3000000000000000444 ) ) ;
#876 = MECHANICAL_DESIGN_GEOMETRIC_PRESENTATION_REPRESENTATION (  '', ( #277 ), #2154 ) ;
#877 = VECTOR ( 'NONE', #538, 1000.000000000000000 ) ;
#878 =( LENGTH_UNIT ( ) NAMED_UNIT ( * ) SI_UNIT ( .MILLI., .METRE. ) );
#879 = ORIENTED_EDGE ( 'NONE', *, *, #780, .T. ) ;
#880 = ADVANCED_FACE ( 'NONE', ( #194 ), #790, .F. ) ;
#881 = STYLED_ITEM ( 'NONE', ( #2425 ), #678 ) ;
#882 = EDGE_LOOP ( 'NONE', ( #1886, #604, #1242, #1662 ) ) ;
#883 = DIRECTION ( 'NONE',  ( 0.000000000000000000, -1.000000000000000000, 0.000000000000000000 ) ) ;
#884 = VECTOR ( 'NONE', #386, 1000.000000000000000 ) ;
#885 = PRESENTATION_STYLE_ASSIGNMENT (( #1816 ) ) ;
#886 = EDGE_CURVE ( 'NONE', #655, #1585, #1293, .T. ) ;
#887 = STYLED_ITEM ( 'NONE', ( #957 ), #1056 ) ;
#888 = DIRECTION ( 'NONE',  ( -1.000000000000000000, 0.000000000000000000, -0.000000000000000000 ) ) ;
#889 = LINE ( 'NONE', #1860, #1883 ) ;
#890 = CARTESIAN_POINT ( 'NONE',  ( 0.2749999999999999667, 0.7099999999999999645, 0.1730000000000000426 ) ) ;
#891 = AXIS2_PLACEMENT_3D ( 'NONE', #640, #1376, #473 ) ;
#892 = VERTEX_POINT ( 'NONE', #936 ) ;
#893 = CARTESIAN_POINT ( 'NONE',  ( -0.01499999999999926739, -0.09999999999999993616, 0.3000000000000000444 ) ) ;
#894 = ORIENTED_EDGE ( 'NONE', *, *, #1356, .T. ) ;
#895 = AXIS2_PLACEMENT_3D ( 'NONE', #1249, #1445, #1612 ) ;
#896 = ORIENTED_EDGE ( 'NONE', *, *, #1473, .T. ) ;
#897 = DIRECTION ( 'NONE',  ( 0.000000000000000000, -0.000000000000000000, -1.000000000000000000 ) ) ;
#898 = EDGE_CURVE ( 'NONE', #1467, #2099, #1124, .T. ) ;
#899 = PRESENTATION_STYLE_ASSIGNMENT (( #2206 ) ) ;
#900 = UNCERTAINTY_MEASURE_WITH_UNIT (LENGTH_MEASURE( 1.000000000000000082E-05 ), #1848, 'distance_accuracy_value', 'NONE');
#901 = ORIENTED_EDGE ( 'NONE', *, *, #1981, .T. ) ;
#902 = DIRECTION ( 'NONE',  ( -0.000000000000000000, 0.000000000000000000, 1.000000000000000000 ) ) ;
#903 = SURFACE_SIDE_STYLE ('',( #688 ) ) ;
#904 = DIRECTION ( 'NONE',  ( 0.000000000000000000, 0.000000000000000000, -1.000000000000000000 ) ) ;
#905 = ORIENTED_EDGE ( 'NONE', *, *, #228, .T. ) ;
#906 = SURFACE_STYLE_USAGE ( .BOTH. , #1846 ) ;
#907 = CARTESIAN_POINT ( 'NONE',  ( -0.4250000000000000999, 0.09999999999999993616, 0.2500000000000000000 ) ) ;
#908 = DIRECTION ( 'NONE',  ( 1.000000000000000000, 0.000000000000000000, 0.000000000000000000 ) ) ;
#909 = ADVANCED_FACE ( 'NONE', ( #1699 ), #216, .T. ) ;
#910 = ORIENTED_EDGE ( 'NONE', *, *, #253, .T. ) ;
#911 = CARTESIAN_POINT ( 'NONE',  ( 0.2749999999999999667, 0.7099999999999999645, 0.1730000000000000426 ) ) ;
#912 = DIRECTION ( 'NONE',  ( -1.000000000000000000, 0.000000000000000000, 0.000000000000000000 ) ) ;
#913 = ORIENTED_EDGE ( 'NONE', *, *, #301, .T. ) ;
#914 = LINE ( 'NONE', #1668, #288 ) ;
#915 = FILL_AREA_STYLE_COLOUR ( '', #571 ) ;
#916 = LINE ( 'NONE', #186, #15 ) ;
#917 = STYLED_ITEM ( 'NONE', ( #830 ), #824 ) ;
#918 = FACE_OUTER_BOUND ( 'NONE', #1715, .T. ) ;
#919 = DIRECTION ( 'NONE',  ( -1.000000000000000000, -0.000000000000000000, -0.000000000000000000 ) ) ;
#920 =( GEOMETRIC_REPRESENTATION_CONTEXT ( 3 ) GLOBAL_UNCERTAINTY_ASSIGNED_CONTEXT ( ( #1063 ) ) GLOBAL_UNIT_ASSIGNED_CONTEXT ( ( #651, #2179, #2224 ) ) REPRESENTATION_CONTEXT ( 'NONE', 'WORKASPACE' ) );
#921 = VECTOR ( 'NONE', #588, 1000.000000000000000 ) ;
#922 = UNCERTAINTY_MEASURE_WITH_UNIT (LENGTH_MEASURE( 1.000000000000000082E-05 ), #1895, 'distance_accuracy_value', 'NONE');
#923 = VECTOR ( 'NONE', #2244, 1000.000000000000000 ) ;
#924 = ORIENTED_EDGE ( 'NONE', *, *, #1536, .F. ) ;
#925 = EDGE_CURVE ( 'NONE', #2405, #2164, #2042, .T. ) ;
#926 = PLANE ( 'NONE',  #1147 ) ;
#927 = VERTEX_POINT ( 'NONE', #761 ) ;
#928 = CARTESIAN_POINT ( 'NONE',  ( -0.5250000000000000222, -0.7099999999999999645, 0.3000000000000000444 ) ) ;
#929 = COLOUR_RGB ( '',0.6666666666666666297, 0.6980392156862744724, 0.7686274509803920907 ) ;
#930 = DIRECTION ( 'NONE',  ( -0.000000000000000000, -0.000000000000000000, -1.000000000000000000 ) ) ;
#931 = CARTESIAN_POINT ( 'NONE',  ( 0.3849999999999998979, 0.2099999999999999367, 0.3000000000000000444 ) ) ;
#932 = PRESENTATION_STYLE_ASSIGNMENT (( #543 ) ) ;
#933 =( LENGTH_UNIT ( ) NAMED_UNIT ( * ) SI_UNIT ( .MILLI., .METRE. ) );
#934 = DIRECTION ( 'NONE',  ( -0.000000000000000000, 1.000000000000000000, -0.000000000000000000 ) ) ;
#935 = LINE ( 'NONE', #1292, #972 ) ;
#936 = CARTESIAN_POINT ( 'NONE',  ( 0.2749999999999999667, -0.6999999999999998446, 0.2500000000000000000 ) ) ;
#937 = VERTEX_POINT ( 'NONE', #592 ) ;
#938 = DIRECTION ( 'NONE',  ( -1.000000000000000000, 0.000000000000000000, -0.000000000000000000 ) ) ;
#939 = DIRECTION ( 'NONE',  ( 0.000000000000000000, -1.000000000000000000, 0.000000000000000000 ) ) ;
#940 = CARTESIAN_POINT ( 'NONE',  ( -0.5250000000000000222, -0.6999999999999998446, 0.1730000000000000426 ) ) ;
#941 = VERTEX_POINT ( 'NONE', #875 ) ;
#942 = EDGE_CURVE ( 'NONE', #2062, #2085, #1821, .T. ) ;
#943 = DIRECTION ( 'NONE',  ( 0.000000000000000000, 0.000000000000000000, 1.000000000000000000 ) ) ;
#944 = LINE ( 'NONE', #185, #1923 ) ;
#945 = LINE ( 'NONE', #756, #361 ) ;
#946 = DIRECTION ( 'NONE',  ( 0.000000000000000000, 0.000000000000000000, -1.000000000000000000 ) ) ;
#947 = DIRECTION ( 'NONE',  ( -0.000000000000000000, -0.000000000000000000, -1.000000000000000000 ) ) ;
#948 = ORIENTED_EDGE ( 'NONE', *, *, #415, .T. ) ;
#949 = SURFACE_SIDE_STYLE ('',( #380 ) ) ;
#950 = PRESENTATION_STYLE_ASSIGNMENT (( #1898 ) ) ;
#951 = DIRECTION ( 'NONE',  ( -0.000000000000000000, -0.000000000000000000, -1.000000000000000000 ) ) ;
#952 = VERTEX_POINT ( 'NONE', #1148 ) ;
#953 = VECTOR ( 'NONE', #239, 1000.000000000000000 ) ;
#954 = SURFACE_STYLE_FILL_AREA ( #6 ) ;
#955 = LINE ( 'NONE', #1004, #518 ) ;
#956 = ADVANCED_FACE ( 'NONE', ( #2104 ), #1122, .F. ) ;
#957 = PRESENTATION_STYLE_ASSIGNMENT (( #1673 ) ) ;
#958 = CARTESIAN_POINT ( 'NONE',  ( 0.2749999999999999667, 0.6999999999999998446, 0.3000000000000000444 ) ) ;
#959 = ADVANCED_FACE ( 'NONE', ( #199 ), #1859, .F. ) ;
#960 =( GEOMETRIC_REPRESENTATION_CONTEXT ( 3 ) GLOBAL_UNCERTAINTY_ASSIGNED_CONTEXT ( ( #1430 ) ) GLOBAL_UNIT_ASSIGNED_CONTEXT ( ( #198, #337, #2420 ) ) REPRESENTATION_CONTEXT ( 'NONE', 'WORKASPACE' ) );
#961 =( GEOMETRIC_REPRESENTATION_CONTEXT ( 3 ) GLOBAL_UNCERTAINTY_ASSIGNED_CONTEXT ( ( #108 ) ) GLOBAL_UNIT_ASSIGNED_CONTEXT ( ( #1751, #479, #537 ) ) REPRESENTATION_CONTEXT ( 'NONE', 'WORKASPACE' ) );
#962 = EDGE_LOOP ( 'NONE', ( #1359, #841, #2247, #1555 ) ) ;
#963 = VECTOR ( 'NONE', #261, 1000.000000000000000 ) ;
#964 =( NAMED_UNIT ( * ) SI_UNIT ( $, .STERADIAN. ) SOLID_ANGLE_UNIT ( ) );
#965 = SURFACE_STYLE_FILL_AREA ( #2457 ) ;
#966 = VECTOR ( 'NONE', #797, 1000.000000000000000 ) ;
#967 = LINE ( 'NONE', #1945, #871 ) ;
#968 = VERTEX_POINT ( 'NONE', #399 ) ;
#969 = COLOUR_RGB ( '',0.6666666666666666297, 0.6980392156862744724, 0.7686274509803920907 ) ;
#970 = CARTESIAN_POINT ( 'NONE',  ( -0.1250000000000000555, 0.2100000000000007139, 0.3000000000000000444 ) ) ;
#971 = CARTESIAN_POINT ( 'NONE',  ( -0.1250000000000000555, 0.6999999999999998446, 0.1730000000000000426 ) ) ;
#972 = VECTOR ( 'NONE', #1531, 1000.000000000000000 ) ;
#973 =( NAMED_UNIT ( * ) PLANE_ANGLE_UNIT ( ) SI_UNIT ( $, .RADIAN. ) );
#974 = CARTESIAN_POINT ( 'NONE',  ( -0.3850000000000000089, -0.2099999999999999367, 0.2500000000000000000 ) ) ;
#975 = DIRECTION ( 'NONE',  ( -1.000000000000000000, -0.000000000000000000, -0.000000000000000000 ) ) ;
#976 = MECHANICAL_DESIGN_GEOMETRIC_PRESENTATION_REPRESENTATION (  '', ( #338 ), #1839 ) ;
#977 = EDGE_CURVE ( 'NONE', #43, #370, #1380, .T. ) ;
#978 = DIRECTION ( 'NONE',  ( 0.000000000000000000, 1.000000000000000000, 0.000000000000000000 ) ) ;
#979 = CARTESIAN_POINT ( 'NONE',  ( 0.1250000000000000000, -0.2100000000000007139, 0.2500000000000000000 ) ) ;
#980 = ORIENTED_EDGE ( 'NONE', *, *, #583, .F. ) ;
#981 = DIRECTION ( 'NONE',  ( 0.000000000000000000, 0.000000000000000000, -1.000000000000000000 ) ) ;
#982 = LINE ( 'NONE', #459, #32 ) ;
#983 = ORIENTED_EDGE ( 'NONE', *, *, #1830, .T. ) ;
#984 =( LENGTH_UNIT ( ) NAMED_UNIT ( * ) SI_UNIT ( .MILLI., .METRE. ) );
#985 = CARTESIAN_POINT ( 'NONE',  ( 0.2749999999999999667, 0.6999999999999998446, 0.2500000000000000000 ) ) ;
#986 = DIRECTION ( 'NONE',  ( -0.000000000000000000, -1.000000000000000000, -0.000000000000000000 ) ) ;
#987 = EDGE_CURVE ( 'NONE', #1364, #892, #788, .T. ) ;
#988 = DIRECTION ( 'NONE',  ( -0.000000000000000000, -0.000000000000000000, -1.000000000000000000 ) ) ;
#989 =( NAMED_UNIT ( * ) PLANE_ANGLE_UNIT ( ) SI_UNIT ( $, .RADIAN. ) );
#990 = ORIENTED_EDGE ( 'NONE', *, *, #2408, .T. ) ;
#991 = SURFACE_STYLE_USAGE ( .BOTH. , #1349 ) ;
#992 = DIRECTION ( 'NONE',  ( -1.000000000000000000, -0.000000000000000000, -0.000000000000000000 ) ) ;
#993 = ORIENTED_EDGE ( 'NONE', *, *, #708, .F. ) ;
#994 = CIRCLE ( 'NONE', #475, 0.1099999999999999589 ) ;
#995 = VECTOR ( 'NONE', #626, 1000.000000000000000 ) ;
#996 = AXIS2_PLACEMENT_3D ( 'NONE', #545, #2288, #581 ) ;
#997 = DIRECTION ( 'NONE',  ( 0.000000000000000000, 0.000000000000000000, -1.000000000000000000 ) ) ;
#998 = AXIS2_PLACEMENT_3D ( 'NONE', #270, #1026, #2118 ) ;
#999 = EDGE_LOOP ( 'NONE', ( #1896, #1599, #599, #1540 ) ) ;
#1000 = DIRECTION ( 'NONE',  ( -1.000000000000000000, -0.000000000000000000, -0.000000000000000000 ) ) ;
#1001 = EDGE_CURVE ( 'NONE', #1511, #855, #1290, .T. ) ;
#1002 = FILL_AREA_STYLE_COLOUR ( '', #810 ) ;
#1003 = VECTOR ( 'NONE', #384, 1000.000000000000000 ) ;
#1004 = CARTESIAN_POINT ( 'NONE',  ( 0.2749999999999999667, -0.6999999999999998446, 0.3000000000000000444 ) ) ;
#1005 = ORIENTED_EDGE ( 'NONE', *, *, #272, .T. ) ;
#1006 = CARTESIAN_POINT ( 'NONE',  ( -0.1250000000000000555, 0.7099999999999999645, 0.3000000000000000444 ) ) ;
#1007 = AXIS2_PLACEMENT_3D ( 'NONE', #789, #2301, #2081 ) ;
#1008 = DIRECTION ( 'NONE',  ( 0.000000000000000000, 0.000000000000000000, -1.000000000000000000 ) ) ;
#1009 = SURFACE_SIDE_STYLE ('',( #206 ) ) ;
#1010 =( GEOMETRIC_REPRESENTATION_CONTEXT ( 3 ) GLOBAL_UNCERTAINTY_ASSIGNED_CONTEXT ( ( #1215 ) ) GLOBAL_UNIT_ASSIGNED_CONTEXT ( ( #1788, #2417, #659 ) ) REPRESENTATION_CONTEXT ( 'NONE', 'WORKASPACE' ) );
#1011 =( LENGTH_UNIT ( ) NAMED_UNIT ( * ) SI_UNIT ( .MILLI., .METRE. ) );
#1012 = EDGE_LOOP ( 'NONE', ( #2116, #1196, #2149, #2282, #1299, #1800 ) ) ;
#1013 = CARTESIAN_POINT ( 'NONE',  ( -0.1250000000000000555, -0.6999999999999998446, 0.2500000000000000000 ) ) ;
#1014 = EDGE_CURVE ( 'NONE', #865, #591, #2034, .T. ) ;
#1015 = ORIENTED_EDGE ( 'NONE', *, *, #827, .F. ) ;
#1016 = FILL_AREA_STYLE_COLOUR ( '', #1462 ) ;
#1017 = DIRECTION ( 'NONE',  ( -1.000000000000000000, -0.000000000000000000, -0.000000000000000000 ) ) ;
#1018 = SURFACE_SIDE_STYLE ('',( #2159 ) ) ;
#1019 = LINE ( 'NONE', #106, #554 ) ;
#1020 = ORIENTED_EDGE ( 'NONE', *, *, #1473, .F. ) ;
#1021 = FILL_AREA_STYLE ('',( #266 ) ) ;
#1022 = PLANE ( 'NONE',  #2128 ) ;
#1023 = VERTEX_POINT ( 'NONE', #2068 ) ;
#1024 = EDGE_LOOP ( 'NONE', ( #2030, #283, #112, #637 ) ) ;
#1025 =( NAMED_UNIT ( * ) SI_UNIT ( $, .STERADIAN. ) SOLID_ANGLE_UNIT ( ) );
#1026 = DIRECTION ( 'NONE',  ( -0.000000000000000000, -0.000000000000000000, -1.000000000000000000 ) ) ;
#1027 = EDGE_CURVE ( 'NONE', #1580, #2261, #158, .T. ) ;
#1028 = PRESENTATION_STYLE_ASSIGNMENT (( #72 ) ) ;
#1029 = VECTOR ( 'NONE', #817, 1000.000000000000000 ) ;
#1030 = SURFACE_SIDE_STYLE ('',( #1607 ) ) ;
#1031 = MECHANICAL_DESIGN_GEOMETRIC_PRESENTATION_REPRESENTATION (  '', ( #1992 ), #1503 ) ;
#1032 = ORIENTED_EDGE ( 'NONE', *, *, #81, .F. ) ;
#1033 = VECTOR ( 'NONE', #2228, 1000.000000000000000 ) ;
#1034 =( NAMED_UNIT ( * ) SI_UNIT ( $, .STERADIAN. ) SOLID_ANGLE_UNIT ( ) );
#1035 = CIRCLE ( 'NONE', #1713, 0.1100000000000000144 ) ;
#1036 = EDGE_LOOP ( 'NONE', ( #2322, #1737, #784, #333 ) ) ;
#1037 = ORIENTED_EDGE ( 'NONE', *, *, #253, .F. ) ;
#1038 = CARTESIAN_POINT ( 'NONE',  ( -0.4250000000000000999, 0.09999999999999993616, 0.3000000000000000444 ) ) ;
#1039 = DIRECTION ( 'NONE',  ( 0.000000000000000000, 0.000000000000000000, 1.000000000000000000 ) ) ;
#1040 = VECTOR ( 'NONE', #1837, 1000.000000000000000 ) ;
#1041 = CYLINDRICAL_SURFACE ( 'NONE', #30, 0.1099999999999999589 ) ;
#1042 = EDGE_CURVE ( 'NONE', #1093, #1569, #1316, .T. ) ;
#1043 = MECHANICAL_DESIGN_GEOMETRIC_PRESENTATION_REPRESENTATION (  '', ( #2004 ), #1200 ) ;
#1044 = PLANE ( 'NONE',  #1817 ) ;
#1045 = COLOUR_RGB ( '',0.6666666666666666297, 0.6980392156862744724, 0.7686274509803920907 ) ;
#1046 = UNCERTAINTY_MEASURE_WITH_UNIT (LENGTH_MEASURE( 1.000000000000000082E-05 ), #1474, 'distance_accuracy_value', 'NONE');
#1047 = VERTEX_POINT ( 'NONE', #2058 ) ;
#1048 = CARTESIAN_POINT ( 'NONE',  ( -0.1250000000000000555, 0.6999999999999998446, 0.3000000000000000444 ) ) ;
#1049 = FILL_AREA_STYLE ('',( #132 ) ) ;
#1050 = ORIENTED_EDGE ( 'NONE', *, *, #415, .F. ) ;
#1051 = ORIENTED_EDGE ( 'NONE', *, *, #780, .F. ) ;
#1052 = LINE ( 'NONE', #867, #485 ) ;
#1053 = CARTESIAN_POINT ( 'NONE',  ( -0.7250000000000005329, -0.7000000000000000666, 0.2500000000000000000 ) ) ;
#1054 = EDGE_CURVE ( 'NONE', #2051, #1433, #360, .T. ) ;
#1055 = ORIENTED_EDGE ( 'NONE', *, *, #1767, .T. ) ;
#1056 = ADVANCED_FACE ( 'NONE', ( #918 ), #187, .F. ) ;
#1057 = VERTEX_POINT ( 'NONE', #757 ) ;
#1058 = ORIENTED_EDGE ( 'NONE', *, *, #1378, .T. ) ;
#1059 = DIRECTION ( 'NONE',  ( 1.000000000000000000, 0.000000000000000000, -0.000000000000000000 ) ) ;
#1060 = FILL_AREA_STYLE ('',( #484 ) ) ;
#1061 = CARTESIAN_POINT ( 'NONE',  ( -0.01499999999999926739, 0.09999999999999993616, 0.2500000000000000000 ) ) ;
#1062 = LINE ( 'NONE', #2436, #1033 ) ;
#1063 = UNCERTAINTY_MEASURE_WITH_UNIT (LENGTH_MEASURE( 1.000000000000000082E-05 ), #651, 'distance_accuracy_value', 'NONE');
#1064 = MECHANICAL_DESIGN_GEOMETRIC_PRESENTATION_REPRESENTATION (  '', ( #1862 ), #1185 ) ;
#1065 = ORIENTED_EDGE ( 'NONE', *, *, #117, .F. ) ;
#1066 =( NAMED_UNIT ( * ) SI_UNIT ( $, .STERADIAN. ) SOLID_ANGLE_UNIT ( ) );
#1067 = DIRECTION ( 'NONE',  ( 0.000000000000000000, -1.000000000000000000, 0.000000000000000000 ) ) ;
#1068 = ORIENTED_EDGE ( 'NONE', *, *, #573, .F. ) ;
#1069 = MECHANICAL_DESIGN_GEOMETRIC_PRESENTATION_REPRESENTATION (  '', ( #364 ), #2355 ) ;
#1070 = ORIENTED_EDGE ( 'NONE', *, *, #1993, .T. ) ;
#1071 = EDGE_CURVE ( 'NONE', #370, #1773, #1506, .T. ) ;
#1072 = CARTESIAN_POINT ( 'NONE',  ( -0.01499999999999926739, -0.09999999999999993616, 0.3000000000000000444 ) ) ;
#1073 = DIRECTION ( 'NONE',  ( -0.000000000000000000, -1.000000000000000000, -0.000000000000000000 ) ) ;
#1074 = MECHANICAL_DESIGN_GEOMETRIC_PRESENTATION_REPRESENTATION (  '', ( #764 ), #1632 ) ;
#1075 = CARTESIAN_POINT ( 'NONE',  ( -0.7250000000000005329, -0.7000000000000000666, 0.2500000000000000000 ) ) ;
#1076 = FILL_AREA_STYLE ('',( #299 ) ) ;
#1077 = LINE ( 'NONE', #697, #1744 ) ;
#1078 = VECTOR ( 'NONE', #243, 1000.000000000000114 ) ;
#1079 = COLOUR_RGB ( '',0.6666666666666666297, 0.6980392156862744724, 0.7686274509803920907 ) ;
#1080 = ORIENTED_EDGE ( 'NONE', *, *, #2442, .T. ) ;
#1081 = VECTOR ( 'NONE', #1385, 1000.000000000000000 ) ;
#1082 = FACE_OUTER_BOUND ( 'NONE', #847, .T. ) ;
#1083 = ORIENTED_EDGE ( 'NONE', *, *, #886, .F. ) ;
#1084 = LINE ( 'NONE', #1038, #405 ) ;
#1085 = LINE ( 'NONE', #2053, #175 ) ;
#1086 = EDGE_CURVE ( 'NONE', #1433, #1047, #1035, .T. ) ;
#1087 = CARTESIAN_POINT ( 'NONE',  ( -0.3850000000000000089, -0.2099999999999999367, 0.3000000000000000444 ) ) ;
#1088 = UNCERTAINTY_MEASURE_WITH_UNIT (LENGTH_MEASURE( 1.000000000000000082E-05 ), #2230, 'distance_accuracy_value', 'NONE');
#1089 = VERTEX_POINT ( 'NONE', #463 ) ;
#1090 =( NAMED_UNIT ( * ) SI_UNIT ( $, .STERADIAN. ) SOLID_ANGLE_UNIT ( ) );
#1091 = PLANE ( 'NONE',  #1497 ) ;
#1092 = FACE_OUTER_BOUND ( 'NONE', #2414, .T. ) ;
#1093 = VERTEX_POINT ( 'NONE', #800 ) ;
#1094 = CARTESIAN_POINT ( 'NONE',  ( 0.2749999999999999667, -0.7099999999999999645, 0.1730000000000000426 ) ) ;
#1095 = DIRECTION ( 'NONE',  ( 0.000000000000000000, 0.000000000000000000, -1.000000000000000000 ) ) ;
#1096 = DIRECTION ( 'NONE',  ( -0.000000000000000000, 1.000000000000000000, -0.000000000000000000 ) ) ;
#1097 = EDGE_CURVE ( 'NONE', #1228, #1089, #813, .T. ) ;
#1098 = DIRECTION ( 'NONE',  ( 0.000000000000000000, 1.000000000000000000, 0.000000000000000000 ) ) ;
#1099 =( NAMED_UNIT ( * ) SI_UNIT ( $, .STERADIAN. ) SOLID_ANGLE_UNIT ( ) );
#1100 = ORIENTED_EDGE ( 'NONE', *, *, #1711, .T. ) ;
#1101 = VECTOR ( 'NONE', #1561, 1000.000000000000000 ) ;
#1102 = DIRECTION ( 'NONE',  ( -0.000000000000000000, -1.000000000000000000, -0.000000000000000000 ) ) ;
#1103 = EDGE_LOOP ( 'NONE', ( #2184, #304, #48, #1644, #269, #1516 ) ) ;
#1104 = ORIENTED_EDGE ( 'NONE', *, *, #379, .F. ) ;
#1105 = DIRECTION ( 'NONE',  ( -1.000000000000000000, 0.000000000000000000, 0.000000000000000000 ) ) ;
#1106 = CARTESIAN_POINT ( 'NONE',  ( 0.01500000000000001159, -0.2099999999999999367, 0.3000000000000000444 ) ) ;
#1107 = FILL_AREA_STYLE ('',( #1135 ) ) ;
#1108 = VECTOR ( 'NONE', #702, 1000.000000000000000 ) ;
#1109 = CARTESIAN_POINT ( 'NONE',  ( 0.4150000000000000910, -0.2099999999999999367, 0.2500000000000000000 ) ) ;
#1110 = PRESENTATION_LAYER_ASSIGNMENT (  '', '', ( #718 ) ) ;
#1111 = COLOUR_RGB ( '',0.6666666666666666297, 0.6980392156862744724, 0.7686274509803920907 ) ;
#1112 = UNCERTAINTY_MEASURE_WITH_UNIT (LENGTH_MEASURE( 1.000000000000000082E-05 ), #1524, 'distance_accuracy_value', 'NONE');
#1113 = EDGE_CURVE ( 'NONE', #685, #952, #2142, .T. ) ;
#1114 = MECHANICAL_DESIGN_GEOMETRIC_PRESENTATION_REPRESENTATION (  '', ( #567 ), #605 ) ;
#1115 = ORIENTED_EDGE ( 'NONE', *, *, #1834, .T. ) ;
#1116 = VECTOR ( 'NONE', #975, 1000.000000000000000 ) ;
#1117 = CARTESIAN_POINT ( 'NONE',  ( -0.5250000000000000222, -0.7099999999999999645, 0.3000000000000000444 ) ) ;
#1118 = CARTESIAN_POINT ( 'NONE',  ( 0.5250000000000000222, 0.6999999999999998446, 0.3000000000000000444 ) ) ;
#1119 = ORIENTED_EDGE ( 'NONE', *, *, #1490, .F. ) ;
#1120 = STYLED_ITEM ( 'NONE', ( #885 ), #2115 ) ;
#1121 = MECHANICAL_DESIGN_GEOMETRIC_PRESENTATION_REPRESENTATION (  '', ( #1315 ), #1392 ) ;
#1122 = PLANE ( 'NONE',  #996 ) ;
#1123 = SURFACE_SIDE_STYLE ('',( #362 ) ) ;
#1124 = LINE ( 'NONE', #2272, #2281 ) ;
#1125 = ORIENTED_EDGE ( 'NONE', *, *, #52, .T. ) ;
#1126 = SURFACE_STYLE_USAGE ( .BOTH. , #781 ) ;
#1127 = EDGE_CURVE ( 'NONE', #1927, #523, #2357, .T. ) ;
#1128 = DIRECTION ( 'NONE',  ( 1.000000000000000000, 0.000000000000000000, 0.000000000000000000 ) ) ;
#1129 = SURFACE_SIDE_STYLE ('',( #965 ) ) ;
#1130 = DIRECTION ( 'NONE',  ( -0.000000000000000000, -0.000000000000000000, -1.000000000000000000 ) ) ;
#1131 = EDGE_LOOP ( 'NONE', ( #625, #37, #734, #2019, #1692, #894 ) ) ;
#1132 = EDGE_CURVE ( 'NONE', #2085, #406, #1557, .T. ) ;
#1133 = SURFACE_SIDE_STYLE ('',( #1670 ) ) ;
#1134 =( NAMED_UNIT ( * ) SI_UNIT ( $, .STERADIAN. ) SOLID_ANGLE_UNIT ( ) );
#1135 = FILL_AREA_STYLE_COLOUR ( '', #1573 ) ;
#1136 = CARTESIAN_POINT ( 'NONE',  ( 0.5250000000000000222, 0.6999999999999998446, 0.2500000000000000000 ) ) ;
#1137 = DIRECTION ( 'NONE',  ( -0.000000000000000000, -0.000000000000000000, -1.000000000000000000 ) ) ;
#1138 = ORIENTED_EDGE ( 'NONE', *, *, #1027, .T. ) ;
#1139 = CARTESIAN_POINT ( 'NONE',  ( 0.3850000000000007305, -0.09999999999999995004, 0.2500000000000000000 ) ) ;
#1140 = VECTOR ( 'NONE', #1393, 1000.000000000000000 ) ;
#1141 = DIRECTION ( 'NONE',  ( 0.000000000000000000, 0.000000000000000000, -1.000000000000000000 ) ) ;
#1142 = VERTEX_POINT ( 'NONE', #1755 ) ;
#1143 = DIRECTION ( 'NONE',  ( -0.000000000000000000, -0.000000000000000000, -1.000000000000000000 ) ) ;
#1144 = FACE_OUTER_BOUND ( 'NONE', #1024, .T. ) ;
#1145 = ADVANCED_FACE ( 'NONE', ( #246 ), #235, .T. ) ;
#1146 = AXIS2_PLACEMENT_3D ( 'NONE', #1360, #808, #2332 ) ;
#1147 = AXIS2_PLACEMENT_3D ( 'NONE', #550, #726, #938 ) ;
#1148 = CARTESIAN_POINT ( 'NONE',  ( 0.2749999999999999667, 0.2099999999999999367, 0.2500000000000000000 ) ) ;
#1149 = COLOUR_RGB ( '',0.6666666666666666297, 0.6980392156862744724, 0.7686274509803920907 ) ;
#1150 = CARTESIAN_POINT ( 'NONE',  ( -0.1250000000000000555, -0.6999999999999998446, 0.3000000000000000444 ) ) ;
#1151 = PRESENTATION_LAYER_ASSIGNMENT (  '', '', ( #88 ) ) ;
#1152 = VECTOR ( 'NONE', #2120, 1000.000000000000000 ) ;
#1153 =( LENGTH_UNIT ( ) NAMED_UNIT ( * ) SI_UNIT ( .MILLI., .METRE. ) );
#1154 = LINE ( 'NONE', #1690, #1869 ) ;
#1155 = COLOUR_RGB ( '',0.6666666666666666297, 0.6980392156862744724, 0.7686274509803920907 ) ;
#1156 = SURFACE_STYLE_USAGE ( .BOTH. , #1515 ) ;
#1157 = ORIENTED_EDGE ( 'NONE', *, *, #827, .T. ) ;
#1158 = LINE ( 'NONE', #1177, #1953 ) ;
#1159 = LINE ( 'NONE', #75, #1544 ) ;
#1160 = LINE ( 'NONE', #2299, #1223 ) ;
#1161 = MECHANICAL_DESIGN_GEOMETRIC_PRESENTATION_REPRESENTATION (  '', ( #135 ), #96 ) ;
#1162 = EDGE_LOOP ( 'NONE', ( #1394, #1263, #1181, #1005 ) ) ;
#1163 = LINE ( 'NONE', #1366, #963 ) ;
#1164 = EDGE_CURVE ( 'NONE', #968, #1841, #1353, .T. ) ;
#1165 = CARTESIAN_POINT ( 'NONE',  ( -0.2750000000000000222, -0.6999999999999998446, 0.3000000000000000444 ) ) ;
#1166 = ORIENTED_EDGE ( 'NONE', *, *, #987, .F. ) ;
#1167 = DIRECTION ( 'NONE',  ( -0.000000000000000000, -0.000000000000000000, -1.000000000000000000 ) ) ;
#1168 = SURFACE_SIDE_STYLE ('',( #601 ) ) ;
#1169 = CARTESIAN_POINT ( 'NONE',  ( 0.5250000000000000222, 0.6999999999999998446, 0.1730000000000000426 ) ) ;
#1170 = VERTEX_POINT ( 'NONE', #1973 ) ;
#1171 = LINE ( 'NONE', #1722, #1188 ) ;
#1172 = DIRECTION ( 'NONE',  ( 1.000000000000000000, 0.000000000000000000, 0.000000000000000000 ) ) ;
#1173 = SURFACE_SIDE_STYLE ('',( #801 ) ) ;
#1174 = EDGE_CURVE ( 'NONE', #95, #645, #1163, .T. ) ;
#1175 = DIRECTION ( 'NONE',  ( -0.000000000000000000, -1.000000000000000000, -0.000000000000000000 ) ) ;
#1176 = ORIENTED_EDGE ( 'NONE', *, *, #1441, .F. ) ;
#1177 = CARTESIAN_POINT ( 'NONE',  ( -0.5250000000000000222, -0.7099999999999999645, 0.1730000000000000426 ) ) ;
#1178 = DIRECTION ( 'NONE',  ( -0.000000000000000000, -1.000000000000000000, -0.000000000000000000 ) ) ;
#1179 = CARTESIAN_POINT ( 'NONE',  ( 0.7249999999999994227, 0.6999999999999998446, 0.2500000000000000000 ) ) ;
#1180 = CARTESIAN_POINT ( 'NONE',  ( 0.2749999999999999667, 0.6999999999999998446, 0.2500000000000000000 ) ) ;
#1181 = ORIENTED_EDGE ( 'NONE', *, *, #346, .T. ) ;
#1182 = CARTESIAN_POINT ( 'NONE',  ( 0.4149999999999993139, 0.09999999999999995004, 0.3000000000000000444 ) ) ;
#1183 = DIRECTION ( 'NONE',  ( 0.000000000000000000, 0.000000000000000000, 1.000000000000000000 ) ) ;
#1184 = FILL_AREA_STYLE ('',( #777 ) ) ;
#1185 =( GEOMETRIC_REPRESENTATION_CONTEXT ( 3 ) GLOBAL_UNCERTAINTY_ASSIGNED_CONTEXT ( ( #922 ) ) GLOBAL_UNIT_ASSIGNED_CONTEXT ( ( #1895, #802, #237 ) ) REPRESENTATION_CONTEXT ( 'NONE', 'WORKASPACE' ) );
#1186 =( GEOMETRIC_REPRESENTATION_CONTEXT ( 3 ) GLOBAL_UNCERTAINTY_ASSIGNED_CONTEXT ( ( #522 ) ) GLOBAL_UNIT_ASSIGNED_CONTEXT ( ( #766, #1546, #597 ) ) REPRESENTATION_CONTEXT ( 'NONE', 'WORKASPACE' ) );
#1187 = AXIS2_PLACEMENT_3D ( 'NONE', #1118, #912, #703 ) ;
#1188 = VECTOR ( 'NONE', #1937, 1000.000000000000000 ) ;
#1189 = CIRCLE ( 'NONE', #1781, 0.1099999999999999589 ) ;
#1190 = ADVANCED_FACE ( 'NONE', ( #2337 ), #1928, .F. ) ;
#1191 = CARTESIAN_POINT ( 'NONE',  ( -0.2750000000000000222, -0.7099999999999999645, 0.3000000000000000444 ) ) ;
#1192 = ORIENTED_EDGE ( 'NONE', *, *, #161, .F. ) ;
#1193 = SURFACE_SIDE_STYLE ('',( #445 ) ) ;
#1194 = CARTESIAN_POINT ( 'NONE',  ( 0.5250000000000000222, 0.6999999999999998446, 0.2500000000000000000 ) ) ;
#1195 = FACE_OUTER_BOUND ( 'NONE', #295, .T. ) ;
#1196 = ORIENTED_EDGE ( 'NONE', *, *, #1610, .T. ) ;
#1197 = CARTESIAN_POINT ( 'NONE',  ( -0.2750000000000000222, 0.7099999999999999645, 0.3000000000000000444 ) ) ;
#1198 = STYLED_ITEM ( 'NONE', ( #1897 ), #1695 ) ;
#1199 = DIRECTION ( 'NONE',  ( 1.000000000000000000, 0.000000000000000000, 0.000000000000000000 ) ) ;
#1200 =( GEOMETRIC_REPRESENTATION_CONTEXT ( 3 ) GLOBAL_UNCERTAINTY_ASSIGNED_CONTEXT ( ( #2246 ) ) GLOBAL_UNIT_ASSIGNED_CONTEXT ( ( #1730, #2171, #2158 ) ) REPRESENTATION_CONTEXT ( 'NONE', 'WORKASPACE' ) );
#1201 = AXIS2_PLACEMENT_3D ( 'NONE', #1106, #1893, #2078 ) ;
#1202 =( NAMED_UNIT ( * ) SI_UNIT ( $, .STERADIAN. ) SOLID_ANGLE_UNIT ( ) );
#1203 = CARTESIAN_POINT ( 'NONE',  ( 0.01499999999999923790, -0.09999999999999993616, 0.3000000000000000444 ) ) ;
#1204 = DIRECTION ( 'NONE',  ( 0.000000000000000000, -1.000000000000000000, 0.000000000000000000 ) ) ;
#1205 = ORIENTED_EDGE ( 'NONE', *, *, #1610, .F. ) ;
#1206 = EDGE_CURVE ( 'NONE', #297, #1142, #103, .T. ) ;
#1207 = DIRECTION ( 'NONE',  ( -0.000000000000000000, 0.000000000000000000, -1.000000000000000000 ) ) ;
#1208 =( LENGTH_UNIT ( ) NAMED_UNIT ( * ) SI_UNIT ( .MILLI., .METRE. ) );
#1209 = FILL_AREA_STYLE ('',( #2319 ) ) ;
#1210 = ORIENTED_EDGE ( 'NONE', *, *, #511, .F. ) ;
#1211 = ORIENTED_EDGE ( 'NONE', *, *, #542, .T. ) ;
#1212 = DIRECTION ( 'NONE',  ( 1.000000000000000000, 0.000000000000000000, 0.000000000000000000 ) ) ;
#1213 = DIRECTION ( 'NONE',  ( 0.000000000000000000, 0.000000000000000000, 1.000000000000000000 ) ) ;
#1214 = PLANE ( 'NONE',  #120 ) ;
#1215 = UNCERTAINTY_MEASURE_WITH_UNIT (LENGTH_MEASURE( 1.000000000000000082E-05 ), #1788, 'distance_accuracy_value', 'NONE');
#1216 = VERTEX_POINT ( 'NONE', #675 ) ;
#1217 = DIRECTION ( 'NONE',  ( -0.000000000000000000, -0.000000000000000000, -1.000000000000000000 ) ) ;
#1218 = VERTEX_POINT ( 'NONE', #1990 ) ;
#1219 = EDGE_LOOP ( 'NONE', ( #501, #649, #2199, #1227 ) ) ;
#1220 = CARTESIAN_POINT ( 'NONE',  ( 0.3850000000000007305, 0.09999999999999993616, 0.2500000000000000000 ) ) ;
#1221 = ADVANCED_FACE ( 'NONE', ( #2419 ), #503, .F. ) ;
#1222 = CARTESIAN_POINT ( 'NONE',  ( -0.2750000000000000222, 0.6999999999999998446, 0.3000000000000000444 ) ) ;
#1223 = VECTOR ( 'NONE', #224, 1000.000000000000000 ) ;
#1224 = ORIENTED_EDGE ( 'NONE', *, *, #1967, .T. ) ;
#1225 = PRESENTATION_LAYER_ASSIGNMENT (  '', '', ( #520 ) ) ;
#1226 = MECHANICAL_DESIGN_GEOMETRIC_PRESENTATION_REPRESENTATION (  '', ( #1465 ), #920 ) ;
#1227 = ORIENTED_EDGE ( 'NONE', *, *, #81, .T. ) ;
#1228 = VERTEX_POINT ( 'NONE', #1805 ) ;
#1229 = VECTOR ( 'NONE', #209, 1000.000000000000000 ) ;
#1230 = SURFACE_STYLE_USAGE ( .BOTH. , #136 ) ;
#1231 = DIRECTION ( 'NONE',  ( 1.000000000000000000, 0.000000000000000000, 0.000000000000000000 ) ) ;
#1232 = VECTOR ( 'NONE', #838, 1000.000000000000000 ) ;
#1233 = EDGE_CURVE ( 'NONE', #1170, #2024, #2202, .T. ) ;
#1234 = DIRECTION ( 'NONE',  ( 1.000000000000000000, 0.000000000000000000, 0.000000000000000000 ) ) ;
#1235 = FILL_AREA_STYLE ('',( #2395 ) ) ;
#1236 = AXIS2_PLACEMENT_3D ( 'NONE', #321, #1039, #497 ) ;
#1237 = DIRECTION ( 'NONE',  ( -0.000000000000000000, -0.000000000000000000, -1.000000000000000000 ) ) ;
#1238 =( GEOMETRIC_REPRESENTATION_CONTEXT ( 3 ) GLOBAL_UNCERTAINTY_ASSIGNED_CONTEXT ( ( #699 ) ) GLOBAL_UNIT_ASSIGNED_CONTEXT ( ( #1552, #257, #1762 ) ) REPRESENTATION_CONTEXT ( 'NONE', 'WORKASPACE' ) );
#1239 = ORIENTED_EDGE ( 'NONE', *, *, #828, .F. ) ;
#1240 = DIRECTION ( 'NONE',  ( 0.000000000000000000, -0.000000000000000000, 1.000000000000000000 ) ) ;
#1241 = ORIENTED_EDGE ( 'NONE', *, *, #42, .T. ) ;
#1242 = ORIENTED_EDGE ( 'NONE', *, *, #1381, .F. ) ;
#1243 = CYLINDRICAL_SURFACE ( 'NONE', #762, 0.1099999999999999589 ) ;
#1244 =( NAMED_UNIT ( * ) PLANE_ANGLE_UNIT ( ) SI_UNIT ( $, .RADIAN. ) );
#1245 = EDGE_CURVE ( 'NONE', #2229, #1467, #1084, .T. ) ;
#1246 = EDGE_CURVE ( 'NONE', #1364, #2261, #1052, .T. ) ;
#1247 = ORIENTED_EDGE ( 'NONE', *, *, #229, .F. ) ;
#1248 = DIRECTION ( 'NONE',  ( -0.000000000000000000, -1.000000000000000000, -0.000000000000000000 ) ) ;
#1249 = CARTESIAN_POINT ( 'NONE',  ( 0.5250000000000000222, -0.6999999999999998446, 0.3000000000000000444 ) ) ;
#1250 = ORIENTED_EDGE ( 'NONE', *, *, #898, .F. ) ;
#1251 = ORIENTED_EDGE ( 'NONE', *, *, #1680, .F. ) ;
#1252 = DIRECTION ( 'NONE',  ( -0.000000000000000000, -0.000000000000000000, -1.000000000000000000 ) ) ;
#1253 = DIRECTION ( 'NONE',  ( -0.000000000000000000, 1.000000000000000000, -0.000000000000000000 ) ) ;
#1254 = DIRECTION ( 'NONE',  ( -0.000000000000000000, 1.000000000000000000, -0.000000000000000000 ) ) ;
#1255 = VECTOR ( 'NONE', #311, 1000.000000000000000 ) ;
#1256 = UNCERTAINTY_MEASURE_WITH_UNIT (LENGTH_MEASURE( 1.000000000000000082E-05 ), #2279, 'distance_accuracy_value', 'NONE');
#1257 = STYLED_ITEM ( 'NONE', ( #2111 ), #507 ) ;
#1258 = ORIENTED_EDGE ( 'NONE', *, *, #1553, .T. ) ;
#1259 = EDGE_CURVE ( 'NONE', #2164, #133, #121, .T. ) ;
#1260 = VECTOR ( 'NONE', #2463, 1000.000000000000000 ) ;
#1261 = CARTESIAN_POINT ( 'NONE',  ( -0.5250000000000000222, 0.6999999999999998446, 0.2500000000000000000 ) ) ;
#1262 = LINE ( 'NONE', #893, #779 ) ;
#1263 = ORIENTED_EDGE ( 'NONE', *, *, #1164, .T. ) ;
#1264 = VECTOR ( 'NONE', #47, 1000.000000000000000 ) ;
#1265 = ORIENTED_EDGE ( 'NONE', *, *, #738, .T. ) ;
#1266 = CARTESIAN_POINT ( 'NONE',  ( 0.2749999999999999667, -0.7099999999999999645, 0.3000000000000000444 ) ) ;
#1267 =( NAMED_UNIT ( * ) SI_UNIT ( $, .STERADIAN. ) SOLID_ANGLE_UNIT ( ) );
#1268 = LINE ( 'NONE', #1818, #669 ) ;
#1269 = DIRECTION ( 'NONE',  ( 0.000000000000000000, -1.000000000000000000, 0.000000000000000000 ) ) ;
#1270 = VECTOR ( 'NONE', #1361, 1000.000000000000000 ) ;
#1271 = CIRCLE ( 'NONE', #374, 0.1099999999999999589 ) ;
#1272 = ORIENTED_EDGE ( 'NONE', *, *, #363, .T. ) ;
#1273 = CARTESIAN_POINT ( 'NONE',  ( -0.5250000000000000222, 0.1999999999999999278, 0.3000000000000000444 ) ) ;
#1274 = FACE_OUTER_BOUND ( 'NONE', #204, .T. ) ;
#1275 =( LENGTH_UNIT ( ) NAMED_UNIT ( * ) SI_UNIT ( .MILLI., .METRE. ) );
#1276 = ORIENTED_EDGE ( 'NONE', *, *, #197, .F. ) ;
#1277 = DIRECTION ( 'NONE',  ( 0.000000000000000000, -0.000000000000000000, -1.000000000000000000 ) ) ;
#1278 = EDGE_CURVE ( 'NONE', #941, #2062, #1617, .T. ) ;
#1279 = FILL_AREA_STYLE ('',( #731 ) ) ;
#1280 = DIRECTION ( 'NONE',  ( -0.000000000000000000, -1.000000000000000000, -0.000000000000000000 ) ) ;
#1281 = PRODUCT_DEFINITION_CONTEXT ( 'detailed design', #1602, 'design' ) ;
#1282 = VERTEX_POINT ( 'NONE', #1072 ) ;
#1283 =( NAMED_UNIT ( * ) PLANE_ANGLE_UNIT ( ) SI_UNIT ( $, .RADIAN. ) );
#1284 = DIRECTION ( 'NONE',  ( 0.000000000000000000, 1.000000000000000000, 0.000000000000000000 ) ) ;
#1285 = ORIENTED_EDGE ( 'NONE', *, *, #852, .F. ) ;
#1286 = VERTEX_POINT ( 'NONE', #1266 ) ;
#1287 = SURFACE_STYLE_USAGE ( .BOTH. , #1707 ) ;
#1288 = SURFACE_SIDE_STYLE ('',( #1877 ) ) ;
#1289 = DIRECTION ( 'NONE',  ( -0.000000000000000000, 1.000000000000000000, -0.000000000000000000 ) ) ;
#1290 = LINE ( 'NONE', #1530, #1505 ) ;
#1291 = EDGE_CURVE ( 'NONE', #1580, #1405, #1633, .T. ) ;
#1292 = CARTESIAN_POINT ( 'NONE',  ( 0.1250000000000000000, -0.6999999999999998446, 0.3000000000000000444 ) ) ;
#1293 = LINE ( 'NONE', #747, #1152 ) ;
#1294 = ORIENTED_EDGE ( 'NONE', *, *, #1553, .F. ) ;
#1295 =( NAMED_UNIT ( * ) SI_UNIT ( $, .STERADIAN. ) SOLID_ANGLE_UNIT ( ) );
#1296 = FILL_AREA_STYLE_COLOUR ( '', #1079 ) ;
#1297 = FILL_AREA_STYLE ('',( #2443 ) ) ;
#1298 = DIRECTION ( 'NONE',  ( 0.000000000000000000, 0.000000000000000000, -1.000000000000000000 ) ) ;
#1299 = ORIENTED_EDGE ( 'NONE', *, *, #1206, .T. ) ;
#1300 = CARTESIAN_POINT ( 'NONE',  ( -0.4149999999999993139, -0.09999999999999993616, 0.3000000000000000444 ) ) ;
#1301 = PRESENTATION_LAYER_ASSIGNMENT (  '', '', ( #364 ) ) ;
#1302 = AXIS2_PLACEMENT_3D ( 'NONE', #1303, #1, #41 ) ;
#1303 = CARTESIAN_POINT ( 'NONE',  ( -0.7250000000000005329, 0.6999999999999998446, 0.2500000000000000000 ) ) ;
#1304 = FILL_AREA_STYLE ('',( #1521 ) ) ;
#1305 = EDGE_CURVE ( 'NONE', #1813, #968, #2186, .T. ) ;
#1306 = UNCERTAINTY_MEASURE_WITH_UNIT (LENGTH_MEASURE( 1.000000000000000082E-05 ), #1708, 'distance_accuracy_value', 'NONE');
#1307 = EDGE_LOOP ( 'NONE', ( #1831, #84, #1119, #1984 ) ) ;
#1308 = SURFACE_STYLE_FILL_AREA ( #341 ) ;
#1309 = STYLED_ITEM ( 'NONE', ( #271 ), #2017 ) ;
#1310 = SURFACE_STYLE_FILL_AREA ( #1297 ) ;
#1311 = SURFACE_SIDE_STYLE ('',( #1482 ) ) ;
#1312 = ORIENTED_EDGE ( 'NONE', *, *, #1647, .T. ) ;
#1313 = MECHANICAL_DESIGN_GEOMETRIC_PRESENTATION_REPRESENTATION (  '', ( #1120 ), #644 ) ;
#1314 = DIRECTION ( 'NONE',  ( -1.000000000000000000, -0.000000000000000000, -0.000000000000000000 ) ) ;
#1315 = STYLED_ITEM ( 'NONE', ( #2176 ), #2339 ) ;
#1316 = LINE ( 'NONE', #1136, #2440 ) ;
#1317 = LINE ( 'NONE', #2093, #1348 ) ;
#1318 = LINE ( 'NONE', #2263, #1108 ) ;
#1319 = ORIENTED_EDGE ( 'NONE', *, *, #1233, .T. ) ;
#1320 = DIRECTION ( 'NONE',  ( 0.000000000000000000, 0.000000000000000000, 1.000000000000000000 ) ) ;
#1321 = ADVANCED_FACE ( 'NONE', ( #1436 ), #2212, .T. ) ;
#1322 = LINE ( 'NONE', #190, #646 ) ;
#1323 = CARTESIAN_POINT ( 'NONE',  ( 0.7249999999999994227, -0.7000000000000000666, 0.2500000000000000000 ) ) ;
#1324 = ORIENTED_EDGE ( 'NONE', *, *, #1368, .F. ) ;
#1325 =( NAMED_UNIT ( * ) PLANE_ANGLE_UNIT ( ) SI_UNIT ( $, .RADIAN. ) );
#1326 =( LENGTH_UNIT ( ) NAMED_UNIT ( * ) SI_UNIT ( .MILLI., .METRE. ) );
#1327 = PRESENTATION_STYLE_ASSIGNMENT (( #774 ) ) ;
#1328 = PRESENTATION_STYLE_ASSIGNMENT (( #359 ) ) ;
#1329 = SURFACE_SIDE_STYLE ('',( #1488 ) ) ;
#1330 =( NAMED_UNIT ( * ) SI_UNIT ( $, .STERADIAN. ) SOLID_ANGLE_UNIT ( ) );
#1331 = DIRECTION ( 'NONE',  ( 0.000000000000000000, 1.000000000000000000, 0.000000000000000000 ) ) ;
#1332 = DIRECTION ( 'NONE',  ( 0.000000000000000000, -0.000000000000000000, -1.000000000000000000 ) ) ;
#1333 =( GEOMETRIC_REPRESENTATION_CONTEXT ( 3 ) GLOBAL_UNCERTAINTY_ASSIGNED_CONTEXT ( ( #303 ) ) GLOBAL_UNIT_ASSIGNED_CONTEXT ( ( #1931, #989, #1345 ) ) REPRESENTATION_CONTEXT ( 'NONE', 'WORKASPACE' ) );
#1334 = LINE ( 'NONE', #805, #953 ) ;
#1335 = EDGE_LOOP ( 'NONE', ( #879, #1678, #2305, #2198, #1138, #1525 ) ) ;
#1336 = EDGE_CURVE ( 'NONE', #968, #1458, #372, .T. ) ;
#1337 = CARTESIAN_POINT ( 'NONE',  ( -0.3850000000000007860, -0.09999999999999992228, 0.3000000000000000444 ) ) ;
#1338 = VECTOR ( 'NONE', #981, 1000.000000000000000 ) ;
#1339 = CARTESIAN_POINT ( 'NONE',  ( -0.01500000000000006710, -0.2099999999999999367, 0.2500000000000000000 ) ) ;
#1340 = CARTESIAN_POINT ( 'NONE',  ( 0.1250000000000000000, -0.2100000000000007139, 0.3000000000000000444 ) ) ;
#1341 =( LENGTH_UNIT ( ) NAMED_UNIT ( * ) SI_UNIT ( .MILLI., .METRE. ) );
#1342 =( LENGTH_UNIT ( ) NAMED_UNIT ( * ) SI_UNIT ( .MILLI., .METRE. ) );
#1343 = VECTOR ( 'NONE', #1606, 1000.000000000000000 ) ;
#1344 = VECTOR ( 'NONE', #1143, 1000.000000000000000 ) ;
#1345 =( NAMED_UNIT ( * ) SI_UNIT ( $, .STERADIAN. ) SOLID_ANGLE_UNIT ( ) );
#1346 = ORIENTED_EDGE ( 'NONE', *, *, #2134, .F. ) ;
#1347 = DIRECTION ( 'NONE',  ( -0.000000000000000000, -1.000000000000000000, -0.000000000000000000 ) ) ;
#1348 = VECTOR ( 'NONE', #1137, 1000.000000000000000 ) ;
#1349 = SURFACE_SIDE_STYLE ('',( #809 ) ) ;
#1350 = CARTESIAN_POINT ( 'NONE',  ( 0.000000000000000000, -0.7099999999999999645, 0.000000000000000000 ) ) ;
#1351 = EDGE_CURVE ( 'NONE', #952, #2024, #2444, .T. ) ;
#1352 = ORIENTED_EDGE ( 'NONE', *, *, #1884, .F. ) ;
#1353 = LINE ( 'NONE', #836, #24 ) ;
#1354 = PRESENTATION_LAYER_ASSIGNMENT (  '', '', ( #2453 ) ) ;
#1355 = DIRECTION ( 'NONE',  ( -1.000000000000000000, 0.000000000000000000, 0.000000000000000000 ) ) ;
#1356 = EDGE_CURVE ( 'NONE', #1282, #1562, #2325, .T. ) ;
#1357 =( NAMED_UNIT ( * ) PLANE_ANGLE_UNIT ( ) SI_UNIT ( $, .RADIAN. ) );
#1358 = DIRECTION ( 'NONE',  ( 1.000000000000000000, 0.000000000000000000, 0.000000000000000000 ) ) ;
#1359 = ORIENTED_EDGE ( 'NONE', *, *, #1127, .T. ) ;
#1360 = CARTESIAN_POINT ( 'NONE',  ( 0.000000000000000000, -0.7099999999999999645, 0.000000000000000000 ) ) ;
#1361 = DIRECTION ( 'NONE',  ( -0.000000000000000000, -0.000000000000000000, -1.000000000000000000 ) ) ;
#1362 = DIRECTION ( 'NONE',  ( 0.000000000000000000, -0.000000000000000000, -1.000000000000000000 ) ) ;
#1363 = CARTESIAN_POINT ( 'NONE',  ( -0.4150000000000000910, -0.2099999999999999367, 0.3000000000000000444 ) ) ;
#1364 = VERTEX_POINT ( 'NONE', #1694 ) ;
#1365 = CARTESIAN_POINT ( 'NONE',  ( -0.5250000000000000222, 0.6999999999999998446, 0.2500000000000000000 ) ) ;
#1366 = CARTESIAN_POINT ( 'NONE',  ( -0.01499999999999926739, 0.09999999999999993616, 0.3000000000000000444 ) ) ;
#1367 = FACE_OUTER_BOUND ( 'NONE', #2127, .T. ) ;
#1368 = EDGE_CURVE ( 'NONE', #2229, #2377, #541, .T. ) ;
#1369 = DIRECTION ( 'NONE',  ( -1.000000000000000000, 0.000000000000000000, -0.000000000000000000 ) ) ;
#1370 = DIRECTION ( 'NONE',  ( 0.000000000000000000, 1.000000000000000000, 0.000000000000000000 ) ) ;
#1371 = ORIENTED_EDGE ( 'NONE', *, *, #2037, .T. ) ;
#1372 = PLANE ( 'NONE',  #1582 ) ;
#1373 = SURFACE_STYLE_FILL_AREA ( #76 ) ;
#1374 = EDGE_LOOP ( 'NONE', ( #1055, #2094, #308, #444 ) ) ;
#1375 = FILL_AREA_STYLE_COLOUR ( '', #1957 ) ;
#1376 = DIRECTION ( 'NONE',  ( 0.7071067811865475727, 0.7071067811865475727, -0.000000000000000000 ) ) ;
#1377 = VECTOR ( 'NONE', #1000, 1000.000000000000000 ) ;
#1378 = EDGE_CURVE ( 'NONE', #16, #169, #568, .T. ) ;
#1379 = DIRECTION ( 'NONE',  ( 0.000000000000000000, -1.000000000000000000, 0.000000000000000000 ) ) ;
#1380 = CIRCLE ( 'NONE', #1626, 0.1099999999999999589 ) ;
#1381 = EDGE_CURVE ( 'NONE', #77, #1982, #2297, .T. ) ;
#1382 = ORIENTED_EDGE ( 'NONE', *, *, #1993, .F. ) ;
#1383 = CARTESIAN_POINT ( 'NONE',  ( -0.1250000000000000555, -0.2100000000000006861, 0.3000000000000000444 ) ) ;
#1384 = VECTOR ( 'NONE', #2306, 1000.000000000000000 ) ;
#1385 = DIRECTION ( 'NONE',  ( -0.000000000000000000, -0.000000000000000000, -1.000000000000000000 ) ) ;
#1386 = ORIENTED_EDGE ( 'NONE', *, *, #615, .F. ) ;
#1387 = VECTOR ( 'NONE', #524, 1000.000000000000000 ) ;
#1388 = SURFACE_SIDE_STYLE ('',( #60 ) ) ;
#1389 = LINE ( 'NONE', #2338, #2327 ) ;
#1390 = AXIS2_PLACEMENT_3D ( 'NONE', #2225, #1618, #2380 ) ;
#1391 =( NAMED_UNIT ( * ) PLANE_ANGLE_UNIT ( ) SI_UNIT ( $, .RADIAN. ) );
#1392 =( GEOMETRIC_REPRESENTATION_CONTEXT ( 3 ) GLOBAL_UNCERTAINTY_ASSIGNED_CONTEXT ( ( #2217 ) ) GLOBAL_UNIT_ASSIGNED_CONTEXT ( ( #878, #2427, #467 ) ) REPRESENTATION_CONTEXT ( 'NONE', 'WORKASPACE' ) );
#1393 = DIRECTION ( 'NONE',  ( -0.000000000000000000, -0.000000000000000000, -1.000000000000000000 ) ) ;
#1394 = ORIENTED_EDGE ( 'NONE', *, *, #1305, .T. ) ;
#1395 = ADVANCED_FACE ( 'NONE', ( #1655 ), #356, .F. ) ;
#1396 = FILL_AREA_STYLE_COLOUR ( '', #1155 ) ;
#1397 = SURFACE_STYLE_USAGE ( .BOTH. , #903 ) ;
#1398 = ORIENTED_EDGE ( 'NONE', *, *, #2358, .T. ) ;
#1399 = ORIENTED_EDGE ( 'NONE', *, *, #2069, .T. ) ;
#1400 = FACE_OUTER_BOUND ( 'NONE', #480, .T. ) ;
#1401 = FILL_AREA_STYLE ('',( #663 ) ) ;
#1402 = FACE_OUTER_BOUND ( 'NONE', #182, .T. ) ;
#1403 = FILL_AREA_STYLE_COLOUR ( '', #1621 ) ;
#1404 = UNCERTAINTY_MEASURE_WITH_UNIT (LENGTH_MEASURE( 1.000000000000000082E-05 ), #173, 'distance_accuracy_value', 'NONE');
#1405 = VERTEX_POINT ( 'NONE', #2283 ) ;
#1406 = DIRECTION ( 'NONE',  ( 1.000000000000000000, 0.000000000000000000, 0.000000000000000000 ) ) ;
#1407 = CARTESIAN_POINT ( 'NONE',  ( 0.3849999999999998979, -0.2099999999999999367, 0.3000000000000000444 ) ) ;
#1408 = ORIENTED_EDGE ( 'NONE', *, *, #1278, .F. ) ;
#1409 = EDGE_CURVE ( 'NONE', #825, #406, #1903, .T. ) ;
#1410 = ORIENTED_EDGE ( 'NONE', *, *, #486, .T. ) ;
#1411 = COLOUR_RGB ( '',0.6666666666666666297, 0.6980392156862744724, 0.7686274509803920907 ) ;
#1412 = PLANE ( 'NONE',  #815 ) ;
#1413 = CARTESIAN_POINT ( 'NONE',  ( -0.5250000000000000222, 0.7099999999999999645, 0.3000000000000000444 ) ) ;
#1414 = CLOSED_SHELL ( 'NONE', ( #959, #1449, #956, #1888, #792, #93, #1576, #2017, #1615, #1724, #1695, #2290, #2218, #2347, #1321, #2054, #2115, #2335, #1747, #742, #2339, #603, #1753, #528, #807, #1913, #656, #8, #2083, #587, #1145, #1395, #643, #880, #2251, #137, #1650, #1190, #909, #2293, #1850, #1221, #2254, #1943, #2422, #824, #214, #332, #678, #1696, #507, #2412, #1056 ) ) ;
#1415 = AXIS2_PLACEMENT_3D ( 'NONE', #398, #1956, #26 ) ;
#1416 = ORIENTED_EDGE ( 'NONE', *, *, #942, .F. ) ;
#1417 = CYLINDRICAL_SURFACE ( 'NONE', #1587, 0.1099999999999999589 ) ;
#1418 = VECTOR ( 'NONE', #2391, 1000.000000000000000 ) ;
#1419 = ORIENTED_EDGE ( 'NONE', *, *, #1206, .F. ) ;
#1420 = ORIENTED_EDGE ( 'NONE', *, *, #1042, .F. ) ;
#1421 =( GEOMETRIC_REPRESENTATION_CONTEXT ( 3 ) GLOBAL_UNCERTAINTY_ASSIGNED_CONTEXT ( ( #1608 ) ) GLOBAL_UNIT_ASSIGNED_CONTEXT ( ( #2364, #510, #1034 ) ) REPRESENTATION_CONTEXT ( 'NONE', 'WORKASPACE' ) );
#1422 = SURFACE_STYLE_FILL_AREA ( #1060 ) ;
#1423 = COLOUR_RGB ( '',0.6666666666666666297, 0.6980392156862744724, 0.7686274509803920907 ) ;
#1424 = DIRECTION ( 'NONE',  ( 0.000000000000000000, 0.000000000000000000, 1.000000000000000000 ) ) ;
#1425 = PRODUCT_DEFINITION ( 'UNKNOWN', '', #1454, #1281 ) ;
#1426 = EDGE_CURVE ( 'NONE', #2164, #162, #914, .T. ) ;
#1427 = COLOUR_RGB ( '',0.6666666666666666297, 0.6980392156862744724, 0.7686274509803920907 ) ;
#1428 = CARTESIAN_POINT ( 'NONE',  ( -0.5250000000000000222, 0.6999999999999998446, 0.3000000000000000444 ) ) ;
#1429 =( GEOMETRIC_REPRESENTATION_CONTEXT ( 3 ) GLOBAL_UNCERTAINTY_ASSIGNED_CONTEXT ( ( #325 ) ) GLOBAL_UNIT_ASSIGNED_CONTEXT ( ( #2005, #122, #1267 ) ) REPRESENTATION_CONTEXT ( 'NONE', 'WORKASPACE' ) );
#1430 = UNCERTAINTY_MEASURE_WITH_UNIT (LENGTH_MEASURE( 1.000000000000000082E-05 ), #198, 'distance_accuracy_value', 'NONE');
#1431 = ORIENTED_EDGE ( 'NONE', *, *, #1810, .T. ) ;
#1432 = PRESENTATION_STYLE_ASSIGNMENT (( #131 ) ) ;
#1433 = VERTEX_POINT ( 'NONE', #256 ) ;
#1434 = ORIENTED_EDGE ( 'NONE', *, *, #1796, .F. ) ;
#1435 = CARTESIAN_POINT ( 'NONE',  ( -0.1250000000000000555, -0.6999999999999998446, 0.1730000000000000426 ) ) ;
#1436 = FACE_OUTER_BOUND ( 'NONE', #962, .T. ) ;
#1437 = PLANE ( 'NONE',  #1390 ) ;
#1438 = PLANE ( 'NONE',  #1542 ) ;
#1439 = DIRECTION ( 'NONE',  ( 0.000000000000000000, 0.000000000000000000, -1.000000000000000000 ) ) ;
#1440 = DIRECTION ( 'NONE',  ( -0.000000000000000000, -0.000000000000000000, -1.000000000000000000 ) ) ;
#1441 = EDGE_CURVE ( 'NONE', #1932, #2174, #1159, .T. ) ;
#1442 = EDGE_LOOP ( 'NONE', ( #1824, #1774, #1037, #1892 ) ) ;
#1443 = SURFACE_SIDE_STYLE ('',( #2182 ) ) ;
#1444 = LINE ( 'NONE', #549, #2114 ) ;
#1445 = DIRECTION ( 'NONE',  ( -1.000000000000000000, 0.000000000000000000, 0.000000000000000000 ) ) ;
#1446 =( LENGTH_UNIT ( ) NAMED_UNIT ( * ) SI_UNIT ( .MILLI., .METRE. ) );
#1447 = ORIENTED_EDGE ( 'NONE', *, *, #1001, .F. ) ;
#1448 = PLANE ( 'NONE',  #1007 ) ;
#1449 = ADVANCED_FACE ( 'NONE', ( #1551 ), #1979, .F. ) ;
#1450 = UNCERTAINTY_MEASURE_WITH_UNIT (LENGTH_MEASURE( 1.000000000000000082E-05 ), #114, 'distance_accuracy_value', 'NONE');
#1451 =( GEOMETRIC_REPRESENTATION_CONTEXT ( 3 ) GLOBAL_UNCERTAINTY_ASSIGNED_CONTEXT ( ( #1659 ) ) GLOBAL_UNIT_ASSIGNED_CONTEXT ( ( #1475, #2342, #431 ) ) REPRESENTATION_CONTEXT ( 'NONE', 'WORKASPACE' ) );
#1452 = PRESENTATION_LAYER_ASSIGNMENT (  '', '', ( #1948 ) ) ;
#1453 = ORIENTED_EDGE ( 'NONE', *, *, #381, .T. ) ;
#1454 = PRODUCT_DEFINITION_FORMATION_WITH_SPECIFIED_SOURCE ( 'ANY', '', #421, .NOT_KNOWN. ) ;
#1455 = PRESENTATION_LAYER_ASSIGNMENT (  '', '', ( #241 ) ) ;
#1456 = FACE_OUTER_BOUND ( 'NONE', #2296, .T. ) ;
#1457 =( NAMED_UNIT ( * ) PLANE_ANGLE_UNIT ( ) SI_UNIT ( $, .RADIAN. ) );
#1458 = VERTEX_POINT ( 'NONE', #2129 ) ;
#1459 = MECHANICAL_DESIGN_GEOMETRIC_PRESENTATION_REPRESENTATION (  '', ( #88 ), #804 ) ;
#1460 = EDGE_LOOP ( 'NONE', ( #2012, #811, #2362, #1700, #314, #1265 ) ) ;
#1461 =( NAMED_UNIT ( * ) SI_UNIT ( $, .STERADIAN. ) SOLID_ANGLE_UNIT ( ) );
#1462 = COLOUR_RGB ( '',0.6666666666666666297, 0.6980392156862744724, 0.7686274509803920907 ) ;
#1463 = CARTESIAN_POINT ( 'NONE',  ( -0.5250000000000000222, -0.6999999999999998446, 0.3000000000000000444 ) ) ;
#1464 = FILL_AREA_STYLE_COLOUR ( '', #207 ) ;
#1465 = STYLED_ITEM ( 'NONE', ( #113 ), #1221 ) ;
#1466 = STYLED_ITEM ( 'NONE', ( #1432 ), #1650 ) ;
#1467 = VERTEX_POINT ( 'NONE', #785 ) ;
#1468 = SURFACE_SIDE_STYLE ('',( #2020 ) ) ;
#1469 =( GEOMETRIC_REPRESENTATION_CONTEXT ( 3 ) GLOBAL_UNCERTAINTY_ASSIGNED_CONTEXT ( ( #1306 ) ) GLOBAL_UNIT_ASSIGNED_CONTEXT ( ( #1708, #1856, #373 ) ) REPRESENTATION_CONTEXT ( 'NONE', 'WORKASPACE' ) );
#1470 = DIRECTION ( 'NONE',  ( 1.000000000000000000, 0.000000000000000000, 0.000000000000000000 ) ) ;
#1471 = ORIENTED_EDGE ( 'NONE', *, *, #1711, .F. ) ;
#1472 = ORIENTED_EDGE ( 'NONE', *, *, #1441, .T. ) ;
#1473 = EDGE_CURVE ( 'NONE', #1932, #1829, #1527, .T. ) ;
#1474 =( LENGTH_UNIT ( ) NAMED_UNIT ( * ) SI_UNIT ( .MILLI., .METRE. ) );
#1475 =( LENGTH_UNIT ( ) NAMED_UNIT ( * ) SI_UNIT ( .MILLI., .METRE. ) );
#1476 =( LENGTH_UNIT ( ) NAMED_UNIT ( * ) SI_UNIT ( .MILLI., .METRE. ) );
#1477 = CARTESIAN_POINT ( 'NONE',  ( -0.2750000000000000222, 0.7099999999999999645, 0.1730000000000000426 ) ) ;
#1478 = UNCERTAINTY_MEASURE_WITH_UNIT (LENGTH_MEASURE( 1.000000000000000082E-05 ), #1208, 'distance_accuracy_value', 'NONE');
#1479 = EDGE_LOOP ( 'NONE', ( #492, #1324, #1613, #1241 ) ) ;
#1480 = FILL_AREA_STYLE ('',( #1652 ) ) ;
#1481 = LINE ( 'NONE', #1117, #2331 ) ;
#1482 = SURFACE_STYLE_FILL_AREA ( #2458 ) ;
#1483 = ORIENTED_EDGE ( 'NONE', *, *, #1245, .T. ) ;
#1484 = CARTESIAN_POINT ( 'NONE',  ( -0.5250000000000000222, -0.2100000000000006861, 0.3000000000000000444 ) ) ;
#1485 = FACE_OUTER_BOUND ( 'NONE', #2181, .T. ) ;
#1486 = EDGE_CURVE ( 'NONE', #709, #118, #45, .T. ) ;
#1487 = FILL_AREA_STYLE ('',( #2317 ) ) ;
#1488 = SURFACE_STYLE_FILL_AREA ( #1906 ) ;
#1489 = CARTESIAN_POINT ( 'NONE',  ( 0.01499999999999921015, 0.09999999999999993616, 0.2500000000000000000 ) ) ;
#1490 = EDGE_CURVE ( 'NONE', #95, #865, #1570, .T. ) ;
#1491 = VECTOR ( 'NONE', #2428, 1000.000000000000000 ) ;
#1492 = DIRECTION ( 'NONE',  ( -0.000000000000000000, -0.000000000000000000, -1.000000000000000000 ) ) ;
#1493 = ORIENTED_EDGE ( 'NONE', *, *, #1001, .T. ) ;
#1494 = VECTOR ( 'NONE', #1370, 1000.000000000000000 ) ;
#1495 = DIRECTION ( 'NONE',  ( 0.000000000000000000, 0.000000000000000000, 1.000000000000000000 ) ) ;
#1496 = AXIS2_PLACEMENT_3D ( 'NONE', #2410, #1424, #2041 ) ;
#1497 = AXIS2_PLACEMENT_3D ( 'NONE', #829, #1204, #1332 ) ;
#1498 = CARTESIAN_POINT ( 'NONE',  ( 0.5250000000000000222, -0.2100000000000007139, 0.2500000000000000000 ) ) ;
#1499 = ORIENTED_EDGE ( 'NONE', *, *, #1097, .T. ) ;
#1500 = CARTESIAN_POINT ( 'NONE',  ( 0.01499999999999921015, 0.09999999999999993616, 0.3000000000000000444 ) ) ;
#1501 = CARTESIAN_POINT ( 'NONE',  ( -0.01500000000000006710, -0.2099999999999999367, 0.3000000000000000444 ) ) ;
#1502 = SURFACE_SIDE_STYLE ('',( #579 ) ) ;
#1503 =( GEOMETRIC_REPRESENTATION_CONTEXT ( 3 ) GLOBAL_UNCERTAINTY_ASSIGNED_CONTEXT ( ( #1840 ) ) GLOBAL_UNIT_ASSIGNED_CONTEXT ( ( #835, #2200, #1025 ) ) REPRESENTATION_CONTEXT ( 'NONE', 'WORKASPACE' ) );
#1504 = CARTESIAN_POINT ( 'NONE',  ( 0.1250000000000000000, 0.6999999999999998446, 0.3000000000000000444 ) ) ;
#1505 = VECTOR ( 'NONE', #1280, 1000.000000000000000 ) ;
#1506 = LINE ( 'NONE', #1520, #1669 ) ;
#1507 = EDGE_CURVE ( 'NONE', #188, #2336, #2079, .T. ) ;
#1508 = VECTOR ( 'NONE', #156, 1000.000000000000000 ) ;
#1509 = UNCERTAINTY_MEASURE_WITH_UNIT (LENGTH_MEASURE( 1.000000000000000082E-05 ), #1999, 'distance_accuracy_value', 'NONE');
#1510 = COLOUR_RGB ( '',0.6666666666666666297, 0.6980392156862744724, 0.7686274509803920907 ) ;
#1511 = VERTEX_POINT ( 'NONE', #2333 ) ;
#1512 = PLANE ( 'NONE',  #329 ) ;
#1513 = STYLED_ITEM ( 'NONE', ( #61 ), #2083 ) ;
#1514 = LINE ( 'NONE', #911, #1887 ) ;
#1515 = SURFACE_SIDE_STYLE ('',( #1726 ) ) ;
#1516 = ORIENTED_EDGE ( 'NONE', *, *, #31, .F. ) ;
#1517 = DIRECTION ( 'NONE',  ( 1.000000000000000000, 0.000000000000000000, 0.000000000000000000 ) ) ;
#1518 = DIRECTION ( 'NONE',  ( 1.000000000000000000, 0.000000000000000000, 0.000000000000000000 ) ) ;
#1519 = PRESENTATION_LAYER_ASSIGNMENT (  '', '', ( #338 ) ) ;
#1520 = CARTESIAN_POINT ( 'NONE',  ( 0.3850000000000007305, -0.09999999999999993616, 0.2500000000000000000 ) ) ;
#1521 = FILL_AREA_STYLE_COLOUR ( '', #2201 ) ;
#1522 = EDGE_CURVE ( 'NONE', #937, #456, #611, .T. ) ;
#1523 = PRODUCT_DEFINITION_SHAPE ( 'NONE', 'NONE',  #1425 ) ;
#1524 =( LENGTH_UNIT ( ) NAMED_UNIT ( * ) SI_UNIT ( .MILLI., .METRE. ) );
#1525 = ORIENTED_EDGE ( 'NONE', *, *, #1246, .F. ) ;
#1526 = DIRECTION ( 'NONE',  ( -0.000000000000000000, -0.000000000000000000, -1.000000000000000000 ) ) ;
#1527 = LINE ( 'NONE', #600, #1384 ) ;
#1528 = DIRECTION ( 'NONE',  ( 0.000000000000000000, 0.000000000000000000, -1.000000000000000000 ) ) ;
#1529 = LINE ( 'NONE', #1915, #995 ) ;
#1530 = CARTESIAN_POINT ( 'NONE',  ( -0.7250000000000005329, -0.7000000000000000666, 0.2500000000000000000 ) ) ;
#1531 = DIRECTION ( 'NONE',  ( 0.000000000000000000, 1.000000000000000000, 0.000000000000000000 ) ) ;
#1532 = AXIS2_PLACEMENT_3D ( 'NONE', #609, #443, #1358 ) ;
#1533 = PLANE ( 'NONE',  #155 ) ;
#1534 = ORIENTED_EDGE ( 'NONE', *, *, #486, .F. ) ;
#1535 = FILL_AREA_STYLE_COLOUR ( '', #759 ) ;
#1536 = EDGE_CURVE ( 'NONE', #2330, #1684, #2112, .T. ) ;
#1537 = CARTESIAN_POINT ( 'NONE',  ( 0.000000000000000000, 0.000000000000000000, 0.2500000000000000000 ) ) ;
#1538 = DIRECTION ( 'NONE',  ( 1.000000000000000000, 0.000000000000000000, -0.000000000000000000 ) ) ;
#1539 = DIRECTION ( 'NONE',  ( 0.000000000000000000, 0.000000000000000000, 1.000000000000000000 ) ) ;
#1540 = ORIENTED_EDGE ( 'NONE', *, *, #555, .F. ) ;
#1541 = CARTESIAN_POINT ( 'NONE',  ( -0.7250000000000005329, 0.6999999999999998446, -0.2500000000000000000 ) ) ;
#1542 = AXIS2_PLACEMENT_3D ( 'NONE', #890, #313, #2172 ) ;
#1543 = VECTOR ( 'NONE', #2324, 1000.000000000000000 ) ;
#1544 = VECTOR ( 'NONE', #1178, 1000.000000000000000 ) ;
#1545 =( NAMED_UNIT ( * ) SI_UNIT ( $, .STERADIAN. ) SOLID_ANGLE_UNIT ( ) );
#1546 =( NAMED_UNIT ( * ) PLANE_ANGLE_UNIT ( ) SI_UNIT ( $, .RADIAN. ) );
#1547 = AXIS2_PLACEMENT_3D ( 'NONE', #1574, #287, #1795 ) ;
#1548 = ORIENTED_EDGE ( 'NONE', *, *, #1635, .F. ) ;
#1549 = CARTESIAN_POINT ( 'NONE',  ( 0.7249999999999994227, 0.6999999999999998446, -0.2500000000000000000 ) ) ;
#1550 = VECTOR ( 'NONE', #1212, 1000.000000000000000 ) ;
#1551 = FACE_OUTER_BOUND ( 'NONE', #331, .T. ) ;
#1552 =( LENGTH_UNIT ( ) NAMED_UNIT ( * ) SI_UNIT ( .MILLI., .METRE. ) );
#1553 = EDGE_CURVE ( 'NONE', #258, #2405, #1934, .T. ) ;
#1554 =( GEOMETRIC_REPRESENTATION_CONTEXT ( 3 ) GLOBAL_UNCERTAINTY_ASSIGNED_CONTEXT ( ( #127 ) ) GLOBAL_UNIT_ASSIGNED_CONTEXT ( ( #1326, #267, #1583 ) ) REPRESENTATION_CONTEXT ( 'NONE', 'WORKASPACE' ) );
#1555 = ORIENTED_EDGE ( 'NONE', *, *, #862, .T. ) ;
#1556 = DIRECTION ( 'NONE',  ( -0.000000000000000000, -0.000000000000000000, 1.000000000000000000 ) ) ;
#1557 = LINE ( 'NONE', #1588, #1543 ) ;
#1558 = STYLED_ITEM ( 'NONE', ( #391 ), #2412 ) ;
#1559 = CARTESIAN_POINT ( 'NONE',  ( -0.7250000000000005329, 0.6999999999999998446, 0.2500000000000000000 ) ) ;
#1560 = DIRECTION ( 'NONE',  ( 1.000000000000000000, 0.000000000000000000, 0.000000000000000000 ) ) ;
#1561 = DIRECTION ( 'NONE',  ( 1.000000000000000000, 0.000000000000000000, 0.000000000000000000 ) ) ;
#1562 = VERTEX_POINT ( 'NONE', #1383 ) ;
#1563 = LINE ( 'NONE', #1966, #595 ) ;
#1564 = ORIENTED_EDGE ( 'NONE', *, *, #1368, .T. ) ;
#1565 = EDGE_CURVE ( 'NONE', #674, #2229, #1949, .T. ) ;
#1566 = FILL_AREA_STYLE_COLOUR ( '', #969 ) ;
#1567 =( NAMED_UNIT ( * ) PLANE_ANGLE_UNIT ( ) SI_UNIT ( $, .RADIAN. ) );
#1568 =( NAMED_UNIT ( * ) PLANE_ANGLE_UNIT ( ) SI_UNIT ( $, .RADIAN. ) );
#1569 = VERTEX_POINT ( 'NONE', #1194 ) ;
#1570 = LINE ( 'NONE', #2351, #921 ) ;
#1571 = VECTOR ( 'NONE', #64, 1000.000000000000000 ) ;
#1572 =( NAMED_UNIT ( * ) SI_UNIT ( $, .STERADIAN. ) SOLID_ANGLE_UNIT ( ) );
#1573 = COLOUR_RGB ( '',0.6666666666666666297, 0.6980392156862744724, 0.7686274509803920907 ) ;
#1574 = CARTESIAN_POINT ( 'NONE',  ( 0.4150000000000000910, -0.2099999999999999367, 0.3000000000000000444 ) ) ;
#1575 = AXIS2_PLACEMENT_3D ( 'NONE', #1363, #2307, #590 ) ;
#1576 = ADVANCED_FACE ( 'NONE', ( #2318 ), #1372, .F. ) ;
#1577 = LINE ( 'NONE', #274, #755 ) ;
#1578 = VECTOR ( 'NONE', #2090, 1000.000000000000000 ) ;
#1579 = STYLED_ITEM ( 'NONE', ( #1765 ), #1190 ) ;
#1580 = VERTEX_POINT ( 'NONE', #1969 ) ;
#1581 = CARTESIAN_POINT ( 'NONE',  ( -0.1250000000000000555, 0.7099999999999999645, 0.1730000000000000426 ) ) ;
#1582 = AXIS2_PLACEMENT_3D ( 'NONE', #1925, #2153, #446 ) ;
#1583 =( NAMED_UNIT ( * ) SI_UNIT ( $, .STERADIAN. ) SOLID_ANGLE_UNIT ( ) );
#1584 = ORIENTED_EDGE ( 'NONE', *, *, #2095, .F. ) ;
#1585 = VERTEX_POINT ( 'NONE', #1013 ) ;
#1586 = CARTESIAN_POINT ( 'NONE',  ( -0.01499999999999926739, 0.09999999999999993616, 0.2500000000000000000 ) ) ;
#1587 = AXIS2_PLACEMENT_3D ( 'NONE', #2220, #1217, #1826 ) ;
#1588 = CARTESIAN_POINT ( 'NONE',  ( 0.2749999999999999667, -0.6999999999999998446, 0.1730000000000000426 ) ) ;
#1589 = SURFACE_STYLE_FILL_AREA ( #1739 ) ;
#1590 =( GEOMETRIC_REPRESENTATION_CONTEXT ( 3 ) GLOBAL_UNCERTAINTY_ASSIGNED_CONTEXT ( ( #668 ) ) GLOBAL_UNIT_ASSIGNED_CONTEXT ( ( #2413, #1244, #1099 ) ) REPRESENTATION_CONTEXT ( 'NONE', 'WORKASPACE' ) );
#1591 = MECHANICAL_DESIGN_GEOMETRIC_PRESENTATION_REPRESENTATION (  '', ( #1885 ), #2245 ) ;
#1592 = FACE_OUTER_BOUND ( 'NONE', #1219, .T. ) ;
#1593 = COLOUR_RGB ( '',0.6666666666666666297, 0.6980392156862744724, 0.7686274509803920907 ) ;
#1594 = CARTESIAN_POINT ( 'NONE',  ( 0.000000000000000000, 0.7099999999999999645, 0.000000000000000000 ) ) ;
#1595 = EDGE_CURVE ( 'NONE', #927, #1286, #843, .T. ) ;
#1596 = ORIENTED_EDGE ( 'NONE', *, *, #1522, .F. ) ;
#1597 = FILL_AREA_STYLE ('',( #1396 ) ) ;
#1598 = CYLINDRICAL_SURFACE ( 'NONE', #2046, 0.1099999999999999589 ) ;
#1599 = ORIENTED_EDGE ( 'NONE', *, *, #1291, .F. ) ;
#1600 = ORIENTED_EDGE ( 'NONE', *, *, #1054, .F. ) ;
#1601 = SURFACE_STYLE_USAGE ( .BOTH. , #471 ) ;
#1602 = APPLICATION_CONTEXT ( 'automotive_design' ) ;
#1603 = DIRECTION ( 'NONE',  ( -1.000000000000000000, 0.000000000000000000, -0.000000000000000000 ) ) ;
#1604 = CARTESIAN_POINT ( 'NONE',  ( -0.2750000000000000222, 0.09999999999999993616, 0.2500000000000000000 ) ) ;
#1605 = PRESENTATION_STYLE_ASSIGNMENT (( #1757 ) ) ;
#1606 = DIRECTION ( 'NONE',  ( -1.000000000000000000, -0.000000000000000000, -0.000000000000000000 ) ) ;
#1607 = SURFACE_STYLE_FILL_AREA ( #2161 ) ;
#1608 = UNCERTAINTY_MEASURE_WITH_UNIT (LENGTH_MEASURE( 1.000000000000000082E-05 ), #2364, 'distance_accuracy_value', 'NONE');
#1609 = ORIENTED_EDGE ( 'NONE', *, *, #837, .T. ) ;
#1610 = EDGE_CURVE ( 'NONE', #1286, #941, #2401, .T. ) ;
#1611 =( NAMED_UNIT ( * ) SI_UNIT ( $, .STERADIAN. ) SOLID_ANGLE_UNIT ( ) );
#1612 = DIRECTION ( 'NONE',  ( 0.000000000000000000, 0.000000000000000000, 1.000000000000000000 ) ) ;
#1613 = ORIENTED_EDGE ( 'NONE', *, *, #1565, .F. ) ;
#1614 = VERTEX_POINT ( 'NONE', #305 ) ;
#1615 = ADVANCED_FACE ( 'NONE', ( #316 ), #863, .F. ) ;
#1616 = PRESENTATION_LAYER_ASSIGNMENT (  '', '', ( #477 ) ) ;
#1617 = LINE ( 'NONE', #2015, #449 ) ;
#1618 = DIRECTION ( 'NONE',  ( 0.000000000000000000, 0.000000000000000000, 1.000000000000000000 ) ) ;
#1619 = PRESENTATION_LAYER_ASSIGNMENT (  '', '', ( #2027 ) ) ;
#1620 = CARTESIAN_POINT ( 'NONE',  ( 0.5250000000000000222, 0.7099999999999999645, 0.3000000000000000444 ) ) ;
#1621 = COLOUR_RGB ( '',0.6666666666666666297, 0.6980392156862744724, 0.7686274509803920907 ) ;
#1622 = SURFACE_SIDE_STYLE ('',( #534 ) ) ;
#1623 =( GEOMETRIC_REPRESENTATION_CONTEXT ( 3 ) GLOBAL_UNCERTAINTY_ASSIGNED_CONTEXT ( ( #2454 ) ) GLOBAL_UNIT_ASSIGNED_CONTEXT ( ( #1446, #4, #2050 ) ) REPRESENTATION_CONTEXT ( 'NONE', 'WORKASPACE' ) );
#1624 =( GEOMETRIC_REPRESENTATION_CONTEXT ( 3 ) GLOBAL_UNCERTAINTY_ASSIGNED_CONTEXT ( ( #1863 ) ) GLOBAL_UNIT_ASSIGNED_CONTEXT ( ( #984, #973, #245 ) ) REPRESENTATION_CONTEXT ( 'NONE', 'WORKASPACE' ) );
#1625 = ORIENTED_EDGE ( 'NONE', *, *, #315, .F. ) ;
#1626 = AXIS2_PLACEMENT_3D ( 'NONE', #1109, #1880, #570 ) ;
#1627 = DIRECTION ( 'NONE',  ( 0.000000000000000000, 1.000000000000000000, 0.000000000000000000 ) ) ;
#1628 = PRESENTATION_LAYER_ASSIGNMENT (  '', '', ( #1579 ) ) ;
#1629 = EDGE_LOOP ( 'NONE', ( #2366, #268, #1210, #2, #1471, #1058 ) ) ;
#1630 = EDGE_LOOP ( 'NONE', ( #116, #225, #1809, #2036 ) ) ;
#1631 = PRESENTATION_STYLE_ASSIGNMENT (( #1601 ) ) ;
#1632 =( GEOMETRIC_REPRESENTATION_CONTEXT ( 3 ) GLOBAL_UNCERTAINTY_ASSIGNED_CONTEXT ( ( #347 ) ) GLOBAL_UNIT_ASSIGNED_CONTEXT ( ( #740, #396, #1461 ) ) REPRESENTATION_CONTEXT ( 'NONE', 'WORKASPACE' ) );
#1633 = LINE ( 'NONE', #2407, #1783 ) ;
#1634 = CARTESIAN_POINT ( 'NONE',  ( -0.5250000000000000222, -0.6999999999999998446, 0.2500000000000000000 ) ) ;
#1635 = EDGE_CURVE ( 'NONE', #258, #937, #1985, .T. ) ;
#1636 =( NAMED_UNIT ( * ) SI_UNIT ( $, .STERADIAN. ) SOLID_ANGLE_UNIT ( ) );
#1637 = PRESENTATION_LAYER_ASSIGNMENT (  '', '', ( #567 ) ) ;
#1638 = CARTESIAN_POINT ( 'NONE',  ( -0.2750000000000000222, 0.6999999999999998446, 0.2500000000000000000 ) ) ;
#1639 = CARTESIAN_POINT ( 'NONE',  ( 0.5250000000000000222, 0.7099999999999999645, 0.3000000000000000444 ) ) ;
#1640 = MECHANICAL_DESIGN_GEOMETRIC_PRESENTATION_REPRESENTATION (  '', ( #417 ), #1554 ) ;
#1641 = UNCERTAINTY_MEASURE_WITH_UNIT (LENGTH_MEASURE( 1.000000000000000082E-05 ), #422, 'distance_accuracy_value', 'NONE');
#1642 = ORIENTED_EDGE ( 'NONE', *, *, #180, .T. ) ;
#1643 = CARTESIAN_POINT ( 'NONE',  ( -0.5250000000000000222, 0.1999999999999999278, 0.2500000000000000000 ) ) ;
#1644 = ORIENTED_EDGE ( 'NONE', *, *, #197, .T. ) ;
#1645 = ORIENTED_EDGE ( 'NONE', *, *, #617, .T. ) ;
#1646 = SURFACE_STYLE_FILL_AREA ( #1686 ) ;
#1647 = EDGE_CURVE ( 'NONE', #133, #1228, #647, .T. ) ;
#1648 = DIRECTION ( 'NONE',  ( -0.000000000000000000, -0.000000000000000000, -1.000000000000000000 ) ) ;
#1649 = FACE_OUTER_BOUND ( 'NONE', #319, .T. ) ;
#1650 = ADVANCED_FACE ( 'NONE', ( #1811 ), #1417, .T. ) ;
#1651 = ORIENTED_EDGE ( 'NONE', *, *, #1071, .F. ) ;
#1652 = FILL_AREA_STYLE_COLOUR ( '', #2157 ) ;
#1653 = CARTESIAN_POINT ( 'NONE',  ( 0.5250000000000000222, -0.2100000000000007139, 0.3000000000000000444 ) ) ;
#1654 = ORIENTED_EDGE ( 'NONE', *, *, #2302, .F. ) ;
#1655 = FACE_OUTER_BOUND ( 'NONE', #342, .T. ) ;
#1656 = LINE ( 'NONE', #1463, #687 ) ;
#1657 = DIRECTION ( 'NONE',  ( -1.000000000000000000, -0.000000000000000000, -0.000000000000000000 ) ) ;
#1658 = PRESENTATION_LAYER_ASSIGNMENT (  '', '', ( #1862 ) ) ;
#1659 = UNCERTAINTY_MEASURE_WITH_UNIT (LENGTH_MEASURE( 1.000000000000000082E-05 ), #1475, 'distance_accuracy_value', 'NONE');
#1660 = EDGE_CURVE ( 'NONE', #855, #661, #2416, .T. ) ;
#1661 = AXIS2_PLACEMENT_3D ( 'NONE', #74, #457, #1207 ) ;
#1662 = ORIENTED_EDGE ( 'NONE', *, *, #442, .T. ) ;
#1663 =( NAMED_UNIT ( * ) PLANE_ANGLE_UNIT ( ) SI_UNIT ( $, .RADIAN. ) );
#1664 =( NAMED_UNIT ( * ) PLANE_ANGLE_UNIT ( ) SI_UNIT ( $, .RADIAN. ) );
#1665 = DIRECTION ( 'NONE',  ( -0.000000000000000000, -0.000000000000000000, 1.000000000000000000 ) ) ;
#1666 = MECHANICAL_DESIGN_GEOMETRIC_PRESENTATION_REPRESENTATION (  '', ( #917 ), #1959 ) ;
#1667 = ORIENTED_EDGE ( 'NONE', *, *, #438, .T. ) ;
#1668 = CARTESIAN_POINT ( 'NONE',  ( 0.1250000000000000000, 0.7099999999999999645, 0.1730000000000000426 ) ) ;
#1669 = VECTOR ( 'NONE', #213, 1000.000000000000000 ) ;
#1670 = SURFACE_STYLE_FILL_AREA ( #2102 ) ;
#1671 = FACE_OUTER_BOUND ( 'NONE', #2060, .T. ) ;
#1672 = STYLED_ITEM ( 'NONE', ( #2165 ), #1576 ) ;
#1673 = SURFACE_STYLE_USAGE ( .BOTH. , #1329 ) ;
#1674 = CARTESIAN_POINT ( 'NONE',  ( 0.2749999999999999667, 0.6999999999999998446, 0.1730000000000000426 ) ) ;
#1675 =( GEOMETRIC_REPRESENTATION_CONTEXT ( 3 ) GLOBAL_UNCERTAINTY_ASSIGNED_CONTEXT ( ( #547 ) ) GLOBAL_UNIT_ASSIGNED_CONTEXT ( ( #2441, #724, #2249 ) ) REPRESENTATION_CONTEXT ( 'NONE', 'WORKASPACE' ) );
#1676 =( GEOMETRIC_REPRESENTATION_CONTEXT ( 3 ) GLOBAL_UNCERTAINTY_ASSIGNED_CONTEXT ( ( #2276 ) ) GLOBAL_UNIT_ASSIGNED_CONTEXT ( ( #2135, #1756, #1572 ) ) REPRESENTATION_CONTEXT ( 'NONE', 'WORKASPACE' ) );
#1677 = PRESENTATION_LAYER_ASSIGNMENT (  '', '', ( #1120 ) ) ;
#1678 = ORIENTED_EDGE ( 'NONE', *, *, #1486, .F. ) ;
#1679 = DIRECTION ( 'NONE',  ( -1.000000000000000000, 0.000000000000000000, 0.000000000000000000 ) ) ;
#1680 = EDGE_CURVE ( 'NONE', #621, #1216, #1786, .T. ) ;
#1681 = COLOUR_RGB ( '',0.6666666666666666297, 0.6980392156862744724, 0.7686274509803920907 ) ;
#1682 = CARTESIAN_POINT ( 'NONE',  ( -0.1250000000000000555, -0.7099999999999999645, 0.1730000000000000426 ) ) ;
#1683 = FACE_OUTER_BOUND ( 'NONE', #1802, .T. ) ;
#1684 = VERTEX_POINT ( 'NONE', #1853 ) ;
#1685 = FACE_OUTER_BOUND ( 'NONE', #1131, .T. ) ;
#1686 = FILL_AREA_STYLE ('',( #1464 ) ) ;
#1687 = DIRECTION ( 'NONE',  ( -0.000000000000000000, -1.000000000000000000, -0.000000000000000000 ) ) ;
#1688 = ORIENTED_EDGE ( 'NONE', *, *, #2037, .F. ) ;
#1689 = CARTESIAN_POINT ( 'NONE',  ( 0.000000000000000000, 0.000000000000000000, 0.3000000000000000444 ) ) ;
#1690 = CARTESIAN_POINT ( 'NONE',  ( 0.1250000000000000000, -0.6999999999999998446, 0.2500000000000000000 ) ) ;
#1691 = DIRECTION ( 'NONE',  ( 0.000000000000000000, -0.000000000000000000, -1.000000000000000000 ) ) ;
#1692 = ORIENTED_EDGE ( 'NONE', *, *, #2302, .T. ) ;
#1693 = VERTEX_POINT ( 'NONE', #144 ) ;
#1694 = CARTESIAN_POINT ( 'NONE',  ( 0.1250000000000000000, -0.6999999999999998446, 0.2500000000000000000 ) ) ;
#1695 = ADVANCED_FACE ( 'NONE', ( #2426 ), #1512, .T. ) ;
#1696 = ADVANCED_FACE ( 'NONE', ( #1274 ), #2048, .T. ) ;
#1697 = CARTESIAN_POINT ( 'NONE',  ( 0.000000000000000000, -0.7099999999999999645, 0.000000000000000000 ) ) ;
#1698 =( NAMED_UNIT ( * ) PLANE_ANGLE_UNIT ( ) SI_UNIT ( $, .RADIAN. ) );
#1699 = FACE_OUTER_BOUND ( 'NONE', #1630, .T. ) ;
#1700 = ORIENTED_EDGE ( 'NONE', *, *, #12, .F. ) ;
#1701 = FILL_AREA_STYLE_COLOUR ( '', #1411 ) ;
#1702 = SURFACE_STYLE_USAGE ( .BOTH. , #949 ) ;
#1703 = VECTOR ( 'NONE', #1167, 1000.000000000000000 ) ;
#1704 = CARTESIAN_POINT ( 'NONE',  ( 0.3850000000000007305, 0.09999999999999993616, 0.3000000000000000444 ) ) ;
#1705 = ORIENTED_EDGE ( 'NONE', *, *, #1647, .F. ) ;
#1706 = SURFACE_SIDE_STYLE ('',( #394 ) ) ;
#1707 = SURFACE_SIDE_STYLE ('',( #954 ) ) ;
#1708 =( LENGTH_UNIT ( ) NAMED_UNIT ( * ) SI_UNIT ( .MILLI., .METRE. ) );
#1709 = PRESENTATION_LAYER_ASSIGNMENT (  '', '', ( #55 ) ) ;
#1710 = SURFACE_SIDE_STYLE ('',( #260 ) ) ;
#1711 = EDGE_CURVE ( 'NONE', #16, #856, #2262, .T. ) ;
#1712 = DIRECTION ( 'NONE',  ( -0.000000000000000000, -0.000000000000000000, 1.000000000000000000 ) ) ;
#1713 = AXIS2_PLACEMENT_3D ( 'NONE', #974, #1723, #639 ) ;
#1714 = VECTOR ( 'NONE', #2140, 1000.000000000000000 ) ;
#1715 = EDGE_LOOP ( 'NONE', ( #448, #548, #1408, #1205 ) ) ;
#1716 = CARTESIAN_POINT ( 'NONE',  ( -0.01499999999999926739, 0.09999999999999993616, 0.3000000000000000444 ) ) ;
#1717 = EDGE_LOOP ( 'NONE', ( #2387, #1250, #327, #1564 ) ) ;
#1718 = CARTESIAN_POINT ( 'NONE',  ( -0.7250000000000005329, -0.7000000000000000666, 0.2500000000000000000 ) ) ;
#1719 = AXIS2_PLACEMENT_3D ( 'NONE', #172, #930, #1721 ) ;
#1720 = FILL_AREA_STYLE ('',( #1002 ) ) ;
#1721 = DIRECTION ( 'NONE',  ( -1.000000000000000000, 0.000000000000000000, 0.000000000000000000 ) ) ;
#1722 = CARTESIAN_POINT ( 'NONE',  ( 0.2749999999999999667, 0.2100000000000007139, 0.3000000000000000444 ) ) ;
#1723 = DIRECTION ( 'NONE',  ( 0.000000000000000000, 0.000000000000000000, 1.000000000000000000 ) ) ;
#1724 = ADVANCED_FACE ( 'NONE', ( #1456 ), #1866, .F. ) ;
#1725 = PRODUCT_CONTEXT ( 'NONE', #623, 'mechanical' ) ;
#1726 = SURFACE_STYLE_FILL_AREA ( #2126 ) ;
#1727 = ORIENTED_EDGE ( 'NONE', *, *, #558, .T. ) ;
#1728 = LINE ( 'NONE', #1179, #1081 ) ;
#1729 =( LENGTH_UNIT ( ) NAMED_UNIT ( * ) SI_UNIT ( .MILLI., .METRE. ) );
#1730 =( LENGTH_UNIT ( ) NAMED_UNIT ( * ) SI_UNIT ( .MILLI., .METRE. ) );
#1731 = EDGE_CURVE ( 'NONE', #1922, #2085, #2105, .T. ) ;
#1732 = PRESENTATION_LAYER_ASSIGNMENT (  '', '', ( #355 ) ) ;
#1733 = CARTESIAN_POINT ( 'NONE',  ( 0.000000000000000000, 0.000000000000000000, -0.2500000000000000000 ) ) ;
#1734 = ORIENTED_EDGE ( 'NONE', *, *, #2374, .T. ) ;
#1735 = VECTOR ( 'NONE', #1254, 1000.000000000000000 ) ;
#1736 = PLANE ( 'NONE',  #2411 ) ;
#1737 = ORIENTED_EDGE ( 'NONE', *, *, #778, .F. ) ;
#1738 = CARTESIAN_POINT ( 'NONE',  ( -0.1250000000000000555, 0.6999999999999998446, 0.3000000000000000444 ) ) ;
#1739 = FILL_AREA_STYLE ('',( #2143 ) ) ;
#1740 = VECTOR ( 'NONE', #22, 1000.000000000000000 ) ;
#1741 = DIRECTION ( 'NONE',  ( 1.000000000000000000, 0.000000000000000000, 0.000000000000000000 ) ) ;
#1742 = AXIS2_PLACEMENT_3D ( 'NONE', #2052, #2064, #1873 ) ;
#1743 = SURFACE_STYLE_USAGE ( .BOTH. , #531 ) ;
#1744 = VECTOR ( 'NONE', #717, 1000.000000000000000 ) ;
#1745 = PRESENTATION_STYLE_ASSIGNMENT (( #1156 ) ) ;
#1746 = ORIENTED_EDGE ( 'NONE', *, *, #1071, .T. ) ;
#1747 = ADVANCED_FACE ( 'NONE', ( #1592 ), #1041, .T. ) ;
#1748 = SURFACE_STYLE_USAGE ( .BOTH. , #2067 ) ;
#1749 = AXIS2_PLACEMENT_3D ( 'NONE', #2421, #707, #488 ) ;
#1750 = CARTESIAN_POINT ( 'NONE',  ( 0.1250000000000000000, -0.2100000000000007139, 0.3000000000000000444 ) ) ;
#1751 =( LENGTH_UNIT ( ) NAMED_UNIT ( * ) SI_UNIT ( .MILLI., .METRE. ) );
#1752 = ORIENTED_EDGE ( 'NONE', *, *, #272, .F. ) ;
#1753 = ADVANCED_FACE ( 'NONE', ( #782 ), #1994, .T. ) ;
#1754 = FACE_OUTER_BOUND ( 'NONE', #728, .T. ) ;
#1755 = CARTESIAN_POINT ( 'NONE',  ( 0.3850000000000007305, -0.09999999999999993616, 0.3000000000000000444 ) ) ;
#1756 =( NAMED_UNIT ( * ) PLANE_ANGLE_UNIT ( ) SI_UNIT ( $, .RADIAN. ) );
#1757 = SURFACE_STYLE_USAGE ( .BOTH. , #1018 ) ;
#1758 = DIRECTION ( 'NONE',  ( -1.000000000000000000, -0.000000000000000000, -0.000000000000000000 ) ) ;
#1759 = EDGE_LOOP ( 'NONE', ( #1100, #1398, #1645, #990, #2446, #179 ) ) ;
#1760 = PRESENTATION_STYLE_ASSIGNMENT (( #255 ) ) ;
#1761 = DIRECTION ( 'NONE',  ( -1.000000000000000000, 0.000000000000000000, -0.000000000000000000 ) ) ;
#1762 =( NAMED_UNIT ( * ) SI_UNIT ( $, .STERADIAN. ) SOLID_ANGLE_UNIT ( ) );
#1763 = ORIENTED_EDGE ( 'NONE', *, *, #942, .T. ) ;
#1764 = DIRECTION ( 'NONE',  ( -0.000000000000000000, -0.000000000000000000, -1.000000000000000000 ) ) ;
#1765 = PRESENTATION_STYLE_ASSIGNMENT (( #226 ) ) ;
#1766 = CARTESIAN_POINT ( 'NONE',  ( -0.2750000000000000222, -0.6999999999999998446, 0.2500000000000000000 ) ) ;
#1767 = EDGE_CURVE ( 'NONE', #118, #577, #490, .T. ) ;
#1768 = CARTESIAN_POINT ( 'NONE',  ( -0.5250000000000000222, 0.6999999999999998446, 0.1730000000000000426 ) ) ;
#1769 = LINE ( 'NONE', #1559, #275 ) ;
#1770 = ORIENTED_EDGE ( 'NONE', *, *, #1409, .T. ) ;
#1771 = CARTESIAN_POINT ( 'NONE',  ( -0.4250000000000000999, 0.09999999999999993616, 0.3000000000000000444 ) ) ;
#1772 = CARTESIAN_POINT ( 'NONE',  ( -0.1250000000000000555, 0.6999999999999998446, 0.3000000000000000444 ) ) ;
#1773 = VERTEX_POINT ( 'NONE', #1139 ) ;
#1774 = ORIENTED_EDGE ( 'NONE', *, *, #1233, .F. ) ;
#1775 = CIRCLE ( 'NONE', #711, 0.1099999999999999867 ) ;
#1776 = SURFACE_STYLE_USAGE ( .BOTH. , #1388 ) ;
#1777 = MECHANICAL_DESIGN_GEOMETRIC_PRESENTATION_REPRESENTATION (  '', ( #85 ), #960 ) ;
#1778 = EDGE_CURVE ( 'NONE', #1922, #43, #1077, .T. ) ;
#1779 = PRESENTATION_LAYER_ASSIGNMENT (  '', '', ( #881 ) ) ;
#1780 = CARTESIAN_POINT ( 'NONE',  ( 0.01500000000000001159, -0.2099999999999999367, 0.2500000000000000000 ) ) ;
#1781 = AXIS2_PLACEMENT_3D ( 'NONE', #2383, #666, #2396 ) ;
#1782 = SURFACE_STYLE_USAGE ( .BOTH. , #1030 ) ;
#1783 = VECTOR ( 'NONE', #1603, 1000.000000000000000 ) ;
#1784 = UNCERTAINTY_MEASURE_WITH_UNIT (LENGTH_MEASURE( 1.000000000000000082E-05 ), #933, 'distance_accuracy_value', 'NONE');
#1785 = ORIENTED_EDGE ( 'NONE', *, *, #1164, .F. ) ;
#1786 = LINE ( 'NONE', #1261, #1387 ) ;
#1787 = PRESENTATION_LAYER_ASSIGNMENT (  '', '', ( #1466 ) ) ;
#1788 =( LENGTH_UNIT ( ) NAMED_UNIT ( * ) SI_UNIT ( .MILLI., .METRE. ) );
#1789 = ORIENTED_EDGE ( 'NONE', *, *, #828, .T. ) ;
#1790 = ORIENTED_EDGE ( 'NONE', *, *, #1027, .F. ) ;
#1791 =( GEOMETRIC_REPRESENTATION_CONTEXT ( 3 ) GLOBAL_UNCERTAINTY_ASSIGNED_CONTEXT ( ( #178 ) ) GLOBAL_UNIT_ASSIGNED_CONTEXT ( ( #273, #91, #964 ) ) REPRESENTATION_CONTEXT ( 'NONE', 'WORKASPACE' ) );
#1792 = CARTESIAN_POINT ( 'NONE',  ( -0.1250000000000000555, 0.7099999999999999645, 0.1730000000000000426 ) ) ;
#1793 = MECHANICAL_DESIGN_GEOMETRIC_PRESENTATION_REPRESENTATION (  '', ( #1309 ), #1676 ) ;
#1794 =( GEOMETRIC_REPRESENTATION_CONTEXT ( 3 ) GLOBAL_UNCERTAINTY_ASSIGNED_CONTEXT ( ( #2018 ) ) GLOBAL_UNIT_ASSIGNED_CONTEXT ( ( #2448, #196, #211 ) ) REPRESENTATION_CONTEXT ( 'NONE', 'WORKASPACE' ) );
#1795 = DIRECTION ( 'NONE',  ( 1.000000000000000000, 0.000000000000000000, -0.000000000000000000 ) ) ;
#1796 = EDGE_CURVE ( 'NONE', #1569, #721, #2044, .T. ) ;
#1797 = CARTESIAN_POINT ( 'NONE',  ( 0.2749999999999999667, -0.7099999999999999645, 0.1730000000000000426 ) ) ;
#1798 = CARTESIAN_POINT ( 'NONE',  ( -0.4150000000000000910, -0.2099999999999999367, 0.2500000000000000000 ) ) ;
#1799 = PRODUCT_RELATED_PRODUCT_CATEGORY ( 'part', '', ( #421 ) ) ;
#1800 = ORIENTED_EDGE ( 'NONE', *, *, #395, .T. ) ;
#1801 = SURFACE_STYLE_FILL_AREA ( #1049 ) ;
#1802 = EDGE_LOOP ( 'NONE', ( #1625, #924, #1868, #1688 ) ) ;
#1803 = ORIENTED_EDGE ( 'NONE', *, *, #2188, .F. ) ;
#1804 =( LENGTH_UNIT ( ) NAMED_UNIT ( * ) SI_UNIT ( .MILLI., .METRE. ) );
#1805 = CARTESIAN_POINT ( 'NONE',  ( -0.1250000000000000555, 0.6999999999999998446, 0.1730000000000000426 ) ) ;
#1806 = LINE ( 'NONE', #1634, #138 ) ;
#1807 = SURFACE_SIDE_STYLE ('',( #519 ) ) ;
#1808 = UNCERTAINTY_MEASURE_WITH_UNIT (LENGTH_MEASURE( 1.000000000000000082E-05 ), #1476, 'distance_accuracy_value', 'NONE');
#1809 = ORIENTED_EDGE ( 'NONE', *, *, #698, .F. ) ;
#1810 = EDGE_CURVE ( 'NONE', #621, #1511, #889, .T. ) ;
#1811 = FACE_OUTER_BOUND ( 'NONE', #2314, .T. ) ;
#1812 = FILL_AREA_STYLE_COLOUR ( '', #177 ) ;
#1813 = VERTEX_POINT ( 'NONE', #148 ) ;
#1814 = ORIENTED_EDGE ( 'NONE', *, *, #627, .T. ) ;
#1815 = CARTESIAN_POINT ( 'NONE',  ( -0.5250000000000000222, 0.7099999999999999645, 0.1730000000000000426 ) ) ;
#1816 = SURFACE_STYLE_USAGE ( .BOTH. , #706 ) ;
#1817 = AXIS2_PLACEMENT_3D ( 'NONE', #1594, #1379, #859 ) ;
#1818 = CARTESIAN_POINT ( 'NONE',  ( -0.5250000000000000222, -0.7099999999999999645, 0.1730000000000000426 ) ) ;
#1819 = VECTOR ( 'NONE', #1648, 1000.000000000000000 ) ;
#1820 = CARTESIAN_POINT ( 'NONE',  ( -0.5250000000000000222, 0.7099999999999999645, 0.1730000000000000426 ) ) ;
#1821 = LINE ( 'NONE', #36, #676 ) ;
#1822 = MECHANICAL_DESIGN_GEOMETRIC_PRESENTATION_REPRESENTATION (  '', ( #1257 ), #1451 ) ;
#1823 = VECTOR ( 'NONE', #1556, 1000.000000000000000 ) ;
#1824 = ORIENTED_EDGE ( 'NONE', *, *, #1351, .T. ) ;
#1825 = MECHANICAL_DESIGN_GEOMETRIC_PRESENTATION_REPRESENTATION (  '', ( #402 ), #160 ) ;
#1826 = DIRECTION ( 'NONE',  ( -1.000000000000000000, 0.000000000000000000, 0.000000000000000000 ) ) ;
#1827 = DIRECTION ( 'NONE',  ( -0.000000000000000000, -0.000000000000000000, -1.000000000000000000 ) ) ;
#1828 = COLOUR_RGB ( '',0.6666666666666666297, 0.6980392156862744724, 0.7686274509803920907 ) ;
#1829 = VERTEX_POINT ( 'NONE', #1820 ) ;
#1830 = EDGE_CURVE ( 'NONE', #834, #674, #2059, .T. ) ;
#1831 = ORIENTED_EDGE ( 'NONE', *, *, #1884, .T. ) ;
#1832 = CARTESIAN_POINT ( 'NONE',  ( 0.5250000000000000222, -0.6999999999999998446, 0.1730000000000000426 ) ) ;
#1833 = SURFACE_SIDE_STYLE ('',( #29 ) ) ;
#1834 = EDGE_CURVE ( 'NONE', #65, #1093, #124, .T. ) ;
#1835 = MECHANICAL_DESIGN_GEOMETRIC_PRESENTATION_REPRESENTATION (  '', ( #2000 ), #1791 ) ;
#1836 = PRESENTATION_LAYER_ASSIGNMENT (  '', '', ( #1513 ) ) ;
#1837 = DIRECTION ( 'NONE',  ( 1.000000000000000000, 0.000000000000000000, 0.000000000000000000 ) ) ;
#1838 = PRESENTATION_LAYER_ASSIGNMENT (  '', '', ( #2292 ) ) ;
#1839 =( GEOMETRIC_REPRESENTATION_CONTEXT ( 3 ) GLOBAL_UNCERTAINTY_ASSIGNED_CONTEXT ( ( #1256 ) ) GLOBAL_UNIT_ASSIGNED_CONTEXT ( ( #2279, #17, #2234 ) ) REPRESENTATION_CONTEXT ( 'NONE', 'WORKASPACE' ) );
#1840 = UNCERTAINTY_MEASURE_WITH_UNIT (LENGTH_MEASURE( 1.000000000000000082E-05 ), #835, 'distance_accuracy_value', 'NONE');
#1841 = VERTEX_POINT ( 'NONE', #1639 ) ;
#1842 = SURFACE_STYLE_USAGE ( .BOTH. , #2209 ) ;
#1843 = CARTESIAN_POINT ( 'NONE',  ( -0.1250000000000000555, -0.2100000000000006861, 0.2500000000000000000 ) ) ;
#1844 = LINE ( 'NONE', #146, #2277 ) ;
#1845 = EDGE_LOOP ( 'NONE', ( #983, #424, #1483, #905, #535 ) ) ;
#1846 = SURFACE_SIDE_STYLE ('',( #335 ) ) ;
#1847 = CARTESIAN_POINT ( 'NONE',  ( -0.2750000000000000222, 0.6999999999999998446, 0.1730000000000000426 ) ) ;
#1848 =( LENGTH_UNIT ( ) NAMED_UNIT ( * ) SI_UNIT ( .MILLI., .METRE. ) );
#1849 = PLANE ( 'NONE',  #557 ) ;
#1850 = ADVANCED_FACE ( 'NONE', ( #2007 ), #506, .T. ) ;
#1851 = DIRECTION ( 'NONE',  ( 0.000000000000000000, 0.000000000000000000, -1.000000000000000000 ) ) ;
#1852 = ORIENTED_EDGE ( 'NONE', *, *, #1778, .F. ) ;
#1853 = CARTESIAN_POINT ( 'NONE',  ( 0.7249999999999994227, -0.7000000000000000666, -0.2500000000000000000 ) ) ;
#1854 = DIRECTION ( 'NONE',  ( -1.000000000000000000, 0.000000000000000000, -0.000000000000000000 ) ) ;
#1855 = VERTEX_POINT ( 'NONE', #1674 ) ;
#1856 =( NAMED_UNIT ( * ) PLANE_ANGLE_UNIT ( ) SI_UNIT ( $, .RADIAN. ) );
#1857 = PRESENTATION_STYLE_ASSIGNMENT (( #517 ) ) ;
#1858 = CARTESIAN_POINT ( 'NONE',  ( -0.1250000000000000555, -0.6999999999999998446, 0.3000000000000000444 ) ) ;
#1859 = PLANE ( 'NONE',  #1302 ) ;
#1860 = CARTESIAN_POINT ( 'NONE',  ( -0.7250000000000005329, 0.6999999999999998446, 0.2500000000000000000 ) ) ;
#1861 = EDGE_CURVE ( 'NONE', #825, #1286, #665, .T. ) ;
#1862 = STYLED_ITEM ( 'NONE', ( #2384 ), #332 ) ;
#1863 = UNCERTAINTY_MEASURE_WITH_UNIT (LENGTH_MEASURE( 1.000000000000000082E-05 ), #984, 'distance_accuracy_value', 'NONE');
#1864 = ORIENTED_EDGE ( 'NONE', *, *, #629, .F. ) ;
#1865 =( GEOMETRIC_REPRESENTATION_CONTEXT ( 3 ) GLOBAL_UNCERTAINTY_ASSIGNED_CONTEXT ( ( #499 ) ) GLOBAL_UNIT_ASSIGNED_CONTEXT ( ( #1804, #462, #350 ) ) REPRESENTATION_CONTEXT ( 'NONE', 'WORKASPACE' ) );
#1866 = PLANE ( 'NONE',  #1963 ) ;
#1867 = FACE_OUTER_BOUND ( 'NONE', #819, .T. ) ;
#1868 = ORIENTED_EDGE ( 'NONE', *, *, #107, .F. ) ;
#1869 = VECTOR ( 'NONE', #978, 1000.000000000000000 ) ;
#1870 = ORIENTED_EDGE ( 'NONE', *, *, #228, .F. ) ;
#1871 = FILL_AREA_STYLE_COLOUR ( '', #125 ) ;
#1872 = CARTESIAN_POINT ( 'NONE',  ( 0.3850000000000007305, 0.09999999999999993616, 0.2500000000000000000 ) ) ;
#1873 = DIRECTION ( 'NONE',  ( 1.000000000000000000, 0.000000000000000000, 0.000000000000000000 ) ) ;
#1874 = VECTOR ( 'NONE', #1098, 1000.000000000000000 ) ;
#1875 = CARTESIAN_POINT ( 'NONE',  ( 0.1250000000000000000, -0.7099999999999999645, 0.3000000000000000444 ) ) ;
#1876 = CYLINDRICAL_SURFACE ( 'NONE', #2231, 0.1099999999999999589 ) ;
#1877 = SURFACE_STYLE_FILL_AREA ( #1107 ) ;
#1878 = AXIS2_PLACEMENT_3D ( 'NONE', #2431, #343, #1277 ) ;
#1879 = LINE ( 'NONE', #1337, #1703 ) ;
#1880 = DIRECTION ( 'NONE',  ( 0.000000000000000000, 0.000000000000000000, 1.000000000000000000 ) ) ;
#1881 = CARTESIAN_POINT ( 'NONE',  ( -0.1250000000000000555, 0.7099999999999999645, 0.1730000000000000426 ) ) ;
#1882 = DIRECTION ( 'NONE',  ( 1.000000000000000000, 0.000000000000000000, 0.000000000000000000 ) ) ;
#1883 = VECTOR ( 'NONE', #919, 1000.000000000000000 ) ;
#1884 = EDGE_CURVE ( 'NONE', #645, #1927, #141, .T. ) ;
#1885 = STYLED_ITEM ( 'NONE', ( #2130 ), #2290 ) ;
#1886 = ORIENTED_EDGE ( 'NONE', *, *, #469, .T. ) ;
#1887 = VECTOR ( 'NONE', #2097, 1000.000000000000000 ) ;
#1888 = ADVANCED_FACE ( 'NONE', ( #1649 ), #1412, .F. ) ;
#1889 = SURFACE_STYLE_FILL_AREA ( #2233 ) ;
#1890 = DIRECTION ( 'NONE',  ( 1.000000000000000000, 0.000000000000000000, 0.000000000000000000 ) ) ;
#1891 = CARTESIAN_POINT ( 'NONE',  ( -0.2750000000000000222, 0.7099999999999999645, 0.3000000000000000444 ) ) ;
#1892 = ORIENTED_EDGE ( 'NONE', *, *, #615, .T. ) ;
#1893 = DIRECTION ( 'NONE',  ( 0.000000000000000000, 0.000000000000000000, 1.000000000000000000 ) ) ;
#1894 = DIRECTION ( 'NONE',  ( 0.000000000000000000, 0.000000000000000000, 1.000000000000000000 ) ) ;
#1895 =( LENGTH_UNIT ( ) NAMED_UNIT ( * ) SI_UNIT ( .MILLI., .METRE. ) );
#1896 = ORIENTED_EDGE ( 'NONE', *, *, #2144, .F. ) ;
#1897 = PRESENTATION_STYLE_ASSIGNMENT (( #165 ) ) ;
#1898 = SURFACE_STYLE_USAGE ( .BOTH. , #1129 ) ;
#1899 = LINE ( 'NONE', #940, #2269 ) ;
#1900 = ORIENTED_EDGE ( 'NONE', *, *, #1132, .F. ) ;
#1901 = EDGE_CURVE ( 'NONE', #709, #232, #729, .T. ) ;
#1902 = LINE ( 'NONE', #1500, #2321 ) ;
#1903 = LINE ( 'NONE', #1094, #1508 ) ;
#1904 = FILL_AREA_STYLE_COLOUR ( '', #2409 ) ;
#1905 = PRESENTATION_STYLE_ASSIGNMENT (( #2286 ) ) ;
#1906 = FILL_AREA_STYLE ('',( #2080 ) ) ;
#1907 = CARTESIAN_POINT ( 'NONE',  ( -0.4149999999999993139, -0.09999999999999993616, 0.3000000000000000444 ) ) ;
#1908 = ORIENTED_EDGE ( 'NONE', *, *, #2270, .F. ) ;
#1909 = CARTESIAN_POINT ( 'NONE',  ( 0.5250000000000000222, -0.6999999999999998446, 0.3000000000000000444 ) ) ;
#1910 = FACE_OUTER_BOUND ( 'NONE', #1162, .T. ) ;
#1911 = ORIENTED_EDGE ( 'NONE', *, *, #511, .T. ) ;
#1912 = STYLED_ITEM ( 'NONE', ( #423 ), #742 ) ;
#1913 = ADVANCED_FACE ( 'NONE', ( #2189 ), #1448, .F. ) ;
#1914 = AXIS2_PLACEMENT_3D ( 'NONE', #772, #2113, #1518 ) ;
#1915 = CARTESIAN_POINT ( 'NONE',  ( -0.2750000000000000222, -0.6999999999999998446, 0.3000000000000000444 ) ) ;
#1916 =( NAMED_UNIT ( * ) PLANE_ANGLE_UNIT ( ) SI_UNIT ( $, .RADIAN. ) );
#1917 = PLANE ( 'NONE',  #1968 ) ;
#1918 = AXIS2_PLACEMENT_3D ( 'NONE', #472, #883, #897 ) ;
#1919 = MECHANICAL_DESIGN_GEOMETRIC_PRESENTATION_REPRESENTATION (  '', ( #451 ), #1421 ) ;
#1920 = FACE_OUTER_BOUND ( 'NONE', #1442, .T. ) ;
#1921 = PRESENTATION_LAYER_ASSIGNMENT (  '', '', ( #2043 ) ) ;
#1922 = VERTEX_POINT ( 'NONE', #746 ) ;
#1923 = VECTOR ( 'NONE', #397, 1000.000000000000000 ) ;
#1924 = CARTESIAN_POINT ( 'NONE',  ( -0.1250000000000000555, 0.2099999999999999367, 0.2500000000000000000 ) ) ;
#1925 = CARTESIAN_POINT ( 'NONE',  ( -0.5250000000000000222, 0.6999999999999998446, 0.3000000000000000444 ) ) ;
#1926 = FACE_OUTER_BOUND ( 'NONE', #2429, .T. ) ;
#1927 = VERTEX_POINT ( 'NONE', #1489 ) ;
#1928 = PLANE ( 'NONE',  #1918 ) ;
#1929 = EDGE_CURVE ( 'NONE', #721, #1855, #546, .T. ) ;
#1930 = APPLICATION_PROTOCOL_DEFINITION ( 'draft international standard', 'automotive_design', 1998, #1602 ) ;
#1931 =( LENGTH_UNIT ( ) NAMED_UNIT ( * ) SI_UNIT ( .MILLI., .METRE. ) );
#1932 = VERTEX_POINT ( 'NONE', #1477 ) ;
#1933 = CARTESIAN_POINT ( 'NONE',  ( 0.7249999999999994227, -0.7000000000000000666, 0.2500000000000000000 ) ) ;
#1934 = LINE ( 'NONE', #67, #2287 ) ;
#1935 = PLANE ( 'NONE',  #2029 ) ;
#1936 = ORIENTED_EDGE ( 'NONE', *, *, #286, .T. ) ;
#1937 = DIRECTION ( 'NONE',  ( -0.000000000000000000, -0.000000000000000000, -1.000000000000000000 ) ) ;
#1938 =( NAMED_UNIT ( * ) SI_UNIT ( $, .STERADIAN. ) SOLID_ANGLE_UNIT ( ) );
#1939 = SURFACE_STYLE_USAGE ( .BOTH. , #1173 ) ;
#1940 = EDGE_CURVE ( 'NONE', #5, #709, #935, .T. ) ;
#1941 = VECTOR ( 'NONE', #1298, 1000.000000000000000 ) ;
#1942 = CARTESIAN_POINT ( 'NONE',  ( 0.1250000000000000000, 0.2100000000000007139, 0.3000000000000000444 ) ) ;
#1943 = ADVANCED_FACE ( 'NONE', ( #556 ), #1917, .F. ) ;
#1944 = MECHANICAL_DESIGN_GEOMETRIC_PRESENTATION_REPRESENTATION (  '', ( #2027 ), #1333 ) ;
#1945 = CARTESIAN_POINT ( 'NONE',  ( -0.1250000000000000555, -0.7099999999999999645, 0.1730000000000000426 ) ) ;
#1946 = ORIENTED_EDGE ( 'NONE', *, *, #184, .T. ) ;
#1947 = CARTESIAN_POINT ( 'NONE',  ( 0.1250000000000000000, 0.2100000000000007139, 0.2500000000000000000 ) ) ;
#1948 = STYLED_ITEM ( 'NONE', ( #950 ), #2422 ) ;
#1949 = LINE ( 'NONE', #223, #1078 ) ;
#1950 = SURFACE_SIDE_STYLE ('',( #1373 ) ) ;
#1951 = FILL_AREA_STYLE_COLOUR ( '', #842 ) ;
#1952 = AXIS2_PLACEMENT_3D ( 'NONE', #1976, #2107, #1560 ) ;
#1953 = VECTOR ( 'NONE', #1289, 1000.000000000000000 ) ;
#1954 = ORIENTED_EDGE ( 'NONE', *, *, #1731, .T. ) ;
#1955 = VECTOR ( 'NONE', #951, 1000.000000000000000 ) ;
#1956 = DIRECTION ( 'NONE',  ( 1.000000000000000000, 0.000000000000000000, 0.000000000000000000 ) ) ;
#1957 = COLOUR_RGB ( '',0.6666666666666666297, 0.6980392156862744724, 0.7686274509803920907 ) ;
#1958 = SURFACE_STYLE_USAGE ( .BOTH. , #80 ) ;
#1959 =( GEOMETRIC_REPRESENTATION_CONTEXT ( 3 ) GLOBAL_UNCERTAINTY_ASSIGNED_CONTEXT ( ( #2423 ) ) GLOBAL_UNIT_ASSIGNED_CONTEXT ( ( #1011, #1567, #1545 ) ) REPRESENTATION_CONTEXT ( 'NONE', 'WORKASPACE' ) );
#1960 = COLOUR_RGB ( '',0.6666666666666666297, 0.6980392156862744724, 0.7686274509803920907 ) ;
#1961 = MECHANICAL_DESIGN_GEOMETRIC_PRESENTATION_REPRESENTATION (  '', ( #27 ), #412 ) ;
#1962 = APPLICATION_PROTOCOL_DEFINITION ( 'draft international standard', 'automotive_design', 1998, #623 ) ;
#1963 = AXIS2_PLACEMENT_3D ( 'NONE', #82, #850, #1213 ) ;
#1964 = LINE ( 'NONE', #794, #628 ) ;
#1965 = ORIENTED_EDGE ( 'NONE', *, *, #1861, .T. ) ;
#1966 = CARTESIAN_POINT ( 'NONE',  ( 0.2749999999999999667, -0.6999999999999998446, 0.2500000000000000000 ) ) ;
#1967 = EDGE_CURVE ( 'NONE', #20, #65, #1271, .T. ) ;
#1968 = AXIS2_PLACEMENT_3D ( 'NONE', #1881, #2289, #572 ) ;
#1969 = CARTESIAN_POINT ( 'NONE',  ( 0.1250000000000000000, -0.7099999999999999645, 0.1730000000000000426 ) ) ;
#1970 = SURFACE_STYLE_USAGE ( .BOTH. , #1950 ) ;
#1971 = ORIENTED_EDGE ( 'NONE', *, *, #1014, .T. ) ;
#1972 = FILL_AREA_STYLE ('',( #1375 ) ) ;
#1973 = CARTESIAN_POINT ( 'NONE',  ( 0.3850000000000007305, 0.09999999999999993616, 0.3000000000000000444 ) ) ;
#1974 = CARTESIAN_POINT ( 'NONE',  ( 0.1250000000000000000, 0.6999999999999998446, 0.3000000000000000444 ) ) ;
#1975 = LINE ( 'NONE', #1222, #753 ) ;
#1976 = CARTESIAN_POINT ( 'NONE',  ( 0.000000000000000000, 0.000000000000000000, 0.000000000000000000 ) ) ;
#1977 = ORIENTED_EDGE ( 'NONE', *, *, #925, .F. ) ;
#1978 = LINE ( 'NONE', #832, #803 ) ;
#1979 = PLANE ( 'NONE',  #682 ) ;
#1980 = ORIENTED_EDGE ( 'NONE', *, *, #708, .T. ) ;
#1981 = EDGE_CURVE ( 'NONE', #297, #370, #1317, .T. ) ;
#1982 = VERTEX_POINT ( 'NONE', #1907 ) ;
#1983 = FILL_AREA_STYLE ('',( #105 ) ) ;
#1984 = ORIENTED_EDGE ( 'NONE', *, *, #1174, .T. ) ;
#1985 = LINE ( 'NONE', #1048, #849 ) ;
#1986 = PRESENTATION_STYLE_ASSIGNMENT (( #2376 ) ) ;
#1987 = EDGE_LOOP ( 'NONE', ( #1382, #151, #1434, #365, #430, #1371, #1247, #2373, #2177, #1015, #460, #1068, #2002, #763, #276, #739 ) ) ;
#1988 = ORIENTED_EDGE ( 'NONE', *, *, #2460, .T. ) ;
#1989 = FILL_AREA_STYLE_COLOUR ( '', #632 ) ;
#1990 = CARTESIAN_POINT ( 'NONE',  ( -0.1250000000000000555, -0.7099999999999999645, 0.3000000000000000444 ) ) ;
#1991 = DIRECTION ( 'NONE',  ( 0.000000000000000000, 0.000000000000000000, 1.000000000000000000 ) ) ;
#1992 = STYLED_ITEM ( 'NONE', ( #1327 ), #643 ) ;
#1993 = EDGE_CURVE ( 'NONE', #1855, #685, #200, .T. ) ;
#1994 = PLANE ( 'NONE',  #1547 ) ;
#1995 = CARTESIAN_POINT ( 'NONE',  ( 0.4149999999999993694, -0.09999999999999995004, 0.3000000000000000444 ) ) ;
#1996 = MECHANICAL_DESIGN_GEOMETRIC_PRESENTATION_REPRESENTATION (  '', ( #718 ), #90 ) ;
#1997 = UNCERTAINTY_MEASURE_WITH_UNIT (LENGTH_MEASURE( 1.000000000000000082E-05 ), #1729, 'distance_accuracy_value', 'NONE');
#1998 = VERTEX_POINT ( 'NONE', #414 ) ;
#1999 =( LENGTH_UNIT ( ) NAMED_UNIT ( * ) SI_UNIT ( .MILLI., .METRE. ) );
#2000 = STYLED_ITEM ( 'NONE', ( #1028 ), #1747 ) ;
#2001 = FACE_OUTER_BOUND ( 'NONE', #1307, .T. ) ;
#2002 = ORIENTED_EDGE ( 'NONE', *, *, #1097, .F. ) ;
#2003 = ORIENTED_EDGE ( 'NONE', *, *, #12, .T. ) ;
#2004 = STYLED_ITEM ( 'NONE', ( #436 ), #2054 ) ;
#2005 =( LENGTH_UNIT ( ) NAMED_UNIT ( * ) SI_UNIT ( .MILLI., .METRE. ) );
#2006 = CARTESIAN_POINT ( 'NONE',  ( 0.2749999999999999667, -0.6999999999999998446, 0.1730000000000000426 ) ) ;
#2007 = FACE_OUTER_BOUND ( 'NONE', #1759, .T. ) ;
#2008 = EDGE_CURVE ( 'NONE', #2336, #1585, #227, .T. ) ;
#2009 = DIRECTION ( 'NONE',  ( 0.000000000000000000, 1.000000000000000000, 0.000000000000000000 ) ) ;
#2010 = ORIENTED_EDGE ( 'NONE', *, *, #886, .T. ) ;
#2011 = SURFACE_STYLE_FILL_AREA ( #1597 ) ;
#2012 = ORIENTED_EDGE ( 'NONE', *, *, #1680, .T. ) ;
#2013 = ORIENTED_EDGE ( 'NONE', *, *, #259, .F. ) ;
#2014 =( NAMED_UNIT ( * ) SI_UNIT ( $, .STERADIAN. ) SOLID_ANGLE_UNIT ( ) );
#2015 = CARTESIAN_POINT ( 'NONE',  ( 0.5250000000000000222, -0.7099999999999999645, 0.3000000000000000444 ) ) ;
#2016 = LINE ( 'NONE', #139, #1255 ) ;
#2017 = ADVANCED_FACE ( 'NONE', ( #2452 ), #733, .F. ) ;
#2018 = UNCERTAINTY_MEASURE_WITH_UNIT (LENGTH_MEASURE( 1.000000000000000082E-05 ), #2448, 'distance_accuracy_value', 'NONE');
#2019 = ORIENTED_EDGE ( 'NONE', *, *, #1901, .T. ) ;
#2020 = SURFACE_STYLE_FILL_AREA ( #1480 ) ;
#2021 = CARTESIAN_POINT ( 'NONE',  ( 0.2749999999999999667, -0.7099999999999999645, 0.3000000000000000444 ) ) ;
#2022 = EDGE_CURVE ( 'NONE', #1614, #1569, #1389, .T. ) ;
#2023 = SURFACE_SIDE_STYLE ('',( #330 ) ) ;
#2024 = VERTEX_POINT ( 'NONE', #1220 ) ;
#2025 = VERTEX_POINT ( 'NONE', #1541 ) ;
#2026 = LINE ( 'NONE', #516, #2328 ) ;
#2027 = STYLED_ITEM ( 'NONE', ( #1745 ), #137 ) ;
#2028 = LINE ( 'NONE', #1075, #1819 ) ;
#2029 = AXIS2_PLACEMENT_3D ( 'NONE', #1350, #433, #1528 ) ;
#2030 = ORIENTED_EDGE ( 'NONE', *, *, #302, .T. ) ;
#2031 = CARTESIAN_POINT ( 'NONE',  ( 0.4150000000000000910, 0.2099999999999999367, 0.3000000000000000444 ) ) ;
#2032 = AXIS2_PLACEMENT_3D ( 'NONE', #2303, #1331, #2106 ) ;
#2033 = FILL_AREA_STYLE ('',( #280 ) ) ;
#2034 = CIRCLE ( 'NONE', #2117, 0.1099999999999999867 ) ;
#2035 = CARTESIAN_POINT ( 'NONE',  ( -0.5250000000000000222, 0.1999999999999999278, 0.3000000000000000444 ) ) ;
#2036 = ORIENTED_EDGE ( 'NONE', *, *, #427, .T. ) ;
#2037 = EDGE_CURVE ( 'NONE', #500, #2025, #2356, .T. ) ;
#2038 = FILL_AREA_STYLE_COLOUR ( '', #1828 ) ;
#2039 = DIRECTION ( 'NONE',  ( 0.000000000000000000, 0.000000000000000000, 1.000000000000000000 ) ) ;
#2040 = CARTESIAN_POINT ( 'NONE',  ( 0.01499999999999923790, -0.09999999999999993616, 0.2500000000000000000 ) ) ;
#2041 = DIRECTION ( 'NONE',  ( 1.000000000000000000, 0.000000000000000000, 0.000000000000000000 ) ) ;
#2042 = LINE ( 'NONE', #793, #1740 ) ;
#2043 = STYLED_ITEM ( 'NONE', ( #681 ), #1913 ) ;
#2044 = LINE ( 'NONE', #339, #923 ) ;
#2045 = MECHANICAL_DESIGN_GEOMETRIC_PRESENTATION_REPRESENTATION (  '', ( #2292 ), #1794 ) ;
#2046 = AXIS2_PLACEMENT_3D ( 'NONE', #1407, #1827, #2221 ) ;
#2047 = ORIENTED_EDGE ( 'NONE', *, *, #542, .F. ) ;
#2048 = PLANE ( 'NONE',  #2447 ) ;
#2049 = CARTESIAN_POINT ( 'NONE',  ( 0.1250000000000000000, 0.7099999999999999645, 0.3000000000000000444 ) ) ;
#2050 =( NAMED_UNIT ( * ) SI_UNIT ( $, .STERADIAN. ) SOLID_ANGLE_UNIT ( ) );
#2051 = VERTEX_POINT ( 'NONE', #1766 ) ;
#2052 = CARTESIAN_POINT ( 'NONE',  ( 0.3849999999999998979, 0.2099999999999999367, 0.2500000000000000000 ) ) ;
#2053 = CARTESIAN_POINT ( 'NONE',  ( 0.01499999999999923790, -0.09999999999999993616, 0.3000000000000000444 ) ) ;
#2054 = ADVANCED_FACE ( 'NONE', ( #1367 ), #652, .F. ) ;
#2055 = DIRECTION ( 'NONE',  ( -1.000000000000000000, 0.000000000000000000, 0.000000000000000000 ) ) ;
#2056 = SURFACE_STYLE_FILL_AREA ( #1279 ) ;
#2057 = SURFACE_STYLE_FILL_AREA ( #1076 ) ;
#2058 = CARTESIAN_POINT ( 'NONE',  ( -0.3850000000000007860, -0.09999999999999993616, 0.2500000000000000000 ) ) ;
#2059 = LINE ( 'NONE', #1428, #812 ) ;
#2060 = EDGE_LOOP ( 'NONE', ( #1410, #993, #690, #1965, #2455, #552 ) ) ;
#2061 = FILL_AREA_STYLE_COLOUR ( '', #2146 ) ;
#2062 = VERTEX_POINT ( 'NONE', #262 ) ;
#2063 = LINE ( 'NONE', #1872, #1578 ) ;
#2064 = DIRECTION ( 'NONE',  ( 0.000000000000000000, 0.000000000000000000, 1.000000000000000000 ) ) ;
#2065 = LINE ( 'NONE', #1875, #2084 ) ;
#2066 = CARTESIAN_POINT ( 'NONE',  ( -0.1250000000000000555, -0.7099999999999999645, 0.3000000000000000444 ) ) ;
#2067 = SURFACE_SIDE_STYLE ('',( #544 ) ) ;
#2068 = CARTESIAN_POINT ( 'NONE',  ( -0.2750000000000000222, 0.6999999999999998446, 0.2500000000000000000 ) ) ;
#2069 = EDGE_CURVE ( 'NONE', #2051, #1585, #606, .T. ) ;
#2070 = CIRCLE ( 'NONE', #1496, 0.1099999999999999867 ) ;
#2071 = UNCERTAINTY_MEASURE_WITH_UNIT (LENGTH_MEASURE( 1.000000000000000082E-05 ), #453, 'distance_accuracy_value', 'NONE');
#2072 = ORIENTED_EDGE ( 'NONE', *, *, #107, .T. ) ;
#2073 = VECTOR ( 'NONE', #2309, 1000.000000000000000 ) ;
#2074 = SURFACE_SIDE_STYLE ('',( #1310 ) ) ;
#2075 = CARTESIAN_POINT ( 'NONE',  ( 0.3850000000000007305, -0.09999999999999993616, 0.3000000000000000444 ) ) ;
#2076 = AXIS2_PLACEMENT_3D ( 'NONE', #689, #939, #1691 ) ;
#2077 = ORIENTED_EDGE ( 'NONE', *, *, #1731, .F. ) ;
#2078 = DIRECTION ( 'NONE',  ( 1.000000000000000000, 0.000000000000000000, -0.000000000000000000 ) ) ;
#2079 = CIRCLE ( 'NONE', #2360, 0.1099999999999999867 ) ;
#2080 = FILL_AREA_STYLE_COLOUR ( '', #1960 ) ;
#2081 = DIRECTION ( 'NONE',  ( 0.000000000000000000, -0.000000000000000000, 1.000000000000000000 ) ) ;
#2082 = MECHANICAL_DESIGN_GEOMETRIC_PRESENTATION_REPRESENTATION (  '', ( #2163 ), #1675 ) ;
#2083 = ADVANCED_FACE ( 'NONE', ( #1402 ), #2180, .T. ) ;
#2084 = VECTOR ( 'NONE', #1095, 1000.000000000000000 ) ;
#2085 = VERTEX_POINT ( 'NONE', #1832 ) ;
#2086 = SURFACE_SIDE_STYLE ('',( #1308 ) ) ;
#2087 = SURFACE_STYLE_USAGE ( .BOTH. , #2074 ) ;
#2088 = LINE ( 'NONE', #2075, #1955 ) ;
#2089 = ORIENTED_EDGE ( 'NONE', *, *, #1356, .F. ) ;
#2090 = DIRECTION ( 'NONE',  ( 1.000000000000000000, 0.000000000000000000, 0.000000000000000000 ) ) ;
#2091 = CYLINDRICAL_SURFACE ( 'NONE', #1719, 0.1099999999999999867 ) ;
#2092 = CARTESIAN_POINT ( 'NONE',  ( 0.01500000000000001159, 0.2099999999999999367, 0.3000000000000000444 ) ) ;
#2093 = CARTESIAN_POINT ( 'NONE',  ( 0.4149999999999993694, -0.09999999999999995004, 0.3000000000000000444 ) ) ;
#2094 = ORIENTED_EDGE ( 'NONE', *, *, #2162, .F. ) ;
#2095 = EDGE_CURVE ( 'NONE', #169, #661, #1806, .T. ) ;
#2096 = DIRECTION ( 'NONE',  ( 1.000000000000000000, 0.000000000000000000, 0.000000000000000000 ) ) ;
#2097 = DIRECTION ( 'NONE',  ( -0.000000000000000000, -1.000000000000000000, -0.000000000000000000 ) ) ;
#2098 = LINE ( 'NONE', #392, #51 ) ;
#2099 = VERTEX_POINT ( 'NONE', #1604 ) ;
#2100 = EDGE_CURVE ( 'NONE', #2062, #825, #868, .T. ) ;
#2101 =( NAMED_UNIT ( * ) SI_UNIT ( $, .STERADIAN. ) SOLID_ANGLE_UNIT ( ) );
#2102 = FILL_AREA_STYLE ('',( #553 ) ) ;
#2103 =( NAMED_UNIT ( * ) PLANE_ANGLE_UNIT ( ) SI_UNIT ( $, .RADIAN. ) );
#2104 = FACE_OUTER_BOUND ( 'NONE', #2178, .T. ) ;
#2105 = LINE ( 'NONE', #1909, #1232 ) ;
#2106 = DIRECTION ( 'NONE',  ( 0.000000000000000000, -0.000000000000000000, 1.000000000000000000 ) ) ;
#2107 = DIRECTION ( 'NONE',  ( 0.000000000000000000, 0.000000000000000000, 1.000000000000000000 ) ) ;
#2108 = CARTESIAN_POINT ( 'NONE',  ( 0.5250000000000000222, -0.2100000000000007139, 0.3000000000000000444 ) ) ;
#2109 = ORIENTED_EDGE ( 'NONE', *, *, #1246, .T. ) ;
#2110 =( GEOMETRIC_REPRESENTATION_CONTEXT ( 3 ) GLOBAL_UNCERTAINTY_ASSIGNED_CONTEXT ( ( #1088 ) ) GLOBAL_UNIT_ASSIGNED_CONTEXT ( ( #2230, #1663, #1134 ) ) REPRESENTATION_CONTEXT ( 'NONE', 'WORKASPACE' ) );
#2111 = PRESENTATION_STYLE_ASSIGNMENT (( #1748 ) ) ;
#2112 = LINE ( 'NONE', #634, #1714 ) ;
#2113 = DIRECTION ( 'NONE',  ( 0.000000000000000000, 0.000000000000000000, 1.000000000000000000 ) ) ;
#2114 = VECTOR ( 'NONE', #988, 1000.000000000000000 ) ;
#2115 = ADVANCED_FACE ( 'NONE', ( #2240 ), #1437, .T. ) ;
#2116 = ORIENTED_EDGE ( 'NONE', *, *, #1595, .T. ) ;
#2117 = AXIS2_PLACEMENT_3D ( 'NONE', #2092, #2310, #11 ) ;
#2118 = DIRECTION ( 'NONE',  ( -1.000000000000000000, 0.000000000000000000, 0.000000000000000000 ) ) ;
#2119 = PRESENTATION_STYLE_ASSIGNMENT (( #387 ) ) ;
#2120 = DIRECTION ( 'NONE',  ( 0.000000000000000000, 0.000000000000000000, 1.000000000000000000 ) ) ;
#2121 = AXIS2_PLACEMENT_3D ( 'NONE', #1771, #1627, #1240 ) ;
#2122 = COLOUR_RGB ( '',0.6666666666666666297, 0.6980392156862744724, 0.7686274509803920907 ) ;
#2123 = PRESENTATION_LAYER_ASSIGNMENT (  '', '', ( #1198 ) ) ;
#2124 = PRESENTATION_LAYER_ASSIGNMENT (  '', '', ( #2004 ) ) ;
#2125 =( NAMED_UNIT ( * ) SI_UNIT ( $, .STERADIAN. ) SOLID_ANGLE_UNIT ( ) );
#2126 = FILL_AREA_STYLE ('',( #2295 ) ) ;
#2127 = EDGE_LOOP ( 'NONE', ( #1642, #2167, #468, #1977, #2219, #1988 ) ) ;
#2128 = AXIS2_PLACEMENT_3D ( 'NONE', #1772, #1538, #648 ) ;
#2129 = CARTESIAN_POINT ( 'NONE',  ( 0.2749999999999999667, 0.2100000000000007139, 0.3000000000000000444 ) ) ;
#2130 = PRESENTATION_STYLE_ASSIGNMENT (( #2343 ) ) ;
#2131 = SURFACE_SIDE_STYLE ('',( #602 ) ) ;
#2132 = ORIENTED_EDGE ( 'NONE', *, *, #1834, .F. ) ;
#2133 = SURFACE_STYLE_FILL_AREA ( #435 ) ;
#2134 = EDGE_CURVE ( 'NONE', #65, #1841, #504, .T. ) ;
#2135 =( LENGTH_UNIT ( ) NAMED_UNIT ( * ) SI_UNIT ( .MILLI., .METRE. ) );
#2136 = LINE ( 'NONE', #1942, #278 ) ;
#2137 = CARTESIAN_POINT ( 'NONE',  ( 0.1250000000000000000, 0.6999999999999998446, 0.2500000000000000000 ) ) ;
#2138 = VERTEX_POINT ( 'NONE', #310 ) ;
#2139 = FACE_OUTER_BOUND ( 'NONE', #999, .T. ) ;
#2140 = DIRECTION ( 'NONE',  ( 1.000000000000000000, 0.000000000000000000, 0.000000000000000000 ) ) ;
#2141 = ORIENTED_EDGE ( 'NONE', *, *, #31, .T. ) ;
#2142 = LINE ( 'NONE', #985, #638 ) ;
#2143 = FILL_AREA_STYLE_COLOUR ( '', #416 ) ;
#2144 = EDGE_CURVE ( 'NONE', #1405, #1218, #2026, .T. ) ;
#2145 = CARTESIAN_POINT ( 'NONE',  ( -0.01500000000000006710, 0.2099999999999999367, 0.2500000000000000000 ) ) ;
#2146 = COLOUR_RGB ( '',0.6666666666666666297, 0.6980392156862744724, 0.7686274509803920907 ) ;
#2147 = VECTOR ( 'NONE', #83, 1000.000000000000000 ) ;
#2148 = CARTESIAN_POINT ( 'NONE',  ( -0.5250000000000000222, -0.6999999999999998446, 0.1730000000000000426 ) ) ;
#2149 = ORIENTED_EDGE ( 'NONE', *, *, #487, .T. ) ;
#2150 = FILL_AREA_STYLE ('',( #1535 ) ) ;
#2151 = VECTOR ( 'NONE', #820, 1000.000000000000000 ) ;
#2152 = MECHANICAL_DESIGN_GEOMETRIC_PRESENTATION_REPRESENTATION (  '', ( #1948 ), #1186 ) ;
#2153 = DIRECTION ( 'NONE',  ( 1.000000000000000000, 0.000000000000000000, -0.000000000000000000 ) ) ;
#2154 =( GEOMETRIC_REPRESENTATION_CONTEXT ( 3 ) GLOBAL_UNCERTAINTY_ASSIGNED_CONTEXT ( ( #1784 ) ) GLOBAL_UNIT_ASSIGNED_CONTEXT ( ( #933, #633, #265 ) ) REPRESENTATION_CONTEXT ( 'NONE', 'WORKASPACE' ) );
#2155 = ORIENTED_EDGE ( 'NONE', *, *, #52, .F. ) ;
#2156 =( NAMED_UNIT ( * ) SI_UNIT ( $, .STERADIAN. ) SOLID_ANGLE_UNIT ( ) );
#2157 = COLOUR_RGB ( '',0.5019607843137254832, 0.5019607843137254832, 0.5019607843137254832 ) ;
#2158 =( NAMED_UNIT ( * ) SI_UNIT ( $, .STERADIAN. ) SOLID_ANGLE_UNIT ( ) );
#2159 = SURFACE_STYLE_FILL_AREA ( #2371 ) ;
#2160 = PRESENTATION_LAYER_ASSIGNMENT (  '', '', ( #764 ) ) ;
#2161 = FILL_AREA_STYLE ('',( #1403 ) ) ;
#2162 = EDGE_CURVE ( 'NONE', #232, #577, #1085, .T. ) ;
#2163 = STYLED_ITEM ( 'NONE', ( #181 ), #1696 ) ;
#2164 = VERTEX_POINT ( 'NONE', #2392 ) ;
#2165 = PRESENTATION_STYLE_ASSIGNMENT (( #991 ) ) ;
#2166 = PRESENTATION_STYLE_ASSIGNMENT (( #1970 ) ) ;
#2167 = ORIENTED_EDGE ( 'NONE', *, *, #79, .T. ) ;
#2168 = AXIS2_PLACEMENT_3D ( 'NONE', #447, #2334, #1362 ) ;
#2169 =( NAMED_UNIT ( * ) PLANE_ANGLE_UNIT ( ) SI_UNIT ( $, .RADIAN. ) );
#2170 = AXIS2_PLACEMENT_3D ( 'NONE', #1716, #1284, #575 ) ;
#2171 =( NAMED_UNIT ( * ) PLANE_ANGLE_UNIT ( ) SI_UNIT ( $, .RADIAN. ) );
#2172 = DIRECTION ( 'NONE',  ( 1.000000000000000000, 0.000000000000000000, -0.000000000000000000 ) ) ;
#2173 = FACE_OUTER_BOUND ( 'NONE', #99, .T. ) ;
#2174 = VERTEX_POINT ( 'NONE', #1847 ) ;
#2175 =( NAMED_UNIT ( * ) PLANE_ANGLE_UNIT ( ) SI_UNIT ( $, .RADIAN. ) );
#2176 = PRESENTATION_STYLE_ASSIGNMENT (( #1397 ) ) ;
#2177 = ORIENTED_EDGE ( 'NONE', *, *, #738, .F. ) ;
#2178 = EDGE_LOOP ( 'NONE', ( #704, #101, #610, #354 ) ) ;
#2179 =( NAMED_UNIT ( * ) PLANE_ANGLE_UNIT ( ) SI_UNIT ( $, .RADIAN. ) );
#2180 = PLANE ( 'NONE',  #1236 ) ;
#2181 = EDGE_LOOP ( 'NONE', ( #2003, #1734, #1125, #896 ) ) ;
#2182 = SURFACE_STYLE_FILL_AREA ( #1021 ) ;
#2183 = DIRECTION ( 'NONE',  ( 0.000000000000000000, 0.000000000000000000, -1.000000000000000000 ) ) ;
#2184 = ORIENTED_EDGE ( 'NONE', *, *, #1054, .T. ) ;
#2185 = ORIENTED_EDGE ( 'NONE', *, *, #2388, .T. ) ;
#2186 = LINE ( 'NONE', #2379, #2397 ) ;
#2187 = CARTESIAN_POINT ( 'NONE',  ( 0.2749999999999999667, -0.7099999999999999645, 0.1730000000000000426 ) ) ;
#2188 = EDGE_CURVE ( 'NONE', #2377, #2099, #677, .T. ) ;
#2189 = FACE_OUTER_BOUND ( 'NONE', #2237, .T. ) ;
#2190 = PRESENTATION_LAYER_ASSIGNMENT (  '', '', ( #402 ) ) ;
#2191 = CARTESIAN_POINT ( 'NONE',  ( 0.3849999999999998979, 0.2099999999999999367, 0.3000000000000000444 ) ) ;
#2192 = VECTOR ( 'NONE', #826, 1000.000000000000000 ) ;
#2193 = UNCERTAINTY_MEASURE_WITH_UNIT (LENGTH_MEASURE( 1.000000000000000082E-05 ), #2415, 'distance_accuracy_value', 'NONE');
#2194 = VECTOR ( 'NONE', #1248, 1000.000000000000000 ) ;
#2195 = ORIENTED_EDGE ( 'NONE', *, *, #2100, .T. ) ;
#2196 = PRESENTATION_STYLE_ASSIGNMENT (( #658 ) ) ;
#2197 = VECTOR ( 'NONE', #1440, 1000.000000000000000 ) ;
#2198 = ORIENTED_EDGE ( 'NONE', *, *, #2232, .T. ) ;
#2199 = ORIENTED_EDGE ( 'NONE', *, *, #723, .F. ) ;
#2200 =( NAMED_UNIT ( * ) PLANE_ANGLE_UNIT ( ) SI_UNIT ( $, .RADIAN. ) );
#2201 = COLOUR_RGB ( '',0.6666666666666666297, 0.6980392156862744724, 0.7686274509803920907 ) ;
#2202 = LINE ( 'NONE', #298, #848 ) ;
#2203 = COLOUR_RGB ( '',0.6666666666666666297, 0.6980392156862744724, 0.7686274509803920907 ) ;
#2204 = EDGE_CURVE ( 'NONE', #193, #661, #1656, .T. ) ;
#2205 = MECHANICAL_DESIGN_GEOMETRIC_PRESENTATION_REPRESENTATION (  '', ( #1558 ), #714 ) ;
#2206 = SURFACE_STYLE_USAGE ( .BOTH. , #1622 ) ;
#2207 = EDGE_CURVE ( 'NONE', #650, #856, #944, .T. ) ;
#2208 = ORIENTED_EDGE ( 'NONE', *, *, #458, .F. ) ;
#2209 = SURFACE_SIDE_STYLE ('',( #143 ) ) ;
#2210 = ORIENTED_EDGE ( 'NONE', *, *, #2358, .F. ) ;
#2211 = ORIENTED_EDGE ( 'NONE', *, *, #1796, .T. ) ;
#2212 = CYLINDRICAL_SURFACE ( 'NONE', #368, 0.1099999999999999867 ) ;
#2213 =( NAMED_UNIT ( * ) SI_UNIT ( $, .STERADIAN. ) SOLID_ANGLE_UNIT ( ) );
#2214 = DIRECTION ( 'NONE',  ( -0.000000000000000000, -1.000000000000000000, -0.000000000000000000 ) ) ;
#2215 = DIRECTION ( 'NONE',  ( -1.000000000000000000, 0.000000000000000000, 0.000000000000000000 ) ) ;
#2216 = DIRECTION ( 'NONE',  ( 1.000000000000000000, 0.000000000000000000, -0.000000000000000000 ) ) ;
#2217 = UNCERTAINTY_MEASURE_WITH_UNIT (LENGTH_MEASURE( 1.000000000000000082E-05 ), #878, 'distance_accuracy_value', 'NONE');
#2218 = ADVANCED_FACE ( 'NONE', ( #1144 ), #2091, .T. ) ;
#2219 = ORIENTED_EDGE ( 'NONE', *, *, #558, .F. ) ;
#2220 = CARTESIAN_POINT ( 'NONE',  ( -0.3850000000000000089, -0.2099999999999999367, 0.3000000000000000444 ) ) ;
#2221 = DIRECTION ( 'NONE',  ( -1.000000000000000000, 0.000000000000000000, 0.000000000000000000 ) ) ;
#2222 = ORIENTED_EDGE ( 'NONE', *, *, #1113, .T. ) ;
#2223 = MECHANICAL_DESIGN_GEOMETRIC_PRESENTATION_REPRESENTATION (  '', ( #355 ), #437 ) ;
#2224 =( NAMED_UNIT ( * ) SI_UNIT ( $, .STERADIAN. ) SOLID_ANGLE_UNIT ( ) );
#2225 = CARTESIAN_POINT ( 'NONE',  ( -0.01500000000000006710, 0.2099999999999999367, 0.3000000000000000444 ) ) ;
#2226 = FACE_OUTER_BOUND ( 'NONE', #378, .T. ) ;
#2227 = DIRECTION ( 'NONE',  ( 0.000000000000000000, 0.000000000000000000, 1.000000000000000000 ) ) ;
#2228 = DIRECTION ( 'NONE',  ( -0.000000000000000000, -0.000000000000000000, -1.000000000000000000 ) ) ;
#2229 = VERTEX_POINT ( 'NONE', #2298 ) ;
#2230 =( LENGTH_UNIT ( ) NAMED_UNIT ( * ) SI_UNIT ( .MILLI., .METRE. ) );
#2231 = AXIS2_PLACEMENT_3D ( 'NONE', #931, #2433, #2055 ) ;
#2232 = EDGE_CURVE ( 'NONE', #5, #1580, #2065, .T. ) ;
#2233 = FILL_AREA_STYLE ('',( #367 ) ) ;
#2234 =( NAMED_UNIT ( * ) SI_UNIT ( $, .STERADIAN. ) SOLID_ANGLE_UNIT ( ) );
#2235 = AXIS2_PLACEMENT_3D ( 'NONE', #70, #1183, #1172 ) ;
#2236 = PRESENTATION_STYLE_ASSIGNMENT (( #712 ) ) ;
#2237 = EDGE_LOOP ( 'NONE', ( #2404, #129, #134, #1319 ) ) ;
#2238 = VECTOR ( 'NONE', #293, 1000.000000000000000 ) ;
#2239 = CARTESIAN_POINT ( 'NONE',  ( 0.2749999999999999667, 0.6999999999999998446, 0.3000000000000000444 ) ) ;
#2240 = FACE_OUTER_BOUND ( 'NONE', #700, .T. ) ;
#2241 = MECHANICAL_DESIGN_GEOMETRIC_PRESENTATION_REPRESENTATION (  '', ( #2361 ), #725 ) ;
#2242 = DIRECTION ( 'NONE',  ( 0.000000000000000000, 0.000000000000000000, 1.000000000000000000 ) ) ;
#2243 = AXIS2_PLACEMENT_3D ( 'NONE', #1087, #2227, #2216 ) ;
#2244 = DIRECTION ( 'NONE',  ( 0.000000000000000000, 0.000000000000000000, -1.000000000000000000 ) ) ;
#2245 =( GEOMETRIC_REPRESENTATION_CONTEXT ( 3 ) GLOBAL_UNCERTAINTY_ASSIGNED_CONTEXT ( ( #1641 ) ) GLOBAL_UNIT_ASSIGNED_CONTEXT ( ( #422, #46, #822 ) ) REPRESENTATION_CONTEXT ( 'NONE', 'WORKASPACE' ) );
#2246 = UNCERTAINTY_MEASURE_WITH_UNIT (LENGTH_MEASURE( 1.000000000000000082E-05 ), #1730, 'distance_accuracy_value', 'NONE');
#2247 = ORIENTED_EDGE ( 'NONE', *, *, #1014, .F. ) ;
#2248 = FACE_OUTER_BOUND ( 'NONE', #434, .T. ) ;
#2249 =( NAMED_UNIT ( * ) SI_UNIT ( $, .STERADIAN. ) SOLID_ANGLE_UNIT ( ) );
#2250 = LINE ( 'NONE', #2035, #10 ) ;
#2251 = ADVANCED_FACE ( 'NONE', ( #1685 ), #771, .T. ) ;
#2252 = ORIENTED_EDGE ( 'NONE', *, *, #1127, .F. ) ;
#2253 = SURFACE_STYLE_FILL_AREA ( #2462 ) ;
#2254 = ADVANCED_FACE ( 'NONE', ( #1485 ), #786, .F. ) ;
#2255 = EDGE_CURVE ( 'NONE', #1614, #500, #1728, .T. ) ;
#2256 = CARTESIAN_POINT ( 'NONE',  ( 0.1250000000000000000, 0.2100000000000007139, 0.3000000000000000444 ) ) ;
#2257 = DIRECTION ( 'NONE',  ( 0.000000000000000000, 1.000000000000000000, 0.000000000000000000 ) ) ;
#2258 = SURFACE_SIDE_STYLE ('',( #2057 ) ) ;
#2259 =( NAMED_UNIT ( * ) SI_UNIT ( $, .STERADIAN. ) SOLID_ANGLE_UNIT ( ) );
#2260 =( NAMED_UNIT ( * ) PLANE_ANGLE_UNIT ( ) SI_UNIT ( $, .RADIAN. ) );
#2261 = VERTEX_POINT ( 'NONE', #410 ) ;
#2262 = LINE ( 'NONE', #765, #290 ) ;
#2263 = CARTESIAN_POINT ( 'NONE',  ( -0.2750000000000000222, -0.7099999999999999645, 0.1730000000000000426 ) ) ;
#2264 = CARTESIAN_POINT ( 'NONE',  ( -0.3850000000000000089, -0.2099999999999999367, 0.3000000000000000444 ) ) ;
#2265 = LINE ( 'NONE', #513, #2312 ) ;
#2266 = ORIENTED_EDGE ( 'NONE', *, *, #2207, .F. ) ;
#2267 = FILL_AREA_STYLE_COLOUR ( '', #167 ) ;
#2268 = SURFACE_STYLE_USAGE ( .BOTH. , #1502 ) ;
#2269 = VECTOR ( 'NONE', #1854, 1000.000000000000000 ) ;
#2270 = EDGE_CURVE ( 'NONE', #577, #188, #982, .T. ) ;
#2271 = CARTESIAN_POINT ( 'NONE',  ( 0.2749999999999999667, 0.6999999999999998446, 0.1730000000000000426 ) ) ;
#2272 = CARTESIAN_POINT ( 'NONE',  ( -0.2750000000000000222, 0.09999999999999993616, 0.3000000000000000444 ) ) ;
#2273 = CIRCLE ( 'NONE', #1532, 0.1099999999999999589 ) ;
#2274 = VECTOR ( 'NONE', #2009, 1000.000000000000000 ) ;
#2275 = COLOUR_RGB ( '',0.6666666666666666297, 0.6980392156862744724, 0.7686274509803920907 ) ;
#2276 = UNCERTAINTY_MEASURE_WITH_UNIT (LENGTH_MEASURE( 1.000000000000000082E-05 ), #2135, 'distance_accuracy_value', 'NONE');
#2277 = VECTOR ( 'NONE', #904, 1000.000000000000000 ) ;
#2278 = ORIENTED_EDGE ( 'NONE', *, *, #2022, .T. ) ;
#2279 =( LENGTH_UNIT ( ) NAMED_UNIT ( * ) SI_UNIT ( .MILLI., .METRE. ) );
#2280 = CARTESIAN_POINT ( 'NONE',  ( 0.5250000000000000222, 0.2100000000000007139, 0.3000000000000000444 ) ) ;
#2281 = VECTOR ( 'NONE', #947, 1000.000000000000000 ) ;
#2282 = ORIENTED_EDGE ( 'NONE', *, *, #723, .T. ) ;
#2283 = CARTESIAN_POINT ( 'NONE',  ( -0.1250000000000000555, -0.7099999999999999645, 0.1730000000000000426 ) ) ;
#2284 =( GEOMETRIC_REPRESENTATION_CONTEXT ( 3 ) GLOBAL_UNCERTAINTY_ASSIGNED_CONTEXT ( ( #1997 ) ) GLOBAL_UNIT_ASSIGNED_CONTEXT ( ( #1729, #425, #1938 ) ) REPRESENTATION_CONTEXT ( 'NONE', 'WORKASPACE' ) );
#2285 = SURFACE_STYLE_USAGE ( .BOTH. , #1133 ) ;
#2286 = SURFACE_STYLE_USAGE ( .BOTH. , #1288 ) ;
#2287 = VECTOR ( 'NONE', #408, 1000.000000000000000 ) ;
#2288 = DIRECTION ( 'NONE',  ( -1.000000000000000000, 0.000000000000000000, 0.000000000000000000 ) ) ;
#2289 = DIRECTION ( 'NONE',  ( 0.000000000000000000, 0.000000000000000000, 1.000000000000000000 ) ) ;
#2290 = ADVANCED_FACE ( 'NONE', ( #1195 ), #1022, .F. ) ;
#2291 = AXIS2_PLACEMENT_3D ( 'NONE', #1974, #1355, #1991 ) ;
#2292 = STYLED_ITEM ( 'NONE', ( #589 ), #2218 ) ;
#2293 = ADVANCED_FACE ( 'NONE', ( #624 ), #1736, .F. ) ;
#2294 = ORIENTED_EDGE ( 'NONE', *, *, #442, .F. ) ;
#2295 = FILL_AREA_STYLE_COLOUR ( '', #2430 ) ;
#2296 = EDGE_LOOP ( 'NONE', ( #1272, #119, #1176, #2155, #1870, #713 ) ) ;
#2297 = LINE ( 'NONE', #1300, #563 ) ;
#2298 = CARTESIAN_POINT ( 'NONE',  ( -0.4250000000000000999, 0.09999999999999993616, 0.3000000000000000444 ) ) ;
#2299 = CARTESIAN_POINT ( 'NONE',  ( -0.5250000000000000222, 0.6999999999999998446, 0.3000000000000000444 ) ) ;
#2300 = DIRECTION ( 'NONE',  ( -0.000000000000000000, 1.000000000000000000, -0.000000000000000000 ) ) ;
#2301 = DIRECTION ( 'NONE',  ( 0.000000000000000000, 1.000000000000000000, 0.000000000000000000 ) ) ;
#2302 = EDGE_CURVE ( 'NONE', #232, #1282, #1262, .T. ) ;
#2303 = CARTESIAN_POINT ( 'NONE',  ( -0.7250000000000005329, -0.7000000000000000666, 0.2500000000000000000 ) ) ;
#2304 = CARTESIAN_POINT ( 'NONE',  ( -0.5250000000000000222, -0.2100000000000006861, 0.2500000000000000000 ) ) ;
#2305 = ORIENTED_EDGE ( 'NONE', *, *, #1940, .F. ) ;
#2306 = DIRECTION ( 'NONE',  ( -1.000000000000000000, -0.000000000000000000, -0.000000000000000000 ) ) ;
#2307 = DIRECTION ( 'NONE',  ( 0.000000000000000000, 0.000000000000000000, 1.000000000000000000 ) ) ;
#2308 = ORIENTED_EDGE ( 'NONE', *, *, #1660, .F. ) ;
#2309 = DIRECTION ( 'NONE',  ( -0.000000000000000000, -0.000000000000000000, -1.000000000000000000 ) ) ;
#2310 = DIRECTION ( 'NONE',  ( 0.000000000000000000, 0.000000000000000000, 1.000000000000000000 ) ) ;
#2311 = VECTOR ( 'NONE', #2257, 1000.000000000000000 ) ;
#2312 = VECTOR ( 'NONE', #1665, 1000.000000000000000 ) ;
#2313 = DIRECTION ( 'NONE',  ( -0.000000000000000000, 1.000000000000000000, -0.000000000000000000 ) ) ;
#2314 = EDGE_LOOP ( 'NONE', ( #860, #2294, #493, #1609 ) ) ;
#2315 = EDGE_CURVE ( 'NONE', #1216, #2377, #145, .T. ) ;
#2316 = CIRCLE ( 'NONE', #1914, 0.1099999999999999589 ) ;
#2317 = FILL_AREA_STYLE_COLOUR ( '', #2350 ) ;
#2318 = FACE_OUTER_BOUND ( 'NONE', #1460, .T. ) ;
#2319 = FILL_AREA_STYLE_COLOUR ( '', #929 ) ;
#2320 = PLANE ( 'NONE',  #2076 ) ;
#2321 = VECTOR ( 'NONE', #1526, 1000.000000000000000 ) ;
#2322 = ORIENTED_EDGE ( 'NONE', *, *, #161, .T. ) ;
#2323 = AXIS2_PLACEMENT_3D ( 'NONE', #1815, #496, #1059 ) ;
#2324 = DIRECTION ( 'NONE',  ( -1.000000000000000000, 0.000000000000000000, -0.000000000000000000 ) ) ;
#2325 = CIRCLE ( 'NONE', #247, 0.1099999999999999867 ) ;
#2326 = PRESENTATION_LAYER_ASSIGNMENT (  '', '', ( #2000 ) ) ;
#2327 = VECTOR ( 'NONE', #1017, 1000.000000000000000 ) ;
#2328 = VECTOR ( 'NONE', #2039, 1000.000000000000000 ) ;
#2329 = PLANE ( 'NONE',  #2386 ) ;
#2330 = VERTEX_POINT ( 'NONE', #512 ) ;
#2331 = VECTOR ( 'NONE', #1890, 1000.000000000000000 ) ;
#2332 = DIRECTION ( 'NONE',  ( 0.000000000000000000, 0.000000000000000000, -1.000000000000000000 ) ) ;
#2333 = CARTESIAN_POINT ( 'NONE',  ( -0.7250000000000005329, 0.6999999999999998446, 0.2500000000000000000 ) ) ;
#2334 = DIRECTION ( 'NONE',  ( 0.000000000000000000, -1.000000000000000000, 0.000000000000000000 ) ) ;
#2335 = ADVANCED_FACE ( 'NONE', ( #1082 ), #306, .F. ) ;
#2336 = VERTEX_POINT ( 'NONE', #1843 ) ;
#2337 = FACE_OUTER_BOUND ( 'NONE', #882, .T. ) ;
#2338 = CARTESIAN_POINT ( 'NONE',  ( -0.7250000000000005329, 0.6999999999999998446, 0.2500000000000000000 ) ) ;
#2339 = ADVANCED_FACE ( 'NONE', ( #317 ), #1598, .T. ) ;
#2340 = CARTESIAN_POINT ( 'NONE',  ( -0.01499999999999926739, -0.09999999999999993616, 0.2500000000000000000 ) ) ;
#2341 = EDGE_LOOP ( 'NONE', ( #1900, #1416, #2195, #1770 ) ) ;
#2342 =( NAMED_UNIT ( * ) PLANE_ANGLE_UNIT ( ) SI_UNIT ( $, .RADIAN. ) );
#2343 = SURFACE_STYLE_USAGE ( .BOTH. , #1168 ) ;
#2344 = ORIENTED_EDGE ( 'NONE', *, *, #2388, .F. ) ;
#2345 = CYLINDRICAL_SURFACE ( 'NONE', #2394, 0.1099999999999999867 ) ;
#2346 = DIRECTION ( 'NONE',  ( -1.000000000000000000, -0.000000000000000000, -0.000000000000000000 ) ) ;
#2347 = ADVANCED_FACE ( 'NONE', ( #2001 ), #294, .F. ) ;
#2348 = LINE ( 'NONE', #630, #2274 ) ;
#2349 = ORIENTED_EDGE ( 'NONE', *, *, #1507, .T. ) ;
#2350 = COLOUR_RGB ( '',0.6666666666666666297, 0.6980392156862744724, 0.7686274509803920907 ) ;
#2351 = CARTESIAN_POINT ( 'NONE',  ( -0.01499999999999926739, 0.09999999999999993616, 0.3000000000000000444 ) ) ;
#2352 = PRESENTATION_LAYER_ASSIGNMENT (  '', '', ( #277 ) ) ;
#2353 = ORIENTED_EDGE ( 'NONE', *, *, #1086, .F. ) ;
#2354 = SURFACE_SIDE_STYLE ('',( #2133 ) ) ;
#2355 =( GEOMETRIC_REPRESENTATION_CONTEXT ( 3 ) GLOBAL_UNCERTAINTY_ASSIGNED_CONTEXT ( ( #2193 ) ) GLOBAL_UNIT_ASSIGNED_CONTEXT ( ( #2415, #1283, #1295 ) ) REPRESENTATION_CONTEXT ( 'NONE', 'WORKASPACE' ) );
#2356 = LINE ( 'NONE', #236, #529 ) ;
#2357 = CIRCLE ( 'NONE', #2235, 0.1099999999999999867 ) ;
#2358 = EDGE_CURVE ( 'NONE', #856, #154, #1481, .T. ) ;
#2359 = DIRECTION ( 'NONE',  ( 0.000000000000000000, 0.000000000000000000, 1.000000000000000000 ) ) ;
#2360 = AXIS2_PLACEMENT_3D ( 'NONE', #1339, #432, #57 ) ;
#2361 = STYLED_ITEM ( 'NONE', ( #1605 ), #1753 ) ;
#2362 = ORIENTED_EDGE ( 'NONE', *, *, #1830, .F. ) ;
#2363 = VECTOR ( 'NONE', #1712, 1000.000000000000000 ) ;
#2364 =( LENGTH_UNIT ( ) NAMED_UNIT ( * ) SI_UNIT ( .MILLI., .METRE. ) );
#2365 = DIRECTION ( 'NONE',  ( 1.000000000000000000, 0.000000000000000000, 0.000000000000000000 ) ) ;
#2366 = ORIENTED_EDGE ( 'NONE', *, *, #2095, .T. ) ;
#2367 = COLOUR_RGB ( '',0.6666666666666666297, 0.6980392156862744724, 0.7686274509803920907 ) ;
#2368 = ORIENTED_EDGE ( 'NONE', *, *, #2162, .T. ) ;
#2369 = DIRECTION ( 'NONE',  ( -1.000000000000000000, 0.000000000000000000, 0.000000000000000000 ) ) ;
#2370 = CIRCLE ( 'NONE', #219, 0.1100000000000000144 ) ;
#2371 = FILL_AREA_STYLE ('',( #1566 ) ) ;
#2372 = DIRECTION ( 'NONE',  ( -0.000000000000000000, 1.000000000000000000, -0.000000000000000000 ) ) ;
#2373 = ORIENTED_EDGE ( 'NONE', *, *, #1810, .F. ) ;
#2374 = EDGE_CURVE ( 'NONE', #834, #613, #1322, .T. ) ;
#2375 = SURFACE_SIDE_STYLE ('',( #2011 ) ) ;
#2376 = SURFACE_STYLE_USAGE ( .BOTH. , #2023 ) ;
#2377 = VERTEX_POINT ( 'NONE', #166 ) ;
#2378 = ORIENTED_EDGE ( 'NONE', *, *, #573, .T. ) ;
#2379 = CARTESIAN_POINT ( 'NONE',  ( 0.2749999999999999667, 0.7099999999999999645, 0.3000000000000000444 ) ) ;
#2380 = DIRECTION ( 'NONE',  ( 1.000000000000000000, 0.000000000000000000, -0.000000000000000000 ) ) ;
#2381 = ADVANCED_BREP_SHAPE_REPRESENTATION ( 'ECMF2-40A100N6', ( #657, #1952 ), #53 ) ;
#2382 = DIRECTION ( 'NONE',  ( -0.000000000000000000, -0.000000000000000000, -1.000000000000000000 ) ) ;
#2383 = CARTESIAN_POINT ( 'NONE',  ( 0.4150000000000000910, 0.2099999999999999367, 0.2500000000000000000 ) ) ;
#2384 = PRESENTATION_STYLE_ASSIGNMENT (( #1782 ) ) ;
#2385 = ORIENTED_EDGE ( 'NONE', *, *, #438, .F. ) ;
#2386 = AXIS2_PLACEMENT_3D ( 'NONE', #1733, #997, #220 ) ;
#2387 = ORIENTED_EDGE ( 'NONE', *, *, #2188, .T. ) ;
#2388 = EDGE_CURVE ( 'NONE', #1813, #1855, #1514, .T. ) ;
#2389 = ORIENTED_EDGE ( 'NONE', *, *, #487, .F. ) ;
#2390 = AXIS2_PLACEMENT_3D ( 'NONE', #680, #2451, #1234 ) ;
#2391 = DIRECTION ( 'NONE',  ( -1.000000000000000000, -0.000000000000000000, -0.000000000000000000 ) ) ;
#2392 = CARTESIAN_POINT ( 'NONE',  ( 0.1250000000000000000, 0.7099999999999999645, 0.1730000000000000426 ) ) ;
#2393 = LINE ( 'NONE', #696, #439 ) ;
#2394 = AXIS2_PLACEMENT_3D ( 'NONE', #693, #1764, #2369 ) ;
#2395 = FILL_AREA_STYLE_COLOUR ( '', #1427 ) ;
#2396 = DIRECTION ( 'NONE',  ( 1.000000000000000000, 0.000000000000000000, 0.000000000000000000 ) ) ;
#2397 = VECTOR ( 'NONE', #694, 1000.000000000000000 ) ;
#2398 = UNCERTAINTY_MEASURE_WITH_UNIT (LENGTH_MEASURE( 1.000000000000000082E-05 ), #1342, 'distance_accuracy_value', 'NONE');
#2399 = PRESENTATION_LAYER_ASSIGNMENT (  '', '', ( #27 ) ) ;
#2400 = ORIENTED_EDGE ( 'NONE', *, *, #1929, .T. ) ;
#2401 = LINE ( 'NONE', #2021, #128 ) ;
#2402 = PRESENTATION_LAYER_ASSIGNMENT (  '', '', ( #683 ) ) ;
#2403 = DIRECTION ( 'NONE',  ( 0.7071067811865474617, -0.7071067811865474617, 0.000000000000000000 ) ) ;
#2404 = ORIENTED_EDGE ( 'NONE', *, *, #852, .T. ) ;
#2405 = VERTEX_POINT ( 'NONE', #2049 ) ;
#2406 = VECTOR ( 'NONE', #986, 1000.000000000000000 ) ;
#2407 = CARTESIAN_POINT ( 'NONE',  ( -0.1250000000000000555, -0.7099999999999999645, 0.1730000000000000426 ) ) ;
#2408 = EDGE_CURVE ( 'NONE', #1057, #77, #2370, .T. ) ;
#2409 = COLOUR_RGB ( '',0.6666666666666666297, 0.6980392156862744724, 0.7686274509803920907 ) ;
#2410 = CARTESIAN_POINT ( 'NONE',  ( -0.01500000000000006710, 0.2099999999999999367, 0.3000000000000000444 ) ) ;
#2411 = AXIS2_PLACEMENT_3D ( 'NONE', #844, #2365, #2183 ) ;
#2412 = ADVANCED_FACE ( 'NONE', ( #562 ), #926, .T. ) ;
#2413 =( LENGTH_UNIT ( ) NAMED_UNIT ( * ) SI_UNIT ( .MILLI., .METRE. ) );
#2414 = EDGE_LOOP ( 'NONE', ( #59, #2211, #252, #221, #1346, #1115 ) ) ;
#2415 =( LENGTH_UNIT ( ) NAMED_UNIT ( * ) SI_UNIT ( .MILLI., .METRE. ) );
#2416 = LINE ( 'NONE', #279, #452 ) ;
#2417 =( NAMED_UNIT ( * ) PLANE_ANGLE_UNIT ( ) SI_UNIT ( $, .RADIAN. ) );
#2418 = ORIENTED_EDGE ( 'NONE', *, *, #629, .T. ) ;
#2419 = FACE_OUTER_BOUND ( 'NONE', #389, .T. ) ;
#2420 =( NAMED_UNIT ( * ) SI_UNIT ( $, .STERADIAN. ) SOLID_ANGLE_UNIT ( ) );
#2421 = CARTESIAN_POINT ( 'NONE',  ( 0.01500000000000001159, -0.2099999999999999367, 0.3000000000000000444 ) ) ;
#2422 = ADVANCED_FACE ( 'NONE', ( #1867 ), #1091, .F. ) ;
#2423 = UNCERTAINTY_MEASURE_WITH_UNIT (LENGTH_MEASURE( 1.000000000000000082E-05 ), #1011, 'distance_accuracy_value', 'NONE');
#2424 = ORIENTED_EDGE ( 'NONE', *, *, #1278, .T. ) ;
#2425 = PRESENTATION_STYLE_ASSIGNMENT (( #1842 ) ) ;
#2426 = FACE_OUTER_BOUND ( 'NONE', #1845, .T. ) ;
#2427 =( NAMED_UNIT ( * ) PLANE_ANGLE_UNIT ( ) SI_UNIT ( $, .RADIAN. ) );
#2428 = DIRECTION ( 'NONE',  ( 0.000000000000000000, 0.000000000000000000, -1.000000000000000000 ) ) ;
#2429 = EDGE_LOOP ( 'NONE', ( #1746, #672, #1419, #901 ) ) ;
#2430 = COLOUR_RGB ( '',0.6666666666666666297, 0.6980392156862744724, 0.7686274509803920907 ) ;
#2431 = CARTESIAN_POINT ( 'NONE',  ( -0.01499999999999926739, -0.09999999999999993616, 0.3000000000000000444 ) ) ;
#2432 = DIRECTION ( 'NONE',  ( -1.000000000000000000, 0.000000000000000000, -0.000000000000000000 ) ) ;
#2433 = DIRECTION ( 'NONE',  ( -0.000000000000000000, -0.000000000000000000, -1.000000000000000000 ) ) ;
#2434 = VECTOR ( 'NONE', #2214, 1000.000000000000000 ) ;
#2435 = CARTESIAN_POINT ( 'NONE',  ( 0.5250000000000000222, 0.2100000000000007139, 0.3000000000000000444 ) ) ;
#2436 = CARTESIAN_POINT ( 'NONE',  ( -0.2750000000000000222, -0.2100000000000007139, 0.3000000000000000444 ) ) ;
#2437 = MECHANICAL_DESIGN_GEOMETRIC_PRESENTATION_REPRESENTATION (  '', ( #241 ), #1624 ) ;
#2438 = VERTEX_POINT ( 'NONE', #429 ) ;
#2439 = CARTESIAN_POINT ( 'NONE',  ( -0.5250000000000000222, -0.6999999999999998446, 0.2500000000000000000 ) ) ;
#2440 = VECTOR ( 'NONE', #934, 1000.000000000000000 ) ;
#2441 =( LENGTH_UNIT ( ) NAMED_UNIT ( * ) SI_UNIT ( .MILLI., .METRE. ) );
#2442 = EDGE_CURVE ( 'NONE', #87, #721, #230, .T. ) ;
#2443 = FILL_AREA_STYLE_COLOUR ( '', #1593 ) ;
#2444 = CIRCLE ( 'NONE', #1742, 0.1099999999999999589 ) ;
#2445 = CARTESIAN_POINT ( 'NONE',  ( 0.1250000000000000000, -0.7099999999999999645, 0.3000000000000000444 ) ) ;
#2446 = ORIENTED_EDGE ( 'NONE', *, *, #1381, .T. ) ;
#2447 = AXIS2_PLACEMENT_3D ( 'NONE', #1682, #2456, #736 ) ;
#2448 =( LENGTH_UNIT ( ) NAMED_UNIT ( * ) SI_UNIT ( .MILLI., .METRE. ) );
#2449 = PRESENTATION_LAYER_ASSIGNMENT (  '', '', ( #135 ) ) ;
#2450 = LINE ( 'NONE', #1504, #203 ) ;
#2451 = DIRECTION ( 'NONE',  ( 0.000000000000000000, 0.000000000000000000, 1.000000000000000000 ) ) ;
#2452 = FACE_OUTER_BOUND ( 'NONE', #1479, .T. ) ;
#2453 = STYLED_ITEM ( 'NONE', ( #2166 ), #2293 ) ;
#2454 = UNCERTAINTY_MEASURE_WITH_UNIT (LENGTH_MEASURE( 1.000000000000000082E-05 ), #1446, 'distance_accuracy_value', 'NONE');
#2455 = ORIENTED_EDGE ( 'NONE', *, *, #1595, .F. ) ;
#2456 = DIRECTION ( 'NONE',  ( 0.000000000000000000, 0.000000000000000000, -1.000000000000000000 ) ) ;
#2457 = FILL_AREA_STYLE ('',( #526 ) ) ;
#2458 = FILL_AREA_STYLE ('',( #2061 ) ) ;
#2459 = ORIENTED_EDGE ( 'NONE', *, *, #758, .F. ) ;
#2460 = EDGE_CURVE ( 'NONE', #591, #523, #2136, .T. ) ;
#2461 = CARTESIAN_POINT ( 'NONE',  ( -0.4250000000000000999, 0.09999999999999993616, 0.3000000000000000444 ) ) ;
#2462 = FILL_AREA_STYLE ('',( #1904 ) ) ;
#2463 = DIRECTION ( 'NONE',  ( 1.000000000000000000, 0.000000000000000000, 0.000000000000000000 ) ) ;
ENDSEC;
END-ISO-10303-21;
