ISO-10303-21;
HEADER;
FILE_DESCRIPTION( ( 'STEP AP214' ), ' ' );
FILE_NAME( 'C:/Users/KMIROS~1/AppData/Local/Temp/psolqas08422879722.stp', '2017-10-30T07:42:28', ( '' ), ( '' ), ' ', 'PARTsolutions', ' ' );
FILE_SCHEMA( ( 'AUTOMOTIVE_DESIGN { 1 0 10303 214 1 1 1 1 }' ) );
ENDSEC;
DATA;
#1 = PRODUCT_DEFINITION_CONTEXT( '', #9, 'design' );
#2 = APPLICATION_PROTOCOL_DEFINITION( 'international standard', 'automotive_design', 2001, #9 );
#3 = PRODUCT_CATEGORY_RELATIONSHIP( 'NONE', 'NONE', #10, #11 );
#4 = SHAPE_DEFINITION_REPRESENTATION( #12, #13 );
#5 =  ( GEOMETRIC_REPRESENTATION_CONTEXT( 3 )GLOBAL_UNCERTAINTY_ASSIGNED_CONTEXT( ( #16 ) )GLOBAL_UNIT_ASSIGNED_CONTEXT( ( #18, #19, #20 ) )REPRESENTATION_CONTEXT( 'NONE', 'WORKSPACE' ) );
#9 = APPLICATION_CONTEXT( 'core data for automotive mechanical design processes' );
#10 = PRODUCT_CATEGORY( 'part', 'NONE' );
#11 = PRODUCT_RELATED_PRODUCT_CATEGORY( 'detail', ' ', ( #22 ) );
#12 = PRODUCT_DEFINITION_SHAPE( 'NONE', 'NONE', #23 );
#13 = ADVANCED_BREP_SHAPE_REPRESENTATION( '1', ( #24, #25 ), #5 );
#16 = UNCERTAINTY_MEASURE_WITH_UNIT( LENGTH_MEASURE( 1.00000000000000E-006 ), #18, '', '' );
#18 =  ( CONVERSION_BASED_UNIT( 'METRE', #28 )LENGTH_UNIT(  )NAMED_UNIT( #31 ) );
#19 =  ( NAMED_UNIT( #33 )PLANE_ANGLE_UNIT(  )SI_UNIT( $, .RADIAN. ) );
#20 =  ( NAMED_UNIT( #33 )SI_UNIT( $, .STERADIAN. )SOLID_ANGLE_UNIT(  ) );
#22 = PRODUCT( '1', '1', 'PART-1-DESC', ( #39 ) );
#23 = PRODUCT_DEFINITION( 'NONE', 'NONE', #40, #1 );
#24 = MANIFOLD_SOLID_BREP( '1', #41 );
#25 = AXIS2_PLACEMENT_3D( '', #42, #43, #44 );
#28 = LENGTH_MEASURE_WITH_UNIT( LENGTH_MEASURE( 1.00000000000000 ), #45 );
#31 = DIMENSIONAL_EXPONENTS( 1.00000000000000, 0.000000000000000, 0.000000000000000, 0.000000000000000, 0.000000000000000, 0.000000000000000, 0.000000000000000 );
#33 = DIMENSIONAL_EXPONENTS( 0.000000000000000, 0.000000000000000, 0.000000000000000, 0.000000000000000, 0.000000000000000, 0.000000000000000, 0.000000000000000 );
#39 = PRODUCT_CONTEXT( '', #9, 'mechanical' );
#40 = PRODUCT_DEFINITION_FORMATION_WITH_SPECIFIED_SOURCE( ' ', 'NONE', #22, .NOT_KNOWN. );
#41 = CLOSED_SHELL( '', ( #46, #47, #48, #49, #50, #51, #52, #53, #54, #55, #56, #57, #58, #59, #60, #61, #62, #63, #64, #65, #66, #67, #68, #69, #70, #71, #72, #73, #74, #75, #76, #77, #78, #79, #80, #81, #82, #83, #84, #85, #86, #87, #88, #89, #90, #91, #92, #93, #94, #95, #96, #97, #98, #99, #100, #101, #102, #103, #104, #105, #106, #107, #108, #109, #110, #111, #112, #113, #114, #115, #116, #117, #118, #119, #120, #121, #122, #123, #124, #125, #126, #127, #128, #129, #130, #131, #132, #133, #134, #135, #136, #137, #138, #139, #140, #141, #142, #143, #144, #145, #146, #147, #148, #149, #150, #151, #152, #153, #154, #155, #156, #157, #158, #159, #160, #161, #162, #163, #164, #165, #166, #167, #168, #169, #170, #171, #172, #173, #174, #175, #176, #177, #178, #179, #180, #181, #182, #183, #184, #185, #186, #187, #188, #189, #190, #191, #192, #193, #194, #195, #196, #197, #198, #199, #200, #201, #202, #203, #204, #205, #206, #207, #208, #209, #210, #211, #212, #213, #214, #215, #216, #217, #218, #219, #220, #221, #222, #223, #224, #225, #226, #227, #228, #229, #230, #231, #232, #233, #234, #235, #236, #237, #238, #239, #240, #241, #242, #243, #244, #245, #246, #247, #248, #249, #250, #251, #252, #253, #254, #255, #256, #257, #258, #259, #260, #261, #262, #263, #264, #265, #266, #267, #268, #269, #270, #271, #272, #273, #274, #275, #276, #277, #278, #279, #280, #281, #282, #283, #284, #285, #286, #287, #288, #289, #290, #291, #292, #293, #294, #295, #296, #297, #298, #299, #300, #301, #302, #303, #304, #305, #306, #307, #308, #309, #310, #311, #312, #313, #314, #315, #316, #317, #318, #319, #320, #321, #322, #323, #324, #325, #326, #327, #328, #329, #330, #331, #332, #333, #334, #335, #336, #337, #338, #339, #340, #341, #342, #343, #344, #345, #346, #347, #348, #349, #350, #351, #352, #353, #354, #355, #356, #357, #358, #359, #360, #361, #362, #363, #364, #365, #366, #367, #368, #369, #370, #371, #372, #373, #374, #375, #376, #377, #378, #379, #380, #381, #382, #383, #384, #385, #386, #387, #388, #389, #390, #391, #392, #393, #394, #395 ) );
#42 = CARTESIAN_POINT( '', ( 0.000000000000000, 0.000000000000000, 0.000000000000000 ) );
#43 = DIRECTION( '', ( 0.000000000000000, 0.000000000000000, 1.00000000000000 ) );
#44 = DIRECTION( '', ( 1.00000000000000, 0.000000000000000, 0.000000000000000 ) );
#45 =  ( LENGTH_UNIT(  )NAMED_UNIT( #31 )SI_UNIT( $, .METRE. ) );
#46 = ADVANCED_FACE( '', ( #397 ), #398, .F. );
#47 = ADVANCED_FACE( '', ( #399 ), #400, .T. );
#48 = ADVANCED_FACE( '', ( #401 ), #402, .F. );
#49 = ADVANCED_FACE( '', ( #403 ), #404, .F. );
#50 = ADVANCED_FACE( '', ( #405 ), #406, .T. );
#51 = ADVANCED_FACE( '', ( #407 ), #408, .T. );
#52 = ADVANCED_FACE( '', ( #409 ), #410, .T. );
#53 = ADVANCED_FACE( '', ( #411 ), #412, .T. );
#54 = ADVANCED_FACE( '', ( #413 ), #414, .F. );
#55 = ADVANCED_FACE( '', ( #415 ), #416, .T. );
#56 = ADVANCED_FACE( '', ( #417 ), #418, .T. );
#57 = ADVANCED_FACE( '', ( #419 ), #420, .T. );
#58 = ADVANCED_FACE( '', ( #421 ), #422, .T. );
#59 = ADVANCED_FACE( '', ( #423 ), #424, .T. );
#60 = ADVANCED_FACE( '', ( #425 ), #426, .T. );
#61 = ADVANCED_FACE( '', ( #427 ), #428, .T. );
#62 = ADVANCED_FACE( '', ( #429 ), #430, .T. );
#63 = ADVANCED_FACE( '', ( #431 ), #432, .T. );
#64 = ADVANCED_FACE( '', ( #433 ), #434, .T. );
#65 = ADVANCED_FACE( '', ( #435 ), #436, .T. );
#66 = ADVANCED_FACE( '', ( #437 ), #438, .T. );
#67 = ADVANCED_FACE( '', ( #439 ), #440, .T. );
#68 = ADVANCED_FACE( '', ( #441 ), #442, .T. );
#69 = ADVANCED_FACE( '', ( #443 ), #444, .T. );
#70 = ADVANCED_FACE( '', ( #445 ), #446, .T. );
#71 = ADVANCED_FACE( '', ( #447 ), #448, .T. );
#72 = ADVANCED_FACE( '', ( #449 ), #450, .F. );
#73 = ADVANCED_FACE( '', ( #451, #452 ), #453, .T. );
#74 = ADVANCED_FACE( '', ( #454 ), #455, .T. );
#75 = ADVANCED_FACE( '', ( #456 ), #457, .T. );
#76 = ADVANCED_FACE( '', ( #458 ), #459, .F. );
#77 = ADVANCED_FACE( '', ( #460 ), #461, .T. );
#78 = ADVANCED_FACE( '', ( #462 ), #463, .T. );
#79 = ADVANCED_FACE( '', ( #464 ), #465, .T. );
#80 = ADVANCED_FACE( '', ( #466 ), #467, .T. );
#81 = ADVANCED_FACE( '', ( #468 ), #469, .F. );
#82 = ADVANCED_FACE( '', ( #470 ), #471, .T. );
#83 = ADVANCED_FACE( '', ( #472 ), #473, .T. );
#84 = ADVANCED_FACE( '', ( #474, #475, #476, #477 ), #478, .T. );
#85 = ADVANCED_FACE( '', ( #479 ), #480, .F. );
#86 = ADVANCED_FACE( '', ( #481 ), #482, .T. );
#87 = ADVANCED_FACE( '', ( #483 ), #484, .T. );
#88 = ADVANCED_FACE( '', ( #485 ), #486, .T. );
#89 = ADVANCED_FACE( '', ( #487 ), #488, .T. );
#90 = ADVANCED_FACE( '', ( #489 ), #490, .F. );
#91 = ADVANCED_FACE( '', ( #491 ), #492, .T. );
#92 = ADVANCED_FACE( '', ( #493 ), #494, .T. );
#93 = ADVANCED_FACE( '', ( #495 ), #496, .T. );
#94 = ADVANCED_FACE( '', ( #497 ), #498, .T. );
#95 = ADVANCED_FACE( '', ( #499 ), #500, .T. );
#96 = ADVANCED_FACE( '', ( #501 ), #502, .T. );
#97 = ADVANCED_FACE( '', ( #503 ), #504, .T. );
#98 = ADVANCED_FACE( '', ( #505 ), #506, .T. );
#99 = ADVANCED_FACE( '', ( #507 ), #508, .T. );
#100 = ADVANCED_FACE( '', ( #509 ), #510, .T. );
#101 = ADVANCED_FACE( '', ( #511 ), #512, .T. );
#102 = ADVANCED_FACE( '', ( #513 ), #514, .T. );
#103 = ADVANCED_FACE( '', ( #515 ), #516, .T. );
#104 = ADVANCED_FACE( '', ( #517 ), #518, .T. );
#105 = ADVANCED_FACE( '', ( #519, #520 ), #521, .T. );
#106 = ADVANCED_FACE( '', ( #522 ), #523, .F. );
#107 = ADVANCED_FACE( '', ( #524 ), #525, .F. );
#108 = ADVANCED_FACE( '', ( #526 ), #527, .T. );
#109 = ADVANCED_FACE( '', ( #528 ), #529, .T. );
#110 = ADVANCED_FACE( '', ( #530 ), #531, .T. );
#111 = ADVANCED_FACE( '', ( #532 ), #533, .T. );
#112 = ADVANCED_FACE( '', ( #534 ), #535, .T. );
#113 = ADVANCED_FACE( '', ( #536 ), #537, .T. );
#114 = ADVANCED_FACE( '', ( #538 ), #539, .T. );
#115 = ADVANCED_FACE( '', ( #540 ), #541, .F. );
#116 = ADVANCED_FACE( '', ( #542 ), #543, .T. );
#117 = ADVANCED_FACE( '', ( #544 ), #545, .T. );
#118 = ADVANCED_FACE( '', ( #546 ), #547, .F. );
#119 = ADVANCED_FACE( '', ( #548 ), #549, .F. );
#120 = ADVANCED_FACE( '', ( #550 ), #551, .T. );
#121 = ADVANCED_FACE( '', ( #552 ), #553, .T. );
#122 = ADVANCED_FACE( '', ( #554 ), #555, .T. );
#123 = ADVANCED_FACE( '', ( #556 ), #557, .T. );
#124 = ADVANCED_FACE( '', ( #558 ), #559, .T. );
#125 = ADVANCED_FACE( '', ( #560 ), #561, .F. );
#126 = ADVANCED_FACE( '', ( #562 ), #563, .F. );
#127 = ADVANCED_FACE( '', ( #564 ), #565, .T. );
#128 = ADVANCED_FACE( '', ( #566 ), #567, .T. );
#129 = ADVANCED_FACE( '', ( #568 ), #569, .T. );
#130 = ADVANCED_FACE( '', ( #570, #571 ), #572, .F. );
#131 = ADVANCED_FACE( '', ( #573 ), #574, .T. );
#132 = ADVANCED_FACE( '', ( #575 ), #576, .F. );
#133 = ADVANCED_FACE( '', ( #577 ), #578, .T. );
#134 = ADVANCED_FACE( '', ( #579 ), #580, .T. );
#135 = ADVANCED_FACE( '', ( #581 ), #582, .T. );
#136 = ADVANCED_FACE( '', ( #583 ), #584, .T. );
#137 = ADVANCED_FACE( '', ( #585 ), #586, .F. );
#138 = ADVANCED_FACE( '', ( #587 ), #588, .T. );
#139 = ADVANCED_FACE( '', ( #589 ), #590, .T. );
#140 = ADVANCED_FACE( '', ( #591 ), #592, .F. );
#141 = ADVANCED_FACE( '', ( #593 ), #594, .F. );
#142 = ADVANCED_FACE( '', ( #595 ), #596, .F. );
#143 = ADVANCED_FACE( '', ( #597 ), #598, .T. );
#144 = ADVANCED_FACE( '', ( #599, #600 ), #601, .F. );
#145 = ADVANCED_FACE( '', ( #602 ), #603, .T. );
#146 = ADVANCED_FACE( '', ( #604 ), #605, .F. );
#147 = ADVANCED_FACE( '', ( #606 ), #607, .F. );
#148 = ADVANCED_FACE( '', ( #608 ), #609, .T. );
#149 = ADVANCED_FACE( '', ( #610 ), #611, .T. );
#150 = ADVANCED_FACE( '', ( #612 ), #613, .T. );
#151 = ADVANCED_FACE( '', ( #614 ), #615, .T. );
#152 = ADVANCED_FACE( '', ( #616 ), #617, .T. );
#153 = ADVANCED_FACE( '', ( #618 ), #619, .T. );
#154 = ADVANCED_FACE( '', ( #620 ), #621, .T. );
#155 = ADVANCED_FACE( '', ( #622 ), #623, .T. );
#156 = ADVANCED_FACE( '', ( #624 ), #625, .T. );
#157 = ADVANCED_FACE( '', ( #626 ), #627, .F. );
#158 = ADVANCED_FACE( '', ( #628 ), #629, .T. );
#159 = ADVANCED_FACE( '', ( #630 ), #631, .T. );
#160 = ADVANCED_FACE( '', ( #632 ), #633, .F. );
#161 = ADVANCED_FACE( '', ( #634 ), #635, .T. );
#162 = ADVANCED_FACE( '', ( #636 ), #637, .T. );
#163 = ADVANCED_FACE( '', ( #638 ), #639, .T. );
#164 = ADVANCED_FACE( '', ( #640 ), #641, .T. );
#165 = ADVANCED_FACE( '', ( #642 ), #643, .T. );
#166 = ADVANCED_FACE( '', ( #644 ), #645, .T. );
#167 = ADVANCED_FACE( '', ( #646 ), #647, .F. );
#168 = ADVANCED_FACE( '', ( #648 ), #649, .T. );
#169 = ADVANCED_FACE( '', ( #650 ), #651, .T. );
#170 = ADVANCED_FACE( '', ( #652 ), #653, .T. );
#171 = ADVANCED_FACE( '', ( #654 ), #655, .T. );
#172 = ADVANCED_FACE( '', ( #656 ), #657, .T. );
#173 = ADVANCED_FACE( '', ( #658 ), #659, .T. );
#174 = ADVANCED_FACE( '', ( #660 ), #661, .T. );
#175 = ADVANCED_FACE( '', ( #662 ), #663, .T. );
#176 = ADVANCED_FACE( '', ( #664 ), #665, .T. );
#177 = ADVANCED_FACE( '', ( #666 ), #667, .F. );
#178 = ADVANCED_FACE( '', ( #668 ), #669, .T. );
#179 = ADVANCED_FACE( '', ( #670 ), #671, .T. );
#180 = ADVANCED_FACE( '', ( #672, #673 ), #674, .F. );
#181 = ADVANCED_FACE( '', ( #675 ), #676, .T. );
#182 = ADVANCED_FACE( '', ( #677 ), #678, .T. );
#183 = ADVANCED_FACE( '', ( #679 ), #680, .T. );
#184 = ADVANCED_FACE( '', ( #681 ), #682, .T. );
#185 = ADVANCED_FACE( '', ( #683 ), #684, .F. );
#186 = ADVANCED_FACE( '', ( #685 ), #686, .T. );
#187 = ADVANCED_FACE( '', ( #687, #688 ), #689, .T. );
#188 = ADVANCED_FACE( '', ( #690 ), #691, .F. );
#189 = ADVANCED_FACE( '', ( #692 ), #693, .F. );
#190 = ADVANCED_FACE( '', ( #694 ), #695, .T. );
#191 = ADVANCED_FACE( '', ( #696 ), #697, .T. );
#192 = ADVANCED_FACE( '', ( #698 ), #699, .T. );
#193 = ADVANCED_FACE( '', ( #700 ), #701, .T. );
#194 = ADVANCED_FACE( '', ( #702 ), #703, .T. );
#195 = ADVANCED_FACE( '', ( #704 ), #705, .T. );
#196 = ADVANCED_FACE( '', ( #706 ), #707, .T. );
#197 = ADVANCED_FACE( '', ( #708 ), #709, .F. );
#198 = ADVANCED_FACE( '', ( #710 ), #711, .F. );
#199 = ADVANCED_FACE( '', ( #712 ), #713, .T. );
#200 = ADVANCED_FACE( '', ( #714 ), #715, .T. );
#201 = ADVANCED_FACE( '', ( #716 ), #717, .F. );
#202 = ADVANCED_FACE( '', ( #718 ), #719, .T. );
#203 = ADVANCED_FACE( '', ( #720 ), #721, .F. );
#204 = ADVANCED_FACE( '', ( #722 ), #723, .T. );
#205 = ADVANCED_FACE( '', ( #724 ), #725, .F. );
#206 = ADVANCED_FACE( '', ( #726 ), #727, .T. );
#207 = ADVANCED_FACE( '', ( #728 ), #729, .F. );
#208 = ADVANCED_FACE( '', ( #730 ), #731, .T. );
#209 = ADVANCED_FACE( '', ( #732 ), #733, .T. );
#210 = ADVANCED_FACE( '', ( #734 ), #735, .T. );
#211 = ADVANCED_FACE( '', ( #736 ), #737, .T. );
#212 = ADVANCED_FACE( '', ( #738 ), #739, .T. );
#213 = ADVANCED_FACE( '', ( #740 ), #741, .F. );
#214 = ADVANCED_FACE( '', ( #742 ), #743, .T. );
#215 = ADVANCED_FACE( '', ( #744 ), #745, .T. );
#216 = ADVANCED_FACE( '', ( #746 ), #747, .F. );
#217 = ADVANCED_FACE( '', ( #748 ), #749, .F. );
#218 = ADVANCED_FACE( '', ( #750 ), #751, .T. );
#219 = ADVANCED_FACE( '', ( #752 ), #753, .T. );
#220 = ADVANCED_FACE( '', ( #754 ), #755, .T. );
#221 = ADVANCED_FACE( '', ( #756 ), #757, .T. );
#222 = ADVANCED_FACE( '', ( #758 ), #759, .T. );
#223 = ADVANCED_FACE( '', ( #760 ), #761, .T. );
#224 = ADVANCED_FACE( '', ( #762 ), #763, .F. );
#225 = ADVANCED_FACE( '', ( #764 ), #765, .T. );
#226 = ADVANCED_FACE( '', ( #766 ), #767, .F. );
#227 = ADVANCED_FACE( '', ( #768 ), #769, .T. );
#228 = ADVANCED_FACE( '', ( #770 ), #771, .F. );
#229 = ADVANCED_FACE( '', ( #772 ), #773, .T. );
#230 = ADVANCED_FACE( '', ( #774 ), #775, .F. );
#231 = ADVANCED_FACE( '', ( #776 ), #777, .T. );
#232 = ADVANCED_FACE( '', ( #778 ), #779, .T. );
#233 = ADVANCED_FACE( '', ( #780 ), #781, .T. );
#234 = ADVANCED_FACE( '', ( #782 ), #783, .T. );
#235 = ADVANCED_FACE( '', ( #784 ), #785, .T. );
#236 = ADVANCED_FACE( '', ( #786 ), #787, .T. );
#237 = ADVANCED_FACE( '', ( #788 ), #789, .T. );
#238 = ADVANCED_FACE( '', ( #790 ), #791, .T. );
#239 = ADVANCED_FACE( '', ( #792 ), #793, .T. );
#240 = ADVANCED_FACE( '', ( #794 ), #795, .T. );
#241 = ADVANCED_FACE( '', ( #796 ), #797, .T. );
#242 = ADVANCED_FACE( '', ( #798 ), #799, .F. );
#243 = ADVANCED_FACE( '', ( #800 ), #801, .F. );
#244 = ADVANCED_FACE( '', ( #802, #803 ), #804, .F. );
#245 = ADVANCED_FACE( '', ( #805 ), #806, .F. );
#246 = ADVANCED_FACE( '', ( #807, #808, #809, #810 ), #811, .T. );
#247 = ADVANCED_FACE( '', ( #812 ), #813, .F. );
#248 = ADVANCED_FACE( '', ( #814 ), #815, .T. );
#249 = ADVANCED_FACE( '', ( #816 ), #817, .T. );
#250 = ADVANCED_FACE( '', ( #818 ), #819, .F. );
#251 = ADVANCED_FACE( '', ( #820, #821 ), #822, .F. );
#252 = ADVANCED_FACE( '', ( #823 ), #824, .T. );
#253 = ADVANCED_FACE( '', ( #825 ), #826, .T. );
#254 = ADVANCED_FACE( '', ( #827 ), #828, .F. );
#255 = ADVANCED_FACE( '', ( #829 ), #830, .T. );
#256 = ADVANCED_FACE( '', ( #831 ), #832, .F. );
#257 = ADVANCED_FACE( '', ( #833 ), #834, .T. );
#258 = ADVANCED_FACE( '', ( #835 ), #836, .T. );
#259 = ADVANCED_FACE( '', ( #837, #838 ), #839, .T. );
#260 = ADVANCED_FACE( '', ( #840, #841 ), #842, .T. );
#261 = ADVANCED_FACE( '', ( #843 ), #844, .F. );
#262 = ADVANCED_FACE( '', ( #845 ), #846, .T. );
#263 = ADVANCED_FACE( '', ( #847 ), #848, .F. );
#264 = ADVANCED_FACE( '', ( #849 ), #850, .T. );
#265 = ADVANCED_FACE( '', ( #851 ), #852, .F. );
#266 = ADVANCED_FACE( '', ( #853 ), #854, .F. );
#267 = ADVANCED_FACE( '', ( #855 ), #856, .F. );
#268 = ADVANCED_FACE( '', ( #857 ), #858, .T. );
#269 = ADVANCED_FACE( '', ( #859 ), #860, .T. );
#270 = ADVANCED_FACE( '', ( #861 ), #862, .T. );
#271 = ADVANCED_FACE( '', ( #863 ), #864, .F. );
#272 = ADVANCED_FACE( '', ( #865 ), #866, .T. );
#273 = ADVANCED_FACE( '', ( #867 ), #868, .T. );
#274 = ADVANCED_FACE( '', ( #869 ), #870, .T. );
#275 = ADVANCED_FACE( '', ( #871 ), #872, .T. );
#276 = ADVANCED_FACE( '', ( #873 ), #874, .T. );
#277 = ADVANCED_FACE( '', ( #875 ), #876, .T. );
#278 = ADVANCED_FACE( '', ( #877 ), #878, .T. );
#279 = ADVANCED_FACE( '', ( #879 ), #880, .T. );
#280 = ADVANCED_FACE( '', ( #881 ), #882, .T. );
#281 = ADVANCED_FACE( '', ( #883 ), #884, .T. );
#282 = ADVANCED_FACE( '', ( #885 ), #886, .T. );
#283 = ADVANCED_FACE( '', ( #887 ), #888, .T. );
#284 = ADVANCED_FACE( '', ( #889 ), #890, .T. );
#285 = ADVANCED_FACE( '', ( #891 ), #892, .T. );
#286 = ADVANCED_FACE( '', ( #893 ), #894, .T. );
#287 = ADVANCED_FACE( '', ( #895 ), #896, .T. );
#288 = ADVANCED_FACE( '', ( #897 ), #898, .F. );
#289 = ADVANCED_FACE( '', ( #899 ), #900, .T. );
#290 = ADVANCED_FACE( '', ( #901 ), #902, .F. );
#291 = ADVANCED_FACE( '', ( #903 ), #904, .T. );
#292 = ADVANCED_FACE( '', ( #905 ), #906, .T. );
#293 = ADVANCED_FACE( '', ( #907 ), #908, .T. );
#294 = ADVANCED_FACE( '', ( #909 ), #910, .T. );
#295 = ADVANCED_FACE( '', ( #911 ), #912, .T. );
#296 = ADVANCED_FACE( '', ( #913 ), #914, .T. );
#297 = ADVANCED_FACE( '', ( #915 ), #916, .T. );
#298 = ADVANCED_FACE( '', ( #917 ), #918, .F. );
#299 = ADVANCED_FACE( '', ( #919 ), #920, .T. );
#300 = ADVANCED_FACE( '', ( #921 ), #922, .T. );
#301 = ADVANCED_FACE( '', ( #923 ), #924, .T. );
#302 = ADVANCED_FACE( '', ( #925 ), #926, .F. );
#303 = ADVANCED_FACE( '', ( #927 ), #928, .T. );
#304 = ADVANCED_FACE( '', ( #929 ), #930, .F. );
#305 = ADVANCED_FACE( '', ( #931 ), #932, .F. );
#306 = ADVANCED_FACE( '', ( #933 ), #934, .T. );
#307 = ADVANCED_FACE( '', ( #935 ), #936, .F. );
#308 = ADVANCED_FACE( '', ( #937 ), #938, .F. );
#309 = ADVANCED_FACE( '', ( #939 ), #940, .T. );
#310 = ADVANCED_FACE( '', ( #941 ), #942, .T. );
#311 = ADVANCED_FACE( '', ( #943 ), #944, .T. );
#312 = ADVANCED_FACE( '', ( #945 ), #946, .T. );
#313 = ADVANCED_FACE( '', ( #947 ), #948, .T. );
#314 = ADVANCED_FACE( '', ( #949 ), #950, .F. );
#315 = ADVANCED_FACE( '', ( #951 ), #952, .T. );
#316 = ADVANCED_FACE( '', ( #953 ), #954, .T. );
#317 = ADVANCED_FACE( '', ( #955 ), #956, .F. );
#318 = ADVANCED_FACE( '', ( #957 ), #958, .T. );
#319 = ADVANCED_FACE( '', ( #959 ), #960, .T. );
#320 = ADVANCED_FACE( '', ( #961 ), #962, .T. );
#321 = ADVANCED_FACE( '', ( #963 ), #964, .T. );
#322 = ADVANCED_FACE( '', ( #965 ), #966, .T. );
#323 = ADVANCED_FACE( '', ( #967 ), #968, .T. );
#324 = ADVANCED_FACE( '', ( #969 ), #970, .T. );
#325 = ADVANCED_FACE( '', ( #971 ), #972, .T. );
#326 = ADVANCED_FACE( '', ( #973 ), #974, .T. );
#327 = ADVANCED_FACE( '', ( #975 ), #976, .T. );
#328 = ADVANCED_FACE( '', ( #977 ), #978, .T. );
#329 = ADVANCED_FACE( '', ( #979 ), #980, .T. );
#330 = ADVANCED_FACE( '', ( #981 ), #982, .F. );
#331 = ADVANCED_FACE( '', ( #983 ), #984, .T. );
#332 = ADVANCED_FACE( '', ( #985 ), #986, .T. );
#333 = ADVANCED_FACE( '', ( #987 ), #988, .T. );
#334 = ADVANCED_FACE( '', ( #989 ), #990, .T. );
#335 = ADVANCED_FACE( '', ( #991 ), #992, .T. );
#336 = ADVANCED_FACE( '', ( #993 ), #994, .T. );
#337 = ADVANCED_FACE( '', ( #995 ), #996, .T. );
#338 = ADVANCED_FACE( '', ( #997 ), #998, .F. );
#339 = ADVANCED_FACE( '', ( #999 ), #1000, .F. );
#340 = ADVANCED_FACE( '', ( #1001 ), #1002, .F. );
#341 = ADVANCED_FACE( '', ( #1003 ), #1004, .T. );
#342 = ADVANCED_FACE( '', ( #1005 ), #1006, .T. );
#343 = ADVANCED_FACE( '', ( #1007 ), #1008, .T. );
#344 = ADVANCED_FACE( '', ( #1009 ), #1010, .F. );
#345 = ADVANCED_FACE( '', ( #1011 ), #1012, .F. );
#346 = ADVANCED_FACE( '', ( #1013 ), #1014, .T. );
#347 = ADVANCED_FACE( '', ( #1015 ), #1016, .T. );
#348 = ADVANCED_FACE( '', ( #1017 ), #1018, .T. );
#349 = ADVANCED_FACE( '', ( #1019 ), #1020, .F. );
#350 = ADVANCED_FACE( '', ( #1021 ), #1022, .T. );
#351 = ADVANCED_FACE( '', ( #1023 ), #1024, .T. );
#352 = ADVANCED_FACE( '', ( #1025 ), #1026, .T. );
#353 = ADVANCED_FACE( '', ( #1027 ), #1028, .F. );
#354 = ADVANCED_FACE( '', ( #1029 ), #1030, .T. );
#355 = ADVANCED_FACE( '', ( #1031 ), #1032, .T. );
#356 = ADVANCED_FACE( '', ( #1033, #1034 ), #1035, .T. );
#357 = ADVANCED_FACE( '', ( #1036 ), #1037, .F. );
#358 = ADVANCED_FACE( '', ( #1038 ), #1039, .T. );
#359 = ADVANCED_FACE( '', ( #1040 ), #1041, .T. );
#360 = ADVANCED_FACE( '', ( #1042 ), #1043, .T. );
#361 = ADVANCED_FACE( '', ( #1044 ), #1045, .T. );
#362 = ADVANCED_FACE( '', ( #1046 ), #1047, .T. );
#363 = ADVANCED_FACE( '', ( #1048 ), #1049, .T. );
#364 = ADVANCED_FACE( '', ( #1050 ), #1051, .T. );
#365 = ADVANCED_FACE( '', ( #1052 ), #1053, .T. );
#366 = ADVANCED_FACE( '', ( #1054 ), #1055, .T. );
#367 = ADVANCED_FACE( '', ( #1056 ), #1057, .F. );
#368 = ADVANCED_FACE( '', ( #1058 ), #1059, .T. );
#369 = ADVANCED_FACE( '', ( #1060 ), #1061, .T. );
#370 = ADVANCED_FACE( '', ( #1062 ), #1063, .T. );
#371 = ADVANCED_FACE( '', ( #1064 ), #1065, .T. );
#372 = ADVANCED_FACE( '', ( #1066 ), #1067, .T. );
#373 = ADVANCED_FACE( '', ( #1068 ), #1069, .F. );
#374 = ADVANCED_FACE( '', ( #1070 ), #1071, .T. );
#375 = ADVANCED_FACE( '', ( #1072 ), #1073, .T. );
#376 = ADVANCED_FACE( '', ( #1074 ), #1075, .T. );
#377 = ADVANCED_FACE( '', ( #1076 ), #1077, .T. );
#378 = ADVANCED_FACE( '', ( #1078 ), #1079, .F. );
#379 = ADVANCED_FACE( '', ( #1080 ), #1081, .F. );
#380 = ADVANCED_FACE( '', ( #1082 ), #1083, .T. );
#381 = ADVANCED_FACE( '', ( #1084 ), #1085, .T. );
#382 = ADVANCED_FACE( '', ( #1086 ), #1087, .T. );
#383 = ADVANCED_FACE( '', ( #1088 ), #1089, .T. );
#384 = ADVANCED_FACE( '', ( #1090, #1091 ), #1092, .T. );
#385 = ADVANCED_FACE( '', ( #1093 ), #1094, .T. );
#386 = ADVANCED_FACE( '', ( #1095 ), #1096, .T. );
#387 = ADVANCED_FACE( '', ( #1097 ), #1098, .T. );
#388 = ADVANCED_FACE( '', ( #1099 ), #1100, .T. );
#389 = ADVANCED_FACE( '', ( #1101 ), #1102, .T. );
#390 = ADVANCED_FACE( '', ( #1103 ), #1104, .T. );
#391 = ADVANCED_FACE( '', ( #1105 ), #1106, .T. );
#392 = ADVANCED_FACE( '', ( #1107 ), #1108, .F. );
#393 = ADVANCED_FACE( '', ( #1109 ), #1110, .T. );
#394 = ADVANCED_FACE( '', ( #1111 ), #1112, .T. );
#395 = ADVANCED_FACE( '', ( #1113 ), #1114, .F. );
#397 = FACE_OUTER_BOUND( '', #1115, .T. );
#398 = PLANE( '', #1116 );
#399 = FACE_OUTER_BOUND( '', #1117, .T. );
#400 = CYLINDRICAL_SURFACE( '', #1118, 0.000150000000000000 );
#401 = FACE_OUTER_BOUND( '', #1119, .T. );
#402 = CYLINDRICAL_SURFACE( '', #1120, 0.000150000000000000 );
#403 = FACE_OUTER_BOUND( '', #1121, .T. );
#404 = CYLINDRICAL_SURFACE( '', #1122, 0.000150000000000000 );
#405 = FACE_OUTER_BOUND( '', #1123, .T. );
#406 = CYLINDRICAL_SURFACE( '', #1124, 0.000300000000000000 );
#407 = FACE_OUTER_BOUND( '', #1125, .T. );
#408 = PLANE( '', #1126 );
#409 = FACE_OUTER_BOUND( '', #1127, .T. );
#410 = PLANE( '', #1128 );
#411 = FACE_OUTER_BOUND( '', #1129, .T. );
#412 = PLANE( '', #1130 );
#413 = FACE_OUTER_BOUND( '', #1131, .T. );
#414 = CYLINDRICAL_SURFACE( '', #1132, 0.000300000000000000 );
#415 = FACE_OUTER_BOUND( '', #1133, .T. );
#416 = PLANE( '', #1134 );
#417 = FACE_OUTER_BOUND( '', #1135, .T. );
#418 = PLANE( '', #1136 );
#419 = FACE_OUTER_BOUND( '', #1137, .T. );
#420 = PLANE( '', #1138 );
#421 = FACE_OUTER_BOUND( '', #1139, .T. );
#422 = PLANE( '', #1140 );
#423 = FACE_OUTER_BOUND( '', #1141, .T. );
#424 = PLANE( '', #1142 );
#425 = FACE_OUTER_BOUND( '', #1143, .T. );
#426 = PLANE( '', #1144 );
#427 = FACE_OUTER_BOUND( '', #1145, .T. );
#428 = PLANE( '', #1146 );
#429 = FACE_OUTER_BOUND( '', #1147, .T. );
#430 = PLANE( '', #1148 );
#431 = FACE_OUTER_BOUND( '', #1149, .T. );
#432 = PLANE( '', #1150 );
#433 = FACE_OUTER_BOUND( '', #1151, .T. );
#434 = PLANE( '', #1152 );
#435 = FACE_OUTER_BOUND( '', #1153, .T. );
#436 = PLANE( '', #1154 );
#437 = FACE_OUTER_BOUND( '', #1155, .T. );
#438 = CYLINDRICAL_SURFACE( '', #1156, 5.00000000000000E-005 );
#439 = FACE_OUTER_BOUND( '', #1157, .T. );
#440 = SPHERICAL_SURFACE( '', #1158, 5.00000000000000E-005 );
#441 = FACE_OUTER_BOUND( '', #1159, .T. );
#442 = CYLINDRICAL_SURFACE( '', #1160, 5.00000000000000E-005 );
#443 = FACE_OUTER_BOUND( '', #1161, .T. );
#444 = PLANE( '', #1162 );
#445 = FACE_OUTER_BOUND( '', #1163, .T. );
#446 = PLANE( '', #1164 );
#447 = FACE_OUTER_BOUND( '', #1165, .T. );
#448 = CYLINDRICAL_SURFACE( '', #1166, 5.00000000000000E-005 );
#449 = FACE_OUTER_BOUND( '', #1167, .T. );
#450 = CYLINDRICAL_SURFACE( '', #1168, 0.000200000000000000 );
#451 = FACE_OUTER_BOUND( '', #1169, .T. );
#452 = FACE_BOUND( '', #1170, .T. );
#453 = PLANE( '', #1171 );
#454 = FACE_OUTER_BOUND( '', #1172, .T. );
#455 = PLANE( '', #1173 );
#456 = FACE_OUTER_BOUND( '', #1174, .T. );
#457 = CYLINDRICAL_SURFACE( '', #1175, 5.00000000000000E-005 );
#458 = FACE_OUTER_BOUND( '', #1176, .T. );
#459 = PLANE( '', #1177 );
#460 = FACE_OUTER_BOUND( '', #1178, .T. );
#461 = CYLINDRICAL_SURFACE( '', #1179, 0.000150000000000000 );
#462 = FACE_OUTER_BOUND( '', #1180, .T. );
#463 = PLANE( '', #1181 );
#464 = FACE_OUTER_BOUND( '', #1182, .T. );
#465 = PLANE( '', #1183 );
#466 = FACE_OUTER_BOUND( '', #1184, .T. );
#467 = PLANE( '', #1185 );
#468 = FACE_OUTER_BOUND( '', #1186, .T. );
#469 = PLANE( '', #1187 );
#470 = FACE_OUTER_BOUND( '', #1188, .T. );
#471 = PLANE( '', #1189 );
#472 = FACE_OUTER_BOUND( '', #1190, .T. );
#473 = PLANE( '', #1191 );
#474 = FACE_OUTER_BOUND( '', #1192, .T. );
#475 = FACE_BOUND( '', #1193, .T. );
#476 = FACE_BOUND( '', #1194, .T. );
#477 = FACE_BOUND( '', #1195, .T. );
#478 = PLANE( '', #1196 );
#479 = FACE_OUTER_BOUND( '', #1197, .T. );
#480 = PLANE( '', #1198 );
#481 = FACE_OUTER_BOUND( '', #1199, .T. );
#482 = CYLINDRICAL_SURFACE( '', #1200, 0.000300000000000000 );
#483 = FACE_OUTER_BOUND( '', #1201, .T. );
#484 = CYLINDRICAL_SURFACE( '', #1202, 5.00000000000000E-005 );
#485 = FACE_OUTER_BOUND( '', #1203, .T. );
#486 = PLANE( '', #1204 );
#487 = FACE_OUTER_BOUND( '', #1205, .T. );
#488 = PLANE( '', #1206 );
#489 = FACE_OUTER_BOUND( '', #1207, .T. );
#490 = PLANE( '', #1208 );
#491 = FACE_OUTER_BOUND( '', #1209, .T. );
#492 = PLANE( '', #1210 );
#493 = FACE_OUTER_BOUND( '', #1211, .T. );
#494 = PLANE( '', #1212 );
#495 = FACE_OUTER_BOUND( '', #1213, .T. );
#496 = CYLINDRICAL_SURFACE( '', #1214, 0.000300000000000000 );
#497 = FACE_OUTER_BOUND( '', #1215, .T. );
#498 = CYLINDRICAL_SURFACE( '', #1216, 0.000300000000000000 );
#499 = FACE_OUTER_BOUND( '', #1217, .T. );
#500 = PLANE( '', #1218 );
#501 = FACE_OUTER_BOUND( '', #1219, .T. );
#502 = CYLINDRICAL_SURFACE( '', #1220, 5.00000000000000E-005 );
#503 = FACE_OUTER_BOUND( '', #1221, .T. );
#504 = PLANE( '', #1222 );
#505 = FACE_OUTER_BOUND( '', #1223, .T. );
#506 = PLANE( '', #1224 );
#507 = FACE_OUTER_BOUND( '', #1225, .T. );
#508 = PLANE( '', #1226 );
#509 = FACE_OUTER_BOUND( '', #1227, .T. );
#510 = CYLINDRICAL_SURFACE( '', #1228, 5.00000000000000E-005 );
#511 = FACE_OUTER_BOUND( '', #1229, .T. );
#512 = PLANE( '', #1230 );
#513 = FACE_OUTER_BOUND( '', #1231, .T. );
#514 = CYLINDRICAL_SURFACE( '', #1232, 0.000300000000000000 );
#515 = FACE_OUTER_BOUND( '', #1233, .T. );
#516 = CYLINDRICAL_SURFACE( '', #1234, 0.000300000000000000 );
#517 = FACE_OUTER_BOUND( '', #1235, .T. );
#518 = SPHERICAL_SURFACE( '', #1236, 5.00000000000000E-005 );
#519 = FACE_OUTER_BOUND( '', #1237, .T. );
#520 = FACE_OUTER_BOUND( '', #1238, .T. );
#521 = TOROIDAL_SURFACE( '', #1239, 0.000506250000000000, 0.000406250000000000 );
#522 = FACE_OUTER_BOUND( '', #1240, .T. );
#523 = B_SPLINE_SURFACE_WITH_KNOTS( '', 3, 3, ( ( #1241, #1242, #1243, #1244 ), ( #1245, #1246, #1247, #1248 ), ( #1249, #1250, #1251, #1252 ), ( #1253, #1254, #1255, #1256 ), ( #1257, #1258, #1259, #1260 ), ( #1261, #1262, #1263, #1264 ), ( #1265, #1266, #1267, #1268 ), ( #1269, #1270, #1271, #1272 ), ( #1273, #1274, #1275, #1276 ) ), .UNSPECIFIED., .F., .F., .F., ( 4, 1, 1, 1, 1, 1, 4 ), ( 4, 4 ), ( -0.00819284193548200, 0.000000000000000, 0.250000000000000, 0.500000000000000, 0.750000000000000, 1.00000000000000, 1.00876849296800 ), ( -0.0200282481678300, 1.02032801799500 ), .UNSPECIFIED. );
#524 = FACE_OUTER_BOUND( '', #1277, .T. );
#525 = CYLINDRICAL_SURFACE( '', #1278, 0.000150000000000000 );
#526 = FACE_OUTER_BOUND( '', #1279, .T. );
#527 = PLANE( '', #1280 );
#528 = FACE_OUTER_BOUND( '', #1281, .T. );
#529 = PLANE( '', #1282 );
#530 = FACE_OUTER_BOUND( '', #1283, .T. );
#531 = PLANE( '', #1284 );
#532 = FACE_OUTER_BOUND( '', #1285, .T. );
#533 = CYLINDRICAL_SURFACE( '', #1286, 0.000100000000000000 );
#534 = FACE_OUTER_BOUND( '', #1287, .T. );
#535 = PLANE( '', #1288 );
#536 = FACE_OUTER_BOUND( '', #1289, .T. );
#537 = PLANE( '', #1290 );
#538 = FACE_OUTER_BOUND( '', #1291, .T. );
#539 = CYLINDRICAL_SURFACE( '', #1292, 0.000150000000000000 );
#540 = FACE_OUTER_BOUND( '', #1293, .T. );
#541 = CYLINDRICAL_SURFACE( '', #1294, 5.00000000000000E-005 );
#542 = FACE_OUTER_BOUND( '', #1295, .T. );
#543 = CYLINDRICAL_SURFACE( '', #1296, 5.00000000000000E-005 );
#544 = FACE_OUTER_BOUND( '', #1297, .T. );
#545 = PLANE( '', #1298 );
#546 = FACE_OUTER_BOUND( '', #1299, .T. );
#547 = B_SPLINE_SURFACE_WITH_KNOTS( '', 3, 3, ( ( #1300, #1301, #1302, #1303 ), ( #1304, #1305, #1306, #1307 ), ( #1308, #1309, #1310, #1311 ), ( #1312, #1313, #1314, #1315 ), ( #1316, #1317, #1318, #1319 ), ( #1320, #1321, #1322, #1323 ), ( #1324, #1325, #1326, #1327 ), ( #1328, #1329, #1330, #1331 ), ( #1332, #1333, #1334, #1335 ) ), .UNSPECIFIED., .F., .F., .F., ( 4, 1, 1, 1, 1, 1, 4 ), ( 4, 4 ), ( -0.00856357180834500, 0.000000000000000, 0.250000000000000, 0.500000000000000, 0.750000000000000, 1.00000000000000, 1.00430511865500 ), ( -0.0201250520367800, 1.02024123740200 ), .UNSPECIFIED. );
#548 = FACE_OUTER_BOUND( '', #1336, .T. );
#549 = B_SPLINE_SURFACE_WITH_KNOTS( '', 3, 3, ( ( #1337, #1338, #1339, #1340 ), ( #1341, #1342, #1343, #1344 ), ( #1345, #1346, #1347, #1348 ), ( #1349, #1350, #1351, #1352 ), ( #1353, #1354, #1355, #1356 ), ( #1357, #1358, #1359, #1360 ), ( #1361, #1362, #1363, #1364 ), ( #1365, #1366, #1367, #1368 ), ( #1369, #1370, #1371, #1372 ) ), .UNSPECIFIED., .F., .F., .F., ( 4, 1, 1, 1, 1, 1, 4 ), ( 4, 4 ), ( -0.00430437045703000, 0.000000000000000, 0.250000000000000, 0.500000000000000, 0.750000000000000, 1.00000000000000, 1.00858567438000 ), ( -0.0201250517790800, 1.02024123730000 ), .UNSPECIFIED. );
#550 = FACE_OUTER_BOUND( '', #1373, .T. );
#551 = PLANE( '', #1374 );
#552 = FACE_OUTER_BOUND( '', #1375, .T. );
#553 = PLANE( '', #1376 );
#554 = FACE_OUTER_BOUND( '', #1377, .T. );
#555 = PLANE( '', #1378 );
#556 = FACE_OUTER_BOUND( '', #1379, .T. );
#557 = PLANE( '', #1380 );
#558 = FACE_OUTER_BOUND( '', #1381, .T. );
#559 = PLANE( '', #1382 );
#560 = FACE_OUTER_BOUND( '', #1383, .T. );
#561 = B_SPLINE_SURFACE_WITH_KNOTS( '', 3, 3, ( ( #1384, #1385, #1386, #1387 ), ( #1388, #1389, #1390, #1391 ), ( #1392, #1393, #1394, #1395 ), ( #1396, #1397, #1398, #1399 ), ( #1400, #1401, #1402, #1403 ), ( #1404, #1405, #1406, #1407 ), ( #1408, #1409, #1410, #1411 ), ( #1412, #1413, #1414, #1415 ), ( #1416, #1417, #1418, #1419 ) ), .UNSPECIFIED., .F., .F., .F., ( 4, 1, 1, 1, 1, 1, 4 ), ( 4, 4 ), ( -0.00856357180537500, 0.000000000000000, 0.250000000000000, 0.500000000000000, 0.750000000000000, 1.00000000000000, 1.00430511865100 ), ( -0.0201250518597600, 1.02024123739900 ), .UNSPECIFIED. );
#562 = FACE_OUTER_BOUND( '', #1420, .T. );
#563 = CYLINDRICAL_SURFACE( '', #1421, 0.000200000000000000 );
#564 = FACE_OUTER_BOUND( '', #1422, .T. );
#565 = PLANE( '', #1423 );
#566 = FACE_OUTER_BOUND( '', #1424, .T. );
#567 = PLANE( '', #1425 );
#568 = FACE_OUTER_BOUND( '', #1426, .T. );
#569 = PLANE( '', #1427 );
#570 = FACE_OUTER_BOUND( '', #1428, .T. );
#571 = FACE_BOUND( '', #1429, .T. );
#572 = PLANE( '', #1430 );
#573 = FACE_OUTER_BOUND( '', #1431, .T. );
#574 = PLANE( '', #1432 );
#575 = FACE_OUTER_BOUND( '', #1433, .T. );
#576 = CYLINDRICAL_SURFACE( '', #1434, 0.000150000000000000 );
#577 = FACE_OUTER_BOUND( '', #1435, .T. );
#578 = PLANE( '', #1436 );
#579 = FACE_OUTER_BOUND( '', #1437, .T. );
#580 = PLANE( '', #1438 );
#581 = FACE_OUTER_BOUND( '', #1439, .T. );
#582 = PLANE( '', #1440 );
#583 = FACE_OUTER_BOUND( '', #1441, .T. );
#584 = PLANE( '', #1442 );
#585 = FACE_OUTER_BOUND( '', #1443, .T. );
#586 = PLANE( '', #1444 );
#587 = FACE_OUTER_BOUND( '', #1445, .T. );
#588 = CYLINDRICAL_SURFACE( '', #1446, 0.000300000000000000 );
#589 = FACE_OUTER_BOUND( '', #1447, .T. );
#590 = PLANE( '', #1448 );
#591 = FACE_OUTER_BOUND( '', #1449, .T. );
#592 = CYLINDRICAL_SURFACE( '', #1450, 5.00000000000000E-005 );
#593 = FACE_OUTER_BOUND( '', #1451, .T. );
#594 = CYLINDRICAL_SURFACE( '', #1452, 8.00000000000000E-005 );
#595 = FACE_OUTER_BOUND( '', #1453, .T. );
#596 = CYLINDRICAL_SURFACE( '', #1454, 0.000200000000000000 );
#597 = FACE_OUTER_BOUND( '', #1455, .T. );
#598 = PLANE( '', #1456 );
#599 = FACE_BOUND( '', #1457, .T. );
#600 = FACE_OUTER_BOUND( '', #1458, .T. );
#601 = CONICAL_SURFACE( '', #1459, 0.000406698729810800, 0.523598775598200 );
#602 = FACE_OUTER_BOUND( '', #1460, .T. );
#603 = PLANE( '', #1461 );
#604 = FACE_OUTER_BOUND( '', #1462, .T. );
#605 = PLANE( '', #1463 );
#606 = FACE_OUTER_BOUND( '', #1464, .T. );
#607 = PLANE( '', #1465 );
#608 = FACE_OUTER_BOUND( '', #1466, .T. );
#609 = PLANE( '', #1467 );
#610 = FACE_OUTER_BOUND( '', #1468, .T. );
#611 = CYLINDRICAL_SURFACE( '', #1469, 0.000300000000000000 );
#612 = FACE_OUTER_BOUND( '', #1470, .T. );
#613 = CYLINDRICAL_SURFACE( '', #1471, 0.000300000000000000 );
#614 = FACE_OUTER_BOUND( '', #1472, .T. );
#615 = PLANE( '', #1473 );
#616 = FACE_OUTER_BOUND( '', #1474, .T. );
#617 = B_SPLINE_SURFACE_WITH_KNOTS( '', 3, 3, ( ( #1475, #1476, #1477, #1478 ), ( #1479, #1480, #1481, #1482 ), ( #1483, #1484, #1485, #1486 ), ( #1487, #1488, #1489, #1490 ), ( #1491, #1492, #1493, #1494 ), ( #1495, #1496, #1497, #1498 ) ), .UNSPECIFIED., .F., .F., .F., ( 4, 1, 1, 4 ), ( 4, 4 ), ( -0.458697170451300, 0.000000000000000, 1.00000000000000, 1.42481218500300 ), ( -0.0200019669390300, 1.02010031389100 ), .UNSPECIFIED. );
#618 = FACE_OUTER_BOUND( '', #1499, .T. );
#619 = PLANE( '', #1500 );
#620 = FACE_OUTER_BOUND( '', #1501, .T. );
#621 = PLANE( '', #1502 );
#622 = FACE_OUTER_BOUND( '', #1503, .T. );
#623 = PLANE( '', #1504 );
#624 = FACE_OUTER_BOUND( '', #1505, .T. );
#625 = CYLINDRICAL_SURFACE( '', #1506, 0.000300000000000000 );
#626 = FACE_OUTER_BOUND( '', #1507, .T. );
#627 = PLANE( '', #1508 );
#628 = FACE_OUTER_BOUND( '', #1509, .T. );
#629 = CYLINDRICAL_SURFACE( '', #1510, 0.000150000000000000 );
#630 = FACE_OUTER_BOUND( '', #1511, .T. );
#631 = PLANE( '', #1512 );
#632 = FACE_OUTER_BOUND( '', #1513, .T. );
#633 = CYLINDRICAL_SURFACE( '', #1514, 0.000200000000000000 );
#634 = FACE_OUTER_BOUND( '', #1515, .T. );
#635 = PLANE( '', #1516 );
#636 = FACE_OUTER_BOUND( '', #1517, .T. );
#637 = PLANE( '', #1518 );
#638 = FACE_OUTER_BOUND( '', #1519, .T. );
#639 = PLANE( '', #1520 );
#640 = FACE_OUTER_BOUND( '', #1521, .T. );
#641 = PLANE( '', #1522 );
#642 = FACE_OUTER_BOUND( '', #1523, .T. );
#643 = PLANE( '', #1524 );
#644 = FACE_OUTER_BOUND( '', #1525, .T. );
#645 = PLANE( '', #1526 );
#646 = FACE_OUTER_BOUND( '', #1527, .T. );
#647 = PLANE( '', #1528 );
#648 = FACE_OUTER_BOUND( '', #1529, .T. );
#649 = PLANE( '', #1530 );
#650 = FACE_OUTER_BOUND( '', #1531, .T. );
#651 = PLANE( '', #1532 );
#652 = FACE_OUTER_BOUND( '', #1533, .T. );
#653 = B_SPLINE_SURFACE_WITH_KNOTS( '', 3, 3, ( ( #1534, #1535, #1536, #1537 ), ( #1538, #1539, #1540, #1541 ), ( #1542, #1543, #1544, #1545 ), ( #1546, #1547, #1548, #1549 ), ( #1550, #1551, #1552, #1553 ), ( #1554, #1555, #1556, #1557 ) ), .UNSPECIFIED., .F., .F., .F., ( 4, 1, 1, 4 ), ( 4, 4 ), ( -0.201551034526400, 0.000000000000000, 1.00000000000000, 1.20155103452600 ), ( -0.0200000587422000, 1.02000299585200 ), .UNSPECIFIED. );
#654 = FACE_OUTER_BOUND( '', #1558, .T. );
#655 = PLANE( '', #1559 );
#656 = FACE_OUTER_BOUND( '', #1560, .T. );
#657 = PLANE( '', #1561 );
#658 = FACE_OUTER_BOUND( '', #1562, .T. );
#659 = PLANE( '', #1563 );
#660 = FACE_OUTER_BOUND( '', #1564, .T. );
#661 = PLANE( '', #1565 );
#662 = FACE_OUTER_BOUND( '', #1566, .T. );
#663 = PLANE( '', #1567 );
#664 = FACE_OUTER_BOUND( '', #1568, .T. );
#665 = PLANE( '', #1569 );
#666 = FACE_OUTER_BOUND( '', #1570, .T. );
#667 = PLANE( '', #1571 );
#668 = FACE_OUTER_BOUND( '', #1572, .T. );
#669 = CYLINDRICAL_SURFACE( '', #1573, 5.00000000000000E-005 );
#670 = FACE_OUTER_BOUND( '', #1574, .T. );
#671 = PLANE( '', #1575 );
#672 = FACE_OUTER_BOUND( '', #1576, .T. );
#673 = FACE_OUTER_BOUND( '', #1577, .T. );
#674 = CYLINDRICAL_SURFACE( '', #1578, 0.000300000000000000 );
#675 = FACE_OUTER_BOUND( '', #1579, .T. );
#676 = PLANE( '', #1580 );
#677 = FACE_OUTER_BOUND( '', #1581, .T. );
#678 = PLANE( '', #1582 );
#679 = FACE_OUTER_BOUND( '', #1583, .T. );
#680 = PLANE( '', #1584 );
#681 = FACE_OUTER_BOUND( '', #1585, .T. );
#682 = PLANE( '', #1586 );
#683 = FACE_OUTER_BOUND( '', #1587, .T. );
#684 = PLANE( '', #1588 );
#685 = FACE_OUTER_BOUND( '', #1589, .T. );
#686 = PLANE( '', #1590 );
#687 = FACE_OUTER_BOUND( '', #1591, .T. );
#688 = FACE_BOUND( '', #1592, .T. );
#689 = PLANE( '', #1593 );
#690 = FACE_OUTER_BOUND( '', #1594, .T. );
#691 = CYLINDRICAL_SURFACE( '', #1595, 5.00000000000000E-005 );
#692 = FACE_OUTER_BOUND( '', #1596, .T. );
#693 = PLANE( '', #1597 );
#694 = FACE_OUTER_BOUND( '', #1598, .T. );
#695 = PLANE( '', #1599 );
#696 = FACE_OUTER_BOUND( '', #1600, .T. );
#697 = PLANE( '', #1601 );
#698 = FACE_OUTER_BOUND( '', #1602, .T. );
#699 = PLANE( '', #1603 );
#700 = FACE_OUTER_BOUND( '', #1604, .T. );
#701 = PLANE( '', #1605 );
#702 = FACE_OUTER_BOUND( '', #1606, .T. );
#703 = PLANE( '', #1607 );
#704 = FACE_OUTER_BOUND( '', #1608, .T. );
#705 = PLANE( '', #1609 );
#706 = FACE_OUTER_BOUND( '', #1610, .T. );
#707 = PLANE( '', #1611 );
#708 = FACE_OUTER_BOUND( '', #1612, .T. );
#709 = CYLINDRICAL_SURFACE( '', #1613, 8.00000000000000E-005 );
#710 = FACE_OUTER_BOUND( '', #1614, .T. );
#711 = PLANE( '', #1615 );
#712 = FACE_OUTER_BOUND( '', #1616, .T. );
#713 = PLANE( '', #1617 );
#714 = FACE_OUTER_BOUND( '', #1618, .T. );
#715 = PLANE( '', #1619 );
#716 = FACE_OUTER_BOUND( '', #1620, .T. );
#717 = PLANE( '', #1621 );
#718 = FACE_OUTER_BOUND( '', #1622, .T. );
#719 = PLANE( '', #1623 );
#720 = FACE_OUTER_BOUND( '', #1624, .T. );
#721 = PLANE( '', #1625 );
#722 = FACE_OUTER_BOUND( '', #1626, .T. );
#723 = PLANE( '', #1627 );
#724 = FACE_OUTER_BOUND( '', #1628, .T. );
#725 = PLANE( '', #1629 );
#726 = FACE_OUTER_BOUND( '', #1630, .T. );
#727 = PLANE( '', #1631 );
#728 = FACE_OUTER_BOUND( '', #1632, .T. );
#729 = PLANE( '', #1633 );
#730 = FACE_OUTER_BOUND( '', #1634, .T. );
#731 = SPHERICAL_SURFACE( '', #1635, 5.00000000000000E-005 );
#732 = FACE_OUTER_BOUND( '', #1636, .T. );
#733 = PLANE( '', #1637 );
#734 = FACE_OUTER_BOUND( '', #1638, .T. );
#735 = B_SPLINE_SURFACE_WITH_KNOTS( '', 3, 3, ( ( #1639, #1640, #1641, #1642 ), ( #1643, #1644, #1645, #1646 ), ( #1647, #1648, #1649, #1650 ), ( #1651, #1652, #1653, #1654 ), ( #1655, #1656, #1657, #1658 ), ( #1659, #1660, #1661, #1662 ) ), .UNSPECIFIED., .F., .F., .F., ( 4, 1, 1, 4 ), ( 4, 4 ), ( -0.201551034526400, 0.000000000000000, 1.00000000000000, 1.20155103452600 ), ( -0.0200029958521700, 1.02000005874200 ), .UNSPECIFIED. );
#736 = FACE_OUTER_BOUND( '', #1663, .T. );
#737 = PLANE( '', #1664 );
#738 = FACE_OUTER_BOUND( '', #1665, .T. );
#739 = PLANE( '', #1666 );
#740 = FACE_OUTER_BOUND( '', #1667, .T. );
#741 = CYLINDRICAL_SURFACE( '', #1668, 0.000200000000000000 );
#742 = FACE_OUTER_BOUND( '', #1669, .T. );
#743 = PLANE( '', #1670 );
#744 = FACE_OUTER_BOUND( '', #1671, .T. );
#745 = CYLINDRICAL_SURFACE( '', #1672, 0.000150000000000000 );
#746 = FACE_OUTER_BOUND( '', #1673, .T. );
#747 = CYLINDRICAL_SURFACE( '', #1674, 0.000150000000000000 );
#748 = FACE_OUTER_BOUND( '', #1675, .T. );
#749 = PLANE( '', #1676 );
#750 = FACE_OUTER_BOUND( '', #1677, .T. );
#751 = CYLINDRICAL_SURFACE( '', #1678, 0.000150000000000000 );
#752 = FACE_OUTER_BOUND( '', #1679, .T. );
#753 = PLANE( '', #1680 );
#754 = FACE_OUTER_BOUND( '', #1681, .T. );
#755 = PLANE( '', #1682 );
#756 = FACE_OUTER_BOUND( '', #1683, .T. );
#757 = PLANE( '', #1684 );
#758 = FACE_OUTER_BOUND( '', #1685, .T. );
#759 = CYLINDRICAL_SURFACE( '', #1686, 0.000200000000000000 );
#760 = FACE_OUTER_BOUND( '', #1687, .T. );
#761 = CYLINDRICAL_SURFACE( '', #1688, 5.00000000000000E-005 );
#762 = FACE_OUTER_BOUND( '', #1689, .T. );
#763 = CYLINDRICAL_SURFACE( '', #1690, 0.000900000000000000 );
#764 = FACE_OUTER_BOUND( '', #1691, .T. );
#765 = PLANE( '', #1692 );
#766 = FACE_OUTER_BOUND( '', #1693, .T. );
#767 = B_SPLINE_SURFACE_WITH_KNOTS( '', 3, 3, ( ( #1694, #1695, #1696, #1697 ), ( #1698, #1699, #1700, #1701 ), ( #1702, #1703, #1704, #1705 ), ( #1706, #1707, #1708, #1709 ), ( #1710, #1711, #1712, #1713 ), ( #1714, #1715, #1716, #1717 ), ( #1718, #1719, #1720, #1721 ), ( #1722, #1723, #1724, #1725 ), ( #1726, #1727, #1728, #1729 ) ), .UNSPECIFIED., .F., .F., .F., ( 4, 1, 1, 1, 1, 1, 4 ), ( 4, 4 ), ( -0.00829722579988300, 0.000000000000000, 0.250000000000000, 0.500000000000000, 0.750000000000000, 1.00000000000000, 1.00923445515300 ), ( -0.0200269193942900, 1.02030342198500 ), .UNSPECIFIED. );
#768 = FACE_OUTER_BOUND( '', #1730, .T. );
#769 = PLANE( '', #1731 );
#770 = FACE_OUTER_BOUND( '', #1732, .T. );
#771 = B_SPLINE_SURFACE_WITH_KNOTS( '', 3, 3, ( ( #1733, #1734, #1735, #1736 ), ( #1737, #1738, #1739, #1740 ), ( #1741, #1742, #1743, #1744 ), ( #1745, #1746, #1747, #1748 ), ( #1749, #1750, #1751, #1752 ), ( #1753, #1754, #1755, #1756 ), ( #1757, #1758, #1759, #1760 ), ( #1761, #1762, #1763, #1764 ), ( #1765, #1766, #1767, #1768 ) ), .UNSPECIFIED., .F., .F., .F., ( 4, 1, 1, 1, 1, 1, 4 ), ( 4, 4 ), ( -0.00923348416819200, 0.000000000000000, 0.250000000000000, 0.500000000000000, 0.750000000000000, 1.00000000000000, 1.00832053019200 ), ( -0.0200269193942900, 1.02030342198500 ), .UNSPECIFIED. );
#772 = FACE_OUTER_BOUND( '', #1769, .T. );
#773 = CYLINDRICAL_SURFACE( '', #1770, 5.00000000000000E-005 );
#774 = FACE_OUTER_BOUND( '', #1771, .T. );
#775 = PLANE( '', #1772 );
#776 = FACE_OUTER_BOUND( '', #1773, .T. );
#777 = PLANE( '', #1774 );
#778 = FACE_OUTER_BOUND( '', #1775, .T. );
#779 = PLANE( '', #1776 );
#780 = FACE_OUTER_BOUND( '', #1777, .T. );
#781 = PLANE( '', #1778 );
#782 = FACE_OUTER_BOUND( '', #1779, .T. );
#783 = PLANE( '', #1780 );
#784 = FACE_OUTER_BOUND( '', #1781, .T. );
#785 = PLANE( '', #1782 );
#786 = FACE_OUTER_BOUND( '', #1783, .T. );
#787 = PLANE( '', #1784 );
#788 = FACE_OUTER_BOUND( '', #1785, .T. );
#789 = PLANE( '', #1786 );
#790 = FACE_OUTER_BOUND( '', #1787, .T. );
#791 = PLANE( '', #1788 );
#792 = FACE_OUTER_BOUND( '', #1789, .T. );
#793 = PLANE( '', #1790 );
#794 = FACE_OUTER_BOUND( '', #1791, .T. );
#795 = CYLINDRICAL_SURFACE( '', #1792, 5.00000000000000E-005 );
#796 = FACE_OUTER_BOUND( '', #1793, .T. );
#797 = PLANE( '', #1794 );
#798 = FACE_OUTER_BOUND( '', #1795, .T. );
#799 = PLANE( '', #1796 );
#800 = FACE_OUTER_BOUND( '', #1797, .T. );
#801 = PLANE( '', #1798 );
#802 = FACE_OUTER_BOUND( '', #1799, .T. );
#803 = FACE_OUTER_BOUND( '', #1800, .T. );
#804 = CYLINDRICAL_SURFACE( '', #1801, 0.000300000000000000 );
#805 = FACE_OUTER_BOUND( '', #1802, .T. );
#806 = PLANE( '', #1803 );
#807 = FACE_OUTER_BOUND( '', #1804, .T. );
#808 = FACE_BOUND( '', #1805, .T. );
#809 = FACE_BOUND( '', #1806, .T. );
#810 = FACE_BOUND( '', #1807, .T. );
#811 = PLANE( '', #1808 );
#812 = FACE_OUTER_BOUND( '', #1809, .T. );
#813 = CYLINDRICAL_SURFACE( '', #1810, 0.000900000000000000 );
#814 = FACE_OUTER_BOUND( '', #1811, .T. );
#815 = CYLINDRICAL_SURFACE( '', #1812, 0.000150000000000000 );
#816 = FACE_OUTER_BOUND( '', #1813, .T. );
#817 = PLANE( '', #1814 );
#818 = FACE_OUTER_BOUND( '', #1815, .T. );
#819 = PLANE( '', #1816 );
#820 = FACE_OUTER_BOUND( '', #1817, .T. );
#821 = FACE_OUTER_BOUND( '', #1818, .T. );
#822 = SPHERICAL_SURFACE( '', #1819, 0.00295000000000000 );
#823 = FACE_OUTER_BOUND( '', #1820, .T. );
#824 = PLANE( '', #1821 );
#825 = FACE_OUTER_BOUND( '', #1822, .T. );
#826 = B_SPLINE_SURFACE_WITH_KNOTS( '', 3, 3, ( ( #1823, #1824, #1825, #1826 ), ( #1827, #1828, #1829, #1830 ), ( #1831, #1832, #1833, #1834 ), ( #1835, #1836, #1837, #1838 ), ( #1839, #1840, #1841, #1842 ), ( #1843, #1844, #1845, #1846 ) ), .UNSPECIFIED., .F., .F., .F., ( 4, 1, 1, 4 ), ( 4, 4 ), ( -0.201551034526400, 0.000000000000000, 1.00000000000000, 1.20155103452600 ), ( -0.0200000587422000, 1.02000299585200 ), .UNSPECIFIED. );
#827 = FACE_OUTER_BOUND( '', #1847, .T. );
#828 = CYLINDRICAL_SURFACE( '', #1848, 0.000150000000000000 );
#829 = FACE_OUTER_BOUND( '', #1849, .T. );
#830 = PLANE( '', #1850 );
#831 = FACE_OUTER_BOUND( '', #1851, .T. );
#832 = CYLINDRICAL_SURFACE( '', #1852, 5.00000000000000E-005 );
#833 = FACE_OUTER_BOUND( '', #1853, .T. );
#834 = PLANE( '', #1854 );
#835 = FACE_OUTER_BOUND( '', #1855, .T. );
#836 = TOROIDAL_SURFACE( '', #1856, 0.000100000000000000, 5.00000000000000E-005 );
#837 = FACE_OUTER_BOUND( '', #1857, .T. );
#838 = FACE_BOUND( '', #1858, .T. );
#839 = PLANE( '', #1859 );
#840 = FACE_OUTER_BOUND( '', #1860, .T. );
#841 = FACE_BOUND( '', #1861, .T. );
#842 = PLANE( '', #1862 );
#843 = FACE_OUTER_BOUND( '', #1863, .T. );
#844 = PLANE( '', #1864 );
#845 = FACE_OUTER_BOUND( '', #1865, .T. );
#846 = PLANE( '', #1866 );
#847 = FACE_OUTER_BOUND( '', #1867, .T. );
#848 = PLANE( '', #1868 );
#849 = FACE_OUTER_BOUND( '', #1869, .T. );
#850 = PLANE( '', #1870 );
#851 = FACE_OUTER_BOUND( '', #1871, .T. );
#852 = PLANE( '', #1872 );
#853 = FACE_OUTER_BOUND( '', #1873, .T. );
#854 = CYLINDRICAL_SURFACE( '', #1874, 5.00000000000000E-005 );
#855 = FACE_OUTER_BOUND( '', #1875, .T. );
#856 = B_SPLINE_SURFACE_WITH_KNOTS( '', 3, 3, ( ( #1876, #1877, #1878, #1879 ), ( #1880, #1881, #1882, #1883 ), ( #1884, #1885, #1886, #1887 ), ( #1888, #1889, #1890, #1891 ), ( #1892, #1893, #1894, #1895 ), ( #1896, #1897, #1898, #1899 ), ( #1900, #1901, #1902, #1903 ), ( #1904, #1905, #1906, #1907 ), ( #1908, #1909, #1910, #1911 ) ), .UNSPECIFIED., .F., .F., .F., ( 4, 1, 1, 1, 1, 1, 4 ), ( 4, 4 ), ( -0.00876161062394400, 0.000000000000000, 0.250000000000000, 0.500000000000000, 0.750000000000000, 1.00000000000000, 1.00821220857800 ), ( -0.0200282483825400, 1.02032801799900 ), .UNSPECIFIED. );
#857 = FACE_OUTER_BOUND( '', #1912, .T. );
#858 = PLANE( '', #1913 );
#859 = FACE_OUTER_BOUND( '', #1914, .T. );
#860 = PLANE( '', #1915 );
#861 = FACE_OUTER_BOUND( '', #1916, .T. );
#862 = PLANE( '', #1917 );
#863 = FACE_OUTER_BOUND( '', #1918, .T. );
#864 = PLANE( '', #1919 );
#865 = FACE_OUTER_BOUND( '', #1920, .T. );
#866 = CYLINDRICAL_SURFACE( '', #1921, 0.000300000000000000 );
#867 = FACE_OUTER_BOUND( '', #1922, .T. );
#868 = PLANE( '', #1923 );
#869 = FACE_OUTER_BOUND( '', #1924, .T. );
#870 = PLANE( '', #1925 );
#871 = FACE_OUTER_BOUND( '', #1926, .T. );
#872 = PLANE( '', #1927 );
#873 = FACE_OUTER_BOUND( '', #1928, .T. );
#874 = PLANE( '', #1929 );
#875 = FACE_OUTER_BOUND( '', #1930, .T. );
#876 = PLANE( '', #1931 );
#877 = FACE_OUTER_BOUND( '', #1932, .T. );
#878 = PLANE( '', #1933 );
#879 = FACE_OUTER_BOUND( '', #1934, .T. );
#880 = PLANE( '', #1935 );
#881 = FACE_OUTER_BOUND( '', #1936, .T. );
#882 = PLANE( '', #1937 );
#883 = FACE_OUTER_BOUND( '', #1938, .T. );
#884 = PLANE( '', #1939 );
#885 = FACE_OUTER_BOUND( '', #1940, .T. );
#886 = PLANE( '', #1941 );
#887 = FACE_OUTER_BOUND( '', #1942, .T. );
#888 = CYLINDRICAL_SURFACE( '', #1943, 0.000200000000000000 );
#889 = FACE_OUTER_BOUND( '', #1944, .T. );
#890 = PLANE( '', #1945 );
#891 = FACE_OUTER_BOUND( '', #1946, .T. );
#892 = B_SPLINE_SURFACE_WITH_KNOTS( '', 3, 3, ( ( #1947, #1948, #1949, #1950 ), ( #1951, #1952, #1953, #1954 ), ( #1955, #1956, #1957, #1958 ), ( #1959, #1960, #1961, #1962 ), ( #1963, #1964, #1965, #1966 ), ( #1967, #1968, #1969, #1970 ) ), .UNSPECIFIED., .F., .F., .F., ( 4, 1, 1, 4 ), ( 4, 4 ), ( -0.382826756909500, 0.000000000000000, 1.00000000000000, 1.46029674464000 ), ( -0.0200019669390300, 1.02010031389100 ), .UNSPECIFIED. );
#893 = FACE_OUTER_BOUND( '', #1971, .T. );
#894 = PLANE( '', #1972 );
#895 = FACE_OUTER_BOUND( '', #1973, .T. );
#896 = PLANE( '', #1974 );
#897 = FACE_OUTER_BOUND( '', #1975, .T. );
#898 = PLANE( '', #1976 );
#899 = FACE_OUTER_BOUND( '', #1977, .T. );
#900 = PLANE( '', #1978 );
#901 = FACE_OUTER_BOUND( '', #1979, .T. );
#902 = PLANE( '', #1980 );
#903 = FACE_OUTER_BOUND( '', #1981, .T. );
#904 = PLANE( '', #1982 );
#905 = FACE_OUTER_BOUND( '', #1983, .T. );
#906 = PLANE( '', #1984 );
#907 = FACE_OUTER_BOUND( '', #1985, .T. );
#908 = CYLINDRICAL_SURFACE( '', #1986, 0.000150000000000000 );
#909 = FACE_OUTER_BOUND( '', #1987, .T. );
#910 = PLANE( '', #1988 );
#911 = FACE_OUTER_BOUND( '', #1989, .T. );
#912 = PLANE( '', #1990 );
#913 = FACE_OUTER_BOUND( '', #1991, .T. );
#914 = PLANE( '', #1992 );
#915 = FACE_OUTER_BOUND( '', #1993, .T. );
#916 = PLANE( '', #1994 );
#917 = FACE_OUTER_BOUND( '', #1995, .T. );
#918 = CYLINDRICAL_SURFACE( '', #1996, 0.000200000000000000 );
#919 = FACE_OUTER_BOUND( '', #1997, .T. );
#920 = PLANE( '', #1998 );
#921 = FACE_OUTER_BOUND( '', #1999, .T. );
#922 = PLANE( '', #2000 );
#923 = FACE_OUTER_BOUND( '', #2001, .T. );
#924 = PLANE( '', #2002 );
#925 = FACE_OUTER_BOUND( '', #2003, .T. );
#926 = B_SPLINE_SURFACE_WITH_KNOTS( '', 3, 3, ( ( #2004, #2005, #2006, #2007 ), ( #2008, #2009, #2010, #2011 ), ( #2012, #2013, #2014, #2015 ), ( #2016, #2017, #2018, #2019 ), ( #2020, #2021, #2022, #2023 ), ( #2024, #2025, #2026, #2027 ), ( #2028, #2029, #2030, #2031 ), ( #2032, #2033, #2034, #2035 ), ( #2036, #2037, #2038, #2039 ) ), .UNSPECIFIED., .F., .F., .F., ( 4, 1, 1, 1, 1, 1, 4 ), ( 4, 4 ), ( -0.00876161062394400, 0.000000000000000, 0.250000000000000, 0.500000000000000, 0.750000000000000, 1.00000000000000, 1.00821220857800 ), ( -0.0200282481678200, 1.02032801799500 ), .UNSPECIFIED. );
#927 = FACE_OUTER_BOUND( '', #2040, .T. );
#928 = TOROIDAL_SURFACE( '', #2041, 0.000100000000000000, 5.00000000000000E-005 );
#929 = FACE_OUTER_BOUND( '', #2042, .T. );
#930 = CYLINDRICAL_SURFACE( '', #2043, 5.00000000000000E-005 );
#931 = FACE_OUTER_BOUND( '', #2044, .T. );
#932 = B_SPLINE_SURFACE_WITH_KNOTS( '', 3, 3, ( ( #2045, #2046, #2047, #2048 ), ( #2049, #2050, #2051, #2052 ), ( #2053, #2054, #2055, #2056 ), ( #2057, #2058, #2059, #2060 ), ( #2061, #2062, #2063, #2064 ), ( #2065, #2066, #2067, #2068 ), ( #2069, #2070, #2071, #2072 ), ( #2073, #2074, #2075, #2076 ), ( #2077, #2078, #2079, #2080 ) ), .UNSPECIFIED., .F., .F., .F., ( 4, 1, 1, 1, 1, 1, 4 ), ( 4, 4 ), ( -0.00430423183822900, 0.000000000000000, 0.250000000000000, 0.500000000000000, 0.750000000000000, 1.00000000000000, 1.00858567316200 ), ( -0.0201250520367800, 1.02024123740200 ), .UNSPECIFIED. );
#933 = FACE_OUTER_BOUND( '', #2081, .T. );
#934 = PLANE( '', #2082 );
#935 = FACE_OUTER_BOUND( '', #2083, .T. );
#936 = CYLINDRICAL_SURFACE( '', #2084, 5.00000000000000E-005 );
#937 = FACE_OUTER_BOUND( '', #2085, .T. );
#938 = CYLINDRICAL_SURFACE( '', #2086, 5.00000000000000E-005 );
#939 = FACE_OUTER_BOUND( '', #2087, .T. );
#940 = PLANE( '', #2088 );
#941 = FACE_OUTER_BOUND( '', #2089, .T. );
#942 = PLANE( '', #2090 );
#943 = FACE_OUTER_BOUND( '', #2091, .T. );
#944 = PLANE( '', #2092 );
#945 = FACE_OUTER_BOUND( '', #2093, .T. );
#946 = PLANE( '', #2094 );
#947 = FACE_OUTER_BOUND( '', #2095, .T. );
#948 = PLANE( '', #2096 );
#949 = FACE_OUTER_BOUND( '', #2097, .T. );
#950 = PLANE( '', #2098 );
#951 = FACE_OUTER_BOUND( '', #2099, .T. );
#952 = CYLINDRICAL_SURFACE( '', #2100, 5.00000000000000E-005 );
#953 = FACE_OUTER_BOUND( '', #2101, .T. );
#954 = B_SPLINE_SURFACE_WITH_KNOTS( '', 3, 3, ( ( #2102, #2103, #2104, #2105 ), ( #2106, #2107, #2108, #2109 ), ( #2110, #2111, #2112, #2113 ), ( #2114, #2115, #2116, #2117 ), ( #2118, #2119, #2120, #2121 ), ( #2122, #2123, #2124, #2125 ) ), .UNSPECIFIED., .F., .F., .F., ( 4, 1, 1, 4 ), ( 4, 4 ), ( -0.201551034526400, 0.000000000000000, 1.00000000000000, 1.20155103452600 ), ( -0.0200029958521700, 1.02000005874200 ), .UNSPECIFIED. );
#955 = FACE_OUTER_BOUND( '', #2126, .T. );
#956 = CYLINDRICAL_SURFACE( '', #2127, 0.000200000000000000 );
#957 = FACE_OUTER_BOUND( '', #2128, .T. );
#958 = SPHERICAL_SURFACE( '', #2129, 5.00000000000000E-005 );
#959 = FACE_OUTER_BOUND( '', #2130, .T. );
#960 = CYLINDRICAL_SURFACE( '', #2131, 5.00000000000000E-005 );
#961 = FACE_OUTER_BOUND( '', #2132, .T. );
#962 = SPHERICAL_SURFACE( '', #2133, 5.00000000000000E-005 );
#963 = FACE_OUTER_BOUND( '', #2134, .T. );
#964 = CYLINDRICAL_SURFACE( '', #2135, 5.00000000000000E-005 );
#965 = FACE_OUTER_BOUND( '', #2136, .T. );
#966 = SPHERICAL_SURFACE( '', #2137, 5.00000000000000E-005 );
#967 = FACE_OUTER_BOUND( '', #2138, .T. );
#968 = PLANE( '', #2139 );
#969 = FACE_OUTER_BOUND( '', #2140, .T. );
#970 = CYLINDRICAL_SURFACE( '', #2141, 0.000300000000000000 );
#971 = FACE_OUTER_BOUND( '', #2142, .T. );
#972 = B_SPLINE_SURFACE_WITH_KNOTS( '', 3, 3, ( ( #2143, #2144, #2145, #2146 ), ( #2147, #2148, #2149, #2150 ), ( #2151, #2152, #2153, #2154 ), ( #2155, #2156, #2157, #2158 ), ( #2159, #2160, #2161, #2162 ), ( #2163, #2164, #2165, #2166 ) ), .UNSPECIFIED., .F., .F., .F., ( 4, 1, 1, 4 ), ( 4, 4 ), ( -0.382826756909500, 0.000000000000000, 1.00000000000000, 1.46029674464000 ), ( -0.0200019669390300, 1.02010031389100 ), .UNSPECIFIED. );
#973 = FACE_OUTER_BOUND( '', #2167, .T. );
#974 = SPHERICAL_SURFACE( '', #2168, 5.00000000000000E-005 );
#975 = FACE_OUTER_BOUND( '', #2169, .T. );
#976 = PLANE( '', #2170 );
#977 = FACE_OUTER_BOUND( '', #2171, .T. );
#978 = CYLINDRICAL_SURFACE( '', #2172, 0.000150000000000000 );
#979 = FACE_OUTER_BOUND( '', #2173, .T. );
#980 = PLANE( '', #2174 );
#981 = FACE_OUTER_BOUND( '', #2175, .T. );
#982 = PLANE( '', #2176 );
#983 = FACE_OUTER_BOUND( '', #2177, .T. );
#984 = PLANE( '', #2178 );
#985 = FACE_OUTER_BOUND( '', #2179, .T. );
#986 = PLANE( '', #2180 );
#987 = FACE_OUTER_BOUND( '', #2181, .T. );
#988 = PLANE( '', #2182 );
#989 = FACE_OUTER_BOUND( '', #2183, .T. );
#990 = PLANE( '', #2184 );
#991 = FACE_OUTER_BOUND( '', #2185, .T. );
#992 = PLANE( '', #2186 );
#993 = FACE_OUTER_BOUND( '', #2187, .T. );
#994 = PLANE( '', #2188 );
#995 = FACE_OUTER_BOUND( '', #2189, .T. );
#996 = PLANE( '', #2190 );
#997 = FACE_OUTER_BOUND( '', #2191, .T. );
#998 = CYLINDRICAL_SURFACE( '', #2192, 5.00000000000000E-005 );
#999 = FACE_OUTER_BOUND( '', #2193, .T. );
#1000 = CYLINDRICAL_SURFACE( '', #2194, 0.000150000000000000 );
#1001 = FACE_OUTER_BOUND( '', #2195, .T. );
#1002 = B_SPLINE_SURFACE_WITH_KNOTS( '', 3, 3, ( ( #2196, #2197, #2198, #2199 ), ( #2200, #2201, #2202, #2203 ), ( #2204, #2205, #2206, #2207 ), ( #2208, #2209, #2210, #2211 ), ( #2212, #2213, #2214, #2215 ), ( #2216, #2217, #2218, #2219 ), ( #2220, #2221, #2222, #2223 ), ( #2224, #2225, #2226, #2227 ), ( #2228, #2229, #2230, #2231 ) ), .UNSPECIFIED., .F., .F., .F., ( 4, 1, 1, 1, 1, 1, 4 ), ( 4, 4 ), ( -0.00819284193548200, 0.000000000000000, 0.250000000000000, 0.500000000000000, 0.750000000000000, 1.00000000000000, 1.00876849296800 ), ( -0.0200282483825500, 1.02032801799900 ), .UNSPECIFIED. );
#1003 = FACE_OUTER_BOUND( '', #2232, .T. );
#1004 = PLANE( '', #2233 );
#1005 = FACE_OUTER_BOUND( '', #2234, .T. );
#1006 = CYLINDRICAL_SURFACE( '', #2235, 5.00000000000000E-005 );
#1007 = FACE_OUTER_BOUND( '', #2236, .T. );
#1008 = PLANE( '', #2237 );
#1009 = FACE_OUTER_BOUND( '', #2238, .T. );
#1010 = PLANE( '', #2239 );
#1011 = FACE_OUTER_BOUND( '', #2240, .T. );
#1012 = PLANE( '', #2241 );
#1013 = FACE_OUTER_BOUND( '', #2242, .T. );
#1014 = PLANE( '', #2243 );
#1015 = FACE_OUTER_BOUND( '', #2244, .T. );
#1016 = CYLINDRICAL_SURFACE( '', #2245, 0.000150000000000000 );
#1017 = FACE_OUTER_BOUND( '', #2246, .T. );
#1018 = PLANE( '', #2247 );
#1019 = FACE_OUTER_BOUND( '', #2248, .T. );
#1020 = CYLINDRICAL_SURFACE( '', #2249, 0.000150000000000000 );
#1021 = FACE_OUTER_BOUND( '', #2250, .T. );
#1022 = PLANE( '', #2251 );
#1023 = FACE_OUTER_BOUND( '', #2252, .T. );
#1024 = CYLINDRICAL_SURFACE( '', #2253, 0.000300000000000000 );
#1025 = FACE_OUTER_BOUND( '', #2254, .T. );
#1026 = CYLINDRICAL_SURFACE( '', #2255, 0.000300000000000000 );
#1027 = FACE_OUTER_BOUND( '', #2256, .T. );
#1028 = CYLINDRICAL_SURFACE( '', #2257, 0.000150000000000000 );
#1029 = FACE_OUTER_BOUND( '', #2258, .T. );
#1030 = PLANE( '', #2259 );
#1031 = FACE_OUTER_BOUND( '', #2260, .T. );
#1032 = PLANE( '', #2261 );
#1033 = FACE_OUTER_BOUND( '', #2262, .T. );
#1034 = FACE_BOUND( '', #2263, .T. );
#1035 = PLANE( '', #2264 );
#1036 = FACE_OUTER_BOUND( '', #2265, .T. );
#1037 = PLANE( '', #2266 );
#1038 = FACE_OUTER_BOUND( '', #2267, .T. );
#1039 = PLANE( '', #2268 );
#1040 = FACE_OUTER_BOUND( '', #2269, .T. );
#1041 = CYLINDRICAL_SURFACE( '', #2270, 0.000150000000000000 );
#1042 = FACE_OUTER_BOUND( '', #2271, .T. );
#1043 = CYLINDRICAL_SURFACE( '', #2272, 0.000150000000000000 );
#1044 = FACE_OUTER_BOUND( '', #2273, .T. );
#1045 = PLANE( '', #2274 );
#1046 = FACE_OUTER_BOUND( '', #2275, .T. );
#1047 = PLANE( '', #2276 );
#1048 = FACE_OUTER_BOUND( '', #2277, .T. );
#1049 = CYLINDRICAL_SURFACE( '', #2278, 0.000300000000000000 );
#1050 = FACE_OUTER_BOUND( '', #2279, .T. );
#1051 = CYLINDRICAL_SURFACE( '', #2280, 0.000300000000000000 );
#1052 = FACE_OUTER_BOUND( '', #2281, .T. );
#1053 = PLANE( '', #2282 );
#1054 = FACE_OUTER_BOUND( '', #2283, .T. );
#1055 = CYLINDRICAL_SURFACE( '', #2284, 0.000100000000000000 );
#1056 = FACE_OUTER_BOUND( '', #2285, .T. );
#1057 = CYLINDRICAL_SURFACE( '', #2286, 0.000300000000000000 );
#1058 = FACE_OUTER_BOUND( '', #2287, .T. );
#1059 = PLANE( '', #2288 );
#1060 = FACE_OUTER_BOUND( '', #2289, .T. );
#1061 = CYLINDRICAL_SURFACE( '', #2290, 5.00000000000000E-005 );
#1062 = FACE_OUTER_BOUND( '', #2291, .T. );
#1063 = B_SPLINE_SURFACE_WITH_KNOTS( '', 3, 3, ( ( #2292, #2293, #2294, #2295 ), ( #2296, #2297, #2298, #2299 ), ( #2300, #2301, #2302, #2303 ), ( #2304, #2305, #2306, #2307 ), ( #2308, #2309, #2310, #2311 ), ( #2312, #2313, #2314, #2315 ) ), .UNSPECIFIED., .F., .F., .F., ( 4, 1, 1, 4 ), ( 4, 4 ), ( -0.458697170451300, 0.000000000000000, 1.00000000000000, 1.42481218500300 ), ( -0.0200019669390300, 1.02010031389100 ), .UNSPECIFIED. );
#1064 = FACE_OUTER_BOUND( '', #2316, .T. );
#1065 = PLANE( '', #2317 );
#1066 = FACE_OUTER_BOUND( '', #2318, .T. );
#1067 = PLANE( '', #2319 );
#1068 = FACE_OUTER_BOUND( '', #2320, .T. );
#1069 = CYLINDRICAL_SURFACE( '', #2321, 0.000150000000000000 );
#1070 = FACE_OUTER_BOUND( '', #2322, .T. );
#1071 = PLANE( '', #2323 );
#1072 = FACE_OUTER_BOUND( '', #2324, .T. );
#1073 = PLANE( '', #2325 );
#1074 = FACE_OUTER_BOUND( '', #2326, .T. );
#1075 = PLANE( '', #2327 );
#1076 = FACE_OUTER_BOUND( '', #2328, .T. );
#1077 = PLANE( '', #2329 );
#1078 = FACE_OUTER_BOUND( '', #2330, .T. );
#1079 = PLANE( '', #2331 );
#1080 = FACE_OUTER_BOUND( '', #2332, .T. );
#1081 = CYLINDRICAL_SURFACE( '', #2333, 5.00000000000000E-005 );
#1082 = FACE_OUTER_BOUND( '', #2334, .T. );
#1083 = CYLINDRICAL_SURFACE( '', #2335, 0.000300000000000000 );
#1084 = FACE_OUTER_BOUND( '', #2336, .T. );
#1085 = SPHERICAL_SURFACE( '', #2337, 5.00000000000000E-005 );
#1086 = FACE_OUTER_BOUND( '', #2338, .T. );
#1087 = CYLINDRICAL_SURFACE( '', #2339, 0.000150000000000000 );
#1088 = FACE_OUTER_BOUND( '', #2340, .T. );
#1089 = PLANE( '', #2341 );
#1090 = FACE_OUTER_BOUND( '', #2342, .T. );
#1091 = FACE_OUTER_BOUND( '', #2343, .T. );
#1092 = TOROIDAL_SURFACE( '', #2344, 0.000506250000000000, 0.000406250000000000 );
#1093 = FACE_OUTER_BOUND( '', #2345, .T. );
#1094 = PLANE( '', #2346 );
#1095 = FACE_OUTER_BOUND( '', #2347, .T. );
#1096 = PLANE( '', #2348 );
#1097 = FACE_OUTER_BOUND( '', #2349, .T. );
#1098 = PLANE( '', #2350 );
#1099 = FACE_OUTER_BOUND( '', #2351, .T. );
#1100 = PLANE( '', #2352 );
#1101 = FACE_OUTER_BOUND( '', #2353, .T. );
#1102 = CYLINDRICAL_SURFACE( '', #2354, 5.00000000000000E-005 );
#1103 = FACE_OUTER_BOUND( '', #2355, .T. );
#1104 = PLANE( '', #2356 );
#1105 = FACE_OUTER_BOUND( '', #2357, .T. );
#1106 = PLANE( '', #2358 );
#1107 = FACE_OUTER_BOUND( '', #2359, .T. );
#1108 = PLANE( '', #2360 );
#1109 = FACE_OUTER_BOUND( '', #2361, .T. );
#1110 = PLANE( '', #2362 );
#1111 = FACE_OUTER_BOUND( '', #2363, .T. );
#1112 = PLANE( '', #2364 );
#1113 = FACE_OUTER_BOUND( '', #2365, .T. );
#1114 = PLANE( '', #2366 );
#1115 = EDGE_LOOP( '', ( #2367, #2368, #2369, #2370 ) );
#1116 = AXIS2_PLACEMENT_3D( '', #2371, #2372, #2373 );
#1117 = EDGE_LOOP( '', ( #2374, #2375, #2376, #2377, #2378 ) );
#1118 = AXIS2_PLACEMENT_3D( '', #2379, #2380, #2381 );
#1119 = EDGE_LOOP( '', ( #2382, #2383, #2384, #2385 ) );
#1120 = AXIS2_PLACEMENT_3D( '', #2386, #2387, #2388 );
#1121 = EDGE_LOOP( '', ( #2389, #2390, #2391, #2392 ) );
#1122 = AXIS2_PLACEMENT_3D( '', #2393, #2394, #2395 );
#1123 = EDGE_LOOP( '', ( #2396, #2397, #2398, #2399 ) );
#1124 = AXIS2_PLACEMENT_3D( '', #2400, #2401, #2402 );
#1125 = EDGE_LOOP( '', ( #2403, #2404, #2405, #2406 ) );
#1126 = AXIS2_PLACEMENT_3D( '', #2407, #2408, #2409 );
#1127 = EDGE_LOOP( '', ( #2410, #2411, #2412, #2413 ) );
#1128 = AXIS2_PLACEMENT_3D( '', #2414, #2415, #2416 );
#1129 = EDGE_LOOP( '', ( #2417, #2418, #2419, #2420 ) );
#1130 = AXIS2_PLACEMENT_3D( '', #2421, #2422, #2423 );
#1131 = EDGE_LOOP( '', ( #2424, #2425, #2426, #2427 ) );
#1132 = AXIS2_PLACEMENT_3D( '', #2428, #2429, #2430 );
#1133 = EDGE_LOOP( '', ( #2431, #2432, #2433, #2434 ) );
#1134 = AXIS2_PLACEMENT_3D( '', #2435, #2436, #2437 );
#1135 = EDGE_LOOP( '', ( #2438, #2439, #2440, #2441 ) );
#1136 = AXIS2_PLACEMENT_3D( '', #2442, #2443, #2444 );
#1137 = EDGE_LOOP( '', ( #2445, #2446, #2447, #2448 ) );
#1138 = AXIS2_PLACEMENT_3D( '', #2449, #2450, #2451 );
#1139 = EDGE_LOOP( '', ( #2452, #2453, #2454, #2455 ) );
#1140 = AXIS2_PLACEMENT_3D( '', #2456, #2457, #2458 );
#1141 = EDGE_LOOP( '', ( #2459, #2460, #2461, #2462 ) );
#1142 = AXIS2_PLACEMENT_3D( '', #2463, #2464, #2465 );
#1143 = EDGE_LOOP( '', ( #2466, #2467, #2468, #2469 ) );
#1144 = AXIS2_PLACEMENT_3D( '', #2470, #2471, #2472 );
#1145 = EDGE_LOOP( '', ( #2473, #2474, #2475, #2476 ) );
#1146 = AXIS2_PLACEMENT_3D( '', #2477, #2478, #2479 );
#1147 = EDGE_LOOP( '', ( #2480, #2481, #2482, #2483 ) );
#1148 = AXIS2_PLACEMENT_3D( '', #2484, #2485, #2486 );
#1149 = EDGE_LOOP( '', ( #2487, #2488, #2489, #2490 ) );
#1150 = AXIS2_PLACEMENT_3D( '', #2491, #2492, #2493 );
#1151 = EDGE_LOOP( '', ( #2494, #2495, #2496, #2497, #2498, #2499, #2500, #2501, #2502, #2503, #2504, #2505, #2506, #2507, #2508, #2509, #2510, #2511 ) );
#1152 = AXIS2_PLACEMENT_3D( '', #2512, #2513, #2514 );
#1153 = EDGE_LOOP( '', ( #2515, #2516, #2517, #2518, #2519 ) );
#1154 = AXIS2_PLACEMENT_3D( '', #2520, #2521, #2522 );
#1155 = EDGE_LOOP( '', ( #2523, #2524, #2525, #2526 ) );
#1156 = AXIS2_PLACEMENT_3D( '', #2527, #2528, #2529 );
#1157 = EDGE_LOOP( '', ( #2530, #2531, #2532 ) );
#1158 = AXIS2_PLACEMENT_3D( '', #2533, #2534, #2535 );
#1159 = EDGE_LOOP( '', ( #2536, #2537, #2538, #2539 ) );
#1160 = AXIS2_PLACEMENT_3D( '', #2540, #2541, #2542 );
#1161 = EDGE_LOOP( '', ( #2543, #2544, #2545, #2546, #2547, #2548, #2549, #2550, #2551, #2552 ) );
#1162 = AXIS2_PLACEMENT_3D( '', #2553, #2554, #2555 );
#1163 = EDGE_LOOP( '', ( #2556, #2557, #2558, #2559, #2560, #2561, #2562 ) );
#1164 = AXIS2_PLACEMENT_3D( '', #2563, #2564, #2565 );
#1165 = EDGE_LOOP( '', ( #2566, #2567, #2568, #2569 ) );
#1166 = AXIS2_PLACEMENT_3D( '', #2570, #2571, #2572 );
#1167 = EDGE_LOOP( '', ( #2573, #2574, #2575, #2576 ) );
#1168 = AXIS2_PLACEMENT_3D( '', #2577, #2578, #2579 );
#1169 = EDGE_LOOP( '', ( #2580, #2581, #2582, #2583 ) );
#1170 = EDGE_LOOP( '', ( #2584, #2585, #2586, #2587, #2588, #2589 ) );
#1171 = AXIS2_PLACEMENT_3D( '', #2590, #2591, #2592 );
#1172 = EDGE_LOOP( '', ( #2593, #2594, #2595, #2596 ) );
#1173 = AXIS2_PLACEMENT_3D( '', #2597, #2598, #2599 );
#1174 = EDGE_LOOP( '', ( #2600, #2601, #2602, #2603 ) );
#1175 = AXIS2_PLACEMENT_3D( '', #2604, #2605, #2606 );
#1176 = EDGE_LOOP( '', ( #2607, #2608, #2609, #2610 ) );
#1177 = AXIS2_PLACEMENT_3D( '', #2611, #2612, #2613 );
#1178 = EDGE_LOOP( '', ( #2614, #2615, #2616, #2617, #2618 ) );
#1179 = AXIS2_PLACEMENT_3D( '', #2619, #2620, #2621 );
#1180 = EDGE_LOOP( '', ( #2622, #2623, #2624, #2625 ) );
#1181 = AXIS2_PLACEMENT_3D( '', #2626, #2627, #2628 );
#1182 = EDGE_LOOP( '', ( #2629, #2630, #2631, #2632 ) );
#1183 = AXIS2_PLACEMENT_3D( '', #2633, #2634, #2635 );
#1184 = EDGE_LOOP( '', ( #2636, #2637, #2638, #2639, #2640, #2641, #2642, #2643, #2644, #2645, #2646, #2647, #2648, #2649, #2650, #2651, #2652, #2653 ) );
#1185 = AXIS2_PLACEMENT_3D( '', #2654, #2655, #2656 );
#1186 = EDGE_LOOP( '', ( #2657, #2658, #2659, #2660 ) );
#1187 = AXIS2_PLACEMENT_3D( '', #2661, #2662, #2663 );
#1188 = EDGE_LOOP( '', ( #2664, #2665, #2666, #2667 ) );
#1189 = AXIS2_PLACEMENT_3D( '', #2668, #2669, #2670 );
#1190 = EDGE_LOOP( '', ( #2671, #2672, #2673, #2674 ) );
#1191 = AXIS2_PLACEMENT_3D( '', #2675, #2676, #2677 );
#1192 = EDGE_LOOP( '', ( #2678, #2679, #2680, #2681, #2682, #2683, #2684, #2685, #2686, #2687, #2688, #2689, #2690, #2691, #2692, #2693, #2694, #2695, #2696, #2697, #2698, #2699, #2700, #2701, #2702, #2703, #2704, #2705, #2706, #2707, #2708, #2709, #2710, #2711, #2712, #2713 ) );
#1193 = EDGE_LOOP( '', ( #2714 ) );
#1194 = EDGE_LOOP( '', ( #2715 ) );
#1195 = EDGE_LOOP( '', ( #2716, #2717, #2718, #2719 ) );
#1196 = AXIS2_PLACEMENT_3D( '', #2720, #2721, #2722 );
#1197 = EDGE_LOOP( '', ( #2723, #2724, #2725, #2726 ) );
#1198 = AXIS2_PLACEMENT_3D( '', #2727, #2728, #2729 );
#1199 = EDGE_LOOP( '', ( #2730, #2731, #2732, #2733 ) );
#1200 = AXIS2_PLACEMENT_3D( '', #2734, #2735, #2736 );
#1201 = EDGE_LOOP( '', ( #2737, #2738, #2739, #2740 ) );
#1202 = AXIS2_PLACEMENT_3D( '', #2741, #2742, #2743 );
#1203 = EDGE_LOOP( '', ( #2744, #2745, #2746, #2747, #2748 ) );
#1204 = AXIS2_PLACEMENT_3D( '', #2749, #2750, #2751 );
#1205 = EDGE_LOOP( '', ( #2752, #2753, #2754, #2755 ) );
#1206 = AXIS2_PLACEMENT_3D( '', #2756, #2757, #2758 );
#1207 = EDGE_LOOP( '', ( #2759, #2760, #2761, #2762 ) );
#1208 = AXIS2_PLACEMENT_3D( '', #2763, #2764, #2765 );
#1209 = EDGE_LOOP( '', ( #2766, #2767, #2768 ) );
#1210 = AXIS2_PLACEMENT_3D( '', #2769, #2770, #2771 );
#1211 = EDGE_LOOP( '', ( #2772, #2773, #2774, #2775, #2776 ) );
#1212 = AXIS2_PLACEMENT_3D( '', #2777, #2778, #2779 );
#1213 = EDGE_LOOP( '', ( #2780, #2781, #2782, #2783 ) );
#1214 = AXIS2_PLACEMENT_3D( '', #2784, #2785, #2786 );
#1215 = EDGE_LOOP( '', ( #2787, #2788, #2789, #2790 ) );
#1216 = AXIS2_PLACEMENT_3D( '', #2791, #2792, #2793 );
#1217 = EDGE_LOOP( '', ( #2794, #2795, #2796, #2797 ) );
#1218 = AXIS2_PLACEMENT_3D( '', #2798, #2799, #2800 );
#1219 = EDGE_LOOP( '', ( #2801, #2802, #2803, #2804 ) );
#1220 = AXIS2_PLACEMENT_3D( '', #2805, #2806, #2807 );
#1221 = EDGE_LOOP( '', ( #2808, #2809, #2810, #2811 ) );
#1222 = AXIS2_PLACEMENT_3D( '', #2812, #2813, #2814 );
#1223 = EDGE_LOOP( '', ( #2815, #2816, #2817, #2818 ) );
#1224 = AXIS2_PLACEMENT_3D( '', #2819, #2820, #2821 );
#1225 = EDGE_LOOP( '', ( #2822, #2823, #2824, #2825 ) );
#1226 = AXIS2_PLACEMENT_3D( '', #2826, #2827, #2828 );
#1227 = EDGE_LOOP( '', ( #2829, #2830, #2831, #2832 ) );
#1228 = AXIS2_PLACEMENT_3D( '', #2833, #2834, #2835 );
#1229 = EDGE_LOOP( '', ( #2836, #2837, #2838, #2839 ) );
#1230 = AXIS2_PLACEMENT_3D( '', #2840, #2841, #2842 );
#1231 = EDGE_LOOP( '', ( #2843, #2844, #2845 ) );
#1232 = AXIS2_PLACEMENT_3D( '', #2846, #2847, #2848 );
#1233 = EDGE_LOOP( '', ( #2849, #2850, #2851, #2852 ) );
#1234 = AXIS2_PLACEMENT_3D( '', #2853, #2854, #2855 );
#1235 = EDGE_LOOP( '', ( #2856, #2857, #2858 ) );
#1236 = AXIS2_PLACEMENT_3D( '', #2859, #2860, #2861 );
#1237 = EDGE_LOOP( '', ( #2862 ) );
#1238 = EDGE_LOOP( '', ( #2863 ) );
#1239 = AXIS2_PLACEMENT_3D( '', #2864, #2865, #2866 );
#1240 = EDGE_LOOP( '', ( #2867, #2868, #2869, #2870 ) );
#1241 = CARTESIAN_POINT( '', ( 0.00186966241369200, 0.00131799582269600, -0.00106157927986600 ) );
#1242 = CARTESIAN_POINT( '', ( 0.00186941816269800, 0.00135267357397300, -0.00106157926187300 ) );
#1243 = CARTESIAN_POINT( '', ( 0.00186917391170400, 0.00138735132524900, -0.00106157924388000 ) );
#1244 = CARTESIAN_POINT( '', ( 0.00186892966071100, 0.00142202907652600, -0.00106157922588700 ) );
#1245 = CARTESIAN_POINT( '', ( 0.00186977403675600, 0.00131799671988200, -0.00106124179718100 ) );
#1246 = CARTESIAN_POINT( '', ( 0.00186961066430900, 0.00135267499393600, -0.00106124179130700 ) );
#1247 = CARTESIAN_POINT( '', ( 0.00186944729186200, 0.00138735326799000, -0.00106124178543300 ) );
#1248 = CARTESIAN_POINT( '', ( 0.00186928391941500, 0.00142203154204400, -0.00106124177955900 ) );
#1249 = CARTESIAN_POINT( '', ( 0.00187332050400100, 0.00131801106843900, -0.00105063024797500 ) );
#1250 = CARTESIAN_POINT( '', ( 0.00187572300344700, 0.00135269779313500, -0.00105063042722500 ) );
#1251 = CARTESIAN_POINT( '', ( 0.00187812550289200, 0.00138738451783100, -0.00105063060647400 ) );
#1252 = CARTESIAN_POINT( '', ( 0.00188052800233800, 0.00142207124252700, -0.00105063078572400 ) );
#1253 = CARTESIAN_POINT( '', ( 0.00188204832354600, 0.00131714928526100, -0.00103125052399600 ) );
#1254 = CARTESIAN_POINT( '', ( 0.00189054619288400, 0.00135132845921700, -0.00103123958459100 ) );
#1255 = CARTESIAN_POINT( '', ( 0.00189904406222200, 0.00138550763317300, -0.00103122864518700 ) );
#1256 = CARTESIAN_POINT( '', ( 0.00190754193156100, 0.00141968680713000, -0.00103121770578300 ) );
#1257 = CARTESIAN_POINT( '', ( 0.00189690671961600, 0.00131104668851900, -0.00100836347298900 ) );
#1258 = CARTESIAN_POINT( '', ( 0.00191640293357700, 0.00134067293129400, -0.00100836641821300 ) );
#1259 = CARTESIAN_POINT( '', ( 0.00193589914753900, 0.00137029917407000, -0.00100836936343800 ) );
#1260 = CARTESIAN_POINT( '', ( 0.00195539536150000, 0.00139992541684500, -0.00100837230866200 ) );
#1261 = CARTESIAN_POINT( '', ( 0.00191084311833900, 0.00129776248962800, -0.000992604633996600 ) );
#1262 = CARTESIAN_POINT( '', ( 0.00194033682980400, 0.00131782993664500, -0.000992603792504000 ) );
#1263 = CARTESIAN_POINT( '', ( 0.00196983054126800, 0.00133789738366100, -0.000992602951011400 ) );
#1264 = CARTESIAN_POINT( '', ( 0.00199932425273300, 0.00135796483067800, -0.000992602109518700 ) );
#1265 = CARTESIAN_POINT( '', ( 0.00191624293669300, 0.00128465874537400, -0.000987300485635400 ) );
#1266 = CARTESIAN_POINT( '', ( 0.00194965429977700, 0.00129524971423800, -0.000987300500392600 ) );
#1267 = CARTESIAN_POINT( '', ( 0.00198306566286000, 0.00130584068310100, -0.000987300515149900 ) );
#1268 = CARTESIAN_POINT( '', ( 0.00201647702594400, 0.00131643165196500, -0.000987300529907100 ) );
#1269 = CARTESIAN_POINT( '', ( 0.00191739161078800, 0.00127760379742000, -0.000986102123671500 ) );
#1270 = CARTESIAN_POINT( '', ( 0.00195163261555800, 0.00128309763879600, -0.000986102123153900 ) );
#1271 = CARTESIAN_POINT( '', ( 0.00198587362032700, 0.00128859148017200, -0.000986102122636300 ) );
#1272 = CARTESIAN_POINT( '', ( 0.00202011462509700, 0.00129408532154700, -0.000986102122118700 ) );
#1273 = CARTESIAN_POINT( '', ( 0.00191742867818700, 0.00127736431684900, -0.000986063241570000 ) );
#1274 = CARTESIAN_POINT( '', ( 0.00195169644396500, 0.00128268514188300, -0.000986063239962800 ) );
#1275 = CARTESIAN_POINT( '', ( 0.00198596420974300, 0.00128800596691600, -0.000986063238355500 ) );
#1276 = CARTESIAN_POINT( '', ( 0.00202023197552100, 0.00129332679195000, -0.000986063236748300 ) );
#1277 = EDGE_LOOP( '', ( #2871, #2872, #2873, #2874 ) );
#1278 = AXIS2_PLACEMENT_3D( '', #2875, #2876, #2877 );
#1279 = EDGE_LOOP( '', ( #2878, #2879, #2880, #2881, #2882, #2883 ) );
#1280 = AXIS2_PLACEMENT_3D( '', #2884, #2885, #2886 );
#1281 = EDGE_LOOP( '', ( #2887, #2888, #2889, #2890 ) );
#1282 = AXIS2_PLACEMENT_3D( '', #2891, #2892, #2893 );
#1283 = EDGE_LOOP( '', ( #2894, #2895, #2896, #2897, #2898, #2899, #2900, #2901 ) );
#1284 = AXIS2_PLACEMENT_3D( '', #2902, #2903, #2904 );
#1285 = EDGE_LOOP( '', ( #2905, #2906, #2907, #2908 ) );
#1286 = AXIS2_PLACEMENT_3D( '', #2909, #2910, #2911 );
#1287 = EDGE_LOOP( '', ( #2912, #2913, #2914, #2915 ) );
#1288 = AXIS2_PLACEMENT_3D( '', #2916, #2917, #2918 );
#1289 = EDGE_LOOP( '', ( #2919, #2920, #2921, #2922 ) );
#1290 = AXIS2_PLACEMENT_3D( '', #2923, #2924, #2925 );
#1291 = EDGE_LOOP( '', ( #2926, #2927, #2928, #2929, #2930 ) );
#1292 = AXIS2_PLACEMENT_3D( '', #2931, #2932, #2933 );
#1293 = EDGE_LOOP( '', ( #2934, #2935, #2936, #2937, #2938, #2939 ) );
#1294 = AXIS2_PLACEMENT_3D( '', #2940, #2941, #2942 );
#1295 = EDGE_LOOP( '', ( #2943, #2944, #2945, #2946 ) );
#1296 = AXIS2_PLACEMENT_3D( '', #2947, #2948, #2949 );
#1297 = EDGE_LOOP( '', ( #2950, #2951, #2952, #2953 ) );
#1298 = AXIS2_PLACEMENT_3D( '', #2954, #2955, #2956 );
#1299 = EDGE_LOOP( '', ( #2957, #2958, #2959, #2960, #2961, #2962 ) );
#1300 = CARTESIAN_POINT( '', ( 0.00186946447320000, 0.00131798412697600, 0.000376200387912900 ) );
#1301 = CARTESIAN_POINT( '', ( 0.00186907717601300, 0.00135266090598100, 0.000376200396169500 ) );
#1302 = CARTESIAN_POINT( '', ( 0.00186868987882700, 0.00138733768498600, 0.000376200404426100 ) );
#1303 = CARTESIAN_POINT( '', ( 0.00186830258164000, 0.00142201446399000, 0.000376200412682600 ) );
#1304 = CARTESIAN_POINT( '', ( 0.00186964238831500, 0.00131798637058500, 0.000376463467541900 ) );
#1305 = CARTESIAN_POINT( '', ( 0.00186938385991900, 0.00135266454415400, 0.000376463470232100 ) );
#1306 = CARTESIAN_POINT( '', ( 0.00186912533152200, 0.00138734271772300, 0.000376463472922300 ) );
#1307 = CARTESIAN_POINT( '', ( 0.00186886680312600, 0.00142202089129200, 0.000376463475612500 ) );
#1308 = CARTESIAN_POINT( '', ( 0.00187503243772900, 0.00131802031438000, 0.000384378747819800 ) );
#1309 = CARTESIAN_POINT( '', ( 0.00187867197695300, 0.00135271970624500, 0.000384378669284400 ) );
#1310 = CARTESIAN_POINT( '', ( 0.00188231151617700, 0.00138741909811000, 0.000384378590748900 ) );
#1311 = CARTESIAN_POINT( '', ( 0.00188595105540100, 0.00142211848997500, 0.000384378512213400 ) );
#1312 = CARTESIAN_POINT( '', ( 0.00188666872337700, 0.00131607126262800, 0.000398277993619600 ) );
#1313 = CARTESIAN_POINT( '', ( 0.00189855269944700, 0.00134955230053400, 0.000398282579059200 ) );
#1314 = CARTESIAN_POINT( '', ( 0.00191043667551700, 0.00138303333844000, 0.000398287164498900 ) );
#1315 = CARTESIAN_POINT( '', ( 0.00192232065158700, 0.00141651437634600, 0.000398291749938600 ) );
#1316 = CARTESIAN_POINT( '', ( 0.00190302523976500, 0.00130672956352300, 0.000413464103906800 ) );
#1317 = CARTESIAN_POINT( '', ( 0.00192686559436500, 0.00133318916469200, 0.000413461550886000 ) );
#1318 = CARTESIAN_POINT( '', ( 0.00195070594896600, 0.00135964876586000, 0.000413458997865100 ) );
#1319 = CARTESIAN_POINT( '', ( 0.00197454630356600, 0.00138610836702900, 0.000413456444844300 ) );
#1320 = CARTESIAN_POINT( '', ( 0.00191488362878400, 0.00129008132290500, 0.000422783633674600 ) );
#1321 = CARTESIAN_POINT( '', ( 0.00194758467778200, 0.00130474068928300, 0.000422789260318300 ) );
#1322 = CARTESIAN_POINT( '', ( 0.00198028572678000, 0.00131940005566100, 0.000422794886962000 ) );
#1323 = CARTESIAN_POINT( '', ( 0.00201298677577900, 0.00133405942203800, 0.000422800513605700 ) );
#1324 = CARTESIAN_POINT( '', ( 0.00191807420527300, 0.00127633422070600, 0.000424974543492900 ) );
#1325 = CARTESIAN_POINT( '', ( 0.00195281346053000, 0.00128091047115200, 0.000424974495046200 ) );
#1326 = CARTESIAN_POINT( '', ( 0.00198755271578800, 0.00128548672159800, 0.000424974446599400 ) );
#1327 = CARTESIAN_POINT( '', ( 0.00202229197104500, 0.00129006297204400, 0.000424974398152700 ) );
#1328 = CARTESIAN_POINT( '', ( 0.00191798298346200, 0.00126933489183900, 0.000424999833094500 ) );
#1329 = CARTESIAN_POINT( '', ( 0.00195265863892000, 0.00126885426338200, 0.000424999833928800 ) );
#1330 = CARTESIAN_POINT( '', ( 0.00198733429437800, 0.00126837363492500, 0.000424999834763000 ) );
#1331 = CARTESIAN_POINT( '', ( 0.00202200994983600, 0.00126789300646800, 0.000424999835597300 ) );
#1332 = CARTESIAN_POINT( '', ( 0.00191798094959800, 0.00126921638422000, 0.000424999951673900 ) );
#1333 = CARTESIAN_POINT( '', ( 0.00195265521516900, 0.00126865015891200, 0.000424999954205300 ) );
#1334 = CARTESIAN_POINT( '', ( 0.00198732948074000, 0.00126808393360500, 0.000424999956736600 ) );
#1335 = CARTESIAN_POINT( '', ( 0.00202200374631100, 0.00126751770829700, 0.000424999959268000 ) );
#1336 = EDGE_LOOP( '', ( #2963, #2964, #2965, #2966, #2967, #2968 ) );
#1337 = CARTESIAN_POINT( '', ( -0.00191798095087100, 0.00126921645746500, 0.000424999951600000 ) );
#1338 = CARTESIAN_POINT( '', ( -0.00195265521729000, 0.00126865028506600, 0.000424999954130400 ) );
#1339 = CARTESIAN_POINT( '', ( -0.00198732948370900, 0.00126808411266800, 0.000424999956660900 ) );
#1340 = CARTESIAN_POINT( '', ( -0.00202200375012800, 0.00126751794026900, 0.000424999959191300 ) );
#1341 = CARTESIAN_POINT( '', ( -0.00191798298418300, 0.00126933494446700, 0.000424999832913800 ) );
#1342 = CARTESIAN_POINT( '', ( -0.00195265864011800, 0.00126885435403500, 0.000424999833747800 ) );
#1343 = CARTESIAN_POINT( '', ( -0.00198733429605300, 0.00126837376360300, 0.000424999834581800 ) );
#1344 = CARTESIAN_POINT( '', ( -0.00202200995198800, 0.00126789317317100, 0.000424999835415800 ) );
#1345 = CARTESIAN_POINT( '', ( -0.00191807419904200, 0.00127633425159900, 0.000424974539050400 ) );
#1346 = CARTESIAN_POINT( '', ( -0.00195281345016400, 0.00128091052458800, 0.000424974490612100 ) );
#1347 = CARTESIAN_POINT( '', ( -0.00198755270128600, 0.00128548679757600, 0.000424974442173900 ) );
#1348 = CARTESIAN_POINT( '', ( -0.00202229195240800, 0.00129006307056400, 0.000424974393735600 ) );
#1349 = CARTESIAN_POINT( '', ( -0.00191488362502900, 0.00129008133067300, 0.000422783630780900 ) );
#1350 = CARTESIAN_POINT( '', ( -0.00194758467108300, 0.00130474070264000, 0.000422789257421400 ) );
#1351 = CARTESIAN_POINT( '', ( -0.00198028571713800, 0.00131940007460600, 0.000422794884061900 ) );
#1352 = CARTESIAN_POINT( '', ( -0.00201298676319200, 0.00133405944657300, 0.000422800510702400 ) );
#1353 = CARTESIAN_POINT( '', ( -0.00190302523541300, 0.00130672956684600, 0.000413464100228800 ) );
#1354 = CARTESIAN_POINT( '', ( -0.00192686558687700, 0.00133318917042800, 0.000413461547209400 ) );
#1355 = CARTESIAN_POINT( '', ( -0.00195070593834000, 0.00135964877401000, 0.000413458994190000 ) );
#1356 = CARTESIAN_POINT( '', ( -0.00197454628980400, 0.00138610837759200, 0.000413456441170600 ) );
#1357 = CARTESIAN_POINT( '', ( -0.00188666872089800, 0.00131607126326700, 0.000398277990901300 ) );
#1358 = CARTESIAN_POINT( '', ( -0.00189855269524900, 0.00134955230147500, 0.000398282576338400 ) );
#1359 = CARTESIAN_POINT( '', ( -0.00191043666960000, 0.00138303333968200, 0.000398287161775500 ) );
#1360 = CARTESIAN_POINT( '', ( -0.00192232064395000, 0.00141651437788900, 0.000398291747212500 ) );
#1361 = CARTESIAN_POINT( '', ( -0.00187503193131700, 0.00131802039910200, 0.000384378142722300 ) );
#1362 = CARTESIAN_POINT( '', ( -0.00187867111172900, 0.00135271984390100, 0.000384378063984200 ) );
#1363 = CARTESIAN_POINT( '', ( -0.00188231029214000, 0.00138741928869900, 0.000384377985246000 ) );
#1364 = CARTESIAN_POINT( '', ( -0.00188594947255100, 0.00142211873349700, 0.000384377906507900 ) );
#1365 = CARTESIAN_POINT( '', ( -0.00186964146686200, 0.00131798636480000, 0.000376462114377900 ) );
#1366 = CARTESIAN_POINT( '', ( -0.00186938227207300, 0.00135266453472500, 0.000376462117082000 ) );
#1367 = CARTESIAN_POINT( '', ( -0.00186912307728400, 0.00138734270465000, 0.000376462119786100 ) );
#1368 = CARTESIAN_POINT( '', ( -0.00186886388249500, 0.00142202087457500, 0.000376462122490200 ) );
#1369 = CARTESIAN_POINT( '', ( -0.00186946309568900, 0.00131798410960800, 0.000376198350978800 ) );
#1370 = CARTESIAN_POINT( '', ( -0.00186907480150700, 0.00135266087779000, 0.000376198359278600 ) );
#1371 = CARTESIAN_POINT( '', ( -0.00186868650732400, 0.00138733764597100, 0.000376198367578300 ) );
#1372 = CARTESIAN_POINT( '', ( -0.00186829821314100, 0.00142201441415200, 0.000376198375878000 ) );
#1373 = EDGE_LOOP( '', ( #2969, #2970, #2971, #2972 ) );
#1374 = AXIS2_PLACEMENT_3D( '', #2973, #2974, #2975 );
#1375 = EDGE_LOOP( '', ( #2976, #2977, #2978, #2979 ) );
#1376 = AXIS2_PLACEMENT_3D( '', #2980, #2981, #2982 );
#1377 = EDGE_LOOP( '', ( #2983, #2984, #2985, #2986 ) );
#1378 = AXIS2_PLACEMENT_3D( '', #2987, #2988, #2989 );
#1379 = EDGE_LOOP( '', ( #2990, #2991, #2992, #2993 ) );
#1380 = AXIS2_PLACEMENT_3D( '', #2994, #2995, #2996 );
#1381 = EDGE_LOOP( '', ( #2997, #2998, #2999, #3000 ) );
#1382 = AXIS2_PLACEMENT_3D( '', #3001, #3002, #3003 );
#1383 = EDGE_LOOP( '', ( #3004, #3005, #3006, #3007, #3008, #3009 ) );
#1384 = CARTESIAN_POINT( '', ( -0.00186946447320000, 0.00131798412699400, -0.000376200387913200 ) );
#1385 = CARTESIAN_POINT( '', ( -0.00186907717601400, 0.00135266090599200, -0.000376200396169800 ) );
#1386 = CARTESIAN_POINT( '', ( -0.00186868987882700, 0.00138733768499100, -0.000376200404426300 ) );
#1387 = CARTESIAN_POINT( '', ( -0.00186830258164100, 0.00142201446399000, -0.000376200412682900 ) );
#1388 = CARTESIAN_POINT( '', ( -0.00186964238831500, 0.00131798637060300, -0.000376463467542100 ) );
#1389 = CARTESIAN_POINT( '', ( -0.00186938385991900, 0.00135266454416600, -0.000376463470232300 ) );
#1390 = CARTESIAN_POINT( '', ( -0.00186912533152200, 0.00138734271772900, -0.000376463472922500 ) );
#1391 = CARTESIAN_POINT( '', ( -0.00186886680312600, 0.00142202089129200, -0.000376463475612600 ) );
#1392 = CARTESIAN_POINT( '', ( -0.00187503243773100, 0.00131802031439800, -0.000384378747819900 ) );
#1393 = CARTESIAN_POINT( '', ( -0.00187867197695400, 0.00135271970625700, -0.000384378669284400 ) );
#1394 = CARTESIAN_POINT( '', ( -0.00188231151617800, 0.00138741909811600, -0.000384378590749000 ) );
#1395 = CARTESIAN_POINT( '', ( -0.00188595105540100, 0.00142211848997500, -0.000384378512213500 ) );
#1396 = CARTESIAN_POINT( '', ( -0.00188666872338400, 0.00131607126264500, -0.000398277993619600 ) );
#1397 = CARTESIAN_POINT( '', ( -0.00189855269945100, 0.00134955230054500, -0.000398282579059200 ) );
#1398 = CARTESIAN_POINT( '', ( -0.00191043667551900, 0.00138303333844500, -0.000398287164498900 ) );
#1399 = CARTESIAN_POINT( '', ( -0.00192232065158700, 0.00141651437634500, -0.000398291749938600 ) );
#1400 = CARTESIAN_POINT( '', ( -0.00190302523977700, 0.00130672956353700, -0.000413464103906800 ) );
#1401 = CARTESIAN_POINT( '', ( -0.00192686559437300, 0.00133318916470100, -0.000413461550886000 ) );
#1402 = CARTESIAN_POINT( '', ( -0.00195070594897000, 0.00135964876586500, -0.000413458997865100 ) );
#1403 = CARTESIAN_POINT( '', ( -0.00197454630356600, 0.00138610836702900, -0.000413456444844300 ) );
#1404 = CARTESIAN_POINT( '', ( -0.00191488362880000, 0.00129008132291300, -0.000422783633674600 ) );
#1405 = CARTESIAN_POINT( '', ( -0.00194758467779300, 0.00130474068928800, -0.000422789260318300 ) );
#1406 = CARTESIAN_POINT( '', ( -0.00198028572678600, 0.00131940005566300, -0.000422794886962000 ) );
#1407 = CARTESIAN_POINT( '', ( -0.00201298677577800, 0.00133405942203800, -0.000422800513605700 ) );
#1408 = CARTESIAN_POINT( '', ( -0.00191807420529100, 0.00127633422070800, -0.000424974543492900 ) );
#1409 = CARTESIAN_POINT( '', ( -0.00195281346054200, 0.00128091047115400, -0.000424974495046200 ) );
#1410 = CARTESIAN_POINT( '', ( -0.00198755271579300, 0.00128548672159900, -0.000424974446599400 ) );
#1411 = CARTESIAN_POINT( '', ( -0.00202229197104400, 0.00129006297204400, -0.000424974398152700 ) );
#1412 = CARTESIAN_POINT( '', ( -0.00191798298348000, 0.00126933489183900, -0.000424999833094500 ) );
#1413 = CARTESIAN_POINT( '', ( -0.00195265863893200, 0.00126885426338200, -0.000424999833928800 ) );
#1414 = CARTESIAN_POINT( '', ( -0.00198733429438400, 0.00126837363492500, -0.000424999834763000 ) );
#1415 = CARTESIAN_POINT( '', ( -0.00202200994983600, 0.00126789300646900, -0.000424999835597300 ) );
#1416 = CARTESIAN_POINT( '', ( -0.00191798094961600, 0.00126921638422000, -0.000424999951673900 ) );
#1417 = CARTESIAN_POINT( '', ( -0.00195265521518100, 0.00126865015891300, -0.000424999954205300 ) );
#1418 = CARTESIAN_POINT( '', ( -0.00198732948074600, 0.00126808393360500, -0.000424999956736600 ) );
#1419 = CARTESIAN_POINT( '', ( -0.00202200374631100, 0.00126751770829800, -0.000424999959268000 ) );
#1420 = EDGE_LOOP( '', ( #3010, #3011, #3012, #3013 ) );
#1421 = AXIS2_PLACEMENT_3D( '', #3014, #3015, #3016 );
#1422 = EDGE_LOOP( '', ( #3017, #3018, #3019, #3020 ) );
#1423 = AXIS2_PLACEMENT_3D( '', #3021, #3022, #3023 );
#1424 = EDGE_LOOP( '', ( #3024, #3025, #3026, #3027 ) );
#1425 = AXIS2_PLACEMENT_3D( '', #3028, #3029, #3030 );
#1426 = EDGE_LOOP( '', ( #3031, #3032, #3033, #3034 ) );
#1427 = AXIS2_PLACEMENT_3D( '', #3035, #3036, #3037 );
#1428 = EDGE_LOOP( '', ( #3038, #3039, #3040, #3041, #3042, #3043, #3044, #3045, #3046, #3047, #3048, #3049, #3050, #3051, #3052, #3053, #3054, #3055, #3056, #3057, #3058, #3059, #3060, #3061, #3062, #3063, #3064, #3065, #3066, #3067, #3068, #3069, #3070, #3071, #3072, #3073, #3074, #3075, #3076, #3077 ) );
#1429 = EDGE_LOOP( '', ( #3078 ) );
#1430 = AXIS2_PLACEMENT_3D( '', #3079, #3080, #3081 );
#1431 = EDGE_LOOP( '', ( #3082, #3083, #3084, #3085 ) );
#1432 = AXIS2_PLACEMENT_3D( '', #3086, #3087, #3088 );
#1433 = EDGE_LOOP( '', ( #3089, #3090, #3091, #3092 ) );
#1434 = AXIS2_PLACEMENT_3D( '', #3093, #3094, #3095 );
#1435 = EDGE_LOOP( '', ( #3096, #3097, #3098, #3099, #3100, #3101, #3102, #3103, #3104 ) );
#1436 = AXIS2_PLACEMENT_3D( '', #3105, #3106, #3107 );
#1437 = EDGE_LOOP( '', ( #3108, #3109, #3110, #3111 ) );
#1438 = AXIS2_PLACEMENT_3D( '', #3112, #3113, #3114 );
#1439 = EDGE_LOOP( '', ( #3115, #3116, #3117, #3118 ) );
#1440 = AXIS2_PLACEMENT_3D( '', #3119, #3120, #3121 );
#1441 = EDGE_LOOP( '', ( #3122, #3123, #3124, #3125, #3126, #3127, #3128, #3129, #3130, #3131 ) );
#1442 = AXIS2_PLACEMENT_3D( '', #3132, #3133, #3134 );
#1443 = EDGE_LOOP( '', ( #3135, #3136, #3137, #3138 ) );
#1444 = AXIS2_PLACEMENT_3D( '', #3139, #3140, #3141 );
#1445 = EDGE_LOOP( '', ( #3142, #3143, #3144, #3145 ) );
#1446 = AXIS2_PLACEMENT_3D( '', #3146, #3147, #3148 );
#1447 = EDGE_LOOP( '', ( #3149, #3150, #3151, #3152 ) );
#1448 = AXIS2_PLACEMENT_3D( '', #3153, #3154, #3155 );
#1449 = EDGE_LOOP( '', ( #3156, #3157, #3158, #3159 ) );
#1450 = AXIS2_PLACEMENT_3D( '', #3160, #3161, #3162 );
#1451 = EDGE_LOOP( '', ( #3163, #3164, #3165, #3166 ) );
#1452 = AXIS2_PLACEMENT_3D( '', #3167, #3168, #3169 );
#1453 = EDGE_LOOP( '', ( #3170, #3171, #3172, #3173 ) );
#1454 = AXIS2_PLACEMENT_3D( '', #3174, #3175, #3176 );
#1455 = EDGE_LOOP( '', ( #3177, #3178, #3179, #3180, #3181 ) );
#1456 = AXIS2_PLACEMENT_3D( '', #3182, #3183, #3184 );
#1457 = EDGE_LOOP( '', ( #3185 ) );
#1458 = EDGE_LOOP( '', ( #3186 ) );
#1459 = AXIS2_PLACEMENT_3D( '', #3187, #3188, #3189 );
#1460 = EDGE_LOOP( '', ( #3190, #3191, #3192, #3193 ) );
#1461 = AXIS2_PLACEMENT_3D( '', #3194, #3195, #3196 );
#1462 = EDGE_LOOP( '', ( #3197, #3198, #3199, #3200 ) );
#1463 = AXIS2_PLACEMENT_3D( '', #3201, #3202, #3203 );
#1464 = EDGE_LOOP( '', ( #3204, #3205, #3206, #3207, #3208, #3209 ) );
#1465 = AXIS2_PLACEMENT_3D( '', #3210, #3211, #3212 );
#1466 = EDGE_LOOP( '', ( #3213, #3214, #3215, #3216 ) );
#1467 = AXIS2_PLACEMENT_3D( '', #3217, #3218, #3219 );
#1468 = EDGE_LOOP( '', ( #3220, #3221, #3222, #3223 ) );
#1469 = AXIS2_PLACEMENT_3D( '', #3224, #3225, #3226 );
#1470 = EDGE_LOOP( '', ( #3227, #3228, #3229, #3230 ) );
#1471 = AXIS2_PLACEMENT_3D( '', #3231, #3232, #3233 );
#1472 = EDGE_LOOP( '', ( #3234, #3235, #3236, #3237 ) );
#1473 = AXIS2_PLACEMENT_3D( '', #3238, #3239, #3240 );
#1474 = EDGE_LOOP( '', ( #3241, #3242, #3243, #3244 ) );
#1475 = CARTESIAN_POINT( '', ( 0.00202195849444400, 0.000703139913277500, -0.000927308115426600 ) );
#1476 = CARTESIAN_POINT( '', ( 0.00198801125740700, 0.000710071566356300, -0.000927308115426600 ) );
#1477 = CARTESIAN_POINT( '', ( 0.00195406402037000, 0.000717003219435200, -0.000927308115426600 ) );
#1478 = CARTESIAN_POINT( '', ( 0.00192011678333200, 0.000723934872514000, -0.000927308115426600 ) );
#1479 = CARTESIAN_POINT( '', ( 0.00202198653410400, 0.000703271735668800, -0.000927067320275900 ) );
#1480 = CARTESIAN_POINT( '', ( 0.00198755327630000, 0.000707918467298800, -0.000927067320275900 ) );
#1481 = CARTESIAN_POINT( '', ( 0.00195312001849600, 0.000712565198928800, -0.000927067320275900 ) );
#1482 = CARTESIAN_POINT( '', ( 0.00191868676069100, 0.000717211930558900, -0.000927067320275900 ) );
#1483 = CARTESIAN_POINT( '', ( 0.00202202998233600, 0.000703698397535700, -0.000926228446237200 ) );
#1484 = CARTESIAN_POINT( '', ( 0.00198684362184300, 0.000700949656805600, -0.000926228446237200 ) );
#1485 = CARTESIAN_POINT( '', ( 0.00195165726135000, 0.000698200916075400, -0.000926228446237200 ) );
#1486 = CARTESIAN_POINT( '', ( 0.00191647090085700, 0.000695452175345300, -0.000926228446237200 ) );
#1487 = CARTESIAN_POINT( '', ( 0.00202190767607500, 0.000704246014647400, -0.000924846020926900 ) );
#1488 = CARTESIAN_POINT( '', ( 0.00198884129077100, 0.000692005243981600, -0.000924846020926900 ) );
#1489 = CARTESIAN_POINT( '', ( 0.00195577490546700, 0.000679764473315800, -0.000924846020926900 ) );
#1490 = CARTESIAN_POINT( '', ( 0.00192270852016300, 0.000667523702649900, -0.000924846020926900 ) );
#1491 = CARTESIAN_POINT( '', ( 0.00202169835985000, 0.000704603201994700, -0.000923580785889800 ) );
#1492 = CARTESIAN_POINT( '', ( 0.00199226012245600, 0.000686171183976300, -0.000923580785889800 ) );
#1493 = CARTESIAN_POINT( '', ( 0.00196282188506200, 0.000667739165957900, -0.000923580785889800 ) );
#1494 = CARTESIAN_POINT( '', ( 0.00193338364766900, 0.000649307147939500, -0.000923580785889800 ) );
#1495 = CARTESIAN_POINT( '', ( 0.00202162613653600, 0.000704702562575900, -0.000923184103531100 ) );
#1496 = CARTESIAN_POINT( '', ( 0.00199343976990800, 0.000684548294481800, -0.000923184103531100 ) );
#1497 = CARTESIAN_POINT( '', ( 0.00196525340328000, 0.000664394026387700, -0.000923184103531100 ) );
#1498 = CARTESIAN_POINT( '', ( 0.00193706703665200, 0.000644239758293600, -0.000923184103531100 ) );
#1499 = EDGE_LOOP( '', ( #3245, #3246, #3247, #3248 ) );
#1500 = AXIS2_PLACEMENT_3D( '', #3249, #3250, #3251 );
#1501 = EDGE_LOOP( '', ( #3252, #3253, #3254, #3255 ) );
#1502 = AXIS2_PLACEMENT_3D( '', #3256, #3257, #3258 );
#1503 = EDGE_LOOP( '', ( #3259, #3260, #3261, #3262 ) );
#1504 = AXIS2_PLACEMENT_3D( '', #3263, #3264, #3265 );
#1505 = EDGE_LOOP( '', ( #3266, #3267, #3268 ) );
#1506 = AXIS2_PLACEMENT_3D( '', #3269, #3270, #3271 );
#1507 = EDGE_LOOP( '', ( #3272, #3273, #3274, #3275 ) );
#1508 = AXIS2_PLACEMENT_3D( '', #3276, #3277, #3278 );
#1509 = EDGE_LOOP( '', ( #3279, #3280, #3281, #3282, #3283 ) );
#1510 = AXIS2_PLACEMENT_3D( '', #3284, #3285, #3286 );
#1511 = EDGE_LOOP( '', ( #3287, #3288, #3289, #3290 ) );
#1512 = AXIS2_PLACEMENT_3D( '', #3291, #3292, #3293 );
#1513 = EDGE_LOOP( '', ( #3294, #3295, #3296, #3297 ) );
#1514 = AXIS2_PLACEMENT_3D( '', #3298, #3299, #3300 );
#1515 = EDGE_LOOP( '', ( #3301, #3302, #3303, #3304 ) );
#1516 = AXIS2_PLACEMENT_3D( '', #3305, #3306, #3307 );
#1517 = EDGE_LOOP( '', ( #3308, #3309, #3310, #3311 ) );
#1518 = AXIS2_PLACEMENT_3D( '', #3312, #3313, #3314 );
#1519 = EDGE_LOOP( '', ( #3315, #3316, #3317, #3318 ) );
#1520 = AXIS2_PLACEMENT_3D( '', #3319, #3320, #3321 );
#1521 = EDGE_LOOP( '', ( #3322, #3323, #3324, #3325 ) );
#1522 = AXIS2_PLACEMENT_3D( '', #3326, #3327, #3328 );
#1523 = EDGE_LOOP( '', ( #3329, #3330, #3331, #3332 ) );
#1524 = AXIS2_PLACEMENT_3D( '', #3333, #3334, #3335 );
#1525 = EDGE_LOOP( '', ( #3336, #3337, #3338, #3339 ) );
#1526 = AXIS2_PLACEMENT_3D( '', #3340, #3341, #3342 );
#1527 = EDGE_LOOP( '', ( #3343, #3344, #3345, #3346 ) );
#1528 = AXIS2_PLACEMENT_3D( '', #3347, #3348, #3349 );
#1529 = EDGE_LOOP( '', ( #3350, #3351, #3352, #3353 ) );
#1530 = AXIS2_PLACEMENT_3D( '', #3354, #3355, #3356 );
#1531 = EDGE_LOOP( '', ( #3357, #3358, #3359, #3360 ) );
#1532 = AXIS2_PLACEMENT_3D( '', #3361, #3362, #3363 );
#1533 = EDGE_LOOP( '', ( #3364, #3365, #3366, #3367 ) );
#1534 = CARTESIAN_POINT( '', ( 0.00191701158140300, 0.00127969027724500, 0.000986471244287800 ) );
#1535 = CARTESIAN_POINT( '', ( 0.00195096449407200, 0.00128668883222300, 0.000986471244287800 ) );
#1536 = CARTESIAN_POINT( '', ( 0.00198491740674200, 0.00129368738720100, 0.000986471244287800 ) );
#1537 = CARTESIAN_POINT( '', ( 0.00201887031941100, 0.00130068594217900, 0.000986471244287800 ) );
#1538 = CARTESIAN_POINT( '', ( 0.00191712179664500, 0.00127915594528500, 0.000986375849348300 ) );
#1539 = CARTESIAN_POINT( '', ( 0.00195115430945500, 0.00128576859266600, 0.000986375849348300 ) );
#1540 = CARTESIAN_POINT( '', ( 0.00198518682226400, 0.00129238124004700, 0.000986375849348300 ) );
#1541 = CARTESIAN_POINT( '', ( 0.00201921933507400, 0.00129899388742800, 0.000986375849348300 ) );
#1542 = CARTESIAN_POINT( '', ( 0.00191772421551500, 0.00127595928056800, 0.000985807150266400 ) );
#1543 = CARTESIAN_POINT( '', ( 0.00195219180995100, 0.00128026321859100, 0.000985807150266400 ) );
#1544 = CARTESIAN_POINT( '', ( 0.00198665940438700, 0.00128456715661400, 0.000985807150266400 ) );
#1545 = CARTESIAN_POINT( '', ( 0.00202112699882300, 0.00128887109463600, 0.000985807150266400 ) );
#1546 = CARTESIAN_POINT( '', ( 0.00191804625388700, 0.00127216130951100, 0.000985143056244900 ) );
#1547 = CARTESIAN_POINT( '', ( 0.00195274643230400, 0.00127372226004500, 0.000985143056244900 ) );
#1548 = CARTESIAN_POINT( '', ( 0.00198744661072000, 0.00127528321057900, 0.000985143056244900 ) );
#1549 = CARTESIAN_POINT( '', ( 0.00202214678913700, 0.00127684416111200, 0.000985143056244900 ) );
#1550 = CARTESIAN_POINT( '', ( 0.00191799067042300, 0.00126890885132100, 0.000984574357163000 ) );
#1551 = CARTESIAN_POINT( '', ( 0.00195265070510400, 0.00126812079708500, 0.000984574357163000 ) );
#1552 = CARTESIAN_POINT( '', ( 0.00198731073978400, 0.00126733274285000, 0.000984574357163000 ) );
#1553 = CARTESIAN_POINT( '', ( 0.00202197077446500, 0.00126654468861500, 0.000984574357163000 ) );
#1554 = CARTESIAN_POINT( '', ( 0.00191797199623900, 0.00126836359054000, 0.000984478962223500 ) );
#1555 = CARTESIAN_POINT( '', ( 0.00195261854396800, 0.00126718173564800, 0.000984478962223500 ) );
#1556 = CARTESIAN_POINT( '', ( 0.00198726509169700, 0.00126599988075600, 0.000984478962223500 ) );
#1557 = CARTESIAN_POINT( '', ( 0.00202191163942600, 0.00126481802586300, 0.000984478962223500 ) );
#1558 = EDGE_LOOP( '', ( #3368, #3369, #3370, #3371 ) );
#1559 = AXIS2_PLACEMENT_3D( '', #3372, #3373, #3374 );
#1560 = EDGE_LOOP( '', ( #3375, #3376, #3377, #3378 ) );
#1561 = AXIS2_PLACEMENT_3D( '', #3379, #3380, #3381 );
#1562 = EDGE_LOOP( '', ( #3382, #3383, #3384, #3385 ) );
#1563 = AXIS2_PLACEMENT_3D( '', #3386, #3387, #3388 );
#1564 = EDGE_LOOP( '', ( #3389, #3390, #3391, #3392 ) );
#1565 = AXIS2_PLACEMENT_3D( '', #3393, #3394, #3395 );
#1566 = EDGE_LOOP( '', ( #3396, #3397, #3398, #3399 ) );
#1567 = AXIS2_PLACEMENT_3D( '', #3400, #3401, #3402 );
#1568 = EDGE_LOOP( '', ( #3403, #3404, #3405, #3406, #3407, #3408, #3409, #3410, #3411, #3412 ) );
#1569 = AXIS2_PLACEMENT_3D( '', #3413, #3414, #3415 );
#1570 = EDGE_LOOP( '', ( #3416, #3417, #3418, #3419 ) );
#1571 = AXIS2_PLACEMENT_3D( '', #3420, #3421, #3422 );
#1572 = EDGE_LOOP( '', ( #3423, #3424, #3425, #3426 ) );
#1573 = AXIS2_PLACEMENT_3D( '', #3427, #3428, #3429 );
#1574 = EDGE_LOOP( '', ( #3430, #3431, #3432, #3433 ) );
#1575 = AXIS2_PLACEMENT_3D( '', #3434, #3435, #3436 );
#1576 = EDGE_LOOP( '', ( #3437 ) );
#1577 = EDGE_LOOP( '', ( #3438 ) );
#1578 = AXIS2_PLACEMENT_3D( '', #3439, #3440, #3441 );
#1579 = EDGE_LOOP( '', ( #3442, #3443, #3444, #3445 ) );
#1580 = AXIS2_PLACEMENT_3D( '', #3446, #3447, #3448 );
#1581 = EDGE_LOOP( '', ( #3449, #3450, #3451, #3452 ) );
#1582 = AXIS2_PLACEMENT_3D( '', #3453, #3454, #3455 );
#1583 = EDGE_LOOP( '', ( #3456, #3457, #3458, #3459 ) );
#1584 = AXIS2_PLACEMENT_3D( '', #3460, #3461, #3462 );
#1585 = EDGE_LOOP( '', ( #3463, #3464, #3465, #3466 ) );
#1586 = AXIS2_PLACEMENT_3D( '', #3467, #3468, #3469 );
#1587 = EDGE_LOOP( '', ( #3470, #3471, #3472, #3473 ) );
#1588 = AXIS2_PLACEMENT_3D( '', #3474, #3475, #3476 );
#1589 = EDGE_LOOP( '', ( #3477, #3478, #3479, #3480 ) );
#1590 = AXIS2_PLACEMENT_3D( '', #3481, #3482, #3483 );
#1591 = EDGE_LOOP( '', ( #3484, #3485, #3486, #3487 ) );
#1592 = EDGE_LOOP( '', ( #3488, #3489, #3490, #3491 ) );
#1593 = AXIS2_PLACEMENT_3D( '', #3492, #3493, #3494 );
#1594 = EDGE_LOOP( '', ( #3495, #3496, #3497, #3498, #3499, #3500 ) );
#1595 = AXIS2_PLACEMENT_3D( '', #3501, #3502, #3503 );
#1596 = EDGE_LOOP( '', ( #3504, #3505, #3506, #3507 ) );
#1597 = AXIS2_PLACEMENT_3D( '', #3508, #3509, #3510 );
#1598 = EDGE_LOOP( '', ( #3511, #3512, #3513, #3514 ) );
#1599 = AXIS2_PLACEMENT_3D( '', #3515, #3516, #3517 );
#1600 = EDGE_LOOP( '', ( #3518, #3519, #3520, #3521 ) );
#1601 = AXIS2_PLACEMENT_3D( '', #3522, #3523, #3524 );
#1602 = EDGE_LOOP( '', ( #3525, #3526, #3527, #3528 ) );
#1603 = AXIS2_PLACEMENT_3D( '', #3529, #3530, #3531 );
#1604 = EDGE_LOOP( '', ( #3532, #3533, #3534, #3535 ) );
#1605 = AXIS2_PLACEMENT_3D( '', #3536, #3537, #3538 );
#1606 = EDGE_LOOP( '', ( #3539, #3540, #3541, #3542 ) );
#1607 = AXIS2_PLACEMENT_3D( '', #3543, #3544, #3545 );
#1608 = EDGE_LOOP( '', ( #3546, #3547, #3548, #3549 ) );
#1609 = AXIS2_PLACEMENT_3D( '', #3550, #3551, #3552 );
#1610 = EDGE_LOOP( '', ( #3553, #3554, #3555, #3556 ) );
#1611 = AXIS2_PLACEMENT_3D( '', #3557, #3558, #3559 );
#1612 = EDGE_LOOP( '', ( #3560, #3561, #3562, #3563 ) );
#1613 = AXIS2_PLACEMENT_3D( '', #3564, #3565, #3566 );
#1614 = EDGE_LOOP( '', ( #3567, #3568, #3569, #3570 ) );
#1615 = AXIS2_PLACEMENT_3D( '', #3571, #3572, #3573 );
#1616 = EDGE_LOOP( '', ( #3574, #3575, #3576, #3577 ) );
#1617 = AXIS2_PLACEMENT_3D( '', #3578, #3579, #3580 );
#1618 = EDGE_LOOP( '', ( #3581, #3582, #3583, #3584 ) );
#1619 = AXIS2_PLACEMENT_3D( '', #3585, #3586, #3587 );
#1620 = EDGE_LOOP( '', ( #3588, #3589, #3590, #3591 ) );
#1621 = AXIS2_PLACEMENT_3D( '', #3592, #3593, #3594 );
#1622 = EDGE_LOOP( '', ( #3595, #3596, #3597, #3598, #3599, #3600, #3601, #3602 ) );
#1623 = AXIS2_PLACEMENT_3D( '', #3603, #3604, #3605 );
#1624 = EDGE_LOOP( '', ( #3606, #3607, #3608, #3609 ) );
#1625 = AXIS2_PLACEMENT_3D( '', #3610, #3611, #3612 );
#1626 = EDGE_LOOP( '', ( #3613, #3614, #3615, #3616 ) );
#1627 = AXIS2_PLACEMENT_3D( '', #3617, #3618, #3619 );
#1628 = EDGE_LOOP( '', ( #3620, #3621, #3622, #3623 ) );
#1629 = AXIS2_PLACEMENT_3D( '', #3624, #3625, #3626 );
#1630 = EDGE_LOOP( '', ( #3627, #3628, #3629, #3630, #3631, #3632, #3633, #3634 ) );
#1631 = AXIS2_PLACEMENT_3D( '', #3635, #3636, #3637 );
#1632 = EDGE_LOOP( '', ( #3638, #3639, #3640, #3641, #3642, #3643, #3644, #3645, #3646, #3647 ) );
#1633 = AXIS2_PLACEMENT_3D( '', #3648, #3649, #3650 );
#1634 = EDGE_LOOP( '', ( #3651, #3652, #3653 ) );
#1635 = AXIS2_PLACEMENT_3D( '', #3654, #3655, #3656 );
#1636 = EDGE_LOOP( '', ( #3657, #3658, #3659, #3660 ) );
#1637 = AXIS2_PLACEMENT_3D( '', #3661, #3662, #3663 );
#1638 = EDGE_LOOP( '', ( #3664, #3665, #3666, #3667 ) );
#1639 = CARTESIAN_POINT( '', ( 0.00201887031941100, 0.00130068594217900, -0.000986471244287800 ) );
#1640 = CARTESIAN_POINT( '', ( 0.00198491740674200, 0.00129368738720100, -0.000986471244287800 ) );
#1641 = CARTESIAN_POINT( '', ( 0.00195096449407200, 0.00128668883222300, -0.000986471244287800 ) );
#1642 = CARTESIAN_POINT( '', ( 0.00191701158140300, 0.00127969027724500, -0.000986471244287800 ) );
#1643 = CARTESIAN_POINT( '', ( 0.00201921933507400, 0.00129899388742800, -0.000986375849348300 ) );
#1644 = CARTESIAN_POINT( '', ( 0.00198518682226400, 0.00129238124004700, -0.000986375849348300 ) );
#1645 = CARTESIAN_POINT( '', ( 0.00195115430945500, 0.00128576859266600, -0.000986375849348300 ) );
#1646 = CARTESIAN_POINT( '', ( 0.00191712179664500, 0.00127915594528500, -0.000986375849348300 ) );
#1647 = CARTESIAN_POINT( '', ( 0.00202112699882300, 0.00128887109463600, -0.000985807150266400 ) );
#1648 = CARTESIAN_POINT( '', ( 0.00198665940438700, 0.00128456715661400, -0.000985807150266400 ) );
#1649 = CARTESIAN_POINT( '', ( 0.00195219180995100, 0.00128026321859100, -0.000985807150266400 ) );
#1650 = CARTESIAN_POINT( '', ( 0.00191772421551500, 0.00127595928056800, -0.000985807150266400 ) );
#1651 = CARTESIAN_POINT( '', ( 0.00202214678913700, 0.00127684416111200, -0.000985143056244900 ) );
#1652 = CARTESIAN_POINT( '', ( 0.00198744661072000, 0.00127528321057900, -0.000985143056244900 ) );
#1653 = CARTESIAN_POINT( '', ( 0.00195274643230400, 0.00127372226004500, -0.000985143056244900 ) );
#1654 = CARTESIAN_POINT( '', ( 0.00191804625388700, 0.00127216130951100, -0.000985143056244900 ) );
#1655 = CARTESIAN_POINT( '', ( 0.00202197077446500, 0.00126654468861500, -0.000984574357163000 ) );
#1656 = CARTESIAN_POINT( '', ( 0.00198731073978400, 0.00126733274285000, -0.000984574357163000 ) );
#1657 = CARTESIAN_POINT( '', ( 0.00195265070510400, 0.00126812079708500, -0.000984574357163000 ) );
#1658 = CARTESIAN_POINT( '', ( 0.00191799067042300, 0.00126890885132100, -0.000984574357163000 ) );
#1659 = CARTESIAN_POINT( '', ( 0.00202191163942600, 0.00126481802586300, -0.000984478962223500 ) );
#1660 = CARTESIAN_POINT( '', ( 0.00198726509169700, 0.00126599988075600, -0.000984478962223500 ) );
#1661 = CARTESIAN_POINT( '', ( 0.00195261854396800, 0.00126718173564800, -0.000984478962223500 ) );
#1662 = CARTESIAN_POINT( '', ( 0.00191797199623900, 0.00126836359054000, -0.000984478962223500 ) );
#1663 = EDGE_LOOP( '', ( #3668, #3669, #3670, #3671 ) );
#1664 = AXIS2_PLACEMENT_3D( '', #3672, #3673, #3674 );
#1665 = EDGE_LOOP( '', ( #3675, #3676, #3677, #3678 ) );
#1666 = AXIS2_PLACEMENT_3D( '', #3679, #3680, #3681 );
#1667 = EDGE_LOOP( '', ( #3682, #3683, #3684, #3685 ) );
#1668 = AXIS2_PLACEMENT_3D( '', #3686, #3687, #3688 );
#1669 = EDGE_LOOP( '', ( #3689, #3690, #3691, #3692, #3693, #3694, #3695, #3696, #3697, #3698, #3699, #3700, #3701, #3702, #3703, #3704, #3705, #3706, #3707, #3708, #3709, #3710, #3711, #3712, #3713, #3714, #3715, #3716 ) );
#1670 = AXIS2_PLACEMENT_3D( '', #3717, #3718, #3719 );
#1671 = EDGE_LOOP( '', ( #3720, #3721, #3722, #3723, #3724 ) );
#1672 = AXIS2_PLACEMENT_3D( '', #3725, #3726, #3727 );
#1673 = EDGE_LOOP( '', ( #3728, #3729, #3730, #3731 ) );
#1674 = AXIS2_PLACEMENT_3D( '', #3732, #3733, #3734 );
#1675 = EDGE_LOOP( '', ( #3735 ) );
#1676 = AXIS2_PLACEMENT_3D( '', #3736, #3737, #3738 );
#1677 = EDGE_LOOP( '', ( #3739, #3740, #3741, #3742, #3743 ) );
#1678 = AXIS2_PLACEMENT_3D( '', #3744, #3745, #3746 );
#1679 = EDGE_LOOP( '', ( #3747, #3748, #3749, #3750 ) );
#1680 = AXIS2_PLACEMENT_3D( '', #3751, #3752, #3753 );
#1681 = EDGE_LOOP( '', ( #3754, #3755, #3756, #3757 ) );
#1682 = AXIS2_PLACEMENT_3D( '', #3758, #3759, #3760 );
#1683 = EDGE_LOOP( '', ( #3761, #3762, #3763, #3764 ) );
#1684 = AXIS2_PLACEMENT_3D( '', #3765, #3766, #3767 );
#1685 = EDGE_LOOP( '', ( #3768, #3769, #3770, #3771 ) );
#1686 = AXIS2_PLACEMENT_3D( '', #3772, #3773, #3774 );
#1687 = EDGE_LOOP( '', ( #3775, #3776, #3777, #3778 ) );
#1688 = AXIS2_PLACEMENT_3D( '', #3779, #3780, #3781 );
#1689 = EDGE_LOOP( '', ( #3782, #3783, #3784, #3785 ) );
#1690 = AXIS2_PLACEMENT_3D( '', #3786, #3787, #3788 );
#1691 = EDGE_LOOP( '', ( #3789, #3790, #3791, #3792 ) );
#1692 = AXIS2_PLACEMENT_3D( '', #3793, #3794, #3795 );
#1693 = EDGE_LOOP( '', ( #3796, #3797, #3798, #3799 ) );
#1694 = CARTESIAN_POINT( '', ( -0.000560926001717300, 0.00131799531410400, -0.00122959632426000 ) );
#1695 = CARTESIAN_POINT( '', ( -0.000560925982693400, 0.00135267184723900, -0.00122930435753500 ) );
#1696 = CARTESIAN_POINT( '', ( -0.000560925963669400, 0.00138734838037300, -0.00122901239081100 ) );
#1697 = CARTESIAN_POINT( '', ( -0.000560925944645400, 0.00142202491350800, -0.00122872042408700 ) );
#1698 = CARTESIAN_POINT( '', ( -0.000560616428717600, 0.00131799663976200, -0.00122973004933600 ) );
#1699 = CARTESIAN_POINT( '', ( -0.000560616422508400, 0.00135267393148300, -0.00122953490955900 ) );
#1700 = CARTESIAN_POINT( '', ( -0.000560616416299200, 0.00138735122320300, -0.00122933976978200 ) );
#1701 = CARTESIAN_POINT( '', ( -0.000560616410090000, 0.00142202851492400, -0.00122914463000600 ) );
#1702 = CARTESIAN_POINT( '', ( -0.000551007373272300, 0.00131801744427200, -0.00123391914588000 ) );
#1703 = CARTESIAN_POINT( '', ( -0.000551007560359600, 0.00135270676250900, -0.00123675378765900 ) );
#1704 = CARTESIAN_POINT( '', ( -0.000551007747447000, 0.00138739608074500, -0.00123958842943900 ) );
#1705 = CARTESIAN_POINT( '', ( -0.000551007934534300, 0.00142208539898200, -0.00124242307121800 ) );
#1706 = CARTESIAN_POINT( '', ( -0.000533834326139200, 0.00131678387768200, -0.00124372617569400 ) );
#1707 = CARTESIAN_POINT( '', ( -0.000533823052050200, 0.00135076010497800, -0.00125345704310000 ) );
#1708 = CARTESIAN_POINT( '', ( -0.000533811777961100, 0.00138473633227400, -0.00126318791050500 ) );
#1709 = CARTESIAN_POINT( '', ( -0.000533800503872100, 0.00141871255957000, -0.00127291877791100 ) );
#1710 = CARTESIAN_POINT( '', ( -0.000514619869029500, 0.00130952794005900, -0.00125928427704200 ) );
#1711 = CARTESIAN_POINT( '', ( -0.000514622904361200, 0.00133803938540000, -0.00128049206436300 ) );
#1712 = CARTESIAN_POINT( '', ( -0.000514625939692900, 0.00136655083074100, -0.00130169985168400 ) );
#1713 = CARTESIAN_POINT( '', ( -0.000514628975024500, 0.00139506227608200, -0.00132290763900500 ) );
#1714 = CARTESIAN_POINT( '', ( -0.000502701725842700, 0.00129494206273000, -0.00127265711343600 ) );
#1715 = CARTESIAN_POINT( '', ( -0.000502700858605100, 0.00131297598737200, -0.00130346222076000 ) );
#1716 = CARTESIAN_POINT( '', ( -0.000502699991367500, 0.00133100991201300, -0.00133426732808400 ) );
#1717 = CARTESIAN_POINT( '', ( -0.000502699124129900, 0.00134904383665500, -0.00136507243540700 ) );
#1718 = CARTESIAN_POINT( '', ( -0.000499950102067700, 0.00128151817593300, -0.00127710868261800 ) );
#1719 = CARTESIAN_POINT( '', ( -0.000499950118084700, 0.00128983971860200, -0.00131114460027500 ) );
#1720 = CARTESIAN_POINT( '', ( -0.000499950134101600, 0.00129816126127100, -0.00134518051793100 ) );
#1721 = CARTESIAN_POINT( '', ( -0.000499950150118500, 0.00130648280394000, -0.00137921643558800 ) );
#1722 = CARTESIAN_POINT( '', ( -0.000500001843120900, 0.00127450011233900, -0.00127778648446700 ) );
#1723 = CARTESIAN_POINT( '', ( -0.000500001842529200, 0.00127775141735200, -0.00131231183435300 ) );
#1724 = CARTESIAN_POINT( '', ( -0.000500001841937600, 0.00128100272236400, -0.00134683718423800 ) );
#1725 = CARTESIAN_POINT( '', ( -0.000500001841346000, 0.00128425402737600, -0.00138136253412400 ) );
#1726 = CARTESIAN_POINT( '', ( -0.000500005531375400, 0.00127424991564200, -0.00127780859645200 ) );
#1727 = CARTESIAN_POINT( '', ( -0.000500005529534900, 0.00127732047491700, -0.00131234990144800 ) );
#1728 = CARTESIAN_POINT( '', ( -0.000500005527694500, 0.00128039103419200, -0.00134689120644500 ) );
#1729 = CARTESIAN_POINT( '', ( -0.000500005525854000, 0.00128346159346700, -0.00138143251144200 ) );
#1730 = EDGE_LOOP( '', ( #3800, #3801, #3802, #3803 ) );
#1731 = AXIS2_PLACEMENT_3D( '', #3804, #3805, #3806 );
#1732 = EDGE_LOOP( '', ( #3807, #3808, #3809, #3810 ) );
#1733 = CARTESIAN_POINT( '', ( 0.000500005530212000, 0.00127424999456500, -0.00127780858947700 ) );
#1734 = CARTESIAN_POINT( '', ( 0.000500005528371900, 0.00127732061085500, -0.00131234988944000 ) );
#1735 = CARTESIAN_POINT( '', ( 0.000500005526531900, 0.00128039122714500, -0.00134689118940400 ) );
#1736 = CARTESIAN_POINT( '', ( 0.000500005524691800, 0.00128346184343500, -0.00138143248936800 ) );
#1737 = CARTESIAN_POINT( '', ( 0.000500001842733300, 0.00127450016491300, -0.00127778647939000 ) );
#1738 = CARTESIAN_POINT( '', ( 0.000500001842141800, 0.00127775150790700, -0.00131231182560900 ) );
#1739 = CARTESIAN_POINT( '', ( 0.000500001841550300, 0.00128100285090100, -0.00134683717182800 ) );
#1740 = CARTESIAN_POINT( '', ( 0.000500001840958800, 0.00128425419389600, -0.00138136251804700 ) );
#1741 = CARTESIAN_POINT( '', ( 0.000499950107314400, 0.00128151820152900, -0.00127710867413000 ) );
#1742 = CARTESIAN_POINT( '', ( 0.000499950123329700, 0.00128983976271700, -0.00131114458562600 ) );
#1743 = CARTESIAN_POINT( '', ( 0.000499950139344900, 0.00129816132390600, -0.00134518049712300 ) );
#1744 = CARTESIAN_POINT( '', ( 0.000499950155360200, 0.00130648288509400, -0.00137921640861900 ) );
#1745 = CARTESIAN_POINT( '', ( 0.000502701725842700, 0.00129494206273000, -0.00127265711343600 ) );
#1746 = CARTESIAN_POINT( '', ( 0.000502700858605100, 0.00131297598737200, -0.00130346222076000 ) );
#1747 = CARTESIAN_POINT( '', ( 0.000502699991367500, 0.00133100991201300, -0.00133426732808400 ) );
#1748 = CARTESIAN_POINT( '', ( 0.000502699124129900, 0.00134904383665500, -0.00136507243540700 ) );
#1749 = CARTESIAN_POINT( '', ( 0.000514619869029500, 0.00130952794005900, -0.00125928427704200 ) );
#1750 = CARTESIAN_POINT( '', ( 0.000514622904361200, 0.00133803938540000, -0.00128049206436300 ) );
#1751 = CARTESIAN_POINT( '', ( 0.000514625939692900, 0.00136655083074100, -0.00130169985168400 ) );
#1752 = CARTESIAN_POINT( '', ( 0.000514628975024500, 0.00139506227608200, -0.00132290763900500 ) );
#1753 = CARTESIAN_POINT( '', ( 0.000533834326139200, 0.00131678387768200, -0.00124372617569400 ) );
#1754 = CARTESIAN_POINT( '', ( 0.000533823052050200, 0.00135076010497800, -0.00125345704310000 ) );
#1755 = CARTESIAN_POINT( '', ( 0.000533811777961100, 0.00138473633227400, -0.00126318791050500 ) );
#1756 = CARTESIAN_POINT( '', ( 0.000533800503872100, 0.00141871255957000, -0.00127291877791100 ) );
#1757 = CARTESIAN_POINT( '', ( 0.000551008160621500, 0.00131801750082900, -0.00123391869624800 ) );
#1758 = CARTESIAN_POINT( '', ( 0.000551008348234300, 0.00135270685175900, -0.00123675302184900 ) );
#1759 = CARTESIAN_POINT( '', ( 0.000551008535847100, 0.00138739620268900, -0.00123958734745100 ) );
#1760 = CARTESIAN_POINT( '', ( 0.000551008723459900, 0.00142208555362000, -0.00124242167305200 ) );
#1761 = CARTESIAN_POINT( '', ( 0.000560618162643500, 0.00131799663600200, -0.00122972929343600 ) );
#1762 = CARTESIAN_POINT( '', ( 0.000560618156399400, 0.00135267392555000, -0.00122953360695000 ) );
#1763 = CARTESIAN_POINT( '', ( 0.000560618150155200, 0.00138735121509800, -0.00122933792046400 ) );
#1764 = CARTESIAN_POINT( '', ( 0.000560618143911100, 0.00142202850464500, -0.00122914223397800 ) );
#1765 = CARTESIAN_POINT( '', ( 0.000560928610228800, 0.00131799530291800, -0.00122959519750000 ) );
#1766 = CARTESIAN_POINT( '', ( 0.000560928591096700, 0.00135267182965200, -0.00122930241491500 ) );
#1767 = CARTESIAN_POINT( '', ( 0.000560928571964600, 0.00138734835638600, -0.00122900963233000 ) );
#1768 = CARTESIAN_POINT( '', ( 0.000560928552832500, 0.00142202488312000, -0.00122871684974500 ) );
#1769 = EDGE_LOOP( '', ( #3811, #3812, #3813, #3814 ) );
#1770 = AXIS2_PLACEMENT_3D( '', #3815, #3816, #3817 );
#1771 = EDGE_LOOP( '', ( #3818, #3819, #3820, #3821 ) );
#1772 = AXIS2_PLACEMENT_3D( '', #3822, #3823, #3824 );
#1773 = EDGE_LOOP( '', ( #3825, #3826, #3827, #3828 ) );
#1774 = AXIS2_PLACEMENT_3D( '', #3829, #3830, #3831 );
#1775 = EDGE_LOOP( '', ( #3832, #3833, #3834, #3835 ) );
#1776 = AXIS2_PLACEMENT_3D( '', #3836, #3837, #3838 );
#1777 = EDGE_LOOP( '', ( #3839, #3840, #3841, #3842 ) );
#1778 = AXIS2_PLACEMENT_3D( '', #3843, #3844, #3845 );
#1779 = EDGE_LOOP( '', ( #3846, #3847, #3848, #3849 ) );
#1780 = AXIS2_PLACEMENT_3D( '', #3850, #3851, #3852 );
#1781 = EDGE_LOOP( '', ( #3853, #3854, #3855, #3856 ) );
#1782 = AXIS2_PLACEMENT_3D( '', #3857, #3858, #3859 );
#1783 = EDGE_LOOP( '', ( #3860, #3861, #3862, #3863 ) );
#1784 = AXIS2_PLACEMENT_3D( '', #3864, #3865, #3866 );
#1785 = EDGE_LOOP( '', ( #3867, #3868, #3869, #3870 ) );
#1786 = AXIS2_PLACEMENT_3D( '', #3871, #3872, #3873 );
#1787 = EDGE_LOOP( '', ( #3874, #3875, #3876, #3877 ) );
#1788 = AXIS2_PLACEMENT_3D( '', #3878, #3879, #3880 );
#1789 = EDGE_LOOP( '', ( #3881, #3882, #3883, #3884, #3885, #3886 ) );
#1790 = AXIS2_PLACEMENT_3D( '', #3887, #3888, #3889 );
#1791 = EDGE_LOOP( '', ( #3890, #3891, #3892, #3893 ) );
#1792 = AXIS2_PLACEMENT_3D( '', #3894, #3895, #3896 );
#1793 = EDGE_LOOP( '', ( #3897, #3898, #3899, #3900 ) );
#1794 = AXIS2_PLACEMENT_3D( '', #3901, #3902, #3903 );
#1795 = EDGE_LOOP( '', ( #3904, #3905, #3906, #3907 ) );
#1796 = AXIS2_PLACEMENT_3D( '', #3908, #3909, #3910 );
#1797 = EDGE_LOOP( '', ( #3911 ) );
#1798 = AXIS2_PLACEMENT_3D( '', #3912, #3913, #3914 );
#1799 = EDGE_LOOP( '', ( #3915 ) );
#1800 = EDGE_LOOP( '', ( #3916 ) );
#1801 = AXIS2_PLACEMENT_3D( '', #3917, #3918, #3919 );
#1802 = EDGE_LOOP( '', ( #3920, #3921, #3922, #3923 ) );
#1803 = AXIS2_PLACEMENT_3D( '', #3924, #3925, #3926 );
#1804 = EDGE_LOOP( '', ( #3927, #3928, #3929, #3930 ) );
#1805 = EDGE_LOOP( '', ( #3931 ) );
#1806 = EDGE_LOOP( '', ( #3932, #3933, #3934, #3935, #3936, #3937, #3938, #3939, #3940, #3941, #3942, #3943, #3944, #3945, #3946, #3947, #3948, #3949, #3950, #3951, #3952, #3953, #3954, #3955, #3956, #3957, #3958, #3959 ) );
#1807 = EDGE_LOOP( '', ( #3960, #3961, #3962, #3963, #3964, #3965, #3966, #3967, #3968, #3969, #3970, #3971, #3972, #3973, #3974, #3975, #3976, #3977, #3978, #3979, #3980, #3981, #3982, #3983, #3984, #3985, #3986, #3987, #3988, #3989, #3990, #3991, #3992, #3993, #3994, #3995, #3996, #3997, #3998, #3999 ) );
#1808 = AXIS2_PLACEMENT_3D( '', #4000, #4001, #4002 );
#1809 = EDGE_LOOP( '', ( #4003, #4004, #4005, #4006 ) );
#1810 = AXIS2_PLACEMENT_3D( '', #4007, #4008, #4009 );
#1811 = EDGE_LOOP( '', ( #4010, #4011, #4012, #4013, #4014 ) );
#1812 = AXIS2_PLACEMENT_3D( '', #4015, #4016, #4017 );
#1813 = EDGE_LOOP( '', ( #4018, #4019, #4020, #4021 ) );
#1814 = AXIS2_PLACEMENT_3D( '', #4022, #4023, #4024 );
#1815 = EDGE_LOOP( '', ( #4025, #4026, #4027, #4028 ) );
#1816 = AXIS2_PLACEMENT_3D( '', #4029, #4030, #4031 );
#1817 = EDGE_LOOP( '', ( #4032 ) );
#1818 = EDGE_LOOP( '', ( #4033 ) );
#1819 = AXIS2_PLACEMENT_3D( '', #4034, #4035, #4036 );
#1820 = EDGE_LOOP( '', ( #4037, #4038, #4039, #4040, #4041 ) );
#1821 = AXIS2_PLACEMENT_3D( '', #4042, #4043, #4044 );
#1822 = EDGE_LOOP( '', ( #4045, #4046, #4047, #4048 ) );
#1823 = CARTESIAN_POINT( '', ( -0.00191701158140300, 0.00127969027724500, -0.000986471244287800 ) );
#1824 = CARTESIAN_POINT( '', ( -0.00195096449407200, 0.00128668883222300, -0.000986471244287800 ) );
#1825 = CARTESIAN_POINT( '', ( -0.00198491740674200, 0.00129368738720100, -0.000986471244287800 ) );
#1826 = CARTESIAN_POINT( '', ( -0.00201887031941100, 0.00130068594217900, -0.000986471244287800 ) );
#1827 = CARTESIAN_POINT( '', ( -0.00191712179664500, 0.00127915594528500, -0.000986375849348300 ) );
#1828 = CARTESIAN_POINT( '', ( -0.00195115430945500, 0.00128576859266600, -0.000986375849348300 ) );
#1829 = CARTESIAN_POINT( '', ( -0.00198518682226400, 0.00129238124004700, -0.000986375849348300 ) );
#1830 = CARTESIAN_POINT( '', ( -0.00201921933507400, 0.00129899388742800, -0.000986375849348300 ) );
#1831 = CARTESIAN_POINT( '', ( -0.00191772421551500, 0.00127595928056800, -0.000985807150266400 ) );
#1832 = CARTESIAN_POINT( '', ( -0.00195219180995100, 0.00128026321859100, -0.000985807150266400 ) );
#1833 = CARTESIAN_POINT( '', ( -0.00198665940438700, 0.00128456715661400, -0.000985807150266400 ) );
#1834 = CARTESIAN_POINT( '', ( -0.00202112699882300, 0.00128887109463600, -0.000985807150266400 ) );
#1835 = CARTESIAN_POINT( '', ( -0.00191804625388700, 0.00127216130951100, -0.000985143056244900 ) );
#1836 = CARTESIAN_POINT( '', ( -0.00195274643230400, 0.00127372226004500, -0.000985143056244900 ) );
#1837 = CARTESIAN_POINT( '', ( -0.00198744661072000, 0.00127528321057900, -0.000985143056244900 ) );
#1838 = CARTESIAN_POINT( '', ( -0.00202214678913700, 0.00127684416111200, -0.000985143056244900 ) );
#1839 = CARTESIAN_POINT( '', ( -0.00191799067042300, 0.00126890885132100, -0.000984574357163000 ) );
#1840 = CARTESIAN_POINT( '', ( -0.00195265070510400, 0.00126812079708500, -0.000984574357163000 ) );
#1841 = CARTESIAN_POINT( '', ( -0.00198731073978400, 0.00126733274285000, -0.000984574357163000 ) );
#1842 = CARTESIAN_POINT( '', ( -0.00202197077446500, 0.00126654468861500, -0.000984574357163000 ) );
#1843 = CARTESIAN_POINT( '', ( -0.00191797199623900, 0.00126836359054000, -0.000984478962223500 ) );
#1844 = CARTESIAN_POINT( '', ( -0.00195261854396800, 0.00126718173564800, -0.000984478962223500 ) );
#1845 = CARTESIAN_POINT( '', ( -0.00198726509169700, 0.00126599988075600, -0.000984478962223500 ) );
#1846 = CARTESIAN_POINT( '', ( -0.00202191163942600, 0.00126481802586300, -0.000984478962223500 ) );
#1847 = EDGE_LOOP( '', ( #4049, #4050, #4051, #4052 ) );
#1848 = AXIS2_PLACEMENT_3D( '', #4053, #4054, #4055 );
#1849 = EDGE_LOOP( '', ( #4056, #4057, #4058, #4059 ) );
#1850 = AXIS2_PLACEMENT_3D( '', #4060, #4061, #4062 );
#1851 = EDGE_LOOP( '', ( #4063, #4064, #4065, #4066 ) );
#1852 = AXIS2_PLACEMENT_3D( '', #4067, #4068, #4069 );
#1853 = EDGE_LOOP( '', ( #4070, #4071, #4072, #4073 ) );
#1854 = AXIS2_PLACEMENT_3D( '', #4074, #4075, #4076 );
#1855 = EDGE_LOOP( '', ( #4077, #4078, #4079, #4080 ) );
#1856 = AXIS2_PLACEMENT_3D( '', #4081, #4082, #4083 );
#1857 = EDGE_LOOP( '', ( #4084, #4085, #4086, #4087, #4088, #4089, #4090, #4091, #4092, #4093, #4094, #4095, #4096, #4097, #4098, #4099, #4100, #4101, #4102, #4103, #4104, #4105, #4106, #4107, #4108, #4109, #4110, #4111, #4112, #4113, #4114, #4115, #4116, #4117, #4118, #4119, #4120, #4121, #4122, #4123 ) );
#1858 = EDGE_LOOP( '', ( #4124, #4125, #4126, #4127, #4128, #4129, #4130, #4131, #4132, #4133, #4134, #4135, #4136, #4137, #4138, #4139, #4140, #4141, #4142, #4143 ) );
#1859 = AXIS2_PLACEMENT_3D( '', #4144, #4145, #4146 );
#1860 = EDGE_LOOP( '', ( #4147, #4148, #4149, #4150 ) );
#1861 = EDGE_LOOP( '', ( #4151, #4152, #4153, #4154, #4155, #4156 ) );
#1862 = AXIS2_PLACEMENT_3D( '', #4157, #4158, #4159 );
#1863 = EDGE_LOOP( '', ( #4160, #4161, #4162, #4163 ) );
#1864 = AXIS2_PLACEMENT_3D( '', #4164, #4165, #4166 );
#1865 = EDGE_LOOP( '', ( #4167, #4168, #4169, #4170, #4171, #4172, #4173, #4174 ) );
#1866 = AXIS2_PLACEMENT_3D( '', #4175, #4176, #4177 );
#1867 = EDGE_LOOP( '', ( #4178, #4179, #4180, #4181, #4182, #4183, #4184, #4185, #4186, #4187 ) );
#1868 = AXIS2_PLACEMENT_3D( '', #4188, #4189, #4190 );
#1869 = EDGE_LOOP( '', ( #4191, #4192, #4193, #4194, #4195, #4196, #4197 ) );
#1870 = AXIS2_PLACEMENT_3D( '', #4198, #4199, #4200 );
#1871 = EDGE_LOOP( '', ( #4201, #4202, #4203, #4204, #4205, #4206, #4207, #4208, #4209, #4210 ) );
#1872 = AXIS2_PLACEMENT_3D( '', #4211, #4212, #4213 );
#1873 = EDGE_LOOP( '', ( #4214, #4215, #4216, #4217, #4218, #4219 ) );
#1874 = AXIS2_PLACEMENT_3D( '', #4220, #4221, #4222 );
#1875 = EDGE_LOOP( '', ( #4223, #4224, #4225, #4226 ) );
#1876 = CARTESIAN_POINT( '', ( -0.00191742859088000, 0.00127736488074700, -0.000986063333128300 ) );
#1877 = CARTESIAN_POINT( '', ( -0.00195169629364900, 0.00128268611317900, -0.000986063331523600 ) );
#1878 = CARTESIAN_POINT( '', ( -0.00198596399641800, 0.00128800734561200, -0.000986063329918900 ) );
#1879 = CARTESIAN_POINT( '', ( -0.00202023169918700, 0.00129332857804500, -0.000986063328314200 ) );
#1880 = CARTESIAN_POINT( '', ( -0.00191739154966400, 0.00127760417269100, -0.000986102187417100 ) );
#1881 = CARTESIAN_POINT( '', ( -0.00195163251030900, 0.00128309828519900, -0.000986102186900300 ) );
#1882 = CARTESIAN_POINT( '', ( -0.00198587347095400, 0.00128859239770800, -0.000986102186383500 ) );
#1883 = CARTESIAN_POINT( '', ( -0.00202011443159800, 0.00129408651021600, -0.000986102185866700 ) );
#1884 = CARTESIAN_POINT( '', ( -0.00191624286362700, 0.00128465892262800, -0.000987300557387000 ) );
#1885 = CARTESIAN_POINT( '', ( -0.00194965417372100, 0.00129525001968600, -0.000987300572132700 ) );
#1886 = CARTESIAN_POINT( '', ( -0.00198306548381600, 0.00130584111674500, -0.000987300586878400 ) );
#1887 = CARTESIAN_POINT( '', ( -0.00201647679391100, 0.00131643221380300, -0.000987300601624000 ) );
#1888 = CARTESIAN_POINT( '', ( -0.00191084311832100, 0.00129776248961600, -0.000992604633996600 ) );
#1889 = CARTESIAN_POINT( '', ( -0.00194033682979200, 0.00131782993663700, -0.000992603792504000 ) );
#1890 = CARTESIAN_POINT( '', ( -0.00196983054126300, 0.00133789738365700, -0.000992602951011400 ) );
#1891 = CARTESIAN_POINT( '', ( -0.00199932425273300, 0.00135796483067800, -0.000992602109518700 ) );
#1892 = CARTESIAN_POINT( '', ( -0.00189690671960400, 0.00131104668850100, -0.00100836347298900 ) );
#1893 = CARTESIAN_POINT( '', ( -0.00191640293356900, 0.00134067293128200, -0.00100836641821300 ) );
#1894 = CARTESIAN_POINT( '', ( -0.00193589914753500, 0.00137029917406400, -0.00100836936343800 ) );
#1895 = CARTESIAN_POINT( '', ( -0.00195539536150000, 0.00139992541684500, -0.00100837230866200 ) );
#1896 = CARTESIAN_POINT( '', ( -0.00188204832354100, 0.00131714928524000, -0.00103125052399600 ) );
#1897 = CARTESIAN_POINT( '', ( -0.00189054619288100, 0.00135132845920300, -0.00103123958459100 ) );
#1898 = CARTESIAN_POINT( '', ( -0.00189904406222100, 0.00138550763316700, -0.00103122864518700 ) );
#1899 = CARTESIAN_POINT( '', ( -0.00190754193156100, 0.00141968680713000, -0.00103121770578300 ) );
#1900 = CARTESIAN_POINT( '', ( -0.00187332017139200, 0.00131801110126000, -0.00105063098651400 ) );
#1901 = CARTESIAN_POINT( '', ( -0.00187572243855100, 0.00135269784530500, -0.00105063116618700 ) );
#1902 = CARTESIAN_POINT( '', ( -0.00187812470571000, 0.00138738458935000, -0.00105063134586100 ) );
#1903 = CARTESIAN_POINT( '', ( -0.00188052697286800, 0.00142207133339500, -0.00105063152553400 ) );
#1904 = CARTESIAN_POINT( '', ( -0.00186977350473100, 0.00131799671770600, -0.00106124338909700 ) );
#1905 = CARTESIAN_POINT( '', ( -0.00186960974736300, 0.00135267499049800, -0.00106124338319500 ) );
#1906 = CARTESIAN_POINT( '', ( -0.00186944598999500, 0.00138735326329000, -0.00106124337729300 ) );
#1907 = CARTESIAN_POINT( '', ( -0.00186928223262700, 0.00142203153608200, -0.00106124337139100 ) );
#1908 = CARTESIAN_POINT( '', ( -0.00186966162212700, 0.00131799581630500, -0.00106158167315400 ) );
#1909 = CARTESIAN_POINT( '', ( -0.00186941679758800, 0.00135267356387700, -0.00106158165507500 ) );
#1910 = CARTESIAN_POINT( '', ( -0.00186917197304900, 0.00138735131144900, -0.00106158163699600 ) );
#1911 = CARTESIAN_POINT( '', ( -0.00186892714851100, 0.00142202905902200, -0.00106158161891700 ) );
#1912 = EDGE_LOOP( '', ( #4227, #4228, #4229, #4230 ) );
#1913 = AXIS2_PLACEMENT_3D( '', #4231, #4232, #4233 );
#1914 = EDGE_LOOP( '', ( #4234, #4235, #4236, #4237 ) );
#1915 = AXIS2_PLACEMENT_3D( '', #4238, #4239, #4240 );
#1916 = EDGE_LOOP( '', ( #4241, #4242, #4243, #4244, #4245 ) );
#1917 = AXIS2_PLACEMENT_3D( '', #4246, #4247, #4248 );
#1918 = EDGE_LOOP( '', ( #4249, #4250, #4251, #4252, #4253, #4254, #4255, #4256, #4257, #4258, #4259, #4260, #4261, #4262, #4263, #4264, #4265, #4266 ) );
#1919 = AXIS2_PLACEMENT_3D( '', #4267, #4268, #4269 );
#1920 = EDGE_LOOP( '', ( #4270, #4271, #4272 ) );
#1921 = AXIS2_PLACEMENT_3D( '', #4273, #4274, #4275 );
#1922 = EDGE_LOOP( '', ( #4276, #4277, #4278, #4279 ) );
#1923 = AXIS2_PLACEMENT_3D( '', #4280, #4281, #4282 );
#1924 = EDGE_LOOP( '', ( #4283, #4284, #4285, #4286 ) );
#1925 = AXIS2_PLACEMENT_3D( '', #4287, #4288, #4289 );
#1926 = EDGE_LOOP( '', ( #4290, #4291, #4292, #4293 ) );
#1927 = AXIS2_PLACEMENT_3D( '', #4294, #4295, #4296 );
#1928 = EDGE_LOOP( '', ( #4297, #4298, #4299, #4300 ) );
#1929 = AXIS2_PLACEMENT_3D( '', #4301, #4302, #4303 );
#1930 = EDGE_LOOP( '', ( #4304, #4305, #4306, #4307 ) );
#1931 = AXIS2_PLACEMENT_3D( '', #4308, #4309, #4310 );
#1932 = EDGE_LOOP( '', ( #4311, #4312, #4313, #4314 ) );
#1933 = AXIS2_PLACEMENT_3D( '', #4315, #4316, #4317 );
#1934 = EDGE_LOOP( '', ( #4318, #4319, #4320, #4321 ) );
#1935 = AXIS2_PLACEMENT_3D( '', #4322, #4323, #4324 );
#1936 = EDGE_LOOP( '', ( #4325, #4326, #4327, #4328 ) );
#1937 = AXIS2_PLACEMENT_3D( '', #4329, #4330, #4331 );
#1938 = EDGE_LOOP( '', ( #4332, #4333, #4334, #4335 ) );
#1939 = AXIS2_PLACEMENT_3D( '', #4336, #4337, #4338 );
#1940 = EDGE_LOOP( '', ( #4339, #4340, #4341, #4342, #4343, #4344, #4345, #4346, #4347 ) );
#1941 = AXIS2_PLACEMENT_3D( '', #4348, #4349, #4350 );
#1942 = EDGE_LOOP( '', ( #4351, #4352, #4353, #4354 ) );
#1943 = AXIS2_PLACEMENT_3D( '', #4355, #4356, #4357 );
#1944 = EDGE_LOOP( '', ( #4358, #4359, #4360, #4361 ) );
#1945 = AXIS2_PLACEMENT_3D( '', #4362, #4363, #4364 );
#1946 = EDGE_LOOP( '', ( #4365, #4366, #4367, #4368 ) );
#1947 = CARTESIAN_POINT( '', ( -0.00202164726249300, 0.000704672895168500, -0.000923301149378700 ) );
#1948 = CARTESIAN_POINT( '', ( -0.00199309471261700, 0.000685032862137500, -0.000923301149378700 ) );
#1949 = CARTESIAN_POINT( '', ( -0.00196454216274000, 0.000665392829106600, -0.000923301149378700 ) );
#1950 = CARTESIAN_POINT( '', ( -0.00193598961286400, 0.000645752796075700, -0.000923301149378700 ) );
#1951 = CARTESIAN_POINT( '', ( -0.00202171059441900, 0.000704582101718700, -0.000923655161540600 ) );
#1952 = CARTESIAN_POINT( '', ( -0.00199206029115900, 0.000686515821817400, -0.000923655161540600 ) );
#1953 = CARTESIAN_POINT( '', ( -0.00196240998789900, 0.000668449541916200, -0.000923655161540600 ) );
#1954 = CARTESIAN_POINT( '', ( -0.00193275968464000, 0.000650383262015000, -0.000923655161540600 ) );
#1955 = CARTESIAN_POINT( '', ( -0.00202191040241200, 0.000704233807679200, -0.000924876836658300 ) );
#1956 = CARTESIAN_POINT( '', ( -0.00198879676060500, 0.000692204624462700, -0.000924876836658300 ) );
#1957 = CARTESIAN_POINT( '', ( -0.00195568311879700, 0.000680175441246200, -0.000924876836658300 ) );
#1958 = CARTESIAN_POINT( '', ( -0.00192256947699000, 0.000668146258029700, -0.000924876836658300 ) );
#1959 = CARTESIAN_POINT( '', ( -0.00202203008620500, 0.000703697932470800, -0.000926229620264700 ) );
#1960 = CARTESIAN_POINT( '', ( -0.00198684192531900, 0.000700957252866500, -0.000926229620264700 ) );
#1961 = CARTESIAN_POINT( '', ( -0.00195165376443200, 0.000698216573262300, -0.000926229620264700 ) );
#1962 = CARTESIAN_POINT( '', ( -0.00191646560354600, 0.000695475893658100, -0.000926229620264700 ) );
#1963 = CARTESIAN_POINT( '', ( -0.00202198643864900, 0.000703270799930300, -0.000927069159777700 ) );
#1964 = CARTESIAN_POINT( '', ( -0.00198755483539500, 0.000707933751027600, -0.000927069159777700 ) );
#1965 = CARTESIAN_POINT( '', ( -0.00195312323214200, 0.000712596702125000, -0.000927069159777700 ) );
#1966 = CARTESIAN_POINT( '', ( -0.00191869162888800, 0.000717259653222400, -0.000927069159777700 ) );
#1967 = CARTESIAN_POINT( '', ( -0.00202195820057900, 0.000703138534285300, -0.000927310633698800 ) );
#1968 = CARTESIAN_POINT( '', ( -0.00198801605720600, 0.000710094089895000, -0.000927310633698800 ) );
#1969 = CARTESIAN_POINT( '', ( -0.00195407391383200, 0.000717049645504600, -0.000927310633698800 ) );
#1970 = CARTESIAN_POINT( '', ( -0.00192013177045900, 0.000724005201114300, -0.000927310633698800 ) );
#1971 = EDGE_LOOP( '', ( #4369, #4370, #4371, #4372 ) );
#1972 = AXIS2_PLACEMENT_3D( '', #4373, #4374, #4375 );
#1973 = EDGE_LOOP( '', ( #4376, #4377, #4378, #4379 ) );
#1974 = AXIS2_PLACEMENT_3D( '', #4380, #4381, #4382 );
#1975 = EDGE_LOOP( '', ( #4383, #4384, #4385, #4386, #4387, #4388, #4389 ) );
#1976 = AXIS2_PLACEMENT_3D( '', #4390, #4391, #4392 );
#1977 = EDGE_LOOP( '', ( #4393, #4394, #4395, #4396 ) );
#1978 = AXIS2_PLACEMENT_3D( '', #4397, #4398, #4399 );
#1979 = EDGE_LOOP( '', ( #4400, #4401, #4402, #4403 ) );
#1980 = AXIS2_PLACEMENT_3D( '', #4404, #4405, #4406 );
#1981 = EDGE_LOOP( '', ( #4407, #4408, #4409, #4410 ) );
#1982 = AXIS2_PLACEMENT_3D( '', #4411, #4412, #4413 );
#1983 = EDGE_LOOP( '', ( #4414, #4415, #4416, #4417 ) );
#1984 = AXIS2_PLACEMENT_3D( '', #4418, #4419, #4420 );
#1985 = EDGE_LOOP( '', ( #4421, #4422, #4423, #4424, #4425, #4426 ) );
#1986 = AXIS2_PLACEMENT_3D( '', #4427, #4428, #4429 );
#1987 = EDGE_LOOP( '', ( #4430, #4431, #4432, #4433 ) );
#1988 = AXIS2_PLACEMENT_3D( '', #4434, #4435, #4436 );
#1989 = EDGE_LOOP( '', ( #4437, #4438, #4439, #4440 ) );
#1990 = AXIS2_PLACEMENT_3D( '', #4441, #4442, #4443 );
#1991 = EDGE_LOOP( '', ( #4444, #4445, #4446 ) );
#1992 = AXIS2_PLACEMENT_3D( '', #4447, #4448, #4449 );
#1993 = EDGE_LOOP( '', ( #4450, #4451, #4452, #4453, #4454, #4455, #4456 ) );
#1994 = AXIS2_PLACEMENT_3D( '', #4457, #4458, #4459 );
#1995 = EDGE_LOOP( '', ( #4460, #4461, #4462, #4463 ) );
#1996 = AXIS2_PLACEMENT_3D( '', #4464, #4465, #4466 );
#1997 = EDGE_LOOP( '', ( #4467, #4468, #4469, #4470 ) );
#1998 = AXIS2_PLACEMENT_3D( '', #4471, #4472, #4473 );
#1999 = EDGE_LOOP( '', ( #4474, #4475, #4476, #4477 ) );
#2000 = AXIS2_PLACEMENT_3D( '', #4478, #4479, #4480 );
#2001 = EDGE_LOOP( '', ( #4481, #4482, #4483, #4484, #4485, #4486, #4487, #4488, #4489, #4490 ) );
#2002 = AXIS2_PLACEMENT_3D( '', #4491, #4492, #4493 );
#2003 = EDGE_LOOP( '', ( #4494, #4495, #4496, #4497 ) );
#2004 = CARTESIAN_POINT( '', ( 0.00191742859090200, 0.00127736488075000, 0.000986063333128300 ) );
#2005 = CARTESIAN_POINT( '', ( 0.00195169629366300, 0.00128268611318200, 0.000986063331523600 ) );
#2006 = CARTESIAN_POINT( '', ( 0.00198596399642500, 0.00128800734561300, 0.000986063329918900 ) );
#2007 = CARTESIAN_POINT( '', ( 0.00202023169918600, 0.00129332857804500, 0.000986063328314200 ) );
#2008 = CARTESIAN_POINT( '', ( 0.00191739154968500, 0.00127760417269400, 0.000986102187417100 ) );
#2009 = CARTESIAN_POINT( '', ( 0.00195163251032300, 0.00128309828520200, 0.000986102186900300 ) );
#2010 = CARTESIAN_POINT( '', ( 0.00198587347096000, 0.00128859239770900, 0.000986102186383500 ) );
#2011 = CARTESIAN_POINT( '', ( 0.00202011443159800, 0.00129408651021600, 0.000986102185866700 ) );
#2012 = CARTESIAN_POINT( '', ( 0.00191624286364700, 0.00128465892263500, 0.000987300557387000 ) );
#2013 = CARTESIAN_POINT( '', ( 0.00194965417373500, 0.00129525001969100, 0.000987300572132700 ) );
#2014 = CARTESIAN_POINT( '', ( 0.00198306548382300, 0.00130584111674700, 0.000987300586878400 ) );
#2015 = CARTESIAN_POINT( '', ( 0.00201647679391100, 0.00131643221380300, 0.000987300601624000 ) );
#2016 = CARTESIAN_POINT( '', ( 0.00191084311833900, 0.00129776248962800, 0.000992604633996600 ) );
#2017 = CARTESIAN_POINT( '', ( 0.00194033682980400, 0.00131782993664500, 0.000992603792504000 ) );
#2018 = CARTESIAN_POINT( '', ( 0.00196983054126800, 0.00133789738366100, 0.000992602951011400 ) );
#2019 = CARTESIAN_POINT( '', ( 0.00199932425273300, 0.00135796483067800, 0.000992602109518700 ) );
#2020 = CARTESIAN_POINT( '', ( 0.00189690671961600, 0.00131104668851900, 0.00100836347298900 ) );
#2021 = CARTESIAN_POINT( '', ( 0.00191640293357700, 0.00134067293129400, 0.00100836641821300 ) );
#2022 = CARTESIAN_POINT( '', ( 0.00193589914753900, 0.00137029917407000, 0.00100836936343800 ) );
#2023 = CARTESIAN_POINT( '', ( 0.00195539536150000, 0.00139992541684500, 0.00100837230866200 ) );
#2024 = CARTESIAN_POINT( '', ( 0.00188204832354600, 0.00131714928526100, 0.00103125052399600 ) );
#2025 = CARTESIAN_POINT( '', ( 0.00189054619288400, 0.00135132845921700, 0.00103123958459100 ) );
#2026 = CARTESIAN_POINT( '', ( 0.00189904406222200, 0.00138550763317300, 0.00103122864518700 ) );
#2027 = CARTESIAN_POINT( '', ( 0.00190754193156100, 0.00141968680713000, 0.00103121770578300 ) );
#2028 = CARTESIAN_POINT( '', ( 0.00187332017139400, 0.00131801110128100, 0.00105063098651400 ) );
#2029 = CARTESIAN_POINT( '', ( 0.00187572243855200, 0.00135269784531900, 0.00105063116618700 ) );
#2030 = CARTESIAN_POINT( '', ( 0.00187812470571000, 0.00138738458935700, 0.00105063134586100 ) );
#2031 = CARTESIAN_POINT( '', ( 0.00188052697286800, 0.00142207133339500, 0.00105063152553400 ) );
#2032 = CARTESIAN_POINT( '', ( 0.00186977350473100, 0.00131799671772700, 0.00106124338909700 ) );
#2033 = CARTESIAN_POINT( '', ( 0.00186960974736300, 0.00135267499051200, 0.00106124338319500 ) );
#2034 = CARTESIAN_POINT( '', ( 0.00186944598999500, 0.00138735326329700, 0.00106124337729300 ) );
#2035 = CARTESIAN_POINT( '', ( 0.00186928223262700, 0.00142203153608200, 0.00106124337139100 ) );
#2036 = CARTESIAN_POINT( '', ( 0.00186966162212700, 0.00131799581632600, 0.00106158167315400 ) );
#2037 = CARTESIAN_POINT( '', ( 0.00186941679758800, 0.00135267356389100, 0.00106158165507500 ) );
#2038 = CARTESIAN_POINT( '', ( 0.00186917197304900, 0.00138735131145600, 0.00106158163699600 ) );
#2039 = CARTESIAN_POINT( '', ( 0.00186892714851100, 0.00142202905902100, 0.00106158161891700 ) );
#2040 = EDGE_LOOP( '', ( #4498, #4499, #4500, #4501 ) );
#2041 = AXIS2_PLACEMENT_3D( '', #4502, #4503, #4504 );
#2042 = EDGE_LOOP( '', ( #4505, #4506, #4507, #4508 ) );
#2043 = AXIS2_PLACEMENT_3D( '', #4509, #4510, #4511 );
#2044 = EDGE_LOOP( '', ( #4512, #4513, #4514, #4515, #4516, #4517 ) );
#2045 = CARTESIAN_POINT( '', ( 0.00191798095085500, 0.00126921645745500, -0.000424999951600600 ) );
#2046 = CARTESIAN_POINT( '', ( 0.00195265521728500, 0.00126865028504400, -0.000424999954130900 ) );
#2047 = CARTESIAN_POINT( '', ( 0.00198732948371400, 0.00126808411263300, -0.000424999956661200 ) );
#2048 = CARTESIAN_POINT( '', ( 0.00202200375014400, 0.00126751794022200, -0.000424999959191500 ) );
#2049 = CARTESIAN_POINT( '', ( 0.00191798298409900, 0.00126933494065500, -0.000424999832918100 ) );
#2050 = CARTESIAN_POINT( '', ( 0.00195265864000000, 0.00126885434746700, -0.000424999833752000 ) );
#2051 = CARTESIAN_POINT( '', ( 0.00198733429590200, 0.00126837375427900, -0.000424999834586000 ) );
#2052 = CARTESIAN_POINT( '', ( 0.00202200995180300, 0.00126789316109100, -0.000424999835419900 ) );
#2053 = CARTESIAN_POINT( '', ( 0.00191807419966300, 0.00127633424488000, -0.000424974539640200 ) );
#2054 = CARTESIAN_POINT( '', ( 0.00195281345133600, 0.00128091051305700, -0.000424974491203500 ) );
#2055 = CARTESIAN_POINT( '', ( 0.00198755270300900, 0.00128548678123400, -0.000424974442766700 ) );
#2056 = CARTESIAN_POINT( '', ( 0.00202229195468200, 0.00129006304941200, -0.000424974394329900 ) );
#2057 = CARTESIAN_POINT( '', ( 0.00191488362878400, 0.00129008132290500, -0.000422783633674600 ) );
#2058 = CARTESIAN_POINT( '', ( 0.00194758467778200, 0.00130474068928300, -0.000422789260318300 ) );
#2059 = CARTESIAN_POINT( '', ( 0.00198028572678000, 0.00131940005566100, -0.000422794886962000 ) );
#2060 = CARTESIAN_POINT( '', ( 0.00201298677577900, 0.00133405942203800, -0.000422800513605700 ) );
#2061 = CARTESIAN_POINT( '', ( 0.00190302523976500, 0.00130672956352300, -0.000413464103906800 ) );
#2062 = CARTESIAN_POINT( '', ( 0.00192686559436500, 0.00133318916469200, -0.000413461550886000 ) );
#2063 = CARTESIAN_POINT( '', ( 0.00195070594896600, 0.00135964876586000, -0.000413458997865100 ) );
#2064 = CARTESIAN_POINT( '', ( 0.00197454630356600, 0.00138610836702900, -0.000413456444844300 ) );
#2065 = CARTESIAN_POINT( '', ( 0.00188666872337700, 0.00131607126262800, -0.000398277993619600 ) );
#2066 = CARTESIAN_POINT( '', ( 0.00189855269944700, 0.00134955230053400, -0.000398282579059200 ) );
#2067 = CARTESIAN_POINT( '', ( 0.00191043667551700, 0.00138303333844000, -0.000398287164498900 ) );
#2068 = CARTESIAN_POINT( '', ( 0.00192232065158700, 0.00141651437634600, -0.000398291749938600 ) );
#2069 = CARTESIAN_POINT( '', ( 0.00187503193203500, 0.00131802039908300, -0.000384378143781000 ) );
#2070 = CARTESIAN_POINT( '', ( 0.00187867111296900, 0.00135271984389500, -0.000384378065042800 ) );
#2071 = CARTESIAN_POINT( '', ( 0.00188231029390300, 0.00138741928870800, -0.000384377986304700 ) );
#2072 = CARTESIAN_POINT( '', ( 0.00188594947483700, 0.00142211873352100, -0.000384377907566500 ) );
#2073 = CARTESIAN_POINT( '', ( 0.00186964146686400, 0.00131798636477500, -0.000376462114379800 ) );
#2074 = CARTESIAN_POINT( '', ( 0.00186938227207600, 0.00135266453471200, -0.000376462117083900 ) );
#2075 = CARTESIAN_POINT( '', ( 0.00186912307728800, 0.00138734270464900, -0.000376462119788000 ) );
#2076 = CARTESIAN_POINT( '', ( 0.00186886388249900, 0.00142202087458600, -0.000376462122492100 ) );
#2077 = CARTESIAN_POINT( '', ( 0.00186946309569200, 0.00131798410958200, -0.000376198350981700 ) );
#2078 = CARTESIAN_POINT( '', ( 0.00186907480151000, 0.00135266087777600, -0.000376198359281400 ) );
#2079 = CARTESIAN_POINT( '', ( 0.00186868650732900, 0.00138733764596900, -0.000376198367581200 ) );
#2080 = CARTESIAN_POINT( '', ( 0.00186829821314700, 0.00142201441416300, -0.000376198375880900 ) );
#2081 = EDGE_LOOP( '', ( #4518, #4519, #4520, #4521, #4522, #4523, #4524, #4525 ) );
#2082 = AXIS2_PLACEMENT_3D( '', #4526, #4527, #4528 );
#2083 = EDGE_LOOP( '', ( #4529, #4530, #4531, #4532, #4533, #4534 ) );
#2084 = AXIS2_PLACEMENT_3D( '', #4535, #4536, #4537 );
#2085 = EDGE_LOOP( '', ( #4538, #4539, #4540, #4541, #4542, #4543 ) );
#2086 = AXIS2_PLACEMENT_3D( '', #4544, #4545, #4546 );
#2087 = EDGE_LOOP( '', ( #4547, #4548, #4549, #4550, #4551, #4552, #4553, #4554, #4555, #4556 ) );
#2088 = AXIS2_PLACEMENT_3D( '', #4557, #4558, #4559 );
#2089 = EDGE_LOOP( '', ( #4560, #4561, #4562, #4563, #4564, #4565, #4566 ) );
#2090 = AXIS2_PLACEMENT_3D( '', #4567, #4568, #4569 );
#2091 = EDGE_LOOP( '', ( #4570, #4571, #4572, #4573, #4574, #4575, #4576, #4577, #4578, #4579 ) );
#2092 = AXIS2_PLACEMENT_3D( '', #4580, #4581, #4582 );
#2093 = EDGE_LOOP( '', ( #4583, #4584, #4585, #4586, #4587, #4588, #4589 ) );
#2094 = AXIS2_PLACEMENT_3D( '', #4590, #4591, #4592 );
#2095 = EDGE_LOOP( '', ( #4593, #4594, #4595, #4596, #4597, #4598, #4599, #4600, #4601, #4602, #4603, #4604 ) );
#2096 = AXIS2_PLACEMENT_3D( '', #4605, #4606, #4607 );
#2097 = EDGE_LOOP( '', ( #4608, #4609, #4610, #4611 ) );
#2098 = AXIS2_PLACEMENT_3D( '', #4612, #4613, #4614 );
#2099 = EDGE_LOOP( '', ( #4615, #4616, #4617, #4618 ) );
#2100 = AXIS2_PLACEMENT_3D( '', #4619, #4620, #4621 );
#2101 = EDGE_LOOP( '', ( #4622, #4623, #4624, #4625 ) );
#2102 = CARTESIAN_POINT( '', ( -0.00201887031941100, 0.00130068594217900, 0.000986471244287800 ) );
#2103 = CARTESIAN_POINT( '', ( -0.00198491740674200, 0.00129368738720100, 0.000986471244287800 ) );
#2104 = CARTESIAN_POINT( '', ( -0.00195096449407200, 0.00128668883222300, 0.000986471244287800 ) );
#2105 = CARTESIAN_POINT( '', ( -0.00191701158140300, 0.00127969027724500, 0.000986471244287800 ) );
#2106 = CARTESIAN_POINT( '', ( -0.00201921933507400, 0.00129899388742800, 0.000986375849348300 ) );
#2107 = CARTESIAN_POINT( '', ( -0.00198518682226400, 0.00129238124004700, 0.000986375849348300 ) );
#2108 = CARTESIAN_POINT( '', ( -0.00195115430945500, 0.00128576859266600, 0.000986375849348300 ) );
#2109 = CARTESIAN_POINT( '', ( -0.00191712179664500, 0.00127915594528500, 0.000986375849348300 ) );
#2110 = CARTESIAN_POINT( '', ( -0.00202112699882300, 0.00128887109463600, 0.000985807150266400 ) );
#2111 = CARTESIAN_POINT( '', ( -0.00198665940438700, 0.00128456715661400, 0.000985807150266400 ) );
#2112 = CARTESIAN_POINT( '', ( -0.00195219180995100, 0.00128026321859100, 0.000985807150266400 ) );
#2113 = CARTESIAN_POINT( '', ( -0.00191772421551500, 0.00127595928056800, 0.000985807150266400 ) );
#2114 = CARTESIAN_POINT( '', ( -0.00202214678913700, 0.00127684416111200, 0.000985143056244900 ) );
#2115 = CARTESIAN_POINT( '', ( -0.00198744661072000, 0.00127528321057900, 0.000985143056244900 ) );
#2116 = CARTESIAN_POINT( '', ( -0.00195274643230400, 0.00127372226004500, 0.000985143056244900 ) );
#2117 = CARTESIAN_POINT( '', ( -0.00191804625388700, 0.00127216130951100, 0.000985143056244900 ) );
#2118 = CARTESIAN_POINT( '', ( -0.00202197077446500, 0.00126654468861500, 0.000984574357163000 ) );
#2119 = CARTESIAN_POINT( '', ( -0.00198731073978400, 0.00126733274285000, 0.000984574357163000 ) );
#2120 = CARTESIAN_POINT( '', ( -0.00195265070510400, 0.00126812079708500, 0.000984574357163000 ) );
#2121 = CARTESIAN_POINT( '', ( -0.00191799067042300, 0.00126890885132100, 0.000984574357163000 ) );
#2122 = CARTESIAN_POINT( '', ( -0.00202191163942600, 0.00126481802586300, 0.000984478962223500 ) );
#2123 = CARTESIAN_POINT( '', ( -0.00198726509169700, 0.00126599988075600, 0.000984478962223500 ) );
#2124 = CARTESIAN_POINT( '', ( -0.00195261854396800, 0.00126718173564800, 0.000984478962223500 ) );
#2125 = CARTESIAN_POINT( '', ( -0.00191797199623900, 0.00126836359054000, 0.000984478962223500 ) );
#2126 = EDGE_LOOP( '', ( #4626, #4627, #4628, #4629 ) );
#2127 = AXIS2_PLACEMENT_3D( '', #4630, #4631, #4632 );
#2128 = EDGE_LOOP( '', ( #4633, #4634, #4635 ) );
#2129 = AXIS2_PLACEMENT_3D( '', #4636, #4637, #4638 );
#2130 = EDGE_LOOP( '', ( #4639, #4640, #4641, #4642 ) );
#2131 = AXIS2_PLACEMENT_3D( '', #4643, #4644, #4645 );
#2132 = EDGE_LOOP( '', ( #4646, #4647, #4648 ) );
#2133 = AXIS2_PLACEMENT_3D( '', #4649, #4650, #4651 );
#2134 = EDGE_LOOP( '', ( #4652, #4653, #4654, #4655 ) );
#2135 = AXIS2_PLACEMENT_3D( '', #4656, #4657, #4658 );
#2136 = EDGE_LOOP( '', ( #4659, #4660, #4661 ) );
#2137 = AXIS2_PLACEMENT_3D( '', #4662, #4663, #4664 );
#2138 = EDGE_LOOP( '', ( #4665, #4666, #4667, #4668, #4669, #4670, #4671, #4672, #4673, #4674, #4675, #4676, #4677, #4678, #4679, #4680, #4681, #4682, #4683, #4684 ) );
#2139 = AXIS2_PLACEMENT_3D( '', #4685, #4686, #4687 );
#2140 = EDGE_LOOP( '', ( #4688, #4689, #4690, #4691 ) );
#2141 = AXIS2_PLACEMENT_3D( '', #4692, #4693, #4694 );
#2142 = EDGE_LOOP( '', ( #4695, #4696, #4697, #4698 ) );
#2143 = CARTESIAN_POINT( '', ( 0.00202164726249300, 0.000704672895168500, 0.000923301149378700 ) );
#2144 = CARTESIAN_POINT( '', ( 0.00199309471261700, 0.000685032862137500, 0.000923301149378700 ) );
#2145 = CARTESIAN_POINT( '', ( 0.00196454216274000, 0.000665392829106600, 0.000923301149378700 ) );
#2146 = CARTESIAN_POINT( '', ( 0.00193598961286400, 0.000645752796075700, 0.000923301149378700 ) );
#2147 = CARTESIAN_POINT( '', ( 0.00202171059441900, 0.000704582101718700, 0.000923655161540600 ) );
#2148 = CARTESIAN_POINT( '', ( 0.00199206029115900, 0.000686515821817400, 0.000923655161540600 ) );
#2149 = CARTESIAN_POINT( '', ( 0.00196240998789900, 0.000668449541916200, 0.000923655161540600 ) );
#2150 = CARTESIAN_POINT( '', ( 0.00193275968464000, 0.000650383262015000, 0.000923655161540600 ) );
#2151 = CARTESIAN_POINT( '', ( 0.00202191040241200, 0.000704233807679200, 0.000924876836658300 ) );
#2152 = CARTESIAN_POINT( '', ( 0.00198879676060500, 0.000692204624462700, 0.000924876836658300 ) );
#2153 = CARTESIAN_POINT( '', ( 0.00195568311879700, 0.000680175441246200, 0.000924876836658300 ) );
#2154 = CARTESIAN_POINT( '', ( 0.00192256947699000, 0.000668146258029700, 0.000924876836658300 ) );
#2155 = CARTESIAN_POINT( '', ( 0.00202203008620500, 0.000703697932470800, 0.000926229620264700 ) );
#2156 = CARTESIAN_POINT( '', ( 0.00198684192531900, 0.000700957252866500, 0.000926229620264700 ) );
#2157 = CARTESIAN_POINT( '', ( 0.00195165376443200, 0.000698216573262300, 0.000926229620264700 ) );
#2158 = CARTESIAN_POINT( '', ( 0.00191646560354600, 0.000695475893658100, 0.000926229620264700 ) );
#2159 = CARTESIAN_POINT( '', ( 0.00202198643864900, 0.000703270799930300, 0.000927069159777700 ) );
#2160 = CARTESIAN_POINT( '', ( 0.00198755483539500, 0.000707933751027600, 0.000927069159777700 ) );
#2161 = CARTESIAN_POINT( '', ( 0.00195312323214200, 0.000712596702125000, 0.000927069159777700 ) );
#2162 = CARTESIAN_POINT( '', ( 0.00191869162888800, 0.000717259653222400, 0.000927069159777700 ) );
#2163 = CARTESIAN_POINT( '', ( 0.00202195820057900, 0.000703138534285300, 0.000927310633698800 ) );
#2164 = CARTESIAN_POINT( '', ( 0.00198801605720600, 0.000710094089895000, 0.000927310633698800 ) );
#2165 = CARTESIAN_POINT( '', ( 0.00195407391383200, 0.000717049645504600, 0.000927310633698800 ) );
#2166 = CARTESIAN_POINT( '', ( 0.00192013177045900, 0.000724005201114300, 0.000927310633698800 ) );
#2167 = EDGE_LOOP( '', ( #4699, #4700, #4701 ) );
#2168 = AXIS2_PLACEMENT_3D( '', #4702, #4703, #4704 );
#2169 = EDGE_LOOP( '', ( #4705, #4706, #4707, #4708 ) );
#2170 = AXIS2_PLACEMENT_3D( '', #4709, #4710, #4711 );
#2171 = EDGE_LOOP( '', ( #4712, #4713, #4714, #4715, #4716 ) );
#2172 = AXIS2_PLACEMENT_3D( '', #4717, #4718, #4719 );
#2173 = EDGE_LOOP( '', ( #4720, #4721, #4722, #4723, #4724, #4725, #4726, #4727, #4728 ) );
#2174 = AXIS2_PLACEMENT_3D( '', #4729, #4730, #4731 );
#2175 = EDGE_LOOP( '', ( #4732, #4733, #4734, #4735 ) );
#2176 = AXIS2_PLACEMENT_3D( '', #4736, #4737, #4738 );
#2177 = EDGE_LOOP( '', ( #4739, #4740, #4741, #4742 ) );
#2178 = AXIS2_PLACEMENT_3D( '', #4743, #4744, #4745 );
#2179 = EDGE_LOOP( '', ( #4746, #4747, #4748, #4749 ) );
#2180 = AXIS2_PLACEMENT_3D( '', #4750, #4751, #4752 );
#2181 = EDGE_LOOP( '', ( #4753, #4754, #4755, #4756 ) );
#2182 = AXIS2_PLACEMENT_3D( '', #4757, #4758, #4759 );
#2183 = EDGE_LOOP( '', ( #4760, #4761, #4762, #4763 ) );
#2184 = AXIS2_PLACEMENT_3D( '', #4764, #4765, #4766 );
#2185 = EDGE_LOOP( '', ( #4767, #4768, #4769, #4770 ) );
#2186 = AXIS2_PLACEMENT_3D( '', #4771, #4772, #4773 );
#2187 = EDGE_LOOP( '', ( #4774, #4775, #4776, #4777 ) );
#2188 = AXIS2_PLACEMENT_3D( '', #4778, #4779, #4780 );
#2189 = EDGE_LOOP( '', ( #4781, #4782, #4783, #4784 ) );
#2190 = AXIS2_PLACEMENT_3D( '', #4785, #4786, #4787 );
#2191 = EDGE_LOOP( '', ( #4788, #4789, #4790, #4791 ) );
#2192 = AXIS2_PLACEMENT_3D( '', #4792, #4793, #4794 );
#2193 = EDGE_LOOP( '', ( #4795, #4796, #4797, #4798 ) );
#2194 = AXIS2_PLACEMENT_3D( '', #4799, #4800, #4801 );
#2195 = EDGE_LOOP( '', ( #4802, #4803, #4804, #4805 ) );
#2196 = CARTESIAN_POINT( '', ( -0.00186966241369200, 0.00131799582267500, 0.00106157927986600 ) );
#2197 = CARTESIAN_POINT( '', ( -0.00186941816269800, 0.00135267357395800, 0.00106157926187300 ) );
#2198 = CARTESIAN_POINT( '', ( -0.00186917391170400, 0.00138735132524200, 0.00106157924388000 ) );
#2199 = CARTESIAN_POINT( '', ( -0.00186892966071100, 0.00142202907652600, 0.00106157922588700 ) );
#2200 = CARTESIAN_POINT( '', ( -0.00186977403675600, 0.00131799671986100, 0.00106124179718100 ) );
#2201 = CARTESIAN_POINT( '', ( -0.00186961066430900, 0.00135267499392200, 0.00106124179130700 ) );
#2202 = CARTESIAN_POINT( '', ( -0.00186944729186200, 0.00138735326798300, 0.00106124178543300 ) );
#2203 = CARTESIAN_POINT( '', ( -0.00186928391941500, 0.00142203154204500, 0.00106124177955900 ) );
#2204 = CARTESIAN_POINT( '', ( -0.00187332050399900, 0.00131801106841800, 0.00105063024797500 ) );
#2205 = CARTESIAN_POINT( '', ( -0.00187572300344600, 0.00135269779312100, 0.00105063042722500 ) );
#2206 = CARTESIAN_POINT( '', ( -0.00187812550289200, 0.00138738451782400, 0.00105063060647400 ) );
#2207 = CARTESIAN_POINT( '', ( -0.00188052800233800, 0.00142207124252700, 0.00105063078572400 ) );
#2208 = CARTESIAN_POINT( '', ( -0.00188204832354100, 0.00131714928524000, 0.00103125052399600 ) );
#2209 = CARTESIAN_POINT( '', ( -0.00189054619288100, 0.00135132845920300, 0.00103123958459100 ) );
#2210 = CARTESIAN_POINT( '', ( -0.00189904406222100, 0.00138550763316700, 0.00103122864518700 ) );
#2211 = CARTESIAN_POINT( '', ( -0.00190754193156100, 0.00141968680713000, 0.00103121770578300 ) );
#2212 = CARTESIAN_POINT( '', ( -0.00189690671960400, 0.00131104668850100, 0.00100836347298900 ) );
#2213 = CARTESIAN_POINT( '', ( -0.00191640293356900, 0.00134067293128200, 0.00100836641821300 ) );
#2214 = CARTESIAN_POINT( '', ( -0.00193589914753500, 0.00137029917406400, 0.00100836936343800 ) );
#2215 = CARTESIAN_POINT( '', ( -0.00195539536150000, 0.00139992541684500, 0.00100837230866200 ) );
#2216 = CARTESIAN_POINT( '', ( -0.00191084311832100, 0.00129776248961600, 0.000992604633996600 ) );
#2217 = CARTESIAN_POINT( '', ( -0.00194033682979200, 0.00131782993663700, 0.000992603792504000 ) );
#2218 = CARTESIAN_POINT( '', ( -0.00196983054126300, 0.00133789738365700, 0.000992602951011400 ) );
#2219 = CARTESIAN_POINT( '', ( -0.00199932425273300, 0.00135796483067800, 0.000992602109518700 ) );
#2220 = CARTESIAN_POINT( '', ( -0.00191624293667200, 0.00128465874536800, 0.000987300485635400 ) );
#2221 = CARTESIAN_POINT( '', ( -0.00194965429976300, 0.00129524971423300, 0.000987300500392600 ) );
#2222 = CARTESIAN_POINT( '', ( -0.00198306566285400, 0.00130584068309900, 0.000987300515149900 ) );
#2223 = CARTESIAN_POINT( '', ( -0.00201647702594400, 0.00131643165196500, 0.000987300529907100 ) );
#2224 = CARTESIAN_POINT( '', ( -0.00191739161076700, 0.00127760379741700, 0.000986102123671500 ) );
#2225 = CARTESIAN_POINT( '', ( -0.00195163261554400, 0.00128309763879400, 0.000986102123153900 ) );
#2226 = CARTESIAN_POINT( '', ( -0.00198587362032000, 0.00128859148017000, 0.000986102122636300 ) );
#2227 = CARTESIAN_POINT( '', ( -0.00202011462509700, 0.00129408532154700, 0.000986102122118700 ) );
#2228 = CARTESIAN_POINT( '', ( -0.00191742867816600, 0.00127736431684600, 0.000986063241570000 ) );
#2229 = CARTESIAN_POINT( '', ( -0.00195169644395100, 0.00128268514188100, 0.000986063239962800 ) );
#2230 = CARTESIAN_POINT( '', ( -0.00198596420973600, 0.00128800596691500, 0.000986063238355500 ) );
#2231 = CARTESIAN_POINT( '', ( -0.00202023197552100, 0.00129332679195000, 0.000986063236748300 ) );
#2232 = EDGE_LOOP( '', ( #4806, #4807, #4808, #4809 ) );
#2233 = AXIS2_PLACEMENT_3D( '', #4810, #4811, #4812 );
#2234 = EDGE_LOOP( '', ( #4813, #4814, #4815, #4816 ) );
#2235 = AXIS2_PLACEMENT_3D( '', #4817, #4818, #4819 );
#2236 = EDGE_LOOP( '', ( #4820, #4821, #4822, #4823, #4824, #4825, #4826, #4827 ) );
#2237 = AXIS2_PLACEMENT_3D( '', #4828, #4829, #4830 );
#2238 = EDGE_LOOP( '', ( #4831, #4832, #4833, #4834 ) );
#2239 = AXIS2_PLACEMENT_3D( '', #4835, #4836, #4837 );
#2240 = EDGE_LOOP( '', ( #4838 ) );
#2241 = AXIS2_PLACEMENT_3D( '', #4839, #4840, #4841 );
#2242 = EDGE_LOOP( '', ( #4842, #4843, #4844, #4845 ) );
#2243 = AXIS2_PLACEMENT_3D( '', #4846, #4847, #4848 );
#2244 = EDGE_LOOP( '', ( #4849, #4850, #4851, #4852 ) );
#2245 = AXIS2_PLACEMENT_3D( '', #4853, #4854, #4855 );
#2246 = EDGE_LOOP( '', ( #4856, #4857, #4858, #4859 ) );
#2247 = AXIS2_PLACEMENT_3D( '', #4860, #4861, #4862 );
#2248 = EDGE_LOOP( '', ( #4863, #4864, #4865, #4866 ) );
#2249 = AXIS2_PLACEMENT_3D( '', #4867, #4868, #4869 );
#2250 = EDGE_LOOP( '', ( #4870, #4871, #4872, #4873 ) );
#2251 = AXIS2_PLACEMENT_3D( '', #4874, #4875, #4876 );
#2252 = EDGE_LOOP( '', ( #4877, #4878, #4879, #4880 ) );
#2253 = AXIS2_PLACEMENT_3D( '', #4881, #4882, #4883 );
#2254 = EDGE_LOOP( '', ( #4884, #4885, #4886, #4887 ) );
#2255 = AXIS2_PLACEMENT_3D( '', #4888, #4889, #4890 );
#2256 = EDGE_LOOP( '', ( #4891, #4892, #4893, #4894 ) );
#2257 = AXIS2_PLACEMENT_3D( '', #4895, #4896, #4897 );
#2258 = EDGE_LOOP( '', ( #4898, #4899, #4900, #4901, #4902 ) );
#2259 = AXIS2_PLACEMENT_3D( '', #4903, #4904, #4905 );
#2260 = EDGE_LOOP( '', ( #4906, #4907, #4908, #4909, #4910 ) );
#2261 = AXIS2_PLACEMENT_3D( '', #4911, #4912, #4913 );
#2262 = EDGE_LOOP( '', ( #4914, #4915, #4916, #4917, #4918, #4919, #4920, #4921, #4922, #4923, #4924, #4925, #4926, #4927, #4928, #4929 ) );
#2263 = EDGE_LOOP( '', ( #4930, #4931, #4932, #4933, #4934, #4935, #4936, #4937 ) );
#2264 = AXIS2_PLACEMENT_3D( '', #4938, #4939, #4940 );
#2265 = EDGE_LOOP( '', ( #4941, #4942, #4943, #4944, #4945, #4946, #4947, #4948, #4949, #4950, #4951, #4952, #4953, #4954, #4955, #4956, #4957, #4958 ) );
#2266 = AXIS2_PLACEMENT_3D( '', #4959, #4960, #4961 );
#2267 = EDGE_LOOP( '', ( #4962, #4963, #4964, #4965 ) );
#2268 = AXIS2_PLACEMENT_3D( '', #4966, #4967, #4968 );
#2269 = EDGE_LOOP( '', ( #4969, #4970, #4971, #4972, #4973 ) );
#2270 = AXIS2_PLACEMENT_3D( '', #4974, #4975, #4976 );
#2271 = EDGE_LOOP( '', ( #4977, #4978, #4979, #4980, #4981 ) );
#2272 = AXIS2_PLACEMENT_3D( '', #4982, #4983, #4984 );
#2273 = EDGE_LOOP( '', ( #4985, #4986, #4987, #4988 ) );
#2274 = AXIS2_PLACEMENT_3D( '', #4989, #4990, #4991 );
#2275 = EDGE_LOOP( '', ( #4992, #4993, #4994, #4995 ) );
#2276 = AXIS2_PLACEMENT_3D( '', #4996, #4997, #4998 );
#2277 = EDGE_LOOP( '', ( #4999, #5000, #5001, #5002 ) );
#2278 = AXIS2_PLACEMENT_3D( '', #5003, #5004, #5005 );
#2279 = EDGE_LOOP( '', ( #5006, #5007, #5008, #5009 ) );
#2280 = AXIS2_PLACEMENT_3D( '', #5010, #5011, #5012 );
#2281 = EDGE_LOOP( '', ( #5013, #5014, #5015, #5016 ) );
#2282 = AXIS2_PLACEMENT_3D( '', #5017, #5018, #5019 );
#2283 = EDGE_LOOP( '', ( #5020, #5021, #5022, #5023 ) );
#2284 = AXIS2_PLACEMENT_3D( '', #5024, #5025, #5026 );
#2285 = EDGE_LOOP( '', ( #5027, #5028, #5029, #5030 ) );
#2286 = AXIS2_PLACEMENT_3D( '', #5031, #5032, #5033 );
#2287 = EDGE_LOOP( '', ( #5034, #5035, #5036, #5037 ) );
#2288 = AXIS2_PLACEMENT_3D( '', #5038, #5039, #5040 );
#2289 = EDGE_LOOP( '', ( #5041, #5042, #5043, #5044 ) );
#2290 = AXIS2_PLACEMENT_3D( '', #5045, #5046, #5047 );
#2291 = EDGE_LOOP( '', ( #5048, #5049, #5050, #5051 ) );
#2292 = CARTESIAN_POINT( '', ( -0.00202195849444400, 0.000703139913277500, 0.000927308115426600 ) );
#2293 = CARTESIAN_POINT( '', ( -0.00198801125740700, 0.000710071566356300, 0.000927308115426600 ) );
#2294 = CARTESIAN_POINT( '', ( -0.00195406402037000, 0.000717003219435200, 0.000927308115426600 ) );
#2295 = CARTESIAN_POINT( '', ( -0.00192011678333200, 0.000723934872514000, 0.000927308115426600 ) );
#2296 = CARTESIAN_POINT( '', ( -0.00202198653410400, 0.000703271735668800, 0.000927067320275900 ) );
#2297 = CARTESIAN_POINT( '', ( -0.00198755327630000, 0.000707918467298800, 0.000927067320275900 ) );
#2298 = CARTESIAN_POINT( '', ( -0.00195312001849600, 0.000712565198928800, 0.000927067320275900 ) );
#2299 = CARTESIAN_POINT( '', ( -0.00191868676069100, 0.000717211930558900, 0.000927067320275900 ) );
#2300 = CARTESIAN_POINT( '', ( -0.00202202998233600, 0.000703698397535700, 0.000926228446237200 ) );
#2301 = CARTESIAN_POINT( '', ( -0.00198684362184300, 0.000700949656805600, 0.000926228446237200 ) );
#2302 = CARTESIAN_POINT( '', ( -0.00195165726135000, 0.000698200916075400, 0.000926228446237200 ) );
#2303 = CARTESIAN_POINT( '', ( -0.00191647090085700, 0.000695452175345300, 0.000926228446237200 ) );
#2304 = CARTESIAN_POINT( '', ( -0.00202190767607500, 0.000704246014647400, 0.000924846020926900 ) );
#2305 = CARTESIAN_POINT( '', ( -0.00198884129077100, 0.000692005243981600, 0.000924846020926900 ) );
#2306 = CARTESIAN_POINT( '', ( -0.00195577490546700, 0.000679764473315800, 0.000924846020926900 ) );
#2307 = CARTESIAN_POINT( '', ( -0.00192270852016300, 0.000667523702649900, 0.000924846020926900 ) );
#2308 = CARTESIAN_POINT( '', ( -0.00202169835985000, 0.000704603201994700, 0.000923580785889800 ) );
#2309 = CARTESIAN_POINT( '', ( -0.00199226012245600, 0.000686171183976300, 0.000923580785889800 ) );
#2310 = CARTESIAN_POINT( '', ( -0.00196282188506200, 0.000667739165957900, 0.000923580785889800 ) );
#2311 = CARTESIAN_POINT( '', ( -0.00193338364766900, 0.000649307147939500, 0.000923580785889800 ) );
#2312 = CARTESIAN_POINT( '', ( -0.00202162613653600, 0.000704702562575900, 0.000923184103531100 ) );
#2313 = CARTESIAN_POINT( '', ( -0.00199343976990800, 0.000684548294481800, 0.000923184103531100 ) );
#2314 = CARTESIAN_POINT( '', ( -0.00196525340328000, 0.000664394026387700, 0.000923184103531100 ) );
#2315 = CARTESIAN_POINT( '', ( -0.00193706703665200, 0.000644239758293600, 0.000923184103531100 ) );
#2316 = EDGE_LOOP( '', ( #5052, #5053, #5054, #5055 ) );
#2317 = AXIS2_PLACEMENT_3D( '', #5056, #5057, #5058 );
#2318 = EDGE_LOOP( '', ( #5059, #5060, #5061, #5062 ) );
#2319 = AXIS2_PLACEMENT_3D( '', #5063, #5064, #5065 );
#2320 = EDGE_LOOP( '', ( #5066, #5067, #5068, #5069 ) );
#2321 = AXIS2_PLACEMENT_3D( '', #5070, #5071, #5072 );
#2322 = EDGE_LOOP( '', ( #5073, #5074, #5075, #5076 ) );
#2323 = AXIS2_PLACEMENT_3D( '', #5077, #5078, #5079 );
#2324 = EDGE_LOOP( '', ( #5080, #5081, #5082, #5083 ) );
#2325 = AXIS2_PLACEMENT_3D( '', #5084, #5085, #5086 );
#2326 = EDGE_LOOP( '', ( #5087, #5088, #5089, #5090 ) );
#2327 = AXIS2_PLACEMENT_3D( '', #5091, #5092, #5093 );
#2328 = EDGE_LOOP( '', ( #5094, #5095, #5096, #5097 ) );
#2329 = AXIS2_PLACEMENT_3D( '', #5098, #5099, #5100 );
#2330 = EDGE_LOOP( '', ( #5101, #5102, #5103, #5104, #5105, #5106, #5107, #5108, #5109, #5110 ) );
#2331 = AXIS2_PLACEMENT_3D( '', #5111, #5112, #5113 );
#2332 = EDGE_LOOP( '', ( #5114, #5115, #5116, #5117 ) );
#2333 = AXIS2_PLACEMENT_3D( '', #5118, #5119, #5120 );
#2334 = EDGE_LOOP( '', ( #5121, #5122, #5123 ) );
#2335 = AXIS2_PLACEMENT_3D( '', #5124, #5125, #5126 );
#2336 = EDGE_LOOP( '', ( #5127, #5128, #5129 ) );
#2337 = AXIS2_PLACEMENT_3D( '', #5130, #5131, #5132 );
#2338 = EDGE_LOOP( '', ( #5133, #5134, #5135, #5136 ) );
#2339 = AXIS2_PLACEMENT_3D( '', #5137, #5138, #5139 );
#2340 = EDGE_LOOP( '', ( #5140, #5141, #5142, #5143 ) );
#2341 = AXIS2_PLACEMENT_3D( '', #5144, #5145, #5146 );
#2342 = EDGE_LOOP( '', ( #5147 ) );
#2343 = EDGE_LOOP( '', ( #5148 ) );
#2344 = AXIS2_PLACEMENT_3D( '', #5149, #5150, #5151 );
#2345 = EDGE_LOOP( '', ( #5152, #5153, #5154, #5155 ) );
#2346 = AXIS2_PLACEMENT_3D( '', #5156, #5157, #5158 );
#2347 = EDGE_LOOP( '', ( #5159, #5160, #5161, #5162, #5163, #5164, #5165, #5166 ) );
#2348 = AXIS2_PLACEMENT_3D( '', #5167, #5168, #5169 );
#2349 = EDGE_LOOP( '', ( #5170, #5171, #5172, #5173 ) );
#2350 = AXIS2_PLACEMENT_3D( '', #5174, #5175, #5176 );
#2351 = EDGE_LOOP( '', ( #5177, #5178, #5179, #5180 ) );
#2352 = AXIS2_PLACEMENT_3D( '', #5181, #5182, #5183 );
#2353 = EDGE_LOOP( '', ( #5184, #5185, #5186, #5187 ) );
#2354 = AXIS2_PLACEMENT_3D( '', #5188, #5189, #5190 );
#2355 = EDGE_LOOP( '', ( #5191, #5192, #5193, #5194, #5195, #5196, #5197, #5198 ) );
#2356 = AXIS2_PLACEMENT_3D( '', #5199, #5200, #5201 );
#2357 = EDGE_LOOP( '', ( #5202 ) );
#2358 = AXIS2_PLACEMENT_3D( '', #5203, #5204, #5205 );
#2359 = EDGE_LOOP( '', ( #5206, #5207, #5208, #5209 ) );
#2360 = AXIS2_PLACEMENT_3D( '', #5210, #5211, #5212 );
#2361 = EDGE_LOOP( '', ( #5213, #5214, #5215, #5216 ) );
#2362 = AXIS2_PLACEMENT_3D( '', #5217, #5218, #5219 );
#2363 = EDGE_LOOP( '', ( #5220, #5221, #5222, #5223, #5224, #5225, #5226, #5227, #5228 ) );
#2364 = AXIS2_PLACEMENT_3D( '', #5229, #5230, #5231 );
#2365 = EDGE_LOOP( '', ( #5232, #5233, #5234, #5235 ) );
#2366 = AXIS2_PLACEMENT_3D( '', #5236, #5237, #5238 );
#2367 = ORIENTED_EDGE( '', *, *, #5239, .T. );
#2368 = ORIENTED_EDGE( '', *, *, #5240, .T. );
#2369 = ORIENTED_EDGE( '', *, *, #5241, .F. );
#2370 = ORIENTED_EDGE( '', *, *, #5242, .T. );
#2371 = CARTESIAN_POINT( '', ( 0.00180000000000000, 0.00132000000000000, 0.00140000000000000 ) );
#2372 = DIRECTION( '', ( -0.866025403784429, -0.500000000000017, 0.000000000000000 ) );
#2373 = DIRECTION( '', ( -0.500000000000017, 0.866025403784429, 0.000000000000000 ) );
#2374 = ORIENTED_EDGE( '', *, *, #5243, .T. );
#2375 = ORIENTED_EDGE( '', *, *, #5244, .F. );
#2376 = ORIENTED_EDGE( '', *, *, #5245, .F. );
#2377 = ORIENTED_EDGE( '', *, *, #5239, .F. );
#2378 = ORIENTED_EDGE( '', *, *, #5246, .T. );
#2379 = CARTESIAN_POINT( '', ( 0.00175000000000000, 0.00747682256522400, 0.00125000000000000 ) );
#2380 = DIRECTION( '', ( -0.000000000000000, 1.00000000000000, -0.000000000000000 ) );
#2381 = DIRECTION( '', ( 1.00000000000000, 0.000000000000000, 0.000000000000000 ) );
#2382 = ORIENTED_EDGE( '', *, *, #5247, .T. );
#2383 = ORIENTED_EDGE( '', *, *, #5248, .F. );
#2384 = ORIENTED_EDGE( '', *, *, #5249, .F. );
#2385 = ORIENTED_EDGE( '', *, *, #5250, .F. );
#2386 = CARTESIAN_POINT( '', ( -0.000773835423522700, 0.00129413871994500, -0.00135000000000000 ) );
#2387 = DIRECTION( '', ( -0.000000000000000, -1.00000000000000, 0.000000000000000 ) );
#2388 = DIRECTION( '', ( -0.985211754819683, 0.000000000000000, 0.171341174751197 ) );
#2389 = ORIENTED_EDGE( '', *, *, #5251, .T. );
#2390 = ORIENTED_EDGE( '', *, *, #5252, .F. );
#2391 = ORIENTED_EDGE( '', *, *, #5253, .F. );
#2392 = ORIENTED_EDGE( '', *, *, #5254, .F. );
#2393 = CARTESIAN_POINT( '', ( -0.00120000000000000, 0.00129413871994500, 0.00140000000000000 ) );
#2394 = DIRECTION( '', ( -0.000000000000000, -1.00000000000000, -0.000000000000000 ) );
#2395 = DIRECTION( '', ( 0.000000000000000, 0.000000000000000, -1.00000000000000 ) );
#2396 = ORIENTED_EDGE( '', *, *, #5255, .F. );
#2397 = ORIENTED_EDGE( '', *, *, #5256, .T. );
#2398 = ORIENTED_EDGE( '', *, *, #5257, .F. );
#2399 = ORIENTED_EDGE( '', *, *, #5258, .F. );
#2400 = CARTESIAN_POINT( '', ( -0.00201725235903900, 0.000761718380395200, 0.000459673710213900 ) );
#2401 = DIRECTION( '', ( -0.906307787036659, 0.422618261740681, -0.000000000000000 ) );
#2402 = DIRECTION( '', ( -0.422618261740681, -0.906307787036659, 0.000000000000000 ) );
#2403 = ORIENTED_EDGE( '', *, *, #5259, .T. );
#2404 = ORIENTED_EDGE( '', *, *, #5260, .T. );
#2405 = ORIENTED_EDGE( '', *, *, #5251, .F. );
#2406 = ORIENTED_EDGE( '', *, *, #5261, .F. );
#2407 = CARTESIAN_POINT( '', ( -0.000932287565553200, 0.00137000000000000, 0.00125000000000000 ) );
#2408 = DIRECTION( '', ( 0.000000000000000, 0.000000000000000, 1.00000000000000 ) );
#2409 = DIRECTION( '', ( 1.00000000000000, -0.000000000000000, 0.000000000000000 ) );
#2410 = ORIENTED_EDGE( '', *, *, #5262, .T. );
#2411 = ORIENTED_EDGE( '', *, *, #5263, .F. );
#2412 = ORIENTED_EDGE( '', *, *, #5264, .F. );
#2413 = ORIENTED_EDGE( '', *, *, #5265, .T. );
#2414 = CARTESIAN_POINT( '', ( 0.000798438262413600, 3.00000000000000E-005, -0.000290425533801300 ) );
#2415 = DIRECTION( '', ( 0.927331020780925, 0.000000000000000, -0.374242138056910 ) );
#2416 = DIRECTION( '', ( 0.000000000000000, -1.00000000000000, 0.000000000000000 ) );
#2417 = ORIENTED_EDGE( '', *, *, #5266, .T. );
#2418 = ORIENTED_EDGE( '', *, *, #5267, .F. );
#2419 = ORIENTED_EDGE( '', *, *, #5268, .F. );
#2420 = ORIENTED_EDGE( '', *, *, #5269, .T. );
#2421 = CARTESIAN_POINT( '', ( 0.000718296892618900, 3.00000000000000E-005, -0.000350000000000000 ) );
#2422 = DIRECTION( '', ( 0.348396505337299, 0.000000000000000, -0.937347254259998 ) );
#2423 = DIRECTION( '', ( 0.000000000000000, -1.00000000000000, 0.000000000000000 ) );
#2424 = ORIENTED_EDGE( '', *, *, #5270, .F. );
#2425 = ORIENTED_EDGE( '', *, *, #5271, .F. );
#2426 = ORIENTED_EDGE( '', *, *, #5272, .F. );
#2427 = ORIENTED_EDGE( '', *, *, #5273, .T. );
#2428 = CARTESIAN_POINT( '', ( -0.00207715191854700, 0.000283163971370300, 0.000000000000000 ) );
#2429 = DIRECTION( '', ( 0.906307787036669, -0.422618261740659, 9.76073122812573E-015 ) );
#2430 = DIRECTION( '', ( 0.390448362087690, 0.837319214598778, 0.382683432365090 ) );
#2431 = ORIENTED_EDGE( '', *, *, #5274, .T. );
#2432 = ORIENTED_EDGE( '', *, *, #5275, .F. );
#2433 = ORIENTED_EDGE( '', *, *, #5276, .F. );
#2434 = ORIENTED_EDGE( '', *, *, #5277, .T. );
#2435 = CARTESIAN_POINT( '', ( -0.000519505171325600, 3.00000000000000E-005, 0.000245744693279300 ) );
#2436 = DIRECTION( '', ( 0.880606746780300, 0.000000000000000, 0.473847821061800 ) );
#2437 = DIRECTION( '', ( 0.000000000000000, -1.00000000000000, 0.000000000000000 ) );
#2438 = ORIENTED_EDGE( '', *, *, #5278, .T. );
#2439 = ORIENTED_EDGE( '', *, *, #5279, .F. );
#2440 = ORIENTED_EDGE( '', *, *, #5280, .F. );
#2441 = ORIENTED_EDGE( '', *, *, #5281, .T. );
#2442 = CARTESIAN_POINT( '', ( 0.000638155517092000, 3.00000000000000E-005, 0.000335106384754200 ) );
#2443 = DIRECTION( '', ( -0.744470042638114, 0.000000000000000, 0.667655866157413 ) );
#2444 = DIRECTION( '', ( 0.000000000000000, 1.00000000000000, 0.000000000000000 ) );
#2445 = ORIENTED_EDGE( '', *, *, #5280, .T. );
#2446 = ORIENTED_EDGE( '', *, *, #5282, .F. );
#2447 = ORIENTED_EDGE( '', *, *, #5283, .F. );
#2448 = ORIENTED_EDGE( '', *, *, #5284, .T. );
#2449 = CARTESIAN_POINT( '', ( 0.000678226207721600, 3.00000000000000E-005, 0.000350000000000000 ) );
#2450 = DIRECTION( '', ( -0.348396522328395, 0.000000000000000, 0.937347247944688 ) );
#2451 = DIRECTION( '', ( 0.000000000000000, 1.00000000000000, 0.000000000000000 ) );
#2452 = ORIENTED_EDGE( '', *, *, #5285, .T. );
#2453 = ORIENTED_EDGE( '', *, *, #5286, .F. );
#2454 = ORIENTED_EDGE( '', *, *, #5287, .F. );
#2455 = ORIENTED_EDGE( '', *, *, #5288, .T. );
#2456 = CARTESIAN_POINT( '', ( 0.000822480675644900, 3.00000000000000E-005, 0.000186170232296000 ) );
#2457 = DIRECTION( '', ( 0.984292302225066, 0.000000000000000, 0.176546491838494 ) );
#2458 = DIRECTION( '', ( 0.000000000000000, -1.00000000000000, 0.000000000000000 ) );
#2459 = ORIENTED_EDGE( '', *, *, #5289, .T. );
#2460 = ORIENTED_EDGE( '', *, *, #5290, .F. );
#2461 = ORIENTED_EDGE( '', *, *, #5291, .F. );
#2462 = ORIENTED_EDGE( '', *, *, #5292, .T. );
#2463 = CARTESIAN_POINT( '', ( 0.000590070687763400, 3.00000000000000E-005, 2.23404228687300E-005 ) );
#2464 = DIRECTION( '', ( 1.00000000000000, 0.000000000000000, 0.000000000000000 ) );
#2465 = DIRECTION( '', ( 0.000000000000000, 1.00000000000000, -0.000000000000000 ) );
#2466 = ORIENTED_EDGE( '', *, *, #5293, .T. );
#2467 = ORIENTED_EDGE( '', *, *, #5294, .F. );
#2468 = ORIENTED_EDGE( '', *, *, #5295, .F. );
#2469 = ORIENTED_EDGE( '', *, *, #5296, .T. );
#2470 = CARTESIAN_POINT( '', ( 0.000718296892618900, 3.00000000000000E-005, 9.68084990978200E-005 ) );
#2471 = DIRECTION( '', ( 0.000000000000000, 0.000000000000000, 1.00000000000000 ) );
#2472 = DIRECTION( '', ( 1.00000000000000, -0.000000000000000, 0.000000000000000 ) );
#2473 = ORIENTED_EDGE( '', *, *, #5297, .T. );
#2474 = ORIENTED_EDGE( '', *, *, #5298, .F. );
#2475 = ORIENTED_EDGE( '', *, *, #5299, .F. );
#2476 = ORIENTED_EDGE( '', *, *, #5300, .T. );
#2477 = CARTESIAN_POINT( '', ( 0.000622127239693800, 3.00000000000000E-005, -2.23404228687300E-005 ) );
#2478 = DIRECTION( '', ( 0.778151880413017, 0.000000000000000, -0.628076150645514 ) );
#2479 = DIRECTION( '', ( 0.000000000000000, -1.00000000000000, 0.000000000000000 ) );
#2480 = ORIENTED_EDGE( '', *, *, #5301, .F. );
#2481 = ORIENTED_EDGE( '', *, *, #5302, .T. );
#2482 = ORIENTED_EDGE( '', *, *, #5303, .F. );
#2483 = ORIENTED_EDGE( '', *, *, #5304, .F. );
#2484 = CARTESIAN_POINT( '', ( -0.00197000000000000, 0.00123353981634000, -0.000425000000000000 ) );
#2485 = DIRECTION( '', ( 0.000000000000000, 0.000000000000000, 1.00000000000000 ) );
#2486 = DIRECTION( '', ( 1.00000000000000, -0.000000000000000, 0.000000000000000 ) );
#2487 = ORIENTED_EDGE( '', *, *, #5305, .T. );
#2488 = ORIENTED_EDGE( '', *, *, #5306, .T. );
#2489 = ORIENTED_EDGE( '', *, *, #5307, .T. );
#2490 = ORIENTED_EDGE( '', *, *, #5308, .F. );
#2491 = CARTESIAN_POINT( '', ( -0.00197000000000000, 0.00123353981634000, 0.000425000000000000 ) );
#2492 = DIRECTION( '', ( 0.000000000000000, 0.000000000000000, -1.00000000000000 ) );
#2493 = DIRECTION( '', ( 0.000000000000000, -1.00000000000000, 0.000000000000000 ) );
#2494 = ORIENTED_EDGE( '', *, *, #5309, .T. );
#2495 = ORIENTED_EDGE( '', *, *, #5310, .T. );
#2496 = ORIENTED_EDGE( '', *, *, #5311, .T. );
#2497 = ORIENTED_EDGE( '', *, *, #5312, .T. );
#2498 = ORIENTED_EDGE( '', *, *, #5308, .T. );
#2499 = ORIENTED_EDGE( '', *, *, #5313, .T. );
#2500 = ORIENTED_EDGE( '', *, *, #5314, .T. );
#2501 = ORIENTED_EDGE( '', *, *, #5315, .T. );
#2502 = ORIENTED_EDGE( '', *, *, #5316, .F. );
#2503 = ORIENTED_EDGE( '', *, *, #5317, .T. );
#2504 = ORIENTED_EDGE( '', *, *, #5318, .T. );
#2505 = ORIENTED_EDGE( '', *, *, #5319, .T. );
#2506 = ORIENTED_EDGE( '', *, *, #5304, .T. );
#2507 = ORIENTED_EDGE( '', *, *, #5320, .T. );
#2508 = ORIENTED_EDGE( '', *, *, #5321, .T. );
#2509 = ORIENTED_EDGE( '', *, *, #5322, .T. );
#2510 = ORIENTED_EDGE( '', *, *, #5323, .T. );
#2511 = ORIENTED_EDGE( '', *, *, #5324, .T. );
#2512 = CARTESIAN_POINT( '', ( -0.00192000000000000, 0.00326853981634000, 0.000000000000000 ) );
#2513 = DIRECTION( '', ( 1.00000000000000, 0.000000000000000, 0.000000000000000 ) );
#2514 = DIRECTION( '', ( 0.000000000000000, 1.00000000000000, -0.000000000000000 ) );
#2515 = ORIENTED_EDGE( '', *, *, #5325, .T. );
#2516 = ORIENTED_EDGE( '', *, *, #5326, .T. );
#2517 = ORIENTED_EDGE( '', *, *, #5327, .T. );
#2518 = ORIENTED_EDGE( '', *, *, #5250, .T. );
#2519 = ORIENTED_EDGE( '', *, *, #5328, .T. );
#2520 = CARTESIAN_POINT( '', ( 0.000000000000000, 0.00132000000000000, 0.000000000000000 ) );
#2521 = DIRECTION( '', ( 0.000000000000000, 1.00000000000000, 0.000000000000000 ) );
#2522 = DIRECTION( '', ( 1.00000000000000, 0.000000000000000, -0.000000000000000 ) );
#2523 = ORIENTED_EDGE( '', *, *, #5329, .F. );
#2524 = ORIENTED_EDGE( '', *, *, #5330, .T. );
#2525 = ORIENTED_EDGE( '', *, *, #5331, .F. );
#2526 = ORIENTED_EDGE( '', *, *, #5332, .F. );
#2527 = CARTESIAN_POINT( '', ( -0.00120000000000000, 0.00132557473102600, 0.00210008969089000 ) );
#2528 = DIRECTION( '', ( 0.000000000000000, 0.999847695156391, 0.0174524064372798 ) );
#2529 = DIRECTION( '', ( 0.000000000000000, -0.0174524064372798, 0.999847695156391 ) );
#2530 = ORIENTED_EDGE( '', *, *, #5333, .T. );
#2531 = ORIENTED_EDGE( '', *, *, #5334, .F. );
#2532 = ORIENTED_EDGE( '', *, *, #5335, .T. );
#2533 = CARTESIAN_POINT( '', ( 0.00120000000000000, 0.000370000000000000, 0.00208341007191600 ) );
#2534 = DIRECTION( '', ( 0.707106781186536, 0.0123407149398306, -0.706999085398836 ) );
#2535 = DIRECTION( '', ( 0.707106781186559, -0.0123407149398302, 0.706999085398813 ) );
#2536 = ORIENTED_EDGE( '', *, *, #5336, .T. );
#2537 = ORIENTED_EDGE( '', *, *, #5337, .F. );
#2538 = ORIENTED_EDGE( '', *, *, #5338, .F. );
#2539 = ORIENTED_EDGE( '', *, *, #5339, .T. );
#2540 = CARTESIAN_POINT( '', ( -0.00120000000000000, 0.000970000000000000, -0.000102775000000000 ) );
#2541 = DIRECTION( '', ( -0.000000000000000, -0.000000000000000, -1.00000000000000 ) );
#2542 = DIRECTION( '', ( -1.00000000000000, 0.000000000000000, 0.000000000000000 ) );
#2543 = ORIENTED_EDGE( '', *, *, #5340, .T. );
#2544 = ORIENTED_EDGE( '', *, *, #5341, .T. );
#2545 = ORIENTED_EDGE( '', *, *, #5342, .T. );
#2546 = ORIENTED_EDGE( '', *, *, #5343, .T. );
#2547 = ORIENTED_EDGE( '', *, *, #5344, .F. );
#2548 = ORIENTED_EDGE( '', *, *, #5345, .F. );
#2549 = ORIENTED_EDGE( '', *, *, #5346, .F. );
#2550 = ORIENTED_EDGE( '', *, *, #5347, .F. );
#2551 = ORIENTED_EDGE( '', *, *, #5348, .T. );
#2552 = ORIENTED_EDGE( '', *, *, #5349, .T. );
#2553 = CARTESIAN_POINT( '', ( -0.000500000000000000, 0.000708630822189700, -0.00129098943288000 ) );
#2554 = DIRECTION( '', ( -1.00000000000000, 0.000000000000000, 0.000000000000000 ) );
#2555 = DIRECTION( '', ( 0.000000000000000, 0.000000000000000, 1.00000000000000 ) );
#2556 = ORIENTED_EDGE( '', *, *, #5350, .F. );
#2557 = ORIENTED_EDGE( '', *, *, #5351, .T. );
#2558 = ORIENTED_EDGE( '', *, *, #5352, .T. );
#2559 = ORIENTED_EDGE( '', *, *, #5353, .T. );
#2560 = ORIENTED_EDGE( '', *, *, #5354, .F. );
#2561 = ORIENTED_EDGE( '', *, *, #5355, .T. );
#2562 = ORIENTED_EDGE( '', *, *, #5356, .F. );
#2563 = CARTESIAN_POINT( '', ( 0.000000000000000, 0.00132000000000000, 0.000000000000000 ) );
#2564 = DIRECTION( '', ( 0.000000000000000, -1.00000000000000, 0.000000000000000 ) );
#2565 = DIRECTION( '', ( 0.000000000000000, 0.000000000000000, -1.00000000000000 ) );
#2566 = ORIENTED_EDGE( '', *, *, #5357, .T. );
#2567 = ORIENTED_EDGE( '', *, *, #5358, .F. );
#2568 = ORIENTED_EDGE( '', *, *, #5359, .F. );
#2569 = ORIENTED_EDGE( '', *, *, #5360, .T. );
#2570 = CARTESIAN_POINT( '', ( 0.00120000000000000, 0.000970000000000000, -0.000102775082006300 ) );
#2571 = DIRECTION( '', ( 0.000000000000000, -0.000000000000000, -1.00000000000000 ) );
#2572 = DIRECTION( '', ( 0.000000000000000, -1.00000000000000, 0.000000000000000 ) );
#2573 = ORIENTED_EDGE( '', *, *, #5361, .T. );
#2574 = ORIENTED_EDGE( '', *, *, #5362, .F. );
#2575 = ORIENTED_EDGE( '', *, *, #5259, .F. );
#2576 = ORIENTED_EDGE( '', *, *, #5363, .T. );
#2577 = CARTESIAN_POINT( '', ( -0.000514575131106500, 0.00137000000000000, 0.00145000000000000 ) );
#2578 = DIRECTION( '', ( -0.000000000000000, 1.00000000000000, -0.000000000000000 ) );
#2579 = DIRECTION( '', ( 0.000000000000000, 0.000000000000000, -1.00000000000000 ) );
#2580 = ORIENTED_EDGE( '', *, *, #5364, .F. );
#2581 = ORIENTED_EDGE( '', *, *, #5365, .F. );
#2582 = ORIENTED_EDGE( '', *, *, #5366, .T. );
#2583 = ORIENTED_EDGE( '', *, *, #5367, .F. );
#2584 = ORIENTED_EDGE( '', *, *, #5368, .F. );
#2585 = ORIENTED_EDGE( '', *, *, #5324, .F. );
#2586 = ORIENTED_EDGE( '', *, *, #5369, .F. );
#2587 = ORIENTED_EDGE( '', *, *, #5370, .T. );
#2588 = ORIENTED_EDGE( '', *, *, #5371, .T. );
#2589 = ORIENTED_EDGE( '', *, *, #5372, .F. );
#2590 = CARTESIAN_POINT( '', ( -0.00205000000000000, 0.000760000000000000, -0.000400000000000000 ) );
#2591 = DIRECTION( '', ( 0.371390676354087, -0.928476690885266, 0.000000000000000 ) );
#2592 = DIRECTION( '', ( 0.000000000000000, 0.000000000000000, -1.00000000000000 ) );
#2593 = ORIENTED_EDGE( '', *, *, #5373, .F. );
#2594 = ORIENTED_EDGE( '', *, *, #5374, .T. );
#2595 = ORIENTED_EDGE( '', *, *, #5375, .T. );
#2596 = ORIENTED_EDGE( '', *, *, #5376, .T. );
#2597 = CARTESIAN_POINT( '', ( 0.00210000000000000, 0.000760000000000000, -0.000400000000000000 ) );
#2598 = DIRECTION( '', ( 1.00000000000000, 0.000000000000000, 0.000000000000000 ) );
#2599 = DIRECTION( '', ( 0.000000000000000, 1.00000000000000, -0.000000000000000 ) );
#2600 = ORIENTED_EDGE( '', *, *, #5377, .F. );
#2601 = ORIENTED_EDGE( '', *, *, #5378, .T. );
#2602 = ORIENTED_EDGE( '', *, *, #5333, .F. );
#2603 = ORIENTED_EDGE( '', *, *, #5379, .F. );
#2604 = CARTESIAN_POINT( '', ( 0.00120000000000000, 0.00132628770820400, 0.00210010213595300 ) );
#2605 = DIRECTION( '', ( -0.000000000000000, 0.999847695156391, 0.0174524064372799 ) );
#2606 = DIRECTION( '', ( 1.00000000000000, 0.000000000000000, 0.000000000000000 ) );
#2607 = ORIENTED_EDGE( '', *, *, #5380, .F. );
#2608 = ORIENTED_EDGE( '', *, *, #5381, .T. );
#2609 = ORIENTED_EDGE( '', *, *, #5382, .T. );
#2610 = ORIENTED_EDGE( '', *, *, #5383, .F. );
#2611 = CARTESIAN_POINT( '', ( -0.00244475710233000, 0.000203247940223900, 0.00140000000000000 ) );
#2612 = DIRECTION( '', ( 0.866025403784429, -0.500000000000017, 0.000000000000000 ) );
#2613 = DIRECTION( '', ( 0.000000000000000, 0.000000000000000, -1.00000000000000 ) );
#2614 = ORIENTED_EDGE( '', *, *, #5384, .T. );
#2615 = ORIENTED_EDGE( '', *, *, #5385, .F. );
#2616 = ORIENTED_EDGE( '', *, *, #5386, .F. );
#2617 = ORIENTED_EDGE( '', *, *, #5387, .F. );
#2618 = ORIENTED_EDGE( '', *, *, #5354, .T. );
#2619 = CARTESIAN_POINT( '', ( -0.00175000000000000, 0.00747682256522400, -0.00125000000000000 ) );
#2620 = DIRECTION( '', ( 0.000000000000000, 1.00000000000000, -0.000000000000000 ) );
#2621 = DIRECTION( '', ( -1.00000000000000, 0.000000000000000, 0.000000000000000 ) );
#2622 = ORIENTED_EDGE( '', *, *, #5388, .F. );
#2623 = ORIENTED_EDGE( '', *, *, #5389, .T. );
#2624 = ORIENTED_EDGE( '', *, *, #5390, .F. );
#2625 = ORIENTED_EDGE( '', *, *, #5391, .F. );
#2626 = CARTESIAN_POINT( '', ( 0.00197000000000000, 0.00123353981634000, 0.000425000000000000 ) );
#2627 = DIRECTION( '', ( 0.000000000000000, 0.000000000000000, -1.00000000000000 ) );
#2628 = DIRECTION( '', ( 0.000000000000000, -1.00000000000000, 0.000000000000000 ) );
#2629 = ORIENTED_EDGE( '', *, *, #5392, .T. );
#2630 = ORIENTED_EDGE( '', *, *, #5393, .T. );
#2631 = ORIENTED_EDGE( '', *, *, #5394, .T. );
#2632 = ORIENTED_EDGE( '', *, *, #5395, .F. );
#2633 = CARTESIAN_POINT( '', ( 0.00197000000000000, 0.00123353981634000, -0.000425000000000000 ) );
#2634 = DIRECTION( '', ( 0.000000000000000, 0.000000000000000, 1.00000000000000 ) );
#2635 = DIRECTION( '', ( 1.00000000000000, -0.000000000000000, 0.000000000000000 ) );
#2636 = ORIENTED_EDGE( '', *, *, #5396, .T. );
#2637 = ORIENTED_EDGE( '', *, *, #5397, .T. );
#2638 = ORIENTED_EDGE( '', *, *, #5398, .T. );
#2639 = ORIENTED_EDGE( '', *, *, #5399, .T. );
#2640 = ORIENTED_EDGE( '', *, *, #5395, .T. );
#2641 = ORIENTED_EDGE( '', *, *, #5400, .F. );
#2642 = ORIENTED_EDGE( '', *, *, #5401, .T. );
#2643 = ORIENTED_EDGE( '', *, *, #5402, .T. );
#2644 = ORIENTED_EDGE( '', *, *, #5403, .T. );
#2645 = ORIENTED_EDGE( '', *, *, #5404, .T. );
#2646 = ORIENTED_EDGE( '', *, *, #5405, .T. );
#2647 = ORIENTED_EDGE( '', *, *, #5406, .F. );
#2648 = ORIENTED_EDGE( '', *, *, #5391, .T. );
#2649 = ORIENTED_EDGE( '', *, *, #5407, .T. );
#2650 = ORIENTED_EDGE( '', *, *, #5408, .T. );
#2651 = ORIENTED_EDGE( '', *, *, #5409, .T. );
#2652 = ORIENTED_EDGE( '', *, *, #5410, .T. );
#2653 = ORIENTED_EDGE( '', *, *, #5411, .F. );
#2654 = CARTESIAN_POINT( '', ( 0.00192000000000000, 0.00326853981634000, 0.000000000000000 ) );
#2655 = DIRECTION( '', ( -1.00000000000000, 0.000000000000000, 0.000000000000000 ) );
#2656 = DIRECTION( '', ( 0.000000000000000, 0.000000000000000, 1.00000000000000 ) );
#2657 = ORIENTED_EDGE( '', *, *, #5412, .T. );
#2658 = ORIENTED_EDGE( '', *, *, #5413, .F. );
#2659 = ORIENTED_EDGE( '', *, *, #5414, .F. );
#2660 = ORIENTED_EDGE( '', *, *, #5415, .T. );
#2661 = CARTESIAN_POINT( '', ( -0.00230000000000000, 7.50000000000000E-005, -0.000800000000000000 ) );
#2662 = DIRECTION( '', ( 1.00000000000000, 0.000000000000000, 0.000000000000000 ) );
#2663 = DIRECTION( '', ( 0.000000000000000, 1.00000000000000, -0.000000000000000 ) );
#2664 = ORIENTED_EDGE( '', *, *, #5416, .F. );
#2665 = ORIENTED_EDGE( '', *, *, #5414, .T. );
#2666 = ORIENTED_EDGE( '', *, *, #5417, .T. );
#2667 = ORIENTED_EDGE( '', *, *, #5418, .T. );
#2668 = CARTESIAN_POINT( '', ( -0.00232071067811900, 7.50000000000000E-005, -0.00110000000000000 ) );
#2669 = DIRECTION( '', ( 0.000000000000000, 0.000000000000000, -1.00000000000000 ) );
#2670 = DIRECTION( '', ( 0.000000000000000, -1.00000000000000, 0.000000000000000 ) );
#2671 = ORIENTED_EDGE( '', *, *, #5419, .T. );
#2672 = ORIENTED_EDGE( '', *, *, #5412, .F. );
#2673 = ORIENTED_EDGE( '', *, *, #5420, .F. );
#2674 = ORIENTED_EDGE( '', *, *, #5421, .F. );
#2675 = CARTESIAN_POINT( '', ( -0.00285000000000000, 7.50000000000000E-005, -0.000500000000000000 ) );
#2676 = DIRECTION( '', ( 0.000000000000000, 0.000000000000000, 1.00000000000000 ) );
#2677 = DIRECTION( '', ( 1.00000000000000, -0.000000000000000, 0.000000000000000 ) );
#2678 = ORIENTED_EDGE( '', *, *, #5420, .T. );
#2679 = ORIENTED_EDGE( '', *, *, #5415, .F. );
#2680 = ORIENTED_EDGE( '', *, *, #5416, .T. );
#2681 = ORIENTED_EDGE( '', *, *, #5422, .F. );
#2682 = ORIENTED_EDGE( '', *, *, #5385, .T. );
#2683 = ORIENTED_EDGE( '', *, *, #5423, .F. );
#2684 = ORIENTED_EDGE( '', *, *, #5424, .T. );
#2685 = ORIENTED_EDGE( '', *, *, #5425, .T. );
#2686 = ORIENTED_EDGE( '', *, *, #5426, .F. );
#2687 = ORIENTED_EDGE( '', *, *, #5427, .F. );
#2688 = ORIENTED_EDGE( '', *, *, #5428, .T. );
#2689 = ORIENTED_EDGE( '', *, *, #5429, .F. );
#2690 = ORIENTED_EDGE( '', *, *, #5430, .T. );
#2691 = ORIENTED_EDGE( '', *, *, #5431, .T. );
#2692 = ORIENTED_EDGE( '', *, *, #5432, .T. );
#2693 = ORIENTED_EDGE( '', *, *, #5433, .F. );
#2694 = ORIENTED_EDGE( '', *, *, #5434, .F. );
#2695 = ORIENTED_EDGE( '', *, *, #5435, .F. );
#2696 = ORIENTED_EDGE( '', *, *, #5436, .T. );
#2697 = ORIENTED_EDGE( '', *, *, #5437, .T. );
#2698 = ORIENTED_EDGE( '', *, *, #5438, .T. );
#2699 = ORIENTED_EDGE( '', *, *, #5439, .F. );
#2700 = ORIENTED_EDGE( '', *, *, #5244, .T. );
#2701 = ORIENTED_EDGE( '', *, *, #5440, .F. );
#2702 = ORIENTED_EDGE( '', *, *, #5441, .F. );
#2703 = ORIENTED_EDGE( '', *, *, #5442, .T. );
#2704 = ORIENTED_EDGE( '', *, *, #5443, .T. );
#2705 = ORIENTED_EDGE( '', *, *, #5444, .F. );
#2706 = ORIENTED_EDGE( '', *, *, #5445, .T. );
#2707 = ORIENTED_EDGE( '', *, *, #5446, .F. );
#2708 = ORIENTED_EDGE( '', *, *, #5447, .T. );
#2709 = ORIENTED_EDGE( '', *, *, #5448, .F. );
#2710 = ORIENTED_EDGE( '', *, *, #5449, .T. );
#2711 = ORIENTED_EDGE( '', *, *, #5450, .F. );
#2712 = ORIENTED_EDGE( '', *, *, #5451, .F. );
#2713 = ORIENTED_EDGE( '', *, *, #5452, .F. );
#2714 = ORIENTED_EDGE( '', *, *, #5453, .T. );
#2715 = ORIENTED_EDGE( '', *, *, #5454, .F. );
#2716 = ORIENTED_EDGE( '', *, *, #5455, .F. );
#2717 = ORIENTED_EDGE( '', *, *, #5456, .F. );
#2718 = ORIENTED_EDGE( '', *, *, #5457, .F. );
#2719 = ORIENTED_EDGE( '', *, *, #5458, .F. );
#2720 = CARTESIAN_POINT( '', ( 0.000000000000000, 0.000000000000000, 0.000000000000000 ) );
#2721 = DIRECTION( '', ( 0.000000000000000, -1.00000000000000, 0.000000000000000 ) );
#2722 = DIRECTION( '', ( 0.000000000000000, 0.000000000000000, -1.00000000000000 ) );
#2723 = ORIENTED_EDGE( '', *, *, #5459, .F. );
#2724 = ORIENTED_EDGE( '', *, *, #5460, .F. );
#2725 = ORIENTED_EDGE( '', *, *, #5461, .T. );
#2726 = ORIENTED_EDGE( '', *, *, #5452, .T. );
#2727 = CARTESIAN_POINT( '', ( -0.00190000000000000, 0.000820000000000000, -0.000400000000000000 ) );
#2728 = DIRECTION( '', ( 0.000000000000000, 0.121054375311004, -0.992645877550530 ) );
#2729 = DIRECTION( '', ( -1.00000000000000, 0.000000000000000, 0.000000000000000 ) );
#2730 = ORIENTED_EDGE( '', *, *, #5462, .F. );
#2731 = ORIENTED_EDGE( '', *, *, #5463, .T. );
#2732 = ORIENTED_EDGE( '', *, *, #5464, .F. );
#2733 = ORIENTED_EDGE( '', *, *, #5465, .F. );
#2734 = CARTESIAN_POINT( '', ( -0.00201725235903900, 0.000761718380395200, -0.000459673710213900 ) );
#2735 = DIRECTION( '', ( -0.906307787036669, 0.422618261740659, 9.76073122812573E-015 ) );
#2736 = DIRECTION( '', ( -0.390448362087690, -0.837319214598778, 0.382683432365090 ) );
#2737 = ORIENTED_EDGE( '', *, *, #5466, .T. );
#2738 = ORIENTED_EDGE( '', *, *, #5467, .T. );
#2739 = ORIENTED_EDGE( '', *, *, #5468, .F. );
#2740 = ORIENTED_EDGE( '', *, *, #5469, .F. );
#2741 = CARTESIAN_POINT( '', ( -0.00120000000000000, 0.000370000000000000, 0.00213883264327600 ) );
#2742 = DIRECTION( '', ( -0.000000000000000, 0.000000000000000, 1.00000000000000 ) );
#2743 = DIRECTION( '', ( 0.000000000000000, -1.00000000000000, 0.000000000000000 ) );
#2744 = ORIENTED_EDGE( '', *, *, #5249, .T. );
#2745 = ORIENTED_EDGE( '', *, *, #5470, .T. );
#2746 = ORIENTED_EDGE( '', *, *, #5471, .F. );
#2747 = ORIENTED_EDGE( '', *, *, #5472, .F. );
#2748 = ORIENTED_EDGE( '', *, *, #5328, .F. );
#2749 = CARTESIAN_POINT( '', ( -0.000700000000000000, 0.00137000000000000, -0.00120000000000000 ) );
#2750 = DIRECTION( '', ( 0.000000000000000, 0.000000000000000, -1.00000000000000 ) );
#2751 = DIRECTION( '', ( 0.000000000000000, -1.00000000000000, 0.000000000000000 ) );
#2752 = ORIENTED_EDGE( '', *, *, #5473, .T. );
#2753 = ORIENTED_EDGE( '', *, *, #5258, .T. );
#2754 = ORIENTED_EDGE( '', *, *, #5474, .F. );
#2755 = ORIENTED_EDGE( '', *, *, #5475, .F. );
#2756 = CARTESIAN_POINT( '', ( -0.00207869566062100, 0.000459356486776500, 0.000000000000000 ) );
#2757 = DIRECTION( '', ( -0.422618261740681, -0.906307787036659, 0.000000000000000 ) );
#2758 = DIRECTION( '', ( -0.906307787036659, 0.422618261740681, 0.000000000000000 ) );
#2759 = ORIENTED_EDGE( '', *, *, #5476, .F. );
#2760 = ORIENTED_EDGE( '', *, *, #5477, .F. );
#2761 = ORIENTED_EDGE( '', *, *, #5478, .T. );
#2762 = ORIENTED_EDGE( '', *, *, #5435, .T. );
#2763 = CARTESIAN_POINT( '', ( 0.00190000000000000, 0.000820000000000000, 0.000400000000000000 ) );
#2764 = DIRECTION( '', ( 0.000000000000000, 0.121054375311004, 0.992645877550530 ) );
#2765 = DIRECTION( '', ( 1.00000000000000, -0.000000000000000, 0.000000000000000 ) );
#2766 = ORIENTED_EDGE( '', *, *, #5479, .T. );
#2767 = ORIENTED_EDGE( '', *, *, #5480, .T. );
#2768 = ORIENTED_EDGE( '', *, *, #5481, .F. );
#2769 = CARTESIAN_POINT( '', ( 0.00172999702718100, 0.000530000000000000, -0.00114999702718100 ) );
#2770 = DIRECTION( '', ( 0.000000000000000, 0.000000000000000, -1.00000000000000 ) );
#2771 = DIRECTION( '', ( 0.000000000000000, -1.00000000000000, 0.000000000000000 ) );
#2772 = ORIENTED_EDGE( '', *, *, #5482, .T. );
#2773 = ORIENTED_EDGE( '', *, *, #5409, .F. );
#2774 = ORIENTED_EDGE( '', *, *, #5483, .T. );
#2775 = ORIENTED_EDGE( '', *, *, #5484, .T. );
#2776 = ORIENTED_EDGE( '', *, *, #5485, .F. );
#2777 = CARTESIAN_POINT( '', ( 0.00197000000000000, 0.000776382528814400, 0.000200000000000000 ) );
#2778 = DIRECTION( '', ( 0.000000000000000, 0.923879532511285, 0.382683432365094 ) );
#2779 = DIRECTION( '', ( 1.00000000000000, 0.000000000000000, -0.000000000000000 ) );
#2780 = ORIENTED_EDGE( '', *, *, #5486, .F. );
#2781 = ORIENTED_EDGE( '', *, *, #5475, .T. );
#2782 = ORIENTED_EDGE( '', *, *, #5487, .F. );
#2783 = ORIENTED_EDGE( '', *, *, #5488, .F. );
#2784 = CARTESIAN_POINT( '', ( -0.00201725235903900, 0.000761718380395200, 0.000629195449478300 ) );
#2785 = DIRECTION( '', ( -0.906307787036659, 0.422618261740681, -5.28476502464435E-016 ) );
#2786 = DIRECTION( '', ( -0.0431192617843780, -0.0924695553038656, 0.994781438611053 ) );
#2787 = ORIENTED_EDGE( '', *, *, #5315, .F. );
#2788 = ORIENTED_EDGE( '', *, *, #5489, .F. );
#2789 = ORIENTED_EDGE( '', *, *, #5490, .F. );
#2790 = ORIENTED_EDGE( '', *, *, #5491, .T. );
#2791 = CARTESIAN_POINT( '', ( -0.00204209711521300, 0.000743539816339700, 0.000629195449478300 ) );
#2792 = DIRECTION( '', ( -1.00000000000000, -0.000000000000000, -0.000000000000000 ) );
#2793 = DIRECTION( '', ( 0.000000000000000, -0.102028865498595, 0.994781438611050 ) );
#2794 = ORIENTED_EDGE( '', *, *, #5492, .T. );
#2795 = ORIENTED_EDGE( '', *, *, #5493, .T. );
#2796 = ORIENTED_EDGE( '', *, *, #5494, .F. );
#2797 = ORIENTED_EDGE( '', *, *, #5495, .F. );
#2798 = CARTESIAN_POINT( '', ( 0.00180000000000000, 0.00137000000000000, 0.000000000000000 ) );
#2799 = DIRECTION( '', ( 1.00000000000000, 0.000000000000000, 0.000000000000000 ) );
#2800 = DIRECTION( '', ( 0.000000000000000, 1.00000000000000, -0.000000000000000 ) );
#2801 = ORIENTED_EDGE( '', *, *, #5496, .T. );
#2802 = ORIENTED_EDGE( '', *, *, #5497, .T. );
#2803 = ORIENTED_EDGE( '', *, *, #5498, .F. );
#2804 = ORIENTED_EDGE( '', *, *, #5499, .F. );
#2805 = CARTESIAN_POINT( '', ( -0.00236472003091600, 0.00137000000000000, 0.00187000000000000 ) );
#2806 = DIRECTION( '', ( -1.00000000000000, 0.000000000000000, -0.000000000000000 ) );
#2807 = DIRECTION( '', ( 0.000000000000000, 0.000000000000000, -1.00000000000000 ) );
#2808 = ORIENTED_EDGE( '', *, *, #5500, .T. );
#2809 = ORIENTED_EDGE( '', *, *, #5501, .F. );
#2810 = ORIENTED_EDGE( '', *, *, #5262, .F. );
#2811 = ORIENTED_EDGE( '', *, *, #5502, .T. );
#2812 = CARTESIAN_POINT( '', ( 0.000822480675644900, 3.00000000000000E-005, -0.000230851067602600 ) );
#2813 = DIRECTION( '', ( 0.977611487694170, 0.000000000000000, -0.210418105514693 ) );
#2814 = DIRECTION( '', ( 0.000000000000000, -1.00000000000000, 0.000000000000000 ) );
#2815 = ORIENTED_EDGE( '', *, *, #5503, .T. );
#2816 = ORIENTED_EDGE( '', *, *, #5504, .F. );
#2817 = ORIENTED_EDGE( '', *, *, #5505, .F. );
#2818 = ORIENTED_EDGE( '', *, *, #5506, .T. );
#2819 = CARTESIAN_POINT( '', ( 0.000550000000000000, 3.00000000000000E-005, 5.21276533603700E-005 ) );
#2820 = DIRECTION( '', ( -1.00000000000000, 0.000000000000000, 0.000000000000000 ) );
#2821 = DIRECTION( '', ( 0.000000000000000, 0.000000000000000, 1.00000000000000 ) );
#2822 = ORIENTED_EDGE( '', *, *, #5507, .T. );
#2823 = ORIENTED_EDGE( '', *, *, #5305, .F. );
#2824 = ORIENTED_EDGE( '', *, *, #5312, .F. );
#2825 = ORIENTED_EDGE( '', *, *, #5508, .T. );
#2826 = CARTESIAN_POINT( '', ( -0.00197000000000000, 0.000846039816339700, 0.000412500000000000 ) );
#2827 = DIRECTION( '', ( 0.000000000000000, 0.0816932394452710, -0.996657521232313 ) );
#2828 = DIRECTION( '', ( -1.00000000000000, 0.000000000000000, 0.000000000000000 ) );
#2829 = ORIENTED_EDGE( '', *, *, #5509, .T. );
#2830 = ORIENTED_EDGE( '', *, *, #5510, .T. );
#2831 = ORIENTED_EDGE( '', *, *, #5511, .F. );
#2832 = ORIENTED_EDGE( '', *, *, #5512, .F. );
#2833 = CARTESIAN_POINT( '', ( -0.00118000000000000, 0.00137000000000000, 0.00218542000275100 ) );
#2834 = DIRECTION( '', ( -0.000000000000000, -0.000000000000000, 1.00000000000000 ) );
#2835 = DIRECTION( '', ( -1.00000000000000, 0.000000000000000, 0.000000000000000 ) );
#2836 = ORIENTED_EDGE( '', *, *, #5513, .T. );
#2837 = ORIENTED_EDGE( '', *, *, #5514, .F. );
#2838 = ORIENTED_EDGE( '', *, *, #5515, .F. );
#2839 = ORIENTED_EDGE( '', *, *, #5516, .T. );
#2840 = CARTESIAN_POINT( '', ( 0.000598084826462500, 3.00000000000000E-005, 0.000141489344835300 ) );
#2841 = DIRECTION( '', ( 0.984292308929957, 0.000000000000000, -0.176546454456992 ) );
#2842 = DIRECTION( '', ( 0.000000000000000, -1.00000000000000, 0.000000000000000 ) );
#2843 = ORIENTED_EDGE( '', *, *, #5410, .F. );
#2844 = ORIENTED_EDGE( '', *, *, #5482, .F. );
#2845 = ORIENTED_EDGE( '', *, *, #5517, .T. );
#2846 = CARTESIAN_POINT( '', ( 0.00204209711521300, 0.000534507581201300, 0.000000000000000 ) );
#2847 = DIRECTION( '', ( 1.00000000000000, -0.000000000000000, -0.000000000000000 ) );
#2848 = DIRECTION( '', ( 0.000000000000000, 0.923879532511285, 0.382683432365094 ) );
#2849 = ORIENTED_EDGE( '', *, *, #5518, .F. );
#2850 = ORIENTED_EDGE( '', *, *, #5519, .F. );
#2851 = ORIENTED_EDGE( '', *, *, #5520, .F. );
#2852 = ORIENTED_EDGE( '', *, *, #5521, .T. );
#2853 = CARTESIAN_POINT( '', ( 0.00201725235903900, 0.000761718380395200, 0.000629195449478300 ) );
#2854 = DIRECTION( '', ( 0.906307787036659, 0.422618261740681, -0.000000000000000 ) );
#2855 = DIRECTION( '', ( 0.422618261740681, -0.906307787036659, 0.000000000000000 ) );
#2856 = ORIENTED_EDGE( '', *, *, #5522, .T. );
#2857 = ORIENTED_EDGE( '', *, *, #5523, .F. );
#2858 = ORIENTED_EDGE( '', *, *, #5524, .F. );
#2859 = CARTESIAN_POINT( '', ( 0.00118000000000000, 0.00137000000000000, 0.00208000000000000 ) );
#2860 = DIRECTION( '', ( 0.000000000000000, 0.707106781186547, -0.707106781186547 ) );
#2861 = DIRECTION( '', ( 0.000000000000000, 0.707106781186547, 0.707106781186547 ) );
#2862 = ORIENTED_EDGE( '', *, *, #5525, .T. );
#2863 = ORIENTED_EDGE( '', *, *, #5526, .F. );
#2864 = CARTESIAN_POINT( '', ( -0.00143000000000000, 0.000450000000000000, 0.000000000000000 ) );
#2865 = DIRECTION( '', ( -0.000000000000000, 1.00000000000000, 0.000000000000000 ) );
#2866 = DIRECTION( '', ( 1.00000000000000, 0.000000000000000, 0.000000000000000 ) );
#2867 = ORIENTED_EDGE( '', *, *, #5527, .F. );
#2868 = ORIENTED_EDGE( '', *, *, #5528, .F. );
#2869 = ORIENTED_EDGE( '', *, *, #5529, .F. );
#2870 = ORIENTED_EDGE( '', *, *, #5530, .T. );
#2871 = ORIENTED_EDGE( '', *, *, #5531, .T. );
#2872 = ORIENTED_EDGE( '', *, *, #5532, .F. );
#2873 = ORIENTED_EDGE( '', *, *, #5533, .F. );
#2874 = ORIENTED_EDGE( '', *, *, #5534, .F. );
#2875 = CARTESIAN_POINT( '', ( 0.000773835423522700, 0.00129413871994500, -0.00135000000000000 ) );
#2876 = DIRECTION( '', ( 0.000000000000000, -1.00000000000000, -0.000000000000000 ) );
#2877 = DIRECTION( '', ( 0.000000000000000, 0.000000000000000, 1.00000000000000 ) );
#2878 = ORIENTED_EDGE( '', *, *, #5344, .T. );
#2879 = ORIENTED_EDGE( '', *, *, #5535, .T. );
#2880 = ORIENTED_EDGE( '', *, *, #5536, .T. );
#2881 = ORIENTED_EDGE( '', *, *, #5537, .T. );
#2882 = ORIENTED_EDGE( '', *, *, #5538, .T. );
#2883 = ORIENTED_EDGE( '', *, *, #5539, .F. );
#2884 = CARTESIAN_POINT( '', ( 0.000000000000000, 0.00258783581739700, -0.000826919544459200 ) );
#2885 = DIRECTION( '', ( 0.000000000000000, -0.156434465040207, 0.987688340595142 ) );
#2886 = DIRECTION( '', ( -1.00000000000000, 0.000000000000000, 0.000000000000000 ) );
#2887 = ORIENTED_EDGE( '', *, *, #5540, .F. );
#2888 = ORIENTED_EDGE( '', *, *, #5541, .T. );
#2889 = ORIENTED_EDGE( '', *, *, #5542, .T. );
#2890 = ORIENTED_EDGE( '', *, *, #5543, .T. );
#2891 = CARTESIAN_POINT( '', ( 0.00204368481747700, 0.000534437482191500, 0.000200000000000000 ) );
#2892 = DIRECTION( '', ( 0.390448362087690, -0.837319214598778, -0.382683432365090 ) );
#2893 = DIRECTION( '', ( 0.000000000000000, 0.415677939738532, -0.909511874806882 ) );
#2894 = ORIENTED_EDGE( '', *, *, #5544, .T. );
#2895 = ORIENTED_EDGE( '', *, *, #5478, .F. );
#2896 = ORIENTED_EDGE( '', *, *, #5545, .F. );
#2897 = ORIENTED_EDGE( '', *, *, #5240, .F. );
#2898 = ORIENTED_EDGE( '', *, *, #5245, .T. );
#2899 = ORIENTED_EDGE( '', *, *, #5439, .T. );
#2900 = ORIENTED_EDGE( '', *, *, #5546, .F. );
#2901 = ORIENTED_EDGE( '', *, *, #5547, .F. );
#2902 = CARTESIAN_POINT( '', ( 0.00190000000000000, 0.000000000000000, 0.00140000000000000 ) );
#2903 = DIRECTION( '', ( 1.00000000000000, 0.000000000000000, 0.000000000000000 ) );
#2904 = DIRECTION( '', ( 0.000000000000000, 1.00000000000000, -0.000000000000000 ) );
#2905 = ORIENTED_EDGE( '', *, *, #5548, .T. );
#2906 = ORIENTED_EDGE( '', *, *, #5316, .T. );
#2907 = ORIENTED_EDGE( '', *, *, #5549, .T. );
#2908 = ORIENTED_EDGE( '', *, *, #5550, .F. );
#2909 = CARTESIAN_POINT( '', ( -0.00202000000000000, 0.000703539816339700, 0.000926666666666700 ) );
#2910 = DIRECTION( '', ( -0.000000000000000, -0.000000000000000, 1.00000000000000 ) );
#2911 = DIRECTION( '', ( 1.00000000000000, 0.000000000000000, 0.000000000000000 ) );
#2912 = ORIENTED_EDGE( '', *, *, #5551, .T. );
#2913 = ORIENTED_EDGE( '', *, *, #5552, .T. );
#2914 = ORIENTED_EDGE( '', *, *, #5553, .F. );
#2915 = ORIENTED_EDGE( '', *, *, #5554, .F. );
#2916 = CARTESIAN_POINT( '', ( 0.000932287565553200, 0.00137000000000000, 0.00125000000000000 ) );
#2917 = DIRECTION( '', ( 0.000000000000000, 0.000000000000000, 1.00000000000000 ) );
#2918 = DIRECTION( '', ( 1.00000000000000, -0.000000000000000, 0.000000000000000 ) );
#2919 = ORIENTED_EDGE( '', *, *, #5451, .T. );
#2920 = ORIENTED_EDGE( '', *, *, #5555, .T. );
#2921 = ORIENTED_EDGE( '', *, *, #5556, .T. );
#2922 = ORIENTED_EDGE( '', *, *, #5459, .T. );
#2923 = CARTESIAN_POINT( '', ( -0.00185000000000000, 0.000000000000000, 0.000000000000000 ) );
#2924 = DIRECTION( '', ( -1.00000000000000, 0.000000000000000, 0.000000000000000 ) );
#2925 = DIRECTION( '', ( 0.000000000000000, 0.000000000000000, 1.00000000000000 ) );
#2926 = ORIENTED_EDGE( '', *, *, #5557, .T. );
#2927 = ORIENTED_EDGE( '', *, *, #5558, .T. );
#2928 = ORIENTED_EDGE( '', *, *, #5559, .F. );
#2929 = ORIENTED_EDGE( '', *, *, #5325, .F. );
#2930 = ORIENTED_EDGE( '', *, *, #5560, .F. );
#2931 = CARTESIAN_POINT( '', ( -0.000750000000000000, 0.00117000000000000, -0.00109193594226000 ) );
#2932 = DIRECTION( '', ( -0.000000000000000, -0.000000000000000, 1.00000000000000 ) );
#2933 = DIRECTION( '', ( 0.000000000000000, 1.00000000000000, 0.000000000000000 ) );
#2934 = ORIENTED_EDGE( '', *, *, #5561, .T. );
#2935 = ORIENTED_EDGE( '', *, *, #5562, .T. );
#2936 = ORIENTED_EDGE( '', *, *, #5563, .F. );
#2937 = ORIENTED_EDGE( '', *, *, #5564, .T. );
#2938 = ORIENTED_EDGE( '', *, *, #5347, .T. );
#2939 = ORIENTED_EDGE( '', *, *, #5565, .T. );
#2940 = CARTESIAN_POINT( '', ( -0.000560000000000000, 0.00127000000000000, -0.00123000000000000 ) );
#2941 = DIRECTION( '', ( -1.00000000000000, -0.000000000000000, -0.000000000000000 ) );
#2942 = DIRECTION( '', ( 0.000000000000000, -1.00000000000000, 0.000000000000000 ) );
#2943 = ORIENTED_EDGE( '', *, *, #5566, .F. );
#2944 = ORIENTED_EDGE( '', *, *, #5567, .F. );
#2945 = ORIENTED_EDGE( '', *, *, #5568, .T. );
#2946 = ORIENTED_EDGE( '', *, *, #5569, .T. );
#2947 = CARTESIAN_POINT( '', ( -0.00118000000000000, 0.00131442526897400, 0.00187000000000000 ) );
#2948 = DIRECTION( '', ( -0.000000000000000, -1.00000000000000, -0.000000000000000 ) );
#2949 = DIRECTION( '', ( 0.000000000000000, 0.000000000000000, -1.00000000000000 ) );
#2950 = ORIENTED_EDGE( '', *, *, #5570, .F. );
#2951 = ORIENTED_EDGE( '', *, *, #5271, .T. );
#2952 = ORIENTED_EDGE( '', *, *, #5571, .T. );
#2953 = ORIENTED_EDGE( '', *, *, #5465, .T. );
#2954 = CARTESIAN_POINT( '', ( -0.00204368481747700, 0.000534437482191500, -0.000200000000000000 ) );
#2955 = DIRECTION( '', ( -0.390448362087690, -0.837319214598778, 0.382683432365090 ) );
#2956 = DIRECTION( '', ( -0.906307787036670, 0.422618261740656, 0.000000000000000 ) );
#2957 = ORIENTED_EDGE( '', *, *, #5572, .T. );
#2958 = ORIENTED_EDGE( '', *, *, #5573, .F. );
#2959 = ORIENTED_EDGE( '', *, *, #5388, .T. );
#2960 = ORIENTED_EDGE( '', *, *, #5574, .F. );
#2961 = ORIENTED_EDGE( '', *, *, #5575, .T. );
#2962 = ORIENTED_EDGE( '', *, *, #5576, .T. );
#2963 = ORIENTED_EDGE( '', *, *, #5577, .T. );
#2964 = ORIENTED_EDGE( '', *, *, #5578, .F. );
#2965 = ORIENTED_EDGE( '', *, *, #5307, .F. );
#2966 = ORIENTED_EDGE( '', *, *, #5579, .F. );
#2967 = ORIENTED_EDGE( '', *, *, #5580, .F. );
#2968 = ORIENTED_EDGE( '', *, *, #5581, .T. );
#2969 = ORIENTED_EDGE( '', *, *, #5582, .T. );
#2970 = ORIENTED_EDGE( '', *, *, #5583, .F. );
#2971 = ORIENTED_EDGE( '', *, *, #5584, .F. );
#2972 = ORIENTED_EDGE( '', *, *, #5585, .T. );
#2973 = CARTESIAN_POINT( '', ( 0.000750353435951000, 3.00000000000000E-005, -0.000260638298094300 ) );
#2974 = DIRECTION( '', ( -0.526615932040002, 0.000000000000000, 0.850103323203503 ) );
#2975 = DIRECTION( '', ( 0.000000000000000, 1.00000000000000, 0.000000000000000 ) );
#2976 = ORIENTED_EDGE( '', *, *, #5586, .T. );
#2977 = ORIENTED_EDGE( '', *, *, #5587, .F. );
#2978 = ORIENTED_EDGE( '', *, *, #5588, .F. );
#2979 = ORIENTED_EDGE( '', *, *, #5589, .T. );
#2980 = CARTESIAN_POINT( '', ( -0.00190000000000000, 0.00132000000000000, -0.000400000000000000 ) );
#2981 = DIRECTION( '', ( -0.792623989104596, 0.609710760849697, 0.000000000000000 ) );
#2982 = DIRECTION( '', ( 0.000000000000000, 0.000000000000000, 1.00000000000000 ) );
#2983 = ORIENTED_EDGE( '', *, *, #5590, .T. );
#2984 = ORIENTED_EDGE( '', *, *, #5591, .F. );
#2985 = ORIENTED_EDGE( '', *, *, #5592, .F. );
#2986 = ORIENTED_EDGE( '', *, *, #5593, .T. );
#2987 = CARTESIAN_POINT( '', ( 0.000790424132312700, 3.00000000000000E-005, 0.000290425539016700 ) );
#2988 = DIRECTION( '', ( 0.744469995165442, 0.000000000000000, 0.667655919091838 ) );
#2989 = DIRECTION( '', ( 0.000000000000000, -1.00000000000000, 0.000000000000000 ) );
#2990 = ORIENTED_EDGE( '', *, *, #5592, .T. );
#2991 = ORIENTED_EDGE( '', *, *, #5594, .F. );
#2992 = ORIENTED_EDGE( '', *, *, #5285, .F. );
#2993 = ORIENTED_EDGE( '', *, *, #5595, .T. );
#2994 = CARTESIAN_POINT( '', ( 0.000814466545544000, 3.00000000000000E-005, 0.000230851078033400 ) );
#2995 = DIRECTION( '', ( 0.927331009410728, 0.000000000000000, 0.374242166231011 ) );
#2996 = DIRECTION( '', ( 0.000000000000000, -1.00000000000000, 0.000000000000000 ) );
#2997 = ORIENTED_EDGE( '', *, *, #5596, .T. );
#2998 = ORIENTED_EDGE( '', *, *, #5597, .F. );
#2999 = ORIENTED_EDGE( '', *, *, #5590, .F. );
#3000 = ORIENTED_EDGE( '', *, *, #5598, .T. );
#3001 = CARTESIAN_POINT( '', ( 0.000750353435951000, 3.00000000000000E-005, 0.000335106384754200 ) );
#3002 = DIRECTION( '', ( 0.348396566117499, 0.000000000000000, 0.937347231668998 ) );
#3003 = DIRECTION( '', ( 0.000000000000000, -1.00000000000000, 0.000000000000000 ) );
#3004 = ORIENTED_EDGE( '', *, *, #5599, .T. );
#3005 = ORIENTED_EDGE( '', *, *, #5600, .F. );
#3006 = ORIENTED_EDGE( '', *, *, #5301, .T. );
#3007 = ORIENTED_EDGE( '', *, *, #5601, .F. );
#3008 = ORIENTED_EDGE( '', *, *, #5602, .T. );
#3009 = ORIENTED_EDGE( '', *, *, #5603, .T. );
#3010 = ORIENTED_EDGE( '', *, *, #5604, .T. );
#3011 = ORIENTED_EDGE( '', *, *, #5605, .F. );
#3012 = ORIENTED_EDGE( '', *, *, #5599, .F. );
#3013 = ORIENTED_EDGE( '', *, *, #5606, .F. );
#3014 = CARTESIAN_POINT( '', ( -0.00200000000000000, 0.00129413871994500, -0.000225000000000000 ) );
#3015 = DIRECTION( '', ( 0.000000000000000, -1.00000000000000, -0.000000000000000 ) );
#3016 = DIRECTION( '', ( 1.00000000000000, 0.000000000000000, 0.000000000000000 ) );
#3017 = ORIENTED_EDGE( '', *, *, #5607, .T. );
#3018 = ORIENTED_EDGE( '', *, *, #5608, .T. );
#3019 = ORIENTED_EDGE( '', *, *, #5604, .F. );
#3020 = ORIENTED_EDGE( '', *, *, #5609, .F. );
#3021 = CARTESIAN_POINT( '', ( -0.00180000000000000, 0.00137000000000000, 0.000000000000000 ) );
#3022 = DIRECTION( '', ( -1.00000000000000, 0.000000000000000, 0.000000000000000 ) );
#3023 = DIRECTION( '', ( 0.000000000000000, 0.000000000000000, 1.00000000000000 ) );
#3024 = ORIENTED_EDGE( '', *, *, #5610, .T. );
#3025 = ORIENTED_EDGE( '', *, *, #5611, .F. );
#3026 = ORIENTED_EDGE( '', *, *, #5612, .F. );
#3027 = ORIENTED_EDGE( '', *, *, #5613, .T. );
#3028 = CARTESIAN_POINT( '', ( -0.000800000000000000, 3.00000000000000E-005, -0.000350000000000000 ) );
#3029 = DIRECTION( '', ( 0.000000000000000, 0.000000000000000, -1.00000000000000 ) );
#3030 = DIRECTION( '', ( 0.000000000000000, -1.00000000000000, 0.000000000000000 ) );
#3031 = ORIENTED_EDGE( '', *, *, #5614, .T. );
#3032 = ORIENTED_EDGE( '', *, *, #5615, .F. );
#3033 = ORIENTED_EDGE( '', *, *, #5616, .F. );
#3034 = ORIENTED_EDGE( '', *, *, #5617, .T. );
#3035 = CARTESIAN_POINT( '', ( 0.000598084826462500, 3.00000000000000E-005, -9.68085199594500E-005 ) );
#3036 = DIRECTION( '', ( 0.984292294605811, 0.000000000000000, -0.176546534317802 ) );
#3037 = DIRECTION( '', ( 0.000000000000000, -1.00000000000000, 0.000000000000000 ) );
#3038 = ORIENTED_EDGE( '', *, *, #5618, .T. );
#3039 = ORIENTED_EDGE( '', *, *, #5470, .F. );
#3040 = ORIENTED_EDGE( '', *, *, #5248, .T. );
#3041 = ORIENTED_EDGE( '', *, *, #5619, .F. );
#3042 = ORIENTED_EDGE( '', *, *, #5620, .F. );
#3043 = ORIENTED_EDGE( '', *, *, #5621, .F. );
#3044 = ORIENTED_EDGE( '', *, *, #5622, .T. );
#3045 = ORIENTED_EDGE( '', *, *, #5623, .T. );
#3046 = ORIENTED_EDGE( '', *, *, #5605, .T. );
#3047 = ORIENTED_EDGE( '', *, *, #5608, .F. );
#3048 = ORIENTED_EDGE( '', *, *, #5624, .T. );
#3049 = ORIENTED_EDGE( '', *, *, #5625, .T. );
#3050 = ORIENTED_EDGE( '', *, *, #5626, .T. );
#3051 = ORIENTED_EDGE( '', *, *, #5627, .F. );
#3052 = ORIENTED_EDGE( '', *, *, #5628, .F. );
#3053 = ORIENTED_EDGE( '', *, *, #5252, .T. );
#3054 = ORIENTED_EDGE( '', *, *, #5260, .F. );
#3055 = ORIENTED_EDGE( '', *, *, #5362, .T. );
#3056 = ORIENTED_EDGE( '', *, *, #5629, .F. );
#3057 = ORIENTED_EDGE( '', *, *, #5630, .F. );
#3058 = ORIENTED_EDGE( '', *, *, #5631, .F. );
#3059 = ORIENTED_EDGE( '', *, *, #5632, .T. );
#3060 = ORIENTED_EDGE( '', *, *, #5552, .F. );
#3061 = ORIENTED_EDGE( '', *, *, #5633, .T. );
#3062 = ORIENTED_EDGE( '', *, *, #5634, .T. );
#3063 = ORIENTED_EDGE( '', *, *, #5635, .F. );
#3064 = ORIENTED_EDGE( '', *, *, #5636, .T. );
#3065 = ORIENTED_EDGE( '', *, *, #5637, .F. );
#3066 = ORIENTED_EDGE( '', *, *, #5638, .T. );
#3067 = ORIENTED_EDGE( '', *, *, #5493, .F. );
#3068 = ORIENTED_EDGE( '', *, *, #5639, .T. );
#3069 = ORIENTED_EDGE( '', *, *, #5640, .F. );
#3070 = ORIENTED_EDGE( '', *, *, #5641, .T. );
#3071 = ORIENTED_EDGE( '', *, *, #5642, .F. );
#3072 = ORIENTED_EDGE( '', *, *, #5643, .T. );
#3073 = ORIENTED_EDGE( '', *, *, #5644, .F. );
#3074 = ORIENTED_EDGE( '', *, *, #5532, .T. );
#3075 = ORIENTED_EDGE( '', *, *, #5645, .F. );
#3076 = ORIENTED_EDGE( '', *, *, #5646, .T. );
#3077 = ORIENTED_EDGE( '', *, *, #5647, .F. );
#3078 = ORIENTED_EDGE( '', *, *, #5648, .T. );
#3079 = CARTESIAN_POINT( '', ( 0.000000000000000, 0.00142000000000000, 0.000000000000000 ) );
#3080 = DIRECTION( '', ( 0.000000000000000, -1.00000000000000, 0.000000000000000 ) );
#3081 = DIRECTION( '', ( 0.000000000000000, 0.000000000000000, -1.00000000000000 ) );
#3082 = ORIENTED_EDGE( '', *, *, #5649, .T. );
#3083 = ORIENTED_EDGE( '', *, *, #5650, .T. );
#3084 = ORIENTED_EDGE( '', *, *, #5651, .T. );
#3085 = ORIENTED_EDGE( '', *, *, #5652, .F. );
#3086 = CARTESIAN_POINT( '', ( 0.000000000000000, 0.00122319999836700, -0.00204508950928100 ) );
#3087 = DIRECTION( '', ( 0.000000000000000, 0.999847695156391, -0.0174524064372799 ) );
#3088 = DIRECTION( '', ( -1.00000000000000, 0.000000000000000, 0.000000000000000 ) );
#3089 = ORIENTED_EDGE( '', *, *, #5636, .F. );
#3090 = ORIENTED_EDGE( '', *, *, #5653, .F. );
#3091 = ORIENTED_EDGE( '', *, *, #5654, .F. );
#3092 = ORIENTED_EDGE( '', *, *, #5655, .T. );
#3093 = CARTESIAN_POINT( '', ( 0.00200000000000000, 0.00129413871994500, 0.00113540227526100 ) );
#3094 = DIRECTION( '', ( -0.000000000000000, -1.00000000000000, -0.000000000000000 ) );
#3095 = DIRECTION( '', ( -0.102028865498595, 0.000000000000000, -0.994781438611050 ) );
#3096 = ORIENTED_EDGE( '', *, *, #5559, .T. );
#3097 = ORIENTED_EDGE( '', *, *, #5656, .F. );
#3098 = ORIENTED_EDGE( '', *, *, #5423, .T. );
#3099 = ORIENTED_EDGE( '', *, *, #5384, .F. );
#3100 = ORIENTED_EDGE( '', *, *, #5353, .F. );
#3101 = ORIENTED_EDGE( '', *, *, #5657, .T. );
#3102 = ORIENTED_EDGE( '', *, *, #5620, .T. );
#3103 = ORIENTED_EDGE( '', *, *, #5658, .F. );
#3104 = ORIENTED_EDGE( '', *, *, #5326, .F. );
#3105 = CARTESIAN_POINT( '', ( 0.00190000000000000, 0.000000000000000, -0.00140000000000000 ) );
#3106 = DIRECTION( '', ( 0.000000000000000, 0.000000000000000, -1.00000000000000 ) );
#3107 = DIRECTION( '', ( 0.000000000000000, -1.00000000000000, 0.000000000000000 ) );
#3108 = ORIENTED_EDGE( '', *, *, #5405, .F. );
#3109 = ORIENTED_EDGE( '', *, *, #5659, .F. );
#3110 = ORIENTED_EDGE( '', *, *, #5660, .T. );
#3111 = ORIENTED_EDGE( '', *, *, #5661, .T. );
#3112 = CARTESIAN_POINT( '', ( 0.00197000000000000, 0.000931039816339700, 0.000950000000000000 ) );
#3113 = DIRECTION( '', ( 0.000000000000000, -0.102028865498595, 0.994781438611050 ) );
#3114 = DIRECTION( '', ( -1.00000000000000, 0.000000000000000, 0.000000000000000 ) );
#3115 = ORIENTED_EDGE( '', *, *, #5352, .F. );
#3116 = ORIENTED_EDGE( '', *, *, #5662, .T. );
#3117 = ORIENTED_EDGE( '', *, *, #5621, .T. );
#3118 = ORIENTED_EDGE( '', *, *, #5657, .F. );
#3119 = CARTESIAN_POINT( '', ( -0.00185000000000000, 0.00137000000000000, -0.00120000000000000 ) );
#3120 = DIRECTION( '', ( -1.00000000000000, 0.000000000000000, 0.000000000000000 ) );
#3121 = DIRECTION( '', ( 0.000000000000000, 0.000000000000000, 1.00000000000000 ) );
#3122 = ORIENTED_EDGE( '', *, *, #5487, .T. );
#3123 = ORIENTED_EDGE( '', *, *, #5474, .T. );
#3124 = ORIENTED_EDGE( '', *, *, #5257, .T. );
#3125 = ORIENTED_EDGE( '', *, *, #5663, .T. );
#3126 = ORIENTED_EDGE( '', *, *, #5272, .T. );
#3127 = ORIENTED_EDGE( '', *, *, #5570, .T. );
#3128 = ORIENTED_EDGE( '', *, *, #5464, .T. );
#3129 = ORIENTED_EDGE( '', *, *, #5664, .T. );
#3130 = ORIENTED_EDGE( '', *, *, #5665, .T. );
#3131 = ORIENTED_EDGE( '', *, *, #5550, .T. );
#3132 = CARTESIAN_POINT( '', ( -0.000839483681851700, 0.00299854507206800, 0.000000000000000 ) );
#3133 = DIRECTION( '', ( 0.906307787036659, -0.422618261740681, 0.000000000000000 ) );
#3134 = DIRECTION( '', ( 0.000000000000000, 0.000000000000000, -1.00000000000000 ) );
#3135 = ORIENTED_EDGE( '', *, *, #5666, .F. );
#3136 = ORIENTED_EDGE( '', *, *, #5667, .F. );
#3137 = ORIENTED_EDGE( '', *, *, #5455, .T. );
#3138 = ORIENTED_EDGE( '', *, *, #5668, .T. );
#3139 = CARTESIAN_POINT( '', ( -0.000748331477354800, 0.000000000000000, -0.000500000000000000 ) );
#3140 = DIRECTION( '', ( 0.000000000000000, 0.000000000000000, -1.00000000000000 ) );
#3141 = DIRECTION( '', ( 0.000000000000000, -1.00000000000000, 0.000000000000000 ) );
#3142 = ORIENTED_EDGE( '', *, *, #5665, .F. );
#3143 = ORIENTED_EDGE( '', *, *, #5669, .F. );
#3144 = ORIENTED_EDGE( '', *, *, #5670, .F. );
#3145 = ORIENTED_EDGE( '', *, *, #5671, .T. );
#3146 = CARTESIAN_POINT( '', ( -0.00201725235903900, 0.000761718380395200, -0.000629195449478300 ) );
#3147 = DIRECTION( '', ( -0.906307787036659, 0.422618261740681, -0.000000000000000 ) );
#3148 = DIRECTION( '', ( -0.422618261740681, -0.906307787036659, 0.000000000000000 ) );
#3149 = ORIENTED_EDGE( '', *, *, #5672, .T. );
#3150 = ORIENTED_EDGE( '', *, *, #5673, .F. );
#3151 = ORIENTED_EDGE( '', *, *, #5274, .F. );
#3152 = ORIENTED_EDGE( '', *, *, #5674, .T. );
#3153 = CARTESIAN_POINT( '', ( -0.000551561737586400, 3.00000000000000E-005, 0.000305319154262500 ) );
#3154 = DIRECTION( '', ( 0.680701887691800, 0.000000000000000, 0.732560536811000 ) );
#3155 = DIRECTION( '', ( 0.000000000000000, -1.00000000000000, 0.000000000000000 ) );
#3156 = ORIENTED_EDGE( '', *, *, #5675, .F. );
#3157 = ORIENTED_EDGE( '', *, *, #5508, .F. );
#3158 = ORIENTED_EDGE( '', *, *, #5311, .F. );
#3159 = ORIENTED_EDGE( '', *, *, #5676, .T. );
#3160 = CARTESIAN_POINT( '', ( -0.00189413871994500, 0.000765980074947300, 0.000355770041695400 ) );
#3161 = DIRECTION( '', ( 1.00000000000000, 0.000000000000000, -0.000000000000000 ) );
#3162 = DIRECTION( '', ( 0.000000000000000, -0.923879532511285, -0.382683432365094 ) );
#3163 = ORIENTED_EDGE( '', *, *, #5651, .F. );
#3164 = ORIENTED_EDGE( '', *, *, #5677, .F. );
#3165 = ORIENTED_EDGE( '', *, *, #5678, .F. );
#3166 = ORIENTED_EDGE( '', *, *, #5679, .F. );
#3167 = CARTESIAN_POINT( '', ( -0.000490000000000000, 0.000914973704989500, -0.00115957535063900 ) );
#3168 = DIRECTION( '', ( -0.000000000000000, -0.999847695156391, 0.0174524064372799 ) );
#3169 = DIRECTION( '', ( 0.000000000000000, 0.0174524064372798, 0.999847695156391 ) );
#3170 = ORIENTED_EDGE( '', *, *, #5553, .T. );
#3171 = ORIENTED_EDGE( '', *, *, #5632, .F. );
#3172 = ORIENTED_EDGE( '', *, *, #5680, .F. );
#3173 = ORIENTED_EDGE( '', *, *, #5681, .T. );
#3174 = CARTESIAN_POINT( '', ( 0.000514575131106500, 0.00137000000000000, 0.00145000000000000 ) );
#3175 = DIRECTION( '', ( -0.000000000000000, 1.00000000000000, 0.000000000000000 ) );
#3176 = DIRECTION( '', ( -0.661437827766177, 0.000000000000000, -0.749999999999974 ) );
#3177 = ORIENTED_EDGE( '', *, *, #5682, .T. );
#3178 = ORIENTED_EDGE( '', *, *, #5676, .F. );
#3179 = ORIENTED_EDGE( '', *, *, #5310, .F. );
#3180 = ORIENTED_EDGE( '', *, *, #5683, .F. );
#3181 = ORIENTED_EDGE( '', *, *, #5372, .T. );
#3182 = CARTESIAN_POINT( '', ( -0.00197000000000000, 0.000776382528814400, 0.000200000000000000 ) );
#3183 = DIRECTION( '', ( 0.000000000000000, 0.923879532511285, 0.382683432365094 ) );
#3184 = DIRECTION( '', ( 1.00000000000000, 0.000000000000000, -0.000000000000000 ) );
#3185 = ORIENTED_EDGE( '', *, *, #5684, .T. );
#3186 = ORIENTED_EDGE( '', *, *, #5685, .F. );
#3187 = CARTESIAN_POINT( '', ( 0.000000000000000, 7.50000000000000E-005, 0.000000000000000 ) );
#3188 = DIRECTION( '', ( -0.000000000000000, -1.00000000000000, -0.000000000000000 ) );
#3189 = DIRECTION( '', ( -1.00000000000000, 0.000000000000000, 0.000000000000000 ) );
#3190 = ORIENTED_EDGE( '', *, *, #5505, .T. );
#3191 = ORIENTED_EDGE( '', *, *, #5686, .F. );
#3192 = ORIENTED_EDGE( '', *, *, #5687, .F. );
#3193 = ORIENTED_EDGE( '', *, *, #5688, .T. );
#3194 = CARTESIAN_POINT( '', ( 0.000558014137982600, 3.00000000000000E-005, 0.000156382960081100 ) );
#3195 = DIRECTION( '', ( -0.997058507205804, 0.000000000000000, 0.0766441987924303 ) );
#3196 = DIRECTION( '', ( 0.000000000000000, 1.00000000000000, 0.000000000000000 ) );
#3197 = ORIENTED_EDGE( '', *, *, #5568, .F. );
#3198 = ORIENTED_EDGE( '', *, *, #5689, .F. );
#3199 = ORIENTED_EDGE( '', *, *, #5690, .T. );
#3200 = ORIENTED_EDGE( '', *, *, #5512, .T. );
#3201 = CARTESIAN_POINT( '', ( -0.00123000000000000, 0.00132000000000000, 0.00213000000000000 ) );
#3202 = DIRECTION( '', ( 1.00000000000000, 0.000000000000000, 0.000000000000000 ) );
#3203 = DIRECTION( '', ( 0.000000000000000, 1.00000000000000, -0.000000000000000 ) );
#3204 = ORIENTED_EDGE( '', *, *, #5691, .F. );
#3205 = ORIENTED_EDGE( '', *, *, #5692, .T. );
#3206 = ORIENTED_EDGE( '', *, *, #5693, .F. );
#3207 = ORIENTED_EDGE( '', *, *, #5694, .T. );
#3208 = ORIENTED_EDGE( '', *, *, #5342, .F. );
#3209 = ORIENTED_EDGE( '', *, *, #5695, .T. );
#3210 = CARTESIAN_POINT( '', ( 0.000000000000000, 0.00260347926390100, -0.000925688378518700 ) );
#3211 = DIRECTION( '', ( 0.000000000000000, -0.156434465040207, 0.987688340595142 ) );
#3212 = DIRECTION( '', ( -1.00000000000000, 0.000000000000000, 0.000000000000000 ) );
#3213 = ORIENTED_EDGE( '', *, *, #5696, .T. );
#3214 = ORIENTED_EDGE( '', *, *, #5697, .F. );
#3215 = ORIENTED_EDGE( '', *, *, #5293, .F. );
#3216 = ORIENTED_EDGE( '', *, *, #5698, .T. );
#3217 = CARTESIAN_POINT( '', ( 0.000678226207721600, 3.00000000000000E-005, 9.68084990978200E-005 ) );
#3218 = DIRECTION( '', ( -0.348396522328395, 0.000000000000000, 0.937347247944688 ) );
#3219 = DIRECTION( '', ( 0.000000000000000, 1.00000000000000, 0.000000000000000 ) );
#3220 = ORIENTED_EDGE( '', *, *, #5699, .F. );
#3221 = ORIENTED_EDGE( '', *, *, #5700, .T. );
#3222 = ORIENTED_EDGE( '', *, *, #5317, .F. );
#3223 = ORIENTED_EDGE( '', *, *, #5701, .F. );
#3224 = CARTESIAN_POINT( '', ( -0.00204209711521300, 0.000743539816339700, -0.000629195449478300 ) );
#3225 = DIRECTION( '', ( -1.00000000000000, -0.000000000000000, -0.000000000000000 ) );
#3226 = DIRECTION( '', ( 0.000000000000000, -1.00000000000000, 0.000000000000000 ) );
#3227 = ORIENTED_EDGE( '', *, *, #5702, .F. );
#3228 = ORIENTED_EDGE( '', *, *, #5703, .T. );
#3229 = ORIENTED_EDGE( '', *, *, #5704, .F. );
#3230 = ORIENTED_EDGE( '', *, *, #5705, .F. );
#3231 = CARTESIAN_POINT( '', ( 0.00201725235903900, 0.000761718380395200, -0.000629195449478300 ) );
#3232 = DIRECTION( '', ( 0.906307787036659, 0.422618261740681, 5.28476502464435E-016 ) );
#3233 = DIRECTION( '', ( 0.0431192617843780, -0.0924695553038656, -0.994781438611053 ) );
#3234 = ORIENTED_EDGE( '', *, *, #5706, .T. );
#3235 = ORIENTED_EDGE( '', *, *, #5707, .F. );
#3236 = ORIENTED_EDGE( '', *, *, #5708, .F. );
#3237 = ORIENTED_EDGE( '', *, *, #5709, .T. );
#3238 = CARTESIAN_POINT( '', ( 0.000574042413231300, 3.00000000000000E-005, -0.000230851067602600 ) );
#3239 = DIRECTION( '', ( -0.927331020780925, 0.000000000000000, -0.374242138056910 ) );
#3240 = DIRECTION( '', ( -0.374242138056910, 0.000000000000000, 0.927331020780925 ) );
#3241 = ORIENTED_EDGE( '', *, *, #5710, .F. );
#3242 = ORIENTED_EDGE( '', *, *, #5711, .F. );
#3243 = ORIENTED_EDGE( '', *, *, #5712, .F. );
#3244 = ORIENTED_EDGE( '', *, *, #5705, .T. );
#3245 = ORIENTED_EDGE( '', *, *, #5291, .T. );
#3246 = ORIENTED_EDGE( '', *, *, #5713, .F. );
#3247 = ORIENTED_EDGE( '', *, *, #5696, .F. );
#3248 = ORIENTED_EDGE( '', *, *, #5714, .T. );
#3249 = CARTESIAN_POINT( '', ( 0.000638155517092000, 3.00000000000000E-005, 8.19148838520100E-005 ) );
#3250 = DIRECTION( '', ( -0.778151862116408, 0.000000000000000, 0.628076173314007 ) );
#3251 = DIRECTION( '', ( 0.000000000000000, 1.00000000000000, 0.000000000000000 ) );
#3252 = ORIENTED_EDGE( '', *, *, #5434, .T. );
#3253 = ORIENTED_EDGE( '', *, *, #5715, .T. );
#3254 = ORIENTED_EDGE( '', *, *, #5716, .T. );
#3255 = ORIENTED_EDGE( '', *, *, #5476, .T. );
#3256 = CARTESIAN_POINT( '', ( 0.00185000000000000, 0.000000000000000, 0.000000000000000 ) );
#3257 = DIRECTION( '', ( 1.00000000000000, 0.000000000000000, 0.000000000000000 ) );
#3258 = DIRECTION( '', ( 0.000000000000000, 1.00000000000000, -0.000000000000000 ) );
#3259 = ORIENTED_EDGE( '', *, *, #5717, .T. );
#3260 = ORIENTED_EDGE( '', *, *, #5489, .T. );
#3261 = ORIENTED_EDGE( '', *, *, #5314, .F. );
#3262 = ORIENTED_EDGE( '', *, *, #5718, .F. );
#3263 = CARTESIAN_POINT( '', ( -0.00197000000000000, 0.000931039816339700, 0.000950000000000000 ) );
#3264 = DIRECTION( '', ( 0.000000000000000, -0.102028865498595, 0.994781438611050 ) );
#3265 = DIRECTION( '', ( -1.00000000000000, 0.000000000000000, 0.000000000000000 ) );
#3266 = ORIENTED_EDGE( '', *, *, #5683, .T. );
#3267 = ORIENTED_EDGE( '', *, *, #5309, .F. );
#3268 = ORIENTED_EDGE( '', *, *, #5368, .T. );
#3269 = CARTESIAN_POINT( '', ( -0.00204209711521300, 0.000534507581201300, 0.000000000000000 ) );
#3270 = DIRECTION( '', ( -1.00000000000000, 0.000000000000000, -0.000000000000000 ) );
#3271 = DIRECTION( '', ( 0.000000000000000, 0.923879532511285, -0.382683432365094 ) );
#3272 = ORIENTED_EDGE( '', *, *, #5719, .T. );
#3273 = ORIENTED_EDGE( '', *, *, #5477, .T. );
#3274 = ORIENTED_EDGE( '', *, *, #5716, .F. );
#3275 = ORIENTED_EDGE( '', *, *, #5720, .F. );
#3276 = CARTESIAN_POINT( '', ( 0.00190000000000000, 0.000820000000000000, -0.000400000000000000 ) );
#3277 = DIRECTION( '', ( 0.000000000000000, 1.00000000000000, 0.000000000000000 ) );
#3278 = DIRECTION( '', ( 1.00000000000000, 0.000000000000000, -0.000000000000000 ) );
#3279 = ORIENTED_EDGE( '', *, *, #5721, .F. );
#3280 = ORIENTED_EDGE( '', *, *, #5722, .F. );
#3281 = ORIENTED_EDGE( '', *, *, #5723, .T. );
#3282 = ORIENTED_EDGE( '', *, *, #5479, .F. );
#3283 = ORIENTED_EDGE( '', *, *, #5724, .F. );
#3284 = CARTESIAN_POINT( '', ( 0.000750000000000000, 0.00117000000000000, -0.00140820628320000 ) );
#3285 = DIRECTION( '', ( -0.000000000000000, 0.000000000000000, -1.00000000000000 ) );
#3286 = DIRECTION( '', ( 0.000000000000000, 1.00000000000000, 0.000000000000000 ) );
#3287 = ORIENTED_EDGE( '', *, *, #5725, .F. );
#3288 = ORIENTED_EDGE( '', *, *, #5726, .F. );
#3289 = ORIENTED_EDGE( '', *, *, #5727, .T. );
#3290 = ORIENTED_EDGE( '', *, *, #5728, .T. );
#3291 = CARTESIAN_POINT( '', ( 0.00125000000000000, 0.000320000000000000, 0.00180000000000000 ) );
#3292 = DIRECTION( '', ( 0.000000000000000, 0.000000000000000, -1.00000000000000 ) );
#3293 = DIRECTION( '', ( 0.000000000000000, -1.00000000000000, 0.000000000000000 ) );
#3294 = ORIENTED_EDGE( '', *, *, #5729, .T. );
#3295 = ORIENTED_EDGE( '', *, *, #5639, .F. );
#3296 = ORIENTED_EDGE( '', *, *, #5492, .F. );
#3297 = ORIENTED_EDGE( '', *, *, #5730, .F. );
#3298 = CARTESIAN_POINT( '', ( 0.00200000000000000, 0.00129413871994500, -0.000225000000000000 ) );
#3299 = DIRECTION( '', ( -0.000000000000000, -1.00000000000000, -0.000000000000000 ) );
#3300 = DIRECTION( '', ( 0.000000000000000, 0.000000000000000, -1.00000000000000 ) );
#3301 = ORIENTED_EDGE( '', *, *, #5731, .T. );
#3302 = ORIENTED_EDGE( '', *, *, #5732, .F. );
#3303 = ORIENTED_EDGE( '', *, *, #5278, .F. );
#3304 = ORIENTED_EDGE( '', *, *, #5733, .T. );
#3305 = CARTESIAN_POINT( '', ( 0.000598084826462500, 3.00000000000000E-005, 0.000290425539016700 ) );
#3306 = DIRECTION( '', ( -0.927331009410728, 0.000000000000000, 0.374242166231011 ) );
#3307 = DIRECTION( '', ( 0.000000000000000, 1.00000000000000, 0.000000000000000 ) );
#3308 = ORIENTED_EDGE( '', *, *, #5438, .F. );
#3309 = ORIENTED_EDGE( '', *, *, #5734, .T. );
#3310 = ORIENTED_EDGE( '', *, *, #5735, .T. );
#3311 = ORIENTED_EDGE( '', *, *, #5546, .T. );
#3312 = CARTESIAN_POINT( '', ( 0.000000000000000, 7.50000000000000E-005, 0.00110000000000000 ) );
#3313 = DIRECTION( '', ( 0.000000000000000, 0.000000000000000, 1.00000000000000 ) );
#3314 = DIRECTION( '', ( 1.00000000000000, -0.000000000000000, 0.000000000000000 ) );
#3315 = ORIENTED_EDGE( '', *, *, #5736, .T. );
#3316 = ORIENTED_EDGE( '', *, *, #5737, .F. );
#3317 = ORIENTED_EDGE( '', *, *, #5738, .F. );
#3318 = ORIENTED_EDGE( '', *, *, #5739, .T. );
#3319 = CARTESIAN_POINT( '', ( -0.000575604150817700, 3.00000000000000E-005, 0.000230851078033400 ) );
#3320 = DIRECTION( '', ( -0.941268303489833, 0.000000000000000, -0.337659563533112 ) );
#3321 = DIRECTION( '', ( -0.337659563533112, 0.000000000000000, 0.941268303489833 ) );
#3322 = ORIENTED_EDGE( '', *, *, #5642, .T. );
#3323 = ORIENTED_EDGE( '', *, *, #5740, .F. );
#3324 = ORIENTED_EDGE( '', *, *, #5741, .F. );
#3325 = ORIENTED_EDGE( '', *, *, #5742, .T. );
#3326 = CARTESIAN_POINT( '', ( 0.00185000000000000, 0.00137000000000000, -0.00120000000000000 ) );
#3327 = DIRECTION( '', ( 1.00000000000000, 0.000000000000000, 0.000000000000000 ) );
#3328 = DIRECTION( '', ( 0.000000000000000, 1.00000000000000, -0.000000000000000 ) );
#3329 = ORIENTED_EDGE( '', *, *, #5515, .T. );
#3330 = ORIENTED_EDGE( '', *, *, #5743, .F. );
#3331 = ORIENTED_EDGE( '', *, *, #5289, .F. );
#3332 = ORIENTED_EDGE( '', *, *, #5744, .T. );
#3333 = CARTESIAN_POINT( '', ( 0.000590070687763400, 3.00000000000000E-005, 5.21276533603700E-005 ) );
#3334 = DIRECTION( '', ( 0.996002662389164, 0.000000000000000, -0.0893235496030968 ) );
#3335 = DIRECTION( '', ( 0.000000000000000, -1.00000000000000, 0.000000000000000 ) );
#3336 = ORIENTED_EDGE( '', *, *, #5745, .T. );
#3337 = ORIENTED_EDGE( '', *, *, #5746, .F. );
#3338 = ORIENTED_EDGE( '', *, *, #5747, .F. );
#3339 = ORIENTED_EDGE( '', *, *, #5748, .T. );
#3340 = CARTESIAN_POINT( '', ( 0.000790424132312700, 3.00000000000000E-005, -5.21276533603700E-005 ) );
#3341 = DIRECTION( '', ( -0.984292316549205, 0.000000000000000, -0.176546411977701 ) );
#3342 = DIRECTION( '', ( -0.176546411977701, 0.000000000000000, 0.984292316549205 ) );
#3343 = ORIENTED_EDGE( '', *, *, #5749, .F. );
#3344 = ORIENTED_EDGE( '', *, *, #5750, .F. );
#3345 = ORIENTED_EDGE( '', *, *, #5751, .F. );
#3346 = ORIENTED_EDGE( '', *, *, #5752, .T. );
#3347 = CARTESIAN_POINT( '', ( 0.000000000000000, 0.000150000000000000, 0.000000000000000 ) );
#3348 = DIRECTION( '', ( 0.000000000000000, -1.00000000000000, 0.000000000000000 ) );
#3349 = DIRECTION( '', ( 0.000000000000000, 0.000000000000000, -1.00000000000000 ) );
#3350 = ORIENTED_EDGE( '', *, *, #5753, .T. );
#3351 = ORIENTED_EDGE( '', *, *, #5754, .F. );
#3352 = ORIENTED_EDGE( '', *, *, #5706, .F. );
#3353 = ORIENTED_EDGE( '', *, *, #5755, .T. );
#3354 = CARTESIAN_POINT( '', ( 0.000598084826462500, 3.00000000000000E-005, -0.000290425533801300 ) );
#3355 = DIRECTION( '', ( -0.744470071690422, 0.000000000000000, -0.667655833762619 ) );
#3356 = DIRECTION( '', ( -0.667655833762619, 0.000000000000000, 0.744470071690422 ) );
#3357 = ORIENTED_EDGE( '', *, *, #5756, .T. );
#3358 = ORIENTED_EDGE( '', *, *, #5757, .F. );
#3359 = ORIENTED_EDGE( '', *, *, #5758, .F. );
#3360 = ORIENTED_EDGE( '', *, *, #5759, .T. );
#3361 = CARTESIAN_POINT( '', ( -0.000671773792278400, 3.00000000000000E-005, 0.000275531923770900 ) );
#3362 = DIRECTION( '', ( 0.000000000000000, 0.000000000000000, -1.00000000000000 ) );
#3363 = DIRECTION( '', ( 0.000000000000000, -1.00000000000000, 0.000000000000000 ) );
#3364 = ORIENTED_EDGE( '', *, *, #5760, .T. );
#3365 = ORIENTED_EDGE( '', *, *, #5761, .F. );
#3366 = ORIENTED_EDGE( '', *, *, #5762, .F. );
#3367 = ORIENTED_EDGE( '', *, *, #5661, .F. );
#3368 = ORIENTED_EDGE( '', *, *, #5763, .T. );
#3369 = ORIENTED_EDGE( '', *, *, #5764, .F. );
#3370 = ORIENTED_EDGE( '', *, *, #5765, .F. );
#3371 = ORIENTED_EDGE( '', *, *, #5766, .T. );
#3372 = CARTESIAN_POINT( '', ( -0.000751915173537500, 3.00000000000000E-005, 0.000305319154262500 ) );
#3373 = DIRECTION( '', ( -0.880606844008792, 0.000000000000000, 0.473847640370695 ) );
#3374 = DIRECTION( '', ( 0.000000000000000, 1.00000000000000, 0.000000000000000 ) );
#3375 = ORIENTED_EDGE( '', *, *, #5765, .T. );
#3376 = ORIENTED_EDGE( '', *, *, #5767, .F. );
#3377 = ORIENTED_EDGE( '', *, *, #5768, .F. );
#3378 = ORIENTED_EDGE( '', *, *, #5769, .T. );
#3379 = CARTESIAN_POINT( '', ( -0.000719858624473100, 3.00000000000000E-005, 0.000335106384754200 ) );
#3380 = DIRECTION( '', ( -0.680701822371869, 0.000000000000000, 0.732560597506866 ) );
#3381 = DIRECTION( '', ( 0.000000000000000, 1.00000000000000, 0.000000000000000 ) );
#3382 = ORIENTED_EDGE( '', *, *, #5770, .T. );
#3383 = ORIENTED_EDGE( '', *, *, #5771, .F. );
#3384 = ORIENTED_EDGE( '', *, *, #5763, .F. );
#3385 = ORIENTED_EDGE( '', *, *, #5772, .T. );
#3386 = CARTESIAN_POINT( '', ( -0.000783971724034800, 3.00000000000000E-005, 0.000245744693279300 ) );
#3387 = DIRECTION( '', ( -0.991072757450417, 0.000000000000000, 0.133322126594302 ) );
#3388 = DIRECTION( '', ( 0.000000000000000, 1.00000000000000, 0.000000000000000 ) );
#3389 = ORIENTED_EDGE( '', *, *, #5773, .T. );
#3390 = ORIENTED_EDGE( '', *, *, #5774, .F. );
#3391 = ORIENTED_EDGE( '', *, *, #5756, .F. );
#3392 = ORIENTED_EDGE( '', *, *, #5775, .T. );
#3393 = CARTESIAN_POINT( '', ( -0.000639717248946300, 3.00000000000000E-005, 0.000275531923770900 ) );
#3394 = DIRECTION( '', ( -0.348396566117499, 0.000000000000000, -0.937347231668998 ) );
#3395 = DIRECTION( '', ( -0.937347231668998, 0.000000000000000, 0.348396566117499 ) );
#3396 = ORIENTED_EDGE( '', *, *, #5738, .T. );
#3397 = ORIENTED_EDGE( '', *, *, #5776, .F. );
#3398 = ORIENTED_EDGE( '', *, *, #5773, .F. );
#3399 = ORIENTED_EDGE( '', *, *, #5777, .T. );
#3400 = CARTESIAN_POINT( '', ( -0.000599646564049000, 3.00000000000000E-005, 0.000260638308525100 ) );
#3401 = DIRECTION( '', ( -0.778151880413017, 0.000000000000000, -0.628076150645514 ) );
#3402 = DIRECTION( '', ( -0.628076150645514, 0.000000000000000, 0.778151880413017 ) );
#3403 = ORIENTED_EDGE( '', *, *, #5778, .F. );
#3404 = ORIENTED_EDGE( '', *, *, #5779, .F. );
#3405 = ORIENTED_EDGE( '', *, *, #5538, .F. );
#3406 = ORIENTED_EDGE( '', *, *, #5780, .F. );
#3407 = ORIENTED_EDGE( '', *, *, #5691, .T. );
#3408 = ORIENTED_EDGE( '', *, *, #5781, .T. );
#3409 = ORIENTED_EDGE( '', *, *, #5782, .T. );
#3410 = ORIENTED_EDGE( '', *, *, #5783, .T. );
#3411 = ORIENTED_EDGE( '', *, *, #5784, .F. );
#3412 = ORIENTED_EDGE( '', *, *, #5561, .F. );
#3413 = CARTESIAN_POINT( '', ( 0.000500000000000000, 0.000708630822189700, -0.00129098943288000 ) );
#3414 = DIRECTION( '', ( 1.00000000000000, 0.000000000000000, 0.000000000000000 ) );
#3415 = DIRECTION( '', ( 0.000000000000000, 1.00000000000000, -0.000000000000000 ) );
#3416 = ORIENTED_EDGE( '', *, *, #5785, .F. );
#3417 = ORIENTED_EDGE( '', *, *, #5786, .F. );
#3418 = ORIENTED_EDGE( '', *, *, #5787, .T. );
#3419 = ORIENTED_EDGE( '', *, *, #5788, .T. );
#3420 = CARTESIAN_POINT( '', ( 0.00123000000000000, 0.00132000000000000, 0.00213000000000000 ) );
#3421 = DIRECTION( '', ( 0.000000000000000, 0.000000000000000, -1.00000000000000 ) );
#3422 = DIRECTION( '', ( 0.000000000000000, -1.00000000000000, 0.000000000000000 ) );
#3423 = ORIENTED_EDGE( '', *, *, #5789, .T. );
#3424 = ORIENTED_EDGE( '', *, *, #5726, .T. );
#3425 = ORIENTED_EDGE( '', *, *, #5790, .F. );
#3426 = ORIENTED_EDGE( '', *, *, #5791, .F. );
#3427 = CARTESIAN_POINT( '', ( -0.00120000000000000, 0.000879623440725500, 0.00185000000000000 ) );
#3428 = DIRECTION( '', ( 0.000000000000000, 1.00000000000000, -0.000000000000000 ) );
#3429 = DIRECTION( '', ( -1.00000000000000, 0.000000000000000, 0.000000000000000 ) );
#3430 = ORIENTED_EDGE( '', *, *, #5792, .T. );
#3431 = ORIENTED_EDGE( '', *, *, #5793, .F. );
#3432 = ORIENTED_EDGE( '', *, *, #5297, .F. );
#3433 = ORIENTED_EDGE( '', *, *, #5794, .T. );
#3434 = CARTESIAN_POINT( '', ( 0.000646169652925100, 3.00000000000000E-005, 7.44680762291000E-006 ) );
#3435 = DIRECTION( '', ( 0.526615750568827, 0.000000000000000, -0.850103435619943 ) );
#3436 = DIRECTION( '', ( 0.000000000000000, -1.00000000000000, 0.000000000000000 ) );
#3437 = ORIENTED_EDGE( '', *, *, #5526, .T. );
#3438 = ORIENTED_EDGE( '', *, *, #5453, .F. );
#3439 = CARTESIAN_POINT( '', ( -0.00143000000000000, -2.25000000000000E-005, 0.000000000000000 ) );
#3440 = DIRECTION( '', ( 0.000000000000000, -1.00000000000000, -0.000000000000000 ) );
#3441 = DIRECTION( '', ( 1.00000000000000, 0.000000000000000, 0.000000000000000 ) );
#3442 = ORIENTED_EDGE( '', *, *, #5751, .T. );
#3443 = ORIENTED_EDGE( '', *, *, #5795, .F. );
#3444 = ORIENTED_EDGE( '', *, *, #5430, .F. );
#3445 = ORIENTED_EDGE( '', *, *, #5796, .F. );
#3446 = CARTESIAN_POINT( '', ( 0.00232071067811900, 7.50000000000000E-005, -0.00110000000000000 ) );
#3447 = DIRECTION( '', ( 0.000000000000000, 0.000000000000000, -1.00000000000000 ) );
#3448 = DIRECTION( '', ( 0.000000000000000, -1.00000000000000, 0.000000000000000 ) );
#3449 = ORIENTED_EDGE( '', *, *, #5797, .T. );
#3450 = ORIENTED_EDGE( '', *, *, #5798, .F. );
#3451 = ORIENTED_EDGE( '', *, *, #5799, .F. );
#3452 = ORIENTED_EDGE( '', *, *, #5800, .T. );
#3453 = CARTESIAN_POINT( '', ( 0.000822480675644900, 3.00000000000000E-005, -7.44680762291000E-006 ) );
#3454 = DIRECTION( '', ( 0.880606841062515, 0.000000000000000, 0.473847645846108 ) );
#3455 = DIRECTION( '', ( 0.000000000000000, -1.00000000000000, 0.000000000000000 ) );
#3456 = ORIENTED_EDGE( '', *, *, #5801, .T. );
#3457 = ORIENTED_EDGE( '', *, *, #5802, .F. );
#3458 = ORIENTED_EDGE( '', *, *, #5500, .F. );
#3459 = ORIENTED_EDGE( '', *, *, #5803, .T. );
#3460 = CARTESIAN_POINT( '', ( 0.000838508958775300, 3.00000000000000E-005, -0.000156382980942700 ) );
#3461 = DIRECTION( '', ( 1.00000000000000, 0.000000000000000, 0.000000000000000 ) );
#3462 = DIRECTION( '', ( 0.000000000000000, 1.00000000000000, -0.000000000000000 ) );
#3463 = ORIENTED_EDGE( '', *, *, #5804, .T. );
#3464 = ORIENTED_EDGE( '', *, *, #5392, .F. );
#3465 = ORIENTED_EDGE( '', *, *, #5399, .F. );
#3466 = ORIENTED_EDGE( '', *, *, #5805, .T. );
#3467 = CARTESIAN_POINT( '', ( 0.00197000000000000, 0.000846039816339700, -0.000412500000000000 ) );
#3468 = DIRECTION( '', ( 0.000000000000000, 0.0816932394452710, 0.996657521232313 ) );
#3469 = DIRECTION( '', ( 1.00000000000000, -0.000000000000000, 0.000000000000000 ) );
#3470 = ORIENTED_EDGE( '', *, *, #5806, .T. );
#3471 = ORIENTED_EDGE( '', *, *, #5807, .T. );
#3472 = ORIENTED_EDGE( '', *, *, #5808, .T. );
#3473 = ORIENTED_EDGE( '', *, *, #5469, .T. );
#3474 = CARTESIAN_POINT( '', ( 0.000000000000000, 0.000320000000000000, 0.000900000000000000 ) );
#3475 = DIRECTION( '', ( 0.000000000000000, 1.00000000000000, 0.000000000000000 ) );
#3476 = DIRECTION( '', ( 1.00000000000000, 0.000000000000000, -0.000000000000000 ) );
#3477 = ORIENTED_EDGE( '', *, *, #5809, .T. );
#3478 = ORIENTED_EDGE( '', *, *, #5810, .F. );
#3479 = ORIENTED_EDGE( '', *, *, #5811, .F. );
#3480 = ORIENTED_EDGE( '', *, *, #5812, .T. );
#3481 = CARTESIAN_POINT( '', ( 0.000790424132312700, 3.00000000000000E-005, -0.000186170211434400 ) );
#3482 = DIRECTION( '', ( -0.941268328543341, 0.000000000000000, 0.337659493693315 ) );
#3483 = DIRECTION( '', ( 0.000000000000000, 1.00000000000000, 0.000000000000000 ) );
#3484 = ORIENTED_EDGE( '', *, *, #5813, .F. );
#3485 = ORIENTED_EDGE( '', *, *, #5814, .T. );
#3486 = ORIENTED_EDGE( '', *, *, #5815, .T. );
#3487 = ORIENTED_EDGE( '', *, *, #5816, .T. );
#3488 = ORIENTED_EDGE( '', *, *, #5817, .T. );
#3489 = ORIENTED_EDGE( '', *, *, #5652, .T. );
#3490 = ORIENTED_EDGE( '', *, *, #5679, .T. );
#3491 = ORIENTED_EDGE( '', *, *, #5818, .F. );
#3492 = CARTESIAN_POINT( '', ( 0.000600000000000000, 0.000530000000000000, -0.00110756733223800 ) );
#3493 = DIRECTION( '', ( 0.000000000000000, 0.000000000000000, -1.00000000000000 ) );
#3494 = DIRECTION( '', ( 0.000000000000000, -1.00000000000000, 0.000000000000000 ) );
#3495 = ORIENTED_EDGE( '', *, *, #5819, .T. );
#3496 = ORIENTED_EDGE( '', *, *, #5820, .T. );
#3497 = ORIENTED_EDGE( '', *, *, #5821, .T. );
#3498 = ORIENTED_EDGE( '', *, *, #5313, .F. );
#3499 = ORIENTED_EDGE( '', *, *, #5578, .T. );
#3500 = ORIENTED_EDGE( '', *, *, #5822, .T. );
#3501 = CARTESIAN_POINT( '', ( -0.00187000000000000, 0.00127000000000000, 0.00106056912752500 ) );
#3502 = DIRECTION( '', ( -0.000000000000000, 0.000000000000000, 1.00000000000000 ) );
#3503 = DIRECTION( '', ( 0.000000000000000, -1.00000000000000, 0.000000000000000 ) );
#3504 = ORIENTED_EDGE( '', *, *, #5678, .T. );
#3505 = ORIENTED_EDGE( '', *, *, #5823, .F. );
#3506 = ORIENTED_EDGE( '', *, *, #5824, .T. );
#3507 = ORIENTED_EDGE( '', *, *, #5818, .T. );
#3508 = CARTESIAN_POINT( '', ( 0.000000000000000, 0.000923245689820200, -0.00203985378735000 ) );
#3509 = DIRECTION( '', ( 0.000000000000000, 0.999847695156391, -0.0174524064372799 ) );
#3510 = DIRECTION( '', ( -1.00000000000000, 0.000000000000000, 0.000000000000000 ) );
#3511 = ORIENTED_EDGE( '', *, *, #5825, .T. );
#3512 = ORIENTED_EDGE( '', *, *, #5826, .F. );
#3513 = ORIENTED_EDGE( '', *, *, #5745, .F. );
#3514 = ORIENTED_EDGE( '', *, *, #5827, .T. );
#3515 = CARTESIAN_POINT( '', ( 0.000798438262413600, 3.00000000000000E-005, -9.68085199594500E-005 ) );
#3516 = DIRECTION( '', ( -1.00000000000000, 0.000000000000000, 0.000000000000000 ) );
#3517 = DIRECTION( '', ( 0.000000000000000, 0.000000000000000, 1.00000000000000 ) );
#3518 = ORIENTED_EDGE( '', *, *, #5828, .T. );
#3519 = ORIENTED_EDGE( '', *, *, #5829, .T. );
#3520 = ORIENTED_EDGE( '', *, *, #5734, .F. );
#3521 = ORIENTED_EDGE( '', *, *, #5437, .F. );
#3522 = CARTESIAN_POINT( '', ( 0.00230000000000000, 7.50000000000000E-005, 0.000800000000000000 ) );
#3523 = DIRECTION( '', ( 1.00000000000000, 0.000000000000000, 0.000000000000000 ) );
#3524 = DIRECTION( '', ( 0.000000000000000, 1.00000000000000, -0.000000000000000 ) );
#3525 = ORIENTED_EDGE( '', *, *, #5346, .T. );
#3526 = ORIENTED_EDGE( '', *, *, #5830, .T. );
#3527 = ORIENTED_EDGE( '', *, *, #5778, .T. );
#3528 = ORIENTED_EDGE( '', *, *, #5565, .F. );
#3529 = CARTESIAN_POINT( '', ( 0.000000000000000, 0.00262744162237600, -0.00137504365995600 ) );
#3530 = DIRECTION( '', ( 0.000000000000000, 0.0697564737441217, 0.997564050259825 ) );
#3531 = DIRECTION( '', ( 1.00000000000000, -0.000000000000000, 0.000000000000000 ) );
#3532 = ORIENTED_EDGE( '', *, *, #5831, .F. );
#3533 = ORIENTED_EDGE( '', *, *, #5497, .F. );
#3534 = ORIENTED_EDGE( '', *, *, #5510, .F. );
#3535 = ORIENTED_EDGE( '', *, *, #5832, .F. );
#3536 = CARTESIAN_POINT( '', ( 0.000000000000000, 0.00142000000000000, 0.000900000000000000 ) );
#3537 = DIRECTION( '', ( 0.000000000000000, 1.00000000000000, 0.000000000000000 ) );
#3538 = DIRECTION( '', ( 1.00000000000000, 0.000000000000000, -0.000000000000000 ) );
#3539 = ORIENTED_EDGE( '', *, *, #5833, .T. );
#3540 = ORIENTED_EDGE( '', *, *, #5834, .F. );
#3541 = ORIENTED_EDGE( '', *, *, #5835, .F. );
#3542 = ORIENTED_EDGE( '', *, *, #5836, .T. );
#3543 = CARTESIAN_POINT( '', ( -0.000519505171325600, 3.00000000000000E-005, 9.68084990978200E-005 ) );
#3544 = DIRECTION( '', ( 0.991072774775443, 0.000000000000000, -0.133321997805706 ) );
#3545 = DIRECTION( '', ( 0.000000000000000, -1.00000000000000, 0.000000000000000 ) );
#3546 = ORIENTED_EDGE( '', *, *, #5268, .T. );
#3547 = ORIENTED_EDGE( '', *, *, #5837, .F. );
#3548 = ORIENTED_EDGE( '', *, *, #5838, .F. );
#3549 = ORIENTED_EDGE( '', *, *, #5839, .T. );
#3550 = CARTESIAN_POINT( '', ( 0.000678226207721600, 3.00000000000000E-005, -0.000350000000000000 ) );
#3551 = DIRECTION( '', ( 0.000000000000000, 0.000000000000000, -1.00000000000000 ) );
#3552 = DIRECTION( '', ( 0.000000000000000, -1.00000000000000, 0.000000000000000 ) );
#3553 = ORIENTED_EDGE( '', *, *, #5318, .F. );
#3554 = ORIENTED_EDGE( '', *, *, #5700, .F. );
#3555 = ORIENTED_EDGE( '', *, *, #5840, .T. );
#3556 = ORIENTED_EDGE( '', *, *, #5841, .T. );
#3557 = CARTESIAN_POINT( '', ( -0.00197000000000000, 0.000931039816339700, -0.000950000000000000 ) );
#3558 = DIRECTION( '', ( 0.000000000000000, -0.102028865498595, -0.994781438611050 ) );
#3559 = DIRECTION( '', ( 0.000000000000000, -0.994781438611050, 0.102028865498595 ) );
#3560 = ORIENTED_EDGE( '', *, *, #5824, .F. );
#3561 = ORIENTED_EDGE( '', *, *, #5842, .T. );
#3562 = ORIENTED_EDGE( '', *, *, #5649, .F. );
#3563 = ORIENTED_EDGE( '', *, *, #5817, .F. );
#3564 = CARTESIAN_POINT( '', ( 0.000490000000000000, 0.000914973704989500, -0.00115957535063900 ) );
#3565 = DIRECTION( '', ( -0.000000000000000, -0.999847695156391, 0.0174524064372799 ) );
#3566 = DIRECTION( '', ( -1.00000000000000, 0.000000000000000, 0.000000000000000 ) );
#3567 = ORIENTED_EDGE( '', *, *, #5843, .T. );
#3568 = ORIENTED_EDGE( '', *, *, #5844, .F. );
#3569 = ORIENTED_EDGE( '', *, *, #5845, .F. );
#3570 = ORIENTED_EDGE( '', *, *, #5448, .T. );
#3571 = CARTESIAN_POINT( '', ( -0.00230000000000000, 7.50000000000000E-005, 0.000800000000000000 ) );
#3572 = DIRECTION( '', ( 1.00000000000000, 0.000000000000000, 0.000000000000000 ) );
#3573 = DIRECTION( '', ( 0.000000000000000, 1.00000000000000, -0.000000000000000 ) );
#3574 = ORIENTED_EDGE( '', *, *, #5449, .F. );
#3575 = ORIENTED_EDGE( '', *, *, #5845, .T. );
#3576 = ORIENTED_EDGE( '', *, *, #5846, .T. );
#3577 = ORIENTED_EDGE( '', *, *, #5847, .T. );
#3578 = CARTESIAN_POINT( '', ( -0.00285000000000000, 7.50000000000000E-005, 0.000500000000000000 ) );
#3579 = DIRECTION( '', ( 0.000000000000000, 0.000000000000000, -1.00000000000000 ) );
#3580 = DIRECTION( '', ( 0.000000000000000, -1.00000000000000, 0.000000000000000 ) );
#3581 = ORIENTED_EDGE( '', *, *, #5848, .T. );
#3582 = ORIENTED_EDGE( '', *, *, #5843, .F. );
#3583 = ORIENTED_EDGE( '', *, *, #5447, .F. );
#3584 = ORIENTED_EDGE( '', *, *, #5849, .F. );
#3585 = CARTESIAN_POINT( '', ( 0.000000000000000, 7.50000000000000E-005, 0.00110000000000000 ) );
#3586 = DIRECTION( '', ( 0.000000000000000, 0.000000000000000, 1.00000000000000 ) );
#3587 = DIRECTION( '', ( 1.00000000000000, -0.000000000000000, 0.000000000000000 ) );
#3588 = ORIENTED_EDGE( '', *, *, #5846, .F. );
#3589 = ORIENTED_EDGE( '', *, *, #5844, .T. );
#3590 = ORIENTED_EDGE( '', *, *, #5848, .F. );
#3591 = ORIENTED_EDGE( '', *, *, #5850, .F. );
#3592 = CARTESIAN_POINT( '', ( 0.000000000000000, 0.000150000000000000, 0.000000000000000 ) );
#3593 = DIRECTION( '', ( 0.000000000000000, -1.00000000000000, 0.000000000000000 ) );
#3594 = DIRECTION( '', ( 0.000000000000000, 0.000000000000000, -1.00000000000000 ) );
#3595 = ORIENTED_EDGE( '', *, *, #5849, .T. );
#3596 = ORIENTED_EDGE( '', *, *, #5446, .T. );
#3597 = ORIENTED_EDGE( '', *, *, #5851, .F. );
#3598 = ORIENTED_EDGE( '', *, *, #5381, .F. );
#3599 = ORIENTED_EDGE( '', *, *, #5852, .T. );
#3600 = ORIENTED_EDGE( '', *, *, #5853, .F. );
#3601 = ORIENTED_EDGE( '', *, *, #5847, .F. );
#3602 = ORIENTED_EDGE( '', *, *, #5850, .T. );
#3603 = CARTESIAN_POINT( '', ( -0.00190000000000000, 0.000000000000000, -0.00140000000000000 ) );
#3604 = DIRECTION( '', ( -1.00000000000000, 0.000000000000000, 0.000000000000000 ) );
#3605 = DIRECTION( '', ( 0.000000000000000, 0.000000000000000, 1.00000000000000 ) );
#3606 = ORIENTED_EDGE( '', *, *, #5735, .F. );
#3607 = ORIENTED_EDGE( '', *, *, #5829, .F. );
#3608 = ORIENTED_EDGE( '', *, *, #5854, .F. );
#3609 = ORIENTED_EDGE( '', *, *, #5547, .T. );
#3610 = CARTESIAN_POINT( '', ( 0.000000000000000, 0.000150000000000000, 0.000000000000000 ) );
#3611 = DIRECTION( '', ( 0.000000000000000, -1.00000000000000, 0.000000000000000 ) );
#3612 = DIRECTION( '', ( 0.000000000000000, 0.000000000000000, -1.00000000000000 ) );
#3613 = ORIENTED_EDGE( '', *, *, #5854, .T. );
#3614 = ORIENTED_EDGE( '', *, *, #5828, .F. );
#3615 = ORIENTED_EDGE( '', *, *, #5436, .F. );
#3616 = ORIENTED_EDGE( '', *, *, #5544, .F. );
#3617 = CARTESIAN_POINT( '', ( 0.00285000000000000, 7.50000000000000E-005, 0.000500000000000000 ) );
#3618 = DIRECTION( '', ( 0.000000000000000, 0.000000000000000, -1.00000000000000 ) );
#3619 = DIRECTION( '', ( 0.000000000000000, -1.00000000000000, 0.000000000000000 ) );
#3620 = ORIENTED_EDGE( '', *, *, #5417, .F. );
#3621 = ORIENTED_EDGE( '', *, *, #5413, .T. );
#3622 = ORIENTED_EDGE( '', *, *, #5419, .F. );
#3623 = ORIENTED_EDGE( '', *, *, #5855, .F. );
#3624 = CARTESIAN_POINT( '', ( 0.000000000000000, 0.000150000000000000, 0.000000000000000 ) );
#3625 = DIRECTION( '', ( 0.000000000000000, -1.00000000000000, 0.000000000000000 ) );
#3626 = DIRECTION( '', ( 0.000000000000000, 0.000000000000000, -1.00000000000000 ) );
#3627 = ORIENTED_EDGE( '', *, *, #5421, .T. );
#3628 = ORIENTED_EDGE( '', *, *, #5461, .F. );
#3629 = ORIENTED_EDGE( '', *, *, #5856, .F. );
#3630 = ORIENTED_EDGE( '', *, *, #5857, .F. );
#3631 = ORIENTED_EDGE( '', *, *, #5386, .T. );
#3632 = ORIENTED_EDGE( '', *, *, #5422, .T. );
#3633 = ORIENTED_EDGE( '', *, *, #5418, .F. );
#3634 = ORIENTED_EDGE( '', *, *, #5855, .T. );
#3635 = CARTESIAN_POINT( '', ( -0.00190000000000000, 0.000000000000000, -0.00140000000000000 ) );
#3636 = DIRECTION( '', ( -1.00000000000000, 0.000000000000000, 0.000000000000000 ) );
#3637 = DIRECTION( '', ( 0.000000000000000, 0.000000000000000, 1.00000000000000 ) );
#3638 = ORIENTED_EDGE( '', *, *, #5670, .T. );
#3639 = ORIENTED_EDGE( '', *, *, #5858, .F. );
#3640 = ORIENTED_EDGE( '', *, *, #5462, .T. );
#3641 = ORIENTED_EDGE( '', *, *, #5571, .F. );
#3642 = ORIENTED_EDGE( '', *, *, #5270, .T. );
#3643 = ORIENTED_EDGE( '', *, *, #5859, .F. );
#3644 = ORIENTED_EDGE( '', *, *, #5255, .T. );
#3645 = ORIENTED_EDGE( '', *, *, #5473, .F. );
#3646 = ORIENTED_EDGE( '', *, *, #5486, .T. );
#3647 = ORIENTED_EDGE( '', *, *, #5860, .F. );
#3648 = CARTESIAN_POINT( '', ( -0.000930114460555400, 0.00304080689824200, 0.000000000000000 ) );
#3649 = DIRECTION( '', ( 0.906307787036659, -0.422618261740681, 0.000000000000000 ) );
#3650 = DIRECTION( '', ( 0.000000000000000, 0.000000000000000, -1.00000000000000 ) );
#3651 = ORIENTED_EDGE( '', *, *, #5861, .F. );
#3652 = ORIENTED_EDGE( '', *, *, #5498, .T. );
#3653 = ORIENTED_EDGE( '', *, *, #5862, .F. );
#3654 = CARTESIAN_POINT( '', ( 0.00118000000000000, 0.00137000000000000, 0.00187000000000000 ) );
#3655 = DIRECTION( '', ( -0.707106781186547, 0.707106781186547, 0.000000000000000 ) );
#3656 = DIRECTION( '', ( 0.707106781186547, 0.707106781186547, 0.000000000000000 ) );
#3657 = ORIENTED_EDGE( '', *, *, #5758, .T. );
#3658 = ORIENTED_EDGE( '', *, *, #5863, .F. );
#3659 = ORIENTED_EDGE( '', *, *, #5864, .F. );
#3660 = ORIENTED_EDGE( '', *, *, #5865, .T. );
#3661 = CARTESIAN_POINT( '', ( -0.000711844482908000, 3.00000000000000E-005, 0.000260638308525100 ) );
#3662 = DIRECTION( '', ( 0.348396522328395, 0.000000000000000, -0.937347247944688 ) );
#3663 = DIRECTION( '', ( 0.000000000000000, -1.00000000000000, 0.000000000000000 ) );
#3664 = ORIENTED_EDGE( '', *, *, #5866, .F. );
#3665 = ORIENTED_EDGE( '', *, *, #5528, .T. );
#3666 = ORIENTED_EDGE( '', *, *, #5867, .T. );
#3667 = ORIENTED_EDGE( '', *, *, #5868, .T. );
#3668 = ORIENTED_EDGE( '', *, *, #5869, .T. );
#3669 = ORIENTED_EDGE( '', *, *, #5870, .F. );
#3670 = ORIENTED_EDGE( '', *, *, #5610, .F. );
#3671 = ORIENTED_EDGE( '', *, *, #5871, .T. );
#3672 = CARTESIAN_POINT( '', ( -0.000511491041224700, 3.00000000000000E-005, -0.000350000000000000 ) );
#3673 = DIRECTION( '', ( 1.00000000000000, 0.000000000000000, 0.000000000000000 ) );
#3674 = DIRECTION( '', ( 0.000000000000000, 1.00000000000000, -0.000000000000000 ) );
#3675 = ORIENTED_EDGE( '', *, *, #5872, .T. );
#3676 = ORIENTED_EDGE( '', *, *, #5873, .T. );
#3677 = ORIENTED_EDGE( '', *, *, #5586, .F. );
#3678 = ORIENTED_EDGE( '', *, *, #5874, .T. );
#3679 = CARTESIAN_POINT( '', ( -0.00210000000000000, 0.000910000000000000, -0.000400000000000000 ) );
#3680 = DIRECTION( '', ( -1.00000000000000, 0.000000000000000, 0.000000000000000 ) );
#3681 = DIRECTION( '', ( 0.000000000000000, 0.000000000000000, 1.00000000000000 ) );
#3682 = ORIENTED_EDGE( '', *, *, #5341, .F. );
#3683 = ORIENTED_EDGE( '', *, *, #5875, .T. );
#3684 = ORIENTED_EDGE( '', *, *, #5781, .F. );
#3685 = ORIENTED_EDGE( '', *, *, #5695, .F. );
#3686 = CARTESIAN_POINT( '', ( -0.000500000000000000, 0.000212360959629000, -0.00150689733804800 ) );
#3687 = DIRECTION( '', ( -1.00000000000000, -0.000000000000000, 0.000000000000000 ) );
#3688 = DIRECTION( '', ( 0.000000000000000, 0.0697564737441217, 0.997564050259824 ) );
#3689 = ORIENTED_EDGE( '', *, *, #5611, .T. );
#3690 = ORIENTED_EDGE( '', *, *, #5870, .T. );
#3691 = ORIENTED_EDGE( '', *, *, #5876, .T. );
#3692 = ORIENTED_EDGE( '', *, *, #5877, .T. );
#3693 = ORIENTED_EDGE( '', *, *, #5878, .T. );
#3694 = ORIENTED_EDGE( '', *, *, #5834, .T. );
#3695 = ORIENTED_EDGE( '', *, *, #5879, .T. );
#3696 = ORIENTED_EDGE( '', *, *, #5880, .T. );
#3697 = ORIENTED_EDGE( '', *, *, #5275, .T. );
#3698 = ORIENTED_EDGE( '', *, *, #5673, .T. );
#3699 = ORIENTED_EDGE( '', *, *, #5881, .T. );
#3700 = ORIENTED_EDGE( '', *, *, #5882, .T. );
#3701 = ORIENTED_EDGE( '', *, *, #5883, .T. );
#3702 = ORIENTED_EDGE( '', *, *, #5767, .T. );
#3703 = ORIENTED_EDGE( '', *, *, #5764, .T. );
#3704 = ORIENTED_EDGE( '', *, *, #5771, .T. );
#3705 = ORIENTED_EDGE( '', *, *, #5884, .T. );
#3706 = ORIENTED_EDGE( '', *, *, #5885, .T. );
#3707 = ORIENTED_EDGE( '', *, *, #5886, .T. );
#3708 = ORIENTED_EDGE( '', *, *, #5863, .T. );
#3709 = ORIENTED_EDGE( '', *, *, #5757, .T. );
#3710 = ORIENTED_EDGE( '', *, *, #5774, .T. );
#3711 = ORIENTED_EDGE( '', *, *, #5776, .T. );
#3712 = ORIENTED_EDGE( '', *, *, #5737, .T. );
#3713 = ORIENTED_EDGE( '', *, *, #5887, .T. );
#3714 = ORIENTED_EDGE( '', *, *, #5888, .T. );
#3715 = ORIENTED_EDGE( '', *, *, #5889, .T. );
#3716 = ORIENTED_EDGE( '', *, *, #5890, .T. );
#3717 = CARTESIAN_POINT( '', ( 0.000000000000000, 1.00000000000000E-005, 0.000000000000000 ) );
#3718 = DIRECTION( '', ( 0.000000000000000, -1.00000000000000, 0.000000000000000 ) );
#3719 = DIRECTION( '', ( 0.000000000000000, 0.000000000000000, -1.00000000000000 ) );
#3720 = ORIENTED_EDGE( '', *, *, #5600, .T. );
#3721 = ORIENTED_EDGE( '', *, *, #5623, .F. );
#3722 = ORIENTED_EDGE( '', *, *, #5891, .T. );
#3723 = ORIENTED_EDGE( '', *, *, #5892, .F. );
#3724 = ORIENTED_EDGE( '', *, *, #5893, .T. );
#3725 = CARTESIAN_POINT( '', ( -0.00187000000000000, 0.00127000000000000, 0.00106056912752500 ) );
#3726 = DIRECTION( '', ( -0.000000000000000, 0.000000000000000, 1.00000000000000 ) );
#3727 = DIRECTION( '', ( 0.000000000000000, -1.00000000000000, 0.000000000000000 ) );
#3728 = ORIENTED_EDGE( '', *, *, #5471, .T. );
#3729 = ORIENTED_EDGE( '', *, *, #5618, .F. );
#3730 = ORIENTED_EDGE( '', *, *, #5894, .F. );
#3731 = ORIENTED_EDGE( '', *, *, #5895, .F. );
#3732 = CARTESIAN_POINT( '', ( -0.000650000000000000, 0.00129413871994500, -0.00135000000000000 ) );
#3733 = DIRECTION( '', ( 0.000000000000000, -1.00000000000000, -0.000000000000000 ) );
#3734 = DIRECTION( '', ( 0.000000000000000, 0.000000000000000, 1.00000000000000 ) );
#3735 = ORIENTED_EDGE( '', *, *, #5896, .T. );
#3736 = CARTESIAN_POINT( '', ( 0.00170000000000000, 0.000450000000000000, -0.000550000000000000 ) );
#3737 = DIRECTION( '', ( 0.000000000000000, 1.00000000000000, 0.000000000000000 ) );
#3738 = DIRECTION( '', ( 1.00000000000000, 0.000000000000000, -0.000000000000000 ) );
#3739 = ORIENTED_EDGE( '', *, *, #5573, .T. );
#3740 = ORIENTED_EDGE( '', *, *, #5637, .T. );
#3741 = ORIENTED_EDGE( '', *, *, #5897, .T. );
#3742 = ORIENTED_EDGE( '', *, *, #5760, .F. );
#3743 = ORIENTED_EDGE( '', *, *, #5898, .F. );
#3744 = CARTESIAN_POINT( '', ( 0.00187000000000000, 0.00127000000000000, -0.00106056912752500 ) );
#3745 = DIRECTION( '', ( 0.000000000000000, -0.000000000000000, -1.00000000000000 ) );
#3746 = DIRECTION( '', ( 0.000000000000000, -1.00000000000000, 0.000000000000000 ) );
#3747 = ORIENTED_EDGE( '', *, *, #5359, .T. );
#3748 = ORIENTED_EDGE( '', *, *, #5899, .F. );
#3749 = ORIENTED_EDGE( '', *, *, #5336, .F. );
#3750 = ORIENTED_EDGE( '', *, *, #5900, .T. );
#3751 = CARTESIAN_POINT( '', ( 0.000000000000000, 0.000920000000000000, 0.000900000000000000 ) );
#3752 = DIRECTION( '', ( 0.000000000000000, -1.00000000000000, 0.000000000000000 ) );
#3753 = DIRECTION( '', ( 0.000000000000000, 0.000000000000000, -1.00000000000000 ) );
#3754 = ORIENTED_EDGE( '', *, *, #5373, .T. );
#3755 = ORIENTED_EDGE( '', *, *, #5901, .F. );
#3756 = ORIENTED_EDGE( '', *, *, #5902, .F. );
#3757 = ORIENTED_EDGE( '', *, *, #5903, .T. );
#3758 = CARTESIAN_POINT( '', ( 0.00205000000000000, 0.000760000000000000, -0.000400000000000000 ) );
#3759 = DIRECTION( '', ( 0.000000000000000, -1.00000000000000, 0.000000000000000 ) );
#3760 = DIRECTION( '', ( 0.000000000000000, 0.000000000000000, -1.00000000000000 ) );
#3761 = ORIENTED_EDGE( '', *, *, #5904, .T. );
#3762 = ORIENTED_EDGE( '', *, *, #5905, .F. );
#3763 = ORIENTED_EDGE( '', *, *, #5375, .F. );
#3764 = ORIENTED_EDGE( '', *, *, #5906, .T. );
#3765 = CARTESIAN_POINT( '', ( 0.00210000000000000, 0.00106000000000000, -0.000400000000000000 ) );
#3766 = DIRECTION( '', ( 0.792623989104596, 0.609710760849697, 0.000000000000000 ) );
#3767 = DIRECTION( '', ( 0.000000000000000, 0.000000000000000, -1.00000000000000 ) );
#3768 = ORIENTED_EDGE( '', *, *, #5680, .T. );
#3769 = ORIENTED_EDGE( '', *, *, #5631, .T. );
#3770 = ORIENTED_EDGE( '', *, *, #5907, .F. );
#3771 = ORIENTED_EDGE( '', *, *, #5908, .F. );
#3772 = CARTESIAN_POINT( '', ( 0.000250000000000000, 0.00137000000000000, 0.00115000000000000 ) );
#3773 = DIRECTION( '', ( -0.000000000000000, 1.00000000000000, -0.000000000000000 ) );
#3774 = DIRECTION( '', ( 0.661437827766121, 0.000000000000000, 0.750000000000024 ) );
#3775 = ORIENTED_EDGE( '', *, *, #5909, .F. );
#3776 = ORIENTED_EDGE( '', *, *, #5910, .F. );
#3777 = ORIENTED_EDGE( '', *, *, #5911, .T. );
#3778 = ORIENTED_EDGE( '', *, *, #5861, .T. );
#3779 = CARTESIAN_POINT( '', ( 0.00118000000000000, 0.00131442526897400, 0.00187000000000000 ) );
#3780 = DIRECTION( '', ( 0.000000000000000, -1.00000000000000, -0.000000000000000 ) );
#3781 = DIRECTION( '', ( 1.00000000000000, 0.000000000000000, 0.000000000000000 ) );
#3782 = ORIENTED_EDGE( '', *, *, #5458, .T. );
#3783 = ORIENTED_EDGE( '', *, *, #5912, .T. );
#3784 = ORIENTED_EDGE( '', *, *, #5913, .F. );
#3785 = ORIENTED_EDGE( '', *, *, #5668, .F. );
#3786 = CARTESIAN_POINT( '', ( 0.000000000000000, 0.000000000000000, 0.000000000000000 ) );
#3787 = DIRECTION( '', ( -0.000000000000000, 1.00000000000000, -0.000000000000000 ) );
#3788 = DIRECTION( '', ( 1.00000000000000, 0.000000000000000, 0.000000000000000 ) );
#3789 = ORIENTED_EDGE( '', *, *, #5799, .T. );
#3790 = ORIENTED_EDGE( '', *, *, #5914, .F. );
#3791 = ORIENTED_EDGE( '', *, *, #5801, .F. );
#3792 = ORIENTED_EDGE( '', *, *, #5915, .T. );
#3793 = CARTESIAN_POINT( '', ( 0.000838508958775300, 3.00000000000000E-005, -8.19148838520100E-005 ) );
#3794 = DIRECTION( '', ( 0.977611481631267, 0.000000000000000, 0.210418133683193 ) );
#3795 = DIRECTION( '', ( 0.000000000000000, -1.00000000000000, 0.000000000000000 ) );
#3796 = ORIENTED_EDGE( '', *, *, #5348, .F. );
#3797 = ORIENTED_EDGE( '', *, *, #5564, .F. );
#3798 = ORIENTED_EDGE( '', *, *, #5894, .T. );
#3799 = ORIENTED_EDGE( '', *, *, #5916, .F. );
#3800 = ORIENTED_EDGE( '', *, *, #5917, .T. );
#3801 = ORIENTED_EDGE( '', *, *, #5888, .F. );
#3802 = ORIENTED_EDGE( '', *, *, #5918, .F. );
#3803 = ORIENTED_EDGE( '', *, *, #5919, .T. );
#3804 = CARTESIAN_POINT( '', ( -0.000559575867687300, 3.00000000000000E-005, 0.000156382960081100 ) );
#3805 = DIRECTION( '', ( -0.965660483205035, 0.000000000000000, 0.259807296233609 ) );
#3806 = DIRECTION( '', ( 0.000000000000000, 1.00000000000000, 0.000000000000000 ) );
#3807 = ORIENTED_EDGE( '', *, *, #5784, .T. );
#3808 = ORIENTED_EDGE( '', *, *, #5920, .F. );
#3809 = ORIENTED_EDGE( '', *, *, #5921, .F. );
#3810 = ORIENTED_EDGE( '', *, *, #5562, .F. );
#3811 = ORIENTED_EDGE( '', *, *, #5523, .T. );
#3812 = ORIENTED_EDGE( '', *, *, #5832, .T. );
#3813 = ORIENTED_EDGE( '', *, *, #5922, .F. );
#3814 = ORIENTED_EDGE( '', *, *, #5788, .F. );
#3815 = CARTESIAN_POINT( '', ( 0.00236472003091600, 0.00137000000000000, 0.00208000000000000 ) );
#3816 = DIRECTION( '', ( 1.00000000000000, -0.000000000000000, -0.000000000000000 ) );
#3817 = DIRECTION( '', ( 0.000000000000000, 0.000000000000000, 1.00000000000000 ) );
#3818 = ORIENTED_EDGE( '', *, *, #5782, .F. );
#3819 = ORIENTED_EDGE( '', *, *, #5875, .F. );
#3820 = ORIENTED_EDGE( '', *, *, #5340, .F. );
#3821 = ORIENTED_EDGE( '', *, *, #5923, .T. );
#3822 = CARTESIAN_POINT( '', ( 0.000000000000000, 0.00262046597500100, -0.00147480006498200 ) );
#3823 = DIRECTION( '', ( 0.000000000000000, 0.0697564737441217, 0.997564050259825 ) );
#3824 = DIRECTION( '', ( 1.00000000000000, -0.000000000000000, 0.000000000000000 ) );
#3825 = ORIENTED_EDGE( '', *, *, #5924, .T. );
#3826 = ORIENTED_EDGE( '', *, *, #5884, .F. );
#3827 = ORIENTED_EDGE( '', *, *, #5770, .F. );
#3828 = ORIENTED_EDGE( '', *, *, #5925, .T. );
#3829 = CARTESIAN_POINT( '', ( -0.000791985862017400, 3.00000000000000E-005, 0.000186170232296000 ) );
#3830 = DIRECTION( '', ( 0.000000000000000, 0.000000000000000, -1.00000000000000 ) );
#3831 = DIRECTION( '', ( 0.000000000000000, -1.00000000000000, 0.000000000000000 ) );
#3832 = ORIENTED_EDGE( '', *, *, #5708, .T. );
#3833 = ORIENTED_EDGE( '', *, *, #5926, .F. );
#3834 = ORIENTED_EDGE( '', *, *, #5927, .F. );
#3835 = ORIENTED_EDGE( '', *, *, #5928, .T. );
#3836 = CARTESIAN_POINT( '', ( 0.000558014137982600, 3.00000000000000E-005, -0.000156382980942700 ) );
#3837 = DIRECTION( '', ( -0.977611508978794, 0.000000000000000, -0.210418006625399 ) );
#3838 = DIRECTION( '', ( -0.210418006625399, 0.000000000000000, 0.977611508978794 ) );
#3839 = ORIENTED_EDGE( '', *, *, #5283, .T. );
#3840 = ORIENTED_EDGE( '', *, *, #5929, .F. );
#3841 = ORIENTED_EDGE( '', *, *, #5596, .F. );
#3842 = ORIENTED_EDGE( '', *, *, #5930, .T. );
#3843 = CARTESIAN_POINT( '', ( 0.000710282751053700, 3.00000000000000E-005, 0.000350000000000000 ) );
#3844 = DIRECTION( '', ( 0.000000000000000, 0.000000000000000, 1.00000000000000 ) );
#3845 = DIRECTION( '', ( 1.00000000000000, -0.000000000000000, 0.000000000000000 ) );
#3846 = ORIENTED_EDGE( '', *, *, #5931, .T. );
#3847 = ORIENTED_EDGE( '', *, *, #5932, .F. );
#3848 = ORIENTED_EDGE( '', *, *, #5933, .F. );
#3849 = ORIENTED_EDGE( '', *, *, #5934, .T. );
#3850 = CARTESIAN_POINT( '', ( 0.000622127239693800, 3.00000000000000E-005, -0.000230851067602600 ) );
#3851 = DIRECTION( '', ( 0.941268366923096, 0.000000000000000, 0.337659386704899 ) );
#3852 = DIRECTION( '', ( 0.000000000000000, -1.00000000000000, 0.000000000000000 ) );
#3853 = ORIENTED_EDGE( '', *, *, #5935, .T. );
#3854 = ORIENTED_EDGE( '', *, *, #5936, .F. );
#3855 = ORIENTED_EDGE( '', *, *, #5931, .F. );
#3856 = ORIENTED_EDGE( '', *, *, #5937, .T. );
#3857 = CARTESIAN_POINT( '', ( 0.000606098962295600, 3.00000000000000E-005, -0.000186170211434400 ) );
#3858 = DIRECTION( '', ( 0.984292280281642, 0.000000000000000, 0.176546614178708 ) );
#3859 = DIRECTION( '', ( 0.000000000000000, -1.00000000000000, 0.000000000000000 ) );
#3860 = ORIENTED_EDGE( '', *, *, #5933, .T. );
#3861 = ORIENTED_EDGE( '', *, *, #5938, .F. );
#3862 = ORIENTED_EDGE( '', *, *, #5939, .F. );
#3863 = ORIENTED_EDGE( '', *, *, #5940, .T. );
#3864 = CARTESIAN_POINT( '', ( 0.000646169652925100, 3.00000000000000E-005, -0.000260638298094300 ) );
#3865 = DIRECTION( '', ( 0.778151880413017, 0.000000000000000, 0.628076150645514 ) );
#3866 = DIRECTION( '', ( 0.000000000000000, -1.00000000000000, 0.000000000000000 ) );
#3867 = ORIENTED_EDGE( '', *, *, #5941, .T. );
#3868 = ORIENTED_EDGE( '', *, *, #5942, .F. );
#3869 = ORIENTED_EDGE( '', *, *, #5792, .F. );
#3870 = ORIENTED_EDGE( '', *, *, #5943, .T. );
#3871 = CARTESIAN_POINT( '', ( 0.000670212066156400, 3.00000000000000E-005, 2.23404228687300E-005 ) );
#3872 = DIRECTION( '', ( 0.000000000000000, 0.000000000000000, -1.00000000000000 ) );
#3873 = DIRECTION( '', ( 0.000000000000000, -1.00000000000000, 0.000000000000000 ) );
#3874 = ORIENTED_EDGE( '', *, *, #5944, .T. );
#3875 = ORIENTED_EDGE( '', *, *, #5945, .F. );
#3876 = ORIENTED_EDGE( '', *, *, #5941, .F. );
#3877 = ORIENTED_EDGE( '', *, *, #5946, .T. );
#3878 = CARTESIAN_POINT( '', ( 0.000726311034184100, 3.00000000000000E-005, 2.23404228687300E-005 ) );
#3879 = DIRECTION( '', ( -0.526615932040002, 0.000000000000000, -0.850103323203503 ) );
#3880 = DIRECTION( '', ( -0.850103323203503, 0.000000000000000, 0.526615932040002 ) );
#3881 = ORIENTED_EDGE( '', *, *, #5339, .F. );
#3882 = ORIENTED_EDGE( '', *, *, #5947, .F. );
#3883 = ORIENTED_EDGE( '', *, *, #5442, .F. );
#3884 = ORIENTED_EDGE( '', *, *, #5948, .T. );
#3885 = ORIENTED_EDGE( '', *, *, #5360, .F. );
#3886 = ORIENTED_EDGE( '', *, *, #5900, .F. );
#3887 = CARTESIAN_POINT( '', ( 0.000000000000000, 0.000000000000000, 0.00145000000000000 ) );
#3888 = DIRECTION( '', ( 0.000000000000000, 0.000000000000000, 1.00000000000000 ) );
#3889 = DIRECTION( '', ( 1.00000000000000, -0.000000000000000, 0.000000000000000 ) );
#3890 = ORIENTED_EDGE( '', *, *, #5949, .T. );
#3891 = ORIENTED_EDGE( '', *, *, #5950, .T. );
#3892 = ORIENTED_EDGE( '', *, *, #5951, .F. );
#3893 = ORIENTED_EDGE( '', *, *, #5728, .F. );
#3894 = CARTESIAN_POINT( '', ( 0.00120000000000000, 0.000876524366593500, 0.00185000000000000 ) );
#3895 = DIRECTION( '', ( -0.000000000000000, 1.00000000000000, -0.000000000000000 ) );
#3896 = DIRECTION( '', ( 0.000000000000000, 0.000000000000000, -1.00000000000000 ) );
#3897 = ORIENTED_EDGE( '', *, *, #5927, .T. );
#3898 = ORIENTED_EDGE( '', *, *, #5952, .F. );
#3899 = ORIENTED_EDGE( '', *, *, #5503, .F. );
#3900 = ORIENTED_EDGE( '', *, *, #5953, .T. );
#3901 = CARTESIAN_POINT( '', ( 0.000550000000000000, 3.00000000000000E-005, -5.21276533603700E-005 ) );
#3902 = DIRECTION( '', ( -0.997058508377808, 0.000000000000000, -0.0766441835459206 ) );
#3903 = DIRECTION( '', ( -0.0766441835459206, 0.000000000000000, 0.997058508377808 ) );
#3904 = ORIENTED_EDGE( '', *, *, #5823, .T. );
#3905 = ORIENTED_EDGE( '', *, *, #5677, .T. );
#3906 = ORIENTED_EDGE( '', *, *, #5650, .F. );
#3907 = ORIENTED_EDGE( '', *, *, #5842, .F. );
#3908 = CARTESIAN_POINT( '', ( 0.00164500000000000, 0.000939127379678100, -0.00112999238475800 ) );
#3909 = DIRECTION( '', ( 0.000000000000000, 0.0174524064372799, 0.999847695156391 ) );
#3910 = DIRECTION( '', ( 1.00000000000000, -0.000000000000000, 0.000000000000000 ) );
#3911 = ORIENTED_EDGE( '', *, *, #5525, .F. );
#3912 = CARTESIAN_POINT( '', ( -0.00122000000000000, 0.000450000000000000, -0.000550000000000000 ) );
#3913 = DIRECTION( '', ( 0.000000000000000, 1.00000000000000, 0.000000000000000 ) );
#3914 = DIRECTION( '', ( 1.00000000000000, 0.000000000000000, -0.000000000000000 ) );
#3915 = ORIENTED_EDGE( '', *, *, #5454, .T. );
#3916 = ORIENTED_EDGE( '', *, *, #5954, .F. );
#3917 = CARTESIAN_POINT( '', ( 0.00143000000000000, 0.000472500000000000, 0.000000000000000 ) );
#3918 = DIRECTION( '', ( 0.000000000000000, 1.00000000000000, -0.000000000000000 ) );
#3919 = DIRECTION( '', ( -1.00000000000000, 0.000000000000000, 0.000000000000000 ) );
#3920 = ORIENTED_EDGE( '', *, *, #5457, .T. );
#3921 = ORIENTED_EDGE( '', *, *, #5955, .T. );
#3922 = ORIENTED_EDGE( '', *, *, #5956, .F. );
#3923 = ORIENTED_EDGE( '', *, *, #5912, .F. );
#3924 = CARTESIAN_POINT( '', ( 0.000748331477354800, 0.000000000000000, 0.000500000000000000 ) );
#3925 = DIRECTION( '', ( 0.000000000000000, 0.000000000000000, 1.00000000000000 ) );
#3926 = DIRECTION( '', ( 1.00000000000000, -0.000000000000000, 0.000000000000000 ) );
#3927 = ORIENTED_EDGE( '', *, *, #5956, .T. );
#3928 = ORIENTED_EDGE( '', *, *, #5957, .T. );
#3929 = ORIENTED_EDGE( '', *, *, #5666, .T. );
#3930 = ORIENTED_EDGE( '', *, *, #5913, .T. );
#3931 = ORIENTED_EDGE( '', *, *, #5685, .T. );
#3932 = ORIENTED_EDGE( '', *, *, #5958, .F. );
#3933 = ORIENTED_EDGE( '', *, *, #5919, .F. );
#3934 = ORIENTED_EDGE( '', *, *, #5959, .F. );
#3935 = ORIENTED_EDGE( '', *, *, #5739, .F. );
#3936 = ORIENTED_EDGE( '', *, *, #5777, .F. );
#3937 = ORIENTED_EDGE( '', *, *, #5775, .F. );
#3938 = ORIENTED_EDGE( '', *, *, #5759, .F. );
#3939 = ORIENTED_EDGE( '', *, *, #5865, .F. );
#3940 = ORIENTED_EDGE( '', *, *, #5960, .F. );
#3941 = ORIENTED_EDGE( '', *, *, #5961, .F. );
#3942 = ORIENTED_EDGE( '', *, *, #5925, .F. );
#3943 = ORIENTED_EDGE( '', *, *, #5772, .F. );
#3944 = ORIENTED_EDGE( '', *, *, #5766, .F. );
#3945 = ORIENTED_EDGE( '', *, *, #5769, .F. );
#3946 = ORIENTED_EDGE( '', *, *, #5962, .F. );
#3947 = ORIENTED_EDGE( '', *, *, #5963, .F. );
#3948 = ORIENTED_EDGE( '', *, *, #5964, .F. );
#3949 = ORIENTED_EDGE( '', *, *, #5674, .F. );
#3950 = ORIENTED_EDGE( '', *, *, #5277, .F. );
#3951 = ORIENTED_EDGE( '', *, *, #5965, .F. );
#3952 = ORIENTED_EDGE( '', *, *, #5966, .F. );
#3953 = ORIENTED_EDGE( '', *, *, #5836, .F. );
#3954 = ORIENTED_EDGE( '', *, *, #5967, .F. );
#3955 = ORIENTED_EDGE( '', *, *, #5968, .F. );
#3956 = ORIENTED_EDGE( '', *, *, #5969, .F. );
#3957 = ORIENTED_EDGE( '', *, *, #5871, .F. );
#3958 = ORIENTED_EDGE( '', *, *, #5613, .F. );
#3959 = ORIENTED_EDGE( '', *, *, #5970, .F. );
#3960 = ORIENTED_EDGE( '', *, *, #5915, .F. );
#3961 = ORIENTED_EDGE( '', *, *, #5803, .F. );
#3962 = ORIENTED_EDGE( '', *, *, #5502, .F. );
#3963 = ORIENTED_EDGE( '', *, *, #5265, .F. );
#3964 = ORIENTED_EDGE( '', *, *, #5971, .F. );
#3965 = ORIENTED_EDGE( '', *, *, #5269, .F. );
#3966 = ORIENTED_EDGE( '', *, *, #5839, .F. );
#3967 = ORIENTED_EDGE( '', *, *, #5972, .F. );
#3968 = ORIENTED_EDGE( '', *, *, #5755, .F. );
#3969 = ORIENTED_EDGE( '', *, *, #5709, .F. );
#3970 = ORIENTED_EDGE( '', *, *, #5928, .F. );
#3971 = ORIENTED_EDGE( '', *, *, #5953, .F. );
#3972 = ORIENTED_EDGE( '', *, *, #5506, .F. );
#3973 = ORIENTED_EDGE( '', *, *, #5688, .F. );
#3974 = ORIENTED_EDGE( '', *, *, #5973, .F. );
#3975 = ORIENTED_EDGE( '', *, *, #5733, .F. );
#3976 = ORIENTED_EDGE( '', *, *, #5281, .F. );
#3977 = ORIENTED_EDGE( '', *, *, #5284, .F. );
#3978 = ORIENTED_EDGE( '', *, *, #5930, .F. );
#3979 = ORIENTED_EDGE( '', *, *, #5598, .F. );
#3980 = ORIENTED_EDGE( '', *, *, #5593, .F. );
#3981 = ORIENTED_EDGE( '', *, *, #5595, .F. );
#3982 = ORIENTED_EDGE( '', *, *, #5288, .F. );
#3983 = ORIENTED_EDGE( '', *, *, #5974, .F. );
#3984 = ORIENTED_EDGE( '', *, *, #5975, .F. );
#3985 = ORIENTED_EDGE( '', *, *, #5976, .F. );
#3986 = ORIENTED_EDGE( '', *, *, #5977, .F. );
#3987 = ORIENTED_EDGE( '', *, *, #5978, .F. );
#3988 = ORIENTED_EDGE( '', *, *, #5979, .F. );
#3989 = ORIENTED_EDGE( '', *, *, #5980, .F. );
#3990 = ORIENTED_EDGE( '', *, *, #5981, .F. );
#3991 = ORIENTED_EDGE( '', *, *, #5516, .F. );
#3992 = ORIENTED_EDGE( '', *, *, #5744, .F. );
#3993 = ORIENTED_EDGE( '', *, *, #5292, .F. );
#3994 = ORIENTED_EDGE( '', *, *, #5714, .F. );
#3995 = ORIENTED_EDGE( '', *, *, #5698, .F. );
#3996 = ORIENTED_EDGE( '', *, *, #5296, .F. );
#3997 = ORIENTED_EDGE( '', *, *, #5982, .F. );
#3998 = ORIENTED_EDGE( '', *, *, #5983, .F. );
#3999 = ORIENTED_EDGE( '', *, *, #5800, .F. );
#4000 = CARTESIAN_POINT( '', ( 0.000000000000000, 3.00000000000000E-005, 0.000000000000000 ) );
#4001 = DIRECTION( '', ( 0.000000000000000, -1.00000000000000, 0.000000000000000 ) );
#4002 = DIRECTION( '', ( 0.000000000000000, 0.000000000000000, -1.00000000000000 ) );
#4003 = ORIENTED_EDGE( '', *, *, #5456, .T. );
#4004 = ORIENTED_EDGE( '', *, *, #5667, .T. );
#4005 = ORIENTED_EDGE( '', *, *, #5957, .F. );
#4006 = ORIENTED_EDGE( '', *, *, #5955, .F. );
#4007 = CARTESIAN_POINT( '', ( 0.000000000000000, 0.000000000000000, 0.000000000000000 ) );
#4008 = DIRECTION( '', ( -0.000000000000000, 1.00000000000000, -0.000000000000000 ) );
#4009 = DIRECTION( '', ( 1.00000000000000, 0.000000000000000, 0.000000000000000 ) );
#4010 = ORIENTED_EDGE( '', *, *, #5382, .F. );
#4011 = ORIENTED_EDGE( '', *, *, #5851, .T. );
#4012 = ORIENTED_EDGE( '', *, *, #5445, .F. );
#4013 = ORIENTED_EDGE( '', *, *, #5984, .F. );
#4014 = ORIENTED_EDGE( '', *, *, #5985, .T. );
#4015 = CARTESIAN_POINT( '', ( -0.00175000000000000, 0.00747682263999500, 0.00125000000000000 ) );
#4016 = DIRECTION( '', ( -0.000000000000000, 1.00000000000000, -0.000000000000000 ) );
#4017 = DIRECTION( '', ( 0.000000000000000, 0.000000000000000, 1.00000000000000 ) );
#4018 = ORIENTED_EDGE( '', *, *, #5986, .T. );
#4019 = ORIENTED_EDGE( '', *, *, #5879, .F. );
#4020 = ORIENTED_EDGE( '', *, *, #5833, .F. );
#4021 = ORIENTED_EDGE( '', *, *, #5966, .T. );
#4022 = CARTESIAN_POINT( '', ( -0.000511491041224700, 3.00000000000000E-005, 0.000156382960081100 ) );
#4023 = DIRECTION( '', ( 1.00000000000000, 0.000000000000000, 0.000000000000000 ) );
#4024 = DIRECTION( '', ( 0.000000000000000, 1.00000000000000, -0.000000000000000 ) );
#4025 = ORIENTED_EDGE( '', *, *, #5367, .T. );
#4026 = ORIENTED_EDGE( '', *, *, #5460, .T. );
#4027 = ORIENTED_EDGE( '', *, *, #5556, .F. );
#4028 = ORIENTED_EDGE( '', *, *, #5987, .F. );
#4029 = CARTESIAN_POINT( '', ( -0.00190000000000000, 0.000820000000000000, 0.000400000000000000 ) );
#4030 = DIRECTION( '', ( 0.000000000000000, 1.00000000000000, 0.000000000000000 ) );
#4031 = DIRECTION( '', ( 1.00000000000000, 0.000000000000000, -0.000000000000000 ) );
#4032 = ORIENTED_EDGE( '', *, *, #5648, .F. );
#4033 = ORIENTED_EDGE( '', *, *, #5988, .T. );
#4034 = CARTESIAN_POINT( '', ( 0.000000000000000, 0.00426000000000000, -0.000200000000000000 ) );
#4035 = DIRECTION( '', ( 0.000000000000000, -1.00000000000000, 0.000000000000000 ) );
#4036 = DIRECTION( '', ( -1.00000000000000, 0.000000000000000, 0.000000000000000 ) );
#4037 = ORIENTED_EDGE( '', *, *, #5989, .T. );
#4038 = ORIENTED_EDGE( '', *, *, #5990, .F. );
#4039 = ORIENTED_EDGE( '', *, *, #5397, .F. );
#4040 = ORIENTED_EDGE( '', *, *, #5991, .F. );
#4041 = ORIENTED_EDGE( '', *, *, #5992, .T. );
#4042 = CARTESIAN_POINT( '', ( 0.00197000000000000, 0.000776382528814400, -0.000200000000000000 ) );
#4043 = DIRECTION( '', ( 0.000000000000000, 0.923879532511285, -0.382683432365094 ) );
#4044 = DIRECTION( '', ( -1.00000000000000, 0.000000000000000, 0.000000000000000 ) );
#4045 = ORIENTED_EDGE( '', *, *, #5892, .T. );
#4046 = ORIENTED_EDGE( '', *, *, #5993, .F. );
#4047 = ORIENTED_EDGE( '', *, *, #5994, .F. );
#4048 = ORIENTED_EDGE( '', *, *, #5841, .F. );
#4049 = ORIENTED_EDGE( '', *, *, #5995, .F. );
#4050 = ORIENTED_EDGE( '', *, *, #5740, .T. );
#4051 = ORIENTED_EDGE( '', *, *, #5641, .F. );
#4052 = ORIENTED_EDGE( '', *, *, #5530, .F. );
#4053 = CARTESIAN_POINT( '', ( 0.00200000000000000, 0.00129413871994500, -0.00113540227526100 ) );
#4054 = DIRECTION( '', ( -0.000000000000000, -1.00000000000000, 0.000000000000000 ) );
#4055 = DIRECTION( '', ( -1.00000000000000, 0.000000000000000, 0.000000000000000 ) );
#4056 = ORIENTED_EDGE( '', *, *, #5320, .F. );
#4057 = ORIENTED_EDGE( '', *, *, #5303, .T. );
#4058 = ORIENTED_EDGE( '', *, *, #5996, .T. );
#4059 = ORIENTED_EDGE( '', *, *, #5997, .F. );
#4060 = CARTESIAN_POINT( '', ( -0.00197000000000000, 0.000846039816339700, -0.000412500000000000 ) );
#4061 = DIRECTION( '', ( 0.000000000000000, 0.0816932394452710, 0.996657521232313 ) );
#4062 = DIRECTION( '', ( 1.00000000000000, -0.000000000000000, 0.000000000000000 ) );
#4063 = ORIENTED_EDGE( '', *, *, #5998, .F. );
#4064 = ORIENTED_EDGE( '', *, *, #5483, .F. );
#4065 = ORIENTED_EDGE( '', *, *, #5408, .F. );
#4066 = ORIENTED_EDGE( '', *, *, #5999, .T. );
#4067 = CARTESIAN_POINT( '', ( 0.00189413871994500, 0.000765980074947300, 0.000355770041695400 ) );
#4068 = DIRECTION( '', ( -1.00000000000000, -0.000000000000000, -0.000000000000000 ) );
#4069 = DIRECTION( '', ( 0.000000000000000, -0.0816932394452710, 0.996657521232313 ) );
#4070 = ORIENTED_EDGE( '', *, *, #5264, .T. );
#4071 = ORIENTED_EDGE( '', *, *, #6000, .F. );
#4072 = ORIENTED_EDGE( '', *, *, #5266, .F. );
#4073 = ORIENTED_EDGE( '', *, *, #5971, .T. );
#4074 = CARTESIAN_POINT( '', ( 0.000758367588980600, 3.00000000000000E-005, -0.000335106383450300 ) );
#4075 = DIRECTION( '', ( 0.744470214108507, 0.000000000000000, -0.667655674959206 ) );
#4076 = DIRECTION( '', ( 0.000000000000000, -1.00000000000000, 0.000000000000000 ) );
#4077 = ORIENTED_EDGE( '', *, *, #5337, .T. );
#4078 = ORIENTED_EDGE( '', *, *, #6001, .T. );
#4079 = ORIENTED_EDGE( '', *, *, #5789, .F. );
#4080 = ORIENTED_EDGE( '', *, *, #6002, .F. );
#4081 = CARTESIAN_POINT( '', ( -0.00120000000000000, 0.000870000000000000, 0.00175000000000000 ) );
#4082 = DIRECTION( '', ( 1.00000000000000, 0.000000000000000, 0.000000000000000 ) );
#4083 = DIRECTION( '', ( 0.000000000000000, 0.991790327538489, -0.127874728547499 ) );
#4084 = ORIENTED_EDGE( '', *, *, #6003, .T. );
#4085 = ORIENTED_EDGE( '', *, *, #6004, .T. );
#4086 = ORIENTED_EDGE( '', *, *, #5294, .T. );
#4087 = ORIENTED_EDGE( '', *, *, #5697, .T. );
#4088 = ORIENTED_EDGE( '', *, *, #5713, .T. );
#4089 = ORIENTED_EDGE( '', *, *, #5290, .T. );
#4090 = ORIENTED_EDGE( '', *, *, #5743, .T. );
#4091 = ORIENTED_EDGE( '', *, *, #5514, .T. );
#4092 = ORIENTED_EDGE( '', *, *, #6005, .T. );
#4093 = ORIENTED_EDGE( '', *, *, #6006, .T. );
#4094 = ORIENTED_EDGE( '', *, *, #6007, .T. );
#4095 = ORIENTED_EDGE( '', *, *, #6008, .T. );
#4096 = ORIENTED_EDGE( '', *, *, #6009, .T. );
#4097 = ORIENTED_EDGE( '', *, *, #6010, .T. );
#4098 = ORIENTED_EDGE( '', *, *, #6011, .T. );
#4099 = ORIENTED_EDGE( '', *, *, #6012, .T. );
#4100 = ORIENTED_EDGE( '', *, *, #5286, .T. );
#4101 = ORIENTED_EDGE( '', *, *, #5594, .T. );
#4102 = ORIENTED_EDGE( '', *, *, #5591, .T. );
#4103 = ORIENTED_EDGE( '', *, *, #5597, .T. );
#4104 = ORIENTED_EDGE( '', *, *, #5929, .T. );
#4105 = ORIENTED_EDGE( '', *, *, #5282, .T. );
#4106 = ORIENTED_EDGE( '', *, *, #5279, .T. );
#4107 = ORIENTED_EDGE( '', *, *, #5732, .T. );
#4108 = ORIENTED_EDGE( '', *, *, #6013, .T. );
#4109 = ORIENTED_EDGE( '', *, *, #5686, .T. );
#4110 = ORIENTED_EDGE( '', *, *, #5504, .T. );
#4111 = ORIENTED_EDGE( '', *, *, #5952, .T. );
#4112 = ORIENTED_EDGE( '', *, *, #5926, .T. );
#4113 = ORIENTED_EDGE( '', *, *, #5707, .T. );
#4114 = ORIENTED_EDGE( '', *, *, #5754, .T. );
#4115 = ORIENTED_EDGE( '', *, *, #6014, .T. );
#4116 = ORIENTED_EDGE( '', *, *, #5837, .T. );
#4117 = ORIENTED_EDGE( '', *, *, #5267, .T. );
#4118 = ORIENTED_EDGE( '', *, *, #6000, .T. );
#4119 = ORIENTED_EDGE( '', *, *, #5263, .T. );
#4120 = ORIENTED_EDGE( '', *, *, #5501, .T. );
#4121 = ORIENTED_EDGE( '', *, *, #5802, .T. );
#4122 = ORIENTED_EDGE( '', *, *, #5914, .T. );
#4123 = ORIENTED_EDGE( '', *, *, #5798, .T. );
#4124 = ORIENTED_EDGE( '', *, *, #5826, .T. );
#4125 = ORIENTED_EDGE( '', *, *, #6015, .T. );
#4126 = ORIENTED_EDGE( '', *, *, #5810, .T. );
#4127 = ORIENTED_EDGE( '', *, *, #6016, .T. );
#4128 = ORIENTED_EDGE( '', *, *, #5583, .T. );
#4129 = ORIENTED_EDGE( '', *, *, #6017, .T. );
#4130 = ORIENTED_EDGE( '', *, *, #6018, .T. );
#4131 = ORIENTED_EDGE( '', *, *, #5938, .T. );
#4132 = ORIENTED_EDGE( '', *, *, #5932, .T. );
#4133 = ORIENTED_EDGE( '', *, *, #5936, .T. );
#4134 = ORIENTED_EDGE( '', *, *, #6019, .T. );
#4135 = ORIENTED_EDGE( '', *, *, #5615, .T. );
#4136 = ORIENTED_EDGE( '', *, *, #6020, .T. );
#4137 = ORIENTED_EDGE( '', *, *, #5298, .T. );
#4138 = ORIENTED_EDGE( '', *, *, #5793, .T. );
#4139 = ORIENTED_EDGE( '', *, *, #5942, .T. );
#4140 = ORIENTED_EDGE( '', *, *, #5945, .T. );
#4141 = ORIENTED_EDGE( '', *, *, #6021, .T. );
#4142 = ORIENTED_EDGE( '', *, *, #6022, .T. );
#4143 = ORIENTED_EDGE( '', *, *, #5746, .T. );
#4144 = CARTESIAN_POINT( '', ( 0.000000000000000, 1.00000000000000E-005, 0.000000000000000 ) );
#4145 = DIRECTION( '', ( 0.000000000000000, -1.00000000000000, 0.000000000000000 ) );
#4146 = DIRECTION( '', ( 0.000000000000000, 0.000000000000000, -1.00000000000000 ) );
#4147 = ORIENTED_EDGE( '', *, *, #6023, .T. );
#4148 = ORIENTED_EDGE( '', *, *, #5902, .T. );
#4149 = ORIENTED_EDGE( '', *, *, #6024, .F. );
#4150 = ORIENTED_EDGE( '', *, *, #5719, .F. );
#4151 = ORIENTED_EDGE( '', *, *, #6025, .F. );
#4152 = ORIENTED_EDGE( '', *, *, #5411, .T. );
#4153 = ORIENTED_EDGE( '', *, *, #5517, .F. );
#4154 = ORIENTED_EDGE( '', *, *, #5485, .T. );
#4155 = ORIENTED_EDGE( '', *, *, #6026, .F. );
#4156 = ORIENTED_EDGE( '', *, *, #5992, .F. );
#4157 = CARTESIAN_POINT( '', ( 0.00190000000000000, 0.000820000000000000, -0.000400000000000000 ) );
#4158 = DIRECTION( '', ( -0.371390676354087, -0.928476690885266, 0.000000000000000 ) );
#4159 = DIRECTION( '', ( -0.928476690885266, 0.371390676354087, 0.000000000000000 ) );
#4160 = ORIENTED_EDGE( '', *, *, #6027, .T. );
#4161 = ORIENTED_EDGE( '', *, *, #6028, .T. );
#4162 = ORIENTED_EDGE( '', *, *, #6029, .T. );
#4163 = ORIENTED_EDGE( '', *, *, #6030, .T. );
#4164 = CARTESIAN_POINT( '', ( 0.00180000000000000, 0.00132000000000000, 0.00140000000000000 ) );
#4165 = DIRECTION( '', ( -0.866025403784429, -0.500000000000017, 0.000000000000000 ) );
#4166 = DIRECTION( '', ( -0.500000000000017, 0.866025403784429, 0.000000000000000 ) );
#4167 = ORIENTED_EDGE( '', *, *, #5796, .T. );
#4168 = ORIENTED_EDGE( '', *, *, #5429, .T. );
#4169 = ORIENTED_EDGE( '', *, *, #6031, .F. );
#4170 = ORIENTED_EDGE( '', *, *, #6028, .F. );
#4171 = ORIENTED_EDGE( '', *, *, #6032, .T. );
#4172 = ORIENTED_EDGE( '', *, *, #6033, .F. );
#4173 = ORIENTED_EDGE( '', *, *, #6034, .F. );
#4174 = ORIENTED_EDGE( '', *, *, #5752, .F. );
#4175 = CARTESIAN_POINT( '', ( 0.00190000000000000, 0.000000000000000, 0.00140000000000000 ) );
#4176 = DIRECTION( '', ( 1.00000000000000, 0.000000000000000, 0.000000000000000 ) );
#4177 = DIRECTION( '', ( 0.000000000000000, 1.00000000000000, -0.000000000000000 ) );
#4178 = ORIENTED_EDGE( '', *, *, #6035, .F. );
#4179 = ORIENTED_EDGE( '', *, *, #6036, .F. );
#4180 = ORIENTED_EDGE( '', *, *, #6037, .F. );
#4181 = ORIENTED_EDGE( '', *, *, #5906, .F. );
#4182 = ORIENTED_EDGE( '', *, *, #5374, .F. );
#4183 = ORIENTED_EDGE( '', *, *, #5903, .F. );
#4184 = ORIENTED_EDGE( '', *, *, #6023, .F. );
#4185 = ORIENTED_EDGE( '', *, *, #6032, .F. );
#4186 = ORIENTED_EDGE( '', *, *, #6027, .F. );
#4187 = ORIENTED_EDGE( '', *, *, #6038, .T. );
#4188 = CARTESIAN_POINT( '', ( 0.000000000000000, 0.000000000000000, -0.000400000000000000 ) );
#4189 = DIRECTION( '', ( 0.000000000000000, 0.000000000000000, 1.00000000000000 ) );
#4190 = DIRECTION( '', ( 1.00000000000000, -0.000000000000000, 0.000000000000000 ) );
#4191 = ORIENTED_EDGE( '', *, *, #6030, .F. );
#4192 = ORIENTED_EDGE( '', *, *, #6039, .F. );
#4193 = ORIENTED_EDGE( '', *, *, #6040, .F. );
#4194 = ORIENTED_EDGE( '', *, *, #5741, .T. );
#4195 = ORIENTED_EDGE( '', *, *, #5995, .T. );
#4196 = ORIENTED_EDGE( '', *, *, #6041, .T. );
#4197 = ORIENTED_EDGE( '', *, *, #6038, .F. );
#4198 = CARTESIAN_POINT( '', ( 0.000000000000000, 0.00132000000000000, 0.000000000000000 ) );
#4199 = DIRECTION( '', ( 0.000000000000000, -1.00000000000000, 0.000000000000000 ) );
#4200 = DIRECTION( '', ( 0.000000000000000, 0.000000000000000, -1.00000000000000 ) );
#4201 = ORIENTED_EDGE( '', *, *, #6042, .F. );
#4202 = ORIENTED_EDGE( '', *, *, #5856, .T. );
#4203 = ORIENTED_EDGE( '', *, *, #5366, .F. );
#4204 = ORIENTED_EDGE( '', *, *, #6043, .F. );
#4205 = ORIENTED_EDGE( '', *, *, #5874, .F. );
#4206 = ORIENTED_EDGE( '', *, *, #5589, .F. );
#4207 = ORIENTED_EDGE( '', *, *, #6044, .F. );
#4208 = ORIENTED_EDGE( '', *, *, #5602, .F. );
#4209 = ORIENTED_EDGE( '', *, *, #6045, .T. );
#4210 = ORIENTED_EDGE( '', *, *, #5356, .T. );
#4211 = CARTESIAN_POINT( '', ( 0.000000000000000, 0.000000000000000, -0.000400000000000000 ) );
#4212 = DIRECTION( '', ( 0.000000000000000, 0.000000000000000, 1.00000000000000 ) );
#4213 = DIRECTION( '', ( 1.00000000000000, -0.000000000000000, 0.000000000000000 ) );
#4214 = ORIENTED_EDGE( '', *, *, #5601, .T. );
#4215 = ORIENTED_EDGE( '', *, *, #5319, .F. );
#4216 = ORIENTED_EDGE( '', *, *, #5994, .T. );
#4217 = ORIENTED_EDGE( '', *, *, #6046, .T. );
#4218 = ORIENTED_EDGE( '', *, *, #5350, .T. );
#4219 = ORIENTED_EDGE( '', *, *, #6045, .F. );
#4220 = CARTESIAN_POINT( '', ( -0.00187000000000000, 0.00127000000000000, 0.00106056912752500 ) );
#4221 = DIRECTION( '', ( -0.000000000000000, 0.000000000000000, 1.00000000000000 ) );
#4222 = DIRECTION( '', ( 0.000000000000000, -1.00000000000000, 0.000000000000000 ) );
#4223 = ORIENTED_EDGE( '', *, *, #6046, .F. );
#4224 = ORIENTED_EDGE( '', *, *, #5993, .T. );
#4225 = ORIENTED_EDGE( '', *, *, #5891, .F. );
#4226 = ORIENTED_EDGE( '', *, *, #6047, .F. );
#4227 = ORIENTED_EDGE( '', *, *, #6048, .T. );
#4228 = ORIENTED_EDGE( '', *, *, #5889, .F. );
#4229 = ORIENTED_EDGE( '', *, *, #5917, .F. );
#4230 = ORIENTED_EDGE( '', *, *, #5958, .T. );
#4231 = CARTESIAN_POINT( '', ( -0.000575604150817700, 3.00000000000000E-005, 9.68084990978200E-005 ) );
#4232 = DIRECTION( '', ( -0.856484981537869, 0.000000000000000, 0.516171944607682 ) );
#4233 = DIRECTION( '', ( 0.000000000000000, 1.00000000000000, 0.000000000000000 ) );
#4234 = ORIENTED_EDGE( '', *, *, #5612, .T. );
#4235 = ORIENTED_EDGE( '', *, *, #5890, .F. );
#4236 = ORIENTED_EDGE( '', *, *, #6048, .F. );
#4237 = ORIENTED_EDGE( '', *, *, #5970, .T. );
#4238 = CARTESIAN_POINT( '', ( -0.000800000000000000, 3.00000000000000E-005, -0.000275531913340100 ) );
#4239 = DIRECTION( '', ( -1.00000000000000, 0.000000000000000, 0.000000000000000 ) );
#4240 = DIRECTION( '', ( 0.000000000000000, 0.000000000000000, 1.00000000000000 ) );
#4241 = ORIENTED_EDGE( '', *, *, #6049, .T. );
#4242 = ORIENTED_EDGE( '', *, *, #5322, .F. );
#4243 = ORIENTED_EDGE( '', *, *, #6050, .T. );
#4244 = ORIENTED_EDGE( '', *, *, #6051, .T. );
#4245 = ORIENTED_EDGE( '', *, *, #5370, .F. );
#4246 = CARTESIAN_POINT( '', ( -0.00197000000000000, 0.000776382528814400, -0.000200000000000000 ) );
#4247 = DIRECTION( '', ( 0.000000000000000, 0.923879532511285, -0.382683432365094 ) );
#4248 = DIRECTION( '', ( -1.00000000000000, 0.000000000000000, 0.000000000000000 ) );
#4249 = ORIENTED_EDGE( '', *, *, #6051, .F. );
#4250 = ORIENTED_EDGE( '', *, *, #6052, .T. );
#4251 = ORIENTED_EDGE( '', *, *, #5996, .F. );
#4252 = ORIENTED_EDGE( '', *, *, #5302, .F. );
#4253 = ORIENTED_EDGE( '', *, *, #5893, .F. );
#4254 = ORIENTED_EDGE( '', *, *, #5840, .F. );
#4255 = ORIENTED_EDGE( '', *, *, #5699, .T. );
#4256 = ORIENTED_EDGE( '', *, *, #6053, .T. );
#4257 = ORIENTED_EDGE( '', *, *, #5860, .T. );
#4258 = ORIENTED_EDGE( '', *, *, #6054, .T. );
#4259 = ORIENTED_EDGE( '', *, *, #5490, .T. );
#4260 = ORIENTED_EDGE( '', *, *, #5717, .F. );
#4261 = ORIENTED_EDGE( '', *, *, #6055, .F. );
#4262 = ORIENTED_EDGE( '', *, *, #5306, .F. );
#4263 = ORIENTED_EDGE( '', *, *, #5507, .F. );
#4264 = ORIENTED_EDGE( '', *, *, #5675, .T. );
#4265 = ORIENTED_EDGE( '', *, *, #5682, .F. );
#4266 = ORIENTED_EDGE( '', *, *, #5371, .F. );
#4267 = CARTESIAN_POINT( '', ( -0.00202000000000000, 0.00326853981634000, 0.000000000000000 ) );
#4268 = DIRECTION( '', ( 1.00000000000000, 0.000000000000000, 0.000000000000000 ) );
#4269 = DIRECTION( '', ( 0.000000000000000, 1.00000000000000, -0.000000000000000 ) );
#4270 = ORIENTED_EDGE( '', *, *, #5323, .F. );
#4271 = ORIENTED_EDGE( '', *, *, #6049, .F. );
#4272 = ORIENTED_EDGE( '', *, *, #5369, .T. );
#4273 = CARTESIAN_POINT( '', ( -0.00204209711521300, 0.000534507581201300, 0.000000000000000 ) );
#4274 = DIRECTION( '', ( -1.00000000000000, 0.000000000000000, -0.000000000000000 ) );
#4275 = DIRECTION( '', ( 0.000000000000000, 0.923879532511285, -0.382683432365094 ) );
#4276 = ORIENTED_EDGE( '', *, *, #6056, .T. );
#4277 = ORIENTED_EDGE( '', *, *, #6017, .F. );
#4278 = ORIENTED_EDGE( '', *, *, #5582, .F. );
#4279 = ORIENTED_EDGE( '', *, *, #6057, .T. );
#4280 = CARTESIAN_POINT( '', ( 0.000726311034184100, 3.00000000000000E-005, -0.000275531913340100 ) );
#4281 = DIRECTION( '', ( 0.000000000000000, 0.000000000000000, 1.00000000000000 ) );
#4282 = DIRECTION( '', ( 1.00000000000000, -0.000000000000000, 0.000000000000000 ) );
#4283 = ORIENTED_EDGE( '', *, *, #6058, .T. );
#4284 = ORIENTED_EDGE( '', *, *, #5877, .F. );
#4285 = ORIENTED_EDGE( '', *, *, #6059, .F. );
#4286 = ORIENTED_EDGE( '', *, *, #5968, .T. );
#4287 = CARTESIAN_POINT( '', ( -0.000735886896139200, 3.00000000000000E-005, -0.000275531913340100 ) );
#4288 = DIRECTION( '', ( 0.853146211137625, 0.000000000000000, -0.521671872369515 ) );
#4289 = DIRECTION( '', ( 0.000000000000000, -1.00000000000000, 0.000000000000000 ) );
#4290 = ORIENTED_EDGE( '', *, *, #6059, .T. );
#4291 = ORIENTED_EDGE( '', *, *, #5876, .F. );
#4292 = ORIENTED_EDGE( '', *, *, #5869, .F. );
#4293 = ORIENTED_EDGE( '', *, *, #5969, .T. );
#4294 = CARTESIAN_POINT( '', ( -0.000511491041224700, 3.00000000000000E-005, -0.000275531913340100 ) );
#4295 = DIRECTION( '', ( 0.000000000000000, 0.000000000000000, 1.00000000000000 ) );
#4296 = DIRECTION( '', ( 1.00000000000000, -0.000000000000000, 0.000000000000000 ) );
#4297 = ORIENTED_EDGE( '', *, *, #5835, .T. );
#4298 = ORIENTED_EDGE( '', *, *, #5878, .F. );
#4299 = ORIENTED_EDGE( '', *, *, #6058, .F. );
#4300 = ORIENTED_EDGE( '', *, *, #5967, .T. );
#4301 = CARTESIAN_POINT( '', ( -0.000535533454456000, 3.00000000000000E-005, 5.21276533603700E-005 ) );
#4302 = DIRECTION( '', ( 0.941268303489833, 0.000000000000000, -0.337659563533112 ) );
#4303 = DIRECTION( '', ( 0.000000000000000, -1.00000000000000, 0.000000000000000 ) );
#4304 = ORIENTED_EDGE( '', *, *, #6060, .T. );
#4305 = ORIENTED_EDGE( '', *, *, #5882, .F. );
#4306 = ORIENTED_EDGE( '', *, *, #6061, .F. );
#4307 = ORIENTED_EDGE( '', *, *, #5963, .T. );
#4308 = CARTESIAN_POINT( '', ( -0.000631703107381100, 3.00000000000000E-005, 0.000350000000000000 ) );
#4309 = DIRECTION( '', ( 0.000000000000000, 0.000000000000000, 1.00000000000000 ) );
#4310 = DIRECTION( '', ( 1.00000000000000, -0.000000000000000, 0.000000000000000 ) );
#4311 = ORIENTED_EDGE( '', *, *, #6061, .T. );
#4312 = ORIENTED_EDGE( '', *, *, #5881, .F. );
#4313 = ORIENTED_EDGE( '', *, *, #5672, .F. );
#4314 = ORIENTED_EDGE( '', *, *, #5964, .T. );
#4315 = CARTESIAN_POINT( '', ( -0.000583618280918600, 3.00000000000000E-005, 0.000335106384754200 ) );
#4316 = DIRECTION( '', ( 0.295868935509488, 0.000000000000000, 0.955228544904560 ) );
#4317 = DIRECTION( '', ( 0.000000000000000, -1.00000000000000, 0.000000000000000 ) );
#4318 = ORIENTED_EDGE( '', *, *, #5768, .T. );
#4319 = ORIENTED_EDGE( '', *, *, #5883, .F. );
#4320 = ORIENTED_EDGE( '', *, *, #6060, .F. );
#4321 = ORIENTED_EDGE( '', *, *, #5962, .T. );
#4322 = CARTESIAN_POINT( '', ( -0.000663759662177600, 3.00000000000000E-005, 0.000350000000000000 ) );
#4323 = DIRECTION( '', ( -0.256599148068710, 0.000000000000000, 0.966517913548638 ) );
#4324 = DIRECTION( '', ( 0.000000000000000, 1.00000000000000, 0.000000000000000 ) );
#4325 = ORIENTED_EDGE( '', *, *, #6062, .T. );
#4326 = ORIENTED_EDGE( '', *, *, #6063, .T. );
#4327 = ORIENTED_EDGE( '', *, *, #6064, .F. );
#4328 = ORIENTED_EDGE( '', *, *, #5703, .F. );
#4329 = CARTESIAN_POINT( '', ( 0.00207869566062100, 0.000459356486776500, 0.000000000000000 ) );
#4330 = DIRECTION( '', ( 0.422618261740681, -0.906307787036659, 0.000000000000000 ) );
#4331 = DIRECTION( '', ( 0.000000000000000, 0.000000000000000, -1.00000000000000 ) );
#4332 = ORIENTED_EDGE( '', *, *, #6065, .T. );
#4333 = ORIENTED_EDGE( '', *, *, #6007, .F. );
#4334 = ORIENTED_EDGE( '', *, *, #6066, .F. );
#4335 = ORIENTED_EDGE( '', *, *, #5979, .T. );
#4336 = CARTESIAN_POINT( '', ( 0.000646169652925100, 3.00000000000000E-005, 0.000260638308525100 ) );
#4337 = DIRECTION( '', ( 0.526615750568827, 0.000000000000000, -0.850103435619943 ) );
#4338 = DIRECTION( '', ( 0.000000000000000, -1.00000000000000, 0.000000000000000 ) );
#4339 = ORIENTED_EDGE( '', *, *, #6067, .F. );
#4340 = ORIENTED_EDGE( '', *, *, #5443, .F. );
#4341 = ORIENTED_EDGE( '', *, *, #5947, .T. );
#4342 = ORIENTED_EDGE( '', *, *, #5338, .T. );
#4343 = ORIENTED_EDGE( '', *, *, #6002, .T. );
#4344 = ORIENTED_EDGE( '', *, *, #5791, .T. );
#4345 = ORIENTED_EDGE( '', *, *, #5467, .F. );
#4346 = ORIENTED_EDGE( '', *, *, #5330, .F. );
#4347 = ORIENTED_EDGE( '', *, *, #6068, .F. );
#4348 = CARTESIAN_POINT( '', ( -0.00125000000000000, 0.000810000000000000, 0.00145000000000000 ) );
#4349 = DIRECTION( '', ( -1.00000000000000, 0.000000000000000, 0.000000000000000 ) );
#4350 = DIRECTION( '', ( 0.000000000000000, 0.000000000000000, 1.00000000000000 ) );
#4351 = ORIENTED_EDGE( '', *, *, #6069, .T. );
#4352 = ORIENTED_EDGE( '', *, *, #5629, .T. );
#4353 = ORIENTED_EDGE( '', *, *, #5361, .F. );
#4354 = ORIENTED_EDGE( '', *, *, #6070, .F. );
#4355 = CARTESIAN_POINT( '', ( -0.000250000000000000, 0.00137000000000000, 0.00115000000000000 ) );
#4356 = DIRECTION( '', ( -0.000000000000000, 1.00000000000000, -0.000000000000000 ) );
#4357 = DIRECTION( '', ( 0.000000000000000, 0.000000000000000, 1.00000000000000 ) );
#4358 = ORIENTED_EDGE( '', *, *, #5907, .T. );
#4359 = ORIENTED_EDGE( '', *, *, #5630, .T. );
#4360 = ORIENTED_EDGE( '', *, *, #6069, .F. );
#4361 = ORIENTED_EDGE( '', *, *, #6071, .F. );
#4362 = CARTESIAN_POINT( '', ( 0.000000000000000, 0.00137000000000000, 0.00135000000000000 ) );
#4363 = DIRECTION( '', ( 0.000000000000000, 0.000000000000000, 1.00000000000000 ) );
#4364 = DIRECTION( '', ( 1.00000000000000, -0.000000000000000, 0.000000000000000 ) );
#4365 = ORIENTED_EDGE( '', *, *, #6053, .F. );
#4366 = ORIENTED_EDGE( '', *, *, #5701, .T. );
#4367 = ORIENTED_EDGE( '', *, *, #5548, .F. );
#4368 = ORIENTED_EDGE( '', *, *, #5671, .F. );
#4369 = ORIENTED_EDGE( '', *, *, #5939, .T. );
#4370 = ORIENTED_EDGE( '', *, *, #6018, .F. );
#4371 = ORIENTED_EDGE( '', *, *, #6056, .F. );
#4372 = ORIENTED_EDGE( '', *, *, #6072, .T. );
#4373 = CARTESIAN_POINT( '', ( 0.000670212066156400, 3.00000000000000E-005, -0.000275531913340100 ) );
#4374 = DIRECTION( '', ( 0.526615750568827, 0.000000000000000, 0.850103435619943 ) );
#4375 = DIRECTION( '', ( 0.000000000000000, -1.00000000000000, 0.000000000000000 ) );
#4376 = ORIENTED_EDGE( '', *, *, #5432, .F. );
#4377 = ORIENTED_EDGE( '', *, *, #6073, .T. );
#4378 = ORIENTED_EDGE( '', *, *, #5749, .T. );
#4379 = ORIENTED_EDGE( '', *, *, #6034, .T. );
#4380 = CARTESIAN_POINT( '', ( 0.00285000000000000, 7.50000000000000E-005, -0.000500000000000000 ) );
#4381 = DIRECTION( '', ( 0.000000000000000, 0.000000000000000, 1.00000000000000 ) );
#4382 = DIRECTION( '', ( 1.00000000000000, -0.000000000000000, 0.000000000000000 ) );
#4383 = ORIENTED_EDGE( '', *, *, #5480, .F. );
#4384 = ORIENTED_EDGE( '', *, *, #5723, .F. );
#4385 = ORIENTED_EDGE( '', *, *, #6074, .F. );
#4386 = ORIENTED_EDGE( '', *, *, #5426, .T. );
#4387 = ORIENTED_EDGE( '', *, *, #6075, .F. );
#4388 = ORIENTED_EDGE( '', *, *, #5814, .F. );
#4389 = ORIENTED_EDGE( '', *, *, #6076, .T. );
#4390 = CARTESIAN_POINT( '', ( 0.000600000000000000, 0.000000000000000, 0.000000000000000 ) );
#4391 = DIRECTION( '', ( 1.00000000000000, 0.000000000000000, 0.000000000000000 ) );
#4392 = DIRECTION( '', ( 0.000000000000000, 1.00000000000000, -0.000000000000000 ) );
#4393 = ORIENTED_EDGE( '', *, *, #6077, .T. );
#4394 = ORIENTED_EDGE( '', *, *, #6008, .F. );
#4395 = ORIENTED_EDGE( '', *, *, #6065, .F. );
#4396 = ORIENTED_EDGE( '', *, *, #5978, .T. );
#4397 = CARTESIAN_POINT( '', ( 0.000670212066156400, 3.00000000000000E-005, 0.000275531923770900 ) );
#4398 = DIRECTION( '', ( 0.000000000000000, 0.000000000000000, -1.00000000000000 ) );
#4399 = DIRECTION( '', ( 0.000000000000000, -1.00000000000000, 0.000000000000000 ) );
#4400 = ORIENTED_EDGE( '', *, *, #5911, .F. );
#4401 = ORIENTED_EDGE( '', *, *, #6078, .F. );
#4402 = ORIENTED_EDGE( '', *, *, #5566, .T. );
#4403 = ORIENTED_EDGE( '', *, *, #5499, .T. );
#4404 = CARTESIAN_POINT( '', ( -0.00123000000000000, 0.00132000000000000, 0.00182000000000000 ) );
#4405 = DIRECTION( '', ( 0.000000000000000, 0.000000000000000, 1.00000000000000 ) );
#4406 = DIRECTION( '', ( 1.00000000000000, -0.000000000000000, 0.000000000000000 ) );
#4407 = ORIENTED_EDGE( '', *, *, #6066, .T. );
#4408 = ORIENTED_EDGE( '', *, *, #6006, .F. );
#4409 = ORIENTED_EDGE( '', *, *, #6079, .F. );
#4410 = ORIENTED_EDGE( '', *, *, #5980, .T. );
#4411 = CARTESIAN_POINT( '', ( 0.000622127239693800, 3.00000000000000E-005, 0.000230851078033400 ) );
#4412 = DIRECTION( '', ( 0.778151880413017, 0.000000000000000, -0.628076150645514 ) );
#4413 = DIRECTION( '', ( 0.000000000000000, -1.00000000000000, 0.000000000000000 ) );
#4414 = ORIENTED_EDGE( '', *, *, #6079, .T. );
#4415 = ORIENTED_EDGE( '', *, *, #6005, .F. );
#4416 = ORIENTED_EDGE( '', *, *, #5513, .F. );
#4417 = ORIENTED_EDGE( '', *, *, #5981, .T. );
#4418 = CARTESIAN_POINT( '', ( 0.000606098962295600, 3.00000000000000E-005, 0.000186170232296000 ) );
#4419 = DIRECTION( '', ( 0.941268341869628, 0.000000000000000, -0.337659456544610 ) );
#4420 = DIRECTION( '', ( 0.000000000000000, -1.00000000000000, 0.000000000000000 ) );
#4421 = ORIENTED_EDGE( '', *, *, #5349, .F. );
#4422 = ORIENTED_EDGE( '', *, *, #5916, .T. );
#4423 = ORIENTED_EDGE( '', *, *, #5647, .T. );
#4424 = ORIENTED_EDGE( '', *, *, #5920, .T. );
#4425 = ORIENTED_EDGE( '', *, *, #5783, .F. );
#4426 = ORIENTED_EDGE( '', *, *, #5923, .F. );
#4427 = CARTESIAN_POINT( '', ( -0.000560000000000000, 0.00127000000000000, -0.00123000000000000 ) );
#4428 = DIRECTION( '', ( -1.00000000000000, -0.000000000000000, -0.000000000000000 ) );
#4429 = DIRECTION( '', ( 0.000000000000000, -1.00000000000000, 0.000000000000000 ) );
#4430 = ORIENTED_EDGE( '', *, *, #5295, .T. );
#4431 = ORIENTED_EDGE( '', *, *, #6004, .F. );
#4432 = ORIENTED_EDGE( '', *, *, #6080, .F. );
#4433 = ORIENTED_EDGE( '', *, *, #5982, .T. );
#4434 = CARTESIAN_POINT( '', ( 0.000758367588980600, 3.00000000000000E-005, 8.19148838520100E-005 ) );
#4435 = DIRECTION( '', ( 0.348396478539291, 0.000000000000000, 0.937347264220375 ) );
#4436 = DIRECTION( '', ( 0.000000000000000, -1.00000000000000, 0.000000000000000 ) );
#4437 = ORIENTED_EDGE( '', *, *, #5365, .T. );
#4438 = ORIENTED_EDGE( '', *, *, #6081, .F. );
#4439 = ORIENTED_EDGE( '', *, *, #5872, .F. );
#4440 = ORIENTED_EDGE( '', *, *, #6043, .T. );
#4441 = CARTESIAN_POINT( '', ( -0.00210000000000000, 0.000760000000000000, -0.000400000000000000 ) );
#4442 = DIRECTION( '', ( 0.000000000000000, -1.00000000000000, 0.000000000000000 ) );
#4443 = DIRECTION( '', ( 0.000000000000000, 0.000000000000000, -1.00000000000000 ) );
#4444 = ORIENTED_EDGE( '', *, *, #6082, .F. );
#4445 = ORIENTED_EDGE( '', *, *, #5557, .F. );
#4446 = ORIENTED_EDGE( '', *, *, #6083, .F. );
#4447 = CARTESIAN_POINT( '', ( -0.000600000000000000, 0.000530000000000000, -0.00114999702718100 ) );
#4448 = DIRECTION( '', ( 0.000000000000000, 0.000000000000000, -1.00000000000000 ) );
#4449 = DIRECTION( '', ( 0.000000000000000, -1.00000000000000, 0.000000000000000 ) );
#4450 = ORIENTED_EDGE( '', *, *, #5816, .F. );
#4451 = ORIENTED_EDGE( '', *, *, #6084, .T. );
#4452 = ORIENTED_EDGE( '', *, *, #5424, .F. );
#4453 = ORIENTED_EDGE( '', *, *, #5656, .T. );
#4454 = ORIENTED_EDGE( '', *, *, #5558, .F. );
#4455 = ORIENTED_EDGE( '', *, *, #6082, .T. );
#4456 = ORIENTED_EDGE( '', *, *, #6085, .F. );
#4457 = CARTESIAN_POINT( '', ( -0.000600000000000000, 0.000000000000000, 0.000000000000000 ) );
#4458 = DIRECTION( '', ( 1.00000000000000, 0.000000000000000, 0.000000000000000 ) );
#4459 = DIRECTION( '', ( 0.000000000000000, 1.00000000000000, -0.000000000000000 ) );
#4460 = ORIENTED_EDGE( '', *, *, #5494, .T. );
#4461 = ORIENTED_EDGE( '', *, *, #5638, .F. );
#4462 = ORIENTED_EDGE( '', *, *, #5572, .F. );
#4463 = ORIENTED_EDGE( '', *, *, #6086, .F. );
#4464 = CARTESIAN_POINT( '', ( 0.00200000000000000, 0.00129413871994500, 0.000225000000000000 ) );
#4465 = DIRECTION( '', ( -0.000000000000000, -1.00000000000000, 0.000000000000000 ) );
#4466 = DIRECTION( '', ( -1.00000000000000, 0.000000000000000, 0.000000000000000 ) );
#4467 = ORIENTED_EDGE( '', *, *, #6087, .T. );
#4468 = ORIENTED_EDGE( '', *, *, #6011, .F. );
#4469 = ORIENTED_EDGE( '', *, *, #6088, .F. );
#4470 = ORIENTED_EDGE( '', *, *, #5975, .T. );
#4471 = CARTESIAN_POINT( '', ( 0.000766381719081400, 3.00000000000000E-005, 0.000230851078033400 ) );
#4472 = DIRECTION( '', ( -0.941268303489833, 0.000000000000000, -0.337659563533112 ) );
#4473 = DIRECTION( '', ( -0.337659563533112, 0.000000000000000, 0.941268303489833 ) );
#4474 = ORIENTED_EDGE( '', *, *, #5811, .T. );
#4475 = ORIENTED_EDGE( '', *, *, #6015, .F. );
#4476 = ORIENTED_EDGE( '', *, *, #5825, .F. );
#4477 = ORIENTED_EDGE( '', *, *, #6089, .T. );
#4478 = CARTESIAN_POINT( '', ( 0.000798438262413600, 3.00000000000000E-005, -0.000141489365696900 ) );
#4479 = DIRECTION( '', ( -0.984292302225066, 0.000000000000000, 0.176546491838494 ) );
#4480 = DIRECTION( '', ( 0.000000000000000, 1.00000000000000, 0.000000000000000 ) );
#4481 = ORIENTED_EDGE( '', *, *, #5704, .T. );
#4482 = ORIENTED_EDGE( '', *, *, #6064, .T. );
#4483 = ORIENTED_EDGE( '', *, *, #6090, .T. );
#4484 = ORIENTED_EDGE( '', *, *, #6091, .T. );
#4485 = ORIENTED_EDGE( '', *, *, #6092, .T. );
#4486 = ORIENTED_EDGE( '', *, *, #5540, .T. );
#4487 = ORIENTED_EDGE( '', *, *, #6093, .T. );
#4488 = ORIENTED_EDGE( '', *, *, #6094, .T. );
#4489 = ORIENTED_EDGE( '', *, *, #5518, .T. );
#4490 = ORIENTED_EDGE( '', *, *, #6095, .F. );
#4491 = CARTESIAN_POINT( '', ( 0.000839483681851700, 0.00299854507206800, 0.000000000000000 ) );
#4492 = DIRECTION( '', ( -0.906307787036659, -0.422618261740681, 0.000000000000000 ) );
#4493 = DIRECTION( '', ( -0.422618261740681, 0.906307787036659, 0.000000000000000 ) );
#4494 = ORIENTED_EDGE( '', *, *, #6096, .F. );
#4495 = ORIENTED_EDGE( '', *, *, #5761, .T. );
#4496 = ORIENTED_EDGE( '', *, *, #5897, .F. );
#4497 = ORIENTED_EDGE( '', *, *, #5655, .F. );
#4498 = ORIENTED_EDGE( '', *, *, #5358, .T. );
#4499 = ORIENTED_EDGE( '', *, *, #6097, .T. );
#4500 = ORIENTED_EDGE( '', *, *, #5949, .F. );
#4501 = ORIENTED_EDGE( '', *, *, #6098, .F. );
#4502 = CARTESIAN_POINT( '', ( 0.00120000000000000, 0.000870000000000000, 0.00175000000000000 ) );
#4503 = DIRECTION( '', ( 1.00000000000000, 0.000000000000000, 0.000000000000000 ) );
#4504 = DIRECTION( '', ( 0.000000000000000, 0.990980572754538, -0.134005613401405 ) );
#4505 = ORIENTED_EDGE( '', *, *, #5727, .F. );
#4506 = ORIENTED_EDGE( '', *, *, #6001, .F. );
#4507 = ORIENTED_EDGE( '', *, *, #5899, .T. );
#4508 = ORIENTED_EDGE( '', *, *, #6098, .T. );
#4509 = CARTESIAN_POINT( '', ( -0.00125910759548300, 0.000870000000000000, 0.00175000000000000 ) );
#4510 = DIRECTION( '', ( -1.00000000000000, -0.000000000000000, 0.000000000000000 ) );
#4511 = DIRECTION( '', ( 0.000000000000000, 1.00000000000000, 0.000000000000000 ) );
#4512 = ORIENTED_EDGE( '', *, *, #6036, .T. );
#4513 = ORIENTED_EDGE( '', *, *, #6099, .F. );
#4514 = ORIENTED_EDGE( '', *, *, #5394, .F. );
#4515 = ORIENTED_EDGE( '', *, *, #6100, .F. );
#4516 = ORIENTED_EDGE( '', *, *, #5729, .F. );
#4517 = ORIENTED_EDGE( '', *, *, #6101, .T. );
#4518 = ORIENTED_EDGE( '', *, *, #6086, .T. );
#4519 = ORIENTED_EDGE( '', *, *, #5576, .F. );
#4520 = ORIENTED_EDGE( '', *, *, #6102, .F. );
#4521 = ORIENTED_EDGE( '', *, *, #5904, .F. );
#4522 = ORIENTED_EDGE( '', *, *, #6037, .T. );
#4523 = ORIENTED_EDGE( '', *, *, #6101, .F. );
#4524 = ORIENTED_EDGE( '', *, *, #5730, .T. );
#4525 = ORIENTED_EDGE( '', *, *, #5495, .T. );
#4526 = CARTESIAN_POINT( '', ( 0.000000000000000, 0.00132000000000000, 0.000000000000000 ) );
#4527 = DIRECTION( '', ( 0.000000000000000, 1.00000000000000, 0.000000000000000 ) );
#4528 = DIRECTION( '', ( 1.00000000000000, 0.000000000000000, -0.000000000000000 ) );
#4529 = ORIENTED_EDGE( '', *, *, #6041, .F. );
#4530 = ORIENTED_EDGE( '', *, *, #5529, .T. );
#4531 = ORIENTED_EDGE( '', *, *, #5866, .T. );
#4532 = ORIENTED_EDGE( '', *, *, #5400, .T. );
#4533 = ORIENTED_EDGE( '', *, *, #6099, .T. );
#4534 = ORIENTED_EDGE( '', *, *, #6035, .T. );
#4535 = CARTESIAN_POINT( '', ( 0.00187000000000000, 0.00127000000000000, -0.00106056912752500 ) );
#4536 = DIRECTION( '', ( 0.000000000000000, -0.000000000000000, -1.00000000000000 ) );
#4537 = DIRECTION( '', ( 0.000000000000000, -1.00000000000000, 0.000000000000000 ) );
#4538 = ORIENTED_EDGE( '', *, *, #5574, .T. );
#4539 = ORIENTED_EDGE( '', *, *, #5406, .T. );
#4540 = ORIENTED_EDGE( '', *, *, #5762, .T. );
#4541 = ORIENTED_EDGE( '', *, *, #6096, .T. );
#4542 = ORIENTED_EDGE( '', *, *, #6103, .F. );
#4543 = ORIENTED_EDGE( '', *, *, #6104, .F. );
#4544 = CARTESIAN_POINT( '', ( 0.00187000000000000, 0.00127000000000000, -0.00106056912752500 ) );
#4545 = DIRECTION( '', ( 0.000000000000000, -0.000000000000000, -1.00000000000000 ) );
#4546 = DIRECTION( '', ( 0.000000000000000, -1.00000000000000, 0.000000000000000 ) );
#4547 = ORIENTED_EDGE( '', *, *, #5241, .T. );
#4548 = ORIENTED_EDGE( '', *, *, #5545, .T. );
#4549 = ORIENTED_EDGE( '', *, *, #6024, .T. );
#4550 = ORIENTED_EDGE( '', *, *, #5901, .T. );
#4551 = ORIENTED_EDGE( '', *, *, #5376, .F. );
#4552 = ORIENTED_EDGE( '', *, *, #5905, .T. );
#4553 = ORIENTED_EDGE( '', *, *, #6102, .T. );
#4554 = ORIENTED_EDGE( '', *, *, #5575, .F. );
#4555 = ORIENTED_EDGE( '', *, *, #6104, .T. );
#4556 = ORIENTED_EDGE( '', *, *, #6105, .F. );
#4557 = CARTESIAN_POINT( '', ( 0.000000000000000, 0.000000000000000, 0.000400000000000000 ) );
#4558 = DIRECTION( '', ( 0.000000000000000, 0.000000000000000, 1.00000000000000 ) );
#4559 = DIRECTION( '', ( 1.00000000000000, -0.000000000000000, 0.000000000000000 ) );
#4560 = ORIENTED_EDGE( '', *, *, #6103, .T. );
#4561 = ORIENTED_EDGE( '', *, *, #5654, .T. );
#4562 = ORIENTED_EDGE( '', *, *, #6106, .T. );
#4563 = ORIENTED_EDGE( '', *, *, #6107, .F. );
#4564 = ORIENTED_EDGE( '', *, *, #5246, .F. );
#4565 = ORIENTED_EDGE( '', *, *, #5242, .F. );
#4566 = ORIENTED_EDGE( '', *, *, #6105, .T. );
#4567 = CARTESIAN_POINT( '', ( 0.000000000000000, 0.00132000000000000, 0.000000000000000 ) );
#4568 = DIRECTION( '', ( 0.000000000000000, -1.00000000000000, 0.000000000000000 ) );
#4569 = DIRECTION( '', ( 0.000000000000000, 0.000000000000000, -1.00000000000000 ) );
#4570 = ORIENTED_EDGE( '', *, *, #5822, .F. );
#4571 = ORIENTED_EDGE( '', *, *, #5577, .F. );
#4572 = ORIENTED_EDGE( '', *, *, #6108, .T. );
#4573 = ORIENTED_EDGE( '', *, *, #5587, .T. );
#4574 = ORIENTED_EDGE( '', *, *, #5873, .F. );
#4575 = ORIENTED_EDGE( '', *, *, #6081, .T. );
#4576 = ORIENTED_EDGE( '', *, *, #5364, .T. );
#4577 = ORIENTED_EDGE( '', *, *, #5852, .F. );
#4578 = ORIENTED_EDGE( '', *, *, #5380, .T. );
#4579 = ORIENTED_EDGE( '', *, *, #6109, .F. );
#4580 = CARTESIAN_POINT( '', ( 0.000000000000000, 0.000000000000000, 0.000400000000000000 ) );
#4581 = DIRECTION( '', ( 0.000000000000000, 0.000000000000000, 1.00000000000000 ) );
#4582 = DIRECTION( '', ( 1.00000000000000, -0.000000000000000, 0.000000000000000 ) );
#4583 = ORIENTED_EDGE( '', *, *, #5383, .T. );
#4584 = ORIENTED_EDGE( '', *, *, #5985, .F. );
#4585 = ORIENTED_EDGE( '', *, *, #6110, .T. );
#4586 = ORIENTED_EDGE( '', *, *, #6111, .T. );
#4587 = ORIENTED_EDGE( '', *, *, #6112, .T. );
#4588 = ORIENTED_EDGE( '', *, *, #5819, .F. );
#4589 = ORIENTED_EDGE( '', *, *, #6109, .T. );
#4590 = CARTESIAN_POINT( '', ( 0.000000000000000, 0.00132000000000000, 0.000000000000000 ) );
#4591 = DIRECTION( '', ( 0.000000000000000, -1.00000000000000, 0.000000000000000 ) );
#4592 = DIRECTION( '', ( 0.000000000000000, 0.000000000000000, -1.00000000000000 ) );
#4593 = ORIENTED_EDGE( '', *, *, #5813, .T. );
#4594 = ORIENTED_EDGE( '', *, *, #6085, .T. );
#4595 = ORIENTED_EDGE( '', *, *, #6083, .T. );
#4596 = ORIENTED_EDGE( '', *, *, #5560, .T. );
#4597 = ORIENTED_EDGE( '', *, *, #5472, .T. );
#4598 = ORIENTED_EDGE( '', *, *, #5895, .T. );
#4599 = ORIENTED_EDGE( '', *, *, #5563, .T. );
#4600 = ORIENTED_EDGE( '', *, *, #6113, .T. );
#4601 = ORIENTED_EDGE( '', *, *, #6114, .T. );
#4602 = ORIENTED_EDGE( '', *, *, #5724, .T. );
#4603 = ORIENTED_EDGE( '', *, *, #5481, .T. );
#4604 = ORIENTED_EDGE( '', *, *, #6076, .F. );
#4605 = CARTESIAN_POINT( '', ( 0.000000000000000, 0.00132000000000000, 0.000000000000000 ) );
#4606 = DIRECTION( '', ( 0.000000000000000, -1.00000000000000, 0.000000000000000 ) );
#4607 = DIRECTION( '', ( 0.000000000000000, 0.000000000000000, -1.00000000000000 ) );
#4608 = ORIENTED_EDGE( '', *, *, #6115, .F. );
#4609 = ORIENTED_EDGE( '', *, *, #6116, .F. );
#4610 = ORIENTED_EDGE( '', *, *, #5909, .T. );
#4611 = ORIENTED_EDGE( '', *, *, #6117, .T. );
#4612 = CARTESIAN_POINT( '', ( 0.00123000000000000, 0.00132000000000000, 0.00182000000000000 ) );
#4613 = DIRECTION( '', ( -1.00000000000000, 0.000000000000000, 0.000000000000000 ) );
#4614 = DIRECTION( '', ( 0.000000000000000, 0.000000000000000, 1.00000000000000 ) );
#4615 = ORIENTED_EDGE( '', *, *, #5862, .T. );
#4616 = ORIENTED_EDGE( '', *, *, #5831, .T. );
#4617 = ORIENTED_EDGE( '', *, *, #5522, .F. );
#4618 = ORIENTED_EDGE( '', *, *, #6117, .F. );
#4619 = CARTESIAN_POINT( '', ( 0.00118000000000000, 0.00137000000000000, 0.00176457999724900 ) );
#4620 = DIRECTION( '', ( -0.000000000000000, 0.000000000000000, -1.00000000000000 ) );
#4621 = DIRECTION( '', ( 1.00000000000000, 0.000000000000000, 0.000000000000000 ) );
#4622 = ORIENTED_EDGE( '', *, *, #5821, .F. );
#4623 = ORIENTED_EDGE( '', *, *, #6118, .T. );
#4624 = ORIENTED_EDGE( '', *, *, #6119, .T. );
#4625 = ORIENTED_EDGE( '', *, *, #5718, .T. );
#4626 = ORIENTED_EDGE( '', *, *, #5580, .T. );
#4627 = ORIENTED_EDGE( '', *, *, #5624, .F. );
#4628 = ORIENTED_EDGE( '', *, *, #5607, .F. );
#4629 = ORIENTED_EDGE( '', *, *, #6120, .F. );
#4630 = CARTESIAN_POINT( '', ( -0.00200000000000000, 0.00129413871994500, 0.000225000000000000 ) );
#4631 = DIRECTION( '', ( 0.000000000000000, -1.00000000000000, -0.000000000000000 ) );
#4632 = DIRECTION( '', ( 0.000000000000000, 0.000000000000000, 1.00000000000000 ) );
#4633 = ORIENTED_EDGE( '', *, *, #6121, .T. );
#4634 = ORIENTED_EDGE( '', *, *, #5951, .T. );
#4635 = ORIENTED_EDGE( '', *, *, #6122, .F. );
#4636 = CARTESIAN_POINT( '', ( 0.00120000000000000, 0.000370000000000000, 0.00185000000000000 ) );
#4637 = DIRECTION( '', ( 0.707106781186547, 0.707106781186547, 0.000000000000000 ) );
#4638 = DIRECTION( '', ( 0.707106781186547, -0.707106781186547, 0.000000000000000 ) );
#4639 = ORIENTED_EDGE( '', *, *, #6123, .T. );
#4640 = ORIENTED_EDGE( '', *, *, #5725, .T. );
#4641 = ORIENTED_EDGE( '', *, *, #6121, .F. );
#4642 = ORIENTED_EDGE( '', *, *, #5806, .F. );
#4643 = CARTESIAN_POINT( '', ( -0.00125672049785900, 0.000370000000000000, 0.00185000000000000 ) );
#4644 = DIRECTION( '', ( -1.00000000000000, -0.000000000000000, -0.000000000000000 ) );
#4645 = DIRECTION( '', ( 0.000000000000000, -1.00000000000000, 0.000000000000000 ) );
#4646 = ORIENTED_EDGE( '', *, *, #5790, .T. );
#4647 = ORIENTED_EDGE( '', *, *, #6123, .F. );
#4648 = ORIENTED_EDGE( '', *, *, #5468, .T. );
#4649 = CARTESIAN_POINT( '', ( -0.00120000000000000, 0.000370000000000000, 0.00185000000000000 ) );
#4650 = DIRECTION( '', ( 0.707106781186547, -0.707106781186547, 0.000000000000000 ) );
#4651 = DIRECTION( '', ( -0.707106781186547, -0.707106781186547, 0.000000000000000 ) );
#4652 = ORIENTED_EDGE( '', *, *, #6124, .F. );
#4653 = ORIENTED_EDGE( '', *, *, #5785, .T. );
#4654 = ORIENTED_EDGE( '', *, *, #6125, .T. );
#4655 = ORIENTED_EDGE( '', *, *, #5690, .F. );
#4656 = CARTESIAN_POINT( '', ( -0.00118000000000000, 0.00131442526897400, 0.00208000000000000 ) );
#4657 = DIRECTION( '', ( -0.000000000000000, -1.00000000000000, 0.000000000000000 ) );
#4658 = DIRECTION( '', ( -1.00000000000000, 0.000000000000000, 0.000000000000000 ) );
#4659 = ORIENTED_EDGE( '', *, *, #5922, .T. );
#4660 = ORIENTED_EDGE( '', *, *, #5509, .F. );
#4661 = ORIENTED_EDGE( '', *, *, #6125, .F. );
#4662 = CARTESIAN_POINT( '', ( -0.00118000000000000, 0.00137000000000000, 0.00208000000000000 ) );
#4663 = DIRECTION( '', ( 0.000000000000000, -0.707106781186547, 0.707106781186547 ) );
#4664 = DIRECTION( '', ( 0.000000000000000, 0.707106781186547, 0.707106781186547 ) );
#4665 = ORIENTED_EDGE( '', *, *, #6126, .F. );
#4666 = ORIENTED_EDGE( '', *, *, #6127, .F. );
#4667 = ORIENTED_EDGE( '', *, *, #5946, .F. );
#4668 = ORIENTED_EDGE( '', *, *, #5943, .F. );
#4669 = ORIENTED_EDGE( '', *, *, #5794, .F. );
#4670 = ORIENTED_EDGE( '', *, *, #5300, .F. );
#4671 = ORIENTED_EDGE( '', *, *, #6128, .F. );
#4672 = ORIENTED_EDGE( '', *, *, #5617, .F. );
#4673 = ORIENTED_EDGE( '', *, *, #6129, .F. );
#4674 = ORIENTED_EDGE( '', *, *, #5937, .F. );
#4675 = ORIENTED_EDGE( '', *, *, #5934, .F. );
#4676 = ORIENTED_EDGE( '', *, *, #5940, .F. );
#4677 = ORIENTED_EDGE( '', *, *, #6072, .F. );
#4678 = ORIENTED_EDGE( '', *, *, #6057, .F. );
#4679 = ORIENTED_EDGE( '', *, *, #5585, .F. );
#4680 = ORIENTED_EDGE( '', *, *, #6130, .F. );
#4681 = ORIENTED_EDGE( '', *, *, #5812, .F. );
#4682 = ORIENTED_EDGE( '', *, *, #6089, .F. );
#4683 = ORIENTED_EDGE( '', *, *, #5827, .F. );
#4684 = ORIENTED_EDGE( '', *, *, #5748, .F. );
#4685 = CARTESIAN_POINT( '', ( 0.000000000000000, 3.00000000000000E-005, 0.000000000000000 ) );
#4686 = DIRECTION( '', ( 0.000000000000000, -1.00000000000000, 0.000000000000000 ) );
#4687 = DIRECTION( '', ( 0.000000000000000, 0.000000000000000, -1.00000000000000 ) );
#4688 = ORIENTED_EDGE( '', *, *, #5402, .F. );
#4689 = ORIENTED_EDGE( '', *, *, #6131, .F. );
#4690 = ORIENTED_EDGE( '', *, *, #6132, .F. );
#4691 = ORIENTED_EDGE( '', *, *, #5711, .T. );
#4692 = CARTESIAN_POINT( '', ( 0.00204209711521300, 0.000743539816339700, -0.000629195449478300 ) );
#4693 = DIRECTION( '', ( 1.00000000000000, 0.000000000000000, -0.000000000000000 ) );
#4694 = DIRECTION( '', ( 0.000000000000000, -0.102028865498595, -0.994781438611050 ) );
#4695 = ORIENTED_EDGE( '', *, *, #6133, .F. );
#4696 = ORIENTED_EDGE( '', *, *, #6134, .T. );
#4697 = ORIENTED_EDGE( '', *, *, #6135, .F. );
#4698 = ORIENTED_EDGE( '', *, *, #5521, .F. );
#4699 = ORIENTED_EDGE( '', *, *, #5511, .T. );
#4700 = ORIENTED_EDGE( '', *, *, #5496, .F. );
#4701 = ORIENTED_EDGE( '', *, *, #5569, .F. );
#4702 = CARTESIAN_POINT( '', ( -0.00118000000000000, 0.00137000000000000, 0.00187000000000000 ) );
#4703 = DIRECTION( '', ( 0.000000000000000, 0.707106781186547, 0.707106781186547 ) );
#4704 = DIRECTION( '', ( 0.000000000000000, 0.707106781186547, -0.707106781186547 ) );
#4705 = ORIENTED_EDGE( '', *, *, #5838, .T. );
#4706 = ORIENTED_EDGE( '', *, *, #6014, .F. );
#4707 = ORIENTED_EDGE( '', *, *, #5753, .F. );
#4708 = ORIENTED_EDGE( '', *, *, #5972, .T. );
#4709 = CARTESIAN_POINT( '', ( 0.000638155517092000, 3.00000000000000E-005, -0.000335106383450300 ) );
#4710 = DIRECTION( '', ( -0.348396549126404, 0.000000000000000, -0.937347237984309 ) );
#4711 = DIRECTION( '', ( -0.937347237984309, 0.000000000000000, 0.348396549126404 ) );
#4712 = ORIENTED_EDGE( '', *, *, #6029, .F. );
#4713 = ORIENTED_EDGE( '', *, *, #6031, .T. );
#4714 = ORIENTED_EDGE( '', *, *, #5428, .F. );
#4715 = ORIENTED_EDGE( '', *, *, #6136, .F. );
#4716 = ORIENTED_EDGE( '', *, *, #6039, .T. );
#4717 = CARTESIAN_POINT( '', ( 0.00175000000000000, 0.00747682263999500, -0.00125000000000000 ) );
#4718 = DIRECTION( '', ( -0.000000000000000, 1.00000000000000, -0.000000000000000 ) );
#4719 = DIRECTION( '', ( 0.000000000000000, 0.000000000000000, -1.00000000000000 ) );
#4720 = ORIENTED_EDGE( '', *, *, #5427, .T. );
#4721 = ORIENTED_EDGE( '', *, *, #6074, .T. );
#4722 = ORIENTED_EDGE( '', *, *, #5722, .T. );
#4723 = ORIENTED_EDGE( '', *, *, #6137, .F. );
#4724 = ORIENTED_EDGE( '', *, *, #6138, .T. );
#4725 = ORIENTED_EDGE( '', *, *, #5643, .F. );
#4726 = ORIENTED_EDGE( '', *, *, #5742, .F. );
#4727 = ORIENTED_EDGE( '', *, *, #6040, .T. );
#4728 = ORIENTED_EDGE( '', *, *, #6136, .T. );
#4729 = CARTESIAN_POINT( '', ( 0.00190000000000000, 0.000000000000000, -0.00140000000000000 ) );
#4730 = DIRECTION( '', ( 0.000000000000000, 0.000000000000000, -1.00000000000000 ) );
#4731 = DIRECTION( '', ( 0.000000000000000, -1.00000000000000, 0.000000000000000 ) );
#4732 = ORIENTED_EDGE( '', *, *, #5387, .T. );
#4733 = ORIENTED_EDGE( '', *, *, #5857, .T. );
#4734 = ORIENTED_EDGE( '', *, *, #6042, .T. );
#4735 = ORIENTED_EDGE( '', *, *, #5355, .F. );
#4736 = CARTESIAN_POINT( '', ( -0.00244475710233000, 0.000203247940223900, 0.00140000000000000 ) );
#4737 = DIRECTION( '', ( 0.866025403784429, -0.500000000000017, 0.000000000000000 ) );
#4738 = DIRECTION( '', ( 0.000000000000000, 0.000000000000000, -1.00000000000000 ) );
#4739 = ORIENTED_EDGE( '', *, *, #6080, .T. );
#4740 = ORIENTED_EDGE( '', *, *, #6003, .F. );
#4741 = ORIENTED_EDGE( '', *, *, #5797, .F. );
#4742 = ORIENTED_EDGE( '', *, *, #5983, .T. );
#4743 = CARTESIAN_POINT( '', ( 0.000798438262413600, 3.00000000000000E-005, 3.72340381145500E-005 ) );
#4744 = DIRECTION( '', ( 0.744470185056206, 0.000000000000000, 0.667655707354006 ) );
#4745 = DIRECTION( '', ( 0.000000000000000, -1.00000000000000, 0.000000000000000 ) );
#4746 = ORIENTED_EDGE( '', *, *, #5859, .T. );
#4747 = ORIENTED_EDGE( '', *, *, #5273, .F. );
#4748 = ORIENTED_EDGE( '', *, *, #5663, .F. );
#4749 = ORIENTED_EDGE( '', *, *, #5256, .F. );
#4750 = CARTESIAN_POINT( '', ( -0.00204368481747700, 0.000534437482191500, 0.000200000000000000 ) );
#4751 = DIRECTION( '', ( -0.390448362087690, -0.837319214598778, -0.382683432365090 ) );
#4752 = DIRECTION( '', ( -0.906307787036670, 0.422618261740656, 0.000000000000000 ) );
#4753 = ORIENTED_EDGE( '', *, *, #5664, .F. );
#4754 = ORIENTED_EDGE( '', *, *, #5463, .F. );
#4755 = ORIENTED_EDGE( '', *, *, #5858, .T. );
#4756 = ORIENTED_EDGE( '', *, *, #5669, .T. );
#4757 = CARTESIAN_POINT( '', ( -0.00207869566062100, 0.000459356486776500, 0.000000000000000 ) );
#4758 = DIRECTION( '', ( -0.422618261740681, -0.906307787036659, 0.000000000000000 ) );
#4759 = DIRECTION( '', ( -0.906307787036659, 0.422618261740681, 0.000000000000000 ) );
#4760 = ORIENTED_EDGE( '', *, *, #5299, .T. );
#4761 = ORIENTED_EDGE( '', *, *, #6020, .F. );
#4762 = ORIENTED_EDGE( '', *, *, #5614, .F. );
#4763 = ORIENTED_EDGE( '', *, *, #6128, .T. );
#4764 = CARTESIAN_POINT( '', ( 0.000606098962295600, 3.00000000000000E-005, -5.21276533603700E-005 ) );
#4765 = DIRECTION( '', ( 0.880606817491944, 0.000000000000000, -0.473847689650070 ) );
#4766 = DIRECTION( '', ( 0.000000000000000, -1.00000000000000, 0.000000000000000 ) );
#4767 = ORIENTED_EDGE( '', *, *, #5616, .T. );
#4768 = ORIENTED_EDGE( '', *, *, #6019, .F. );
#4769 = ORIENTED_EDGE( '', *, *, #5935, .F. );
#4770 = ORIENTED_EDGE( '', *, *, #6129, .T. );
#4771 = CARTESIAN_POINT( '', ( 0.000598084826462500, 3.00000000000000E-005, -0.000141489365696900 ) );
#4772 = DIRECTION( '', ( 1.00000000000000, 0.000000000000000, 0.000000000000000 ) );
#4773 = DIRECTION( '', ( 0.000000000000000, 1.00000000000000, -0.000000000000000 ) );
#4774 = ORIENTED_EDGE( '', *, *, #6139, .T. );
#4775 = ORIENTED_EDGE( '', *, *, #6021, .F. );
#4776 = ORIENTED_EDGE( '', *, *, #5944, .F. );
#4777 = ORIENTED_EDGE( '', *, *, #6127, .T. );
#4778 = CARTESIAN_POINT( '', ( 0.000750353435951000, 3.00000000000000E-005, 7.44680762291000E-006 ) );
#4779 = DIRECTION( '', ( -0.778151880413017, 0.000000000000000, -0.628076150645514 ) );
#4780 = DIRECTION( '', ( -0.628076150645514, 0.000000000000000, 0.778151880413017 ) );
#4781 = ORIENTED_EDGE( '', *, *, #5747, .T. );
#4782 = ORIENTED_EDGE( '', *, *, #6022, .F. );
#4783 = ORIENTED_EDGE( '', *, *, #6139, .F. );
#4784 = ORIENTED_EDGE( '', *, *, #6126, .T. );
#4785 = CARTESIAN_POINT( '', ( 0.000774395849182300, 3.00000000000000E-005, -2.23404228687300E-005 ) );
#4786 = DIRECTION( '', ( -0.880606746780300, 0.000000000000000, -0.473847821061800 ) );
#4787 = DIRECTION( '', ( -0.473847821061800, 0.000000000000000, 0.880606746780300 ) );
#4788 = ORIENTED_EDGE( '', *, *, #6052, .F. );
#4789 = ORIENTED_EDGE( '', *, *, #6050, .F. );
#4790 = ORIENTED_EDGE( '', *, *, #5321, .F. );
#4791 = ORIENTED_EDGE( '', *, *, #5997, .T. );
#4792 = CARTESIAN_POINT( '', ( -0.00189413871994500, 0.000765980074947300, -0.000355770041695400 ) );
#4793 = DIRECTION( '', ( 1.00000000000000, 0.000000000000000, -0.000000000000000 ) );
#4794 = DIRECTION( '', ( 0.000000000000000, -0.0816932394452710, -0.996657521232313 ) );
#4795 = ORIENTED_EDGE( '', *, *, #6112, .F. );
#4796 = ORIENTED_EDGE( '', *, *, #6140, .T. );
#4797 = ORIENTED_EDGE( '', *, *, #5626, .F. );
#4798 = ORIENTED_EDGE( '', *, *, #6141, .F. );
#4799 = CARTESIAN_POINT( '', ( -0.00200000000000000, 0.00129413871994500, 0.00113540227526100 ) );
#4800 = DIRECTION( '', ( 0.000000000000000, -1.00000000000000, -0.000000000000000 ) );
#4801 = DIRECTION( '', ( 1.00000000000000, 0.000000000000000, 0.000000000000000 ) );
#4802 = ORIENTED_EDGE( '', *, *, #6142, .F. );
#4803 = ORIENTED_EDGE( '', *, *, #6118, .F. );
#4804 = ORIENTED_EDGE( '', *, *, #5820, .F. );
#4805 = ORIENTED_EDGE( '', *, *, #6141, .T. );
#4806 = ORIENTED_EDGE( '', *, *, #5627, .T. );
#4807 = ORIENTED_EDGE( '', *, *, #6140, .F. );
#4808 = ORIENTED_EDGE( '', *, *, #6111, .F. );
#4809 = ORIENTED_EDGE( '', *, *, #6143, .T. );
#4810 = CARTESIAN_POINT( '', ( -0.00185000000000000, 0.00137000000000000, 0.00120000000000000 ) );
#4811 = DIRECTION( '', ( -1.00000000000000, 0.000000000000000, 0.000000000000000 ) );
#4812 = DIRECTION( '', ( 0.000000000000000, 0.000000000000000, 1.00000000000000 ) );
#4813 = ORIENTED_EDGE( '', *, *, #6144, .F. );
#4814 = ORIENTED_EDGE( '', *, *, #6115, .T. );
#4815 = ORIENTED_EDGE( '', *, *, #5524, .T. );
#4816 = ORIENTED_EDGE( '', *, *, #5787, .F. );
#4817 = CARTESIAN_POINT( '', ( 0.00118000000000000, 0.00131442526897400, 0.00208000000000000 ) );
#4818 = DIRECTION( '', ( 0.000000000000000, -1.00000000000000, -0.000000000000000 ) );
#4819 = DIRECTION( '', ( 0.000000000000000, 0.000000000000000, 1.00000000000000 ) );
#4820 = ORIENTED_EDGE( '', *, *, #6145, .T. );
#4821 = ORIENTED_EDGE( '', *, *, #5440, .T. );
#4822 = ORIENTED_EDGE( '', *, *, #5243, .F. );
#4823 = ORIENTED_EDGE( '', *, *, #6107, .T. );
#4824 = ORIENTED_EDGE( '', *, *, #6146, .T. );
#4825 = ORIENTED_EDGE( '', *, *, #5634, .F. );
#4826 = ORIENTED_EDGE( '', *, *, #6147, .F. );
#4827 = ORIENTED_EDGE( '', *, *, #6148, .T. );
#4828 = CARTESIAN_POINT( '', ( -0.00190000000000000, 0.000000000000000, 0.00140000000000000 ) );
#4829 = DIRECTION( '', ( 0.000000000000000, 0.000000000000000, 1.00000000000000 ) );
#4830 = DIRECTION( '', ( 1.00000000000000, -0.000000000000000, 0.000000000000000 ) );
#4831 = ORIENTED_EDGE( '', *, *, #6033, .T. );
#4832 = ORIENTED_EDGE( '', *, *, #5720, .T. );
#4833 = ORIENTED_EDGE( '', *, *, #5715, .F. );
#4834 = ORIENTED_EDGE( '', *, *, #5433, .T. );
#4835 = CARTESIAN_POINT( '', ( 0.00190000000000000, 0.000000000000000, -0.000500000000000000 ) );
#4836 = DIRECTION( '', ( 0.000000000000000, 0.121054375311004, -0.992645877550530 ) );
#4837 = DIRECTION( '', ( -1.00000000000000, 0.000000000000000, 0.000000000000000 ) );
#4838 = ORIENTED_EDGE( '', *, *, #5684, .F. );
#4839 = CARTESIAN_POINT( '', ( 0.000000000000000, 0.000120000000000000, 0.000000000000000 ) );
#4840 = DIRECTION( '', ( 0.000000000000000, 1.00000000000000, 0.000000000000000 ) );
#4841 = DIRECTION( '', ( 1.00000000000000, 0.000000000000000, -0.000000000000000 ) );
#4842 = ORIENTED_EDGE( '', *, *, #6149, .T. );
#4843 = ORIENTED_EDGE( '', *, *, #6009, .F. );
#4844 = ORIENTED_EDGE( '', *, *, #6077, .F. );
#4845 = ORIENTED_EDGE( '', *, *, #5977, .T. );
#4846 = CARTESIAN_POINT( '', ( 0.000718296892618900, 3.00000000000000E-005, 0.000275531923770900 ) );
#4847 = DIRECTION( '', ( -0.526615750568827, 0.000000000000000, -0.850103435619943 ) );
#4848 = DIRECTION( '', ( -0.850103435619943, 0.000000000000000, 0.526615750568827 ) );
#4849 = ORIENTED_EDGE( '', *, *, #5535, .F. );
#4850 = ORIENTED_EDGE( '', *, *, #5343, .F. );
#4851 = ORIENTED_EDGE( '', *, *, #5694, .F. );
#4852 = ORIENTED_EDGE( '', *, *, #6150, .F. );
#4853 = CARTESIAN_POINT( '', ( -0.000350000000000000, 0.000147592046216700, -0.00133703525952500 ) );
#4854 = DIRECTION( '', ( -0.000000000000000, 0.156434465040207, -0.987688340595142 ) );
#4855 = DIRECTION( '', ( -1.00000000000000, 0.000000000000000, 0.000000000000000 ) );
#4856 = ORIENTED_EDGE( '', *, *, #5918, .T. );
#4857 = ORIENTED_EDGE( '', *, *, #5887, .F. );
#4858 = ORIENTED_EDGE( '', *, *, #5736, .F. );
#4859 = ORIENTED_EDGE( '', *, *, #5959, .T. );
#4860 = CARTESIAN_POINT( '', ( -0.000559575867687300, 3.00000000000000E-005, 0.000186170232296000 ) );
#4861 = DIRECTION( '', ( -1.00000000000000, 0.000000000000000, 0.000000000000000 ) );
#4862 = DIRECTION( '', ( 0.000000000000000, 0.000000000000000, 1.00000000000000 ) );
#4863 = ORIENTED_EDGE( '', *, *, #5622, .F. );
#4864 = ORIENTED_EDGE( '', *, *, #5662, .F. );
#4865 = ORIENTED_EDGE( '', *, *, #5351, .F. );
#4866 = ORIENTED_EDGE( '', *, *, #6047, .T. );
#4867 = CARTESIAN_POINT( '', ( -0.00200000000000000, 0.00129413871994500, -0.00113540227526100 ) );
#4868 = DIRECTION( '', ( 0.000000000000000, -1.00000000000000, -0.000000000000000 ) );
#4869 = DIRECTION( '', ( 0.102028865498595, 0.000000000000000, 0.994781438611050 ) );
#4870 = ORIENTED_EDGE( '', *, *, #6094, .F. );
#4871 = ORIENTED_EDGE( '', *, *, #6151, .F. );
#4872 = ORIENTED_EDGE( '', *, *, #6152, .T. );
#4873 = ORIENTED_EDGE( '', *, *, #5519, .T. );
#4874 = CARTESIAN_POINT( '', ( 0.00207869566062100, 0.000459356486776500, 0.000000000000000 ) );
#4875 = DIRECTION( '', ( 0.422618261740681, -0.906307787036659, 0.000000000000000 ) );
#4876 = DIRECTION( '', ( 0.000000000000000, 0.000000000000000, -1.00000000000000 ) );
#4877 = ORIENTED_EDGE( '', *, *, #6153, .F. );
#4878 = ORIENTED_EDGE( '', *, *, #5659, .T. );
#4879 = ORIENTED_EDGE( '', *, *, #5404, .F. );
#4880 = ORIENTED_EDGE( '', *, *, #6134, .F. );
#4881 = CARTESIAN_POINT( '', ( 0.00204209711521300, 0.000743539816339700, 0.000629195449478300 ) );
#4882 = DIRECTION( '', ( 1.00000000000000, -0.000000000000000, -0.000000000000000 ) );
#4883 = DIRECTION( '', ( 0.000000000000000, -1.00000000000000, 0.000000000000000 ) );
#4884 = ORIENTED_EDGE( '', *, *, #6154, .F. );
#4885 = ORIENTED_EDGE( '', *, *, #6151, .T. );
#4886 = ORIENTED_EDGE( '', *, *, #6093, .F. );
#4887 = ORIENTED_EDGE( '', *, *, #5543, .F. );
#4888 = CARTESIAN_POINT( '', ( 0.00201725235903900, 0.000761718380395200, 0.000459673710213900 ) );
#4889 = DIRECTION( '', ( 0.906307787036669, 0.422618261740659, -9.76073122812573E-015 ) );
#4890 = DIRECTION( '', ( 0.390448362087690, -0.837319214598778, -0.382683432365090 ) );
#4891 = ORIENTED_EDGE( '', *, *, #6155, .F. );
#4892 = ORIENTED_EDGE( '', *, *, #6113, .F. );
#4893 = ORIENTED_EDGE( '', *, *, #5921, .T. );
#4894 = ORIENTED_EDGE( '', *, *, #5646, .F. );
#4895 = CARTESIAN_POINT( '', ( 0.000650000000000000, 0.00129413871994500, -0.00135000000000000 ) );
#4896 = DIRECTION( '', ( -0.000000000000000, -1.00000000000000, 0.000000000000000 ) );
#4897 = DIRECTION( '', ( -1.00000000000000, 0.000000000000000, 0.000000000000000 ) );
#4898 = ORIENTED_EDGE( '', *, *, #6114, .F. );
#4899 = ORIENTED_EDGE( '', *, *, #6155, .T. );
#4900 = ORIENTED_EDGE( '', *, *, #5645, .T. );
#4901 = ORIENTED_EDGE( '', *, *, #5531, .F. );
#4902 = ORIENTED_EDGE( '', *, *, #6156, .F. );
#4903 = CARTESIAN_POINT( '', ( 0.000700000000000000, 0.00137000000000000, -0.00120000000000000 ) );
#4904 = DIRECTION( '', ( 0.000000000000000, 0.000000000000000, -1.00000000000000 ) );
#4905 = DIRECTION( '', ( 0.000000000000000, -1.00000000000000, 0.000000000000000 ) );
#4906 = ORIENTED_EDGE( '', *, *, #5534, .T. );
#4907 = ORIENTED_EDGE( '', *, *, #6157, .T. );
#4908 = ORIENTED_EDGE( '', *, *, #6137, .T. );
#4909 = ORIENTED_EDGE( '', *, *, #5721, .T. );
#4910 = ORIENTED_EDGE( '', *, *, #6156, .T. );
#4911 = CARTESIAN_POINT( '', ( 0.000000000000000, 0.00132000000000000, 0.000000000000000 ) );
#4912 = DIRECTION( '', ( 0.000000000000000, 1.00000000000000, 0.000000000000000 ) );
#4913 = DIRECTION( '', ( 1.00000000000000, 0.000000000000000, -0.000000000000000 ) );
#4914 = ORIENTED_EDGE( '', *, *, #5254, .T. );
#4915 = ORIENTED_EDGE( '', *, *, #6158, .F. );
#4916 = ORIENTED_EDGE( '', *, *, #6068, .T. );
#4917 = ORIENTED_EDGE( '', *, *, #5329, .T. );
#4918 = ORIENTED_EDGE( '', *, *, #6159, .T. );
#4919 = ORIENTED_EDGE( '', *, *, #5377, .T. );
#4920 = ORIENTED_EDGE( '', *, *, #6160, .T. );
#4921 = ORIENTED_EDGE( '', *, *, #6148, .F. );
#4922 = ORIENTED_EDGE( '', *, *, #6161, .T. );
#4923 = ORIENTED_EDGE( '', *, *, #5554, .T. );
#4924 = ORIENTED_EDGE( '', *, *, #5681, .F. );
#4925 = ORIENTED_EDGE( '', *, *, #5908, .T. );
#4926 = ORIENTED_EDGE( '', *, *, #6071, .T. );
#4927 = ORIENTED_EDGE( '', *, *, #6070, .T. );
#4928 = ORIENTED_EDGE( '', *, *, #5363, .F. );
#4929 = ORIENTED_EDGE( '', *, *, #5261, .T. );
#4930 = ORIENTED_EDGE( '', *, *, #5567, .T. );
#4931 = ORIENTED_EDGE( '', *, *, #6078, .T. );
#4932 = ORIENTED_EDGE( '', *, *, #5910, .T. );
#4933 = ORIENTED_EDGE( '', *, *, #6116, .T. );
#4934 = ORIENTED_EDGE( '', *, *, #6144, .T. );
#4935 = ORIENTED_EDGE( '', *, *, #5786, .T. );
#4936 = ORIENTED_EDGE( '', *, *, #6124, .T. );
#4937 = ORIENTED_EDGE( '', *, *, #5689, .T. );
#4938 = CARTESIAN_POINT( '', ( 0.000000000000000, 0.00132000000000000, 0.000000000000000 ) );
#4939 = DIRECTION( '', ( 0.000000000000000, 1.00000000000000, 0.000000000000000 ) );
#4940 = DIRECTION( '', ( 1.00000000000000, 0.000000000000000, -0.000000000000000 ) );
#4941 = ORIENTED_EDGE( '', *, *, #5484, .F. );
#4942 = ORIENTED_EDGE( '', *, *, #5998, .T. );
#4943 = ORIENTED_EDGE( '', *, *, #6162, .F. );
#4944 = ORIENTED_EDGE( '', *, *, #5389, .F. );
#4945 = ORIENTED_EDGE( '', *, *, #5898, .T. );
#4946 = ORIENTED_EDGE( '', *, *, #5660, .F. );
#4947 = ORIENTED_EDGE( '', *, *, #6153, .T. );
#4948 = ORIENTED_EDGE( '', *, *, #6133, .T. );
#4949 = ORIENTED_EDGE( '', *, *, #6163, .F. );
#4950 = ORIENTED_EDGE( '', *, *, #5712, .T. );
#4951 = ORIENTED_EDGE( '', *, *, #6132, .T. );
#4952 = ORIENTED_EDGE( '', *, *, #6164, .F. );
#4953 = ORIENTED_EDGE( '', *, *, #6165, .T. );
#4954 = ORIENTED_EDGE( '', *, *, #5393, .F. );
#4955 = ORIENTED_EDGE( '', *, *, #5804, .F. );
#4956 = ORIENTED_EDGE( '', *, *, #6166, .T. );
#4957 = ORIENTED_EDGE( '', *, *, #5989, .F. );
#4958 = ORIENTED_EDGE( '', *, *, #6026, .T. );
#4959 = CARTESIAN_POINT( '', ( 0.00202000000000000, 0.00326853981634000, 0.000000000000000 ) );
#4960 = DIRECTION( '', ( -1.00000000000000, 0.000000000000000, 0.000000000000000 ) );
#4961 = DIRECTION( '', ( 0.000000000000000, 0.000000000000000, 1.00000000000000 ) );
#4962 = ORIENTED_EDGE( '', *, *, #5658, .T. );
#4963 = ORIENTED_EDGE( '', *, *, #5619, .T. );
#4964 = ORIENTED_EDGE( '', *, *, #5247, .F. );
#4965 = ORIENTED_EDGE( '', *, *, #5327, .F. );
#4966 = CARTESIAN_POINT( '', ( -0.00110000000000000, 0.00137000000000000, -0.00235000000000000 ) );
#4967 = DIRECTION( '', ( 0.985211754819683, 0.000000000000000, -0.171341174751197 ) );
#4968 = DIRECTION( '', ( 0.000000000000000, -1.00000000000000, 0.000000000000000 ) );
#4969 = ORIENTED_EDGE( '', *, *, #6119, .F. );
#4970 = ORIENTED_EDGE( '', *, *, #6142, .T. );
#4971 = ORIENTED_EDGE( '', *, *, #5625, .F. );
#4972 = ORIENTED_EDGE( '', *, *, #5579, .T. );
#4973 = ORIENTED_EDGE( '', *, *, #6055, .T. );
#4974 = CARTESIAN_POINT( '', ( -0.00187000000000000, 0.00127000000000000, 0.00106056912752500 ) );
#4975 = DIRECTION( '', ( -0.000000000000000, 0.000000000000000, 1.00000000000000 ) );
#4976 = DIRECTION( '', ( 0.000000000000000, -1.00000000000000, 0.000000000000000 ) );
#4977 = ORIENTED_EDGE( '', *, *, #5867, .F. );
#4978 = ORIENTED_EDGE( '', *, *, #5527, .T. );
#4979 = ORIENTED_EDGE( '', *, *, #5640, .T. );
#4980 = ORIENTED_EDGE( '', *, *, #6100, .T. );
#4981 = ORIENTED_EDGE( '', *, *, #6165, .F. );
#4982 = CARTESIAN_POINT( '', ( 0.00187000000000000, 0.00127000000000000, -0.00106056912752500 ) );
#4983 = DIRECTION( '', ( 0.000000000000000, -0.000000000000000, -1.00000000000000 ) );
#4984 = DIRECTION( '', ( 0.000000000000000, -1.00000000000000, 0.000000000000000 ) );
#4985 = ORIENTED_EDGE( '', *, *, #5287, .T. );
#4986 = ORIENTED_EDGE( '', *, *, #6012, .F. );
#4987 = ORIENTED_EDGE( '', *, *, #6087, .F. );
#4988 = ORIENTED_EDGE( '', *, *, #5974, .T. );
#4989 = CARTESIAN_POINT( '', ( 0.000782410002211800, 3.00000000000000E-005, 0.000186170232296000 ) );
#4990 = DIRECTION( '', ( 0.000000000000000, 0.000000000000000, -1.00000000000000 ) );
#4991 = DIRECTION( '', ( 0.000000000000000, -1.00000000000000, 0.000000000000000 ) );
#4992 = ORIENTED_EDGE( '', *, *, #6088, .T. );
#4993 = ORIENTED_EDGE( '', *, *, #6010, .F. );
#4994 = ORIENTED_EDGE( '', *, *, #6149, .F. );
#4995 = ORIENTED_EDGE( '', *, *, #5976, .T. );
#4996 = CARTESIAN_POINT( '', ( 0.000742339305850200, 3.00000000000000E-005, 0.000260638308525100 ) );
#4997 = DIRECTION( '', ( -0.778151880413017, 0.000000000000000, -0.628076150645514 ) );
#4998 = DIRECTION( '', ( -0.628076150645514, 0.000000000000000, 0.778151880413017 ) );
#4999 = ORIENTED_EDGE( '', *, *, #5779, .T. );
#5000 = ORIENTED_EDGE( '', *, *, #5830, .F. );
#5001 = ORIENTED_EDGE( '', *, *, #5345, .T. );
#5002 = ORIENTED_EDGE( '', *, *, #5539, .T. );
#5003 = CARTESIAN_POINT( '', ( -0.000500000000000000, 0.000212360959629000, -0.00150689733804800 ) );
#5004 = DIRECTION( '', ( -1.00000000000000, -0.000000000000000, 0.000000000000000 ) );
#5005 = DIRECTION( '', ( 0.000000000000000, 0.0697564737441217, 0.997564050259825 ) );
#5006 = ORIENTED_EDGE( '', *, *, #6167, .F. );
#5007 = ORIENTED_EDGE( '', *, *, #6168, .T. );
#5008 = ORIENTED_EDGE( '', *, *, #6090, .F. );
#5009 = ORIENTED_EDGE( '', *, *, #6063, .F. );
#5010 = CARTESIAN_POINT( '', ( 0.00201725235903900, 0.000761718380395200, -0.000459673710213900 ) );
#5011 = DIRECTION( '', ( 0.906307787036659, 0.422618261740681, -0.000000000000000 ) );
#5012 = DIRECTION( '', ( 0.422618261740681, -0.906307787036659, 0.000000000000000 ) );
#5013 = ORIENTED_EDGE( '', *, *, #6169, .T. );
#5014 = ORIENTED_EDGE( '', *, *, #6170, .F. );
#5015 = ORIENTED_EDGE( '', *, *, #6091, .F. );
#5016 = ORIENTED_EDGE( '', *, *, #6168, .F. );
#5017 = CARTESIAN_POINT( '', ( 0.00204368481747700, 0.000534437482191500, -0.000200000000000000 ) );
#5018 = DIRECTION( '', ( 0.390448362087690, -0.837319214598778, 0.382683432365090 ) );
#5019 = DIRECTION( '', ( 0.000000000000000, -0.415677939738532, -0.909511874806882 ) );
#5020 = ORIENTED_EDGE( '', *, *, #6135, .T. );
#5021 = ORIENTED_EDGE( '', *, *, #5403, .F. );
#5022 = ORIENTED_EDGE( '', *, *, #5710, .T. );
#5023 = ORIENTED_EDGE( '', *, *, #6095, .T. );
#5024 = CARTESIAN_POINT( '', ( 0.00202000000000000, 0.000703539816339700, -0.000926666666666700 ) );
#5025 = DIRECTION( '', ( -0.000000000000000, -0.000000000000000, -1.00000000000000 ) );
#5026 = DIRECTION( '', ( -1.00000000000000, 0.000000000000000, 0.000000000000000 ) );
#5027 = ORIENTED_EDGE( '', *, *, #6171, .F. );
#5028 = ORIENTED_EDGE( '', *, *, #5541, .F. );
#5029 = ORIENTED_EDGE( '', *, *, #6092, .F. );
#5030 = ORIENTED_EDGE( '', *, *, #6170, .T. );
#5031 = CARTESIAN_POINT( '', ( 0.00207715191854700, 0.000283163971370300, 0.000000000000000 ) );
#5032 = DIRECTION( '', ( -0.906307787036669, -0.422618261740659, -9.76073122812573E-015 ) );
#5033 = DIRECTION( '', ( -0.390448362087690, 0.837319214598778, -0.382683432365090 ) );
#5034 = ORIENTED_EDGE( '', *, *, #5378, .F. );
#5035 = ORIENTED_EDGE( '', *, *, #6159, .F. );
#5036 = ORIENTED_EDGE( '', *, *, #5332, .T. );
#5037 = ORIENTED_EDGE( '', *, *, #6172, .F. );
#5038 = CARTESIAN_POINT( '', ( -0.00130003548756600, 0.00132000000000000, 0.00215000000000000 ) );
#5039 = DIRECTION( '', ( 0.000000000000000, -0.0174524064372799, 0.999847695156391 ) );
#5040 = DIRECTION( '', ( -1.00000000000000, 0.000000000000000, 0.000000000000000 ) );
#5041 = ORIENTED_EDGE( '', *, *, #5334, .T. );
#5042 = ORIENTED_EDGE( '', *, *, #6172, .T. );
#5043 = ORIENTED_EDGE( '', *, *, #6173, .F. );
#5044 = ORIENTED_EDGE( '', *, *, #5808, .F. );
#5045 = CARTESIAN_POINT( '', ( 0.00125616462582800, 0.000370000000000000, 0.00208341007191600 ) );
#5046 = DIRECTION( '', ( 1.00000000000000, -0.000000000000000, -0.000000000000000 ) );
#5047 = DIRECTION( '', ( 0.000000000000000, -1.00000000000000, 0.000000000000000 ) );
#5048 = ORIENTED_EDGE( '', *, *, #5549, .F. );
#5049 = ORIENTED_EDGE( '', *, *, #5491, .F. );
#5050 = ORIENTED_EDGE( '', *, *, #6054, .F. );
#5051 = ORIENTED_EDGE( '', *, *, #5488, .T. );
#5052 = ORIENTED_EDGE( '', *, *, #5687, .T. );
#5053 = ORIENTED_EDGE( '', *, *, #6013, .F. );
#5054 = ORIENTED_EDGE( '', *, *, #5731, .F. );
#5055 = ORIENTED_EDGE( '', *, *, #5973, .T. );
#5056 = CARTESIAN_POINT( '', ( 0.000574042413231300, 3.00000000000000E-005, 0.000230851078033400 ) );
#5057 = DIRECTION( '', ( -0.977611527167466, 0.000000000000000, 0.210417922119993 ) );
#5058 = DIRECTION( '', ( 0.000000000000000, 1.00000000000000, 0.000000000000000 ) );
#5059 = ORIENTED_EDGE( '', *, *, #6174, .T. );
#5060 = ORIENTED_EDGE( '', *, *, #5885, .F. );
#5061 = ORIENTED_EDGE( '', *, *, #5924, .F. );
#5062 = ORIENTED_EDGE( '', *, *, #5961, .T. );
#5063 = CARTESIAN_POINT( '', ( -0.000751915173537500, 3.00000000000000E-005, 0.000186170232296000 ) );
#5064 = DIRECTION( '', ( 0.941268341869628, 0.000000000000000, -0.337659456544610 ) );
#5065 = DIRECTION( '', ( 0.000000000000000, -1.00000000000000, 0.000000000000000 ) );
#5066 = ORIENTED_EDGE( '', *, *, #6147, .T. );
#5067 = ORIENTED_EDGE( '', *, *, #5633, .F. );
#5068 = ORIENTED_EDGE( '', *, *, #5551, .F. );
#5069 = ORIENTED_EDGE( '', *, *, #6161, .F. );
#5070 = CARTESIAN_POINT( '', ( 0.00120000000000000, 0.00129413871994500, 0.00140000000000000 ) );
#5071 = DIRECTION( '', ( 0.000000000000000, -1.00000000000000, -0.000000000000000 ) );
#5072 = DIRECTION( '', ( 1.00000000000000, 0.000000000000000, 0.000000000000000 ) );
#5073 = ORIENTED_EDGE( '', *, *, #5533, .T. );
#5074 = ORIENTED_EDGE( '', *, *, #5644, .T. );
#5075 = ORIENTED_EDGE( '', *, *, #6138, .F. );
#5076 = ORIENTED_EDGE( '', *, *, #6157, .F. );
#5077 = CARTESIAN_POINT( '', ( 0.00110000000000000, 0.00137000000000000, -0.00235000000000000 ) );
#5078 = DIRECTION( '', ( -0.985211754819683, 0.000000000000000, -0.171341174751197 ) );
#5079 = DIRECTION( '', ( -0.171341174751197, 0.000000000000000, 0.985211754819683 ) );
#5080 = ORIENTED_EDGE( '', *, *, #5864, .T. );
#5081 = ORIENTED_EDGE( '', *, *, #5886, .F. );
#5082 = ORIENTED_EDGE( '', *, *, #6174, .F. );
#5083 = ORIENTED_EDGE( '', *, *, #5960, .T. );
#5084 = CARTESIAN_POINT( '', ( -0.000735886896139200, 3.00000000000000E-005, 0.000230851078033400 ) );
#5085 = DIRECTION( '', ( 0.778151880413017, 0.000000000000000, -0.628076150645514 ) );
#5086 = DIRECTION( '', ( 0.000000000000000, -1.00000000000000, 0.000000000000000 ) );
#5087 = ORIENTED_EDGE( '', *, *, #6106, .F. );
#5088 = ORIENTED_EDGE( '', *, *, #5653, .T. );
#5089 = ORIENTED_EDGE( '', *, *, #5635, .T. );
#5090 = ORIENTED_EDGE( '', *, *, #6146, .F. );
#5091 = CARTESIAN_POINT( '', ( 0.00185000000000000, 0.00137000000000000, 0.00120000000000000 ) );
#5092 = DIRECTION( '', ( 1.00000000000000, 0.000000000000000, 0.000000000000000 ) );
#5093 = DIRECTION( '', ( 0.000000000000000, 1.00000000000000, -0.000000000000000 ) );
#5094 = ORIENTED_EDGE( '', *, *, #5584, .T. );
#5095 = ORIENTED_EDGE( '', *, *, #6016, .F. );
#5096 = ORIENTED_EDGE( '', *, *, #5809, .F. );
#5097 = ORIENTED_EDGE( '', *, *, #6130, .T. );
#5098 = CARTESIAN_POINT( '', ( 0.000774395849182300, 3.00000000000000E-005, -0.000230851067602600 ) );
#5099 = DIRECTION( '', ( -0.778151880413017, 0.000000000000000, 0.628076150645514 ) );
#5100 = DIRECTION( '', ( 0.000000000000000, 1.00000000000000, 0.000000000000000 ) );
#5101 = ORIENTED_EDGE( '', *, *, #5520, .T. );
#5102 = ORIENTED_EDGE( '', *, *, #6152, .F. );
#5103 = ORIENTED_EDGE( '', *, *, #6154, .T. );
#5104 = ORIENTED_EDGE( '', *, *, #5542, .F. );
#5105 = ORIENTED_EDGE( '', *, *, #6171, .T. );
#5106 = ORIENTED_EDGE( '', *, *, #6169, .F. );
#5107 = ORIENTED_EDGE( '', *, *, #6167, .T. );
#5108 = ORIENTED_EDGE( '', *, *, #6062, .F. );
#5109 = ORIENTED_EDGE( '', *, *, #5702, .T. );
#5110 = ORIENTED_EDGE( '', *, *, #6163, .T. );
#5111 = CARTESIAN_POINT( '', ( 0.000930114460555400, 0.00304080689824200, 0.000000000000000 ) );
#5112 = DIRECTION( '', ( -0.906307787036659, -0.422618261740681, 0.000000000000000 ) );
#5113 = DIRECTION( '', ( -0.422618261740681, 0.906307787036659, 0.000000000000000 ) );
#5114 = ORIENTED_EDGE( '', *, *, #6166, .F. );
#5115 = ORIENTED_EDGE( '', *, *, #5805, .F. );
#5116 = ORIENTED_EDGE( '', *, *, #5398, .F. );
#5117 = ORIENTED_EDGE( '', *, *, #5990, .T. );
#5118 = CARTESIAN_POINT( '', ( 0.00189413871994500, 0.000765980074947300, -0.000355770041695400 ) );
#5119 = DIRECTION( '', ( -1.00000000000000, -0.000000000000000, -0.000000000000000 ) );
#5120 = DIRECTION( '', ( 0.000000000000000, -0.923879532511285, 0.382683432365094 ) );
#5121 = ORIENTED_EDGE( '', *, *, #5991, .T. );
#5122 = ORIENTED_EDGE( '', *, *, #5396, .F. );
#5123 = ORIENTED_EDGE( '', *, *, #6025, .T. );
#5124 = CARTESIAN_POINT( '', ( 0.00204209711521300, 0.000534507581201300, 0.000000000000000 ) );
#5125 = DIRECTION( '', ( 1.00000000000000, -0.000000000000000, -0.000000000000000 ) );
#5126 = DIRECTION( '', ( 0.000000000000000, 0.923879532511285, 0.382683432365094 ) );
#5127 = ORIENTED_EDGE( '', *, *, #5331, .T. );
#5128 = ORIENTED_EDGE( '', *, *, #5466, .F. );
#5129 = ORIENTED_EDGE( '', *, *, #6173, .T. );
#5130 = CARTESIAN_POINT( '', ( -0.00120000000000000, 0.000370000000000000, 0.00208341007191600 ) );
#5131 = DIRECTION( '', ( 0.707106781186536, -0.0123407149398306, 0.706999085398836 ) );
#5132 = DIRECTION( '', ( -0.707106781186559, -0.0123407149398302, 0.706999085398813 ) );
#5133 = ORIENTED_EDGE( '', *, *, #5692, .F. );
#5134 = ORIENTED_EDGE( '', *, *, #5780, .T. );
#5135 = ORIENTED_EDGE( '', *, *, #5537, .F. );
#5136 = ORIENTED_EDGE( '', *, *, #6175, .T. );
#5137 = CARTESIAN_POINT( '', ( 0.000350000000000000, 0.000147592046216700, -0.00133703525952500 ) );
#5138 = DIRECTION( '', ( -0.000000000000000, 0.156434465040207, -0.987688340595142 ) );
#5139 = DIRECTION( '', ( 0.000000000000000, -0.987688340595142, -0.156434465040207 ) );
#5140 = ORIENTED_EDGE( '', *, *, #6150, .T. );
#5141 = ORIENTED_EDGE( '', *, *, #5693, .T. );
#5142 = ORIENTED_EDGE( '', *, *, #6175, .F. );
#5143 = ORIENTED_EDGE( '', *, *, #5536, .F. );
#5144 = CARTESIAN_POINT( '', ( 0.000000000000000, -1.18396785217800E-005, -0.00128929094919500 ) );
#5145 = DIRECTION( '', ( 0.000000000000000, -0.987688340595142, -0.156434465040207 ) );
#5146 = DIRECTION( '', ( 0.000000000000000, 0.156434465040207, -0.987688340595142 ) );
#5147 = ORIENTED_EDGE( '', *, *, #5954, .T. );
#5148 = ORIENTED_EDGE( '', *, *, #5896, .F. );
#5149 = CARTESIAN_POINT( '', ( 0.00143000000000000, 0.000450000000000000, 0.000000000000000 ) );
#5150 = DIRECTION( '', ( 0.000000000000000, -1.00000000000000, 0.000000000000000 ) );
#5151 = DIRECTION( '', ( -1.00000000000000, 0.000000000000000, 0.000000000000000 ) );
#5152 = ORIENTED_EDGE( '', *, *, #5795, .T. );
#5153 = ORIENTED_EDGE( '', *, *, #5750, .T. );
#5154 = ORIENTED_EDGE( '', *, *, #6073, .F. );
#5155 = ORIENTED_EDGE( '', *, *, #5431, .F. );
#5156 = CARTESIAN_POINT( '', ( 0.00230000000000000, 7.50000000000000E-005, -0.000800000000000000 ) );
#5157 = DIRECTION( '', ( 1.00000000000000, 0.000000000000000, 0.000000000000000 ) );
#5158 = DIRECTION( '', ( 0.000000000000000, 1.00000000000000, -0.000000000000000 ) );
#5159 = ORIENTED_EDGE( '', *, *, #5444, .T. );
#5160 = ORIENTED_EDGE( '', *, *, #6067, .T. );
#5161 = ORIENTED_EDGE( '', *, *, #6158, .T. );
#5162 = ORIENTED_EDGE( '', *, *, #5253, .T. );
#5163 = ORIENTED_EDGE( '', *, *, #5628, .T. );
#5164 = ORIENTED_EDGE( '', *, *, #6143, .F. );
#5165 = ORIENTED_EDGE( '', *, *, #6110, .F. );
#5166 = ORIENTED_EDGE( '', *, *, #5984, .T. );
#5167 = CARTESIAN_POINT( '', ( -0.00190000000000000, 0.000000000000000, 0.00140000000000000 ) );
#5168 = DIRECTION( '', ( 0.000000000000000, 0.000000000000000, 1.00000000000000 ) );
#5169 = DIRECTION( '', ( 1.00000000000000, -0.000000000000000, 0.000000000000000 ) );
#5170 = ORIENTED_EDGE( '', *, *, #5407, .F. );
#5171 = ORIENTED_EDGE( '', *, *, #5390, .T. );
#5172 = ORIENTED_EDGE( '', *, *, #6162, .T. );
#5173 = ORIENTED_EDGE( '', *, *, #5999, .F. );
#5174 = CARTESIAN_POINT( '', ( 0.00197000000000000, 0.000846039816339700, 0.000412500000000000 ) );
#5175 = DIRECTION( '', ( 0.000000000000000, 0.0816932394452710, -0.996657521232313 ) );
#5176 = DIRECTION( '', ( -1.00000000000000, 0.000000000000000, 0.000000000000000 ) );
#5177 = ORIENTED_EDGE( '', *, *, #6164, .T. );
#5178 = ORIENTED_EDGE( '', *, *, #6131, .T. );
#5179 = ORIENTED_EDGE( '', *, *, #5401, .F. );
#5180 = ORIENTED_EDGE( '', *, *, #5868, .F. );
#5181 = CARTESIAN_POINT( '', ( 0.00197000000000000, 0.000931039816339700, -0.000950000000000000 ) );
#5182 = DIRECTION( '', ( 0.000000000000000, -0.102028865498595, -0.994781438611050 ) );
#5183 = DIRECTION( '', ( 0.000000000000000, -0.994781438611050, 0.102028865498595 ) );
#5184 = ORIENTED_EDGE( '', *, *, #6122, .T. );
#5185 = ORIENTED_EDGE( '', *, *, #6176, .T. );
#5186 = ORIENTED_EDGE( '', *, *, #5335, .F. );
#5187 = ORIENTED_EDGE( '', *, *, #5807, .F. );
#5188 = CARTESIAN_POINT( '', ( 0.00120000000000000, 0.000370000000000000, 0.00179347563340600 ) );
#5189 = DIRECTION( '', ( 0.000000000000000, -0.000000000000000, -1.00000000000000 ) );
#5190 = DIRECTION( '', ( 0.000000000000000, -1.00000000000000, 0.000000000000000 ) );
#5191 = ORIENTED_EDGE( '', *, *, #5606, .T. );
#5192 = ORIENTED_EDGE( '', *, *, #5603, .F. );
#5193 = ORIENTED_EDGE( '', *, *, #6044, .T. );
#5194 = ORIENTED_EDGE( '', *, *, #5588, .T. );
#5195 = ORIENTED_EDGE( '', *, *, #6108, .F. );
#5196 = ORIENTED_EDGE( '', *, *, #5581, .F. );
#5197 = ORIENTED_EDGE( '', *, *, #6120, .T. );
#5198 = ORIENTED_EDGE( '', *, *, #5609, .T. );
#5199 = CARTESIAN_POINT( '', ( 0.000000000000000, 0.00132000000000000, 0.000000000000000 ) );
#5200 = DIRECTION( '', ( 0.000000000000000, 1.00000000000000, 0.000000000000000 ) );
#5201 = DIRECTION( '', ( 1.00000000000000, 0.000000000000000, -0.000000000000000 ) );
#5202 = ORIENTED_EDGE( '', *, *, #5988, .F. );
#5203 = CARTESIAN_POINT( '', ( 0.000000000000000, 0.00132000000000000, 0.000000000000000 ) );
#5204 = DIRECTION( '', ( 0.000000000000000, 1.00000000000000, 0.000000000000000 ) );
#5205 = DIRECTION( '', ( 1.00000000000000, 0.000000000000000, -0.000000000000000 ) );
#5206 = ORIENTED_EDGE( '', *, *, #6075, .T. );
#5207 = ORIENTED_EDGE( '', *, *, #5425, .F. );
#5208 = ORIENTED_EDGE( '', *, *, #6084, .F. );
#5209 = ORIENTED_EDGE( '', *, *, #5815, .F. );
#5210 = CARTESIAN_POINT( '', ( 0.000600000000000000, 0.00132000000000000, -0.00103448609819300 ) );
#5211 = DIRECTION( '', ( 0.000000000000000, -0.139173100960095, 0.990268068741566 ) );
#5212 = DIRECTION( '', ( -1.00000000000000, 0.000000000000000, 0.000000000000000 ) );
#5213 = ORIENTED_EDGE( '', *, *, #5276, .T. );
#5214 = ORIENTED_EDGE( '', *, *, #5880, .F. );
#5215 = ORIENTED_EDGE( '', *, *, #5986, .F. );
#5216 = ORIENTED_EDGE( '', *, *, #5965, .T. );
#5217 = CARTESIAN_POINT( '', ( -0.000511491041224700, 3.00000000000000E-005, 0.000186170232296000 ) );
#5218 = DIRECTION( '', ( 0.991072774775443, 0.000000000000000, 0.133321997805706 ) );
#5219 = DIRECTION( '', ( 0.000000000000000, -1.00000000000000, 0.000000000000000 ) );
#5220 = ORIENTED_EDGE( '', *, *, #5441, .T. );
#5221 = ORIENTED_EDGE( '', *, *, #6145, .F. );
#5222 = ORIENTED_EDGE( '', *, *, #6160, .F. );
#5223 = ORIENTED_EDGE( '', *, *, #5379, .T. );
#5224 = ORIENTED_EDGE( '', *, *, #6176, .F. );
#5225 = ORIENTED_EDGE( '', *, *, #5950, .F. );
#5226 = ORIENTED_EDGE( '', *, *, #6097, .F. );
#5227 = ORIENTED_EDGE( '', *, *, #5357, .F. );
#5228 = ORIENTED_EDGE( '', *, *, #5948, .F. );
#5229 = CARTESIAN_POINT( '', ( 0.00125000000000000, 0.000000000000000, 0.00145000000000000 ) );
#5230 = DIRECTION( '', ( 1.00000000000000, 0.000000000000000, 0.000000000000000 ) );
#5231 = DIRECTION( '', ( 0.000000000000000, 1.00000000000000, -0.000000000000000 ) );
#5232 = ORIENTED_EDGE( '', *, *, #5853, .T. );
#5233 = ORIENTED_EDGE( '', *, *, #5987, .T. );
#5234 = ORIENTED_EDGE( '', *, *, #5555, .F. );
#5235 = ORIENTED_EDGE( '', *, *, #5450, .T. );
#5236 = CARTESIAN_POINT( '', ( -0.00190000000000000, 0.000000000000000, 0.000500000000000000 ) );
#5237 = DIRECTION( '', ( 0.000000000000000, 0.121054375311004, 0.992645877550530 ) );
#5238 = DIRECTION( '', ( 1.00000000000000, -0.000000000000000, 0.000000000000000 ) );
#5239 = EDGE_CURVE( '', #6177, #6178, #6179, .T. );
#5240 = EDGE_CURVE( '', #6178, #6180, #6181, .T. );
#5241 = EDGE_CURVE( '', #6182, #6180, #6183, .T. );
#5242 = EDGE_CURVE( '', #6182, #6177, #6184, .T. );
#5243 = EDGE_CURVE( '', #6185, #6186, #6187, .T. );
#5244 = EDGE_CURVE( '', #6188, #6186, #6189, .T. );
#5245 = EDGE_CURVE( '', #6178, #6188, #6190, .T. );
#5246 = EDGE_CURVE( '', #6177, #6185, #6191, .T. );
#5247 = EDGE_CURVE( '', #6192, #6193, #6194, .T. );
#5248 = EDGE_CURVE( '', #6195, #6193, #6196, .T. );
#5249 = EDGE_CURVE( '', #6197, #6195, #6198, .T. );
#5250 = EDGE_CURVE( '', #6192, #6197, #6199, .T. );
#5251 = EDGE_CURVE( '', #6200, #6201, #6202, .T. );
#5252 = EDGE_CURVE( '', #6203, #6201, #6204, .T. );
#5253 = EDGE_CURVE( '', #6205, #6203, #6206, .T. );
#5254 = EDGE_CURVE( '', #6200, #6205, #6207, .T. );
#5255 = EDGE_CURVE( '', #6208, #6209, #6210, .T. );
#5256 = EDGE_CURVE( '', #6208, #6211, #6212, .T. );
#5257 = EDGE_CURVE( '', #6213, #6211, #6214, .T. );
#5258 = EDGE_CURVE( '', #6209, #6213, #6215, .T. );
#5259 = EDGE_CURVE( '', #6216, #6217, #6218, .T. );
#5260 = EDGE_CURVE( '', #6217, #6201, #6219, .T. );
#5261 = EDGE_CURVE( '', #6216, #6200, #6220, .T. );
#5262 = EDGE_CURVE( '', #6221, #6222, #6223, .T. );
#5263 = EDGE_CURVE( '', #6224, #6222, #6225, .T. );
#5264 = EDGE_CURVE( '', #6226, #6224, #6227, .T. );
#5265 = EDGE_CURVE( '', #6226, #6221, #6228, .T. );
#5266 = EDGE_CURVE( '', #6229, #6230, #6231, .T. );
#5267 = EDGE_CURVE( '', #6232, #6230, #6233, .T. );
#5268 = EDGE_CURVE( '', #6234, #6232, #6235, .T. );
#5269 = EDGE_CURVE( '', #6234, #6229, #6236, .T. );
#5270 = EDGE_CURVE( '', #6237, #6238, #6239, .T. );
#5271 = EDGE_CURVE( '', #6240, #6237, #6241, .T. );
#5272 = EDGE_CURVE( '', #6242, #6240, #6243, .T. );
#5273 = EDGE_CURVE( '', #6242, #6238, #6244, .T. );
#5274 = EDGE_CURVE( '', #6245, #6246, #6247, .T. );
#5275 = EDGE_CURVE( '', #6248, #6246, #6249, .T. );
#5276 = EDGE_CURVE( '', #6250, #6248, #6251, .T. );
#5277 = EDGE_CURVE( '', #6250, #6245, #6252, .T. );
#5278 = EDGE_CURVE( '', #6253, #6254, #6255, .T. );
#5279 = EDGE_CURVE( '', #6256, #6254, #6257, .T. );
#5280 = EDGE_CURVE( '', #6258, #6256, #6259, .T. );
#5281 = EDGE_CURVE( '', #6258, #6253, #6260, .T. );
#5282 = EDGE_CURVE( '', #6261, #6256, #6262, .T. );
#5283 = EDGE_CURVE( '', #6263, #6261, #6264, .T. );
#5284 = EDGE_CURVE( '', #6263, #6258, #6265, .T. );
#5285 = EDGE_CURVE( '', #6266, #6267, #6268, .T. );
#5286 = EDGE_CURVE( '', #6269, #6267, #6270, .T. );
#5287 = EDGE_CURVE( '', #6271, #6269, #6272, .T. );
#5288 = EDGE_CURVE( '', #6271, #6266, #6273, .T. );
#5289 = EDGE_CURVE( '', #6274, #6275, #6276, .T. );
#5290 = EDGE_CURVE( '', #6277, #6275, #6278, .T. );
#5291 = EDGE_CURVE( '', #6279, #6277, #6280, .T. );
#5292 = EDGE_CURVE( '', #6279, #6274, #6281, .T. );
#5293 = EDGE_CURVE( '', #6282, #6283, #6284, .T. );
#5294 = EDGE_CURVE( '', #6285, #6283, #6286, .T. );
#5295 = EDGE_CURVE( '', #6287, #6285, #6288, .T. );
#5296 = EDGE_CURVE( '', #6287, #6282, #6289, .T. );
#5297 = EDGE_CURVE( '', #6290, #6291, #6292, .T. );
#5298 = EDGE_CURVE( '', #6293, #6291, #6294, .T. );
#5299 = EDGE_CURVE( '', #6295, #6293, #6296, .T. );
#5300 = EDGE_CURVE( '', #6295, #6290, #6297, .T. );
#5301 = EDGE_CURVE( '', #6298, #6299, #6300, .T. );
#5302 = EDGE_CURVE( '', #6298, #6301, #6302, .F. );
#5303 = EDGE_CURVE( '', #6303, #6301, #6304, .T. );
#5304 = EDGE_CURVE( '', #6299, #6303, #6305, .T. );
#5305 = EDGE_CURVE( '', #6306, #6307, #6308, .T. );
#5306 = EDGE_CURVE( '', #6307, #6309, #6310, .F. );
#5307 = EDGE_CURVE( '', #6309, #6311, #6312, .T. );
#5308 = EDGE_CURVE( '', #6306, #6311, #6313, .T. );
#5309 = EDGE_CURVE( '', #6314, #6315, #6316, .T. );
#5310 = EDGE_CURVE( '', #6315, #6317, #6318, .T. );
#5311 = EDGE_CURVE( '', #6317, #6319, #6320, .T. );
#5312 = EDGE_CURVE( '', #6319, #6306, #6321, .T. );
#5313 = EDGE_CURVE( '', #6311, #6322, #6323, .T. );
#5314 = EDGE_CURVE( '', #6322, #6324, #6325, .T. );
#5315 = EDGE_CURVE( '', #6324, #6326, #6327, .T. );
#5316 = EDGE_CURVE( '', #6328, #6326, #6329, .T. );
#5317 = EDGE_CURVE( '', #6328, #6330, #6331, .T. );
#5318 = EDGE_CURVE( '', #6330, #6332, #6333, .T. );
#5319 = EDGE_CURVE( '', #6332, #6299, #6334, .T. );
#5320 = EDGE_CURVE( '', #6303, #6335, #6336, .T. );
#5321 = EDGE_CURVE( '', #6335, #6337, #6338, .T. );
#5322 = EDGE_CURVE( '', #6337, #6339, #6340, .T. );
#5323 = EDGE_CURVE( '', #6339, #6341, #6342, .T. );
#5324 = EDGE_CURVE( '', #6341, #6314, #6343, .T. );
#5325 = EDGE_CURVE( '', #6344, #6345, #6346, .T. );
#5326 = EDGE_CURVE( '', #6345, #6347, #6348, .T. );
#5327 = EDGE_CURVE( '', #6347, #6192, #6349, .T. );
#5328 = EDGE_CURVE( '', #6197, #6344, #6350, .T. );
#5329 = EDGE_CURVE( '', #6351, #6352, #6353, .T. );
#5330 = EDGE_CURVE( '', #6351, #6354, #6355, .T. );
#5331 = EDGE_CURVE( '', #6356, #6354, #6357, .T. );
#5332 = EDGE_CURVE( '', #6352, #6356, #6358, .T. );
#5333 = EDGE_CURVE( '', #6359, #6360, #6361, .T. );
#5334 = EDGE_CURVE( '', #6362, #6360, #6363, .T. );
#5335 = EDGE_CURVE( '', #6362, #6359, #6364, .T. );
#5336 = EDGE_CURVE( '', #6365, #6366, #6367, .T. );
#5337 = EDGE_CURVE( '', #6368, #6366, #6369, .T. );
#5338 = EDGE_CURVE( '', #6370, #6368, #6371, .T. );
#5339 = EDGE_CURVE( '', #6370, #6365, #6372, .T. );
#5340 = EDGE_CURVE( '', #6373, #6374, #6375, .T. );
#5341 = EDGE_CURVE( '', #6374, #6376, #6377, .T. );
#5342 = EDGE_CURVE( '', #6376, #6378, #6379, .T. );
#5343 = EDGE_CURVE( '', #6378, #6380, #6381, .T. );
#5344 = EDGE_CURVE( '', #6382, #6380, #6383, .T. );
#5345 = EDGE_CURVE( '', #6384, #6382, #6385, .T. );
#5346 = EDGE_CURVE( '', #6386, #6384, #6387, .T. );
#5347 = EDGE_CURVE( '', #6388, #6386, #6389, .T. );
#5348 = EDGE_CURVE( '', #6388, #6390, #6391, .T. );
#5349 = EDGE_CURVE( '', #6390, #6373, #6392, .T. );
#5350 = EDGE_CURVE( '', #6393, #6394, #6395, .T. );
#5351 = EDGE_CURVE( '', #6393, #6396, #6397, .T. );
#5352 = EDGE_CURVE( '', #6396, #6398, #6399, .T. );
#5353 = EDGE_CURVE( '', #6398, #6400, #6401, .T. );
#5354 = EDGE_CURVE( '', #6402, #6400, #6403, .T. );
#5355 = EDGE_CURVE( '', #6402, #6404, #6405, .T. );
#5356 = EDGE_CURVE( '', #6394, #6404, #6406, .T. );
#5357 = EDGE_CURVE( '', #6407, #6408, #6409, .T. );
#5358 = EDGE_CURVE( '', #6410, #6408, #6411, .T. );
#5359 = EDGE_CURVE( '', #6412, #6410, #6413, .T. );
#5360 = EDGE_CURVE( '', #6412, #6407, #6414, .T. );
#5361 = EDGE_CURVE( '', #6415, #6416, #6417, .T. );
#5362 = EDGE_CURVE( '', #6217, #6416, #6418, .T. );
#5363 = EDGE_CURVE( '', #6216, #6415, #6419, .T. );
#5364 = EDGE_CURVE( '', #6420, #6421, #6422, .T. );
#5365 = EDGE_CURVE( '', #6423, #6420, #6424, .T. );
#5366 = EDGE_CURVE( '', #6423, #6425, #6426, .T. );
#5367 = EDGE_CURVE( '', #6421, #6425, #6427, .T. );
#5368 = EDGE_CURVE( '', #6314, #6428, #6429, .T. );
#5369 = EDGE_CURVE( '', #6430, #6341, #6431, .T. );
#5370 = EDGE_CURVE( '', #6430, #6432, #6433, .T. );
#5371 = EDGE_CURVE( '', #6432, #6434, #6435, .T. );
#5372 = EDGE_CURVE( '', #6428, #6434, #6436, .T. );
#5373 = EDGE_CURVE( '', #6437, #6438, #6439, .T. );
#5374 = EDGE_CURVE( '', #6437, #6440, #6441, .T. );
#5375 = EDGE_CURVE( '', #6440, #6442, #6443, .T. );
#5376 = EDGE_CURVE( '', #6442, #6438, #6444, .T. );
#5377 = EDGE_CURVE( '', #6445, #6446, #6447, .T. );
#5378 = EDGE_CURVE( '', #6445, #6360, #6448, .T. );
#5379 = EDGE_CURVE( '', #6446, #6359, #6449, .T. );
#5380 = EDGE_CURVE( '', #6450, #6451, #6452, .T. );
#5381 = EDGE_CURVE( '', #6450, #6453, #6454, .T. );
#5382 = EDGE_CURVE( '', #6453, #6455, #6456, .T. );
#5383 = EDGE_CURVE( '', #6451, #6455, #6457, .T. );
#5384 = EDGE_CURVE( '', #6400, #6458, #6459, .T. );
#5385 = EDGE_CURVE( '', #6460, #6458, #6461, .T. );
#5386 = EDGE_CURVE( '', #6462, #6460, #6463, .T. );
#5387 = EDGE_CURVE( '', #6402, #6462, #6464, .T. );
#5388 = EDGE_CURVE( '', #6465, #6466, #6467, .T. );
#5389 = EDGE_CURVE( '', #6465, #6468, #6469, .T. );
#5390 = EDGE_CURVE( '', #6470, #6468, #6471, .T. );
#5391 = EDGE_CURVE( '', #6466, #6470, #6472, .T. );
#5392 = EDGE_CURVE( '', #6473, #6474, #6475, .T. );
#5393 = EDGE_CURVE( '', #6474, #6476, #6477, .T. );
#5394 = EDGE_CURVE( '', #6476, #6478, #6479, .T. );
#5395 = EDGE_CURVE( '', #6473, #6478, #6480, .T. );
#5396 = EDGE_CURVE( '', #6481, #6482, #6483, .T. );
#5397 = EDGE_CURVE( '', #6482, #6484, #6485, .T. );
#5398 = EDGE_CURVE( '', #6484, #6486, #6487, .T. );
#5399 = EDGE_CURVE( '', #6486, #6473, #6488, .T. );
#5400 = EDGE_CURVE( '', #6489, #6478, #6490, .T. );
#5401 = EDGE_CURVE( '', #6489, #6491, #6492, .T. );
#5402 = EDGE_CURVE( '', #6491, #6493, #6494, .T. );
#5403 = EDGE_CURVE( '', #6493, #6495, #6496, .T. );
#5404 = EDGE_CURVE( '', #6495, #6497, #6498, .T. );
#5405 = EDGE_CURVE( '', #6497, #6499, #6500, .T. );
#5406 = EDGE_CURVE( '', #6466, #6499, #6501, .T. );
#5407 = EDGE_CURVE( '', #6470, #6502, #6503, .T. );
#5408 = EDGE_CURVE( '', #6502, #6504, #6505, .T. );
#5409 = EDGE_CURVE( '', #6504, #6506, #6507, .T. );
#5410 = EDGE_CURVE( '', #6506, #6508, #6509, .T. );
#5411 = EDGE_CURVE( '', #6481, #6508, #6510, .T. );
#5412 = EDGE_CURVE( '', #6511, #6512, #6513, .T. );
#5413 = EDGE_CURVE( '', #6514, #6512, #6515, .T. );
#5414 = EDGE_CURVE( '', #6516, #6514, #6517, .T. );
#5415 = EDGE_CURVE( '', #6516, #6511, #6518, .T. );
#5416 = EDGE_CURVE( '', #6516, #6519, #6520, .T. );
#5417 = EDGE_CURVE( '', #6514, #6521, #6522, .T. );
#5418 = EDGE_CURVE( '', #6521, #6519, #6523, .T. );
#5419 = EDGE_CURVE( '', #6524, #6512, #6525, .T. );
#5420 = EDGE_CURVE( '', #6526, #6511, #6527, .T. );
#5421 = EDGE_CURVE( '', #6524, #6526, #6528, .T. );
#5422 = EDGE_CURVE( '', #6460, #6519, #6529, .T. );
#5423 = EDGE_CURVE( '', #6530, #6458, #6531, .T. );
#5424 = EDGE_CURVE( '', #6530, #6532, #6533, .T. );
#5425 = EDGE_CURVE( '', #6532, #6534, #6535, .T. );
#5426 = EDGE_CURVE( '', #6536, #6534, #6537, .T. );
#5427 = EDGE_CURVE( '', #6538, #6536, #6539, .T. );
#5428 = EDGE_CURVE( '', #6538, #6540, #6541, .T. );
#5429 = EDGE_CURVE( '', #6542, #6540, #6543, .T. );
#5430 = EDGE_CURVE( '', #6542, #6544, #6545, .T. );
#5431 = EDGE_CURVE( '', #6544, #6546, #6547, .T. );
#5432 = EDGE_CURVE( '', #6546, #6548, #6549, .T. );
#5433 = EDGE_CURVE( '', #6550, #6548, #6551, .T. );
#5434 = EDGE_CURVE( '', #6552, #6550, #6553, .T. );
#5435 = EDGE_CURVE( '', #6554, #6552, #6555, .T. );
#5436 = EDGE_CURVE( '', #6554, #6556, #6557, .T. );
#5437 = EDGE_CURVE( '', #6556, #6558, #6559, .T. );
#5438 = EDGE_CURVE( '', #6558, #6560, #6561, .T. );
#5439 = EDGE_CURVE( '', #6188, #6560, #6562, .T. );
#5440 = EDGE_CURVE( '', #6563, #6186, #6564, .T. );
#5441 = EDGE_CURVE( '', #6565, #6563, #6566, .T. );
#5442 = EDGE_CURVE( '', #6565, #6567, #6568, .T. );
#5443 = EDGE_CURVE( '', #6567, #6569, #6570, .T. );
#5444 = EDGE_CURVE( '', #6571, #6569, #6572, .T. );
#5445 = EDGE_CURVE( '', #6571, #6573, #6574, .T. );
#5446 = EDGE_CURVE( '', #6575, #6573, #6576, .T. );
#5447 = EDGE_CURVE( '', #6575, #6577, #6578, .T. );
#5448 = EDGE_CURVE( '', #6579, #6577, #6580, .T. );
#5449 = EDGE_CURVE( '', #6579, #6581, #6582, .T. );
#5450 = EDGE_CURVE( '', #6583, #6581, #6584, .T. );
#5451 = EDGE_CURVE( '', #6585, #6583, #6586, .T. );
#5452 = EDGE_CURVE( '', #6526, #6585, #6587, .T. );
#5453 = EDGE_CURVE( '', #6588, #6588, #6589, .T. );
#5454 = EDGE_CURVE( '', #6590, #6590, #6591, .T. );
#5455 = EDGE_CURVE( '', #6592, #6593, #6594, .T. );
#5456 = EDGE_CURVE( '', #6595, #6592, #6596, .T. );
#5457 = EDGE_CURVE( '', #6597, #6595, #6598, .T. );
#5458 = EDGE_CURVE( '', #6593, #6597, #6599, .T. );
#5459 = EDGE_CURVE( '', #6600, #6585, #6601, .T. );
#5460 = EDGE_CURVE( '', #6425, #6600, #6602, .T. );
#5461 = EDGE_CURVE( '', #6425, #6526, #6603, .T. );
#5462 = EDGE_CURVE( '', #6604, #6605, #6606, .T. );
#5463 = EDGE_CURVE( '', #6604, #6607, #6608, .T. );
#5464 = EDGE_CURVE( '', #6609, #6607, #6610, .T. );
#5465 = EDGE_CURVE( '', #6605, #6609, #6611, .T. );
#5466 = EDGE_CURVE( '', #6612, #6354, #6613, .T. );
#5467 = EDGE_CURVE( '', #6354, #6614, #6615, .T. );
#5468 = EDGE_CURVE( '', #6616, #6614, #6617, .T. );
#5469 = EDGE_CURVE( '', #6612, #6616, #6618, .T. );
#5470 = EDGE_CURVE( '', #6195, #6619, #6620, .T. );
#5471 = EDGE_CURVE( '', #6621, #6619, #6622, .T. );
#5472 = EDGE_CURVE( '', #6344, #6621, #6623, .T. );
#5473 = EDGE_CURVE( '', #6624, #6209, #6625, .T. );
#5474 = EDGE_CURVE( '', #6626, #6213, #6627, .T. );
#5475 = EDGE_CURVE( '', #6624, #6626, #6628, .T. );
#5476 = EDGE_CURVE( '', #6629, #6552, #6630, .T. );
#5477 = EDGE_CURVE( '', #6631, #6629, #6632, .T. );
#5478 = EDGE_CURVE( '', #6631, #6554, #6633, .T. );
#5479 = EDGE_CURVE( '', #6634, #6635, #6636, .T. );
#5480 = EDGE_CURVE( '', #6635, #6637, #6638, .T. );
#5481 = EDGE_CURVE( '', #6634, #6637, #6639, .T. );
#5482 = EDGE_CURVE( '', #6640, #6506, #6641, .T. );
#5483 = EDGE_CURVE( '', #6504, #6642, #6643, .T. );
#5484 = EDGE_CURVE( '', #6642, #6644, #6645, .T. );
#5485 = EDGE_CURVE( '', #6640, #6644, #6646, .T. );
#5486 = EDGE_CURVE( '', #6624, #6647, #6648, .T. );
#5487 = EDGE_CURVE( '', #6649, #6626, #6650, .T. );
#5488 = EDGE_CURVE( '', #6647, #6649, #6651, .T. );
#5489 = EDGE_CURVE( '', #6652, #6324, #6653, .T. );
#5490 = EDGE_CURVE( '', #6654, #6652, #6655, .T. );
#5491 = EDGE_CURVE( '', #6654, #6326, #6656, .T. );
#5492 = EDGE_CURVE( '', #6657, #6658, #6659, .T. );
#5493 = EDGE_CURVE( '', #6658, #6660, #6661, .T. );
#5494 = EDGE_CURVE( '', #6662, #6660, #6663, .T. );
#5495 = EDGE_CURVE( '', #6657, #6662, #6664, .T. );
#5496 = EDGE_CURVE( '', #6665, #6666, #6667, .T. );
#5497 = EDGE_CURVE( '', #6666, #6668, #6669, .T. );
#5498 = EDGE_CURVE( '', #6670, #6668, #6671, .T. );
#5499 = EDGE_CURVE( '', #6665, #6670, #6672, .T. );
#5500 = EDGE_CURVE( '', #6673, #6674, #6675, .T. );
#5501 = EDGE_CURVE( '', #6222, #6674, #6676, .T. );
#5502 = EDGE_CURVE( '', #6221, #6673, #6677, .T. );
#5503 = EDGE_CURVE( '', #6678, #6679, #6680, .T. );
#5504 = EDGE_CURVE( '', #6681, #6679, #6682, .T. );
#5505 = EDGE_CURVE( '', #6683, #6681, #6684, .T. );
#5506 = EDGE_CURVE( '', #6683, #6678, #6685, .T. );
#5507 = EDGE_CURVE( '', #6686, #6307, #6687, .T. );
#5508 = EDGE_CURVE( '', #6319, #6686, #6688, .T. );
#5509 = EDGE_CURVE( '', #6689, #6690, #6691, .T. );
#5510 = EDGE_CURVE( '', #6690, #6666, #6692, .T. );
#5511 = EDGE_CURVE( '', #6693, #6666, #6694, .T. );
#5512 = EDGE_CURVE( '', #6689, #6693, #6695, .T. );
#5513 = EDGE_CURVE( '', #6696, #6697, #6698, .T. );
#5514 = EDGE_CURVE( '', #6699, #6697, #6700, .T. );
#5515 = EDGE_CURVE( '', #6701, #6699, #6702, .T. );
#5516 = EDGE_CURVE( '', #6701, #6696, #6703, .T. );
#5517 = EDGE_CURVE( '', #6640, #6508, #6704, .T. );
#5518 = EDGE_CURVE( '', #6705, #6706, #6707, .T. );
#5519 = EDGE_CURVE( '', #6708, #6705, #6709, .T. );
#5520 = EDGE_CURVE( '', #6710, #6708, #6711, .T. );
#5521 = EDGE_CURVE( '', #6710, #6706, #6712, .T. );
#5522 = EDGE_CURVE( '', #6713, #6714, #6715, .T. );
#5523 = EDGE_CURVE( '', #6716, #6714, #6717, .T. );
#5524 = EDGE_CURVE( '', #6713, #6716, #6718, .T. );
#5525 = EDGE_CURVE( '', #6719, #6719, #6720, .T. );
#5526 = EDGE_CURVE( '', #6721, #6721, #6722, .T. );
#5527 = EDGE_CURVE( '', #6723, #6724, #6725, .T. );
#5528 = EDGE_CURVE( '', #6726, #6723, #6727, .T. );
#5529 = EDGE_CURVE( '', #6728, #6726, #6729, .T. );
#5530 = EDGE_CURVE( '', #6728, #6724, #6730, .T. );
#5531 = EDGE_CURVE( '', #6731, #6732, #6733, .T. );
#5532 = EDGE_CURVE( '', #6734, #6732, #6735, .T. );
#5533 = EDGE_CURVE( '', #6736, #6734, #6737, .T. );
#5534 = EDGE_CURVE( '', #6731, #6736, #6738, .T. );
#5535 = EDGE_CURVE( '', #6380, #6739, #6740, .T. );
#5536 = EDGE_CURVE( '', #6739, #6741, #6742, .T. );
#5537 = EDGE_CURVE( '', #6741, #6743, #6744, .T. );
#5538 = EDGE_CURVE( '', #6743, #6745, #6746, .T. );
#5539 = EDGE_CURVE( '', #6382, #6745, #6747, .T. );
#5540 = EDGE_CURVE( '', #6748, #6749, #6750, .T. );
#5541 = EDGE_CURVE( '', #6748, #6751, #6752, .T. );
#5542 = EDGE_CURVE( '', #6751, #6753, #6754, .T. );
#5543 = EDGE_CURVE( '', #6753, #6749, #6755, .T. );
#5544 = EDGE_CURVE( '', #6756, #6554, #6757, .T. );
#5545 = EDGE_CURVE( '', #6180, #6631, #6758, .T. );
#5546 = EDGE_CURVE( '', #6759, #6560, #6760, .T. );
#5547 = EDGE_CURVE( '', #6756, #6759, #6761, .T. );
#5548 = EDGE_CURVE( '', #6762, #6328, #6763, .T. );
#5549 = EDGE_CURVE( '', #6326, #6649, #6764, .T. );
#5550 = EDGE_CURVE( '', #6762, #6649, #6765, .T. );
#5551 = EDGE_CURVE( '', #6766, #6767, #6768, .T. );
#5552 = EDGE_CURVE( '', #6767, #6769, #6770, .T. );
#5553 = EDGE_CURVE( '', #6771, #6769, #6772, .T. );
#5554 = EDGE_CURVE( '', #6766, #6771, #6773, .T. );
#5555 = EDGE_CURVE( '', #6583, #6774, #6775, .T. );
#5556 = EDGE_CURVE( '', #6774, #6600, #6776, .T. );
#5557 = EDGE_CURVE( '', #6777, #6778, #6779, .T. );
#5558 = EDGE_CURVE( '', #6778, #6780, #6781, .T. );
#5559 = EDGE_CURVE( '', #6345, #6780, #6782, .T. );
#5560 = EDGE_CURVE( '', #6777, #6344, #6783, .T. );
#5561 = EDGE_CURVE( '', #6784, #6785, #6786, .T. );
#5562 = EDGE_CURVE( '', #6785, #6787, #6788, .T. );
#5563 = EDGE_CURVE( '', #6789, #6787, #6790, .T. );
#5564 = EDGE_CURVE( '', #6789, #6388, #6791, .T. );
#5565 = EDGE_CURVE( '', #6386, #6784, #6792, .T. );
#5566 = EDGE_CURVE( '', #6793, #6665, #6794, .T. );
#5567 = EDGE_CURVE( '', #6795, #6793, #6796, .T. );
#5568 = EDGE_CURVE( '', #6795, #6693, #6797, .T. );
#5569 = EDGE_CURVE( '', #6693, #6665, #6798, .T. );
#5570 = EDGE_CURVE( '', #6240, #6609, #6799, .T. );
#5571 = EDGE_CURVE( '', #6237, #6605, #6800, .T. );
#5572 = EDGE_CURVE( '', #6801, #6802, #6803, .T. );
#5573 = EDGE_CURVE( '', #6465, #6802, #6804, .T. );
#5574 = EDGE_CURVE( '', #6805, #6466, #6806, .T. );
#5575 = EDGE_CURVE( '', #6805, #6807, #6808, .T. );
#5576 = EDGE_CURVE( '', #6807, #6801, #6809, .T. );
#5577 = EDGE_CURVE( '', #6810, #6811, #6812, .T. );
#5578 = EDGE_CURVE( '', #6311, #6811, #6813, .T. );
#5579 = EDGE_CURVE( '', #6814, #6309, #6815, .T. );
#5580 = EDGE_CURVE( '', #6816, #6814, #6817, .T. );
#5581 = EDGE_CURVE( '', #6816, #6810, #6818, .T. );
#5582 = EDGE_CURVE( '', #6819, #6820, #6821, .T. );
#5583 = EDGE_CURVE( '', #6822, #6820, #6823, .T. );
#5584 = EDGE_CURVE( '', #6824, #6822, #6825, .T. );
#5585 = EDGE_CURVE( '', #6824, #6819, #6826, .T. );
#5586 = EDGE_CURVE( '', #6827, #6828, #6829, .T. );
#5587 = EDGE_CURVE( '', #6830, #6828, #6831, .T. );
#5588 = EDGE_CURVE( '', #6832, #6830, #6833, .T. );
#5589 = EDGE_CURVE( '', #6832, #6827, #6834, .T. );
#5590 = EDGE_CURVE( '', #6835, #6836, #6837, .T. );
#5591 = EDGE_CURVE( '', #6838, #6836, #6839, .T. );
#5592 = EDGE_CURVE( '', #6840, #6838, #6841, .T. );
#5593 = EDGE_CURVE( '', #6840, #6835, #6842, .T. );
#5594 = EDGE_CURVE( '', #6267, #6838, #6843, .T. );
#5595 = EDGE_CURVE( '', #6266, #6840, #6844, .T. );
#5596 = EDGE_CURVE( '', #6845, #6846, #6847, .T. );
#5597 = EDGE_CURVE( '', #6836, #6846, #6848, .T. );
#5598 = EDGE_CURVE( '', #6835, #6845, #6849, .T. );
#5599 = EDGE_CURVE( '', #6850, #6851, #6852, .T. );
#5600 = EDGE_CURVE( '', #6298, #6851, #6853, .T. );
#5601 = EDGE_CURVE( '', #6854, #6299, #6855, .T. );
#5602 = EDGE_CURVE( '', #6854, #6856, #6857, .T. );
#5603 = EDGE_CURVE( '', #6856, #6850, #6858, .T. );
#5604 = EDGE_CURVE( '', #6859, #6860, #6861, .T. );
#5605 = EDGE_CURVE( '', #6851, #6860, #6862, .T. );
#5606 = EDGE_CURVE( '', #6859, #6850, #6863, .T. );
#5607 = EDGE_CURVE( '', #6864, #6865, #6866, .T. );
#5608 = EDGE_CURVE( '', #6865, #6860, #6867, .T. );
#5609 = EDGE_CURVE( '', #6864, #6859, #6868, .T. );
#5610 = EDGE_CURVE( '', #6869, #6870, #6871, .T. );
#5611 = EDGE_CURVE( '', #6872, #6870, #6873, .T. );
#5612 = EDGE_CURVE( '', #6874, #6872, #6875, .T. );
#5613 = EDGE_CURVE( '', #6874, #6869, #6876, .T. );
#5614 = EDGE_CURVE( '', #6877, #6878, #6879, .T. );
#5615 = EDGE_CURVE( '', #6880, #6878, #6881, .T. );
#5616 = EDGE_CURVE( '', #6882, #6880, #6883, .T. );
#5617 = EDGE_CURVE( '', #6882, #6877, #6884, .T. );
#5618 = EDGE_CURVE( '', #6885, #6619, #6886, .T. );
#5619 = EDGE_CURVE( '', #6887, #6193, #6888, .T. );
#5620 = EDGE_CURVE( '', #6889, #6887, #6890, .T. );
#5621 = EDGE_CURVE( '', #6891, #6889, #6892, .T. );
#5622 = EDGE_CURVE( '', #6891, #6893, #6894, .T. );
#5623 = EDGE_CURVE( '', #6893, #6851, #6895, .T. );
#5624 = EDGE_CURVE( '', #6865, #6814, #6896, .T. );
#5625 = EDGE_CURVE( '', #6814, #6897, #6898, .T. );
#5626 = EDGE_CURVE( '', #6897, #6899, #6900, .T. );
#5627 = EDGE_CURVE( '', #6901, #6899, #6902, .T. );
#5628 = EDGE_CURVE( '', #6203, #6901, #6903, .T. );
#5629 = EDGE_CURVE( '', #6904, #6416, #6905, .T. );
#5630 = EDGE_CURVE( '', #6906, #6904, #6907, .T. );
#5631 = EDGE_CURVE( '', #6908, #6906, #6909, .T. );
#5632 = EDGE_CURVE( '', #6908, #6769, #6910, .T. );
#5633 = EDGE_CURVE( '', #6767, #6911, #6912, .T. );
#5634 = EDGE_CURVE( '', #6911, #6913, #6914, .T. );
#5635 = EDGE_CURVE( '', #6915, #6913, #6916, .T. );
#5636 = EDGE_CURVE( '', #6915, #6917, #6918, .T. );
#5637 = EDGE_CURVE( '', #6802, #6917, #6919, .T. );
#5638 = EDGE_CURVE( '', #6802, #6660, #6920, .T. );
#5639 = EDGE_CURVE( '', #6658, #6921, #6922, .T. );
#5640 = EDGE_CURVE( '', #6724, #6921, #6923, .T. );
#5641 = EDGE_CURVE( '', #6724, #6924, #6925, .T. );
#5642 = EDGE_CURVE( '', #6926, #6924, #6927, .T. );
#5643 = EDGE_CURVE( '', #6926, #6928, #6929, .T. );
#5644 = EDGE_CURVE( '', #6734, #6928, #6930, .T. );
#5645 = EDGE_CURVE( '', #6931, #6732, #6932, .T. );
#5646 = EDGE_CURVE( '', #6931, #6933, #6934, .T. );
#5647 = EDGE_CURVE( '', #6885, #6933, #6935, .T. );
#5648 = EDGE_CURVE( '', #6936, #6936, #6937, .T. );
#5649 = EDGE_CURVE( '', #6938, #6939, #6940, .T. );
#5650 = EDGE_CURVE( '', #6939, #6941, #6942, .T. );
#5651 = EDGE_CURVE( '', #6941, #6943, #6944, .T. );
#5652 = EDGE_CURVE( '', #6938, #6943, #6945, .T. );
#5653 = EDGE_CURVE( '', #6946, #6915, #6947, .T. );
#5654 = EDGE_CURVE( '', #6948, #6946, #6949, .T. );
#5655 = EDGE_CURVE( '', #6948, #6917, #6950, .T. );
#5656 = EDGE_CURVE( '', #6530, #6780, #6951, .T. );
#5657 = EDGE_CURVE( '', #6398, #6889, #6952, .T. );
#5658 = EDGE_CURVE( '', #6347, #6887, #6953, .T. );
#5659 = EDGE_CURVE( '', #6954, #6497, #6955, .T. );
#5660 = EDGE_CURVE( '', #6954, #6956, #6957, .T. );
#5661 = EDGE_CURVE( '', #6956, #6499, #6958, .T. );
#5662 = EDGE_CURVE( '', #6396, #6891, #6959, .T. );
#5663 = EDGE_CURVE( '', #6211, #6242, #6960, .T. );
#5664 = EDGE_CURVE( '', #6607, #6961, #6962, .T. );
#5665 = EDGE_CURVE( '', #6961, #6762, #6963, .T. );
#5666 = EDGE_CURVE( '', #6964, #6965, #6966, .T. );
#5667 = EDGE_CURVE( '', #6592, #6964, #6967, .T. );
#5668 = EDGE_CURVE( '', #6593, #6965, #6968, .T. );
#5669 = EDGE_CURVE( '', #6969, #6961, #6970, .T. );
#5670 = EDGE_CURVE( '', #6971, #6969, #6972, .T. );
#5671 = EDGE_CURVE( '', #6971, #6762, #6973, .T. );
#5672 = EDGE_CURVE( '', #6974, #6975, #6976, .T. );
#5673 = EDGE_CURVE( '', #6246, #6975, #6977, .T. );
#5674 = EDGE_CURVE( '', #6245, #6974, #6978, .T. );
#5675 = EDGE_CURVE( '', #6686, #6979, #6980, .T. );
#5676 = EDGE_CURVE( '', #6317, #6979, #6981, .T. );
#5677 = EDGE_CURVE( '', #6982, #6941, #6983, .T. );
#5678 = EDGE_CURVE( '', #6984, #6982, #6985, .T. );
#5679 = EDGE_CURVE( '', #6943, #6984, #6986, .T. );
#5680 = EDGE_CURVE( '', #6987, #6908, #6988, .T. );
#5681 = EDGE_CURVE( '', #6987, #6771, #6989, .T. );
#5682 = EDGE_CURVE( '', #6434, #6979, #6990, .T. );
#5683 = EDGE_CURVE( '', #6428, #6315, #6991, .T. );
#5684 = EDGE_CURVE( '', #6992, #6992, #6993, .T. );
#5685 = EDGE_CURVE( '', #6994, #6994, #6995, .T. );
#5686 = EDGE_CURVE( '', #6996, #6681, #6997, .T. );
#5687 = EDGE_CURVE( '', #6998, #6996, #6999, .T. );
#5688 = EDGE_CURVE( '', #6998, #6683, #7000, .T. );
#5689 = EDGE_CURVE( '', #7001, #6795, #7002, .T. );
#5690 = EDGE_CURVE( '', #7001, #6689, #7003, .T. );
#5691 = EDGE_CURVE( '', #7004, #7005, #7006, .T. );
#5692 = EDGE_CURVE( '', #7004, #7007, #7008, .T. );
#5693 = EDGE_CURVE( '', #7009, #7007, #7010, .T. );
#5694 = EDGE_CURVE( '', #7009, #6378, #7011, .T. );
#5695 = EDGE_CURVE( '', #6376, #7005, #7012, .T. );
#5696 = EDGE_CURVE( '', #7013, #7014, #7015, .T. );
#5697 = EDGE_CURVE( '', #6283, #7014, #7016, .T. );
#5698 = EDGE_CURVE( '', #6282, #7013, #7017, .T. );
#5699 = EDGE_CURVE( '', #7018, #7019, #7020, .T. );
#5700 = EDGE_CURVE( '', #7018, #6330, #7021, .T. );
#5701 = EDGE_CURVE( '', #7019, #6328, #7022, .T. );
#5702 = EDGE_CURVE( '', #7023, #7024, #7025, .T. );
#5703 = EDGE_CURVE( '', #7023, #7026, #7027, .T. );
#5704 = EDGE_CURVE( '', #7028, #7026, #7029, .T. );
#5705 = EDGE_CURVE( '', #7024, #7028, #7030, .T. );
#5706 = EDGE_CURVE( '', #7031, #7032, #7033, .T. );
#5707 = EDGE_CURVE( '', #7034, #7032, #7035, .T. );
#5708 = EDGE_CURVE( '', #7036, #7034, #7037, .T. );
#5709 = EDGE_CURVE( '', #7036, #7031, #7038, .T. );
#5710 = EDGE_CURVE( '', #6493, #7028, #7039, .T. );
#5711 = EDGE_CURVE( '', #7040, #6493, #7041, .T. );
#5712 = EDGE_CURVE( '', #7024, #7040, #7042, .T. );
#5713 = EDGE_CURVE( '', #7014, #6277, #7043, .T. );
#5714 = EDGE_CURVE( '', #7013, #6279, #7044, .T. );
#5715 = EDGE_CURVE( '', #6550, #7045, #7046, .T. );
#5716 = EDGE_CURVE( '', #7045, #6629, #7047, .T. );
#5717 = EDGE_CURVE( '', #7048, #6652, #7049, .T. );
#5718 = EDGE_CURVE( '', #7048, #6322, #7050, .T. );
#5719 = EDGE_CURVE( '', #7051, #6631, #7052, .T. );
#5720 = EDGE_CURVE( '', #7051, #7045, #7053, .T. );
#5721 = EDGE_CURVE( '', #7054, #7055, #7056, .T. );
#5722 = EDGE_CURVE( '', #7057, #7054, #7058, .T. );
#5723 = EDGE_CURVE( '', #7057, #6635, #7059, .T. );
#5724 = EDGE_CURVE( '', #7055, #6634, #7060, .T. );
#5725 = EDGE_CURVE( '', #7061, #7062, #7063, .T. );
#5726 = EDGE_CURVE( '', #7064, #7061, #7065, .T. );
#5727 = EDGE_CURVE( '', #7064, #7066, #7067, .T. );
#5728 = EDGE_CURVE( '', #7066, #7062, #7068, .T. );
#5729 = EDGE_CURVE( '', #7069, #6921, #7070, .T. );
#5730 = EDGE_CURVE( '', #7069, #6657, #7071, .T. );
#5731 = EDGE_CURVE( '', #7072, #7073, #7074, .T. );
#5732 = EDGE_CURVE( '', #6254, #7073, #7075, .T. );
#5733 = EDGE_CURVE( '', #6253, #7072, #7076, .T. );
#5734 = EDGE_CURVE( '', #6558, #7077, #7078, .T. );
#5735 = EDGE_CURVE( '', #7077, #6759, #7079, .T. );
#5736 = EDGE_CURVE( '', #7080, #7081, #7082, .T. );
#5737 = EDGE_CURVE( '', #7083, #7081, #7084, .T. );
#5738 = EDGE_CURVE( '', #7085, #7083, #7086, .T. );
#5739 = EDGE_CURVE( '', #7085, #7080, #7087, .T. );
#5740 = EDGE_CURVE( '', #7088, #6924, #7089, .T. );
#5741 = EDGE_CURVE( '', #7090, #7088, #7091, .T. );
#5742 = EDGE_CURVE( '', #7090, #6926, #7092, .T. );
#5743 = EDGE_CURVE( '', #6275, #6699, #7093, .T. );
#5744 = EDGE_CURVE( '', #6274, #6701, #7094, .T. );
#5745 = EDGE_CURVE( '', #7095, #7096, #7097, .T. );
#5746 = EDGE_CURVE( '', #7098, #7096, #7099, .T. );
#5747 = EDGE_CURVE( '', #7100, #7098, #7101, .T. );
#5748 = EDGE_CURVE( '', #7100, #7095, #7102, .T. );
#5749 = EDGE_CURVE( '', #7103, #7104, #7105, .T. );
#5750 = EDGE_CURVE( '', #7106, #7103, #7107, .T. );
#5751 = EDGE_CURVE( '', #7108, #7106, #7109, .T. );
#5752 = EDGE_CURVE( '', #7108, #7104, #7110, .T. );
#5753 = EDGE_CURVE( '', #7111, #7112, #7113, .T. );
#5754 = EDGE_CURVE( '', #7032, #7112, #7114, .T. );
#5755 = EDGE_CURVE( '', #7031, #7111, #7115, .T. );
#5756 = EDGE_CURVE( '', #7116, #7117, #7118, .T. );
#5757 = EDGE_CURVE( '', #7119, #7117, #7120, .T. );
#5758 = EDGE_CURVE( '', #7121, #7119, #7122, .T. );
#5759 = EDGE_CURVE( '', #7121, #7116, #7123, .T. );
#5760 = EDGE_CURVE( '', #6956, #7124, #7125, .T. );
#5761 = EDGE_CURVE( '', #7126, #7124, #7127, .T. );
#5762 = EDGE_CURVE( '', #6499, #7126, #7128, .T. );
#5763 = EDGE_CURVE( '', #7129, #7130, #7131, .T. );
#5764 = EDGE_CURVE( '', #7132, #7130, #7133, .T. );
#5765 = EDGE_CURVE( '', #7134, #7132, #7135, .T. );
#5766 = EDGE_CURVE( '', #7134, #7129, #7136, .T. );
#5767 = EDGE_CURVE( '', #7137, #7132, #7138, .T. );
#5768 = EDGE_CURVE( '', #7139, #7137, #7140, .T. );
#5769 = EDGE_CURVE( '', #7139, #7134, #7141, .T. );
#5770 = EDGE_CURVE( '', #7142, #7143, #7144, .T. );
#5771 = EDGE_CURVE( '', #7130, #7143, #7145, .T. );
#5772 = EDGE_CURVE( '', #7129, #7142, #7146, .T. );
#5773 = EDGE_CURVE( '', #7147, #7148, #7149, .T. );
#5774 = EDGE_CURVE( '', #7117, #7148, #7150, .T. );
#5775 = EDGE_CURVE( '', #7116, #7147, #7151, .T. );
#5776 = EDGE_CURVE( '', #7148, #7083, #7152, .T. );
#5777 = EDGE_CURVE( '', #7147, #7085, #7153, .T. );
#5778 = EDGE_CURVE( '', #7154, #6784, #7155, .T. );
#5779 = EDGE_CURVE( '', #6745, #7154, #7156, .T. );
#5780 = EDGE_CURVE( '', #7004, #6743, #7157, .T. );
#5781 = EDGE_CURVE( '', #7005, #7158, #7159, .T. );
#5782 = EDGE_CURVE( '', #7158, #7160, #7161, .T. );
#5783 = EDGE_CURVE( '', #7160, #7162, #7163, .T. );
#5784 = EDGE_CURVE( '', #6785, #7162, #7164, .T. );
#5785 = EDGE_CURVE( '', #7165, #7166, #7167, .T. );
#5786 = EDGE_CURVE( '', #7168, #7165, #7169, .T. );
#5787 = EDGE_CURVE( '', #7168, #6716, #7170, .T. );
#5788 = EDGE_CURVE( '', #6716, #7166, #7171, .T. );
#5789 = EDGE_CURVE( '', #7172, #7064, #7173, .T. );
#5790 = EDGE_CURVE( '', #6614, #7061, #7174, .T. );
#5791 = EDGE_CURVE( '', #7172, #6614, #7175, .T. );
#5792 = EDGE_CURVE( '', #7176, #7177, #7178, .T. );
#5793 = EDGE_CURVE( '', #6291, #7177, #7179, .T. );
#5794 = EDGE_CURVE( '', #6290, #7176, #7180, .T. );
#5795 = EDGE_CURVE( '', #6544, #7106, #7181, .T. );
#5796 = EDGE_CURVE( '', #7108, #6542, #7182, .T. );
#5797 = EDGE_CURVE( '', #7183, #7184, #7185, .T. );
#5798 = EDGE_CURVE( '', #7186, #7184, #7187, .T. );
#5799 = EDGE_CURVE( '', #7188, #7186, #7189, .T. );
#5800 = EDGE_CURVE( '', #7188, #7183, #7190, .T. );
#5801 = EDGE_CURVE( '', #7191, #7192, #7193, .T. );
#5802 = EDGE_CURVE( '', #6674, #7192, #7194, .T. );
#5803 = EDGE_CURVE( '', #6673, #7191, #7195, .T. );
#5804 = EDGE_CURVE( '', #7196, #6474, #7197, .T. );
#5805 = EDGE_CURVE( '', #6486, #7196, #7198, .T. );
#5806 = EDGE_CURVE( '', #6616, #7199, #7200, .T. );
#5807 = EDGE_CURVE( '', #7199, #6362, #7201, .T. );
#5808 = EDGE_CURVE( '', #6362, #6612, #7202, .T. );
#5809 = EDGE_CURVE( '', #7203, #7204, #7205, .T. );
#5810 = EDGE_CURVE( '', #7206, #7204, #7207, .T. );
#5811 = EDGE_CURVE( '', #7208, #7206, #7209, .T. );
#5812 = EDGE_CURVE( '', #7208, #7203, #7210, .T. );
#5813 = EDGE_CURVE( '', #7211, #7212, #7213, .T. );
#5814 = EDGE_CURVE( '', #7211, #7214, #7215, .T. );
#5815 = EDGE_CURVE( '', #7214, #7216, #7217, .T. );
#5816 = EDGE_CURVE( '', #7216, #7212, #7218, .T. );
#5817 = EDGE_CURVE( '', #7219, #6938, #7220, .T. );
#5818 = EDGE_CURVE( '', #7219, #6984, #7221, .T. );
#5819 = EDGE_CURVE( '', #7222, #7223, #7224, .T. );
#5820 = EDGE_CURVE( '', #7223, #7225, #7226, .T. );
#5821 = EDGE_CURVE( '', #7225, #6322, #7227, .T. );
#5822 = EDGE_CURVE( '', #6811, #7222, #7228, .T. );
#5823 = EDGE_CURVE( '', #7229, #6982, #7230, .T. );
#5824 = EDGE_CURVE( '', #7229, #7219, #7231, .T. );
#5825 = EDGE_CURVE( '', #7232, #7233, #7234, .T. );
#5826 = EDGE_CURVE( '', #7096, #7233, #7235, .T. );
#5827 = EDGE_CURVE( '', #7095, #7232, #7236, .T. );
#5828 = EDGE_CURVE( '', #6556, #7237, #7238, .T. );
#5829 = EDGE_CURVE( '', #7237, #7077, #7239, .T. );
#5830 = EDGE_CURVE( '', #6384, #7154, #7240, .T. );
#5831 = EDGE_CURVE( '', #6668, #6714, #7241, .T. );
#5832 = EDGE_CURVE( '', #6714, #6690, #7242, .T. );
#5833 = EDGE_CURVE( '', #7243, #7244, #7245, .T. );
#5834 = EDGE_CURVE( '', #7246, #7244, #7247, .T. );
#5835 = EDGE_CURVE( '', #7248, #7246, #7249, .T. );
#5836 = EDGE_CURVE( '', #7248, #7243, #7250, .T. );
#5837 = EDGE_CURVE( '', #7251, #6232, #7252, .T. );
#5838 = EDGE_CURVE( '', #7253, #7251, #7254, .T. );
#5839 = EDGE_CURVE( '', #7253, #6234, #7255, .T. );
#5840 = EDGE_CURVE( '', #7018, #7256, #7257, .T. );
#5841 = EDGE_CURVE( '', #7256, #6332, #7258, .T. );
#5842 = EDGE_CURVE( '', #7229, #6939, #7259, .T. );
#5843 = EDGE_CURVE( '', #6577, #7260, #7261, .T. );
#5844 = EDGE_CURVE( '', #7262, #7260, #7263, .T. );
#5845 = EDGE_CURVE( '', #6579, #7262, #7264, .T. );
#5846 = EDGE_CURVE( '', #7262, #7265, #7266, .T. );
#5847 = EDGE_CURVE( '', #7265, #6581, #7267, .T. );
#5848 = EDGE_CURVE( '', #7268, #7260, #7269, .T. );
#5849 = EDGE_CURVE( '', #7268, #6575, #7270, .T. );
#5850 = EDGE_CURVE( '', #7265, #7268, #7271, .T. );
#5851 = EDGE_CURVE( '', #6453, #6573, #7272, .T. );
#5852 = EDGE_CURVE( '', #6450, #6421, #7273, .T. );
#5853 = EDGE_CURVE( '', #6581, #6421, #7274, .T. );
#5854 = EDGE_CURVE( '', #6756, #7237, #7275, .T. );
#5855 = EDGE_CURVE( '', #6521, #6524, #7276, .T. );
#5856 = EDGE_CURVE( '', #7277, #6425, #7278, .T. );
#5857 = EDGE_CURVE( '', #6462, #7277, #7279, .T. );
#5858 = EDGE_CURVE( '', #6604, #6969, #7280, .T. );
#5859 = EDGE_CURVE( '', #6208, #6238, #7281, .T. );
#5860 = EDGE_CURVE( '', #6971, #6647, #7282, .T. );
#5861 = EDGE_CURVE( '', #6670, #7283, #7284, .T. );
#5862 = EDGE_CURVE( '', #7283, #6668, #7285, .T. );
#5863 = EDGE_CURVE( '', #7286, #7119, #7287, .T. );
#5864 = EDGE_CURVE( '', #7288, #7286, #7289, .T. );
#5865 = EDGE_CURVE( '', #7288, #7121, #7290, .T. );
#5866 = EDGE_CURVE( '', #6726, #6489, #7291, .T. );
#5867 = EDGE_CURVE( '', #6723, #7292, #7293, .T. );
#5868 = EDGE_CURVE( '', #7292, #6489, #7294, .T. );
#5869 = EDGE_CURVE( '', #7295, #7296, #7297, .T. );
#5870 = EDGE_CURVE( '', #6870, #7296, #7298, .T. );
#5871 = EDGE_CURVE( '', #6869, #7295, #7299, .T. );
#5872 = EDGE_CURVE( '', #7300, #7301, #7302, .T. );
#5873 = EDGE_CURVE( '', #7301, #6828, #7303, .T. );
#5874 = EDGE_CURVE( '', #6827, #7300, #7304, .T. );
#5875 = EDGE_CURVE( '', #6374, #7158, #7305, .T. );
#5876 = EDGE_CURVE( '', #7296, #7306, #7307, .T. );
#5877 = EDGE_CURVE( '', #7306, #7308, #7309, .T. );
#5878 = EDGE_CURVE( '', #7308, #7246, #7310, .T. );
#5879 = EDGE_CURVE( '', #7244, #7311, #7312, .T. );
#5880 = EDGE_CURVE( '', #7311, #6248, #7313, .T. );
#5881 = EDGE_CURVE( '', #6975, #7314, #7315, .T. );
#5882 = EDGE_CURVE( '', #7314, #7316, #7317, .T. );
#5883 = EDGE_CURVE( '', #7316, #7137, #7318, .T. );
#5884 = EDGE_CURVE( '', #7143, #7319, #7320, .T. );
#5885 = EDGE_CURVE( '', #7319, #7321, #7322, .T. );
#5886 = EDGE_CURVE( '', #7321, #7286, #7323, .T. );
#5887 = EDGE_CURVE( '', #7081, #7324, #7325, .T. );
#5888 = EDGE_CURVE( '', #7324, #7326, #7327, .T. );
#5889 = EDGE_CURVE( '', #7326, #7328, #7329, .T. );
#5890 = EDGE_CURVE( '', #7328, #6872, #7330, .T. );
#5891 = EDGE_CURVE( '', #6893, #7331, #7332, .T. );
#5892 = EDGE_CURVE( '', #7256, #7331, #7333, .T. );
#5893 = EDGE_CURVE( '', #7256, #6298, #7334, .T. );
#5894 = EDGE_CURVE( '', #6789, #6885, #7335, .T. );
#5895 = EDGE_CURVE( '', #6621, #6789, #7336, .T. );
#5896 = EDGE_CURVE( '', #7337, #7337, #7338, .T. );
#5897 = EDGE_CURVE( '', #6917, #7124, #7339, .T. );
#5898 = EDGE_CURVE( '', #6465, #6956, #7340, .T. );
#5899 = EDGE_CURVE( '', #6366, #6410, #7341, .T. );
#5900 = EDGE_CURVE( '', #6365, #6412, #7342, .T. );
#5901 = EDGE_CURVE( '', #7343, #6438, #7344, .T. );
#5902 = EDGE_CURVE( '', #7345, #7343, #7346, .T. );
#5903 = EDGE_CURVE( '', #7345, #6437, #7347, .T. );
#5904 = EDGE_CURVE( '', #7348, #7349, #7350, .T. );
#5905 = EDGE_CURVE( '', #6442, #7349, #7351, .T. );
#5906 = EDGE_CURVE( '', #6440, #7348, #7352, .T. );
#5907 = EDGE_CURVE( '', #7353, #6906, #7354, .T. );
#5908 = EDGE_CURVE( '', #6987, #7353, #7355, .T. );
#5909 = EDGE_CURVE( '', #7356, #7283, #7357, .T. );
#5910 = EDGE_CURVE( '', #7358, #7356, #7359, .T. );
#5911 = EDGE_CURVE( '', #7358, #6670, #7360, .T. );
#5912 = EDGE_CURVE( '', #6597, #7361, #7362, .T. );
#5913 = EDGE_CURVE( '', #6965, #7361, #7363, .T. );
#5914 = EDGE_CURVE( '', #7192, #7186, #7364, .T. );
#5915 = EDGE_CURVE( '', #7191, #7188, #7365, .T. );
#5916 = EDGE_CURVE( '', #6390, #6885, #7366, .T. );
#5917 = EDGE_CURVE( '', #7367, #7326, #7368, .T. );
#5918 = EDGE_CURVE( '', #7369, #7324, #7370, .T. );
#5919 = EDGE_CURVE( '', #7369, #7367, #7371, .T. );
#5920 = EDGE_CURVE( '', #6933, #7162, #7372, .T. );
#5921 = EDGE_CURVE( '', #6787, #6933, #7373, .T. );
#5922 = EDGE_CURVE( '', #7166, #6690, #7374, .T. );
#5923 = EDGE_CURVE( '', #6373, #7160, #7375, .T. );
#5924 = EDGE_CURVE( '', #7376, #7319, #7377, .T. );
#5925 = EDGE_CURVE( '', #7142, #7376, #7378, .T. );
#5926 = EDGE_CURVE( '', #7379, #7034, #7380, .T. );
#5927 = EDGE_CURVE( '', #7381, #7379, #7382, .T. );
#5928 = EDGE_CURVE( '', #7381, #7036, #7383, .T. );
#5929 = EDGE_CURVE( '', #6846, #6261, #7384, .T. );
#5930 = EDGE_CURVE( '', #6845, #6263, #7385, .T. );
#5931 = EDGE_CURVE( '', #7386, #7387, #7388, .T. );
#5932 = EDGE_CURVE( '', #7389, #7387, #7390, .T. );
#5933 = EDGE_CURVE( '', #7391, #7389, #7392, .T. );
#5934 = EDGE_CURVE( '', #7391, #7386, #7393, .T. );
#5935 = EDGE_CURVE( '', #7394, #7395, #7396, .T. );
#5936 = EDGE_CURVE( '', #7387, #7395, #7397, .T. );
#5937 = EDGE_CURVE( '', #7386, #7394, #7398, .T. );
#5938 = EDGE_CURVE( '', #7399, #7389, #7400, .T. );
#5939 = EDGE_CURVE( '', #7401, #7399, #7402, .T. );
#5940 = EDGE_CURVE( '', #7401, #7391, #7403, .T. );
#5941 = EDGE_CURVE( '', #7404, #7405, #7406, .T. );
#5942 = EDGE_CURVE( '', #7177, #7405, #7407, .T. );
#5943 = EDGE_CURVE( '', #7176, #7404, #7408, .T. );
#5944 = EDGE_CURVE( '', #7409, #7410, #7411, .T. );
#5945 = EDGE_CURVE( '', #7405, #7410, #7412, .T. );
#5946 = EDGE_CURVE( '', #7404, #7409, #7413, .T. );
#5947 = EDGE_CURVE( '', #6567, #6370, #7414, .T. );
#5948 = EDGE_CURVE( '', #6565, #6407, #7415, .T. );
#5949 = EDGE_CURVE( '', #7066, #7416, #7417, .T. );
#5950 = EDGE_CURVE( '', #7416, #7418, #7419, .T. );
#5951 = EDGE_CURVE( '', #7062, #7418, #7420, .T. );
#5952 = EDGE_CURVE( '', #6679, #7379, #7421, .T. );
#5953 = EDGE_CURVE( '', #6678, #7381, #7422, .T. );
#5954 = EDGE_CURVE( '', #7423, #7423, #7424, .T. );
#5955 = EDGE_CURVE( '', #6595, #7425, #7426, .T. );
#5956 = EDGE_CURVE( '', #7361, #7425, #7427, .T. );
#5957 = EDGE_CURVE( '', #7425, #6964, #7428, .T. );
#5958 = EDGE_CURVE( '', #7367, #7429, #7430, .T. );
#5959 = EDGE_CURVE( '', #7080, #7369, #7431, .T. );
#5960 = EDGE_CURVE( '', #7432, #7288, #7433, .T. );
#5961 = EDGE_CURVE( '', #7376, #7432, #7434, .T. );
#5962 = EDGE_CURVE( '', #7435, #7139, #7436, .T. );
#5963 = EDGE_CURVE( '', #7437, #7435, #7438, .T. );
#5964 = EDGE_CURVE( '', #6974, #7437, #7439, .T. );
#5965 = EDGE_CURVE( '', #7440, #6250, #7441, .T. );
#5966 = EDGE_CURVE( '', #7243, #7440, #7442, .T. );
#5967 = EDGE_CURVE( '', #7443, #7248, #7444, .T. );
#5968 = EDGE_CURVE( '', #7445, #7443, #7446, .T. );
#5969 = EDGE_CURVE( '', #7295, #7445, #7447, .T. );
#5970 = EDGE_CURVE( '', #7429, #6874, #7448, .T. );
#5971 = EDGE_CURVE( '', #6229, #6226, #7449, .T. );
#5972 = EDGE_CURVE( '', #7111, #7253, #7450, .T. );
#5973 = EDGE_CURVE( '', #7072, #6998, #7451, .T. );
#5974 = EDGE_CURVE( '', #7452, #6271, #7453, .T. );
#5975 = EDGE_CURVE( '', #7454, #7452, #7455, .T. );
#5976 = EDGE_CURVE( '', #7456, #7454, #7457, .T. );
#5977 = EDGE_CURVE( '', #7458, #7456, #7459, .T. );
#5978 = EDGE_CURVE( '', #7460, #7458, #7461, .T. );
#5979 = EDGE_CURVE( '', #7462, #7460, #7463, .T. );
#5980 = EDGE_CURVE( '', #7464, #7462, #7465, .T. );
#5981 = EDGE_CURVE( '', #6696, #7464, #7466, .T. );
#5982 = EDGE_CURVE( '', #7467, #6287, #7468, .T. );
#5983 = EDGE_CURVE( '', #7183, #7467, #7469, .T. );
#5984 = EDGE_CURVE( '', #7470, #6571, #7471, .T. );
#5985 = EDGE_CURVE( '', #7470, #6455, #7472, .T. );
#5986 = EDGE_CURVE( '', #7440, #7311, #7473, .T. );
#5987 = EDGE_CURVE( '', #6421, #6774, #7474, .T. );
#5988 = EDGE_CURVE( '', #7475, #7475, #7476, .T. );
#5989 = EDGE_CURVE( '', #7477, #7478, #7479, .T. );
#5990 = EDGE_CURVE( '', #6484, #7478, #7480, .T. );
#5991 = EDGE_CURVE( '', #7481, #6482, #7482, .T. );
#5992 = EDGE_CURVE( '', #7481, #7477, #7483, .T. );
#5993 = EDGE_CURVE( '', #7484, #7331, #7485, .T. );
#5994 = EDGE_CURVE( '', #6332, #7484, #7486, .T. );
#5995 = EDGE_CURVE( '', #7088, #6728, #7487, .T. );
#5996 = EDGE_CURVE( '', #6301, #7488, #7489, .T. );
#5997 = EDGE_CURVE( '', #6335, #7488, #7490, .T. );
#5998 = EDGE_CURVE( '', #6642, #7491, #7492, .T. );
#5999 = EDGE_CURVE( '', #6502, #7491, #7493, .T. );
#6000 = EDGE_CURVE( '', #6230, #6224, #7494, .T. );
#6001 = EDGE_CURVE( '', #6366, #7064, #7495, .T. );
#6002 = EDGE_CURVE( '', #6368, #7172, #7496, .T. );
#6003 = EDGE_CURVE( '', #7184, #7497, #7498, .T. );
#6004 = EDGE_CURVE( '', #7497, #6285, #7499, .T. );
#6005 = EDGE_CURVE( '', #6697, #7500, #7501, .T. );
#6006 = EDGE_CURVE( '', #7500, #7502, #7503, .T. );
#6007 = EDGE_CURVE( '', #7502, #7504, #7505, .T. );
#6008 = EDGE_CURVE( '', #7504, #7506, #7507, .T. );
#6009 = EDGE_CURVE( '', #7506, #7508, #7509, .T. );
#6010 = EDGE_CURVE( '', #7508, #7510, #7511, .T. );
#6011 = EDGE_CURVE( '', #7510, #7512, #7513, .T. );
#6012 = EDGE_CURVE( '', #7512, #6269, #7514, .T. );
#6013 = EDGE_CURVE( '', #7073, #6996, #7515, .T. );
#6014 = EDGE_CURVE( '', #7112, #7251, #7516, .T. );
#6015 = EDGE_CURVE( '', #7233, #7206, #7517, .T. );
#6016 = EDGE_CURVE( '', #7204, #6822, #7518, .T. );
#6017 = EDGE_CURVE( '', #6820, #7519, #7520, .T. );
#6018 = EDGE_CURVE( '', #7519, #7399, #7521, .T. );
#6019 = EDGE_CURVE( '', #7395, #6880, #7522, .T. );
#6020 = EDGE_CURVE( '', #6878, #6293, #7523, .T. );
#6021 = EDGE_CURVE( '', #7410, #7524, #7525, .T. );
#6022 = EDGE_CURVE( '', #7524, #7098, #7526, .T. );
#6023 = EDGE_CURVE( '', #7051, #7345, #7527, .T. );
#6024 = EDGE_CURVE( '', #6631, #7343, #7528, .T. );
#6025 = EDGE_CURVE( '', #6481, #7481, #7529, .T. );
#6026 = EDGE_CURVE( '', #7477, #6644, #7530, .T. );
#6027 = EDGE_CURVE( '', #7531, #7532, #7533, .T. );
#6028 = EDGE_CURVE( '', #7532, #7534, #7535, .T. );
#6029 = EDGE_CURVE( '', #7534, #7536, #7537, .T. );
#6030 = EDGE_CURVE( '', #7536, #7531, #7538, .T. );
#6031 = EDGE_CURVE( '', #7534, #6540, #7539, .T. );
#6032 = EDGE_CURVE( '', #7532, #7051, #7540, .T. );
#6033 = EDGE_CURVE( '', #6548, #7051, #7541, .T. );
#6034 = EDGE_CURVE( '', #7104, #6548, #7542, .T. );
#6035 = EDGE_CURVE( '', #7543, #7544, #7545, .T. );
#6036 = EDGE_CURVE( '', #7546, #7543, #7547, .T. );
#6037 = EDGE_CURVE( '', #7348, #7546, #7548, .T. );
#6038 = EDGE_CURVE( '', #7531, #7544, #7549, .T. );
#6039 = EDGE_CURVE( '', #7550, #7536, #7551, .T. );
#6040 = EDGE_CURVE( '', #7090, #7550, #7552, .T. );
#6041 = EDGE_CURVE( '', #6728, #7544, #7553, .T. );
#6042 = EDGE_CURVE( '', #7277, #6404, #7554, .T. );
#6043 = EDGE_CURVE( '', #7300, #6423, #7555, .T. );
#6044 = EDGE_CURVE( '', #6856, #6832, #7556, .T. );
#6045 = EDGE_CURVE( '', #6854, #6394, #7557, .T. );
#6046 = EDGE_CURVE( '', #7484, #6393, #7558, .T. );
#6047 = EDGE_CURVE( '', #6393, #6893, #7559, .T. );
#6048 = EDGE_CURVE( '', #7429, #7328, #7560, .T. );
#6049 = EDGE_CURVE( '', #6430, #6339, #7561, .T. );
#6050 = EDGE_CURVE( '', #6337, #7562, #7563, .T. );
#6051 = EDGE_CURVE( '', #7562, #6432, #7564, .T. );
#6052 = EDGE_CURVE( '', #7562, #7488, #7565, .T. );
#6053 = EDGE_CURVE( '', #7019, #6971, #7566, .T. );
#6054 = EDGE_CURVE( '', #6647, #6654, #7567, .T. );
#6055 = EDGE_CURVE( '', #6309, #7048, #7568, .T. );
#6056 = EDGE_CURVE( '', #7569, #7519, #7570, .T. );
#6057 = EDGE_CURVE( '', #6819, #7569, #7571, .T. );
#6058 = EDGE_CURVE( '', #7443, #7308, #7572, .T. );
#6059 = EDGE_CURVE( '', #7445, #7306, #7573, .T. );
#6060 = EDGE_CURVE( '', #7435, #7316, #7574, .T. );
#6061 = EDGE_CURVE( '', #7437, #7314, #7575, .T. );
#6062 = EDGE_CURVE( '', #7023, #7576, #7577, .T. );
#6063 = EDGE_CURVE( '', #7576, #7578, #7579, .T. );
#6064 = EDGE_CURVE( '', #7026, #7578, #7580, .T. );
#6065 = EDGE_CURVE( '', #7460, #7504, #7581, .T. );
#6066 = EDGE_CURVE( '', #7462, #7502, #7582, .T. );
#6067 = EDGE_CURVE( '', #6569, #7583, #7584, .T. );
#6068 = EDGE_CURVE( '', #7583, #6351, #7585, .T. );
#6069 = EDGE_CURVE( '', #7586, #6904, #7587, .T. );
#6070 = EDGE_CURVE( '', #7586, #6415, #7588, .T. );
#6071 = EDGE_CURVE( '', #7353, #7586, #7589, .T. );
#6072 = EDGE_CURVE( '', #7569, #7401, #7590, .T. );
#6073 = EDGE_CURVE( '', #6546, #7103, #7591, .T. );
#6074 = EDGE_CURVE( '', #6536, #7057, #7592, .T. );
#6075 = EDGE_CURVE( '', #7214, #6534, #7593, .T. );
#6076 = EDGE_CURVE( '', #7211, #6637, #7594, .T. );
#6077 = EDGE_CURVE( '', #7458, #7506, #7595, .T. );
#6078 = EDGE_CURVE( '', #6793, #7358, #7596, .T. );
#6079 = EDGE_CURVE( '', #7464, #7500, #7597, .T. );
#6080 = EDGE_CURVE( '', #7467, #7497, #7598, .T. );
#6081 = EDGE_CURVE( '', #7301, #6420, #7599, .T. );
#6082 = EDGE_CURVE( '', #6778, #7600, #7601, .T. );
#6083 = EDGE_CURVE( '', #7600, #6777, #7602, .T. );
#6084 = EDGE_CURVE( '', #7216, #6532, #7603, .T. );
#6085 = EDGE_CURVE( '', #7212, #7600, #7604, .T. );
#6086 = EDGE_CURVE( '', #6662, #6801, #7605, .T. );
#6087 = EDGE_CURVE( '', #7452, #7512, #7606, .T. );
#6088 = EDGE_CURVE( '', #7454, #7510, #7607, .T. );
#6089 = EDGE_CURVE( '', #7232, #7208, #7608, .T. );
#6090 = EDGE_CURVE( '', #7578, #7609, #7610, .T. );
#6091 = EDGE_CURVE( '', #7609, #7611, #7612, .T. );
#6092 = EDGE_CURVE( '', #7611, #6748, #7613, .T. );
#6093 = EDGE_CURVE( '', #6749, #7614, #7615, .T. );
#6094 = EDGE_CURVE( '', #7614, #6705, #7616, .T. );
#6095 = EDGE_CURVE( '', #7028, #6706, #7617, .T. );
#6096 = EDGE_CURVE( '', #7126, #6948, #7618, .T. );
#6097 = EDGE_CURVE( '', #6408, #7416, #7619, .T. );
#6098 = EDGE_CURVE( '', #6410, #7066, #7620, .T. );
#6099 = EDGE_CURVE( '', #6478, #7543, #7621, .T. );
#6100 = EDGE_CURVE( '', #6921, #6476, #7622, .T. );
#6101 = EDGE_CURVE( '', #7069, #7546, #7623, .T. );
#6102 = EDGE_CURVE( '', #7349, #6807, #7624, .T. );
#6103 = EDGE_CURVE( '', #7625, #6948, #7626, .T. );
#6104 = EDGE_CURVE( '', #6805, #7625, #7627, .T. );
#6105 = EDGE_CURVE( '', #6182, #7625, #7628, .T. );
#6106 = EDGE_CURVE( '', #6946, #7629, #7630, .T. );
#6107 = EDGE_CURVE( '', #6185, #7629, #7631, .T. );
#6108 = EDGE_CURVE( '', #6810, #6830, #7632, .T. );
#6109 = EDGE_CURVE( '', #7222, #6451, #7633, .T. );
#6110 = EDGE_CURVE( '', #7470, #7634, #7635, .T. );
#6111 = EDGE_CURVE( '', #7634, #7636, #7637, .T. );
#6112 = EDGE_CURVE( '', #7636, #7223, #7638, .T. );
#6113 = EDGE_CURVE( '', #6787, #7639, #7640, .T. );
#6114 = EDGE_CURVE( '', #7639, #7055, #7641, .T. );
#6115 = EDGE_CURVE( '', #7642, #6713, #7643, .T. );
#6116 = EDGE_CURVE( '', #7356, #7642, #7644, .T. );
#6117 = EDGE_CURVE( '', #7283, #6713, #7645, .T. );
#6118 = EDGE_CURVE( '', #7225, #7646, #7647, .T. );
#6119 = EDGE_CURVE( '', #7646, #7048, #7648, .T. );
#6120 = EDGE_CURVE( '', #6816, #6864, #7649, .T. );
#6121 = EDGE_CURVE( '', #7199, #7062, #7650, .T. );
#6122 = EDGE_CURVE( '', #7199, #7418, #7651, .T. );
#6123 = EDGE_CURVE( '', #6616, #7061, #7652, .T. );
#6124 = EDGE_CURVE( '', #7165, #7001, #7653, .T. );
#6125 = EDGE_CURVE( '', #7166, #6689, #7654, .T. );
#6126 = EDGE_CURVE( '', #7655, #7100, #7656, .T. );
#6127 = EDGE_CURVE( '', #7409, #7655, #7657, .T. );
#6128 = EDGE_CURVE( '', #6877, #6295, #7658, .T. );
#6129 = EDGE_CURVE( '', #7394, #6882, #7659, .T. );
#6130 = EDGE_CURVE( '', #7203, #6824, #7660, .T. );
#6131 = EDGE_CURVE( '', #7661, #6491, #7662, .T. );
#6132 = EDGE_CURVE( '', #7040, #7661, #7663, .T. );
#6133 = EDGE_CURVE( '', #7664, #6710, #7665, .T. );
#6134 = EDGE_CURVE( '', #7664, #6495, #7666, .T. );
#6135 = EDGE_CURVE( '', #6706, #6495, #7667, .T. );
#6136 = EDGE_CURVE( '', #7550, #6538, #7668, .T. );
#6137 = EDGE_CURVE( '', #7669, #7054, #7670, .T. );
#6138 = EDGE_CURVE( '', #7669, #6928, #7671, .T. );
#6139 = EDGE_CURVE( '', #7655, #7524, #7672, .T. );
#6140 = EDGE_CURVE( '', #7636, #6899, #7673, .T. );
#6141 = EDGE_CURVE( '', #7223, #6897, #7674, .T. );
#6142 = EDGE_CURVE( '', #7646, #6897, #7675, .T. );
#6143 = EDGE_CURVE( '', #7634, #6901, #7676, .T. );
#6144 = EDGE_CURVE( '', #7642, #7168, #7677, .T. );
#6145 = EDGE_CURVE( '', #7678, #6563, #7679, .T. );
#6146 = EDGE_CURVE( '', #7629, #6913, #7680, .T. );
#6147 = EDGE_CURVE( '', #7681, #6911, #7682, .T. );
#6148 = EDGE_CURVE( '', #7681, #7678, #7683, .T. );
#6149 = EDGE_CURVE( '', #7456, #7508, #7684, .T. );
#6150 = EDGE_CURVE( '', #6739, #7009, #7685, .T. );
#6151 = EDGE_CURVE( '', #7686, #7614, #7687, .T. );
#6152 = EDGE_CURVE( '', #7686, #6708, #7688, .T. );
#6153 = EDGE_CURVE( '', #6954, #7664, #7689, .T. );
#6154 = EDGE_CURVE( '', #7686, #6753, #7690, .T. );
#6155 = EDGE_CURVE( '', #7639, #6931, #7691, .T. );
#6156 = EDGE_CURVE( '', #7055, #6731, #7692, .T. );
#6157 = EDGE_CURVE( '', #6736, #7669, #7693, .T. );
#6158 = EDGE_CURVE( '', #7583, #6205, #7694, .T. );
#6159 = EDGE_CURVE( '', #6352, #6445, #7695, .T. );
#6160 = EDGE_CURVE( '', #6446, #7678, #7696, .T. );
#6161 = EDGE_CURVE( '', #7681, #6766, #7697, .T. );
#6162 = EDGE_CURVE( '', #6468, #7491, #7698, .T. );
#6163 = EDGE_CURVE( '', #7024, #6710, #7699, .T. );
#6164 = EDGE_CURVE( '', #7292, #7661, #7700, .T. );
#6165 = EDGE_CURVE( '', #7292, #6476, #7701, .T. );
#6166 = EDGE_CURVE( '', #7196, #7478, #7702, .T. );
#6167 = EDGE_CURVE( '', #7703, #7576, #7704, .T. );
#6168 = EDGE_CURVE( '', #7703, #7609, #7705, .T. );
#6169 = EDGE_CURVE( '', #7703, #7706, #7707, .T. );
#6170 = EDGE_CURVE( '', #7611, #7706, #7708, .T. );
#6171 = EDGE_CURVE( '', #6751, #7706, #7709, .T. );
#6172 = EDGE_CURVE( '', #6360, #6356, #7710, .T. );
#6173 = EDGE_CURVE( '', #6612, #6356, #7711, .T. );
#6174 = EDGE_CURVE( '', #7432, #7321, #7712, .T. );
#6175 = EDGE_CURVE( '', #6741, #7007, #7713, .T. );
#6176 = EDGE_CURVE( '', #7418, #6359, #7714, .T. );
#6177 = VERTEX_POINT( '', #7715 );
#6178 = VERTEX_POINT( '', #7716 );
#6179 = B_SPLINE_CURVE_WITH_KNOTS( '', 2, ( #7717, #7718, #7719, #7720, #7721, #7722, #7723 ), .UNSPECIFIED., .F., .F., ( 3, 2, 2, 3 ), ( 0.000000000000000, 0.500000000000000, 0.750000000000000, 1.00000000000000 ), .UNSPECIFIED. );
#6180 = VERTEX_POINT( '', #7724 );
#6181 = LINE( '', #7725, #7726 );
#6182 = VERTEX_POINT( '', #7727 );
#6183 = LINE( '', #7728, #7729 );
#6184 = LINE( '', #7730, #7731 );
#6185 = VERTEX_POINT( '', #7732 );
#6186 = VERTEX_POINT( '', #7733 );
#6187 = LINE( '', #7734, #7735 );
#6188 = VERTEX_POINT( '', #7736 );
#6189 = CIRCLE( '', #7737, 0.000150000000000000 );
#6190 = LINE( '', #7738, #7739 );
#6191 = CIRCLE( '', #7740, 0.000150000000000000 );
#6192 = VERTEX_POINT( '', #7741 );
#6193 = VERTEX_POINT( '', #7742 );
#6194 = LINE( '', #7743, #7744 );
#6195 = VERTEX_POINT( '', #7745 );
#6196 = CIRCLE( '', #7746, 0.000150000000000000 );
#6197 = VERTEX_POINT( '', #7747 );
#6198 = LINE( '', #7748, #7749 );
#6199 = CIRCLE( '', #7750, 0.000150000000000000 );
#6200 = VERTEX_POINT( '', #7751 );
#6201 = VERTEX_POINT( '', #7752 );
#6202 = LINE( '', #7753, #7754 );
#6203 = VERTEX_POINT( '', #7755 );
#6204 = CIRCLE( '', #7756, 0.000150000000000000 );
#6205 = VERTEX_POINT( '', #7757 );
#6206 = LINE( '', #7758, #7759 );
#6207 = CIRCLE( '', #7760, 0.000150000000000000 );
#6208 = VERTEX_POINT( '', #7761 );
#6209 = VERTEX_POINT( '', #7762 );
#6210 = CIRCLE( '', #7763, 0.000300000000000000 );
#6211 = VERTEX_POINT( '', #7764 );
#6212 = LINE( '', #7765, #7766 );
#6213 = VERTEX_POINT( '', #7767 );
#6214 = CIRCLE( '', #7768, 0.000300000000000000 );
#6215 = LINE( '', #7769, #7770 );
#6216 = VERTEX_POINT( '', #7771 );
#6217 = VERTEX_POINT( '', #7772 );
#6218 = LINE( '', #7773, #7774 );
#6219 = LINE( '', #7775, #7776 );
#6220 = LINE( '', #7777, #7778 );
#6221 = VERTEX_POINT( '', #7779 );
#6222 = VERTEX_POINT( '', #7780 );
#6223 = LINE( '', #7781, #7782 );
#6224 = VERTEX_POINT( '', #7783 );
#6225 = LINE( '', #7784, #7785 );
#6226 = VERTEX_POINT( '', #7786 );
#6227 = LINE( '', #7787, #7788 );
#6228 = LINE( '', #7789, #7790 );
#6229 = VERTEX_POINT( '', #7791 );
#6230 = VERTEX_POINT( '', #7792 );
#6231 = LINE( '', #7793, #7794 );
#6232 = VERTEX_POINT( '', #7795 );
#6233 = LINE( '', #7796, #7797 );
#6234 = VERTEX_POINT( '', #7798 );
#6235 = LINE( '', #7799, #7800 );
#6236 = LINE( '', #7801, #7802 );
#6237 = VERTEX_POINT( '', #7803 );
#6238 = VERTEX_POINT( '', #7804 );
#6239 = CIRCLE( '', #7805, 0.000300000000000000 );
#6240 = VERTEX_POINT( '', #7806 );
#6241 = LINE( '', #7807, #7808 );
#6242 = VERTEX_POINT( '', #7809 );
#6243 = CIRCLE( '', #7810, 0.000300000000000000 );
#6244 = LINE( '', #7811, #7812 );
#6245 = VERTEX_POINT( '', #7813 );
#6246 = VERTEX_POINT( '', #7814 );
#6247 = LINE( '', #7815, #7816 );
#6248 = VERTEX_POINT( '', #7817 );
#6249 = LINE( '', #7818, #7819 );
#6250 = VERTEX_POINT( '', #7820 );
#6251 = LINE( '', #7821, #7822 );
#6252 = LINE( '', #7823, #7824 );
#6253 = VERTEX_POINT( '', #7825 );
#6254 = VERTEX_POINT( '', #7826 );
#6255 = LINE( '', #7827, #7828 );
#6256 = VERTEX_POINT( '', #7829 );
#6257 = LINE( '', #7830, #7831 );
#6258 = VERTEX_POINT( '', #7832 );
#6259 = LINE( '', #7833, #7834 );
#6260 = LINE( '', #7835, #7836 );
#6261 = VERTEX_POINT( '', #7837 );
#6262 = LINE( '', #7838, #7839 );
#6263 = VERTEX_POINT( '', #7840 );
#6264 = LINE( '', #7841, #7842 );
#6265 = LINE( '', #7843, #7844 );
#6266 = VERTEX_POINT( '', #7845 );
#6267 = VERTEX_POINT( '', #7846 );
#6268 = LINE( '', #7847, #7848 );
#6269 = VERTEX_POINT( '', #7849 );
#6270 = LINE( '', #7850, #7851 );
#6271 = VERTEX_POINT( '', #7852 );
#6272 = LINE( '', #7853, #7854 );
#6273 = LINE( '', #7855, #7856 );
#6274 = VERTEX_POINT( '', #7857 );
#6275 = VERTEX_POINT( '', #7858 );
#6276 = LINE( '', #7859, #7860 );
#6277 = VERTEX_POINT( '', #7861 );
#6278 = LINE( '', #7862, #7863 );
#6279 = VERTEX_POINT( '', #7864 );
#6280 = LINE( '', #7865, #7866 );
#6281 = LINE( '', #7867, #7868 );
#6282 = VERTEX_POINT( '', #7869 );
#6283 = VERTEX_POINT( '', #7870 );
#6284 = LINE( '', #7871, #7872 );
#6285 = VERTEX_POINT( '', #7873 );
#6286 = LINE( '', #7874, #7875 );
#6287 = VERTEX_POINT( '', #7876 );
#6288 = LINE( '', #7877, #7878 );
#6289 = LINE( '', #7879, #7880 );
#6290 = VERTEX_POINT( '', #7881 );
#6291 = VERTEX_POINT( '', #7882 );
#6292 = LINE( '', #7883, #7884 );
#6293 = VERTEX_POINT( '', #7885 );
#6294 = LINE( '', #7886, #7887 );
#6295 = VERTEX_POINT( '', #7888 );
#6296 = LINE( '', #7889, #7890 );
#6297 = LINE( '', #7891, #7892 );
#6298 = VERTEX_POINT( '', #7893 );
#6299 = VERTEX_POINT( '', #7894 );
#6300 = B_SPLINE_CURVE_WITH_KNOTS( '', 3, ( #7895, #7896, #7897, #7898 ), .UNSPECIFIED., .F., .F., ( 4, 4 ), ( 0.000000000000000, 1.00000000000000 ), .UNSPECIFIED. );
#6301 = VERTEX_POINT( '', #7899 );
#6302 = LINE( '', #7900, #7901 );
#6303 = VERTEX_POINT( '', #7902 );
#6304 = LINE( '', #7903, #7904 );
#6305 = B_SPLINE_CURVE_WITH_KNOTS( '', 1, ( #7905, #7906 ), .UNSPECIFIED., .F., .F., ( 2, 2 ), ( 0.000000000000000, 1.00000000000000 ), .UNSPECIFIED. );
#6306 = VERTEX_POINT( '', #7907 );
#6307 = VERTEX_POINT( '', #7908 );
#6308 = LINE( '', #7909, #7910 );
#6309 = VERTEX_POINT( '', #7911 );
#6310 = LINE( '', #7912, #7913 );
#6311 = VERTEX_POINT( '', #7914 );
#6312 = B_SPLINE_CURVE_WITH_KNOTS( '', 1, ( #7915, #7916 ), .UNSPECIFIED., .F., .F., ( 2, 2 ), ( 0.000000000000000, 1.00000000000000 ), .UNSPECIFIED. );
#6313 = B_SPLINE_CURVE_WITH_KNOTS( '', 1, ( #7917, #7918 ), .UNSPECIFIED., .F., .F., ( 2, 2 ), ( 0.000000000000000, 1.00000000000000 ), .UNSPECIFIED. );
#6314 = VERTEX_POINT( '', #7919 );
#6315 = VERTEX_POINT( '', #7920 );
#6316 = CIRCLE( '', #7921, 0.000300000000000000 );
#6317 = VERTEX_POINT( '', #7922 );
#6318 = LINE( '', #7923, #7924 );
#6319 = VERTEX_POINT( '', #7925 );
#6320 = CIRCLE( '', #7926, 5.00000000000000E-005 );
#6321 = LINE( '', #7927, #7928 );
#6322 = VERTEX_POINT( '', #7929 );
#6323 = LINE( '', #7930, #7931 );
#6324 = VERTEX_POINT( '', #7932 );
#6325 = LINE( '', #7933, #7934 );
#6326 = VERTEX_POINT( '', #7935 );
#6327 = CIRCLE( '', #7936, 0.000300000000000000 );
#6328 = VERTEX_POINT( '', #7937 );
#6329 = LINE( '', #7938, #7939 );
#6330 = VERTEX_POINT( '', #7940 );
#6331 = CIRCLE( '', #7941, 0.000300000000000000 );
#6332 = VERTEX_POINT( '', #7942 );
#6333 = LINE( '', #7943, #7944 );
#6334 = LINE( '', #7945, #7946 );
#6335 = VERTEX_POINT( '', #7947 );
#6336 = LINE( '', #7948, #7949 );
#6337 = VERTEX_POINT( '', #7950 );
#6338 = CIRCLE( '', #7951, 5.00000000000000E-005 );
#6339 = VERTEX_POINT( '', #7952 );
#6340 = LINE( '', #7953, #7954 );
#6341 = VERTEX_POINT( '', #7955 );
#6342 = CIRCLE( '', #7956, 0.000300000000000000 );
#6343 = LINE( '', #7957, #7958 );
#6344 = VERTEX_POINT( '', #7959 );
#6345 = VERTEX_POINT( '', #7960 );
#6346 = LINE( '', #7961, #7962 );
#6347 = VERTEX_POINT( '', #7963 );
#6348 = LINE( '', #7964, #7965 );
#6349 = LINE( '', #7966, #7967 );
#6350 = LINE( '', #7968, #7969 );
#6351 = VERTEX_POINT( '', #7970 );
#6352 = VERTEX_POINT( '', #7971 );
#6353 = B_SPLINE_CURVE_WITH_KNOTS( '', 2, ( #7972, #7973, #7974, #7975, #7976 ), .UNSPECIFIED., .F., .F., ( 3, 2, 3 ), ( 0.000000000000000, 0.500000000000000, 1.00000000000000 ), .UNSPECIFIED. );
#6354 = VERTEX_POINT( '', #7977 );
#6355 = LINE( '', #7978, #7979 );
#6356 = VERTEX_POINT( '', #7980 );
#6357 = CIRCLE( '', #7981, 5.00000000000000E-005 );
#6358 = LINE( '', #7982, #7983 );
#6359 = VERTEX_POINT( '', #7984 );
#6360 = VERTEX_POINT( '', #7985 );
#6361 = CIRCLE( '', #7986, 5.00000000000000E-005 );
#6362 = VERTEX_POINT( '', #7987 );
#6363 = CIRCLE( '', #7988, 5.00000000000000E-005 );
#6364 = CIRCLE( '', #7989, 5.00000000000000E-005 );
#6365 = VERTEX_POINT( '', #7990 );
#6366 = VERTEX_POINT( '', #7991 );
#6367 = LINE( '', #7992, #7993 );
#6368 = VERTEX_POINT( '', #7994 );
#6369 = CIRCLE( '', #7995, 5.00000000000000E-005 );
#6370 = VERTEX_POINT( '', #7996 );
#6371 = LINE( '', #7997, #7998 );
#6372 = CIRCLE( '', #7999, 5.00000000000000E-005 );
#6373 = VERTEX_POINT( '', #8000 );
#6374 = VERTEX_POINT( '', #8001 );
#6375 = LINE( '', #8002, #8003 );
#6376 = VERTEX_POINT( '', #8004 );
#6377 = CIRCLE( '', #8005, 0.000200000000000000 );
#6378 = VERTEX_POINT( '', #8006 );
#6379 = LINE( '', #8007, #8008 );
#6380 = VERTEX_POINT( '', #8009 );
#6381 = LINE( '', #8010, #8011 );
#6382 = VERTEX_POINT( '', #8012 );
#6383 = LINE( '', #8013, #8014 );
#6384 = VERTEX_POINT( '', #8015 );
#6385 = CIRCLE( '', #8016, 0.000300000000000000 );
#6386 = VERTEX_POINT( '', #8017 );
#6387 = LINE( '', #8018, #8019 );
#6388 = VERTEX_POINT( '', #8020 );
#6389 = CIRCLE( '', #8021, 5.00000000000000E-005 );
#6390 = VERTEX_POINT( '', #8022 );
#6391 = LINE( '', #8023, #8024 );
#6392 = CIRCLE( '', #8025, 0.000150000000000000 );
#6393 = VERTEX_POINT( '', #8026 );
#6394 = VERTEX_POINT( '', #8027 );
#6395 = LINE( '', #8028, #8029 );
#6396 = VERTEX_POINT( '', #8030 );
#6397 = CIRCLE( '', #8031, 0.000150000000000000 );
#6398 = VERTEX_POINT( '', #8032 );
#6399 = LINE( '', #8033, #8034 );
#6400 = VERTEX_POINT( '', #8035 );
#6401 = LINE( '', #8036, #8037 );
#6402 = VERTEX_POINT( '', #8038 );
#6403 = CIRCLE( '', #8039, 0.000150000000000000 );
#6404 = VERTEX_POINT( '', #8040 );
#6405 = LINE( '', #8041, #8042 );
#6406 = LINE( '', #8043, #8044 );
#6407 = VERTEX_POINT( '', #8045 );
#6408 = VERTEX_POINT( '', #8046 );
#6409 = LINE( '', #8047, #8048 );
#6410 = VERTEX_POINT( '', #8049 );
#6411 = CIRCLE( '', #8050, 5.00000000000000E-005 );
#6412 = VERTEX_POINT( '', #8051 );
#6413 = LINE( '', #8052, #8053 );
#6414 = CIRCLE( '', #8054, 5.00000000000000E-005 );
#6415 = VERTEX_POINT( '', #8055 );
#6416 = VERTEX_POINT( '', #8056 );
#6417 = LINE( '', #8057, #8058 );
#6418 = CIRCLE( '', #8059, 0.000200000000000000 );
#6419 = CIRCLE( '', #8060, 0.000200000000000000 );
#6420 = VERTEX_POINT( '', #8061 );
#6421 = VERTEX_POINT( '', #8062 );
#6422 = LINE( '', #8063, #8064 );
#6423 = VERTEX_POINT( '', #8065 );
#6424 = LINE( '', #8066, #8067 );
#6425 = VERTEX_POINT( '', #8068 );
#6426 = LINE( '', #8069, #8070 );
#6427 = LINE( '', #8071, #8072 );
#6428 = VERTEX_POINT( '', #8073 );
#6429 = B_SPLINE_CURVE_WITH_KNOTS( '', 3, ( #8074, #8075, #8076, #8077 ), .UNSPECIFIED., .F., .F., ( 4, 4 ), ( 0.000000000000000, 1.00000000000000 ), .UNSPECIFIED. );
#6430 = VERTEX_POINT( '', #8078 );
#6431 = B_SPLINE_CURVE_WITH_KNOTS( '', 3, ( #8079, #8080, #8081, #8082 ), .UNSPECIFIED., .F., .F., ( 4, 4 ), ( 0.000000000000000, 1.00000000000000 ), .UNSPECIFIED. );
#6432 = VERTEX_POINT( '', #8083 );
#6433 = LINE( '', #8084, #8085 );
#6434 = VERTEX_POINT( '', #8086 );
#6435 = LINE( '', #8087, #8088 );
#6436 = LINE( '', #8089, #8090 );
#6437 = VERTEX_POINT( '', #8091 );
#6438 = VERTEX_POINT( '', #8092 );
#6439 = LINE( '', #8093, #8094 );
#6440 = VERTEX_POINT( '', #8095 );
#6441 = LINE( '', #8096, #8097 );
#6442 = VERTEX_POINT( '', #8098 );
#6443 = LINE( '', #8099, #8100 );
#6444 = LINE( '', #8101, #8102 );
#6445 = VERTEX_POINT( '', #8103 );
#6446 = VERTEX_POINT( '', #8104 );
#6447 = B_SPLINE_CURVE_WITH_KNOTS( '', 2, ( #8105, #8106, #8107, #8108, #8109 ), .UNSPECIFIED., .F., .F., ( 3, 2, 3 ), ( 0.000000000000000, 0.500000000000000, 1.00000000000000 ), .UNSPECIFIED. );
#6448 = LINE( '', #8110, #8111 );
#6449 = LINE( '', #8112, #8113 );
#6450 = VERTEX_POINT( '', #8114 );
#6451 = VERTEX_POINT( '', #8115 );
#6452 = LINE( '', #8116, #8117 );
#6453 = VERTEX_POINT( '', #8118 );
#6454 = LINE( '', #8119, #8120 );
#6455 = VERTEX_POINT( '', #8121 );
#6456 = B_SPLINE_CURVE_WITH_KNOTS( '', 2, ( #8122, #8123, #8124, #8125, #8126 ), .UNSPECIFIED., .F., .F., ( 3, 2, 3 ), ( 0.000000000000000, 0.500000000000000, 1.00000000000000 ), .UNSPECIFIED. );
#6457 = LINE( '', #8127, #8128 );
#6458 = VERTEX_POINT( '', #8129 );
#6459 = LINE( '', #8130, #8131 );
#6460 = VERTEX_POINT( '', #8132 );
#6461 = CIRCLE( '', #8133, 0.000150000000000000 );
#6462 = VERTEX_POINT( '', #8134 );
#6463 = LINE( '', #8135, #8136 );
#6464 = B_SPLINE_CURVE_WITH_KNOTS( '', 2, ( #8137, #8138, #8139, #8140, #8141, #8142, #8143 ), .UNSPECIFIED., .F., .F., ( 3, 2, 2, 3 ), ( 0.000000000000000, 0.500000000000000, 0.750000000000000, 1.00000000000000 ), .UNSPECIFIED. );
#6465 = VERTEX_POINT( '', #8144 );
#6466 = VERTEX_POINT( '', #8145 );
#6467 = B_SPLINE_CURVE_WITH_KNOTS( '', 3, ( #8146, #8147, #8148, #8149 ), .UNSPECIFIED., .F., .F., ( 4, 4 ), ( 0.000000000000000, 1.00000000000000 ), .UNSPECIFIED. );
#6468 = VERTEX_POINT( '', #8150 );
#6469 = LINE( '', #8151, #8152 );
#6470 = VERTEX_POINT( '', #8153 );
#6471 = LINE( '', #8154, #8155 );
#6472 = B_SPLINE_CURVE_WITH_KNOTS( '', 1, ( #8156, #8157 ), .UNSPECIFIED., .F., .F., ( 2, 2 ), ( 0.000000000000000, 1.00000000000000 ), .UNSPECIFIED. );
#6473 = VERTEX_POINT( '', #8158 );
#6474 = VERTEX_POINT( '', #8159 );
#6475 = LINE( '', #8160, #8161 );
#6476 = VERTEX_POINT( '', #8162 );
#6477 = LINE( '', #8163, #8164 );
#6478 = VERTEX_POINT( '', #8165 );
#6479 = B_SPLINE_CURVE_WITH_KNOTS( '', 1, ( #8166, #8167 ), .UNSPECIFIED., .F., .F., ( 2, 2 ), ( 0.000000000000000, 1.00000000000000 ), .UNSPECIFIED. );
#6480 = B_SPLINE_CURVE_WITH_KNOTS( '', 1, ( #8168, #8169 ), .UNSPECIFIED., .F., .F., ( 2, 2 ), ( 0.000000000000000, 1.00000000000000 ), .UNSPECIFIED. );
#6481 = VERTEX_POINT( '', #8170 );
#6482 = VERTEX_POINT( '', #8171 );
#6483 = CIRCLE( '', #8172, 0.000300000000000000 );
#6484 = VERTEX_POINT( '', #8173 );
#6485 = LINE( '', #8174, #8175 );
#6486 = VERTEX_POINT( '', #8176 );
#6487 = CIRCLE( '', #8177, 5.00000000000000E-005 );
#6488 = LINE( '', #8178, #8179 );
#6489 = VERTEX_POINT( '', #8180 );
#6490 = LINE( '', #8181, #8182 );
#6491 = VERTEX_POINT( '', #8183 );
#6492 = LINE( '', #8184, #8185 );
#6493 = VERTEX_POINT( '', #8186 );
#6494 = CIRCLE( '', #8187, 0.000300000000000000 );
#6495 = VERTEX_POINT( '', #8188 );
#6496 = LINE( '', #8189, #8190 );
#6497 = VERTEX_POINT( '', #8191 );
#6498 = CIRCLE( '', #8192, 0.000300000000000000 );
#6499 = VERTEX_POINT( '', #8193 );
#6500 = LINE( '', #8194, #8195 );
#6501 = LINE( '', #8196, #8197 );
#6502 = VERTEX_POINT( '', #8198 );
#6503 = LINE( '', #8199, #8200 );
#6504 = VERTEX_POINT( '', #8201 );
#6505 = CIRCLE( '', #8202, 5.00000000000000E-005 );
#6506 = VERTEX_POINT( '', #8203 );
#6507 = LINE( '', #8204, #8205 );
#6508 = VERTEX_POINT( '', #8206 );
#6509 = CIRCLE( '', #8207, 0.000300000000000000 );
#6510 = LINE( '', #8208, #8209 );
#6511 = VERTEX_POINT( '', #8210 );
#6512 = VERTEX_POINT( '', #8211 );
#6513 = LINE( '', #8212, #8213 );
#6514 = VERTEX_POINT( '', #8214 );
#6515 = LINE( '', #8215, #8216 );
#6516 = VERTEX_POINT( '', #8217 );
#6517 = LINE( '', #8218, #8219 );
#6518 = LINE( '', #8220, #8221 );
#6519 = VERTEX_POINT( '', #8222 );
#6520 = LINE( '', #8223, #8224 );
#6521 = VERTEX_POINT( '', #8225 );
#6522 = LINE( '', #8226, #8227 );
#6523 = LINE( '', #8228, #8229 );
#6524 = VERTEX_POINT( '', #8230 );
#6525 = LINE( '', #8231, #8232 );
#6526 = VERTEX_POINT( '', #8233 );
#6527 = LINE( '', #8234, #8235 );
#6528 = LINE( '', #8236, #8237 );
#6529 = LINE( '', #8238, #8239 );
#6530 = VERTEX_POINT( '', #8240 );
#6531 = LINE( '', #8241, #8242 );
#6532 = VERTEX_POINT( '', #8243 );
#6533 = LINE( '', #8244, #8245 );
#6534 = VERTEX_POINT( '', #8246 );
#6535 = LINE( '', #8247, #8248 );
#6536 = VERTEX_POINT( '', #8249 );
#6537 = LINE( '', #8250, #8251 );
#6538 = VERTEX_POINT( '', #8252 );
#6539 = LINE( '', #8253, #8254 );
#6540 = VERTEX_POINT( '', #8255 );
#6541 = CIRCLE( '', #8256, 0.000150000000000000 );
#6542 = VERTEX_POINT( '', #8257 );
#6543 = LINE( '', #8258, #8259 );
#6544 = VERTEX_POINT( '', #8260 );
#6545 = LINE( '', #8261, #8262 );
#6546 = VERTEX_POINT( '', #8263 );
#6547 = LINE( '', #8264, #8265 );
#6548 = VERTEX_POINT( '', #8266 );
#6549 = LINE( '', #8267, #8268 );
#6550 = VERTEX_POINT( '', #8269 );
#6551 = LINE( '', #8270, #8271 );
#6552 = VERTEX_POINT( '', #8272 );
#6553 = LINE( '', #8273, #8274 );
#6554 = VERTEX_POINT( '', #8275 );
#6555 = LINE( '', #8276, #8277 );
#6556 = VERTEX_POINT( '', #8278 );
#6557 = LINE( '', #8279, #8280 );
#6558 = VERTEX_POINT( '', #8281 );
#6559 = LINE( '', #8282, #8283 );
#6560 = VERTEX_POINT( '', #8284 );
#6561 = LINE( '', #8285, #8286 );
#6562 = LINE( '', #8287, #8288 );
#6563 = VERTEX_POINT( '', #8289 );
#6564 = LINE( '', #8290, #8291 );
#6565 = VERTEX_POINT( '', #8292 );
#6566 = LINE( '', #8293, #8294 );
#6567 = VERTEX_POINT( '', #8295 );
#6568 = LINE( '', #8296, #8297 );
#6569 = VERTEX_POINT( '', #8298 );
#6570 = LINE( '', #8299, #8300 );
#6571 = VERTEX_POINT( '', #8301 );
#6572 = LINE( '', #8302, #8303 );
#6573 = VERTEX_POINT( '', #8304 );
#6574 = CIRCLE( '', #8305, 0.000150000000000000 );
#6575 = VERTEX_POINT( '', #8306 );
#6576 = LINE( '', #8307, #8308 );
#6577 = VERTEX_POINT( '', #8309 );
#6578 = LINE( '', #8310, #8311 );
#6579 = VERTEX_POINT( '', #8312 );
#6580 = LINE( '', #8313, #8314 );
#6581 = VERTEX_POINT( '', #8315 );
#6582 = LINE( '', #8316, #8317 );
#6583 = VERTEX_POINT( '', #8318 );
#6584 = LINE( '', #8319, #8320 );
#6585 = VERTEX_POINT( '', #8321 );
#6586 = LINE( '', #8322, #8323 );
#6587 = LINE( '', #8324, #8325 );
#6588 = VERTEX_POINT( '', #8326 );
#6589 = CIRCLE( '', #8327, 0.000300000000000000 );
#6590 = VERTEX_POINT( '', #8328 );
#6591 = CIRCLE( '', #8329, 0.000300000000000000 );
#6592 = VERTEX_POINT( '', #8330 );
#6593 = VERTEX_POINT( '', #8331 );
#6594 = LINE( '', #8332, #8333 );
#6595 = VERTEX_POINT( '', #8334 );
#6596 = CIRCLE( '', #8335, 0.000900000000000000 );
#6597 = VERTEX_POINT( '', #8336 );
#6598 = LINE( '', #8337, #8338 );
#6599 = CIRCLE( '', #8339, 0.000900000000000000 );
#6600 = VERTEX_POINT( '', #8340 );
#6601 = LINE( '', #8341, #8342 );
#6602 = LINE( '', #8343, #8344 );
#6603 = LINE( '', #8345, #8346 );
#6604 = VERTEX_POINT( '', #8347 );
#6605 = VERTEX_POINT( '', #8348 );
#6606 = CIRCLE( '', #8349, 0.000300000000000000 );
#6607 = VERTEX_POINT( '', #8350 );
#6608 = LINE( '', #8351, #8352 );
#6609 = VERTEX_POINT( '', #8353 );
#6610 = CIRCLE( '', #8354, 0.000300000000000000 );
#6611 = LINE( '', #8355, #8356 );
#6612 = VERTEX_POINT( '', #8357 );
#6613 = CIRCLE( '', #8358, 5.00000000000000E-005 );
#6614 = VERTEX_POINT( '', #8359 );
#6615 = LINE( '', #8360, #8361 );
#6616 = VERTEX_POINT( '', #8362 );
#6617 = CIRCLE( '', #8363, 5.00000000000000E-005 );
#6618 = LINE( '', #8364, #8365 );
#6619 = VERTEX_POINT( '', #8366 );
#6620 = LINE( '', #8367, #8368 );
#6621 = VERTEX_POINT( '', #8369 );
#6622 = LINE( '', #8370, #8371 );
#6623 = LINE( '', #8372, #8373 );
#6624 = VERTEX_POINT( '', #8374 );
#6625 = LINE( '', #8375, #8376 );
#6626 = VERTEX_POINT( '', #8377 );
#6627 = LINE( '', #8378, #8379 );
#6628 = LINE( '', #8380, #8381 );
#6629 = VERTEX_POINT( '', #8382 );
#6630 = LINE( '', #8383, #8384 );
#6631 = VERTEX_POINT( '', #8385 );
#6632 = LINE( '', #8386, #8387 );
#6633 = LINE( '', #8388, #8389 );
#6634 = VERTEX_POINT( '', #8390 );
#6635 = VERTEX_POINT( '', #8391 );
#6636 = CIRCLE( '', #8392, 0.000150000000000000 );
#6637 = VERTEX_POINT( '', #8393 );
#6638 = LINE( '', #8394, #8395 );
#6639 = LINE( '', #8396, #8397 );
#6640 = VERTEX_POINT( '', #8398 );
#6641 = LINE( '', #8399, #8400 );
#6642 = VERTEX_POINT( '', #8401 );
#6643 = LINE( '', #8402, #8403 );
#6644 = VERTEX_POINT( '', #8404 );
#6645 = LINE( '', #8405, #8406 );
#6646 = LINE( '', #8407, #8408 );
#6647 = VERTEX_POINT( '', #8409 );
#6648 = CIRCLE( '', #8410, 0.000300000000000000 );
#6649 = VERTEX_POINT( '', #8411 );
#6650 = CIRCLE( '', #8412, 0.000300000000000000 );
#6651 = LINE( '', #8413, #8414 );
#6652 = VERTEX_POINT( '', #8415 );
#6653 = LINE( '', #8416, #8417 );
#6654 = VERTEX_POINT( '', #8418 );
#6655 = CIRCLE( '', #8419, 0.000300000000000000 );
#6656 = LINE( '', #8420, #8421 );
#6657 = VERTEX_POINT( '', #8422 );
#6658 = VERTEX_POINT( '', #8423 );
#6659 = LINE( '', #8424, #8425 );
#6660 = VERTEX_POINT( '', #8426 );
#6661 = LINE( '', #8427, #8428 );
#6662 = VERTEX_POINT( '', #8429 );
#6663 = LINE( '', #8430, #8431 );
#6664 = LINE( '', #8432, #8433 );
#6665 = VERTEX_POINT( '', #8434 );
#6666 = VERTEX_POINT( '', #8435 );
#6667 = CIRCLE( '', #8436, 5.00000000000000E-005 );
#6668 = VERTEX_POINT( '', #8437 );
#6669 = LINE( '', #8438, #8439 );
#6670 = VERTEX_POINT( '', #8440 );
#6671 = CIRCLE( '', #8441, 5.00000000000000E-005 );
#6672 = LINE( '', #8442, #8443 );
#6673 = VERTEX_POINT( '', #8444 );
#6674 = VERTEX_POINT( '', #8445 );
#6675 = LINE( '', #8446, #8447 );
#6676 = LINE( '', #8448, #8449 );
#6677 = LINE( '', #8450, #8451 );
#6678 = VERTEX_POINT( '', #8452 );
#6679 = VERTEX_POINT( '', #8453 );
#6680 = LINE( '', #8454, #8455 );
#6681 = VERTEX_POINT( '', #8456 );
#6682 = LINE( '', #8457, #8458 );
#6683 = VERTEX_POINT( '', #8459 );
#6684 = LINE( '', #8460, #8461 );
#6685 = LINE( '', #8462, #8463 );
#6686 = VERTEX_POINT( '', #8464 );
#6687 = LINE( '', #8465, #8466 );
#6688 = LINE( '', #8467, #8468 );
#6689 = VERTEX_POINT( '', #8469 );
#6690 = VERTEX_POINT( '', #8470 );
#6691 = CIRCLE( '', #8471, 5.00000000000000E-005 );
#6692 = LINE( '', #8472, #8473 );
#6693 = VERTEX_POINT( '', #8474 );
#6694 = CIRCLE( '', #8475, 5.00000000000000E-005 );
#6695 = LINE( '', #8476, #8477 );
#6696 = VERTEX_POINT( '', #8478 );
#6697 = VERTEX_POINT( '', #8479 );
#6698 = LINE( '', #8480, #8481 );
#6699 = VERTEX_POINT( '', #8482 );
#6700 = LINE( '', #8483, #8484 );
#6701 = VERTEX_POINT( '', #8485 );
#6702 = LINE( '', #8486, #8487 );
#6703 = LINE( '', #8488, #8489 );
#6704 = B_SPLINE_CURVE_WITH_KNOTS( '', 3, ( #8490, #8491, #8492, #8493 ), .UNSPECIFIED., .F., .F., ( 4, 4 ), ( 0.000000000000000, 1.00000000000000 ), .UNSPECIFIED. );
#6705 = VERTEX_POINT( '', #8494 );
#6706 = VERTEX_POINT( '', #8495 );
#6707 = CIRCLE( '', #8496, 0.000300000000000000 );
#6708 = VERTEX_POINT( '', #8497 );
#6709 = LINE( '', #8498, #8499 );
#6710 = VERTEX_POINT( '', #8500 );
#6711 = CIRCLE( '', #8501, 0.000300000000000000 );
#6712 = LINE( '', #8502, #8503 );
#6713 = VERTEX_POINT( '', #8504 );
#6714 = VERTEX_POINT( '', #8505 );
#6715 = CIRCLE( '', #8506, 5.00000000000000E-005 );
#6716 = VERTEX_POINT( '', #8507 );
#6717 = CIRCLE( '', #8508, 5.00000000000000E-005 );
#6718 = CIRCLE( '', #8509, 5.00000000000000E-005 );
#6719 = VERTEX_POINT( '', #8510 );
#6720 = CIRCLE( '', #8511, 0.000100000000000000 );
#6721 = VERTEX_POINT( '', #8512 );
#6722 = CIRCLE( '', #8513, 0.000300000000000000 );
#6723 = VERTEX_POINT( '', #8514 );
#6724 = VERTEX_POINT( '', #8515 );
#6725 = B_SPLINE_CURVE_WITH_KNOTS( '', 3, ( #8516, #8517, #8518, #8519, #8520, #8521, #8522, #8523, #8524, #8525, #8526, #8527, #8528, #8529, #8530 ), .UNSPECIFIED., .F., .F., ( 4, 1, 1, 1, 1, 1, 1, 1, 1, 1, 1, 1, 4 ), ( 0.000000000000000, 0.0833333333333300, 0.166666666666700, 0.250000000000000, 0.333333333333300, 0.416666666666700, 0.500000000000000, 0.583333333333300, 0.666666666666700, 0.750000000000000, 0.833333333333300, 0.916666666666700, 1.00000000000000 ), .UNSPECIFIED. );
#6726 = VERTEX_POINT( '', #8531 );
#6727 = LINE( '', #8532, #8533 );
#6728 = VERTEX_POINT( '', #8534 );
#6729 = B_SPLINE_CURVE_WITH_KNOTS( '', 3, ( #8535, #8536, #8537, #8538, #8539, #8540, #8541, #8542, #8543, #8544, #8545, #8546, #8547 ), .UNSPECIFIED., .F., .F., ( 4, 1, 1, 1, 1, 1, 1, 1, 1, 1, 4 ), ( 0.000000000000000, 0.100000000000000, 0.200000000000000, 0.300000000000000, 0.400000000000000, 0.500000000000000, 0.600000000000000, 0.700000000000000, 0.800000000000000, 0.900000000000000, 1.00000000000000 ), .UNSPECIFIED. );
#6730 = LINE( '', #8548, #8549 );
#6731 = VERTEX_POINT( '', #8550 );
#6732 = VERTEX_POINT( '', #8551 );
#6733 = LINE( '', #8552, #8553 );
#6734 = VERTEX_POINT( '', #8554 );
#6735 = CIRCLE( '', #8555, 0.000150000000000000 );
#6736 = VERTEX_POINT( '', #8556 );
#6737 = LINE( '', #8557, #8558 );
#6738 = CIRCLE( '', #8559, 0.000150000000000000 );
#6739 = VERTEX_POINT( '', #8560 );
#6740 = CIRCLE( '', #8561, 0.000150000000000000 );
#6741 = VERTEX_POINT( '', #8562 );
#6742 = LINE( '', #8563, #8564 );
#6743 = VERTEX_POINT( '', #8565 );
#6744 = CIRCLE( '', #8566, 0.000150000000000000 );
#6745 = VERTEX_POINT( '', #8567 );
#6746 = LINE( '', #8568, #8569 );
#6747 = LINE( '', #8570, #8571 );
#6748 = VERTEX_POINT( '', #8572 );
#6749 = VERTEX_POINT( '', #8573 );
#6750 = LINE( '', #8574, #8575 );
#6751 = VERTEX_POINT( '', #8576 );
#6752 = LINE( '', #8577, #8578 );
#6753 = VERTEX_POINT( '', #8579 );
#6754 = LINE( '', #8580, #8581 );
#6755 = LINE( '', #8582, #8583 );
#6756 = VERTEX_POINT( '', #8584 );
#6757 = LINE( '', #8585, #8586 );
#6758 = LINE( '', #8587, #8588 );
#6759 = VERTEX_POINT( '', #8589 );
#6760 = LINE( '', #8590, #8591 );
#6761 = LINE( '', #8592, #8593 );
#6762 = VERTEX_POINT( '', #8594 );
#6763 = B_SPLINE_CURVE_WITH_KNOTS( '', 3, ( #8595, #8596, #8597, #8598, #8599, #8600, #8601 ), .UNSPECIFIED., .F., .F., ( 4, 1, 1, 1, 4 ), ( 0.000000000000000, 0.250000000000000, 0.500000000000000, 0.750000000000000, 1.00000000000000 ), .UNSPECIFIED. );
#6764 = B_SPLINE_CURVE_WITH_KNOTS( '', 3, ( #8602, #8603, #8604, #8605, #8606, #8607, #8608 ), .UNSPECIFIED., .F., .F., ( 4, 1, 1, 1, 4 ), ( 0.000000000000000, 0.250000000000000, 0.500000000000000, 0.750000000000000, 1.00000000000000 ), .UNSPECIFIED. );
#6765 = LINE( '', #8609, #8610 );
#6766 = VERTEX_POINT( '', #8611 );
#6767 = VERTEX_POINT( '', #8612 );
#6768 = LINE( '', #8613, #8614 );
#6769 = VERTEX_POINT( '', #8615 );
#6770 = LINE( '', #8616, #8617 );
#6771 = VERTEX_POINT( '', #8618 );
#6772 = LINE( '', #8619, #8620 );
#6773 = LINE( '', #8621, #8622 );
#6774 = VERTEX_POINT( '', #8623 );
#6775 = LINE( '', #8624, #8625 );
#6776 = LINE( '', #8626, #8627 );
#6777 = VERTEX_POINT( '', #8628 );
#6778 = VERTEX_POINT( '', #8629 );
#6779 = CIRCLE( '', #8630, 0.000150000000000000 );
#6780 = VERTEX_POINT( '', #8631 );
#6781 = LINE( '', #8632, #8633 );
#6782 = CIRCLE( '', #8634, 0.000150000000000000 );
#6783 = LINE( '', #8635, #8636 );
#6784 = VERTEX_POINT( '', #8637 );
#6785 = VERTEX_POINT( '', #8638 );
#6786 = CIRCLE( '', #8639, 5.00000000000000E-005 );
#6787 = VERTEX_POINT( '', #8640 );
#6788 = B_SPLINE_CURVE_WITH_KNOTS( '', 3, ( #8641, #8642, #8643, #8644, #8645, #8646, #8647, #8648, #8649, #8650, #8651, #8652, #8653 ), .UNSPECIFIED., .F., .F., ( 4, 1, 1, 1, 1, 1, 1, 1, 1, 1, 4 ), ( 0.000000000000000, 0.100000000000000, 0.200000000000000, 0.300000000000000, 0.400000000000000, 0.500000000000000, 0.600000000000000, 0.700000000000000, 0.800000000000000, 0.900000000000000, 1.00000000000000 ), .UNSPECIFIED. );
#6789 = VERTEX_POINT( '', #8654 );
#6790 = LINE( '', #8655, #8656 );
#6791 = B_SPLINE_CURVE_WITH_KNOTS( '', 3, ( #8657, #8658, #8659, #8660, #8661, #8662, #8663, #8664, #8665, #8666, #8667, #8668, #8669 ), .UNSPECIFIED., .F., .F., ( 4, 1, 1, 1, 1, 1, 1, 1, 1, 1, 4 ), ( 0.000000000000000, 0.100000000000000, 0.200000000000000, 0.300000000000000, 0.400000000000000, 0.500000000000000, 0.600000000000000, 0.700000000000000, 0.800000000000000, 0.900000000000000, 1.00000000000000 ), .UNSPECIFIED. );
#6792 = LINE( '', #8670, #8671 );
#6793 = VERTEX_POINT( '', #8672 );
#6794 = LINE( '', #8673, #8674 );
#6795 = VERTEX_POINT( '', #8675 );
#6796 = CIRCLE( '', #8676, 5.00000000000000E-005 );
#6797 = LINE( '', #8677, #8678 );
#6798 = CIRCLE( '', #8679, 5.00000000000000E-005 );
#6799 = LINE( '', #8680, #8681 );
#6800 = LINE( '', #8682, #8683 );
#6801 = VERTEX_POINT( '', #8684 );
#6802 = VERTEX_POINT( '', #8685 );
#6803 = LINE( '', #8686, #8687 );
#6804 = B_SPLINE_CURVE_WITH_KNOTS( '', 3, ( #8688, #8689, #8690, #8691, #8692, #8693, #8694, #8695, #8696, #8697, #8698, #8699, #8700, #8701, #8702, #8703 ), .UNSPECIFIED., .F., .F., ( 4, 1, 1, 1, 1, 1, 1, 1, 1, 1, 1, 1, 1, 4 ), ( 0.000000000000000, 0.0769230769230800, 0.153846153846200, 0.230769230769200, 0.307692307692300, 0.384615384615400, 0.461538461538500, 0.538461538461500, 0.615384615384600, 0.692307692307700, 0.769230769230800, 0.846153846153800, 0.923076923076900, 1.00000000000000 ), .UNSPECIFIED. );
#6805 = VERTEX_POINT( '', #8704 );
#6806 = B_SPLINE_CURVE_WITH_KNOTS( '', 3, ( #8705, #8706, #8707, #8708, #8709, #8710, #8711, #8712, #8713, #8714, #8715 ), .UNSPECIFIED., .F., .F., ( 4, 1, 1, 1, 1, 1, 1, 1, 4 ), ( 0.000000000000000, 0.125000000000000, 0.250000000000000, 0.375000000000000, 0.500000000000000, 0.625000000000000, 0.750000000000000, 0.875000000000000, 1.00000000000000 ), .UNSPECIFIED. );
#6807 = VERTEX_POINT( '', #8716 );
#6808 = LINE( '', #8717, #8718 );
#6809 = B_SPLINE_CURVE_WITH_KNOTS( '', 3, ( #8719, #8720, #8721, #8722, #8723, #8724, #8725, #8726, #8727, #8728 ), .UNSPECIFIED., .F., .F., ( 4, 1, 1, 1, 1, 1, 1, 4 ), ( 0.000000000000000, 0.142857142857100, 0.285714285714300, 0.428571428571400, 0.571428571428600, 0.714285714285700, 0.857142857142900, 1.00000000000000 ), .UNSPECIFIED. );
#6810 = VERTEX_POINT( '', #8729 );
#6811 = VERTEX_POINT( '', #8730 );
#6812 = LINE( '', #8731, #8732 );
#6813 = B_SPLINE_CURVE_WITH_KNOTS( '', 3, ( #8733, #8734, #8735, #8736, #8737, #8738, #8739, #8740, #8741, #8742, #8743 ), .UNSPECIFIED., .F., .F., ( 4, 1, 1, 1, 1, 1, 1, 1, 4 ), ( 0.000000000000000, 0.125000000000000, 0.250000000000000, 0.375000000000000, 0.500000000000000, 0.625000000000000, 0.750000000000000, 0.875000000000000, 1.00000000000000 ), .UNSPECIFIED. );
#6814 = VERTEX_POINT( '', #8744 );
#6815 = B_SPLINE_CURVE_WITH_KNOTS( '', 3, ( #8745, #8746, #8747, #8748, #8749, #8750, #8751, #8752, #8753, #8754, #8755, #8756, #8757, #8758, #8759, #8760 ), .UNSPECIFIED., .F., .F., ( 4, 1, 1, 1, 1, 1, 1, 1, 1, 1, 1, 1, 1, 4 ), ( 0.000000000000000, 0.0769230769230800, 0.153846153846200, 0.230769230769200, 0.307692307692300, 0.384615384615400, 0.461538461538500, 0.538461538461500, 0.615384615384600, 0.692307692307700, 0.769230769230800, 0.846153846153800, 0.923076923076900, 1.00000000000000 ), .UNSPECIFIED. );
#6816 = VERTEX_POINT( '', #8761 );
#6817 = LINE( '', #8762, #8763 );
#6818 = B_SPLINE_CURVE_WITH_KNOTS( '', 3, ( #8764, #8765, #8766, #8767, #8768, #8769, #8770, #8771, #8772 ), .UNSPECIFIED., .F., .F., ( 4, 1, 1, 1, 1, 1, 4 ), ( 0.000000000000000, 0.166666666666700, 0.333333333333300, 0.500000000000000, 0.666666666666700, 0.833333333333300, 1.00000000000000 ), .UNSPECIFIED. );
#6819 = VERTEX_POINT( '', #8773 );
#6820 = VERTEX_POINT( '', #8774 );
#6821 = LINE( '', #8775, #8776 );
#6822 = VERTEX_POINT( '', #8777 );
#6823 = LINE( '', #8778, #8779 );
#6824 = VERTEX_POINT( '', #8780 );
#6825 = LINE( '', #8781, #8782 );
#6826 = LINE( '', #8783, #8784 );
#6827 = VERTEX_POINT( '', #8785 );
#6828 = VERTEX_POINT( '', #8786 );
#6829 = LINE( '', #8787, #8788 );
#6830 = VERTEX_POINT( '', #8789 );
#6831 = LINE( '', #8790, #8791 );
#6832 = VERTEX_POINT( '', #8792 );
#6833 = LINE( '', #8793, #8794 );
#6834 = LINE( '', #8795, #8796 );
#6835 = VERTEX_POINT( '', #8797 );
#6836 = VERTEX_POINT( '', #8798 );
#6837 = LINE( '', #8799, #8800 );
#6838 = VERTEX_POINT( '', #8801 );
#6839 = LINE( '', #8802, #8803 );
#6840 = VERTEX_POINT( '', #8804 );
#6841 = LINE( '', #8805, #8806 );
#6842 = LINE( '', #8807, #8808 );
#6843 = LINE( '', #8809, #8810 );
#6844 = LINE( '', #8811, #8812 );
#6845 = VERTEX_POINT( '', #8813 );
#6846 = VERTEX_POINT( '', #8814 );
#6847 = LINE( '', #8815, #8816 );
#6848 = LINE( '', #8817, #8818 );
#6849 = LINE( '', #8819, #8820 );
#6850 = VERTEX_POINT( '', #8821 );
#6851 = VERTEX_POINT( '', #8822 );
#6852 = LINE( '', #8823, #8824 );
#6853 = B_SPLINE_CURVE_WITH_KNOTS( '', 3, ( #8825, #8826, #8827, #8828, #8829, #8830, #8831, #8832, #8833, #8834, #8835, #8836, #8837, #8838, #8839, #8840 ), .UNSPECIFIED., .F., .F., ( 4, 1, 1, 1, 1, 1, 1, 1, 1, 1, 1, 1, 1, 4 ), ( 0.000000000000000, 0.0769230769230800, 0.153846153846200, 0.230769230769200, 0.307692307692300, 0.384615384615400, 0.461538461538500, 0.538461538461500, 0.615384615384600, 0.692307692307700, 0.769230769230800, 0.846153846153800, 0.923076923076900, 1.00000000000000 ), .UNSPECIFIED. );
#6854 = VERTEX_POINT( '', #8841 );
#6855 = B_SPLINE_CURVE_WITH_KNOTS( '', 3, ( #8842, #8843, #8844, #8845, #8846, #8847, #8848, #8849, #8850, #8851, #8852 ), .UNSPECIFIED., .F., .F., ( 4, 1, 1, 1, 1, 1, 1, 1, 4 ), ( 0.000000000000000, 0.125000000000000, 0.250000000000000, 0.375000000000000, 0.500000000000000, 0.625000000000000, 0.750000000000000, 0.875000000000000, 1.00000000000000 ), .UNSPECIFIED. );
#6856 = VERTEX_POINT( '', #8853 );
#6857 = LINE( '', #8854, #8855 );
#6858 = B_SPLINE_CURVE_WITH_KNOTS( '', 3, ( #8856, #8857, #8858, #8859, #8860, #8861, #8862, #8863, #8864, #8865 ), .UNSPECIFIED., .F., .F., ( 4, 1, 1, 1, 1, 1, 1, 4 ), ( 0.000000000000000, 0.142857142857100, 0.285714285714300, 0.428571428571400, 0.571428571428600, 0.714285714285700, 0.857142857142900, 1.00000000000000 ), .UNSPECIFIED. );
#6859 = VERTEX_POINT( '', #8866 );
#6860 = VERTEX_POINT( '', #8867 );
#6861 = LINE( '', #8868, #8869 );
#6862 = CIRCLE( '', #8870, 0.000200000000000000 );
#6863 = CIRCLE( '', #8871, 0.000200000000000000 );
#6864 = VERTEX_POINT( '', #8872 );
#6865 = VERTEX_POINT( '', #8873 );
#6866 = LINE( '', #8874, #8875 );
#6867 = LINE( '', #8876, #8877 );
#6868 = LINE( '', #8878, #8879 );
#6869 = VERTEX_POINT( '', #8880 );
#6870 = VERTEX_POINT( '', #8881 );
#6871 = LINE( '', #8882, #8883 );
#6872 = VERTEX_POINT( '', #8884 );
#6873 = LINE( '', #8885, #8886 );
#6874 = VERTEX_POINT( '', #8887 );
#6875 = LINE( '', #8888, #8889 );
#6876 = LINE( '', #8890, #8891 );
#6877 = VERTEX_POINT( '', #8892 );
#6878 = VERTEX_POINT( '', #8893 );
#6879 = LINE( '', #8894, #8895 );
#6880 = VERTEX_POINT( '', #8896 );
#6881 = LINE( '', #8897, #8898 );
#6882 = VERTEX_POINT( '', #8899 );
#6883 = LINE( '', #8900, #8901 );
#6884 = LINE( '', #8902, #8903 );
#6885 = VERTEX_POINT( '', #8904 );
#6886 = CIRCLE( '', #8905, 0.000150000000000000 );
#6887 = VERTEX_POINT( '', #8906 );
#6888 = LINE( '', #8907, #8908 );
#6889 = VERTEX_POINT( '', #8909 );
#6890 = LINE( '', #8910, #8911 );
#6891 = VERTEX_POINT( '', #8912 );
#6892 = LINE( '', #8913, #8914 );
#6893 = VERTEX_POINT( '', #8915 );
#6894 = CIRCLE( '', #8916, 0.000150000000000000 );
#6895 = LINE( '', #8917, #8918 );
#6896 = CIRCLE( '', #8919, 0.000200000000000000 );
#6897 = VERTEX_POINT( '', #8920 );
#6898 = LINE( '', #8921, #8922 );
#6899 = VERTEX_POINT( '', #8923 );
#6900 = CIRCLE( '', #8924, 0.000150000000000000 );
#6901 = VERTEX_POINT( '', #8925 );
#6902 = LINE( '', #8926, #8927 );
#6903 = LINE( '', #8928, #8929 );
#6904 = VERTEX_POINT( '', #8930 );
#6905 = CIRCLE( '', #8931, 0.000200000000000000 );
#6906 = VERTEX_POINT( '', #8932 );
#6907 = LINE( '', #8933, #8934 );
#6908 = VERTEX_POINT( '', #8935 );
#6909 = CIRCLE( '', #8936, 0.000200000000000000 );
#6910 = CIRCLE( '', #8937, 0.000200000000000000 );
#6911 = VERTEX_POINT( '', #8938 );
#6912 = CIRCLE( '', #8939, 0.000150000000000000 );
#6913 = VERTEX_POINT( '', #8940 );
#6914 = LINE( '', #8941, #8942 );
#6915 = VERTEX_POINT( '', #8943 );
#6916 = LINE( '', #8944, #8945 );
#6917 = VERTEX_POINT( '', #8946 );
#6918 = CIRCLE( '', #8947, 0.000150000000000000 );
#6919 = LINE( '', #8948, #8949 );
#6920 = CIRCLE( '', #8950, 0.000200000000000000 );
#6921 = VERTEX_POINT( '', #8951 );
#6922 = CIRCLE( '', #8952, 0.000200000000000000 );
#6923 = LINE( '', #8953, #8954 );
#6924 = VERTEX_POINT( '', #8955 );
#6925 = CIRCLE( '', #8956, 0.000150000000000000 );
#6926 = VERTEX_POINT( '', #8957 );
#6927 = LINE( '', #8958, #8959 );
#6928 = VERTEX_POINT( '', #8960 );
#6929 = LINE( '', #8961, #8962 );
#6930 = LINE( '', #8963, #8964 );
#6931 = VERTEX_POINT( '', #8965 );
#6932 = LINE( '', #8966, #8967 );
#6933 = VERTEX_POINT( '', #8968 );
#6934 = CIRCLE( '', #8969, 0.000150000000000000 );
#6935 = LINE( '', #8970, #8971 );
#6936 = VERTEX_POINT( '', #8972 );
#6937 = CIRCLE( '', #8973, 0.000798060148109200 );
#6938 = VERTEX_POINT( '', #8974 );
#6939 = VERTEX_POINT( '', #8975 );
#6940 = CIRCLE( '', #8976, 8.00000000000000E-005 );
#6941 = VERTEX_POINT( '', #8977 );
#6942 = LINE( '', #8978, #8979 );
#6943 = VERTEX_POINT( '', #8980 );
#6944 = CIRCLE( '', #8981, 8.00000000000000E-005 );
#6945 = LINE( '', #8982, #8983 );
#6946 = VERTEX_POINT( '', #8984 );
#6947 = LINE( '', #8985, #8986 );
#6948 = VERTEX_POINT( '', #8987 );
#6949 = CIRCLE( '', #8988, 0.000150000000000000 );
#6950 = LINE( '', #8989, #8990 );
#6951 = LINE( '', #8991, #8992 );
#6952 = LINE( '', #8993, #8994 );
#6953 = LINE( '', #8995, #8996 );
#6954 = VERTEX_POINT( '', #8997 );
#6955 = LINE( '', #8998, #8999 );
#6956 = VERTEX_POINT( '', #9000 );
#6957 = LINE( '', #9001, #9002 );
#6958 = LINE( '', #9003, #9004 );
#6959 = LINE( '', #9005, #9006 );
#6960 = LINE( '', #9007, #9008 );
#6961 = VERTEX_POINT( '', #9009 );
#6962 = LINE( '', #9010, #9011 );
#6963 = CIRCLE( '', #9012, 0.000300000000000000 );
#6964 = VERTEX_POINT( '', #9013 );
#6965 = VERTEX_POINT( '', #9014 );
#6966 = LINE( '', #9015, #9016 );
#6967 = LINE( '', #9017, #9018 );
#6968 = LINE( '', #9019, #9020 );
#6969 = VERTEX_POINT( '', #9021 );
#6970 = LINE( '', #9022, #9023 );
#6971 = VERTEX_POINT( '', #9024 );
#6972 = CIRCLE( '', #9025, 0.000300000000000000 );
#6973 = LINE( '', #9026, #9027 );
#6974 = VERTEX_POINT( '', #9028 );
#6975 = VERTEX_POINT( '', #9029 );
#6976 = LINE( '', #9030, #9031 );
#6977 = LINE( '', #9032, #9033 );
#6978 = LINE( '', #9034, #9035 );
#6979 = VERTEX_POINT( '', #9036 );
#6980 = CIRCLE( '', #9037, 5.00000000000000E-005 );
#6981 = LINE( '', #9038, #9039 );
#6982 = VERTEX_POINT( '', #9040 );
#6983 = LINE( '', #9041, #9042 );
#6984 = VERTEX_POINT( '', #9043 );
#6985 = CIRCLE( '', #9044, 8.00000000000000E-005 );
#6986 = B_SPLINE_CURVE_WITH_KNOTS( '', 3, ( #9045, #9046, #9047, #9048 ), .UNSPECIFIED., .F., .F., ( 4, 4 ), ( 0.000000000000000, 1.00000000000000 ), .UNSPECIFIED. );
#6987 = VERTEX_POINT( '', #9049 );
#6988 = LINE( '', #9050, #9051 );
#6989 = CIRCLE( '', #9052, 0.000200000000000000 );
#6990 = LINE( '', #9053, #9054 );
#6991 = LINE( '', #9055, #9056 );
#6992 = VERTEX_POINT( '', #9057 );
#6993 = CIRCLE( '', #9058, 0.000380717967697200 );
#6994 = VERTEX_POINT( '', #9059 );
#6995 = CIRCLE( '', #9060, 0.000432679491924300 );
#6996 = VERTEX_POINT( '', #9061 );
#6997 = LINE( '', #9062, #9063 );
#6998 = VERTEX_POINT( '', #9064 );
#6999 = LINE( '', #9065, #9066 );
#7000 = LINE( '', #9067, #9068 );
#7001 = VERTEX_POINT( '', #9069 );
#7002 = LINE( '', #9070, #9071 );
#7003 = LINE( '', #9072, #9073 );
#7004 = VERTEX_POINT( '', #9074 );
#7005 = VERTEX_POINT( '', #9075 );
#7006 = LINE( '', #9076, #9077 );
#7007 = VERTEX_POINT( '', #9078 );
#7008 = CIRCLE( '', #9079, 0.000150000000000000 );
#7009 = VERTEX_POINT( '', #9080 );
#7010 = LINE( '', #9081, #9082 );
#7011 = CIRCLE( '', #9083, 0.000150000000000000 );
#7012 = LINE( '', #9084, #9085 );
#7013 = VERTEX_POINT( '', #9086 );
#7014 = VERTEX_POINT( '', #9087 );
#7015 = LINE( '', #9088, #9089 );
#7016 = LINE( '', #9090, #9091 );
#7017 = LINE( '', #9092, #9093 );
#7018 = VERTEX_POINT( '', #9094 );
#7019 = VERTEX_POINT( '', #9095 );
#7020 = CIRCLE( '', #9096, 0.000300000000000000 );
#7021 = LINE( '', #9097, #9098 );
#7022 = LINE( '', #9099, #9100 );
#7023 = VERTEX_POINT( '', #9101 );
#7024 = VERTEX_POINT( '', #9102 );
#7025 = CIRCLE( '', #9103, 0.000300000000000000 );
#7026 = VERTEX_POINT( '', #9104 );
#7027 = LINE( '', #9105, #9106 );
#7028 = VERTEX_POINT( '', #9107 );
#7029 = CIRCLE( '', #9108, 0.000300000000000000 );
#7030 = LINE( '', #9109, #9110 );
#7031 = VERTEX_POINT( '', #9111 );
#7032 = VERTEX_POINT( '', #9112 );
#7033 = LINE( '', #9113, #9114 );
#7034 = VERTEX_POINT( '', #9115 );
#7035 = LINE( '', #9116, #9117 );
#7036 = VERTEX_POINT( '', #9118 );
#7037 = LINE( '', #9119, #9120 );
#7038 = LINE( '', #9121, #9122 );
#7039 = B_SPLINE_CURVE_WITH_KNOTS( '', 3, ( #9123, #9124, #9125, #9126, #9127, #9128, #9129 ), .UNSPECIFIED., .F., .F., ( 4, 1, 1, 1, 4 ), ( 0.000000000000000, 0.250000000000000, 0.500000000000000, 0.750000000000000, 1.00000000000000 ), .UNSPECIFIED. );
#7040 = VERTEX_POINT( '', #9130 );
#7041 = LINE( '', #9131, #9132 );
#7042 = LINE( '', #9133, #9134 );
#7043 = LINE( '', #9135, #9136 );
#7044 = LINE( '', #9137, #9138 );
#7045 = VERTEX_POINT( '', #9139 );
#7046 = LINE( '', #9140, #9141 );
#7047 = LINE( '', #9142, #9143 );
#7048 = VERTEX_POINT( '', #9144 );
#7049 = LINE( '', #9145, #9146 );
#7050 = LINE( '', #9147, #9148 );
#7051 = VERTEX_POINT( '', #9149 );
#7052 = LINE( '', #9150, #9151 );
#7053 = LINE( '', #9152, #9153 );
#7054 = VERTEX_POINT( '', #9154 );
#7055 = VERTEX_POINT( '', #9155 );
#7056 = LINE( '', #9156, #9157 );
#7057 = VERTEX_POINT( '', #9158 );
#7058 = CIRCLE( '', #9159, 0.000150000000000000 );
#7059 = LINE( '', #9160, #9161 );
#7060 = LINE( '', #9162, #9163 );
#7061 = VERTEX_POINT( '', #9164 );
#7062 = VERTEX_POINT( '', #9165 );
#7063 = LINE( '', #9166, #9167 );
#7064 = VERTEX_POINT( '', #9168 );
#7065 = LINE( '', #9169, #9170 );
#7066 = VERTEX_POINT( '', #9171 );
#7067 = LINE( '', #9172, #9173 );
#7068 = LINE( '', #9174, #9175 );
#7069 = VERTEX_POINT( '', #9176 );
#7070 = LINE( '', #9177, #9178 );
#7071 = CIRCLE( '', #9179, 0.000200000000000000 );
#7072 = VERTEX_POINT( '', #9180 );
#7073 = VERTEX_POINT( '', #9181 );
#7074 = LINE( '', #9182, #9183 );
#7075 = LINE( '', #9184, #9185 );
#7076 = LINE( '', #9186, #9187 );
#7077 = VERTEX_POINT( '', #9188 );
#7078 = LINE( '', #9189, #9190 );
#7079 = LINE( '', #9191, #9192 );
#7080 = VERTEX_POINT( '', #9193 );
#7081 = VERTEX_POINT( '', #9194 );
#7082 = LINE( '', #9195, #9196 );
#7083 = VERTEX_POINT( '', #9197 );
#7084 = LINE( '', #9198, #9199 );
#7085 = VERTEX_POINT( '', #9200 );
#7086 = LINE( '', #9201, #9202 );
#7087 = LINE( '', #9203, #9204 );
#7088 = VERTEX_POINT( '', #9205 );
#7089 = LINE( '', #9206, #9207 );
#7090 = VERTEX_POINT( '', #9208 );
#7091 = LINE( '', #9209, #9210 );
#7092 = LINE( '', #9211, #9212 );
#7093 = LINE( '', #9213, #9214 );
#7094 = LINE( '', #9215, #9216 );
#7095 = VERTEX_POINT( '', #9217 );
#7096 = VERTEX_POINT( '', #9218 );
#7097 = LINE( '', #9219, #9220 );
#7098 = VERTEX_POINT( '', #9221 );
#7099 = LINE( '', #9222, #9223 );
#7100 = VERTEX_POINT( '', #9224 );
#7101 = LINE( '', #9225, #9226 );
#7102 = LINE( '', #9227, #9228 );
#7103 = VERTEX_POINT( '', #9229 );
#7104 = VERTEX_POINT( '', #9230 );
#7105 = LINE( '', #9231, #9232 );
#7106 = VERTEX_POINT( '', #9233 );
#7107 = LINE( '', #9234, #9235 );
#7108 = VERTEX_POINT( '', #9236 );
#7109 = LINE( '', #9237, #9238 );
#7110 = LINE( '', #9239, #9240 );
#7111 = VERTEX_POINT( '', #9241 );
#7112 = VERTEX_POINT( '', #9242 );
#7113 = LINE( '', #9243, #9244 );
#7114 = LINE( '', #9245, #9246 );
#7115 = LINE( '', #9247, #9248 );
#7116 = VERTEX_POINT( '', #9249 );
#7117 = VERTEX_POINT( '', #9250 );
#7118 = LINE( '', #9251, #9252 );
#7119 = VERTEX_POINT( '', #9253 );
#7120 = LINE( '', #9254, #9255 );
#7121 = VERTEX_POINT( '', #9256 );
#7122 = LINE( '', #9257, #9258 );
#7123 = LINE( '', #9259, #9260 );
#7124 = VERTEX_POINT( '', #9261 );
#7125 = B_SPLINE_CURVE_WITH_KNOTS( '', 3, ( #9262, #9263, #9264, #9265 ), .UNSPECIFIED., .F., .F., ( 4, 4 ), ( 0.000000000000000, 1.00000000000000 ), .UNSPECIFIED. );
#7126 = VERTEX_POINT( '', #9266 );
#7127 = LINE( '', #9267, #9268 );
#7128 = B_SPLINE_CURVE_WITH_KNOTS( '', 3, ( #9269, #9270, #9271, #9272 ), .UNSPECIFIED., .F., .F., ( 4, 4 ), ( 0.000000000000000, 1.00000000000000 ), .UNSPECIFIED. );
#7129 = VERTEX_POINT( '', #9273 );
#7130 = VERTEX_POINT( '', #9274 );
#7131 = LINE( '', #9275, #9276 );
#7132 = VERTEX_POINT( '', #9277 );
#7133 = LINE( '', #9278, #9279 );
#7134 = VERTEX_POINT( '', #9280 );
#7135 = LINE( '', #9281, #9282 );
#7136 = LINE( '', #9283, #9284 );
#7137 = VERTEX_POINT( '', #9285 );
#7138 = LINE( '', #9286, #9287 );
#7139 = VERTEX_POINT( '', #9288 );
#7140 = LINE( '', #9289, #9290 );
#7141 = LINE( '', #9291, #9292 );
#7142 = VERTEX_POINT( '', #9293 );
#7143 = VERTEX_POINT( '', #9294 );
#7144 = LINE( '', #9295, #9296 );
#7145 = LINE( '', #9297, #9298 );
#7146 = LINE( '', #9299, #9300 );
#7147 = VERTEX_POINT( '', #9301 );
#7148 = VERTEX_POINT( '', #9302 );
#7149 = LINE( '', #9303, #9304 );
#7150 = LINE( '', #9305, #9306 );
#7151 = LINE( '', #9307, #9308 );
#7152 = LINE( '', #9309, #9310 );
#7153 = LINE( '', #9311, #9312 );
#7154 = VERTEX_POINT( '', #9313 );
#7155 = LINE( '', #9314, #9315 );
#7156 = CIRCLE( '', #9316, 0.000300000000000000 );
#7157 = LINE( '', #9317, #9318 );
#7158 = VERTEX_POINT( '', #9319 );
#7159 = CIRCLE( '', #9320, 0.000200000000000000 );
#7160 = VERTEX_POINT( '', #9321 );
#7161 = LINE( '', #9322, #9323 );
#7162 = VERTEX_POINT( '', #9324 );
#7163 = CIRCLE( '', #9325, 0.000150000000000000 );
#7164 = LINE( '', #9326, #9327 );
#7165 = VERTEX_POINT( '', #9328 );
#7166 = VERTEX_POINT( '', #9329 );
#7167 = LINE( '', #9330, #9331 );
#7168 = VERTEX_POINT( '', #9332 );
#7169 = LINE( '', #9333, #9334 );
#7170 = LINE( '', #9335, #9336 );
#7171 = LINE( '', #9337, #9338 );
#7172 = VERTEX_POINT( '', #9339 );
#7173 = CIRCLE( '', #9340, 5.00000000000000E-005 );
#7174 = CIRCLE( '', #9341, 5.00000000000000E-005 );
#7175 = LINE( '', #9342, #9343 );
#7176 = VERTEX_POINT( '', #9344 );
#7177 = VERTEX_POINT( '', #9345 );
#7178 = LINE( '', #9346, #9347 );
#7179 = LINE( '', #9348, #9349 );
#7180 = LINE( '', #9350, #9351 );
#7181 = LINE( '', #9352, #9353 );
#7182 = LINE( '', #9354, #9355 );
#7183 = VERTEX_POINT( '', #9356 );
#7184 = VERTEX_POINT( '', #9357 );
#7185 = LINE( '', #9358, #9359 );
#7186 = VERTEX_POINT( '', #9360 );
#7187 = LINE( '', #9361, #9362 );
#7188 = VERTEX_POINT( '', #9363 );
#7189 = LINE( '', #9364, #9365 );
#7190 = LINE( '', #9366, #9367 );
#7191 = VERTEX_POINT( '', #9368 );
#7192 = VERTEX_POINT( '', #9369 );
#7193 = LINE( '', #9370, #9371 );
#7194 = LINE( '', #9372, #9373 );
#7195 = LINE( '', #9374, #9375 );
#7196 = VERTEX_POINT( '', #9376 );
#7197 = LINE( '', #9377, #9378 );
#7198 = LINE( '', #9379, #9380 );
#7199 = VERTEX_POINT( '', #9381 );
#7200 = LINE( '', #9382, #9383 );
#7201 = LINE( '', #9384, #9385 );
#7202 = LINE( '', #9386, #9387 );
#7203 = VERTEX_POINT( '', #9388 );
#7204 = VERTEX_POINT( '', #9389 );
#7205 = LINE( '', #9390, #9391 );
#7206 = VERTEX_POINT( '', #9392 );
#7207 = LINE( '', #9393, #9394 );
#7208 = VERTEX_POINT( '', #9395 );
#7209 = LINE( '', #9396, #9397 );
#7210 = LINE( '', #9398, #9399 );
#7211 = VERTEX_POINT( '', #9400 );
#7212 = VERTEX_POINT( '', #9401 );
#7213 = LINE( '', #9402, #9403 );
#7214 = VERTEX_POINT( '', #9404 );
#7215 = LINE( '', #9405, #9406 );
#7216 = VERTEX_POINT( '', #9407 );
#7217 = LINE( '', #9408, #9409 );
#7218 = LINE( '', #9410, #9411 );
#7219 = VERTEX_POINT( '', #9412 );
#7220 = B_SPLINE_CURVE_WITH_KNOTS( '', 3, ( #9413, #9414, #9415, #9416 ), .UNSPECIFIED., .F., .F., ( 4, 4 ), ( 0.000000000000000, 1.00000000000000 ), .UNSPECIFIED. );
#7221 = LINE( '', #9417, #9418 );
#7222 = VERTEX_POINT( '', #9419 );
#7223 = VERTEX_POINT( '', #9420 );
#7224 = LINE( '', #9421, #9422 );
#7225 = VERTEX_POINT( '', #9423 );
#7226 = B_SPLINE_CURVE_WITH_KNOTS( '', 3, ( #9424, #9425, #9426, #9427, #9428, #9429, #9430, #9431, #9432, #9433, #9434, #9435, #9436 ), .UNSPECIFIED., .F., .F., ( 4, 1, 1, 1, 1, 1, 1, 1, 1, 1, 4 ), ( 0.000000000000000, 0.100000000000000, 0.200000000000000, 0.300000000000000, 0.400000000000000, 0.500000000000000, 0.600000000000000, 0.700000000000000, 0.800000000000000, 0.900000000000000, 1.00000000000000 ), .UNSPECIFIED. );
#7227 = B_SPLINE_CURVE_WITH_KNOTS( '', 3, ( #9437, #9438, #9439, #9440 ), .UNSPECIFIED., .F., .F., ( 4, 4 ), ( 0.000000000000000, 1.00000000000000 ), .UNSPECIFIED. );
#7228 = CIRCLE( '', #9441, 5.00000000000000E-005 );
#7229 = VERTEX_POINT( '', #9442 );
#7230 = LINE( '', #9443, #9444 );
#7231 = CIRCLE( '', #9445, 8.00000000000000E-005 );
#7232 = VERTEX_POINT( '', #9446 );
#7233 = VERTEX_POINT( '', #9447 );
#7234 = LINE( '', #9448, #9449 );
#7235 = LINE( '', #9450, #9451 );
#7236 = LINE( '', #9452, #9453 );
#7237 = VERTEX_POINT( '', #9454 );
#7238 = LINE( '', #9455, #9456 );
#7239 = LINE( '', #9457, #9458 );
#7240 = LINE( '', #9459, #9460 );
#7241 = LINE( '', #9461, #9462 );
#7242 = LINE( '', #9463, #9464 );
#7243 = VERTEX_POINT( '', #9465 );
#7244 = VERTEX_POINT( '', #9466 );
#7245 = LINE( '', #9467, #9468 );
#7246 = VERTEX_POINT( '', #9469 );
#7247 = LINE( '', #9470, #9471 );
#7248 = VERTEX_POINT( '', #9472 );
#7249 = LINE( '', #9473, #9474 );
#7250 = LINE( '', #9475, #9476 );
#7251 = VERTEX_POINT( '', #9477 );
#7252 = LINE( '', #9478, #9479 );
#7253 = VERTEX_POINT( '', #9480 );
#7254 = LINE( '', #9481, #9482 );
#7255 = LINE( '', #9483, #9484 );
#7256 = VERTEX_POINT( '', #9485 );
#7257 = LINE( '', #9486, #9487 );
#7258 = LINE( '', #9488, #9489 );
#7259 = LINE( '', #9490, #9491 );
#7260 = VERTEX_POINT( '', #9492 );
#7261 = LINE( '', #9493, #9494 );
#7262 = VERTEX_POINT( '', #9495 );
#7263 = LINE( '', #9496, #9497 );
#7264 = LINE( '', #9498, #9499 );
#7265 = VERTEX_POINT( '', #9500 );
#7266 = LINE( '', #9501, #9502 );
#7267 = LINE( '', #9503, #9504 );
#7268 = VERTEX_POINT( '', #9505 );
#7269 = LINE( '', #9506, #9507 );
#7270 = LINE( '', #9508, #9509 );
#7271 = LINE( '', #9510, #9511 );
#7272 = LINE( '', #9512, #9513 );
#7273 = LINE( '', #9514, #9515 );
#7274 = LINE( '', #9516, #9517 );
#7275 = LINE( '', #9518, #9519 );
#7276 = LINE( '', #9520, #9521 );
#7277 = VERTEX_POINT( '', #9522 );
#7278 = LINE( '', #9523, #9524 );
#7279 = LINE( '', #9525, #9526 );
#7280 = LINE( '', #9527, #9528 );
#7281 = LINE( '', #9529, #9530 );
#7282 = LINE( '', #9531, #9532 );
#7283 = VERTEX_POINT( '', #9533 );
#7284 = CIRCLE( '', #9534, 5.00000000000000E-005 );
#7285 = CIRCLE( '', #9535, 5.00000000000000E-005 );
#7286 = VERTEX_POINT( '', #9536 );
#7287 = LINE( '', #9537, #9538 );
#7288 = VERTEX_POINT( '', #9539 );
#7289 = LINE( '', #9540, #9541 );
#7290 = LINE( '', #9542, #9543 );
#7291 = B_SPLINE_CURVE_WITH_KNOTS( '', 3, ( #9544, #9545, #9546, #9547 ), .UNSPECIFIED., .F., .F., ( 4, 4 ), ( 0.000000000000000, 1.00000000000000 ), .UNSPECIFIED. );
#7292 = VERTEX_POINT( '', #9548 );
#7293 = B_SPLINE_CURVE_WITH_KNOTS( '', 3, ( #9549, #9550, #9551, #9552 ), .UNSPECIFIED., .F., .F., ( 4, 4 ), ( 0.000000000000000, 1.00000000000000 ), .UNSPECIFIED. );
#7294 = LINE( '', #9553, #9554 );
#7295 = VERTEX_POINT( '', #9555 );
#7296 = VERTEX_POINT( '', #9556 );
#7297 = LINE( '', #9557, #9558 );
#7298 = LINE( '', #9559, #9560 );
#7299 = LINE( '', #9561, #9562 );
#7300 = VERTEX_POINT( '', #9563 );
#7301 = VERTEX_POINT( '', #9564 );
#7302 = LINE( '', #9565, #9566 );
#7303 = LINE( '', #9567, #9568 );
#7304 = LINE( '', #9569, #9570 );
#7305 = LINE( '', #9571, #9572 );
#7306 = VERTEX_POINT( '', #9573 );
#7307 = LINE( '', #9574, #9575 );
#7308 = VERTEX_POINT( '', #9576 );
#7309 = LINE( '', #9577, #9578 );
#7310 = LINE( '', #9579, #9580 );
#7311 = VERTEX_POINT( '', #9581 );
#7312 = LINE( '', #9582, #9583 );
#7313 = LINE( '', #9584, #9585 );
#7314 = VERTEX_POINT( '', #9586 );
#7315 = LINE( '', #9587, #9588 );
#7316 = VERTEX_POINT( '', #9589 );
#7317 = LINE( '', #9590, #9591 );
#7318 = LINE( '', #9592, #9593 );
#7319 = VERTEX_POINT( '', #9594 );
#7320 = LINE( '', #9595, #9596 );
#7321 = VERTEX_POINT( '', #9597 );
#7322 = LINE( '', #9598, #9599 );
#7323 = LINE( '', #9600, #9601 );
#7324 = VERTEX_POINT( '', #9602 );
#7325 = LINE( '', #9603, #9604 );
#7326 = VERTEX_POINT( '', #9605 );
#7327 = LINE( '', #9606, #9607 );
#7328 = VERTEX_POINT( '', #9608 );
#7329 = LINE( '', #9609, #9610 );
#7330 = LINE( '', #9611, #9612 );
#7331 = VERTEX_POINT( '', #9613 );
#7332 = B_SPLINE_CURVE_WITH_KNOTS( '', 3, ( #9614, #9615, #9616, #9617, #9618, #9619, #9620, #9621, #9622, #9623, #9624, #9625, #9626, #9627, #9628 ), .UNSPECIFIED., .F., .F., ( 4, 1, 1, 1, 1, 1, 1, 1, 1, 1, 1, 1, 4 ), ( 0.000000000000000, 0.0833333333333300, 0.166666666666700, 0.250000000000000, 0.333333333333300, 0.416666666666700, 0.500000000000000, 0.583333333333300, 0.666666666666700, 0.750000000000000, 0.833333333333300, 0.916666666666700, 1.00000000000000 ), .UNSPECIFIED. );
#7333 = B_SPLINE_CURVE_WITH_KNOTS( '', 3, ( #9629, #9630, #9631, #9632 ), .UNSPECIFIED., .F., .F., ( 4, 4 ), ( 0.000000000000000, 1.00000000000000 ), .UNSPECIFIED. );
#7334 = LINE( '', #9633, #9634 );
#7335 = LINE( '', #9635, #9636 );
#7336 = CIRCLE( '', #9637, 0.000150000000000000 );
#7337 = VERTEX_POINT( '', #9638 );
#7338 = CIRCLE( '', #9639, 0.000100000000000000 );
#7339 = B_SPLINE_CURVE_WITH_KNOTS( '', 3, ( #9640, #9641, #9642, #9643, #9644, #9645, #9646, #9647, #9648, #9649, #9650, #9651, #9652, #9653, #9654 ), .UNSPECIFIED., .F., .F., ( 4, 1, 1, 1, 1, 1, 1, 1, 1, 1, 1, 1, 4 ), ( 0.000000000000000, 0.0833333333333300, 0.166666666666700, 0.250000000000000, 0.333333333333300, 0.416666666666700, 0.500000000000000, 0.583333333333300, 0.666666666666700, 0.750000000000000, 0.833333333333300, 0.916666666666700, 1.00000000000000 ), .UNSPECIFIED. );
#7340 = LINE( '', #9655, #9656 );
#7341 = LINE( '', #9657, #9658 );
#7342 = LINE( '', #9659, #9660 );
#7343 = VERTEX_POINT( '', #9661 );
#7344 = LINE( '', #9662, #9663 );
#7345 = VERTEX_POINT( '', #9664 );
#7346 = LINE( '', #9665, #9666 );
#7347 = LINE( '', #9667, #9668 );
#7348 = VERTEX_POINT( '', #9669 );
#7349 = VERTEX_POINT( '', #9670 );
#7350 = LINE( '', #9671, #9672 );
#7351 = LINE( '', #9673, #9674 );
#7352 = LINE( '', #9675, #9676 );
#7353 = VERTEX_POINT( '', #9677 );
#7354 = LINE( '', #9678, #9679 );
#7355 = CIRCLE( '', #9680, 0.000200000000000000 );
#7356 = VERTEX_POINT( '', #9681 );
#7357 = LINE( '', #9682, #9683 );
#7358 = VERTEX_POINT( '', #9684 );
#7359 = CIRCLE( '', #9685, 5.00000000000000E-005 );
#7360 = LINE( '', #9686, #9687 );
#7361 = VERTEX_POINT( '', #9688 );
#7362 = LINE( '', #9689, #9690 );
#7363 = CIRCLE( '', #9691, 0.000900000000000000 );
#7364 = LINE( '', #9692, #9693 );
#7365 = LINE( '', #9694, #9695 );
#7366 = B_SPLINE_CURVE_WITH_KNOTS( '', 3, ( #9696, #9697, #9698, #9699, #9700, #9701, #9702, #9703, #9704, #9705, #9706, #9707, #9708, #9709, #9710 ), .UNSPECIFIED., .F., .F., ( 4, 1, 1, 1, 1, 1, 1, 1, 1, 1, 1, 1, 4 ), ( 0.000000000000000, 0.0833333333333300, 0.166666666666700, 0.250000000000000, 0.333333333333300, 0.416666666666700, 0.500000000000000, 0.583333333333300, 0.666666666666700, 0.750000000000000, 0.833333333333300, 0.916666666666700, 1.00000000000000 ), .UNSPECIFIED. );
#7367 = VERTEX_POINT( '', #9711 );
#7368 = LINE( '', #9712, #9713 );
#7369 = VERTEX_POINT( '', #9714 );
#7370 = LINE( '', #9715, #9716 );
#7371 = LINE( '', #9717, #9718 );
#7372 = B_SPLINE_CURVE_WITH_KNOTS( '', 3, ( #9719, #9720, #9721, #9722, #9723, #9724, #9725, #9726, #9727, #9728, #9729, #9730, #9731, #9732, #9733 ), .UNSPECIFIED., .F., .F., ( 4, 1, 1, 1, 1, 1, 1, 1, 1, 1, 1, 1, 4 ), ( 0.000000000000000, 0.0833333333333300, 0.166666666666700, 0.250000000000000, 0.333333333333300, 0.416666666666700, 0.500000000000000, 0.583333333333300, 0.666666666666700, 0.750000000000000, 0.833333333333300, 0.916666666666700, 1.00000000000000 ), .UNSPECIFIED. );
#7373 = LINE( '', #9734, #9735 );
#7374 = CIRCLE( '', #9736, 5.00000000000000E-005 );
#7375 = LINE( '', #9737, #9738 );
#7376 = VERTEX_POINT( '', #9739 );
#7377 = LINE( '', #9740, #9741 );
#7378 = LINE( '', #9742, #9743 );
#7379 = VERTEX_POINT( '', #9744 );
#7380 = LINE( '', #9745, #9746 );
#7381 = VERTEX_POINT( '', #9747 );
#7382 = LINE( '', #9748, #9749 );
#7383 = LINE( '', #9750, #9751 );
#7384 = LINE( '', #9752, #9753 );
#7385 = LINE( '', #9754, #9755 );
#7386 = VERTEX_POINT( '', #9756 );
#7387 = VERTEX_POINT( '', #9757 );
#7388 = LINE( '', #9758, #9759 );
#7389 = VERTEX_POINT( '', #9760 );
#7390 = LINE( '', #9761, #9762 );
#7391 = VERTEX_POINT( '', #9763 );
#7392 = LINE( '', #9764, #9765 );
#7393 = LINE( '', #9766, #9767 );
#7394 = VERTEX_POINT( '', #9768 );
#7395 = VERTEX_POINT( '', #9769 );
#7396 = LINE( '', #9770, #9771 );
#7397 = LINE( '', #9772, #9773 );
#7398 = LINE( '', #9774, #9775 );
#7399 = VERTEX_POINT( '', #9776 );
#7400 = LINE( '', #9777, #9778 );
#7401 = VERTEX_POINT( '', #9779 );
#7402 = LINE( '', #9780, #9781 );
#7403 = LINE( '', #9782, #9783 );
#7404 = VERTEX_POINT( '', #9784 );
#7405 = VERTEX_POINT( '', #9785 );
#7406 = LINE( '', #9786, #9787 );
#7407 = LINE( '', #9788, #9789 );
#7408 = LINE( '', #9790, #9791 );
#7409 = VERTEX_POINT( '', #9792 );
#7410 = VERTEX_POINT( '', #9793 );
#7411 = LINE( '', #9794, #9795 );
#7412 = LINE( '', #9796, #9797 );
#7413 = LINE( '', #9798, #9799 );
#7414 = LINE( '', #9800, #9801 );
#7415 = LINE( '', #9802, #9803 );
#7416 = VERTEX_POINT( '', #9804 );
#7417 = CIRCLE( '', #9805, 5.00000000000000E-005 );
#7418 = VERTEX_POINT( '', #9806 );
#7419 = LINE( '', #9807, #9808 );
#7420 = CIRCLE( '', #9809, 5.00000000000000E-005 );
#7421 = LINE( '', #9810, #9811 );
#7422 = LINE( '', #9812, #9813 );
#7423 = VERTEX_POINT( '', #9814 );
#7424 = CIRCLE( '', #9815, 0.000300000000000000 );
#7425 = VERTEX_POINT( '', #9816 );
#7426 = LINE( '', #9817, #9818 );
#7427 = LINE( '', #9819, #9820 );
#7428 = CIRCLE( '', #9821, 0.000900000000000000 );
#7429 = VERTEX_POINT( '', #9822 );
#7430 = LINE( '', #9823, #9824 );
#7431 = LINE( '', #9825, #9826 );
#7432 = VERTEX_POINT( '', #9827 );
#7433 = LINE( '', #9828, #9829 );
#7434 = LINE( '', #9830, #9831 );
#7435 = VERTEX_POINT( '', #9832 );
#7436 = LINE( '', #9833, #9834 );
#7437 = VERTEX_POINT( '', #9835 );
#7438 = LINE( '', #9836, #9837 );
#7439 = LINE( '', #9838, #9839 );
#7440 = VERTEX_POINT( '', #9840 );
#7441 = LINE( '', #9841, #9842 );
#7442 = LINE( '', #9843, #9844 );
#7443 = VERTEX_POINT( '', #9845 );
#7444 = LINE( '', #9846, #9847 );
#7445 = VERTEX_POINT( '', #9848 );
#7446 = LINE( '', #9849, #9850 );
#7447 = LINE( '', #9851, #9852 );
#7448 = LINE( '', #9853, #9854 );
#7449 = LINE( '', #9855, #9856 );
#7450 = LINE( '', #9857, #9858 );
#7451 = LINE( '', #9859, #9860 );
#7452 = VERTEX_POINT( '', #9861 );
#7453 = LINE( '', #9862, #9863 );
#7454 = VERTEX_POINT( '', #9864 );
#7455 = LINE( '', #9865, #9866 );
#7456 = VERTEX_POINT( '', #9867 );
#7457 = LINE( '', #9868, #9869 );
#7458 = VERTEX_POINT( '', #9870 );
#7459 = LINE( '', #9871, #9872 );
#7460 = VERTEX_POINT( '', #9873 );
#7461 = LINE( '', #9874, #9875 );
#7462 = VERTEX_POINT( '', #9876 );
#7463 = LINE( '', #9877, #9878 );
#7464 = VERTEX_POINT( '', #9879 );
#7465 = LINE( '', #9880, #9881 );
#7466 = LINE( '', #9882, #9883 );
#7467 = VERTEX_POINT( '', #9884 );
#7468 = LINE( '', #9885, #9886 );
#7469 = LINE( '', #9887, #9888 );
#7470 = VERTEX_POINT( '', #9889 );
#7471 = LINE( '', #9890, #9891 );
#7472 = CIRCLE( '', #9892, 0.000150000000000000 );
#7473 = LINE( '', #9893, #9894 );
#7474 = LINE( '', #9895, #9896 );
#7475 = VERTEX_POINT( '', #9897 );
#7476 = CIRCLE( '', #9898, 0.000242693221990200 );
#7477 = VERTEX_POINT( '', #9899 );
#7478 = VERTEX_POINT( '', #9900 );
#7479 = LINE( '', #9901, #9902 );
#7480 = LINE( '', #9903, #9904 );
#7481 = VERTEX_POINT( '', #9905 );
#7482 = LINE( '', #9906, #9907 );
#7483 = LINE( '', #9908, #9909 );
#7484 = VERTEX_POINT( '', #9910 );
#7485 = LINE( '', #9911, #9912 );
#7486 = B_SPLINE_CURVE_WITH_KNOTS( '', 3, ( #9913, #9914, #9915, #9916 ), .UNSPECIFIED., .F., .F., ( 4, 4 ), ( 0.000000000000000, 1.00000000000000 ), .UNSPECIFIED. );
#7487 = CIRCLE( '', #9917, 0.000150000000000000 );
#7488 = VERTEX_POINT( '', #9918 );
#7489 = LINE( '', #9919, #9920 );
#7490 = LINE( '', #9921, #9922 );
#7491 = VERTEX_POINT( '', #9923 );
#7492 = CIRCLE( '', #9924, 5.00000000000000E-005 );
#7493 = LINE( '', #9925, #9926 );
#7494 = LINE( '', #9927, #9928 );
#7495 = CIRCLE( '', #9929, 5.00000000000000E-005 );
#7496 = CIRCLE( '', #9930, 0.000100000000000000 );
#7497 = VERTEX_POINT( '', #9931 );
#7498 = LINE( '', #9932, #9933 );
#7499 = LINE( '', #9934, #9935 );
#7500 = VERTEX_POINT( '', #9936 );
#7501 = LINE( '', #9937, #9938 );
#7502 = VERTEX_POINT( '', #9939 );
#7503 = LINE( '', #9940, #9941 );
#7504 = VERTEX_POINT( '', #9942 );
#7505 = LINE( '', #9943, #9944 );
#7506 = VERTEX_POINT( '', #9945 );
#7507 = LINE( '', #9946, #9947 );
#7508 = VERTEX_POINT( '', #9948 );
#7509 = LINE( '', #9949, #9950 );
#7510 = VERTEX_POINT( '', #9951 );
#7511 = LINE( '', #9952, #9953 );
#7512 = VERTEX_POINT( '', #9954 );
#7513 = LINE( '', #9955, #9956 );
#7514 = LINE( '', #9957, #9958 );
#7515 = LINE( '', #9959, #9960 );
#7516 = LINE( '', #9961, #9962 );
#7517 = LINE( '', #9963, #9964 );
#7518 = LINE( '', #9965, #9966 );
#7519 = VERTEX_POINT( '', #9967 );
#7520 = LINE( '', #9968, #9969 );
#7521 = LINE( '', #9970, #9971 );
#7522 = LINE( '', #9972, #9973 );
#7523 = LINE( '', #9974, #9975 );
#7524 = VERTEX_POINT( '', #9976 );
#7525 = LINE( '', #9977, #9978 );
#7526 = LINE( '', #9979, #9980 );
#7527 = LINE( '', #9981, #9982 );
#7528 = LINE( '', #9983, #9984 );
#7529 = B_SPLINE_CURVE_WITH_KNOTS( '', 3, ( #9985, #9986, #9987, #9988 ), .UNSPECIFIED., .F., .F., ( 4, 4 ), ( 0.000000000000000, 1.00000000000000 ), .UNSPECIFIED. );
#7530 = LINE( '', #9989, #9990 );
#7531 = VERTEX_POINT( '', #9991 );
#7532 = VERTEX_POINT( '', #9992 );
#7533 = LINE( '', #9993, #9994 );
#7534 = VERTEX_POINT( '', #9995 );
#7535 = LINE( '', #9996, #9997 );
#7536 = VERTEX_POINT( '', #9998 );
#7537 = B_SPLINE_CURVE_WITH_KNOTS( '', 2, ( #9999, #10000, #10001, #10002, #10003 ), .UNSPECIFIED., .F., .F., ( 3, 2, 3 ), ( 0.000000000000000, 0.500000000000000, 1.00000000000000 ), .UNSPECIFIED. );
#7538 = LINE( '', #10004, #10005 );
#7539 = LINE( '', #10006, #10007 );
#7540 = LINE( '', #10008, #10009 );
#7541 = LINE( '', #10010, #10011 );
#7542 = LINE( '', #10012, #10013 );
#7543 = VERTEX_POINT( '', #10014 );
#7544 = VERTEX_POINT( '', #10015 );
#7545 = CIRCLE( '', #10016, 5.00000000000000E-005 );
#7546 = VERTEX_POINT( '', #10017 );
#7547 = LINE( '', #10018, #10019 );
#7548 = LINE( '', #10020, #10021 );
#7549 = LINE( '', #10022, #10023 );
#7550 = VERTEX_POINT( '', #10024 );
#7551 = CIRCLE( '', #10025, 0.000150000000000000 );
#7552 = LINE( '', #10026, #10027 );
#7553 = LINE( '', #10028, #10029 );
#7554 = LINE( '', #10030, #10031 );
#7555 = LINE( '', #10032, #10033 );
#7556 = LINE( '', #10034, #10035 );
#7557 = CIRCLE( '', #10036, 5.00000000000000E-005 );
#7558 = B_SPLINE_CURVE_WITH_KNOTS( '', 3, ( #10037, #10038, #10039, #10040, #10041, #10042, #10043, #10044, #10045, #10046, #10047, #10048, #10049 ), .UNSPECIFIED., .F., .F., ( 4, 1, 1, 1, 1, 1, 1, 1, 1, 1, 4 ), ( 0.000000000000000, 0.100000000000000, 0.200000000000000, 0.300000000000000, 0.400000000000000, 0.500000000000000, 0.600000000000000, 0.700000000000000, 0.800000000000000, 0.900000000000000, 1.00000000000000 ), .UNSPECIFIED. );
#7559 = LINE( '', #10050, #10051 );
#7560 = LINE( '', #10052, #10053 );
#7561 = LINE( '', #10054, #10055 );
#7562 = VERTEX_POINT( '', #10056 );
#7563 = LINE( '', #10057, #10058 );
#7564 = LINE( '', #10059, #10060 );
#7565 = CIRCLE( '', #10061, 5.00000000000000E-005 );
#7566 = LINE( '', #10062, #10063 );
#7567 = LINE( '', #10064, #10065 );
#7568 = LINE( '', #10066, #10067 );
#7569 = VERTEX_POINT( '', #10068 );
#7570 = LINE( '', #10069, #10070 );
#7571 = LINE( '', #10071, #10072 );
#7572 = LINE( '', #10073, #10074 );
#7573 = LINE( '', #10075, #10076 );
#7574 = LINE( '', #10077, #10078 );
#7575 = LINE( '', #10079, #10080 );
#7576 = VERTEX_POINT( '', #10081 );
#7577 = LINE( '', #10082, #10083 );
#7578 = VERTEX_POINT( '', #10084 );
#7579 = LINE( '', #10085, #10086 );
#7580 = LINE( '', #10087, #10088 );
#7581 = LINE( '', #10089, #10090 );
#7582 = LINE( '', #10091, #10092 );
#7583 = VERTEX_POINT( '', #10093 );
#7584 = LINE( '', #10094, #10095 );
#7585 = LINE( '', #10096, #10097 );
#7586 = VERTEX_POINT( '', #10098 );
#7587 = LINE( '', #10099, #10100 );
#7588 = CIRCLE( '', #10101, 0.000200000000000000 );
#7589 = LINE( '', #10102, #10103 );
#7590 = LINE( '', #10104, #10105 );
#7591 = LINE( '', #10106, #10107 );
#7592 = LINE( '', #10108, #10109 );
#7593 = LINE( '', #10110, #10111 );
#7594 = LINE( '', #10112, #10113 );
#7595 = LINE( '', #10114, #10115 );
#7596 = LINE( '', #10116, #10117 );
#7597 = LINE( '', #10118, #10119 );
#7598 = LINE( '', #10120, #10121 );
#7599 = LINE( '', #10122, #10123 );
#7600 = VERTEX_POINT( '', #10124 );
#7601 = LINE( '', #10125, #10126 );
#7602 = LINE( '', #10127, #10128 );
#7603 = LINE( '', #10129, #10130 );
#7604 = LINE( '', #10131, #10132 );
#7605 = CIRCLE( '', #10133, 0.000200000000000000 );
#7606 = LINE( '', #10134, #10135 );
#7607 = LINE( '', #10136, #10137 );
#7608 = LINE( '', #10138, #10139 );
#7609 = VERTEX_POINT( '', #10140 );
#7610 = CIRCLE( '', #10141, 0.000300000000000000 );
#7611 = VERTEX_POINT( '', #10142 );
#7612 = LINE( '', #10143, #10144 );
#7613 = CIRCLE( '', #10145, 0.000300000000000000 );
#7614 = VERTEX_POINT( '', #10146 );
#7615 = CIRCLE( '', #10147, 0.000300000000000000 );
#7616 = LINE( '', #10148, #10149 );
#7617 = LINE( '', #10150, #10151 );
#7618 = B_SPLINE_CURVE_WITH_KNOTS( '', 3, ( #10152, #10153, #10154, #10155, #10156, #10157, #10158, #10159, #10160, #10161, #10162, #10163, #10164 ), .UNSPECIFIED., .F., .F., ( 4, 1, 1, 1, 1, 1, 1, 1, 1, 1, 4 ), ( 0.000000000000000, 0.100000000000000, 0.200000000000000, 0.300000000000000, 0.400000000000000, 0.500000000000000, 0.600000000000000, 0.700000000000000, 0.800000000000000, 0.900000000000000, 1.00000000000000 ), .UNSPECIFIED. );
#7619 = CIRCLE( '', #10165, 0.000100000000000000 );
#7620 = CIRCLE( '', #10166, 5.00000000000000E-005 );
#7621 = B_SPLINE_CURVE_WITH_KNOTS( '', 3, ( #10167, #10168, #10169, #10170, #10171, #10172, #10173, #10174, #10175, #10176, #10177 ), .UNSPECIFIED., .F., .F., ( 4, 1, 1, 1, 1, 1, 1, 1, 4 ), ( 0.000000000000000, 0.125000000000000, 0.250000000000000, 0.375000000000000, 0.500000000000000, 0.625000000000000, 0.750000000000000, 0.875000000000000, 1.00000000000000 ), .UNSPECIFIED. );
#7622 = B_SPLINE_CURVE_WITH_KNOTS( '', 3, ( #10178, #10179, #10180, #10181, #10182, #10183, #10184, #10185, #10186, #10187, #10188, #10189, #10190, #10191, #10192, #10193 ), .UNSPECIFIED., .F., .F., ( 4, 1, 1, 1, 1, 1, 1, 1, 1, 1, 1, 1, 1, 4 ), ( 0.000000000000000, 0.0769230769230800, 0.153846153846200, 0.230769230769200, 0.307692307692300, 0.384615384615400, 0.461538461538500, 0.538461538461500, 0.615384615384600, 0.692307692307700, 0.769230769230800, 0.846153846153800, 0.923076923076900, 1.00000000000000 ), .UNSPECIFIED. );
#7623 = B_SPLINE_CURVE_WITH_KNOTS( '', 3, ( #10194, #10195, #10196, #10197, #10198, #10199, #10200, #10201, #10202, #10203 ), .UNSPECIFIED., .F., .F., ( 4, 1, 1, 1, 1, 1, 1, 4 ), ( 0.000000000000000, 0.142857142857100, 0.285714285714300, 0.428571428571400, 0.571428571428600, 0.714285714285700, 0.857142857142900, 1.00000000000000 ), .UNSPECIFIED. );
#7624 = LINE( '', #10204, #10205 );
#7625 = VERTEX_POINT( '', #10206 );
#7626 = LINE( '', #10207, #10208 );
#7627 = CIRCLE( '', #10209, 5.00000000000000E-005 );
#7628 = LINE( '', #10210, #10211 );
#7629 = VERTEX_POINT( '', #10212 );
#7630 = LINE( '', #10213, #10214 );
#7631 = LINE( '', #10215, #10216 );
#7632 = LINE( '', #10217, #10218 );
#7633 = LINE( '', #10219, #10220 );
#7634 = VERTEX_POINT( '', #10221 );
#7635 = LINE( '', #10222, #10223 );
#7636 = VERTEX_POINT( '', #10224 );
#7637 = LINE( '', #10225, #10226 );
#7638 = CIRCLE( '', #10227, 0.000150000000000000 );
#7639 = VERTEX_POINT( '', #10228 );
#7640 = CIRCLE( '', #10229, 0.000150000000000000 );
#7641 = LINE( '', #10230, #10231 );
#7642 = VERTEX_POINT( '', #10232 );
#7643 = LINE( '', #10233, #10234 );
#7644 = LINE( '', #10235, #10236 );
#7645 = LINE( '', #10237, #10238 );
#7646 = VERTEX_POINT( '', #10239 );
#7647 = LINE( '', #10240, #10241 );
#7648 = B_SPLINE_CURVE_WITH_KNOTS( '', 3, ( #10242, #10243, #10244, #10245 ), .UNSPECIFIED., .F., .F., ( 4, 4 ), ( 0.000000000000000, 1.00000000000000 ), .UNSPECIFIED. );
#7649 = CIRCLE( '', #10246, 0.000200000000000000 );
#7650 = CIRCLE( '', #10247, 5.00000000000000E-005 );
#7651 = CIRCLE( '', #10248, 5.00000000000000E-005 );
#7652 = CIRCLE( '', #10249, 5.00000000000000E-005 );
#7653 = CIRCLE( '', #10250, 5.00000000000000E-005 );
#7654 = CIRCLE( '', #10251, 5.00000000000000E-005 );
#7655 = VERTEX_POINT( '', #10252 );
#7656 = LINE( '', #10253, #10254 );
#7657 = LINE( '', #10255, #10256 );
#7658 = LINE( '', #10257, #10258 );
#7659 = LINE( '', #10259, #10260 );
#7660 = LINE( '', #10261, #10262 );
#7661 = VERTEX_POINT( '', #10263 );
#7662 = LINE( '', #10264, #10265 );
#7663 = CIRCLE( '', #10266, 0.000300000000000000 );
#7664 = VERTEX_POINT( '', #10267 );
#7665 = LINE( '', #10268, #10269 );
#7666 = LINE( '', #10270, #10271 );
#7667 = B_SPLINE_CURVE_WITH_KNOTS( '', 3, ( #10272, #10273, #10274, #10275, #10276, #10277, #10278 ), .UNSPECIFIED., .F., .F., ( 4, 1, 1, 1, 4 ), ( 0.000000000000000, 0.250000000000000, 0.500000000000000, 0.750000000000000, 1.00000000000000 ), .UNSPECIFIED. );
#7668 = LINE( '', #10279, #10280 );
#7669 = VERTEX_POINT( '', #10281 );
#7670 = LINE( '', #10282, #10283 );
#7671 = LINE( '', #10284, #10285 );
#7672 = LINE( '', #10286, #10287 );
#7673 = LINE( '', #10288, #10289 );
#7674 = LINE( '', #10290, #10291 );
#7675 = B_SPLINE_CURVE_WITH_KNOTS( '', 3, ( #10292, #10293, #10294, #10295, #10296, #10297, #10298, #10299, #10300, #10301, #10302, #10303, #10304, #10305, #10306 ), .UNSPECIFIED., .F., .F., ( 4, 1, 1, 1, 1, 1, 1, 1, 1, 1, 1, 1, 4 ), ( 0.000000000000000, 0.0833333333333300, 0.166666666666700, 0.250000000000000, 0.333333333333300, 0.416666666666700, 0.500000000000000, 0.583333333333300, 0.666666666666700, 0.750000000000000, 0.833333333333300, 0.916666666666700, 1.00000000000000 ), .UNSPECIFIED. );
#7676 = LINE( '', #10307, #10308 );
#7677 = CIRCLE( '', #10309, 5.00000000000000E-005 );
#7678 = VERTEX_POINT( '', #10310 );
#7679 = LINE( '', #10311, #10312 );
#7680 = LINE( '', #10313, #10314 );
#7681 = VERTEX_POINT( '', #10315 );
#7682 = LINE( '', #10316, #10317 );
#7683 = LINE( '', #10318, #10319 );
#7684 = LINE( '', #10320, #10321 );
#7685 = LINE( '', #10322, #10323 );
#7686 = VERTEX_POINT( '', #10324 );
#7687 = LINE( '', #10325, #10326 );
#7688 = LINE( '', #10327, #10328 );
#7689 = CIRCLE( '', #10329, 0.000300000000000000 );
#7690 = CIRCLE( '', #10330, 0.000300000000000000 );
#7691 = LINE( '', #10331, #10332 );
#7692 = LINE( '', #10333, #10334 );
#7693 = LINE( '', #10335, #10336 );
#7694 = LINE( '', #10337, #10338 );
#7695 = LINE( '', #10339, #10340 );
#7696 = LINE( '', #10341, #10342 );
#7697 = CIRCLE( '', #10343, 0.000150000000000000 );
#7698 = LINE( '', #10344, #10345 );
#7699 = LINE( '', #10346, #10347 );
#7700 = LINE( '', #10348, #10349 );
#7701 = LINE( '', #10350, #10351 );
#7702 = CIRCLE( '', #10352, 5.00000000000000E-005 );
#7703 = VERTEX_POINT( '', #10353 );
#7704 = CIRCLE( '', #10354, 0.000300000000000000 );
#7705 = LINE( '', #10355, #10356 );
#7706 = VERTEX_POINT( '', #10357 );
#7707 = LINE( '', #10358, #10359 );
#7708 = LINE( '', #10360, #10361 );
#7709 = CIRCLE( '', #10362, 0.000300000000000000 );
#7710 = LINE( '', #10363, #10364 );
#7711 = CIRCLE( '', #10365, 5.00000000000000E-005 );
#7712 = LINE( '', #10366, #10367 );
#7713 = LINE( '', #10368, #10369 );
#7714 = LINE( '', #10370, #10371 );
#7715 = CARTESIAN_POINT( '', ( 0.00180000000000000, 0.00132000000000000, 0.00139142135623700 ) );
#7716 = CARTESIAN_POINT( '', ( 0.00190000000000000, 0.00114679491924300, 0.00125000000000000 ) );
#7717 = CARTESIAN_POINT( '', ( 0.00180000000000000, 0.00132000000000000, 0.00139142135623700 ) );
#7718 = CARTESIAN_POINT( '', ( 0.00183857213623328, 0.00125319110028749, 0.00137778404668971 ) );
#7719 = CARTESIAN_POINT( '', ( 0.00186515113472127, 0.00120715492449200, 0.00134612604315407 ) );
#7720 = CARTESIAN_POINT( '', ( 0.00187936998559502, 0.00118252715235342, 0.00132919009910645 ) );
#7721 = CARTESIAN_POINT( '', ( 0.00188840160339822, 0.00116688393144374, 0.00130783594191160 ) );
#7722 = CARTESIAN_POINT( '', ( 0.00189982690643290, 0.00114709472609579, 0.00128082220834603 ) );
#7723 = CARTESIAN_POINT( '', ( 0.00190000000000005, 0.00114679491924303, 0.00125000000000000 ) );
#7724 = CARTESIAN_POINT( '', ( 0.00190000000000000, 0.00114679491924300, 0.000400000000000000 ) );
#7725 = CARTESIAN_POINT( '', ( 0.00190000000000000, 0.00114679491924300, 0.00125000000000000 ) );
#7726 = VECTOR( '', #10372, 1.00000000000000 );
#7727 = CARTESIAN_POINT( '', ( 0.00180000000000000, 0.00132000000000000, 0.000400000000000000 ) );
#7728 = CARTESIAN_POINT( '', ( 0.00180000000000000, 0.00132000000000000, 0.000400000000000000 ) );
#7729 = VECTOR( '', #10373, 1.00000000000000 );
#7730 = CARTESIAN_POINT( '', ( 0.00180000000000000, 0.00132000000000000, 0.000400000000000000 ) );
#7731 = VECTOR( '', #10374, 1.00000000000000 );
#7732 = CARTESIAN_POINT( '', ( 0.00175000000000000, 0.00132000000000000, 0.00140000000000000 ) );
#7733 = CARTESIAN_POINT( '', ( 0.00175000000000000, 0.000000000000000, 0.00140000000000000 ) );
#7734 = CARTESIAN_POINT( '', ( 0.00175000000000000, 0.00132000000000000, 0.00140000000000000 ) );
#7735 = VECTOR( '', #10375, 1.00000000000000 );
#7736 = CARTESIAN_POINT( '', ( 0.00190000000000000, 0.000000000000000, 0.00125000000000000 ) );
#7737 = AXIS2_PLACEMENT_3D( '', #10376, #10377, #10378 );
#7738 = CARTESIAN_POINT( '', ( 0.00190000000000000, 0.00114679491924300, 0.00125000000000000 ) );
#7739 = VECTOR( '', #10379, 1.00000000000000 );
#7740 = AXIS2_PLACEMENT_3D( '', #10380, #10381, #10382 );
#7741 = CARTESIAN_POINT( '', ( -0.000921617186745600, 0.00132000000000000, -0.00132429882378700 ) );
#7742 = CARTESIAN_POINT( '', ( -0.000921617186745600, 0.00142000000000000, -0.00132429882378700 ) );
#7743 = CARTESIAN_POINT( '', ( -0.000921617186745600, 0.00132000000000000, -0.00132429882378700 ) );
#7744 = VECTOR( '', #10383, 1.00000000000000 );
#7745 = CARTESIAN_POINT( '', ( -0.000773835423522700, 0.00142000000000000, -0.00120000000000000 ) );
#7746 = AXIS2_PLACEMENT_3D( '', #10384, #10385, #10386 );
#7747 = CARTESIAN_POINT( '', ( -0.000773835423522700, 0.00132000000000000, -0.00120000000000000 ) );
#7748 = CARTESIAN_POINT( '', ( -0.000773835423522700, 0.00132000000000000, -0.00120000000000000 ) );
#7749 = VECTOR( '', #10387, 1.00000000000000 );
#7750 = AXIS2_PLACEMENT_3D( '', #10388, #10389, #10390 );
#7751 = CARTESIAN_POINT( '', ( -0.00120000000000000, 0.00132000000000000, 0.00125000000000000 ) );
#7752 = CARTESIAN_POINT( '', ( -0.00120000000000000, 0.00142000000000000, 0.00125000000000000 ) );
#7753 = CARTESIAN_POINT( '', ( -0.00120000000000000, 0.00132000000000000, 0.00125000000000000 ) );
#7754 = VECTOR( '', #10391, 1.00000000000000 );
#7755 = CARTESIAN_POINT( '', ( -0.00135000000000000, 0.00142000000000000, 0.00140000000000000 ) );
#7756 = AXIS2_PLACEMENT_3D( '', #10392, #10393, #10394 );
#7757 = CARTESIAN_POINT( '', ( -0.00135000000000000, 0.00132000000000000, 0.00140000000000000 ) );
#7758 = CARTESIAN_POINT( '', ( -0.00135000000000000, 0.00132000000000000, 0.00140000000000000 ) );
#7759 = VECTOR( '', #10395, 1.00000000000000 );
#7760 = AXIS2_PLACEMENT_3D( '', #10396, #10397, #10398 );
#7761 = CARTESIAN_POINT( '', ( -0.00211436008007700, 0.000501183971594900, 0.000344868680504400 ) );
#7762 = CARTESIAN_POINT( '', ( -0.00212401104997300, 0.000480487399863500, 0.000459673710213900 ) );
#7763 = AXIS2_PLACEMENT_3D( '', #10399, #10400, #10401 );
#7764 = CARTESIAN_POINT( '', ( -0.00202372930137300, 0.000458922145420800, 0.000344868680504400 ) );
#7765 = CARTESIAN_POINT( '', ( -0.00211436008007700, 0.000501183971594900, 0.000344868680504400 ) );
#7766 = VECTOR( '', #10402, 1.00000000000000 );
#7767 = CARTESIAN_POINT( '', ( -0.00203338027126900, 0.000438225573689400, 0.000459673710213900 ) );
#7768 = AXIS2_PLACEMENT_3D( '', #10403, #10404, #10405 );
#7769 = CARTESIAN_POINT( '', ( -0.00212401104997300, 0.000480487399863500, 0.000459673710213900 ) );
#7770 = VECTOR( '', #10406, 1.00000000000000 );
#7771 = CARTESIAN_POINT( '', ( -0.000514575131106500, 0.00132000000000000, 0.00125000000000000 ) );
#7772 = CARTESIAN_POINT( '', ( -0.000514575131106500, 0.00142000000000000, 0.00125000000000000 ) );
#7773 = CARTESIAN_POINT( '', ( -0.000514575131106500, 0.00132000000000000, 0.00125000000000000 ) );
#7774 = VECTOR( '', #10407, 1.00000000000000 );
#7775 = CARTESIAN_POINT( '', ( -0.000514575131106500, 0.00142000000000000, 0.00125000000000000 ) );
#7776 = VECTOR( '', #10408, 1.00000000000000 );
#7777 = CARTESIAN_POINT( '', ( -0.000514575131106500, 0.00132000000000000, 0.00125000000000000 ) );
#7778 = VECTOR( '', #10409, 1.00000000000000 );
#7779 = CARTESIAN_POINT( '', ( 0.000822480675644900, 3.00000000000000E-005, -0.000230851067602600 ) );
#7780 = CARTESIAN_POINT( '', ( 0.000822480675644900, 1.00000000000000E-005, -0.000230851067602600 ) );
#7781 = CARTESIAN_POINT( '', ( 0.000822480675644900, 3.00000000000000E-005, -0.000230851067602600 ) );
#7782 = VECTOR( '', #10410, 1.00000000000000 );
#7783 = CARTESIAN_POINT( '', ( 0.000798438262413600, 1.00000000000000E-005, -0.000290425533801300 ) );
#7784 = CARTESIAN_POINT( '', ( 0.000798438262413600, 1.00000000000000E-005, -0.000290425533801300 ) );
#7785 = VECTOR( '', #10411, 1.00000000000000 );
#7786 = CARTESIAN_POINT( '', ( 0.000798438262413600, 3.00000000000000E-005, -0.000290425533801300 ) );
#7787 = CARTESIAN_POINT( '', ( 0.000798438262413600, 3.00000000000000E-005, -0.000290425533801300 ) );
#7788 = VECTOR( '', #10412, 1.00000000000000 );
#7789 = CARTESIAN_POINT( '', ( 0.000798438262413600, 3.00000000000000E-005, -0.000290425533801300 ) );
#7790 = VECTOR( '', #10413, 1.00000000000000 );
#7791 = CARTESIAN_POINT( '', ( 0.000758367588980600, 3.00000000000000E-005, -0.000335106383450300 ) );
#7792 = CARTESIAN_POINT( '', ( 0.000758367588980600, 1.00000000000000E-005, -0.000335106383450300 ) );
#7793 = CARTESIAN_POINT( '', ( 0.000758367588980600, 3.00000000000000E-005, -0.000335106383450300 ) );
#7794 = VECTOR( '', #10414, 1.00000000000000 );
#7795 = CARTESIAN_POINT( '', ( 0.000718296892618900, 1.00000000000000E-005, -0.000350000000000000 ) );
#7796 = CARTESIAN_POINT( '', ( 0.000718296892618900, 1.00000000000000E-005, -0.000350000000000000 ) );
#7797 = VECTOR( '', #10415, 1.00000000000000 );
#7798 = CARTESIAN_POINT( '', ( 0.000718296892618900, 3.00000000000000E-005, -0.000350000000000000 ) );
#7799 = CARTESIAN_POINT( '', ( 0.000718296892618900, 3.00000000000000E-005, -0.000350000000000000 ) );
#7800 = VECTOR( '', #10416, 1.00000000000000 );
#7801 = CARTESIAN_POINT( '', ( 0.000718296892618900, 3.00000000000000E-005, -0.000350000000000000 ) );
#7802 = VECTOR( '', #10417, 1.00000000000000 );
#7803 = CARTESIAN_POINT( '', ( -0.00207408646812100, 0.000587551011147300, -0.000114805029709500 ) );
#7804 = CARTESIAN_POINT( '', ( -0.00207408646812100, 0.000587551011147300, 0.000114805029709500 ) );
#7805 = AXIS2_PLACEMENT_3D( '', #10418, #10419, #10420 );
#7806 = CARTESIAN_POINT( '', ( -0.00198345568941800, 0.000545289184973200, -0.000114805029709500 ) );
#7807 = CARTESIAN_POINT( '', ( -0.00198345568941800, 0.000545289184973200, -0.000114805029709500 ) );
#7808 = VECTOR( '', #10421, 1.00000000000000 );
#7809 = CARTESIAN_POINT( '', ( -0.00198345568941800, 0.000545289184973200, 0.000114805029709500 ) );
#7810 = AXIS2_PLACEMENT_3D( '', #10422, #10423, #10424 );
#7811 = CARTESIAN_POINT( '', ( -0.00198345568941800, 0.000545289184973200, 0.000114805029709500 ) );
#7812 = VECTOR( '', #10425, 1.00000000000000 );
#7813 = CARTESIAN_POINT( '', ( -0.000551561737586400, 3.00000000000000E-005, 0.000305319154262500 ) );
#7814 = CARTESIAN_POINT( '', ( -0.000551561737586400, 1.00000000000000E-005, 0.000305319154262500 ) );
#7815 = CARTESIAN_POINT( '', ( -0.000551561737586400, 3.00000000000000E-005, 0.000305319154262500 ) );
#7816 = VECTOR( '', #10426, 1.00000000000000 );
#7817 = CARTESIAN_POINT( '', ( -0.000519505171325600, 1.00000000000000E-005, 0.000245744693279300 ) );
#7818 = CARTESIAN_POINT( '', ( -0.000519505171325600, 1.00000000000000E-005, 0.000245744693279300 ) );
#7819 = VECTOR( '', #10427, 1.00000000000000 );
#7820 = CARTESIAN_POINT( '', ( -0.000519505171325600, 3.00000000000000E-005, 0.000245744693279300 ) );
#7821 = CARTESIAN_POINT( '', ( -0.000519505171325600, 3.00000000000000E-005, 0.000245744693279300 ) );
#7822 = VECTOR( '', #10428, 1.00000000000000 );
#7823 = CARTESIAN_POINT( '', ( -0.000519505171325600, 3.00000000000000E-005, 0.000245744693279300 ) );
#7824 = VECTOR( '', #10429, 1.00000000000000 );
#7825 = CARTESIAN_POINT( '', ( 0.000598084826462500, 3.00000000000000E-005, 0.000290425539016700 ) );
#7826 = CARTESIAN_POINT( '', ( 0.000598084826462500, 1.00000000000000E-005, 0.000290425539016700 ) );
#7827 = CARTESIAN_POINT( '', ( 0.000598084826462500, 3.00000000000000E-005, 0.000290425539016700 ) );
#7828 = VECTOR( '', #10430, 1.00000000000000 );
#7829 = CARTESIAN_POINT( '', ( 0.000638155517092000, 1.00000000000000E-005, 0.000335106384754200 ) );
#7830 = CARTESIAN_POINT( '', ( 0.000638155517092000, 1.00000000000000E-005, 0.000335106384754200 ) );
#7831 = VECTOR( '', #10431, 1.00000000000000 );
#7832 = CARTESIAN_POINT( '', ( 0.000638155517092000, 3.00000000000000E-005, 0.000335106384754200 ) );
#7833 = CARTESIAN_POINT( '', ( 0.000638155517092000, 3.00000000000000E-005, 0.000335106384754200 ) );
#7834 = VECTOR( '', #10432, 1.00000000000000 );
#7835 = CARTESIAN_POINT( '', ( 0.000638155517092000, 3.00000000000000E-005, 0.000335106384754200 ) );
#7836 = VECTOR( '', #10433, 1.00000000000000 );
#7837 = CARTESIAN_POINT( '', ( 0.000678226207721600, 1.00000000000000E-005, 0.000350000000000000 ) );
#7838 = CARTESIAN_POINT( '', ( 0.000678226207721600, 1.00000000000000E-005, 0.000350000000000000 ) );
#7839 = VECTOR( '', #10434, 1.00000000000000 );
#7840 = CARTESIAN_POINT( '', ( 0.000678226207721600, 3.00000000000000E-005, 0.000350000000000000 ) );
#7841 = CARTESIAN_POINT( '', ( 0.000678226207721600, 3.00000000000000E-005, 0.000350000000000000 ) );
#7842 = VECTOR( '', #10435, 1.00000000000000 );
#7843 = CARTESIAN_POINT( '', ( 0.000678226207721600, 3.00000000000000E-005, 0.000350000000000000 ) );
#7844 = VECTOR( '', #10436, 1.00000000000000 );
#7845 = CARTESIAN_POINT( '', ( 0.000814466545544000, 3.00000000000000E-005, 0.000230851078033400 ) );
#7846 = CARTESIAN_POINT( '', ( 0.000814466545544000, 1.00000000000000E-005, 0.000230851078033400 ) );
#7847 = CARTESIAN_POINT( '', ( 0.000814466545544000, 3.00000000000000E-005, 0.000230851078033400 ) );
#7848 = VECTOR( '', #10437, 1.00000000000000 );
#7849 = CARTESIAN_POINT( '', ( 0.000822480675644900, 1.00000000000000E-005, 0.000186170232296000 ) );
#7850 = CARTESIAN_POINT( '', ( 0.000822480675644900, 1.00000000000000E-005, 0.000186170232296000 ) );
#7851 = VECTOR( '', #10438, 1.00000000000000 );
#7852 = CARTESIAN_POINT( '', ( 0.000822480675644900, 3.00000000000000E-005, 0.000186170232296000 ) );
#7853 = CARTESIAN_POINT( '', ( 0.000822480675644900, 3.00000000000000E-005, 0.000186170232296000 ) );
#7854 = VECTOR( '', #10439, 1.00000000000000 );
#7855 = CARTESIAN_POINT( '', ( 0.000822480675644900, 3.00000000000000E-005, 0.000186170232296000 ) );
#7856 = VECTOR( '', #10440, 1.00000000000000 );
#7857 = CARTESIAN_POINT( '', ( 0.000590070687763400, 3.00000000000000E-005, 5.21276533603700E-005 ) );
#7858 = CARTESIAN_POINT( '', ( 0.000590070687763400, 1.00000000000000E-005, 5.21276533603700E-005 ) );
#7859 = CARTESIAN_POINT( '', ( 0.000590070687763400, 3.00000000000000E-005, 5.21276533603700E-005 ) );
#7860 = VECTOR( '', #10441, 1.00000000000000 );
#7861 = CARTESIAN_POINT( '', ( 0.000590070687763400, 1.00000000000000E-005, 2.23404228687300E-005 ) );
#7862 = CARTESIAN_POINT( '', ( 0.000590070687763400, 1.00000000000000E-005, 2.23404228687300E-005 ) );
#7863 = VECTOR( '', #10442, 1.00000000000000 );
#7864 = CARTESIAN_POINT( '', ( 0.000590070687763400, 3.00000000000000E-005, 2.23404228687300E-005 ) );
#7865 = CARTESIAN_POINT( '', ( 0.000590070687763400, 3.00000000000000E-005, 2.23404228687300E-005 ) );
#7866 = VECTOR( '', #10443, 1.00000000000000 );
#7867 = CARTESIAN_POINT( '', ( 0.000590070687763400, 3.00000000000000E-005, 2.23404228687300E-005 ) );
#7868 = VECTOR( '', #10444, 1.00000000000000 );
#7869 = CARTESIAN_POINT( '', ( 0.000678226207721600, 3.00000000000000E-005, 9.68084990978200E-005 ) );
#7870 = CARTESIAN_POINT( '', ( 0.000678226207721600, 1.00000000000000E-005, 9.68084990978200E-005 ) );
#7871 = CARTESIAN_POINT( '', ( 0.000678226207721600, 3.00000000000000E-005, 9.68084990978200E-005 ) );
#7872 = VECTOR( '', #10445, 1.00000000000000 );
#7873 = CARTESIAN_POINT( '', ( 0.000718296892618900, 1.00000000000000E-005, 9.68084990978200E-005 ) );
#7874 = CARTESIAN_POINT( '', ( 0.000718296892618900, 1.00000000000000E-005, 9.68084990978200E-005 ) );
#7875 = VECTOR( '', #10446, 1.00000000000000 );
#7876 = CARTESIAN_POINT( '', ( 0.000718296892618900, 3.00000000000000E-005, 9.68084990978200E-005 ) );
#7877 = CARTESIAN_POINT( '', ( 0.000718296892618900, 3.00000000000000E-005, 9.68084990978200E-005 ) );
#7878 = VECTOR( '', #10447, 1.00000000000000 );
#7879 = CARTESIAN_POINT( '', ( 0.000718296892618900, 3.00000000000000E-005, 9.68084990978200E-005 ) );
#7880 = VECTOR( '', #10448, 1.00000000000000 );
#7881 = CARTESIAN_POINT( '', ( 0.000646169652925100, 3.00000000000000E-005, 7.44680762291000E-006 ) );
#7882 = CARTESIAN_POINT( '', ( 0.000646169652925100, 1.00000000000000E-005, 7.44680762291000E-006 ) );
#7883 = CARTESIAN_POINT( '', ( 0.000646169652925100, 3.00000000000000E-005, 7.44680762291000E-006 ) );
#7884 = VECTOR( '', #10449, 1.00000000000000 );
#7885 = CARTESIAN_POINT( '', ( 0.000622127239693800, 1.00000000000000E-005, -2.23404228687300E-005 ) );
#7886 = CARTESIAN_POINT( '', ( 0.000622127239693800, 1.00000000000000E-005, -2.23404228687300E-005 ) );
#7887 = VECTOR( '', #10450, 1.00000000000000 );
#7888 = CARTESIAN_POINT( '', ( 0.000622127239693800, 3.00000000000000E-005, -2.23404228687300E-005 ) );
#7889 = CARTESIAN_POINT( '', ( 0.000622127239693800, 3.00000000000000E-005, -2.23404228687300E-005 ) );
#7890 = VECTOR( '', #10451, 1.00000000000000 );
#7891 = CARTESIAN_POINT( '', ( 0.000622127239693800, 3.00000000000000E-005, -2.23404228687300E-005 ) );
#7892 = VECTOR( '', #10452, 1.00000000000000 );
#7893 = CARTESIAN_POINT( '', ( -0.00202000006717500, 0.00126999997582500, -0.000424986115549100 ) );
#7894 = CARTESIAN_POINT( '', ( -0.00192000082519800, 0.00126999997032300, -0.000424985208510700 ) );
#7895 = CARTESIAN_POINT( '', ( -0.00202000006717409, 0.00127000000992541, -0.000424994666145237 ) );
#7896 = CARTESIAN_POINT( '', ( -0.00198666698651495, 0.00126999997889030, -0.000424994662702078 ) );
#7897 = CARTESIAN_POINT( '', ( -0.00195333390585582, 0.00126999994785601, -0.000424994659259006 ) );
#7898 = CARTESIAN_POINT( '', ( -0.00192000082519669, 0.00126999991682165, -0.000424994655815847 ) );
#7899 = CARTESIAN_POINT( '', ( -0.00202000000000000, 0.000998539816339700, -0.000425000000000000 ) );
#7900 = CARTESIAN_POINT( '', ( -0.00202000006717500, 0.00123353981634000, -0.000425000000000000 ) );
#7901 = VECTOR( '', #10453, 1.00000000000000 );
#7902 = CARTESIAN_POINT( '', ( -0.00192000000000000, 0.000998539816339700, -0.000425000000000000 ) );
#7903 = CARTESIAN_POINT( '', ( -0.00192000000000000, 0.000998539816339700, -0.000425000000000000 ) );
#7904 = VECTOR( '', #10454, 1.00000000000000 );
#7905 = CARTESIAN_POINT( '', ( -0.00192000000000000, 0.00126999997032300, -0.000424985208510700 ) );
#7906 = CARTESIAN_POINT( '', ( -0.00192000000000000, 0.000998539816339700, -0.000425000000000035 ) );
#7907 = CARTESIAN_POINT( '', ( -0.00192000000000000, 0.000998539816339700, 0.000425000000000000 ) );
#7908 = CARTESIAN_POINT( '', ( -0.00202000000000000, 0.000998539816339700, 0.000425000000000000 ) );
#7909 = CARTESIAN_POINT( '', ( -0.00192000000000000, 0.000998539816339700, 0.000425000000000000 ) );
#7910 = VECTOR( '', #10455, 1.00000000000000 );
#7911 = CARTESIAN_POINT( '', ( -0.00202000006717400, 0.00126999997582500, 0.000424985467997800 ) );
#7912 = CARTESIAN_POINT( '', ( -0.00202000000000000, 0.00123353981634000, 0.000425000000000000 ) );
#7913 = VECTOR( '', #10456, 1.00000000000000 );
#7914 = CARTESIAN_POINT( '', ( -0.00192000082520000, 0.00126999997032500, 0.000424985208510900 ) );
#7915 = CARTESIAN_POINT( '', ( -0.00202000006717400, 0.00126999997582500, 0.000425000000000000 ) );
#7916 = CARTESIAN_POINT( '', ( -0.00192000082520000, 0.00126999997032427, 0.000425000000000000 ) );
#7917 = CARTESIAN_POINT( '', ( -0.00192000000000000, 0.000998539816339700, 0.000425000000000000 ) );
#7918 = CARTESIAN_POINT( '', ( -0.00192000000000000, 0.00126999997032500, 0.000424985208510924 ) );
#7919 = CARTESIAN_POINT( '', ( -0.00192000000000000, 0.000812000000000000, 0.000114008585243500 ) );
#7920 = CARTESIAN_POINT( '', ( -0.00192000000000000, 0.000811671440954700, 0.000114805029709500 ) );
#7921 = AXIS2_PLACEMENT_3D( '', #10457, #10458, #10459 );
#7922 = CARTESIAN_POINT( '', ( -0.00192000000000000, 0.000719786098321800, 0.000336635870077100 ) );
#7923 = CARTESIAN_POINT( '', ( -0.00192000000000000, 0.000811671440954700, 0.000114805029709500 ) );
#7924 = VECTOR( '', #10460, 1.00000000000000 );
#7925 = CARTESIAN_POINT( '', ( -0.00192000000000000, 0.000761895412975100, 0.000405602917757000 ) );
#7926 = AXIS2_PLACEMENT_3D( '', #10461, #10462, #10463 );
#7927 = CARTESIAN_POINT( '', ( -0.00192000000000000, 0.000761895412975100, 0.000405602917757000 ) );
#7928 = VECTOR( '', #10464, 1.00000000000000 );
#7929 = CARTESIAN_POINT( '', ( -0.00192000000000000, 0.00127000000000000, 0.000984765147042100 ) );
#7930 = CARTESIAN_POINT( '', ( -0.00192000082520000, 0.00126999997032500, 0.000424985208510900 ) );
#7931 = VECTOR( '', #10465, 1.00000000000000 );
#7932 = CARTESIAN_POINT( '', ( -0.00192000000000000, 0.000712931156690200, 0.000927629881061600 ) );
#7933 = CARTESIAN_POINT( '', ( -0.00192000000000000, 0.00127000000000000, 0.000984765147042100 ) );
#7934 = VECTOR( '', #10466, 1.00000000000000 );
#7935 = CARTESIAN_POINT( '', ( -0.00192000000000000, 0.000703539816339700, 0.000926516824424600 ) );
#7936 = AXIS2_PLACEMENT_3D( '', #10467, #10468, #10469 );
#7937 = CARTESIAN_POINT( '', ( -0.00192000000000000, 0.000703539816339700, -0.000926516824424600 ) );
#7938 = CARTESIAN_POINT( '', ( -0.00192000000000000, 0.000703539816339700, -0.000926516824424600 ) );
#7939 = VECTOR( '', #10470, 1.00000000000000 );
#7940 = CARTESIAN_POINT( '', ( -0.00192000000000000, 0.000712931156690200, -0.000927629881061600 ) );
#7941 = AXIS2_PLACEMENT_3D( '', #10471, #10472, #10473 );
#7942 = CARTESIAN_POINT( '', ( -0.00192000000000000, 0.00127000000000000, -0.000984765147042100 ) );
#7943 = CARTESIAN_POINT( '', ( -0.00192000000000000, 0.000712931156690200, -0.000927629881061600 ) );
#7944 = VECTOR( '', #10474, 1.00000000000000 );
#7945 = CARTESIAN_POINT( '', ( -0.00192000000000000, 0.00127000000000000, -0.000984765147042100 ) );
#7946 = VECTOR( '', #10475, 1.00000000000000 );
#7947 = CARTESIAN_POINT( '', ( -0.00192000000000000, 0.000761895412975100, -0.000405602917757000 ) );
#7948 = CARTESIAN_POINT( '', ( -0.00192000000000000, 0.000998539816339700, -0.000425000000000000 ) );
#7949 = VECTOR( '', #10476, 1.00000000000000 );
#7950 = CARTESIAN_POINT( '', ( -0.00192000000000000, 0.000719786098321800, -0.000336635870077100 ) );
#7951 = AXIS2_PLACEMENT_3D( '', #10477, #10478, #10479 );
#7952 = CARTESIAN_POINT( '', ( -0.00192000000000000, 0.000811671440954700, -0.000114805029709500 ) );
#7953 = CARTESIAN_POINT( '', ( -0.00192000000000000, 0.000719786098321800, -0.000336635870077100 ) );
#7954 = VECTOR( '', #10480, 1.00000000000000 );
#7955 = CARTESIAN_POINT( '', ( -0.00192000000000000, 0.000812000000000000, -0.000114008585243500 ) );
#7956 = AXIS2_PLACEMENT_3D( '', #10481, #10482, #10483 );
#7957 = CARTESIAN_POINT( '', ( -0.00192000000000000, 0.000812000000000000, -0.000114008585243500 ) );
#7958 = VECTOR( '', #10484, 1.00000000000000 );
#7959 = CARTESIAN_POINT( '', ( -0.000750000000000000, 0.00132000000000000, -0.00120000000000000 ) );
#7960 = CARTESIAN_POINT( '', ( -0.000750000000000000, 0.00132000000000000, -0.00140000000000000 ) );
#7961 = CARTESIAN_POINT( '', ( -0.000750000000000000, 0.00132000000000000, -0.00120000000000000 ) );
#7962 = VECTOR( '', #10485, 1.00000000000000 );
#7963 = CARTESIAN_POINT( '', ( -0.000934782608695700, 0.00132000000000000, -0.00140000000000000 ) );
#7964 = CARTESIAN_POINT( '', ( -0.000750000000000000, 0.00132000000000000, -0.00140000000000000 ) );
#7965 = VECTOR( '', #10486, 1.00000000000000 );
#7966 = CARTESIAN_POINT( '', ( -0.000934782608695700, 0.00132000000000000, -0.00140000000000000 ) );
#7967 = VECTOR( '', #10487, 1.00000000000000 );
#7968 = CARTESIAN_POINT( '', ( -0.000773835423522700, 0.00132000000000000, -0.00120000000000000 ) );
#7969 = VECTOR( '', #10488, 1.00000000000000 );
#7970 = CARTESIAN_POINT( '', ( -0.00125000000000000, 0.00132000000000000, 0.00209999238359800 ) );
#7971 = CARTESIAN_POINT( '', ( -0.00120000000000000, 0.00132000000000000, 0.00215000000000000 ) );
#7972 = CARTESIAN_POINT( '', ( -0.00125000000000000, 0.00132000000000000, 0.00209999238359800 ) );
#7973 = CARTESIAN_POINT( '', ( -0.00125000000000000, 0.00132000000000000, 0.00212037617339187 ) );
#7974 = CARTESIAN_POINT( '', ( -0.00123535612769500, 0.00132000000000000, 0.00213535231949400 ) );
#7975 = CARTESIAN_POINT( '', ( -0.00122103343336286, 0.00132000000000000, 0.00215000000000000 ) );
#7976 = CARTESIAN_POINT( '', ( -0.00120000000000000, 0.00132000000000000, 0.00215000000000000 ) );
#7977 = CARTESIAN_POINT( '', ( -0.00125000000000000, 0.000370000000000000, 0.00208341007191600 ) );
#7978 = CARTESIAN_POINT( '', ( -0.00125000000000000, 0.00132000000000000, 0.00209999238359800 ) );
#7979 = VECTOR( '', #10489, 1.00000000000000 );
#7980 = CARTESIAN_POINT( '', ( -0.00120000000000000, 0.000369127379678100, 0.00213340245667400 ) );
#7981 = AXIS2_PLACEMENT_3D( '', #10490, #10491, #10492 );
#7982 = CARTESIAN_POINT( '', ( -0.00120000000000000, 0.00132000000000000, 0.00215000000000000 ) );
#7983 = VECTOR( '', #10493, 1.00000000000000 );
#7984 = CARTESIAN_POINT( '', ( 0.00125000000000000, 0.000370000000000000, 0.00208341007191600 ) );
#7985 = CARTESIAN_POINT( '', ( 0.00120000000000000, 0.000369127379678100, 0.00213340245667400 ) );
#7986 = AXIS2_PLACEMENT_3D( '', #10494, #10495, #10496 );
#7987 = CARTESIAN_POINT( '', ( 0.00120000000000000, 0.000320000000000000, 0.00208341007191600 ) );
#7988 = AXIS2_PLACEMENT_3D( '', #10497, #10498, #10499 );
#7989 = AXIS2_PLACEMENT_3D( '', #10500, #10501, #10502 );
#7990 = CARTESIAN_POINT( '', ( -0.00120000000000000, 0.000920000000000000, 0.00145000000000000 ) );
#7991 = CARTESIAN_POINT( '', ( -0.00120000000000000, 0.000920000000000000, 0.00175000000000000 ) );
#7992 = CARTESIAN_POINT( '', ( -0.00120000000000000, 0.000920000000000000, 0.00145000000000000 ) );
#7993 = VECTOR( '', #10503, 1.00000000000000 );
#7994 = CARTESIAN_POINT( '', ( -0.00125000000000000, 0.000970000000000000, 0.00175000000000000 ) );
#7995 = AXIS2_PLACEMENT_3D( '', #10504, #10505, #10506 );
#7996 = CARTESIAN_POINT( '', ( -0.00125000000000000, 0.000970000000000000, 0.00145000000000000 ) );
#7997 = CARTESIAN_POINT( '', ( -0.00125000000000000, 0.000970000000000000, 0.00145000000000000 ) );
#7998 = VECTOR( '', #10507, 1.00000000000000 );
#7999 = AXIS2_PLACEMENT_3D( '', #10508, #10509, #10510 );
#8000 = CARTESIAN_POINT( '', ( -0.000500000000000000, 0.00125953652893800, -0.00137963460753900 ) );
#8001 = CARTESIAN_POINT( '', ( -0.000500000000000000, 0.000226312254377800, -0.00130738452799600 ) );
#8002 = CARTESIAN_POINT( '', ( -0.000500000000000000, 0.00125953652893800, -0.00137963460753900 ) );
#8003 = VECTOR( '', #10511, 1.00000000000000 );
#8004 = CARTESIAN_POINT( '', ( -0.000500000000000000, 0.000181074066620900, -0.00130935966992900 ) );
#8005 = AXIS2_PLACEMENT_3D( '', #10512, #10513, #10514 );
#8006 = CARTESIAN_POINT( '', ( -0.000500000000000000, 0.000144135295819500, -0.00131521019646900 ) );
#8007 = CARTESIAN_POINT( '', ( -0.000500000000000000, 0.000181074066620900, -0.00130935966992900 ) );
#8008 = VECTOR( '', #10515, 1.00000000000000 );
#8009 = CARTESIAN_POINT( '', ( -0.000500000000000000, 0.000128491849315500, -0.00121644136240900 ) );
#8010 = CARTESIAN_POINT( '', ( -0.000500000000000000, 0.000144135295819500, -0.00131521019646900 ) );
#8011 = VECTOR( '', #10516, 1.00000000000000 );
#8012 = CARTESIAN_POINT( '', ( -0.000500000000000000, 0.000165430620116900, -0.00121059083587000 ) );
#8013 = CARTESIAN_POINT( '', ( -0.000500000000000000, 0.000165430620116900, -0.00121059083587000 ) );
#8014 = VECTOR( '', #10517, 1.00000000000000 );
#8015 = CARTESIAN_POINT( '', ( -0.000500000000000000, 0.000233287901752200, -0.00120762812297000 ) );
#8016 = AXIS2_PLACEMENT_3D( '', #10518, #10519, #10520 );
#8017 = CARTESIAN_POINT( '', ( -0.000500000000000000, 0.00126651217631300, -0.00127987820251300 ) );
#8018 = CARTESIAN_POINT( '', ( -0.000500000000000000, 0.00126651217631300, -0.00127987820251300 ) );
#8019 = VECTOR( '', #10521, 1.00000000000000 );
#8020 = CARTESIAN_POINT( '', ( -0.000500000000000000, 0.00127520849372400, -0.00127972797596000 ) );
#8021 = AXIS2_PLACEMENT_3D( '', #10522, #10523, #10524 );
#8022 = CARTESIAN_POINT( '', ( -0.000500000000000000, 0.00128562548117200, -0.00137918392788100 ) );
#8023 = CARTESIAN_POINT( '', ( -0.000500000000000000, 0.00127520849372400, -0.00127972797596000 ) );
#8024 = VECTOR( '', #10525, 1.00000000000000 );
#8025 = AXIS2_PLACEMENT_3D( '', #10526, #10527, #10528 );
#8026 = CARTESIAN_POINT( '', ( -0.00187000000000000, 0.00132000000000000, -0.00106056912752500 ) );
#8027 = CARTESIAN_POINT( '', ( -0.00187000000000000, 0.00132000000000000, -0.000400000000000000 ) );
#8028 = CARTESIAN_POINT( '', ( -0.00187000000000000, 0.00132000000000000, -0.00106056912752500 ) );
#8029 = VECTOR( '', #10529, 1.00000000000000 );
#8030 = CARTESIAN_POINT( '', ( -0.00185000000000000, 0.00132000000000000, -0.00113540227526100 ) );
#8031 = AXIS2_PLACEMENT_3D( '', #10530, #10531, #10532 );
#8032 = CARTESIAN_POINT( '', ( -0.00185000000000000, 0.00132000000000000, -0.00140000000000000 ) );
#8033 = CARTESIAN_POINT( '', ( -0.00185000000000000, 0.00132000000000000, -0.00113540227526100 ) );
#8034 = VECTOR( '', #10533, 1.00000000000000 );
#8035 = CARTESIAN_POINT( '', ( -0.00175000000000000, 0.00132000000000000, -0.00140000000000000 ) );
#8036 = CARTESIAN_POINT( '', ( -0.00185000000000000, 0.00132000000000000, -0.00140000000000000 ) );
#8037 = VECTOR( '', #10534, 1.00000000000000 );
#8038 = CARTESIAN_POINT( '', ( -0.00180000000000000, 0.00132000000000000, -0.00139142135623700 ) );
#8039 = AXIS2_PLACEMENT_3D( '', #10535, #10536, #10537 );
#8040 = CARTESIAN_POINT( '', ( -0.00180000000000000, 0.00132000000000000, -0.000400000000000000 ) );
#8041 = CARTESIAN_POINT( '', ( -0.00180000000000000, 0.00132000000000000, -0.00139142135623700 ) );
#8042 = VECTOR( '', #10538, 1.00000000000000 );
#8043 = CARTESIAN_POINT( '', ( -0.00187000000000000, 0.00132000000000000, -0.000400000000000000 ) );
#8044 = VECTOR( '', #10539, 1.00000000000000 );
#8045 = CARTESIAN_POINT( '', ( 0.00125000000000000, 0.000970000000000000, 0.00145000000000000 ) );
#8046 = CARTESIAN_POINT( '', ( 0.00125000000000000, 0.000970000000000000, 0.00175000000000000 ) );
#8047 = CARTESIAN_POINT( '', ( 0.00125000000000000, 0.000970000000000000, 0.00145000000000000 ) );
#8048 = VECTOR( '', #10540, 1.00000000000000 );
#8049 = CARTESIAN_POINT( '', ( 0.00120000000000000, 0.000920000000000000, 0.00175000000000000 ) );
#8050 = AXIS2_PLACEMENT_3D( '', #10541, #10542, #10543 );
#8051 = CARTESIAN_POINT( '', ( 0.00120000000000000, 0.000920000000000000, 0.00145000000000000 ) );
#8052 = CARTESIAN_POINT( '', ( 0.00120000000000000, 0.000920000000000000, 0.00145000000000000 ) );
#8053 = VECTOR( '', #10544, 1.00000000000000 );
#8054 = AXIS2_PLACEMENT_3D( '', #10545, #10546, #10547 );
#8055 = CARTESIAN_POINT( '', ( -0.000382287565553200, 0.00132000000000000, 0.00130000000000000 ) );
#8056 = CARTESIAN_POINT( '', ( -0.000382287565553200, 0.00142000000000000, 0.00130000000000000 ) );
#8057 = CARTESIAN_POINT( '', ( -0.000382287565553200, 0.00132000000000000, 0.00130000000000000 ) );
#8058 = VECTOR( '', #10548, 1.00000000000000 );
#8059 = AXIS2_PLACEMENT_3D( '', #10549, #10550, #10551 );
#8060 = AXIS2_PLACEMENT_3D( '', #10552, #10553, #10554 );
#8061 = CARTESIAN_POINT( '', ( -0.00205000000000000, 0.000760000000000000, 0.000400000000000000 ) );
#8062 = CARTESIAN_POINT( '', ( -0.00190000000000000, 0.000820000000000000, 0.000400000000000000 ) );
#8063 = CARTESIAN_POINT( '', ( -0.00205000000000000, 0.000760000000000000, 0.000400000000000000 ) );
#8064 = VECTOR( '', #10555, 1.00000000000000 );
#8065 = CARTESIAN_POINT( '', ( -0.00205000000000000, 0.000760000000000000, -0.000400000000000000 ) );
#8066 = CARTESIAN_POINT( '', ( -0.00205000000000000, 0.000760000000000000, -0.000400000000000000 ) );
#8067 = VECTOR( '', #10556, 1.00000000000000 );
#8068 = CARTESIAN_POINT( '', ( -0.00190000000000000, 0.000820000000000000, -0.000400000000000000 ) );
#8069 = CARTESIAN_POINT( '', ( -0.00205000000000000, 0.000760000000000000, -0.000400000000000000 ) );
#8070 = VECTOR( '', #10557, 1.00000000000000 );
#8071 = CARTESIAN_POINT( '', ( -0.00190000000000000, 0.000820000000000000, 0.000400000000000000 ) );
#8072 = VECTOR( '', #10558, 1.00000000000000 );
#8073 = CARTESIAN_POINT( '', ( -0.00192082139761300, 0.000811671440954600, 0.000114805029709600 ) );
#8074 = CARTESIAN_POINT( '', ( -0.00192000000000000, 0.000812000000000000, 0.000114008585243500 ) );
#8075 = CARTESIAN_POINT( '', ( -0.00192027329913300, 0.000811890680346900, 0.000114274664985700 ) );
#8076 = CARTESIAN_POINT( '', ( -0.00192054709999200, 0.000811781160003100, 0.000114540144494700 ) );
#8077 = CARTESIAN_POINT( '', ( -0.00192082139761400, 0.000811671440954600, 0.000114805029709700 ) );
#8078 = CARTESIAN_POINT( '', ( -0.00192082139761300, 0.000811671440954600, -0.000114805029709600 ) );
#8079 = CARTESIAN_POINT( '', ( -0.00192082139761300, 0.000811671440954600, -0.000114805029709600 ) );
#8080 = CARTESIAN_POINT( '', ( -0.00192054709999200, 0.000811781160003100, -0.000114540144494600 ) );
#8081 = CARTESIAN_POINT( '', ( -0.00192027329913300, 0.000811890680346900, -0.000114274664985700 ) );
#8082 = CARTESIAN_POINT( '', ( -0.00192000000000000, 0.000812000000000000, -0.000114008585243500 ) );
#8083 = CARTESIAN_POINT( '', ( -0.00202000000000000, 0.000772000000000000, -0.000210580360501100 ) );
#8084 = CARTESIAN_POINT( '', ( -0.00192082139761300, 0.000811671440954600, -0.000114805029709600 ) );
#8085 = VECTOR( '', #10559, 1.00000000000000 );
#8086 = CARTESIAN_POINT( '', ( -0.00202000000000000, 0.000772000000000000, 0.000210580360501100 ) );
#8087 = CARTESIAN_POINT( '', ( -0.00202000000000000, 0.000772000000000000, -0.000210580360501100 ) );
#8088 = VECTOR( '', #10560, 1.00000000000000 );
#8089 = CARTESIAN_POINT( '', ( -0.00192082139761300, 0.000811671440954600, 0.000114805029709600 ) );
#8090 = VECTOR( '', #10561, 1.00000000000000 );
#8091 = CARTESIAN_POINT( '', ( 0.00210000000000000, 0.000760000000000000, -0.000400000000000000 ) );
#8092 = CARTESIAN_POINT( '', ( 0.00210000000000000, 0.000760000000000000, 0.000400000000000000 ) );
#8093 = CARTESIAN_POINT( '', ( 0.00210000000000000, 0.000760000000000000, -0.000400000000000000 ) );
#8094 = VECTOR( '', #10562, 1.00000000000000 );
#8095 = CARTESIAN_POINT( '', ( 0.00210000000000000, 0.00106000000000000, -0.000400000000000000 ) );
#8096 = CARTESIAN_POINT( '', ( 0.00210000000000000, 0.000760000000000000, -0.000400000000000000 ) );
#8097 = VECTOR( '', #10563, 1.00000000000000 );
#8098 = CARTESIAN_POINT( '', ( 0.00210000000000000, 0.00106000000000000, 0.000400000000000000 ) );
#8099 = CARTESIAN_POINT( '', ( 0.00210000000000000, 0.00106000000000000, -0.000400000000000000 ) );
#8100 = VECTOR( '', #10564, 1.00000000000000 );
#8101 = CARTESIAN_POINT( '', ( 0.00210000000000000, 0.00106000000000000, 0.000400000000000000 ) );
#8102 = VECTOR( '', #10565, 1.00000000000000 );
#8103 = CARTESIAN_POINT( '', ( 0.00120000000000000, 0.00132000000000000, 0.00215000000000000 ) );
#8104 = CARTESIAN_POINT( '', ( 0.00125000000000000, 0.00132000000000000, 0.00209999238359800 ) );
#8105 = CARTESIAN_POINT( '', ( 0.00120000000000000, 0.00132000000000000, 0.00215000000000000 ) );
#8106 = CARTESIAN_POINT( '', ( 0.00122038190686801, 0.00132000000000000, 0.00215000000000000 ) );
#8107 = CARTESIAN_POINT( '', ( 0.00123535612769500, 0.00132000000000000, 0.00213535231949400 ) );
#8108 = CARTESIAN_POINT( '', ( 0.00125000000000000, 0.00132000000000000, 0.00212102778365520 ) );
#8109 = CARTESIAN_POINT( '', ( 0.00125000000000000, 0.00132000000000000, 0.00209999238359800 ) );
#8110 = CARTESIAN_POINT( '', ( 0.00120000000000000, 0.00132000000000000, 0.00215000000000000 ) );
#8111 = VECTOR( '', #10566, 1.00000000000000 );
#8112 = CARTESIAN_POINT( '', ( 0.00125000000000000, 0.00132000000000000, 0.00209999238359800 ) );
#8113 = VECTOR( '', #10567, 1.00000000000000 );
#8114 = CARTESIAN_POINT( '', ( -0.00190000000000000, 0.00114679491924300, 0.000400000000000000 ) );
#8115 = CARTESIAN_POINT( '', ( -0.00180000000000000, 0.00132000000000000, 0.000400000000000000 ) );
#8116 = CARTESIAN_POINT( '', ( -0.00190000000000000, 0.00114679491924300, 0.000400000000000000 ) );
#8117 = VECTOR( '', #10568, 1.00000000000000 );
#8118 = CARTESIAN_POINT( '', ( -0.00190000000000000, 0.00114679491924300, 0.00125000000000000 ) );
#8119 = CARTESIAN_POINT( '', ( -0.00190000000000000, 0.00114679491924300, 0.000400000000000000 ) );
#8120 = VECTOR( '', #10569, 1.00000000000000 );
#8121 = CARTESIAN_POINT( '', ( -0.00180000000000000, 0.00132000000000000, 0.00139142135623700 ) );
#8122 = CARTESIAN_POINT( '', ( -0.00190000000000018, 0.00114679491924310, 0.00125000000000000 ) );
#8123 = CARTESIAN_POINT( '', ( -0.00189969418742371, 0.00114732460216314, 0.00130445505053857 ) );
#8124 = CARTESIAN_POINT( '', ( -0.00186515113472140, 0.00120715492449208, 0.00134612604315407 ) );
#8125 = CARTESIAN_POINT( '', ( -0.00183904769736832, 0.00125236740423979, 0.00137761591043804 ) );
#8126 = CARTESIAN_POINT( '', ( -0.00180000000000013, 0.00132000000000007, 0.00139142135623700 ) );
#8127 = CARTESIAN_POINT( '', ( -0.00180000000000000, 0.00132000000000000, 0.000400000000000000 ) );
#8128 = VECTOR( '', #10570, 1.00000000000000 );
#8129 = CARTESIAN_POINT( '', ( -0.00175000000000000, 0.000000000000000, -0.00140000000000000 ) );
#8130 = CARTESIAN_POINT( '', ( -0.00175000000000000, 0.00132000000000000, -0.00140000000000000 ) );
#8131 = VECTOR( '', #10571, 1.00000000000000 );
#8132 = CARTESIAN_POINT( '', ( -0.00190000000000000, 0.000000000000000, -0.00125000000000000 ) );
#8133 = AXIS2_PLACEMENT_3D( '', #10572, #10573, #10574 );
#8134 = CARTESIAN_POINT( '', ( -0.00190000000000000, 0.00114679491924300, -0.00125000000000000 ) );
#8135 = CARTESIAN_POINT( '', ( -0.00190000000000000, 0.00114679491924300, -0.00125000000000000 ) );
#8136 = VECTOR( '', #10575, 1.00000000000000 );
#8137 = CARTESIAN_POINT( '', ( -0.00180000000000013, 0.00132000000000007, -0.00139142135623700 ) );
#8138 = CARTESIAN_POINT( '', ( -0.00183857213623340, 0.00125319110028758, -0.00137778404668972 ) );
#8139 = CARTESIAN_POINT( '', ( -0.00186515113472140, 0.00120715492449208, -0.00134612604315407 ) );
#8140 = CARTESIAN_POINT( '', ( -0.00187936998559514, 0.00118252715235351, -0.00132919009910647 ) );
#8141 = CARTESIAN_POINT( '', ( -0.00188840160339834, 0.00116688393144382, -0.00130783594191160 ) );
#8142 = CARTESIAN_POINT( '', ( -0.00189982690643304, 0.00114709472609586, -0.00128082220834603 ) );
#8143 = CARTESIAN_POINT( '', ( -0.00190000000000018, 0.00114679491924310, -0.00125000000000000 ) );
#8144 = CARTESIAN_POINT( '', ( 0.00202000006717500, 0.00126999997582500, 0.000424986115549100 ) );
#8145 = CARTESIAN_POINT( '', ( 0.00192000082519900, 0.00126999997032300, 0.000424985209200400 ) );
#8146 = CARTESIAN_POINT( '', ( 0.00202000006717408, 0.00127000000992541, 0.000424994666145234 ) );
#8147 = CARTESIAN_POINT( '', ( 0.00198666698651531, 0.00126999997889086, 0.000424994662702074 ) );
#8148 = CARTESIAN_POINT( '', ( 0.00195333390585646, 0.00126999994785630, 0.000424994659259003 ) );
#8149 = CARTESIAN_POINT( '', ( 0.00192000082519769, 0.00126999991682175, 0.000424994655815843 ) );
#8150 = CARTESIAN_POINT( '', ( 0.00202000000000000, 0.000998539816339700, 0.000425000000000000 ) );
#8151 = CARTESIAN_POINT( '', ( 0.00202000006717500, 0.00123353981634000, 0.000425000000000000 ) );
#8152 = VECTOR( '', #10576, 1.00000000000000 );
#8153 = CARTESIAN_POINT( '', ( 0.00192000000000000, 0.000998539816339700, 0.000425000000000000 ) );
#8154 = CARTESIAN_POINT( '', ( 0.00192000000000000, 0.000998539816339700, 0.000425000000000000 ) );
#8155 = VECTOR( '', #10577, 1.00000000000000 );
#8156 = CARTESIAN_POINT( '', ( 0.00192000000000000, 0.00126999997032300, 0.000424985209200400 ) );
#8157 = CARTESIAN_POINT( '', ( 0.00192000000000000, 0.000998539816339700, 0.000425000000000014 ) );
#8158 = CARTESIAN_POINT( '', ( 0.00192000000000000, 0.000998539816339700, -0.000425000000000000 ) );
#8159 = CARTESIAN_POINT( '', ( 0.00202000000000000, 0.000998539816339700, -0.000425000000000000 ) );
#8160 = CARTESIAN_POINT( '', ( 0.00192000000000000, 0.000998539816339700, -0.000425000000000000 ) );
#8161 = VECTOR( '', #10578, 1.00000000000000 );
#8162 = CARTESIAN_POINT( '', ( 0.00202000006717500, 0.00126999997582500, -0.000424986115549100 ) );
#8163 = CARTESIAN_POINT( '', ( 0.00202000000000000, 0.00123353981634000, -0.000425000000000000 ) );
#8164 = VECTOR( '', #10579, 1.00000000000000 );
#8165 = CARTESIAN_POINT( '', ( 0.00192000082519900, 0.00126999997032300, -0.000424985209200400 ) );
#8166 = CARTESIAN_POINT( '', ( 0.00202000006717500, 0.00126999997582500, -0.000425000000000000 ) );
#8167 = CARTESIAN_POINT( '', ( 0.00192000082519900, 0.00126999997032334, -0.000425000000000000 ) );
#8168 = CARTESIAN_POINT( '', ( 0.00192000000000000, 0.000998539816339700, -0.000425000000000000 ) );
#8169 = CARTESIAN_POINT( '', ( 0.00192000000000000, 0.00126999997032300, -0.000424985209200386 ) );
#8170 = CARTESIAN_POINT( '', ( 0.00192000000000000, 0.000812000000000000, -0.000114008585243500 ) );
#8171 = CARTESIAN_POINT( '', ( 0.00192000000000000, 0.000811671440954700, -0.000114805029709500 ) );
#8172 = AXIS2_PLACEMENT_3D( '', #10580, #10581, #10582 );
#8173 = CARTESIAN_POINT( '', ( 0.00192000000000000, 0.000719786098321800, -0.000336635870077100 ) );
#8174 = CARTESIAN_POINT( '', ( 0.00192000000000000, 0.000811671440954700, -0.000114805029709500 ) );
#8175 = VECTOR( '', #10583, 1.00000000000000 );
#8176 = CARTESIAN_POINT( '', ( 0.00192000000000000, 0.000761895412975100, -0.000405602917757000 ) );
#8177 = AXIS2_PLACEMENT_3D( '', #10584, #10585, #10586 );
#8178 = CARTESIAN_POINT( '', ( 0.00192000000000000, 0.000761895412975100, -0.000405602917757000 ) );
#8179 = VECTOR( '', #10587, 1.00000000000000 );
#8180 = CARTESIAN_POINT( '', ( 0.00192000000000000, 0.00127000000000000, -0.000984765147042100 ) );
#8181 = CARTESIAN_POINT( '', ( 0.00192000000000000, 0.00127000000000000, -0.000984765147042100 ) );
#8182 = VECTOR( '', #10588, 1.00000000000000 );
#8183 = CARTESIAN_POINT( '', ( 0.00192000000000000, 0.000712931156690200, -0.000927629881061600 ) );
#8184 = CARTESIAN_POINT( '', ( 0.00192000000000000, 0.00127000000000000, -0.000984765147042100 ) );
#8185 = VECTOR( '', #10589, 1.00000000000000 );
#8186 = CARTESIAN_POINT( '', ( 0.00192000000000000, 0.000703539816339700, -0.000926516824424600 ) );
#8187 = AXIS2_PLACEMENT_3D( '', #10590, #10591, #10592 );
#8188 = CARTESIAN_POINT( '', ( 0.00192000000000000, 0.000703539816339700, 0.000926516824424600 ) );
#8189 = CARTESIAN_POINT( '', ( 0.00192000000000000, 0.000703539816339700, -0.000926516824424600 ) );
#8190 = VECTOR( '', #10593, 1.00000000000000 );
#8191 = CARTESIAN_POINT( '', ( 0.00192000000000000, 0.000712931156690200, 0.000927629881061600 ) );
#8192 = AXIS2_PLACEMENT_3D( '', #10594, #10595, #10596 );
#8193 = CARTESIAN_POINT( '', ( 0.00192000000000000, 0.00127000000000000, 0.000984765147042100 ) );
#8194 = CARTESIAN_POINT( '', ( 0.00192000000000000, 0.000712931156690200, 0.000927629881061600 ) );
#8195 = VECTOR( '', #10597, 1.00000000000000 );
#8196 = CARTESIAN_POINT( '', ( 0.00192000082519900, 0.00126999997032300, 0.000424985209200400 ) );
#8197 = VECTOR( '', #10598, 1.00000000000000 );
#8198 = CARTESIAN_POINT( '', ( 0.00192000000000000, 0.000761895412975100, 0.000405602917757000 ) );
#8199 = CARTESIAN_POINT( '', ( 0.00192000000000000, 0.000998539816339700, 0.000425000000000000 ) );
#8200 = VECTOR( '', #10599, 1.00000000000000 );
#8201 = CARTESIAN_POINT( '', ( 0.00192000000000000, 0.000719786098321800, 0.000336635870077100 ) );
#8202 = AXIS2_PLACEMENT_3D( '', #10600, #10601, #10602 );
#8203 = CARTESIAN_POINT( '', ( 0.00192000000000000, 0.000811671440954700, 0.000114805029709500 ) );
#8204 = CARTESIAN_POINT( '', ( 0.00192000000000000, 0.000719786098321800, 0.000336635870077100 ) );
#8205 = VECTOR( '', #10603, 1.00000000000000 );
#8206 = CARTESIAN_POINT( '', ( 0.00192000000000000, 0.000812000000000000, 0.000114008585243500 ) );
#8207 = AXIS2_PLACEMENT_3D( '', #10604, #10605, #10606 );
#8208 = CARTESIAN_POINT( '', ( 0.00192000000000000, 0.000812000000000000, -0.000114008585243500 ) );
#8209 = VECTOR( '', #10607, 1.00000000000000 );
#8210 = CARTESIAN_POINT( '', ( -0.00230000000000000, 0.000000000000000, -0.000500000000000000 ) );
#8211 = CARTESIAN_POINT( '', ( -0.00230000000000000, 0.000150000000000000, -0.000500000000000000 ) );
#8212 = CARTESIAN_POINT( '', ( -0.00230000000000000, 0.000000000000000, -0.000500000000000000 ) );
#8213 = VECTOR( '', #10608, 1.00000000000000 );
#8214 = CARTESIAN_POINT( '', ( -0.00230000000000000, 0.000150000000000000, -0.00110000000000000 ) );
#8215 = CARTESIAN_POINT( '', ( -0.00230000000000000, 0.000150000000000000, -0.00110000000000000 ) );
#8216 = VECTOR( '', #10609, 1.00000000000000 );
#8217 = CARTESIAN_POINT( '', ( -0.00230000000000000, 0.000000000000000, -0.00110000000000000 ) );
#8218 = CARTESIAN_POINT( '', ( -0.00230000000000000, 0.000000000000000, -0.00110000000000000 ) );
#8219 = VECTOR( '', #10610, 1.00000000000000 );
#8220 = CARTESIAN_POINT( '', ( -0.00230000000000000, 0.000000000000000, -0.00110000000000000 ) );
#8221 = VECTOR( '', #10611, 1.00000000000000 );
#8222 = CARTESIAN_POINT( '', ( -0.00190000000000000, 0.000000000000000, -0.00110000000000000 ) );
#8223 = CARTESIAN_POINT( '', ( -0.00230000000000000, 0.000000000000000, -0.00110000000000000 ) );
#8224 = VECTOR( '', #10612, 1.00000000000000 );
#8225 = CARTESIAN_POINT( '', ( -0.00190000000000000, 0.000150000000000000, -0.00110000000000000 ) );
#8226 = CARTESIAN_POINT( '', ( -0.00230000000000000, 0.000150000000000000, -0.00110000000000000 ) );
#8227 = VECTOR( '', #10613, 1.00000000000000 );
#8228 = CARTESIAN_POINT( '', ( -0.00190000000000000, 0.000150000000000000, -0.00110000000000000 ) );
#8229 = VECTOR( '', #10614, 1.00000000000000 );
#8230 = CARTESIAN_POINT( '', ( -0.00190000000000000, 0.000150000000000000, -0.000500000000000000 ) );
#8231 = CARTESIAN_POINT( '', ( -0.00190000000000000, 0.000150000000000000, -0.000500000000000000 ) );
#8232 = VECTOR( '', #10615, 1.00000000000000 );
#8233 = CARTESIAN_POINT( '', ( -0.00190000000000000, 0.000000000000000, -0.000500000000000000 ) );
#8234 = CARTESIAN_POINT( '', ( -0.00190000000000000, 0.000000000000000, -0.000500000000000000 ) );
#8235 = VECTOR( '', #10616, 1.00000000000000 );
#8236 = CARTESIAN_POINT( '', ( -0.00190000000000000, 0.000150000000000000, -0.000500000000000000 ) );
#8237 = VECTOR( '', #10617, 1.00000000000000 );
#8238 = CARTESIAN_POINT( '', ( -0.00190000000000000, 0.000000000000000, -0.00125000000000000 ) );
#8239 = VECTOR( '', #10618, 1.00000000000000 );
#8240 = CARTESIAN_POINT( '', ( -0.000600000000000000, 0.000000000000000, -0.00140000000000000 ) );
#8241 = CARTESIAN_POINT( '', ( -0.000600000000000000, 0.000000000000000, -0.00140000000000000 ) );
#8242 = VECTOR( '', #10619, 1.00000000000000 );
#8243 = CARTESIAN_POINT( '', ( -0.000600000000000000, 0.000000000000000, -0.00122000000000000 ) );
#8244 = CARTESIAN_POINT( '', ( -0.000600000000000000, 0.000000000000000, -0.00140000000000000 ) );
#8245 = VECTOR( '', #10620, 1.00000000000000 );
#8246 = CARTESIAN_POINT( '', ( 0.000600000000000000, 0.000000000000000, -0.00122000000000000 ) );
#8247 = CARTESIAN_POINT( '', ( -0.000600000000000000, 0.000000000000000, -0.00122000000000000 ) );
#8248 = VECTOR( '', #10621, 1.00000000000000 );
#8249 = CARTESIAN_POINT( '', ( 0.000600000000000000, 0.000000000000000, -0.00140000000000000 ) );
#8250 = CARTESIAN_POINT( '', ( 0.000600000000000000, 0.000000000000000, -0.00140000000000000 ) );
#8251 = VECTOR( '', #10622, 1.00000000000000 );
#8252 = CARTESIAN_POINT( '', ( 0.00175000000000000, 0.000000000000000, -0.00140000000000000 ) );
#8253 = CARTESIAN_POINT( '', ( 0.00175000000000000, 0.000000000000000, -0.00140000000000000 ) );
#8254 = VECTOR( '', #10623, 1.00000000000000 );
#8255 = CARTESIAN_POINT( '', ( 0.00190000000000000, 0.000000000000000, -0.00125000000000000 ) );
#8256 = AXIS2_PLACEMENT_3D( '', #10624, #10625, #10626 );
#8257 = CARTESIAN_POINT( '', ( 0.00190000000000000, 0.000000000000000, -0.00110000000000000 ) );
#8258 = CARTESIAN_POINT( '', ( 0.00190000000000000, 0.000000000000000, -0.00110000000000000 ) );
#8259 = VECTOR( '', #10627, 1.00000000000000 );
#8260 = CARTESIAN_POINT( '', ( 0.00230000000000000, 0.000000000000000, -0.00110000000000000 ) );
#8261 = CARTESIAN_POINT( '', ( 0.00190000000000000, 0.000000000000000, -0.00110000000000000 ) );
#8262 = VECTOR( '', #10628, 1.00000000000000 );
#8263 = CARTESIAN_POINT( '', ( 0.00230000000000000, 0.000000000000000, -0.000500000000000000 ) );
#8264 = CARTESIAN_POINT( '', ( 0.00230000000000000, 0.000000000000000, -0.00110000000000000 ) );
#8265 = VECTOR( '', #10629, 1.00000000000000 );
#8266 = CARTESIAN_POINT( '', ( 0.00190000000000000, 0.000000000000000, -0.000500000000000000 ) );
#8267 = CARTESIAN_POINT( '', ( 0.00230000000000000, 0.000000000000000, -0.000500000000000000 ) );
#8268 = VECTOR( '', #10630, 1.00000000000000 );
#8269 = CARTESIAN_POINT( '', ( 0.00185000000000000, 0.000000000000000, -0.000500000000000000 ) );
#8270 = CARTESIAN_POINT( '', ( 0.00185000000000000, 0.000000000000000, -0.000500000000000000 ) );
#8271 = VECTOR( '', #10631, 1.00000000000000 );
#8272 = CARTESIAN_POINT( '', ( 0.00185000000000000, 0.000000000000000, 0.000500000000000000 ) );
#8273 = CARTESIAN_POINT( '', ( 0.00185000000000000, 0.000000000000000, 0.000500000000000000 ) );
#8274 = VECTOR( '', #10632, 1.00000000000000 );
#8275 = CARTESIAN_POINT( '', ( 0.00190000000000000, 0.000000000000000, 0.000500000000000000 ) );
#8276 = CARTESIAN_POINT( '', ( 0.00190000000000000, 0.000000000000000, 0.000500000000000000 ) );
#8277 = VECTOR( '', #10633, 1.00000000000000 );
#8278 = CARTESIAN_POINT( '', ( 0.00230000000000000, 0.000000000000000, 0.000500000000000000 ) );
#8279 = CARTESIAN_POINT( '', ( 0.00190000000000000, 0.000000000000000, 0.000500000000000000 ) );
#8280 = VECTOR( '', #10634, 1.00000000000000 );
#8281 = CARTESIAN_POINT( '', ( 0.00230000000000000, 0.000000000000000, 0.00110000000000000 ) );
#8282 = CARTESIAN_POINT( '', ( 0.00230000000000000, 0.000000000000000, 0.000500000000000000 ) );
#8283 = VECTOR( '', #10635, 1.00000000000000 );
#8284 = CARTESIAN_POINT( '', ( 0.00190000000000000, 0.000000000000000, 0.00110000000000000 ) );
#8285 = CARTESIAN_POINT( '', ( 0.00230000000000000, 0.000000000000000, 0.00110000000000000 ) );
#8286 = VECTOR( '', #10636, 1.00000000000000 );
#8287 = CARTESIAN_POINT( '', ( 0.00190000000000000, 0.000000000000000, 0.00125000000000000 ) );
#8288 = VECTOR( '', #10637, 1.00000000000000 );
#8289 = CARTESIAN_POINT( '', ( 0.00125000000000000, 0.000000000000000, 0.00140000000000000 ) );
#8290 = CARTESIAN_POINT( '', ( 0.00125000000000000, 0.000000000000000, 0.00140000000000000 ) );
#8291 = VECTOR( '', #10638, 1.00000000000000 );
#8292 = CARTESIAN_POINT( '', ( 0.00125000000000000, 0.000000000000000, 0.00145000000000000 ) );
#8293 = CARTESIAN_POINT( '', ( 0.00125000000000000, 0.000000000000000, 0.00145000000000000 ) );
#8294 = VECTOR( '', #10639, 1.00000000000000 );
#8295 = CARTESIAN_POINT( '', ( -0.00125000000000000, 0.000000000000000, 0.00145000000000000 ) );
#8296 = CARTESIAN_POINT( '', ( 0.00125000000000000, 0.000000000000000, 0.00145000000000000 ) );
#8297 = VECTOR( '', #10640, 1.00000000000000 );
#8298 = CARTESIAN_POINT( '', ( -0.00125000000000000, 0.000000000000000, 0.00140000000000000 ) );
#8299 = CARTESIAN_POINT( '', ( -0.00125000000000000, 0.000000000000000, 0.00145000000000000 ) );
#8300 = VECTOR( '', #10641, 1.00000000000000 );
#8301 = CARTESIAN_POINT( '', ( -0.00175000000000000, 0.000000000000000, 0.00140000000000000 ) );
#8302 = CARTESIAN_POINT( '', ( -0.00175000000000000, 0.000000000000000, 0.00140000000000000 ) );
#8303 = VECTOR( '', #10642, 1.00000000000000 );
#8304 = CARTESIAN_POINT( '', ( -0.00190000000000000, 0.000000000000000, 0.00125000000000000 ) );
#8305 = AXIS2_PLACEMENT_3D( '', #10643, #10644, #10645 );
#8306 = CARTESIAN_POINT( '', ( -0.00190000000000000, 0.000000000000000, 0.00110000000000000 ) );
#8307 = CARTESIAN_POINT( '', ( -0.00190000000000000, 0.000000000000000, 0.00110000000000000 ) );
#8308 = VECTOR( '', #10646, 1.00000000000000 );
#8309 = CARTESIAN_POINT( '', ( -0.00230000000000000, 0.000000000000000, 0.00110000000000000 ) );
#8310 = CARTESIAN_POINT( '', ( -0.00190000000000000, 0.000000000000000, 0.00110000000000000 ) );
#8311 = VECTOR( '', #10647, 1.00000000000000 );
#8312 = CARTESIAN_POINT( '', ( -0.00230000000000000, 0.000000000000000, 0.000500000000000000 ) );
#8313 = CARTESIAN_POINT( '', ( -0.00230000000000000, 0.000000000000000, 0.000500000000000000 ) );
#8314 = VECTOR( '', #10648, 1.00000000000000 );
#8315 = CARTESIAN_POINT( '', ( -0.00190000000000000, 0.000000000000000, 0.000500000000000000 ) );
#8316 = CARTESIAN_POINT( '', ( -0.00230000000000000, 0.000000000000000, 0.000500000000000000 ) );
#8317 = VECTOR( '', #10649, 1.00000000000000 );
#8318 = CARTESIAN_POINT( '', ( -0.00185000000000000, 0.000000000000000, 0.000500000000000000 ) );
#8319 = CARTESIAN_POINT( '', ( -0.00185000000000000, 0.000000000000000, 0.000500000000000000 ) );
#8320 = VECTOR( '', #10650, 1.00000000000000 );
#8321 = CARTESIAN_POINT( '', ( -0.00185000000000000, 0.000000000000000, -0.000500000000000000 ) );
#8322 = CARTESIAN_POINT( '', ( -0.00185000000000000, 0.000000000000000, -0.000500000000000000 ) );
#8323 = VECTOR( '', #10651, 1.00000000000000 );
#8324 = CARTESIAN_POINT( '', ( -0.00190000000000000, 0.000000000000000, -0.000500000000000000 ) );
#8325 = VECTOR( '', #10652, 1.00000000000000 );
#8326 = CARTESIAN_POINT( '', ( -0.00173000000000000, 0.000000000000000, 0.000000000000000 ) );
#8327 = AXIS2_PLACEMENT_3D( '', #10653, #10654, #10655 );
#8328 = CARTESIAN_POINT( '', ( 0.00173000000000000, 0.000000000000000, 0.000000000000000 ) );
#8329 = AXIS2_PLACEMENT_3D( '', #10656, #10657, #10658 );
#8330 = CARTESIAN_POINT( '', ( -0.000748331477354800, 0.000000000000000, -0.000500000000000000 ) );
#8331 = CARTESIAN_POINT( '', ( 0.000748331477354800, 0.000000000000000, -0.000500000000000000 ) );
#8332 = CARTESIAN_POINT( '', ( -0.000748331477354800, 0.000000000000000, -0.000500000000000000 ) );
#8333 = VECTOR( '', #10659, 1.00000000000000 );
#8334 = CARTESIAN_POINT( '', ( -0.000748331477354800, 0.000000000000000, 0.000500000000000000 ) );
#8335 = AXIS2_PLACEMENT_3D( '', #10660, #10661, #10662 );
#8336 = CARTESIAN_POINT( '', ( 0.000748331477354800, 0.000000000000000, 0.000500000000000000 ) );
#8337 = CARTESIAN_POINT( '', ( 0.000748331477354800, 0.000000000000000, 0.000500000000000000 ) );
#8338 = VECTOR( '', #10663, 1.00000000000000 );
#8339 = AXIS2_PLACEMENT_3D( '', #10664, #10665, #10666 );
#8340 = CARTESIAN_POINT( '', ( -0.00185000000000000, 0.000820000000000000, -0.000400000000000000 ) );
#8341 = CARTESIAN_POINT( '', ( -0.00185000000000000, 0.000820000000000000, -0.000400000000000000 ) );
#8342 = VECTOR( '', #10667, 1.00000000000000 );
#8343 = CARTESIAN_POINT( '', ( -0.00190000000000000, 0.000820000000000000, -0.000400000000000000 ) );
#8344 = VECTOR( '', #10668, 1.00000000000000 );
#8345 = CARTESIAN_POINT( '', ( -0.00190000000000000, 0.000820000000000000, -0.000400000000000000 ) );
#8346 = VECTOR( '', #10669, 1.00000000000000 );
#8347 = CARTESIAN_POINT( '', ( -0.00212401104997300, 0.000480487399863500, -0.000459673710213900 ) );
#8348 = CARTESIAN_POINT( '', ( -0.00211436008007700, 0.000501183971594900, -0.000344868680504400 ) );
#8349 = AXIS2_PLACEMENT_3D( '', #10670, #10671, #10672 );
#8350 = CARTESIAN_POINT( '', ( -0.00203338027126900, 0.000438225573689400, -0.000459673710213900 ) );
#8351 = CARTESIAN_POINT( '', ( -0.00212401104997300, 0.000480487399863500, -0.000459673710213900 ) );
#8352 = VECTOR( '', #10673, 1.00000000000000 );
#8353 = CARTESIAN_POINT( '', ( -0.00202372930137300, 0.000458922145420800, -0.000344868680504400 ) );
#8354 = AXIS2_PLACEMENT_3D( '', #10674, #10675, #10676 );
#8355 = CARTESIAN_POINT( '', ( -0.00211436008007700, 0.000501183971594900, -0.000344868680504400 ) );
#8356 = VECTOR( '', #10677, 1.00000000000000 );
#8357 = CARTESIAN_POINT( '', ( -0.00120000000000000, 0.000320000000000000, 0.00208341007191600 ) );
#8358 = AXIS2_PLACEMENT_3D( '', #10678, #10679, #10680 );
#8359 = CARTESIAN_POINT( '', ( -0.00125000000000000, 0.000370000000000000, 0.00185000000000000 ) );
#8360 = CARTESIAN_POINT( '', ( -0.00125000000000000, 0.000370000000000000, 0.00208341007191600 ) );
#8361 = VECTOR( '', #10681, 1.00000000000000 );
#8362 = CARTESIAN_POINT( '', ( -0.00120000000000000, 0.000320000000000000, 0.00185000000000000 ) );
#8363 = AXIS2_PLACEMENT_3D( '', #10682, #10683, #10684 );
#8364 = CARTESIAN_POINT( '', ( -0.00120000000000000, 0.000320000000000000, 0.00208341007191600 ) );
#8365 = VECTOR( '', #10685, 1.00000000000000 );
#8366 = CARTESIAN_POINT( '', ( -0.000650000000000000, 0.00142000000000000, -0.00120000000000000 ) );
#8367 = CARTESIAN_POINT( '', ( -0.000773835423522700, 0.00142000000000000, -0.00120000000000000 ) );
#8368 = VECTOR( '', #10686, 1.00000000000000 );
#8369 = CARTESIAN_POINT( '', ( -0.000650000000000000, 0.00132000000000000, -0.00120000000000000 ) );
#8370 = CARTESIAN_POINT( '', ( -0.000650000000000000, 0.00132000000000000, -0.00120000000000000 ) );
#8371 = VECTOR( '', #10687, 1.00000000000000 );
#8372 = CARTESIAN_POINT( '', ( -0.000750000000000000, 0.00132000000000000, -0.00120000000000000 ) );
#8373 = VECTOR( '', #10688, 1.00000000000000 );
#8374 = CARTESIAN_POINT( '', ( -0.00212401104997300, 0.000480487399863500, 0.000629195449478300 ) );
#8375 = CARTESIAN_POINT( '', ( -0.00212401104997300, 0.000480487399863500, 0.000629195449478300 ) );
#8376 = VECTOR( '', #10689, 1.00000000000000 );
#8377 = CARTESIAN_POINT( '', ( -0.00203338027126900, 0.000438225573689400, 0.000629195449478300 ) );
#8378 = CARTESIAN_POINT( '', ( -0.00203338027126900, 0.000438225573689400, 0.000629195449478300 ) );
#8379 = VECTOR( '', #10690, 1.00000000000000 );
#8380 = CARTESIAN_POINT( '', ( -0.00212401104997300, 0.000480487399863500, 0.000629195449478300 ) );
#8381 = VECTOR( '', #10691, 1.00000000000000 );
#8382 = CARTESIAN_POINT( '', ( 0.00185000000000000, 0.000820000000000000, 0.000400000000000000 ) );
#8383 = CARTESIAN_POINT( '', ( 0.00185000000000000, 0.000820000000000000, 0.000400000000000000 ) );
#8384 = VECTOR( '', #10692, 1.00000000000000 );
#8385 = CARTESIAN_POINT( '', ( 0.00190000000000000, 0.000820000000000000, 0.000400000000000000 ) );
#8386 = CARTESIAN_POINT( '', ( 0.00190000000000000, 0.000820000000000000, 0.000400000000000000 ) );
#8387 = VECTOR( '', #10693, 1.00000000000000 );
#8388 = CARTESIAN_POINT( '', ( 0.00190000000000000, 0.000820000000000000, 0.000400000000000000 ) );
#8389 = VECTOR( '', #10694, 1.00000000000000 );
#8390 = CARTESIAN_POINT( '', ( 0.000750000000000000, 0.00132000000000000, -0.00114999702718100 ) );
#8391 = CARTESIAN_POINT( '', ( 0.000600000000000000, 0.00117000000000000, -0.00114999702718100 ) );
#8392 = AXIS2_PLACEMENT_3D( '', #10695, #10696, #10697 );
#8393 = CARTESIAN_POINT( '', ( 0.000600000000000000, 0.00132000000000000, -0.00114999702718100 ) );
#8394 = CARTESIAN_POINT( '', ( 0.000600000000000000, 0.00117000000000000, -0.00114999702718100 ) );
#8395 = VECTOR( '', #10698, 1.00000000000000 );
#8396 = CARTESIAN_POINT( '', ( 0.000750000000000000, 0.00132000000000000, -0.00114999702718100 ) );
#8397 = VECTOR( '', #10699, 1.00000000000000 );
#8398 = CARTESIAN_POINT( '', ( 0.00192082139761300, 0.000811671440954600, 0.000114805029709600 ) );
#8399 = CARTESIAN_POINT( '', ( 0.00192082139761300, 0.000811671440954600, 0.000114805029709600 ) );
#8400 = VECTOR( '', #10700, 1.00000000000000 );
#8401 = CARTESIAN_POINT( '', ( 0.00202000000000000, 0.000719786098321800, 0.000336635870077100 ) );
#8402 = CARTESIAN_POINT( '', ( 0.00192000000000000, 0.000719786098321800, 0.000336635870077100 ) );
#8403 = VECTOR( '', #10701, 1.00000000000000 );
#8404 = CARTESIAN_POINT( '', ( 0.00202000000000000, 0.000772000000000000, 0.000210580360501100 ) );
#8405 = CARTESIAN_POINT( '', ( 0.00202000000000000, 0.000719786098321800, 0.000336635870077100 ) );
#8406 = VECTOR( '', #10702, 1.00000000000000 );
#8407 = CARTESIAN_POINT( '', ( 0.00192082139761300, 0.000811671440954600, 0.000114805029709600 ) );
#8408 = VECTOR( '', #10703, 1.00000000000000 );
#8409 = CARTESIAN_POINT( '', ( -0.00202000000000000, 0.000703539816339700, 0.000924315743010100 ) );
#8410 = AXIS2_PLACEMENT_3D( '', #10704, #10705, #10706 );
#8411 = CARTESIAN_POINT( '', ( -0.00192936922129600, 0.000661277990165700, 0.000924315743010100 ) );
#8412 = AXIS2_PLACEMENT_3D( '', #10707, #10708, #10709 );
#8413 = CARTESIAN_POINT( '', ( -0.00202000000000000, 0.000703539816339700, 0.000924315743010100 ) );
#8414 = VECTOR( '', #10710, 1.00000000000000 );
#8415 = CARTESIAN_POINT( '', ( -0.00202000000000000, 0.000712931156690200, 0.000927629881061600 ) );
#8416 = CARTESIAN_POINT( '', ( -0.00202000000000000, 0.000712931156690200, 0.000927629881061600 ) );
#8417 = VECTOR( '', #10711, 1.00000000000000 );
#8418 = CARTESIAN_POINT( '', ( -0.00202000000000000, 0.000703539816339700, 0.000926516824424600 ) );
#8419 = AXIS2_PLACEMENT_3D( '', #10712, #10713, #10714 );
#8420 = CARTESIAN_POINT( '', ( -0.00202000000000000, 0.000703539816339700, 0.000926516824424600 ) );
#8421 = VECTOR( '', #10715, 1.00000000000000 );
#8422 = CARTESIAN_POINT( '', ( 0.00180000000000000, 0.00132000000000000, -0.000225000000000000 ) );
#8423 = CARTESIAN_POINT( '', ( 0.00180000000000000, 0.00142000000000000, -0.000225000000000000 ) );
#8424 = CARTESIAN_POINT( '', ( 0.00180000000000000, 0.00132000000000000, -0.000225000000000000 ) );
#8425 = VECTOR( '', #10716, 1.00000000000000 );
#8426 = CARTESIAN_POINT( '', ( 0.00180000000000000, 0.00142000000000000, 0.000225000000000000 ) );
#8427 = CARTESIAN_POINT( '', ( 0.00180000000000000, 0.00142000000000000, -0.000225000000000000 ) );
#8428 = VECTOR( '', #10717, 1.00000000000000 );
#8429 = CARTESIAN_POINT( '', ( 0.00180000000000000, 0.00132000000000000, 0.000225000000000000 ) );
#8430 = CARTESIAN_POINT( '', ( 0.00180000000000000, 0.00132000000000000, 0.000225000000000000 ) );
#8431 = VECTOR( '', #10718, 1.00000000000000 );
#8432 = CARTESIAN_POINT( '', ( 0.00180000000000000, 0.00132000000000000, -0.000225000000000000 ) );
#8433 = VECTOR( '', #10719, 1.00000000000000 );
#8434 = CARTESIAN_POINT( '', ( -0.00118000000000000, 0.00137000000000000, 0.00182000000000000 ) );
#8435 = CARTESIAN_POINT( '', ( -0.00118000000000000, 0.00142000000000000, 0.00187000000000000 ) );
#8436 = AXIS2_PLACEMENT_3D( '', #10720, #10721, #10722 );
#8437 = CARTESIAN_POINT( '', ( 0.00118000000000000, 0.00142000000000000, 0.00187000000000000 ) );
#8438 = CARTESIAN_POINT( '', ( -0.00118000000000000, 0.00142000000000000, 0.00187000000000000 ) );
#8439 = VECTOR( '', #10723, 1.00000000000000 );
#8440 = CARTESIAN_POINT( '', ( 0.00118000000000000, 0.00137000000000000, 0.00182000000000000 ) );
#8441 = AXIS2_PLACEMENT_3D( '', #10724, #10725, #10726 );
#8442 = CARTESIAN_POINT( '', ( -0.00118000000000000, 0.00137000000000000, 0.00182000000000000 ) );
#8443 = VECTOR( '', #10727, 1.00000000000000 );
#8444 = CARTESIAN_POINT( '', ( 0.000838508958775300, 3.00000000000000E-005, -0.000156382980942700 ) );
#8445 = CARTESIAN_POINT( '', ( 0.000838508958775300, 1.00000000000000E-005, -0.000156382980942700 ) );
#8446 = CARTESIAN_POINT( '', ( 0.000838508958775300, 3.00000000000000E-005, -0.000156382980942700 ) );
#8447 = VECTOR( '', #10728, 1.00000000000000 );
#8448 = CARTESIAN_POINT( '', ( 0.000822480675644900, 1.00000000000000E-005, -0.000230851067602600 ) );
#8449 = VECTOR( '', #10729, 1.00000000000000 );
#8450 = CARTESIAN_POINT( '', ( 0.000822480675644900, 3.00000000000000E-005, -0.000230851067602600 ) );
#8451 = VECTOR( '', #10730, 1.00000000000000 );
#8452 = CARTESIAN_POINT( '', ( 0.000550000000000000, 3.00000000000000E-005, -5.21276533603700E-005 ) );
#8453 = CARTESIAN_POINT( '', ( 0.000550000000000000, 1.00000000000000E-005, -5.21276533603700E-005 ) );
#8454 = CARTESIAN_POINT( '', ( 0.000550000000000000, 3.00000000000000E-005, -5.21276533603700E-005 ) );
#8455 = VECTOR( '', #10731, 1.00000000000000 );
#8456 = CARTESIAN_POINT( '', ( 0.000550000000000000, 1.00000000000000E-005, 5.21276533603700E-005 ) );
#8457 = CARTESIAN_POINT( '', ( 0.000550000000000000, 1.00000000000000E-005, 5.21276533603700E-005 ) );
#8458 = VECTOR( '', #10732, 1.00000000000000 );
#8459 = CARTESIAN_POINT( '', ( 0.000550000000000000, 3.00000000000000E-005, 5.21276533603700E-005 ) );
#8460 = CARTESIAN_POINT( '', ( 0.000550000000000000, 3.00000000000000E-005, 5.21276533603700E-005 ) );
#8461 = VECTOR( '', #10733, 1.00000000000000 );
#8462 = CARTESIAN_POINT( '', ( 0.000550000000000000, 3.00000000000000E-005, 5.21276533603700E-005 ) );
#8463 = VECTOR( '', #10734, 1.00000000000000 );
#8464 = CARTESIAN_POINT( '', ( -0.00202000000000000, 0.000761895412975100, 0.000405602917757000 ) );
#8465 = CARTESIAN_POINT( '', ( -0.00202000000000000, 0.000761895412975100, 0.000405602917757000 ) );
#8466 = VECTOR( '', #10735, 1.00000000000000 );
#8467 = CARTESIAN_POINT( '', ( -0.00192000000000000, 0.000761895412975100, 0.000405602917757000 ) );
#8468 = VECTOR( '', #10736, 1.00000000000000 );
#8469 = CARTESIAN_POINT( '', ( -0.00123000000000000, 0.00137000000000000, 0.00208000000000000 ) );
#8470 = CARTESIAN_POINT( '', ( -0.00118000000000000, 0.00142000000000000, 0.00208000000000000 ) );
#8471 = AXIS2_PLACEMENT_3D( '', #10737, #10738, #10739 );
#8472 = CARTESIAN_POINT( '', ( -0.00118000000000000, 0.00142000000000000, 0.00208000000000000 ) );
#8473 = VECTOR( '', #10740, 1.00000000000000 );
#8474 = CARTESIAN_POINT( '', ( -0.00123000000000000, 0.00137000000000000, 0.00187000000000000 ) );
#8475 = AXIS2_PLACEMENT_3D( '', #10741, #10742, #10743 );
#8476 = CARTESIAN_POINT( '', ( -0.00123000000000000, 0.00137000000000000, 0.00208000000000000 ) );
#8477 = VECTOR( '', #10744, 1.00000000000000 );
#8478 = CARTESIAN_POINT( '', ( 0.000606098962295600, 3.00000000000000E-005, 0.000186170232296000 ) );
#8479 = CARTESIAN_POINT( '', ( 0.000606098962295600, 1.00000000000000E-005, 0.000186170232296000 ) );
#8480 = CARTESIAN_POINT( '', ( 0.000606098962295600, 3.00000000000000E-005, 0.000186170232296000 ) );
#8481 = VECTOR( '', #10745, 1.00000000000000 );
#8482 = CARTESIAN_POINT( '', ( 0.000598084826462500, 1.00000000000000E-005, 0.000141489344835300 ) );
#8483 = CARTESIAN_POINT( '', ( 0.000598084826462500, 1.00000000000000E-005, 0.000141489344835300 ) );
#8484 = VECTOR( '', #10746, 1.00000000000000 );
#8485 = CARTESIAN_POINT( '', ( 0.000598084826462500, 3.00000000000000E-005, 0.000141489344835300 ) );
#8486 = CARTESIAN_POINT( '', ( 0.000598084826462500, 3.00000000000000E-005, 0.000141489344835300 ) );
#8487 = VECTOR( '', #10747, 1.00000000000000 );
#8488 = CARTESIAN_POINT( '', ( 0.000598084826462500, 3.00000000000000E-005, 0.000141489344835300 ) );
#8489 = VECTOR( '', #10748, 1.00000000000000 );
#8490 = CARTESIAN_POINT( '', ( 0.00192082139761400, 0.000811671440954600, 0.000114805029709700 ) );
#8491 = CARTESIAN_POINT( '', ( 0.00192054709999200, 0.000811781160003100, 0.000114540144494700 ) );
#8492 = CARTESIAN_POINT( '', ( 0.00192027329913300, 0.000811890680346900, 0.000114274664985700 ) );
#8493 = CARTESIAN_POINT( '', ( 0.00192000000000000, 0.000812000000000000, 0.000114008585243500 ) );
#8494 = CARTESIAN_POINT( '', ( 0.00203338027126900, 0.000438225573689400, 0.000629195449478300 ) );
#8495 = CARTESIAN_POINT( '', ( 0.00192936922129600, 0.000661277990165700, 0.000924315743010100 ) );
#8496 = AXIS2_PLACEMENT_3D( '', #10749, #10750, #10751 );
#8497 = CARTESIAN_POINT( '', ( 0.00212401104997300, 0.000480487399863500, 0.000629195449478300 ) );
#8498 = CARTESIAN_POINT( '', ( 0.00212401104997300, 0.000480487399863500, 0.000629195449478300 ) );
#8499 = VECTOR( '', #10752, 1.00000000000000 );
#8500 = CARTESIAN_POINT( '', ( 0.00202000000000000, 0.000703539816339700, 0.000924315743010100 ) );
#8501 = AXIS2_PLACEMENT_3D( '', #10753, #10754, #10755 );
#8502 = CARTESIAN_POINT( '', ( 0.00202000000000000, 0.000703539816339700, 0.000924315743010100 ) );
#8503 = VECTOR( '', #10756, 1.00000000000000 );
#8504 = CARTESIAN_POINT( '', ( 0.00123000000000000, 0.00137000000000000, 0.00208000000000000 ) );
#8505 = CARTESIAN_POINT( '', ( 0.00118000000000000, 0.00142000000000000, 0.00208000000000000 ) );
#8506 = AXIS2_PLACEMENT_3D( '', #10757, #10758, #10759 );
#8507 = CARTESIAN_POINT( '', ( 0.00118000000000000, 0.00137000000000000, 0.00213000000000000 ) );
#8508 = AXIS2_PLACEMENT_3D( '', #10760, #10761, #10762 );
#8509 = AXIS2_PLACEMENT_3D( '', #10763, #10764, #10765 );
#8510 = CARTESIAN_POINT( '', ( -0.00153000000000000, 0.000450000000000000, 0.000000000000000 ) );
#8511 = AXIS2_PLACEMENT_3D( '', #10766, #10767, #10768 );
#8512 = CARTESIAN_POINT( '', ( -0.00113000000000000, 0.000100000000000000, 0.000000000000000 ) );
#8513 = AXIS2_PLACEMENT_3D( '', #10769, #10770, #10771 );
#8514 = CARTESIAN_POINT( '', ( 0.00201785848108400, 0.00129525607989300, -0.000986185059469200 ) );
#8515 = CARTESIAN_POINT( '', ( 0.00187000000000000, 0.00142000000000000, -0.00106056912752500 ) );
#8516 = CARTESIAN_POINT( '', ( 0.00201785848108400, 0.00129525607989300, -0.000986185059469200 ) );
#8517 = CARTESIAN_POINT( '', ( 0.00201682532032800, 0.00130130458705100, -0.000986528392147000 ) );
#8518 = CARTESIAN_POINT( '', ( 0.00201401771908700, 0.00131328066363300, -0.000987443341297700 ) );
#8519 = CARTESIAN_POINT( '', ( 0.00200759266628700, 0.00133067667128800, -0.000989530966210800 ) );
#8520 = CARTESIAN_POINT( '', ( 0.00199915408679300, 0.00134702477004200, -0.000992326970249400 ) );
#8521 = CARTESIAN_POINT( '', ( 0.00198869409582200, 0.00136233246107600, -0.000995934273396500 ) );
#8522 = CARTESIAN_POINT( '', ( 0.00197655343130200, 0.00137610590539900, -0.00100034490619000 ) );
#8523 = CARTESIAN_POINT( '', ( 0.00196280963403000, 0.00138831591915900, -0.00100565832756900 ) );
#8524 = CARTESIAN_POINT( '', ( 0.00194778025821600, 0.00139868373664600, -0.00101196814552500 ) );
#8525 = CARTESIAN_POINT( '', ( 0.00193185439154800, 0.00140704281643300, -0.00101935946467700 ) );
#8526 = CARTESIAN_POINT( '', ( 0.00191533639323200, 0.00141333058244600, -0.00102794886397000 ) );
#8527 = CARTESIAN_POINT( '', ( 0.00189914850455100, 0.00141743804299000, -0.00103763202417300 ) );
#8528 = CARTESIAN_POINT( '', ( 0.00188365561229300, 0.00141962305630900, -0.00104855155875800 ) );
#8529 = CARTESIAN_POINT( '', ( 0.00187436705792500, 0.00142000000000000, -0.00105643041910900 ) );
#8530 = CARTESIAN_POINT( '', ( 0.00187000000000000, 0.00142000000000000, -0.00106056912752500 ) );
#8531 = CARTESIAN_POINT( '', ( 0.00191928616036100, 0.00127841869329800, -0.000986185059469200 ) );
#8532 = CARTESIAN_POINT( '', ( 0.00191928616036100, 0.00127841869329800, -0.000986185059469200 ) );
#8533 = VECTOR( '', #10772, 1.00000000000000 );
#8534 = CARTESIAN_POINT( '', ( 0.00187000000000000, 0.00132000000000000, -0.00106056912752500 ) );
#8535 = CARTESIAN_POINT( '', ( 0.00187000000000000, 0.00132000000000000, -0.00106056912752500 ) );
#8536 = CARTESIAN_POINT( '', ( 0.00187199172862000, 0.00132000000000000, -0.00105490637872900 ) );
#8537 = CARTESIAN_POINT( '', ( 0.00187634713691700, 0.00131975326228400, -0.00104444295274300 ) );
#8538 = CARTESIAN_POINT( '', ( 0.00188327052557600, 0.00131838638911900, -0.00103119248807900 ) );
#8539 = CARTESIAN_POINT( '', ( 0.00189015701235800, 0.00131595198687400, -0.00102007338937200 ) );
#8540 = CARTESIAN_POINT( '', ( 0.00189664988282200, 0.00131252018669000, -0.00101096306689600 ) );
#8541 = CARTESIAN_POINT( '', ( 0.00190261078074700, 0.00130813661132300, -0.00100362134048600 ) );
#8542 = CARTESIAN_POINT( '', ( 0.00190774918876700, 0.00130304851265300, -0.000997860375829500 ) );
#8543 = CARTESIAN_POINT( '', ( 0.00191204655944400, 0.00129735653869400, -0.000993343246881000 ) );
#8544 = CARTESIAN_POINT( '', ( 0.00191538266747700, 0.00129135211798000, -0.000990004098973900 ) );
#8545 = CARTESIAN_POINT( '', ( 0.00191786168721300, 0.00128498832426500, -0.000987583907179700 ) );
#8546 = CARTESIAN_POINT( '', ( 0.00191891078258800, 0.00128061629433500, -0.000986559288132200 ) );
#8547 = CARTESIAN_POINT( '', ( 0.00191928616036100, 0.00127841869329800, -0.000986185059469200 ) );
#8548 = CARTESIAN_POINT( '', ( 0.00187000000000000, 0.00132000000000000, -0.00106056912752500 ) );
#8549 = VECTOR( '', #10773, 1.00000000000000 );
#8550 = CARTESIAN_POINT( '', ( 0.000773835423522700, 0.00132000000000000, -0.00120000000000000 ) );
#8551 = CARTESIAN_POINT( '', ( 0.000773835423522700, 0.00142000000000000, -0.00120000000000000 ) );
#8552 = CARTESIAN_POINT( '', ( 0.000773835423522700, 0.00132000000000000, -0.00120000000000000 ) );
#8553 = VECTOR( '', #10774, 1.00000000000000 );
#8554 = CARTESIAN_POINT( '', ( 0.000921617186745600, 0.00142000000000000, -0.00132429882378700 ) );
#8555 = AXIS2_PLACEMENT_3D( '', #10775, #10776, #10777 );
#8556 = CARTESIAN_POINT( '', ( 0.000921617186745600, 0.00132000000000000, -0.00132429882378700 ) );
#8557 = CARTESIAN_POINT( '', ( 0.000921617186745600, 0.00132000000000000, -0.00132429882378700 ) );
#8558 = VECTOR( '', #10778, 1.00000000000000 );
#8559 = AXIS2_PLACEMENT_3D( '', #10779, #10780, #10781 );
#8560 = CARTESIAN_POINT( '', ( -0.000350000000000000, -1.96614017737900E-005, -0.00123990653216500 ) );
#8561 = AXIS2_PLACEMENT_3D( '', #10782, #10783, #10784 );
#8562 = CARTESIAN_POINT( '', ( 0.000350000000000000, -1.96614017737900E-005, -0.00123990653216500 ) );
#8563 = CARTESIAN_POINT( '', ( -0.000350000000000000, -1.96614017737900E-005, -0.00123990653216500 ) );
#8564 = VECTOR( '', #10785, 1.00000000000000 );
#8565 = CARTESIAN_POINT( '', ( 0.000500000000000000, 0.000128491849315500, -0.00121644136240900 ) );
#8566 = AXIS2_PLACEMENT_3D( '', #10786, #10787, #10788 );
#8567 = CARTESIAN_POINT( '', ( 0.000500000000000000, 0.000165430620116900, -0.00121059083587000 ) );
#8568 = CARTESIAN_POINT( '', ( 0.000500000000000000, 0.000128491849315500, -0.00121644136240900 ) );
#8569 = VECTOR( '', #10789, 1.00000000000000 );
#8570 = CARTESIAN_POINT( '', ( -0.000500000000000000, 0.000165430620116900, -0.00121059083587000 ) );
#8571 = VECTOR( '', #10790, 1.00000000000000 );
#8572 = CARTESIAN_POINT( '', ( 0.00198345568941800, 0.000545289184973200, 0.000114805029709500 ) );
#8573 = CARTESIAN_POINT( '', ( 0.00202372930137300, 0.000458922145420800, 0.000344868680504400 ) );
#8574 = CARTESIAN_POINT( '', ( 0.00198345568941800, 0.000545289184973200, 0.000114805029709500 ) );
#8575 = VECTOR( '', #10791, 1.00000000000000 );
#8576 = CARTESIAN_POINT( '', ( 0.00207408646812100, 0.000587551011147300, 0.000114805029709500 ) );
#8577 = CARTESIAN_POINT( '', ( 0.00198345568941800, 0.000545289184973200, 0.000114805029709500 ) );
#8578 = VECTOR( '', #10792, 1.00000000000000 );
#8579 = CARTESIAN_POINT( '', ( 0.00211436008007700, 0.000501183971594900, 0.000344868680504400 ) );
#8580 = CARTESIAN_POINT( '', ( 0.00207408646812100, 0.000587551011147300, 0.000114805029709500 ) );
#8581 = VECTOR( '', #10793, 1.00000000000000 );
#8582 = CARTESIAN_POINT( '', ( 0.00211436008007700, 0.000501183971594900, 0.000344868680504400 ) );
#8583 = VECTOR( '', #10794, 1.00000000000000 );
#8584 = CARTESIAN_POINT( '', ( 0.00190000000000000, 0.000150000000000000, 0.000500000000000000 ) );
#8585 = CARTESIAN_POINT( '', ( 0.00190000000000000, 0.000150000000000000, 0.000500000000000000 ) );
#8586 = VECTOR( '', #10795, 1.00000000000000 );
#8587 = CARTESIAN_POINT( '', ( 0.00190000000000000, 0.00114679491924300, 0.000400000000000000 ) );
#8588 = VECTOR( '', #10796, 1.00000000000000 );
#8589 = CARTESIAN_POINT( '', ( 0.00190000000000000, 0.000150000000000000, 0.00110000000000000 ) );
#8590 = CARTESIAN_POINT( '', ( 0.00190000000000000, 0.000150000000000000, 0.00110000000000000 ) );
#8591 = VECTOR( '', #10797, 1.00000000000000 );
#8592 = CARTESIAN_POINT( '', ( 0.00190000000000000, 0.000150000000000000, 0.000500000000000000 ) );
#8593 = VECTOR( '', #10798, 1.00000000000000 );
#8594 = CARTESIAN_POINT( '', ( -0.00192936922129600, 0.000661277990165700, -0.000924315743010100 ) );
#8595 = CARTESIAN_POINT( '', ( -0.00192936922129600, 0.000661277990165700, -0.000924315743010100 ) );
#8596 = CARTESIAN_POINT( '', ( -0.00192783191278400, 0.000664574758908500, -0.000924527171279400 ) );
#8597 = CARTESIAN_POINT( '', ( -0.00192511788470000, 0.000671335290414500, -0.000924935893614700 ) );
#8598 = CARTESIAN_POINT( '', ( -0.00192217620266400, 0.000681855042560300, -0.000925506711711800 ) );
#8599 = CARTESIAN_POINT( '', ( -0.00192039708740400, 0.000692631455924700, -0.000926035858915400 ) );
#8600 = CARTESIAN_POINT( '', ( -0.00192000000000000, 0.000699903570630400, -0.000926361107001600 ) );
#8601 = CARTESIAN_POINT( '', ( -0.00192000000000000, 0.000703539816339700, -0.000926516824424600 ) );
#8602 = CARTESIAN_POINT( '', ( -0.00192000000000000, 0.000703539816339700, 0.000926516824424600 ) );
#8603 = CARTESIAN_POINT( '', ( -0.00192000000000000, 0.000699903570630400, 0.000926361107001600 ) );
#8604 = CARTESIAN_POINT( '', ( -0.00192039708740400, 0.000692631455924700, 0.000926035858915400 ) );
#8605 = CARTESIAN_POINT( '', ( -0.00192217620266400, 0.000681855042560300, 0.000925506711711800 ) );
#8606 = CARTESIAN_POINT( '', ( -0.00192511788470000, 0.000671335290414500, 0.000924935893614700 ) );
#8607 = CARTESIAN_POINT( '', ( -0.00192783191278400, 0.000664574758908500, 0.000924527171279400 ) );
#8608 = CARTESIAN_POINT( '', ( -0.00192936922129600, 0.000661277990165700, 0.000924315743010100 ) );
#8609 = CARTESIAN_POINT( '', ( -0.00192936922129600, 0.000661277990165700, -0.000924315743010100 ) );
#8610 = VECTOR( '', #10799, 1.00000000000000 );
#8611 = CARTESIAN_POINT( '', ( 0.00120000000000000, 0.00132000000000000, 0.00125000000000000 ) );
#8612 = CARTESIAN_POINT( '', ( 0.00120000000000000, 0.00142000000000000, 0.00125000000000000 ) );
#8613 = CARTESIAN_POINT( '', ( 0.00120000000000000, 0.00132000000000000, 0.00125000000000000 ) );
#8614 = VECTOR( '', #10800, 1.00000000000000 );
#8615 = CARTESIAN_POINT( '', ( 0.000514575131106500, 0.00142000000000000, 0.00125000000000000 ) );
#8616 = CARTESIAN_POINT( '', ( 0.00120000000000000, 0.00142000000000000, 0.00125000000000000 ) );
#8617 = VECTOR( '', #10801, 1.00000000000000 );
#8618 = CARTESIAN_POINT( '', ( 0.000514575131106400, 0.00132000000000000, 0.00125000000000000 ) );
#8619 = CARTESIAN_POINT( '', ( 0.000514575131106400, 0.00132000000000000, 0.00125000000000000 ) );
#8620 = VECTOR( '', #10802, 1.00000000000000 );
#8621 = CARTESIAN_POINT( '', ( 0.00120000000000000, 0.00132000000000000, 0.00125000000000000 ) );
#8622 = VECTOR( '', #10803, 1.00000000000000 );
#8623 = CARTESIAN_POINT( '', ( -0.00185000000000000, 0.000820000000000000, 0.000400000000000000 ) );
#8624 = CARTESIAN_POINT( '', ( -0.00185000000000000, 0.000000000000000, 0.000500000000000000 ) );
#8625 = VECTOR( '', #10804, 1.00000000000000 );
#8626 = CARTESIAN_POINT( '', ( -0.00185000000000000, 0.000820000000000000, 0.000400000000000000 ) );
#8627 = VECTOR( '', #10805, 1.00000000000000 );
#8628 = CARTESIAN_POINT( '', ( -0.000750000000000000, 0.00132000000000000, -0.00114999702718100 ) );
#8629 = CARTESIAN_POINT( '', ( -0.000600000000000000, 0.00117000000000000, -0.00114999702718100 ) );
#8630 = AXIS2_PLACEMENT_3D( '', #10806, #10807, #10808 );
#8631 = CARTESIAN_POINT( '', ( -0.000600000000000000, 0.00117000000000000, -0.00140000000000000 ) );
#8632 = CARTESIAN_POINT( '', ( -0.000600000000000000, 0.00117000000000000, -0.00114999702718100 ) );
#8633 = VECTOR( '', #10809, 1.00000000000000 );
#8634 = AXIS2_PLACEMENT_3D( '', #10810, #10811, #10812 );
#8635 = CARTESIAN_POINT( '', ( -0.000750000000000000, 0.00132000000000000, -0.00114999702718100 ) );
#8636 = VECTOR( '', #10813, 1.00000000000000 );
#8637 = CARTESIAN_POINT( '', ( 0.000500000000000000, 0.00126651217631300, -0.00127987820251300 ) );
#8638 = CARTESIAN_POINT( '', ( 0.000500000000000000, 0.00127520849372400, -0.00127972797596000 ) );
#8639 = AXIS2_PLACEMENT_3D( '', #10814, #10815, #10816 );
#8640 = CARTESIAN_POINT( '', ( 0.000560000000000000, 0.00132000000000000, -0.00123000000000000 ) );
#8641 = CARTESIAN_POINT( '', ( 0.000500000000000000, 0.00127520849372400, -0.00127972797596000 ) );
#8642 = CARTESIAN_POINT( '', ( 0.000500000000000000, 0.00127750058481500, -0.00127948790300700 ) );
#8643 = CARTESIAN_POINT( '', ( 0.000500286874276400, 0.00128207486809100, -0.00127868666585100 ) );
#8644 = CARTESIAN_POINT( '', ( 0.000501591430805400, 0.00128874315159700, -0.00127653325554500 ) );
#8645 = CARTESIAN_POINT( '', ( 0.000503844555672900, 0.00129516077908300, -0.00127340559449000 ) );
#8646 = CARTESIAN_POINT( '', ( 0.000507113243319400, 0.00130112487746700, -0.00126935620651900 ) );
#8647 = CARTESIAN_POINT( '', ( 0.000511546472404700, 0.00130655851107600, -0.00126437705915600 ) );
#8648 = CARTESIAN_POINT( '', ( 0.000517311768605500, 0.00131125207040100, -0.00125858441692100 ) );
#8649 = CARTESIAN_POINT( '', ( 0.000524750380872600, 0.00131510191516900, -0.00125203230408100 ) );
#8650 = CARTESIAN_POINT( '', ( 0.000534086744519800, 0.00131795510322200, -0.00124484563525200 ) );
#8651 = CARTESIAN_POINT( '', ( 0.000545592849486800, 0.00131966258612900, -0.00123729302920500 ) );
#8652 = CARTESIAN_POINT( '', ( 0.000554901403071200, 0.00132000000000000, -0.00123233649120000 ) );
#8653 = CARTESIAN_POINT( '', ( 0.000560000000000000, 0.00132000000000000, -0.00123000000000000 ) );
#8654 = CARTESIAN_POINT( '', ( -0.000560000000000000, 0.00132000000000000, -0.00123000000000000 ) );
#8655 = CARTESIAN_POINT( '', ( -0.000560000000000000, 0.00132000000000000, -0.00123000000000000 ) );
#8656 = VECTOR( '', #10817, 1.00000000000000 );
#8657 = CARTESIAN_POINT( '', ( -0.000560000000000000, 0.00132000000000000, -0.00123000000000000 ) );
#8658 = CARTESIAN_POINT( '', ( -0.000554901403071200, 0.00132000000000000, -0.00123233649120000 ) );
#8659 = CARTESIAN_POINT( '', ( -0.000545592849486800, 0.00131966258612900, -0.00123729302920500 ) );
#8660 = CARTESIAN_POINT( '', ( -0.000534086744519800, 0.00131795510322200, -0.00124484563525200 ) );
#8661 = CARTESIAN_POINT( '', ( -0.000524750380872600, 0.00131510191516900, -0.00125203230408100 ) );
#8662 = CARTESIAN_POINT( '', ( -0.000517311768605500, 0.00131125207040100, -0.00125858441692100 ) );
#8663 = CARTESIAN_POINT( '', ( -0.000511546472404700, 0.00130655851107600, -0.00126437705915600 ) );
#8664 = CARTESIAN_POINT( '', ( -0.000507113243319400, 0.00130112487746700, -0.00126935620651900 ) );
#8665 = CARTESIAN_POINT( '', ( -0.000503844555672900, 0.00129516077908300, -0.00127340559449000 ) );
#8666 = CARTESIAN_POINT( '', ( -0.000501591430805400, 0.00128874315159700, -0.00127653325554500 ) );
#8667 = CARTESIAN_POINT( '', ( -0.000500286874276400, 0.00128207486809100, -0.00127868666585100 ) );
#8668 = CARTESIAN_POINT( '', ( -0.000500000000000000, 0.00127750058481500, -0.00127948790300700 ) );
#8669 = CARTESIAN_POINT( '', ( -0.000500000000000000, 0.00127520849372400, -0.00127972797596000 ) );
#8670 = CARTESIAN_POINT( '', ( -0.000500000000000000, 0.00126651217631300, -0.00127987820251300 ) );
#8671 = VECTOR( '', #10818, 1.00000000000000 );
#8672 = CARTESIAN_POINT( '', ( -0.00118000000000000, 0.00132000000000000, 0.00182000000000000 ) );
#8673 = CARTESIAN_POINT( '', ( -0.00118000000000000, 0.00132000000000000, 0.00182000000000000 ) );
#8674 = VECTOR( '', #10819, 1.00000000000000 );
#8675 = CARTESIAN_POINT( '', ( -0.00123000000000000, 0.00132000000000000, 0.00187000000000000 ) );
#8676 = AXIS2_PLACEMENT_3D( '', #10820, #10821, #10822 );
#8677 = CARTESIAN_POINT( '', ( -0.00123000000000000, 0.00132000000000000, 0.00187000000000000 ) );
#8678 = VECTOR( '', #10823, 1.00000000000000 );
#8679 = AXIS2_PLACEMENT_3D( '', #10824, #10825, #10826 );
#8680 = CARTESIAN_POINT( '', ( -0.00198345568941800, 0.000545289184973200, -0.000114805029709500 ) );
#8681 = VECTOR( '', #10827, 1.00000000000000 );
#8682 = CARTESIAN_POINT( '', ( -0.00207408646812100, 0.000587551011147300, -0.000114805029709500 ) );
#8683 = VECTOR( '', #10828, 1.00000000000000 );
#8684 = CARTESIAN_POINT( '', ( 0.00187000000000000, 0.00132000000000000, 0.000376986841535700 ) );
#8685 = CARTESIAN_POINT( '', ( 0.00187000000000000, 0.00142000000000000, 0.000376986841535700 ) );
#8686 = CARTESIAN_POINT( '', ( 0.00187000000000000, 0.00132000000000000, 0.000376986841535700 ) );
#8687 = VECTOR( '', #10829, 1.00000000000000 );
#8688 = CARTESIAN_POINT( '', ( 0.00202000006717500, 0.00126999997582500, 0.000424986115549100 ) );
#8689 = CARTESIAN_POINT( '', ( 0.00202000006717500, 0.00127594246795300, 0.000424962417427100 ) );
#8690 = CARTESIAN_POINT( '', ( 0.00201929512599200, 0.00128786004028000, 0.000424769973579900 ) );
#8691 = CARTESIAN_POINT( '', ( 0.00201607636084700, 0.00130563798788900, 0.000423970190162100 ) );
#8692 = CARTESIAN_POINT( '', ( 0.00201076205616200, 0.00132287185437100, 0.000422689452292400 ) );
#8693 = CARTESIAN_POINT( '', ( 0.00200332930079800, 0.00133953126906800, 0.000420882093826400 ) );
#8694 = CARTESIAN_POINT( '', ( 0.00199392991508900, 0.00135515371215700, 0.000418547741135400 ) );
#8695 = CARTESIAN_POINT( '', ( 0.00198276591515600, 0.00136947206220600, 0.000415688611083000 ) );
#8696 = CARTESIAN_POINT( '', ( 0.00196984265164600, 0.00138243773325400, 0.000412233696569400 ) );
#8697 = CARTESIAN_POINT( '', ( 0.00195556249420400, 0.00139364837907200, 0.000408200706349600 ) );
#8698 = CARTESIAN_POINT( '', ( 0.00193995287843000, 0.00140311022266200, 0.000403513113799000 ) );
#8699 = CARTESIAN_POINT( '', ( 0.00192326998490900, 0.00141061469491600, 0.000398121478275900 ) );
#8700 = CARTESIAN_POINT( '', ( 0.00190595804912000, 0.00141600382675900, 0.000392009801235900 ) );
#8701 = CARTESIAN_POINT( '', ( 0.00188801009619000, 0.00141928458657300, 0.000385020477855400 ) );
#8702 = CARTESIAN_POINT( '', ( 0.00187598578009300, 0.00142000000000000, 0.000379779929792900 ) );
#8703 = CARTESIAN_POINT( '', ( 0.00187000000000000, 0.00142000000000000, 0.000376986841535700 ) );
#8704 = CARTESIAN_POINT( '', ( 0.00188983690157900, 0.00131589659394500, 0.000400000000000000 ) );
#8705 = CARTESIAN_POINT( '', ( 0.00188983690157900, 0.00131589659394500, 0.000400000000000000 ) );
#8706 = CARTESIAN_POINT( '', ( 0.00189227165202400, 0.00131484427391900, 0.000402401837803900 ) );
#8707 = CARTESIAN_POINT( '', ( 0.00189692871824700, 0.00131236565313300, 0.000406766607378500 ) );
#8708 = CARTESIAN_POINT( '', ( 0.00190302101930200, 0.00130779597366600, 0.000412040780821100 ) );
#8709 = CARTESIAN_POINT( '', ( 0.00190827342485500, 0.00130245520276200, 0.000416252384320700 ) );
#8710 = CARTESIAN_POINT( '', ( 0.00191258799538100, 0.00129653539415800, 0.000419515932695300 ) );
#8711 = CARTESIAN_POINT( '', ( 0.00191599038984600, 0.00129005628963300, 0.000422003365224200 ) );
#8712 = CARTESIAN_POINT( '', ( 0.00191834610602800, 0.00128337427022300, 0.000423706650190000 ) );
#8713 = CARTESIAN_POINT( '', ( 0.00191971386390400, 0.00127661979413100, 0.000424725935055000 ) );
#8714 = CARTESIAN_POINT( '', ( 0.00192000082519900, 0.00127218264844700, 0.000424958987535400 ) );
#8715 = CARTESIAN_POINT( '', ( 0.00192000082519900, 0.00126999997032300, 0.000424985209200400 ) );
#8716 = CARTESIAN_POINT( '', ( 0.00189159259880300, 0.00132000000000000, 0.000400000000000000 ) );
#8717 = CARTESIAN_POINT( '', ( 0.00188983690157900, 0.00131589659394500, 0.000400000000000000 ) );
#8718 = VECTOR( '', #10830, 1.00000000000000 );
#8719 = CARTESIAN_POINT( '', ( 0.00189159259880300, 0.00132000000000000, 0.000400000000000000 ) );
#8720 = CARTESIAN_POINT( '', ( 0.00189052645212400, 0.00132000000000000, 0.000399185199105700 ) );
#8721 = CARTESIAN_POINT( '', ( 0.00188843985098600, 0.00132000000000000, 0.000397506235684200 ) );
#8722 = CARTESIAN_POINT( '', ( 0.00188545926496500, 0.00132000000000000, 0.000394869794133300 ) );
#8723 = CARTESIAN_POINT( '', ( 0.00188255705210200, 0.00132000000000000, 0.000392069819782900 ) );
#8724 = CARTESIAN_POINT( '', ( 0.00187963344191500, 0.00132000000000000, 0.000389006349113900 ) );
#8725 = CARTESIAN_POINT( '', ( 0.00187661443067100, 0.00132000000000000, 0.000385575044991900 ) );
#8726 = CARTESIAN_POINT( '', ( 0.00187344388093600, 0.00132000000000000, 0.000381668617514800 ) );
#8727 = CARTESIAN_POINT( '', ( 0.00187116582523700, 0.00132000000000000, 0.000378618835726800 ) );
#8728 = CARTESIAN_POINT( '', ( 0.00187000000000000, 0.00132000000000000, 0.000376986841535700 ) );
#8729 = CARTESIAN_POINT( '', ( -0.00189159259871900, 0.00132000000000000, 0.000400000000000000 ) );
#8730 = CARTESIAN_POINT( '', ( -0.00188983690150500, 0.00131589659397700, 0.000400000000000000 ) );
#8731 = CARTESIAN_POINT( '', ( -0.00189159259871900, 0.00132000000000000, 0.000400000000000000 ) );
#8732 = VECTOR( '', #10831, 1.00000000000000 );
#8733 = CARTESIAN_POINT( '', ( -0.00192000082520000, 0.00126999997032500, 0.000424985208510900 ) );
#8734 = CARTESIAN_POINT( '', ( -0.00192000082520000, 0.00127218263390000, 0.000424958987024500 ) );
#8735 = CARTESIAN_POINT( '', ( -0.00191971386823400, 0.00127661975349000, 0.000424725938821100 ) );
#8736 = CARTESIAN_POINT( '', ( -0.00191834612068600, 0.00128337421165800, 0.000423706660806000 ) );
#8737 = CARTESIAN_POINT( '', ( -0.00191599042698400, 0.00129005620360700, 0.000422003392122500 ) );
#8738 = CARTESIAN_POINT( '', ( -0.00191258803420200, 0.00129653533453700, 0.000419515961501700 ) );
#8739 = CARTESIAN_POINT( '', ( -0.00190827345901300, 0.00130245516364400, 0.000416252410944700 ) );
#8740 = CARTESIAN_POINT( '', ( -0.00190302104726900, 0.00130779595014400, 0.000412040804339800 ) );
#8741 = CARTESIAN_POINT( '', ( -0.00189692873799200, 0.00131236564163400, 0.000406766625563500 ) );
#8742 = CARTESIAN_POINT( '', ( -0.00189227165925800, 0.00131484427079700, 0.000402401845022000 ) );
#8743 = CARTESIAN_POINT( '', ( -0.00188983690150500, 0.00131589659397700, 0.000400000000000000 ) );
#8744 = CARTESIAN_POINT( '', ( -0.00187000000000000, 0.00142000000000000, 0.000376986841535700 ) );
#8745 = CARTESIAN_POINT( '', ( -0.00187000000000000, 0.00142000000000000, 0.000376986841535700 ) );
#8746 = CARTESIAN_POINT( '', ( -0.00187598577985800, 0.00142000000000000, 0.000379779929683200 ) );
#8747 = CARTESIAN_POINT( '', ( -0.00188801009561700, 0.00141928458663100, 0.000385020477618500 ) );
#8748 = CARTESIAN_POINT( '', ( -0.00190595804851400, 0.00141600382691300, 0.000392009801020200 ) );
#8749 = CARTESIAN_POINT( '', ( -0.00192326998465800, 0.00141061469504000, 0.000398121478193200 ) );
#8750 = CARTESIAN_POINT( '', ( -0.00193995287860000, 0.00140311022255800, 0.000403513113856500 ) );
#8751 = CARTESIAN_POINT( '', ( -0.00195556249353100, 0.00139364837948900, 0.000408200706124400 ) );
#8752 = CARTESIAN_POINT( '', ( -0.00196984265053000, 0.00138243773420200, 0.000412233696374500 ) );
#8753 = CARTESIAN_POINT( '', ( -0.00198276591348400, 0.00136947206404000, 0.000415688610226100 ) );
#8754 = CARTESIAN_POINT( '', ( -0.00199392991425600, 0.00135515371365600, 0.000418547742482000 ) );
#8755 = CARTESIAN_POINT( '', ( -0.00200332930289500, 0.00133953126546600, 0.000420882088567000 ) );
#8756 = CARTESIAN_POINT( '', ( -0.00201076205726300, 0.00132287185068500, 0.000422689474130600 ) );
#8757 = CARTESIAN_POINT( '', ( -0.00201607635784800, 0.00130563799692000, 0.000423970108915400 ) );
#8758 = CARTESIAN_POINT( '', ( -0.00201929512310700, 0.00128786006433500, 0.000424770273369500 ) );
#8759 = CARTESIAN_POINT( '', ( -0.00202000006717400, 0.00127594247870700, 0.000424961769833600 ) );
#8760 = CARTESIAN_POINT( '', ( -0.00202000006717400, 0.00126999997582500, 0.000424985467997800 ) );
#8761 = CARTESIAN_POINT( '', ( -0.00187000000000000, 0.00132000000000000, 0.000376986841535700 ) );
#8762 = CARTESIAN_POINT( '', ( -0.00187000000000000, 0.00132000000000000, 0.000376986841535700 ) );
#8763 = VECTOR( '', #10832, 1.00000000000000 );
#8764 = CARTESIAN_POINT( '', ( -0.00187000000000000, 0.00132000000000000, 0.000376986841535700 ) );
#8765 = CARTESIAN_POINT( '', ( -0.00187132138717200, 0.00132000000000000, 0.000378836600933800 ) );
#8766 = CARTESIAN_POINT( '', ( -0.00187391172192900, 0.00132000000000000, 0.000382283609777200 ) );
#8767 = CARTESIAN_POINT( '', ( -0.00187753075707200, 0.00132000000000000, 0.000386662381945300 ) );
#8768 = CARTESIAN_POINT( '', ( -0.00188101001021400, 0.00132000000000000, 0.000390495918713100 ) );
#8769 = CARTESIAN_POINT( '', ( -0.00188443056661700, 0.00132000000000000, 0.000393919547394100 ) );
#8770 = CARTESIAN_POINT( '', ( -0.00188790784882700, 0.00132000000000000, 0.000397068562170100 ) );
#8771 = CARTESIAN_POINT( '', ( -0.00189034728281300, 0.00132000000000000, 0.000399048269305800 ) );
#8772 = CARTESIAN_POINT( '', ( -0.00189159259871900, 0.00132000000000000, 0.000400000000000000 ) );
#8773 = CARTESIAN_POINT( '', ( 0.000726311034184100, 3.00000000000000E-005, -0.000275531913340100 ) );
#8774 = CARTESIAN_POINT( '', ( 0.000726311034184100, 1.00000000000000E-005, -0.000275531913340100 ) );
#8775 = CARTESIAN_POINT( '', ( 0.000726311034184100, 3.00000000000000E-005, -0.000275531913340100 ) );
#8776 = VECTOR( '', #10833, 1.00000000000000 );
#8777 = CARTESIAN_POINT( '', ( 0.000750353435951000, 1.00000000000000E-005, -0.000260638298094300 ) );
#8778 = CARTESIAN_POINT( '', ( 0.000750353435951000, 1.00000000000000E-005, -0.000260638298094300 ) );
#8779 = VECTOR( '', #10834, 1.00000000000000 );
#8780 = CARTESIAN_POINT( '', ( 0.000750353435951000, 3.00000000000000E-005, -0.000260638298094300 ) );
#8781 = CARTESIAN_POINT( '', ( 0.000750353435951000, 3.00000000000000E-005, -0.000260638298094300 ) );
#8782 = VECTOR( '', #10835, 1.00000000000000 );
#8783 = CARTESIAN_POINT( '', ( 0.000750353435951000, 3.00000000000000E-005, -0.000260638298094300 ) );
#8784 = VECTOR( '', #10836, 1.00000000000000 );
#8785 = CARTESIAN_POINT( '', ( -0.00210000000000000, 0.00106000000000000, -0.000400000000000000 ) );
#8786 = CARTESIAN_POINT( '', ( -0.00210000000000000, 0.00106000000000000, 0.000400000000000000 ) );
#8787 = CARTESIAN_POINT( '', ( -0.00210000000000000, 0.00106000000000000, -0.000400000000000000 ) );
#8788 = VECTOR( '', #10837, 1.00000000000000 );
#8789 = CARTESIAN_POINT( '', ( -0.00190000000000000, 0.00132000000000000, 0.000400000000000000 ) );
#8790 = CARTESIAN_POINT( '', ( -0.00190000000000000, 0.00132000000000000, 0.000400000000000000 ) );
#8791 = VECTOR( '', #10838, 1.00000000000000 );
#8792 = CARTESIAN_POINT( '', ( -0.00190000000000000, 0.00132000000000000, -0.000400000000000000 ) );
#8793 = CARTESIAN_POINT( '', ( -0.00190000000000000, 0.00132000000000000, -0.000400000000000000 ) );
#8794 = VECTOR( '', #10839, 1.00000000000000 );
#8795 = CARTESIAN_POINT( '', ( -0.00190000000000000, 0.00132000000000000, -0.000400000000000000 ) );
#8796 = VECTOR( '', #10840, 1.00000000000000 );
#8797 = CARTESIAN_POINT( '', ( 0.000750353435951000, 3.00000000000000E-005, 0.000335106384754200 ) );
#8798 = CARTESIAN_POINT( '', ( 0.000750353435951000, 1.00000000000000E-005, 0.000335106384754200 ) );
#8799 = CARTESIAN_POINT( '', ( 0.000750353435951000, 3.00000000000000E-005, 0.000335106384754200 ) );
#8800 = VECTOR( '', #10841, 1.00000000000000 );
#8801 = CARTESIAN_POINT( '', ( 0.000790424132312700, 1.00000000000000E-005, 0.000290425539016700 ) );
#8802 = CARTESIAN_POINT( '', ( 0.000790424132312700, 1.00000000000000E-005, 0.000290425539016700 ) );
#8803 = VECTOR( '', #10842, 1.00000000000000 );
#8804 = CARTESIAN_POINT( '', ( 0.000790424132312700, 3.00000000000000E-005, 0.000290425539016700 ) );
#8805 = CARTESIAN_POINT( '', ( 0.000790424132312700, 3.00000000000000E-005, 0.000290425539016700 ) );
#8806 = VECTOR( '', #10843, 1.00000000000000 );
#8807 = CARTESIAN_POINT( '', ( 0.000790424132312700, 3.00000000000000E-005, 0.000290425539016700 ) );
#8808 = VECTOR( '', #10844, 1.00000000000000 );
#8809 = CARTESIAN_POINT( '', ( 0.000814466545544000, 1.00000000000000E-005, 0.000230851078033400 ) );
#8810 = VECTOR( '', #10845, 1.00000000000000 );
#8811 = CARTESIAN_POINT( '', ( 0.000814466545544000, 3.00000000000000E-005, 0.000230851078033400 ) );
#8812 = VECTOR( '', #10846, 1.00000000000000 );
#8813 = CARTESIAN_POINT( '', ( 0.000710282751053700, 3.00000000000000E-005, 0.000350000000000000 ) );
#8814 = CARTESIAN_POINT( '', ( 0.000710282751053700, 1.00000000000000E-005, 0.000350000000000000 ) );
#8815 = CARTESIAN_POINT( '', ( 0.000710282751053700, 3.00000000000000E-005, 0.000350000000000000 ) );
#8816 = VECTOR( '', #10847, 1.00000000000000 );
#8817 = CARTESIAN_POINT( '', ( 0.000750353435951000, 1.00000000000000E-005, 0.000335106384754200 ) );
#8818 = VECTOR( '', #10848, 1.00000000000000 );
#8819 = CARTESIAN_POINT( '', ( 0.000750353435951000, 3.00000000000000E-005, 0.000335106384754200 ) );
#8820 = VECTOR( '', #10849, 1.00000000000000 );
#8821 = CARTESIAN_POINT( '', ( -0.00187000000000000, 0.00132000000000000, -0.000376986841535700 ) );
#8822 = CARTESIAN_POINT( '', ( -0.00187000000000000, 0.00142000000000000, -0.000376986841535700 ) );
#8823 = CARTESIAN_POINT( '', ( -0.00187000000000000, 0.00132000000000000, -0.000376986841535700 ) );
#8824 = VECTOR( '', #10850, 1.00000000000000 );
#8825 = CARTESIAN_POINT( '', ( -0.00202000006717500, 0.00126999997582500, -0.000424986115549100 ) );
#8826 = CARTESIAN_POINT( '', ( -0.00202000006717500, 0.00127594246795300, -0.000424962417427100 ) );
#8827 = CARTESIAN_POINT( '', ( -0.00201929512599200, 0.00128786004028000, -0.000424769973579900 ) );
#8828 = CARTESIAN_POINT( '', ( -0.00201607636084700, 0.00130563798788900, -0.000423970190162100 ) );
#8829 = CARTESIAN_POINT( '', ( -0.00201076205616200, 0.00132287185437100, -0.000422689452292400 ) );
#8830 = CARTESIAN_POINT( '', ( -0.00200332930079800, 0.00133953126906800, -0.000420882093826400 ) );
#8831 = CARTESIAN_POINT( '', ( -0.00199392991508900, 0.00135515371215700, -0.000418547741135400 ) );
#8832 = CARTESIAN_POINT( '', ( -0.00198276591515600, 0.00136947206220600, -0.000415688611083000 ) );
#8833 = CARTESIAN_POINT( '', ( -0.00196984265164600, 0.00138243773325400, -0.000412233696569400 ) );
#8834 = CARTESIAN_POINT( '', ( -0.00195556249420400, 0.00139364837907200, -0.000408200706349600 ) );
#8835 = CARTESIAN_POINT( '', ( -0.00193995287843000, 0.00140311022266200, -0.000403513113799000 ) );
#8836 = CARTESIAN_POINT( '', ( -0.00192326998490900, 0.00141061469491600, -0.000398121478275900 ) );
#8837 = CARTESIAN_POINT( '', ( -0.00190595804912000, 0.00141600382675900, -0.000392009801235900 ) );
#8838 = CARTESIAN_POINT( '', ( -0.00188801009619000, 0.00141928458657300, -0.000385020477855400 ) );
#8839 = CARTESIAN_POINT( '', ( -0.00187598578009300, 0.00142000000000000, -0.000379779929792900 ) );
#8840 = CARTESIAN_POINT( '', ( -0.00187000000000000, 0.00142000000000000, -0.000376986841535700 ) );
#8841 = CARTESIAN_POINT( '', ( -0.00188983690157900, 0.00131589659394500, -0.000400000000000000 ) );
#8842 = CARTESIAN_POINT( '', ( -0.00188983690157900, 0.00131589659394500, -0.000400000000000000 ) );
#8843 = CARTESIAN_POINT( '', ( -0.00189227165936000, 0.00131484427074800, -0.000402401845040800 ) );
#8844 = CARTESIAN_POINT( '', ( -0.00189692873813700, 0.00131236564154600, -0.000406766625611700 ) );
#8845 = CARTESIAN_POINT( '', ( -0.00190302104742800, 0.00130779595000500, -0.000412040804434500 ) );
#8846 = CARTESIAN_POINT( '', ( -0.00190827345913900, 0.00130245516349400, -0.000416252411063700 ) );
#8847 = CARTESIAN_POINT( '', ( -0.00191258803430900, 0.00129653533436700, -0.000419515961606000 ) );
#8848 = CARTESIAN_POINT( '', ( -0.00191599042706800, 0.00129005620341400, -0.000422003392191300 ) );
#8849 = CARTESIAN_POINT( '', ( -0.00191834612073400, 0.00128337421147600, -0.000423706660831400 ) );
#8850 = CARTESIAN_POINT( '', ( -0.00191971386825000, 0.00127661975334400, -0.000424725938820100 ) );
#8851 = CARTESIAN_POINT( '', ( -0.00192000082519800, 0.00127218263384300, -0.000424958987021200 ) );
#8852 = CARTESIAN_POINT( '', ( -0.00192000082519800, 0.00126999997032300, -0.000424985208510700 ) );
#8853 = CARTESIAN_POINT( '', ( -0.00189159259880300, 0.00132000000000000, -0.000400000000000000 ) );
#8854 = CARTESIAN_POINT( '', ( -0.00188983690157900, 0.00131589659394500, -0.000400000000000000 ) );
#8855 = VECTOR( '', #10851, 1.00000000000000 );
#8856 = CARTESIAN_POINT( '', ( -0.00189159259880300, 0.00132000000000000, -0.000400000000000000 ) );
#8857 = CARTESIAN_POINT( '', ( -0.00189052322533300, 0.00132000000000000, -0.000399182733035200 ) );
#8858 = CARTESIAN_POINT( '', ( -0.00188843041175200, 0.00132000000000000, -0.000397498505232200 ) );
#8859 = CARTESIAN_POINT( '', ( -0.00188544131155600, 0.00132000000000000, -0.000394853438296900 ) );
#8860 = CARTESIAN_POINT( '', ( -0.00188253087179400, 0.00132000000000000, -0.000392043663862300 ) );
#8861 = CARTESIAN_POINT( '', ( -0.00187960340236300, 0.00132000000000000, -0.000388973574235300 ) );
#8862 = CARTESIAN_POINT( '', ( -0.00187658621966300, 0.00132000000000000, -0.000385541464801100 ) );
#8863 = CARTESIAN_POINT( '', ( -0.00187342481242100, 0.00132000000000000, -0.000381643625384200 ) );
#8864 = CARTESIAN_POINT( '', ( -0.00187115876558900, 0.00132000000000000, -0.000378608953194200 ) );
#8865 = CARTESIAN_POINT( '', ( -0.00187000000000000, 0.00132000000000000, -0.000376986841535700 ) );
#8866 = CARTESIAN_POINT( '', ( -0.00180000000000000, 0.00132000000000000, -0.000225000000000000 ) );
#8867 = CARTESIAN_POINT( '', ( -0.00180000000000000, 0.00142000000000000, -0.000225000000000000 ) );
#8868 = CARTESIAN_POINT( '', ( -0.00180000000000000, 0.00132000000000000, -0.000225000000000000 ) );
#8869 = VECTOR( '', #10852, 1.00000000000000 );
#8870 = AXIS2_PLACEMENT_3D( '', #10853, #10854, #10855 );
#8871 = AXIS2_PLACEMENT_3D( '', #10856, #10857, #10858 );
#8872 = CARTESIAN_POINT( '', ( -0.00180000000000000, 0.00132000000000000, 0.000225000000000000 ) );
#8873 = CARTESIAN_POINT( '', ( -0.00180000000000000, 0.00142000000000000, 0.000225000000000000 ) );
#8874 = CARTESIAN_POINT( '', ( -0.00180000000000000, 0.00132000000000000, 0.000225000000000000 ) );
#8875 = VECTOR( '', #10859, 1.00000000000000 );
#8876 = CARTESIAN_POINT( '', ( -0.00180000000000000, 0.00142000000000000, 0.000225000000000000 ) );
#8877 = VECTOR( '', #10860, 1.00000000000000 );
#8878 = CARTESIAN_POINT( '', ( -0.00180000000000000, 0.00132000000000000, 0.000225000000000000 ) );
#8879 = VECTOR( '', #10861, 1.00000000000000 );
#8880 = CARTESIAN_POINT( '', ( -0.000511491041224700, 3.00000000000000E-005, -0.000350000000000000 ) );
#8881 = CARTESIAN_POINT( '', ( -0.000511491041224700, 1.00000000000000E-005, -0.000350000000000000 ) );
#8882 = CARTESIAN_POINT( '', ( -0.000511491041224700, 3.00000000000000E-005, -0.000350000000000000 ) );
#8883 = VECTOR( '', #10862, 1.00000000000000 );
#8884 = CARTESIAN_POINT( '', ( -0.000800000000000000, 1.00000000000000E-005, -0.000350000000000000 ) );
#8885 = CARTESIAN_POINT( '', ( -0.000800000000000000, 1.00000000000000E-005, -0.000350000000000000 ) );
#8886 = VECTOR( '', #10863, 1.00000000000000 );
#8887 = CARTESIAN_POINT( '', ( -0.000800000000000000, 3.00000000000000E-005, -0.000350000000000000 ) );
#8888 = CARTESIAN_POINT( '', ( -0.000800000000000000, 3.00000000000000E-005, -0.000350000000000000 ) );
#8889 = VECTOR( '', #10864, 1.00000000000000 );
#8890 = CARTESIAN_POINT( '', ( -0.000800000000000000, 3.00000000000000E-005, -0.000350000000000000 ) );
#8891 = VECTOR( '', #10865, 1.00000000000000 );
#8892 = CARTESIAN_POINT( '', ( 0.000606098962295600, 3.00000000000000E-005, -5.21276533603700E-005 ) );
#8893 = CARTESIAN_POINT( '', ( 0.000606098962295600, 1.00000000000000E-005, -5.21276533603700E-005 ) );
#8894 = CARTESIAN_POINT( '', ( 0.000606098962295600, 3.00000000000000E-005, -5.21276533603700E-005 ) );
#8895 = VECTOR( '', #10866, 1.00000000000000 );
#8896 = CARTESIAN_POINT( '', ( 0.000598084826462500, 1.00000000000000E-005, -9.68085199594500E-005 ) );
#8897 = CARTESIAN_POINT( '', ( 0.000598084826462500, 1.00000000000000E-005, -9.68085199594500E-005 ) );
#8898 = VECTOR( '', #10867, 1.00000000000000 );
#8899 = CARTESIAN_POINT( '', ( 0.000598084826462500, 3.00000000000000E-005, -9.68085199594500E-005 ) );
#8900 = CARTESIAN_POINT( '', ( 0.000598084826462500, 3.00000000000000E-005, -9.68085199594500E-005 ) );
#8901 = VECTOR( '', #10868, 1.00000000000000 );
#8902 = CARTESIAN_POINT( '', ( 0.000598084826462500, 3.00000000000000E-005, -9.68085199594500E-005 ) );
#8903 = VECTOR( '', #10869, 1.00000000000000 );
#8904 = CARTESIAN_POINT( '', ( -0.000560000000000000, 0.00142000000000000, -0.00123000000000000 ) );
#8905 = AXIS2_PLACEMENT_3D( '', #10870, #10871, #10872 );
#8906 = CARTESIAN_POINT( '', ( -0.000934782608695700, 0.00142000000000000, -0.00140000000000000 ) );
#8907 = CARTESIAN_POINT( '', ( -0.000934782608695700, 0.00142000000000000, -0.00140000000000000 ) );
#8908 = VECTOR( '', #10873, 1.00000000000000 );
#8909 = CARTESIAN_POINT( '', ( -0.00185000000000000, 0.00142000000000000, -0.00140000000000000 ) );
#8910 = CARTESIAN_POINT( '', ( -0.00185000000000000, 0.00142000000000000, -0.00140000000000000 ) );
#8911 = VECTOR( '', #10874, 1.00000000000000 );
#8912 = CARTESIAN_POINT( '', ( -0.00185000000000000, 0.00142000000000000, -0.00113540227526100 ) );
#8913 = CARTESIAN_POINT( '', ( -0.00185000000000000, 0.00142000000000000, -0.00113540227526100 ) );
#8914 = VECTOR( '', #10875, 1.00000000000000 );
#8915 = CARTESIAN_POINT( '', ( -0.00187000000000000, 0.00142000000000000, -0.00106056912752500 ) );
#8916 = AXIS2_PLACEMENT_3D( '', #10876, #10877, #10878 );
#8917 = CARTESIAN_POINT( '', ( -0.00187000000000000, 0.00142000000000000, -0.00106056912752500 ) );
#8918 = VECTOR( '', #10879, 1.00000000000000 );
#8919 = AXIS2_PLACEMENT_3D( '', #10880, #10881, #10882 );
#8920 = CARTESIAN_POINT( '', ( -0.00187000000000000, 0.00142000000000000, 0.00106056912752500 ) );
#8921 = CARTESIAN_POINT( '', ( -0.00187000000000000, 0.00142000000000000, 0.000376986841535700 ) );
#8922 = VECTOR( '', #10883, 1.00000000000000 );
#8923 = CARTESIAN_POINT( '', ( -0.00185000000000000, 0.00142000000000000, 0.00113540227526100 ) );
#8924 = AXIS2_PLACEMENT_3D( '', #10884, #10885, #10886 );
#8925 = CARTESIAN_POINT( '', ( -0.00185000000000000, 0.00142000000000000, 0.00140000000000000 ) );
#8926 = CARTESIAN_POINT( '', ( -0.00185000000000000, 0.00142000000000000, 0.00140000000000000 ) );
#8927 = VECTOR( '', #10887, 1.00000000000000 );
#8928 = CARTESIAN_POINT( '', ( -0.00135000000000000, 0.00142000000000000, 0.00140000000000000 ) );
#8929 = VECTOR( '', #10888, 1.00000000000000 );
#8930 = CARTESIAN_POINT( '', ( -0.000250000000000000, 0.00142000000000000, 0.00135000000000000 ) );
#8931 = AXIS2_PLACEMENT_3D( '', #10889, #10890, #10891 );
#8932 = CARTESIAN_POINT( '', ( 0.000250000000000000, 0.00142000000000000, 0.00135000000000000 ) );
#8933 = CARTESIAN_POINT( '', ( 0.000250000000000000, 0.00142000000000000, 0.00135000000000000 ) );
#8934 = VECTOR( '', #10892, 1.00000000000000 );
#8935 = CARTESIAN_POINT( '', ( 0.000382287565553200, 0.00142000000000000, 0.00130000000000000 ) );
#8936 = AXIS2_PLACEMENT_3D( '', #10893, #10894, #10895 );
#8937 = AXIS2_PLACEMENT_3D( '', #10896, #10897, #10898 );
#8938 = CARTESIAN_POINT( '', ( 0.00135000000000000, 0.00142000000000000, 0.00140000000000000 ) );
#8939 = AXIS2_PLACEMENT_3D( '', #10899, #10900, #10901 );
#8940 = CARTESIAN_POINT( '', ( 0.00185000000000000, 0.00142000000000000, 0.00140000000000000 ) );
#8941 = CARTESIAN_POINT( '', ( 0.00135000000000000, 0.00142000000000000, 0.00140000000000000 ) );
#8942 = VECTOR( '', #10902, 1.00000000000000 );
#8943 = CARTESIAN_POINT( '', ( 0.00185000000000000, 0.00142000000000000, 0.00113540227526100 ) );
#8944 = CARTESIAN_POINT( '', ( 0.00185000000000000, 0.00142000000000000, 0.00113540227526100 ) );
#8945 = VECTOR( '', #10903, 1.00000000000000 );
#8946 = CARTESIAN_POINT( '', ( 0.00187000000000000, 0.00142000000000000, 0.00106056912752500 ) );
#8947 = AXIS2_PLACEMENT_3D( '', #10904, #10905, #10906 );
#8948 = CARTESIAN_POINT( '', ( 0.00187000000000000, 0.00142000000000000, 0.000376986841535700 ) );
#8949 = VECTOR( '', #10907, 1.00000000000000 );
#8950 = AXIS2_PLACEMENT_3D( '', #10908, #10909, #10910 );
#8951 = CARTESIAN_POINT( '', ( 0.00187000000000000, 0.00142000000000000, -0.000376986841535700 ) );
#8952 = AXIS2_PLACEMENT_3D( '', #10911, #10912, #10913 );
#8953 = CARTESIAN_POINT( '', ( 0.00187000000000000, 0.00142000000000000, -0.00106056912752500 ) );
#8954 = VECTOR( '', #10914, 1.00000000000000 );
#8955 = CARTESIAN_POINT( '', ( 0.00185000000000000, 0.00142000000000000, -0.00113540227526100 ) );
#8956 = AXIS2_PLACEMENT_3D( '', #10915, #10916, #10917 );
#8957 = CARTESIAN_POINT( '', ( 0.00185000000000000, 0.00142000000000000, -0.00140000000000000 ) );
#8958 = CARTESIAN_POINT( '', ( 0.00185000000000000, 0.00142000000000000, -0.00140000000000000 ) );
#8959 = VECTOR( '', #10918, 1.00000000000000 );
#8960 = CARTESIAN_POINT( '', ( 0.000934782608695700, 0.00142000000000000, -0.00140000000000000 ) );
#8961 = CARTESIAN_POINT( '', ( 0.00185000000000000, 0.00142000000000000, -0.00140000000000000 ) );
#8962 = VECTOR( '', #10919, 1.00000000000000 );
#8963 = CARTESIAN_POINT( '', ( 0.000921617186745600, 0.00142000000000000, -0.00132429882378700 ) );
#8964 = VECTOR( '', #10920, 1.00000000000000 );
#8965 = CARTESIAN_POINT( '', ( 0.000650000000000000, 0.00142000000000000, -0.00120000000000000 ) );
#8966 = CARTESIAN_POINT( '', ( 0.000650000000000000, 0.00142000000000000, -0.00120000000000000 ) );
#8967 = VECTOR( '', #10921, 1.00000000000000 );
#8968 = CARTESIAN_POINT( '', ( 0.000560000000000000, 0.00142000000000000, -0.00123000000000000 ) );
#8969 = AXIS2_PLACEMENT_3D( '', #10922, #10923, #10924 );
#8970 = CARTESIAN_POINT( '', ( -0.000560000000000000, 0.00142000000000000, -0.00123000000000000 ) );
#8971 = VECTOR( '', #10925, 1.00000000000000 );
#8972 = CARTESIAN_POINT( '', ( -0.000798060148109200, 0.00142000000000000, -0.000200000000000000 ) );
#8973 = AXIS2_PLACEMENT_3D( '', #10926, #10927, #10928 );
#8974 = CARTESIAN_POINT( '', ( 0.000434549579232700, 0.00123956450883900, -0.00110756733223800 ) );
#8975 = CARTESIAN_POINT( '', ( 0.000415838015129000, 0.00123908168822500, -0.00113522810668900 ) );
#8976 = AXIS2_PLACEMENT_3D( '', #10929, #10930, #10931 );
#8977 = CARTESIAN_POINT( '', ( -0.000415838015129000, 0.00123908168822500, -0.00113522810668900 ) );
#8978 = CARTESIAN_POINT( '', ( 0.000415838015129000, 0.00123908168822500, -0.00113522810668900 ) );
#8979 = VECTOR( '', #10932, 1.00000000000000 );
#8980 = CARTESIAN_POINT( '', ( -0.000434549579232700, 0.00123956450883900, -0.00110756733223800 ) );
#8981 = AXIS2_PLACEMENT_3D( '', #10933, #10934, #10935 );
#8982 = CARTESIAN_POINT( '', ( 0.000434549579232700, 0.00123956450883900, -0.00110756733223800 ) );
#8983 = VECTOR( '', #10936, 1.00000000000000 );
#8984 = CARTESIAN_POINT( '', ( 0.00185000000000000, 0.00132000000000000, 0.00113540227526100 ) );
#8985 = CARTESIAN_POINT( '', ( 0.00185000000000000, 0.00132000000000000, 0.00113540227526100 ) );
#8986 = VECTOR( '', #10937, 1.00000000000000 );
#8987 = CARTESIAN_POINT( '', ( 0.00187000000000000, 0.00132000000000000, 0.00106056912752500 ) );
#8988 = AXIS2_PLACEMENT_3D( '', #10938, #10939, #10940 );
#8989 = CARTESIAN_POINT( '', ( 0.00187000000000000, 0.00132000000000000, 0.00106056912752500 ) );
#8990 = VECTOR( '', #10941, 1.00000000000000 );
#8991 = CARTESIAN_POINT( '', ( -0.000600000000000000, 0.000000000000000, -0.00140000000000000 ) );
#8992 = VECTOR( '', #10942, 1.00000000000000 );
#8993 = CARTESIAN_POINT( '', ( -0.00185000000000000, 0.00132000000000000, -0.00140000000000000 ) );
#8994 = VECTOR( '', #10943, 1.00000000000000 );
#8995 = CARTESIAN_POINT( '', ( -0.000934782608695700, 0.00132000000000000, -0.00140000000000000 ) );
#8996 = VECTOR( '', #10944, 1.00000000000000 );
#8997 = CARTESIAN_POINT( '', ( 0.00202000000000000, 0.000712931156690200, 0.000927629881061600 ) );
#8998 = CARTESIAN_POINT( '', ( 0.00202000000000000, 0.000712931156690200, 0.000927629881061600 ) );
#8999 = VECTOR( '', #10945, 1.00000000000000 );
#9000 = CARTESIAN_POINT( '', ( 0.00202000000000000, 0.00127000000000000, 0.000984765147042100 ) );
#9001 = CARTESIAN_POINT( '', ( 0.00202000000000000, 0.000712931156690200, 0.000927629881061600 ) );
#9002 = VECTOR( '', #10946, 1.00000000000000 );
#9003 = CARTESIAN_POINT( '', ( 0.00202000000000000, 0.00127000000000000, 0.000984765147042100 ) );
#9004 = VECTOR( '', #10947, 1.00000000000000 );
#9005 = CARTESIAN_POINT( '', ( -0.00185000000000000, 0.00132000000000000, -0.00113540227526100 ) );
#9006 = VECTOR( '', #10948, 1.00000000000000 );
#9007 = CARTESIAN_POINT( '', ( -0.00202372930137300, 0.000458922145420800, 0.000344868680504400 ) );
#9008 = VECTOR( '', #10949, 1.00000000000000 );
#9009 = CARTESIAN_POINT( '', ( -0.00203338027126900, 0.000438225573689400, -0.000629195449478300 ) );
#9010 = CARTESIAN_POINT( '', ( -0.00203338027126900, 0.000438225573689400, -0.000459673710213900 ) );
#9011 = VECTOR( '', #10950, 1.00000000000000 );
#9012 = AXIS2_PLACEMENT_3D( '', #10951, #10952, #10953 );
#9013 = CARTESIAN_POINT( '', ( -0.000748331477354800, 3.00000000000000E-005, -0.000500000000000000 ) );
#9014 = CARTESIAN_POINT( '', ( 0.000748331477354800, 3.00000000000000E-005, -0.000500000000000000 ) );
#9015 = CARTESIAN_POINT( '', ( -0.000748331477354800, 3.00000000000000E-005, -0.000500000000000000 ) );
#9016 = VECTOR( '', #10954, 1.00000000000000 );
#9017 = CARTESIAN_POINT( '', ( -0.000748331477354800, 0.000000000000000, -0.000500000000000000 ) );
#9018 = VECTOR( '', #10955, 1.00000000000000 );
#9019 = CARTESIAN_POINT( '', ( 0.000748331477354800, 0.000000000000000, -0.000500000000000000 ) );
#9020 = VECTOR( '', #10956, 1.00000000000000 );
#9021 = CARTESIAN_POINT( '', ( -0.00212401104997300, 0.000480487399863500, -0.000629195449478300 ) );
#9022 = CARTESIAN_POINT( '', ( -0.00212401104997300, 0.000480487399863500, -0.000629195449478300 ) );
#9023 = VECTOR( '', #10957, 1.00000000000000 );
#9024 = CARTESIAN_POINT( '', ( -0.00202000000000000, 0.000703539816339700, -0.000924315743010100 ) );
#9025 = AXIS2_PLACEMENT_3D( '', #10958, #10959, #10960 );
#9026 = CARTESIAN_POINT( '', ( -0.00202000000000000, 0.000703539816339700, -0.000924315743010100 ) );
#9027 = VECTOR( '', #10961, 1.00000000000000 );
#9028 = CARTESIAN_POINT( '', ( -0.000583618280918600, 3.00000000000000E-005, 0.000335106384754200 ) );
#9029 = CARTESIAN_POINT( '', ( -0.000583618280918600, 1.00000000000000E-005, 0.000335106384754200 ) );
#9030 = CARTESIAN_POINT( '', ( -0.000583618280918600, 3.00000000000000E-005, 0.000335106384754200 ) );
#9031 = VECTOR( '', #10962, 1.00000000000000 );
#9032 = CARTESIAN_POINT( '', ( -0.000551561737586400, 1.00000000000000E-005, 0.000305319154262500 ) );
#9033 = VECTOR( '', #10963, 1.00000000000000 );
#9034 = CARTESIAN_POINT( '', ( -0.000551561737586400, 3.00000000000000E-005, 0.000305319154262500 ) );
#9035 = VECTOR( '', #10964, 1.00000000000000 );
#9036 = CARTESIAN_POINT( '', ( -0.00202000000000000, 0.000719786098321800, 0.000336635870077100 ) );
#9037 = AXIS2_PLACEMENT_3D( '', #10965, #10966, #10967 );
#9038 = CARTESIAN_POINT( '', ( -0.00192000000000000, 0.000719786098321800, 0.000336635870077100 ) );
#9039 = VECTOR( '', #10968, 1.00000000000000 );
#9040 = CARTESIAN_POINT( '', ( -0.000415838015129000, 0.000939127379678100, -0.00112999238475800 ) );
#9041 = CARTESIAN_POINT( '', ( -0.000415838015129000, 0.000939127379678100, -0.00112999238475800 ) );
#9042 = VECTOR( '', #10969, 1.00000000000000 );
#9043 = CARTESIAN_POINT( '', ( -0.000429574378841300, 0.000939518810425900, -0.00110756733223800 ) );
#9044 = AXIS2_PLACEMENT_3D( '', #10970, #10971, #10972 );
#9045 = CARTESIAN_POINT( '', ( -0.000434549579232700, 0.00123956450883900, -0.00110756733223800 ) );
#9046 = CARTESIAN_POINT( '', ( -0.000432734408432900, 0.00113955188563700, -0.00110756733223800 ) );
#9047 = CARTESIAN_POINT( '', ( -0.000431088908964400, 0.00103953643808900, -0.00110756733223800 ) );
#9048 = CARTESIAN_POINT( '', ( -0.000429574378841300, 0.000939518810425900, -0.00110756733223800 ) );
#9049 = CARTESIAN_POINT( '', ( 0.000382287565553200, 0.00132000000000000, 0.00130000000000000 ) );
#9050 = CARTESIAN_POINT( '', ( 0.000382287565553200, 0.00132000000000000, 0.00130000000000000 ) );
#9051 = VECTOR( '', #10973, 1.00000000000000 );
#9052 = AXIS2_PLACEMENT_3D( '', #10974, #10975, #10976 );
#9053 = CARTESIAN_POINT( '', ( -0.00202000000000000, 0.000772000000000000, 0.000210580360501100 ) );
#9054 = VECTOR( '', #10977, 1.00000000000000 );
#9055 = CARTESIAN_POINT( '', ( -0.00192082139761300, 0.000811671440954600, 0.000114805029709600 ) );
#9056 = VECTOR( '', #10978, 1.00000000000000 );
#9057 = CARTESIAN_POINT( '', ( 0.000380717967697200, 0.000120000000000000, 0.000000000000000 ) );
#9058 = AXIS2_PLACEMENT_3D( '', #10979, #10980, #10981 );
#9059 = CARTESIAN_POINT( '', ( -0.000432679491924300, 3.00000000000000E-005, 0.000000000000000 ) );
#9060 = AXIS2_PLACEMENT_3D( '', #10982, #10983, #10984 );
#9061 = CARTESIAN_POINT( '', ( 0.000558014137982600, 1.00000000000000E-005, 0.000156382960081100 ) );
#9062 = CARTESIAN_POINT( '', ( 0.000558014137982600, 1.00000000000000E-005, 0.000156382960081100 ) );
#9063 = VECTOR( '', #10985, 1.00000000000000 );
#9064 = CARTESIAN_POINT( '', ( 0.000558014137982600, 3.00000000000000E-005, 0.000156382960081100 ) );
#9065 = CARTESIAN_POINT( '', ( 0.000558014137982600, 3.00000000000000E-005, 0.000156382960081100 ) );
#9066 = VECTOR( '', #10986, 1.00000000000000 );
#9067 = CARTESIAN_POINT( '', ( 0.000558014137982600, 3.00000000000000E-005, 0.000156382960081100 ) );
#9068 = VECTOR( '', #10987, 1.00000000000000 );
#9069 = CARTESIAN_POINT( '', ( -0.00123000000000000, 0.00132000000000000, 0.00208000000000000 ) );
#9070 = CARTESIAN_POINT( '', ( -0.00123000000000000, 0.00132000000000000, 0.00208000000000000 ) );
#9071 = VECTOR( '', #10988, 1.00000000000000 );
#9072 = CARTESIAN_POINT( '', ( -0.00123000000000000, 0.00132000000000000, 0.00208000000000000 ) );
#9073 = VECTOR( '', #10989, 1.00000000000000 );
#9074 = CARTESIAN_POINT( '', ( 0.000500000000000000, 0.000144135295819500, -0.00131521019646900 ) );
#9075 = CARTESIAN_POINT( '', ( 0.000500000000000000, 0.000181074066620900, -0.00130935966992900 ) );
#9076 = CARTESIAN_POINT( '', ( 0.000500000000000000, 0.000144135295819500, -0.00131521019646900 ) );
#9077 = VECTOR( '', #10990, 1.00000000000000 );
#9078 = CARTESIAN_POINT( '', ( 0.000350000000000000, -4.01795526976600E-006, -0.00133867536622500 ) );
#9079 = AXIS2_PLACEMENT_3D( '', #10991, #10992, #10993 );
#9080 = CARTESIAN_POINT( '', ( -0.000350000000000000, -4.01795526976600E-006, -0.00133867536622500 ) );
#9081 = CARTESIAN_POINT( '', ( -0.000350000000000000, -4.01795526976600E-006, -0.00133867536622500 ) );
#9082 = VECTOR( '', #10994, 1.00000000000000 );
#9083 = AXIS2_PLACEMENT_3D( '', #10995, #10996, #10997 );
#9084 = CARTESIAN_POINT( '', ( -0.000500000000000000, 0.000181074066620900, -0.00130935966992900 ) );
#9085 = VECTOR( '', #10998, 1.00000000000000 );
#9086 = CARTESIAN_POINT( '', ( 0.000638155517092000, 3.00000000000000E-005, 8.19148838520100E-005 ) );
#9087 = CARTESIAN_POINT( '', ( 0.000638155517092000, 1.00000000000000E-005, 8.19148838520100E-005 ) );
#9088 = CARTESIAN_POINT( '', ( 0.000638155517092000, 3.00000000000000E-005, 8.19148838520100E-005 ) );
#9089 = VECTOR( '', #10999, 1.00000000000000 );
#9090 = CARTESIAN_POINT( '', ( 0.000678226207721600, 1.00000000000000E-005, 9.68084990978200E-005 ) );
#9091 = VECTOR( '', #11000, 1.00000000000000 );
#9092 = CARTESIAN_POINT( '', ( 0.000678226207721600, 3.00000000000000E-005, 9.68084990978200E-005 ) );
#9093 = VECTOR( '', #11001, 1.00000000000000 );
#9094 = CARTESIAN_POINT( '', ( -0.00202000000000000, 0.000712931156690200, -0.000927629881061600 ) );
#9095 = CARTESIAN_POINT( '', ( -0.00202000000000000, 0.000703539816339700, -0.000926516824424600 ) );
#9096 = AXIS2_PLACEMENT_3D( '', #11002, #11003, #11004 );
#9097 = CARTESIAN_POINT( '', ( -0.00202000000000000, 0.000712931156690200, -0.000927629881061600 ) );
#9098 = VECTOR( '', #11005, 1.00000000000000 );
#9099 = CARTESIAN_POINT( '', ( -0.00202000000000000, 0.000703539816339700, -0.000926516824424600 ) );
#9100 = VECTOR( '', #11006, 1.00000000000000 );
#9101 = CARTESIAN_POINT( '', ( 0.00212401104997300, 0.000480487399863500, -0.000629195449478300 ) );
#9102 = CARTESIAN_POINT( '', ( 0.00202000000000000, 0.000703539816339700, -0.000924315743010100 ) );
#9103 = AXIS2_PLACEMENT_3D( '', #11007, #11008, #11009 );
#9104 = CARTESIAN_POINT( '', ( 0.00203338027126900, 0.000438225573689400, -0.000629195449478300 ) );
#9105 = CARTESIAN_POINT( '', ( 0.00212401104997300, 0.000480487399863500, -0.000629195449478300 ) );
#9106 = VECTOR( '', #11010, 1.00000000000000 );
#9107 = CARTESIAN_POINT( '', ( 0.00192936922129600, 0.000661277990165700, -0.000924315743010100 ) );
#9108 = AXIS2_PLACEMENT_3D( '', #11011, #11012, #11013 );
#9109 = CARTESIAN_POINT( '', ( 0.00202000000000000, 0.000703539816339700, -0.000924315743010100 ) );
#9110 = VECTOR( '', #11014, 1.00000000000000 );
#9111 = CARTESIAN_POINT( '', ( 0.000598084826462500, 3.00000000000000E-005, -0.000290425533801300 ) );
#9112 = CARTESIAN_POINT( '', ( 0.000598084826462500, 1.00000000000000E-005, -0.000290425533801300 ) );
#9113 = CARTESIAN_POINT( '', ( 0.000598084826462500, 3.00000000000000E-005, -0.000290425533801300 ) );
#9114 = VECTOR( '', #11015, 1.00000000000000 );
#9115 = CARTESIAN_POINT( '', ( 0.000574042413231300, 1.00000000000000E-005, -0.000230851067602600 ) );
#9116 = CARTESIAN_POINT( '', ( 0.000574042413231300, 1.00000000000000E-005, -0.000230851067602600 ) );
#9117 = VECTOR( '', #11016, 1.00000000000000 );
#9118 = CARTESIAN_POINT( '', ( 0.000574042413231300, 3.00000000000000E-005, -0.000230851067602600 ) );
#9119 = CARTESIAN_POINT( '', ( 0.000574042413231300, 3.00000000000000E-005, -0.000230851067602600 ) );
#9120 = VECTOR( '', #11017, 1.00000000000000 );
#9121 = CARTESIAN_POINT( '', ( 0.000574042413231300, 3.00000000000000E-005, -0.000230851067602600 ) );
#9122 = VECTOR( '', #11018, 1.00000000000000 );
#9123 = CARTESIAN_POINT( '', ( 0.00192000000000000, 0.000703539816339700, -0.000926516824424600 ) );
#9124 = CARTESIAN_POINT( '', ( 0.00192000000000000, 0.000699903570630400, -0.000926361107001600 ) );
#9125 = CARTESIAN_POINT( '', ( 0.00192039708740400, 0.000692631455924700, -0.000926035858915400 ) );
#9126 = CARTESIAN_POINT( '', ( 0.00192217620266400, 0.000681855042560300, -0.000925506711711800 ) );
#9127 = CARTESIAN_POINT( '', ( 0.00192511788470000, 0.000671335290414500, -0.000924935893614700 ) );
#9128 = CARTESIAN_POINT( '', ( 0.00192783191278400, 0.000664574758908500, -0.000924527171279400 ) );
#9129 = CARTESIAN_POINT( '', ( 0.00192936922129600, 0.000661277990165700, -0.000924315743010100 ) );
#9130 = CARTESIAN_POINT( '', ( 0.00202000000000000, 0.000703539816339700, -0.000926516824424600 ) );
#9131 = CARTESIAN_POINT( '', ( 0.00202000000000000, 0.000703539816339700, -0.000926516824424600 ) );
#9132 = VECTOR( '', #11019, 1.00000000000000 );
#9133 = CARTESIAN_POINT( '', ( 0.00202000000000000, 0.000703539816339700, -0.000924315743010100 ) );
#9134 = VECTOR( '', #11020, 1.00000000000000 );
#9135 = CARTESIAN_POINT( '', ( 0.000638155517092000, 1.00000000000000E-005, 8.19148838520100E-005 ) );
#9136 = VECTOR( '', #11021, 1.00000000000000 );
#9137 = CARTESIAN_POINT( '', ( 0.000638155517092000, 3.00000000000000E-005, 8.19148838520100E-005 ) );
#9138 = VECTOR( '', #11022, 1.00000000000000 );
#9139 = CARTESIAN_POINT( '', ( 0.00185000000000000, 0.000820000000000000, -0.000400000000000000 ) );
#9140 = CARTESIAN_POINT( '', ( 0.00185000000000000, 0.000000000000000, -0.000500000000000000 ) );
#9141 = VECTOR( '', #11023, 1.00000000000000 );
#9142 = CARTESIAN_POINT( '', ( 0.00185000000000000, 0.000820000000000000, -0.000400000000000000 ) );
#9143 = VECTOR( '', #11024, 1.00000000000000 );
#9144 = CARTESIAN_POINT( '', ( -0.00202000000000000, 0.00127000000000000, 0.000984765147042100 ) );
#9145 = CARTESIAN_POINT( '', ( -0.00202000000000000, 0.00127000000000000, 0.000984765147042100 ) );
#9146 = VECTOR( '', #11025, 1.00000000000000 );
#9147 = CARTESIAN_POINT( '', ( -0.00202000000000000, 0.00127000000000000, 0.000984765147042100 ) );
#9148 = VECTOR( '', #11026, 1.00000000000000 );
#9149 = CARTESIAN_POINT( '', ( 0.00190000000000000, 0.000820000000000000, -0.000400000000000000 ) );
#9150 = CARTESIAN_POINT( '', ( 0.00190000000000000, 0.000820000000000000, -0.000400000000000000 ) );
#9151 = VECTOR( '', #11027, 1.00000000000000 );
#9152 = CARTESIAN_POINT( '', ( 0.00190000000000000, 0.000820000000000000, -0.000400000000000000 ) );
#9153 = VECTOR( '', #11028, 1.00000000000000 );
#9154 = CARTESIAN_POINT( '', ( 0.000750000000000000, 0.00132000000000000, -0.00140000000000000 ) );
#9155 = CARTESIAN_POINT( '', ( 0.000750000000000000, 0.00132000000000000, -0.00120000000000000 ) );
#9156 = CARTESIAN_POINT( '', ( 0.000750000000000000, 0.00132000000000000, -0.00140000000000000 ) );
#9157 = VECTOR( '', #11029, 1.00000000000000 );
#9158 = CARTESIAN_POINT( '', ( 0.000600000000000000, 0.00117000000000000, -0.00140000000000000 ) );
#9159 = AXIS2_PLACEMENT_3D( '', #11030, #11031, #11032 );
#9160 = CARTESIAN_POINT( '', ( 0.000600000000000000, 0.00117000000000000, -0.00140000000000000 ) );
#9161 = VECTOR( '', #11033, 1.00000000000000 );
#9162 = CARTESIAN_POINT( '', ( 0.000750000000000000, 0.00132000000000000, -0.00120000000000000 ) );
#9163 = VECTOR( '', #11034, 1.00000000000000 );
#9164 = CARTESIAN_POINT( '', ( -0.00120000000000000, 0.000370000000000000, 0.00180000000000000 ) );
#9165 = CARTESIAN_POINT( '', ( 0.00120000000000000, 0.000370000000000000, 0.00180000000000000 ) );
#9166 = CARTESIAN_POINT( '', ( -0.00120000000000000, 0.000370000000000000, 0.00180000000000000 ) );
#9167 = VECTOR( '', #11035, 1.00000000000000 );
#9168 = CARTESIAN_POINT( '', ( -0.00120000000000000, 0.000870000000004200, 0.00180000000000000 ) );
#9169 = CARTESIAN_POINT( '', ( -0.00120000000000000, 0.000870000000004200, 0.00180000000000000 ) );
#9170 = VECTOR( '', #11036, 1.00000000000000 );
#9171 = CARTESIAN_POINT( '', ( 0.00120000000000000, 0.000870000000000000, 0.00180000000000000 ) );
#9172 = CARTESIAN_POINT( '', ( -0.00120000000000000, 0.000870000000004200, 0.00180000000000000 ) );
#9173 = VECTOR( '', #11037, 1.00000000000000 );
#9174 = CARTESIAN_POINT( '', ( 0.00120000000000000, 0.000870000000007800, 0.00180000000000000 ) );
#9175 = VECTOR( '', #11038, 1.00000000000000 );
#9176 = CARTESIAN_POINT( '', ( 0.00187000000000000, 0.00132000000000000, -0.000376986841535700 ) );
#9177 = CARTESIAN_POINT( '', ( 0.00187000000000000, 0.00132000000000000, -0.000376986841535700 ) );
#9178 = VECTOR( '', #11039, 1.00000000000000 );
#9179 = AXIS2_PLACEMENT_3D( '', #11040, #11041, #11042 );
#9180 = CARTESIAN_POINT( '', ( 0.000574042413231300, 3.00000000000000E-005, 0.000230851078033400 ) );
#9181 = CARTESIAN_POINT( '', ( 0.000574042413231300, 1.00000000000000E-005, 0.000230851078033400 ) );
#9182 = CARTESIAN_POINT( '', ( 0.000574042413231300, 3.00000000000000E-005, 0.000230851078033400 ) );
#9183 = VECTOR( '', #11043, 1.00000000000000 );
#9184 = CARTESIAN_POINT( '', ( 0.000598084826462500, 1.00000000000000E-005, 0.000290425539016700 ) );
#9185 = VECTOR( '', #11044, 1.00000000000000 );
#9186 = CARTESIAN_POINT( '', ( 0.000598084826462500, 3.00000000000000E-005, 0.000290425539016700 ) );
#9187 = VECTOR( '', #11045, 1.00000000000000 );
#9188 = CARTESIAN_POINT( '', ( 0.00230000000000000, 0.000150000000000000, 0.00110000000000000 ) );
#9189 = CARTESIAN_POINT( '', ( 0.00230000000000000, 0.000000000000000, 0.00110000000000000 ) );
#9190 = VECTOR( '', #11046, 1.00000000000000 );
#9191 = CARTESIAN_POINT( '', ( 0.00230000000000000, 0.000150000000000000, 0.00110000000000000 ) );
#9192 = VECTOR( '', #11047, 1.00000000000000 );
#9193 = CARTESIAN_POINT( '', ( -0.000559575867687300, 3.00000000000000E-005, 0.000186170232296000 ) );
#9194 = CARTESIAN_POINT( '', ( -0.000559575867687300, 1.00000000000000E-005, 0.000186170232296000 ) );
#9195 = CARTESIAN_POINT( '', ( -0.000559575867687300, 3.00000000000000E-005, 0.000186170232296000 ) );
#9196 = VECTOR( '', #11048, 1.00000000000000 );
#9197 = CARTESIAN_POINT( '', ( -0.000575604150817700, 1.00000000000000E-005, 0.000230851078033400 ) );
#9198 = CARTESIAN_POINT( '', ( -0.000575604150817700, 1.00000000000000E-005, 0.000230851078033400 ) );
#9199 = VECTOR( '', #11049, 1.00000000000000 );
#9200 = CARTESIAN_POINT( '', ( -0.000575604150817700, 3.00000000000000E-005, 0.000230851078033400 ) );
#9201 = CARTESIAN_POINT( '', ( -0.000575604150817700, 3.00000000000000E-005, 0.000230851078033400 ) );
#9202 = VECTOR( '', #11050, 1.00000000000000 );
#9203 = CARTESIAN_POINT( '', ( -0.000575604150817700, 3.00000000000000E-005, 0.000230851078033400 ) );
#9204 = VECTOR( '', #11051, 1.00000000000000 );
#9205 = CARTESIAN_POINT( '', ( 0.00185000000000000, 0.00132000000000000, -0.00113540227526100 ) );
#9206 = CARTESIAN_POINT( '', ( 0.00185000000000000, 0.00132000000000000, -0.00113540227526100 ) );
#9207 = VECTOR( '', #11052, 1.00000000000000 );
#9208 = CARTESIAN_POINT( '', ( 0.00185000000000000, 0.00132000000000000, -0.00140000000000000 ) );
#9209 = CARTESIAN_POINT( '', ( 0.00185000000000000, 0.00132000000000000, -0.00140000000000000 ) );
#9210 = VECTOR( '', #11053, 1.00000000000000 );
#9211 = CARTESIAN_POINT( '', ( 0.00185000000000000, 0.00132000000000000, -0.00140000000000000 ) );
#9212 = VECTOR( '', #11054, 1.00000000000000 );
#9213 = CARTESIAN_POINT( '', ( 0.000590070687763400, 1.00000000000000E-005, 5.21276533603700E-005 ) );
#9214 = VECTOR( '', #11055, 1.00000000000000 );
#9215 = CARTESIAN_POINT( '', ( 0.000590070687763400, 3.00000000000000E-005, 5.21276533603700E-005 ) );
#9216 = VECTOR( '', #11056, 1.00000000000000 );
#9217 = CARTESIAN_POINT( '', ( 0.000798438262413600, 3.00000000000000E-005, -9.68085199594500E-005 ) );
#9218 = CARTESIAN_POINT( '', ( 0.000798438262413600, 1.00000000000000E-005, -9.68085199594500E-005 ) );
#9219 = CARTESIAN_POINT( '', ( 0.000798438262413600, 3.00000000000000E-005, -9.68085199594500E-005 ) );
#9220 = VECTOR( '', #11057, 1.00000000000000 );
#9221 = CARTESIAN_POINT( '', ( 0.000790424132312700, 1.00000000000000E-005, -5.21276533603700E-005 ) );
#9222 = CARTESIAN_POINT( '', ( 0.000790424132312700, 1.00000000000000E-005, -5.21276533603700E-005 ) );
#9223 = VECTOR( '', #11058, 1.00000000000000 );
#9224 = CARTESIAN_POINT( '', ( 0.000790424132312700, 3.00000000000000E-005, -5.21276533603700E-005 ) );
#9225 = CARTESIAN_POINT( '', ( 0.000790424132312700, 3.00000000000000E-005, -5.21276533603700E-005 ) );
#9226 = VECTOR( '', #11059, 1.00000000000000 );
#9227 = CARTESIAN_POINT( '', ( 0.000790424132312700, 3.00000000000000E-005, -5.21276533603700E-005 ) );
#9228 = VECTOR( '', #11060, 1.00000000000000 );
#9229 = CARTESIAN_POINT( '', ( 0.00230000000000000, 0.000150000000000000, -0.000500000000000000 ) );
#9230 = CARTESIAN_POINT( '', ( 0.00190000000000000, 0.000150000000000000, -0.000500000000000000 ) );
#9231 = CARTESIAN_POINT( '', ( 0.00230000000000000, 0.000150000000000000, -0.000500000000000000 ) );
#9232 = VECTOR( '', #11061, 1.00000000000000 );
#9233 = CARTESIAN_POINT( '', ( 0.00230000000000000, 0.000150000000000000, -0.00110000000000000 ) );
#9234 = CARTESIAN_POINT( '', ( 0.00230000000000000, 0.000150000000000000, -0.00110000000000000 ) );
#9235 = VECTOR( '', #11062, 1.00000000000000 );
#9236 = CARTESIAN_POINT( '', ( 0.00190000000000000, 0.000150000000000000, -0.00110000000000000 ) );
#9237 = CARTESIAN_POINT( '', ( 0.00190000000000000, 0.000150000000000000, -0.00110000000000000 ) );
#9238 = VECTOR( '', #11063, 1.00000000000000 );
#9239 = CARTESIAN_POINT( '', ( 0.00190000000000000, 0.000150000000000000, -0.00110000000000000 ) );
#9240 = VECTOR( '', #11064, 1.00000000000000 );
#9241 = CARTESIAN_POINT( '', ( 0.000638155517092000, 3.00000000000000E-005, -0.000335106383450300 ) );
#9242 = CARTESIAN_POINT( '', ( 0.000638155517092000, 1.00000000000000E-005, -0.000335106383450300 ) );
#9243 = CARTESIAN_POINT( '', ( 0.000638155517092000, 3.00000000000000E-005, -0.000335106383450300 ) );
#9244 = VECTOR( '', #11065, 1.00000000000000 );
#9245 = CARTESIAN_POINT( '', ( 0.000598084826462500, 1.00000000000000E-005, -0.000290425533801300 ) );
#9246 = VECTOR( '', #11066, 1.00000000000000 );
#9247 = CARTESIAN_POINT( '', ( 0.000598084826462500, 3.00000000000000E-005, -0.000290425533801300 ) );
#9248 = VECTOR( '', #11067, 1.00000000000000 );
#9249 = CARTESIAN_POINT( '', ( -0.000639717248946300, 3.00000000000000E-005, 0.000275531923770900 ) );
#9250 = CARTESIAN_POINT( '', ( -0.000639717248946300, 1.00000000000000E-005, 0.000275531923770900 ) );
#9251 = CARTESIAN_POINT( '', ( -0.000639717248946300, 3.00000000000000E-005, 0.000275531923770900 ) );
#9252 = VECTOR( '', #11068, 1.00000000000000 );
#9253 = CARTESIAN_POINT( '', ( -0.000671773792278400, 1.00000000000000E-005, 0.000275531923770900 ) );
#9254 = CARTESIAN_POINT( '', ( -0.000671773792278400, 1.00000000000000E-005, 0.000275531923770900 ) );
#9255 = VECTOR( '', #11069, 1.00000000000000 );
#9256 = CARTESIAN_POINT( '', ( -0.000671773792278400, 3.00000000000000E-005, 0.000275531923770900 ) );
#9257 = CARTESIAN_POINT( '', ( -0.000671773792278400, 3.00000000000000E-005, 0.000275531923770900 ) );
#9258 = VECTOR( '', #11070, 1.00000000000000 );
#9259 = CARTESIAN_POINT( '', ( -0.000671773792278400, 3.00000000000000E-005, 0.000275531923770900 ) );
#9260 = VECTOR( '', #11071, 1.00000000000000 );
#9261 = CARTESIAN_POINT( '', ( 0.00201785848108400, 0.00129525607989300, 0.000986185059469200 ) );
#9262 = CARTESIAN_POINT( '', ( 0.00202000000000000, 0.00127000000000000, 0.000984765147042100 ) );
#9263 = CARTESIAN_POINT( '', ( 0.00202000000000000, 0.00127845898748000, 0.000985238451184500 ) );
#9264 = CARTESIAN_POINT( '', ( 0.00201928275350800, 0.00128691785962400, 0.000985711755326800 ) );
#9265 = CARTESIAN_POINT( '', ( 0.00201785848108400, 0.00129525607989300, 0.000986185059469200 ) );
#9266 = CARTESIAN_POINT( '', ( 0.00191928616036100, 0.00127841869329800, 0.000986185059469200 ) );
#9267 = CARTESIAN_POINT( '', ( 0.00191928616036100, 0.00127841869329800, 0.000986185059469200 ) );
#9268 = VECTOR( '', #11072, 1.00000000000000 );
#9269 = CARTESIAN_POINT( '', ( 0.00192000000000000, 0.00127000000000000, 0.000984765147042100 ) );
#9270 = CARTESIAN_POINT( '', ( 0.00192000000000000, 0.00127281966249300, 0.000985238451184500 ) );
#9271 = CARTESIAN_POINT( '', ( 0.00191976091783600, 0.00127563928654100, 0.000985711755326800 ) );
#9272 = CARTESIAN_POINT( '', ( 0.00191928616036100, 0.00127841869329800, 0.000986185059469200 ) );
#9273 = CARTESIAN_POINT( '', ( -0.000783971724034800, 3.00000000000000E-005, 0.000245744693279300 ) );
#9274 = CARTESIAN_POINT( '', ( -0.000783971724034800, 1.00000000000000E-005, 0.000245744693279300 ) );
#9275 = CARTESIAN_POINT( '', ( -0.000783971724034800, 3.00000000000000E-005, 0.000245744693279300 ) );
#9276 = VECTOR( '', #11073, 1.00000000000000 );
#9277 = CARTESIAN_POINT( '', ( -0.000751915173537500, 1.00000000000000E-005, 0.000305319154262500 ) );
#9278 = CARTESIAN_POINT( '', ( -0.000751915173537500, 1.00000000000000E-005, 0.000305319154262500 ) );
#9279 = VECTOR( '', #11074, 1.00000000000000 );
#9280 = CARTESIAN_POINT( '', ( -0.000751915173537500, 3.00000000000000E-005, 0.000305319154262500 ) );
#9281 = CARTESIAN_POINT( '', ( -0.000751915173537500, 3.00000000000000E-005, 0.000305319154262500 ) );
#9282 = VECTOR( '', #11075, 1.00000000000000 );
#9283 = CARTESIAN_POINT( '', ( -0.000751915173537500, 3.00000000000000E-005, 0.000305319154262500 ) );
#9284 = VECTOR( '', #11076, 1.00000000000000 );
#9285 = CARTESIAN_POINT( '', ( -0.000719858624473100, 1.00000000000000E-005, 0.000335106384754200 ) );
#9286 = CARTESIAN_POINT( '', ( -0.000719858624473100, 1.00000000000000E-005, 0.000335106384754200 ) );
#9287 = VECTOR( '', #11077, 1.00000000000000 );
#9288 = CARTESIAN_POINT( '', ( -0.000719858624473100, 3.00000000000000E-005, 0.000335106384754200 ) );
#9289 = CARTESIAN_POINT( '', ( -0.000719858624473100, 3.00000000000000E-005, 0.000335106384754200 ) );
#9290 = VECTOR( '', #11078, 1.00000000000000 );
#9291 = CARTESIAN_POINT( '', ( -0.000719858624473100, 3.00000000000000E-005, 0.000335106384754200 ) );
#9292 = VECTOR( '', #11079, 1.00000000000000 );
#9293 = CARTESIAN_POINT( '', ( -0.000791985862017400, 3.00000000000000E-005, 0.000186170232296000 ) );
#9294 = CARTESIAN_POINT( '', ( -0.000791985862017400, 1.00000000000000E-005, 0.000186170232296000 ) );
#9295 = CARTESIAN_POINT( '', ( -0.000791985862017400, 3.00000000000000E-005, 0.000186170232296000 ) );
#9296 = VECTOR( '', #11080, 1.00000000000000 );
#9297 = CARTESIAN_POINT( '', ( -0.000783971724034800, 1.00000000000000E-005, 0.000245744693279300 ) );
#9298 = VECTOR( '', #11081, 1.00000000000000 );
#9299 = CARTESIAN_POINT( '', ( -0.000783971724034800, 3.00000000000000E-005, 0.000245744693279300 ) );
#9300 = VECTOR( '', #11082, 1.00000000000000 );
#9301 = CARTESIAN_POINT( '', ( -0.000599646564049000, 3.00000000000000E-005, 0.000260638308525100 ) );
#9302 = CARTESIAN_POINT( '', ( -0.000599646564049000, 1.00000000000000E-005, 0.000260638308525100 ) );
#9303 = CARTESIAN_POINT( '', ( -0.000599646564049000, 3.00000000000000E-005, 0.000260638308525100 ) );
#9304 = VECTOR( '', #11083, 1.00000000000000 );
#9305 = CARTESIAN_POINT( '', ( -0.000639717248946300, 1.00000000000000E-005, 0.000275531923770900 ) );
#9306 = VECTOR( '', #11084, 1.00000000000000 );
#9307 = CARTESIAN_POINT( '', ( -0.000639717248946300, 3.00000000000000E-005, 0.000275531923770900 ) );
#9308 = VECTOR( '', #11085, 1.00000000000000 );
#9309 = CARTESIAN_POINT( '', ( -0.000599646564049000, 1.00000000000000E-005, 0.000260638308525100 ) );
#9310 = VECTOR( '', #11086, 1.00000000000000 );
#9311 = CARTESIAN_POINT( '', ( -0.000599646564049000, 3.00000000000000E-005, 0.000260638308525100 ) );
#9312 = VECTOR( '', #11087, 1.00000000000000 );
#9313 = CARTESIAN_POINT( '', ( 0.000500000000000000, 0.000233287901752200, -0.00120762812297000 ) );
#9314 = CARTESIAN_POINT( '', ( 0.000500000000000000, 0.000233287901752200, -0.00120762812297000 ) );
#9315 = VECTOR( '', #11088, 1.00000000000000 );
#9316 = AXIS2_PLACEMENT_3D( '', #11089, #11090, #11091 );
#9317 = CARTESIAN_POINT( '', ( 0.000500000000000000, 0.000144135295819500, -0.00131521019646900 ) );
#9318 = VECTOR( '', #11092, 1.00000000000000 );
#9319 = CARTESIAN_POINT( '', ( 0.000500000000000000, 0.000226312254377800, -0.00130738452799600 ) );
#9320 = AXIS2_PLACEMENT_3D( '', #11093, #11094, #11095 );
#9321 = CARTESIAN_POINT( '', ( 0.000500000000000000, 0.00125953652893800, -0.00137963460753900 ) );
#9322 = CARTESIAN_POINT( '', ( 0.000500000000000000, 0.000226312254377800, -0.00130738452799600 ) );
#9323 = VECTOR( '', #11096, 1.00000000000000 );
#9324 = CARTESIAN_POINT( '', ( 0.000500000000000000, 0.00128562548117200, -0.00137918392788100 ) );
#9325 = AXIS2_PLACEMENT_3D( '', #11097, #11098, #11099 );
#9326 = CARTESIAN_POINT( '', ( 0.000500000000000000, 0.00127520849372400, -0.00127972797596000 ) );
#9327 = VECTOR( '', #11100, 1.00000000000000 );
#9328 = CARTESIAN_POINT( '', ( -0.00118000000000000, 0.00132000000000000, 0.00213000000000000 ) );
#9329 = CARTESIAN_POINT( '', ( -0.00118000000000000, 0.00137000000000000, 0.00213000000000000 ) );
#9330 = CARTESIAN_POINT( '', ( -0.00118000000000000, 0.00132000000000000, 0.00213000000000000 ) );
#9331 = VECTOR( '', #11101, 1.00000000000000 );
#9332 = CARTESIAN_POINT( '', ( 0.00118000000000000, 0.00132000000000000, 0.00213000000000000 ) );
#9333 = CARTESIAN_POINT( '', ( 0.00118000000000000, 0.00132000000000000, 0.00213000000000000 ) );
#9334 = VECTOR( '', #11102, 1.00000000000000 );
#9335 = CARTESIAN_POINT( '', ( 0.00118000000000000, 0.00132000000000000, 0.00213000000000000 ) );
#9336 = VECTOR( '', #11103, 1.00000000000000 );
#9337 = CARTESIAN_POINT( '', ( 0.00118000000000000, 0.00137000000000000, 0.00213000000000000 ) );
#9338 = VECTOR( '', #11104, 1.00000000000000 );
#9339 = CARTESIAN_POINT( '', ( -0.00125000000000000, 0.000870000000008700, 0.00185000000000000 ) );
#9340 = AXIS2_PLACEMENT_3D( '', #11105, #11106, #11107 );
#9341 = AXIS2_PLACEMENT_3D( '', #11108, #11109, #11110 );
#9342 = CARTESIAN_POINT( '', ( -0.00125000000000000, 0.000870000000008700, 0.00185000000000000 ) );
#9343 = VECTOR( '', #11111, 1.00000000000000 );
#9344 = CARTESIAN_POINT( '', ( 0.000670212066156400, 3.00000000000000E-005, 2.23404228687300E-005 ) );
#9345 = CARTESIAN_POINT( '', ( 0.000670212066156400, 1.00000000000000E-005, 2.23404228687300E-005 ) );
#9346 = CARTESIAN_POINT( '', ( 0.000670212066156400, 3.00000000000000E-005, 2.23404228687300E-005 ) );
#9347 = VECTOR( '', #11112, 1.00000000000000 );
#9348 = CARTESIAN_POINT( '', ( 0.000646169652925100, 1.00000000000000E-005, 7.44680762291000E-006 ) );
#9349 = VECTOR( '', #11113, 1.00000000000000 );
#9350 = CARTESIAN_POINT( '', ( 0.000646169652925100, 3.00000000000000E-005, 7.44680762291000E-006 ) );
#9351 = VECTOR( '', #11114, 1.00000000000000 );
#9352 = CARTESIAN_POINT( '', ( 0.00230000000000000, 0.000000000000000, -0.00110000000000000 ) );
#9353 = VECTOR( '', #11115, 1.00000000000000 );
#9354 = CARTESIAN_POINT( '', ( 0.00190000000000000, 0.000150000000000000, -0.00110000000000000 ) );
#9355 = VECTOR( '', #11116, 1.00000000000000 );
#9356 = CARTESIAN_POINT( '', ( 0.000798438262413600, 3.00000000000000E-005, 3.72340381145500E-005 ) );
#9357 = CARTESIAN_POINT( '', ( 0.000798438262413600, 1.00000000000000E-005, 3.72340381145500E-005 ) );
#9358 = CARTESIAN_POINT( '', ( 0.000798438262413600, 3.00000000000000E-005, 3.72340381145500E-005 ) );
#9359 = VECTOR( '', #11117, 1.00000000000000 );
#9360 = CARTESIAN_POINT( '', ( 0.000822480675644900, 1.00000000000000E-005, -7.44680762291000E-006 ) );
#9361 = CARTESIAN_POINT( '', ( 0.000822480675644900, 1.00000000000000E-005, -7.44680762291000E-006 ) );
#9362 = VECTOR( '', #11118, 1.00000000000000 );
#9363 = CARTESIAN_POINT( '', ( 0.000822480675644900, 3.00000000000000E-005, -7.44680762291000E-006 ) );
#9364 = CARTESIAN_POINT( '', ( 0.000822480675644900, 3.00000000000000E-005, -7.44680762291000E-006 ) );
#9365 = VECTOR( '', #11119, 1.00000000000000 );
#9366 = CARTESIAN_POINT( '', ( 0.000822480675644900, 3.00000000000000E-005, -7.44680762291000E-006 ) );
#9367 = VECTOR( '', #11120, 1.00000000000000 );
#9368 = CARTESIAN_POINT( '', ( 0.000838508958775300, 3.00000000000000E-005, -8.19148838520100E-005 ) );
#9369 = CARTESIAN_POINT( '', ( 0.000838508958775300, 1.00000000000000E-005, -8.19148838520100E-005 ) );
#9370 = CARTESIAN_POINT( '', ( 0.000838508958775300, 3.00000000000000E-005, -8.19148838520100E-005 ) );
#9371 = VECTOR( '', #11121, 1.00000000000000 );
#9372 = CARTESIAN_POINT( '', ( 0.000838508958775300, 1.00000000000000E-005, -0.000156382980942700 ) );
#9373 = VECTOR( '', #11122, 1.00000000000000 );
#9374 = CARTESIAN_POINT( '', ( 0.000838508958775300, 3.00000000000000E-005, -0.000156382980942700 ) );
#9375 = VECTOR( '', #11123, 1.00000000000000 );
#9376 = CARTESIAN_POINT( '', ( 0.00202000000000000, 0.000761895412975100, -0.000405602917757000 ) );
#9377 = CARTESIAN_POINT( '', ( 0.00202000000000000, 0.000761895412975100, -0.000405602917757000 ) );
#9378 = VECTOR( '', #11124, 1.00000000000000 );
#9379 = CARTESIAN_POINT( '', ( 0.00192000000000000, 0.000761895412975100, -0.000405602917757000 ) );
#9380 = VECTOR( '', #11125, 1.00000000000000 );
#9381 = CARTESIAN_POINT( '', ( 0.00120000000000000, 0.000320000000000000, 0.00185000000000000 ) );
#9382 = CARTESIAN_POINT( '', ( -0.00120000000000000, 0.000320000000000000, 0.00185000000000000 ) );
#9383 = VECTOR( '', #11126, 1.00000000000000 );
#9384 = CARTESIAN_POINT( '', ( 0.00120000000000000, 0.000320000000000000, 0.00185000000000000 ) );
#9385 = VECTOR( '', #11127, 1.00000000000000 );
#9386 = CARTESIAN_POINT( '', ( 0.00120000000000000, 0.000320000000000000, 0.00208341007191600 ) );
#9387 = VECTOR( '', #11128, 1.00000000000000 );
#9388 = CARTESIAN_POINT( '', ( 0.000774395849182300, 3.00000000000000E-005, -0.000230851067602600 ) );
#9389 = CARTESIAN_POINT( '', ( 0.000774395849182300, 1.00000000000000E-005, -0.000230851067602600 ) );
#9390 = CARTESIAN_POINT( '', ( 0.000774395849182300, 3.00000000000000E-005, -0.000230851067602600 ) );
#9391 = VECTOR( '', #11129, 1.00000000000000 );
#9392 = CARTESIAN_POINT( '', ( 0.000790424132312700, 1.00000000000000E-005, -0.000186170211434400 ) );
#9393 = CARTESIAN_POINT( '', ( 0.000790424132312700, 1.00000000000000E-005, -0.000186170211434400 ) );
#9394 = VECTOR( '', #11130, 1.00000000000000 );
#9395 = CARTESIAN_POINT( '', ( 0.000790424132312700, 3.00000000000000E-005, -0.000186170211434400 ) );
#9396 = CARTESIAN_POINT( '', ( 0.000790424132312700, 3.00000000000000E-005, -0.000186170211434400 ) );
#9397 = VECTOR( '', #11131, 1.00000000000000 );
#9398 = CARTESIAN_POINT( '', ( 0.000790424132312700, 3.00000000000000E-005, -0.000186170211434400 ) );
#9399 = VECTOR( '', #11132, 1.00000000000000 );
#9400 = CARTESIAN_POINT( '', ( 0.000600000000000000, 0.00132000000000000, -0.00110756733223800 ) );
#9401 = CARTESIAN_POINT( '', ( -0.000600000000000000, 0.00132000000000000, -0.00110756733223800 ) );
#9402 = CARTESIAN_POINT( '', ( 0.000600000000000000, 0.00132000000000000, -0.00110756733223800 ) );
#9403 = VECTOR( '', #11133, 1.00000000000000 );
#9404 = CARTESIAN_POINT( '', ( 0.000600000000000000, 0.000800000000000000, -0.00110756733223800 ) );
#9405 = CARTESIAN_POINT( '', ( 0.000600000000000000, 0.00132000000000000, -0.00110756733223800 ) );
#9406 = VECTOR( '', #11134, 1.00000000000000 );
#9407 = CARTESIAN_POINT( '', ( -0.000600000000000000, 0.000800000000000000, -0.00110756733223800 ) );
#9408 = CARTESIAN_POINT( '', ( 0.000600000000000000, 0.000800000000000000, -0.00110756733223800 ) );
#9409 = VECTOR( '', #11135, 1.00000000000000 );
#9410 = CARTESIAN_POINT( '', ( -0.000600000000000000, 0.000800000000000000, -0.00110756733223800 ) );
#9411 = VECTOR( '', #11136, 1.00000000000000 );
#9412 = CARTESIAN_POINT( '', ( 0.000429574378841300, 0.000939518810425900, -0.00110756733223800 ) );
#9413 = CARTESIAN_POINT( '', ( 0.000429574378841300, 0.000939518810425900, -0.00110756733223800 ) );
#9414 = CARTESIAN_POINT( '', ( 0.000431088908964400, 0.00103953643808900, -0.00110756733223800 ) );
#9415 = CARTESIAN_POINT( '', ( 0.000432734408432900, 0.00113955188563700, -0.00110756733223800 ) );
#9416 = CARTESIAN_POINT( '', ( 0.000434549579232700, 0.00123956450883900, -0.00110756733223800 ) );
#9417 = CARTESIAN_POINT( '', ( 0.000429574378841300, 0.000939518810425900, -0.00110756733223800 ) );
#9418 = VECTOR( '', #11137, 1.00000000000000 );
#9419 = CARTESIAN_POINT( '', ( -0.00187000000000000, 0.00132000000000000, 0.000400000000000000 ) );
#9420 = CARTESIAN_POINT( '', ( -0.00187000000000000, 0.00132000000000000, 0.00106056912752500 ) );
#9421 = CARTESIAN_POINT( '', ( -0.00187000000000000, 0.00132000000000000, 0.000400000000000000 ) );
#9422 = VECTOR( '', #11138, 1.00000000000000 );
#9423 = CARTESIAN_POINT( '', ( -0.00191928616036100, 0.00127841869329800, 0.000986185059469200 ) );
#9424 = CARTESIAN_POINT( '', ( -0.00187000000000000, 0.00132000000000000, 0.00106056912752500 ) );
#9425 = CARTESIAN_POINT( '', ( -0.00187199173019600, 0.00132000000000000, 0.00105490637424800 ) );
#9426 = CARTESIAN_POINT( '', ( -0.00187634713936800, 0.00131975326201000, 0.00104444294803700 ) );
#9427 = CARTESIAN_POINT( '', ( -0.00188327051833500, 0.00131838638960000, 0.00103119250331000 ) );
#9428 = CARTESIAN_POINT( '', ( -0.00189015697132700, 0.00131595200381000, 0.00102007345238000 ) );
#9429 = CARTESIAN_POINT( '', ( -0.00189664983723100, 0.00131252021367000, 0.00101096312759000 ) );
#9430 = CARTESIAN_POINT( '', ( -0.00190261071063800, 0.00130813667049500, 0.00100362142273700 ) );
#9431 = CARTESIAN_POINT( '', ( -0.00190774914088300, 0.00130304856835600, 0.000997860427281100 ) );
#9432 = CARTESIAN_POINT( '', ( -0.00191204651369500, 0.00129735660759000, 0.000993343293814100 ) );
#9433 = CARTESIAN_POINT( '', ( -0.00191538263383700, 0.00129135219248000, 0.000990004131941900 ) );
#9434 = CARTESIAN_POINT( '', ( -0.00191786167850500, 0.00128498835898500, 0.000987583915629000 ) );
#9435 = CARTESIAN_POINT( '', ( -0.00191891078045400, 0.00128061630682700, 0.000986559290259500 ) );
#9436 = CARTESIAN_POINT( '', ( -0.00191928616036100, 0.00127841869329800, 0.000986185059469200 ) );
#9437 = CARTESIAN_POINT( '', ( -0.00191928616036100, 0.00127841869329800, 0.000986185059469200 ) );
#9438 = CARTESIAN_POINT( '', ( -0.00191976091783600, 0.00127563928654100, 0.000985711755326800 ) );
#9439 = CARTESIAN_POINT( '', ( -0.00192000000000000, 0.00127281966249300, 0.000985238451184500 ) );
#9440 = CARTESIAN_POINT( '', ( -0.00192000000000000, 0.00127000000000000, 0.000984765147042100 ) );
#9441 = AXIS2_PLACEMENT_3D( '', #11139, #11140, #11141 );
#9442 = CARTESIAN_POINT( '', ( 0.000415838015129000, 0.000939127379678100, -0.00112999238475800 ) );
#9443 = CARTESIAN_POINT( '', ( 0.000415838015129000, 0.000939127379678100, -0.00112999238475800 ) );
#9444 = VECTOR( '', #11142, 1.00000000000000 );
#9445 = AXIS2_PLACEMENT_3D( '', #11143, #11144, #11145 );
#9446 = CARTESIAN_POINT( '', ( 0.000798438262413600, 3.00000000000000E-005, -0.000141489365696900 ) );
#9447 = CARTESIAN_POINT( '', ( 0.000798438262413600, 1.00000000000000E-005, -0.000141489365696900 ) );
#9448 = CARTESIAN_POINT( '', ( 0.000798438262413600, 3.00000000000000E-005, -0.000141489365696900 ) );
#9449 = VECTOR( '', #11146, 1.00000000000000 );
#9450 = CARTESIAN_POINT( '', ( 0.000798438262413600, 1.00000000000000E-005, -9.68085199594500E-005 ) );
#9451 = VECTOR( '', #11147, 1.00000000000000 );
#9452 = CARTESIAN_POINT( '', ( 0.000798438262413600, 3.00000000000000E-005, -9.68085199594500E-005 ) );
#9453 = VECTOR( '', #11148, 1.00000000000000 );
#9454 = CARTESIAN_POINT( '', ( 0.00230000000000000, 0.000150000000000000, 0.000500000000000000 ) );
#9455 = CARTESIAN_POINT( '', ( 0.00230000000000000, 0.000000000000000, 0.000500000000000000 ) );
#9456 = VECTOR( '', #11149, 1.00000000000000 );
#9457 = CARTESIAN_POINT( '', ( 0.00230000000000000, 0.000150000000000000, 0.000500000000000000 ) );
#9458 = VECTOR( '', #11150, 1.00000000000000 );
#9459 = CARTESIAN_POINT( '', ( -0.000500000000000000, 0.000233287901752200, -0.00120762812297000 ) );
#9460 = VECTOR( '', #11151, 1.00000000000000 );
#9461 = CARTESIAN_POINT( '', ( 0.00118000000000000, 0.00142000000000000, 0.00187000000000000 ) );
#9462 = VECTOR( '', #11152, 1.00000000000000 );
#9463 = CARTESIAN_POINT( '', ( 0.00118000000000000, 0.00142000000000000, 0.00208000000000000 ) );
#9464 = VECTOR( '', #11153, 1.00000000000000 );
#9465 = CARTESIAN_POINT( '', ( -0.000511491041224700, 3.00000000000000E-005, 0.000156382960081100 ) );
#9466 = CARTESIAN_POINT( '', ( -0.000511491041224700, 1.00000000000000E-005, 0.000156382960081100 ) );
#9467 = CARTESIAN_POINT( '', ( -0.000511491041224700, 3.00000000000000E-005, 0.000156382960081100 ) );
#9468 = VECTOR( '', #11154, 1.00000000000000 );
#9469 = CARTESIAN_POINT( '', ( -0.000519505171325600, 1.00000000000000E-005, 9.68084990978200E-005 ) );
#9470 = CARTESIAN_POINT( '', ( -0.000519505171325600, 1.00000000000000E-005, 9.68084990978200E-005 ) );
#9471 = VECTOR( '', #11155, 1.00000000000000 );
#9472 = CARTESIAN_POINT( '', ( -0.000519505171325600, 3.00000000000000E-005, 9.68084990978200E-005 ) );
#9473 = CARTESIAN_POINT( '', ( -0.000519505171325600, 3.00000000000000E-005, 9.68084990978200E-005 ) );
#9474 = VECTOR( '', #11156, 1.00000000000000 );
#9475 = CARTESIAN_POINT( '', ( -0.000519505171325600, 3.00000000000000E-005, 9.68084990978200E-005 ) );
#9476 = VECTOR( '', #11157, 1.00000000000000 );
#9477 = CARTESIAN_POINT( '', ( 0.000678226207721600, 1.00000000000000E-005, -0.000350000000000000 ) );
#9478 = CARTESIAN_POINT( '', ( 0.000678226207721600, 1.00000000000000E-005, -0.000350000000000000 ) );
#9479 = VECTOR( '', #11158, 1.00000000000000 );
#9480 = CARTESIAN_POINT( '', ( 0.000678226207721600, 3.00000000000000E-005, -0.000350000000000000 ) );
#9481 = CARTESIAN_POINT( '', ( 0.000678226207721600, 3.00000000000000E-005, -0.000350000000000000 ) );
#9482 = VECTOR( '', #11159, 1.00000000000000 );
#9483 = CARTESIAN_POINT( '', ( 0.000678226207721600, 3.00000000000000E-005, -0.000350000000000000 ) );
#9484 = VECTOR( '', #11160, 1.00000000000000 );
#9485 = CARTESIAN_POINT( '', ( -0.00202000000000000, 0.00127000000000000, -0.000984765147042100 ) );
#9486 = CARTESIAN_POINT( '', ( -0.00202000000000000, 0.000712931156690200, -0.000927629881061600 ) );
#9487 = VECTOR( '', #11161, 1.00000000000000 );
#9488 = CARTESIAN_POINT( '', ( -0.00202000000000000, 0.00127000000000000, -0.000984765147042100 ) );
#9489 = VECTOR( '', #11162, 1.00000000000000 );
#9490 = CARTESIAN_POINT( '', ( 0.000415838015129000, 0.000939127379678100, -0.00112999238475800 ) );
#9491 = VECTOR( '', #11163, 1.00000000000000 );
#9492 = CARTESIAN_POINT( '', ( -0.00230000000000000, 0.000150000000000000, 0.00110000000000000 ) );
#9493 = CARTESIAN_POINT( '', ( -0.00230000000000000, 0.000000000000000, 0.00110000000000000 ) );
#9494 = VECTOR( '', #11164, 1.00000000000000 );
#9495 = CARTESIAN_POINT( '', ( -0.00230000000000000, 0.000150000000000000, 0.000500000000000000 ) );
#9496 = CARTESIAN_POINT( '', ( -0.00230000000000000, 0.000150000000000000, 0.000500000000000000 ) );
#9497 = VECTOR( '', #11165, 1.00000000000000 );
#9498 = CARTESIAN_POINT( '', ( -0.00230000000000000, 0.000000000000000, 0.000500000000000000 ) );
#9499 = VECTOR( '', #11166, 1.00000000000000 );
#9500 = CARTESIAN_POINT( '', ( -0.00190000000000000, 0.000150000000000000, 0.000500000000000000 ) );
#9501 = CARTESIAN_POINT( '', ( -0.00230000000000000, 0.000150000000000000, 0.000500000000000000 ) );
#9502 = VECTOR( '', #11167, 1.00000000000000 );
#9503 = CARTESIAN_POINT( '', ( -0.00190000000000000, 0.000150000000000000, 0.000500000000000000 ) );
#9504 = VECTOR( '', #11168, 1.00000000000000 );
#9505 = CARTESIAN_POINT( '', ( -0.00190000000000000, 0.000150000000000000, 0.00110000000000000 ) );
#9506 = CARTESIAN_POINT( '', ( -0.00190000000000000, 0.000150000000000000, 0.00110000000000000 ) );
#9507 = VECTOR( '', #11169, 1.00000000000000 );
#9508 = CARTESIAN_POINT( '', ( -0.00190000000000000, 0.000150000000000000, 0.00110000000000000 ) );
#9509 = VECTOR( '', #11170, 1.00000000000000 );
#9510 = CARTESIAN_POINT( '', ( -0.00190000000000000, 0.000150000000000000, 0.000500000000000000 ) );
#9511 = VECTOR( '', #11171, 1.00000000000000 );
#9512 = CARTESIAN_POINT( '', ( -0.00190000000000000, 0.00114679491924300, 0.00125000000000000 ) );
#9513 = VECTOR( '', #11172, 1.00000000000000 );
#9514 = CARTESIAN_POINT( '', ( -0.00190000000000000, 0.00114679491924300, 0.000400000000000000 ) );
#9515 = VECTOR( '', #11173, 1.00000000000000 );
#9516 = CARTESIAN_POINT( '', ( -0.00190000000000000, 0.000000000000000, 0.000500000000000000 ) );
#9517 = VECTOR( '', #11174, 1.00000000000000 );
#9518 = CARTESIAN_POINT( '', ( 0.00190000000000000, 0.000150000000000000, 0.000500000000000000 ) );
#9519 = VECTOR( '', #11175, 1.00000000000000 );
#9520 = CARTESIAN_POINT( '', ( -0.00190000000000000, 0.000150000000000000, -0.00110000000000000 ) );
#9521 = VECTOR( '', #11176, 1.00000000000000 );
#9522 = CARTESIAN_POINT( '', ( -0.00190000000000000, 0.00114679491924300, -0.000400000000000000 ) );
#9523 = CARTESIAN_POINT( '', ( -0.00190000000000000, 0.00114679491924300, -0.000400000000000000 ) );
#9524 = VECTOR( '', #11177, 1.00000000000000 );
#9525 = CARTESIAN_POINT( '', ( -0.00190000000000000, 0.00114679491924300, -0.00125000000000000 ) );
#9526 = VECTOR( '', #11178, 1.00000000000000 );
#9527 = CARTESIAN_POINT( '', ( -0.00212401104997300, 0.000480487399863500, -0.000459673710213900 ) );
#9528 = VECTOR( '', #11179, 1.00000000000000 );
#9529 = CARTESIAN_POINT( '', ( -0.00211436008007700, 0.000501183971594900, 0.000344868680504400 ) );
#9530 = VECTOR( '', #11180, 1.00000000000000 );
#9531 = CARTESIAN_POINT( '', ( -0.00202000000000000, 0.000703539816339700, -0.000924315743010100 ) );
#9532 = VECTOR( '', #11181, 1.00000000000000 );
#9533 = CARTESIAN_POINT( '', ( 0.00123000000000000, 0.00137000000000000, 0.00187000000000000 ) );
#9534 = AXIS2_PLACEMENT_3D( '', #11182, #11183, #11184 );
#9535 = AXIS2_PLACEMENT_3D( '', #11185, #11186, #11187 );
#9536 = CARTESIAN_POINT( '', ( -0.000711844482908000, 1.00000000000000E-005, 0.000260638308525100 ) );
#9537 = CARTESIAN_POINT( '', ( -0.000711844482908000, 1.00000000000000E-005, 0.000260638308525100 ) );
#9538 = VECTOR( '', #11188, 1.00000000000000 );
#9539 = CARTESIAN_POINT( '', ( -0.000711844482908000, 3.00000000000000E-005, 0.000260638308525100 ) );
#9540 = CARTESIAN_POINT( '', ( -0.000711844482908000, 3.00000000000000E-005, 0.000260638308525100 ) );
#9541 = VECTOR( '', #11189, 1.00000000000000 );
#9542 = CARTESIAN_POINT( '', ( -0.000711844482908000, 3.00000000000000E-005, 0.000260638308525100 ) );
#9543 = VECTOR( '', #11190, 1.00000000000000 );
#9544 = CARTESIAN_POINT( '', ( 0.00191928616036100, 0.00127841869329800, -0.000986185059469200 ) );
#9545 = CARTESIAN_POINT( '', ( 0.00191976091783600, 0.00127563928654100, -0.000985711755326800 ) );
#9546 = CARTESIAN_POINT( '', ( 0.00192000000000000, 0.00127281966249300, -0.000985238451184500 ) );
#9547 = CARTESIAN_POINT( '', ( 0.00192000000000000, 0.00127000000000000, -0.000984765147042100 ) );
#9548 = CARTESIAN_POINT( '', ( 0.00202000000000000, 0.00127000000000000, -0.000984765147042100 ) );
#9549 = CARTESIAN_POINT( '', ( 0.00201785848108400, 0.00129525607989300, -0.000986185059469200 ) );
#9550 = CARTESIAN_POINT( '', ( 0.00201928275350800, 0.00128691785962400, -0.000985711755326800 ) );
#9551 = CARTESIAN_POINT( '', ( 0.00202000000000000, 0.00127845898748000, -0.000985238451184500 ) );
#9552 = CARTESIAN_POINT( '', ( 0.00202000000000000, 0.00127000000000000, -0.000984765147042100 ) );
#9553 = CARTESIAN_POINT( '', ( 0.00202000000000000, 0.00127000000000000, -0.000984765147042100 ) );
#9554 = VECTOR( '', #11191, 1.00000000000000 );
#9555 = CARTESIAN_POINT( '', ( -0.000511491041224700, 3.00000000000000E-005, -0.000275531913340100 ) );
#9556 = CARTESIAN_POINT( '', ( -0.000511491041224700, 1.00000000000000E-005, -0.000275531913340100 ) );
#9557 = CARTESIAN_POINT( '', ( -0.000511491041224700, 3.00000000000000E-005, -0.000275531913340100 ) );
#9558 = VECTOR( '', #11192, 1.00000000000000 );
#9559 = CARTESIAN_POINT( '', ( -0.000511491041224700, 1.00000000000000E-005, -0.000350000000000000 ) );
#9560 = VECTOR( '', #11193, 1.00000000000000 );
#9561 = CARTESIAN_POINT( '', ( -0.000511491041224700, 3.00000000000000E-005, -0.000350000000000000 ) );
#9562 = VECTOR( '', #11194, 1.00000000000000 );
#9563 = CARTESIAN_POINT( '', ( -0.00210000000000000, 0.000760000000000000, -0.000400000000000000 ) );
#9564 = CARTESIAN_POINT( '', ( -0.00210000000000000, 0.000760000000000000, 0.000400000000000000 ) );
#9565 = CARTESIAN_POINT( '', ( -0.00210000000000000, 0.000760000000000000, -0.000400000000000000 ) );
#9566 = VECTOR( '', #11195, 1.00000000000000 );
#9567 = CARTESIAN_POINT( '', ( -0.00210000000000000, 0.000760000000000000, 0.000400000000000000 ) );
#9568 = VECTOR( '', #11196, 1.00000000000000 );
#9569 = CARTESIAN_POINT( '', ( -0.00210000000000000, 0.00106000000000000, -0.000400000000000000 ) );
#9570 = VECTOR( '', #11197, 1.00000000000000 );
#9571 = CARTESIAN_POINT( '', ( -0.000500000000000000, 0.000226312254377800, -0.00130738452799600 ) );
#9572 = VECTOR( '', #11198, 1.00000000000000 );
#9573 = CARTESIAN_POINT( '', ( -0.000735886896139200, 1.00000000000000E-005, -0.000275531913340100 ) );
#9574 = CARTESIAN_POINT( '', ( -0.000511491041224700, 1.00000000000000E-005, -0.000275531913340100 ) );
#9575 = VECTOR( '', #11199, 1.00000000000000 );
#9576 = CARTESIAN_POINT( '', ( -0.000535533454456000, 1.00000000000000E-005, 5.21276533603700E-005 ) );
#9577 = CARTESIAN_POINT( '', ( -0.000735886896139200, 1.00000000000000E-005, -0.000275531913340100 ) );
#9578 = VECTOR( '', #11200, 1.00000000000000 );
#9579 = CARTESIAN_POINT( '', ( -0.000535533454456000, 1.00000000000000E-005, 5.21276533603700E-005 ) );
#9580 = VECTOR( '', #11201, 1.00000000000000 );
#9581 = CARTESIAN_POINT( '', ( -0.000511491041224700, 1.00000000000000E-005, 0.000186170232296000 ) );
#9582 = CARTESIAN_POINT( '', ( -0.000511491041224700, 1.00000000000000E-005, 0.000156382960081100 ) );
#9583 = VECTOR( '', #11202, 1.00000000000000 );
#9584 = CARTESIAN_POINT( '', ( -0.000511491041224700, 1.00000000000000E-005, 0.000186170232296000 ) );
#9585 = VECTOR( '', #11203, 1.00000000000000 );
#9586 = CARTESIAN_POINT( '', ( -0.000631703107381100, 1.00000000000000E-005, 0.000350000000000000 ) );
#9587 = CARTESIAN_POINT( '', ( -0.000583618280918600, 1.00000000000000E-005, 0.000335106384754200 ) );
#9588 = VECTOR( '', #11204, 1.00000000000000 );
#9589 = CARTESIAN_POINT( '', ( -0.000663759662177600, 1.00000000000000E-005, 0.000350000000000000 ) );
#9590 = CARTESIAN_POINT( '', ( -0.000631703107381100, 1.00000000000000E-005, 0.000350000000000000 ) );
#9591 = VECTOR( '', #11205, 1.00000000000000 );
#9592 = CARTESIAN_POINT( '', ( -0.000663759662177600, 1.00000000000000E-005, 0.000350000000000000 ) );
#9593 = VECTOR( '', #11206, 1.00000000000000 );
#9594 = CARTESIAN_POINT( '', ( -0.000751915173537500, 1.00000000000000E-005, 0.000186170232296000 ) );
#9595 = CARTESIAN_POINT( '', ( -0.000791985862017400, 1.00000000000000E-005, 0.000186170232296000 ) );
#9596 = VECTOR( '', #11207, 1.00000000000000 );
#9597 = CARTESIAN_POINT( '', ( -0.000735886896139200, 1.00000000000000E-005, 0.000230851078033400 ) );
#9598 = CARTESIAN_POINT( '', ( -0.000751915173537500, 1.00000000000000E-005, 0.000186170232296000 ) );
#9599 = VECTOR( '', #11208, 1.00000000000000 );
#9600 = CARTESIAN_POINT( '', ( -0.000735886896139200, 1.00000000000000E-005, 0.000230851078033400 ) );
#9601 = VECTOR( '', #11209, 1.00000000000000 );
#9602 = CARTESIAN_POINT( '', ( -0.000559575867687300, 1.00000000000000E-005, 0.000156382960081100 ) );
#9603 = CARTESIAN_POINT( '', ( -0.000559575867687300, 1.00000000000000E-005, 0.000186170232296000 ) );
#9604 = VECTOR( '', #11210, 1.00000000000000 );
#9605 = CARTESIAN_POINT( '', ( -0.000575604150817700, 1.00000000000000E-005, 9.68084990978200E-005 ) );
#9606 = CARTESIAN_POINT( '', ( -0.000559575867687300, 1.00000000000000E-005, 0.000156382960081100 ) );
#9607 = VECTOR( '', #11211, 1.00000000000000 );
#9608 = CARTESIAN_POINT( '', ( -0.000800000000000000, 1.00000000000000E-005, -0.000275531913340100 ) );
#9609 = CARTESIAN_POINT( '', ( -0.000575604150817700, 1.00000000000000E-005, 9.68084990978200E-005 ) );
#9610 = VECTOR( '', #11212, 1.00000000000000 );
#9611 = CARTESIAN_POINT( '', ( -0.000800000000000000, 1.00000000000000E-005, -0.000275531913340100 ) );
#9612 = VECTOR( '', #11213, 1.00000000000000 );
#9613 = CARTESIAN_POINT( '', ( -0.00201785848108400, 0.00129525607989300, -0.000986185059469200 ) );
#9614 = CARTESIAN_POINT( '', ( -0.00187000000000000, 0.00142000000000000, -0.00106056912752500 ) );
#9615 = CARTESIAN_POINT( '', ( -0.00187436705792500, 0.00142000000000000, -0.00105643041910900 ) );
#9616 = CARTESIAN_POINT( '', ( -0.00188365561229300, 0.00141962305630900, -0.00104855155875800 ) );
#9617 = CARTESIAN_POINT( '', ( -0.00189914850455100, 0.00141743804299000, -0.00103763202417300 ) );
#9618 = CARTESIAN_POINT( '', ( -0.00191533639323200, 0.00141333058244600, -0.00102794886397000 ) );
#9619 = CARTESIAN_POINT( '', ( -0.00193185439154800, 0.00140704281643300, -0.00101935946467700 ) );
#9620 = CARTESIAN_POINT( '', ( -0.00194778025821600, 0.00139868373664600, -0.00101196814552500 ) );
#9621 = CARTESIAN_POINT( '', ( -0.00196280963403000, 0.00138831591915900, -0.00100565832756900 ) );
#9622 = CARTESIAN_POINT( '', ( -0.00197655343130200, 0.00137610590539900, -0.00100034490619000 ) );
#9623 = CARTESIAN_POINT( '', ( -0.00198869409582200, 0.00136233246107600, -0.000995934273396500 ) );
#9624 = CARTESIAN_POINT( '', ( -0.00199915408679300, 0.00134702477004200, -0.000992326970249400 ) );
#9625 = CARTESIAN_POINT( '', ( -0.00200759266628700, 0.00133067667128800, -0.000989530966210800 ) );
#9626 = CARTESIAN_POINT( '', ( -0.00201401771908700, 0.00131328066363300, -0.000987443341297700 ) );
#9627 = CARTESIAN_POINT( '', ( -0.00201682532032800, 0.00130130458705100, -0.000986528392147000 ) );
#9628 = CARTESIAN_POINT( '', ( -0.00201785848108400, 0.00129525607989300, -0.000986185059469200 ) );
#9629 = CARTESIAN_POINT( '', ( -0.00202000000000000, 0.00127000000000000, -0.000984765147042100 ) );
#9630 = CARTESIAN_POINT( '', ( -0.00202000000000000, 0.00127845898748000, -0.000985238451184500 ) );
#9631 = CARTESIAN_POINT( '', ( -0.00201928275350800, 0.00128691785962400, -0.000985711755326800 ) );
#9632 = CARTESIAN_POINT( '', ( -0.00201785848108400, 0.00129525607989300, -0.000986185059469200 ) );
#9633 = CARTESIAN_POINT( '', ( -0.00202000000000000, 0.00127000000000000, -0.000984765147042100 ) );
#9634 = VECTOR( '', #11214, 1.00000000000000 );
#9635 = CARTESIAN_POINT( '', ( -0.000560000000000000, 0.00132000000000000, -0.00123000000000000 ) );
#9636 = VECTOR( '', #11215, 1.00000000000000 );
#9637 = AXIS2_PLACEMENT_3D( '', #11216, #11217, #11218 );
#9638 = CARTESIAN_POINT( '', ( 0.00153000000000000, 0.000450000000000000, 0.000000000000000 ) );
#9639 = AXIS2_PLACEMENT_3D( '', #11219, #11220, #11221 );
#9640 = CARTESIAN_POINT( '', ( 0.00187000000000000, 0.00142000000000000, 0.00106056912752500 ) );
#9641 = CARTESIAN_POINT( '', ( 0.00187436705792500, 0.00142000000000000, 0.00105643041910900 ) );
#9642 = CARTESIAN_POINT( '', ( 0.00188365561229300, 0.00141962305630900, 0.00104855155875800 ) );
#9643 = CARTESIAN_POINT( '', ( 0.00189914850455100, 0.00141743804299000, 0.00103763202417300 ) );
#9644 = CARTESIAN_POINT( '', ( 0.00191533639323200, 0.00141333058244600, 0.00102794886397000 ) );
#9645 = CARTESIAN_POINT( '', ( 0.00193185439154800, 0.00140704281643300, 0.00101935946467700 ) );
#9646 = CARTESIAN_POINT( '', ( 0.00194778025821600, 0.00139868373664600, 0.00101196814552500 ) );
#9647 = CARTESIAN_POINT( '', ( 0.00196280963403000, 0.00138831591915900, 0.00100565832756900 ) );
#9648 = CARTESIAN_POINT( '', ( 0.00197655343130200, 0.00137610590539900, 0.00100034490619000 ) );
#9649 = CARTESIAN_POINT( '', ( 0.00198869409582200, 0.00136233246107600, 0.000995934273396500 ) );
#9650 = CARTESIAN_POINT( '', ( 0.00199915408679300, 0.00134702477004200, 0.000992326970249400 ) );
#9651 = CARTESIAN_POINT( '', ( 0.00200759266628700, 0.00133067667128800, 0.000989530966210800 ) );
#9652 = CARTESIAN_POINT( '', ( 0.00201401771908700, 0.00131328066363300, 0.000987443341297700 ) );
#9653 = CARTESIAN_POINT( '', ( 0.00201682532032800, 0.00130130458705100, 0.000986528392147000 ) );
#9654 = CARTESIAN_POINT( '', ( 0.00201785848108400, 0.00129525607989300, 0.000986185059469200 ) );
#9655 = CARTESIAN_POINT( '', ( 0.00202000006717500, 0.00126999997582500, 0.000424986115549100 ) );
#9656 = VECTOR( '', #11222, 1.00000000000000 );
#9657 = CARTESIAN_POINT( '', ( -0.00120000000000000, 0.000920000000000000, 0.00175000000001700 ) );
#9658 = VECTOR( '', #11223, 1.00000000000000 );
#9659 = CARTESIAN_POINT( '', ( -0.00120000000000000, 0.000920000000000000, 0.00145000000000000 ) );
#9660 = VECTOR( '', #11224, 1.00000000000000 );
#9661 = CARTESIAN_POINT( '', ( 0.00205000000000000, 0.000760000000000000, 0.000400000000000000 ) );
#9662 = CARTESIAN_POINT( '', ( 0.00205000000000000, 0.000760000000000000, 0.000400000000000000 ) );
#9663 = VECTOR( '', #11225, 1.00000000000000 );
#9664 = CARTESIAN_POINT( '', ( 0.00205000000000000, 0.000760000000000000, -0.000400000000000000 ) );
#9665 = CARTESIAN_POINT( '', ( 0.00205000000000000, 0.000760000000000000, -0.000400000000000000 ) );
#9666 = VECTOR( '', #11226, 1.00000000000000 );
#9667 = CARTESIAN_POINT( '', ( 0.00205000000000000, 0.000760000000000000, -0.000400000000000000 ) );
#9668 = VECTOR( '', #11227, 1.00000000000000 );
#9669 = CARTESIAN_POINT( '', ( 0.00190000000000000, 0.00132000000000000, -0.000400000000000000 ) );
#9670 = CARTESIAN_POINT( '', ( 0.00190000000000000, 0.00132000000000000, 0.000400000000000000 ) );
#9671 = CARTESIAN_POINT( '', ( 0.00190000000000000, 0.00132000000000000, -0.000400000000000000 ) );
#9672 = VECTOR( '', #11228, 1.00000000000000 );
#9673 = CARTESIAN_POINT( '', ( 0.00210000000000000, 0.00106000000000000, 0.000400000000000000 ) );
#9674 = VECTOR( '', #11229, 1.00000000000000 );
#9675 = CARTESIAN_POINT( '', ( 0.00210000000000000, 0.00106000000000000, -0.000400000000000000 ) );
#9676 = VECTOR( '', #11230, 1.00000000000000 );
#9677 = CARTESIAN_POINT( '', ( 0.000250000000000000, 0.00132000000000000, 0.00135000000000000 ) );
#9678 = CARTESIAN_POINT( '', ( 0.000250000000000000, 0.00132000000000000, 0.00135000000000000 ) );
#9679 = VECTOR( '', #11231, 1.00000000000000 );
#9680 = AXIS2_PLACEMENT_3D( '', #11232, #11233, #11234 );
#9681 = CARTESIAN_POINT( '', ( 0.00123000000000000, 0.00132000000000000, 0.00187000000000000 ) );
#9682 = CARTESIAN_POINT( '', ( 0.00123000000000000, 0.00132000000000000, 0.00187000000000000 ) );
#9683 = VECTOR( '', #11235, 1.00000000000000 );
#9684 = CARTESIAN_POINT( '', ( 0.00118000000000000, 0.00132000000000000, 0.00182000000000000 ) );
#9685 = AXIS2_PLACEMENT_3D( '', #11236, #11237, #11238 );
#9686 = CARTESIAN_POINT( '', ( 0.00118000000000000, 0.00132000000000000, 0.00182000000000000 ) );
#9687 = VECTOR( '', #11239, 1.00000000000000 );
#9688 = CARTESIAN_POINT( '', ( 0.000748331477354800, 3.00000000000000E-005, 0.000500000000000000 ) );
#9689 = CARTESIAN_POINT( '', ( 0.000748331477354800, 0.000000000000000, 0.000500000000000000 ) );
#9690 = VECTOR( '', #11240, 1.00000000000000 );
#9691 = AXIS2_PLACEMENT_3D( '', #11241, #11242, #11243 );
#9692 = CARTESIAN_POINT( '', ( 0.000838508958775300, 1.00000000000000E-005, -8.19148838520100E-005 ) );
#9693 = VECTOR( '', #11244, 1.00000000000000 );
#9694 = CARTESIAN_POINT( '', ( 0.000838508958775300, 3.00000000000000E-005, -8.19148838520100E-005 ) );
#9695 = VECTOR( '', #11245, 1.00000000000000 );
#9696 = CARTESIAN_POINT( '', ( -0.000500000000000000, 0.00128562548117200, -0.00137918392788100 ) );
#9697 = CARTESIAN_POINT( '', ( -0.000500000000000000, 0.00129184799144500, -0.00137853218396700 ) );
#9698 = CARTESIAN_POINT( '', ( -0.000500233780279600, 0.00130421300759200, -0.00137644892356300 ) );
#9699 = CARTESIAN_POINT( '', ( -0.000501286838560500, 0.00132223164392700, -0.00137103096079200 ) );
#9700 = CARTESIAN_POINT( '', ( -0.000503056058189400, 0.00133943431686500, -0.00136340445863700 ) );
#9701 = CARTESIAN_POINT( '', ( -0.000505575692677900, 0.00135554127217300, -0.00135369404289400 ) );
#9702 = CARTESIAN_POINT( '', ( -0.000508873179937100, 0.00137028589839600, -0.00134207164813100 ) );
#9703 = CARTESIAN_POINT( '', ( -0.000512994709545200, 0.00138345993515800, -0.00132871021582000 ) );
#9704 = CARTESIAN_POINT( '', ( -0.000518017843263500, 0.00139482833701100, -0.00131386790331100 ) );
#9705 = CARTESIAN_POINT( '', ( -0.000524044205577200, 0.00140423784860600, -0.00129778865707600 ) );
#9706 = CARTESIAN_POINT( '', ( -0.000531154208903900, 0.00141153661688500, -0.00128078880943200 ) );
#9707 = CARTESIAN_POINT( '', ( -0.000539452919786900, 0.00141659671186400, -0.00126339660232400 ) );
#9708 = CARTESIAN_POINT( '', ( -0.000549003267734300, 0.00141944492395000, -0.00124618577257000 ) );
#9709 = CARTESIAN_POINT( '', ( -0.000556167264146100, 0.00142000000000000, -0.00123526918702600 ) );
#9710 = CARTESIAN_POINT( '', ( -0.000560000000000000, 0.00142000000000000, -0.00123000000000000 ) );
#9711 = CARTESIAN_POINT( '', ( -0.000575604150817700, 3.00000000000000E-005, 9.68084990978200E-005 ) );
#9712 = CARTESIAN_POINT( '', ( -0.000575604150817700, 3.00000000000000E-005, 9.68084990978200E-005 ) );
#9713 = VECTOR( '', #11246, 1.00000000000000 );
#9714 = CARTESIAN_POINT( '', ( -0.000559575867687300, 3.00000000000000E-005, 0.000156382960081100 ) );
#9715 = CARTESIAN_POINT( '', ( -0.000559575867687300, 3.00000000000000E-005, 0.000156382960081100 ) );
#9716 = VECTOR( '', #11247, 1.00000000000000 );
#9717 = CARTESIAN_POINT( '', ( -0.000559575867687300, 3.00000000000000E-005, 0.000156382960081100 ) );
#9718 = VECTOR( '', #11248, 1.00000000000000 );
#9719 = CARTESIAN_POINT( '', ( 0.000560000000000000, 0.00142000000000000, -0.00123000000000000 ) );
#9720 = CARTESIAN_POINT( '', ( 0.000556167264146100, 0.00142000000000000, -0.00123526918702600 ) );
#9721 = CARTESIAN_POINT( '', ( 0.000549003267734300, 0.00141944492395000, -0.00124618577257000 ) );
#9722 = CARTESIAN_POINT( '', ( 0.000539452919786900, 0.00141659671186400, -0.00126339660232400 ) );
#9723 = CARTESIAN_POINT( '', ( 0.000531154208903900, 0.00141153661688500, -0.00128078880943200 ) );
#9724 = CARTESIAN_POINT( '', ( 0.000524044205577200, 0.00140423784860600, -0.00129778865707600 ) );
#9725 = CARTESIAN_POINT( '', ( 0.000518017843263500, 0.00139482833701100, -0.00131386790331100 ) );
#9726 = CARTESIAN_POINT( '', ( 0.000512994709545200, 0.00138345993515800, -0.00132871021582000 ) );
#9727 = CARTESIAN_POINT( '', ( 0.000508873179937100, 0.00137028589839600, -0.00134207164813100 ) );
#9728 = CARTESIAN_POINT( '', ( 0.000505575692677900, 0.00135554127217300, -0.00135369404289400 ) );
#9729 = CARTESIAN_POINT( '', ( 0.000503056058189400, 0.00133943431686500, -0.00136340445863700 ) );
#9730 = CARTESIAN_POINT( '', ( 0.000501286838560500, 0.00132223164392700, -0.00137103096079200 ) );
#9731 = CARTESIAN_POINT( '', ( 0.000500233780279600, 0.00130421300759200, -0.00137644892356300 ) );
#9732 = CARTESIAN_POINT( '', ( 0.000500000000000000, 0.00129184799144500, -0.00137853218396700 ) );
#9733 = CARTESIAN_POINT( '', ( 0.000500000000000000, 0.00128562548117200, -0.00137918392788100 ) );
#9734 = CARTESIAN_POINT( '', ( 0.000560000000000000, 0.00132000000000000, -0.00123000000000000 ) );
#9735 = VECTOR( '', #11249, 1.00000000000000 );
#9736 = AXIS2_PLACEMENT_3D( '', #11250, #11251, #11252 );
#9737 = CARTESIAN_POINT( '', ( -0.000500000000000000, 0.00125953652893800, -0.00137963460753900 ) );
#9738 = VECTOR( '', #11253, 1.00000000000000 );
#9739 = CARTESIAN_POINT( '', ( -0.000751915173537500, 3.00000000000000E-005, 0.000186170232296000 ) );
#9740 = CARTESIAN_POINT( '', ( -0.000751915173537500, 3.00000000000000E-005, 0.000186170232296000 ) );
#9741 = VECTOR( '', #11254, 1.00000000000000 );
#9742 = CARTESIAN_POINT( '', ( -0.000791985862017400, 3.00000000000000E-005, 0.000186170232296000 ) );
#9743 = VECTOR( '', #11255, 1.00000000000000 );
#9744 = CARTESIAN_POINT( '', ( 0.000558014137982600, 1.00000000000000E-005, -0.000156382980942700 ) );
#9745 = CARTESIAN_POINT( '', ( 0.000558014137982600, 1.00000000000000E-005, -0.000156382980942700 ) );
#9746 = VECTOR( '', #11256, 1.00000000000000 );
#9747 = CARTESIAN_POINT( '', ( 0.000558014137982600, 3.00000000000000E-005, -0.000156382980942700 ) );
#9748 = CARTESIAN_POINT( '', ( 0.000558014137982600, 3.00000000000000E-005, -0.000156382980942700 ) );
#9749 = VECTOR( '', #11257, 1.00000000000000 );
#9750 = CARTESIAN_POINT( '', ( 0.000558014137982600, 3.00000000000000E-005, -0.000156382980942700 ) );
#9751 = VECTOR( '', #11258, 1.00000000000000 );
#9752 = CARTESIAN_POINT( '', ( 0.000710282751053700, 1.00000000000000E-005, 0.000350000000000000 ) );
#9753 = VECTOR( '', #11259, 1.00000000000000 );
#9754 = CARTESIAN_POINT( '', ( 0.000710282751053700, 3.00000000000000E-005, 0.000350000000000000 ) );
#9755 = VECTOR( '', #11260, 1.00000000000000 );
#9756 = CARTESIAN_POINT( '', ( 0.000606098962295600, 3.00000000000000E-005, -0.000186170211434400 ) );
#9757 = CARTESIAN_POINT( '', ( 0.000606098962295600, 1.00000000000000E-005, -0.000186170211434400 ) );
#9758 = CARTESIAN_POINT( '', ( 0.000606098962295600, 3.00000000000000E-005, -0.000186170211434400 ) );
#9759 = VECTOR( '', #11261, 1.00000000000000 );
#9760 = CARTESIAN_POINT( '', ( 0.000622127239693800, 1.00000000000000E-005, -0.000230851067602600 ) );
#9761 = CARTESIAN_POINT( '', ( 0.000622127239693800, 1.00000000000000E-005, -0.000230851067602600 ) );
#9762 = VECTOR( '', #11262, 1.00000000000000 );
#9763 = CARTESIAN_POINT( '', ( 0.000622127239693800, 3.00000000000000E-005, -0.000230851067602600 ) );
#9764 = CARTESIAN_POINT( '', ( 0.000622127239693800, 3.00000000000000E-005, -0.000230851067602600 ) );
#9765 = VECTOR( '', #11263, 1.00000000000000 );
#9766 = CARTESIAN_POINT( '', ( 0.000622127239693800, 3.00000000000000E-005, -0.000230851067602600 ) );
#9767 = VECTOR( '', #11264, 1.00000000000000 );
#9768 = CARTESIAN_POINT( '', ( 0.000598084826462500, 3.00000000000000E-005, -0.000141489365696900 ) );
#9769 = CARTESIAN_POINT( '', ( 0.000598084826462500, 1.00000000000000E-005, -0.000141489365696900 ) );
#9770 = CARTESIAN_POINT( '', ( 0.000598084826462500, 3.00000000000000E-005, -0.000141489365696900 ) );
#9771 = VECTOR( '', #11265, 1.00000000000000 );
#9772 = CARTESIAN_POINT( '', ( 0.000606098962295600, 1.00000000000000E-005, -0.000186170211434400 ) );
#9773 = VECTOR( '', #11266, 1.00000000000000 );
#9774 = CARTESIAN_POINT( '', ( 0.000606098962295600, 3.00000000000000E-005, -0.000186170211434400 ) );
#9775 = VECTOR( '', #11267, 1.00000000000000 );
#9776 = CARTESIAN_POINT( '', ( 0.000646169652925100, 1.00000000000000E-005, -0.000260638298094300 ) );
#9777 = CARTESIAN_POINT( '', ( 0.000646169652925100, 1.00000000000000E-005, -0.000260638298094300 ) );
#9778 = VECTOR( '', #11268, 1.00000000000000 );
#9779 = CARTESIAN_POINT( '', ( 0.000646169652925100, 3.00000000000000E-005, -0.000260638298094300 ) );
#9780 = CARTESIAN_POINT( '', ( 0.000646169652925100, 3.00000000000000E-005, -0.000260638298094300 ) );
#9781 = VECTOR( '', #11269, 1.00000000000000 );
#9782 = CARTESIAN_POINT( '', ( 0.000646169652925100, 3.00000000000000E-005, -0.000260638298094300 ) );
#9783 = VECTOR( '', #11270, 1.00000000000000 );
#9784 = CARTESIAN_POINT( '', ( 0.000726311034184100, 3.00000000000000E-005, 2.23404228687300E-005 ) );
#9785 = CARTESIAN_POINT( '', ( 0.000726311034184100, 1.00000000000000E-005, 2.23404228687300E-005 ) );
#9786 = CARTESIAN_POINT( '', ( 0.000726311034184100, 3.00000000000000E-005, 2.23404228687300E-005 ) );
#9787 = VECTOR( '', #11271, 1.00000000000000 );
#9788 = CARTESIAN_POINT( '', ( 0.000670212066156400, 1.00000000000000E-005, 2.23404228687300E-005 ) );
#9789 = VECTOR( '', #11272, 1.00000000000000 );
#9790 = CARTESIAN_POINT( '', ( 0.000670212066156400, 3.00000000000000E-005, 2.23404228687300E-005 ) );
#9791 = VECTOR( '', #11273, 1.00000000000000 );
#9792 = CARTESIAN_POINT( '', ( 0.000750353435951000, 3.00000000000000E-005, 7.44680762291000E-006 ) );
#9793 = CARTESIAN_POINT( '', ( 0.000750353435951000, 1.00000000000000E-005, 7.44680762291000E-006 ) );
#9794 = CARTESIAN_POINT( '', ( 0.000750353435951000, 3.00000000000000E-005, 7.44680762291000E-006 ) );
#9795 = VECTOR( '', #11274, 1.00000000000000 );
#9796 = CARTESIAN_POINT( '', ( 0.000726311034184100, 1.00000000000000E-005, 2.23404228687300E-005 ) );
#9797 = VECTOR( '', #11275, 1.00000000000000 );
#9798 = CARTESIAN_POINT( '', ( 0.000726311034184100, 3.00000000000000E-005, 2.23404228687300E-005 ) );
#9799 = VECTOR( '', #11276, 1.00000000000000 );
#9800 = CARTESIAN_POINT( '', ( -0.00125000000000000, 0.000000000000000, 0.00145000000000000 ) );
#9801 = VECTOR( '', #11277, 1.00000000000000 );
#9802 = CARTESIAN_POINT( '', ( 0.00125000000000000, 0.000000000000000, 0.00145000000000000 ) );
#9803 = VECTOR( '', #11278, 1.00000000000000 );
#9804 = CARTESIAN_POINT( '', ( 0.00125000000000000, 0.000870000000000000, 0.00185000000000000 ) );
#9805 = AXIS2_PLACEMENT_3D( '', #11279, #11280, #11281 );
#9806 = CARTESIAN_POINT( '', ( 0.00125000000000000, 0.000370000000000000, 0.00185000000000000 ) );
#9807 = CARTESIAN_POINT( '', ( 0.00125000000000000, 0.000870000000014400, 0.00184999999999200 ) );
#9808 = VECTOR( '', #11282, 1.00000000000000 );
#9809 = AXIS2_PLACEMENT_3D( '', #11283, #11284, #11285 );
#9810 = CARTESIAN_POINT( '', ( 0.000550000000000000, 1.00000000000000E-005, -5.21276533603700E-005 ) );
#9811 = VECTOR( '', #11286, 1.00000000000000 );
#9812 = CARTESIAN_POINT( '', ( 0.000550000000000000, 3.00000000000000E-005, -5.21276533603700E-005 ) );
#9813 = VECTOR( '', #11287, 1.00000000000000 );
#9814 = CARTESIAN_POINT( '', ( 0.00113000000000000, 0.000100000000000000, 0.000000000000000 ) );
#9815 = AXIS2_PLACEMENT_3D( '', #11288, #11289, #11290 );
#9816 = CARTESIAN_POINT( '', ( -0.000748331477354800, 3.00000000000000E-005, 0.000500000000000000 ) );
#9817 = CARTESIAN_POINT( '', ( -0.000748331477354800, 0.000000000000000, 0.000500000000000000 ) );
#9818 = VECTOR( '', #11291, 1.00000000000000 );
#9819 = CARTESIAN_POINT( '', ( 0.000748331477354800, 3.00000000000000E-005, 0.000500000000000000 ) );
#9820 = VECTOR( '', #11292, 1.00000000000000 );
#9821 = AXIS2_PLACEMENT_3D( '', #11293, #11294, #11295 );
#9822 = CARTESIAN_POINT( '', ( -0.000800000000000000, 3.00000000000000E-005, -0.000275531913340100 ) );
#9823 = CARTESIAN_POINT( '', ( -0.000575604150817700, 3.00000000000000E-005, 9.68084990978200E-005 ) );
#9824 = VECTOR( '', #11296, 1.00000000000000 );
#9825 = CARTESIAN_POINT( '', ( -0.000559575867687300, 3.00000000000000E-005, 0.000186170232296000 ) );
#9826 = VECTOR( '', #11297, 1.00000000000000 );
#9827 = CARTESIAN_POINT( '', ( -0.000735886896139200, 3.00000000000000E-005, 0.000230851078033400 ) );
#9828 = CARTESIAN_POINT( '', ( -0.000735886896139200, 3.00000000000000E-005, 0.000230851078033400 ) );
#9829 = VECTOR( '', #11298, 1.00000000000000 );
#9830 = CARTESIAN_POINT( '', ( -0.000751915173537500, 3.00000000000000E-005, 0.000186170232296000 ) );
#9831 = VECTOR( '', #11299, 1.00000000000000 );
#9832 = CARTESIAN_POINT( '', ( -0.000663759662177600, 3.00000000000000E-005, 0.000350000000000000 ) );
#9833 = CARTESIAN_POINT( '', ( -0.000663759662177600, 3.00000000000000E-005, 0.000350000000000000 ) );
#9834 = VECTOR( '', #11300, 1.00000000000000 );
#9835 = CARTESIAN_POINT( '', ( -0.000631703107381100, 3.00000000000000E-005, 0.000350000000000000 ) );
#9836 = CARTESIAN_POINT( '', ( -0.000631703107381100, 3.00000000000000E-005, 0.000350000000000000 ) );
#9837 = VECTOR( '', #11301, 1.00000000000000 );
#9838 = CARTESIAN_POINT( '', ( -0.000583618280918600, 3.00000000000000E-005, 0.000335106384754200 ) );
#9839 = VECTOR( '', #11302, 1.00000000000000 );
#9840 = CARTESIAN_POINT( '', ( -0.000511491041224700, 3.00000000000000E-005, 0.000186170232296000 ) );
#9841 = CARTESIAN_POINT( '', ( -0.000511491041224700, 3.00000000000000E-005, 0.000186170232296000 ) );
#9842 = VECTOR( '', #11303, 1.00000000000000 );
#9843 = CARTESIAN_POINT( '', ( -0.000511491041224700, 3.00000000000000E-005, 0.000156382960081100 ) );
#9844 = VECTOR( '', #11304, 1.00000000000000 );
#9845 = CARTESIAN_POINT( '', ( -0.000535533454456000, 3.00000000000000E-005, 5.21276533603700E-005 ) );
#9846 = CARTESIAN_POINT( '', ( -0.000535533454456000, 3.00000000000000E-005, 5.21276533603700E-005 ) );
#9847 = VECTOR( '', #11305, 1.00000000000000 );
#9848 = CARTESIAN_POINT( '', ( -0.000735886896139200, 3.00000000000000E-005, -0.000275531913340100 ) );
#9849 = CARTESIAN_POINT( '', ( -0.000735886896139200, 3.00000000000000E-005, -0.000275531913340100 ) );
#9850 = VECTOR( '', #11306, 1.00000000000000 );
#9851 = CARTESIAN_POINT( '', ( -0.000511491041224700, 3.00000000000000E-005, -0.000275531913340100 ) );
#9852 = VECTOR( '', #11307, 1.00000000000000 );
#9853 = CARTESIAN_POINT( '', ( -0.000800000000000000, 3.00000000000000E-005, -0.000275531913340100 ) );
#9854 = VECTOR( '', #11308, 1.00000000000000 );
#9855 = CARTESIAN_POINT( '', ( 0.000758367588980600, 3.00000000000000E-005, -0.000335106383450300 ) );
#9856 = VECTOR( '', #11309, 1.00000000000000 );
#9857 = CARTESIAN_POINT( '', ( 0.000638155517092000, 3.00000000000000E-005, -0.000335106383450300 ) );
#9858 = VECTOR( '', #11310, 1.00000000000000 );
#9859 = CARTESIAN_POINT( '', ( 0.000574042413231300, 3.00000000000000E-005, 0.000230851078033400 ) );
#9860 = VECTOR( '', #11311, 1.00000000000000 );
#9861 = CARTESIAN_POINT( '', ( 0.000782410002211800, 3.00000000000000E-005, 0.000186170232296000 ) );
#9862 = CARTESIAN_POINT( '', ( 0.000782410002211800, 3.00000000000000E-005, 0.000186170232296000 ) );
#9863 = VECTOR( '', #11312, 1.00000000000000 );
#9864 = CARTESIAN_POINT( '', ( 0.000766381719081400, 3.00000000000000E-005, 0.000230851078033400 ) );
#9865 = CARTESIAN_POINT( '', ( 0.000766381719081400, 3.00000000000000E-005, 0.000230851078033400 ) );
#9866 = VECTOR( '', #11313, 1.00000000000000 );
#9867 = CARTESIAN_POINT( '', ( 0.000742339305850200, 3.00000000000000E-005, 0.000260638308525100 ) );
#9868 = CARTESIAN_POINT( '', ( 0.000742339305850200, 3.00000000000000E-005, 0.000260638308525100 ) );
#9869 = VECTOR( '', #11314, 1.00000000000000 );
#9870 = CARTESIAN_POINT( '', ( 0.000718296892618900, 3.00000000000000E-005, 0.000275531923770900 ) );
#9871 = CARTESIAN_POINT( '', ( 0.000718296892618900, 3.00000000000000E-005, 0.000275531923770900 ) );
#9872 = VECTOR( '', #11315, 1.00000000000000 );
#9873 = CARTESIAN_POINT( '', ( 0.000670212066156400, 3.00000000000000E-005, 0.000275531923770900 ) );
#9874 = CARTESIAN_POINT( '', ( 0.000670212066156400, 3.00000000000000E-005, 0.000275531923770900 ) );
#9875 = VECTOR( '', #11316, 1.00000000000000 );
#9876 = CARTESIAN_POINT( '', ( 0.000646169652925100, 3.00000000000000E-005, 0.000260638308525100 ) );
#9877 = CARTESIAN_POINT( '', ( 0.000646169652925100, 3.00000000000000E-005, 0.000260638308525100 ) );
#9878 = VECTOR( '', #11317, 1.00000000000000 );
#9879 = CARTESIAN_POINT( '', ( 0.000622127239693800, 3.00000000000000E-005, 0.000230851078033400 ) );
#9880 = CARTESIAN_POINT( '', ( 0.000622127239693800, 3.00000000000000E-005, 0.000230851078033400 ) );
#9881 = VECTOR( '', #11318, 1.00000000000000 );
#9882 = CARTESIAN_POINT( '', ( 0.000606098962295600, 3.00000000000000E-005, 0.000186170232296000 ) );
#9883 = VECTOR( '', #11319, 1.00000000000000 );
#9884 = CARTESIAN_POINT( '', ( 0.000758367588980600, 3.00000000000000E-005, 8.19148838520100E-005 ) );
#9885 = CARTESIAN_POINT( '', ( 0.000758367588980600, 3.00000000000000E-005, 8.19148838520100E-005 ) );
#9886 = VECTOR( '', #11320, 1.00000000000000 );
#9887 = CARTESIAN_POINT( '', ( 0.000798438262413600, 3.00000000000000E-005, 3.72340381145500E-005 ) );
#9888 = VECTOR( '', #11321, 1.00000000000000 );
#9889 = CARTESIAN_POINT( '', ( -0.00175000000000000, 0.00132000000000000, 0.00140000000000000 ) );
#9890 = CARTESIAN_POINT( '', ( -0.00175000000000000, 0.00132000000000000, 0.00140000000000000 ) );
#9891 = VECTOR( '', #11322, 1.00000000000000 );
#9892 = AXIS2_PLACEMENT_3D( '', #11323, #11324, #11325 );
#9893 = CARTESIAN_POINT( '', ( -0.000511491041224700, 3.00000000000000E-005, 0.000186170232296000 ) );
#9894 = VECTOR( '', #11326, 1.00000000000000 );
#9895 = CARTESIAN_POINT( '', ( -0.00190000000000000, 0.000820000000000000, 0.000400000000000000 ) );
#9896 = VECTOR( '', #11327, 1.00000000000000 );
#9897 = CARTESIAN_POINT( '', ( 0.000242693221990200, 0.00132000000000000, -0.000200000000000000 ) );
#9898 = AXIS2_PLACEMENT_3D( '', #11328, #11329, #11330 );
#9899 = CARTESIAN_POINT( '', ( 0.00202000000000000, 0.000772000000000000, -0.000210580360501100 ) );
#9900 = CARTESIAN_POINT( '', ( 0.00202000000000000, 0.000719786098321800, -0.000336635870077100 ) );
#9901 = CARTESIAN_POINT( '', ( 0.00202000000000000, 0.000772000000000000, -0.000210580360501100 ) );
#9902 = VECTOR( '', #11331, 1.00000000000000 );
#9903 = CARTESIAN_POINT( '', ( 0.00192000000000000, 0.000719786098321800, -0.000336635870077100 ) );
#9904 = VECTOR( '', #11332, 1.00000000000000 );
#9905 = CARTESIAN_POINT( '', ( 0.00192082139761300, 0.000811671440954600, -0.000114805029709600 ) );
#9906 = CARTESIAN_POINT( '', ( 0.00192082139761300, 0.000811671440954600, -0.000114805029709600 ) );
#9907 = VECTOR( '', #11333, 1.00000000000000 );
#9908 = CARTESIAN_POINT( '', ( 0.00192082139761300, 0.000811671440954600, -0.000114805029709600 ) );
#9909 = VECTOR( '', #11334, 1.00000000000000 );
#9910 = CARTESIAN_POINT( '', ( -0.00191928616036100, 0.00127841869329800, -0.000986185059469200 ) );
#9911 = CARTESIAN_POINT( '', ( -0.00191928616036100, 0.00127841869329800, -0.000986185059469200 ) );
#9912 = VECTOR( '', #11335, 1.00000000000000 );
#9913 = CARTESIAN_POINT( '', ( -0.00192000000000000, 0.00127000000000000, -0.000984765147042100 ) );
#9914 = CARTESIAN_POINT( '', ( -0.00192000000000000, 0.00127281966249300, -0.000985238451184500 ) );
#9915 = CARTESIAN_POINT( '', ( -0.00191976091783600, 0.00127563928654100, -0.000985711755326800 ) );
#9916 = CARTESIAN_POINT( '', ( -0.00191928616036100, 0.00127841869329800, -0.000986185059469200 ) );
#9917 = AXIS2_PLACEMENT_3D( '', #11336, #11337, #11338 );
#9918 = CARTESIAN_POINT( '', ( -0.00202000000000000, 0.000761895412975100, -0.000405602917757000 ) );
#9919 = CARTESIAN_POINT( '', ( -0.00202000000000000, 0.000998539816339700, -0.000425000000000000 ) );
#9920 = VECTOR( '', #11339, 1.00000000000000 );
#9921 = CARTESIAN_POINT( '', ( -0.00192000000000000, 0.000761895412975100, -0.000405602917757000 ) );
#9922 = VECTOR( '', #11340, 1.00000000000000 );
#9923 = CARTESIAN_POINT( '', ( 0.00202000000000000, 0.000761895412975100, 0.000405602917757000 ) );
#9924 = AXIS2_PLACEMENT_3D( '', #11341, #11342, #11343 );
#9925 = CARTESIAN_POINT( '', ( 0.00192000000000000, 0.000761895412975100, 0.000405602917757000 ) );
#9926 = VECTOR( '', #11344, 1.00000000000000 );
#9927 = CARTESIAN_POINT( '', ( 0.000758367588980600, 1.00000000000000E-005, -0.000335106383450300 ) );
#9928 = VECTOR( '', #11345, 1.00000000000000 );
#9929 = AXIS2_PLACEMENT_3D( '', #11346, #11347, #11348 );
#9930 = AXIS2_PLACEMENT_3D( '', #11349, #11350, #11351 );
#9931 = CARTESIAN_POINT( '', ( 0.000758367588980600, 1.00000000000000E-005, 8.19148838520100E-005 ) );
#9932 = CARTESIAN_POINT( '', ( 0.000798438262413600, 1.00000000000000E-005, 3.72340381145500E-005 ) );
#9933 = VECTOR( '', #11352, 1.00000000000000 );
#9934 = CARTESIAN_POINT( '', ( 0.000758367588980600, 1.00000000000000E-005, 8.19148838520100E-005 ) );
#9935 = VECTOR( '', #11353, 1.00000000000000 );
#9936 = CARTESIAN_POINT( '', ( 0.000622127239693800, 1.00000000000000E-005, 0.000230851078033400 ) );
#9937 = CARTESIAN_POINT( '', ( 0.000606098962295600, 1.00000000000000E-005, 0.000186170232296000 ) );
#9938 = VECTOR( '', #11354, 1.00000000000000 );
#9939 = CARTESIAN_POINT( '', ( 0.000646169652925100, 1.00000000000000E-005, 0.000260638308525100 ) );
#9940 = CARTESIAN_POINT( '', ( 0.000622127239693800, 1.00000000000000E-005, 0.000230851078033400 ) );
#9941 = VECTOR( '', #11355, 1.00000000000000 );
#9942 = CARTESIAN_POINT( '', ( 0.000670212066156400, 1.00000000000000E-005, 0.000275531923770900 ) );
#9943 = CARTESIAN_POINT( '', ( 0.000646169652925100, 1.00000000000000E-005, 0.000260638308525100 ) );
#9944 = VECTOR( '', #11356, 1.00000000000000 );
#9945 = CARTESIAN_POINT( '', ( 0.000718296892618900, 1.00000000000000E-005, 0.000275531923770900 ) );
#9946 = CARTESIAN_POINT( '', ( 0.000670212066156400, 1.00000000000000E-005, 0.000275531923770900 ) );
#9947 = VECTOR( '', #11357, 1.00000000000000 );
#9948 = CARTESIAN_POINT( '', ( 0.000742339305850200, 1.00000000000000E-005, 0.000260638308525100 ) );
#9949 = CARTESIAN_POINT( '', ( 0.000718296892618900, 1.00000000000000E-005, 0.000275531923770900 ) );
#9950 = VECTOR( '', #11358, 1.00000000000000 );
#9951 = CARTESIAN_POINT( '', ( 0.000766381719081400, 1.00000000000000E-005, 0.000230851078033400 ) );
#9952 = CARTESIAN_POINT( '', ( 0.000742339305850200, 1.00000000000000E-005, 0.000260638308525100 ) );
#9953 = VECTOR( '', #11359, 1.00000000000000 );
#9954 = CARTESIAN_POINT( '', ( 0.000782410002211800, 1.00000000000000E-005, 0.000186170232296000 ) );
#9955 = CARTESIAN_POINT( '', ( 0.000766381719081400, 1.00000000000000E-005, 0.000230851078033400 ) );
#9956 = VECTOR( '', #11360, 1.00000000000000 );
#9957 = CARTESIAN_POINT( '', ( 0.000782410002211800, 1.00000000000000E-005, 0.000186170232296000 ) );
#9958 = VECTOR( '', #11361, 1.00000000000000 );
#9959 = CARTESIAN_POINT( '', ( 0.000574042413231300, 1.00000000000000E-005, 0.000230851078033400 ) );
#9960 = VECTOR( '', #11362, 1.00000000000000 );
#9961 = CARTESIAN_POINT( '', ( 0.000638155517092000, 1.00000000000000E-005, -0.000335106383450300 ) );
#9962 = VECTOR( '', #11363, 1.00000000000000 );
#9963 = CARTESIAN_POINT( '', ( 0.000798438262413600, 1.00000000000000E-005, -0.000141489365696900 ) );
#9964 = VECTOR( '', #11364, 1.00000000000000 );
#9965 = CARTESIAN_POINT( '', ( 0.000774395849182300, 1.00000000000000E-005, -0.000230851067602600 ) );
#9966 = VECTOR( '', #11365, 1.00000000000000 );
#9967 = CARTESIAN_POINT( '', ( 0.000670212066156400, 1.00000000000000E-005, -0.000275531913340100 ) );
#9968 = CARTESIAN_POINT( '', ( 0.000726311034184100, 1.00000000000000E-005, -0.000275531913340100 ) );
#9969 = VECTOR( '', #11366, 1.00000000000000 );
#9970 = CARTESIAN_POINT( '', ( 0.000670212066156400, 1.00000000000000E-005, -0.000275531913340100 ) );
#9971 = VECTOR( '', #11367, 1.00000000000000 );
#9972 = CARTESIAN_POINT( '', ( 0.000598084826462500, 1.00000000000000E-005, -0.000141489365696900 ) );
#9973 = VECTOR( '', #11368, 1.00000000000000 );
#9974 = CARTESIAN_POINT( '', ( 0.000606098962295600, 1.00000000000000E-005, -5.21276533603700E-005 ) );
#9975 = VECTOR( '', #11369, 1.00000000000000 );
#9976 = CARTESIAN_POINT( '', ( 0.000774395849182300, 1.00000000000000E-005, -2.23404228687300E-005 ) );
#9977 = CARTESIAN_POINT( '', ( 0.000750353435951000, 1.00000000000000E-005, 7.44680762291000E-006 ) );
#9978 = VECTOR( '', #11370, 1.00000000000000 );
#9979 = CARTESIAN_POINT( '', ( 0.000774395849182300, 1.00000000000000E-005, -2.23404228687300E-005 ) );
#9980 = VECTOR( '', #11371, 1.00000000000000 );
#9981 = CARTESIAN_POINT( '', ( 0.00190000000000000, 0.000820000000000000, -0.000400000000000000 ) );
#9982 = VECTOR( '', #11372, 1.00000000000000 );
#9983 = CARTESIAN_POINT( '', ( 0.00190000000000000, 0.000820000000000000, 0.000400000000000000 ) );
#9984 = VECTOR( '', #11373, 1.00000000000000 );
#9985 = CARTESIAN_POINT( '', ( 0.00192000000000000, 0.000812000000000000, -0.000114008585243500 ) );
#9986 = CARTESIAN_POINT( '', ( 0.00192027329913300, 0.000811890680346900, -0.000114274664985700 ) );
#9987 = CARTESIAN_POINT( '', ( 0.00192054709999200, 0.000811781160003100, -0.000114540144494600 ) );
#9988 = CARTESIAN_POINT( '', ( 0.00192082139761300, 0.000811671440954600, -0.000114805029709600 ) );
#9989 = CARTESIAN_POINT( '', ( 0.00202000000000000, 0.000772000000000000, -0.000210580360501100 ) );
#9990 = VECTOR( '', #11374, 1.00000000000000 );
#9991 = CARTESIAN_POINT( '', ( 0.00180000000000000, 0.00132000000000000, -0.000400000000000000 ) );
#9992 = CARTESIAN_POINT( '', ( 0.00190000000000000, 0.00114679491924300, -0.000400000000000000 ) );
#9993 = CARTESIAN_POINT( '', ( 0.00180000000000000, 0.00132000000000000, -0.000400000000000000 ) );
#9994 = VECTOR( '', #11375, 1.00000000000000 );
#9995 = CARTESIAN_POINT( '', ( 0.00190000000000000, 0.00114679491924300, -0.00125000000000000 ) );
#9996 = CARTESIAN_POINT( '', ( 0.00190000000000000, 0.00114679491924300, -0.000400000000000000 ) );
#9997 = VECTOR( '', #11376, 1.00000000000000 );
#9998 = CARTESIAN_POINT( '', ( 0.00180000000000000, 0.00132000000000000, -0.00139142135623700 ) );
#9999 = CARTESIAN_POINT( '', ( 0.00190000000000005, 0.00114679491924303, -0.00125000000000000 ) );
#10000 = CARTESIAN_POINT( '', ( 0.00189969418742358, 0.00114732460216308, -0.00130445505053857 ) );
#10001 = CARTESIAN_POINT( '', ( 0.00186515113472127, 0.00120715492449200, -0.00134612604315407 ) );
#10002 = CARTESIAN_POINT( '', ( 0.00183904769736820, 0.00125236740423970, -0.00137761591043804 ) );
#10003 = CARTESIAN_POINT( '', ( 0.00180000000000000, 0.00132000000000000, -0.00139142135623700 ) );
#10004 = CARTESIAN_POINT( '', ( 0.00180000000000000, 0.00132000000000000, -0.00139142135623700 ) );
#10005 = VECTOR( '', #11377, 1.00000000000000 );
#10006 = CARTESIAN_POINT( '', ( 0.00190000000000000, 0.00114679491924300, -0.00125000000000000 ) );
#10007 = VECTOR( '', #11378, 1.00000000000000 );
#10008 = CARTESIAN_POINT( '', ( 0.00190000000000000, 0.00114679491924300, -0.000400000000000000 ) );
#10009 = VECTOR( '', #11379, 1.00000000000000 );
#10010 = CARTESIAN_POINT( '', ( 0.00190000000000000, 0.000000000000000, -0.000500000000000000 ) );
#10011 = VECTOR( '', #11380, 1.00000000000000 );
#10012 = CARTESIAN_POINT( '', ( 0.00190000000000000, 0.000150000000000000, -0.000500000000000000 ) );
#10013 = VECTOR( '', #11381, 1.00000000000000 );
#10014 = CARTESIAN_POINT( '', ( 0.00188983690157900, 0.00131589659394500, -0.000400000000000000 ) );
#10015 = CARTESIAN_POINT( '', ( 0.00187000000000000, 0.00132000000000000, -0.000400000000000000 ) );
#10016 = AXIS2_PLACEMENT_3D( '', #11382, #11383, #11384 );
#10017 = CARTESIAN_POINT( '', ( 0.00189159259880300, 0.00132000000000000, -0.000400000000000000 ) );
#10018 = CARTESIAN_POINT( '', ( 0.00189159259880300, 0.00132000000000000, -0.000400000000000000 ) );
#10019 = VECTOR( '', #11385, 1.00000000000000 );
#10020 = CARTESIAN_POINT( '', ( 0.00190000000000000, 0.00132000000000000, -0.000400000000000000 ) );
#10021 = VECTOR( '', #11386, 1.00000000000000 );
#10022 = CARTESIAN_POINT( '', ( 0.00180000000000000, 0.00132000000000000, -0.000400000000000000 ) );
#10023 = VECTOR( '', #11387, 1.00000000000000 );
#10024 = CARTESIAN_POINT( '', ( 0.00175000000000000, 0.00132000000000000, -0.00140000000000000 ) );
#10025 = AXIS2_PLACEMENT_3D( '', #11388, #11389, #11390 );
#10026 = CARTESIAN_POINT( '', ( 0.00185000000000000, 0.00132000000000000, -0.00140000000000000 ) );
#10027 = VECTOR( '', #11391, 1.00000000000000 );
#10028 = CARTESIAN_POINT( '', ( 0.00187000000000000, 0.00132000000000000, -0.00106056912752500 ) );
#10029 = VECTOR( '', #11392, 1.00000000000000 );
#10030 = CARTESIAN_POINT( '', ( -0.00190000000000000, 0.00114679491924300, -0.000400000000000000 ) );
#10031 = VECTOR( '', #11393, 1.00000000000000 );
#10032 = CARTESIAN_POINT( '', ( -0.00210000000000000, 0.000760000000000000, -0.000400000000000000 ) );
#10033 = VECTOR( '', #11394, 1.00000000000000 );
#10034 = CARTESIAN_POINT( '', ( -0.00189159259880300, 0.00132000000000000, -0.000400000000000000 ) );
#10035 = VECTOR( '', #11395, 1.00000000000000 );
#10036 = AXIS2_PLACEMENT_3D( '', #11396, #11397, #11398 );
#10037 = CARTESIAN_POINT( '', ( -0.00191928616036100, 0.00127841869329800, -0.000986185059469200 ) );
#10038 = CARTESIAN_POINT( '', ( -0.00191891078045400, 0.00128061630682700, -0.000986559290259500 ) );
#10039 = CARTESIAN_POINT( '', ( -0.00191786167850500, 0.00128498835898500, -0.000987583915629000 ) );
#10040 = CARTESIAN_POINT( '', ( -0.00191538263383700, 0.00129135219248000, -0.000990004131941900 ) );
#10041 = CARTESIAN_POINT( '', ( -0.00191204651369500, 0.00129735660759000, -0.000993343293814100 ) );
#10042 = CARTESIAN_POINT( '', ( -0.00190774914088300, 0.00130304856835600, -0.000997860427281100 ) );
#10043 = CARTESIAN_POINT( '', ( -0.00190261071063800, 0.00130813667049500, -0.00100362142273700 ) );
#10044 = CARTESIAN_POINT( '', ( -0.00189664983723100, 0.00131252021367000, -0.00101096312759000 ) );
#10045 = CARTESIAN_POINT( '', ( -0.00189015697132700, 0.00131595200381000, -0.00102007345238000 ) );
#10046 = CARTESIAN_POINT( '', ( -0.00188327051833500, 0.00131838638960000, -0.00103119250331000 ) );
#10047 = CARTESIAN_POINT( '', ( -0.00187634713936800, 0.00131975326201000, -0.00104444294803700 ) );
#10048 = CARTESIAN_POINT( '', ( -0.00187199173019600, 0.00132000000000000, -0.00105490637424800 ) );
#10049 = CARTESIAN_POINT( '', ( -0.00187000000000000, 0.00132000000000000, -0.00106056912752500 ) );
#10050 = CARTESIAN_POINT( '', ( -0.00187000000000000, 0.00132000000000000, -0.00106056912752500 ) );
#10051 = VECTOR( '', #11399, 1.00000000000000 );
#10052 = CARTESIAN_POINT( '', ( -0.000800000000000000, 3.00000000000000E-005, -0.000275531913340100 ) );
#10053 = VECTOR( '', #11400, 1.00000000000000 );
#10054 = CARTESIAN_POINT( '', ( -0.00192082139761300, 0.000811671440954600, -0.000114805029709600 ) );
#10055 = VECTOR( '', #11401, 1.00000000000000 );
#10056 = CARTESIAN_POINT( '', ( -0.00202000000000000, 0.000719786098321800, -0.000336635870077100 ) );
#10057 = CARTESIAN_POINT( '', ( -0.00192000000000000, 0.000719786098321800, -0.000336635870077100 ) );
#10058 = VECTOR( '', #11402, 1.00000000000000 );
#10059 = CARTESIAN_POINT( '', ( -0.00202000000000000, 0.000719786098321800, -0.000336635870077100 ) );
#10060 = VECTOR( '', #11403, 1.00000000000000 );
#10061 = AXIS2_PLACEMENT_3D( '', #11404, #11405, #11406 );
#10062 = CARTESIAN_POINT( '', ( -0.00202000000000000, 0.000703539816339700, -0.000926516824424600 ) );
#10063 = VECTOR( '', #11407, 1.00000000000000 );
#10064 = CARTESIAN_POINT( '', ( -0.00202000000000000, 0.000703539816339700, 0.000924315743010100 ) );
#10065 = VECTOR( '', #11408, 1.00000000000000 );
#10066 = CARTESIAN_POINT( '', ( -0.00202000006717400, 0.00126999997582500, 0.000424985467997800 ) );
#10067 = VECTOR( '', #11409, 1.00000000000000 );
#10068 = CARTESIAN_POINT( '', ( 0.000670212066156400, 3.00000000000000E-005, -0.000275531913340100 ) );
#10069 = CARTESIAN_POINT( '', ( 0.000670212066156400, 3.00000000000000E-005, -0.000275531913340100 ) );
#10070 = VECTOR( '', #11410, 1.00000000000000 );
#10071 = CARTESIAN_POINT( '', ( 0.000726311034184100, 3.00000000000000E-005, -0.000275531913340100 ) );
#10072 = VECTOR( '', #11411, 1.00000000000000 );
#10073 = CARTESIAN_POINT( '', ( -0.000535533454456000, 3.00000000000000E-005, 5.21276533603700E-005 ) );
#10074 = VECTOR( '', #11412, 1.00000000000000 );
#10075 = CARTESIAN_POINT( '', ( -0.000735886896139200, 3.00000000000000E-005, -0.000275531913340100 ) );
#10076 = VECTOR( '', #11413, 1.00000000000000 );
#10077 = CARTESIAN_POINT( '', ( -0.000663759662177600, 3.00000000000000E-005, 0.000350000000000000 ) );
#10078 = VECTOR( '', #11414, 1.00000000000000 );
#10079 = CARTESIAN_POINT( '', ( -0.000631703107381100, 3.00000000000000E-005, 0.000350000000000000 ) );
#10080 = VECTOR( '', #11415, 1.00000000000000 );
#10081 = CARTESIAN_POINT( '', ( 0.00212401104997300, 0.000480487399863500, -0.000459673710213900 ) );
#10082 = CARTESIAN_POINT( '', ( 0.00212401104997300, 0.000480487399863500, -0.000629195449478300 ) );
#10083 = VECTOR( '', #11416, 1.00000000000000 );
#10084 = CARTESIAN_POINT( '', ( 0.00203338027126900, 0.000438225573689400, -0.000459673710213900 ) );
#10085 = CARTESIAN_POINT( '', ( 0.00212401104997300, 0.000480487399863500, -0.000459673710213900 ) );
#10086 = VECTOR( '', #11417, 1.00000000000000 );
#10087 = CARTESIAN_POINT( '', ( 0.00203338027126900, 0.000438225573689400, -0.000629195449478300 ) );
#10088 = VECTOR( '', #11418, 1.00000000000000 );
#10089 = CARTESIAN_POINT( '', ( 0.000670212066156400, 3.00000000000000E-005, 0.000275531923770900 ) );
#10090 = VECTOR( '', #11419, 1.00000000000000 );
#10091 = CARTESIAN_POINT( '', ( 0.000646169652925100, 3.00000000000000E-005, 0.000260638308525100 ) );
#10092 = VECTOR( '', #11420, 1.00000000000000 );
#10093 = CARTESIAN_POINT( '', ( -0.00125000000000000, 0.00132000000000000, 0.00140000000000000 ) );
#10094 = CARTESIAN_POINT( '', ( -0.00125000000000000, 0.000000000000000, 0.00140000000000000 ) );
#10095 = VECTOR( '', #11421, 1.00000000000000 );
#10096 = CARTESIAN_POINT( '', ( -0.00125000000000000, 0.00132000000000000, 0.00140000000000000 ) );
#10097 = VECTOR( '', #11422, 1.00000000000000 );
#10098 = CARTESIAN_POINT( '', ( -0.000250000000000000, 0.00132000000000000, 0.00135000000000000 ) );
#10099 = CARTESIAN_POINT( '', ( -0.000250000000000000, 0.00132000000000000, 0.00135000000000000 ) );
#10100 = VECTOR( '', #11423, 1.00000000000000 );
#10101 = AXIS2_PLACEMENT_3D( '', #11424, #11425, #11426 );
#10102 = CARTESIAN_POINT( '', ( 0.000250000000000000, 0.00132000000000000, 0.00135000000000000 ) );
#10103 = VECTOR( '', #11427, 1.00000000000000 );
#10104 = CARTESIAN_POINT( '', ( 0.000670212066156400, 3.00000000000000E-005, -0.000275531913340100 ) );
#10105 = VECTOR( '', #11428, 1.00000000000000 );
#10106 = CARTESIAN_POINT( '', ( 0.00230000000000000, 0.000000000000000, -0.000500000000000000 ) );
#10107 = VECTOR( '', #11429, 1.00000000000000 );
#10108 = CARTESIAN_POINT( '', ( 0.000600000000000000, 0.000000000000000, -0.00140000000000000 ) );
#10109 = VECTOR( '', #11430, 1.00000000000000 );
#10110 = CARTESIAN_POINT( '', ( 0.000600000000000000, 0.000800000000000000, -0.00110756733223800 ) );
#10111 = VECTOR( '', #11431, 1.00000000000000 );
#10112 = CARTESIAN_POINT( '', ( 0.000600000000000000, 0.00132000000000000, -0.00110756733223800 ) );
#10113 = VECTOR( '', #11432, 1.00000000000000 );
#10114 = CARTESIAN_POINT( '', ( 0.000718296892618900, 3.00000000000000E-005, 0.000275531923770900 ) );
#10115 = VECTOR( '', #11433, 1.00000000000000 );
#10116 = CARTESIAN_POINT( '', ( -0.00118000000000000, 0.00132000000000000, 0.00182000000000000 ) );
#10117 = VECTOR( '', #11434, 1.00000000000000 );
#10118 = CARTESIAN_POINT( '', ( 0.000622127239693800, 3.00000000000000E-005, 0.000230851078033400 ) );
#10119 = VECTOR( '', #11435, 1.00000000000000 );
#10120 = CARTESIAN_POINT( '', ( 0.000758367588980600, 3.00000000000000E-005, 8.19148838520100E-005 ) );
#10121 = VECTOR( '', #11436, 1.00000000000000 );
#10122 = CARTESIAN_POINT( '', ( -0.00210000000000000, 0.000760000000000000, 0.000400000000000000 ) );
#10123 = VECTOR( '', #11437, 1.00000000000000 );
#10124 = CARTESIAN_POINT( '', ( -0.000600000000000000, 0.00132000000000000, -0.00114999702718100 ) );
#10125 = CARTESIAN_POINT( '', ( -0.000600000000000000, 0.00117000000000000, -0.00114999702718100 ) );
#10126 = VECTOR( '', #11438, 1.00000000000000 );
#10127 = CARTESIAN_POINT( '', ( -0.000600000000000000, 0.00132000000000000, -0.00114999702718100 ) );
#10128 = VECTOR( '', #11439, 1.00000000000000 );
#10129 = CARTESIAN_POINT( '', ( -0.000600000000000000, 0.000800000000000000, -0.00110756733223800 ) );
#10130 = VECTOR( '', #11440, 1.00000000000000 );
#10131 = CARTESIAN_POINT( '', ( -0.000600000000000000, 0.00132000000000000, -0.00110756733223800 ) );
#10132 = VECTOR( '', #11441, 1.00000000000000 );
#10133 = AXIS2_PLACEMENT_3D( '', #11442, #11443, #11444 );
#10134 = CARTESIAN_POINT( '', ( 0.000782410002211800, 3.00000000000000E-005, 0.000186170232296000 ) );
#10135 = VECTOR( '', #11445, 1.00000000000000 );
#10136 = CARTESIAN_POINT( '', ( 0.000766381719081400, 3.00000000000000E-005, 0.000230851078033400 ) );
#10137 = VECTOR( '', #11446, 1.00000000000000 );
#10138 = CARTESIAN_POINT( '', ( 0.000798438262413600, 3.00000000000000E-005, -0.000141489365696900 ) );
#10139 = VECTOR( '', #11447, 1.00000000000000 );
#10140 = CARTESIAN_POINT( '', ( 0.00202372930137300, 0.000458922145420800, -0.000344868680504400 ) );
#10141 = AXIS2_PLACEMENT_3D( '', #11448, #11449, #11450 );
#10142 = CARTESIAN_POINT( '', ( 0.00198345568941800, 0.000545289184973200, -0.000114805029709500 ) );
#10143 = CARTESIAN_POINT( '', ( 0.00202372930137300, 0.000458922145420800, -0.000344868680504400 ) );
#10144 = VECTOR( '', #11451, 1.00000000000000 );
#10145 = AXIS2_PLACEMENT_3D( '', #11452, #11453, #11454 );
#10146 = CARTESIAN_POINT( '', ( 0.00203338027126900, 0.000438225573689400, 0.000459673710213900 ) );
#10147 = AXIS2_PLACEMENT_3D( '', #11455, #11456, #11457 );
#10148 = CARTESIAN_POINT( '', ( 0.00203338027126900, 0.000438225573689400, 0.000459673710213900 ) );
#10149 = VECTOR( '', #11458, 1.00000000000000 );
#10150 = CARTESIAN_POINT( '', ( 0.00192936922129600, 0.000661277990165700, -0.000924315743010100 ) );
#10151 = VECTOR( '', #11459, 1.00000000000000 );
#10152 = CARTESIAN_POINT( '', ( 0.00191928616036100, 0.00127841869329800, 0.000986185059469200 ) );
#10153 = CARTESIAN_POINT( '', ( 0.00191891078258800, 0.00128061629433500, 0.000986559288132200 ) );
#10154 = CARTESIAN_POINT( '', ( 0.00191786168721300, 0.00128498832426500, 0.000987583907179700 ) );
#10155 = CARTESIAN_POINT( '', ( 0.00191538266747700, 0.00129135211798000, 0.000990004098973900 ) );
#10156 = CARTESIAN_POINT( '', ( 0.00191204655944400, 0.00129735653869400, 0.000993343246881000 ) );
#10157 = CARTESIAN_POINT( '', ( 0.00190774918876700, 0.00130304851265300, 0.000997860375829500 ) );
#10158 = CARTESIAN_POINT( '', ( 0.00190261078074700, 0.00130813661132300, 0.00100362134048600 ) );
#10159 = CARTESIAN_POINT( '', ( 0.00189664988282200, 0.00131252018669000, 0.00101096306689600 ) );
#10160 = CARTESIAN_POINT( '', ( 0.00189015701235800, 0.00131595198687400, 0.00102007338937200 ) );
#10161 = CARTESIAN_POINT( '', ( 0.00188327052557600, 0.00131838638911900, 0.00103119248807900 ) );
#10162 = CARTESIAN_POINT( '', ( 0.00187634713691700, 0.00131975326228400, 0.00104444295274300 ) );
#10163 = CARTESIAN_POINT( '', ( 0.00187199172862000, 0.00132000000000000, 0.00105490637872900 ) );
#10164 = CARTESIAN_POINT( '', ( 0.00187000000000000, 0.00132000000000000, 0.00106056912752500 ) );
#10165 = AXIS2_PLACEMENT_3D( '', #11460, #11461, #11462 );
#10166 = AXIS2_PLACEMENT_3D( '', #11463, #11464, #11465 );
#10167 = CARTESIAN_POINT( '', ( 0.00192000082519900, 0.00126999997032300, -0.000424985209200400 ) );
#10168 = CARTESIAN_POINT( '', ( 0.00192000082519900, 0.00127218264844700, -0.000424958987535400 ) );
#10169 = CARTESIAN_POINT( '', ( 0.00191971386390400, 0.00127661979413100, -0.000424725935055000 ) );
#10170 = CARTESIAN_POINT( '', ( 0.00191834610602800, 0.00128337427022300, -0.000423706650190000 ) );
#10171 = CARTESIAN_POINT( '', ( 0.00191599038984600, 0.00129005628963300, -0.000422003365224200 ) );
#10172 = CARTESIAN_POINT( '', ( 0.00191258799538100, 0.00129653539415800, -0.000419515932695300 ) );
#10173 = CARTESIAN_POINT( '', ( 0.00190827342485500, 0.00130245520276200, -0.000416252384320700 ) );
#10174 = CARTESIAN_POINT( '', ( 0.00190302101930200, 0.00130779597366600, -0.000412040780821100 ) );
#10175 = CARTESIAN_POINT( '', ( 0.00189692871824700, 0.00131236565313300, -0.000406766607378500 ) );
#10176 = CARTESIAN_POINT( '', ( 0.00189227165202400, 0.00131484427391900, -0.000402401837803900 ) );
#10177 = CARTESIAN_POINT( '', ( 0.00188983690157900, 0.00131589659394500, -0.000400000000000000 ) );
#10178 = CARTESIAN_POINT( '', ( 0.00187000000000000, 0.00142000000000000, -0.000376986841535700 ) );
#10179 = CARTESIAN_POINT( '', ( 0.00187598578009300, 0.00142000000000000, -0.000379779929792900 ) );
#10180 = CARTESIAN_POINT( '', ( 0.00188801009619000, 0.00141928458657300, -0.000385020477855400 ) );
#10181 = CARTESIAN_POINT( '', ( 0.00190595804912000, 0.00141600382675900, -0.000392009801235900 ) );
#10182 = CARTESIAN_POINT( '', ( 0.00192326998490900, 0.00141061469491600, -0.000398121478275900 ) );
#10183 = CARTESIAN_POINT( '', ( 0.00193995287843000, 0.00140311022266200, -0.000403513113799000 ) );
#10184 = CARTESIAN_POINT( '', ( 0.00195556249420400, 0.00139364837907200, -0.000408200706349600 ) );
#10185 = CARTESIAN_POINT( '', ( 0.00196984265164600, 0.00138243773325400, -0.000412233696569400 ) );
#10186 = CARTESIAN_POINT( '', ( 0.00198276591515600, 0.00136947206220600, -0.000415688611083000 ) );
#10187 = CARTESIAN_POINT( '', ( 0.00199392991508900, 0.00135515371215700, -0.000418547741135400 ) );
#10188 = CARTESIAN_POINT( '', ( 0.00200332930079800, 0.00133953126906800, -0.000420882093826400 ) );
#10189 = CARTESIAN_POINT( '', ( 0.00201076205616200, 0.00132287185437100, -0.000422689452292400 ) );
#10190 = CARTESIAN_POINT( '', ( 0.00201607636084700, 0.00130563798788900, -0.000423970190162100 ) );
#10191 = CARTESIAN_POINT( '', ( 0.00201929512599200, 0.00128786004028000, -0.000424769973579900 ) );
#10192 = CARTESIAN_POINT( '', ( 0.00202000006717500, 0.00127594246795300, -0.000424962417427100 ) );
#10193 = CARTESIAN_POINT( '', ( 0.00202000006717500, 0.00126999997582500, -0.000424986115549100 ) );
#10194 = CARTESIAN_POINT( '', ( 0.00187000000000000, 0.00132000000000000, -0.000376986841535700 ) );
#10195 = CARTESIAN_POINT( '', ( 0.00187114302545600, 0.00132000000000000, -0.000378586919184700 ) );
#10196 = CARTESIAN_POINT( '', ( 0.00187338336574600, 0.00132000000000000, -0.000381589437142200 ) );
#10197 = CARTESIAN_POINT( '', ( 0.00187653249899700, 0.00132000000000000, -0.000385477658773700 ) );
#10198 = CARTESIAN_POINT( '', ( 0.00187955284847700, 0.00132000000000000, -0.000388918624560800 ) );
#10199 = CARTESIAN_POINT( '', ( 0.00188249768880100, 0.00132000000000000, -0.000392010837804200 ) );
#10200 = CARTESIAN_POINT( '', ( 0.00188542981571000, 0.00132000000000000, -0.000394843421095400 ) );
#10201 = CARTESIAN_POINT( '', ( 0.00188843730786800, 0.00132000000000000, -0.000397504564647600 ) );
#10202 = CARTESIAN_POINT( '', ( 0.00189052760516400, 0.00132000000000000, -0.000399186080314500 ) );
#10203 = CARTESIAN_POINT( '', ( 0.00189159259880300, 0.00132000000000000, -0.000400000000000000 ) );
#10204 = CARTESIAN_POINT( '', ( 0.00190000000000000, 0.00132000000000000, 0.000400000000000000 ) );
#10205 = VECTOR( '', #11466, 1.00000000000000 );
#10206 = CARTESIAN_POINT( '', ( 0.00187000000000000, 0.00132000000000000, 0.000400000000000000 ) );
#10207 = CARTESIAN_POINT( '', ( 0.00187000000000000, 0.00132000000000000, 0.000400000000000000 ) );
#10208 = VECTOR( '', #11467, 1.00000000000000 );
#10209 = AXIS2_PLACEMENT_3D( '', #11468, #11469, #11470 );
#10210 = CARTESIAN_POINT( '', ( 0.00180000000000000, 0.00132000000000000, 0.000400000000000000 ) );
#10211 = VECTOR( '', #11471, 1.00000000000000 );
#10212 = CARTESIAN_POINT( '', ( 0.00185000000000000, 0.00132000000000000, 0.00140000000000000 ) );
#10213 = CARTESIAN_POINT( '', ( 0.00185000000000000, 0.00132000000000000, 0.00113540227526100 ) );
#10214 = VECTOR( '', #11472, 1.00000000000000 );
#10215 = CARTESIAN_POINT( '', ( 0.00175000000000000, 0.00132000000000000, 0.00140000000000000 ) );
#10216 = VECTOR( '', #11473, 1.00000000000000 );
#10217 = CARTESIAN_POINT( '', ( -0.00189159259871900, 0.00132000000000000, 0.000400000000000000 ) );
#10218 = VECTOR( '', #11474, 1.00000000000000 );
#10219 = CARTESIAN_POINT( '', ( -0.00187000000000000, 0.00132000000000000, 0.000400000000000000 ) );
#10220 = VECTOR( '', #11475, 1.00000000000000 );
#10221 = CARTESIAN_POINT( '', ( -0.00185000000000000, 0.00132000000000000, 0.00140000000000000 ) );
#10222 = CARTESIAN_POINT( '', ( -0.00175000000000000, 0.00132000000000000, 0.00140000000000000 ) );
#10223 = VECTOR( '', #11476, 1.00000000000000 );
#10224 = CARTESIAN_POINT( '', ( -0.00185000000000000, 0.00132000000000000, 0.00113540227526100 ) );
#10225 = CARTESIAN_POINT( '', ( -0.00185000000000000, 0.00132000000000000, 0.00140000000000000 ) );
#10226 = VECTOR( '', #11477, 1.00000000000000 );
#10227 = AXIS2_PLACEMENT_3D( '', #11478, #11479, #11480 );
#10228 = CARTESIAN_POINT( '', ( 0.000650000000000000, 0.00132000000000000, -0.00120000000000000 ) );
#10229 = AXIS2_PLACEMENT_3D( '', #11481, #11482, #11483 );
#10230 = CARTESIAN_POINT( '', ( 0.000650000000000000, 0.00132000000000000, -0.00120000000000000 ) );
#10231 = VECTOR( '', #11484, 1.00000000000000 );
#10232 = CARTESIAN_POINT( '', ( 0.00123000000000000, 0.00132000000000000, 0.00208000000000000 ) );
#10233 = CARTESIAN_POINT( '', ( 0.00123000000000000, 0.00132000000000000, 0.00208000000000000 ) );
#10234 = VECTOR( '', #11485, 1.00000000000000 );
#10235 = CARTESIAN_POINT( '', ( 0.00123000000000000, 0.00132000000000000, 0.00187000000000000 ) );
#10236 = VECTOR( '', #11486, 1.00000000000000 );
#10237 = CARTESIAN_POINT( '', ( 0.00123000000000000, 0.00137000000000000, 0.00187000000000000 ) );
#10238 = VECTOR( '', #11487, 1.00000000000000 );
#10239 = CARTESIAN_POINT( '', ( -0.00201785848108400, 0.00129525607989300, 0.000986185059469200 ) );
#10240 = CARTESIAN_POINT( '', ( -0.00191928616036100, 0.00127841869329800, 0.000986185059469200 ) );
#10241 = VECTOR( '', #11488, 1.00000000000000 );
#10242 = CARTESIAN_POINT( '', ( -0.00201785848108400, 0.00129525607989300, 0.000986185059469200 ) );
#10243 = CARTESIAN_POINT( '', ( -0.00201928275350800, 0.00128691785962400, 0.000985711755326800 ) );
#10244 = CARTESIAN_POINT( '', ( -0.00202000000000000, 0.00127845898748000, 0.000985238451184500 ) );
#10245 = CARTESIAN_POINT( '', ( -0.00202000000000000, 0.00127000000000000, 0.000984765147042100 ) );
#10246 = AXIS2_PLACEMENT_3D( '', #11489, #11490, #11491 );
#10247 = AXIS2_PLACEMENT_3D( '', #11492, #11493, #11494 );
#10248 = AXIS2_PLACEMENT_3D( '', #11495, #11496, #11497 );
#10249 = AXIS2_PLACEMENT_3D( '', #11498, #11499, #11500 );
#10250 = AXIS2_PLACEMENT_3D( '', #11501, #11502, #11503 );
#10251 = AXIS2_PLACEMENT_3D( '', #11504, #11505, #11506 );
#10252 = CARTESIAN_POINT( '', ( 0.000774395849182300, 3.00000000000000E-005, -2.23404228687300E-005 ) );
#10253 = CARTESIAN_POINT( '', ( 0.000774395849182300, 3.00000000000000E-005, -2.23404228687300E-005 ) );
#10254 = VECTOR( '', #11507, 1.00000000000000 );
#10255 = CARTESIAN_POINT( '', ( 0.000750353435951000, 3.00000000000000E-005, 7.44680762291000E-006 ) );
#10256 = VECTOR( '', #11508, 1.00000000000000 );
#10257 = CARTESIAN_POINT( '', ( 0.000606098962295600, 3.00000000000000E-005, -5.21276533603700E-005 ) );
#10258 = VECTOR( '', #11509, 1.00000000000000 );
#10259 = CARTESIAN_POINT( '', ( 0.000598084826462500, 3.00000000000000E-005, -0.000141489365696900 ) );
#10260 = VECTOR( '', #11510, 1.00000000000000 );
#10261 = CARTESIAN_POINT( '', ( 0.000774395849182300, 3.00000000000000E-005, -0.000230851067602600 ) );
#10262 = VECTOR( '', #11511, 1.00000000000000 );
#10263 = CARTESIAN_POINT( '', ( 0.00202000000000000, 0.000712931156690200, -0.000927629881061600 ) );
#10264 = CARTESIAN_POINT( '', ( 0.00202000000000000, 0.000712931156690200, -0.000927629881061600 ) );
#10265 = VECTOR( '', #11512, 1.00000000000000 );
#10266 = AXIS2_PLACEMENT_3D( '', #11513, #11514, #11515 );
#10267 = CARTESIAN_POINT( '', ( 0.00202000000000000, 0.000703539816339700, 0.000926516824424600 ) );
#10268 = CARTESIAN_POINT( '', ( 0.00202000000000000, 0.000703539816339700, 0.000926516824424600 ) );
#10269 = VECTOR( '', #11516, 1.00000000000000 );
#10270 = CARTESIAN_POINT( '', ( 0.00202000000000000, 0.000703539816339700, 0.000926516824424600 ) );
#10271 = VECTOR( '', #11517, 1.00000000000000 );
#10272 = CARTESIAN_POINT( '', ( 0.00192936922129600, 0.000661277990165700, 0.000924315743010100 ) );
#10273 = CARTESIAN_POINT( '', ( 0.00192783191278400, 0.000664574758908500, 0.000924527171279400 ) );
#10274 = CARTESIAN_POINT( '', ( 0.00192511788470000, 0.000671335290414500, 0.000924935893614700 ) );
#10275 = CARTESIAN_POINT( '', ( 0.00192217620266400, 0.000681855042560300, 0.000925506711711800 ) );
#10276 = CARTESIAN_POINT( '', ( 0.00192039708740400, 0.000692631455924700, 0.000926035858915400 ) );
#10277 = CARTESIAN_POINT( '', ( 0.00192000000000000, 0.000699903570630400, 0.000926361107001600 ) );
#10278 = CARTESIAN_POINT( '', ( 0.00192000000000000, 0.000703539816339700, 0.000926516824424600 ) );
#10279 = CARTESIAN_POINT( '', ( 0.00175000000000000, 0.00132000000000000, -0.00140000000000000 ) );
#10280 = VECTOR( '', #11518, 1.00000000000000 );
#10281 = CARTESIAN_POINT( '', ( 0.000934782608695700, 0.00132000000000000, -0.00140000000000000 ) );
#10282 = CARTESIAN_POINT( '', ( 0.000934782608695700, 0.00132000000000000, -0.00140000000000000 ) );
#10283 = VECTOR( '', #11519, 1.00000000000000 );
#10284 = CARTESIAN_POINT( '', ( 0.000934782608695700, 0.00132000000000000, -0.00140000000000000 ) );
#10285 = VECTOR( '', #11520, 1.00000000000000 );
#10286 = CARTESIAN_POINT( '', ( 0.000774395849182300, 3.00000000000000E-005, -2.23404228687300E-005 ) );
#10287 = VECTOR( '', #11521, 1.00000000000000 );
#10288 = CARTESIAN_POINT( '', ( -0.00185000000000000, 0.00132000000000000, 0.00113540227526100 ) );
#10289 = VECTOR( '', #11522, 1.00000000000000 );
#10290 = CARTESIAN_POINT( '', ( -0.00187000000000000, 0.00132000000000000, 0.00106056912752500 ) );
#10291 = VECTOR( '', #11523, 1.00000000000000 );
#10292 = CARTESIAN_POINT( '', ( -0.00201785848108400, 0.00129525607989300, 0.000986185059469200 ) );
#10293 = CARTESIAN_POINT( '', ( -0.00201682532032800, 0.00130130458705100, 0.000986528392147000 ) );
#10294 = CARTESIAN_POINT( '', ( -0.00201401771908700, 0.00131328066363300, 0.000987443341297700 ) );
#10295 = CARTESIAN_POINT( '', ( -0.00200759266628700, 0.00133067667128800, 0.000989530966210800 ) );
#10296 = CARTESIAN_POINT( '', ( -0.00199915408679300, 0.00134702477004200, 0.000992326970249400 ) );
#10297 = CARTESIAN_POINT( '', ( -0.00198869409582200, 0.00136233246107600, 0.000995934273396500 ) );
#10298 = CARTESIAN_POINT( '', ( -0.00197655343130200, 0.00137610590539900, 0.00100034490619000 ) );
#10299 = CARTESIAN_POINT( '', ( -0.00196280963403000, 0.00138831591915900, 0.00100565832756900 ) );
#10300 = CARTESIAN_POINT( '', ( -0.00194778025821600, 0.00139868373664600, 0.00101196814552500 ) );
#10301 = CARTESIAN_POINT( '', ( -0.00193185439154800, 0.00140704281643300, 0.00101935946467700 ) );
#10302 = CARTESIAN_POINT( '', ( -0.00191533639323200, 0.00141333058244600, 0.00102794886397000 ) );
#10303 = CARTESIAN_POINT( '', ( -0.00189914850455100, 0.00141743804299000, 0.00103763202417300 ) );
#10304 = CARTESIAN_POINT( '', ( -0.00188365561229300, 0.00141962305630900, 0.00104855155875800 ) );
#10305 = CARTESIAN_POINT( '', ( -0.00187436705792500, 0.00142000000000000, 0.00105643041910900 ) );
#10306 = CARTESIAN_POINT( '', ( -0.00187000000000000, 0.00142000000000000, 0.00106056912752500 ) );
#10307 = CARTESIAN_POINT( '', ( -0.00185000000000000, 0.00132000000000000, 0.00140000000000000 ) );
#10308 = VECTOR( '', #11524, 1.00000000000000 );
#10309 = AXIS2_PLACEMENT_3D( '', #11525, #11526, #11527 );
#10310 = CARTESIAN_POINT( '', ( 0.00125000000000000, 0.00132000000000000, 0.00140000000000000 ) );
#10311 = CARTESIAN_POINT( '', ( 0.00125000000000000, 0.00132000000000000, 0.00140000000000000 ) );
#10312 = VECTOR( '', #11528, 1.00000000000000 );
#10313 = CARTESIAN_POINT( '', ( 0.00185000000000000, 0.00132000000000000, 0.00140000000000000 ) );
#10314 = VECTOR( '', #11529, 1.00000000000000 );
#10315 = CARTESIAN_POINT( '', ( 0.00135000000000000, 0.00132000000000000, 0.00140000000000000 ) );
#10316 = CARTESIAN_POINT( '', ( 0.00135000000000000, 0.00132000000000000, 0.00140000000000000 ) );
#10317 = VECTOR( '', #11530, 1.00000000000000 );
#10318 = CARTESIAN_POINT( '', ( 0.00135000000000000, 0.00132000000000000, 0.00140000000000000 ) );
#10319 = VECTOR( '', #11531, 1.00000000000000 );
#10320 = CARTESIAN_POINT( '', ( 0.000742339305850200, 3.00000000000000E-005, 0.000260638308525100 ) );
#10321 = VECTOR( '', #11532, 1.00000000000000 );
#10322 = CARTESIAN_POINT( '', ( -0.000350000000000000, -1.96614017737900E-005, -0.00123990653216500 ) );
#10323 = VECTOR( '', #11533, 1.00000000000000 );
#10324 = CARTESIAN_POINT( '', ( 0.00212401104997300, 0.000480487399863500, 0.000459673710213900 ) );
#10325 = CARTESIAN_POINT( '', ( 0.00212401104997300, 0.000480487399863500, 0.000459673710213900 ) );
#10326 = VECTOR( '', #11534, 1.00000000000000 );
#10327 = CARTESIAN_POINT( '', ( 0.00212401104997300, 0.000480487399863500, 0.000459673710213900 ) );
#10328 = VECTOR( '', #11535, 1.00000000000000 );
#10329 = AXIS2_PLACEMENT_3D( '', #11536, #11537, #11538 );
#10330 = AXIS2_PLACEMENT_3D( '', #11539, #11540, #11541 );
#10331 = CARTESIAN_POINT( '', ( 0.000650000000000000, 0.00132000000000000, -0.00120000000000000 ) );
#10332 = VECTOR( '', #11542, 1.00000000000000 );
#10333 = CARTESIAN_POINT( '', ( 0.000750000000000000, 0.00132000000000000, -0.00120000000000000 ) );
#10334 = VECTOR( '', #11543, 1.00000000000000 );
#10335 = CARTESIAN_POINT( '', ( 0.000921617186745600, 0.00132000000000000, -0.00132429882378700 ) );
#10336 = VECTOR( '', #11544, 1.00000000000000 );
#10337 = CARTESIAN_POINT( '', ( -0.00125000000000000, 0.00132000000000000, 0.00140000000000000 ) );
#10338 = VECTOR( '', #11545, 1.00000000000000 );
#10339 = CARTESIAN_POINT( '', ( -0.00120000000000000, 0.00132000000000000, 0.00215000000000000 ) );
#10340 = VECTOR( '', #11546, 1.00000000000000 );
#10341 = CARTESIAN_POINT( '', ( 0.00125000000000000, 0.00132000000000000, 0.00209999238359800 ) );
#10342 = VECTOR( '', #11547, 1.00000000000000 );
#10343 = AXIS2_PLACEMENT_3D( '', #11548, #11549, #11550 );
#10344 = CARTESIAN_POINT( '', ( 0.00202000000000000, 0.000998539816339700, 0.000425000000000000 ) );
#10345 = VECTOR( '', #11551, 1.00000000000000 );
#10346 = CARTESIAN_POINT( '', ( 0.00202000000000000, 0.000703539816339700, -0.000924315743010100 ) );
#10347 = VECTOR( '', #11552, 1.00000000000000 );
#10348 = CARTESIAN_POINT( '', ( 0.00202000000000000, 0.00127000000000000, -0.000984765147042100 ) );
#10349 = VECTOR( '', #11553, 1.00000000000000 );
#10350 = CARTESIAN_POINT( '', ( 0.00202000000000000, 0.00127000000000000, -0.000984765147042100 ) );
#10351 = VECTOR( '', #11554, 1.00000000000000 );
#10352 = AXIS2_PLACEMENT_3D( '', #11555, #11556, #11557 );
#10353 = CARTESIAN_POINT( '', ( 0.00211436008007700, 0.000501183971594900, -0.000344868680504400 ) );
#10354 = AXIS2_PLACEMENT_3D( '', #11558, #11559, #11560 );
#10355 = CARTESIAN_POINT( '', ( 0.00211436008007700, 0.000501183971594900, -0.000344868680504400 ) );
#10356 = VECTOR( '', #11561, 1.00000000000000 );
#10357 = CARTESIAN_POINT( '', ( 0.00207408646812100, 0.000587551011147300, -0.000114805029709500 ) );
#10358 = CARTESIAN_POINT( '', ( 0.00211436008007700, 0.000501183971594900, -0.000344868680504400 ) );
#10359 = VECTOR( '', #11562, 1.00000000000000 );
#10360 = CARTESIAN_POINT( '', ( 0.00198345568941800, 0.000545289184973200, -0.000114805029709500 ) );
#10361 = VECTOR( '', #11563, 1.00000000000000 );
#10362 = AXIS2_PLACEMENT_3D( '', #11564, #11565, #11566 );
#10363 = CARTESIAN_POINT( '', ( 0.00120000000000000, 0.000369127379678100, 0.00213340245667400 ) );
#10364 = VECTOR( '', #11567, 1.00000000000000 );
#10365 = AXIS2_PLACEMENT_3D( '', #11568, #11569, #11570 );
#10366 = CARTESIAN_POINT( '', ( -0.000735886896139200, 3.00000000000000E-005, 0.000230851078033400 ) );
#10367 = VECTOR( '', #11571, 1.00000000000000 );
#10368 = CARTESIAN_POINT( '', ( 0.000350000000000000, -1.96614017737900E-005, -0.00123990653216500 ) );
#10369 = VECTOR( '', #11572, 1.00000000000000 );
#10370 = CARTESIAN_POINT( '', ( 0.00125000000000000, 0.000370000000000000, 0.00185000000000000 ) );
#10371 = VECTOR( '', #11573, 1.00000000000000 );
#10372 = DIRECTION( '', ( 0.000000000000000, 0.000000000000000, -1.00000000000000 ) );
#10373 = DIRECTION( '', ( 0.500000000000017, -0.866025403784429, 0.000000000000000 ) );
#10374 = DIRECTION( '', ( 0.000000000000000, 0.000000000000000, 1.00000000000000 ) );
#10375 = DIRECTION( '', ( 0.000000000000000, -1.00000000000000, 0.000000000000000 ) );
#10376 = CARTESIAN_POINT( '', ( 0.00175000000000000, 0.000000000000000, 0.00125000000000000 ) );
#10377 = DIRECTION( '', ( 0.000000000000000, -1.00000000000000, 0.000000000000000 ) );
#10378 = DIRECTION( '', ( 1.00000000000000, 0.000000000000000, 0.000000000000000 ) );
#10379 = DIRECTION( '', ( 0.000000000000000, -1.00000000000000, 0.000000000000000 ) );
#10380 = CARTESIAN_POINT( '', ( 0.00175000000000000, 0.00132000000000000, 0.00125000000000000 ) );
#10381 = DIRECTION( '', ( 0.000000000000000, -1.00000000000000, 0.000000000000000 ) );
#10382 = DIRECTION( '', ( 0.333333333333292, 0.000000000000000, 0.942809041582078 ) );
#10383 = DIRECTION( '', ( 0.000000000000000, 1.00000000000000, 0.000000000000000 ) );
#10384 = CARTESIAN_POINT( '', ( -0.000773835423522700, 0.00142000000000000, -0.00135000000000000 ) );
#10385 = DIRECTION( '', ( 0.000000000000000, -1.00000000000000, 0.000000000000000 ) );
#10386 = DIRECTION( '', ( 0.000000000000000, 0.000000000000000, 1.00000000000000 ) );
#10387 = DIRECTION( '', ( 0.000000000000000, 1.00000000000000, 0.000000000000000 ) );
#10388 = CARTESIAN_POINT( '', ( -0.000773835423522700, 0.00132000000000000, -0.00135000000000000 ) );
#10389 = DIRECTION( '', ( 0.000000000000000, 1.00000000000000, 0.000000000000000 ) );
#10390 = DIRECTION( '', ( -0.985211754819683, 0.000000000000000, 0.171341174751197 ) );
#10391 = DIRECTION( '', ( 0.000000000000000, 1.00000000000000, 0.000000000000000 ) );
#10392 = CARTESIAN_POINT( '', ( -0.00120000000000000, 0.00142000000000000, 0.00140000000000000 ) );
#10393 = DIRECTION( '', ( 0.000000000000000, -1.00000000000000, 0.000000000000000 ) );
#10394 = DIRECTION( '', ( -1.00000000000000, 0.000000000000000, 0.000000000000000 ) );
#10395 = DIRECTION( '', ( 0.000000000000000, 1.00000000000000, 0.000000000000000 ) );
#10396 = CARTESIAN_POINT( '', ( -0.00120000000000000, 0.00132000000000000, 0.00140000000000000 ) );
#10397 = DIRECTION( '', ( 0.000000000000000, 1.00000000000000, 0.000000000000000 ) );
#10398 = DIRECTION( '', ( 0.000000000000000, 0.000000000000000, -1.00000000000000 ) );
#10399 = CARTESIAN_POINT( '', ( -0.00199722557145100, 0.000752379735974500, 0.000459673710213900 ) );
#10400 = DIRECTION( '', ( -0.906307787036669, 0.422618261740659, -9.76073122812572E-015 ) );
#10401 = DIRECTION( '', ( -0.390448362087690, -0.837319214598778, -0.382683432365090 ) );
#10402 = DIRECTION( '', ( 0.906307787036659, -0.422618261740681, 0.000000000000000 ) );
#10403 = CARTESIAN_POINT( '', ( -0.00190659479274700, 0.000710117909800400, 0.000459673710213900 ) );
#10404 = DIRECTION( '', ( 0.906307787036659, -0.422618261740681, 0.000000000000000 ) );
#10405 = DIRECTION( '', ( -0.422618261740681, -0.906307787036659, 0.000000000000000 ) );
#10406 = DIRECTION( '', ( 0.906307787036659, -0.422618261740681, 0.000000000000000 ) );
#10407 = DIRECTION( '', ( 9.88098491916400E-014, 1.00000000000000, 0.000000000000000 ) );
#10408 = DIRECTION( '', ( -1.00000000000000, 0.000000000000000, 0.000000000000000 ) );
#10409 = DIRECTION( '', ( -1.00000000000000, 0.000000000000000, 0.000000000000000 ) );
#10410 = DIRECTION( '', ( 0.000000000000000, -1.00000000000000, 0.000000000000000 ) );
#10411 = DIRECTION( '', ( 0.374242138056910, 0.000000000000000, 0.927331020780925 ) );
#10412 = DIRECTION( '', ( 0.000000000000000, -1.00000000000000, 0.000000000000000 ) );
#10413 = DIRECTION( '', ( 0.374242138056910, 0.000000000000000, 0.927331020780925 ) );
#10414 = DIRECTION( '', ( 0.000000000000000, -1.00000000000000, 0.000000000000000 ) );
#10415 = DIRECTION( '', ( 0.937347254259998, 0.000000000000000, 0.348396505337299 ) );
#10416 = DIRECTION( '', ( 0.000000000000000, -1.00000000000000, 0.000000000000000 ) );
#10417 = DIRECTION( '', ( 0.937347254259998, 0.000000000000000, 0.348396505337299 ) );
#10418 = CARTESIAN_POINT( '', ( -0.00219122097674800, 0.000336355246767700, 0.000000000000000 ) );
#10419 = DIRECTION( '', ( 0.906307787036669, -0.422618261740659, -9.76073122812572E-015 ) );
#10420 = DIRECTION( '', ( 0.390448362087690, 0.837319214598778, -0.382683432365090 ) );
#10421 = DIRECTION( '', ( -0.906307787036659, 0.422618261740681, 0.000000000000000 ) );
#10422 = CARTESIAN_POINT( '', ( -0.00210059019804400, 0.000294093420593600, 0.000000000000000 ) );
#10423 = DIRECTION( '', ( -0.906307787036669, 0.422618261740659, -9.76073122812572E-015 ) );
#10424 = DIRECTION( '', ( 0.390448362087690, 0.837319214598778, 0.382683432365090 ) );
#10425 = DIRECTION( '', ( -0.906307787036659, 0.422618261740681, 0.000000000000000 ) );
#10426 = DIRECTION( '', ( 0.000000000000000, -1.00000000000000, 0.000000000000000 ) );
#10427 = DIRECTION( '', ( -0.473847821061800, 0.000000000000000, 0.880606746780300 ) );
#10428 = DIRECTION( '', ( 0.000000000000000, -1.00000000000000, 0.000000000000000 ) );
#10429 = DIRECTION( '', ( -0.473847821061800, 0.000000000000000, 0.880606746780300 ) );
#10430 = DIRECTION( '', ( 0.000000000000000, -1.00000000000000, 0.000000000000000 ) );
#10431 = DIRECTION( '', ( -0.667655866157413, 0.000000000000000, -0.744470042638114 ) );
#10432 = DIRECTION( '', ( 0.000000000000000, -1.00000000000000, 0.000000000000000 ) );
#10433 = DIRECTION( '', ( -0.667655866157413, 0.000000000000000, -0.744470042638114 ) );
#10434 = DIRECTION( '', ( -0.937347247944688, 0.000000000000000, -0.348396522328396 ) );
#10435 = DIRECTION( '', ( 0.000000000000000, -1.00000000000000, 0.000000000000000 ) );
#10436 = DIRECTION( '', ( -0.937347247944688, 0.000000000000000, -0.348396522328396 ) );
#10437 = DIRECTION( '', ( 0.000000000000000, -1.00000000000000, 0.000000000000000 ) );
#10438 = DIRECTION( '', ( -0.176546491838494, 0.000000000000000, 0.984292302225066 ) );
#10439 = DIRECTION( '', ( 0.000000000000000, -1.00000000000000, 0.000000000000000 ) );
#10440 = DIRECTION( '', ( -0.176546491838494, 0.000000000000000, 0.984292302225066 ) );
#10441 = DIRECTION( '', ( 0.000000000000000, -1.00000000000000, 0.000000000000000 ) );
#10442 = DIRECTION( '', ( 0.000000000000000, 0.000000000000000, 1.00000000000000 ) );
#10443 = DIRECTION( '', ( 0.000000000000000, -1.00000000000000, 0.000000000000000 ) );
#10444 = DIRECTION( '', ( 0.000000000000000, 0.000000000000000, 1.00000000000000 ) );
#10445 = DIRECTION( '', ( 0.000000000000000, -1.00000000000000, 0.000000000000000 ) );
#10446 = DIRECTION( '', ( -1.00000000000000, 0.000000000000000, 0.000000000000000 ) );
#10447 = DIRECTION( '', ( 0.000000000000000, -1.00000000000000, 0.000000000000000 ) );
#10448 = DIRECTION( '', ( -1.00000000000000, 0.000000000000000, 0.000000000000000 ) );
#10449 = DIRECTION( '', ( 0.000000000000000, -1.00000000000000, 0.000000000000000 ) );
#10450 = DIRECTION( '', ( 0.628076150645514, 0.000000000000000, 0.778151880413017 ) );
#10451 = DIRECTION( '', ( 0.000000000000000, -1.00000000000000, 0.000000000000000 ) );
#10452 = DIRECTION( '', ( 0.628076150645514, 0.000000000000000, 0.778151880413017 ) );
#10453 = DIRECTION( '', ( 0.000000000000000, 1.00000000000000, -0.000000000000000 ) );
#10454 = DIRECTION( '', ( -1.00000000000000, 0.000000000000000, 0.000000000000000 ) );
#10455 = DIRECTION( '', ( -1.00000000000000, 0.000000000000000, 0.000000000000000 ) );
#10456 = DIRECTION( '', ( 0.000000000000000, -1.00000000000000, -0.000000000000000 ) );
#10457 = CARTESIAN_POINT( '', ( -0.00192000000000000, 0.000534507581201300, 0.000000000000000 ) );
#10458 = DIRECTION( '', ( 1.00000000000000, 0.000000000000000, -0.000000000000000 ) );
#10459 = DIRECTION( '', ( 0.000000000000000, 0.924974729329107, 0.380028617478403 ) );
#10460 = DIRECTION( '', ( 0.000000000000000, -0.382683432365094, 0.923879532511285 ) );
#10461 = CARTESIAN_POINT( '', ( -0.00192000000000000, 0.000765980074947300, 0.000355770041695400 ) );
#10462 = DIRECTION( '', ( -1.00000000000000, -0.000000000000000, 0.000000000000000 ) );
#10463 = DIRECTION( '', ( 0.000000000000000, -0.923879532511285, -0.382683432365094 ) );
#10464 = DIRECTION( '', ( 0.000000000000000, 0.996657521232313, 0.0816932394452711 ) );
#10465 = DIRECTION( '', ( 1.47415034716302E-006, 5.30125804808306E-008, 0.999999999998912 ) );
#10466 = DIRECTION( '', ( 0.000000000000000, -0.994781438611050, -0.102028865498595 ) );
#10467 = CARTESIAN_POINT( '', ( -0.00192000000000000, 0.000743539816339700, 0.000629195449478300 ) );
#10468 = DIRECTION( '', ( 1.00000000000000, 0.000000000000000, 0.000000000000000 ) );
#10469 = DIRECTION( '', ( 0.000000000000000, -0.102028865498595, 0.994781438611050 ) );
#10470 = DIRECTION( '', ( 0.000000000000000, 0.000000000000000, 1.00000000000000 ) );
#10471 = CARTESIAN_POINT( '', ( -0.00192000000000000, 0.000743539816339700, -0.000629195449478300 ) );
#10472 = DIRECTION( '', ( 1.00000000000000, 0.000000000000000, 0.000000000000000 ) );
#10473 = DIRECTION( '', ( 0.000000000000000, -0.133333333333305, -0.991071249821238 ) );
#10474 = DIRECTION( '', ( 0.000000000000000, 0.994781438611050, -0.102028865498595 ) );
#10475 = DIRECTION( '', ( -1.47414733608502E-006, -5.30148073530606E-008, 0.999999999998912 ) );
#10476 = DIRECTION( '', ( 0.000000000000000, -0.996657521232313, 0.0816932394452711 ) );
#10477 = CARTESIAN_POINT( '', ( -0.00192000000000000, 0.000765980074947300, -0.000355770041695400 ) );
#10478 = DIRECTION( '', ( -1.00000000000000, -0.000000000000000, 0.000000000000000 ) );
#10479 = DIRECTION( '', ( 0.000000000000000, -0.0816932394452611, -0.996657521232313 ) );
#10480 = DIRECTION( '', ( 0.000000000000000, 0.382683432365094, 0.923879532511285 ) );
#10481 = CARTESIAN_POINT( '', ( -0.00192000000000000, 0.000534507581201300, 0.000000000000000 ) );
#10482 = DIRECTION( '', ( 1.00000000000000, 0.000000000000000, 0.000000000000000 ) );
#10483 = DIRECTION( '', ( 0.000000000000000, 0.923879532511285, -0.382683432365094 ) );
#10484 = DIRECTION( '', ( 0.000000000000000, 0.000000000000000, 1.00000000000000 ) );
#10485 = DIRECTION( '', ( 0.000000000000000, 0.000000000000000, -1.00000000000000 ) );
#10486 = DIRECTION( '', ( -1.00000000000000, 0.000000000000000, 0.000000000000000 ) );
#10487 = DIRECTION( '', ( 0.171341174751197, 0.000000000000000, 0.985211754819683 ) );
#10488 = DIRECTION( '', ( 1.00000000000000, 0.000000000000000, 0.000000000000000 ) );
#10489 = DIRECTION( '', ( 0.000000000000000, -0.999847695156391, -0.0174524064372798 ) );
#10490 = CARTESIAN_POINT( '', ( -0.00120000000000000, 0.000370000000000000, 0.00208341007191600 ) );
#10491 = DIRECTION( '', ( 0.000000000000000, -0.999847695156391, -0.0174524064372798 ) );
#10492 = DIRECTION( '', ( 0.000000000000000, -0.0174524064372798, 0.999847695156391 ) );
#10493 = DIRECTION( '', ( 0.000000000000000, -0.999847695156391, -0.0174524064372798 ) );
#10494 = CARTESIAN_POINT( '', ( 0.00120000000000000, 0.000370000000000000, 0.00208341007191600 ) );
#10495 = DIRECTION( '', ( 0.000000000000000, -0.999847695156391, -0.0174524064372799 ) );
#10496 = DIRECTION( '', ( 1.00000000000000, 0.000000000000000, 0.000000000000000 ) );
#10497 = CARTESIAN_POINT( '', ( 0.00120000000000000, 0.000370000000000000, 0.00208341007191600 ) );
#10498 = DIRECTION( '', ( -1.00000000000000, 0.000000000000000, 0.000000000000000 ) );
#10499 = DIRECTION( '', ( 0.000000000000000, -1.00000000000000, 0.000000000000000 ) );
#10500 = CARTESIAN_POINT( '', ( 0.00120000000000000, 0.000370000000000000, 0.00208341007191600 ) );
#10501 = DIRECTION( '', ( 0.000000000000000, 0.000000000000000, 1.00000000000000 ) );
#10502 = DIRECTION( '', ( 0.000000000000000, -1.00000000000000, 0.000000000000000 ) );
#10503 = DIRECTION( '', ( 0.000000000000000, 0.000000000000000, 1.00000000000000 ) );
#10504 = CARTESIAN_POINT( '', ( -0.00120000000000000, 0.000970000000000000, 0.00175000000005900 ) );
#10505 = DIRECTION( '', ( 0.000000000000000, -5.91172055752800E-010, 1.00000000000000 ) );
#10506 = DIRECTION( '', ( -1.00000000000000, 0.000000000000000, 0.000000000000000 ) );
#10507 = DIRECTION( '', ( 0.000000000000000, -1.63476639623400E-011, 1.00000000000000 ) );
#10508 = CARTESIAN_POINT( '', ( -0.00120000000000000, 0.000970000000000000, 0.00145000000000000 ) );
#10509 = DIRECTION( '', ( 0.000000000000000, 0.000000000000000, 1.00000000000000 ) );
#10510 = DIRECTION( '', ( -1.00000000000000, 0.000000000000000, 0.000000000000000 ) );
#10511 = DIRECTION( '', ( 0.000000000000000, -0.997564050259825, 0.0697564737441217 ) );
#10512 = CARTESIAN_POINT( '', ( -0.000500000000000000, 0.000212360959629000, -0.00150689733804800 ) );
#10513 = DIRECTION( '', ( 1.00000000000000, 0.000000000000000, -0.000000000000000 ) );
#10514 = DIRECTION( '', ( 0.000000000000000, 0.0697564737441317, 0.997564050259824 ) );
#10515 = DIRECTION( '', ( 0.000000000000000, -0.987688340595142, -0.156434465040207 ) );
#10516 = DIRECTION( '', ( 0.000000000000000, -0.156434465040207, 0.987688340595142 ) );
#10517 = DIRECTION( '', ( 0.000000000000000, -0.987688340595142, -0.156434465040207 ) );
#10518 = CARTESIAN_POINT( '', ( -0.000500000000000000, 0.000212360959629000, -0.00150689733804800 ) );
#10519 = DIRECTION( '', ( 1.00000000000000, 0.000000000000000, -0.000000000000000 ) );
#10520 = DIRECTION( '', ( 0.000000000000000, 0.0697564737441217, 0.997564050259825 ) );
#10521 = DIRECTION( '', ( 0.000000000000000, -0.997564050259825, 0.0697564737441217 ) );
#10522 = CARTESIAN_POINT( '', ( -0.000500000000000000, 0.00127000000000000, -0.00123000000000000 ) );
#10523 = DIRECTION( '', ( -1.00000000000000, 0.000000000000000, 0.000000000000000 ) );
#10524 = DIRECTION( '', ( 0.000000000000000, 0.104169874482098, -0.994559519209577 ) );
#10525 = DIRECTION( '', ( 0.000000000000000, 0.104169874482098, -0.994559519209577 ) );
#10526 = CARTESIAN_POINT( '', ( -0.000500000000000000, 0.00127000000000000, -0.00123000000000000 ) );
#10527 = DIRECTION( '', ( -1.00000000000000, 0.000000000000000, 0.000000000000000 ) );
#10528 = DIRECTION( '', ( 0.000000000000000, 0.104169874482098, -0.994559519209577 ) );
#10529 = DIRECTION( '', ( 0.000000000000000, 0.000000000000000, 1.00000000000000 ) );
#10530 = CARTESIAN_POINT( '', ( -0.00200000000000000, 0.00132000000000000, -0.00113540227526100 ) );
#10531 = DIRECTION( '', ( -0.000000000000000, 1.00000000000000, 0.000000000000000 ) );
#10532 = DIRECTION( '', ( 0.866666666666657, 0.000000000000000, 0.498887651569875 ) );
#10533 = DIRECTION( '', ( 0.000000000000000, 0.000000000000000, -1.00000000000000 ) );
#10534 = DIRECTION( '', ( 1.00000000000000, 0.000000000000000, 0.000000000000000 ) );
#10535 = CARTESIAN_POINT( '', ( -0.00175000000000000, 0.00132000000000000, -0.00125000000000000 ) );
#10536 = DIRECTION( '', ( 0.000000000000000, -1.00000000000000, -0.000000000000000 ) );
#10537 = DIRECTION( '', ( -0.333333333333292, 0.000000000000000, -0.942809041582078 ) );
#10538 = DIRECTION( '', ( 0.000000000000000, 0.000000000000000, 1.00000000000000 ) );
#10539 = DIRECTION( '', ( 1.00000000000000, 0.000000000000000, 0.000000000000000 ) );
#10540 = DIRECTION( '', ( 0.000000000000000, -2.44363788423000E-011, 1.00000000000000 ) );
#10541 = CARTESIAN_POINT( '', ( 0.00120000000000000, 0.000970000000000000, 0.00175000000008600 ) );
#10542 = DIRECTION( '', ( 0.000000000000000, -8.59969873090400E-010, 1.00000000000000 ) );
#10543 = DIRECTION( '', ( 0.000000000000000, -1.00000000000000, -8.59969873090400E-010 ) );
#10544 = DIRECTION( '', ( 0.000000000000000, 0.000000000000000, 1.00000000000000 ) );
#10545 = CARTESIAN_POINT( '', ( 0.00120000000000000, 0.000970000000000000, 0.00145000000000000 ) );
#10546 = DIRECTION( '', ( 0.000000000000000, 0.000000000000000, 1.00000000000000 ) );
#10547 = DIRECTION( '', ( 0.000000000000000, -1.00000000000000, 0.000000000000000 ) );
#10548 = DIRECTION( '', ( 0.000000000000000, 1.00000000000000, 0.000000000000000 ) );
#10549 = CARTESIAN_POINT( '', ( -0.000514575131106500, 0.00142000000000000, 0.00145000000000000 ) );
#10550 = DIRECTION( '', ( 0.000000000000000, -1.00000000000000, 0.000000000000000 ) );
#10551 = DIRECTION( '', ( 0.000000000000000, 0.000000000000000, -1.00000000000000 ) );
#10552 = CARTESIAN_POINT( '', ( -0.000514575131106500, 0.00132000000000000, 0.00145000000000000 ) );
#10553 = DIRECTION( '', ( 0.000000000000000, -1.00000000000000, -0.000000000000000 ) );
#10554 = DIRECTION( '', ( -1.43773881689000E-013, 0.000000000000000, -1.00000000000000 ) );
#10555 = DIRECTION( '', ( 0.928476690885266, 0.371390676354087, 0.000000000000000 ) );
#10556 = DIRECTION( '', ( 0.000000000000000, 0.000000000000000, 1.00000000000000 ) );
#10557 = DIRECTION( '', ( 0.928476690885266, 0.371390676354087, 0.000000000000000 ) );
#10558 = DIRECTION( '', ( 0.000000000000000, 0.000000000000000, -1.00000000000000 ) );
#10559 = DIRECTION( '', ( -0.691293144900401, -0.276517257960200, -0.667571714397701 ) );
#10560 = DIRECTION( '', ( 0.000000000000000, 0.000000000000000, 1.00000000000000 ) );
#10561 = DIRECTION( '', ( -0.691293144900401, -0.276517257960200, 0.667571714397701 ) );
#10562 = DIRECTION( '', ( 0.000000000000000, 0.000000000000000, 1.00000000000000 ) );
#10563 = DIRECTION( '', ( 0.000000000000000, 1.00000000000000, 0.000000000000000 ) );
#10564 = DIRECTION( '', ( 0.000000000000000, 0.000000000000000, 1.00000000000000 ) );
#10565 = DIRECTION( '', ( 0.000000000000000, -1.00000000000000, 0.000000000000000 ) );
#10566 = DIRECTION( '', ( 0.000000000000000, -0.999847695156391, -0.0174524064372798 ) );
#10567 = DIRECTION( '', ( 0.000000000000000, -0.999847695156391, -0.0174524064372798 ) );
#10568 = DIRECTION( '', ( 0.500000000000017, 0.866025403784429, 0.000000000000000 ) );
#10569 = DIRECTION( '', ( 0.000000000000000, 0.000000000000000, 1.00000000000000 ) );
#10570 = DIRECTION( '', ( 0.000000000000000, 0.000000000000000, 1.00000000000000 ) );
#10571 = DIRECTION( '', ( 0.000000000000000, -1.00000000000000, 0.000000000000000 ) );
#10572 = CARTESIAN_POINT( '', ( -0.00175000000000000, 0.000000000000000, -0.00125000000000000 ) );
#10573 = DIRECTION( '', ( 0.000000000000000, -1.00000000000000, 0.000000000000000 ) );
#10574 = DIRECTION( '', ( -1.00000000000000, 0.000000000000000, 0.000000000000000 ) );
#10575 = DIRECTION( '', ( 0.000000000000000, -1.00000000000000, 0.000000000000000 ) );
#10576 = DIRECTION( '', ( 0.000000000000000, -1.00000000000000, -0.000000000000000 ) );
#10577 = DIRECTION( '', ( 1.00000000000000, 0.000000000000000, 0.000000000000000 ) );
#10578 = DIRECTION( '', ( 1.00000000000000, 0.000000000000000, 0.000000000000000 ) );
#10579 = DIRECTION( '', ( 0.000000000000000, 1.00000000000000, -0.000000000000000 ) );
#10580 = CARTESIAN_POINT( '', ( 0.00192000000000000, 0.000534507581201300, 0.000000000000000 ) );
#10581 = DIRECTION( '', ( -1.00000000000000, 0.000000000000000, 0.000000000000000 ) );
#10582 = DIRECTION( '', ( 0.000000000000000, 0.924974729329107, -0.380028617478403 ) );
#10583 = DIRECTION( '', ( 0.000000000000000, -0.382683432365094, -0.923879532511285 ) );
#10584 = CARTESIAN_POINT( '', ( 0.00192000000000000, 0.000765980074947300, -0.000355770041695400 ) );
#10585 = DIRECTION( '', ( 1.00000000000000, 0.000000000000000, 0.000000000000000 ) );
#10586 = DIRECTION( '', ( 0.000000000000000, -0.923879532511285, 0.382683432365094 ) );
#10587 = DIRECTION( '', ( 0.000000000000000, 0.996657521232313, -0.0816932394452711 ) );
#10588 = DIRECTION( '', ( 1.47414967306302E-006, -5.30148074183807E-008, 0.999999999998912 ) );
#10589 = DIRECTION( '', ( 0.000000000000000, -0.994781438611050, 0.102028865498595 ) );
#10590 = CARTESIAN_POINT( '', ( 0.00192000000000000, 0.000743539816339700, -0.000629195449478300 ) );
#10591 = DIRECTION( '', ( -1.00000000000000, -0.000000000000000, 0.000000000000000 ) );
#10592 = DIRECTION( '', ( 0.000000000000000, -0.102028865498595, -0.994781438611050 ) );
#10593 = DIRECTION( '', ( 0.000000000000000, 0.000000000000000, 1.00000000000000 ) );
#10594 = CARTESIAN_POINT( '', ( 0.00192000000000000, 0.000743539816339700, 0.000629195449478300 ) );
#10595 = DIRECTION( '', ( -1.00000000000000, 0.000000000000000, 0.000000000000000 ) );
#10596 = DIRECTION( '', ( 0.000000000000000, -0.133333333333305, 0.991071249821238 ) );
#10597 = DIRECTION( '', ( 0.000000000000000, 0.994781438611050, 0.102028865498595 ) );
#10598 = DIRECTION( '', ( -1.47414967266702E-006, 5.30148074183807E-008, 0.999999999998912 ) );
#10599 = DIRECTION( '', ( 0.000000000000000, -0.996657521232313, -0.0816932394452711 ) );
#10600 = CARTESIAN_POINT( '', ( 0.00192000000000000, 0.000765980074947300, 0.000355770041695400 ) );
#10601 = DIRECTION( '', ( 1.00000000000000, 0.000000000000000, 0.000000000000000 ) );
#10602 = DIRECTION( '', ( 0.000000000000000, -0.0816932394452611, 0.996657521232313 ) );
#10603 = DIRECTION( '', ( 0.000000000000000, 0.382683432365094, -0.923879532511285 ) );
#10604 = CARTESIAN_POINT( '', ( 0.00192000000000000, 0.000534507581201300, 0.000000000000000 ) );
#10605 = DIRECTION( '', ( -1.00000000000000, 0.000000000000000, 0.000000000000000 ) );
#10606 = DIRECTION( '', ( 0.000000000000000, 0.923879532511285, 0.382683432365094 ) );
#10607 = DIRECTION( '', ( 0.000000000000000, 0.000000000000000, 1.00000000000000 ) );
#10608 = DIRECTION( '', ( 0.000000000000000, 1.00000000000000, 0.000000000000000 ) );
#10609 = DIRECTION( '', ( 0.000000000000000, 0.000000000000000, 1.00000000000000 ) );
#10610 = DIRECTION( '', ( 0.000000000000000, 1.00000000000000, 0.000000000000000 ) );
#10611 = DIRECTION( '', ( 0.000000000000000, 0.000000000000000, 1.00000000000000 ) );
#10612 = DIRECTION( '', ( 1.00000000000000, 0.000000000000000, 0.000000000000000 ) );
#10613 = DIRECTION( '', ( 1.00000000000000, 0.000000000000000, 0.000000000000000 ) );
#10614 = DIRECTION( '', ( 0.000000000000000, -1.00000000000000, 0.000000000000000 ) );
#10615 = DIRECTION( '', ( -1.00000000000000, 0.000000000000000, 0.000000000000000 ) );
#10616 = DIRECTION( '', ( -1.00000000000000, 0.000000000000000, 0.000000000000000 ) );
#10617 = DIRECTION( '', ( 0.000000000000000, -1.00000000000000, 0.000000000000000 ) );
#10618 = DIRECTION( '', ( 0.000000000000000, 0.000000000000000, 1.00000000000000 ) );
#10619 = DIRECTION( '', ( -1.00000000000000, 0.000000000000000, 0.000000000000000 ) );
#10620 = DIRECTION( '', ( 0.000000000000000, 0.000000000000000, 1.00000000000000 ) );
#10621 = DIRECTION( '', ( 1.00000000000000, 0.000000000000000, 0.000000000000000 ) );
#10622 = DIRECTION( '', ( 0.000000000000000, 0.000000000000000, 1.00000000000000 ) );
#10623 = DIRECTION( '', ( -1.00000000000000, 0.000000000000000, 0.000000000000000 ) );
#10624 = CARTESIAN_POINT( '', ( 0.00175000000000000, 0.000000000000000, -0.00125000000000000 ) );
#10625 = DIRECTION( '', ( 0.000000000000000, -1.00000000000000, 0.000000000000000 ) );
#10626 = DIRECTION( '', ( 0.000000000000000, 0.000000000000000, -1.00000000000000 ) );
#10627 = DIRECTION( '', ( 0.000000000000000, 0.000000000000000, -1.00000000000000 ) );
#10628 = DIRECTION( '', ( 1.00000000000000, 0.000000000000000, 0.000000000000000 ) );
#10629 = DIRECTION( '', ( 0.000000000000000, 0.000000000000000, 1.00000000000000 ) );
#10630 = DIRECTION( '', ( -1.00000000000000, 0.000000000000000, 0.000000000000000 ) );
#10631 = DIRECTION( '', ( 1.00000000000000, 0.000000000000000, 0.000000000000000 ) );
#10632 = DIRECTION( '', ( 0.000000000000000, 0.000000000000000, -1.00000000000000 ) );
#10633 = DIRECTION( '', ( -1.00000000000000, 0.000000000000000, 0.000000000000000 ) );
#10634 = DIRECTION( '', ( 1.00000000000000, 0.000000000000000, 0.000000000000000 ) );
#10635 = DIRECTION( '', ( 0.000000000000000, 0.000000000000000, 1.00000000000000 ) );
#10636 = DIRECTION( '', ( -1.00000000000000, 0.000000000000000, 0.000000000000000 ) );
#10637 = DIRECTION( '', ( 0.000000000000000, 0.000000000000000, -1.00000000000000 ) );
#10638 = DIRECTION( '', ( 1.00000000000000, 0.000000000000000, 0.000000000000000 ) );
#10639 = DIRECTION( '', ( 0.000000000000000, 0.000000000000000, -1.00000000000000 ) );
#10640 = DIRECTION( '', ( -1.00000000000000, 0.000000000000000, 0.000000000000000 ) );
#10641 = DIRECTION( '', ( 0.000000000000000, 0.000000000000000, -1.00000000000000 ) );
#10642 = DIRECTION( '', ( 1.00000000000000, 0.000000000000000, 0.000000000000000 ) );
#10643 = CARTESIAN_POINT( '', ( -0.00175000000000000, 0.000000000000000, 0.00125000000000000 ) );
#10644 = DIRECTION( '', ( 0.000000000000000, -1.00000000000000, 0.000000000000000 ) );
#10645 = DIRECTION( '', ( 0.000000000000000, 0.000000000000000, 1.00000000000000 ) );
#10646 = DIRECTION( '', ( 0.000000000000000, 0.000000000000000, 1.00000000000000 ) );
#10647 = DIRECTION( '', ( -1.00000000000000, 0.000000000000000, 0.000000000000000 ) );
#10648 = DIRECTION( '', ( 0.000000000000000, 0.000000000000000, 1.00000000000000 ) );
#10649 = DIRECTION( '', ( 1.00000000000000, 0.000000000000000, 0.000000000000000 ) );
#10650 = DIRECTION( '', ( -1.00000000000000, 0.000000000000000, 0.000000000000000 ) );
#10651 = DIRECTION( '', ( 0.000000000000000, 0.000000000000000, 1.00000000000000 ) );
#10652 = DIRECTION( '', ( 1.00000000000000, 0.000000000000000, 0.000000000000000 ) );
#10653 = CARTESIAN_POINT( '', ( -0.00143000000000000, 0.000000000000000, 0.000000000000000 ) );
#10654 = DIRECTION( '', ( 0.000000000000000, 1.00000000000000, 0.000000000000000 ) );
#10655 = DIRECTION( '', ( -1.00000000000000, 0.000000000000000, 0.000000000000000 ) );
#10656 = CARTESIAN_POINT( '', ( 0.00143000000000000, 0.000000000000000, 0.000000000000000 ) );
#10657 = DIRECTION( '', ( 0.000000000000000, -1.00000000000000, 0.000000000000000 ) );
#10658 = DIRECTION( '', ( 1.00000000000000, 0.000000000000000, 0.000000000000000 ) );
#10659 = DIRECTION( '', ( 1.00000000000000, 0.000000000000000, 0.000000000000000 ) );
#10660 = CARTESIAN_POINT( '', ( 0.000000000000000, 0.000000000000000, 0.000000000000000 ) );
#10661 = DIRECTION( '', ( 0.000000000000000, -1.00000000000000, 0.000000000000000 ) );
#10662 = DIRECTION( '', ( -0.831479419283078, 0.000000000000000, 0.555555555555585 ) );
#10663 = DIRECTION( '', ( -1.00000000000000, 0.000000000000000, 0.000000000000000 ) );
#10664 = CARTESIAN_POINT( '', ( 0.000000000000000, 0.000000000000000, 0.000000000000000 ) );
#10665 = DIRECTION( '', ( 0.000000000000000, -1.00000000000000, 0.000000000000000 ) );
#10666 = DIRECTION( '', ( 0.831479419283078, 0.000000000000000, -0.555555555555585 ) );
#10667 = DIRECTION( '', ( 0.000000000000000, -0.992645877550530, -0.121054375311004 ) );
#10668 = DIRECTION( '', ( 1.00000000000000, 0.000000000000000, 0.000000000000000 ) );
#10669 = DIRECTION( '', ( 0.000000000000000, -0.992645877550530, -0.121054375311004 ) );
#10670 = CARTESIAN_POINT( '', ( -0.00199722557145100, 0.000752379735974500, -0.000459673710213900 ) );
#10671 = DIRECTION( '', ( -0.906307787036659, 0.422618261740681, 0.000000000000000 ) );
#10672 = DIRECTION( '', ( -0.422618261740681, -0.906307787036659, 0.000000000000000 ) );
#10673 = DIRECTION( '', ( 0.906307787036659, -0.422618261740681, 0.000000000000000 ) );
#10674 = CARTESIAN_POINT( '', ( -0.00190659479274700, 0.000710117909800400, -0.000459673710213900 ) );
#10675 = DIRECTION( '', ( 0.906307787036669, -0.422618261740659, -9.76073122812572E-015 ) );
#10676 = DIRECTION( '', ( -0.390448362087690, -0.837319214598778, 0.382683432365090 ) );
#10677 = DIRECTION( '', ( 0.906307787036659, -0.422618261740681, 0.000000000000000 ) );
#10678 = CARTESIAN_POINT( '', ( -0.00120000000000000, 0.000370000000000000, 0.00208341007191600 ) );
#10679 = DIRECTION( '', ( 0.000000000000000, 0.000000000000000, -1.00000000000000 ) );
#10680 = DIRECTION( '', ( 0.000000000000000, -1.00000000000000, 0.000000000000000 ) );
#10681 = DIRECTION( '', ( 0.000000000000000, 0.000000000000000, -1.00000000000000 ) );
#10682 = CARTESIAN_POINT( '', ( -0.00120000000000000, 0.000370000000000000, 0.00185000000000000 ) );
#10683 = DIRECTION( '', ( 0.000000000000000, 0.000000000000000, -1.00000000000000 ) );
#10684 = DIRECTION( '', ( 0.000000000000000, -1.00000000000000, 0.000000000000000 ) );
#10685 = DIRECTION( '', ( 0.000000000000000, 0.000000000000000, -1.00000000000000 ) );
#10686 = DIRECTION( '', ( 1.00000000000000, 0.000000000000000, 0.000000000000000 ) );
#10687 = DIRECTION( '', ( 0.000000000000000, 1.00000000000000, 0.000000000000000 ) );
#10688 = DIRECTION( '', ( 1.00000000000000, 0.000000000000000, 0.000000000000000 ) );
#10689 = DIRECTION( '', ( 0.000000000000000, 0.000000000000000, -1.00000000000000 ) );
#10690 = DIRECTION( '', ( 0.000000000000000, 0.000000000000000, -1.00000000000000 ) );
#10691 = DIRECTION( '', ( 0.906307787036659, -0.422618261740681, 0.000000000000000 ) );
#10692 = DIRECTION( '', ( 0.000000000000000, -0.992645877550530, 0.121054375311004 ) );
#10693 = DIRECTION( '', ( -1.00000000000000, 0.000000000000000, 0.000000000000000 ) );
#10694 = DIRECTION( '', ( 0.000000000000000, -0.992645877550530, 0.121054375311004 ) );
#10695 = CARTESIAN_POINT( '', ( 0.000750000000000000, 0.00117000000000000, -0.00114999702718100 ) );
#10696 = DIRECTION( '', ( 0.000000000000000, -0.000000000000000, 1.00000000000000 ) );
#10697 = DIRECTION( '', ( 0.000000000000000, 1.00000000000000, 0.000000000000000 ) );
#10698 = DIRECTION( '', ( 0.000000000000000, 1.00000000000000, 0.000000000000000 ) );
#10699 = DIRECTION( '', ( -1.00000000000000, 0.000000000000000, 0.000000000000000 ) );
#10700 = DIRECTION( '', ( -1.00000000000000, 2.43292823313200E-011, -5.93026256825900E-011 ) );
#10701 = DIRECTION( '', ( 1.00000000000000, 0.000000000000000, 0.000000000000000 ) );
#10702 = DIRECTION( '', ( 0.000000000000000, 0.382683432365094, -0.923879532511285 ) );
#10703 = DIRECTION( '', ( 0.691293144900401, -0.276517257960200, 0.667571714397701 ) );
#10704 = CARTESIAN_POINT( '', ( -0.00199722557145100, 0.000752379735974500, 0.000629195449478300 ) );
#10705 = DIRECTION( '', ( -0.906307787036659, 0.422618261740681, 0.000000000000000 ) );
#10706 = DIRECTION( '', ( -0.422618261740681, -0.906307787036659, 0.000000000000000 ) );
#10707 = CARTESIAN_POINT( '', ( -0.00190659479274700, 0.000710117909800400, 0.000629195449478300 ) );
#10708 = DIRECTION( '', ( 0.906307787036657, -0.422618261740684, 2.16353684661092E-014 ) );
#10709 = DIRECTION( '', ( -0.0759147618312012, -0.162799732115803, 0.983734311772815 ) );
#10710 = DIRECTION( '', ( 0.906307787036641, -0.422618261740719, 0.000000000000000 ) );
#10711 = DIRECTION( '', ( 1.00000000000000, 0.000000000000000, 0.000000000000000 ) );
#10712 = CARTESIAN_POINT( '', ( -0.00202000000000000, 0.000743539816339700, 0.000629195449478300 ) );
#10713 = DIRECTION( '', ( -1.00000000000000, 0.000000000000000, 0.000000000000000 ) );
#10714 = DIRECTION( '', ( 0.000000000000000, -0.133333333333305, 0.991071249821238 ) );
#10715 = DIRECTION( '', ( 1.00000000000000, 0.000000000000000, 0.000000000000000 ) );
#10716 = DIRECTION( '', ( 0.000000000000000, 1.00000000000000, 0.000000000000000 ) );
#10717 = DIRECTION( '', ( 0.000000000000000, 0.000000000000000, 1.00000000000000 ) );
#10718 = DIRECTION( '', ( 0.000000000000000, 1.00000000000000, 0.000000000000000 ) );
#10719 = DIRECTION( '', ( 0.000000000000000, 0.000000000000000, 1.00000000000000 ) );
#10720 = CARTESIAN_POINT( '', ( -0.00118000000000000, 0.00137000000000000, 0.00187000000000000 ) );
#10721 = DIRECTION( '', ( 1.00000000000000, 0.000000000000000, 0.000000000000000 ) );
#10722 = DIRECTION( '', ( 0.000000000000000, 0.000000000000000, -1.00000000000000 ) );
#10723 = DIRECTION( '', ( 1.00000000000000, 0.000000000000000, 0.000000000000000 ) );
#10724 = CARTESIAN_POINT( '', ( 0.00118000000000000, 0.00137000000000000, 0.00187000000000000 ) );
#10725 = DIRECTION( '', ( 1.00000000000000, 0.000000000000000, 0.000000000000000 ) );
#10726 = DIRECTION( '', ( 0.000000000000000, 0.000000000000000, -1.00000000000000 ) );
#10727 = DIRECTION( '', ( 1.00000000000000, 0.000000000000000, 0.000000000000000 ) );
#10728 = DIRECTION( '', ( 0.000000000000000, -1.00000000000000, 0.000000000000000 ) );
#10729 = DIRECTION( '', ( 0.210418105514693, 0.000000000000000, 0.977611487694170 ) );
#10730 = DIRECTION( '', ( 0.210418105514693, 0.000000000000000, 0.977611487694170 ) );
#10731 = DIRECTION( '', ( 0.000000000000000, -1.00000000000000, 0.000000000000000 ) );
#10732 = DIRECTION( '', ( 0.000000000000000, 0.000000000000000, -1.00000000000000 ) );
#10733 = DIRECTION( '', ( 0.000000000000000, -1.00000000000000, 0.000000000000000 ) );
#10734 = DIRECTION( '', ( 0.000000000000000, 0.000000000000000, -1.00000000000000 ) );
#10735 = DIRECTION( '', ( 0.000000000000000, 0.996657521232313, 0.0816932394452711 ) );
#10736 = DIRECTION( '', ( -1.00000000000000, 0.000000000000000, 0.000000000000000 ) );
#10737 = CARTESIAN_POINT( '', ( -0.00118000000000000, 0.00137000000000000, 0.00208000000000000 ) );
#10738 = DIRECTION( '', ( 0.000000000000000, 0.000000000000000, -1.00000000000000 ) );
#10739 = DIRECTION( '', ( -1.00000000000000, 0.000000000000000, 0.000000000000000 ) );
#10740 = DIRECTION( '', ( 0.000000000000000, 0.000000000000000, -1.00000000000000 ) );
#10741 = CARTESIAN_POINT( '', ( -0.00118000000000000, 0.00137000000000000, 0.00187000000000000 ) );
#10742 = DIRECTION( '', ( 0.000000000000000, 0.000000000000000, -1.00000000000000 ) );
#10743 = DIRECTION( '', ( -1.00000000000000, 0.000000000000000, 0.000000000000000 ) );
#10744 = DIRECTION( '', ( 0.000000000000000, 0.000000000000000, -1.00000000000000 ) );
#10745 = DIRECTION( '', ( 0.000000000000000, -1.00000000000000, 0.000000000000000 ) );
#10746 = DIRECTION( '', ( 0.176546454456992, 0.000000000000000, 0.984292308929957 ) );
#10747 = DIRECTION( '', ( 0.000000000000000, -1.00000000000000, 0.000000000000000 ) );
#10748 = DIRECTION( '', ( 0.176546454456992, 0.000000000000000, 0.984292308929957 ) );
#10749 = CARTESIAN_POINT( '', ( 0.00190659479274700, 0.000710117909800400, 0.000629195449478300 ) );
#10750 = DIRECTION( '', ( -0.906307787036659, -0.422618261740681, 0.000000000000000 ) );
#10751 = DIRECTION( '', ( 0.422618261740681, -0.906307787036659, 0.000000000000000 ) );
#10752 = DIRECTION( '', ( -0.906307787036659, -0.422618261740681, 0.000000000000000 ) );
#10753 = CARTESIAN_POINT( '', ( 0.00199722557145100, 0.000752379735974500, 0.000629195449478300 ) );
#10754 = DIRECTION( '', ( 0.906307787036657, 0.422618261740684, -2.16353684661092E-014 ) );
#10755 = DIRECTION( '', ( 0.0759147618312012, -0.162799732115803, 0.983734311772815 ) );
#10756 = DIRECTION( '', ( -0.906307787036641, -0.422618261740719, 0.000000000000000 ) );
#10757 = CARTESIAN_POINT( '', ( 0.00118000000000000, 0.00137000000000000, 0.00208000000000000 ) );
#10758 = DIRECTION( '', ( 0.000000000000000, 0.000000000000000, 1.00000000000000 ) );
#10759 = DIRECTION( '', ( 1.00000000000000, 0.000000000000000, 0.000000000000000 ) );
#10760 = CARTESIAN_POINT( '', ( 0.00118000000000000, 0.00137000000000000, 0.00208000000000000 ) );
#10761 = DIRECTION( '', ( -1.00000000000000, 0.000000000000000, 0.000000000000000 ) );
#10762 = DIRECTION( '', ( 0.000000000000000, 0.000000000000000, 1.00000000000000 ) );
#10763 = CARTESIAN_POINT( '', ( 0.00118000000000000, 0.00137000000000000, 0.00208000000000000 ) );
#10764 = DIRECTION( '', ( 0.000000000000000, -1.00000000000000, 0.000000000000000 ) );
#10765 = DIRECTION( '', ( 1.00000000000000, 0.000000000000000, 0.000000000000000 ) );
#10766 = CARTESIAN_POINT( '', ( -0.00143000000000000, 0.000450000000000000, 0.000000000000000 ) );
#10767 = DIRECTION( '', ( 0.000000000000000, 1.00000000000000, 0.000000000000000 ) );
#10768 = DIRECTION( '', ( -1.00000000000000, 0.000000000000000, 0.000000000000000 ) );
#10769 = CARTESIAN_POINT( '', ( -0.00143000000000000, 0.000100000000000000, 0.000000000000000 ) );
#10770 = DIRECTION( '', ( -0.000000000000000, 1.00000000000000, 0.000000000000000 ) );
#10771 = DIRECTION( '', ( 1.00000000000000, 0.000000000000000, 0.000000000000000 ) );
#10772 = DIRECTION( '', ( 0.985723207226374, 0.168373865951196, 0.000000000000000 ) );
#10773 = DIRECTION( '', ( 0.000000000000000, 1.00000000000000, 0.000000000000000 ) );
#10774 = DIRECTION( '', ( 0.000000000000000, 1.00000000000000, 0.000000000000000 ) );
#10775 = CARTESIAN_POINT( '', ( 0.000773835423522700, 0.00142000000000000, -0.00135000000000000 ) );
#10776 = DIRECTION( '', ( 0.000000000000000, -1.00000000000000, 0.000000000000000 ) );
#10777 = DIRECTION( '', ( 0.985211754819683, 0.000000000000000, 0.171341174751197 ) );
#10778 = DIRECTION( '', ( 0.000000000000000, 1.00000000000000, 0.000000000000000 ) );
#10779 = CARTESIAN_POINT( '', ( 0.000773835423522700, 0.00132000000000000, -0.00135000000000000 ) );
#10780 = DIRECTION( '', ( 0.000000000000000, 1.00000000000000, 0.000000000000000 ) );
#10781 = DIRECTION( '', ( 0.000000000000000, 0.000000000000000, 1.00000000000000 ) );
#10782 = CARTESIAN_POINT( '', ( -0.000350000000000000, 0.000128491849315500, -0.00121644136240900 ) );
#10783 = DIRECTION( '', ( 0.000000000000000, -0.156434465040207, 0.987688340595142 ) );
#10784 = DIRECTION( '', ( -1.00000000000000, 0.000000000000000, 0.000000000000000 ) );
#10785 = DIRECTION( '', ( 1.00000000000000, 0.000000000000000, 0.000000000000000 ) );
#10786 = CARTESIAN_POINT( '', ( 0.000350000000000000, 0.000128491849315500, -0.00121644136240900 ) );
#10787 = DIRECTION( '', ( 0.000000000000000, -0.156434465040207, 0.987688340595142 ) );
#10788 = DIRECTION( '', ( 0.000000000000000, -0.987688340595142, -0.156434465040207 ) );
#10789 = DIRECTION( '', ( 0.000000000000000, 0.987688340595142, 0.156434465040207 ) );
#10790 = DIRECTION( '', ( 1.00000000000000, 0.000000000000000, 0.000000000000000 ) );
#10791 = DIRECTION( '', ( 0.161729006983098, -0.346828974722395, 0.923879532511287 ) );
#10792 = DIRECTION( '', ( 0.906307787036659, 0.422618261740681, 0.000000000000000 ) );
#10793 = DIRECTION( '', ( 0.161729006983098, -0.346828974722395, 0.923879532511287 ) );
#10794 = DIRECTION( '', ( -0.906307787036659, -0.422618261740681, 0.000000000000000 ) );
#10795 = DIRECTION( '', ( 0.000000000000000, -1.00000000000000, 0.000000000000000 ) );
#10796 = DIRECTION( '', ( 0.000000000000000, -1.00000000000000, 0.000000000000000 ) );
#10797 = DIRECTION( '', ( 0.000000000000000, -1.00000000000000, 0.000000000000000 ) );
#10798 = DIRECTION( '', ( 0.000000000000000, 0.000000000000000, 1.00000000000000 ) );
#10799 = DIRECTION( '', ( 0.000000000000000, 0.000000000000000, 1.00000000000000 ) );
#10800 = DIRECTION( '', ( 0.000000000000000, 1.00000000000000, 0.000000000000000 ) );
#10801 = DIRECTION( '', ( -1.00000000000000, 0.000000000000000, 0.000000000000000 ) );
#10802 = DIRECTION( '', ( 1.28785870856500E-013, 1.00000000000000, 0.000000000000000 ) );
#10803 = DIRECTION( '', ( -1.00000000000000, 0.000000000000000, 0.000000000000000 ) );
#10804 = DIRECTION( '', ( 0.000000000000000, 0.992645877550530, -0.121054375311004 ) );
#10805 = DIRECTION( '', ( 0.000000000000000, 0.000000000000000, -1.00000000000000 ) );
#10806 = CARTESIAN_POINT( '', ( -0.000750000000000000, 0.00117000000000000, -0.00114999702718100 ) );
#10807 = DIRECTION( '', ( 0.000000000000000, 0.000000000000000, -1.00000000000000 ) );
#10808 = DIRECTION( '', ( 0.000000000000000, 1.00000000000000, 0.000000000000000 ) );
#10809 = DIRECTION( '', ( 0.000000000000000, 0.000000000000000, -1.00000000000000 ) );
#10810 = CARTESIAN_POINT( '', ( -0.000750000000000000, 0.00117000000000000, -0.00140000000000000 ) );
#10811 = DIRECTION( '', ( 0.000000000000000, 0.000000000000000, -1.00000000000000 ) );
#10812 = DIRECTION( '', ( 0.000000000000000, 1.00000000000000, 0.000000000000000 ) );
#10813 = DIRECTION( '', ( 0.000000000000000, 0.000000000000000, -1.00000000000000 ) );
#10814 = CARTESIAN_POINT( '', ( 0.000500000000000000, 0.00127000000000000, -0.00123000000000000 ) );
#10815 = DIRECTION( '', ( 1.00000000000000, 0.000000000000000, 0.000000000000000 ) );
#10816 = DIRECTION( '', ( 0.000000000000000, -0.0697564737441217, -0.997564050259824 ) );
#10817 = DIRECTION( '', ( 1.00000000000000, 0.000000000000000, 0.000000000000000 ) );
#10818 = DIRECTION( '', ( 1.00000000000000, 0.000000000000000, 0.000000000000000 ) );
#10819 = DIRECTION( '', ( 0.000000000000000, 1.00000000000000, 0.000000000000000 ) );
#10820 = CARTESIAN_POINT( '', ( -0.00118000000000000, 0.00132000000000000, 0.00187000000000000 ) );
#10821 = DIRECTION( '', ( 0.000000000000000, -1.00000000000000, 0.000000000000000 ) );
#10822 = DIRECTION( '', ( -1.00000000000000, 0.000000000000000, 0.000000000000000 ) );
#10823 = DIRECTION( '', ( 0.000000000000000, 1.00000000000000, 0.000000000000000 ) );
#10824 = CARTESIAN_POINT( '', ( -0.00118000000000000, 0.00137000000000000, 0.00187000000000000 ) );
#10825 = DIRECTION( '', ( 0.000000000000000, -1.00000000000000, 0.000000000000000 ) );
#10826 = DIRECTION( '', ( -1.00000000000000, 0.000000000000000, 0.000000000000000 ) );
#10827 = DIRECTION( '', ( -0.161729006983098, -0.346828974722395, -0.923879532511287 ) );
#10828 = DIRECTION( '', ( -0.161729006983098, -0.346828974722395, -0.923879532511287 ) );
#10829 = DIRECTION( '', ( 0.000000000000000, 1.00000000000000, 0.000000000000000 ) );
#10830 = DIRECTION( '', ( 0.393369281519993, 0.919380556873183, 1.24374415909798E-014 ) );
#10831 = DIRECTION( '', ( 0.393369282220281, -0.919380556573556, -1.24374416834694E-014 ) );
#10832 = DIRECTION( '', ( 0.000000000000000, 1.00000000000000, 0.000000000000000 ) );
#10833 = DIRECTION( '', ( 0.000000000000000, -1.00000000000000, 0.000000000000000 ) );
#10834 = DIRECTION( '', ( -0.850103323203503, 0.000000000000000, -0.526615932040002 ) );
#10835 = DIRECTION( '', ( 0.000000000000000, -1.00000000000000, 0.000000000000000 ) );
#10836 = DIRECTION( '', ( -0.850103323203503, 0.000000000000000, -0.526615932040002 ) );
#10837 = DIRECTION( '', ( 0.000000000000000, 0.000000000000000, 1.00000000000000 ) );
#10838 = DIRECTION( '', ( -0.609710760849697, -0.792623989104596, 0.000000000000000 ) );
#10839 = DIRECTION( '', ( 0.000000000000000, 0.000000000000000, 1.00000000000000 ) );
#10840 = DIRECTION( '', ( -0.609710760849697, -0.792623989104596, 0.000000000000000 ) );
#10841 = DIRECTION( '', ( 0.000000000000000, -1.00000000000000, 0.000000000000000 ) );
#10842 = DIRECTION( '', ( -0.667655919091838, 0.000000000000000, 0.744469995165442 ) );
#10843 = DIRECTION( '', ( 0.000000000000000, -1.00000000000000, 0.000000000000000 ) );
#10844 = DIRECTION( '', ( -0.667655919091838, 0.000000000000000, 0.744469995165442 ) );
#10845 = DIRECTION( '', ( -0.374242166231011, 0.000000000000000, 0.927331009410728 ) );
#10846 = DIRECTION( '', ( -0.374242166231011, 0.000000000000000, 0.927331009410728 ) );
#10847 = DIRECTION( '', ( 0.000000000000000, -1.00000000000000, 0.000000000000000 ) );
#10848 = DIRECTION( '', ( -0.937347231668998, 0.000000000000000, 0.348396566117499 ) );
#10849 = DIRECTION( '', ( -0.937347231668998, 0.000000000000000, 0.348396566117499 ) );
#10850 = DIRECTION( '', ( 0.000000000000000, 1.00000000000000, 0.000000000000000 ) );
#10851 = DIRECTION( '', ( -0.393369281519993, 0.919380556873183, 1.24374415909798E-014 ) );
#10852 = DIRECTION( '', ( 0.000000000000000, 1.00000000000000, 0.000000000000000 ) );
#10853 = CARTESIAN_POINT( '', ( -0.00200000000000000, 0.00142000000000000, -0.000225000000000000 ) );
#10854 = DIRECTION( '', ( 0.000000000000000, -1.00000000000000, 0.000000000000000 ) );
#10855 = DIRECTION( '', ( 0.650000000000016, 0.000000000000000, -0.759934207678519 ) );
#10856 = CARTESIAN_POINT( '', ( -0.00200000000000000, 0.00132000000000000, -0.000225000000000000 ) );
#10857 = DIRECTION( '', ( -0.000000000000000, 1.00000000000000, 0.000000000000000 ) );
#10858 = DIRECTION( '', ( 1.00000000000000, 0.000000000000000, 0.000000000000000 ) );
#10859 = DIRECTION( '', ( 0.000000000000000, 1.00000000000000, 0.000000000000000 ) );
#10860 = DIRECTION( '', ( 0.000000000000000, 0.000000000000000, -1.00000000000000 ) );
#10861 = DIRECTION( '', ( 0.000000000000000, 0.000000000000000, -1.00000000000000 ) );
#10862 = DIRECTION( '', ( 0.000000000000000, -1.00000000000000, 0.000000000000000 ) );
#10863 = DIRECTION( '', ( 1.00000000000000, 0.000000000000000, 0.000000000000000 ) );
#10864 = DIRECTION( '', ( 0.000000000000000, -1.00000000000000, 0.000000000000000 ) );
#10865 = DIRECTION( '', ( 1.00000000000000, 0.000000000000000, 0.000000000000000 ) );
#10866 = DIRECTION( '', ( 0.000000000000000, -1.00000000000000, 0.000000000000000 ) );
#10867 = DIRECTION( '', ( 0.176546534317802, 0.000000000000000, 0.984292294605811 ) );
#10868 = DIRECTION( '', ( 0.000000000000000, -1.00000000000000, 0.000000000000000 ) );
#10869 = DIRECTION( '', ( 0.176546534317802, 0.000000000000000, 0.984292294605811 ) );
#10870 = CARTESIAN_POINT( '', ( -0.000650000000000000, 0.00142000000000000, -0.00135000000000000 ) );
#10871 = DIRECTION( '', ( 0.000000000000000, -1.00000000000000, 0.000000000000000 ) );
#10872 = DIRECTION( '', ( 0.600000000000000, 0.000000000000000, 0.800000000000000 ) );
#10873 = DIRECTION( '', ( 0.171341174751197, 0.000000000000000, 0.985211754819683 ) );
#10874 = DIRECTION( '', ( 1.00000000000000, 0.000000000000000, 0.000000000000000 ) );
#10875 = DIRECTION( '', ( 0.000000000000000, 0.000000000000000, -1.00000000000000 ) );
#10876 = CARTESIAN_POINT( '', ( -0.00200000000000000, 0.00142000000000000, -0.00113540227526100 ) );
#10877 = DIRECTION( '', ( 0.000000000000000, -1.00000000000000, 0.000000000000000 ) );
#10878 = DIRECTION( '', ( 1.00000000000000, 0.000000000000000, 0.000000000000000 ) );
#10879 = DIRECTION( '', ( 0.000000000000000, 0.000000000000000, 1.00000000000000 ) );
#10880 = CARTESIAN_POINT( '', ( -0.00200000000000000, 0.00142000000000000, 0.000225000000000000 ) );
#10881 = DIRECTION( '', ( 0.000000000000000, -1.00000000000000, 0.000000000000000 ) );
#10882 = DIRECTION( '', ( 1.00000000000000, 0.000000000000000, 0.000000000000000 ) );
#10883 = DIRECTION( '', ( 0.000000000000000, 0.000000000000000, 1.00000000000000 ) );
#10884 = CARTESIAN_POINT( '', ( -0.00200000000000000, 0.00142000000000000, 0.00113540227526100 ) );
#10885 = DIRECTION( '', ( 0.000000000000000, -1.00000000000000, 0.000000000000000 ) );
#10886 = DIRECTION( '', ( 0.866666666666657, 0.000000000000000, -0.498887651569875 ) );
#10887 = DIRECTION( '', ( 0.000000000000000, 0.000000000000000, -1.00000000000000 ) );
#10888 = DIRECTION( '', ( -1.00000000000000, 0.000000000000000, 0.000000000000000 ) );
#10889 = CARTESIAN_POINT( '', ( -0.000250000000000000, 0.00142000000000000, 0.00115000000000000 ) );
#10890 = DIRECTION( '', ( 0.000000000000000, -1.00000000000000, 0.000000000000000 ) );
#10891 = DIRECTION( '', ( 0.000000000000000, 0.000000000000000, 1.00000000000000 ) );
#10892 = DIRECTION( '', ( -1.00000000000000, 0.000000000000000, 0.000000000000000 ) );
#10893 = CARTESIAN_POINT( '', ( 0.000250000000000000, 0.00142000000000000, 0.00115000000000000 ) );
#10894 = DIRECTION( '', ( 0.000000000000000, -1.00000000000000, 0.000000000000000 ) );
#10895 = DIRECTION( '', ( 0.661437827766121, 0.000000000000000, 0.750000000000024 ) );
#10896 = CARTESIAN_POINT( '', ( 0.000514575131106500, 0.00142000000000000, 0.00145000000000000 ) );
#10897 = DIRECTION( '', ( 0.000000000000000, -1.00000000000000, -0.000000000000000 ) );
#10898 = DIRECTION( '', ( -0.661437827766177, 0.000000000000000, -0.749999999999974 ) );
#10899 = CARTESIAN_POINT( '', ( 0.00120000000000000, 0.00142000000000000, 0.00140000000000000 ) );
#10900 = DIRECTION( '', ( 0.000000000000000, -1.00000000000000, 0.000000000000000 ) );
#10901 = DIRECTION( '', ( 0.000000000000000, 0.000000000000000, -1.00000000000000 ) );
#10902 = DIRECTION( '', ( 1.00000000000000, 0.000000000000000, 0.000000000000000 ) );
#10903 = DIRECTION( '', ( 0.000000000000000, 0.000000000000000, 1.00000000000000 ) );
#10904 = CARTESIAN_POINT( '', ( 0.00200000000000000, 0.00142000000000000, 0.00113540227526100 ) );
#10905 = DIRECTION( '', ( 0.000000000000000, -1.00000000000000, 0.000000000000000 ) );
#10906 = DIRECTION( '', ( -1.00000000000000, 0.000000000000000, 0.000000000000000 ) );
#10907 = DIRECTION( '', ( 0.000000000000000, 0.000000000000000, 1.00000000000000 ) );
#10908 = CARTESIAN_POINT( '', ( 0.00200000000000000, 0.00142000000000000, 0.000225000000000000 ) );
#10909 = DIRECTION( '', ( 0.000000000000000, -1.00000000000000, 0.000000000000000 ) );
#10910 = DIRECTION( '', ( -0.650000000000016, 0.000000000000000, 0.759934207678519 ) );
#10911 = CARTESIAN_POINT( '', ( 0.00200000000000000, 0.00142000000000000, -0.000225000000000000 ) );
#10912 = DIRECTION( '', ( 0.000000000000000, -1.00000000000000, 0.000000000000000 ) );
#10913 = DIRECTION( '', ( -1.00000000000000, 0.000000000000000, 0.000000000000000 ) );
#10914 = DIRECTION( '', ( 0.000000000000000, 0.000000000000000, 1.00000000000000 ) );
#10915 = CARTESIAN_POINT( '', ( 0.00200000000000000, 0.00142000000000000, -0.00113540227526100 ) );
#10916 = DIRECTION( '', ( 0.000000000000000, -1.00000000000000, 0.000000000000000 ) );
#10917 = DIRECTION( '', ( -0.866666666666657, 0.000000000000000, 0.498887651569875 ) );
#10918 = DIRECTION( '', ( 0.000000000000000, 0.000000000000000, 1.00000000000000 ) );
#10919 = DIRECTION( '', ( -1.00000000000000, 0.000000000000000, 0.000000000000000 ) );
#10920 = DIRECTION( '', ( 0.171341174751197, 0.000000000000000, -0.985211754819683 ) );
#10921 = DIRECTION( '', ( 1.00000000000000, 0.000000000000000, 0.000000000000000 ) );
#10922 = CARTESIAN_POINT( '', ( 0.000650000000000000, 0.00142000000000000, -0.00135000000000000 ) );
#10923 = DIRECTION( '', ( 0.000000000000000, -1.00000000000000, 0.000000000000000 ) );
#10924 = DIRECTION( '', ( 0.000000000000000, 0.000000000000000, 1.00000000000000 ) );
#10925 = DIRECTION( '', ( 1.00000000000000, 0.000000000000000, 0.000000000000000 ) );
#10926 = CARTESIAN_POINT( '', ( 0.000000000000000, 0.00142000000000000, -0.000200000000000000 ) );
#10927 = DIRECTION( '', ( 0.000000000000000, -1.00000000000000, 0.000000000000000 ) );
#10928 = DIRECTION( '', ( -1.00000000000000, 0.000000000000000, 0.000000000000000 ) );
#10929 = CARTESIAN_POINT( '', ( 0.000490000000000000, 0.00123855811603200, -0.00116522353754400 ) );
#10930 = DIRECTION( '', ( -1.56510003595849E-015, -0.999847695156391, 0.0174524064372815 ) );
#10931 = DIRECTION( '', ( -0.693130259591792, 0.0125799100890499, 0.720702566320092 ) );
#10932 = DIRECTION( '', ( -1.00000000000000, 0.000000000000000, 0.000000000000000 ) );
#10933 = CARTESIAN_POINT( '', ( -0.000490000000000000, 0.00123855811603200, -0.00116522353754400 ) );
#10934 = DIRECTION( '', ( 1.73574642697590E-015, -0.999847695156391, 0.0174524064372805 ) );
#10935 = DIRECTION( '', ( 0.927024810886980, 0.00654465241398086, 0.374942885683592 ) );
#10936 = DIRECTION( '', ( -1.00000000000000, 0.000000000000000, 0.000000000000000 ) );
#10937 = DIRECTION( '', ( 0.000000000000000, 1.00000000000000, 0.000000000000000 ) );
#10938 = CARTESIAN_POINT( '', ( 0.00200000000000000, 0.00132000000000000, 0.00113540227526100 ) );
#10939 = DIRECTION( '', ( 0.000000000000000, 1.00000000000000, 0.000000000000000 ) );
#10940 = DIRECTION( '', ( -0.866666666666657, 0.000000000000000, -0.498887651569875 ) );
#10941 = DIRECTION( '', ( 0.000000000000000, 1.00000000000000, 0.000000000000000 ) );
#10942 = DIRECTION( '', ( 0.000000000000000, 1.00000000000000, 0.000000000000000 ) );
#10943 = DIRECTION( '', ( 0.000000000000000, 1.00000000000000, 0.000000000000000 ) );
#10944 = DIRECTION( '', ( 0.000000000000000, 1.00000000000000, 0.000000000000000 ) );
#10945 = DIRECTION( '', ( -1.00000000000000, 0.000000000000000, 0.000000000000000 ) );
#10946 = DIRECTION( '', ( 0.000000000000000, 0.994781438611050, 0.102028865498595 ) );
#10947 = DIRECTION( '', ( -1.00000000000000, 0.000000000000000, 0.000000000000000 ) );
#10948 = DIRECTION( '', ( 0.000000000000000, 1.00000000000000, 0.000000000000000 ) );
#10949 = DIRECTION( '', ( 0.161729006983098, 0.346828974722395, -0.923879532511287 ) );
#10950 = DIRECTION( '', ( 0.000000000000000, 0.000000000000000, -1.00000000000000 ) );
#10951 = CARTESIAN_POINT( '', ( -0.00190659479274700, 0.000710117909800400, -0.000629195449478300 ) );
#10952 = DIRECTION( '', ( 0.906307787036659, -0.422618261740681, 0.000000000000000 ) );
#10953 = DIRECTION( '', ( -0.422618261740681, -0.906307787036659, 0.000000000000000 ) );
#10954 = DIRECTION( '', ( 1.00000000000000, 0.000000000000000, 0.000000000000000 ) );
#10955 = DIRECTION( '', ( 0.000000000000000, 1.00000000000000, 0.000000000000000 ) );
#10956 = DIRECTION( '', ( 0.000000000000000, 1.00000000000000, 0.000000000000000 ) );
#10957 = DIRECTION( '', ( 0.906307787036659, -0.422618261740681, 0.000000000000000 ) );
#10958 = CARTESIAN_POINT( '', ( -0.00199722557145100, 0.000752379735974500, -0.000629195449478300 ) );
#10959 = DIRECTION( '', ( -0.906307787036657, 0.422618261740684, 2.16353684661092E-014 ) );
#10960 = DIRECTION( '', ( -0.0759147618312012, -0.162799732115803, -0.983734311772815 ) );
#10961 = DIRECTION( '', ( 0.906307787036641, -0.422618261740719, 0.000000000000000 ) );
#10962 = DIRECTION( '', ( 0.000000000000000, -1.00000000000000, 0.000000000000000 ) );
#10963 = DIRECTION( '', ( -0.732560536811000, 0.000000000000000, 0.680701887691800 ) );
#10964 = DIRECTION( '', ( -0.732560536811000, 0.000000000000000, 0.680701887691800 ) );
#10965 = CARTESIAN_POINT( '', ( -0.00202000000000000, 0.000765980074947300, 0.000355770041695400 ) );
#10966 = DIRECTION( '', ( 1.00000000000000, 0.000000000000000, 0.000000000000000 ) );
#10967 = DIRECTION( '', ( 0.000000000000000, -0.0816932394452710, 0.996657521232313 ) );
#10968 = DIRECTION( '', ( -1.00000000000000, 0.000000000000000, 0.000000000000000 ) );
#10969 = DIRECTION( '', ( 0.000000000000000, 0.999847695156391, -0.0174524064372798 ) );
#10970 = CARTESIAN_POINT( '', ( -0.000490000000000000, 0.000938603807485000, -0.00115998781561300 ) );
#10971 = DIRECTION( '', ( 1.21673906021289E-015, 0.999847695156391, -0.0174524064372788 ) );
#10972 = DIRECTION( '', ( 0.755320264483231, 0.0114375367608605, 0.655256042180327 ) );
#10973 = DIRECTION( '', ( 0.000000000000000, 1.00000000000000, 0.000000000000000 ) );
#10974 = CARTESIAN_POINT( '', ( 0.000514575131106500, 0.00132000000000000, 0.00145000000000000 ) );
#10975 = DIRECTION( '', ( 0.000000000000000, -1.00000000000000, -0.000000000000000 ) );
#10976 = DIRECTION( '', ( -0.661437827766177, 0.000000000000000, -0.749999999999974 ) );
#10977 = DIRECTION( '', ( 0.000000000000000, -0.382683432365094, 0.923879532511285 ) );
#10978 = DIRECTION( '', ( 1.00000000000000, 2.14908660595100E-011, -5.20376316535400E-011 ) );
#10979 = CARTESIAN_POINT( '', ( 0.000000000000000, 0.000120000000000000, 0.000000000000000 ) );
#10980 = DIRECTION( '', ( -0.000000000000000, 1.00000000000000, 0.000000000000000 ) );
#10981 = DIRECTION( '', ( 1.00000000000000, 0.000000000000000, 0.000000000000000 ) );
#10982 = CARTESIAN_POINT( '', ( 0.000000000000000, 3.00000000000000E-005, 0.000000000000000 ) );
#10983 = DIRECTION( '', ( 0.000000000000000, 1.00000000000000, 0.000000000000000 ) );
#10984 = DIRECTION( '', ( -1.00000000000000, 0.000000000000000, 0.000000000000000 ) );
#10985 = DIRECTION( '', ( -0.0766441987924303, 0.000000000000000, -0.997058507205804 ) );
#10986 = DIRECTION( '', ( 0.000000000000000, -1.00000000000000, 0.000000000000000 ) );
#10987 = DIRECTION( '', ( -0.0766441987924303, 0.000000000000000, -0.997058507205804 ) );
#10988 = DIRECTION( '', ( 0.000000000000000, 0.000000000000000, -1.00000000000000 ) );
#10989 = DIRECTION( '', ( 0.000000000000000, 1.00000000000000, 0.000000000000000 ) );
#10990 = DIRECTION( '', ( 0.000000000000000, 0.987688340595142, 0.156434465040207 ) );
#10991 = CARTESIAN_POINT( '', ( 0.000350000000000000, 0.000144135295819500, -0.00131521019646900 ) );
#10992 = DIRECTION( '', ( 0.000000000000000, 0.156434465040207, -0.987688340595142 ) );
#10993 = DIRECTION( '', ( 1.00000000000000, 0.000000000000000, 0.000000000000000 ) );
#10994 = DIRECTION( '', ( 1.00000000000000, 0.000000000000000, 0.000000000000000 ) );
#10995 = CARTESIAN_POINT( '', ( -0.000350000000000000, 0.000144135295819500, -0.00131521019646900 ) );
#10996 = DIRECTION( '', ( 0.000000000000000, 0.156434465040207, -0.987688340595142 ) );
#10997 = DIRECTION( '', ( 0.000000000000000, -0.987688340595142, -0.156434465040207 ) );
#10998 = DIRECTION( '', ( 1.00000000000000, 0.000000000000000, 0.000000000000000 ) );
#10999 = DIRECTION( '', ( 0.000000000000000, -1.00000000000000, 0.000000000000000 ) );
#11000 = DIRECTION( '', ( -0.937347247944688, 0.000000000000000, -0.348396522328396 ) );
#11001 = DIRECTION( '', ( -0.937347247944688, 0.000000000000000, -0.348396522328396 ) );
#11002 = CARTESIAN_POINT( '', ( -0.00202000000000000, 0.000743539816339700, -0.000629195449478300 ) );
#11003 = DIRECTION( '', ( -1.00000000000000, -0.000000000000000, 0.000000000000000 ) );
#11004 = DIRECTION( '', ( 0.000000000000000, -0.102028865498595, -0.994781438611050 ) );
#11005 = DIRECTION( '', ( 1.00000000000000, 0.000000000000000, 0.000000000000000 ) );
#11006 = DIRECTION( '', ( 1.00000000000000, 0.000000000000000, 0.000000000000000 ) );
#11007 = CARTESIAN_POINT( '', ( 0.00199722557145100, 0.000752379735974500, -0.000629195449478300 ) );
#11008 = DIRECTION( '', ( 0.906307787036659, 0.422618261740681, 0.000000000000000 ) );
#11009 = DIRECTION( '', ( 0.422618261740681, -0.906307787036659, 0.000000000000000 ) );
#11010 = DIRECTION( '', ( -0.906307787036659, -0.422618261740681, 0.000000000000000 ) );
#11011 = CARTESIAN_POINT( '', ( 0.00190659479274700, 0.000710117909800400, -0.000629195449478300 ) );
#11012 = DIRECTION( '', ( -0.906307787036657, -0.422618261740684, -2.16353684661092E-014 ) );
#11013 = DIRECTION( '', ( 0.0759147618312012, -0.162799732115803, -0.983734311772815 ) );
#11014 = DIRECTION( '', ( -0.906307787036641, -0.422618261740719, 0.000000000000000 ) );
#11015 = DIRECTION( '', ( 0.000000000000000, -1.00000000000000, 0.000000000000000 ) );
#11016 = DIRECTION( '', ( 0.374242138056910, 0.000000000000000, -0.927331020780925 ) );
#11017 = DIRECTION( '', ( 0.000000000000000, -1.00000000000000, 0.000000000000000 ) );
#11018 = DIRECTION( '', ( 0.374242138056910, 0.000000000000000, -0.927331020780925 ) );
#11019 = DIRECTION( '', ( -1.00000000000000, 0.000000000000000, 0.000000000000000 ) );
#11020 = DIRECTION( '', ( -2.01759556424900E-013, -1.00879778212400E-013, -1.00000000000000 ) );
#11021 = DIRECTION( '', ( -0.628076173314007, 0.000000000000000, -0.778151862116408 ) );
#11022 = DIRECTION( '', ( -0.628076173314007, 0.000000000000000, -0.778151862116408 ) );
#11023 = DIRECTION( '', ( 0.000000000000000, 0.992645877550530, 0.121054375311004 ) );
#11024 = DIRECTION( '', ( 0.000000000000000, 0.000000000000000, 1.00000000000000 ) );
#11025 = DIRECTION( '', ( 0.000000000000000, -0.994781438611050, -0.102028865498595 ) );
#11026 = DIRECTION( '', ( 1.00000000000000, 0.000000000000000, 0.000000000000000 ) );
#11027 = DIRECTION( '', ( 0.000000000000000, 0.000000000000000, 1.00000000000000 ) );
#11028 = DIRECTION( '', ( -1.00000000000000, 0.000000000000000, 0.000000000000000 ) );
#11029 = DIRECTION( '', ( 0.000000000000000, 0.000000000000000, 1.00000000000000 ) );
#11030 = CARTESIAN_POINT( '', ( 0.000750000000000000, 0.00117000000000000, -0.00140000000000000 ) );
#11031 = DIRECTION( '', ( 0.000000000000000, 0.000000000000000, -1.00000000000000 ) );
#11032 = DIRECTION( '', ( -1.00000000000000, 0.000000000000000, 0.000000000000000 ) );
#11033 = DIRECTION( '', ( 0.000000000000000, 0.000000000000000, 1.00000000000000 ) );
#11034 = DIRECTION( '', ( 0.000000000000000, 0.000000000000000, 1.00000000000000 ) );
#11035 = DIRECTION( '', ( 1.00000000000000, 0.000000000000000, 0.000000000000000 ) );
#11036 = DIRECTION( '', ( 0.000000000000000, -1.00000000000000, 0.000000000000000 ) );
#11037 = DIRECTION( '', ( 1.00000000000000, 1.51545442861300E-012, 0.000000000000000 ) );
#11038 = DIRECTION( '', ( 0.000000000000000, -1.00000000000000, 0.000000000000000 ) );
#11039 = DIRECTION( '', ( 0.000000000000000, 1.00000000000000, 0.000000000000000 ) );
#11040 = CARTESIAN_POINT( '', ( 0.00200000000000000, 0.00132000000000000, -0.000225000000000000 ) );
#11041 = DIRECTION( '', ( 0.000000000000000, 1.00000000000000, 0.000000000000000 ) );
#11042 = DIRECTION( '', ( -0.650000000000016, 0.000000000000000, -0.759934207678519 ) );
#11043 = DIRECTION( '', ( 0.000000000000000, -1.00000000000000, 0.000000000000000 ) );
#11044 = DIRECTION( '', ( -0.374242166231011, 0.000000000000000, -0.927331009410728 ) );
#11045 = DIRECTION( '', ( -0.374242166231011, 0.000000000000000, -0.927331009410728 ) );
#11046 = DIRECTION( '', ( 0.000000000000000, 1.00000000000000, 0.000000000000000 ) );
#11047 = DIRECTION( '', ( -1.00000000000000, 0.000000000000000, 0.000000000000000 ) );
#11048 = DIRECTION( '', ( 0.000000000000000, -1.00000000000000, 0.000000000000000 ) );
#11049 = DIRECTION( '', ( 0.337659563533112, 0.000000000000000, -0.941268303489833 ) );
#11050 = DIRECTION( '', ( 0.000000000000000, -1.00000000000000, 0.000000000000000 ) );
#11051 = DIRECTION( '', ( 0.337659563533112, 0.000000000000000, -0.941268303489833 ) );
#11052 = DIRECTION( '', ( 0.000000000000000, 1.00000000000000, 0.000000000000000 ) );
#11053 = DIRECTION( '', ( 0.000000000000000, 0.000000000000000, 1.00000000000000 ) );
#11054 = DIRECTION( '', ( 0.000000000000000, 1.00000000000000, 0.000000000000000 ) );
#11055 = DIRECTION( '', ( 0.0893235496030968, 0.000000000000000, 0.996002662389164 ) );
#11056 = DIRECTION( '', ( 0.0893235496030968, 0.000000000000000, 0.996002662389164 ) );
#11057 = DIRECTION( '', ( 0.000000000000000, -1.00000000000000, 0.000000000000000 ) );
#11058 = DIRECTION( '', ( 0.176546411977701, 0.000000000000000, -0.984292316549205 ) );
#11059 = DIRECTION( '', ( 0.000000000000000, -1.00000000000000, 0.000000000000000 ) );
#11060 = DIRECTION( '', ( 0.176546411977701, 0.000000000000000, -0.984292316549205 ) );
#11061 = DIRECTION( '', ( -1.00000000000000, 0.000000000000000, 0.000000000000000 ) );
#11062 = DIRECTION( '', ( 0.000000000000000, 0.000000000000000, 1.00000000000000 ) );
#11063 = DIRECTION( '', ( 1.00000000000000, 0.000000000000000, 0.000000000000000 ) );
#11064 = DIRECTION( '', ( 0.000000000000000, 0.000000000000000, 1.00000000000000 ) );
#11065 = DIRECTION( '', ( 0.000000000000000, -1.00000000000000, 0.000000000000000 ) );
#11066 = DIRECTION( '', ( 0.667655833762619, 0.000000000000000, -0.744470071690422 ) );
#11067 = DIRECTION( '', ( 0.667655833762619, 0.000000000000000, -0.744470071690422 ) );
#11068 = DIRECTION( '', ( 0.000000000000000, -1.00000000000000, 0.000000000000000 ) );
#11069 = DIRECTION( '', ( 1.00000000000000, 0.000000000000000, 0.000000000000000 ) );
#11070 = DIRECTION( '', ( 0.000000000000000, -1.00000000000000, 0.000000000000000 ) );
#11071 = DIRECTION( '', ( 1.00000000000000, 0.000000000000000, 0.000000000000000 ) );
#11072 = DIRECTION( '', ( 0.985723207226374, 0.168373865951196, 0.000000000000000 ) );
#11073 = DIRECTION( '', ( 0.000000000000000, -1.00000000000000, 0.000000000000000 ) );
#11074 = DIRECTION( '', ( -0.473847640370695, 0.000000000000000, -0.880606844008792 ) );
#11075 = DIRECTION( '', ( 0.000000000000000, -1.00000000000000, 0.000000000000000 ) );
#11076 = DIRECTION( '', ( -0.473847640370695, 0.000000000000000, -0.880606844008792 ) );
#11077 = DIRECTION( '', ( -0.732560597506820, 0.000000000000000, -0.680701822371919 ) );
#11078 = DIRECTION( '', ( 0.000000000000000, -1.00000000000000, 0.000000000000000 ) );
#11079 = DIRECTION( '', ( -0.732560597506820, 0.000000000000000, -0.680701822371919 ) );
#11080 = DIRECTION( '', ( 0.000000000000000, -1.00000000000000, 0.000000000000000 ) );
#11081 = DIRECTION( '', ( -0.133322126594302, 0.000000000000000, -0.991072757450417 ) );
#11082 = DIRECTION( '', ( -0.133322126594302, 0.000000000000000, -0.991072757450417 ) );
#11083 = DIRECTION( '', ( 0.000000000000000, -1.00000000000000, 0.000000000000000 ) );
#11084 = DIRECTION( '', ( 0.937347231668998, 0.000000000000000, -0.348396566117499 ) );
#11085 = DIRECTION( '', ( 0.937347231668998, 0.000000000000000, -0.348396566117499 ) );
#11086 = DIRECTION( '', ( 0.628076150645514, 0.000000000000000, -0.778151880413017 ) );
#11087 = DIRECTION( '', ( 0.628076150645514, 0.000000000000000, -0.778151880413017 ) );
#11088 = DIRECTION( '', ( 0.000000000000000, 0.997564050259825, -0.0697564737441217 ) );
#11089 = CARTESIAN_POINT( '', ( 0.000500000000000000, 0.000212360959629000, -0.00150689733804800 ) );
#11090 = DIRECTION( '', ( -1.00000000000000, 0.000000000000000, 0.000000000000000 ) );
#11091 = DIRECTION( '', ( 0.000000000000000, -0.156434465040207, 0.987688340595142 ) );
#11092 = DIRECTION( '', ( 0.000000000000000, -0.156434465040207, 0.987688340595142 ) );
#11093 = CARTESIAN_POINT( '', ( 0.000500000000000000, 0.000212360959629000, -0.00150689733804800 ) );
#11094 = DIRECTION( '', ( -1.00000000000000, 0.000000000000000, 0.000000000000000 ) );
#11095 = DIRECTION( '', ( 0.000000000000000, -0.156434465040207, 0.987688340595142 ) );
#11096 = DIRECTION( '', ( 0.000000000000000, 0.997564050259825, -0.0697564737441217 ) );
#11097 = CARTESIAN_POINT( '', ( 0.000500000000000000, 0.00127000000000000, -0.00123000000000000 ) );
#11098 = DIRECTION( '', ( 1.00000000000000, 0.000000000000000, 0.000000000000000 ) );
#11099 = DIRECTION( '', ( 0.000000000000000, -0.0697564737441217, -0.997564050259825 ) );
#11100 = DIRECTION( '', ( 0.000000000000000, 0.104169874482098, -0.994559519209577 ) );
#11101 = DIRECTION( '', ( 0.000000000000000, 1.00000000000000, 0.000000000000000 ) );
#11102 = DIRECTION( '', ( -1.00000000000000, 0.000000000000000, 0.000000000000000 ) );
#11103 = DIRECTION( '', ( 0.000000000000000, 1.00000000000000, 0.000000000000000 ) );
#11104 = DIRECTION( '', ( -1.00000000000000, 0.000000000000000, 0.000000000000000 ) );
#11105 = CARTESIAN_POINT( '', ( -0.00120000000000000, 0.000870000000000000, 0.00185000000000000 ) );
#11106 = DIRECTION( '', ( 0.000000000000000, -1.00000000000000, 0.000000000000000 ) );
#11107 = DIRECTION( '', ( -1.00000000000000, 0.000000000000000, 0.000000000000000 ) );
#11108 = CARTESIAN_POINT( '', ( -0.00120000000000000, 0.000370000000000000, 0.00185000000000000 ) );
#11109 = DIRECTION( '', ( 0.000000000000000, -1.00000000000000, 0.000000000000000 ) );
#11110 = DIRECTION( '', ( -1.00000000000000, 0.000000000000000, 0.000000000000000 ) );
#11111 = DIRECTION( '', ( 0.000000000000000, -1.00000000000000, 7.67830243817400E-013 ) );
#11112 = DIRECTION( '', ( 0.000000000000000, -1.00000000000000, 0.000000000000000 ) );
#11113 = DIRECTION( '', ( 0.850103435619943, 0.000000000000000, 0.526615750568827 ) );
#11114 = DIRECTION( '', ( 0.850103435619943, 0.000000000000000, 0.526615750568827 ) );
#11115 = DIRECTION( '', ( 0.000000000000000, 1.00000000000000, 0.000000000000000 ) );
#11116 = DIRECTION( '', ( 0.000000000000000, -1.00000000000000, 0.000000000000000 ) );
#11117 = DIRECTION( '', ( 0.000000000000000, -1.00000000000000, 0.000000000000000 ) );
#11118 = DIRECTION( '', ( -0.473847645846108, 0.000000000000000, 0.880606841062515 ) );
#11119 = DIRECTION( '', ( 0.000000000000000, -1.00000000000000, 0.000000000000000 ) );
#11120 = DIRECTION( '', ( -0.473847645846108, 0.000000000000000, 0.880606841062515 ) );
#11121 = DIRECTION( '', ( 0.000000000000000, -1.00000000000000, 0.000000000000000 ) );
#11122 = DIRECTION( '', ( 0.000000000000000, 0.000000000000000, 1.00000000000000 ) );
#11123 = DIRECTION( '', ( 0.000000000000000, 0.000000000000000, 1.00000000000000 ) );
#11124 = DIRECTION( '', ( 0.000000000000000, 0.996657521232313, -0.0816932394452711 ) );
#11125 = DIRECTION( '', ( 1.00000000000000, 0.000000000000000, 0.000000000000000 ) );
#11126 = DIRECTION( '', ( 1.00000000000000, 0.000000000000000, 0.000000000000000 ) );
#11127 = DIRECTION( '', ( 0.000000000000000, 0.000000000000000, 1.00000000000000 ) );
#11128 = DIRECTION( '', ( -1.00000000000000, 0.000000000000000, 0.000000000000000 ) );
#11129 = DIRECTION( '', ( 0.000000000000000, -1.00000000000000, 0.000000000000000 ) );
#11130 = DIRECTION( '', ( -0.337659493693315, 0.000000000000000, -0.941268328543341 ) );
#11131 = DIRECTION( '', ( 0.000000000000000, -1.00000000000000, 0.000000000000000 ) );
#11132 = DIRECTION( '', ( -0.337659493693315, 0.000000000000000, -0.941268328543341 ) );
#11133 = DIRECTION( '', ( -1.00000000000000, 0.000000000000000, 0.000000000000000 ) );
#11134 = DIRECTION( '', ( 0.000000000000000, -1.00000000000000, 0.000000000000000 ) );
#11135 = DIRECTION( '', ( -1.00000000000000, 0.000000000000000, 0.000000000000000 ) );
#11136 = DIRECTION( '', ( 0.000000000000000, 1.00000000000000, 0.000000000000000 ) );
#11137 = DIRECTION( '', ( -1.00000000000000, 0.000000000000000, 0.000000000000000 ) );
#11138 = DIRECTION( '', ( 0.000000000000000, 0.000000000000000, 1.00000000000000 ) );
#11139 = CARTESIAN_POINT( '', ( -0.00187000000000000, 0.00127000000000000, 0.000400000000000000 ) );
#11140 = DIRECTION( '', ( 0.000000000000000, 0.000000000000000, -1.00000000000000 ) );
#11141 = DIRECTION( '', ( -0.396738030097003, 0.917931879539408, 0.000000000000000 ) );
#11142 = DIRECTION( '', ( -1.00000000000000, 0.000000000000000, 0.000000000000000 ) );
#11143 = CARTESIAN_POINT( '', ( 0.000490000000000000, 0.000938603807485000, -0.00115998781561300 ) );
#11144 = DIRECTION( '', ( 1.73574642697590E-015, 0.999847695156391, -0.0174524064372805 ) );
#11145 = DIRECTION( '', ( -0.927024810886980, 0.00654465241398086, 0.374942885683592 ) );
#11146 = DIRECTION( '', ( 0.000000000000000, -1.00000000000000, 0.000000000000000 ) );
#11147 = DIRECTION( '', ( 0.000000000000000, 0.000000000000000, -1.00000000000000 ) );
#11148 = DIRECTION( '', ( 0.000000000000000, 0.000000000000000, -1.00000000000000 ) );
#11149 = DIRECTION( '', ( 0.000000000000000, 1.00000000000000, 0.000000000000000 ) );
#11150 = DIRECTION( '', ( 0.000000000000000, 0.000000000000000, 1.00000000000000 ) );
#11151 = DIRECTION( '', ( 1.00000000000000, 0.000000000000000, 0.000000000000000 ) );
#11152 = DIRECTION( '', ( 0.000000000000000, 0.000000000000000, 1.00000000000000 ) );
#11153 = DIRECTION( '', ( -1.00000000000000, 0.000000000000000, 0.000000000000000 ) );
#11154 = DIRECTION( '', ( 0.000000000000000, -1.00000000000000, 0.000000000000000 ) );
#11155 = DIRECTION( '', ( 0.133321997805706, 0.000000000000000, 0.991072774775443 ) );
#11156 = DIRECTION( '', ( 0.000000000000000, -1.00000000000000, 0.000000000000000 ) );
#11157 = DIRECTION( '', ( 0.133321997805706, 0.000000000000000, 0.991072774775443 ) );
#11158 = DIRECTION( '', ( 1.00000000000000, 0.000000000000000, 0.000000000000000 ) );
#11159 = DIRECTION( '', ( 0.000000000000000, -1.00000000000000, 0.000000000000000 ) );
#11160 = DIRECTION( '', ( 1.00000000000000, 0.000000000000000, 0.000000000000000 ) );
#11161 = DIRECTION( '', ( 0.000000000000000, 0.994781438611050, -0.102028865498595 ) );
#11162 = DIRECTION( '', ( 1.00000000000000, 0.000000000000000, 0.000000000000000 ) );
#11163 = DIRECTION( '', ( 0.000000000000000, 0.999847695156391, -0.0174524064372798 ) );
#11164 = DIRECTION( '', ( 0.000000000000000, 1.00000000000000, 0.000000000000000 ) );
#11165 = DIRECTION( '', ( 0.000000000000000, 0.000000000000000, 1.00000000000000 ) );
#11166 = DIRECTION( '', ( 0.000000000000000, 1.00000000000000, 0.000000000000000 ) );
#11167 = DIRECTION( '', ( 1.00000000000000, 0.000000000000000, 0.000000000000000 ) );
#11168 = DIRECTION( '', ( 0.000000000000000, -1.00000000000000, 0.000000000000000 ) );
#11169 = DIRECTION( '', ( -1.00000000000000, 0.000000000000000, 0.000000000000000 ) );
#11170 = DIRECTION( '', ( 0.000000000000000, -1.00000000000000, 0.000000000000000 ) );
#11171 = DIRECTION( '', ( 0.000000000000000, 0.000000000000000, 1.00000000000000 ) );
#11172 = DIRECTION( '', ( 0.000000000000000, -1.00000000000000, 0.000000000000000 ) );
#11173 = DIRECTION( '', ( 0.000000000000000, -1.00000000000000, 0.000000000000000 ) );
#11174 = DIRECTION( '', ( 0.000000000000000, 0.992645877550530, -0.121054375311004 ) );
#11175 = DIRECTION( '', ( 1.00000000000000, 0.000000000000000, 0.000000000000000 ) );
#11176 = DIRECTION( '', ( 0.000000000000000, 0.000000000000000, 1.00000000000000 ) );
#11177 = DIRECTION( '', ( 0.000000000000000, -1.00000000000000, 0.000000000000000 ) );
#11178 = DIRECTION( '', ( 0.000000000000000, 0.000000000000000, 1.00000000000000 ) );
#11179 = DIRECTION( '', ( 0.000000000000000, 0.000000000000000, -1.00000000000000 ) );
#11180 = DIRECTION( '', ( 0.161729006983098, 0.346828974722395, -0.923879532511287 ) );
#11181 = DIRECTION( '', ( 0.000000000000000, 0.000000000000000, 1.00000000000000 ) );
#11182 = CARTESIAN_POINT( '', ( 0.00118000000000000, 0.00137000000000000, 0.00187000000000000 ) );
#11183 = DIRECTION( '', ( 0.000000000000000, -1.00000000000000, 0.000000000000000 ) );
#11184 = DIRECTION( '', ( 0.000000000000000, 0.000000000000000, -1.00000000000000 ) );
#11185 = CARTESIAN_POINT( '', ( 0.00118000000000000, 0.00137000000000000, 0.00187000000000000 ) );
#11186 = DIRECTION( '', ( 0.000000000000000, 0.000000000000000, 1.00000000000000 ) );
#11187 = DIRECTION( '', ( 1.00000000000000, 0.000000000000000, 0.000000000000000 ) );
#11188 = DIRECTION( '', ( 0.937347247944688, 0.000000000000000, 0.348396522328396 ) );
#11189 = DIRECTION( '', ( 0.000000000000000, -1.00000000000000, 0.000000000000000 ) );
#11190 = DIRECTION( '', ( 0.937347247944688, 0.000000000000000, 0.348396522328396 ) );
#11191 = DIRECTION( '', ( -1.00000000000000, 0.000000000000000, 0.000000000000000 ) );
#11192 = DIRECTION( '', ( 0.000000000000000, -1.00000000000000, 0.000000000000000 ) );
#11193 = DIRECTION( '', ( 0.000000000000000, 0.000000000000000, 1.00000000000000 ) );
#11194 = DIRECTION( '', ( 0.000000000000000, 0.000000000000000, 1.00000000000000 ) );
#11195 = DIRECTION( '', ( 0.000000000000000, 0.000000000000000, 1.00000000000000 ) );
#11196 = DIRECTION( '', ( 0.000000000000000, 1.00000000000000, 0.000000000000000 ) );
#11197 = DIRECTION( '', ( 0.000000000000000, -1.00000000000000, 0.000000000000000 ) );
#11198 = DIRECTION( '', ( 1.00000000000000, 0.000000000000000, 0.000000000000000 ) );
#11199 = DIRECTION( '', ( -1.00000000000000, 0.000000000000000, 0.000000000000000 ) );
#11200 = DIRECTION( '', ( 0.521671872369515, 0.000000000000000, 0.853146211137625 ) );
#11201 = DIRECTION( '', ( 0.337659563533112, 0.000000000000000, 0.941268303489833 ) );
#11202 = DIRECTION( '', ( 0.000000000000000, 0.000000000000000, 1.00000000000000 ) );
#11203 = DIRECTION( '', ( -0.133321997805706, 0.000000000000000, 0.991072774775443 ) );
#11204 = DIRECTION( '', ( -0.955228544904560, 0.000000000000000, 0.295868935509488 ) );
#11205 = DIRECTION( '', ( -1.00000000000000, 0.000000000000000, 0.000000000000000 ) );
#11206 = DIRECTION( '', ( -0.966517913548638, 0.000000000000000, -0.256599148068710 ) );
#11207 = DIRECTION( '', ( 1.00000000000000, 0.000000000000000, 0.000000000000000 ) );
#11208 = DIRECTION( '', ( 0.337659456544610, 0.000000000000000, 0.941268341869628 ) );
#11209 = DIRECTION( '', ( 0.628076150645514, 0.000000000000000, 0.778151880413017 ) );
#11210 = DIRECTION( '', ( 0.000000000000000, 0.000000000000000, -1.00000000000000 ) );
#11211 = DIRECTION( '', ( -0.259807296233609, 0.000000000000000, -0.965660483205035 ) );
#11212 = DIRECTION( '', ( -0.516171944607682, 0.000000000000000, -0.856484981537869 ) );
#11213 = DIRECTION( '', ( 0.000000000000000, 0.000000000000000, -1.00000000000000 ) );
#11214 = DIRECTION( '', ( -1.20003571364299E-007, -4.31866286115997E-008, 0.999999999999992 ) );
#11215 = DIRECTION( '', ( 0.000000000000000, 1.00000000000000, 0.000000000000000 ) );
#11216 = CARTESIAN_POINT( '', ( -0.000650000000000000, 0.00132000000000000, -0.00135000000000000 ) );
#11217 = DIRECTION( '', ( 0.000000000000000, 1.00000000000000, 0.000000000000000 ) );
#11218 = DIRECTION( '', ( 0.000000000000000, 0.000000000000000, 1.00000000000000 ) );
#11219 = CARTESIAN_POINT( '', ( 0.00143000000000000, 0.000450000000000000, 0.000000000000000 ) );
#11220 = DIRECTION( '', ( 0.000000000000000, -1.00000000000000, 0.000000000000000 ) );
#11221 = DIRECTION( '', ( 1.00000000000000, 0.000000000000000, 0.000000000000000 ) );
#11222 = DIRECTION( '', ( -1.20003571364299E-007, 4.31866286115997E-008, 0.999999999999992 ) );
#11223 = DIRECTION( '', ( 1.00000000000000, 0.000000000000000, -1.92586687338300E-012 ) );
#11224 = DIRECTION( '', ( 1.00000000000000, 0.000000000000000, 0.000000000000000 ) );
#11225 = DIRECTION( '', ( 1.00000000000000, 0.000000000000000, 0.000000000000000 ) );
#11226 = DIRECTION( '', ( 0.000000000000000, 0.000000000000000, 1.00000000000000 ) );
#11227 = DIRECTION( '', ( 1.00000000000000, 0.000000000000000, 0.000000000000000 ) );
#11228 = DIRECTION( '', ( 0.000000000000000, 0.000000000000000, 1.00000000000000 ) );
#11229 = DIRECTION( '', ( -0.609710760849697, 0.792623989104596, 0.000000000000000 ) );
#11230 = DIRECTION( '', ( -0.609710760849697, 0.792623989104596, 0.000000000000000 ) );
#11231 = DIRECTION( '', ( -2.49800180540700E-014, 1.00000000000000, 0.000000000000000 ) );
#11232 = CARTESIAN_POINT( '', ( 0.000250000000000000, 0.00132000000000000, 0.00115000000000000 ) );
#11233 = DIRECTION( '', ( 0.000000000000000, -1.00000000000000, 0.000000000000000 ) );
#11234 = DIRECTION( '', ( 0.661437827766121, 0.000000000000000, 0.750000000000024 ) );
#11235 = DIRECTION( '', ( 0.000000000000000, 1.00000000000000, 0.000000000000000 ) );
#11236 = CARTESIAN_POINT( '', ( 0.00118000000000000, 0.00132000000000000, 0.00187000000000000 ) );
#11237 = DIRECTION( '', ( 0.000000000000000, -1.00000000000000, 0.000000000000000 ) );
#11238 = DIRECTION( '', ( 0.000000000000000, 0.000000000000000, -1.00000000000000 ) );
#11239 = DIRECTION( '', ( 0.000000000000000, 1.00000000000000, 0.000000000000000 ) );
#11240 = DIRECTION( '', ( 0.000000000000000, 1.00000000000000, 0.000000000000000 ) );
#11241 = CARTESIAN_POINT( '', ( 0.000000000000000, 3.00000000000000E-005, 0.000000000000000 ) );
#11242 = DIRECTION( '', ( 0.000000000000000, -1.00000000000000, 0.000000000000000 ) );
#11243 = DIRECTION( '', ( 0.831479419283078, 0.000000000000000, -0.555555555555585 ) );
#11244 = DIRECTION( '', ( -0.210418133683193, 0.000000000000000, 0.977611481631268 ) );
#11245 = DIRECTION( '', ( -0.210418133683193, 0.000000000000000, 0.977611481631268 ) );
#11246 = DIRECTION( '', ( 0.000000000000000, -1.00000000000000, 0.000000000000000 ) );
#11247 = DIRECTION( '', ( 0.000000000000000, -1.00000000000000, 0.000000000000000 ) );
#11248 = DIRECTION( '', ( -0.259807296233609, 0.000000000000000, -0.965660483205035 ) );
#11249 = DIRECTION( '', ( 0.000000000000000, 1.00000000000000, 0.000000000000000 ) );
#11250 = CARTESIAN_POINT( '', ( -0.00118000000000000, 0.00137000000000000, 0.00208000000000000 ) );
#11251 = DIRECTION( '', ( -1.00000000000000, 0.000000000000000, 0.000000000000000 ) );
#11252 = DIRECTION( '', ( 0.000000000000000, 0.000000000000000, 1.00000000000000 ) );
#11253 = DIRECTION( '', ( 1.00000000000000, 0.000000000000000, 0.000000000000000 ) );
#11254 = DIRECTION( '', ( 0.000000000000000, -1.00000000000000, 0.000000000000000 ) );
#11255 = DIRECTION( '', ( 1.00000000000000, 0.000000000000000, 0.000000000000000 ) );
#11256 = DIRECTION( '', ( 0.210418006625399, 0.000000000000000, -0.977611508978794 ) );
#11257 = DIRECTION( '', ( 0.000000000000000, -1.00000000000000, 0.000000000000000 ) );
#11258 = DIRECTION( '', ( 0.210418006625399, 0.000000000000000, -0.977611508978794 ) );
#11259 = DIRECTION( '', ( -1.00000000000000, 0.000000000000000, 0.000000000000000 ) );
#11260 = DIRECTION( '', ( -1.00000000000000, 0.000000000000000, 0.000000000000000 ) );
#11261 = DIRECTION( '', ( 0.000000000000000, -1.00000000000000, 0.000000000000000 ) );
#11262 = DIRECTION( '', ( -0.337659386704899, 0.000000000000000, 0.941268366923096 ) );
#11263 = DIRECTION( '', ( 0.000000000000000, -1.00000000000000, 0.000000000000000 ) );
#11264 = DIRECTION( '', ( -0.337659386704810, 0.000000000000000, 0.941268366923128 ) );
#11265 = DIRECTION( '', ( 0.000000000000000, -1.00000000000000, 0.000000000000000 ) );
#11266 = DIRECTION( '', ( -0.176546614178708, 0.000000000000000, 0.984292280281642 ) );
#11267 = DIRECTION( '', ( -0.176546614178708, 0.000000000000000, 0.984292280281642 ) );
#11268 = DIRECTION( '', ( -0.628076150645514, 0.000000000000000, 0.778151880413017 ) );
#11269 = DIRECTION( '', ( 0.000000000000000, -1.00000000000000, 0.000000000000000 ) );
#11270 = DIRECTION( '', ( -0.628076150645514, 0.000000000000000, 0.778151880413017 ) );
#11271 = DIRECTION( '', ( 0.000000000000000, -1.00000000000000, 0.000000000000000 ) );
#11272 = DIRECTION( '', ( 1.00000000000000, 0.000000000000000, 0.000000000000000 ) );
#11273 = DIRECTION( '', ( 1.00000000000000, 0.000000000000000, 0.000000000000000 ) );
#11274 = DIRECTION( '', ( 0.000000000000000, -1.00000000000000, 0.000000000000000 ) );
#11275 = DIRECTION( '', ( 0.850103323203503, 0.000000000000000, -0.526615932040002 ) );
#11276 = DIRECTION( '', ( 0.850103323203503, 0.000000000000000, -0.526615932040002 ) );
#11277 = DIRECTION( '', ( 0.000000000000000, 1.00000000000000, 0.000000000000000 ) );
#11278 = DIRECTION( '', ( 0.000000000000000, 1.00000000000000, 0.000000000000000 ) );
#11279 = CARTESIAN_POINT( '', ( 0.00120000000000000, 0.000870000000000000, 0.00185000000000000 ) );
#11280 = DIRECTION( '', ( 0.000000000000000, -1.00000000000000, 0.000000000000000 ) );
#11281 = DIRECTION( '', ( 0.000000000000000, 0.000000000000000, -1.00000000000000 ) );
#11282 = DIRECTION( '', ( 0.000000000000000, -1.00000000000000, 1.66489044768000E-011 ) );
#11283 = CARTESIAN_POINT( '', ( 0.00120000000000000, 0.000370000000000000, 0.00185000000000000 ) );
#11284 = DIRECTION( '', ( 0.000000000000000, -1.00000000000000, 0.000000000000000 ) );
#11285 = DIRECTION( '', ( 0.000000000000000, 0.000000000000000, -1.00000000000000 ) );
#11286 = DIRECTION( '', ( 0.0766441835459206, 0.000000000000000, -0.997058508377808 ) );
#11287 = DIRECTION( '', ( 0.0766441835459206, 0.000000000000000, -0.997058508377808 ) );
#11288 = CARTESIAN_POINT( '', ( 0.00143000000000000, 0.000100000000000000, 0.000000000000000 ) );
#11289 = DIRECTION( '', ( 0.000000000000000, -1.00000000000000, 0.000000000000000 ) );
#11290 = DIRECTION( '', ( -1.00000000000000, 0.000000000000000, 0.000000000000000 ) );
#11291 = DIRECTION( '', ( 0.000000000000000, 1.00000000000000, 0.000000000000000 ) );
#11292 = DIRECTION( '', ( -1.00000000000000, 0.000000000000000, 0.000000000000000 ) );
#11293 = CARTESIAN_POINT( '', ( 0.000000000000000, 3.00000000000000E-005, 0.000000000000000 ) );
#11294 = DIRECTION( '', ( 0.000000000000000, -1.00000000000000, 0.000000000000000 ) );
#11295 = DIRECTION( '', ( -0.831479419283078, 0.000000000000000, 0.555555555555585 ) );
#11296 = DIRECTION( '', ( -0.516171944607682, 0.000000000000000, -0.856484981537869 ) );
#11297 = DIRECTION( '', ( 0.000000000000000, 0.000000000000000, -1.00000000000000 ) );
#11298 = DIRECTION( '', ( 0.628076150645514, 0.000000000000000, 0.778151880413017 ) );
#11299 = DIRECTION( '', ( 0.337659456544610, 0.000000000000000, 0.941268341869628 ) );
#11300 = DIRECTION( '', ( -0.966517913548638, 0.000000000000000, -0.256599148068710 ) );
#11301 = DIRECTION( '', ( -1.00000000000000, 0.000000000000000, 0.000000000000000 ) );
#11302 = DIRECTION( '', ( -0.955228544904560, 0.000000000000000, 0.295868935509488 ) );
#11303 = DIRECTION( '', ( -0.133321997805706, 0.000000000000000, 0.991072774775443 ) );
#11304 = DIRECTION( '', ( 0.000000000000000, 0.000000000000000, 1.00000000000000 ) );
#11305 = DIRECTION( '', ( 0.337659563533112, 0.000000000000000, 0.941268303489833 ) );
#11306 = DIRECTION( '', ( 0.521671872369515, 0.000000000000000, 0.853146211137625 ) );
#11307 = DIRECTION( '', ( -1.00000000000000, 0.000000000000000, 0.000000000000000 ) );
#11308 = DIRECTION( '', ( 0.000000000000000, 0.000000000000000, -1.00000000000000 ) );
#11309 = DIRECTION( '', ( 0.667655674959207, 0.000000000000000, 0.744470214108507 ) );
#11310 = DIRECTION( '', ( 0.937347237984309, 0.000000000000000, -0.348396549126403 ) );
#11311 = DIRECTION( '', ( -0.210417922119993, 0.000000000000000, -0.977611527167466 ) );
#11312 = DIRECTION( '', ( 1.00000000000000, 0.000000000000000, 0.000000000000000 ) );
#11313 = DIRECTION( '', ( 0.337659563533112, 0.000000000000000, -0.941268303489833 ) );
#11314 = DIRECTION( '', ( 0.628076150645514, 0.000000000000000, -0.778151880413017 ) );
#11315 = DIRECTION( '', ( 0.850103435619943, 0.000000000000000, -0.526615750568827 ) );
#11316 = DIRECTION( '', ( 1.00000000000000, 0.000000000000000, 0.000000000000000 ) );
#11317 = DIRECTION( '', ( 0.850103435619943, 0.000000000000000, 0.526615750568827 ) );
#11318 = DIRECTION( '', ( 0.628076150645514, 0.000000000000000, 0.778151880413017 ) );
#11319 = DIRECTION( '', ( 0.337659456544610, 0.000000000000000, 0.941268341869628 ) );
#11320 = DIRECTION( '', ( -0.937347264220375, 0.000000000000000, 0.348396478539291 ) );
#11321 = DIRECTION( '', ( -0.667655707354006, 0.000000000000000, 0.744470185056206 ) );
#11322 = DIRECTION( '', ( 0.000000000000000, -1.00000000000000, 0.000000000000000 ) );
#11323 = CARTESIAN_POINT( '', ( -0.00175000000000000, 0.00132000000000000, 0.00125000000000000 ) );
#11324 = DIRECTION( '', ( 0.000000000000000, -1.00000000000000, 0.000000000000000 ) );
#11325 = DIRECTION( '', ( 0.000000000000000, 0.000000000000000, 1.00000000000000 ) );
#11326 = DIRECTION( '', ( 0.000000000000000, -1.00000000000000, 0.000000000000000 ) );
#11327 = DIRECTION( '', ( 1.00000000000000, 0.000000000000000, 0.000000000000000 ) );
#11328 = CARTESIAN_POINT( '', ( 0.000000000000000, 0.00132000000000000, -0.000200000000000000 ) );
#11329 = DIRECTION( '', ( 0.000000000000000, -1.00000000000000, 0.000000000000000 ) );
#11330 = DIRECTION( '', ( 1.00000000000000, 0.000000000000000, 0.000000000000000 ) );
#11331 = DIRECTION( '', ( 0.000000000000000, -0.382683432365094, -0.923879532511285 ) );
#11332 = DIRECTION( '', ( 1.00000000000000, 0.000000000000000, 0.000000000000000 ) );
#11333 = DIRECTION( '', ( -1.00000000000000, 1.79766363895400E-011, 4.36575455174600E-011 ) );
#11334 = DIRECTION( '', ( 0.691293144900401, -0.276517257960200, -0.667571714397701 ) );
#11335 = DIRECTION( '', ( -0.985723207226374, 0.168373865951196, 0.000000000000000 ) );
#11336 = CARTESIAN_POINT( '', ( 0.00200000000000000, 0.00132000000000000, -0.00113540227526100 ) );
#11337 = DIRECTION( '', ( 0.000000000000000, 1.00000000000000, 0.000000000000000 ) );
#11338 = DIRECTION( '', ( -1.00000000000000, 0.000000000000000, 0.000000000000000 ) );
#11339 = DIRECTION( '', ( 0.000000000000000, -0.996657521232313, 0.0816932394452711 ) );
#11340 = DIRECTION( '', ( -1.00000000000000, 0.000000000000000, 0.000000000000000 ) );
#11341 = CARTESIAN_POINT( '', ( 0.00202000000000000, 0.000765980074947300, 0.000355770041695400 ) );
#11342 = DIRECTION( '', ( -1.00000000000000, -0.000000000000000, 0.000000000000000 ) );
#11343 = DIRECTION( '', ( 0.000000000000000, -0.923879532511285, -0.382683432365094 ) );
#11344 = DIRECTION( '', ( 1.00000000000000, 0.000000000000000, 0.000000000000000 ) );
#11345 = DIRECTION( '', ( 0.667655674959207, 0.000000000000000, 0.744470214108507 ) );
#11346 = CARTESIAN_POINT( '', ( -0.00120000000000000, 0.000870000000000000, 0.00175000000000000 ) );
#11347 = DIRECTION( '', ( 1.00000000000000, 0.000000000000000, 0.000000000000000 ) );
#11348 = DIRECTION( '', ( 0.000000000000000, 1.00000000000000, 0.000000000000000 ) );
#11349 = CARTESIAN_POINT( '', ( -0.00125000000000000, 0.000870000000000000, 0.00175000000000000 ) );
#11350 = DIRECTION( '', ( 1.00000000000000, 0.000000000000000, 0.000000000000000 ) );
#11351 = DIRECTION( '', ( 0.000000000000000, 1.00000000000000, 0.000000000000000 ) );
#11352 = DIRECTION( '', ( -0.667655707354006, 0.000000000000000, 0.744470185056206 ) );
#11353 = DIRECTION( '', ( -0.937347264220375, 0.000000000000000, 0.348396478539291 ) );
#11354 = DIRECTION( '', ( 0.337659456544610, 0.000000000000000, 0.941268341869628 ) );
#11355 = DIRECTION( '', ( 0.628076150645514, 0.000000000000000, 0.778151880413017 ) );
#11356 = DIRECTION( '', ( 0.850103435619943, 0.000000000000000, 0.526615750568827 ) );
#11357 = DIRECTION( '', ( 1.00000000000000, 0.000000000000000, 0.000000000000000 ) );
#11358 = DIRECTION( '', ( 0.850103435619943, 0.000000000000000, -0.526615750568827 ) );
#11359 = DIRECTION( '', ( 0.628076150645514, 0.000000000000000, -0.778151880413017 ) );
#11360 = DIRECTION( '', ( 0.337659563533112, 0.000000000000000, -0.941268303489833 ) );
#11361 = DIRECTION( '', ( 1.00000000000000, 0.000000000000000, 0.000000000000000 ) );
#11362 = DIRECTION( '', ( -0.210417922119993, 0.000000000000000, -0.977611527167466 ) );
#11363 = DIRECTION( '', ( 0.937347237984309, 0.000000000000000, -0.348396549126403 ) );
#11364 = DIRECTION( '', ( -0.176546491838494, 0.000000000000000, -0.984292302225066 ) );
#11365 = DIRECTION( '', ( -0.628076150645514, 0.000000000000000, -0.778151880413017 ) );
#11366 = DIRECTION( '', ( -1.00000000000000, 0.000000000000000, 0.000000000000000 ) );
#11367 = DIRECTION( '', ( -0.850103435619943, 0.000000000000000, 0.526615750568827 ) );
#11368 = DIRECTION( '', ( 0.000000000000000, 0.000000000000000, 1.00000000000000 ) );
#11369 = DIRECTION( '', ( 0.473847689650070, 0.000000000000000, 0.880606817491944 ) );
#11370 = DIRECTION( '', ( 0.628076150645514, 0.000000000000000, -0.778151880413017 ) );
#11371 = DIRECTION( '', ( 0.473847821061800, 0.000000000000000, -0.880606746780300 ) );
#11372 = DIRECTION( '', ( 0.928476690885266, -0.371390676354087, 0.000000000000000 ) );
#11373 = DIRECTION( '', ( 0.928476690885266, -0.371390676354087, 0.000000000000000 ) );
#11374 = DIRECTION( '', ( 0.000000000000000, 0.000000000000000, 1.00000000000000 ) );
#11375 = DIRECTION( '', ( 0.500000000000017, -0.866025403784429, 0.000000000000000 ) );
#11376 = DIRECTION( '', ( 0.000000000000000, 0.000000000000000, -1.00000000000000 ) );
#11377 = DIRECTION( '', ( 0.000000000000000, 0.000000000000000, 1.00000000000000 ) );
#11378 = DIRECTION( '', ( 0.000000000000000, -1.00000000000000, 0.000000000000000 ) );
#11379 = DIRECTION( '', ( 0.000000000000000, -1.00000000000000, 0.000000000000000 ) );
#11380 = DIRECTION( '', ( 0.000000000000000, 0.992645877550530, 0.121054375311004 ) );
#11381 = DIRECTION( '', ( 0.000000000000000, -1.00000000000000, 0.000000000000000 ) );
#11382 = CARTESIAN_POINT( '', ( 0.00187000000000000, 0.00127000000000000, -0.000400000000000000 ) );
#11383 = DIRECTION( '', ( 0.000000000000000, -0.000000000000000, 1.00000000000000 ) );
#11384 = DIRECTION( '', ( 0.396738031570891, 0.917931878902380, 0.000000000000000 ) );
#11385 = DIRECTION( '', ( -0.393369281519993, -0.919380556873183, 1.24374415909798E-014 ) );
#11386 = DIRECTION( '', ( -1.00000000000000, 0.000000000000000, 0.000000000000000 ) );
#11387 = DIRECTION( '', ( 1.00000000000000, 0.000000000000000, 0.000000000000000 ) );
#11388 = CARTESIAN_POINT( '', ( 0.00175000000000000, 0.00132000000000000, -0.00125000000000000 ) );
#11389 = DIRECTION( '', ( 0.000000000000000, -1.00000000000000, 0.000000000000000 ) );
#11390 = DIRECTION( '', ( 0.000000000000000, 0.000000000000000, -1.00000000000000 ) );
#11391 = DIRECTION( '', ( -1.00000000000000, 0.000000000000000, 0.000000000000000 ) );
#11392 = DIRECTION( '', ( 0.000000000000000, 0.000000000000000, 1.00000000000000 ) );
#11393 = DIRECTION( '', ( 0.500000000000017, 0.866025403784429, 0.000000000000000 ) );
#11394 = DIRECTION( '', ( 1.00000000000000, 0.000000000000000, 0.000000000000000 ) );
#11395 = DIRECTION( '', ( -1.00000000000000, 0.000000000000000, 0.000000000000000 ) );
#11396 = CARTESIAN_POINT( '', ( -0.00187000000000000, 0.00127000000000000, -0.000400000000000000 ) );
#11397 = DIRECTION( '', ( 0.000000000000000, 0.000000000000000, -1.00000000000000 ) );
#11398 = DIRECTION( '', ( -0.396738031570891, 0.917931878902380, 0.000000000000000 ) );
#11399 = DIRECTION( '', ( 0.000000000000000, 1.00000000000000, 0.000000000000000 ) );
#11400 = DIRECTION( '', ( 0.000000000000000, -1.00000000000000, 0.000000000000000 ) );
#11401 = DIRECTION( '', ( 1.00000000000000, 1.29756172437500E-011, 3.14929043520200E-011 ) );
#11402 = DIRECTION( '', ( -1.00000000000000, 0.000000000000000, 0.000000000000000 ) );
#11403 = DIRECTION( '', ( 0.000000000000000, 0.382683432365094, 0.923879532511285 ) );
#11404 = CARTESIAN_POINT( '', ( -0.00202000000000000, 0.000765980074947300, -0.000355770041695400 ) );
#11405 = DIRECTION( '', ( 1.00000000000000, 0.000000000000000, 0.000000000000000 ) );
#11406 = DIRECTION( '', ( 0.000000000000000, -0.923879532511285, 0.382683432365094 ) );
#11407 = DIRECTION( '', ( -2.01759556424900E-013, 5.04398891062200E-014, 1.00000000000000 ) );
#11408 = DIRECTION( '', ( 2.01759556424900E-013, -1.00879778212400E-013, 1.00000000000000 ) );
#11409 = DIRECTION( '', ( 1.20000337769799E-007, 4.31860070602196E-008, 0.999999999999992 ) );
#11410 = DIRECTION( '', ( 0.000000000000000, -1.00000000000000, 0.000000000000000 ) );
#11411 = DIRECTION( '', ( -1.00000000000000, 0.000000000000000, 0.000000000000000 ) );
#11412 = DIRECTION( '', ( 0.000000000000000, -1.00000000000000, 0.000000000000000 ) );
#11413 = DIRECTION( '', ( 0.000000000000000, -1.00000000000000, 0.000000000000000 ) );
#11414 = DIRECTION( '', ( 0.000000000000000, -1.00000000000000, 0.000000000000000 ) );
#11415 = DIRECTION( '', ( 0.000000000000000, -1.00000000000000, 0.000000000000000 ) );
#11416 = DIRECTION( '', ( 0.000000000000000, 0.000000000000000, 1.00000000000000 ) );
#11417 = DIRECTION( '', ( -0.906307787036659, -0.422618261740681, 0.000000000000000 ) );
#11418 = DIRECTION( '', ( 0.000000000000000, 0.000000000000000, 1.00000000000000 ) );
#11419 = DIRECTION( '', ( 0.000000000000000, -1.00000000000000, 0.000000000000000 ) );
#11420 = DIRECTION( '', ( 0.000000000000000, -1.00000000000000, 0.000000000000000 ) );
#11421 = DIRECTION( '', ( 0.000000000000000, 1.00000000000000, 0.000000000000000 ) );
#11422 = DIRECTION( '', ( 0.000000000000000, 0.000000000000000, 1.00000000000000 ) );
#11423 = DIRECTION( '', ( -4.85722573273500E-014, 1.00000000000000, 0.000000000000000 ) );
#11424 = CARTESIAN_POINT( '', ( -0.000250000000000000, 0.00132000000000000, 0.00115000000000000 ) );
#11425 = DIRECTION( '', ( 0.000000000000000, -1.00000000000000, 0.000000000000000 ) );
#11426 = DIRECTION( '', ( 7.81319453580000E-014, 0.000000000000000, 1.00000000000000 ) );
#11427 = DIRECTION( '', ( -1.00000000000000, 0.000000000000000, 0.000000000000000 ) );
#11428 = DIRECTION( '', ( -0.850103435619943, 0.000000000000000, 0.526615750568827 ) );
#11429 = DIRECTION( '', ( 0.000000000000000, 1.00000000000000, 0.000000000000000 ) );
#11430 = DIRECTION( '', ( 0.000000000000000, 1.00000000000000, 0.000000000000000 ) );
#11431 = DIRECTION( '', ( 0.000000000000000, -0.990268068741566, -0.139173100960095 ) );
#11432 = DIRECTION( '', ( 0.000000000000000, 0.000000000000000, -1.00000000000000 ) );
#11433 = DIRECTION( '', ( 0.000000000000000, -1.00000000000000, 0.000000000000000 ) );
#11434 = DIRECTION( '', ( 1.00000000000000, 0.000000000000000, 0.000000000000000 ) );
#11435 = DIRECTION( '', ( 0.000000000000000, -1.00000000000000, 0.000000000000000 ) );
#11436 = DIRECTION( '', ( 0.000000000000000, -1.00000000000000, 0.000000000000000 ) );
#11437 = DIRECTION( '', ( 1.00000000000000, 0.000000000000000, 0.000000000000000 ) );
#11438 = DIRECTION( '', ( 0.000000000000000, 1.00000000000000, 0.000000000000000 ) );
#11439 = DIRECTION( '', ( -1.00000000000000, 0.000000000000000, 0.000000000000000 ) );
#11440 = DIRECTION( '', ( 0.000000000000000, -0.990268068741566, -0.139173100960095 ) );
#11441 = DIRECTION( '', ( 0.000000000000000, 0.000000000000000, -1.00000000000000 ) );
#11442 = CARTESIAN_POINT( '', ( 0.00200000000000000, 0.00132000000000000, 0.000225000000000000 ) );
#11443 = DIRECTION( '', ( 0.000000000000000, 1.00000000000000, 0.000000000000000 ) );
#11444 = DIRECTION( '', ( -1.00000000000000, 0.000000000000000, 0.000000000000000 ) );
#11445 = DIRECTION( '', ( 0.000000000000000, -1.00000000000000, 0.000000000000000 ) );
#11446 = DIRECTION( '', ( 0.000000000000000, -1.00000000000000, 0.000000000000000 ) );
#11447 = DIRECTION( '', ( -0.176546491838494, 0.000000000000000, -0.984292302225066 ) );
#11448 = CARTESIAN_POINT( '', ( 0.00190659479274700, 0.000710117909800400, -0.000459673710213900 ) );
#11449 = DIRECTION( '', ( -0.906307787036659, -0.422618261740681, 0.000000000000000 ) );
#11450 = DIRECTION( '', ( 0.422618261740681, -0.906307787036659, 0.000000000000000 ) );
#11451 = DIRECTION( '', ( -0.161729006983098, 0.346828974722395, 0.923879532511287 ) );
#11452 = CARTESIAN_POINT( '', ( 0.00210059019804400, 0.000294093420593600, 0.000000000000000 ) );
#11453 = DIRECTION( '', ( 0.906307787036669, 0.422618261740659, 9.76073122812572E-015 ) );
#11454 = DIRECTION( '', ( -0.390448362087690, 0.837319214598778, -0.382683432365090 ) );
#11455 = CARTESIAN_POINT( '', ( 0.00190659479274700, 0.000710117909800400, 0.000459673710213900 ) );
#11456 = DIRECTION( '', ( -0.906307787036669, -0.422618261740659, 9.76073122812572E-015 ) );
#11457 = DIRECTION( '', ( 0.390448362087690, -0.837319214598778, -0.382683432365090 ) );
#11458 = DIRECTION( '', ( 0.000000000000000, 0.000000000000000, 1.00000000000000 ) );
#11459 = DIRECTION( '', ( 0.000000000000000, 0.000000000000000, 1.00000000000000 ) );
#11460 = CARTESIAN_POINT( '', ( 0.00125000000000000, 0.000870000000000000, 0.00175000000000000 ) );
#11461 = DIRECTION( '', ( 1.00000000000000, 0.000000000000000, 0.000000000000000 ) );
#11462 = DIRECTION( '', ( 0.000000000000000, 1.00000000000000, 0.000000000000000 ) );
#11463 = CARTESIAN_POINT( '', ( 0.00120000000000000, 0.000870000000000000, 0.00175000000000000 ) );
#11464 = DIRECTION( '', ( 1.00000000000000, 0.000000000000000, 0.000000000000000 ) );
#11465 = DIRECTION( '', ( 0.000000000000000, 1.00000000000000, 0.000000000000000 ) );
#11466 = DIRECTION( '', ( -1.00000000000000, 0.000000000000000, 0.000000000000000 ) );
#11467 = DIRECTION( '', ( 0.000000000000000, 0.000000000000000, 1.00000000000000 ) );
#11468 = CARTESIAN_POINT( '', ( 0.00187000000000000, 0.00127000000000000, 0.000400000000000000 ) );
#11469 = DIRECTION( '', ( 0.000000000000000, -0.000000000000000, 1.00000000000000 ) );
#11470 = DIRECTION( '', ( 0.396738031570891, 0.917931878902380, 0.000000000000000 ) );
#11471 = DIRECTION( '', ( 1.00000000000000, 0.000000000000000, 0.000000000000000 ) );
#11472 = DIRECTION( '', ( 0.000000000000000, 0.000000000000000, 1.00000000000000 ) );
#11473 = DIRECTION( '', ( 1.00000000000000, 0.000000000000000, 0.000000000000000 ) );
#11474 = DIRECTION( '', ( -1.00000000000000, 0.000000000000000, 0.000000000000000 ) );
#11475 = DIRECTION( '', ( 1.00000000000000, 0.000000000000000, 0.000000000000000 ) );
#11476 = DIRECTION( '', ( -1.00000000000000, 0.000000000000000, 0.000000000000000 ) );
#11477 = DIRECTION( '', ( 0.000000000000000, 0.000000000000000, -1.00000000000000 ) );
#11478 = CARTESIAN_POINT( '', ( -0.00200000000000000, 0.00132000000000000, 0.00113540227526100 ) );
#11479 = DIRECTION( '', ( -0.000000000000000, 1.00000000000000, 0.000000000000000 ) );
#11480 = DIRECTION( '', ( 1.00000000000000, 0.000000000000000, 0.000000000000000 ) );
#11481 = CARTESIAN_POINT( '', ( 0.000650000000000000, 0.00132000000000000, -0.00135000000000000 ) );
#11482 = DIRECTION( '', ( 0.000000000000000, 1.00000000000000, 0.000000000000000 ) );
#11483 = DIRECTION( '', ( -0.600000000000000, 0.000000000000000, 0.800000000000000 ) );
#11484 = DIRECTION( '', ( 1.00000000000000, 0.000000000000000, 0.000000000000000 ) );
#11485 = DIRECTION( '', ( 0.000000000000000, 1.00000000000000, 0.000000000000000 ) );
#11486 = DIRECTION( '', ( 0.000000000000000, 0.000000000000000, 1.00000000000000 ) );
#11487 = DIRECTION( '', ( 0.000000000000000, 0.000000000000000, 1.00000000000000 ) );
#11488 = DIRECTION( '', ( -0.985723207226374, 0.168373865951196, 0.000000000000000 ) );
#11489 = CARTESIAN_POINT( '', ( -0.00200000000000000, 0.00132000000000000, 0.000225000000000000 ) );
#11490 = DIRECTION( '', ( -0.000000000000000, 1.00000000000000, 0.000000000000000 ) );
#11491 = DIRECTION( '', ( 0.650000000000016, 0.000000000000000, 0.759934207678519 ) );
#11492 = CARTESIAN_POINT( '', ( 0.00120000000000000, 0.000370000000000000, 0.00185000000000000 ) );
#11493 = DIRECTION( '', ( 1.00000000000000, 0.000000000000000, 0.000000000000000 ) );
#11494 = DIRECTION( '', ( 0.000000000000000, -1.00000000000000, 0.000000000000000 ) );
#11495 = CARTESIAN_POINT( '', ( 0.00120000000000000, 0.000370000000000000, 0.00185000000000000 ) );
#11496 = DIRECTION( '', ( 0.000000000000000, 0.000000000000000, 1.00000000000000 ) );
#11497 = DIRECTION( '', ( 0.000000000000000, -1.00000000000000, 0.000000000000000 ) );
#11498 = CARTESIAN_POINT( '', ( -0.00120000000000000, 0.000370000000000000, 0.00185000000000000 ) );
#11499 = DIRECTION( '', ( 1.00000000000000, 0.000000000000000, 0.000000000000000 ) );
#11500 = DIRECTION( '', ( 0.000000000000000, -1.00000000000000, 0.000000000000000 ) );
#11501 = CARTESIAN_POINT( '', ( -0.00118000000000000, 0.00132000000000000, 0.00208000000000000 ) );
#11502 = DIRECTION( '', ( 0.000000000000000, -1.00000000000000, 0.000000000000000 ) );
#11503 = DIRECTION( '', ( 0.000000000000000, 0.000000000000000, 1.00000000000000 ) );
#11504 = CARTESIAN_POINT( '', ( -0.00118000000000000, 0.00137000000000000, 0.00208000000000000 ) );
#11505 = DIRECTION( '', ( 0.000000000000000, -1.00000000000000, 0.000000000000000 ) );
#11506 = DIRECTION( '', ( 0.000000000000000, 0.000000000000000, 1.00000000000000 ) );
#11507 = DIRECTION( '', ( 0.473847821061800, 0.000000000000000, -0.880606746780300 ) );
#11508 = DIRECTION( '', ( 0.628076150645514, 0.000000000000000, -0.778151880413017 ) );
#11509 = DIRECTION( '', ( 0.473847689650070, 0.000000000000000, 0.880606817491944 ) );
#11510 = DIRECTION( '', ( 0.000000000000000, 0.000000000000000, 1.00000000000000 ) );
#11511 = DIRECTION( '', ( -0.628076150645514, 0.000000000000000, -0.778151880413017 ) );
#11512 = DIRECTION( '', ( -1.00000000000000, 0.000000000000000, 0.000000000000000 ) );
#11513 = CARTESIAN_POINT( '', ( 0.00202000000000000, 0.000743539816339700, -0.000629195449478300 ) );
#11514 = DIRECTION( '', ( 1.00000000000000, 0.000000000000000, 0.000000000000000 ) );
#11515 = DIRECTION( '', ( 0.000000000000000, -0.133333333333305, -0.991071249821238 ) );
#11516 = DIRECTION( '', ( 2.01759556424900E-013, 5.04398891062200E-014, -1.00000000000000 ) );
#11517 = DIRECTION( '', ( -1.00000000000000, 0.000000000000000, 0.000000000000000 ) );
#11518 = DIRECTION( '', ( 0.000000000000000, -1.00000000000000, 0.000000000000000 ) );
#11519 = DIRECTION( '', ( -1.00000000000000, 0.000000000000000, 0.000000000000000 ) );
#11520 = DIRECTION( '', ( 0.000000000000000, 1.00000000000000, 0.000000000000000 ) );
#11521 = DIRECTION( '', ( 0.000000000000000, -1.00000000000000, 0.000000000000000 ) );
#11522 = DIRECTION( '', ( 0.000000000000000, 1.00000000000000, 0.000000000000000 ) );
#11523 = DIRECTION( '', ( 0.000000000000000, 1.00000000000000, 0.000000000000000 ) );
#11524 = DIRECTION( '', ( 0.000000000000000, 1.00000000000000, 0.000000000000000 ) );
#11525 = CARTESIAN_POINT( '', ( 0.00118000000000000, 0.00132000000000000, 0.00208000000000000 ) );
#11526 = DIRECTION( '', ( 0.000000000000000, -1.00000000000000, 0.000000000000000 ) );
#11527 = DIRECTION( '', ( 1.00000000000000, 0.000000000000000, 0.000000000000000 ) );
#11528 = DIRECTION( '', ( 0.000000000000000, -1.00000000000000, 0.000000000000000 ) );
#11529 = DIRECTION( '', ( 0.000000000000000, 1.00000000000000, 0.000000000000000 ) );
#11530 = DIRECTION( '', ( 0.000000000000000, 1.00000000000000, 0.000000000000000 ) );
#11531 = DIRECTION( '', ( -1.00000000000000, 0.000000000000000, 0.000000000000000 ) );
#11532 = DIRECTION( '', ( -1.11022302462500E-014, -1.00000000000000, 0.000000000000000 ) );
#11533 = DIRECTION( '', ( 0.000000000000000, 0.156434465040207, -0.987688340595142 ) );
#11534 = DIRECTION( '', ( -0.906307787036659, -0.422618261740681, 0.000000000000000 ) );
#11535 = DIRECTION( '', ( 0.000000000000000, 0.000000000000000, 1.00000000000000 ) );
#11536 = CARTESIAN_POINT( '', ( 0.00202000000000000, 0.000743539816339700, 0.000629195449478300 ) );
#11537 = DIRECTION( '', ( 1.00000000000000, 0.000000000000000, 0.000000000000000 ) );
#11538 = DIRECTION( '', ( 0.000000000000000, -0.102028865498595, 0.994781438611050 ) );
#11539 = CARTESIAN_POINT( '', ( 0.00199722557145100, 0.000752379735974500, 0.000459673710213900 ) );
#11540 = DIRECTION( '', ( 0.906307787036659, 0.422618261740681, 0.000000000000000 ) );
#11541 = DIRECTION( '', ( 0.422618261740681, -0.906307787036659, 0.000000000000000 ) );
#11542 = DIRECTION( '', ( 0.000000000000000, 1.00000000000000, 0.000000000000000 ) );
#11543 = DIRECTION( '', ( 1.00000000000000, 0.000000000000000, 0.000000000000000 ) );
#11544 = DIRECTION( '', ( 0.171341174751197, 0.000000000000000, -0.985211754819683 ) );
#11545 = DIRECTION( '', ( -1.00000000000000, 0.000000000000000, 0.000000000000000 ) );
#11546 = DIRECTION( '', ( 1.00000000000000, 0.000000000000000, 0.000000000000000 ) );
#11547 = DIRECTION( '', ( 0.000000000000000, 0.000000000000000, -1.00000000000000 ) );
#11548 = CARTESIAN_POINT( '', ( 0.00120000000000000, 0.00132000000000000, 0.00140000000000000 ) );
#11549 = DIRECTION( '', ( -0.000000000000000, 1.00000000000000, 0.000000000000000 ) );
#11550 = DIRECTION( '', ( 1.00000000000000, 0.000000000000000, 0.000000000000000 ) );
#11551 = DIRECTION( '', ( 0.000000000000000, -0.996657521232313, -0.0816932394452711 ) );
#11552 = DIRECTION( '', ( 0.000000000000000, 0.000000000000000, 1.00000000000000 ) );
#11553 = DIRECTION( '', ( 0.000000000000000, -0.994781438611050, 0.102028865498595 ) );
#11554 = DIRECTION( '', ( 1.20003571364299E-007, -4.31866286115997E-008, 0.999999999999992 ) );
#11555 = CARTESIAN_POINT( '', ( 0.00202000000000000, 0.000765980074947300, -0.000355770041695400 ) );
#11556 = DIRECTION( '', ( -1.00000000000000, -0.000000000000000, 0.000000000000000 ) );
#11557 = DIRECTION( '', ( 0.000000000000000, -0.0816932394452710, -0.996657521232313 ) );
#11558 = CARTESIAN_POINT( '', ( 0.00199722557145100, 0.000752379735974500, -0.000459673710213900 ) );
#11559 = DIRECTION( '', ( 0.906307787036669, 0.422618261740659, 9.76073122812572E-015 ) );
#11560 = DIRECTION( '', ( 0.390448362087690, -0.837319214598778, 0.382683432365090 ) );
#11561 = DIRECTION( '', ( -0.906307787036659, -0.422618261740681, 0.000000000000000 ) );
#11562 = DIRECTION( '', ( -0.161729006983098, 0.346828974722395, 0.923879532511287 ) );
#11563 = DIRECTION( '', ( 0.906307787036659, 0.422618261740681, 0.000000000000000 ) );
#11564 = CARTESIAN_POINT( '', ( 0.00219122097674800, 0.000336355246767700, 0.000000000000000 ) );
#11565 = DIRECTION( '', ( -0.906307787036669, -0.422618261740659, 9.76073122812572E-015 ) );
#11566 = DIRECTION( '', ( -0.390448362087690, 0.837319214598778, 0.382683432365090 ) );
#11567 = DIRECTION( '', ( -1.00000000000000, 0.000000000000000, 0.000000000000000 ) );
#11568 = CARTESIAN_POINT( '', ( -0.00120000000000000, 0.000370000000000000, 0.00208341007191600 ) );
#11569 = DIRECTION( '', ( -1.00000000000000, 0.000000000000000, 0.000000000000000 ) );
#11570 = DIRECTION( '', ( 0.000000000000000, -1.00000000000000, 0.000000000000000 ) );
#11571 = DIRECTION( '', ( 0.000000000000000, -1.00000000000000, 0.000000000000000 ) );
#11572 = DIRECTION( '', ( 0.000000000000000, 0.156434465040207, -0.987688340595142 ) );
#11573 = DIRECTION( '', ( 0.000000000000000, 0.000000000000000, 1.00000000000000 ) );
ENDSEC;
END-ISO-10303-21;
