ISO-10303-21;
HEADER;
FILE_DESCRIPTION (( 'STEP AP214' ),
    '1' );
FILE_NAME ('YC102-FR-07100KT.STEP',
    '2023-04-20T10:56:23',
    ( '' ),
    ( '' ),
    'SwSTEP 2.0',
    'SolidWorks 2021',
    '' );
FILE_SCHEMA (( 'AUTOMOTIVE_DESIGN' ));
ENDSEC;

DATA;
#1 = VECTOR ( 'NONE', #612, 1000.000000000000000 ) ;
#2 = CARTESIAN_POINT ( 'NONE',  ( -0.1499999999999999667, 0.02249999999999999917, 0.1499999999999999389 ) ) ;
#3 = ORIENTED_EDGE ( 'NONE', *, *, #994, .T. ) ;
#4 = EDGE_LOOP ( 'NONE', ( #1272, #1558, #311, #907 ) ) ;
#5 = SHAPE_REPRESENTATION ( 'Resistor_Array_YC_102_YC102-FR-07100KT', ( #1565 ), #1656 ) ;
#6 = DIRECTION ( 'NONE',  ( 0.000000000000000000, 1.000000000000000000, 0.000000000000000000 ) ) ;
#7 = ADVANCED_FACE ( 'NONE', ( #1495 ), #478, .F. ) ;
#8 = CARTESIAN_POINT ( 'NONE',  ( 0.1499999999999999667, 0.000000000000000000, 0.1499999999999999389 ) ) ;
#9 = CARTESIAN_POINT ( 'NONE',  ( -0.3999999999999999667, 0.000000000000000000, -0.2999999999999999334 ) ) ;
#10 = LINE ( 'NONE', #860, #458 ) ;
#11 = CARTESIAN_POINT ( 'NONE',  ( 0.1499999999999999667, 0.02249999999999999917, 0.2775000000000000244 ) ) ;
#12 = ORIENTED_EDGE ( 'NONE', *, *, #726, .T. ) ;
#13 = ORIENTED_EDGE ( 'NONE', *, *, #1282, .T. ) ;
#14 = FILL_AREA_STYLE_COLOUR ( '', #1334 ) ;
#15 = FACE_OUTER_BOUND ( 'NONE', #235, .T. ) ;
#16 = PLANE ( 'NONE',  #1621 ) ;
#17 = PLANE ( 'NONE',  #981 ) ;
#18 = CARTESIAN_POINT ( 'NONE',  ( 0.1499999999999999667, 0.02249999999999999917, 0.2775000000000000244 ) ) ;
#19 = ADVANCED_FACE ( 'NONE', ( #232 ), #645, .T. ) ;
#20 = ORIENTED_EDGE ( 'NONE', *, *, #598, .F. ) ;
#21 = VERTEX_POINT ( 'NONE', #1181 ) ;
#22 = LINE ( 'NONE', #1541, #1508 ) ;
#23 =( LENGTH_UNIT ( ) NAMED_UNIT ( * ) SI_UNIT ( .MILLI., .METRE. ) );
#24 = AXIS2_PLACEMENT_3D ( 'NONE', #159, #460, #725 ) ;
#25 = CARTESIAN_POINT ( 'NONE',  ( 0.3999999999999999667, 0.4499999999999999556, 0.1349999999999999256 ) ) ;
#26 = ORIENTED_EDGE ( 'NONE', *, *, #795, .T. ) ;
#27 = AXIS2_PLACEMENT_3D ( 'NONE', #365, #918, #1524 ) ;
#28 =( GEOMETRIC_REPRESENTATION_CONTEXT ( 3 ) GLOBAL_UNCERTAINTY_ASSIGNED_CONTEXT ( ( #301 ) ) GLOBAL_UNIT_ASSIGNED_CONTEXT ( ( #716, #1295, #1705 ) ) REPRESENTATION_CONTEXT ( 'NONE', 'WORKASPACE' ) );
#29 = AXIS2_PLACEMENT_3D ( 'NONE', #891, #78, #465 ) ;
#30 = ADVANCED_FACE ( 'NONE', ( #1457 ), #1047, .F. ) ;
#31 = ORIENTED_EDGE ( 'NONE', *, *, #504, .F. ) ;
#32 = STYLED_ITEM ( 'NONE', ( #1523 ), #828 ) ;
#33 = EDGE_CURVE ( 'NONE', #1600, #373, #616, .T. ) ;
#34 = ORIENTED_EDGE ( 'NONE', *, *, #757, .F. ) ;
#35 = DIRECTION ( 'NONE',  ( 1.000000000000000000, 0.000000000000000000, 0.000000000000000000 ) ) ;
#36 = VERTEX_POINT ( 'NONE', #1204 ) ;
#37 = DIRECTION ( 'NONE',  ( 0.000000000000000000, 1.000000000000000000, 0.000000000000000000 ) ) ;
#38 = ORIENTED_EDGE ( 'NONE', *, *, #425, .T. ) ;
#39 = ORIENTED_EDGE ( 'NONE', *, *, #352, .T. ) ;
#40 = EDGE_CURVE ( 'NONE', #67, #983, #347, .T. ) ;
#41 = DIRECTION ( 'NONE',  ( 0.000000000000000000, 0.000000000000000000, 1.000000000000000000 ) ) ;
#42 = UNCERTAINTY_MEASURE_WITH_UNIT (LENGTH_MEASURE( 1.000000000000000082E-05 ), #23, 'distance_accuracy_value', 'NONE');
#43 = ORIENTED_EDGE ( 'NONE', *, *, #760, .T. ) ;
#44 = DIRECTION ( 'NONE',  ( 0.000000000000000000, -1.000000000000000000, -0.000000000000000000 ) ) ;
#45 = ORIENTED_EDGE ( 'NONE', *, *, #1582, .F. ) ;
#46 = DIRECTION ( 'NONE',  ( -1.000000000000000000, -0.000000000000000000, 0.000000000000000000 ) ) ;
#47 = ORIENTED_EDGE ( 'NONE', *, *, #650, .F. ) ;
#48 = EDGE_CURVE ( 'NONE', #568, #1166, #96, .T. ) ;
#49 = DIRECTION ( 'NONE',  ( -1.000000000000000000, -0.000000000000000000, -0.000000000000000000 ) ) ;
#50 = CARTESIAN_POINT ( 'NONE',  ( -0.7033562262423501688, 0.4050000000000000266, -0.1124999999999999473 ) ) ;
#51 = DIRECTION ( 'NONE',  ( -1.000000000000000000, -0.000000000000000000, 0.000000000000000000 ) ) ;
#52 = SURFACE_SIDE_STYLE ('',( #186 ) ) ;
#53 = ORIENTED_EDGE ( 'NONE', *, *, #307, .T. ) ;
#54 = AXIS2_PLACEMENT_3D ( 'NONE', #1214, #958, #647 ) ;
#55 = AXIS2_PLACEMENT_3D ( 'NONE', #1468, #1194, #1725 ) ;
#56 = AXIS2_PLACEMENT_3D ( 'NONE', #881, #1676, #277 ) ;
#57 = LINE ( 'NONE', #839, #724 ) ;
#58 = ORIENTED_EDGE ( 'NONE', *, *, #163, .T. ) ;
#59 = VECTOR ( 'NONE', #147, 1000.000000000000000 ) ;
#60 = VECTOR ( 'NONE', #1440, 1000.000000000000000 ) ;
#61 = LINE ( 'NONE', #241, #1189 ) ;
#62 = CARTESIAN_POINT ( 'NONE',  ( -0.7033562262423501688, 0.4050000000000000266, 0.1124999999999999473 ) ) ;
#63 = EDGE_CURVE ( 'NONE', #755, #1552, #1487, .T. ) ;
#64 = CARTESIAN_POINT ( 'NONE',  ( -0.1499999999999999667, 0.000000000000000000, 0.000000000000000000 ) ) ;
#65 = CARTESIAN_POINT ( 'NONE',  ( -0.3999999999999999667, 0.4274999999999999911, 0.1499999999999999389 ) ) ;
#66 = VERTEX_POINT ( 'NONE', #389 ) ;
#67 = VERTEX_POINT ( 'NONE', #699 ) ;
#68 = ORIENTED_EDGE ( 'NONE', *, *, #1207, .T. ) ;
#69 = SURFACE_STYLE_USAGE ( .BOTH. , #909 ) ;
#70 = DIRECTION ( 'NONE',  ( 0.000000000000000000, 0.000000000000000000, -1.000000000000000000 ) ) ;
#71 = LINE ( 'NONE', #1324, #786 ) ;
#72 = LINE ( 'NONE', #1325, #1306 ) ;
#73 = FACE_OUTER_BOUND ( 'NONE', #257, .T. ) ;
#74 = ORIENTED_EDGE ( 'NONE', *, *, #1199, .T. ) ;
#75 = ADVANCED_FACE ( 'NONE', ( #112 ), #809, .F. ) ;
#76 = ORIENTED_EDGE ( 'NONE', *, *, #650, .T. ) ;
#77 = EDGE_LOOP ( 'NONE', ( #890, #1248, #491, #1084, #743, #426, #1152, #275 ) ) ;
#78 = DIRECTION ( 'NONE',  ( 0.000000000000000000, 0.000000000000000000, 1.000000000000000000 ) ) ;
#79 = VERTEX_POINT ( 'NONE', #1369 ) ;
#80 = DIRECTION ( 'NONE',  ( 1.000000000000000000, 0.000000000000000000, 0.000000000000000000 ) ) ;
#81 = DIRECTION ( 'NONE',  ( 1.000000000000000000, -0.000000000000000000, 0.000000000000000000 ) ) ;
#82 = CARTESIAN_POINT ( 'NONE',  ( -0.1499999999999999667, 0.4050000000000000266, 0.1124999999999999473 ) ) ;
#83 = DIRECTION ( 'NONE',  ( -1.000000000000000000, 0.000000000000000000, 0.000000000000000000 ) ) ;
#84 = DIRECTION ( 'NONE',  ( 1.000000000000000000, -0.000000000000000000, -0.000000000000000000 ) ) ;
#85 = ORIENTED_EDGE ( 'NONE', *, *, #815, .T. ) ;
#86 = VERTEX_POINT ( 'NONE', #415 ) ;
#87 = VECTOR ( 'NONE', #1249, 1000.000000000000000 ) ;
#88 = ADVANCED_FACE ( 'NONE', ( #1083 ), #540, .F. ) ;
#89 = CARTESIAN_POINT ( 'NONE',  ( 0.000000000000000000, 0.000000000000000000, 0.000000000000000000 ) ) ;
#90 = VECTOR ( 'NONE', #676, 1000.000000000000000 ) ;
#91 = EDGE_LOOP ( 'NONE', ( #472, #251, #1528, #901 ) ) ;
#92 = VECTOR ( 'NONE', #1784, 1000.000000000000000 ) ;
#93 = CARTESIAN_POINT ( 'NONE',  ( -0.7033562262423501688, 0.4499999999999999556, 0.1349999999999999256 ) ) ;
#94 = DIRECTION ( 'NONE',  ( 0.000000000000000000, 0.000000000000000000, 1.000000000000000000 ) ) ;
#95 = CARTESIAN_POINT ( 'NONE',  ( 0.1499999999999999667, 0.4050000000000000266, 0.1124999999999999473 ) ) ;
#96 = LINE ( 'NONE', #371, #1070 ) ;
#97 = ORIENTED_EDGE ( 'NONE', *, *, #330, .T. ) ;
#98 = EDGE_CURVE ( 'NONE', #67, #1520, #1664, .T. ) ;
#99 = CARTESIAN_POINT ( 'NONE',  ( -0.1499999999999999667, 0.4050000000000000266, -0.1124999999999999473 ) ) ;
#100 = CARTESIAN_POINT ( 'NONE',  ( 0.3999999999999999667, 0.4050000000000000266, 0.1124999999999999473 ) ) ;
#101 = CARTESIAN_POINT ( 'NONE',  ( -0.3999999999999999667, 0.4499999999999999556, 0.1349999999999999256 ) ) ;
#102 = PRODUCT_DEFINITION_SHAPE ( 'NONE', 'NONE',  #1794 ) ;
#103 = ORIENTED_EDGE ( 'NONE', *, *, #1017, .T. ) ;
#104 = ORIENTED_EDGE ( 'NONE', *, *, #569, .F. ) ;
#105 = PRODUCT_CONTEXT ( 'NONE', #1185, 'mechanical' ) ;
#106 = ORIENTED_EDGE ( 'NONE', *, *, #272, .T. ) ;
#107 = CARTESIAN_POINT ( 'NONE',  ( -0.1499999999999999667, 0.4049999999999999711, 0.2775000000000000244 ) ) ;
#108 = EDGE_CURVE ( 'NONE', #774, #1290, #1376, .T. ) ;
#109 = DIRECTION ( 'NONE',  ( 1.000000000000000000, 0.000000000000000000, 0.000000000000000000 ) ) ;
#110 = EDGE_CURVE ( 'NONE', #281, #461, #663, .T. ) ;
#111 = PRESENTATION_STYLE_ASSIGNMENT (( #396 ) ) ;
#112 = FACE_OUTER_BOUND ( 'NONE', #622, .T. ) ;
#113 = ORIENTED_EDGE ( 'NONE', *, *, #1787, .T. ) ;
#114 = CONTEXT_DEPENDENT_SHAPE_REPRESENTATION ( #623, #102 ) ;
#115 = VECTOR ( 'NONE', #164, 1000.000000000000000 ) ;
#116 = AXIS2_PLACEMENT_3D ( 'NONE', #1098, #1253, #1363 ) ;
#117 = PRODUCT ( 'Resistor_Array_YC_102_YC102-FR-07100KT', 'Resistor_Array_YC_102_YC102-FR-07100KT', '', ( #105 ) ) ;
#118 = FACE_OUTER_BOUND ( 'NONE', #194, .T. ) ;
#119 = MECHANICAL_DESIGN_GEOMETRIC_PRESENTATION_REPRESENTATION (  '', ( #1130 ), #780 ) ;
#120 = DIRECTION ( 'NONE',  ( 0.000000000000000000, 1.000000000000000000, 0.000000000000000000 ) ) ;
#121 = PRESENTATION_LAYER_ASSIGNMENT (  '', '', ( #927 ) ) ;
#122 = PRODUCT_DEFINITION ( 'UNKNOWN', '', #1712, #279 ) ;
#123 = CARTESIAN_POINT ( 'NONE',  ( 0.1499999999999999667, 0.4274999999999999911, 0.2999999999999999334 ) ) ;
#124 = EDGE_CURVE ( 'NONE', #1521, #1665, #552, .T. ) ;
#125 = DIRECTION ( 'NONE',  ( 1.000000000000000000, -0.000000000000000000, -0.000000000000000000 ) ) ;
#126 = ORIENTED_EDGE ( 'NONE', *, *, #1137, .F. ) ;
#127 = CARTESIAN_POINT ( 'NONE',  ( 0.3999999999999999667, 0.4500000000000000111, -0.1349999999999999256 ) ) ;
#128 = CARTESIAN_POINT ( 'NONE',  ( -0.1499999999999999667, 0.4274999999999999911, -0.2999999999999999334 ) ) ;
#129 = CARTESIAN_POINT ( 'NONE',  ( -0.1499999999999999667, 0.02249999999999999917, 0.1499999999999999389 ) ) ;
#130 = DIRECTION ( 'NONE',  ( -0.000000000000000000, -1.000000000000000000, -0.000000000000000000 ) ) ;
#131 = FILL_AREA_STYLE ('',( #1108 ) ) ;
#132 = LINE ( 'NONE', #680, #484 ) ;
#133 = EDGE_CURVE ( 'NONE', #1460, #1386, #830, .T. ) ;
#134 = ORIENTED_EDGE ( 'NONE', *, *, #1573, .F. ) ;
#135 = CARTESIAN_POINT ( 'NONE',  ( 0.3999999999999999667, 0.4274999999999999911, -0.2999999999999999334 ) ) ;
#136 = LINE ( 'NONE', #684, #1764 ) ;
#137 = CARTESIAN_POINT ( 'NONE',  ( 0.1499999999999999667, 0.4049999999999999711, 0.2775000000000000244 ) ) ;
#138 = DIRECTION ( 'NONE',  ( 0.000000000000000000, 1.000000000000000000, 0.000000000000000000 ) ) ;
#139 = VERTEX_POINT ( 'NONE', #397 ) ;
#140 = ORIENTED_EDGE ( 'NONE', *, *, #823, .T. ) ;
#141 = EDGE_CURVE ( 'NONE', #1640, #166, #423, .T. ) ;
#142 = CARTESIAN_POINT ( 'NONE',  ( -0.3999999999999999667, 0.4274999999999999911, 0.1124999999999999473 ) ) ;
#143 = LINE ( 'NONE', #1430, #753 ) ;
#144 = AXIS2_PLACEMENT_3D ( 'NONE', #528, #109, #1060 ) ;
#145 = MECHANICAL_DESIGN_GEOMETRIC_PRESENTATION_REPRESENTATION (  '', ( #1735 ), #1562 ) ;
#146 = CARTESIAN_POINT ( 'NONE',  ( 0.1499999999999999667, 0.4274999999999999911, -0.2999999999999999334 ) ) ;
#147 = DIRECTION ( 'NONE',  ( 0.000000000000000000, 1.000000000000000000, 0.000000000000000000 ) ) ;
#148 = AXIS2_PLACEMENT_3D ( 'NONE', #1789, #463, #1434 ) ;
#149 = VECTOR ( 'NONE', #248, 1000.000000000000000 ) ;
#150 = CARTESIAN_POINT ( 'NONE',  ( -0.3999999999999999667, 0.4050000000000000266, -0.1124999999999999473 ) ) ;
#151 = ORIENTED_EDGE ( 'NONE', *, *, #1029, .T. ) ;
#152 = ORIENTED_EDGE ( 'NONE', *, *, #48, .F. ) ;
#153 = DIRECTION ( 'NONE',  ( 1.000000000000000000, -0.000000000000000000, -0.000000000000000000 ) ) ;
#154 = CARTESIAN_POINT ( 'NONE',  ( -0.3999999999999999667, 0.4050000000000000266, 0.1124999999999999473 ) ) ;
#155 = ADVANCED_FACE ( 'NONE', ( #1244 ), #560, .F. ) ;
#156 = CARTESIAN_POINT ( 'NONE',  ( -0.3999999999999999667, 0.4050000000000000266, -0.1124999999999999473 ) ) ;
#157 = PLANE ( 'NONE',  #1217 ) ;
#158 = DIRECTION ( 'NONE',  ( -1.000000000000000000, 0.000000000000000000, 0.000000000000000000 ) ) ;
#159 = CARTESIAN_POINT ( 'NONE',  ( 0.1499999999999999667, 0.4049999999999999711, 0.2775000000000000244 ) ) ;
#160 = ORIENTED_EDGE ( 'NONE', *, *, #1401, .T. ) ;
#161 = VERTEX_POINT ( 'NONE', #1118 ) ;
#162 = CARTESIAN_POINT ( 'NONE',  ( 0.3999999999999999667, 0.000000000000000000, 0.000000000000000000 ) ) ;
#163 = EDGE_CURVE ( 'NONE', #554, #1111, #524, .T. ) ;
#164 = DIRECTION ( 'NONE',  ( 1.000000000000000000, 0.000000000000000000, 0.000000000000000000 ) ) ;
#165 = LINE ( 'NONE', #1269, #550 ) ;
#166 = VERTEX_POINT ( 'NONE', #1771 ) ;
#167 = ADVANCED_FACE ( 'NONE', ( #945 ), #1502, .T. ) ;
#168 = CARTESIAN_POINT ( 'NONE',  ( -0.3999999999999996891, 0.02249999999999999917, 0.2775000000000000244 ) ) ;
#169 = ORIENTED_EDGE ( 'NONE', *, *, #414, .F. ) ;
#170 = ORIENTED_EDGE ( 'NONE', *, *, #1371, .F. ) ;
#171 = LINE ( 'NONE', #558, #953 ) ;
#172 = CARTESIAN_POINT ( 'NONE',  ( 0.1499999999999999667, 0.02249999999999999917, -0.1499999999999999389 ) ) ;
#173 = UNCERTAINTY_MEASURE_WITH_UNIT (LENGTH_MEASURE( 1.000000000000000082E-05 ), #1785, 'distance_accuracy_value', 'NONE');
#174 = EDGE_LOOP ( 'NONE', ( #1691, #1329, #225, #140 ) ) ;
#175 = AXIS2_PLACEMENT_3D ( 'NONE', #1322, #80, #1479 ) ;
#176 = AXIS2_PLACEMENT_3D ( 'NONE', #513, #1071, #1494 ) ;
#177 =( GEOMETRIC_REPRESENTATION_CONTEXT ( 3 ) GLOBAL_UNCERTAINTY_ASSIGNED_CONTEXT ( ( #970 ) ) GLOBAL_UNIT_ASSIGNED_CONTEXT ( ( #1311, #1459, #738 ) ) REPRESENTATION_CONTEXT ( 'NONE', 'WORKASPACE' ) );
#178 = LINE ( 'NONE', #168, #1561 ) ;
#179 = VERTEX_POINT ( 'NONE', #816 ) ;
#180 = ADVANCED_FACE ( 'NONE', ( #672 ), #1778, .F. ) ;
#181 = VECTOR ( 'NONE', #566, 1000.000000000000000 ) ;
#182 = ORIENTED_EDGE ( 'NONE', *, *, #579, .T. ) ;
#183 = CARTESIAN_POINT ( 'NONE',  ( 0.1499999999999999667, 0.4274999999999999911, 0.2999999999999999334 ) ) ;
#184 = DIRECTION ( 'NONE',  ( 0.000000000000000000, -1.000000000000000000, -0.000000000000000000 ) ) ;
#185 = EDGE_LOOP ( 'NONE', ( #1102, #785, #1469, #578 ) ) ;
#186 = SURFACE_STYLE_FILL_AREA ( #1424 ) ;
#187 = ORIENTED_EDGE ( 'NONE', *, *, #40, .F. ) ;
#188 = EDGE_CURVE ( 'NONE', #281, #872, #132, .T. ) ;
#189 = CARTESIAN_POINT ( 'NONE',  ( 0.3999999999999999667, 0.4050000000000000266, -0.1124999999999999473 ) ) ;
#190 = ORIENTED_EDGE ( 'NONE', *, *, #1716, .F. ) ;
#191 = CARTESIAN_POINT ( 'NONE',  ( -0.1499999999999999667, 0.000000000000000000, 0.000000000000000000 ) ) ;
#192 = DIRECTION ( 'NONE',  ( -1.000000000000000000, 0.000000000000000000, -0.000000000000000000 ) ) ;
#193 = FILL_AREA_STYLE_COLOUR ( '', #719 ) ;
#194 = EDGE_LOOP ( 'NONE', ( #1150, #1634, #1659, #516 ) ) ;
#195 = PLANE ( 'NONE',  #56 ) ;
#196 = ORIENTED_EDGE ( 'NONE', *, *, #659, .T. ) ;
#197 = DIRECTION ( 'NONE',  ( -0.000000000000000000, 1.000000000000000000, 0.000000000000000000 ) ) ;
#198 = CARTESIAN_POINT ( 'NONE',  ( 0.3999999999999999667, 0.4050000000000000266, -0.1124999999999999473 ) ) ;
#199 = CARTESIAN_POINT ( 'NONE',  ( -0.3999999999999999667, 0.4274999999999999911, -0.1499999999999999389 ) ) ;
#200 = DIRECTION ( 'NONE',  ( 0.000000000000000000, -1.000000000000000000, 0.000000000000000000 ) ) ;
#201 = VERTEX_POINT ( 'NONE', #1163 ) ;
#202 = AXIS2_PLACEMENT_3D ( 'NONE', #1121, #1252, #697 ) ;
#203 = VECTOR ( 'NONE', #1035, 1000.000000000000000 ) ;
#204 = PRESENTATION_LAYER_ASSIGNMENT (  '', '', ( #1130 ) ) ;
#205 = SURFACE_SIDE_STYLE ('',( #1289 ) ) ;
#206 = ORIENTED_EDGE ( 'NONE', *, *, #1573, .T. ) ;
#207 = VECTOR ( 'NONE', #1516, 1000.000000000000000 ) ;
#208 = APPLICATION_PROTOCOL_DEFINITION ( 'draft international standard', 'automotive_design', 1998, #1278 ) ;
#209 = LINE ( 'NONE', #474, #1533 ) ;
#210 = ADVANCED_FACE ( 'NONE', ( #303 ), #584, .F. ) ;
#211 = CARTESIAN_POINT ( 'NONE',  ( 0.1499999999999999667, 0.02249999999999999917, -0.1499999999999999389 ) ) ;
#212 = CARTESIAN_POINT ( 'NONE',  ( -0.1499999999999999667, 0.4050000000000000266, -0.1124999999999999473 ) ) ;
#213 = CARTESIAN_POINT ( 'NONE',  ( 0.3999999999999999667, 0.000000000000000000, -0.1499999999999999389 ) ) ;
#214 = VERTEX_POINT ( 'NONE', #1432 ) ;
#215 = DIRECTION ( 'NONE',  ( -1.000000000000000000, 0.000000000000000000, 0.000000000000000000 ) ) ;
#216 = ORIENTED_EDGE ( 'NONE', *, *, #863, .T. ) ;
#217 = VERTEX_POINT ( 'NONE', #592 ) ;
#218 = CARTESIAN_POINT ( 'NONE',  ( -0.1499999999999999667, 0.000000000000000000, 0.2999999999999999334 ) ) ;
#219 = LINE ( 'NONE', #1741, #691 ) ;
#220 = ADVANCED_FACE ( 'NONE', ( #1698 ), #1287, .T. ) ;
#221 = CARTESIAN_POINT ( 'NONE',  ( -0.1499999999999999667, 0.4049999999999999711, -0.2775000000000000244 ) ) ;
#222 = CARTESIAN_POINT ( 'NONE',  ( 0.4000000000000000777, 0.02249999999999999917, 0.2775000000000000244 ) ) ;
#223 = EDGE_LOOP ( 'NONE', ( #664, #1724, #1231, #1743 ) ) ;
#224 = ADVANCED_FACE ( 'NONE', ( #449 ), #1571, .F. ) ;
#225 = ORIENTED_EDGE ( 'NONE', *, *, #48, .T. ) ;
#226 = APPLICATION_CONTEXT ( 'automotive_design' ) ;
#227 = ORIENTED_EDGE ( 'NONE', *, *, #671, .T. ) ;
#228 = PLANE ( 'NONE',  #1708 ) ;
#229 = FACE_OUTER_BOUND ( 'NONE', #628, .T. ) ;
#230 = FACE_OUTER_BOUND ( 'NONE', #1036, .T. ) ;
#231 = DIRECTION ( 'NONE',  ( 0.000000000000000000, 3.285461128743951052E-16, -1.000000000000000000 ) ) ;
#232 = FACE_OUTER_BOUND ( 'NONE', #993, .T. ) ;
#233 = EDGE_CURVE ( 'NONE', #1015, #214, #878, .T. ) ;
#234 = MECHANICAL_DESIGN_GEOMETRIC_PRESENTATION_REPRESENTATION (  '', ( #1416 ), #28 ) ;
#235 = EDGE_LOOP ( 'NONE', ( #882, #1238, #591, #1120 ) ) ;
#236 = PRODUCT_DEFINITION_SHAPE ( 'NONE', 'NONE',  #436 ) ;
#237 = AXIS2_PLACEMENT_3D ( 'NONE', #1052, #467, #1032 ) ;
#238 = AXIS2_PLACEMENT_3D ( 'NONE', #1051, #466, #788 ) ;
#239 = VECTOR ( 'NONE', #1372, 1000.000000000000000 ) ;
#240 = MANIFOLD_SOLID_BREP ( 'Mirror2[1]', #372 ) ;
#241 = CARTESIAN_POINT ( 'NONE',  ( -0.1499999999999999667, 0.4049999999999999711, 0.2775000000000000244 ) ) ;
#242 = CARTESIAN_POINT ( 'NONE',  ( -0.3999999999999999667, 0.4050000000000000266, 0.1124999999999999473 ) ) ;
#243 = DIRECTION ( 'NONE',  ( 1.000000000000000000, 0.000000000000000000, 0.000000000000000000 ) ) ;
#244 = EDGE_LOOP ( 'NONE', ( #1684, #1604, #206, #1692 ) ) ;
#245 = ORIENTED_EDGE ( 'NONE', *, *, #504, .T. ) ;
#246 = ADVANCED_BREP_SHAPE_REPRESENTATION ( '', ( #834, #844, #828, #240, #268, #1456, #1565 ), #1656 ) ;
#247 = EDGE_CURVE ( 'NONE', #1364, #331, #178, .T. ) ;
#248 = DIRECTION ( 'NONE',  ( -0.000000000000000000, 0.000000000000000000, 1.000000000000000000 ) ) ;
#249 = PLANE ( 'NONE',  #1535 ) ;
#250 = CARTESIAN_POINT ( 'NONE',  ( -0.1499999999999999667, 0.4274999999999999911, 0.2999999999999999334 ) ) ;
#251 = ORIENTED_EDGE ( 'NONE', *, *, #1773, .F. ) ;
#252 = DIRECTION ( 'NONE',  ( 0.000000000000000000, 0.000000000000000000, -1.000000000000000000 ) ) ;
#253 = CARTESIAN_POINT ( 'NONE',  ( -0.1499999999999999667, 0.4274999999999999911, 0.2999999999999999334 ) ) ;
#254 = DIRECTION ( 'NONE',  ( 0.000000000000000000, 0.000000000000000000, 1.000000000000000000 ) ) ;
#255 = EDGE_CURVE ( 'NONE', #1760, #315, #1264, .T. ) ;
#256 = DIRECTION ( 'NONE',  ( 0.000000000000000000, 0.000000000000000000, -1.000000000000000000 ) ) ;
#257 = EDGE_LOOP ( 'NONE', ( #1347, #39, #771, #1455 ) ) ;
#258 = AXIS2_PLACEMENT_3D ( 'NONE', #855, #37, #1397 ) ;
#259 = CARTESIAN_POINT ( 'NONE',  ( 0.1499999999999999667, 0.000000000000000000, 0.2999999999999999334 ) ) ;
#260 = VECTOR ( 'NONE', #923, 1000.000000000000000 ) ;
#261 = LINE ( 'NONE', #511, #1042 ) ;
#262 = DIRECTION ( 'NONE',  ( -0.000000000000000000, 1.000000000000000000, -0.000000000000000000 ) ) ;
#263 = VECTOR ( 'NONE', #1574, 1000.000000000000000 ) ;
#264 = EDGE_CURVE ( 'NONE', #451, #1572, #1414, .T. ) ;
#265 = DIRECTION ( 'NONE',  ( -0.000000000000000000, -0.000000000000000000, 1.000000000000000000 ) ) ;
#266 = DIRECTION ( 'NONE',  ( 1.000000000000000000, 0.000000000000000000, 0.000000000000000000 ) ) ;
#267 = ORIENTED_EDGE ( 'NONE', *, *, #1540, .F. ) ;
#268 = MANIFOLD_SOLID_BREP ( 'Mirror2[2]', #1153 ) ;
#269 = LINE ( 'NONE', #1781, #400 ) ;
#270 = CARTESIAN_POINT ( 'NONE',  ( -0.3999999999999996891, 1.378665753736876276, 0.2775000000000000244 ) ) ;
#271 = CARTESIAN_POINT ( 'NONE',  ( 0.1499999999999999667, 0.000000000000000000, -0.1499999999999999389 ) ) ;
#272 = EDGE_CURVE ( 'NONE', #383, #201, #1346, .T. ) ;
#273 = VERTEX_POINT ( 'NONE', #319 ) ;
#274 = EDGE_CURVE ( 'NONE', #1732, #1048, #1045, .T. ) ;
#275 = ORIENTED_EDGE ( 'NONE', *, *, #141, .F. ) ;
#276 = LINE ( 'NONE', #135, #370 ) ;
#277 = DIRECTION ( 'NONE',  ( 0.000000000000000000, 0.000000000000000000, 1.000000000000000000 ) ) ;
#278 = CARTESIAN_POINT ( 'NONE',  ( -0.3999999999999999667, 0.000000000000000000, 0.000000000000000000 ) ) ;
#279 = PRODUCT_DEFINITION_CONTEXT ( 'detailed design', #499, 'design' ) ;
#280 = CARTESIAN_POINT ( 'NONE',  ( -0.3999999999999999667, 0.4349999999999999978, 0.1349999999999999256 ) ) ;
#281 = VERTEX_POINT ( 'NONE', #101 ) ;
#282 = EDGE_CURVE ( 'NONE', #1521, #1496, #1486, .T. ) ;
#283 = ORIENTED_EDGE ( 'NONE', *, *, #1595, .T. ) ;
#284 = DIRECTION ( 'NONE',  ( 1.000000000000000000, 0.000000000000000000, 0.000000000000000000 ) ) ;
#285 = CARTESIAN_POINT ( 'NONE',  ( 0.1499999999999999667, 0.02249999999999999917, 0.2775000000000000244 ) ) ;
#286 = AXIS2_PLACEMENT_3D ( 'NONE', #1002, #1556, #1394 ) ;
#287 = CLOSED_SHELL ( 'NONE', ( #806, #88, #1117, #1292, #1139, #1354, #1642, #224, #1489, #1686 ) ) ;
#288 = VECTOR ( 'NONE', #1087, 1000.000000000000000 ) ;
#289 = DIRECTION ( 'NONE',  ( -1.000000000000000000, -0.000000000000000000, 0.000000000000000000 ) ) ;
#290 = LINE ( 'NONE', #842, #1681 ) ;
#291 = DIRECTION ( 'NONE',  ( 1.000000000000000000, -0.000000000000000000, -0.000000000000000000 ) ) ;
#292 = VECTOR ( 'NONE', #523, 1000.000000000000000 ) ;
#293 = AXIS2_PLACEMENT_3D ( 'NONE', #64, #83, #634 ) ;
#294 = EDGE_LOOP ( 'NONE', ( #1280, #1594, #741, #1539 ) ) ;
#295 = EDGE_CURVE ( 'NONE', #517, #66, #1339, .T. ) ;
#296 = LINE ( 'NONE', #1267, #1792 ) ;
#297 = PLANE ( 'NONE',  #639 ) ;
#298 = ADVANCED_FACE ( 'NONE', ( #1599 ), #507, .F. ) ;
#299 = DIRECTION ( 'NONE',  ( -1.000000000000000000, 0.000000000000000000, 0.000000000000000000 ) ) ;
#300 = CARTESIAN_POINT ( 'NONE',  ( -0.7033562262423501688, 0.4349999999999999978, -0.1499999999999999389 ) ) ;
#301 = UNCERTAINTY_MEASURE_WITH_UNIT (LENGTH_MEASURE( 1.000000000000000082E-05 ), #716, 'distance_accuracy_value', 'NONE');
#302 = ORIENTED_EDGE ( 'NONE', *, *, #1259, .F. ) ;
#303 = FACE_OUTER_BOUND ( 'NONE', #435, .T. ) ;
#304 = VERTEX_POINT ( 'NONE', #652 ) ;
#305 = EDGE_CURVE ( 'NONE', #1386, #161, #1731, .T. ) ;
#306 = DIRECTION ( 'NONE',  ( 0.000000000000000000, 0.000000000000000000, -1.000000000000000000 ) ) ;
#307 = EDGE_CURVE ( 'NONE', #862, #1048, #613, .T. ) ;
#308 = DIRECTION ( 'NONE',  ( 1.000000000000000000, 0.000000000000000000, -0.000000000000000000 ) ) ;
#309 = ORIENTED_EDGE ( 'NONE', *, *, #1137, .T. ) ;
#310 = ORIENTED_EDGE ( 'NONE', *, *, #40, .T. ) ;
#311 = ORIENTED_EDGE ( 'NONE', *, *, #480, .T. ) ;
#312 = CARTESIAN_POINT ( 'NONE',  ( 0.1499999999999999667, 0.4049999999999999711, -0.2775000000000000244 ) ) ;
#313 = VECTOR ( 'NONE', #1223, 1000.000000000000000 ) ;
#314 = LINE ( 'NONE', #698, #1074 ) ;
#315 = VERTEX_POINT ( 'NONE', #905 ) ;
#316 = VECTOR ( 'NONE', #6, 1000.000000000000000 ) ;
#317 = ADVANCED_FACE ( 'NONE', ( #1063 ), #1171, .F. ) ;
#318 = AXIS2_PLACEMENT_3D ( 'NONE', #1033, #1454, #362 ) ;
#319 = CARTESIAN_POINT ( 'NONE',  ( -0.3999999999999999667, 0.4274999999999999911, -0.1124999999999999473 ) ) ;
#320 = ORIENTED_EDGE ( 'NONE', *, *, #728, .T. ) ;
#321 = COLOUR_RGB ( '',0.7921568627450980005, 0.8196078431372548767, 0.9333333333333333481 ) ;
#322 = ORIENTED_EDGE ( 'NONE', *, *, #892, .T. ) ;
#323 = CARTESIAN_POINT ( 'NONE',  ( -0.3999999999999999667, 0.4049999999999999711, 0.2775000000000000244 ) ) ;
#324 = CARTESIAN_POINT ( 'NONE',  ( 0.3999999999999999667, 0.4050000000000000266, -0.1124999999999999473 ) ) ;
#325 = DIRECTION ( 'NONE',  ( -0.000000000000000000, -0.000000000000000000, 1.000000000000000000 ) ) ;
#326 = DIRECTION ( 'NONE',  ( -1.000000000000000000, 0.000000000000000000, -0.000000000000000000 ) ) ;
#327 = SURFACE_STYLE_FILL_AREA ( #604 ) ;
#328 = ORIENTED_EDGE ( 'NONE', *, *, #1350, .T. ) ;
#329 = LINE ( 'NONE', #1719, #1222 ) ;
#330 = EDGE_CURVE ( 'NONE', #1290, #304, #1752, .T. ) ;
#331 = VERTEX_POINT ( 'NONE', #222 ) ;
#332 = APPLICATION_PROTOCOL_DEFINITION ( 'draft international standard', 'automotive_design', 1998, #226 ) ;
#333 = CARTESIAN_POINT ( 'NONE',  ( 0.1499999999999999667, 0.02249999999999999917, 0.1499999999999999389 ) ) ;
#334 = CARTESIAN_POINT ( 'NONE',  ( 0.1499999999999999667, 0.4050000000000000266, 0.1124999999999999473 ) ) ;
#335 = DIRECTION ( 'NONE',  ( 0.000000000000000000, 0.000000000000000000, 1.000000000000000000 ) ) ;
#336 = LINE ( 'NONE', #368, #721 ) ;
#337 = ORIENTED_EDGE ( 'NONE', *, *, #1777, .F. ) ;
#338 = DIRECTION ( 'NONE',  ( 0.000000000000000000, 0.000000000000000000, -1.000000000000000000 ) ) ;
#339 = VERTEX_POINT ( 'NONE', #213 ) ;
#340 = ADVANCED_FACE ( 'NONE', ( #779 ), #1758, .T. ) ;
#341 = LINE ( 'NONE', #893, #926 ) ;
#342 = PLANE ( 'NONE',  #925 ) ;
#343 = LINE ( 'NONE', #1609, #1336 ) ;
#344 = VERTEX_POINT ( 'NONE', #1326 ) ;
#345 = VECTOR ( 'NONE', #1566, 1000.000000000000000 ) ;
#346 = VECTOR ( 'NONE', #1525, 1000.000000000000000 ) ;
#347 = LINE ( 'NONE', #1589, #921 ) ;
#348 = EDGE_LOOP ( 'NONE', ( #1579, #824, #152, #593, #1710, #810, #502, #1772 ) ) ;
#349 = ORIENTED_EDGE ( 'NONE', *, *, #1029, .F. ) ;
#350 = ADVANCED_FACE ( 'NONE', ( #1474 ), #498, .F. ) ;
#351 = DIRECTION ( 'NONE',  ( 1.000000000000000000, 0.000000000000000000, 0.000000000000000000 ) ) ;
#352 = EDGE_CURVE ( 'NONE', #461, #21, #1578, .T. ) ;
#353 = CARTESIAN_POINT ( 'NONE',  ( -0.3999999999999996891, 1.378665753736876276, -0.2775000000000000244 ) ) ;
#354 = ORIENTED_EDGE ( 'NONE', *, *, #1077, .T. ) ;
#355 = DIRECTION ( 'NONE',  ( 1.000000000000000000, 0.000000000000000000, 0.000000000000000000 ) ) ;
#356 = ORIENTED_EDGE ( 'NONE', *, *, #295, .F. ) ;
#357 = EDGE_LOOP ( 'NONE', ( #908, #1327, #1348, #103 ) ) ;
#358 = CARTESIAN_POINT ( 'NONE',  ( -0.7033562262423501688, 0.4500000000000000111, -0.1349999999999999256 ) ) ;
#359 = CARTESIAN_POINT ( 'NONE',  ( 0.3999999999999999667, 0.000000000000000000, -0.1499999999999999389 ) ) ;
#360 = EDGE_CURVE ( 'NONE', #1640, #304, #336, .T. ) ;
#361 = LINE ( 'NONE', #1338, #1 ) ;
#362 = DIRECTION ( 'NONE',  ( 0.000000000000000000, -0.000000000000000000, 1.000000000000000000 ) ) ;
#363 = VERTEX_POINT ( 'NONE', #887 ) ;
#364 = ORIENTED_EDGE ( 'NONE', *, *, #438, .F. ) ;
#365 = CARTESIAN_POINT ( 'NONE',  ( -0.3999999999999996891, 1.378665753736876276, 0.2775000000000000244 ) ) ;
#366 = CARTESIAN_POINT ( 'NONE',  ( -0.3999999999999999667, 0.02249999999999999917, -0.1499999999999999389 ) ) ;
#367 = PLANE ( 'NONE',  #1078 ) ;
#368 = CARTESIAN_POINT ( 'NONE',  ( 0.1499999999999999667, 0.02249999999999999917, 0.1499999999999999389 ) ) ;
#369 = EDGE_CURVE ( 'NONE', #727, #1111, #343, .T. ) ;
#370 = VECTOR ( 'NONE', #656, 1000.000000000000000 ) ;
#371 = CARTESIAN_POINT ( 'NONE',  ( -0.1499999999999999667, 0.000000000000000000, -0.2999999999999999334 ) ) ;
#372 = CLOSED_SHELL ( 'NONE', ( #75, #950, #210, #350, #30, #772, #1368, #787, #904, #1693 ) ) ;
#373 = VERTEX_POINT ( 'NONE', #1723 ) ;
#374 = VECTOR ( 'NONE', #483, 1000.000000000000000 ) ;
#375 = CIRCLE ( 'NONE', #238, 0.01499999999999997169 ) ;
#376 =( GEOMETRIC_REPRESENTATION_CONTEXT ( 3 ) GLOBAL_UNCERTAINTY_ASSIGNED_CONTEXT ( ( #1680 ) ) GLOBAL_UNIT_ASSIGNED_CONTEXT ( ( #944, #1236, #1228 ) ) REPRESENTATION_CONTEXT ( 'NONE', 'WORKASPACE' ) );
#377 = VECTOR ( 'NONE', #798, 1000.000000000000000 ) ;
#378 = PLANE ( 'NONE',  #1161 ) ;
#379 = FACE_OUTER_BOUND ( 'NONE', #870, .T. ) ;
#380 = CARTESIAN_POINT ( 'NONE',  ( 0.4000000000000000777, 0.02249999999999999917, 0.2775000000000000244 ) ) ;
#381 = SURFACE_STYLE_FILL_AREA ( #131 ) ;
#382 = PLANE ( 'NONE',  #1010 ) ;
#383 = VERTEX_POINT ( 'NONE', #899 ) ;
#384 = ORIENTED_EDGE ( 'NONE', *, *, #352, .F. ) ;
#385 = ADVANCED_FACE ( 'NONE', ( #73 ), #937, .T. ) ;
#386 = CARTESIAN_POINT ( 'NONE',  ( 0.3999999999999999667, 0.000000000000000000, 0.1499999999999999389 ) ) ;
#387 = DIRECTION ( 'NONE',  ( 0.000000000000000000, 0.000000000000000000, -1.000000000000000000 ) ) ;
#388 = PRESENTATION_STYLE_ASSIGNMENT (( #1663 ) ) ;
#389 = CARTESIAN_POINT ( 'NONE',  ( 0.3999999999999999667, 0.4050000000000000266, 0.1124999999999999473 ) ) ;
#390 = EDGE_LOOP ( 'NONE', ( #1674, #43, #614, #714, #690, #1355, #1581, #455 ) ) ;
#391 = ADVANCED_FACE ( 'NONE', ( #1629 ), #382, .T. ) ;
#392 = LINE ( 'NONE', #1225, #149 ) ;
#393 = LINE ( 'NONE', #934, #868 ) ;
#394 = LINE ( 'NONE', #1353, #1302 ) ;
#395 = CARTESIAN_POINT ( 'NONE',  ( -0.3999999999999999667, 0.02249999999999999917, 0.2775000000000000244 ) ) ;
#396 = SURFACE_STYLE_USAGE ( .BOTH. , #799 ) ;
#397 = CARTESIAN_POINT ( 'NONE',  ( -0.3999999999999999667, 0.000000000000000000, 0.1499999999999999389 ) ) ;
#398 = VERTEX_POINT ( 'NONE', #454 ) ;
#399 = AXIS2_PLACEMENT_3D ( 'NONE', #954, #266, #256 ) ;
#400 = VECTOR ( 'NONE', #1079, 1000.000000000000000 ) ;
#401 = LINE ( 'NONE', #1086, #867 ) ;
#402 = VECTOR ( 'NONE', #325, 1000.000000000000000 ) ;
#403 = LINE ( 'NONE', #959, #1593 ) ;
#404 = DIRECTION ( 'NONE',  ( 0.000000000000000000, -0.000000000000000000, 1.000000000000000000 ) ) ;
#405 = COLOUR_RGB ( '',1.000000000000000000, 1.000000000000000000, 1.000000000000000000 ) ;
#406 = CARTESIAN_POINT ( 'NONE',  ( 0.1499999999999999667, 0.4274999999999999911, -0.2999999999999999334 ) ) ;
#407 = ADVANCED_FACE ( 'NONE', ( #1013 ), #1722, .F. ) ;
#408 = DIRECTION ( 'NONE',  ( 0.000000000000000000, 0.000000000000000000, 1.000000000000000000 ) ) ;
#409 = ORIENTED_EDGE ( 'NONE', *, *, #1580, .F. ) ;
#410 = VERTEX_POINT ( 'NONE', #1607 ) ;
#411 = DIRECTION ( 'NONE',  ( 1.000000000000000000, -0.000000000000000000, -0.000000000000000000 ) ) ;
#412 = DIRECTION ( 'NONE',  ( -0.000000000000000000, 1.000000000000000000, -0.000000000000000000 ) ) ;
#413 = CARTESIAN_POINT ( 'NONE',  ( -0.1499999999999999667, 0.4274999999999999911, -0.2999999999999999334 ) ) ;
#414 = EDGE_CURVE ( 'NONE', #916, #339, #619, .T. ) ;
#415 = CARTESIAN_POINT ( 'NONE',  ( -0.3999999999999999667, 0.4050000000000000266, -0.1124999999999999473 ) ) ;
#416 = VERTEX_POINT ( 'NONE', #599 ) ;
#417 = ORIENTED_EDGE ( 'NONE', *, *, #1580, .T. ) ;
#418 = DIRECTION ( 'NONE',  ( 0.000000000000000000, -0.000000000000000000, -1.000000000000000000 ) ) ;
#419 = DIRECTION ( 'NONE',  ( 0.000000000000000000, 0.000000000000000000, 1.000000000000000000 ) ) ;
#420 =( NAMED_UNIT ( * ) SI_UNIT ( $, .STERADIAN. ) SOLID_ANGLE_UNIT ( ) );
#421 = PLANE ( 'NONE',  #1385 ) ;
#422 = CARTESIAN_POINT ( 'NONE',  ( -0.3999999999999999667, 0.4050000000000000266, 0.1124999999999999473 ) ) ;
#423 = LINE ( 'NONE', #11, #1187 ) ;
#424 = EDGE_CURVE ( 'NONE', #1665, #1379, #912, .T. ) ;
#425 = EDGE_CURVE ( 'NONE', #1444, #916, #219, .T. ) ;
#426 = ORIENTED_EDGE ( 'NONE', *, *, #1221, .F. ) ;
#427 = LINE ( 'NONE', #1131, #87 ) ;
#428 =( LENGTH_UNIT ( ) NAMED_UNIT ( * ) SI_UNIT ( .MILLI., .METRE. ) );
#429 = DIRECTION ( 'NONE',  ( 0.000000000000000000, 0.000000000000000000, -1.000000000000000000 ) ) ;
#430 = VECTOR ( 'NONE', #1261, 1000.000000000000000 ) ;
#431 = COLOUR_RGB ( '',0.7921568627450980005, 0.8196078431372548767, 0.9333333333333333481 ) ;
#432 = STYLED_ITEM ( 'NONE', ( #875 ), #246 ) ;
#433 = MECHANICAL_DESIGN_GEOMETRIC_PRESENTATION_REPRESENTATION (  '', ( #1537 ), #1246 ) ;
#434 = CARTESIAN_POINT ( 'NONE',  ( 0.3999999999999999667, 0.4274999999999999911, 0.1499999999999999389 ) ) ;
#435 = EDGE_LOOP ( 'NONE', ( #1377, #1418, #1007, #437 ) ) ;
#436 = PRODUCT_DEFINITION ( 'UNKNOWN', '', #490, #1242 ) ;
#437 = ORIENTED_EDGE ( 'NONE', *, *, #1050, .T. ) ;
#438 = EDGE_CURVE ( 'NONE', #1545, #1143, #1597, .T. ) ;
#439 = SURFACE_STYLE_FILL_AREA ( #1279 ) ;
#440 = CARTESIAN_POINT ( 'NONE',  ( -0.1499999999999999667, 0.02249999999999999917, -0.2775000000000000244 ) ) ;
#441 = ORIENTED_EDGE ( 'NONE', *, *, #1462, .F. ) ;
#442 = SURFACE_STYLE_USAGE ( .BOTH. , #1406 ) ;
#443 = VERTEX_POINT ( 'NONE', #475 ) ;
#444 = ORIENTED_EDGE ( 'NONE', *, *, #1462, .T. ) ;
#445 = ADVANCED_FACE ( 'NONE', ( #1190 ), #342, .F. ) ;
#446 = FACE_OUTER_BOUND ( 'NONE', #526, .T. ) ;
#447 = CARTESIAN_POINT ( 'NONE',  ( -0.7033562262423501688, 0.4050000000000000266, 0.1124999999999999473 ) ) ;
#448 = ORIENTED_EDGE ( 'NONE', *, *, #1750, .F. ) ;
#449 = FACE_OUTER_BOUND ( 'NONE', #500, .T. ) ;
#450 = VERTEX_POINT ( 'NONE', #740 ) ;
#451 = VERTEX_POINT ( 'NONE', #1438 ) ;
#452 = CARTESIAN_POINT ( 'NONE',  ( 0.1499999999999999667, 0.4049999999999999711, -0.2775000000000000244 ) ) ;
#453 = CARTESIAN_POINT ( 'NONE',  ( 0.3999999999999999667, 0.4274999999999999911, 0.1124999999999999473 ) ) ;
#454 = CARTESIAN_POINT ( 'NONE',  ( -0.1499999999999999667, 0.4050000000000000266, -0.1124999999999999473 ) ) ;
#455 = ORIENTED_EDGE ( 'NONE', *, *, #1062, .T. ) ;
#456 = VECTOR ( 'NONE', #877, 1000.000000000000000 ) ;
#457 = PRESENTATION_LAYER_ASSIGNMENT (  '', '', ( #1735 ) ) ;
#458 = VECTOR ( 'NONE', #1703, 1000.000000000000000 ) ;
#459 =( GEOMETRIC_REPRESENTATION_CONTEXT ( 3 ) GLOBAL_UNCERTAINTY_ASSIGNED_CONTEXT ( ( #551 ) ) GLOBAL_UNIT_ASSIGNED_CONTEXT ( ( #1196, #1583, #1429 ) ) REPRESENTATION_CONTEXT ( 'NONE', 'WORKASPACE' ) );
#460 = DIRECTION ( 'NONE',  ( 0.000000000000000000, 0.000000000000000000, 1.000000000000000000 ) ) ;
#461 = VERTEX_POINT ( 'NONE', #1473 ) ;
#462 = VECTOR ( 'NONE', #252, 1000.000000000000000 ) ;
#463 = DIRECTION ( 'NONE',  ( 0.000000000000000000, -1.000000000000000000, -0.000000000000000000 ) ) ;
#464 = ORIENTED_EDGE ( 'NONE', *, *, #549, .F. ) ;
#465 = DIRECTION ( 'NONE',  ( 1.000000000000000000, 0.000000000000000000, 0.000000000000000000 ) ) ;
#466 = DIRECTION ( 'NONE',  ( 1.000000000000000000, -0.000000000000000000, -0.000000000000000000 ) ) ;
#467 = DIRECTION ( 'NONE',  ( 0.000000000000000000, -1.000000000000000000, 0.000000000000000000 ) ) ;
#468 = CARTESIAN_POINT ( 'NONE',  ( -0.3999999999999999667, 0.000000000000000000, 0.000000000000000000 ) ) ;
#469 = ORIENTED_EDGE ( 'NONE', *, *, #1498, .T. ) ;
#470 = EDGE_CURVE ( 'NONE', #443, #1275, #1294, .T. ) ;
#471 = CARTESIAN_POINT ( 'NONE',  ( -0.3999999999999999667, 0.4274999999999999911, 0.1124999999999999473 ) ) ;
#472 = ORIENTED_EDGE ( 'NONE', *, *, #1342, .T. ) ;
#473 = DIRECTION ( 'NONE',  ( 1.000000000000000000, 0.000000000000000000, 0.000000000000000000 ) ) ;
#474 = CARTESIAN_POINT ( 'NONE',  ( -0.7033562262423501688, 0.4274999999999999911, -0.1124999999999999473 ) ) ;
#475 = CARTESIAN_POINT ( 'NONE',  ( 0.1499999999999999667, 0.000000000000000000, -0.1499999999999999389 ) ) ;
#476 = EDGE_LOOP ( 'NONE', ( #97, #930, #1658, #752, #561, #1308, #479, #1099 ) ) ;
#477 = ADVANCED_FACE ( 'NONE', ( #229 ), #1714, .T. ) ;
#478 = PLANE ( 'NONE',  #55 ) ;
#479 = ORIENTED_EDGE ( 'NONE', *, *, #880, .T. ) ;
#480 = EDGE_CURVE ( 'NONE', #509, #1283, #1041, .T. ) ;
#481 = DIRECTION ( 'NONE',  ( 0.000000000000000000, 0.000000000000000000, 1.000000000000000000 ) ) ;
#482 = LINE ( 'NONE', #358, #1417 ) ;
#483 = DIRECTION ( 'NONE',  ( 1.000000000000000000, 0.000000000000000000, 0.000000000000000000 ) ) ;
#484 = VECTOR ( 'NONE', #1123, 1000.000000000000000 ) ;
#485 = DIRECTION ( 'NONE',  ( 0.000000000000000000, 1.000000000000000000, 0.000000000000000000 ) ) ;
#486 = CARTESIAN_POINT ( 'NONE',  ( 0.1499999999999999667, 0.000000000000000000, -0.2999999999999999334 ) ) ;
#487 = VERTEX_POINT ( 'NONE', #1023 ) ;
#488 = VECTOR ( 'NONE', #1421, 1000.000000000000000 ) ;
#489 = VECTOR ( 'NONE', #1742, 1000.000000000000000 ) ;
#490 = PRODUCT_DEFINITION_FORMATION_WITH_SPECIFIED_SOURCE ( 'ANY', '', #924, .NOT_KNOWN. ) ;
#491 = ORIENTED_EDGE ( 'NONE', *, *, #255, .F. ) ;
#492 = ORIENTED_EDGE ( 'NONE', *, *, #803, .F. ) ;
#493 = EDGE_LOOP ( 'NONE', ( #34, #773, #384, #1753, #1590, #45, #1476, #267, #1197, #1467 ) ) ;
#494 = EDGE_CURVE ( 'NONE', #1496, #1364, #1576, .T. ) ;
#495 = FACE_OUTER_BOUND ( 'NONE', #595, .T. ) ;
#496 = CARTESIAN_POINT ( 'NONE',  ( 0.1499999999999999667, 0.4050000000000000266, -0.1124999999999999473 ) ) ;
#497 = LINE ( 'NONE', #791, #60 ) ;
#498 = PLANE ( 'NONE',  #1243 ) ;
#499 = APPLICATION_CONTEXT ( 'automotive_design' ) ;
#500 = EDGE_LOOP ( 'NONE', ( #1405, #1744, #1255, #955 ) ) ;
#501 = VERTEX_POINT ( 'NONE', #198 ) ;
#502 = ORIENTED_EDGE ( 'NONE', *, *, #588, .F. ) ;
#503 = FACE_OUTER_BOUND ( 'NONE', #1075, .T. ) ;
#504 = EDGE_CURVE ( 'NONE', #554, #383, #1464, .T. ) ;
#505 = LINE ( 'NONE', #270, #90 ) ;
#506 = PLANE ( 'NONE',  #293 ) ;
#507 = PLANE ( 'NONE',  #318 ) ;
#508 = ORIENTED_EDGE ( 'NONE', *, *, #1403, .F. ) ;
#509 = VERTEX_POINT ( 'NONE', #334 ) ;
#510 = DIRECTION ( 'NONE',  ( -1.000000000000000000, 0.000000000000000000, -0.000000000000000000 ) ) ;
#511 = CARTESIAN_POINT ( 'NONE',  ( -0.3999999999999999667, 0.4499999999999999556, 0.1349999999999999256 ) ) ;
#512 = CARTESIAN_POINT ( 'NONE',  ( -0.3999999999999996891, 0.02249999999999999917, -0.2775000000000000244 ) ) ;
#513 = CARTESIAN_POINT ( 'NONE',  ( -0.7033562262423501688, 0.4274999999999999911, 0.1499999999999999389 ) ) ;
#514 = EDGE_CURVE ( 'NONE', #161, #916, #1323, .T. ) ;
#515 = VECTOR ( 'NONE', #996, 1000.000000000000000 ) ;
#516 = ORIENTED_EDGE ( 'NONE', *, *, #1251, .T. ) ;
#517 = VERTEX_POINT ( 'NONE', #643 ) ;
#518 = VECTOR ( 'NONE', #657, 1000.000000000000000 ) ;
#519 =( GEOMETRIC_REPRESENTATION_CONTEXT ( 3 ) GLOBAL_UNCERTAINTY_ASSIGNED_CONTEXT ( ( #567 ) ) GLOBAL_UNIT_ASSIGNED_CONTEXT ( ( #428, #975, #1219 ) ) REPRESENTATION_CONTEXT ( 'NONE', 'WORKASPACE' ) );
#520 = VECTOR ( 'NONE', #1626, 1000.000000000000000 ) ;
#521 = DIRECTION ( 'NONE',  ( -0.000000000000000000, 1.000000000000000000, -0.000000000000000000 ) ) ;
#522 = LINE ( 'NONE', #1756, #835 ) ;
#523 = DIRECTION ( 'NONE',  ( 0.000000000000000000, 0.000000000000000000, -1.000000000000000000 ) ) ;
#524 = LINE ( 'NONE', #250, #313 ) ;
#525 = EDGE_CURVE ( 'NONE', #450, #1513, #886, .T. ) ;
#526 = EDGE_LOOP ( 'NONE', ( #654, #302, #831, #577 ) ) ;
#527 = CARTESIAN_POINT ( 'NONE',  ( -0.3999999999999996891, 0.02249999999999999917, 0.2775000000000000244 ) ) ;
#528 = CARTESIAN_POINT ( 'NONE',  ( 0.3999999999999999667, 0.4349999999999999978, 0.1349999999999999256 ) ) ;
#529 = CARTESIAN_POINT ( 'NONE',  ( 0.3999999999999999667, 0.02249999999999999917, 0.2775000000000000244 ) ) ;
#530 = SURFACE_STYLE_FILL_AREA ( #1769 ) ;
#531 = CARTESIAN_POINT ( 'NONE',  ( -0.1499999999999999667, 0.02249999999999999917, 0.2775000000000000244 ) ) ;
#532 = EDGE_LOOP ( 'NONE', ( #1125, #608, #283, #469 ) ) ;
#533 = EDGE_CURVE ( 'NONE', #641, #1727, #747, .T. ) ;
#534 = EDGE_CURVE ( 'NONE', #86, #1021, #1452, .T. ) ;
#535 = CARTESIAN_POINT ( 'NONE',  ( 0.1499999999999999667, 0.02249999999999999917, -0.2775000000000000244 ) ) ;
#536 = DIRECTION ( 'NONE',  ( 0.000000000000000000, 0.000000000000000000, -1.000000000000000000 ) ) ;
#537 = PLANE ( 'NONE',  #1767 ) ;
#538 = DIRECTION ( 'NONE',  ( -0.000000000000000000, -1.000000000000000000, -0.000000000000000000 ) ) ;
#539 = FACE_OUTER_BOUND ( 'NONE', #1563, .T. ) ;
#540 = PLANE ( 'NONE',  #116 ) ;
#541 = EDGE_LOOP ( 'NONE', ( #1734, #717, #570, #1213 ) ) ;
#542 = ORIENTED_EDGE ( 'NONE', *, *, #1282, .F. ) ;
#543 = VECTOR ( 'NONE', #804, 1000.000000000000000 ) ;
#544 = AXIS2_PLACEMENT_3D ( 'NONE', #1514, #813, #1365 ) ;
#545 = DIRECTION ( 'NONE',  ( 0.000000000000000000, -3.285461128743951545E-16, -1.000000000000000000 ) ) ;
#546 = AXIS2_PLACEMENT_3D ( 'NONE', #1159, #631, #1176 ) ;
#547 = DIRECTION ( 'NONE',  ( 0.000000000000000000, 1.000000000000000000, 0.000000000000000000 ) ) ;
#548 = CARTESIAN_POINT ( 'NONE',  ( -0.1499999999999999667, 0.02249999999999999917, 0.1499999999999999389 ) ) ;
#549 = EDGE_CURVE ( 'NONE', #214, #727, #919, .T. ) ;
#550 = VECTOR ( 'NONE', #51, 1000.000000000000000 ) ;
#551 = UNCERTAINTY_MEASURE_WITH_UNIT (LENGTH_MEASURE( 1.000000000000000082E-05 ), #1196, 'distance_accuracy_value', 'NONE');
#552 = LINE ( 'NONE', #1639, #633 ) ;
#553 = ORIENTED_EDGE ( 'NONE', *, *, #1050, .F. ) ;
#554 = VERTEX_POINT ( 'NONE', #253 ) ;
#555 = LINE ( 'NONE', #986, #635 ) ;
#556 = LINE ( 'NONE', #189, #1511 ) ;
#557 = ADVANCED_FACE ( 'NONE', ( #1352 ), #942, .F. ) ;
#558 = CARTESIAN_POINT ( 'NONE',  ( -0.3999999999999999667, 0.4274999999999999911, -0.1124999999999999473 ) ) ;
#559 = PLANE ( 'NONE',  #1420 ) ;
#560 = PLANE ( 'NONE',  #573 ) ;
#561 = ORIENTED_EDGE ( 'NONE', *, *, #1641, .T. ) ;
#562 = ORIENTED_EDGE ( 'NONE', *, *, #1757, .T. ) ;
#563 = DIRECTION ( 'NONE',  ( 0.000000000000000000, 1.000000000000000000, 0.000000000000000000 ) ) ;
#564 = PLANE ( 'NONE',  #666 ) ;
#565 = LINE ( 'NONE', #1089, #1383 ) ;
#566 = DIRECTION ( 'NONE',  ( -0.000000000000000000, -0.000000000000000000, 1.000000000000000000 ) ) ;
#567 = UNCERTAINTY_MEASURE_WITH_UNIT (LENGTH_MEASURE( 1.000000000000000082E-05 ), #428, 'distance_accuracy_value', 'NONE');
#568 = VERTEX_POINT ( 'NONE', #128 ) ;
#569 = EDGE_CURVE ( 'NONE', #1520, #1270, #393, .T. ) ;
#570 = ORIENTED_EDGE ( 'NONE', *, *, #470, .F. ) ;
#571 = CARTESIAN_POINT ( 'NONE',  ( -0.3999999999999999667, 0.4500000000000000111, -0.1349999999999999256 ) ) ;
#572 = VECTOR ( 'NONE', #265, 1000.000000000000000 ) ;
#573 = AXIS2_PLACEMENT_3D ( 'NONE', #2, #1109, #979 ) ;
#574 = AXIS2_PLACEMENT_3D ( 'NONE', #1095, #1775, #1366 ) ;
#575 = CARTESIAN_POINT ( 'NONE',  ( -0.3999999999999996891, 0.02249999999999999917, -0.2775000000000000244 ) ) ;
#576 = PLANE ( 'NONE',  #1101 ) ;
#577 = ORIENTED_EDGE ( 'NONE', *, *, #915, .T. ) ;
#578 = ORIENTED_EDGE ( 'NONE', *, *, #124, .T. ) ;
#579 = EDGE_CURVE ( 'NONE', #1665, #1364, #505, .T. ) ;
#580 = ORIENTED_EDGE ( 'NONE', *, *, #1694, .F. ) ;
#581 = DIRECTION ( 'NONE',  ( 0.000000000000000000, 0.000000000000000000, -1.000000000000000000 ) ) ;
#582 = CARTESIAN_POINT ( 'NONE',  ( -0.1499999999999999667, 0.02249999999999999917, -0.1499999999999999389 ) ) ;
#583 = ORIENTED_EDGE ( 'NONE', *, *, #360, .T. ) ;
#584 = PLANE ( 'NONE',  #24 ) ;
#585 = EDGE_LOOP ( 'NONE', ( #1148, #1134, #765, #417 ) ) ;
#586 = ORIENTED_EDGE ( 'NONE', *, *, #525, .T. ) ;
#587 = ADVANCED_FACE ( 'NONE', ( #1492 ), #249, .F. ) ;
#588 = EDGE_CURVE ( 'NONE', #902, #1254, #1080, .T. ) ;
#589 = SURFACE_STYLE_USAGE ( .BOTH. , #1260 ) ;
#590 = CARTESIAN_POINT ( 'NONE',  ( -0.7033562262423501688, 0.4349999999999999978, 0.1499999999999999112 ) ) ;
#591 = ORIENTED_EDGE ( 'NONE', *, *, #929, .T. ) ;
#592 = CARTESIAN_POINT ( 'NONE',  ( 0.3999999999999999667, 0.4349999999999999978, -0.1499999999999999389 ) ) ;
#593 = ORIENTED_EDGE ( 'NONE', *, *, #611, .F. ) ;
#594 = LINE ( 'NONE', #154, #1451 ) ;
#595 = EDGE_LOOP ( 'NONE', ( #134, #1019, #910, #723 ) ) ;
#596 = CARTESIAN_POINT ( 'NONE',  ( -0.3999999999999999667, 0.000000000000000000, 0.2999999999999999334 ) ) ;
#597 = VECTOR ( 'NONE', #1022, 1000.000000000000000 ) ;
#598 = EDGE_CURVE ( 'NONE', #1275, #67, #1644, .T. ) ;
#599 = CARTESIAN_POINT ( 'NONE',  ( 0.4000000000000000777, 0.4050000000000001932, -0.2775000000000000244 ) ) ;
#600 = CLOSED_SHELL ( 'NONE', ( #407, #587, #317, #1673, #477, #1085 ) ) ;
#601 = LINE ( 'NONE', #1305, #1567 ) ;
#602 = VECTOR ( 'NONE', #120, 1000.000000000000000 ) ;
#603 = FACE_OUTER_BOUND ( 'NONE', #681, .T. ) ;
#604 = FILL_AREA_STYLE ('',( #193 ) ) ;
#605 = ORIENTED_EDGE ( 'NONE', *, *, #1780, .F. ) ;
#606 = AXIS2_PLACEMENT_3D ( 'NONE', #704, #429, #35 ) ;
#607 = DIRECTION ( 'NONE',  ( -1.000000000000000000, -0.000000000000000000, -0.000000000000000000 ) ) ;
#608 = ORIENTED_EDGE ( 'NONE', *, *, #1251, .F. ) ;
#609 = DIRECTION ( 'NONE',  ( 1.000000000000000000, 0.000000000000000000, 0.000000000000000000 ) ) ;
#610 = DIRECTION ( 'NONE',  ( 0.000000000000000000, -1.000000000000000000, 0.000000000000000000 ) ) ;
#611 = EDGE_CURVE ( 'NONE', #763, #568, #1650, .T. ) ;
#612 = DIRECTION ( 'NONE',  ( 0.000000000000000000, 3.285461128743951052E-16, -1.000000000000000000 ) ) ;
#613 = LINE ( 'NONE', #621, #1100 ) ;
#614 = ORIENTED_EDGE ( 'NONE', *, *, #1263, .T. ) ;
#615 = EDGE_CURVE ( 'NONE', #1270, #1460, #403, .T. ) ;
#616 = LINE ( 'NONE', #1610, #203 ) ;
#617 = ORIENTED_EDGE ( 'NONE', *, *, #188, .F. ) ;
#618 = DIRECTION ( 'NONE',  ( 0.000000000000000000, -0.000000000000000000, 1.000000000000000000 ) ) ;
#619 = LINE ( 'NONE', #359, #1682 ) ;
#620 = DIRECTION ( 'NONE',  ( 1.000000000000000000, 0.000000000000000000, 0.000000000000000000 ) ) ;
#621 = CARTESIAN_POINT ( 'NONE',  ( -0.7033562262423501688, 0.4274999999999999911, -0.1499999999999999389 ) ) ;
#622 = EDGE_LOOP ( 'NONE', ( #734, #964, #1265, #583 ) ) ;
#623 =( REPRESENTATION_RELATIONSHIP ('NONE','NONE', #1615, #5 ) REPRESENTATION_RELATIONSHIP_WITH_TRANSFORMATION ( #1490 )SHAPE_REPRESENTATION_RELATIONSHIP( ) );
#624 = ORIENTED_EDGE ( 'NONE', *, *, #233, .T. ) ;
#625 = EDGE_CURVE ( 'NONE', #179, #902, #1515, .T. ) ;
#626 = ORIENTED_EDGE ( 'NONE', *, *, #110, .T. ) ;
#627 = DIRECTION ( 'NONE',  ( 1.000000000000000000, 0.000000000000000000, 0.000000000000000000 ) ) ;
#628 = EDGE_LOOP ( 'NONE', ( #126, #1179, #793, #1286 ) ) ;
#629 = DIRECTION ( 'NONE',  ( 0.000000000000000000, 0.000000000000000000, -1.000000000000000000 ) ) ;
#630 = CARTESIAN_POINT ( 'NONE',  ( 0.3999999999999999667, 0.4049999999999999711, -0.2775000000000000244 ) ) ;
#631 = DIRECTION ( 'NONE',  ( -1.000000000000000000, 0.000000000000000000, 0.000000000000000000 ) ) ;
#632 = LINE ( 'NONE', #913, #1793 ) ;
#633 = VECTOR ( 'NONE', #822, 1000.000000000000000 ) ;
#634 = DIRECTION ( 'NONE',  ( 0.000000000000000000, 0.000000000000000000, 1.000000000000000000 ) ) ;
#635 = VECTOR ( 'NONE', #848, 1000.000000000000000 ) ;
#636 = VECTOR ( 'NONE', #536, 1000.000000000000000 ) ;
#637 = ORIENTED_EDGE ( 'NONE', *, *, #1631, .T. ) ;
#638 = ORIENTED_EDGE ( 'NONE', *, *, #880, .F. ) ;
#639 = AXIS2_PLACEMENT_3D ( 'NONE', #1250, #1165, #1113 ) ;
#640 = EDGE_CURVE ( 'NONE', #1407, #281, #261, .T. ) ;
#641 = VERTEX_POINT ( 'NONE', #1226 ) ;
#642 = FACE_OUTER_BOUND ( 'NONE', #1488, .T. ) ;
#643 = CARTESIAN_POINT ( 'NONE',  ( 0.3999999999999999667, 0.4049999999999999711, 0.2775000000000000244 ) ) ;
#644 = CARTESIAN_POINT ( 'NONE',  ( -0.1499999999999999667, 0.000000000000000000, 0.1499999999999999389 ) ) ;
#645 = PLANE ( 'NONE',  #1622 ) ;
#646 = ORIENTED_EDGE ( 'NONE', *, *, #1378, .F. ) ;
#647 = DIRECTION ( 'NONE',  ( 0.000000000000000000, 0.000000000000000000, 1.000000000000000000 ) ) ;
#648 = CARTESIAN_POINT ( 'NONE',  ( -0.3999999999999999667, 0.4050000000000000266, -0.1124999999999999473 ) ) ;
#649 = DIRECTION ( 'NONE',  ( 0.000000000000000000, 1.000000000000000000, 0.000000000000000000 ) ) ;
#650 = EDGE_CURVE ( 'NONE', #79, #938, #1373, .T. ) ;
#651 = CARTESIAN_POINT ( 'NONE',  ( 0.1499999999999999667, 0.000000000000000000, 0.000000000000000000 ) ) ;
#652 = CARTESIAN_POINT ( 'NONE',  ( 0.3999999999999999667, 0.02249999999999999917, 0.1499999999999999389 ) ) ;
#653 = DIRECTION ( 'NONE',  ( 0.000000000000000000, -1.000000000000000000, 0.000000000000000000 ) ) ;
#654 = ORIENTED_EDGE ( 'NONE', *, *, #1526, .T. ) ;
#655 = SHAPE_DEFINITION_REPRESENTATION ( #1497, #5 ) ;
#656 = DIRECTION ( 'NONE',  ( 0.000000000000000000, 0.000000000000000000, -1.000000000000000000 ) ) ;
#657 = DIRECTION ( 'NONE',  ( -0.000000000000000000, 3.285461128743951052E-16, -1.000000000000000000 ) ) ;
#658 = CARTESIAN_POINT ( 'NONE',  ( -0.3999999999999999667, 0.4274999999999999911, 0.2999999999999999334 ) ) ;
#659 = EDGE_CURVE ( 'NONE', #86, #501, #136, .T. ) ;
#660 = FILL_AREA_STYLE_COLOUR ( '', #405 ) ;
#661 = VECTOR ( 'NONE', #1158, 1000.000000000000000 ) ;
#662 = DIRECTION ( 'NONE',  ( 0.000000000000000000, 0.000000000000000000, 1.000000000000000000 ) ) ;
#663 = CIRCLE ( 'NONE', #1127, 0.01499999999999998557 ) ;
#664 = ORIENTED_EDGE ( 'NONE', *, *, #1263, .F. ) ;
#665 = VECTOR ( 'NONE', #81, 1000.000000000000000 ) ;
#666 = AXIS2_PLACEMENT_3D ( 'NONE', #8, #547, #419 ) ;
#667 = PLANE ( 'NONE',  #1592 ) ;
#668 = CARTESIAN_POINT ( 'NONE',  ( 0.1499999999999999667, 0.02249999999999999917, -0.2775000000000000244 ) ) ;
#669 = LINE ( 'NONE', #1088, #1627 ) ;
#670 = LINE ( 'NONE', #406, #808 ) ;
#671 = EDGE_CURVE ( 'NONE', #872, #451, #1276, .T. ) ;
#672 = FACE_OUTER_BOUND ( 'NONE', #1611, .T. ) ;
#673 = ORIENTED_EDGE ( 'NONE', *, *, #1003, .T. ) ;
#674 = EDGE_CURVE ( 'NONE', #1727, #1555, #1614, .T. ) ;
#675 = DIRECTION ( 'NONE',  ( 0.000000000000000000, -1.000000000000000000, 0.000000000000000000 ) ) ;
#676 = DIRECTION ( 'NONE',  ( -0.000000000000000000, -1.000000000000000000, -0.000000000000000000 ) ) ;
#677 = DIRECTION ( 'NONE',  ( 1.000000000000000000, -0.000000000000000000, -0.000000000000000000 ) ) ;
#678 = LINE ( 'NONE', #1235, #92 ) ;
#679 =( NAMED_UNIT ( * ) SI_UNIT ( $, .STERADIAN. ) SOLID_ANGLE_UNIT ( ) );
#680 = CARTESIAN_POINT ( 'NONE',  ( -0.7033562262423501688, 0.4499999999999999556, 0.1349999999999999256 ) ) ;
#681 = EDGE_LOOP ( 'NONE', ( #160, #409, #31, #58 ) ) ;
#682 = EDGE_CURVE ( 'NONE', #1601, #1640, #789, .T. ) ;
#683 = DIRECTION ( 'NONE',  ( 0.000000000000000000, 1.000000000000000000, -3.285461128743951545E-16 ) ) ;
#684 = CARTESIAN_POINT ( 'NONE',  ( -0.7033562262423501688, 0.4050000000000000266, -0.1124999999999999473 ) ) ;
#685 = DIRECTION ( 'NONE',  ( 0.000000000000000000, 1.000000000000000000, 0.000000000000000000 ) ) ;
#686 = DIRECTION ( 'NONE',  ( 1.000000000000000000, 0.000000000000000000, 0.000000000000000000 ) ) ;
#687 = PLANE ( 'NONE',  #1657 ) ;
#688 = DIRECTION ( 'NONE',  ( 0.000000000000000000, -0.000000000000000000, -1.000000000000000000 ) ) ;
#689 = ORIENTED_EDGE ( 'NONE', *, *, #995, .T. ) ;
#690 = ORIENTED_EDGE ( 'NONE', *, *, #1037, .T. ) ;
#691 = VECTOR ( 'NONE', #610, 1000.000000000000000 ) ;
#692 = VECTOR ( 'NONE', #1463, 1000.000000000000000 ) ;
#693 = EDGE_CURVE ( 'NONE', #363, #1143, #1765, .T. ) ;
#694 = CARTESIAN_POINT ( 'NONE',  ( 0.3999999999999999667, 0.4049999999999999711, 0.2775000000000000244 ) ) ;
#695 = VECTOR ( 'NONE', #262, 1000.000000000000000 ) ;
#696 = VECTOR ( 'NONE', #685, 1000.000000000000000 ) ;
#697 = DIRECTION ( 'NONE',  ( 0.000000000000000000, -0.000000000000000000, -1.000000000000000000 ) ) ;
#698 = CARTESIAN_POINT ( 'NONE',  ( 0.3999999999999999667, 0.000000000000000000, 0.2999999999999999334 ) ) ;
#699 = CARTESIAN_POINT ( 'NONE',  ( 0.1499999999999999667, 0.02249999999999999917, -0.2775000000000000244 ) ) ;
#700 = ORIENTED_EDGE ( 'NONE', *, *, #1505, .F. ) ;
#701 = ORIENTED_EDGE ( 'NONE', *, *, #659, .F. ) ;
#702 = LINE ( 'NONE', #1530, #115 ) ;
#703 = DIRECTION ( 'NONE',  ( 0.000000000000000000, 3.285461128743951052E-16, 1.000000000000000000 ) ) ;
#704 = CARTESIAN_POINT ( 'NONE',  ( -0.1499999999999999667, 0.4274999999999999911, -0.1124999999999999473 ) ) ;
#705 = CARTESIAN_POINT ( 'NONE',  ( -0.3999999999999999667, 0.02249999999999999917, -0.1499999999999999389 ) ) ;
#706 = FACE_OUTER_BOUND ( 'NONE', #91, .T. ) ;
#707 = EDGE_CURVE ( 'NONE', #416, #1521, #522, .T. ) ;
#708 = CARTESIAN_POINT ( 'NONE',  ( 0.1499999999999999667, 0.4050000000000000266, 0.1124999999999999473 ) ) ;
#709 = CARTESIAN_POINT ( 'NONE',  ( -0.1499999999999999667, 0.4274999999999999911, 0.1124999999999999473 ) ) ;
#710 = ORIENTED_EDGE ( 'NONE', *, *, #1540, .T. ) ;
#711 = ORIENTED_EDGE ( 'NONE', *, *, #124, .F. ) ;
#712 = DIRECTION ( 'NONE',  ( -0.000000000000000000, 1.000000000000000000, -0.000000000000000000 ) ) ;
#713 = CARTESIAN_POINT ( 'NONE',  ( -0.1499999999999999667, 0.4274999999999999911, 0.2999999999999999334 ) ) ;
#714 = ORIENTED_EDGE ( 'NONE', *, *, #63, .T. ) ;
#715 = ADVANCED_FACE ( 'NONE', ( #379 ), #195, .T. ) ;
#716 =( LENGTH_UNIT ( ) NAMED_UNIT ( * ) SI_UNIT ( .MILLI., .METRE. ) );
#717 = ORIENTED_EDGE ( 'NONE', *, *, #1207, .F. ) ;
#718 = ORIENTED_EDGE ( 'NONE', *, *, #1773, .T. ) ;
#719 = COLOUR_RGB ( '',0.7921568627450980005, 0.8196078431372548767, 0.9333333333333333481 ) ;
#720 = VECTOR ( 'NONE', #852, 1000.000000000000000 ) ;
#721 = VECTOR ( 'NONE', #84, 1000.000000000000000 ) ;
#722 = CARTESIAN_POINT ( 'NONE',  ( 0.1499999999999999667, 0.4274999999999999911, 0.1124999999999999473 ) ) ;
#723 = ORIENTED_EDGE ( 'NONE', *, *, #1314, .F. ) ;
#724 = VECTOR ( 'NONE', #607, 1000.000000000000000 ) ;
#725 = DIRECTION ( 'NONE',  ( -1.000000000000000000, 0.000000000000000000, 0.000000000000000000 ) ) ;
#726 = EDGE_CURVE ( 'NONE', #139, #1027, #1104, .T. ) ;
#727 = VERTEX_POINT ( 'NONE', #471 ) ;
#728 = EDGE_CURVE ( 'NONE', #166, #487, #1257, .T. ) ;
#729 = ORIENTED_EDGE ( 'NONE', *, *, #1199, .F. ) ;
#730 = CARTESIAN_POINT ( 'NONE',  ( -0.1499999999999999667, 0.4274999999999999911, -0.1124999999999999473 ) ) ;
#731 = PLANE ( 'NONE',  #871 ) ;
#732 = ORIENTED_EDGE ( 'NONE', *, *, #1350, .F. ) ;
#733 = PRESENTATION_STYLE_ASSIGNMENT (( #1271 ) ) ;
#734 = ORIENTED_EDGE ( 'NONE', *, *, #330, .F. ) ;
#735 = FILL_AREA_STYLE ('',( #1667 ) ) ;
#736 = EDGE_LOOP ( 'NONE', ( #939, #1186, #1738, #310 ) ) ;
#737 = EDGE_CURVE ( 'NONE', #179, #1555, #1660, .T. ) ;
#738 =( NAMED_UNIT ( * ) SI_UNIT ( $, .STERADIAN. ) SOLID_ANGLE_UNIT ( ) );
#739 = LINE ( 'NONE', #730, #1299 ) ;
#740 = CARTESIAN_POINT ( 'NONE',  ( -0.1499999999999999667, 0.02249999999999999917, 0.2775000000000000244 ) ) ;
#741 = ORIENTED_EDGE ( 'NONE', *, *, #858, .T. ) ;
#742 = CARTESIAN_POINT ( 'NONE',  ( -0.3999999999999999667, 0.02249999999999999917, 0.1499999999999999389 ) ) ;
#743 = ORIENTED_EDGE ( 'NONE', *, *, #480, .F. ) ;
#744 = FACE_OUTER_BOUND ( 'NONE', #736, .T. ) ;
#745 = CARTESIAN_POINT ( 'NONE',  ( 0.3999999999999999667, 0.4349999999999999978, -0.1349999999999999256 ) ) ;
#746 = VECTOR ( 'NONE', #411, 1000.000000000000000 ) ;
#747 = LINE ( 'NONE', #1304, #1361 ) ;
#748 = VECTOR ( 'NONE', #231, 1000.000000000000000 ) ;
#749 = MECHANICAL_DESIGN_GEOMETRIC_PRESENTATION_REPRESENTATION (  '', ( #432 ), #177 ) ;
#750 = VECTOR ( 'NONE', #1783, 1000.000000000000000 ) ;
#751 = DIRECTION ( 'NONE',  ( 1.000000000000000000, 0.000000000000000000, 0.000000000000000000 ) ) ;
#752 = ORIENTED_EDGE ( 'NONE', *, *, #295, .T. ) ;
#753 = VECTOR ( 'NONE', #629, 1000.000000000000000 ) ;
#754 = DIRECTION ( 'NONE',  ( 0.000000000000000000, -0.000000000000000000, -1.000000000000000000 ) ) ;
#755 = VERTEX_POINT ( 'NONE', #889 ) ;
#756 = LINE ( 'NONE', #1461, #1485 ) ;
#757 = EDGE_CURVE ( 'NONE', #1442, #1545, #594, .T. ) ;
#758 = LINE ( 'NONE', #218, #692 ) ;
#759 = DIRECTION ( 'NONE',  ( 0.000000000000000000, 1.000000000000000000, 0.000000000000000000 ) ) ;
#760 = EDGE_CURVE ( 'NONE', #1555, #1687, #1542, .T. ) ;
#761 = LINE ( 'NONE', #1616, #1713 ) ;
#762 = DIRECTION ( 'NONE',  ( 0.000000000000000000, 1.000000000000000000, 3.285461128743951545E-16 ) ) ;
#763 = VERTEX_POINT ( 'NONE', #1709 ) ;
#764 = ORIENTED_EDGE ( 'NONE', *, *, #534, .T. ) ;
#765 = ORIENTED_EDGE ( 'NONE', *, *, #272, .F. ) ;
#766 = CARTESIAN_POINT ( 'NONE',  ( 0.000000000000000000, 0.000000000000000000, 0.000000000000000000 ) ) ;
#767 = ORIENTED_EDGE ( 'NONE', *, *, #438, .T. ) ;
#768 = CARTESIAN_POINT ( 'NONE',  ( -0.1499999999999999667, 0.000000000000000000, 0.2999999999999999334 ) ) ;
#769 = LINE ( 'NONE', #212, #1768 ) ;
#770 = CARTESIAN_POINT ( 'NONE',  ( 0.3999999999999999667, 0.4274999999999999911, -0.1124999999999999473 ) ) ;
#771 = ORIENTED_EDGE ( 'NONE', *, *, #1393, .T. ) ;
#772 = ADVANCED_FACE ( 'NONE', ( #15 ), #1392, .F. ) ;
#773 = ORIENTED_EDGE ( 'NONE', *, *, #1303, .F. ) ;
#774 = VERTEX_POINT ( 'NONE', #1426 ) ;
#775 = EDGE_LOOP ( 'NONE', ( #364, #1298, #196, #857 ) ) ;
#776 = LINE ( 'NONE', #1031, #597 ) ;
#777 = CARTESIAN_POINT ( 'NONE',  ( 0.1499999999999999667, 0.4274999999999999911, 0.1124999999999999473 ) ) ;
#778 = LINE ( 'NONE', #1586, #1628 ) ;
#779 = FACE_OUTER_BOUND ( 'NONE', #775, .T. ) ;
#780 =( GEOMETRIC_REPRESENTATION_CONTEXT ( 3 ) GLOBAL_UNCERTAINTY_ASSIGNED_CONTEXT ( ( #861 ) ) GLOBAL_UNIT_ASSIGNED_CONTEXT ( ( #991, #1553, #1178 ) ) REPRESENTATION_CONTEXT ( 'NONE', 'WORKASPACE' ) );
#781 = AXIS2_PLACEMENT_3D ( 'NONE', #191, #299, #581 ) ;
#782 = MECHANICAL_DESIGN_GEOMETRIC_PRESENTATION_REPRESENTATION (  '', ( #32 ), #519 ) ;
#783 = COLOUR_RGB ( '',0.7921568627450980005, 0.8196078431372548767, 0.9333333333333333481 ) ;
#784 = CARTESIAN_POINT ( 'NONE',  ( -0.7033562262423501688, 0.4274999999999999911, -0.1124999999999999473 ) ) ;
#785 = ORIENTED_EDGE ( 'NONE', *, *, #1144, .T. ) ;
#786 = VECTOR ( 'NONE', #896, 1000.000000000000000 ) ;
#787 = ADVANCED_FACE ( 'NONE', ( #1020 ), #564, .F. ) ;
#788 = DIRECTION ( 'NONE',  ( 0.000000000000000000, 0.000000000000000000, 1.000000000000000000 ) ) ;
#789 = LINE ( 'NONE', #1344, #1220 ) ;
#790 = LINE ( 'NONE', #1766, #840 ) ;
#791 = CARTESIAN_POINT ( 'NONE',  ( 0.1499999999999999667, 0.02249999999999999917, -0.1499999999999999389 ) ) ;
#792 = DIRECTION ( 'NONE',  ( 0.000000000000000000, 0.000000000000000000, -1.000000000000000000 ) ) ;
#793 = ORIENTED_EDGE ( 'NONE', *, *, #494, .F. ) ;
#794 = ORIENTED_EDGE ( 'NONE', *, *, #255, .T. ) ;
#795 = EDGE_CURVE ( 'NONE', #1536, #1015, #329, .T. ) ;
#796 = DIRECTION ( 'NONE',  ( 0.000000000000000000, -0.000000000000000000, -1.000000000000000000 ) ) ;
#797 = DIRECTION ( 'NONE',  ( 0.000000000000000000, 1.000000000000000000, 0.000000000000000000 ) ) ;
#798 = DIRECTION ( 'NONE',  ( 0.000000000000000000, 0.000000000000000000, -1.000000000000000000 ) ) ;
#799 = SURFACE_SIDE_STYLE ('',( #530 ) ) ;
#800 = CARTESIAN_POINT ( 'NONE',  ( 0.1499999999999999667, 0.4274999999999999911, -0.2999999999999999334 ) ) ;
#801 = ORIENTED_EDGE ( 'NONE', *, *, #274, .F. ) ;
#802 = PLANE ( 'NONE',  #544 ) ;
#803 = EDGE_CURVE ( 'NONE', #1015, #938, #57, .T. ) ;
#804 = DIRECTION ( 'NONE',  ( 0.000000000000000000, 0.000000000000000000, -1.000000000000000000 ) ) ;
#805 = CARTESIAN_POINT ( 'NONE',  ( 0.1499999999999999667, 0.4049999999999999711, 0.2775000000000000244 ) ) ;
#806 = ADVANCED_FACE ( 'NONE', ( #849 ), #297, .F. ) ;
#807 = AXIS2_PLACEMENT_3D ( 'NONE', #531, #1091, #1512 ) ;
#808 = VECTOR ( 'NONE', #957, 1000.000000000000000 ) ;
#809 = PLANE ( 'NONE',  #1218 ) ;
#810 = ORIENTED_EDGE ( 'NONE', *, *, #1183, .F. ) ;
#811 = VECTOR ( 'NONE', #200, 1000.000000000000000 ) ;
#812 = COLOUR_RGB ( '',0.7921568627450980005, 0.8196078431372548767, 0.9333333333333333481 ) ;
#813 = DIRECTION ( 'NONE',  ( 0.000000000000000000, 0.000000000000000000, -1.000000000000000000 ) ) ;
#814 = DIRECTION ( 'NONE',  ( 0.000000000000000000, 1.000000000000000000, 0.000000000000000000 ) ) ;
#815 = EDGE_CURVE ( 'NONE', #1630, #344, #556, .T. ) ;
#816 = CARTESIAN_POINT ( 'NONE',  ( -0.1499999999999999667, 0.02249999999999999917, -0.1499999999999999389 ) ) ;
#817 = EDGE_LOOP ( 'NONE', ( #113, #187, #20, #68 ) ) ;
#818 = CARTESIAN_POINT ( 'NONE',  ( 0.1499999999999999667, 0.02249999999999999917, -0.1499999999999999389 ) ) ;
#819 = DIRECTION ( 'NONE',  ( 0.000000000000000000, 0.000000000000000000, 1.000000000000000000 ) ) ;
#820 = LINE ( 'NONE', #137, #696 ) ;
#821 = CARTESIAN_POINT ( 'NONE',  ( -0.3999999999999999667, 0.02249999999999999917, -0.2775000000000000244 ) ) ;
#822 = DIRECTION ( 'NONE',  ( -0.000000000000000000, 0.000000000000000000, 1.000000000000000000 ) ) ;
#823 = EDGE_CURVE ( 'NONE', #1166, #36, #967, .T. ) ;
#824 = ORIENTED_EDGE ( 'NONE', *, *, #1450, .F. ) ;
#825 = ORIENTED_EDGE ( 'NONE', *, *, #1475, .F. ) ;
#826 = FACE_OUTER_BOUND ( 'NONE', #1648, .T. ) ;
#827 = CARTESIAN_POINT ( 'NONE',  ( -0.3999999999999999667, 0.02249999999999999917, -0.2775000000000000244 ) ) ;
#828 = MANIFOLD_SOLID_BREP ( 'Mirror1', #287 ) ;
#829 = FACE_OUTER_BOUND ( 'NONE', #476, .T. ) ;
#830 = LINE ( 'NONE', #800, #346 ) ;
#831 = ORIENTED_EDGE ( 'NONE', *, *, #615, .F. ) ;
#832 = AXIS2_PLACEMENT_3D ( 'NONE', #162, #1666, #1256 ) ;
#833 = EDGE_LOOP ( 'NONE', ( #1195, #1310, #973, #1435 ) ) ;
#834 = MANIFOLD_SOLID_BREP ( 'Boss-Extrude1', #600 ) ;
#835 = VECTOR ( 'NONE', #1625, 1000.000000000000000 ) ;
#836 = ADVANCED_FACE ( 'NONE', ( #539 ), #1518, .F. ) ;
#837 = CARTESIAN_POINT ( 'NONE',  ( 0.4000000000000000777, 0.02249999999999999917, -0.2775000000000000244 ) ) ;
#838 = VECTOR ( 'NONE', #677, 1000.000000000000000 ) ;
#839 = CARTESIAN_POINT ( 'NONE',  ( -0.1499999999999999667, 0.4050000000000000266, 0.1124999999999999473 ) ) ;
#840 = VECTOR ( 'NONE', #649, 1000.000000000000000 ) ;
#841 = PLANE ( 'NONE',  #286 ) ;
#842 = CARTESIAN_POINT ( 'NONE',  ( 0.4000000000000000777, 1.378665753736876276, -0.2775000000000000244 ) ) ;
#843 = FACE_OUTER_BOUND ( 'NONE', #541, .T. ) ;
#844 = MANIFOLD_SOLID_BREP ( 'Boss-Extrude2', #1791 ) ;
#845 = PRESENTATION_STYLE_ASSIGNMENT (( #442 ) ) ;
#846 = ORIENTED_EDGE ( 'NONE', *, *, #424, .F. ) ;
#847 = ORIENTED_EDGE ( 'NONE', *, *, #693, .F. ) ;
#848 = DIRECTION ( 'NONE',  ( -0.000000000000000000, -0.000000000000000000, 1.000000000000000000 ) ) ;
#849 = FACE_OUTER_BOUND ( 'NONE', #294, .T. ) ;
#850 = CARTESIAN_POINT ( 'NONE',  ( 0.3999999999999999667, 0.4050000000000000266, 0.1124999999999999473 ) ) ;
#851 = ADVANCED_FACE ( 'NONE', ( #936 ), #687, .T. ) ;
#852 = DIRECTION ( 'NONE',  ( 0.000000000000000000, 0.000000000000000000, -1.000000000000000000 ) ) ;
#853 = CARTESIAN_POINT ( 'NONE',  ( 0.3999999999999999667, 0.000000000000000000, -0.2999999999999999334 ) ) ;
#854 = ORIENTED_EDGE ( 'NONE', *, *, #579, .F. ) ;
#855 = CARTESIAN_POINT ( 'NONE',  ( -0.1499999999999999667, 0.000000000000000000, -0.1499999999999999389 ) ) ;
#856 = VERTEX_POINT ( 'NONE', #1140 ) ;
#857 = ORIENTED_EDGE ( 'NONE', *, *, #1519, .F. ) ;
#858 = EDGE_CURVE ( 'NONE', #641, #179, #1557, .T. ) ;
#859 = DIRECTION ( 'NONE',  ( 0.000000000000000000, 0.000000000000000000, -1.000000000000000000 ) ) ;
#860 = CARTESIAN_POINT ( 'NONE',  ( 0.1499999999999999667, 0.4274999999999999911, 0.2999999999999999334 ) ) ;
#861 = UNCERTAINTY_MEASURE_WITH_UNIT (LENGTH_MEASURE( 1.000000000000000082E-05 ), #991, 'distance_accuracy_value', 'NONE');
#862 = VERTEX_POINT ( 'NONE', #1116 ) ;
#863 = EDGE_CURVE ( 'NONE', #509, #66, #1422, .T. ) ;
#864 = ORIENTED_EDGE ( 'NONE', *, *, #1077, .F. ) ;
#865 = VERTEX_POINT ( 'NONE', #1410 ) ;
#866 = PRESENTATION_LAYER_ASSIGNMENT (  '', '', ( #1416 ) ) ;
#867 = VECTOR ( 'NONE', #418, 1000.000000000000000 ) ;
#868 = VECTOR ( 'NONE', #1482, 1000.000000000000000 ) ;
#869 = LINE ( 'NONE', #713, #181 ) ;
#870 = EDGE_LOOP ( 'NONE', ( #1588, #1458, #1065, #3, #1000, #74, #637, #903, #227, #1672 ) ) ;
#871 = AXIS2_PLACEMENT_3D ( 'NONE', #1285, #308, #41 ) ;
#872 = VERTEX_POINT ( 'NONE', #25 ) ;
#873 = EDGE_CURVE ( 'NONE', #461, #451, #978, .T. ) ;
#874 = EDGE_LOOP ( 'NONE', ( #638, #825, #794, #328 ) ) ;
#875 = PRESENTATION_STYLE_ASSIGNMENT (( #69 ) ) ;
#876 = PLANE ( 'NONE',  #781 ) ;
#877 = DIRECTION ( 'NONE',  ( -1.000000000000000000, -0.000000000000000000, -0.000000000000000000 ) ) ;
#878 = LINE ( 'NONE', #709, #1274 ) ;
#879 = ORIENTED_EDGE ( 'NONE', *, *, #307, .F. ) ;
#880 = EDGE_CURVE ( 'NONE', #373, #774, #314, .T. ) ;
#881 = CARTESIAN_POINT ( 'NONE',  ( 0.3999999999999999667, 0.000000000000000000, 0.000000000000000000 ) ) ;
#882 = ORIENTED_EDGE ( 'NONE', *, *, #33, .F. ) ;
#883 = FILL_AREA_STYLE ('',( #1721 ) ) ;
#884 = DIRECTION ( 'NONE',  ( -1.000000000000000000, -0.000000000000000000, -0.000000000000000000 ) ) ;
#885 = PLANE ( 'NONE',  #1156 ) ;
#886 = LINE ( 'NONE', #1201, #456 ) ;
#887 = CARTESIAN_POINT ( 'NONE',  ( 0.3999999999999999667, 0.4274999999999999911, 0.1124999999999999473 ) ) ;
#888 = ORIENTED_EDGE ( 'NONE', *, *, #98, .T. ) ;
#889 = CARTESIAN_POINT ( 'NONE',  ( -0.3999999999999999667, 0.4049999999999999711, -0.2775000000000000244 ) ) ;
#890 = ORIENTED_EDGE ( 'NONE', *, *, #682, .F. ) ;
#891 = CARTESIAN_POINT ( 'NONE',  ( 0.000000000000000000, 0.000000000000000000, 0.000000000000000000 ) ) ;
#892 = EDGE_CURVE ( 'NONE', #214, #554, #869, .T. ) ;
#893 = CARTESIAN_POINT ( 'NONE',  ( -0.3999999999999999667, 0.4274999999999999911, -0.2999999999999999334 ) ) ;
#894 = VECTOR ( 'NONE', #686, 1000.000000000000000 ) ;
#895 = DIRECTION ( 'NONE',  ( -1.000000000000000000, -0.000000000000000000, 0.000000000000000000 ) ) ;
#896 = DIRECTION ( 'NONE',  ( 0.000000000000000000, 0.000000000000000000, 1.000000000000000000 ) ) ;
#897 = VECTOR ( 'NONE', #44, 1000.000000000000000 ) ;
#898 = VECTOR ( 'NONE', #46, 1000.000000000000000 ) ;
#899 = CARTESIAN_POINT ( 'NONE',  ( -0.1499999999999999667, 0.000000000000000000, 0.2999999999999999334 ) ) ;
#900 = EDGE_LOOP ( 'NONE', ( #1296, #1754, #309, #448 ) ) ;
#901 = ORIENTED_EDGE ( 'NONE', *, *, #1259, .T. ) ;
#902 = VERTEX_POINT ( 'NONE', #440 ) ;
#903 = ORIENTED_EDGE ( 'NONE', *, *, #1314, .T. ) ;
#904 = ADVANCED_FACE ( 'NONE', ( #1696 ), #731, .F. ) ;
#905 = CARTESIAN_POINT ( 'NONE',  ( 0.1499999999999999667, 0.000000000000000000, 0.2999999999999999334 ) ) ;
#906 = ORIENTED_EDGE ( 'NONE', *, *, #803, .T. ) ;
#907 = ORIENTED_EDGE ( 'NONE', *, *, #1510, .T. ) ;
#908 = ORIENTED_EDGE ( 'NONE', *, *, #760, .F. ) ;
#909 = SURFACE_SIDE_STYLE ('',( #1057 ) ) ;
#910 = ORIENTED_EDGE ( 'NONE', *, *, #188, .T. ) ;
#911 = LINE ( 'NONE', #1740, #661 ) ;
#912 = LINE ( 'NONE', #1431, #665 ) ;
#913 = CARTESIAN_POINT ( 'NONE',  ( -0.1499999999999999667, 0.02249999999999999917, -0.2775000000000000244 ) ) ;
#914 = DIRECTION ( 'NONE',  ( 0.000000000000000000, -1.000000000000000000, 0.000000000000000000 ) ) ;
#915 = EDGE_CURVE ( 'NONE', #1270, #344, #1382, .T. ) ;
#916 = VERTEX_POINT ( 'NONE', #853 ) ;
#917 = ORIENTED_EDGE ( 'NONE', *, *, #1780, .T. ) ;
#918 = DIRECTION ( 'NONE',  ( 0.000000000000000000, 0.000000000000000000, -1.000000000000000000 ) ) ;
#919 = LINE ( 'NONE', #1506, #288 ) ;
#920 = CARTESIAN_POINT ( 'NONE',  ( -0.1499999999999999667, 0.4049999999999999711, -0.2775000000000000244 ) ) ;
#921 = VECTOR ( 'NONE', #355, 1000.000000000000000 ) ;
#922 = DIRECTION ( 'NONE',  ( 0.000000000000000000, 1.000000000000000000, 0.000000000000000000 ) ) ;
#923 = DIRECTION ( 'NONE',  ( -0.000000000000000000, -1.000000000000000000, -0.000000000000000000 ) ) ;
#924 = PRODUCT ( 'YC102-FR-07100KT', 'YC102-FR-07100KT', '', ( #1447 ) ) ;
#925 = AXIS2_PLACEMENT_3D ( 'NONE', #496, #1729, #1169 ) ;
#926 = VECTOR ( 'NONE', #1312, 1000.000000000000000 ) ;
#927 = STYLED_ITEM ( 'NONE', ( #388 ), #844 ) ;
#928 = DIRECTION ( 'NONE',  ( -0.000000000000000000, -1.000000000000000000, 0.000000000000000000 ) ) ;
#929 = EDGE_CURVE ( 'NONE', #1283, #1760, #10, .T. ) ;
#930 = ORIENTED_EDGE ( 'NONE', *, *, #1777, .T. ) ;
#931 = AXIS2_PLACEMENT_3D ( 'NONE', #99, #683, #545 ) ;
#932 = ORIENTED_EDGE ( 'NONE', *, *, #1618, .F. ) ;
#933 = CARTESIAN_POINT ( 'NONE',  ( 0.1499999999999999667, 0.4274999999999999911, 0.1124999999999999473 ) ) ;
#934 = CARTESIAN_POINT ( 'NONE',  ( 0.1499999999999999667, 0.4050000000000000266, -0.1124999999999999473 ) ) ;
#935 = LINE ( 'NONE', #1645, #292 ) ;
#936 = FACE_OUTER_BOUND ( 'NONE', #992, .T. ) ;
#937 = PLANE ( 'NONE',  #176 ) ;
#938 = VERTEX_POINT ( 'NONE', #422 ) ;
#939 = ORIENTED_EDGE ( 'NONE', *, *, #1403, .T. ) ;
#940 = ADVANCED_FACE ( 'NONE', ( #1670 ), #1014, .T. ) ;
#941 = ADVANCED_FACE ( 'NONE', ( #843 ), #559, .F. ) ;
#942 = PLANE ( 'NONE',  #574 ) ;
#943 = LINE ( 'NONE', #129, #695 ) ;
#944 =( LENGTH_UNIT ( ) NAMED_UNIT ( * ) SI_UNIT ( .MILLI., .METRE. ) );
#945 = FACE_OUTER_BOUND ( 'NONE', #244, .T. ) ;
#946 = EDGE_LOOP ( 'NONE', ( #151, #13, #1697, #26, #624, #322, #245, #106 ) ) ;
#947 = DIRECTION ( 'NONE',  ( 0.000000000000000000, -1.000000000000000000, 0.000000000000000000 ) ) ;
#948 = CARTESIAN_POINT ( 'NONE',  ( -0.1499999999999999667, 0.02249999999999999917, -0.2775000000000000244 ) ) ;
#949 = CARTESIAN_POINT ( 'NONE',  ( 0.1499999999999999667, 0.000000000000000000, -0.2999999999999999334 ) ) ;
#950 = ADVANCED_FACE ( 'NONE', ( #1262 ), #576, .F. ) ;
#951 = FACE_OUTER_BOUND ( 'NONE', #390, .T. ) ;
#952 = AXIS2_PLACEMENT_3D ( 'NONE', #1309, #1055, #215 ) ;
#953 = VECTOR ( 'NONE', #859, 1000.000000000000000 ) ;
#954 = CARTESIAN_POINT ( 'NONE',  ( -0.7033562262423501688, 0.4349999999999999978, -0.1349999999999999256 ) ) ;
#955 = ORIENTED_EDGE ( 'NONE', *, *, #533, .T. ) ;
#956 = VECTOR ( 'NONE', #1466, 1000.000000000000000 ) ;
#957 = DIRECTION ( 'NONE',  ( 1.000000000000000000, 0.000000000000000000, 0.000000000000000000 ) ) ;
#958 = DIRECTION ( 'NONE',  ( 0.000000000000000000, -1.000000000000000000, 0.000000000000000000 ) ) ;
#959 = CARTESIAN_POINT ( 'NONE',  ( 0.1499999999999999667, 0.4274999999999999911, -0.1124999999999999473 ) ) ;
#960 = FACE_OUTER_BOUND ( 'NONE', #185, .T. ) ;
#961 = EDGE_CURVE ( 'NONE', #856, #217, #1544, .T. ) ;
#962 = DIRECTION ( 'NONE',  ( 1.000000000000000000, 0.000000000000000000, -0.000000000000000000 ) ) ;
#963 = CARTESIAN_POINT ( 'NONE',  ( 0.1499999999999999667, 0.02249999999999999917, 0.1499999999999999389 ) ) ;
#964 = ORIENTED_EDGE ( 'NONE', *, *, #1453, .F. ) ;
#965 = EDGE_LOOP ( 'NONE', ( #1212, #732, #1119, #1718 ) ) ;
#966 = PLANE ( 'NONE',  #931 ) ;
#967 = LINE ( 'NONE', #1028, #1711 ) ;
#968 = PLANE ( 'NONE',  #606 ) ;
#969 = CARTESIAN_POINT ( 'NONE',  ( 0.3999999999999999667, 0.000000000000000000, 0.000000000000000000 ) ) ;
#970 = UNCERTAINTY_MEASURE_WITH_UNIT (LENGTH_MEASURE( 1.000000000000000082E-05 ), #1311, 'distance_accuracy_value', 'NONE');
#971 = CARTESIAN_POINT ( 'NONE',  ( 0.1499999999999999667, 0.4049999999999999711, -0.2775000000000000244 ) ) ;
#972 = ORIENTED_EDGE ( 'NONE', *, *, #795, .F. ) ;
#973 = ORIENTED_EDGE ( 'NONE', *, *, #1128, .T. ) ;
#974 = CARTESIAN_POINT ( 'NONE',  ( 0.3999999999999999667, 0.4274999999999999911, -0.2999999999999999334 ) ) ;
#975 =( NAMED_UNIT ( * ) PLANE_ANGLE_UNIT ( ) SI_UNIT ( $, .RADIAN. ) );
#976 = DIRECTION ( 'NONE',  ( 0.000000000000000000, 1.000000000000000000, 0.000000000000000000 ) ) ;
#977 = CARTESIAN_POINT ( 'NONE',  ( 0.3999999999999999667, 0.4274999999999999911, -0.1124999999999999473 ) ) ;
#978 = LINE ( 'NONE', #590, #1685 ) ;
#979 = DIRECTION ( 'NONE',  ( 1.000000000000000000, 0.000000000000000000, 0.000000000000000000 ) ) ;
#980 = ORIENTED_EDGE ( 'NONE', *, *, #369, .T. ) ;
#981 = AXIS2_PLACEMENT_3D ( 'NONE', #146, #1669, #1662 ) ;
#982 = EDGE_CURVE ( 'NONE', #1254, #755, #165, .T. ) ;
#983 = VERTEX_POINT ( 'NONE', #1608 ) ;
#984 = VECTOR ( 'NONE', #1585, 1000.000000000000000 ) ;
#985 = AXIS2_PLACEMENT_3D ( 'NONE', #1470, #481, #473 ) ;
#986 = CARTESIAN_POINT ( 'NONE',  ( -0.1499999999999999667, 0.000000000000000000, -0.1499999999999999389 ) ) ;
#987 = AXIS2_PLACEMENT_3D ( 'NONE', #949, #254, #1507 ) ;
#988 = CARTESIAN_POINT ( 'NONE',  ( -0.1499999999999999667, 0.02249999999999999917, -0.1499999999999999389 ) ) ;
#989 = CARTESIAN_POINT ( 'NONE',  ( 0.1499999999999999667, 0.4274999999999999911, -0.1124999999999999473 ) ) ;
#990 = DIRECTION ( 'NONE',  ( -0.000000000000000000, 0.000000000000000000, -1.000000000000000000 ) ) ;
#991 =( LENGTH_UNIT ( ) NAMED_UNIT ( * ) SI_UNIT ( .MILLI., .METRE. ) );
#992 = EDGE_LOOP ( 'NONE', ( #441, #1076, #767, #847 ) ) ;
#993 = EDGE_LOOP ( 'NONE', ( #1266, #710, #53, #801 ) ) ;
#994 = EDGE_CURVE ( 'NONE', #501, #1732, #601, .T. ) ;
#995 = EDGE_CURVE ( 'NONE', #161, #443, #71, .T. ) ;
#996 = DIRECTION ( 'NONE',  ( 0.000000000000000000, 1.000000000000000000, 0.000000000000000000 ) ) ;
#997 = DIRECTION ( 'NONE',  ( 1.000000000000000000, 0.000000000000000000, 0.000000000000000000 ) ) ;
#998 = ORIENTED_EDGE ( 'NONE', *, *, #1221, .T. ) ;
#999 = DIRECTION ( 'NONE',  ( 0.000000000000000000, -1.000000000000000000, 0.000000000000000000 ) ) ;
#1000 = ORIENTED_EDGE ( 'NONE', *, *, #274, .T. ) ;
#1001 = EDGE_LOOP ( 'NONE', ( #38, #1704, #1136, #718 ) ) ;
#1002 = CARTESIAN_POINT ( 'NONE',  ( 0.1499999999999999667, 0.4274999999999999911, -0.1124999999999999473 ) ) ;
#1003 = EDGE_CURVE ( 'NONE', #862, #856, #1439, .T. ) ;
#1004 = DIRECTION ( 'NONE',  ( 1.000000000000000000, 0.000000000000000000, -0.000000000000000000 ) ) ;
#1005 = ORIENTED_EDGE ( 'NONE', *, *, #569, .T. ) ;
#1006 = VERTEX_POINT ( 'NONE', #1061 ) ;
#1007 = ORIENTED_EDGE ( 'NONE', *, *, #1107, .T. ) ;
#1008 = AXIS2_PLACEMENT_3D ( 'NONE', #1135, #1690, #1149 ) ;
#1009 = DIRECTION ( 'NONE',  ( 0.000000000000000000, 0.000000000000000000, 1.000000000000000000 ) ) ;
#1010 = AXIS2_PLACEMENT_3D ( 'NONE', #50, #70, #192 ) ;
#1011 = AXIS2_PLACEMENT_3D ( 'NONE', #468, #1577, #335 ) ;
#1012 = DIRECTION ( 'NONE',  ( 1.000000000000000000, -0.000000000000000000, -0.000000000000000000 ) ) ;
#1013 = FACE_OUTER_BOUND ( 'NONE', #900, .T. ) ;
#1014 = PLANE ( 'NONE',  #1484 ) ;
#1015 = VERTEX_POINT ( 'NONE', #82 ) ;
#1016 = AXIS2_PLACEMENT_3D ( 'NONE', #1717, #1232, #510 ) ;
#1017 = EDGE_CURVE ( 'NONE', #902, #1687, #632, .T. ) ;
#1018 = DIRECTION ( 'NONE',  ( -0.000000000000000000, 1.000000000000000000, -0.000000000000000000 ) ) ;
#1019 = ORIENTED_EDGE ( 'NONE', *, *, #640, .T. ) ;
#1020 = FACE_OUTER_BOUND ( 'NONE', #965, .T. ) ;
#1021 = VERTEX_POINT ( 'NONE', #1024 ) ;
#1022 = DIRECTION ( 'NONE',  ( 0.000000000000000000, 1.000000000000000000, 0.000000000000000000 ) ) ;
#1023 = CARTESIAN_POINT ( 'NONE',  ( 0.3999999999999999667, 0.02249999999999999917, 0.2775000000000000244 ) ) ;
#1024 = CARTESIAN_POINT ( 'NONE',  ( -0.3999999999999999667, 0.4274999999999999356, -0.1124999999999999473 ) ) ;
#1025 = CARTESIAN_POINT ( 'NONE',  ( -0.7033562262423501688, 0.4050000000000000266, -0.1124999999999999473 ) ) ;
#1026 = ADVANCED_FACE ( 'NONE', ( #230 ), #1715, .T. ) ;
#1027 = VERTEX_POINT ( 'NONE', #1170 ) ;
#1028 = CARTESIAN_POINT ( 'NONE',  ( -0.1499999999999999667, 0.000000000000000000, -0.2999999999999999334 ) ) ;
#1029 = EDGE_CURVE ( 'NONE', #201, #410, #943, .T. ) ;
#1030 = ORIENTED_EDGE ( 'NONE', *, *, #1787, .F. ) ;
#1031 = CARTESIAN_POINT ( 'NONE',  ( 0.3999999999999999667, 0.4274999999999999911, 0.1124999999999999473 ) ) ;
#1032 = DIRECTION ( 'NONE',  ( 0.000000000000000000, -0.000000000000000000, -1.000000000000000000 ) ) ;
#1033 = CARTESIAN_POINT ( 'NONE',  ( -0.1499999999999999667, 0.000000000000000000, 0.1499999999999999389 ) ) ;
#1034 = VERTEX_POINT ( 'NONE', #1637 ) ;
#1035 = DIRECTION ( 'NONE',  ( 0.000000000000000000, 0.000000000000000000, 1.000000000000000000 ) ) ;
#1036 = EDGE_LOOP ( 'NONE', ( #1049, #646, #1779, #1046, #1281, #47, #190, #605 ) ) ;
#1037 = EDGE_CURVE ( 'NONE', #1552, #273, #669, .T. ) ;
#1038 =( NAMED_UNIT ( * ) SI_UNIT ( $, .STERADIAN. ) SOLID_ANGLE_UNIT ( ) );
#1039 = CARTESIAN_POINT ( 'NONE',  ( -0.1499999999999999667, 0.000000000000000000, -0.2999999999999999334 ) ) ;
#1040 = AXIS2_PLACEMENT_3D ( 'NONE', #745, #1168, #1059 ) ;
#1041 = LINE ( 'NONE', #777, #1154 ) ;
#1042 = VECTOR ( 'NONE', #819, 1000.000000000000000 ) ;
#1043 = VECTOR ( 'NONE', #291, 1000.000000000000000 ) ;
#1044 = CARTESIAN_POINT ( 'NONE',  ( 0.1499999999999999667, 0.4050000000000000266, -0.1124999999999999473 ) ) ;
#1045 = LINE ( 'NONE', #770, #1301 ) ;
#1046 = ORIENTED_EDGE ( 'NONE', *, *, #369, .F. ) ;
#1047 = PLANE ( 'NONE',  #952 ) ;
#1048 = VERTEX_POINT ( 'NONE', #1790 ) ;
#1049 = ORIENTED_EDGE ( 'NONE', *, *, #726, .F. ) ;
#1050 = EDGE_CURVE ( 'NONE', #865, #517, #1081, .T. ) ;
#1051 = CARTESIAN_POINT ( 'NONE',  ( -0.3999999999999999667, 0.4349999999999999978, -0.1349999999999999256 ) ) ;
#1052 = CARTESIAN_POINT ( 'NONE',  ( 0.000000000000000000, 0.02249999999999999917, 0.000000000000000000 ) ) ;
#1053 = EDGE_CURVE ( 'NONE', #1545, #86, #935, .T. ) ;
#1054 = DIRECTION ( 'NONE',  ( 0.000000000000000000, -0.000000000000000000, -1.000000000000000000 ) ) ;
#1055 = DIRECTION ( 'NONE',  ( 0.000000000000000000, 0.000000000000000000, 1.000000000000000000 ) ) ;
#1056 = EDGE_LOOP ( 'NONE', ( #85, #1575, #104, #562 ) ) ;
#1057 = SURFACE_STYLE_FILL_AREA ( #883 ) ;
#1058 = DIRECTION ( 'NONE',  ( 0.000000000000000000, 0.000000000000000000, -1.000000000000000000 ) ) ;
#1059 = DIRECTION ( 'NONE',  ( 0.000000000000000000, 0.000000000000000000, -1.000000000000000000 ) ) ;
#1060 = DIRECTION ( 'NONE',  ( 0.000000000000000000, 0.000000000000000000, -1.000000000000000000 ) ) ;
#1061 = CARTESIAN_POINT ( 'NONE',  ( -0.3999999999999999667, 0.4274999999999999911, -0.2999999999999999334 ) ) ;
#1062 = EDGE_CURVE ( 'NONE', #36, #1727, #394, .T. ) ;
#1063 = FACE_OUTER_BOUND ( 'NONE', #1700, .T. ) ;
#1064 = EDGE_LOOP ( 'NONE', ( #356, #553, #998, #216 ) ) ;
#1065 = ORIENTED_EDGE ( 'NONE', *, *, #1519, .T. ) ;
#1066 = CARTESIAN_POINT ( 'NONE',  ( -0.3999999999999999667, 0.4274999999999999911, 0.1124999999999999473 ) ) ;
#1067 = CARTESIAN_POINT ( 'NONE',  ( -0.1499999999999999667, 0.4274999999999999911, -0.2999999999999999334 ) ) ;
#1068 = LINE ( 'NONE', #271, #207 ) ;
#1069 = VECTOR ( 'NONE', #306, 1000.000000000000000 ) ;
#1070 = VECTOR ( 'NONE', #928, 1000.000000000000000 ) ;
#1071 = DIRECTION ( 'NONE',  ( 0.000000000000000000, 0.000000000000000000, 1.000000000000000000 ) ) ;
#1072 = VECTOR ( 'NONE', #412, 1000.000000000000000 ) ;
#1073 = ADVANCED_FACE ( 'NONE', ( #1096 ), #1241, .F. ) ;
#1074 = VECTOR ( 'NONE', #184, 1000.000000000000000 ) ;
#1075 = EDGE_LOOP ( 'NONE', ( #617, #626, #1759, #1224 ) ) ;
#1076 = ORIENTED_EDGE ( 'NONE', *, *, #757, .T. ) ;
#1077 = EDGE_CURVE ( 'NONE', #410, #1027, #1234, .T. ) ;
#1078 = AXIS2_PLACEMENT_3D ( 'NONE', #920, #1483, #243 ) ;
#1079 = DIRECTION ( 'NONE',  ( -0.000000000000000000, -0.000000000000000000, -1.000000000000000000 ) ) ;
#1080 = LINE ( 'NONE', #1636, #1419 ) ;
#1081 = LINE ( 'NONE', #805, #838 ) ;
#1082 =( NAMED_UNIT ( * ) PLANE_ANGLE_UNIT ( ) SI_UNIT ( $, .RADIAN. ) );
#1083 = FACE_OUTER_BOUND ( 'NONE', #357, .T. ) ;
#1084 = ORIENTED_EDGE ( 'NONE', *, *, #929, .F. ) ;
#1085 = ADVANCED_FACE ( 'NONE', ( #960 ), #537, .T. ) ;
#1086 = CARTESIAN_POINT ( 'NONE',  ( 0.1499999999999999667, 0.000000000000000000, 0.1499999999999999389 ) ) ;
#1087 = DIRECTION ( 'NONE',  ( -1.000000000000000000, -0.000000000000000000, -0.000000000000000000 ) ) ;
#1088 = CARTESIAN_POINT ( 'NONE',  ( -0.3999999999999999667, 0.4274999999999999911, -0.1124999999999999473 ) ) ;
#1089 = CARTESIAN_POINT ( 'NONE',  ( 0.4000000000000000777, 1.378665753736876276, 0.2775000000000000244 ) ) ;
#1090 = SURFACE_SIDE_STYLE ('',( #381 ) ) ;
#1091 = DIRECTION ( 'NONE',  ( 0.000000000000000000, -1.000000000000000000, 0.000000000000000000 ) ) ;
#1092 = EDGE_LOOP ( 'NONE', ( #980, #1129, #1411, #1433 ) ) ;
#1093 = EDGE_CURVE ( 'NONE', #443, #339, #1068, .T. ) ;
#1094 = LINE ( 'NONE', #1066, #462 ) ;
#1095 = CARTESIAN_POINT ( 'NONE',  ( -0.1499999999999999667, 0.4050000000000000266, 0.1124999999999999473 ) ) ;
#1096 = FACE_OUTER_BOUND ( 'NONE', #1001, .T. ) ;
#1097 = VECTOR ( 'NONE', #712, 1000.000000000000000 ) ;
#1098 = CARTESIAN_POINT ( 'NONE',  ( -0.1499999999999999667, 0.02249999999999999917, -0.2775000000000000244 ) ) ;
#1099 = ORIENTED_EDGE ( 'NONE', *, *, #108, .T. ) ;
#1100 = VECTOR ( 'NONE', #751, 1000.000000000000000 ) ;
#1101 = AXIS2_PLACEMENT_3D ( 'NONE', #18, #1679, #990 ) ;
#1102 = ORIENTED_EDGE ( 'NONE', *, *, #424, .T. ) ;
#1103 = PLANE ( 'NONE',  #1388 ) ;
#1104 = LINE ( 'NONE', #742, #1072 ) ;
#1105 = FACE_OUTER_BOUND ( 'NONE', #223, .T. ) ;
#1106 = CARTESIAN_POINT ( 'NONE',  ( -0.3999999999999999667, 0.000000000000000000, -0.1499999999999999389 ) ) ;
#1107 = EDGE_CURVE ( 'NONE', #166, #865, #820, .T. ) ;
#1108 = FILL_AREA_STYLE_COLOUR ( '', #321 ) ;
#1109 = DIRECTION ( 'NONE',  ( -0.000000000000000000, 0.000000000000000000, 1.000000000000000000 ) ) ;
#1110 = ORIENTED_EDGE ( 'NONE', *, *, #961, .T. ) ;
#1111 = VERTEX_POINT ( 'NONE', #658 ) ;
#1112 = PLANE ( 'NONE',  #832 ) ;
#1113 = DIRECTION ( 'NONE',  ( 1.000000000000000000, 0.000000000000000000, 0.000000000000000000 ) ) ;
#1114 = CARTESIAN_POINT ( 'NONE',  ( -0.3999999999999999667, 0.4050000000000000266, 0.1124999999999999473 ) ) ;
#1115 = FACE_OUTER_BOUND ( 'NONE', #1471, .T. ) ;
#1116 = CARTESIAN_POINT ( 'NONE',  ( -0.3999999999999999667, 0.4274999999999999911, -0.1499999999999999389 ) ) ;
#1117 = ADVANCED_FACE ( 'NONE', ( #1105 ), #367, .F. ) ;
#1118 = CARTESIAN_POINT ( 'NONE',  ( 0.1499999999999999667, 0.000000000000000000, -0.2999999999999999334 ) ) ;
#1119 = ORIENTED_EDGE ( 'NONE', *, *, #1390, .T. ) ;
#1120 = ORIENTED_EDGE ( 'NONE', *, *, #1475, .T. ) ;
#1121 = CARTESIAN_POINT ( 'NONE',  ( -0.7033562262423501688, 0.4274999999999999911, 0.1124999999999999473 ) ) ;
#1122 = DIRECTION ( 'NONE',  ( 1.000000000000000000, 0.000000000000000000, 0.000000000000000000 ) ) ;
#1123 = DIRECTION ( 'NONE',  ( 1.000000000000000000, 0.000000000000000000, 0.000000000000000000 ) ) ;
#1124 = EDGE_CURVE ( 'NONE', #339, #1034, #790, .T. ) ;
#1125 = ORIENTED_EDGE ( 'NONE', *, *, #1037, .F. ) ;
#1126 = VECTOR ( 'NONE', #1012, 1000.000000000000000 ) ;
#1127 = AXIS2_PLACEMENT_3D ( 'NONE', #280, #125, #408 ) ;
#1128 = EDGE_CURVE ( 'NONE', #1428, #1496, #1209, .T. ) ;
#1129 = ORIENTED_EDGE ( 'NONE', *, *, #163, .F. ) ;
#1130 = STYLED_ITEM ( 'NONE', ( #733 ), #268 ) ;
#1131 = CARTESIAN_POINT ( 'NONE',  ( -0.3999999999999999667, 0.000000000000000000, 0.2999999999999999334 ) ) ;
#1132 = VECTOR ( 'NONE', #338, 1000.000000000000000 ) ;
#1133 = CARTESIAN_POINT ( 'NONE',  ( -0.3999999999999999667, 0.02249999999999999917, 0.2775000000000000244 ) ) ;
#1134 = ORIENTED_EDGE ( 'NONE', *, *, #1173, .F. ) ;
#1135 = CARTESIAN_POINT ( 'NONE',  ( -0.3999999999999999667, 0.000000000000000000, 0.000000000000000000 ) ) ;
#1136 = ORIENTED_EDGE ( 'NONE', *, *, #305, .F. ) ;
#1137 = EDGE_CURVE ( 'NONE', #331, #1428, #1493, .T. ) ;
#1138 = ORIENTED_EDGE ( 'NONE', *, *, #360, .F. ) ;
#1139 = ADVANCED_FACE ( 'NONE', ( #1258 ), #968, .F. ) ;
#1140 = CARTESIAN_POINT ( 'NONE',  ( -0.3999999999999999667, 0.4349999999999999978, -0.1499999999999999389 ) ) ;
#1141 = ORIENTED_EDGE ( 'NONE', *, *, #233, .F. ) ;
#1142 = ORIENTED_EDGE ( 'NONE', *, *, #1526, .F. ) ;
#1143 = VERTEX_POINT ( 'NONE', #850 ) ;
#1144 = EDGE_CURVE ( 'NONE', #1379, #416, #143, .T. ) ;
#1145 = FACE_OUTER_BOUND ( 'NONE', #348, .T. ) ;
#1146 = CARTESIAN_POINT ( 'NONE',  ( 0.1499999999999999667, 0.4050000000000000266, -0.1124999999999999473 ) ) ;
#1147 = UNCERTAINTY_MEASURE_WITH_UNIT (LENGTH_MEASURE( 1.000000000000000082E-05 ), #1375, 'distance_accuracy_value', 'NONE');
#1148 = ORIENTED_EDGE ( 'NONE', *, *, #1378, .T. ) ;
#1149 = DIRECTION ( 'NONE',  ( 0.000000000000000000, 0.000000000000000000, 1.000000000000000000 ) ) ;
#1150 = ORIENTED_EDGE ( 'NONE', *, *, #63, .F. ) ;
#1151 = DIRECTION ( 'NONE',  ( 0.000000000000000000, -1.000000000000000000, 0.000000000000000000 ) ) ;
#1152 = ORIENTED_EDGE ( 'NONE', *, *, #1107, .F. ) ;
#1153 = CLOSED_SHELL ( 'NONE', ( #941, #1359, #1180, #445, #1549, #1702, #1073, #1465, #836, #1427 ) ) ;
#1154 = VECTOR ( 'NONE', #759, 1000.000000000000000 ) ;
#1155 = CARTESIAN_POINT ( 'NONE',  ( -0.1499999999999999667, 0.000000000000000000, -0.2999999999999999334 ) ) ;
#1156 = AXIS2_PLACEMENT_3D ( 'NONE', #93, #197, #618 ) ;
#1157 = MECHANICAL_DESIGN_GEOMETRIC_PRESENTATION_REPRESENTATION (  '', ( #927 ), #376 ) ;
#1158 = DIRECTION ( 'NONE',  ( 0.000000000000000000, 1.000000000000000000, 0.000000000000000000 ) ) ;
#1159 = CARTESIAN_POINT ( 'NONE',  ( 0.4000000000000000777, 1.378665753736876276, 0.2775000000000000244 ) ) ;
#1160 = DIRECTION ( 'NONE',  ( -1.000000000000000000, -0.000000000000000000, 0.000000000000000000 ) ) ;
#1161 = AXIS2_PLACEMENT_3D ( 'NONE', #107, #1623, #1649 ) ;
#1162 = LINE ( 'NONE', #1177, #1538 ) ;
#1163 = CARTESIAN_POINT ( 'NONE',  ( -0.1499999999999999667, 0.000000000000000000, 0.1499999999999999389 ) ) ;
#1164 = VERTEX_POINT ( 'NONE', #596 ) ;
#1165 = DIRECTION ( 'NONE',  ( 0.000000000000000000, 0.000000000000000000, -1.000000000000000000 ) ) ;
#1166 = VERTEX_POINT ( 'NONE', #1155 ) ;
#1167 = DIRECTION ( 'NONE',  ( 0.000000000000000000, 0.000000000000000000, 1.000000000000000000 ) ) ;
#1168 = DIRECTION ( 'NONE',  ( 1.000000000000000000, 0.000000000000000000, 0.000000000000000000 ) ) ;
#1169 = DIRECTION ( 'NONE',  ( -0.000000000000000000, -3.285461128743951545E-16, -1.000000000000000000 ) ) ;
#1170 = CARTESIAN_POINT ( 'NONE',  ( -0.3999999999999999667, 0.02249999999999999917, 0.1499999999999999389 ) ) ;
#1171 = PLANE ( 'NONE',  #1655 ) ;
#1172 = EDGE_LOOP ( 'NONE', ( #1175, #1720, #1547, #1408 ) ) ;
#1173 = EDGE_CURVE ( 'NONE', #201, #139, #756, .T. ) ;
#1174 = EDGE_LOOP ( 'NONE', ( #12, #864, #349, #1786 ) ) ;
#1175 = ORIENTED_EDGE ( 'NONE', *, *, #1652, .F. ) ;
#1176 = DIRECTION ( 'NONE',  ( 0.000000000000000000, 0.000000000000000000, 1.000000000000000000 ) ) ;
#1177 = CARTESIAN_POINT ( 'NONE',  ( -0.3999999999999999667, 0.4049999999999999711, -0.2775000000000000244 ) ) ;
#1178 =( NAMED_UNIT ( * ) SI_UNIT ( $, .STERADIAN. ) SOLID_ANGLE_UNIT ( ) );
#1179 = ORIENTED_EDGE ( 'NONE', *, *, #247, .F. ) ;
#1180 = ADVANCED_FACE ( 'NONE', ( #744 ), #1198, .F. ) ;
#1181 = CARTESIAN_POINT ( 'NONE',  ( -0.3999999999999999667, 0.4274999999999999911, 0.1499999999999999389 ) ) ;
#1182 = ORIENTED_EDGE ( 'NONE', *, *, #1124, .F. ) ;
#1183 = EDGE_CURVE ( 'NONE', #1254, #398, #769, .T. ) ;
#1184 = SHAPE_REPRESENTATION_RELATIONSHIP ( 'NONE' , 'NONE' ,  #5, #246 ) ;
#1185 = APPLICATION_CONTEXT ( 'automotive_design' ) ;
#1186 = ORIENTED_EDGE ( 'NONE', *, *, #1757, .F. ) ;
#1187 = VECTOR ( 'NONE', #662, 1000.000000000000000 ) ;
#1188 = DIRECTION ( 'NONE',  ( -1.000000000000000000, 0.000000000000000000, 0.000000000000000000 ) ) ;
#1189 = VECTOR ( 'NONE', #49, 1000.000000000000000 ) ;
#1190 = FACE_OUTER_BOUND ( 'NONE', #1056, .T. ) ;
#1191 = VECTOR ( 'NONE', #1569, 1000.000000000000000 ) ;
#1192 = DIRECTION ( 'NONE',  ( -1.000000000000000000, 0.000000000000000000, 0.000000000000000000 ) ) ;
#1193 = DIRECTION ( 'NONE',  ( 1.000000000000000000, -0.000000000000000000, 0.000000000000000000 ) ) ;
#1194 = DIRECTION ( 'NONE',  ( -0.000000000000000000, 0.000000000000000000, 1.000000000000000000 ) ) ;
#1195 = ORIENTED_EDGE ( 'NONE', *, *, #707, .F. ) ;
#1196 =( LENGTH_UNIT ( ) NAMED_UNIT ( * ) SI_UNIT ( .MILLI., .METRE. ) );
#1197 = ORIENTED_EDGE ( 'NONE', *, *, #534, .F. ) ;
#1198 = PLANE ( 'NONE',  #1247 ) ;
#1199 = EDGE_CURVE ( 'NONE', #1048, #217, #778, .T. ) ;
#1200 = CARTESIAN_POINT ( 'NONE',  ( 0.3999999999999999667, 0.4274999999999999911, 0.1124999999999999473 ) ) ;
#1201 = CARTESIAN_POINT ( 'NONE',  ( -0.1499999999999999667, 0.02249999999999999917, 0.2775000000000000244 ) ) ;
#1202 = DIRECTION ( 'NONE',  ( 0.000000000000000000, 3.285461128743951052E-16, 1.000000000000000000 ) ) ;
#1203 = CARTESIAN_POINT ( 'NONE',  ( 0.3999999999999999667, 0.4050000000000000266, 0.1124999999999999473 ) ) ;
#1204 = CARTESIAN_POINT ( 'NONE',  ( -0.3999999999999999667, 0.000000000000000000, -0.2999999999999999334 ) ) ;
#1205 = ORIENTED_EDGE ( 'NONE', *, *, #1093, .F. ) ;
#1206 = FACE_OUTER_BOUND ( 'NONE', #817, .T. ) ;
#1207 = EDGE_CURVE ( 'NONE', #1275, #1034, #497, .T. ) ;
#1208 = DIRECTION ( 'NONE',  ( 0.000000000000000000, -1.000000000000000000, 0.000000000000000000 ) ) ;
#1209 = LINE ( 'NONE', #512, #520 ) ;
#1210 = DIRECTION ( 'NONE',  ( 0.000000000000000000, 0.000000000000000000, -1.000000000000000000 ) ) ;
#1211 = CARTESIAN_POINT ( 'NONE',  ( 0.3999999999999999667, 0.02249999999999999917, 0.1499999999999999389 ) ) ;
#1212 = ORIENTED_EDGE ( 'NONE', *, *, #108, .F. ) ;
#1213 = ORIENTED_EDGE ( 'NONE', *, *, #1093, .T. ) ;
#1214 = CARTESIAN_POINT ( 'NONE',  ( -0.1499999999999999667, 0.4274999999999999911, -0.2999999999999999334 ) ) ;
#1215 = DIRECTION ( 'NONE',  ( 0.000000000000000000, 1.000000000000000000, 0.000000000000000000 ) ) ;
#1216 = PRODUCT_RELATED_PRODUCT_CATEGORY ( 'part', '', ( #117 ) ) ;
#1217 = AXIS2_PLACEMENT_3D ( 'NONE', #969, #962, #1009 ) ;
#1218 = AXIS2_PLACEMENT_3D ( 'NONE', #963, #1237, #1229 ) ;
#1219 =( NAMED_UNIT ( * ) SI_UNIT ( $, .STERADIAN. ) SOLID_ANGLE_UNIT ( ) );
#1220 = VECTOR ( 'NONE', #1215, 1000.000000000000000 ) ;
#1221 = EDGE_CURVE ( 'NONE', #865, #509, #361, .T. ) ;
#1222 = VECTOR ( 'NONE', #1297, 1000.000000000000000 ) ;
#1223 = DIRECTION ( 'NONE',  ( -1.000000000000000000, -0.000000000000000000, -0.000000000000000000 ) ) ;
#1224 = ORIENTED_EDGE ( 'NONE', *, *, #671, .F. ) ;
#1225 = CARTESIAN_POINT ( 'NONE',  ( 0.3999999999999999667, 0.4499999999999999556, 0.1349999999999999256 ) ) ;
#1226 = CARTESIAN_POINT ( 'NONE',  ( -0.1499999999999999667, 0.000000000000000000, -0.1499999999999999389 ) ) ;
#1227 = LINE ( 'NONE', #529, #1358 ) ;
#1228 =( NAMED_UNIT ( * ) SI_UNIT ( $, .STERADIAN. ) SOLID_ANGLE_UNIT ( ) );
#1229 = DIRECTION ( 'NONE',  ( -1.000000000000000000, 0.000000000000000000, 0.000000000000000000 ) ) ;
#1230 = ADVANCED_FACE ( 'NONE', ( #1751 ), #506, .F. ) ;
#1231 = ORIENTED_EDGE ( 'NONE', *, *, #588, .T. ) ;
#1232 = DIRECTION ( 'NONE',  ( 0.000000000000000000, 0.000000000000000000, -1.000000000000000000 ) ) ;
#1233 = DIRECTION ( 'NONE',  ( 0.000000000000000000, 0.000000000000000000, 1.000000000000000000 ) ) ;
#1234 = LINE ( 'NONE', #548, #750 ) ;
#1235 = CARTESIAN_POINT ( 'NONE',  ( 0.3999999999999999667, 0.02249999999999999917, -0.2775000000000000244 ) ) ;
#1236 =( NAMED_UNIT ( * ) PLANE_ANGLE_UNIT ( ) SI_UNIT ( $, .RADIAN. ) );
#1237 = DIRECTION ( 'NONE',  ( 0.000000000000000000, 0.000000000000000000, 1.000000000000000000 ) ) ;
#1238 = ORIENTED_EDGE ( 'NONE', *, *, #1510, .F. ) ;
#1239 = FACE_OUTER_BOUND ( 'NONE', #1340, .T. ) ;
#1240 = SURFACE_STYLE_USAGE ( .BOTH. , #205 ) ;
#1241 = PLANE ( 'NONE',  #987 ) ;
#1242 = PRODUCT_DEFINITION_CONTEXT ( 'detailed design', #1278, 'design' ) ;
#1243 = AXIS2_PLACEMENT_3D ( 'NONE', #95, #762, #1316 ) ;
#1244 = FACE_OUTER_BOUND ( 'NONE', #1174, .T. ) ;
#1245 = ORIENTED_EDGE ( 'NONE', *, *, #494, .T. ) ;
#1246 =( GEOMETRIC_REPRESENTATION_CONTEXT ( 3 ) GLOBAL_UNCERTAINTY_ASSIGNED_CONTEXT ( ( #173 ) ) GLOBAL_UNIT_ASSIGNED_CONTEXT ( ( #1785, #1082, #679 ) ) REPRESENTATION_CONTEXT ( 'NONE', 'WORKASPACE' ) );
#1247 = AXIS2_PLACEMENT_3D ( 'NONE', #1612, #1058, #1192 ) ;
#1248 = ORIENTED_EDGE ( 'NONE', *, *, #1390, .F. ) ;
#1249 = DIRECTION ( 'NONE',  ( -0.000000000000000000, -1.000000000000000000, -0.000000000000000000 ) ) ;
#1250 = CARTESIAN_POINT ( 'NONE',  ( -0.1499999999999999667, 0.02249999999999999917, -0.1499999999999999389 ) ) ;
#1251 = EDGE_CURVE ( 'NONE', #398, #1552, #761, .T. ) ;
#1252 = DIRECTION ( 'NONE',  ( 0.000000000000000000, -1.000000000000000000, 0.000000000000000000 ) ) ;
#1253 = DIRECTION ( 'NONE',  ( 0.000000000000000000, -1.000000000000000000, 0.000000000000000000 ) ) ;
#1254 = VERTEX_POINT ( 'NONE', #221 ) ;
#1255 = ORIENTED_EDGE ( 'NONE', *, *, #1450, .T. ) ;
#1256 = DIRECTION ( 'NONE',  ( 0.000000000000000000, 0.000000000000000000, -1.000000000000000000 ) ) ;
#1257 = LINE ( 'NONE', #285, #263 ) ;
#1258 = FACE_OUTER_BOUND ( 'NONE', #532, .T. ) ;
#1259 = EDGE_CURVE ( 'NONE', #1460, #1560, #72, .T. ) ;
#1260 = SURFACE_SIDE_STYLE ('',( #439 ) ) ;
#1261 = DIRECTION ( 'NONE',  ( -0.000000000000000000, 1.000000000000000000, -0.000000000000000000 ) ) ;
#1262 = FACE_OUTER_BOUND ( 'NONE', #1632, .T. ) ;
#1263 = EDGE_CURVE ( 'NONE', #1687, #755, #1162, .T. ) ;
#1264 = LINE ( 'NONE', #1683, #897 ) ;
#1265 = ORIENTED_EDGE ( 'NONE', *, *, #682, .T. ) ;
#1266 = ORIENTED_EDGE ( 'NONE', *, *, #1606, .F. ) ;
#1267 = CARTESIAN_POINT ( 'NONE',  ( -0.7033562262423501688, 0.4274999999999999911, 0.1499999999999999389 ) ) ;
#1268 = LINE ( 'NONE', #722, #1126 ) ;
#1269 = CARTESIAN_POINT ( 'NONE',  ( -0.1499999999999999667, 0.4049999999999999711, -0.2775000000000000244 ) ) ;
#1270 = VERTEX_POINT ( 'NONE', #1044 ) ;
#1271 = SURFACE_STYLE_USAGE ( .BOTH. , #52 ) ;
#1272 = ORIENTED_EDGE ( 'NONE', *, *, #1641, .F. ) ;
#1273 = ADVANCED_FACE ( 'NONE', ( #603 ), #1598, .F. ) ;
#1274 = VECTOR ( 'NONE', #1018, 1000.000000000000000 ) ;
#1275 = VERTEX_POINT ( 'NONE', #818 ) ;
#1276 = CIRCLE ( 'NONE', #144, 0.01499999999999997169 ) ;
#1277 = PRESENTATION_LAYER_ASSIGNMENT (  '', '', ( #32 ) ) ;
#1278 = APPLICATION_CONTEXT ( 'automotive_design' ) ;
#1279 = FILL_AREA_STYLE ('',( #14 ) ) ;
#1280 = ORIENTED_EDGE ( 'NONE', *, *, #674, .F. ) ;
#1281 = ORIENTED_EDGE ( 'NONE', *, *, #1412, .F. ) ;
#1282 = EDGE_CURVE ( 'NONE', #410, #450, #1643, .T. ) ;
#1283 = VERTEX_POINT ( 'NONE', #933 ) ;
#1284 = DIRECTION ( 'NONE',  ( 0.000000000000000000, 0.000000000000000000, -1.000000000000000000 ) ) ;
#1285 = CARTESIAN_POINT ( 'NONE',  ( 0.1499999999999999667, 0.000000000000000000, 0.000000000000000000 ) ) ;
#1286 = ORIENTED_EDGE ( 'NONE', *, *, #1128, .F. ) ;
#1287 = PLANE ( 'NONE',  #1008 ) ;
#1288 = ORIENTED_EDGE ( 'NONE', *, *, #1412, .T. ) ;
#1289 = SURFACE_STYLE_FILL_AREA ( #735 ) ;
#1290 = VERTEX_POINT ( 'NONE', #386 ) ;
#1291 = DIRECTION ( 'NONE',  ( -1.000000000000000000, 0.000000000000000000, -1.387778780781445676E-17 ) ) ;
#1292 = ADVANCED_FACE ( 'NONE', ( #118 ), #966, .F. ) ;
#1293 = CARTESIAN_POINT ( 'NONE',  ( 0.3999999999999999667, 0.4274999999999999911, -0.1124999999999999473 ) ) ;
#1294 = LINE ( 'NONE', #211, #1191 ) ;
#1295 =( NAMED_UNIT ( * ) PLANE_ANGLE_UNIT ( ) SI_UNIT ( $, .RADIAN. ) );
#1296 = ORIENTED_EDGE ( 'NONE', *, *, #1144, .F. ) ;
#1297 = DIRECTION ( 'NONE',  ( -0.000000000000000000, 3.285461128743951052E-16, -1.000000000000000000 ) ) ;
#1298 = ORIENTED_EDGE ( 'NONE', *, *, #1053, .T. ) ;
#1299 = VECTOR ( 'NONE', #289, 1000.000000000000000 ) ;
#1300 = VECTOR ( 'NONE', #1671, 1000.000000000000000 ) ;
#1301 = VECTOR ( 'NONE', #1587, 1000.000000000000000 ) ;
#1302 = VECTOR ( 'NONE', #1501, 1000.000000000000000 ) ;
#1303 = EDGE_CURVE ( 'NONE', #21, #1442, #1094, .T. ) ;
#1304 = CARTESIAN_POINT ( 'NONE',  ( -0.1499999999999999667, 0.000000000000000000, -0.1499999999999999389 ) ) ;
#1305 = CARTESIAN_POINT ( 'NONE',  ( 0.3999999999999999667, 0.4050000000000000266, -0.1124999999999999473 ) ) ;
#1306 = VECTOR ( 'NONE', #620, 1000.000000000000000 ) ;
#1307 = CARTESIAN_POINT ( 'NONE',  ( -0.3999999999999996891, 1.378665753736876276, 0.2775000000000000244 ) ) ;
#1308 = ORIENTED_EDGE ( 'NONE', *, *, #33, .T. ) ;
#1309 = CARTESIAN_POINT ( 'NONE',  ( 0.1499999999999999667, 0.4274999999999999911, 0.1124999999999999473 ) ) ;
#1310 = ORIENTED_EDGE ( 'NONE', *, *, #1750, .T. ) ;
#1311 =( LENGTH_UNIT ( ) NAMED_UNIT ( * ) SI_UNIT ( .MILLI., .METRE. ) );
#1312 = DIRECTION ( 'NONE',  ( 0.000000000000000000, 0.000000000000000000, -1.000000000000000000 ) ) ;
#1313 = CARTESIAN_POINT ( 'NONE',  ( -0.3999999999999996891, 0.02249999999999999917, 0.2775000000000000244 ) ) ;
#1314 = EDGE_CURVE ( 'NONE', #1349, #872, #392, .T. ) ;
#1315 = DIRECTION ( 'NONE',  ( -1.000000000000000000, -0.000000000000000000, 0.000000000000000000 ) ) ;
#1316 = DIRECTION ( 'NONE',  ( 0.000000000000000000, -3.285461128743951545E-16, 1.000000000000000000 ) ) ;
#1317 = EDGE_LOOP ( 'NONE', ( #701, #764, #1320, #1398 ) ) ;
#1318 = ADVANCED_FACE ( 'NONE', ( #1239 ), #378, .F. ) ;
#1319 = EDGE_LOOP ( 'NONE', ( #1288, #464, #1141, #906 ) ) ;
#1320 = ORIENTED_EDGE ( 'NONE', *, *, #1606, .T. ) ;
#1321 = ORIENTED_EDGE ( 'NONE', *, *, #414, .T. ) ;
#1322 = CARTESIAN_POINT ( 'NONE',  ( -0.7033562262423501688, 0.4349999999999999978, 0.1349999999999999256 ) ) ;
#1323 = LINE ( 'NONE', #1335, #374 ) ;
#1324 = CARTESIAN_POINT ( 'NONE',  ( 0.1499999999999999667, 0.000000000000000000, -0.1499999999999999389 ) ) ;
#1325 = CARTESIAN_POINT ( 'NONE',  ( 0.1499999999999999667, 0.4274999999999999911, -0.1124999999999999473 ) ) ;
#1326 = CARTESIAN_POINT ( 'NONE',  ( 0.3999999999999999667, 0.4050000000000000266, -0.1124999999999999473 ) ) ;
#1327 = ORIENTED_EDGE ( 'NONE', *, *, #737, .F. ) ;
#1328 = ADVANCED_FACE ( 'NONE', ( #1522 ), #1103, .F. ) ;
#1329 = ORIENTED_EDGE ( 'NONE', *, *, #1770, .F. ) ;
#1330 =( NAMED_UNIT ( * ) PLANE_ANGLE_UNIT ( ) SI_UNIT ( $, .RADIAN. ) );
#1331 = ORIENTED_EDGE ( 'NONE', *, *, #133, .T. ) ;
#1332 = DIRECTION ( 'NONE',  ( 0.000000000000000000, 0.000000000000000000, 1.000000000000000000 ) ) ;
#1333 = VECTOR ( 'NONE', #387, 1000.000000000000000 ) ;
#1334 = COLOUR_RGB ( '',0.2509803921568627416, 0.2509803921568627416, 0.2509803921568627416 ) ;
#1335 = CARTESIAN_POINT ( 'NONE',  ( 0.1499999999999999667, 0.000000000000000000, -0.2999999999999999334 ) ) ;
#1336 = VECTOR ( 'NONE', #1441, 1000.000000000000000 ) ;
#1337 = VECTOR ( 'NONE', #1404, 1000.000000000000000 ) ;
#1338 = CARTESIAN_POINT ( 'NONE',  ( 0.1499999999999999667, 0.4050000000000000266, 0.1124999999999999473 ) ) ;
#1339 = LINE ( 'NONE', #1203, #748 ) ;
#1340 = EDGE_LOOP ( 'NONE', ( #1620, #932, #170, #586 ) ) ;
#1341 = ORIENTED_EDGE ( 'NONE', *, *, #995, .F. ) ;
#1342 = EDGE_CURVE ( 'NONE', #1560, #1444, #276, .T. ) ;
#1343 = PLANE ( 'NONE',  #54 ) ;
#1344 = CARTESIAN_POINT ( 'NONE',  ( 0.1499999999999999667, 0.02249999999999999917, 0.1499999999999999389 ) ) ;
#1345 = CARTESIAN_POINT ( 'NONE',  ( 0.000000000000000000, 0.4049999999999999711, 0.000000000000000000 ) ) ;
#1346 = LINE ( 'NONE', #644, #489 ) ;
#1347 = ORIENTED_EDGE ( 'NONE', *, *, #873, .F. ) ;
#1348 = ORIENTED_EDGE ( 'NONE', *, *, #625, .T. ) ;
#1349 = VERTEX_POINT ( 'NONE', #127 ) ;
#1350 = EDGE_CURVE ( 'NONE', #315, #774, #1504, .T. ) ;
#1351 = FACE_OUTER_BOUND ( 'NONE', #1172, .T. ) ;
#1352 = FACE_OUTER_BOUND ( 'NONE', #1689, .T. ) ;
#1353 = CARTESIAN_POINT ( 'NONE',  ( -0.3999999999999999667, 0.000000000000000000, -0.1499999999999999389 ) ) ;
#1354 = ADVANCED_FACE ( 'NONE', ( #1351 ), #1343, .F. ) ;
#1355 = ORIENTED_EDGE ( 'NONE', *, *, #1652, .T. ) ;
#1356 = CARTESIAN_POINT ( 'NONE',  ( 0.1499999999999999667, 0.4274999999999999911, -0.2999999999999999334 ) ) ;
#1357 = DIRECTION ( 'NONE',  ( 0.000000000000000000, 1.000000000000000000, 0.000000000000000000 ) ) ;
#1358 = VECTOR ( 'NONE', #1646, 1000.000000000000000 ) ;
#1359 = ADVANCED_FACE ( 'NONE', ( #1206 ), #667, .F. ) ;
#1360 = PLANE ( 'NONE',  #202 ) ;
#1361 = VECTOR ( 'NONE', #895, 1000.000000000000000 ) ;
#1362 = PRESENTATION_LAYER_ASSIGNMENT (  '', '', ( #1537 ) ) ;
#1363 = DIRECTION ( 'NONE',  ( 0.000000000000000000, 0.000000000000000000, 1.000000000000000000 ) ) ;
#1364 = VERTEX_POINT ( 'NONE', #527 ) ;
#1365 = DIRECTION ( 'NONE',  ( 1.000000000000000000, 0.000000000000000000, 0.000000000000000000 ) ) ;
#1366 = DIRECTION ( 'NONE',  ( 0.000000000000000000, -3.285461128743951545E-16, 1.000000000000000000 ) ) ;
#1367 = DIRECTION ( 'NONE',  ( -1.000000000000000000, 0.000000000000000000, 0.000000000000000000 ) ) ;
#1368 = ADVANCED_FACE ( 'NONE', ( #1774 ), #802, .F. ) ;
#1369 = CARTESIAN_POINT ( 'NONE',  ( -0.3999999999999999667, 0.4049999999999999711, 0.2775000000000000244 ) ) ;
#1370 = ORIENTED_EDGE ( 'NONE', *, *, #525, .F. ) ;
#1371 = EDGE_CURVE ( 'NONE', #450, #1536, #1499, .T. ) ;
#1372 = DIRECTION ( 'NONE',  ( -0.000000000000000000, -0.000000000000000000, 1.000000000000000000 ) ) ;
#1373 = LINE ( 'NONE', #242, #518 ) ;
#1374 = DIRECTION ( 'NONE',  ( 0.000000000000000000, 1.000000000000000000, 0.000000000000000000 ) ) ;
#1375 =( LENGTH_UNIT ( ) NAMED_UNIT ( * ) SI_UNIT ( .MILLI., .METRE. ) );
#1376 = LINE ( 'NONE', #1647, #1446 ) ;
#1377 = ORIENTED_EDGE ( 'NONE', *, *, #1436, .F. ) ;
#1378 = EDGE_CURVE ( 'NONE', #1164, #139, #269, .T. ) ;
#1379 = VERTEX_POINT ( 'NONE', #1635 ) ;
#1380 = LINE ( 'NONE', #142, #1097 ) ;
#1381 = LINE ( 'NONE', #323, #430 ) ;
#1382 = LINE ( 'NONE', #1146, #1564 ) ;
#1383 = VECTOR ( 'NONE', #130, 1000.000000000000000 ) ;
#1384 = VECTOR ( 'NONE', #1357, 1000.000000000000000 ) ;
#1385 = AXIS2_PLACEMENT_3D ( 'NONE', #278, #1367, #1395 ) ;
#1386 = VERTEX_POINT ( 'NONE', #1356 ) ;
#1387 = VECTOR ( 'NONE', #1730, 1000.000000000000000 ) ;
#1388 = AXIS2_PLACEMENT_3D ( 'NONE', #1491, #947, #796 ) ;
#1389 = ORIENTED_EDGE ( 'NONE', *, *, #1342, .F. ) ;
#1390 = EDGE_CURVE ( 'NONE', #315, #1601, #401, .T. ) ;
#1391 = CARTESIAN_POINT ( 'NONE',  ( -0.3999999999999999667, 0.4274999999999999911, 0.1124999999999999473 ) ) ;
#1392 = PLANE ( 'NONE',  #148 ) ;
#1393 = EDGE_CURVE ( 'NONE', #21, #1572, #296, .T. ) ;
#1394 = DIRECTION ( 'NONE',  ( -1.000000000000000000, 0.000000000000000000, 0.000000000000000000 ) ) ;
#1395 = DIRECTION ( 'NONE',  ( 0.000000000000000000, 0.000000000000000000, -1.000000000000000000 ) ) ;
#1396 = DIRECTION ( 'NONE',  ( 0.000000000000000000, 0.000000000000000000, -1.000000000000000000 ) ) ;
#1397 = DIRECTION ( 'NONE',  ( 0.000000000000000000, 0.000000000000000000, -1.000000000000000000 ) ) ;
#1398 = ORIENTED_EDGE ( 'NONE', *, *, #994, .F. ) ;
#1399 = ORIENTED_EDGE ( 'NONE', *, *, #425, .F. ) ;
#1400 = LINE ( 'NONE', #1529, #1762 ) ;
#1401 = EDGE_CURVE ( 'NONE', #1111, #1164, #427, .T. ) ;
#1402 = LINE ( 'NONE', #1293, #515 ) ;
#1403 = EDGE_CURVE ( 'NONE', #983, #1630, #22, .T. ) ;
#1404 = DIRECTION ( 'NONE',  ( 1.000000000000000000, 0.000000000000000000, 0.000000000000000000 ) ) ;
#1405 = ORIENTED_EDGE ( 'NONE', *, *, #1062, .F. ) ;
#1406 = SURFACE_SIDE_STYLE ('',( #327 ) ) ;
#1407 = VERTEX_POINT ( 'NONE', #571 ) ;
#1408 = ORIENTED_EDGE ( 'NONE', *, *, #1770, .T. ) ;
#1409 = CARTESIAN_POINT ( 'NONE',  ( 0.1499999999999999667, 0.000000000000000000, -0.1499999999999999389 ) ) ;
#1410 = CARTESIAN_POINT ( 'NONE',  ( 0.1499999999999999667, 0.4049999999999999711, 0.2775000000000000244 ) ) ;
#1411 = ORIENTED_EDGE ( 'NONE', *, *, #892, .F. ) ;
#1412 = EDGE_CURVE ( 'NONE', #938, #727, #1380, .T. ) ;
#1413 = AXIS2_PLACEMENT_3D ( 'NONE', #89, #1291, #1603 ) ;
#1414 = LINE ( 'NONE', #434, #1480 ) ;
#1415 = ORIENTED_EDGE ( 'NONE', *, *, #141, .T. ) ;
#1416 = STYLED_ITEM ( 'NONE', ( #845 ), #240 ) ;
#1417 = VECTOR ( 'NONE', #609, 1000.000000000000000 ) ;
#1418 = ORIENTED_EDGE ( 'NONE', *, *, #728, .F. ) ;
#1419 = VECTOR ( 'NONE', #814, 1000.000000000000000 ) ;
#1420 = AXIS2_PLACEMENT_3D ( 'NONE', #172, #1396, #158 ) ;
#1421 = DIRECTION ( 'NONE',  ( 1.000000000000000000, -0.000000000000000000, -0.000000000000000000 ) ) ;
#1422 = LINE ( 'NONE', #708, #1043 ) ;
#1423 = ORIENTED_EDGE ( 'NONE', *, *, #598, .T. ) ;
#1424 = FILL_AREA_STYLE ('',( #1546 ) ) ;
#1425 = ORIENTED_EDGE ( 'NONE', *, *, #1303, .T. ) ;
#1426 = CARTESIAN_POINT ( 'NONE',  ( 0.3999999999999999667, 0.000000000000000000, 0.2999999999999999334 ) ) ;
#1427 = ADVANCED_FACE ( 'NONE', ( #826 ), #1112, .T. ) ;
#1428 = VERTEX_POINT ( 'NONE', #837 ) ;
#1429 =( NAMED_UNIT ( * ) SI_UNIT ( $, .STERADIAN. ) SOLID_ANGLE_UNIT ( ) );
#1430 = CARTESIAN_POINT ( 'NONE',  ( 0.4000000000000000777, 0.4049999999999999711, 0.2775000000000000244 ) ) ;
#1431 = CARTESIAN_POINT ( 'NONE',  ( -0.3999999999999996891, 0.4049999999999999711, 0.2775000000000000244 ) ) ;
#1432 = CARTESIAN_POINT ( 'NONE',  ( -0.1499999999999999667, 0.4274999999999999911, 0.1124999999999999473 ) ) ;
#1433 = ORIENTED_EDGE ( 'NONE', *, *, #549, .T. ) ;
#1434 = DIRECTION ( 'NONE',  ( -0.000000000000000000, 0.000000000000000000, -1.000000000000000000 ) ) ;
#1435 = ORIENTED_EDGE ( 'NONE', *, *, #282, .F. ) ;
#1436 = EDGE_CURVE ( 'NONE', #487, #517, #1675, .T. ) ;
#1437 = DIRECTION ( 'NONE',  ( 1.000000000000000000, 0.000000000000000000, 0.000000000000000000 ) ) ;
#1438 = CARTESIAN_POINT ( 'NONE',  ( 0.3999999999999999667, 0.4349999999999999978, 0.1499999999999999112 ) ) ;
#1439 = LINE ( 'NONE', #199, #1387 ) ;
#1440 = DIRECTION ( 'NONE',  ( 1.000000000000000000, 0.000000000000000000, 0.000000000000000000 ) ) ;
#1441 = DIRECTION ( 'NONE',  ( -0.000000000000000000, -0.000000000000000000, 1.000000000000000000 ) ) ;
#1442 = VERTEX_POINT ( 'NONE', #1391 ) ;
#1443 = DIRECTION ( 'NONE',  ( -1.000000000000000000, -0.000000000000000000, 0.000000000000000000 ) ) ;
#1444 = VERTEX_POINT ( 'NONE', #974 ) ;
#1445 = VECTOR ( 'NONE', #1531, 1000.000000000000000 ) ;
#1446 = VECTOR ( 'NONE', #688, 1000.000000000000000 ) ;
#1447 = PRODUCT_CONTEXT ( 'NONE', #226, 'mechanical' ) ;
#1448 = VECTOR ( 'NONE', #1617, 1000.000000000000000 ) ;
#1449 = PRESENTATION_LAYER_ASSIGNMENT (  '', '', ( #432 ) ) ;
#1450 = EDGE_CURVE ( 'NONE', #1166, #641, #555, .T. ) ;
#1451 = VECTOR ( 'NONE', #1151, 1000.000000000000000 ) ;
#1452 = LINE ( 'NONE', #648, #1384 ) ;
#1453 = EDGE_CURVE ( 'NONE', #1601, #1290, #1400, .T. ) ;
#1454 = DIRECTION ( 'NONE',  ( 0.000000000000000000, 1.000000000000000000, 0.000000000000000000 ) ) ;
#1455 = ORIENTED_EDGE ( 'NONE', *, *, #264, .F. ) ;
#1456 = MANIFOLD_SOLID_BREP ( 'Boss-Extrude3', #1653 ) ;
#1457 = FACE_OUTER_BOUND ( 'NONE', #4, .T. ) ;
#1458 = ORIENTED_EDGE ( 'NONE', *, *, #693, .T. ) ;
#1459 =( NAMED_UNIT ( * ) PLANE_ANGLE_UNIT ( ) SI_UNIT ( $, .RADIAN. ) );
#1460 = VERTEX_POINT ( 'NONE', #989 ) ;
#1461 = CARTESIAN_POINT ( 'NONE',  ( -0.1499999999999999667, 0.000000000000000000, 0.1499999999999999389 ) ) ;
#1462 = EDGE_CURVE ( 'NONE', #1442, #363, #702, .T. ) ;
#1463 = DIRECTION ( 'NONE',  ( -1.000000000000000000, -0.000000000000000000, -0.000000000000000000 ) ) ;
#1464 = LINE ( 'NONE', #768, #984 ) ;
#1465 = ADVANCED_FACE ( 'NONE', ( #1550 ), #16, .F. ) ;
#1466 = DIRECTION ( 'NONE',  ( 0.000000000000000000, 1.000000000000000000, 0.000000000000000000 ) ) ;
#1467 = ORIENTED_EDGE ( 'NONE', *, *, #1053, .F. ) ;
#1468 = CARTESIAN_POINT ( 'NONE',  ( -0.1499999999999999667, 0.4274999999999999911, 0.1124999999999999473 ) ) ;
#1469 = ORIENTED_EDGE ( 'NONE', *, *, #707, .T. ) ;
#1470 = CARTESIAN_POINT ( 'NONE',  ( 0.000000000000000000, 0.000000000000000000, 0.000000000000000000 ) ) ;
#1471 = EDGE_LOOP ( 'NONE', ( #1527, #1425, #444, #700 ) ) ;
#1472 = CYLINDRICAL_SURFACE ( 'NONE', #175, 0.01499999999999997169 ) ;
#1473 = CARTESIAN_POINT ( 'NONE',  ( -0.3999999999999999667, 0.4349999999999999978, 0.1499999999999999112 ) ) ;
#1474 = FACE_OUTER_BOUND ( 'NONE', #1064, .T. ) ;
#1475 = EDGE_CURVE ( 'NONE', #1760, #373, #1543, .T. ) ;
#1476 = ORIENTED_EDGE ( 'NONE', *, *, #1003, .F. ) ;
#1477 = ORIENTED_EDGE ( 'NONE', *, *, #282, .T. ) ;
#1478 = APPLICATION_PROTOCOL_DEFINITION ( 'draft international standard', 'automotive_design', 1998, #499 ) ;
#1479 = DIRECTION ( 'NONE',  ( 0.000000000000000000, 0.000000000000000000, -1.000000000000000000 ) ) ;
#1480 = VECTOR ( 'NONE', #999, 1000.000000000000000 ) ;
#1481 = CIRCLE ( 'NONE', #1040, 0.01499999999999998557 ) ;
#1482 = DIRECTION ( 'NONE',  ( 0.000000000000000000, 3.285461128743951052E-16, 1.000000000000000000 ) ) ;
#1483 = DIRECTION ( 'NONE',  ( 0.000000000000000000, 0.000000000000000000, -1.000000000000000000 ) ) ;
#1484 = AXIS2_PLACEMENT_3D ( 'NONE', #1532, #1570, #326 ) ;
#1485 = VECTOR ( 'NONE', #884, 1000.000000000000000 ) ;
#1486 = LINE ( 'NONE', #353, #260 ) ;
#1487 = LINE ( 'NONE', #150, #1300 ) ;
#1488 = EDGE_LOOP ( 'NONE', ( #846, #182, #1548, #580 ) ) ;
#1489 = ADVANCED_FACE ( 'NONE', ( #1145 ), #876, .F. ) ;
#1490 = ITEM_DEFINED_TRANSFORMATION ( 'NONE', 'NONE', #1413,  #1565 ) ;
#1491 = CARTESIAN_POINT ( 'NONE',  ( -0.1499999999999999667, 0.4274999999999999911, 0.2999999999999999334 ) ) ;
#1492 = FACE_OUTER_BOUND ( 'NONE', #833, .T. ) ;
#1493 = LINE ( 'NONE', #380, #377 ) ;
#1494 = DIRECTION ( 'NONE',  ( 1.000000000000000000, 0.000000000000000000, -0.000000000000000000 ) ) ;
#1495 = FACE_OUTER_BOUND ( 'NONE', #1319, .T. ) ;
#1496 = VERTEX_POINT ( 'NONE', #575 ) ;
#1497 = PRODUCT_DEFINITION_SHAPE ( 'NONE', 'NONE',  #122 ) ;
#1498 = EDGE_CURVE ( 'NONE', #763, #273, #739, .T. ) ;
#1499 = LINE ( 'NONE', #1763, #1654 ) ;
#1500 = DIRECTION ( 'NONE',  ( 1.000000000000000000, 0.000000000000000000, -0.000000000000000000 ) ) ;
#1501 = DIRECTION ( 'NONE',  ( -0.000000000000000000, -0.000000000000000000, 1.000000000000000000 ) ) ;
#1502 = CYLINDRICAL_SURFACE ( 'NONE', #399, 0.01499999999999998557 ) ;
#1503 = EDGE_LOOP ( 'NONE', ( #879, #673, #1110, #729 ) ) ;
#1504 = LINE ( 'NONE', #259, #746 ) ;
#1505 = EDGE_CURVE ( 'NONE', #1572, #363, #1701, .T. ) ;
#1506 = CARTESIAN_POINT ( 'NONE',  ( -0.1499999999999999667, 0.4274999999999999911, 0.1124999999999999473 ) ) ;
#1507 = DIRECTION ( 'NONE',  ( 1.000000000000000000, 0.000000000000000000, 0.000000000000000000 ) ) ;
#1508 = VECTOR ( 'NONE', #563, 1000.000000000000000 ) ;
#1509 = LINE ( 'NONE', #413, #345 ) ;
#1510 = EDGE_CURVE ( 'NONE', #1283, #1600, #1268, .T. ) ;
#1511 = VECTOR ( 'NONE', #703, 1000.000000000000000 ) ;
#1512 = DIRECTION ( 'NONE',  ( 0.000000000000000000, -0.000000000000000000, -1.000000000000000000 ) ) ;
#1513 = VERTEX_POINT ( 'NONE', #1133 ) ;
#1514 = CARTESIAN_POINT ( 'NONE',  ( 0.1499999999999999667, 0.000000000000000000, 0.2999999999999999334 ) ) ;
#1515 = LINE ( 'NONE', #948, #543 ) ;
#1516 = DIRECTION ( 'NONE',  ( 1.000000000000000000, 0.000000000000000000, 0.000000000000000000 ) ) ;
#1517 = LINE ( 'NONE', #395, #572 ) ;
#1518 = PLANE ( 'NONE',  #1739 ) ;
#1519 = EDGE_CURVE ( 'NONE', #1143, #501, #1568, .T. ) ;
#1520 = VERTEX_POINT ( 'NONE', #312 ) ;
#1521 = VERTEX_POINT ( 'NONE', #1688 ) ;
#1522 = FACE_OUTER_BOUND ( 'NONE', #1092, .T. ) ;
#1523 = PRESENTATION_STYLE_ASSIGNMENT (( #1240 ) ) ;
#1524 = DIRECTION ( 'NONE',  ( -1.000000000000000000, 0.000000000000000000, -0.000000000000000000 ) ) ;
#1525 = DIRECTION ( 'NONE',  ( 0.000000000000000000, 0.000000000000000000, -1.000000000000000000 ) ) ;
#1526 = EDGE_CURVE ( 'NONE', #344, #1560, #1402, .T. ) ;
#1527 = ORIENTED_EDGE ( 'NONE', *, *, #1393, .F. ) ;
#1528 = ORIENTED_EDGE ( 'NONE', *, *, #133, .F. ) ;
#1529 = CARTESIAN_POINT ( 'NONE',  ( 0.1499999999999999667, 0.000000000000000000, 0.1499999999999999389 ) ) ;
#1530 = CARTESIAN_POINT ( 'NONE',  ( -0.7033562262423501688, 0.4274999999999999911, 0.1124999999999999473 ) ) ;
#1531 = DIRECTION ( 'NONE',  ( -0.000000000000000000, -1.000000000000000000, 0.000000000000000000 ) ) ;
#1532 = CARTESIAN_POINT ( 'NONE',  ( -0.7033562262423501688, 0.4274999999999999911, -0.1499999999999999389 ) ) ;
#1533 = VECTOR ( 'NONE', #1437, 1000.000000000000000 ) ;
#1534 = VECTOR ( 'NONE', #138, 1000.000000000000000 ) ;
#1535 = AXIS2_PLACEMENT_3D ( 'NONE', #1782, #1233, #1500 ) ;
#1536 = VERTEX_POINT ( 'NONE', #1695 ) ;
#1537 = STYLED_ITEM ( 'NONE', ( #111 ), #834 ) ;
#1538 = VECTOR ( 'NONE', #922, 1000.000000000000000 ) ;
#1539 = ORIENTED_EDGE ( 'NONE', *, *, #737, .T. ) ;
#1540 = EDGE_CURVE ( 'NONE', #1021, #862, #171, .T. ) ;
#1541 = CARTESIAN_POINT ( 'NONE',  ( 0.3999999999999999667, 0.4049999999999999711, -0.2775000000000000244 ) ) ;
#1542 = LINE ( 'NONE', #827, #1132 ) ;
#1543 = LINE ( 'NONE', #183, #488 ) ;
#1544 = LINE ( 'NONE', #300, #1337 ) ;
#1545 = VERTEX_POINT ( 'NONE', #1114 ) ;
#1546 = FILL_AREA_STYLE_COLOUR ( '', #431 ) ;
#1547 = ORIENTED_EDGE ( 'NONE', *, *, #611, .T. ) ;
#1548 = ORIENTED_EDGE ( 'NONE', *, *, #247, .T. ) ;
#1549 = ADVANCED_FACE ( 'NONE', ( #446 ), #841, .F. ) ;
#1550 = FACE_OUTER_BOUND ( 'NONE', #1733, .T. ) ;
#1551 = DIRECTION ( 'NONE',  ( 0.000000000000000000, 0.000000000000000000, 1.000000000000000000 ) ) ;
#1552 = VERTEX_POINT ( 'NONE', #156 ) ;
#1553 =( NAMED_UNIT ( * ) PLANE_ANGLE_UNIT ( ) SI_UNIT ( $, .RADIAN. ) );
#1554 = ORIENTED_EDGE ( 'NONE', *, *, #1618, .T. ) ;
#1555 = VERTEX_POINT ( 'NONE', #705 ) ;
#1556 = DIRECTION ( 'NONE',  ( 0.000000000000000000, 0.000000000000000000, -1.000000000000000000 ) ) ;
#1557 = LINE ( 'NONE', #582, #59 ) ;
#1558 = ORIENTED_EDGE ( 'NONE', *, *, #863, .F. ) ;
#1559 = DIRECTION ( 'NONE',  ( 1.000000000000000000, 0.000000000000000000, 0.000000000000000000 ) ) ;
#1560 = VERTEX_POINT ( 'NONE', #1728 ) ;
#1561 = VECTOR ( 'NONE', #1559, 1000.000000000000000 ) ;
#1562 =( GEOMETRIC_REPRESENTATION_CONTEXT ( 3 ) GLOBAL_UNCERTAINTY_ASSIGNED_CONTEXT ( ( #42 ) ) GLOBAL_UNIT_ASSIGNED_CONTEXT ( ( #23, #1668, #420 ) ) REPRESENTATION_CONTEXT ( 'NONE', 'WORKASPACE' ) );
#1563 = EDGE_LOOP ( 'NONE', ( #1699, #1423, #888, #1005, #1619, #1331, #1706, #689 ) ) ;
#1564 = VECTOR ( 'NONE', #1122, 1000.000000000000000 ) ;
#1565 = AXIS2_PLACEMENT_3D ( 'NONE', #766, #1167, #627 ) ;
#1566 = DIRECTION ( 'NONE',  ( -1.000000000000000000, -0.000000000000000000, 0.000000000000000000 ) ) ;
#1567 = VECTOR ( 'NONE', #1749, 1000.000000000000000 ) ;
#1568 = LINE ( 'NONE', #324, #1069 ) ;
#1569 = DIRECTION ( 'NONE',  ( 0.000000000000000000, 1.000000000000000000, 0.000000000000000000 ) ) ;
#1570 = DIRECTION ( 'NONE',  ( 0.000000000000000000, 0.000000000000000000, -1.000000000000000000 ) ) ;
#1571 = PLANE ( 'NONE',  #258 ) ;
#1572 = VERTEX_POINT ( 'NONE', #1747 ) ;
#1573 = EDGE_CURVE ( 'NONE', #1407, #1349, #482, .T. ) ;
#1574 = DIRECTION ( 'NONE',  ( 1.000000000000000000, -0.000000000000000000, -0.000000000000000000 ) ) ;
#1575 = ORIENTED_EDGE ( 'NONE', *, *, #915, .F. ) ;
#1576 = LINE ( 'NONE', #1313, #402 ) ;
#1577 = DIRECTION ( 'NONE',  ( -1.000000000000000000, 0.000000000000000000, 0.000000000000000000 ) ) ;
#1578 = LINE ( 'NONE', #65, #1448 ) ;
#1579 = ORIENTED_EDGE ( 'NONE', *, *, #858, .F. ) ;
#1580 = EDGE_CURVE ( 'NONE', #383, #1164, #758, .T. ) ;
#1581 = ORIENTED_EDGE ( 'NONE', *, *, #1736, .T. ) ;
#1582 = EDGE_CURVE ( 'NONE', #856, #1407, #375, .T. ) ;
#1583 =( NAMED_UNIT ( * ) PLANE_ANGLE_UNIT ( ) SI_UNIT ( $, .RADIAN. ) );
#1584 = FACE_OUTER_BOUND ( 'NONE', #174, .T. ) ;
#1585 = DIRECTION ( 'NONE',  ( -0.000000000000000000, -1.000000000000000000, -0.000000000000000000 ) ) ;
#1586 = CARTESIAN_POINT ( 'NONE',  ( 0.3999999999999999667, 0.4274999999999999911, -0.1499999999999999389 ) ) ;
#1587 = DIRECTION ( 'NONE',  ( 0.000000000000000000, 0.000000000000000000, -1.000000000000000000 ) ) ;
#1588 = ORIENTED_EDGE ( 'NONE', *, *, #1505, .T. ) ;
#1589 = CARTESIAN_POINT ( 'NONE',  ( 0.1499999999999999667, 0.02249999999999999917, -0.2775000000000000244 ) ) ;
#1590 = ORIENTED_EDGE ( 'NONE', *, *, #640, .F. ) ;
#1591 = ADVANCED_FACE ( 'NONE', ( #503 ), #1472, .T. ) ;
#1592 = AXIS2_PLACEMENT_3D ( 'NONE', #535, #675, #1755 ) ;
#1593 = VECTOR ( 'NONE', #797, 1000.000000000000000 ) ;
#1594 = ORIENTED_EDGE ( 'NONE', *, *, #533, .F. ) ;
#1595 = EDGE_CURVE ( 'NONE', #398, #763, #911, .T. ) ;
#1596 = CARTESIAN_POINT ( 'NONE',  ( -0.3999999999999996891, 0.4050000000000001932, 0.2775000000000000244 ) ) ;
#1597 = LINE ( 'NONE', #62, #1737 ) ;
#1598 = PLANE ( 'NONE',  #1016 ) ;
#1599 = FACE_OUTER_BOUND ( 'NONE', #585, .T. ) ;
#1600 = VERTEX_POINT ( 'NONE', #1200 ) ;
#1601 = VERTEX_POINT ( 'NONE', #1605 ) ;
#1602 = ORIENTED_EDGE ( 'NONE', *, *, #514, .T. ) ;
#1603 = DIRECTION ( 'NONE',  ( -1.387778780781445676E-17, 0.000000000000000000, 1.000000000000000000 ) ) ;
#1604 = ORIENTED_EDGE ( 'NONE', *, *, #1582, .T. ) ;
#1605 = CARTESIAN_POINT ( 'NONE',  ( 0.1499999999999999667, 0.000000000000000000, 0.1499999999999999389 ) ) ;
#1606 = EDGE_CURVE ( 'NONE', #1021, #1732, #209, .T. ) ;
#1607 = CARTESIAN_POINT ( 'NONE',  ( -0.1499999999999999667, 0.02249999999999999917, 0.1499999999999999389 ) ) ;
#1608 = CARTESIAN_POINT ( 'NONE',  ( 0.3999999999999999667, 0.02249999999999999917, -0.2775000000000000244 ) ) ;
#1609 = CARTESIAN_POINT ( 'NONE',  ( -0.3999999999999999667, 0.4274999999999999911, 0.2999999999999999334 ) ) ;
#1610 = CARTESIAN_POINT ( 'NONE',  ( 0.3999999999999999667, 0.4274999999999999911, 0.2999999999999999334 ) ) ;
#1611 = EDGE_LOOP ( 'NONE', ( #917, #1370, #542, #354 ) ) ;
#1612 = CARTESIAN_POINT ( 'NONE',  ( 0.1499999999999999667, 0.4049999999999999711, -0.2775000000000000244 ) ) ;
#1613 = PLANE ( 'NONE',  #27 ) ;
#1614 = LINE ( 'NONE', #366, #602 ) ;
#1615 = SHAPE_REPRESENTATION ( 'YC102-FR-07100KT', ( #29, #1413 ), #459 ) ;
#1616 = CARTESIAN_POINT ( 'NONE',  ( -0.1499999999999999667, 0.4050000000000000266, -0.1124999999999999473 ) ) ;
#1617 = DIRECTION ( 'NONE',  ( 0.000000000000000000, -1.000000000000000000, 0.000000000000000000 ) ) ;
#1618 = EDGE_CURVE ( 'NONE', #1536, #79, #61, .T. ) ;
#1619 = ORIENTED_EDGE ( 'NONE', *, *, #615, .T. ) ;
#1620 = ORIENTED_EDGE ( 'NONE', *, *, #1716, .T. ) ;
#1621 = AXIS2_PLACEMENT_3D ( 'NONE', #1409, #976, #1284 ) ;
#1622 = AXIS2_PLACEMENT_3D ( 'NONE', #784, #653, #754 ) ;
#1623 = DIRECTION ( 'NONE',  ( -0.000000000000000000, 0.000000000000000000, 1.000000000000000000 ) ) ;
#1624 = VECTOR ( 'NONE', #1208, 1000.000000000000000 ) ;
#1625 = DIRECTION ( 'NONE',  ( -1.000000000000000000, 0.000000000000000000, 0.000000000000000000 ) ) ;
#1626 = DIRECTION ( 'NONE',  ( -1.000000000000000000, -0.000000000000000000, -0.000000000000000000 ) ) ;
#1627 = VECTOR ( 'NONE', #1374, 1000.000000000000000 ) ;
#1628 = VECTOR ( 'NONE', #485, 1000.000000000000000 ) ;
#1629 = FACE_OUTER_BOUND ( 'NONE', #1317, .T. ) ;
#1630 = VERTEX_POINT ( 'NONE', #630 ) ;
#1631 = EDGE_CURVE ( 'NONE', #217, #1349, #1481, .T. ) ;
#1632 = EDGE_LOOP ( 'NONE', ( #337, #1138, #1415, #320 ) ) ;
#1633 = SHAPE_DEFINITION_REPRESENTATION ( #236, #1615 ) ;
#1634 = ORIENTED_EDGE ( 'NONE', *, *, #982, .F. ) ;
#1635 = CARTESIAN_POINT ( 'NONE',  ( 0.4000000000000000222, 0.4049999999999999711, 0.2775000000000000244 ) ) ;
#1636 = CARTESIAN_POINT ( 'NONE',  ( -0.1499999999999999667, 0.4049999999999999711, -0.2775000000000000244 ) ) ;
#1637 = CARTESIAN_POINT ( 'NONE',  ( 0.3999999999999999667, 0.02249999999999999917, -0.1499999999999999389 ) ) ;
#1638 = DIRECTION ( 'NONE',  ( 1.000000000000000000, 0.000000000000000000, 0.000000000000000000 ) ) ;
#1639 = CARTESIAN_POINT ( 'NONE',  ( -0.3999999999999996891, 0.4049999999999999711, 0.2775000000000000244 ) ) ;
#1640 = VERTEX_POINT ( 'NONE', #333 ) ;
#1641 = EDGE_CURVE ( 'NONE', #66, #1600, #776, .T. ) ;
#1642 = ADVANCED_FACE ( 'NONE', ( #1584 ), #228, .F. ) ;
#1643 = LINE ( 'NONE', #1788, #239 ) ;
#1644 = LINE ( 'NONE', #668, #636 ) ;
#1645 = CARTESIAN_POINT ( 'NONE',  ( -0.3999999999999999667, 0.4050000000000000266, -0.1124999999999999473 ) ) ;
#1646 = DIRECTION ( 'NONE',  ( 0.000000000000000000, 0.000000000000000000, 1.000000000000000000 ) ) ;
#1647 = CARTESIAN_POINT ( 'NONE',  ( 0.3999999999999999667, 0.000000000000000000, 0.1499999999999999389 ) ) ;
#1648 = EDGE_LOOP ( 'NONE', ( #1182, #169, #1399, #1389, #1142, #1745, #508, #1030 ) ) ;
#1649 = DIRECTION ( 'NONE',  ( 1.000000000000000000, 0.000000000000000000, 0.000000000000000000 ) ) ;
#1650 = LINE ( 'NONE', #1067, #1333 ) ;
#1651 = DIRECTION ( 'NONE',  ( 0.000000000000000000, 1.000000000000000000, 0.000000000000000000 ) ) ;
#1652 = EDGE_CURVE ( 'NONE', #273, #1006, #341, .T. ) ;
#1653 = CLOSED_SHELL ( 'NONE', ( #220, #340, #391, #19, #940, #167, #1661, #1591, #385, #1726, #851, #715 ) ) ;
#1654 = VECTOR ( 'NONE', #521, 1000.000000000000000 ) ;
#1655 = AXIS2_PLACEMENT_3D ( 'NONE', #1307, #1193, #792 ) ;
#1656 =( GEOMETRIC_REPRESENTATION_CONTEXT ( 3 ) GLOBAL_UNCERTAINTY_ASSIGNED_CONTEXT ( ( #1147 ) ) GLOBAL_UNIT_ASSIGNED_CONTEXT ( ( #1375, #1330, #1038 ) ) REPRESENTATION_CONTEXT ( 'NONE', 'WORKASPACE' ) );
#1657 = AXIS2_PLACEMENT_3D ( 'NONE', #447, #1551, #1004 ) ;
#1658 = ORIENTED_EDGE ( 'NONE', *, *, #1436, .T. ) ;
#1659 = ORIENTED_EDGE ( 'NONE', *, *, #1183, .T. ) ;
#1660 = LINE ( 'NONE', #988, #898 ) ;
#1661 = ADVANCED_FACE ( 'NONE', ( #495 ), #885, .T. ) ;
#1662 = DIRECTION ( 'NONE',  ( 0.000000000000000000, 0.000000000000000000, 1.000000000000000000 ) ) ;
#1663 = SURFACE_STYLE_USAGE ( .BOTH. , #1090 ) ;
#1664 = LINE ( 'NONE', #971, #1534 ) ;
#1665 = VERTEX_POINT ( 'NONE', #1596 ) ;
#1666 = DIRECTION ( 'NONE',  ( 1.000000000000000000, 0.000000000000000000, 0.000000000000000000 ) ) ;
#1667 = FILL_AREA_STYLE_COLOUR ( '', #812 ) ;
#1668 =( NAMED_UNIT ( * ) PLANE_ANGLE_UNIT ( ) SI_UNIT ( $, .RADIAN. ) );
#1669 = DIRECTION ( 'NONE',  ( 0.000000000000000000, -1.000000000000000000, 0.000000000000000000 ) ) ;
#1670 = FACE_OUTER_BOUND ( 'NONE', #1503, .T. ) ;
#1671 = DIRECTION ( 'NONE',  ( 0.000000000000000000, 3.285461128743951052E-16, 1.000000000000000000 ) ) ;
#1672 = ORIENTED_EDGE ( 'NONE', *, *, #264, .T. ) ;
#1673 = ADVANCED_FACE ( 'NONE', ( #642 ), #1613, .F. ) ;
#1674 = ORIENTED_EDGE ( 'NONE', *, *, #674, .T. ) ;
#1675 = LINE ( 'NONE', #694, #316 ) ;
#1676 = DIRECTION ( 'NONE',  ( 1.000000000000000000, 0.000000000000000000, -0.000000000000000000 ) ) ;
#1677 = PRESENTATION_STYLE_ASSIGNMENT (( #589 ) ) ;
#1678 = LINE ( 'NONE', #452, #894 ) ;
#1679 = DIRECTION ( 'NONE',  ( 0.000000000000000000, -1.000000000000000000, -0.000000000000000000 ) ) ;
#1680 = UNCERTAINTY_MEASURE_WITH_UNIT (LENGTH_MEASURE( 1.000000000000000082E-05 ), #944, 'distance_accuracy_value', 'NONE');
#1681 = VECTOR ( 'NONE', #538, 1000.000000000000000 ) ;
#1682 = VECTOR ( 'NONE', #94, 1000.000000000000000 ) ;
#1683 = CARTESIAN_POINT ( 'NONE',  ( 0.1499999999999999667, 0.000000000000000000, 0.2999999999999999334 ) ) ;
#1684 = ORIENTED_EDGE ( 'NONE', *, *, #961, .F. ) ;
#1685 = VECTOR ( 'NONE', #997, 1000.000000000000000 ) ;
#1686 = ADVANCED_FACE ( 'NONE', ( #951 ), #421, .T. ) ;
#1687 = VERTEX_POINT ( 'NONE', #821 ) ;
#1688 = CARTESIAN_POINT ( 'NONE',  ( -0.3999999999999996891, 0.4050000000000001932, -0.2775000000000000244 ) ) ;
#1689 = EDGE_LOOP ( 'NONE', ( #76, #492, #972, #1554 ) ) ;
#1690 = DIRECTION ( 'NONE',  ( -1.000000000000000000, 0.000000000000000000, 0.000000000000000000 ) ) ;
#1691 = ORIENTED_EDGE ( 'NONE', *, *, #1736, .F. ) ;
#1692 = ORIENTED_EDGE ( 'NONE', *, *, #1631, .F. ) ;
#1693 = ADVANCED_FACE ( 'NONE', ( #829 ), #157, .T. ) ;
#1694 = EDGE_CURVE ( 'NONE', #1379, #331, #565, .T. ) ;
#1695 = CARTESIAN_POINT ( 'NONE',  ( -0.1499999999999999667, 0.4049999999999999711, 0.2775000000000000244 ) ) ;
#1696 = FACE_OUTER_BOUND ( 'NONE', #77, .T. ) ;
#1697 = ORIENTED_EDGE ( 'NONE', *, *, #1371, .T. ) ;
#1698 = FACE_OUTER_BOUND ( 'NONE', #493, .T. ) ;
#1699 = ORIENTED_EDGE ( 'NONE', *, *, #470, .T. ) ;
#1700 = EDGE_LOOP ( 'NONE', ( #711, #1477, #1245, #854 ) ) ;
#1701 = LINE ( 'NONE', #453, #720 ) ;
#1702 = ADVANCED_FACE ( 'NONE', ( #706 ), #17, .F. ) ;
#1703 = DIRECTION ( 'NONE',  ( 0.000000000000000000, 0.000000000000000000, 1.000000000000000000 ) ) ;
#1704 = ORIENTED_EDGE ( 'NONE', *, *, #514, .F. ) ;
#1705 =( NAMED_UNIT ( * ) SI_UNIT ( $, .STERADIAN. ) SOLID_ANGLE_UNIT ( ) );
#1706 = ORIENTED_EDGE ( 'NONE', *, *, #305, .T. ) ;
#1707 = AXIS2_PLACEMENT_3D ( 'NONE', #1025, #914, #1054 ) ;
#1708 = AXIS2_PLACEMENT_3D ( 'NONE', #1039, #1332, #1188 ) ;
#1709 = CARTESIAN_POINT ( 'NONE',  ( -0.1499999999999999667, 0.4274999999999999911, -0.1124999999999999473 ) ) ;
#1710 = ORIENTED_EDGE ( 'NONE', *, *, #1595, .F. ) ;
#1711 = VECTOR ( 'NONE', #1443, 1000.000000000000000 ) ;
#1712 = PRODUCT_DEFINITION_FORMATION_WITH_SPECIFIED_SOURCE ( 'ANY', '', #117, .NOT_KNOWN. ) ;
#1713 = VECTOR ( 'NONE', #1315, 1000.000000000000000 ) ;
#1714 = PLANE ( 'NONE',  #237 ) ;
#1715 = PLANE ( 'NONE',  #1011 ) ;
#1716 = EDGE_CURVE ( 'NONE', #1513, #79, #1381, .T. ) ;
#1717 = CARTESIAN_POINT ( 'NONE',  ( -0.1499999999999999667, 0.000000000000000000, 0.2999999999999999334 ) ) ;
#1718 = ORIENTED_EDGE ( 'NONE', *, *, #1453, .T. ) ;
#1719 = CARTESIAN_POINT ( 'NONE',  ( -0.1499999999999999667, 0.4050000000000000266, 0.1124999999999999473 ) ) ;
#1720 = ORIENTED_EDGE ( 'NONE', *, *, #1498, .F. ) ;
#1721 = FILL_AREA_STYLE_COLOUR ( '', #783 ) ;
#1722 = PLANE ( 'NONE',  #546 ) ;
#1723 = CARTESIAN_POINT ( 'NONE',  ( 0.3999999999999999667, 0.4274999999999999911, 0.2999999999999999334 ) ) ;
#1724 = ORIENTED_EDGE ( 'NONE', *, *, #1017, .F. ) ;
#1725 = DIRECTION ( 'NONE',  ( 1.000000000000000000, 0.000000000000000000, 0.000000000000000000 ) ) ;
#1726 = ADVANCED_FACE ( 'NONE', ( #1115 ), #1360, .T. ) ;
#1727 = VERTEX_POINT ( 'NONE', #1106 ) ;
#1728 = CARTESIAN_POINT ( 'NONE',  ( 0.3999999999999999667, 0.4274999999999999911, -0.1124999999999999473 ) ) ;
#1729 = DIRECTION ( 'NONE',  ( 0.000000000000000000, 1.000000000000000000, -3.285461128743951545E-16 ) ) ;
#1730 = DIRECTION ( 'NONE',  ( 0.000000000000000000, 1.000000000000000000, 0.000000000000000000 ) ) ;
#1731 = LINE ( 'NONE', #486, #811 ) ;
#1732 = VERTEX_POINT ( 'NONE', #977 ) ;
#1733 = EDGE_LOOP ( 'NONE', ( #1321, #1205, #1341, #1602 ) ) ;
#1734 = ORIENTED_EDGE ( 'NONE', *, *, #1124, .T. ) ;
#1735 = STYLED_ITEM ( 'NONE', ( #1677 ), #1456 ) ;
#1736 = EDGE_CURVE ( 'NONE', #1006, #36, #1776, .T. ) ;
#1737 = VECTOR ( 'NONE', #351, 1000.000000000000000 ) ;
#1738 = ORIENTED_EDGE ( 'NONE', *, *, #98, .F. ) ;
#1739 = AXIS2_PLACEMENT_3D ( 'NONE', #651, #1638, #1210 ) ;
#1740 = CARTESIAN_POINT ( 'NONE',  ( -0.1499999999999999667, 0.4274999999999999911, -0.1124999999999999473 ) ) ;
#1741 = CARTESIAN_POINT ( 'NONE',  ( 0.3999999999999999667, 0.000000000000000000, -0.2999999999999999334 ) ) ;
#1742 = DIRECTION ( 'NONE',  ( -0.000000000000000000, -0.000000000000000000, -1.000000000000000000 ) ) ;
#1743 = ORIENTED_EDGE ( 'NONE', *, *, #982, .T. ) ;
#1744 = ORIENTED_EDGE ( 'NONE', *, *, #823, .F. ) ;
#1745 = ORIENTED_EDGE ( 'NONE', *, *, #815, .F. ) ;
#1746 = PRODUCT_RELATED_PRODUCT_CATEGORY ( 'part', '', ( #924 ) ) ;
#1747 = CARTESIAN_POINT ( 'NONE',  ( 0.3999999999999999667, 0.4274999999999999911, 0.1499999999999999389 ) ) ;
#1748 = DIRECTION ( 'NONE',  ( 1.000000000000000000, 0.000000000000000000, 0.000000000000000000 ) ) ;
#1749 = DIRECTION ( 'NONE',  ( 0.000000000000000000, 1.000000000000000000, 0.000000000000000000 ) ) ;
#1750 = EDGE_CURVE ( 'NONE', #416, #1428, #290, .T. ) ;
#1751 = FACE_OUTER_BOUND ( 'NONE', #946, .T. ) ;
#1752 = LINE ( 'NONE', #1211, #956 ) ;
#1753 = ORIENTED_EDGE ( 'NONE', *, *, #110, .F. ) ;
#1754 = ORIENTED_EDGE ( 'NONE', *, *, #1694, .T. ) ;
#1755 = DIRECTION ( 'NONE',  ( 0.000000000000000000, 0.000000000000000000, 1.000000000000000000 ) ) ;
#1756 = CARTESIAN_POINT ( 'NONE',  ( -0.3999999999999996891, 0.4049999999999999711, -0.2775000000000000244 ) ) ;
#1757 = EDGE_CURVE ( 'NONE', #1520, #1630, #1678, .T. ) ;
#1758 = PLANE ( 'NONE',  #1707 ) ;
#1759 = ORIENTED_EDGE ( 'NONE', *, *, #873, .T. ) ;
#1760 = VERTEX_POINT ( 'NONE', #123 ) ;
#1761 = APPLICATION_PROTOCOL_DEFINITION ( 'draft international standard', 'automotive_design', 1998, #1185 ) ;
#1762 = VECTOR ( 'NONE', #153, 1000.000000000000000 ) ;
#1763 = CARTESIAN_POINT ( 'NONE',  ( -0.1499999999999999667, 0.4049999999999999711, 0.2775000000000000244 ) ) ;
#1764 = VECTOR ( 'NONE', #1748, 1000.000000000000000 ) ;
#1765 = LINE ( 'NONE', #100, #1624 ) ;
#1766 = CARTESIAN_POINT ( 'NONE',  ( 0.3999999999999999667, 0.02249999999999999917, -0.1499999999999999389 ) ) ;
#1767 = AXIS2_PLACEMENT_3D ( 'NONE', #1345, #1651, #404 ) ;
#1768 = VECTOR ( 'NONE', #1202, 1000.000000000000000 ) ;
#1769 = FILL_AREA_STYLE ('',( #660 ) ) ;
#1770 = EDGE_CURVE ( 'NONE', #568, #1006, #1509, .T. ) ;
#1771 = CARTESIAN_POINT ( 'NONE',  ( 0.1499999999999999667, 0.02249999999999999917, 0.2775000000000000244 ) ) ;
#1772 = ORIENTED_EDGE ( 'NONE', *, *, #625, .F. ) ;
#1773 = EDGE_CURVE ( 'NONE', #1386, #1444, #670, .T. ) ;
#1774 = FACE_OUTER_BOUND ( 'NONE', #874, .T. ) ;
#1775 = DIRECTION ( 'NONE',  ( -0.000000000000000000, 1.000000000000000000, 3.285461128743951545E-16 ) ) ;
#1776 = LINE ( 'NONE', #9, #1445 ) ;
#1777 = EDGE_CURVE ( 'NONE', #304, #487, #1227, .T. ) ;
#1778 = PLANE ( 'NONE',  #807 ) ;
#1779 = ORIENTED_EDGE ( 'NONE', *, *, #1401, .F. ) ;
#1780 = EDGE_CURVE ( 'NONE', #1027, #1513, #1517, .T. ) ;
#1781 = CARTESIAN_POINT ( 'NONE',  ( -0.3999999999999999667, 0.000000000000000000, 0.1499999999999999389 ) ) ;
#1782 = CARTESIAN_POINT ( 'NONE',  ( -0.3999999999999996891, 1.378665753736876276, -0.2775000000000000244 ) ) ;
#1783 = DIRECTION ( 'NONE',  ( -1.000000000000000000, -0.000000000000000000, -0.000000000000000000 ) ) ;
#1784 = DIRECTION ( 'NONE',  ( 0.000000000000000000, 0.000000000000000000, -1.000000000000000000 ) ) ;
#1785 =( LENGTH_UNIT ( ) NAMED_UNIT ( * ) SI_UNIT ( .MILLI., .METRE. ) );
#1786 = ORIENTED_EDGE ( 'NONE', *, *, #1173, .T. ) ;
#1787 = EDGE_CURVE ( 'NONE', #1034, #983, #678, .T. ) ;
#1788 = CARTESIAN_POINT ( 'NONE',  ( -0.1499999999999999667, 0.02249999999999999917, 0.2775000000000000244 ) ) ;
#1789 = CARTESIAN_POINT ( 'NONE',  ( 0.1499999999999999667, 0.4274999999999999911, 0.2999999999999999334 ) ) ;
#1790 = CARTESIAN_POINT ( 'NONE',  ( 0.3999999999999999667, 0.4274999999999999911, -0.1499999999999999389 ) ) ;
#1791 = CLOSED_SHELL ( 'NONE', ( #155, #180, #1318, #557, #7, #1328, #1273, #298, #1230, #1026 ) ) ;
#1792 = VECTOR ( 'NONE', #284, 1000.000000000000000 ) ;
#1793 = VECTOR ( 'NONE', #1160, 1000.000000000000000 ) ;
#1794 = NEXT_ASSEMBLY_USAGE_OCCURRENCE ( 'NAUO1', ' ', ' ', #436, #122, $ ) ;
ENDSEC;
END-ISO-10303-21;
