ISO-10303-21;
HEADER;
FILE_DESCRIPTION (( 'STEP AP214' ),
    '1' );
FILE_NAME ('YC122-JR-131KL.STEP',
    '2023-09-23T08:54:13',
    ( '' ),
    ( '' ),
    'SwSTEP 2.0',
    'SolidWorks 2021',
    '' );
FILE_SCHEMA (( 'AUTOMOTIVE_DESIGN' ));
ENDSEC;

DATA;
#1 = LINE ( 'NONE', #1178, #2476 ) ;
#2 = DIRECTION ( 'NONE',  ( 0.000000000000000000, -1.000000000000000000, -2.168404344971008868E-16 ) ) ;
#3 = ORIENTED_EDGE ( 'NONE', *, *, #1813, .T. ) ;
#4 = FILL_AREA_STYLE_COLOUR ( '', #2712 ) ;
#5 = PRODUCT ( 'YC122-JR-131KL', 'YC122-JR-131KL', '', ( #1431 ) ) ;
#6 = ORIENTED_EDGE ( 'NONE', *, *, #2176, .F. ) ;
#7 = CARTESIAN_POINT ( 'NONE',  ( -0.1964637201996785043, -0.03000000000000000583, -0.3000000000000001554 ) ) ;
#8 = FACE_OUTER_BOUND ( 'NONE', #1072, .T. ) ;
#9 = VERTEX_POINT ( 'NONE', #1866 ) ;
#10 = SURFACE_SIDE_STYLE ('',( #1619 ) ) ;
#11 =( NAMED_UNIT ( * ) SI_UNIT ( $, .STERADIAN. ) SOLID_ANGLE_UNIT ( ) );
#12 = PLANE ( 'NONE',  #367 ) ;
#13 = CARTESIAN_POINT ( 'NONE',  ( -0.1496662954709576665, -0.3150000000000000022, -0.4900000000000001021 ) ) ;
#14 =( LENGTH_UNIT ( ) NAMED_UNIT ( * ) SI_UNIT ( .MILLI., .METRE. ) );
#15 = EDGE_LOOP ( 'NONE', ( #1899, #1171, #913, #445 ) ) ;
#16 = DIRECTION ( 'NONE',  ( 1.000000000000000000, 0.000000000000000000, 0.000000000000000000 ) ) ;
#17 = FILL_AREA_STYLE_COLOUR ( '', #1647 ) ;
#19 = VECTOR ( 'NONE', #129, 1000.000000000000000 ) ;
#18 = UNCERTAINTY_MEASURE_WITH_UNIT (LENGTH_MEASURE( 1.000000000000000082E-05 ), #1689, 'distance_accuracy_value', 'NONE');
#20 = ORIENTED_EDGE ( 'NONE', *, *, #1913, .F. ) ;
#21 = DIRECTION ( 'NONE',  ( 0.000000000000000000, 2.168404344971008868E-16, -1.000000000000000000 ) ) ;
#22 = AXIS2_PLACEMENT_3D ( 'NONE', #2913, #2400, #1232 ) ;
#23 = PLANE ( 'NONE',  #861 ) ;
#24 = CARTESIAN_POINT ( 'NONE',  ( -0.1500000000000002442, -0.04000000000000000083, -0.4343476953305402954 ) ) ;
#25 = MECHANICAL_DESIGN_GEOMETRIC_PRESENTATION_REPRESENTATION (  '', ( #2872 ), #2285 ) ;
#26 = LINE ( 'NONE', #1617, #2980 ) ;
#27 = EDGE_CURVE ( 'NONE', #1459, #2183, #1630, .T. ) ;
#28 = ORIENTED_EDGE ( 'NONE', *, *, #166, .T. ) ;
#29 = FILL_AREA_STYLE ('',( #3026 ) ) ;
#30 = VECTOR ( 'NONE', #1707, 1000.000000000000000 ) ;
#31 = FILL_AREA_STYLE ('',( #891 ) ) ;
#32 = AXIS2_PLACEMENT_3D ( 'NONE', #2606, #299, #282 ) ;
#33 = DIRECTION ( 'NONE',  ( -0.000000000000000000, 1.000000000000000000, 0.000000000000000000 ) ) ;
#34 =( LENGTH_UNIT ( ) NAMED_UNIT ( * ) SI_UNIT ( .MILLI., .METRE. ) );
#35 = ORIENTED_EDGE ( 'NONE', *, *, #2910, .F. ) ;
#36 = CARTESIAN_POINT ( 'NONE',  ( -0.1500000000000001055, -0.3150000000000000577, 0.4899999999999999911 ) ) ;
#37 = AXIS2_PLACEMENT_3D ( 'NONE', #341, #1692, #1296 ) ;
#38 = DIRECTION ( 'NONE',  ( 0.000000000000000000, 1.000000000000000000, 0.000000000000000000 ) ) ;
#39 = AXIS2_PLACEMENT_3D ( 'NONE', #481, #926, #2113 ) ;
#40 = VERTEX_POINT ( 'NONE', #2794 ) ;
#41 = PRESENTATION_LAYER_ASSIGNMENT (  '', '', ( #2301 ) ) ;
#42 = CARTESIAN_POINT ( 'NONE',  ( -0.4728196545823252217, -0.03000000000000000583, 0.3000000000000001554 ) ) ;
#43 = PLANE ( 'NONE',  #2977 ) ;
#44 = DIRECTION ( 'NONE',  ( -1.000000000000000000, -0.000000000000000000, -0.000000000000000000 ) ) ;
#45 = VECTOR ( 'NONE', #2206, 1000.000000000000000 ) ;
#46 = ORIENTED_EDGE ( 'NONE', *, *, #2897, .T. ) ;
#47 = FILL_AREA_STYLE_COLOUR ( '', #1750 ) ;
#48 = COLOUR_RGB ( '',0.8980392156862745390, 0.8980392156862745390, 0.8980392156862745390 ) ;
#49 = CARTESIAN_POINT ( 'NONE',  ( -0.1500000000000001055, -0.03000000000000000583, 0.4999999999999997780 ) ) ;
#50 = PLANE ( 'NONE',  #2782 ) ;
#51 =( NAMED_UNIT ( * ) PLANE_ANGLE_UNIT ( ) SI_UNIT ( $, .RADIAN. ) );
#52 = EDGE_CURVE ( 'NONE', #2970, #1875, #2118, .T. ) ;
#53 = SURFACE_STYLE_FILL_AREA ( #1041 ) ;
#54 = CARTESIAN_POINT ( 'NONE',  ( 0.4604133079606314571, -0.02500000000000000486, 0.3000000000000001554 ) ) ;
#55 = ADVANCED_FACE ( 'NONE', ( #696 ), #896, .T. ) ;
#56 = VERTEX_POINT ( 'NONE', #426 ) ;
#57 = EDGE_CURVE ( 'NONE', #264, #2880, #964, .T. ) ;
#58 = UNCERTAINTY_MEASURE_WITH_UNIT (LENGTH_MEASURE( 1.000000000000000082E-05 ), #1090, 'distance_accuracy_value', 'NONE');
#59 = ORIENTED_EDGE ( 'NONE', *, *, #419, .T. ) ;
#60 = PLANE ( 'NONE',  #2830 ) ;
#61 = DIRECTION ( 'NONE',  ( 8.618858347276449337E-16, 0.000000000000000000, 1.000000000000000000 ) ) ;
#62 = PLANE ( 'NONE',  #496 ) ;
#63 = VERTEX_POINT ( 'NONE', #944 ) ;
#64 = DIRECTION ( 'NONE',  ( -0.000000000000000000, 1.000000000000000000, 0.000000000000000000 ) ) ;
#65 = DIRECTION ( 'NONE',  ( -1.229767018093190769E-16, 0.000000000000000000, 1.000000000000000000 ) ) ;
#66 = FACE_OUTER_BOUND ( 'NONE', #1121, .T. ) ;
#67 = FACE_OUTER_BOUND ( 'NONE', #1888, .T. ) ;
#68 = ORIENTED_EDGE ( 'NONE', *, *, #610, .F. ) ;
#69 = DIRECTION ( 'NONE',  ( 1.000000000000000000, 0.000000000000000000, 0.000000000000000000 ) ) ;
#70 = CARTESIAN_POINT ( 'NONE',  ( 0.000000000000000000, -0.04000000000000000083, -0.5000000000000000000 ) ) ;
#71 = VERTEX_POINT ( 'NONE', #2147 ) ;
#72 = DIRECTION ( 'NONE',  ( 0.000000000000000000, -1.000000000000000000, 0.000000000000000000 ) ) ;
#73 = EDGE_CURVE ( 'NONE', #1267, #651, #2827, .T. ) ;
#74 = LINE ( 'NONE', #252, #2055 ) ;
#75 = CARTESIAN_POINT ( 'NONE',  ( 0.4064637201996783578, -0.03000000000000000583, -0.4403625443398770378 ) ) ;
#76 = VERTEX_POINT ( 'NONE', #36 ) ;
#77 = MECHANICAL_DESIGN_GEOMETRIC_PRESENTATION_REPRESENTATION (  '', ( #1343 ), #1435 ) ;
#78 = CARTESIAN_POINT ( 'NONE',  ( 0.1500000000000001610, -0.04000000000000000083, -0.4343476953305402399 ) ) ;
#79 = CARTESIAN_POINT ( 'NONE',  ( -0.1964637201996785598, -0.04000000000000000083, 0.4343476953305399624 ) ) ;
#80 = VECTOR ( 'NONE', #735, 1000.000000000000000 ) ;
#81 = SURFACE_SIDE_STYLE ('',( #53 ) ) ;
#82 = PRESENTATION_STYLE_ASSIGNMENT (( #1180 ) ) ;
#83 = ORIENTED_EDGE ( 'NONE', *, *, #1501, .F. ) ;
#84 = CARTESIAN_POINT ( 'NONE',  ( 0.4604133079606314571, -0.02500000000000000486, -0.3000000000000001554 ) ) ;
#85 = EDGE_CURVE ( 'NONE', #3005, #2016, #746, .T. ) ;
#86 = STYLED_ITEM ( 'NONE', ( #1823 ), #1523 ) ;
#87 = EDGE_LOOP ( 'NONE', ( #1536, #1606, #2809, #2062, #1725 ) ) ;
#88 = PLANE ( 'NONE',  #37 ) ;
#89 = LINE ( 'NONE', #1443, #2940 ) ;
#90 = PRESENTATION_LAYER_ASSIGNMENT (  '', '', ( #1357 ) ) ;
#91 = DIRECTION ( 'NONE',  ( 8.257152417909360273E-16, -0.000000000000000000, 1.000000000000000000 ) ) ;
#92 = ADVANCED_FACE ( 'NONE', ( #1437 ), #1900, .F. ) ;
#93 = ORIENTED_EDGE ( 'NONE', *, *, #1309, .F. ) ;
#94 = VECTOR ( 'NONE', #2314, 1000.000000000000000 ) ;
#95 = CARTESIAN_POINT ( 'NONE',  ( -0.1500000000000002442, -0.04000000000000000083, -0.4343476953305402954 ) ) ;
#96 = LINE ( 'NONE', #1965, #392 ) ;
#97 = CARTESIAN_POINT ( 'NONE',  ( 0.1500000000000001887, -0.3250000000000000111, -0.5000000000000001110 ) ) ;
#98 = STYLED_ITEM ( 'NONE', ( #2858 ), #2711 ) ;
#99 = ORIENTED_EDGE ( 'NONE', *, *, #1933, .T. ) ;
#100 = DIRECTION ( 'NONE',  ( -1.229767018093190769E-16, 0.000000000000000000, 1.000000000000000000 ) ) ;
#101 = EDGE_LOOP ( 'NONE', ( #2480, #2768, #2138, #552 ) ) ;
#102 = CARTESIAN_POINT ( 'NONE',  ( 0.1500000000000001610, -0.03000000000000000583, -0.4343476953305402399 ) ) ;
#103 = SURFACE_STYLE_FILL_AREA ( #2153 ) ;
#104 = CARTESIAN_POINT ( 'NONE',  ( -0.4064637201996785798, -0.04000000000000000083, 0.3000000000000001554 ) ) ;
#105 = EDGE_CURVE ( 'NONE', #1301, #618, #2863, .T. ) ;
#106 = ORIENTED_EDGE ( 'NONE', *, *, #3032, .F. ) ;
#107 = LINE ( 'NONE', #1660, #2994 ) ;
#108 = LINE ( 'NONE', #1494, #2262 ) ;
#109 = ORIENTED_EDGE ( 'NONE', *, *, #748, .T. ) ;
#110 = CARTESIAN_POINT ( 'NONE',  ( 0.1500000000000001610, -0.04000000000000010492, 0.4899999999999999911 ) ) ;
#111 =( NAMED_UNIT ( * ) SI_UNIT ( $, .STERADIAN. ) SOLID_ANGLE_UNIT ( ) );
#112 = UNCERTAINTY_MEASURE_WITH_UNIT (LENGTH_MEASURE( 1.000000000000000082E-05 ), #1374, 'distance_accuracy_value', 'NONE');
#113 = ORIENTED_EDGE ( 'NONE', *, *, #2276, .T. ) ;
#114 = ORIENTED_EDGE ( 'NONE', *, *, #940, .T. ) ;
#115 = CLOSED_SHELL ( 'NONE', ( #2679, #92, #2798, #1172, #1868, #2015, #2492, #343, #1386, #674, #2862, #2185, #1325, #1952, #641, #1815, #2515, #2741 ) ) ;
#116 = DIRECTION ( 'NONE',  ( 1.000000000000000000, 0.000000000000000000, 0.000000000000000000 ) ) ;
#117 = CARTESIAN_POINT ( 'NONE',  ( -0.5000000000000003331, -1.290000000000000036, -0.4900000000000001021 ) ) ;
#118 = ADVANCED_FACE ( 'NONE', ( #2132 ), #1222, .F. ) ;
#119 = AXIS2_PLACEMENT_3D ( 'NONE', #609, #1082, #366 ) ;
#120 = AXIS2_PLACEMENT_3D ( 'NONE', #479, #721, #1428 ) ;
#121 = CARTESIAN_POINT ( 'NONE',  ( -0.1500000000000002442, -0.04000000000000000083, -0.4343476953305402954 ) ) ;
#122 = VECTOR ( 'NONE', #995, 1000.000000000000000 ) ;
#123 = ORIENTED_EDGE ( 'NONE', *, *, #2420, .T. ) ;
#124 = EDGE_CURVE ( 'NONE', #1636, #2196, #726, .T. ) ;
#125 = EDGE_CURVE ( 'NONE', #2491, #1372, #484, .T. ) ;
#126 = STYLED_ITEM ( 'NONE', ( #2667 ), #1172 ) ;
#127 = ORIENTED_EDGE ( 'NONE', *, *, #578, .F. ) ;
#128 = DIRECTION ( 'NONE',  ( 0.000000000000000000, -4.517509052022935470E-16, 1.000000000000000000 ) ) ;
#129 = DIRECTION ( 'NONE',  ( -1.000000000000000000, 0.000000000000000000, 0.000000000000000000 ) ) ;
#130 = VECTOR ( 'NONE', #61, 1000.000000000000000 ) ;
#131 = FACE_OUTER_BOUND ( 'NONE', #722, .T. ) ;
#132 = ORIENTED_EDGE ( 'NONE', *, *, #201, .F. ) ;
#133 = COLOUR_RGB ( '',0.8980392156862745390, 0.8980392156862745390, 0.8980392156862745390 ) ;
#134 = CARTESIAN_POINT ( 'NONE',  ( 0.000000000000000000, -0.3150000000000000022, -0.3500000000000000333 ) ) ;
#135 = LINE ( 'NONE', #2024, #2148 ) ;
#136 = VECTOR ( 'NONE', #460, 1000.000000000000000 ) ;
#137 = SURFACE_SIDE_STYLE ('',( #2488 ) ) ;
#138 = ADVANCED_FACE ( 'NONE', ( #66 ), #2658, .T. ) ;
#139 = VECTOR ( 'NONE', #883, 1000.000000000000000 ) ;
#140 =( NAMED_UNIT ( * ) PLANE_ANGLE_UNIT ( ) SI_UNIT ( $, .RADIAN. ) );
#141 = STYLED_ITEM ( 'NONE', ( #2144 ), #2744 ) ;
#142 = ORIENTED_EDGE ( 'NONE', *, *, #1166, .T. ) ;
#143 = PRESENTATION_LAYER_ASSIGNMENT (  '', '', ( #2789 ) ) ;
#144 = EDGE_CURVE ( 'NONE', #572, #353, #845, .T. ) ;
#145 = UNCERTAINTY_MEASURE_WITH_UNIT (LENGTH_MEASURE( 1.000000000000000082E-05 ), #2247, 'distance_accuracy_value', 'NONE');
#146 = ORIENTED_EDGE ( 'NONE', *, *, #1334, .T. ) ;
#147 = SURFACE_STYLE_USAGE ( .BOTH. , #2228 ) ;
#148 = CARTESIAN_POINT ( 'NONE',  ( -0.1500000000000002442, -0.03000000000000000583, -0.5000000000000000000 ) ) ;
#149 = VERTEX_POINT ( 'NONE', #2726 ) ;
#150 = LINE ( 'NONE', #171, #1184 ) ;
#151 = DIRECTION ( 'NONE',  ( 0.000000000000000000, 0.000000000000000000, 1.000000000000000000 ) ) ;
#152 = FACE_OUTER_BOUND ( 'NONE', #2275, .T. ) ;
#153 = ORIENTED_EDGE ( 'NONE', *, *, #1354, .F. ) ;
#154 = SURFACE_STYLE_FILL_AREA ( #373 ) ;
#155 = DIRECTION ( 'NONE',  ( -0.000000000000000000, 0.000000000000000000, -1.000000000000000000 ) ) ;
#156 = ORIENTED_EDGE ( 'NONE', *, *, #1535, .F. ) ;
#157 = DIRECTION ( 'NONE',  ( -0.000000000000000000, 1.000000000000000000, -0.000000000000000000 ) ) ;
#158 = DIRECTION ( 'NONE',  ( -0.000000000000000000, 0.000000000000000000, 1.000000000000000000 ) ) ;
#159 = CARTESIAN_POINT ( 'NONE',  ( 0.4604133079606314571, -0.02500000000000000486, -0.3000000000000001554 ) ) ;
#160 = STYLED_ITEM ( 'NONE', ( #448 ), #641 ) ;
#161 = AXIS2_PLACEMENT_3D ( 'NONE', #2840, #215, #1160 ) ;
#162 = LINE ( 'NONE', #663, #1918 ) ;
#163 = VECTOR ( 'NONE', #1776, 1000.000000000000000 ) ;
#164 = ORIENTED_EDGE ( 'NONE', *, *, #1887, .F. ) ;
#165 = SURFACE_STYLE_FILL_AREA ( #872 ) ;
#166 = EDGE_CURVE ( 'NONE', #618, #1947, #1550, .T. ) ;
#167 = DIRECTION ( 'NONE',  ( 0.000000000000000000, 0.000000000000000000, -1.000000000000000000 ) ) ;
#168 = COLOUR_RGB ( '',0.8980392156862745390, 0.8980392156862745390, 0.8980392156862745390 ) ;
#169 = VERTEX_POINT ( 'NONE', #585 ) ;
#170 =( GEOMETRIC_REPRESENTATION_CONTEXT ( 3 ) GLOBAL_UNCERTAINTY_ASSIGNED_CONTEXT ( ( #1033 ) ) GLOBAL_UNIT_ASSIGNED_CONTEXT ( ( #240, #433, #1890 ) ) REPRESENTATION_CONTEXT ( 'NONE', 'WORKASPACE' ) );
#171 = CARTESIAN_POINT ( 'NONE',  ( -0.5000000000000000000, -0.04000000000000000083, -0.4900000000000001021 ) ) ;
#172 = EDGE_CURVE ( 'NONE', #2347, #1880, #359, .T. ) ;
#173 = AXIS2_PLACEMENT_3D ( 'NONE', #2205, #64, #2608 ) ;
#174 = DIRECTION ( 'NONE',  ( 8.257152417909353370E-16, 0.000000000000000000, -1.000000000000000000 ) ) ;
#175 = VECTOR ( 'NONE', #689, 1000.000000000000000 ) ;
#176 = LINE ( 'NONE', #1117, #2785 ) ;
#177 =( GEOMETRIC_REPRESENTATION_CONTEXT ( 3 ) GLOBAL_UNCERTAINTY_ASSIGNED_CONTEXT ( ( #2533 ) ) GLOBAL_UNIT_ASSIGNED_CONTEXT ( ( #2530, #1365, #1376 ) ) REPRESENTATION_CONTEXT ( 'NONE', 'WORKASPACE' ) );
#178 = ORIENTED_EDGE ( 'NONE', *, *, #1517, .F. ) ;
#179 = DIRECTION ( 'NONE',  ( -1.000000000000000000, 0.000000000000000000, 0.000000000000000000 ) ) ;
#180 = CARTESIAN_POINT ( 'NONE',  ( 0.5000000000000000000, -0.3149999999999999467, 0.2500000000000000000 ) ) ;
#181 = LINE ( 'NONE', #2925, #322 ) ;
#182 = ORIENTED_EDGE ( 'NONE', *, *, #124, .T. ) ;
#183 = ORIENTED_EDGE ( 'NONE', *, *, #2897, .F. ) ;
#184 = DIRECTION ( 'NONE',  ( -1.000000000000000000, -0.000000000000000000, -1.166719074394105051E-15 ) ) ;
#185 =( NAMED_UNIT ( * ) SI_UNIT ( $, .STERADIAN. ) SOLID_ANGLE_UNIT ( ) );
#186 =( NAMED_UNIT ( * ) SI_UNIT ( $, .STERADIAN. ) SOLID_ANGLE_UNIT ( ) );
#187 = EDGE_CURVE ( 'NONE', #2016, #1198, #602, .T. ) ;
#188 = ORIENTED_EDGE ( 'NONE', *, *, #2706, .F. ) ;
#189 =( NAMED_UNIT ( * ) SI_UNIT ( $, .STERADIAN. ) SOLID_ANGLE_UNIT ( ) );
#190 = DIRECTION ( 'NONE',  ( 0.000000000000000000, 0.000000000000000000, 1.000000000000000000 ) ) ;
#191 = CARTESIAN_POINT ( 'NONE',  ( 0.5000000000000000000, -0.04000000000000000083, 0.4412696319455212124 ) ) ;
#192 = UNCERTAINTY_MEASURE_WITH_UNIT (LENGTH_MEASURE( 1.000000000000000082E-05 ), #796, 'distance_accuracy_value', 'NONE');
#193 = ORIENTED_EDGE ( 'NONE', *, *, #1206, .T. ) ;
#194 = DIRECTION ( 'NONE',  ( 1.000000000000000000, 0.000000000000000000, 0.000000000000000000 ) ) ;
#195 = VERTEX_POINT ( 'NONE', #2437 ) ;
#196 = CARTESIAN_POINT ( 'NONE',  ( -0.1500000000000002442, -0.04000000000000000083, -0.5000000000000000000 ) ) ;
#197 = PLANE ( 'NONE',  #766 ) ;
#198 = EDGE_CURVE ( 'NONE', #3021, #2166, #314, .T. ) ;
#199 = DIRECTION ( 'NONE',  ( -1.229767018093190769E-16, 0.000000000000000000, -1.000000000000000000 ) ) ;
#200 = EDGE_CURVE ( 'NONE', #2607, #2650, #1989, .T. ) ;
#201 = EDGE_CURVE ( 'NONE', #1880, #671, #2579, .T. ) ;
#202 = ORIENTED_EDGE ( 'NONE', *, *, #2364, .F. ) ;
#203 = ORIENTED_EDGE ( 'NONE', *, *, #2179, .T. ) ;
#204 = CARTESIAN_POINT ( 'NONE',  ( -0.1496662954709576387, -0.3150000000000000022, 0.4899999999999999911 ) ) ;
#205 = PRESENTATION_LAYER_ASSIGNMENT (  '', '', ( #1740 ) ) ;
#206 = LINE ( 'NONE', #670, #2255 ) ;
#207 = ADVANCED_FACE ( 'NONE', ( #454 ), #1404, .F. ) ;
#208 = FACE_OUTER_BOUND ( 'NONE', #296, .T. ) ;
#209 = MECHANICAL_DESIGN_GEOMETRIC_PRESENTATION_REPRESENTATION (  '', ( #126 ), #596 ) ;
#210 = ORIENTED_EDGE ( 'NONE', *, *, #2238, .F. ) ;
#211 = STYLED_ITEM ( 'NONE', ( #474 ), #118 ) ;
#212 = DIRECTION ( 'NONE',  ( -1.000000000000000000, 0.000000000000000000, 0.000000000000000000 ) ) ;
#213 = CARTESIAN_POINT ( 'NONE',  ( -0.5000000000000003331, -0.04000000000000000083, 0.4900000000000001021 ) ) ;
#214 = ORIENTED_EDGE ( 'NONE', *, *, #1777, .F. ) ;
#215 = DIRECTION ( 'NONE',  ( 0.000000000000000000, 0.000000000000000000, -1.000000000000000000 ) ) ;
#216 = CARTESIAN_POINT ( 'NONE',  ( -0.1500000000000002442, -0.03000000000000000583, -0.4343476953305402954 ) ) ;
#217 = VECTOR ( 'NONE', #795, 1000.000000000000000 ) ;
#218 = STYLED_ITEM ( 'NONE', ( #2433 ), #2185 ) ;
#219 = ORIENTED_EDGE ( 'NONE', *, *, #1524, .T. ) ;
#220 = STYLED_ITEM ( 'NONE', ( #612 ), #2943 ) ;
#221 = ORIENTED_EDGE ( 'NONE', *, *, #2729, .T. ) ;
#222 = CARTESIAN_POINT ( 'NONE',  ( -0.4064637201996785798, -0.04000000000000000083, -0.3000000000000001554 ) ) ;
#223 = ADVANCED_FACE ( 'NONE', ( #1878 ), #1127, .F. ) ;
#224 = UNCERTAINTY_MEASURE_WITH_UNIT (LENGTH_MEASURE( 1.000000000000000082E-05 ), #2026, 'distance_accuracy_value', 'NONE');
#225 = ORIENTED_EDGE ( 'NONE', *, *, #1847, .F. ) ;
#226 = CARTESIAN_POINT ( 'NONE',  ( -0.5000000000000000000, -0.3250000000000000666, 0.5000000000000000000 ) ) ;
#227 = CARTESIAN_POINT ( 'NONE',  ( -0.1500000000000001055, -0.3150000000000000577, 0.4999999999999997780 ) ) ;
#228 = ORIENTED_EDGE ( 'NONE', *, *, #2953, .T. ) ;
#229 = CARTESIAN_POINT ( 'NONE',  ( 0.5000000000000000000, 0.000000000000000000, 0.000000000000000000 ) ) ;
#230 =( NAMED_UNIT ( * ) PLANE_ANGLE_UNIT ( ) SI_UNIT ( $, .RADIAN. ) );
#231 = ORIENTED_EDGE ( 'NONE', *, *, #2644, .F. ) ;
#232 = ORIENTED_EDGE ( 'NONE', *, *, #935, .T. ) ;
#233 = PLANE ( 'NONE',  #864 ) ;
#234 = EDGE_CURVE ( 'NONE', #1350, #1295, #2805, .T. ) ;
#235 = ORIENTED_EDGE ( 'NONE', *, *, #748, .F. ) ;
#236 = DIRECTION ( 'NONE',  ( -0.000000000000000000, 0.000000000000000000, 1.000000000000000000 ) ) ;
#237 = EDGE_CURVE ( 'NONE', #938, #1651, #1, .T. ) ;
#238 = ORIENTED_EDGE ( 'NONE', *, *, #350, .F. ) ;
#239 = DIRECTION ( 'NONE',  ( 0.000000000000000000, 1.000000000000000000, 0.000000000000000000 ) ) ;
#240 =( LENGTH_UNIT ( ) NAMED_UNIT ( * ) SI_UNIT ( .MILLI., .METRE. ) );
#241 = LINE ( 'NONE', #2115, #2343 ) ;
#242 = CARTESIAN_POINT ( 'NONE',  ( -0.1964637201996779492, -0.04000000000000000083, -0.3000000000000001554 ) ) ;
#243 = SURFACE_STYLE_FILL_AREA ( #2369 ) ;
#244 = PLANE ( 'NONE',  #2695 ) ;
#245 = PLANE ( 'NONE',  #324 ) ;
#246 = ORIENTED_EDGE ( 'NONE', *, *, #1452, .F. ) ;
#247 = PRESENTATION_STYLE_ASSIGNMENT (( #1411 ) ) ;
#248 = SURFACE_STYLE_USAGE ( .BOTH. , #917 ) ;
#249 = VECTOR ( 'NONE', #1661, 1000.000000000000000 ) ;
#250 = ORIENTED_EDGE ( 'NONE', *, *, #1994, .T. ) ;
#251 = ADVANCED_FACE ( 'NONE', ( #725 ), #1893, .F. ) ;
#252 = CARTESIAN_POINT ( 'NONE',  ( -0.5000000000000000000, -0.3250000000000000666, 0.2500000000000000000 ) ) ;
#253 = DIRECTION ( 'NONE',  ( 9.035018104045865764E-17, 0.000000000000000000, -1.000000000000000000 ) ) ;
#254 = DIRECTION ( 'NONE',  ( -8.618858347276449337E-16, 0.000000000000000000, -1.000000000000000000 ) ) ;
#255 = ORIENTED_EDGE ( 'NONE', *, *, #615, .T. ) ;
#256 = VECTOR ( 'NONE', #260, 1000.000000000000000 ) ;
#257 = CARTESIAN_POINT ( 'NONE',  ( 0.5000000000000000000, -0.03000000000000000583, 0.4412696319455212124 ) ) ;
#258 = PRESENTATION_STYLE_ASSIGNMENT (( #1477 ) ) ;
#259 = EDGE_CURVE ( 'NONE', #2347, #785, #2193, .T. ) ;
#260 = DIRECTION ( 'NONE',  ( 1.000000000000000000, -0.000000000000000000, -0.000000000000000000 ) ) ;
#261 = FILL_AREA_STYLE ('',( #2129 ) ) ;
#262 = EDGE_CURVE ( 'NONE', #2510, #2341, #1992, .T. ) ;
#263 = VECTOR ( 'NONE', #2191, 1000.000000000000000 ) ;
#264 = VERTEX_POINT ( 'NONE', #1942 ) ;
#265 = DIRECTION ( 'NONE',  ( -8.618858347276449337E-16, -0.000000000000000000, 1.000000000000000000 ) ) ;
#266 = COLOUR_RGB ( '',1.000000000000000000, 1.000000000000000000, 1.000000000000000000 ) ;
#267 = ORIENTED_EDGE ( 'NONE', *, *, #2670, .T. ) ;
#268 = VECTOR ( 'NONE', #190, 1000.000000000000000 ) ;
#269 = DIRECTION ( 'NONE',  ( -1.000000000000000000, 0.000000000000000000, -0.000000000000000000 ) ) ;
#270 = EDGE_LOOP ( 'NONE', ( #68, #1691, #2281, #1791 ) ) ;
#271 = SURFACE_STYLE_USAGE ( .BOTH. , #10 ) ;
#272 = PLANE ( 'NONE',  #1583 ) ;
#273 = CARTESIAN_POINT ( 'NONE',  ( 0.1964637201996783378, -0.03000000000000000583, -0.4343476953305401844 ) ) ;
#274 = LINE ( 'NONE', #1280, #1625 ) ;
#275 = DIRECTION ( 'NONE',  ( -0.000000000000000000, 0.000000000000000000, 1.000000000000000000 ) ) ;
#276 = FILL_AREA_STYLE_COLOUR ( '', #1300 ) ;
#277 = ORIENTED_EDGE ( 'NONE', *, *, #2806, .T. ) ;
#278 = UNCERTAINTY_MEASURE_WITH_UNIT (LENGTH_MEASURE( 1.000000000000000082E-05 ), #1563, 'distance_accuracy_value', 'NONE');
#279 = EDGE_LOOP ( 'NONE', ( #2591, #292, #93, #2517 ) ) ;
#280 = CARTESIAN_POINT ( 'NONE',  ( -0.5000000000000003331, -0.04000000000000000083, -0.4900000000000001021 ) ) ;
#281 = CARTESIAN_POINT ( 'NONE',  ( 0.1496662954709576665, -0.3150000000000000022, -0.4900000000000001021 ) ) ;
#282 = DIRECTION ( 'NONE',  ( 0.000000000000000000, -2.258754526011467735E-16, 1.000000000000000000 ) ) ;
#283 = DIRECTION ( 'NONE',  ( 0.000000000000000000, -1.000000000000000000, 0.000000000000000000 ) ) ;
#284 = EDGE_CURVE ( 'NONE', #2358, #480, #96, .T. ) ;
#285 = ORIENTED_EDGE ( 'NONE', *, *, #575, .T. ) ;
#286 = CARTESIAN_POINT ( 'NONE',  ( 0.000000000000000000, 0.000000000000000000, 0.000000000000000000 ) ) ;
#287 = FACE_OUTER_BOUND ( 'NONE', #2901, .T. ) ;
#288 = CARTESIAN_POINT ( 'NONE',  ( 0.5000000000000001110, -0.04000000000000000083, -0.4900000000000001021 ) ) ;
#289 = CARTESIAN_POINT ( 'NONE',  ( 0.000000000000000000, -0.3150000000000000022, -0.4900000000000001021 ) ) ;
#290 = DIRECTION ( 'NONE',  ( -0.000000000000000000, 1.000000000000000000, 2.258754526011467735E-16 ) ) ;
#291 = EDGE_CURVE ( 'NONE', #2124, #880, #274, .T. ) ;
#292 = ORIENTED_EDGE ( 'NONE', *, *, #2969, .T. ) ;
#293 = PLANE ( 'NONE',  #2014 ) ;
#294 = FACE_OUTER_BOUND ( 'NONE', #2516, .T. ) ;
#295 = EDGE_CURVE ( 'NONE', #1198, #2131, #1747, .T. ) ;
#296 = EDGE_LOOP ( 'NONE', ( #824, #1728, #2365, #1131 ) ) ;
#297 = LINE ( 'NONE', #1742, #2107 ) ;
#298 = FACE_OUTER_BOUND ( 'NONE', #1293, .T. ) ;
#299 = DIRECTION ( 'NONE',  ( -0.000000000000000000, 1.000000000000000000, 2.258754526011467735E-16 ) ) ;
#300 = DIRECTION ( 'NONE',  ( -0.000000000000000000, 1.000000000000000000, 4.517509052022935470E-16 ) ) ;
#301 = VECTOR ( 'NONE', #2093, 1000.000000000000000 ) ;
#302 = ORIENTED_EDGE ( 'NONE', *, *, #330, .T. ) ;
#303 = COLOUR_RGB ( '',1.000000000000000000, 1.000000000000000000, 1.000000000000000000 ) ;
#304 = CARTESIAN_POINT ( 'NONE',  ( 0.000000000000000000, -0.04000000000000000083, -0.5000000000000000000 ) ) ;
#305 = DIRECTION ( 'NONE',  ( 0.000000000000000000, 2.168404344971008868E-16, -1.000000000000000000 ) ) ;
#306 = MECHANICAL_DESIGN_GEOMETRIC_PRESENTATION_REPRESENTATION (  '', ( #2526 ), #2382 ) ;
#307 = CARTESIAN_POINT ( 'NONE',  ( -0.5000000000000000000, -0.3250000000000000666, 0.2500000000000000000 ) ) ;
#308 = ORIENTED_EDGE ( 'NONE', *, *, #2364, .T. ) ;
#309 = DIRECTION ( 'NONE',  ( 1.000000000000000000, 0.000000000000000000, 0.000000000000000000 ) ) ;
#310 = PRESENTATION_STYLE_ASSIGNMENT (( #1514 ) ) ;
#311 = MECHANICAL_DESIGN_GEOMETRIC_PRESENTATION_REPRESENTATION (  '', ( #86 ), #1906 ) ;
#312 = ORIENTED_EDGE ( 'NONE', *, *, #2523, .F. ) ;
#313 = CARTESIAN_POINT ( 'NONE',  ( 0.1964637201996782268, -0.04000000000000000083, 0.3000000000000000444 ) ) ;
#314 = LINE ( 'NONE', #1275, #1096 ) ;
#315 = FILL_AREA_STYLE ('',( #1005 ) ) ;
#316 = LINE ( 'NONE', #754, #753 ) ;
#317 = ORIENTED_EDGE ( 'NONE', *, *, #996, .F. ) ;
#318 = VECTOR ( 'NONE', #2565, 1000.000000000000000 ) ;
#319 = CARTESIAN_POINT ( 'NONE',  ( 0.1500000000000000777, -0.03000000000000000583, -0.5000000000000000000 ) ) ;
#320 = LINE ( 'NONE', #1698, #2448 ) ;
#321 = DIRECTION ( 'NONE',  ( 1.000000000000000000, -0.000000000000000000, 0.000000000000000000 ) ) ;
#322 = VECTOR ( 'NONE', #1068, 1000.000000000000000 ) ;
#323 = FILL_AREA_STYLE_COLOUR ( '', #370 ) ;
#324 = AXIS2_PLACEMENT_3D ( 'NONE', #2842, #290, #2161 ) ;
#325 = PRESENTATION_STYLE_ASSIGNMENT (( #2927 ) ) ;
#326 = VERTEX_POINT ( 'NONE', #975 ) ;
#327 = CARTESIAN_POINT ( 'NONE',  ( -0.5000000000000000000, -0.3250000000000000666, 0.2500000000000000000 ) ) ;
#328 = PRESENTATION_STYLE_ASSIGNMENT (( #2451 ) ) ;
#329 = ORIENTED_EDGE ( 'NONE', *, *, #423, .T. ) ;
#330 = EDGE_CURVE ( 'NONE', #56, #2057, #1246, .T. ) ;
#331 = PLANE ( 'NONE',  #2042 ) ;
#332 = CARTESIAN_POINT ( 'NONE',  ( -0.5000000000000000000, -0.3149999999999998357, -0.4900000000000001021 ) ) ;
#333 = ORIENTED_EDGE ( 'NONE', *, *, #2536, .F. ) ;
#334 = CARTESIAN_POINT ( 'NONE',  ( 0.1964637201996783378, -0.03000000000000000583, 0.4343476953305399624 ) ) ;
#335 =( NAMED_UNIT ( * ) SI_UNIT ( $, .STERADIAN. ) SOLID_ANGLE_UNIT ( ) );
#336 = DIRECTION ( 'NONE',  ( 1.000000000000000000, 0.000000000000000000, -1.229767018093190769E-16 ) ) ;
#337 = VERTEX_POINT ( 'NONE', #2427 ) ;
#338 =( NAMED_UNIT ( * ) SI_UNIT ( $, .STERADIAN. ) SOLID_ANGLE_UNIT ( ) );
#339 = UNCERTAINTY_MEASURE_WITH_UNIT (LENGTH_MEASURE( 1.000000000000000082E-05 ), #1418, 'distance_accuracy_value', 'NONE');
#340 = ORIENTED_EDGE ( 'NONE', *, *, #669, .T. ) ;
#341 = CARTESIAN_POINT ( 'NONE',  ( -0.1500000000000002442, -0.04000000000000000083, -0.4343476953305402954 ) ) ;
#342 = LINE ( 'NONE', #2982, #546 ) ;
#343 = ADVANCED_FACE ( 'NONE', ( #1492 ), #1448, .T. ) ;
#344 = VERTEX_POINT ( 'NONE', #776 ) ;
#345 = DIRECTION ( 'NONE',  ( 0.000000000000000000, 0.000000000000000000, 1.000000000000000000 ) ) ;
#346 = DIRECTION ( 'NONE',  ( -0.000000000000000000, -1.000000000000000000, -0.000000000000000000 ) ) ;
#347 =( NAMED_UNIT ( * ) SI_UNIT ( $, .STERADIAN. ) SOLID_ANGLE_UNIT ( ) );
#348 = FACE_OUTER_BOUND ( 'NONE', #642, .T. ) ;
#349 = PRESENTATION_LAYER_ASSIGNMENT (  '', '', ( #1841 ) ) ;
#350 = EDGE_CURVE ( 'NONE', #1853, #1459, #788, .T. ) ;
#351 =( NAMED_UNIT ( * ) SI_UNIT ( $, .STERADIAN. ) SOLID_ANGLE_UNIT ( ) );
#352 = AXIS2_PLACEMENT_3D ( 'NONE', #2279, #923, #1658 ) ;
#353 = VERTEX_POINT ( 'NONE', #1811 ) ;
#354 = LINE ( 'NONE', #2254, #1971 ) ;
#355 = STYLED_ITEM ( 'NONE', ( #310 ), #1323 ) ;
#356 = VERTEX_POINT ( 'NONE', #876 ) ;
#357 = MECHANICAL_DESIGN_GEOMETRIC_PRESENTATION_REPRESENTATION (  '', ( #2882 ), #1315 ) ;
#358 = DIRECTION ( 'NONE',  ( 1.000000000000000000, 0.000000000000000000, 0.000000000000000000 ) ) ;
#359 = LINE ( 'NONE', #2259, #2430 ) ;
#360 = FACE_OUTER_BOUND ( 'NONE', #1695, .T. ) ;
#361 = AXIS2_PLACEMENT_3D ( 'NONE', #1240, #2151, #1712 ) ;
#362 = DIRECTION ( 'NONE',  ( 1.000000000000000000, 0.000000000000000000, 0.000000000000000000 ) ) ;
#363 = ORIENTED_EDGE ( 'NONE', *, *, #1777, .T. ) ;
#364 =( GEOMETRIC_REPRESENTATION_CONTEXT ( 3 ) GLOBAL_UNCERTAINTY_ASSIGNED_CONTEXT ( ( #1371 ) ) GLOBAL_UNIT_ASSIGNED_CONTEXT ( ( #2595, #1926, #2125 ) ) REPRESENTATION_CONTEXT ( 'NONE', 'WORKASPACE' ) );
#365 = DIRECTION ( 'NONE',  ( 1.000000000000000000, 0.000000000000000000, 0.000000000000000000 ) ) ;
#366 = DIRECTION ( 'NONE',  ( 1.000000000000000000, 0.000000000000000000, 0.000000000000000000 ) ) ;
#367 = AXIS2_PLACEMENT_3D ( 'NONE', #907, #2528, #2354 ) ;
#368 = LINE ( 'NONE', #2266, #457 ) ;
#369 = PRESENTATION_LAYER_ASSIGNMENT (  '', '', ( #2065 ) ) ;
#370 = COLOUR_RGB ( '',0.8980392156862745390, 0.8980392156862745390, 0.8980392156862745390 ) ;
#371 = EDGE_CURVE ( 'NONE', #9, #1181, #1290, .T. ) ;
#372 = EDGE_LOOP ( 'NONE', ( #225, #329, #2263, #439 ) ) ;
#373 = FILL_AREA_STYLE ('',( #2498 ) ) ;
#374 = DIRECTION ( 'NONE',  ( 0.000000000000000000, 0.000000000000000000, -1.000000000000000000 ) ) ;
#375 = VERTEX_POINT ( 'NONE', #1331 ) ;
#376 = DIRECTION ( 'NONE',  ( 0.000000000000000000, -4.517509052022935470E-16, 1.000000000000000000 ) ) ;
#377 = FILL_AREA_STYLE ('',( #2512 ) ) ;
#378 = LINE ( 'NONE', #242, #175 ) ;
#379 = CARTESIAN_POINT ( 'NONE',  ( -0.5000000000000003331, -1.290000000000000036, -0.4900000000000001021 ) ) ;
#380 = EDGE_CURVE ( 'NONE', #76, #2070, #1767, .T. ) ;
#381 = CARTESIAN_POINT ( 'NONE',  ( 0.4604133079606314571, -0.04000000000000000083, -0.3000000000000001554 ) ) ;
#382 = VERTEX_POINT ( 'NONE', #2972 ) ;
#383 = ORIENTED_EDGE ( 'NONE', *, *, #259, .T. ) ;
#384 =( LENGTH_UNIT ( ) NAMED_UNIT ( * ) SI_UNIT ( .MILLI., .METRE. ) );
#385 = EDGE_CURVE ( 'NONE', #2911, #2198, #2034, .T. ) ;
#386 = DIRECTION ( 'NONE',  ( -1.000000000000000000, 0.000000000000000000, -0.000000000000000000 ) ) ;
#387 = VERTEX_POINT ( 'NONE', #2511 ) ;
#388 = EDGE_CURVE ( 'NONE', #2508, #1401, #390, .T. ) ;
#389 = DIRECTION ( 'NONE',  ( 1.000000000000000000, 0.000000000000000000, 0.000000000000000000 ) ) ;
#390 = LINE ( 'NONE', #2942, #2332 ) ;
#391 = CLOSED_SHELL ( 'NONE', ( #1896, #2506, #2418, #978, #777, #2711, #3039, #838, #1530, #2621, #1478, #1713, #55, #1555 ) ) ;
#392 = VECTOR ( 'NONE', #801, 1000.000000000000000 ) ;
#393 = VECTOR ( 'NONE', #2986, 1000.000000000000000 ) ;
#394 = VECTOR ( 'NONE', #485, 1000.000000000000000 ) ;
#395 = AXIS2_PLACEMENT_3D ( 'NONE', #747, #1688, #2178 ) ;
#396 = SURFACE_SIDE_STYLE ('',( #459 ) ) ;
#397 = DIRECTION ( 'NONE',  ( 0.000000000000000000, -0.000000000000000000, 1.000000000000000000 ) ) ;
#398 = SURFACE_STYLE_FILL_AREA ( #2017 ) ;
#399 = FACE_OUTER_BOUND ( 'NONE', #558, .T. ) ;
#400 = SURFACE_STYLE_USAGE ( .BOTH. , #2589 ) ;
#401 =( GEOMETRIC_REPRESENTATION_CONTEXT ( 3 ) GLOBAL_UNCERTAINTY_ASSIGNED_CONTEXT ( ( #2750 ) ) GLOBAL_UNIT_ASSIGNED_CONTEXT ( ( #704, #467, #1414 ) ) REPRESENTATION_CONTEXT ( 'NONE', 'WORKASPACE' ) );
#402 = UNCERTAINTY_MEASURE_WITH_UNIT (LENGTH_MEASURE( 1.000000000000000082E-05 ), #2583, 'distance_accuracy_value', 'NONE');
#403 = ORIENTED_EDGE ( 'NONE', *, *, #1078, .F. ) ;
#404 =( NAMED_UNIT ( * ) SI_UNIT ( $, .STERADIAN. ) SOLID_ANGLE_UNIT ( ) );
#405 = VECTOR ( 'NONE', #157, 1000.000000000000000 ) ;
#406 = PRESENTATION_STYLE_ASSIGNMENT (( #904 ) ) ;
#407 = ORIENTED_EDGE ( 'NONE', *, *, #2457, .T. ) ;
#408 = VECTOR ( 'NONE', #559, 1000.000000000000000 ) ;
#409 = CARTESIAN_POINT ( 'NONE',  ( -0.5000000000000000000, -0.03000000000000000583, -0.5000000000000001110 ) ) ;
#410 = CARTESIAN_POINT ( 'NONE',  ( 0.1500000000000002442, -0.03000000000000000583, 0.4343476953305399069 ) ) ;
#411 = MECHANICAL_DESIGN_GEOMETRIC_PRESENTATION_REPRESENTATION (  '', ( #2301 ), #2496 ) ;
#412 = VECTOR ( 'NONE', #65, 1000.000000000000000 ) ;
#413 = EDGE_LOOP ( 'NONE', ( #3042, #2282, #2541, #2104, #1996, #588, #2390, #2296 ) ) ;
#414 =( NAMED_UNIT ( * ) PLANE_ANGLE_UNIT ( ) SI_UNIT ( $, .RADIAN. ) );
#415 = CARTESIAN_POINT ( 'NONE',  ( -0.5000000000000000000, -0.3149999999999999467, 0.2500000000000000000 ) ) ;
#416 = PRESENTATION_STYLE_ASSIGNMENT (( #2537 ) ) ;
#417 = FILL_AREA_STYLE ('',( #2520 ) ) ;
#418 = VERTEX_POINT ( 'NONE', #2277 ) ;
#419 = EDGE_CURVE ( 'NONE', #491, #527, #1522, .T. ) ;
#420 = VERTEX_POINT ( 'NONE', #1561 ) ;
#421 = PLANE ( 'NONE',  #2438 ) ;
#422 = EDGE_CURVE ( 'NONE', #1546, #2965, #2049, .T. ) ;
#423 = EDGE_CURVE ( 'NONE', #1174, #1148, #2288, .T. ) ;
#424 = PLANE ( 'NONE',  #1457 ) ;
#425 = ORIENTED_EDGE ( 'NONE', *, *, #144, .T. ) ;
#426 = CARTESIAN_POINT ( 'NONE',  ( 0.1496662954709576665, -0.3150000000000000022, -0.4900000000000001021 ) ) ;
#427 = LINE ( 'NONE', #1352, #1460 ) ;
#428 = VERTEX_POINT ( 'NONE', #1094 ) ;
#429 = CARTESIAN_POINT ( 'NONE',  ( 0.4604133079606314571, -0.04000000000000000083, -0.3000000000000001554 ) ) ;
#430 = CARTESIAN_POINT ( 'NONE',  ( -0.5000000000000000000, -0.04000000000000000083, -0.3000000000000001554 ) ) ;
#431 = FILL_AREA_STYLE_COLOUR ( '', #168 ) ;
#432 = VERTEX_POINT ( 'NONE', #1548 ) ;
#433 =( NAMED_UNIT ( * ) PLANE_ANGLE_UNIT ( ) SI_UNIT ( $, .RADIAN. ) );
#434 = ADVANCED_FACE ( 'NONE', ( #821 ), #1303, .F. ) ;
#435 = LINE ( 'NONE', #410, #1360 ) ;
#436 = SURFACE_STYLE_FILL_AREA ( #661 ) ;
#437 = EDGE_CURVE ( 'NONE', #1148, #1883, #2264, .T. ) ;
#438 = CARTESIAN_POINT ( 'NONE',  ( -0.1964637201996785598, -0.04000000000000000083, 0.4343476953305399624 ) ) ;
#439 = ORIENTED_EDGE ( 'NONE', *, *, #2311, .F. ) ;
#440 = ORIENTED_EDGE ( 'NONE', *, *, #1960, .T. ) ;
#441 = LINE ( 'NONE', #1632, #2592 ) ;
#442 = COLOUR_RGB ( '',0.8980392156862745390, 0.8980392156862745390, 0.8980392156862745390 ) ;
#443 =( LENGTH_UNIT ( ) NAMED_UNIT ( * ) SI_UNIT ( .MILLI., .METRE. ) );
#444 = VECTOR ( 'NONE', #1444, 1000.000000000000000 ) ;
#445 = ORIENTED_EDGE ( 'NONE', *, *, #1517, .T. ) ;
#446 = SURFACE_SIDE_STYLE ('',( #2571 ) ) ;
#447 = MECHANICAL_DESIGN_GEOMETRIC_PRESENTATION_REPRESENTATION (  '', ( #2429 ), #941 ) ;
#448 = PRESENTATION_STYLE_ASSIGNMENT (( #2333 ) ) ;
#449 = PLANE ( 'NONE',  #2524 ) ;
#450 = ORIENTED_EDGE ( 'NONE', *, *, #1093, .F. ) ;
#451 =( NAMED_UNIT ( * ) SI_UNIT ( $, .STERADIAN. ) SOLID_ANGLE_UNIT ( ) );
#452 = SURFACE_STYLE_USAGE ( .BOTH. , #1176 ) ;
#453 = MECHANICAL_DESIGN_GEOMETRIC_PRESENTATION_REPRESENTATION (  '', ( #1544 ), #170 ) ;
#454 = FACE_OUTER_BOUND ( 'NONE', #1118, .T. ) ;
#455 = AXIS2_PLACEMENT_3D ( 'NONE', #84, #2421, #2903 ) ;
#456 = CARTESIAN_POINT ( 'NONE',  ( 0.1496662954709576387, -0.3150000000000000022, 0.4899999999999999911 ) ) ;
#457 = VECTOR ( 'NONE', #1084, 1000.000000000000000 ) ;
#458 = ORIENTED_EDGE ( 'NONE', *, *, #262, .F. ) ;
#459 = SURFACE_STYLE_FILL_AREA ( #2586 ) ;
#460 = DIRECTION ( 'NONE',  ( -0.000000000000000000, 1.000000000000000000, -0.000000000000000000 ) ) ;
#461 = AXIS2_PLACEMENT_3D ( 'NONE', #800, #3019, #2748 ) ;
#462 = EDGE_CURVE ( 'NONE', #2738, #2650, #150, .T. ) ;
#463 = PRESENTATION_STYLE_ASSIGNMENT (( #400 ) ) ;
#464 = UNCERTAINTY_MEASURE_WITH_UNIT (LENGTH_MEASURE( 1.000000000000000082E-05 ), #1981, 'distance_accuracy_value', 'NONE');
#465 = EDGE_LOOP ( 'NONE', ( #751, #2077, #1504, #1024 ) ) ;
#466 = STYLED_ITEM ( 'NONE', ( #1975 ), #2764 ) ;
#467 =( NAMED_UNIT ( * ) PLANE_ANGLE_UNIT ( ) SI_UNIT ( $, .RADIAN. ) );
#468 = SURFACE_STYLE_USAGE ( .BOTH. , #1415 ) ;
#469 = ORIENTED_EDGE ( 'NONE', *, *, #234, .F. ) ;
#470 = DIRECTION ( 'NONE',  ( 0.000000000000000000, -1.000000000000000000, 0.000000000000000000 ) ) ;
#471 = CARTESIAN_POINT ( 'NONE',  ( -0.5000000000000000000, -0.04000000000000000083, -0.4900000000000001021 ) ) ;
#472 =( NAMED_UNIT ( * ) SI_UNIT ( $, .STERADIAN. ) SOLID_ANGLE_UNIT ( ) );
#473 = ORIENTED_EDGE ( 'NONE', *, *, #756, .T. ) ;
#474 = PRESENTATION_STYLE_ASSIGNMENT (( #2165 ) ) ;
#475 = ORIENTED_EDGE ( 'NONE', *, *, #2672, .F. ) ;
#476 = CARTESIAN_POINT ( 'NONE',  ( -0.5000000000000000000, -0.04000000000000000083, 0.4412696319455212124 ) ) ;
#477 = EDGE_CURVE ( 'NONE', #337, #1326, #844, .T. ) ;
#478 = LINE ( 'NONE', #2136, #130 ) ;
#479 = CARTESIAN_POINT ( 'NONE',  ( 0.000000000000000000, -0.3150000000000000022, -0.5000000000000000000 ) ) ;
#480 = VERTEX_POINT ( 'NONE', #2064 ) ;
#481 = CARTESIAN_POINT ( 'NONE',  ( -0.5000000000000000000, -0.3150000000000000022, -0.5000000000000000000 ) ) ;
#482 = DIRECTION ( 'NONE',  ( 1.000000000000000000, 0.000000000000000000, 0.000000000000000000 ) ) ;
#483 = DIRECTION ( 'NONE',  ( -0.000000000000000000, 1.000000000000000000, 0.000000000000000000 ) ) ;
#484 = LINE ( 'NONE', #1234, #256 ) ;
#485 = DIRECTION ( 'NONE',  ( -1.000000000000000000, 0.000000000000000000, 2.333438148788204579E-15 ) ) ;
#486 = EDGE_LOOP ( 'NONE', ( #1809, #1654, #1904, #780, #925, #3015, #1671, #2797 ) ) ;
#487 = DIRECTION ( 'NONE',  ( -8.618858347276449337E-16, 0.000000000000000000, 1.000000000000000000 ) ) ;
#488 = DIRECTION ( 'NONE',  ( -0.000000000000000000, 0.000000000000000000, 1.000000000000000000 ) ) ;
#489 = PRESENTATION_LAYER_ASSIGNMENT (  '', '', ( #1787 ) ) ;
#490 = STYLED_ITEM ( 'NONE', ( #1228 ), #710 ) ;
#491 = VERTEX_POINT ( 'NONE', #1792 ) ;
#492 = DIRECTION ( 'NONE',  ( 0.000000000000000000, 0.000000000000000000, -1.000000000000000000 ) ) ;
#493 = DIRECTION ( 'NONE',  ( -1.000000000000000000, 0.000000000000000000, 8.257152417909360273E-16 ) ) ;
#494 = CARTESIAN_POINT ( 'NONE',  ( -0.1964637201996779492, -0.04000000000000000083, 0.3000000000000001554 ) ) ;
#495 = ORIENTED_EDGE ( 'NONE', *, *, #1854, .T. ) ;
#496 = AXIS2_PLACEMENT_3D ( 'NONE', #1037, #283, #988 ) ;
#497 =( LENGTH_UNIT ( ) NAMED_UNIT ( * ) SI_UNIT ( .MILLI., .METRE. ) );
#498 = PLANE ( 'NONE',  #2691 ) ;
#499 = FILL_AREA_STYLE ('',( #323 ) ) ;
#500 = FACE_OUTER_BOUND ( 'NONE', #1001, .T. ) ;
#501 = STYLED_ITEM ( 'NONE', ( #1255 ), #1603 ) ;
#502 = ORIENTED_EDGE ( 'NONE', *, *, #1827, .F. ) ;
#503 = FILL_AREA_STYLE_COLOUR ( '', #2878 ) ;
#504 = VECTOR ( 'NONE', #2693, 1000.000000000000000 ) ;
#505 = PRESENTATION_LAYER_ASSIGNMENT (  '', '', ( #2882 ) ) ;
#506 = ORIENTED_EDGE ( 'NONE', *, *, #1108, .T. ) ;
#507 = CARTESIAN_POINT ( 'NONE',  ( -0.4064637201996785798, -0.03000000000000000583, -0.4403625443398770378 ) ) ;
#508 = MECHANICAL_DESIGN_GEOMETRIC_PRESENTATION_REPRESENTATION (  '', ( #820 ), #2538 ) ;
#509 = DIRECTION ( 'NONE',  ( -0.000000000000000000, 1.000000000000000000, -0.000000000000000000 ) ) ;
#510 = PLANE ( 'NONE',  #2822 ) ;
#511 = CARTESIAN_POINT ( 'NONE',  ( 0.1500000000000001610, -0.3250000000000000666, 0.4999999999999997780 ) ) ;
#512 = VECTOR ( 'NONE', #2325, 1000.000000000000000 ) ;
#513 = EDGE_CURVE ( 'NONE', #56, #2463, #2289, .T. ) ;
#514 = EDGE_LOOP ( 'NONE', ( #2544, #1288, #2103, #3009 ) ) ;
#515 = VECTOR ( 'NONE', #2313, 1000.000000000000000 ) ;
#516 = LINE ( 'NONE', #1244, #263 ) ;
#517 = DIRECTION ( 'NONE',  ( 1.000000000000000000, 0.000000000000000000, 0.000000000000000000 ) ) ;
#518 =( NAMED_UNIT ( * ) SI_UNIT ( $, .STERADIAN. ) SOLID_ANGLE_UNIT ( ) );
#519 = PRODUCT_RELATED_PRODUCT_CATEGORY ( 'part', '', ( #5 ) ) ;
#520 = EDGE_CURVE ( 'NONE', #2006, #1207, #1510, .T. ) ;
#521 = DIRECTION ( 'NONE',  ( 0.000000000000000000, 0.000000000000000000, -1.000000000000000000 ) ) ;
#522 =( LENGTH_UNIT ( ) NAMED_UNIT ( * ) SI_UNIT ( .MILLI., .METRE. ) );
#523 = ORIENTED_EDGE ( 'NONE', *, *, #2681, .F. ) ;
#524 = PLANE ( 'NONE',  #1271 ) ;
#525 = SURFACE_STYLE_FILL_AREA ( #2651 ) ;
#526 = UNCERTAINTY_MEASURE_WITH_UNIT (LENGTH_MEASURE( 1.000000000000000082E-05 ), #1929, 'distance_accuracy_value', 'NONE');
#527 = VERTEX_POINT ( 'NONE', #334 ) ;
#528 = FACE_OUTER_BOUND ( 'NONE', #628, .T. ) ;
#529 = LINE ( 'NONE', #42, #1446 ) ;
#530 = CARTESIAN_POINT ( 'NONE',  ( -0.5000000000000000000, -0.3149999999999999467, 0.2500000000000000000 ) ) ;
#531 = ORIENTED_EDGE ( 'NONE', *, *, #187, .T. ) ;
#532 = CARTESIAN_POINT ( 'NONE',  ( -0.4064637201996785798, -0.04000000000000000083, -0.4403625443398770378 ) ) ;
#533 = SURFACE_SIDE_STYLE ('',( #1245 ) ) ;
#534 = CARTESIAN_POINT ( 'NONE',  ( 0.5000000000000000000, -0.3150000000000000577, -0.2500000000000001110 ) ) ;
#535 = FILL_AREA_STYLE ('',( #1212 ) ) ;
#536 =( NAMED_UNIT ( * ) SI_UNIT ( $, .STERADIAN. ) SOLID_ANGLE_UNIT ( ) );
#537 = ORIENTED_EDGE ( 'NONE', *, *, #2238, .T. ) ;
#538 = CARTESIAN_POINT ( 'NONE',  ( 0.4064637201996783022, -0.04000000000000000083, -0.3000000000000001554 ) ) ;
#539 = DIRECTION ( 'NONE',  ( 0.000000000000000000, 0.000000000000000000, 1.000000000000000000 ) ) ;
#540 =( LENGTH_UNIT ( ) NAMED_UNIT ( * ) SI_UNIT ( .MILLI., .METRE. ) );
#541 = EDGE_LOOP ( 'NONE', ( #2497, #1019, #2568, #1483 ) ) ;
#542 = LINE ( 'NONE', #2923, #217 ) ;
#543 =( LENGTH_UNIT ( ) NAMED_UNIT ( * ) SI_UNIT ( .MILLI., .METRE. ) );
#544 = CARTESIAN_POINT ( 'NONE',  ( 0.1500000000000000777, -0.04000000000000000083, -0.5000000000000000000 ) ) ;
#545 = ORIENTED_EDGE ( 'NONE', *, *, #477, .T. ) ;
#546 = VECTOR ( 'NONE', #1298, 1000.000000000000000 ) ;
#547 =( NAMED_UNIT ( * ) SI_UNIT ( $, .STERADIAN. ) SOLID_ANGLE_UNIT ( ) );
#548 =( NAMED_UNIT ( * ) PLANE_ANGLE_UNIT ( ) SI_UNIT ( $, .RADIAN. ) );
#549 = DIRECTION ( 'NONE',  ( 1.000000000000000000, -0.000000000000000000, 0.000000000000000000 ) ) ;
#550 =( LENGTH_UNIT ( ) NAMED_UNIT ( * ) SI_UNIT ( .MILLI., .METRE. ) );
#551 = VECTOR ( 'NONE', #1137, 1000.000000000000000 ) ;
#552 = ORIENTED_EDGE ( 'NONE', *, *, #2710, .T. ) ;
#553 = EDGE_CURVE ( 'NONE', #870, #2751, #2460, .T. ) ;
#554 = DIRECTION ( 'NONE',  ( 1.000000000000000000, 0.000000000000000000, 0.000000000000000000 ) ) ;
#555 =( GEOMETRIC_REPRESENTATION_CONTEXT ( 3 ) GLOBAL_UNCERTAINTY_ASSIGNED_CONTEXT ( ( #1367 ) ) GLOBAL_UNIT_ASSIGNED_CONTEXT ( ( #2066, #1114, #1814 ) ) REPRESENTATION_CONTEXT ( 'NONE', 'WORKASPACE' ) );
#556 = FACE_OUTER_BOUND ( 'NONE', #1922, .T. ) ;
#557 = VECTOR ( 'NONE', #2140, 1000.000000000000000 ) ;
#558 = EDGE_LOOP ( 'NONE', ( #255, #1030, #1676, #2023, #905, #997, #798, #2150 ) ) ;
#559 = DIRECTION ( 'NONE',  ( 1.000000000000000000, 0.000000000000000000, 0.000000000000000000 ) ) ;
#560 = LINE ( 'NONE', #2273, #2518 ) ;
#561 = CARTESIAN_POINT ( 'NONE',  ( 0.1964637201996783378, -0.03000000000000000583, -0.4343476953305401844 ) ) ;
#562 = EDGE_LOOP ( 'NONE', ( #2226, #2808, #28, #627 ) ) ;
#563 = VECTOR ( 'NONE', #1183, 1000.000000000000000 ) ;
#564 = SURFACE_STYLE_USAGE ( .BOTH. , #1193 ) ;
#565 = VECTOR ( 'NONE', #2081, 1000.000000000000000 ) ;
#566 = PRESENTATION_STYLE_ASSIGNMENT (( #741 ) ) ;
#567 = DIRECTION ( 'NONE',  ( -1.238572862686405076E-15, 0.000000000000000000, -1.000000000000000000 ) ) ;
#568 = STYLED_ITEM ( 'NONE', ( #1915 ), #2798 ) ;
#569 = ORIENTED_EDGE ( 'NONE', *, *, #1855, .T. ) ;
#570 = LINE ( 'NONE', #2464, #2441 ) ;
#571 = EDGE_CURVE ( 'NONE', #2491, #2419, #135, .T. ) ;
#572 = VERTEX_POINT ( 'NONE', #2709 ) ;
#573 = CARTESIAN_POINT ( 'NONE',  ( 0.000000000000000000, -0.3150000000000000022, 0.4899999999999999911 ) ) ;
#574 = CARTESIAN_POINT ( 'NONE',  ( -0.1496662954709576387, -0.04000000000000000083, 0.4899999999999999911 ) ) ;
#575 = EDGE_CURVE ( 'NONE', #387, #1104, #608, .T. ) ;
#576 = ORIENTED_EDGE ( 'NONE', *, *, #2866, .T. ) ;
#577 = CARTESIAN_POINT ( 'NONE',  ( 0.5000000000000000000, -0.3250000000000000666, 0.2500000000000000000 ) ) ;
#578 = EDGE_CURVE ( 'NONE', #149, #195, #887, .T. ) ;
#579 = LINE ( 'NONE', #848, #2201 ) ;
#580 = FILL_AREA_STYLE ('',( #2674 ) ) ;
#581 = ORIENTED_EDGE ( 'NONE', *, *, #1042, .F. ) ;
#582 = DIRECTION ( 'NONE',  ( 0.000000000000000000, -0.000000000000000000, 1.000000000000000000 ) ) ;
#583 = ORIENTED_EDGE ( 'NONE', *, *, #371, .T. ) ;
#584 = DIRECTION ( 'NONE',  ( -0.000000000000000000, 1.000000000000000000, 4.517509052022935470E-16 ) ) ;
#585 = CARTESIAN_POINT ( 'NONE',  ( -0.4728196545823252217, -0.04000000000000000083, 0.3000000000000001554 ) ) ;
#586 = PLANE ( 'NONE',  #799 ) ;
#587 = LINE ( 'NONE', #1317, #1347 ) ;
#588 = ORIENTED_EDGE ( 'NONE', *, *, #2232, .T. ) ;
#589 = DIRECTION ( 'NONE',  ( -0.000000000000000000, 1.000000000000000000, -0.000000000000000000 ) ) ;
#590 = VECTOR ( 'NONE', #1681, 1000.000000000000000 ) ;
#591 = CARTESIAN_POINT ( 'NONE',  ( -0.1500000000000001610, -0.04000000000000000083, 0.4343476953305399624 ) ) ;
#592 =( GEOMETRIC_REPRESENTATION_CONTEXT ( 3 ) GLOBAL_UNCERTAINTY_ASSIGNED_CONTEXT ( ( #402 ) ) GLOBAL_UNIT_ASSIGNED_CONTEXT ( ( #2583, #140, #536 ) ) REPRESENTATION_CONTEXT ( 'NONE', 'WORKASPACE' ) );
#593 = CARTESIAN_POINT ( 'NONE',  ( -0.5000000000000000000, -0.3250000000000000666, -0.5000000000000001110 ) ) ;
#594 = EDGE_CURVE ( 'NONE', #1326, #76, #1605, .T. ) ;
#595 = LINE ( 'NONE', #1496, #2385 ) ;
#596 =( GEOMETRIC_REPRESENTATION_CONTEXT ( 3 ) GLOBAL_UNCERTAINTY_ASSIGNED_CONTEXT ( ( #1869 ) ) GLOBAL_UNIT_ASSIGNED_CONTEXT ( ( #2439, #2456, #2396 ) ) REPRESENTATION_CONTEXT ( 'NONE', 'WORKASPACE' ) );
#597 = MECHANICAL_DESIGN_GEOMETRIC_PRESENTATION_REPRESENTATION (  '', ( #211 ), #2933 ) ;
#598 = ORIENTED_EDGE ( 'NONE', *, *, #805, .F. ) ;
#599 = COLOUR_RGB ( '',0.2509803921568627416, 0.2509803921568627416, 0.2509803921568627416 ) ;
#600 = ORIENTED_EDGE ( 'NONE', *, *, #2420, .F. ) ;
#601 = DIRECTION ( 'NONE',  ( -0.000000000000000000, -1.000000000000000000, -0.000000000000000000 ) ) ;
#602 = LINE ( 'NONE', #1089, #1574 ) ;
#603 = SURFACE_STYLE_FILL_AREA ( #1788 ) ;
#604 = VECTOR ( 'NONE', #2752, 1000.000000000000000 ) ;
#605 = FILL_AREA_STYLE_COLOUR ( '', #1101 ) ;
#606 = ORIENTED_EDGE ( 'NONE', *, *, #2404, .T. ) ;
#607 = EDGE_CURVE ( 'NONE', #2484, #2131, #936, .T. ) ;
#608 = LINE ( 'NONE', #922, #1102 ) ;
#609 = CARTESIAN_POINT ( 'NONE',  ( -0.5000000000000000000, -0.04000000000000000083, -0.4900000000000001021 ) ) ;
#610 = EDGE_CURVE ( 'NONE', #1751, #169, #2800, .T. ) ;
#611 = VECTOR ( 'NONE', #601, 1000.000000000000000 ) ;
#612 = PRESENTATION_STYLE_ASSIGNMENT (( #2472 ) ) ;
#613 = LINE ( 'NONE', #1768, #1065 ) ;
#614 = PRESENTATION_LAYER_ASSIGNMENT (  '', '', ( #141 ) ) ;
#615 = EDGE_CURVE ( 'NONE', #2564, #1734, #1639, .T. ) ;
#616 = LINE ( 'NONE', #1554, #2947 ) ;
#617 = ORIENTED_EDGE ( 'NONE', *, *, #187, .F. ) ;
#618 = VERTEX_POINT ( 'NONE', #7 ) ;
#619 = SURFACE_STYLE_USAGE ( .BOTH. , #2386 ) ;
#620 = SURFACE_STYLE_FILL_AREA ( #1805 ) ;
#621 = SURFACE_SIDE_STYLE ('',( #2260 ) ) ;
#622 = ORIENTED_EDGE ( 'NONE', *, *, #52, .F. ) ;
#623 = DIRECTION ( 'NONE',  ( -0.000000000000000000, 1.000000000000000000, -0.000000000000000000 ) ) ;
#624 = CARTESIAN_POINT ( 'NONE',  ( 0.4064637201996783578, -0.04000000000000000083, -0.4403625443398770378 ) ) ;
#625 =( NAMED_UNIT ( * ) SI_UNIT ( $, .STERADIAN. ) SOLID_ANGLE_UNIT ( ) );
#626 = DIRECTION ( 'NONE',  ( 1.000000000000000000, 0.000000000000000000, -1.229767018093190769E-16 ) ) ;
#627 = ORIENTED_EDGE ( 'NONE', *, *, #2033, .F. ) ;
#628 = EDGE_LOOP ( 'NONE', ( #2761, #1188, #762, #232 ) ) ;
#629 = CARTESIAN_POINT ( 'NONE',  ( -0.5000000000000000000, -0.03000000000000000583, 0.5000000000000000000 ) ) ;
#630 = CARTESIAN_POINT ( 'NONE',  ( -0.1500000000000001055, -0.3250000000000000666, 0.4999999999999997780 ) ) ;
#631 =( NAMED_UNIT ( * ) PLANE_ANGLE_UNIT ( ) SI_UNIT ( $, .RADIAN. ) );
#632 = ORIENTED_EDGE ( 'NONE', *, *, #894, .F. ) ;
#633 = SURFACE_STYLE_USAGE ( .BOTH. , #446 ) ;
#634 = PLANE ( 'NONE',  #32 ) ;
#635 = SURFACE_SIDE_STYLE ('',( #2703 ) ) ;
#636 = DIRECTION ( 'NONE',  ( -0.000000000000000000, 2.168404344971008868E-16, -1.000000000000000000 ) ) ;
#637 =( GEOMETRIC_REPRESENTATION_CONTEXT ( 3 ) GLOBAL_UNCERTAINTY_ASSIGNED_CONTEXT ( ( #526 ) ) GLOBAL_UNIT_ASSIGNED_CONTEXT ( ( #1929, #51, #1467 ) ) REPRESENTATION_CONTEXT ( 'NONE', 'WORKASPACE' ) );
#638 = MECHANICAL_DESIGN_GEOMETRIC_PRESENTATION_REPRESENTATION (  '', ( #160 ), #401 ) ;
#639 = PLANE ( 'NONE',  #912 ) ;
#640 = STYLED_ITEM ( 'NONE', ( #1453 ), #899 ) ;
#641 = ADVANCED_FACE ( 'NONE', ( #3024 ), #2076, .T. ) ;
#642 = EDGE_LOOP ( 'NONE', ( #2094, #1284, #1839, #842 ) ) ;
#644 = VECTOR ( 'NONE', #2957, 1000.000000000000000 ) ;
#643 = UNCERTAINTY_MEASURE_WITH_UNIT (LENGTH_MEASURE( 1.000000000000000082E-05 ), #1433, 'distance_accuracy_value', 'NONE');
#645 = SURFACE_STYLE_USAGE ( .BOTH. , #396 ) ;
#646 = SURFACE_STYLE_FILL_AREA ( #960 ) ;
#647 = SURFACE_STYLE_USAGE ( .BOTH. , #1064 ) ;
#648 = STYLED_ITEM ( 'NONE', ( #566 ), #138 ) ;
#649 = SURFACE_STYLE_USAGE ( .BOTH. , #2315 ) ;
#650 = UNCERTAINTY_MEASURE_WITH_UNIT (LENGTH_MEASURE( 1.000000000000000082E-05 ), #543, 'distance_accuracy_value', 'NONE');
#651 = VERTEX_POINT ( 'NONE', #213 ) ;
#652 = EDGE_CURVE ( 'NONE', #2790, #880, #1616, .T. ) ;
#653 = LINE ( 'NONE', #1378, #816 ) ;
#654 = DIRECTION ( 'NONE',  ( 0.000000000000000000, 1.000000000000000000, -0.000000000000000000 ) ) ;
#655 = COLOUR_RGB ( '',0.8980392156862745390, 0.8980392156862745390, 0.8980392156862745390 ) ;
#656 = FILL_AREA_STYLE ('',( #1156 ) ) ;
#657 = ORIENTED_EDGE ( 'NONE', *, *, #2123, .T. ) ;
#658 = VECTOR ( 'NONE', #1988, 1000.000000000000000 ) ;
#659 =( NAMED_UNIT ( * ) SI_UNIT ( $, .STERADIAN. ) SOLID_ANGLE_UNIT ( ) );
#660 = DIRECTION ( 'NONE',  ( 1.000000000000000000, 0.000000000000000000, 0.000000000000000000 ) ) ;
#661 = FILL_AREA_STYLE ('',( #2560 ) ) ;
#662 = VECTOR ( 'NONE', #1010, 1000.000000000000000 ) ;
#663 = CARTESIAN_POINT ( 'NONE',  ( 0.5000000000000000000, -0.04000000000000000083, -0.4900000000000001021 ) ) ;
#664 = ORIENTED_EDGE ( 'NONE', *, *, #804, .T. ) ;
#665 = CARTESIAN_POINT ( 'NONE',  ( -0.5000000000000000000, -0.03000000000000000583, 0.5000000000000000000 ) ) ;
#666 = FACE_OUTER_BOUND ( 'NONE', #1239, .T. ) ;
#667 = DIRECTION ( 'NONE',  ( 0.000000000000000000, 0.000000000000000000, -1.000000000000000000 ) ) ;
#668 = COLOUR_RGB ( '',0.7921568627450980005, 0.8196078431372548767, 0.9333333333333333481 ) ;
#669 = EDGE_CURVE ( 'NONE', #2379, #375, #2771, .T. ) ;
#670 = CARTESIAN_POINT ( 'NONE',  ( -0.5000000000000000000, -0.04000000000000000083, 0.4899999999999999911 ) ) ;
#671 = VERTEX_POINT ( 'NONE', #2572 ) ;
#672 = LINE ( 'NONE', #969, #2444 ) ;
#673 = CARTESIAN_POINT ( 'NONE',  ( 0.4604133079606314571, -0.04000000000000000083, -0.3000000000000001554 ) ) ;
#674 = ADVANCED_FACE ( 'NONE', ( #1907 ), #634, .T. ) ;
#675 = ORIENTED_EDGE ( 'NONE', *, *, #1123, .F. ) ;
#676 =( NAMED_UNIT ( * ) PLANE_ANGLE_UNIT ( ) SI_UNIT ( $, .RADIAN. ) );
#677 = LINE ( 'NONE', #2527, #557 ) ;
#678 = FACE_OUTER_BOUND ( 'NONE', #2831, .T. ) ;
#679 = DIRECTION ( 'NONE',  ( 0.000000000000000000, 0.000000000000000000, 1.000000000000000000 ) ) ;
#680 = LINE ( 'NONE', #381, #565 ) ;
#681 = VERTEX_POINT ( 'NONE', #1938 ) ;
#682 = DIRECTION ( 'NONE',  ( 1.000000000000000000, 0.000000000000000000, 0.000000000000000000 ) ) ;
#683 = UNCERTAINTY_MEASURE_WITH_UNIT (LENGTH_MEASURE( 1.000000000000000082E-05 ), #3012, 'distance_accuracy_value', 'NONE');
#684 = VERTEX_POINT ( 'NONE', #1241 ) ;
#685 = SURFACE_STYLE_FILL_AREA ( #1553 ) ;
#686 = ORIENTED_EDGE ( 'NONE', *, *, #462, .T. ) ;
#687 = FILL_AREA_STYLE_COLOUR ( '', #266 ) ;
#688 = DIRECTION ( 'NONE',  ( 0.000000000000000000, 0.000000000000000000, 1.000000000000000000 ) ) ;
#689 = DIRECTION ( 'NONE',  ( 0.000000000000000000, -1.000000000000000000, 0.000000000000000000 ) ) ;
#690 =( NAMED_UNIT ( * ) PLANE_ANGLE_UNIT ( ) SI_UNIT ( $, .RADIAN. ) );
#691 = ADVANCED_FACE ( 'NONE', ( #1957 ), #510, .F. ) ;
#692 = DIRECTION ( 'NONE',  ( -0.000000000000000000, 0.000000000000000000, -1.000000000000000000 ) ) ;
#693 = SURFACE_STYLE_FILL_AREA ( #2825 ) ;
#694 = VECTOR ( 'NONE', #1040, 1000.000000000000000 ) ;
#695 = ORIENTED_EDGE ( 'NONE', *, *, #105, .F. ) ;
#696 = FACE_OUTER_BOUND ( 'NONE', #486, .T. ) ;
#697 = CARTESIAN_POINT ( 'NONE',  ( 0.5000000000000000000, -0.3150000000000000022, -0.4900000000000001021 ) ) ;
#698 = PRESENTATION_LAYER_ASSIGNMENT (  '', '', ( #1252 ) ) ;
#699 = CARTESIAN_POINT ( 'NONE',  ( 0.1964637201996783378, -0.04000000000000000083, -0.4343476953305401844 ) ) ;
#700 = VECTOR ( 'NONE', #2229, 1000.000000000000000 ) ;
#701 = ORIENTED_EDGE ( 'NONE', *, *, #2700, .T. ) ;
#702 = PLANE ( 'NONE',  #1537 ) ;
#703 = VECTOR ( 'NONE', #952, 1000.000000000000000 ) ;
#704 =( LENGTH_UNIT ( ) NAMED_UNIT ( * ) SI_UNIT ( .MILLI., .METRE. ) );
#705 = CARTESIAN_POINT ( 'NONE',  ( -0.4064637201996785798, -0.04000000000000000083, -0.3000000000000001554 ) ) ;
#706 = EDGE_LOOP ( 'NONE', ( #2716, #285, #164, #859 ) ) ;
#707 = CARTESIAN_POINT ( 'NONE',  ( -0.5000000000000000000, -0.04000000000000000083, 0.4899999999999999911 ) ) ;
#708 = PLANE ( 'NONE',  #173 ) ;
#709 = LINE ( 'NONE', #2322, #2109 ) ;
#710 = ADVANCED_FACE ( 'NONE', ( #2187 ), #43, .F. ) ;
#711 = VECTOR ( 'NONE', #973, 1000.000000000000000 ) ;
#712 = VECTOR ( 'NONE', #955, 1000.000000000000000 ) ;
#713 = ADVANCED_FACE ( 'NONE', ( #734 ), #2868, .F. ) ;
#714 = VECTOR ( 'NONE', #2881, 1000.000000000000000 ) ;
#715 = ORIENTED_EDGE ( 'NONE', *, *, #3032, .T. ) ;
#716 = CARTESIAN_POINT ( 'NONE',  ( -0.1964637201996785598, -0.04000000000000000083, 0.4343476953305399624 ) ) ;
#717 = AXIS2_PLACEMENT_3D ( 'NONE', #2694, #2038, #2949 ) ;
#718 = VERTEX_POINT ( 'NONE', #1205 ) ;
#719 = MECHANICAL_DESIGN_GEOMETRIC_PRESENTATION_REPRESENTATION (  '', ( #1408 ), #2163 ) ;
#720 = CARTESIAN_POINT ( 'NONE',  ( -0.5000000000000003331, -0.3149999999999999467, -0.4900000000000001021 ) ) ;
#721 = DIRECTION ( 'NONE',  ( 0.000000000000000000, 1.000000000000000000, 0.000000000000000000 ) ) ;
#722 = EDGE_LOOP ( 'NONE', ( #576, #1940, #1373, #1185 ) ) ;
#723 = CARTESIAN_POINT ( 'NONE',  ( 0.000000000000000000, -0.3150000000000000022, -0.4900000000000001021 ) ) ;
#724 = CARTESIAN_POINT ( 'NONE',  ( 0.4064637201996782467, -0.03000000000000000583, 0.4412696319455212124 ) ) ;
#725 = FACE_OUTER_BOUND ( 'NONE', #2684, .T. ) ;
#726 = LINE ( 'NONE', #1720, #1845 ) ;
#727 = FACE_OUTER_BOUND ( 'NONE', #2509, .T. ) ;
#728 = FILL_AREA_STYLE_COLOUR ( '', #1223 ) ;
#729 = ORIENTED_EDGE ( 'NONE', *, *, #1278, .F. ) ;
#730 = CARTESIAN_POINT ( 'NONE',  ( 0.000000000000000000, -0.04000000000000000083, 0.4899999999999999911 ) ) ;
#731 = CARTESIAN_POINT ( 'NONE',  ( -0.1500000000000001055, -0.04000000000000010492, 0.4899999999999999911 ) ) ;
#732 = ORIENTED_EDGE ( 'NONE', *, *, #2990, .F. ) ;
#733 = FILL_AREA_STYLE ('',( #2849 ) ) ;
#734 = FACE_OUTER_BOUND ( 'NONE', #1397, .T. ) ;
#735 = DIRECTION ( 'NONE',  ( 8.618858347276449337E-16, -0.000000000000000000, -1.000000000000000000 ) ) ;
#736 = EDGE_LOOP ( 'NONE', ( #363, #1685, #772, #1991 ) ) ;
#737 = SURFACE_STYLE_FILL_AREA ( #1696 ) ;
#738 = SURFACE_STYLE_USAGE ( .BOTH. , #2642 ) ;
#739 = DIRECTION ( 'NONE',  ( -8.618858347276449337E-16, 0.000000000000000000, 1.000000000000000000 ) ) ;
#740 =( LENGTH_UNIT ( ) NAMED_UNIT ( * ) SI_UNIT ( .MILLI., .METRE. ) );
#741 = SURFACE_STYLE_USAGE ( .BOTH. , #1930 ) ;
#742 = CARTESIAN_POINT ( 'NONE',  ( -0.1500000000000001610, -0.03000000000000000583, 0.4343476953305399624 ) ) ;
#743 = PLANE ( 'NONE',  #2499 ) ;
#744 = SURFACE_SIDE_STYLE ('',( #1704 ) ) ;
#745 = ORIENTED_EDGE ( 'NONE', *, *, #1359, .T. ) ;
#746 = LINE ( 'NONE', #1686, #2627 ) ;
#747 = CARTESIAN_POINT ( 'NONE',  ( 0.000000000000000000, -0.04000000000000000083, -0.5000000000000000000 ) ) ;
#748 = EDGE_CURVE ( 'NONE', #2086, #2904, #2619, .T. ) ;
#749 = SURFACE_STYLE_USAGE ( .BOTH. , #2916 ) ;
#750 = MECHANICAL_DESIGN_GEOMETRIC_PRESENTATION_REPRESENTATION (  '', ( #1740 ), #1529 ) ;
#751 = ORIENTED_EDGE ( 'NONE', *, *, #1715, .T. ) ;
#752 = FACE_OUTER_BOUND ( 'NONE', #1046, .T. ) ;
#753 = VECTOR ( 'NONE', #971, 1000.000000000000000 ) ;
#754 = CARTESIAN_POINT ( 'NONE',  ( 0.1500000000000000777, -0.04000000000000000083, -0.5000000000000000000 ) ) ;
#755 = EDGE_CURVE ( 'NONE', #1785, #1770, #2481, .T. ) ;
#756 = EDGE_CURVE ( 'NONE', #2092, #2124, #560, .T. ) ;
#757 = ORIENTED_EDGE ( 'NONE', *, *, #1036, .F. ) ;
#758 = CARTESIAN_POINT ( 'NONE',  ( -0.5000000000000000000, -0.3250000000000000666, -0.5000000000000001110 ) ) ;
#759 = VECTOR ( 'NONE', #1190, 1000.000000000000000 ) ;
#760 =( LENGTH_UNIT ( ) NAMED_UNIT ( * ) SI_UNIT ( .MILLI., .METRE. ) );
#761 = FILL_AREA_STYLE_COLOUR ( '', #1578 ) ;
#762 = ORIENTED_EDGE ( 'NONE', *, *, #669, .F. ) ;
#763 = VECTOR ( 'NONE', #239, 1000.000000000000000 ) ;
#764 = CARTESIAN_POINT ( 'NONE',  ( -0.5000000000000000000, -0.3150000000000000022, -0.4900000000000001021 ) ) ;
#765 = CARTESIAN_POINT ( 'NONE',  ( -0.1500000000000002442, -0.04000000000000000083, -0.5000000000000000000 ) ) ;
#766 = AXIS2_PLACEMENT_3D ( 'NONE', #2547, #1911, #1139 ) ;
#767 = ORIENTED_EDGE ( 'NONE', *, *, #1564, .T. ) ;
#768 =( NAMED_UNIT ( * ) PLANE_ANGLE_UNIT ( ) SI_UNIT ( $, .RADIAN. ) );
#769 =( NAMED_UNIT ( * ) SI_UNIT ( $, .STERADIAN. ) SOLID_ANGLE_UNIT ( ) );
#770 = LINE ( 'NONE', #544, #1627 ) ;
#771 = VECTOR ( 'NONE', #911, 1000.000000000000000 ) ;
#772 = ORIENTED_EDGE ( 'NONE', *, *, #1216, .F. ) ;
#773 = VECTOR ( 'NONE', #2221, 1000.000000000000000 ) ;
#774 = FACE_OUTER_BOUND ( 'NONE', #1392, .T. ) ;
#775 = CARTESIAN_POINT ( 'NONE',  ( 0.1964637201996777549, -0.03000000000000000583, 0.3000000000000001554 ) ) ;
#776 = CARTESIAN_POINT ( 'NONE',  ( -0.5000000000000000000, -0.3150000000000000022, -0.4900000000000001021 ) ) ;
#777 = ADVANCED_FACE ( 'NONE', ( #1761 ), #331, .F. ) ;
#778 = ADVANCED_FACE ( 'NONE', ( #840 ), #1775, .T. ) ;
#779 = CARTESIAN_POINT ( 'NONE',  ( 0.5000000000000000000, -0.03000000000000000583, -0.4403625443398770378 ) ) ;
#780 = ORIENTED_EDGE ( 'NONE', *, *, #2232, .F. ) ;
#781 = ORIENTED_EDGE ( 'NONE', *, *, #571, .F. ) ;
#782 = CARTESIAN_POINT ( 'NONE',  ( -0.5000000000000000000, -0.04000000000000000083, 0.3000000000000001554 ) ) ;
#783 =( LENGTH_UNIT ( ) NAMED_UNIT ( * ) SI_UNIT ( .MILLI., .METRE. ) );
#784 = CARTESIAN_POINT ( 'NONE',  ( 0.000000000000000000, -0.04000000000000000083, 0.5000000000000000000 ) ) ;
#785 = VERTEX_POINT ( 'NONE', #817 ) ;
#786 = FILL_AREA_STYLE ('',( #1927 ) ) ;
#787 = DIRECTION ( 'NONE',  ( -1.229767018093190769E-16, -0.000000000000000000, -1.000000000000000000 ) ) ;
#788 = LINE ( 'NONE', #1731, #1945 ) ;
#789 = EDGE_CURVE ( 'NONE', #1972, #2934, #1066, .T. ) ;
#790 = CARTESIAN_POINT ( 'NONE',  ( 0.1500000000000002442, -0.04000000000000000083, 0.4343476953305399069 ) ) ;
#791 = VERTEX_POINT ( 'NONE', #1316 ) ;
#792 = EDGE_CURVE ( 'NONE', #1659, #870, #3018, .T. ) ;
#793 = DIRECTION ( 'NONE',  ( -0.000000000000000000, 0.000000000000000000, 1.000000000000000000 ) ) ;
#794 = ORIENTED_EDGE ( 'NONE', *, *, #1216, .T. ) ;
#795 = DIRECTION ( 'NONE',  ( -0.000000000000000000, 1.000000000000000000, -0.000000000000000000 ) ) ;
#796 =( LENGTH_UNIT ( ) NAMED_UNIT ( * ) SI_UNIT ( .MILLI., .METRE. ) );
#797 = MECHANICAL_DESIGN_GEOMETRIC_PRESENTATION_REPRESENTATION (  '', ( #490 ), #1049 ) ;
#798 = ORIENTED_EDGE ( 'NONE', *, *, #1919, .T. ) ;
#799 = AXIS2_PLACEMENT_3D ( 'NONE', #2539, #2766, #901 ) ;
#800 = CARTESIAN_POINT ( 'NONE',  ( -0.1500000000000002442, -0.04000000000000000083, -0.5000000000000000000 ) ) ;
#801 = DIRECTION ( 'NONE',  ( -0.000000000000000000, -0.000000000000000000, 1.000000000000000000 ) ) ;
#802 = VECTOR ( 'NONE', #91, 1000.000000000000000 ) ;
#803 = PRESENTATION_STYLE_ASSIGNMENT (( #1281 ) ) ;
#804 = EDGE_CURVE ( 'NONE', #938, #491, #342, .T. ) ;
#805 = EDGE_CURVE ( 'NONE', #1785, #2070, #2240, .T. ) ;
#806 = MECHANICAL_DESIGN_GEOMETRIC_PRESENTATION_REPRESENTATION (  '', ( #1901 ), #1621 ) ;
#807 = SURFACE_SIDE_STYLE ('',( #2447 ) ) ;
#808 = ORIENTED_EDGE ( 'NONE', *, *, #2806, .F. ) ;
#809 = LINE ( 'NONE', #1753, #1161 ) ;
#810 = PRESENTATION_LAYER_ASSIGNMENT (  '', '', ( #1106 ) ) ;
#811 = DIRECTION ( 'NONE',  ( -0.000000000000000000, 0.000000000000000000, 1.000000000000000000 ) ) ;
#812 = EDGE_CURVE ( 'NONE', #356, #2607, #1079, .T. ) ;
#813 = ORIENTED_EDGE ( 'NONE', *, *, #812, .F. ) ;
#814 = DIRECTION ( 'NONE',  ( -0.000000000000000000, 1.000000000000000000, -0.000000000000000000 ) ) ;
#815 = ADVANCED_FACE ( 'NONE', ( #360 ), #586, .T. ) ;
#816 = VECTOR ( 'NONE', #1150, 1000.000000000000000 ) ;
#817 = CARTESIAN_POINT ( 'NONE',  ( 0.4064637201996780802, -0.03000000000000000583, 0.3000000000000001554 ) ) ;
#818 = CARTESIAN_POINT ( 'NONE',  ( 0.5000000000000000000, -0.04000000000000000083, -0.4403625443398770378 ) ) ;
#819 = ORIENTED_EDGE ( 'NONE', *, *, #2141, .F. ) ;
#820 = STYLED_ITEM ( 'NONE', ( #1379 ), #2506 ) ;
#821 = FACE_OUTER_BOUND ( 'NONE', #1250, .T. ) ;
#822 = PRESENTATION_LAYER_ASSIGNMENT (  '', '', ( #1648 ) ) ;
#823 = LINE ( 'NONE', #2917, #1055 ) ;
#824 = ORIENTED_EDGE ( 'NONE', *, *, #1442, .T. ) ;
#825 = LINE ( 'NONE', #1771, #1547 ) ;
#826 = ORIENTED_EDGE ( 'NONE', *, *, #1854, .F. ) ;
#827 = PLANE ( 'NONE',  #2590 ) ;
#828 = PRODUCT_DEFINITION_SHAPE ( 'NONE', 'NONE',  #2083 ) ;
#829 = DIRECTION ( 'NONE',  ( -0.000000000000000000, 1.000000000000000000, -0.000000000000000000 ) ) ;
#830 = LINE ( 'NONE', #2707, #163 ) ;
#831 = ORIENTED_EDGE ( 'NONE', *, *, #2486, .F. ) ;
#832 = DIRECTION ( 'NONE',  ( -0.000000000000000000, -1.000000000000000000, -0.000000000000000000 ) ) ;
#833 = PLANE ( 'NONE',  #2101 ) ;
#834 = LINE ( 'NONE', #1781, #1502 ) ;
#835 = DIRECTION ( 'NONE',  ( -0.000000000000000000, -0.000000000000000000, 1.000000000000000000 ) ) ;
#836 = ORIENTED_EDGE ( 'NONE', *, *, #2019, .F. ) ;
#837 = CARTESIAN_POINT ( 'NONE',  ( -0.4064637201996785243, -0.03000000000000000583, -0.3000000000000001554 ) ) ;
#838 = ADVANCED_FACE ( 'NONE', ( #208 ), #918, .F. ) ;
#839 = DIRECTION ( 'NONE',  ( 0.000000000000000000, -1.000000000000000000, 0.000000000000000000 ) ) ;
#840 = FACE_OUTER_BOUND ( 'NONE', #514, .T. ) ;
#841 =( NAMED_UNIT ( * ) PLANE_ANGLE_UNIT ( ) SI_UNIT ( $, .RADIAN. ) );
#842 = ORIENTED_EDGE ( 'NONE', *, *, #2662, .T. ) ;
#843 = SURFACE_STYLE_USAGE ( .BOTH. , #1982 ) ;
#844 = LINE ( 'NONE', #2008, #1935 ) ;
#845 = LINE ( 'NONE', #1793, #694 ) ;
#846 = ADVANCED_FACE ( 'NONE', ( #1882 ), #1153, .F. ) ;
#847 = VECTOR ( 'NONE', #321, 1000.000000000000000 ) ;
#848 = CARTESIAN_POINT ( 'NONE',  ( -0.1500000000000000777, -0.3250000000000000666, 0.2500000000000000000 ) ) ;
#849 = AXIS2_PLACEMENT_3D ( 'NONE', #191, #1613, #1834 ) ;
#850 = CARTESIAN_POINT ( 'NONE',  ( 0.1964637201996783378, -0.04000000000000000083, 0.4343476953305399624 ) ) ;
#851 = MECHANICAL_DESIGN_GEOMETRIC_PRESENTATION_REPRESENTATION (  '', ( #2818 ), #1580 ) ;
#852 = PRESENTATION_STYLE_ASSIGNMENT (( #2920 ) ) ;
#853 = FACE_OUTER_BOUND ( 'NONE', #1756, .T. ) ;
#854 = ORIENTED_EDGE ( 'NONE', *, *, #291, .F. ) ;
#855 = PRESENTATION_LAYER_ASSIGNMENT (  '', '', ( #1162 ) ) ;
#856 = SURFACE_SIDE_STYLE ('',( #398 ) ) ;
#857 = CARTESIAN_POINT ( 'NONE',  ( -0.1496662954709576665, -1.030000000000000027, -0.4900000000000001021 ) ) ;
#858 = VECTOR ( 'NONE', #1009, 1000.000000000000000 ) ;
#859 = ORIENTED_EDGE ( 'NONE', *, *, #2580, .T. ) ;
#860 = MANIFOLD_SOLID_BREP ( 'Cut-Extrude1', #1481 ) ;
#861 = AXIS2_PLACEMENT_3D ( 'NONE', #2618, #492, #269 ) ;
#862 = DIRECTION ( 'NONE',  ( -1.229767018093190769E-16, 0.000000000000000000, 1.000000000000000000 ) ) ;
#863 = DIRECTION ( 'NONE',  ( -0.000000000000000000, 1.000000000000000000, -0.000000000000000000 ) ) ;
#864 = AXIS2_PLACEMENT_3D ( 'NONE', #1826, #2989, #2249 ) ;
#865 = VECTOR ( 'NONE', #1083, 1000.000000000000000 ) ;
#866 =( GEOMETRIC_REPRESENTATION_CONTEXT ( 3 ) GLOBAL_UNCERTAINTY_ASSIGNED_CONTEXT ( ( #18 ) ) GLOBAL_UNIT_ASSIGNED_CONTEXT ( ( #1689, #2432, #2450 ) ) REPRESENTATION_CONTEXT ( 'NONE', 'WORKASPACE' ) );
#867 = FACE_OUTER_BOUND ( 'NONE', #1313, .T. ) ;
#868 = VECTOR ( 'NONE', #1944, 1000.000000000000000 ) ;
#869 = CARTESIAN_POINT ( 'NONE',  ( 0.4604133079606314571, -0.04000000000000000083, 0.3000000000000001554 ) ) ;
#870 = VERTEX_POINT ( 'NONE', #2601 ) ;
#871 = DIRECTION ( 'NONE',  ( -0.000000000000000000, 1.000000000000000000, 0.000000000000000000 ) ) ;
#872 = FILL_AREA_STYLE ('',( #2087 ) ) ;
#873 = DIRECTION ( 'NONE',  ( 0.000000000000000000, -1.000000000000000000, 0.000000000000000000 ) ) ;
#874 = UNCERTAINTY_MEASURE_WITH_UNIT (LENGTH_MEASURE( 1.000000000000000082E-05 ), #1119, 'distance_accuracy_value', 'NONE');
#875 = ORIENTED_EDGE ( 'NONE', *, *, #2644, .T. ) ;
#876 = CARTESIAN_POINT ( 'NONE',  ( -0.1496662954709576387, -0.3149999999999997247, -0.4900000000000001021 ) ) ;
#877 = EDGE_CURVE ( 'NONE', #63, #2870, #1599, .T. ) ;
#878 = CARTESIAN_POINT ( 'NONE',  ( 0.1964637201996783378, -0.04000000000000000083, -0.4343476953305401844 ) ) ;
#879 = MANIFOLD_SOLID_BREP ( 'Cut-Extrude8[1]', #115 ) ;
#880 = VERTEX_POINT ( 'NONE', #456 ) ;
#881 = LINE ( 'NONE', #1368, #515 ) ;
#882 = PRESENTATION_STYLE_ASSIGNMENT (( #2299 ) ) ;
#883 = DIRECTION ( 'NONE',  ( -1.229767018093190769E-16, -0.000000000000000000, -1.000000000000000000 ) ) ;
#884 = VECTOR ( 'NONE', #2485, 1000.000000000000000 ) ;
#885 = ORIENTED_EDGE ( 'NONE', *, *, #2700, .F. ) ;
#886 = MANIFOLD_SOLID_BREP ( 'Boss-Extrude3', #2328 ) ;
#887 = LINE ( 'NONE', #1872, #703 ) ;
#888 = VECTOR ( 'NONE', #2342, 1000.000000000000000 ) ;
#889 = ORIENTED_EDGE ( 'NONE', *, *, #607, .T. ) ;
#890 = DIRECTION ( 'NONE',  ( -0.000000000000000000, -1.000000000000000000, -0.000000000000000000 ) ) ;
#891 = FILL_AREA_STYLE_COLOUR ( '', #2717 ) ;
#892 = STYLED_ITEM ( 'NONE', ( #993 ), #251 ) ;
#893 = VECTOR ( 'NONE', #2474, 1000.000000000000000 ) ;
#894 = EDGE_CURVE ( 'NONE', #2704, #1301, #979, .T. ) ;
#895 = CARTESIAN_POINT ( 'NONE',  ( -0.5000000000000000000, -0.3250000000000000666, 0.2500000000000000000 ) ) ;
#896 = PLANE ( 'NONE',  #1051 ) ;
#897 = CARTESIAN_POINT ( 'NONE',  ( 0.5000000000000000000, -0.3150000000000000022, 0.4899999999999999911 ) ) ;
#898 = PLANE ( 'NONE',  #1451 ) ;
#899 = ADVANCED_FACE ( 'NONE', ( #1898 ), #1970, .F. ) ;
#900 = DIRECTION ( 'NONE',  ( 0.000000000000000000, 0.000000000000000000, 1.000000000000000000 ) ) ;
#901 = DIRECTION ( 'NONE',  ( 0.000000000000000000, -0.000000000000000000, -1.000000000000000000 ) ) ;
#902 = UNCERTAINTY_MEASURE_WITH_UNIT (LENGTH_MEASURE( 1.000000000000000082E-05 ), #783, 'distance_accuracy_value', 'NONE');
#903 = ORIENTED_EDGE ( 'NONE', *, *, #553, .T. ) ;
#904 = SURFACE_STYLE_USAGE ( .BOTH. , #1399 ) ;
#905 = ORIENTED_EDGE ( 'NONE', *, *, #1391, .T. ) ;
#906 = VECTOR ( 'NONE', #21, 1000.000000000000000 ) ;
#907 = CARTESIAN_POINT ( 'NONE',  ( -0.5000000000000000000, -0.3150000000000000577, -0.2500000000000001110 ) ) ;
#908 = CARTESIAN_POINT ( 'NONE',  ( -0.4728196545823252217, -0.04000000000000000083, 0.3000000000000001554 ) ) ;
#909 = COLOUR_RGB ( '',0.7921568627450980005, 0.8196078431372548767, 0.9333333333333333481 ) ;
#910 = STYLED_ITEM ( 'NONE', ( #416 ), #2549 ) ;
#911 = DIRECTION ( 'NONE',  ( 1.000000000000000000, 0.000000000000000000, 0.000000000000000000 ) ) ;
#912 = AXIS2_PLACEMENT_3D ( 'NONE', #2195, #521, #2582 ) ;
#913 = ORIENTED_EDGE ( 'NONE', *, *, #2361, .F. ) ;
#914 = ORIENTED_EDGE ( 'NONE', *, *, #1093, .T. ) ;
#915 = CARTESIAN_POINT ( 'NONE',  ( 0.1500000000000000777, -0.04000000000000000083, -0.4900000000000001021 ) ) ;
#916 = VECTOR ( 'NONE', #1663, 1000.000000000000000 ) ;
#917 = SURFACE_SIDE_STYLE ('',( #2375 ) ) ;
#918 = PLANE ( 'NONE',  #849 ) ;
#919 = ORIENTED_EDGE ( 'NONE', *, *, #295, .F. ) ;
#920 = LINE ( 'NONE', #226, #1909 ) ;
#921 = DIRECTION ( 'NONE',  ( 1.000000000000000000, 0.000000000000000000, 0.000000000000000000 ) ) ;
#922 = CARTESIAN_POINT ( 'NONE',  ( -0.4064637201996784688, -0.04000000000000000083, 0.3000000000000001554 ) ) ;
#923 = DIRECTION ( 'NONE',  ( -1.000000000000000000, 0.000000000000000000, 0.000000000000000000 ) ) ;
#924 = EDGE_CURVE ( 'NONE', #2622, #2705, #595, .T. ) ;
#925 = ORIENTED_EDGE ( 'NONE', *, *, #2311, .T. ) ;
#926 = DIRECTION ( 'NONE',  ( -1.000000000000000000, 0.000000000000000000, 0.000000000000000000 ) ) ;
#927 = CARTESIAN_POINT ( 'NONE',  ( 0.1500000000000001887, -0.3150000000000000577, 0.4899999999999999911 ) ) ;
#928 =( LENGTH_UNIT ( ) NAMED_UNIT ( * ) SI_UNIT ( .MILLI., .METRE. ) );
#929 = SURFACE_SIDE_STYLE ('',( #1843 ) ) ;
#930 = SURFACE_STYLE_FILL_AREA ( #1217 ) ;
#931 = ORIENTED_EDGE ( 'NONE', *, *, #2756, .F. ) ;
#932 = ORIENTED_EDGE ( 'NONE', *, *, #1449, .T. ) ;
#933 =( NAMED_UNIT ( * ) SI_UNIT ( $, .STERADIAN. ) SOLID_ANGLE_UNIT ( ) );
#934 = ORIENTED_EDGE ( 'NONE', *, *, #1304, .T. ) ;
#935 = EDGE_CURVE ( 'NONE', #2379, #2704, #1733, .T. ) ;
#936 = LINE ( 'NONE', #1885, #551 ) ;
#937 = PLANE ( 'NONE',  #1844 ) ;
#938 = VERTEX_POINT ( 'NONE', #790 ) ;
#939 = CARTESIAN_POINT ( 'NONE',  ( -0.1500000000000002442, -0.04000000000000000083, -0.5000000000000000000 ) ) ;
#940 = EDGE_CURVE ( 'NONE', #2934, #651, #1266, .T. ) ;
#941 =( GEOMETRIC_REPRESENTATION_CONTEXT ( 3 ) GLOBAL_UNCERTAINTY_ASSIGNED_CONTEXT ( ( #58 ) ) GLOBAL_UNIT_ASSIGNED_CONTEXT ( ( #1090, #1808, #2682 ) ) REPRESENTATION_CONTEXT ( 'NONE', 'WORKASPACE' ) );
#942 = MECHANICAL_DESIGN_GEOMETRIC_PRESENTATION_REPRESENTATION (  '', ( #3014 ), #2673 ) ;
#943 = ORIENTED_EDGE ( 'NONE', *, *, #2453, .F. ) ;
#944 = CARTESIAN_POINT ( 'NONE',  ( -0.1500000000000001610, -0.04000000000000000083, 0.4343476953305399624 ) ) ;
#945 = LINE ( 'NONE', #1424, #136 ) ;
#946 = MECHANICAL_DESIGN_GEOMETRIC_PRESENTATION_REPRESENTATION (  '', ( #1201 ), #2928 ) ;
#947 = VECTOR ( 'NONE', #1229, 1000.000000000000000 ) ;
#948 = VERTEX_POINT ( 'NONE', #307 ) ;
#949 = CARTESIAN_POINT ( 'NONE',  ( -0.1500000000000001610, -0.03000000000000000583, 0.4343476953305399624 ) ) ;
#950 = DIRECTION ( 'NONE',  ( 0.000000000000000000, 1.000000000000000000, 0.000000000000000000 ) ) ;
#951 = PRESENTATION_LAYER_ASSIGNMENT (  '', '', ( #490 ) ) ;
#952 = DIRECTION ( 'NONE',  ( -0.000000000000000000, 1.000000000000000000, -0.000000000000000000 ) ) ;
#953 = PRESENTATION_STYLE_ASSIGNMENT (( #1346 ) ) ;
#954 = ORIENTED_EDGE ( 'NONE', *, *, #380, .T. ) ;
#955 = DIRECTION ( 'NONE',  ( 1.000000000000000000, -0.000000000000000000, 0.000000000000000000 ) ) ;
#956 = DIRECTION ( 'NONE',  ( -1.000000000000000000, 0.000000000000000000, 0.000000000000000000 ) ) ;
#957 = DIRECTION ( 'NONE',  ( 0.000000000000000000, -1.000000000000000000, -2.168404344971008868E-16 ) ) ;
#958 = DIRECTION ( 'NONE',  ( 1.000000000000000000, 0.000000000000000000, 1.166719074394107812E-15 ) ) ;
#959 = PRESENTATION_STYLE_ASSIGNMENT (( #2323 ) ) ;
#960 = FILL_AREA_STYLE ('',( #2734 ) ) ;
#961 = AXIS2_PLACEMENT_3D ( 'NONE', #1273, #2410, #1955 ) ;
#962 = VECTOR ( 'NONE', #38, 1000.000000000000000 ) ;
#963 = EDGE_LOOP ( 'NONE', ( #2074, #2001, #1107, #2440 ) ) ;
#964 = LINE ( 'NONE', #2845, #1388 ) ;
#965 = DIRECTION ( 'NONE',  ( 0.000000000000000000, 0.000000000000000000, 1.000000000000000000 ) ) ;
#966 = VECTOR ( 'NONE', #2775, 1000.000000000000000 ) ;
#967 = ORIENTED_EDGE ( 'NONE', *, *, #1752, .T. ) ;
#968 = MECHANICAL_DESIGN_GEOMETRIC_PRESENTATION_REPRESENTATION (  '', ( #568 ), #2500 ) ;
#969 = CARTESIAN_POINT ( 'NONE',  ( -0.5000000000000000000, -0.3250000000000000666, -0.5000000000000001110 ) ) ;
#970 = FACE_OUTER_BOUND ( 'NONE', #963, .T. ) ;
#971 = DIRECTION ( 'NONE',  ( -1.238572862686405076E-15, -0.000000000000000000, -1.000000000000000000 ) ) ;
#972 = ORIENTED_EDGE ( 'NONE', *, *, #2216, .F. ) ;
#973 = DIRECTION ( 'NONE',  ( 1.000000000000000000, 0.000000000000000000, 0.000000000000000000 ) ) ;
#974 = LINE ( 'NONE', #1432, #662 ) ;
#975 = CARTESIAN_POINT ( 'NONE',  ( 0.5000000000000000000, -0.3250000000000000666, -0.5000000000000001110 ) ) ;
#976 = SURFACE_STYLE_USAGE ( .BOTH. , #81 ) ;
#977 = CARTESIAN_POINT ( 'NONE',  ( 0.4604133079606314571, -0.04000000000000000083, -0.3000000000000001554 ) ) ;
#978 = ADVANCED_FACE ( 'NONE', ( #1995 ), #1983, .T. ) ;
#979 = LINE ( 'NONE', #2162, #394 ) ;
#980 = ORIENTED_EDGE ( 'NONE', *, *, #607, .F. ) ;
#981 =( LENGTH_UNIT ( ) NAMED_UNIT ( * ) SI_UNIT ( .MILLI., .METRE. ) );
#982 = EDGE_CURVE ( 'NONE', #1803, #1875, #823, .T. ) ;
#983 = ADVANCED_FACE ( 'NONE', ( #1043 ), #1769, .F. ) ;
#984 = ORIENTED_EDGE ( 'NONE', *, *, #2403, .T. ) ;
#985 = LINE ( 'NONE', #1488, #2888 ) ;
#986 =( LENGTH_UNIT ( ) NAMED_UNIT ( * ) SI_UNIT ( .MILLI., .METRE. ) );
#987 =( NAMED_UNIT ( * ) PLANE_ANGLE_UNIT ( ) SI_UNIT ( $, .RADIAN. ) );
#988 = DIRECTION ( 'NONE',  ( 0.000000000000000000, -0.000000000000000000, -1.000000000000000000 ) ) ;
#989 = ORIENTED_EDGE ( 'NONE', *, *, #792, .T. ) ;
#990 = CARTESIAN_POINT ( 'NONE',  ( -0.1964637201996784488, -0.04000000000000000083, 0.3000000000000001554 ) ) ;
#991 = DIRECTION ( 'NONE',  ( 0.000000000000000000, 1.000000000000000000, 0.000000000000000000 ) ) ;
#992 = CARTESIAN_POINT ( 'NONE',  ( -0.5000000000000002220, -0.03000000000000000583, 0.4412696319455212124 ) ) ;
#993 = PRESENTATION_STYLE_ASSIGNMENT (( #564 ) ) ;
#994 = DIRECTION ( 'NONE',  ( 1.000000000000000000, 0.000000000000000000, 0.000000000000000000 ) ) ;
#995 = DIRECTION ( 'NONE',  ( -0.000000000000000000, 1.000000000000000000, -0.000000000000000000 ) ) ;
#996 = EDGE_CURVE ( 'NONE', #2183, #2594, #1307, .T. ) ;
#997 = ORIENTED_EDGE ( 'NONE', *, *, #57, .F. ) ;
#998 = CARTESIAN_POINT ( 'NONE',  ( -0.5000000000000000000, -0.3250000000000000666, 0.5000000000000000000 ) ) ;
#999 = VECTOR ( 'NONE', #863, 1000.000000000000000 ) ;
#1000 = UNCERTAINTY_MEASURE_WITH_UNIT (LENGTH_MEASURE( 1.000000000000000082E-05 ), #2921, 'distance_accuracy_value', 'NONE');
#1001 = EDGE_LOOP ( 'NONE', ( #2865, #1059, #617, #1157 ) ) ;
#1002 = CARTESIAN_POINT ( 'NONE',  ( 0.5000000000000000000, -0.3250000000000000666, 0.2500000000000000000 ) ) ;
#1003 = ADVANCED_FACE ( 'NONE', ( #152 ), #1085, .T. ) ;
#1004 = CARTESIAN_POINT ( 'NONE',  ( 0.000000000000000000, -0.04000000000000000083, -0.3500000000000000333 ) ) ;
#1005 = FILL_AREA_STYLE_COLOUR ( '', #1349 ) ;
#1006 = AXIS2_PLACEMENT_3D ( 'NONE', #2462, #336, #1292 ) ;
#1007 = LINE ( 'NONE', #1474, #1949 ) ;
#1008 = ORIENTED_EDGE ( 'NONE', *, *, #2615, .T. ) ;
#1009 = DIRECTION ( 'NONE',  ( -0.000000000000000000, 1.000000000000000000, -0.000000000000000000 ) ) ;
#1010 = DIRECTION ( 'NONE',  ( 0.000000000000000000, 0.000000000000000000, -1.000000000000000000 ) ) ;
#1011 = CARTESIAN_POINT ( 'NONE',  ( 0.000000000000000000, -0.04000000000000000083, -0.4900000000000001021 ) ) ;
#1012 = STYLED_ITEM ( 'NONE', ( #2669 ), #1425 ) ;
#1013 =( NAMED_UNIT ( * ) SI_UNIT ( $, .STERADIAN. ) SOLID_ANGLE_UNIT ( ) );
#1014 = ORIENTED_EDGE ( 'NONE', *, *, #1933, .F. ) ;
#1015 = LINE ( 'NONE', #764, #2833 ) ;
#1016 = SURFACE_SIDE_STYLE ('',( #525 ) ) ;
#1017 = VECTOR ( 'NONE', #636, 1000.000000000000000 ) ;
#1018 = MECHANICAL_DESIGN_GEOMETRIC_PRESENTATION_REPRESENTATION (  '', ( #220 ), #1703 ) ;
#1019 = ORIENTED_EDGE ( 'NONE', *, *, #2843, .T. ) ;
#1020 = DIRECTION ( 'NONE',  ( -0.000000000000000000, 2.168404344971008868E-16, -1.000000000000000000 ) ) ;
#1021 = DIRECTION ( 'NONE',  ( 1.000000000000000000, -0.000000000000000000, 9.035018104045865764E-17 ) ) ;
#1022 = CARTESIAN_POINT ( 'NONE',  ( -0.1496662954709576665, -0.3149999999999998357, -0.5000000000000001110 ) ) ;
#1023 = MECHANICAL_DESIGN_GEOMETRIC_PRESENTATION_REPRESENTATION (  '', ( #466 ), #2258 ) ;
#1024 = ORIENTED_EDGE ( 'NONE', *, *, #789, .F. ) ;
#1025 =( NAMED_UNIT ( * ) SI_UNIT ( $, .STERADIAN. ) SOLID_ANGLE_UNIT ( ) );
#1026 =( NAMED_UNIT ( * ) SI_UNIT ( $, .STERADIAN. ) SOLID_ANGLE_UNIT ( ) );
#1027 = ADVANCED_FACE ( 'NONE', ( #8 ), #449, .F. ) ;
#1028 = CARTESIAN_POINT ( 'NONE',  ( -0.5000000000000003331, -0.3149999999999999467, 0.4900000000000001021 ) ) ;
#1029 =( NAMED_UNIT ( * ) PLANE_ANGLE_UNIT ( ) SI_UNIT ( $, .RADIAN. ) );
#1030 = ORIENTED_EDGE ( 'NONE', *, *, #2990, .T. ) ;
#1031 = LINE ( 'NONE', #1737, #1147 ) ;
#1032 =( NAMED_UNIT ( * ) SI_UNIT ( $, .STERADIAN. ) SOLID_ANGLE_UNIT ( ) );
#1033 = UNCERTAINTY_MEASURE_WITH_UNIT (LENGTH_MEASURE( 1.000000000000000082E-05 ), #240, 'distance_accuracy_value', 'NONE');
#1034 = ORIENTED_EDGE ( 'NONE', *, *, #1206, .F. ) ;
#1035 = LINE ( 'NONE', #1757, #2295 ) ;
#1036 = EDGE_CURVE ( 'NONE', #2724, #2705, #2742, .T. ) ;
#1037 = CARTESIAN_POINT ( 'NONE',  ( -0.5000000000000000000, -0.04000000000000000083, 0.4899999999999999911 ) ) ;
#1038 = ADVANCED_FACE ( 'NONE', ( #867 ), #1873, .F. ) ;
#1039 = VERTEX_POINT ( 'NONE', #705 ) ;
#1040 = DIRECTION ( 'NONE',  ( 1.000000000000000000, 0.000000000000000000, 0.000000000000000000 ) ) ;
#1041 = FILL_AREA_STYLE ('',( #1291 ) ) ;
#1042 = EDGE_CURVE ( 'NONE', #491, #1880, #2801, .T. ) ;
#1043 = FACE_OUTER_BOUND ( 'NONE', #706, .T. ) ;
#1044 = CARTESIAN_POINT ( 'NONE',  ( -0.4064637201996785798, -0.03000000000000000583, -0.4403625443398770378 ) ) ;
#1045 = CARTESIAN_POINT ( 'NONE',  ( -0.1496662954709576665, -1.030000000000000027, -0.4900000000000001021 ) ) ;
#1046 = EDGE_LOOP ( 'NONE', ( #2231, #2409, #2327, #2984 ) ) ;
#1047 = LINE ( 'NONE', #280, #408 ) ;
#1048 = CARTESIAN_POINT ( 'NONE',  ( 0.1500000000000002165, -0.04000000000000000083, 0.4999999999999997780 ) ) ;
#1049 =( GEOMETRIC_REPRESENTATION_CONTEXT ( 3 ) GLOBAL_UNCERTAINTY_ASSIGNED_CONTEXT ( ( #650 ) ) GLOBAL_UNIT_ASSIGNED_CONTEXT ( ( #543, #2411, #1978 ) ) REPRESENTATION_CONTEXT ( 'NONE', 'WORKASPACE' ) );
#1050 = ORIENTED_EDGE ( 'NONE', *, *, #2636, .F. ) ;
#1051 = AXIS2_PLACEMENT_3D ( 'NONE', #665, #871, #1595 ) ;
#1052 = VECTOR ( 'NONE', #2956, 1000.000000000000000 ) ;
#1053 = SURFACE_STYLE_FILL_AREA ( #2686 ) ;
#1054 = CARTESIAN_POINT ( 'NONE',  ( -0.5000000000000000000, -0.3250000000000000666, 0.5000000000000000000 ) ) ;
#1055 = VECTOR ( 'NONE', #2211, 1000.000000000000000 ) ;
#1056 = CARTESIAN_POINT ( 'NONE',  ( -0.1500000000000000777, -0.3149999999999999467, 0.2500000000000000000 ) ) ;
#1057 = LINE ( 'NONE', #2963, #2532 ) ;
#1058 = CARTESIAN_POINT ( 'NONE',  ( -0.5000000000000003331, -1.290000000000000036, 0.4900000000000001021 ) ) ;
#1059 = ORIENTED_EDGE ( 'NONE', *, *, #2230, .T. ) ;
#1060 = VECTOR ( 'NONE', #1856, 1000.000000000000000 ) ;
#1061 = VECTOR ( 'NONE', #1226, 1000.000000000000000 ) ;
#1062 = UNCERTAINTY_MEASURE_WITH_UNIT (LENGTH_MEASURE( 1.000000000000000082E-05 ), #2071, 'distance_accuracy_value', 'NONE');
#1063 = ORIENTED_EDGE ( 'NONE', *, *, #594, .T. ) ;
#1064 = SURFACE_SIDE_STYLE ('',( #620 ) ) ;
#1065 = VECTOR ( 'NONE', #1552, 1000.000000000000000 ) ;
#1066 = LINE ( 'NONE', #573, #2926 ) ;
#1067 = ORIENTED_EDGE ( 'NONE', *, *, #1677, .F. ) ;
#1068 = DIRECTION ( 'NONE',  ( -0.000000000000000000, -2.168404344971008868E-16, 1.000000000000000000 ) ) ;
#1069 =( GEOMETRIC_REPRESENTATION_CONTEXT ( 3 ) GLOBAL_UNCERTAINTY_ASSIGNED_CONTEXT ( ( #2478 ) ) GLOBAL_UNIT_ASSIGNED_CONTEXT ( ( #550, #2626, #335 ) ) REPRESENTATION_CONTEXT ( 'NONE', 'WORKASPACE' ) );
#1070 = EDGE_CURVE ( 'NONE', #1455, #1803, #26, .T. ) ;
#1071 = DIRECTION ( 'NONE',  ( -0.000000000000000000, 1.000000000000000000, -0.000000000000000000 ) ) ;
#1072 = EDGE_LOOP ( 'NONE', ( #903, #2353, #182, #2297 ) ) ;
#1073 = EDGE_CURVE ( 'NONE', #2708, #2006, #2816, .T. ) ;
#1074 = DIRECTION ( 'NONE',  ( -0.000000000000000000, 1.000000000000000000, -0.000000000000000000 ) ) ;
#1075 = ORIENTED_EDGE ( 'NONE', *, *, #462, .F. ) ;
#1076 =( NAMED_UNIT ( * ) PLANE_ANGLE_UNIT ( ) SI_UNIT ( $, .RADIAN. ) );
#1077 = ADVANCED_FACE ( 'NONE', ( #2037 ), #937, .T. ) ;
#1078 = EDGE_CURVE ( 'NONE', #1490, #2028, #316, .T. ) ;
#1079 = LINE ( 'NONE', #857, #2573 ) ;
#1080 = VERTEX_POINT ( 'NONE', #494 ) ;
#1081 = CARTESIAN_POINT ( 'NONE',  ( 0.1964637201996783378, -0.04000000000000000083, 0.4343476953305399624 ) ) ;
#1082 = DIRECTION ( 'NONE',  ( -0.000000000000000000, 0.000000000000000000, 1.000000000000000000 ) ) ;
#1083 = DIRECTION ( 'NONE',  ( 0.000000000000000000, 1.000000000000000000, 0.000000000000000000 ) ) ;
#1084 = DIRECTION ( 'NONE',  ( 1.000000000000000000, -0.000000000000000000, 0.000000000000000000 ) ) ;
#1085 = PLANE ( 'NONE',  #352 ) ;
#1086 = SURFACE_STYLE_FILL_AREA ( #2269 ) ;
#1087 = UNCERTAINTY_MEASURE_WITH_UNIT (LENGTH_MEASURE( 1.000000000000000082E-05 ), #540, 'distance_accuracy_value', 'NONE');
#1088 = EDGE_LOOP ( 'NONE', ( #569, #2826, #2563, #1980 ) ) ;
#1089 = CARTESIAN_POINT ( 'NONE',  ( 0.5000000000000000000, -0.3150000000000000022, -0.4900000000000001021 ) ) ;
#1090 =( LENGTH_UNIT ( ) NAMED_UNIT ( * ) SI_UNIT ( .MILLI., .METRE. ) );
#1091 = LINE ( 'NONE', #332, #644 ) ;
#1092 = ORIENTED_EDGE ( 'NONE', *, *, #2080, .F. ) ;
#1093 = EDGE_CURVE ( 'NONE', #2904, #195, #1694, .T. ) ;
#1094 = CARTESIAN_POINT ( 'NONE',  ( -0.1964637201996785598, -0.03000000000000000583, 0.4343476953305399624 ) ) ;
#1095 =( LENGTH_UNIT ( ) NAMED_UNIT ( * ) SI_UNIT ( .MILLI., .METRE. ) );
#1096 = VECTOR ( 'NONE', #2217, 1000.000000000000000 ) ;
#1097 = DIRECTION ( 'NONE',  ( 0.000000000000000000, 0.000000000000000000, 1.000000000000000000 ) ) ;
#1098 =( GEOMETRIC_REPRESENTATION_CONTEXT ( 3 ) GLOBAL_UNCERTAINTY_ASSIGNED_CONTEXT ( ( #3036 ) ) GLOBAL_UNIT_ASSIGNED_CONTEXT ( ( #1482, #1029, #2012 ) ) REPRESENTATION_CONTEXT ( 'NONE', 'WORKASPACE' ) );
#1099 = VECTOR ( 'NONE', #2373, 1000.000000000000000 ) ;
#1100 = DIRECTION ( 'NONE',  ( 0.000000000000000000, 0.000000000000000000, -1.000000000000000000 ) ) ;
#1101 = COLOUR_RGB ( '',1.000000000000000000, 1.000000000000000000, 1.000000000000000000 ) ;
#1102 = VECTOR ( 'NONE', #1358, 1000.000000000000000 ) ;
#1103 = VERTEX_POINT ( 'NONE', #2851 ) ;
#1104 = VERTEX_POINT ( 'NONE', #104 ) ;
#1105 = PLANE ( 'NONE',  #2452 ) ;
#1106 = STYLED_ITEM ( 'NONE', ( #1644 ), #1364 ) ;
#1107 = ORIENTED_EDGE ( 'NONE', *, *, #804, .F. ) ;
#1108 = EDGE_CURVE ( 'NONE', #1455, #1954, #1939, .T. ) ;
#1109 = VECTOR ( 'NONE', #1403, 1000.000000000000000 ) ;
#1110 = APPLICATION_CONTEXT ( 'automotive_design' ) ;
#1111 = CARTESIAN_POINT ( 'NONE',  ( 0.1500000000000001610, -0.04000000000000000083, -0.4343476953305402399 ) ) ;
#1112 = DIRECTION ( 'NONE',  ( 1.000000000000000000, 0.000000000000000000, 0.000000000000000000 ) ) ;
#1113 = AXIS2_PLACEMENT_3D ( 'NONE', #2795, #1612, #2329 ) ;
#1114 =( NAMED_UNIT ( * ) PLANE_ANGLE_UNIT ( ) SI_UNIT ( $, .RADIAN. ) );
#1115 = COLOUR_RGB ( '',0.8980392156862745390, 0.8980392156862745390, 0.8980392156862745390 ) ;
#1116 = PRESENTATION_STYLE_ASSIGNMENT (( #468 ) ) ;
#1117 = CARTESIAN_POINT ( 'NONE',  ( -0.5000000000000002220, -0.04000000000000000083, 0.4412696319455212124 ) ) ;
#1118 = EDGE_LOOP ( 'NONE', ( #2652, #1380, #1366, #1778 ) ) ;
#1119 =( LENGTH_UNIT ( ) NAMED_UNIT ( * ) SI_UNIT ( .MILLI., .METRE. ) );
#1120 = UNCERTAINTY_MEASURE_WITH_UNIT (LENGTH_MEASURE( 1.000000000000000082E-05 ), #1398, 'distance_accuracy_value', 'NONE');
#1121 = EDGE_LOOP ( 'NONE', ( #2398, #2422, #475, #1497 ) ) ;
#1122 = CARTESIAN_POINT ( 'NONE',  ( -0.5000000000000000000, -0.3150000000000000577, 0.4899999999999999911 ) ) ;
#1123 = EDGE_CURVE ( 'NONE', #418, #353, #1007, .T. ) ;
#1124 = EDGE_LOOP ( 'NONE', ( #2575, #2861, #2252, #440 ) ) ;
#1125 =( NAMED_UNIT ( * ) PLANE_ANGLE_UNIT ( ) SI_UNIT ( $, .RADIAN. ) );
#1126 = SURFACE_SIDE_STYLE ('',( #3027 ) ) ;
#1127 = PLANE ( 'NONE',  #161 ) ;
#1128 = EDGE_CURVE ( 'NONE', #2745, #2724, #2202, .T. ) ;
#1129 = CARTESIAN_POINT ( 'NONE',  ( 0.5000000000000000000, -0.03000000000000000583, -0.4403625443398770378 ) ) ;
#1130 = EDGE_CURVE ( 'NONE', #948, #337, #1276, .T. ) ;
#1131 = ORIENTED_EDGE ( 'NONE', *, *, #571, .T. ) ;
#1132 =( NAMED_UNIT ( * ) SI_UNIT ( $, .STERADIAN. ) SOLID_ANGLE_UNIT ( ) );
#1133 = CARTESIAN_POINT ( 'NONE',  ( -0.5000000000000002220, -0.04000000000000000083, -0.4403625443398770378 ) ) ;
#1134 =( NAMED_UNIT ( * ) SI_UNIT ( $, .STERADIAN. ) SOLID_ANGLE_UNIT ( ) );
#1135 = ORIENTED_EDGE ( 'NONE', *, *, #27, .T. ) ;
#1136 = VECTOR ( 'NONE', #682, 1000.000000000000000 ) ;
#1137 = DIRECTION ( 'NONE',  ( 1.000000000000000000, 0.000000000000000000, 0.000000000000000000 ) ) ;
#1138 = ORIENTED_EDGE ( 'NONE', *, *, #1608, .T. ) ;
#1139 = DIRECTION ( 'NONE',  ( -1.000000000000000000, 0.000000000000000000, -0.000000000000000000 ) ) ;
#1140 = PRESENTATION_LAYER_ASSIGNMENT (  '', '', ( #892 ) ) ;
#1141 = AXIS2_PLACEMENT_3D ( 'NONE', #1518, #2467, #2045 ) ;
#1142 = EDGE_CURVE ( 'NONE', #1267, #2124, #1144, .T. ) ;
#1143 = CARTESIAN_POINT ( 'NONE',  ( -0.5000000000000000000, -0.3149999999999999467, 0.2500000000000000000 ) ) ;
#1144 = CIRCLE ( 'NONE', #1687, 0.1499999999999999667 ) ;
#1145 = COLOUR_RGB ( '',0.8980392156862745390, 0.8980392156862745390, 0.8980392156862745390 ) ;
#1146 = EDGE_LOOP ( 'NONE', ( #732, #2602, #914, #127 ) ) ;
#1147 = VECTOR ( 'NONE', #69, 1000.000000000000000 ) ;
#1148 = VERTEX_POINT ( 'NONE', #1675 ) ;
#1149 = CARTESIAN_POINT ( 'NONE',  ( -0.4728196545823252217, -0.04000000000000000083, 0.3000000000000001554 ) ) ;
#1150 = DIRECTION ( 'NONE',  ( -4.128576208954687039E-16, 0.000000000000000000, 1.000000000000000000 ) ) ;
#1151 = FILL_AREA_STYLE_COLOUR ( '', #1220 ) ;
#1152 = EDGE_CURVE ( 'NONE', #2929, #1459, #770, .T. ) ;
#1153 = PLANE ( 'NONE',  #2815 ) ;
#1154 = ORIENTED_EDGE ( 'NONE', *, *, #1449, .F. ) ;
#1155 = VECTOR ( 'NONE', #1837, 1000.000000000000000 ) ;
#1156 = FILL_AREA_STYLE_COLOUR ( '', #2581 ) ;
#1157 = ORIENTED_EDGE ( 'NONE', *, *, #85, .F. ) ;
#1158 = VECTOR ( 'NONE', #1819, 1000.000000000000000 ) ;
#1159 = SURFACE_STYLE_USAGE ( .BOTH. , #2545 ) ;
#1160 = DIRECTION ( 'NONE',  ( -1.000000000000000000, 0.000000000000000000, -0.000000000000000000 ) ) ;
#1161 = VECTOR ( 'NONE', #389, 1000.000000000000000 ) ;
#1162 = STYLED_ITEM ( 'NONE', ( #2009 ), #2960 ) ;
#1163 = VECTOR ( 'NONE', #2399, 1000.000000000000000 ) ;
#1164 = CARTESIAN_POINT ( 'NONE',  ( 0.4604133079606314571, -0.04000000000000000083, -0.3000000000000001554 ) ) ;
#1165 = VECTOR ( 'NONE', #1816, 1000.000000000000000 ) ;
#1166 = EDGE_CURVE ( 'NONE', #2092, #2341, #1744, .T. ) ;
#1167 = ORIENTED_EDGE ( 'NONE', *, *, #262, .T. ) ;
#1168 = CARTESIAN_POINT ( 'NONE',  ( -0.5000000000000000000, -0.03000000000000000583, -0.5000000000000001110 ) ) ;
#1169 = DIRECTION ( 'NONE',  ( 1.000000000000000000, 0.000000000000000000, 0.000000000000000000 ) ) ;
#1170 = STYLED_ITEM ( 'NONE', ( #803 ), #2862 ) ;
#1171 = ORIENTED_EDGE ( 'NONE', *, *, #1166, .F. ) ;
#1172 = ADVANCED_FACE ( 'NONE', ( #2218 ), #62, .T. ) ;
#1173 = DIRECTION ( 'NONE',  ( 0.000000000000000000, 2.168404344971008868E-16, -1.000000000000000000 ) ) ;
#1174 = VERTEX_POINT ( 'NONE', #511 ) ;
#1175 = PLANE ( 'NONE',  #2728 ) ;
#1176 = SURFACE_SIDE_STYLE ('',( #2114 ) ) ;
#1177 = CARTESIAN_POINT ( 'NONE',  ( -0.5000000000000000000, -0.3149999999999999467, 0.2500000000000000000 ) ) ;
#1178 = CARTESIAN_POINT ( 'NONE',  ( 0.1500000000000002442, -0.04000000000000000083, 0.4343476953305399069 ) ) ;
#1179 =( NAMED_UNIT ( * ) PLANE_ANGLE_UNIT ( ) SI_UNIT ( $, .RADIAN. ) );
#1180 = SURFACE_STYLE_USAGE ( .BOTH. , #1236 ) ;
#1181 = VERTEX_POINT ( 'NONE', #75 ) ;
#1182 =( NAMED_UNIT ( * ) SI_UNIT ( $, .STERADIAN. ) SOLID_ANGLE_UNIT ( ) );
#1183 = DIRECTION ( 'NONE',  ( 0.000000000000000000, 1.000000000000000000, 0.000000000000000000 ) ) ;
#1184 = VECTOR ( 'NONE', #1112, 1000.000000000000000 ) ;
#1185 = ORIENTED_EDGE ( 'NONE', *, *, #2561, .T. ) ;
#1186 = FACE_OUTER_BOUND ( 'NONE', #2177, .T. ) ;
#1187 =( LENGTH_UNIT ( ) NAMED_UNIT ( * ) SI_UNIT ( .MILLI., .METRE. ) );
#1188 = ORIENTED_EDGE ( 'NONE', *, *, #2099, .F. ) ;
#1189 = PLANE ( 'NONE',  #39 ) ;
#1190 = DIRECTION ( 'NONE',  ( 0.000000000000000000, -2.258754526011467735E-16, 1.000000000000000000 ) ) ;
#1191 = DIRECTION ( 'NONE',  ( -1.000000000000000000, -0.000000000000000000, -1.166719074394105051E-15 ) ) ;
#1192 = FILL_AREA_STYLE ('',( #2368 ) ) ;
#1193 = SURFACE_SIDE_STYLE ('',( #243 ) ) ;
#1194 = SURFACE_STYLE_FILL_AREA ( #2371 ) ;
#1195 = VECTOR ( 'NONE', #2955, 1000.000000000000000 ) ;
#1196 = FILL_AREA_STYLE_COLOUR ( '', #1345 ) ;
#1197 = VECTOR ( 'NONE', #194, 1000.000000000000000 ) ;
#1198 = VERTEX_POINT ( 'NONE', #1242 ) ;
#1199 = SURFACE_SIDE_STYLE ('',( #2391 ) ) ;
#1200 =( LENGTH_UNIT ( ) NAMED_UNIT ( * ) SI_UNIT ( .MILLI., .METRE. ) );
#1201 = STYLED_ITEM ( 'NONE', ( #463 ), #860 ) ;
#1202 = COLOUR_RGB ( '',0.8980392156862745390, 0.8980392156862745390, 0.8980392156862745390 ) ;
#1203 = EDGE_LOOP ( 'NONE', ( #1566, #1382, #1526, #2522, #531, #2837, #1773, #1582 ) ) ;
#1204 = DIRECTION ( 'NONE',  ( 1.000000000000000000, 0.000000000000000000, 0.000000000000000000 ) ) ;
#1205 = CARTESIAN_POINT ( 'NONE',  ( 0.1500000000000001887, -0.3250000000000000666, 0.2500000000000000000 ) ) ;
#1206 = EDGE_CURVE ( 'NONE', #63, #2070, #2188, .T. ) ;
#1207 = VERTEX_POINT ( 'NONE', #1022 ) ;
#1208 = CARTESIAN_POINT ( 'NONE',  ( -0.5000000000000000000, -0.3150000000000000577, 0.4899999999999999911 ) ) ;
#1209 =( NAMED_UNIT ( * ) SI_UNIT ( $, .STERADIAN. ) SOLID_ANGLE_UNIT ( ) );
#1210 = CARTESIAN_POINT ( 'NONE',  ( 0.1500000000000001610, -1.030000000000000027, 0.4899999999999999911 ) ) ;
#1211 = CARTESIAN_POINT ( 'NONE',  ( -0.4728196545823252217, -0.03000000000000000583, 0.3000000000000001554 ) ) ;
#1212 = FILL_AREA_STYLE_COLOUR ( '', #2005 ) ;
#1213 = PRESENTATION_LAYER_ASSIGNMENT (  '', '', ( #1268 ) ) ;
#1214 = SURFACE_SIDE_STYLE ('',( #165 ) ) ;
#1215 = ADVANCED_FACE ( 'NONE', ( #2004 ), #2274, .T. ) ;
#1216 = EDGE_CURVE ( 'NONE', #2911, #1401, #1329, .T. ) ;
#1217 = FILL_AREA_STYLE ('',( #728 ) ) ;
#1218 =( GEOMETRIC_REPRESENTATION_CONTEXT ( 3 ) GLOBAL_UNCERTAINTY_ASSIGNED_CONTEXT ( ( #2120 ) ) GLOBAL_UNIT_ASSIGNED_CONTEXT ( ( #928, #2773, #185 ) ) REPRESENTATION_CONTEXT ( 'NONE', 'WORKASPACE' ) );
#1219 = SURFACE_STYLE_FILL_AREA ( #1249 ) ;
#1220 = COLOUR_RGB ( '',0.8980392156862745390, 0.8980392156862745390, 0.8980392156862745390 ) ;
#1221 = ORIENTED_EDGE ( 'NONE', *, *, #1142, .T. ) ;
#1222 = PLANE ( 'NONE',  #1581 ) ;
#1223 = COLOUR_RGB ( '',0.8980392156862745390, 0.8980392156862745390, 0.8980392156862745390 ) ;
#1224 = UNCERTAINTY_MEASURE_WITH_UNIT (LENGTH_MEASURE( 1.000000000000000082E-05 ), #2079, 'distance_accuracy_value', 'NONE');
#1225 = ORIENTED_EDGE ( 'NONE', *, *, #1270, .F. ) ;
#1226 = DIRECTION ( 'NONE',  ( 1.000000000000000000, -0.000000000000000000, -0.000000000000000000 ) ) ;
#1227 = DIRECTION ( 'NONE',  ( -1.229767018093190769E-16, 0.000000000000000000, 1.000000000000000000 ) ) ;
#1228 = PRESENTATION_STYLE_ASSIGNMENT (( #1256 ) ) ;
#1229 = DIRECTION ( 'NONE',  ( 0.000000000000000000, 0.000000000000000000, -1.000000000000000000 ) ) ;
#1230 = ORIENTED_EDGE ( 'NONE', *, *, #1874, .T. ) ;
#1231 = PRESENTATION_STYLE_ASSIGNMENT (( #2443 ) ) ;
#1232 = DIRECTION ( 'NONE',  ( 0.000000000000000000, 0.000000000000000000, 1.000000000000000000 ) ) ;
#1233 = ADVANCED_FACE ( 'NONE', ( #131 ), #2021, .F. ) ;
#1234 = CARTESIAN_POINT ( 'NONE',  ( 0.5000000000000000000, -0.04000000000000000083, 0.4412696319455212124 ) ) ;
#1235 = LINE ( 'NONE', #779, #773 ) ;
#1236 = SURFACE_SIDE_STYLE ('',( #1219 ) ) ;
#1237 = EDGE_CURVE ( 'NONE', #2708, #356, #1091, .T. ) ;
#1238 = ORIENTED_EDGE ( 'NONE', *, *, #1128, .F. ) ;
#1239 = EDGE_LOOP ( 'NONE', ( #675, #3037, #495, #425 ) ) ;
#1240 = CARTESIAN_POINT ( 'NONE',  ( 0.1500000000000002442, -0.04000000000000000083, 0.4343476953305399069 ) ) ;
#1241 = CARTESIAN_POINT ( 'NONE',  ( -0.5000000000000000000, -0.3150000000000000577, -0.2500000000000001110 ) ) ;
#1242 = CARTESIAN_POINT ( 'NONE',  ( 0.5000000000000000000, -0.3150000000000000577, -0.2500000000000001110 ) ) ;
#1243 = ORIENTED_EDGE ( 'NONE', *, *, #1270, .T. ) ;
#1244 = CARTESIAN_POINT ( 'NONE',  ( 0.5000000000000000000, -0.03000000000000000583, 0.4412696319455212124 ) ) ;
#1245 = SURFACE_STYLE_FILL_AREA ( #1680 ) ;
#1246 = LINE ( 'NONE', #289, #1684 ) ;
#1247 = SURFACE_STYLE_FILL_AREA ( #261 ) ;
#1248 =( LENGTH_UNIT ( ) NAMED_UNIT ( * ) SI_UNIT ( .MILLI., .METRE. ) );
#1249 = FILL_AREA_STYLE ('',( #1196 ) ) ;
#1250 = EDGE_LOOP ( 'NONE', ( #1138, #1167, #2069, #1836 ) ) ;
#1251 = VECTOR ( 'NONE', #2739, 1000.000000000000000 ) ;
#1252 = STYLED_ITEM ( 'NONE', ( #325 ), #978 ) ;
#1253 = EDGE_LOOP ( 'NONE', ( #2802, #2699, #581, #59 ) ) ;
#1254 = DIRECTION ( 'NONE',  ( -1.229767018093190769E-16, -0.000000000000000000, -1.000000000000000000 ) ) ;
#1255 = PRESENTATION_STYLE_ASSIGNMENT (( #1472 ) ) ;
#1256 = SURFACE_STYLE_USAGE ( .BOTH. , #2200 ) ;
#1257 =( GEOMETRIC_REPRESENTATION_CONTEXT ( 3 ) GLOBAL_UNCERTAINTY_ASSIGNED_CONTEXT ( ( #2182 ) ) GLOBAL_UNIT_ASSIGNED_CONTEXT ( ( #1519, #841, #2938 ) ) REPRESENTATION_CONTEXT ( 'NONE', 'WORKASPACE' ) );
#1258 = SURFACE_SIDE_STYLE ('',( #1990 ) ) ;
#1259 = ORIENTED_EDGE ( 'NONE', *, *, #2361, .T. ) ;
#1260 = LINE ( 'NONE', #992, #1274 ) ;
#1261 =( NAMED_UNIT ( * ) PLANE_ANGLE_UNIT ( ) SI_UNIT ( $, .RADIAN. ) );
#1262 = DIRECTION ( 'NONE',  ( 0.000000000000000000, 0.000000000000000000, 1.000000000000000000 ) ) ;
#1263 = COLOUR_RGB ( '',0.7921568627450980005, 0.8196078431372548767, 0.9333333333333333481 ) ;
#1264 = CARTESIAN_POINT ( 'NONE',  ( -0.5000000000000000000, -0.3150000000000000577, -0.2500000000000001110 ) ) ;
#1265 = MECHANICAL_DESIGN_GEOMETRIC_PRESENTATION_REPRESENTATION (  '', ( #1012 ), #1748 ) ;
#1266 = LINE ( 'NONE', #1058, #1790 ) ;
#1267 = VERTEX_POINT ( 'NONE', #574 ) ;
#1268 = STYLED_ITEM ( 'NONE', ( #2624 ), #1713 ) ;
#1269 = FACE_OUTER_BOUND ( 'NONE', #2661, .T. ) ;
#1270 = EDGE_CURVE ( 'NONE', #1954, #2738, #830, .T. ) ;
#1271 = AXIS2_PLACEMENT_3D ( 'NONE', #2197, #1438, #100 ) ;
#1272 = ORIENTED_EDGE ( 'NONE', *, *, #1354, .T. ) ;
#1273 = CARTESIAN_POINT ( 'NONE',  ( 0.000000000000000000, -0.3149999999999999467, -6.830473686658677934E-17 ) ) ;
#1274 = VECTOR ( 'NONE', #2874, 1000.000000000000000 ) ;
#1275 = CARTESIAN_POINT ( 'NONE',  ( -0.5000000000000000000, -0.3150000000000000577, 0.4899999999999999911 ) ) ;
#1276 = LINE ( 'NONE', #2869, #444 ) ;
#1277 = COLOUR_RGB ( '',0.8980392156862745390, 0.8980392156862745390, 0.8980392156862745390 ) ;
#1278 = EDGE_CURVE ( 'NONE', #1207, #356, #587, .T. ) ;
#1279 = ORIENTED_EDGE ( 'NONE', *, *, #2756, .T. ) ;
#1280 = CARTESIAN_POINT ( 'NONE',  ( 0.1496662954709576665, -0.3150000000000000022, 0.4900000000000001021 ) ) ;
#1281 = SURFACE_STYLE_USAGE ( .BOTH. , #1511 ) ;
#1282 = CARTESIAN_POINT ( 'NONE',  ( 0.5000000000000000000, -0.3150000000000000577, 0.4899999999999999911 ) ) ;
#1283 =( NAMED_UNIT ( * ) PLANE_ANGLE_UNIT ( ) SI_UNIT ( $, .RADIAN. ) );
#1284 = ORIENTED_EDGE ( 'NONE', *, *, #2080, .T. ) ;
#1285 = CARTESIAN_POINT ( 'NONE',  ( -0.5000000000000000000, -0.04000000000000000083, 0.4899999999999999911 ) ) ;
#1286 = FILL_AREA_STYLE_COLOUR ( '', #1738 ) ;
#1287 = SURFACE_SIDE_STYLE ('',( #2483 ) ) ;
#1288 = ORIENTED_EDGE ( 'NONE', *, *, #594, .F. ) ;
#1289 = CARTESIAN_POINT ( 'NONE',  ( 0.4064637201996782467, -0.04000000000000000083, 0.4412696319455212124 ) ) ;
#1290 = LINE ( 'NONE', #2233, #1739 ) ;
#1291 = FILL_AREA_STYLE_COLOUR ( '', #668 ) ;
#1292 = DIRECTION ( 'NONE',  ( -1.229767018093190769E-16, 0.000000000000000000, -1.000000000000000000 ) ) ;
#1293 = EDGE_LOOP ( 'NONE', ( #943, #2040, #1135, #836 ) ) ;
#1294 = STYLED_ITEM ( 'NONE', ( #2996 ), #55 ) ;
#1295 = VERTEX_POINT ( 'NONE', #148 ) ;
#1296 = DIRECTION ( 'NONE',  ( -1.000000000000000000, 0.000000000000000000, 2.333438148788204579E-15 ) ) ;
#1297 = COLOUR_RGB ( '',0.8980392156862745390, 0.8980392156862745390, 0.8980392156862745390 ) ;
#1298 = DIRECTION ( 'NONE',  ( 1.000000000000000000, 0.000000000000000000, 1.166719074394107812E-15 ) ) ;
#1299 = CARTESIAN_POINT ( 'NONE',  ( -0.5000000000000000000, -0.03000000000000000583, 0.5000000000000000000 ) ) ;
#1300 = COLOUR_RGB ( '',1.000000000000000000, 1.000000000000000000, 1.000000000000000000 ) ;
#1301 = VERTEX_POINT ( 'NONE', #2031 ) ;
#1302 = SURFACE_STYLE_FILL_AREA ( #2007 ) ;
#1303 = PLANE ( 'NONE',  #2082 ) ;
#1304 = EDGE_CURVE ( 'NONE', #2650, #2379, #2968, .T. ) ;
#1305 = AXIS2_PLACEMENT_3D ( 'NONE', #2351, #1100, #1798 ) ;
#1306 = DIRECTION ( 'NONE',  ( 1.000000000000000000, 0.000000000000000000, 0.000000000000000000 ) ) ;
#1307 = LINE ( 'NONE', #2251, #2145 ) ;
#1308 = ORIENTED_EDGE ( 'NONE', *, *, #350, .T. ) ;
#1309 = EDGE_CURVE ( 'NONE', #2510, #1659, #1743, .T. ) ;
#1310 = EDGE_CURVE ( 'NONE', #684, #418, #1031, .T. ) ;
#1311 =( GEOMETRIC_REPRESENTATION_CONTEXT ( 3 ) GLOBAL_UNCERTAINTY_ASSIGNED_CONTEXT ( ( #1709 ) ) GLOBAL_UNIT_ASSIGNED_CONTEXT ( ( #2663, #2224, #338 ) ) REPRESENTATION_CONTEXT ( 'NONE', 'WORKASPACE' ) );
#1312 = MECHANICAL_DESIGN_GEOMETRIC_PRESENTATION_REPRESENTATION (  '', ( #2688 ), #2776 ) ;
#1313 = EDGE_LOOP ( 'NONE', ( #1416, #2848, #1259, #473 ) ) ;
#1314 = STYLED_ITEM ( 'NONE', ( #1842 ), #2272 ) ;
#1315 =( GEOMETRIC_REPRESENTATION_CONTEXT ( 3 ) GLOBAL_UNCERTAINTY_ASSIGNED_CONTEXT ( ( #339 ) ) GLOBAL_UNIT_ASSIGNED_CONTEXT ( ( #1418, #1125, #659 ) ) REPRESENTATION_CONTEXT ( 'NONE', 'WORKASPACE' ) );
#1316 = CARTESIAN_POINT ( 'NONE',  ( -0.1964637201996786708, -0.03000000000000000583, 0.3000000000000001554 ) ) ;
#1317 = CARTESIAN_POINT ( 'NONE',  ( -0.1496662954709576665, -0.3149999999999998357, -0.4899999999999999911 ) ) ;
#1318 = ORIENTED_EDGE ( 'NONE', *, *, #615, .F. ) ;
#1319 =( GEOMETRIC_REPRESENTATION_CONTEXT ( 3 ) GLOBAL_UNCERTAINTY_ASSIGNED_CONTEXT ( ( #464 ) ) GLOBAL_UNIT_ASSIGNED_CONTEXT ( ( #1981, #548, #1025 ) ) REPRESENTATION_CONTEXT ( 'NONE', 'WORKASPACE' ) );
#1320 = CARTESIAN_POINT ( 'NONE',  ( -0.1500000000000001055, -1.030000000000000027, 0.4899999999999999911 ) ) ;
#1321 = DIRECTION ( 'NONE',  ( 0.000000000000000000, 2.168404344971008868E-16, -1.000000000000000000 ) ) ;
#1322 = MECHANICAL_DESIGN_GEOMETRIC_PRESENTATION_REPRESENTATION (  '', ( #1170 ), #1069 ) ;
#1323 = ADVANCED_FACE ( 'NONE', ( #2631 ), #1999, .T. ) ;
#1324 = ADVANCED_FACE ( 'NONE', ( #556 ), #1950, .F. ) ;
#1325 = ADVANCED_FACE ( 'NONE', ( #294 ), #1500, .F. ) ;
#1326 = VERTEX_POINT ( 'NONE', #1754 ) ;
#1327 = DIRECTION ( 'NONE',  ( -0.000000000000000000, 0.000000000000000000, 1.000000000000000000 ) ) ;
#1328 = CARTESIAN_POINT ( 'NONE',  ( -0.5000000000000000000, -0.3150000000000000577, 0.4899999999999999911 ) ) ;
#1329 = LINE ( 'NONE', #1299, #700 ) ;
#1330 = ORIENTED_EDGE ( 'NONE', *, *, #2235, .F. ) ;
#1331 = CARTESIAN_POINT ( 'NONE',  ( -0.1964637201996785598, -0.04000000000000000083, -0.4343476953305401844 ) ) ;
#1332 =( NAMED_UNIT ( * ) PLANE_ANGLE_UNIT ( ) SI_UNIT ( $, .RADIAN. ) );
#1333 = DIRECTION ( 'NONE',  ( 8.618858347276449337E-16, 0.000000000000000000, -1.000000000000000000 ) ) ;
#1334 = EDGE_CURVE ( 'NONE', #195, #1853, #570, .T. ) ;
#1335 = ORIENTED_EDGE ( 'NONE', *, *, #877, .F. ) ;
#1336 = UNCERTAINTY_MEASURE_WITH_UNIT (LENGTH_MEASURE( 1.000000000000000082E-05 ), #1248, 'distance_accuracy_value', 'NONE');
#1337 = ORIENTED_EDGE ( 'NONE', *, *, #2099, .T. ) ;
#1338 = SURFACE_STYLE_USAGE ( .BOTH. , #621 ) ;
#1339 = ORIENTED_EDGE ( 'NONE', *, *, #1760, .F. ) ;
#1340 = EDGE_CURVE ( 'NONE', #149, #1490, #241, .T. ) ;
#1341 = CARTESIAN_POINT ( 'NONE',  ( -0.4728196545823251662, -0.02500000000000000486, -0.3000000000000001554 ) ) ;
#1342 = COLOUR_RGB ( '',0.2509803921568627416, 0.2509803921568627416, 0.2509803921568627416 ) ;
#1343 = STYLED_ITEM ( 'NONE', ( #1624 ), #223 ) ;
#1344 =( NAMED_UNIT ( * ) SI_UNIT ( $, .STERADIAN. ) SOLID_ANGLE_UNIT ( ) );
#1345 = COLOUR_RGB ( '',0.7921568627450980005, 0.8196078431372548767, 0.9333333333333333481 ) ;
#1346 = SURFACE_STYLE_USAGE ( .BOTH. , #2992 ) ;
#1347 = VECTOR ( 'NONE', #2261, 1000.000000000000000 ) ;
#1348 = DIRECTION ( 'NONE',  ( 0.000000000000000000, 1.000000000000000000, 0.000000000000000000 ) ) ;
#1349 = COLOUR_RGB ( '',1.000000000000000000, 1.000000000000000000, 1.000000000000000000 ) ;
#1350 = VERTEX_POINT ( 'NONE', #196 ) ;
#1351 = PRESENTATION_LAYER_ASSIGNMENT (  '', '', ( #3023 ) ) ;
#1352 = CARTESIAN_POINT ( 'NONE',  ( 0.4604133079606314571, -0.02500000000000000486, 0.3000000000000001554 ) ) ;
#1353 = CARTESIAN_POINT ( 'NONE',  ( 0.5000000000000000000, -0.04000000000000000083, -0.4403625443398770378 ) ) ;
#1354 = EDGE_CURVE ( 'NONE', #1636, #2934, #2338, .T. ) ;
#1355 = SURFACE_SIDE_STYLE ('',( #1302 ) ) ;
#1356 = EDGE_LOOP ( 'NONE', ( #83, #2469, #506, #1243, #686, #934, #340, #1393 ) ) ;
#1357 = STYLED_ITEM ( 'NONE', ( #2535 ), #1952 ) ;
#1358 = DIRECTION ( 'NONE',  ( 0.000000000000000000, -1.000000000000000000, 0.000000000000000000 ) ) ;
#1359 = EDGE_CURVE ( 'NONE', #1350, #2650, #677, .T. ) ;
#1360 = VECTOR ( 'NONE', #958, 1000.000000000000000 ) ;
#1361 = ORIENTED_EDGE ( 'NONE', *, *, #1677, .T. ) ;
#1362 = FILL_AREA_STYLE_COLOUR ( '', #1693 ) ;
#1363 = VECTOR ( 'NONE', #873, 1000.000000000000000 ) ;
#1364 = ADVANCED_FACE ( 'NONE', ( #1891 ), #708, .T. ) ;
#1365 =( NAMED_UNIT ( * ) PLANE_ANGLE_UNIT ( ) SI_UNIT ( $, .RADIAN. ) );
#1366 = ORIENTED_EDGE ( 'NONE', *, *, #553, .F. ) ;
#1367 = UNCERTAINTY_MEASURE_WITH_UNIT (LENGTH_MEASURE( 1.000000000000000082E-05 ), #2066, 'distance_accuracy_value', 'NONE');
#1368 = CARTESIAN_POINT ( 'NONE',  ( -0.1500000000000001055, -0.3149999999999998357, -0.5000000000000001110 ) ) ;
#1369 = LINE ( 'NONE', #180, #2490 ) ;
#1370 = PLANE ( 'NONE',  #2111 ) ;
#1371 = UNCERTAINTY_MEASURE_WITH_UNIT (LENGTH_MEASURE( 1.000000000000000082E-05 ), #2595, 'distance_accuracy_value', 'NONE');
#1372 = VERTEX_POINT ( 'NONE', #1465 ) ;
#1373 = ORIENTED_EDGE ( 'NONE', *, *, #1919, .F. ) ;
#1374 =( LENGTH_UNIT ( ) NAMED_UNIT ( * ) SI_UNIT ( .MILLI., .METRE. ) );
#1375 = LINE ( 'NONE', #1892, #2210 ) ;
#1376 =( NAMED_UNIT ( * ) SI_UNIT ( $, .STERADIAN. ) SOLID_ANGLE_UNIT ( ) );
#1377 = ORIENTED_EDGE ( 'NONE', *, *, #198, .F. ) ;
#1378 = CARTESIAN_POINT ( 'NONE',  ( -0.1500000000000002442, -0.03000000000000000583, -0.5000000000000000000 ) ) ;
#1379 = PRESENTATION_STYLE_ASSIGNMENT (( #649 ) ) ;
#1380 = ORIENTED_EDGE ( 'NONE', *, *, #2910, .T. ) ;
#1381 = FILL_AREA_STYLE ('',( #431 ) ) ;
#1382 = ORIENTED_EDGE ( 'NONE', *, *, #2561, .F. ) ;
#1383 =( NAMED_UNIT ( * ) PLANE_ANGLE_UNIT ( ) SI_UNIT ( $, .RADIAN. ) );
#1384 = APPLICATION_PROTOCOL_DEFINITION ( 'draft international standard', 'automotive_design', 1998, #2723 ) ;
#1385 = SURFACE_SIDE_STYLE ('',( #2791 ) ) ;
#1386 = ADVANCED_FACE ( 'NONE', ( #774 ), #2155, .T. ) ;
#1387 = PRESENTATION_LAYER_ASSIGNMENT (  '', '', ( #1343 ) ) ;
#1388 = VECTOR ( 'NONE', #2613, 1000.000000000000000 ) ;
#1389 = CARTESIAN_POINT ( 'NONE',  ( -0.1500000000000002442, -0.04000000000000000083, -0.4900000000000001021 ) ) ;
#1390 =( GEOMETRIC_REPRESENTATION_CONTEXT ( 3 ) GLOBAL_UNCERTAINTY_ASSIGNED_CONTEXT ( ( #278 ) ) GLOBAL_UNIT_ASSIGNED_CONTEXT ( ( #1563, #2976, #2513 ) ) REPRESENTATION_CONTEXT ( 'NONE', 'WORKASPACE' ) );
#1391 = EDGE_CURVE ( 'NONE', #2028, #2880, #1697, .T. ) ;
#1392 = EDGE_LOOP ( 'NONE', ( #1822, #210, #745, #1934 ) ) ;
#1393 = ORIENTED_EDGE ( 'NONE', *, *, #1570, .T. ) ;
#1394 =( NAMED_UNIT ( * ) PLANE_ANGLE_UNIT ( ) SI_UNIT ( $, .RADIAN. ) );
#1395 = PRESENTATION_LAYER_ASSIGNMENT (  '', '', ( #220 ) ) ;
#1396 = UNCERTAINTY_MEASURE_WITH_UNIT (LENGTH_MEASURE( 1.000000000000000082E-05 ), #1200, 'distance_accuracy_value', 'NONE');
#1397 = EDGE_LOOP ( 'NONE', ( #153, #2612, #35, #2203, #302, #178, #2458, #3025, #2664 ) ) ;
#1398 =( LENGTH_UNIT ( ) NAMED_UNIT ( * ) SI_UNIT ( .MILLI., .METRE. ) );
#1399 = SURFACE_SIDE_STYLE ('',( #1576 ) ) ;
#1400 = DIRECTION ( 'NONE',  ( -0.000000000000000000, -1.000000000000000000, -0.000000000000000000 ) ) ;
#1401 = VERTEX_POINT ( 'NONE', #49 ) ;
#1402 = COLOUR_RGB ( '',0.8980392156862745390, 0.8980392156862745390, 0.8980392156862745390 ) ;
#1403 = DIRECTION ( 'NONE',  ( 0.000000000000000000, 1.000000000000000000, 0.000000000000000000 ) ) ;
#1404 = CYLINDRICAL_SURFACE ( 'NONE', #2759, 0.1499999999999999667 ) ;
#1405 = PRESENTATION_LAYER_ASSIGNMENT (  '', '', ( #2777 ) ) ;
#1406 = COLOUR_RGB ( '',0.8980392156862745390, 0.8980392156862745390, 0.8980392156862745390 ) ;
#1407 = SURFACE_STYLE_USAGE ( .BOTH. , #2355 ) ;
#1408 = STYLED_ITEM ( 'NONE', ( #2370 ), #2796 ) ;
#1409 = ORIENTED_EDGE ( 'NONE', *, *, #877, .T. ) ;
#1410 = ORIENTED_EDGE ( 'NONE', *, *, #1752, .F. ) ;
#1411 = SURFACE_STYLE_USAGE ( .BOTH. , #2133 ) ;
#1412 = ORIENTED_EDGE ( 'NONE', *, *, #2043, .T. ) ;
#1413 =( NAMED_UNIT ( * ) SI_UNIT ( $, .STERADIAN. ) SOLID_ANGLE_UNIT ( ) );
#1414 =( NAMED_UNIT ( * ) SI_UNIT ( $, .STERADIAN. ) SOLID_ANGLE_UNIT ( ) );
#1415 = SURFACE_SIDE_STYLE ('',( #685 ) ) ;
#1416 = ORIENTED_EDGE ( 'NONE', *, *, #291, .T. ) ;
#1417 = LINE ( 'NONE', #2366, #763 ) ;
#1418 =( LENGTH_UNIT ( ) NAMED_UNIT ( * ) SI_UNIT ( .MILLI., .METRE. ) );
#1419 = DIRECTION ( 'NONE',  ( -1.000000000000000000, 0.000000000000000000, -0.000000000000000000 ) ) ;
#1420 = DIRECTION ( 'NONE',  ( 0.000000000000000000, 1.000000000000000000, 0.000000000000000000 ) ) ;
#1421 = FILL_AREA_STYLE_COLOUR ( '', #1861 ) ;
#1422 = ORIENTED_EDGE ( 'NONE', *, *, #1650, .T. ) ;
#1423 =( NAMED_UNIT ( * ) PLANE_ANGLE_UNIT ( ) SI_UNIT ( $, .RADIAN. ) );
#1424 = CARTESIAN_POINT ( 'NONE',  ( 0.5000000000000000000, -0.03000000000000000583, -0.5000000000000001110 ) ) ;
#1425 = ADVANCED_FACE ( 'NONE', ( #287 ), #272, .T. ) ;
#1426 = ORIENTED_EDGE ( 'NONE', *, *, #2248, .T. ) ;
#1427 = DIRECTION ( 'NONE',  ( 8.257152417909360273E-16, -0.000000000000000000, 1.000000000000000000 ) ) ;
#1428 = DIRECTION ( 'NONE',  ( 0.000000000000000000, -0.000000000000000000, 1.000000000000000000 ) ) ;
#1429 = ORIENTED_EDGE ( 'NONE', *, *, #2843, .F. ) ;
#1430 = LINE ( 'NONE', #723, #712 ) ;
#1431 = PRODUCT_CONTEXT ( 'NONE', #2723, 'mechanical' ) ;
#1432 = CARTESIAN_POINT ( 'NONE',  ( 0.5000000000000000000, -0.04000000000000000083, 0.4899999999999999911 ) ) ;
#1433 =( LENGTH_UNIT ( ) NAMED_UNIT ( * ) SI_UNIT ( .MILLI., .METRE. ) );
#1434 = CARTESIAN_POINT ( 'NONE',  ( -0.1496662954709576665, -1.030000000000000027, -0.5000000000000001110 ) ) ;
#1435 =( GEOMETRIC_REPRESENTATION_CONTEXT ( 3 ) GLOBAL_UNCERTAINTY_ASSIGNED_CONTEXT ( ( #1635 ) ) GLOBAL_UNIT_ASSIGNED_CONTEXT ( ( #3028, #2097, #186 ) ) REPRESENTATION_CONTEXT ( 'NONE', 'WORKASPACE' ) );
#1436 = ORIENTED_EDGE ( 'NONE', *, *, #2324, .T. ) ;
#1437 = FACE_OUTER_BOUND ( 'NONE', #1618, .T. ) ;
#1438 = DIRECTION ( 'NONE',  ( -1.000000000000000000, 0.000000000000000000, -1.229767018093190769E-16 ) ) ;
#1439 = PRESENTATION_LAYER_ASSIGNMENT (  '', '', ( #2818 ) ) ;
#1440 = ORIENTED_EDGE ( 'NONE', *, *, #1452, .T. ) ;
#1441 = MECHANICAL_DESIGN_GEOMETRIC_PRESENTATION_REPRESENTATION (  '', ( #648 ), #2871 ) ;
#1442 = EDGE_CURVE ( 'NONE', #2419, #2358, #516, .T. ) ;
#1443 = CARTESIAN_POINT ( 'NONE',  ( 0.4064637201996783578, -0.04000000000000000083, -0.4403625443398770378 ) ) ;
#1444 = DIRECTION ( 'NONE',  ( -0.000000000000000000, 1.000000000000000000, -0.000000000000000000 ) ) ;
#1445 = ORIENTED_EDGE ( 'NONE', *, *, #2543, .T. ) ;
#1446 = VECTOR ( 'NONE', #1726, 1000.000000000000000 ) ;
#1447 = CARTESIAN_POINT ( 'NONE',  ( -0.5000000000000000000, -0.3250000000000000666, 0.2500000000000000000 ) ) ;
#1448 = PLANE ( 'NONE',  #22 ) ;
#1449 = EDGE_CURVE ( 'NONE', #1490, #1853, #2442, .T. ) ;
#1450 = PRESENTATION_LAYER_ASSIGNMENT (  '', '', ( #1852 ) ) ;
#1451 = AXIS2_PLACEMENT_3D ( 'NONE', #1133, #667, #1653 ) ;
#1452 = EDGE_CURVE ( 'NONE', #337, #2995, #2656, .T. ) ;
#1453 = PRESENTATION_STYLE_ASSIGNMENT (( #1628 ) ) ;
#1454 = AXIS2_PLACEMENT_3D ( 'NONE', #1521, #2470, #345 ) ;
#1455 = VERTEX_POINT ( 'NONE', #532 ) ;
#1456 = SURFACE_SIDE_STYLE ('',( #1484 ) ) ;
#1457 = AXIS2_PLACEMENT_3D ( 'NONE', #2743, #626, #199 ) ;
#1458 = UNCERTAINTY_MEASURE_WITH_UNIT (LENGTH_MEASURE( 1.000000000000000082E-05 ), #1187, 'distance_accuracy_value', 'NONE');
#1459 = VERTEX_POINT ( 'NONE', #319 ) ;
#1460 = VECTOR ( 'NONE', #2298, 1000.000000000000000 ) ;
#1461 = PLANE ( 'NONE',  #961 ) ;
#1462 = CARTESIAN_POINT ( 'NONE',  ( -0.4728196545823251662, -0.02500000000000000486, -0.3000000000000001554 ) ) ;
#1463 = DIRECTION ( 'NONE',  ( 0.000000000000000000, -4.517509052022935470E-16, 1.000000000000000000 ) ) ;
#1464 = ORIENTED_EDGE ( 'NONE', *, *, #578, .T. ) ;
#1465 = CARTESIAN_POINT ( 'NONE',  ( 0.5000000000000000000, -0.04000000000000000083, 0.4412696319455212124 ) ) ;
#1466 = CARTESIAN_POINT ( 'NONE',  ( 0.5000000000000000000, -0.3149999999999999467, 0.2500000000000000000 ) ) ;
#1467 =( NAMED_UNIT ( * ) SI_UNIT ( $, .STERADIAN. ) SOLID_ANGLE_UNIT ( ) );
#1468 = ORIENTED_EDGE ( 'NONE', *, *, #924, .T. ) ;
#1469 = EDGE_CURVE ( 'NONE', #1883, #2357, #2502, .T. ) ;
#1470 = FACE_OUTER_BOUND ( 'NONE', #101, .T. ) ;
#1471 = ORIENTED_EDGE ( 'NONE', *, *, #1524, .F. ) ;
#1472 = SURFACE_STYLE_USAGE ( .BOTH. , #1956 ) ;
#1473 = PRESENTATION_STYLE_ASSIGNMENT (( #1657 ) ) ;
#1474 = CARTESIAN_POINT ( 'NONE',  ( -0.1500000000000000777, -0.3150000000000000577, -0.2500000000000001110 ) ) ;
#1475 = EDGE_LOOP ( 'NONE', ( #2256, #246, #545, #1063 ) ) ;
#1476 = LINE ( 'NONE', #273, #1163 ) ;
#1477 = SURFACE_STYLE_USAGE ( .BOTH. , #2207 ) ;
#1478 = ADVANCED_FACE ( 'NONE', ( #1509 ), #2459, .F. ) ;
#1479 = CARTESIAN_POINT ( 'NONE',  ( 0.1500000000000001887, -0.3250000000000000666, -0.5000000000000001110 ) ) ;
#1480 = EDGE_CURVE ( 'NONE', #1954, #1875, #2770, .T. ) ;
#1481 = CLOSED_SHELL ( 'NONE', ( #899, #251, #1666, #207, #1215, #713, #2764, #2312, #1038, #434, #1027 ) ) ;
#1482 =( LENGTH_UNIT ( ) NAMED_UNIT ( * ) SI_UNIT ( .MILLI., .METRE. ) );
#1483 = ORIENTED_EDGE ( 'NONE', *, *, #423, .F. ) ;
#1484 = SURFACE_STYLE_FILL_AREA ( #1986 ) ;
#1485 = EDGE_CURVE ( 'NONE', #432, #3021, #2556, .T. ) ;
#1486 = COLOUR_RGB ( '',0.2509803921568627416, 0.2509803921568627416, 0.2509803921568627416 ) ;
#1487 = ORIENTED_EDGE ( 'NONE', *, *, #1722, .T. ) ;
#1488 = CARTESIAN_POINT ( 'NONE',  ( 0.1500000000000001610, -0.04000000000000000083, 0.4999999999999997780 ) ) ;
#1489 = AXIS2_PLACEMENT_3D ( 'NONE', #818, #155, #2698 ) ;
#1490 = VERTEX_POINT ( 'NONE', #1111 ) ;
#1491 = VECTOR ( 'NONE', #1857, 1000.000000000000000 ) ;
#1492 = FACE_OUTER_BOUND ( 'NONE', #2676, .T. ) ;
#1493 = COLOUR_RGB ( '',0.2509803921568627416, 0.2509803921568627416, 0.2509803921568627416 ) ;
#1494 = CARTESIAN_POINT ( 'NONE',  ( -0.5000000000000000000, -0.03000000000000000583, 0.5000000000000000000 ) ) ;
#1495 = VECTOR ( 'NONE', #688, 1000.000000000000000 ) ;
#1496 = CARTESIAN_POINT ( 'NONE',  ( 0.4604133079606314571, -0.04000000000000000083, 0.3000000000000001554 ) ) ;
#1497 = ORIENTED_EDGE ( 'NONE', *, *, #1391, .F. ) ;
#1498 = VECTOR ( 'NONE', #2697, 1000.000000000000000 ) ;
#1499 = CARTESIAN_POINT ( 'NONE',  ( 0.1496662954709576110, -0.04000000000000000083, 0.4900000000000001021 ) ) ;
#1500 = PLANE ( 'NONE',  #2828 ) ;
#1501 = EDGE_CURVE ( 'NONE', #1039, #2335, #2317, .T. ) ;
#1502 = VECTOR ( 'NONE', #174, 1000.000000000000000 ) ;
#1503 = SURFACE_STYLE_FILL_AREA ( #2225 ) ;
#1504 = ORIENTED_EDGE ( 'NONE', *, *, #940, .F. ) ;
#1505 = STYLED_ITEM ( 'NONE', ( #852 ), #2584 ) ;
#1506 = CARTESIAN_POINT ( 'NONE',  ( -0.5000000000000000000, -0.04000000000000000083, 0.4899999999999999911 ) ) ;
#1507 = VECTOR ( 'NONE', #1348, 1000.000000000000000 ) ;
#1508 = EDGE_LOOP ( 'NONE', ( #267, #808, #1092, #113 ) ) ;
#1509 = FACE_OUTER_BOUND ( 'NONE', #2692, .T. ) ;
#1510 = LINE ( 'NONE', #2725, #2983 ) ;
#1511 = SURFACE_SIDE_STYLE ('',( #2445 ) ) ;
#1512 = DIRECTION ( 'NONE',  ( 0.000000000000000000, 0.000000000000000000, 1.000000000000000000 ) ) ;
#1513 = ORIENTED_EDGE ( 'NONE', *, *, #1855, .F. ) ;
#1514 = SURFACE_STYLE_USAGE ( .BOTH. , #1456 ) ;
#1515 = UNCERTAINTY_MEASURE_WITH_UNIT (LENGTH_MEASURE( 1.000000000000000082E-05 ), #2405, 'distance_accuracy_value', 'NONE');
#1516 = VERTEX_POINT ( 'NONE', #2787 ) ;
#1517 = EDGE_CURVE ( 'NONE', #2790, #2057, #1575, .T. ) ;
#1518 = CARTESIAN_POINT ( 'NONE',  ( 0.000000000000000000, -0.04000000000000000083, -0.5000000000000000000 ) ) ;
#1519 =( LENGTH_UNIT ( ) NAMED_UNIT ( * ) SI_UNIT ( .MILLI., .METRE. ) );
#1520 = EDGE_LOOP ( 'NONE', ( #2303, #1230, #2465, #221, #2239, #1525, #2951, #250 ) ) ;
#1521 = CARTESIAN_POINT ( 'NONE',  ( 0.000000000000000000, -0.3150000000000000022, 0.5000000000000000000 ) ) ;
#1522 = LINE ( 'NONE', #1081, #999 ) ;
#1523 = ADVANCED_FACE ( 'NONE', ( #1871 ), #702, .F. ) ;
#1524 = EDGE_CURVE ( 'NONE', #2198, #948, #74, .T. ) ;
#1525 = ORIENTED_EDGE ( 'NONE', *, *, #1469, .T. ) ;
#1526 = ORIENTED_EDGE ( 'NONE', *, *, #57, .T. ) ;
#1527 = FILL_AREA_STYLE_COLOUR ( '', #1626 ) ;
#1528 = CARTESIAN_POINT ( 'NONE',  ( 0.5000000000000000000, -0.3150000000000000022, -0.5000000000000000000 ) ) ;
#1529 =( GEOMETRIC_REPRESENTATION_CONTEXT ( 3 ) GLOBAL_UNCERTAINTY_ASSIGNED_CONTEXT ( ( #2884 ) ) GLOBAL_UNIT_ASSIGNED_CONTEXT ( ( #14, #1665, #1013 ) ) REPRESENTATION_CONTEXT ( 'NONE', 'WORKASPACE' ) );
#1530 = ADVANCED_FACE ( 'NONE', ( #970 ), #2168, .F. ) ;
#1531 = ORIENTED_EDGE ( 'NONE', *, *, #1152, .F. ) ;
#1532 = PRESENTATION_LAYER_ASSIGNMENT (  '', '', ( #126 ) ) ;
#1533 = CARTESIAN_POINT ( 'NONE',  ( -0.5000000000000000000, -0.3250000000000000666, 0.5000000000000000000 ) ) ;
#1534 = CARTESIAN_POINT ( 'NONE',  ( 0.1500000000000002165, -0.04000000000000000083, 0.4999999999999997780 ) ) ;
#1535 = EDGE_CURVE ( 'NONE', #420, #2970, #2907, .T. ) ;
#1536 = ORIENTED_EDGE ( 'NONE', *, *, #2180, .T. ) ;
#1537 = AXIS2_PLACEMENT_3D ( 'NONE', #1637, #654, #2424 ) ;
#1538 = VECTOR ( 'NONE', #1427, 1000.000000000000000 ) ;
#1539 = PRODUCT_DEFINITION_CONTEXT ( 'detailed design', #1110, 'design' ) ;
#1540 = ORIENTED_EDGE ( 'NONE', *, *, #2860, .T. ) ;
#1541 = LINE ( 'NONE', #2829, #563 ) ;
#1542 = DIRECTION ( 'NONE',  ( 0.000000000000000000, -2.258754526011467735E-16, 1.000000000000000000 ) ) ;
#1543 = PRESENTATION_LAYER_ASSIGNMENT (  '', '', ( #218 ) ) ;
#1544 = STYLED_ITEM ( 'NONE', ( #2367 ), #3039 ) ;
#1545 = SURFACE_STYLE_USAGE ( .BOTH. , #1287 ) ;
#1546 = VERTEX_POINT ( 'NONE', #1462 ) ;
#1547 = VECTOR ( 'NONE', #1985, 1000.000000000000000 ) ;
#1548 = CARTESIAN_POINT ( 'NONE',  ( 0.1500000000000001887, -0.3150000000000000022, 0.2500000000000000000 ) ) ;
#1549 =( GEOMETRIC_REPRESENTATION_CONTEXT ( 3 ) GLOBAL_UNCERTAINTY_ASSIGNED_CONTEXT ( ( #1830 ) ) GLOBAL_UNIT_ASSIGNED_CONTEXT ( ( #34, #2877, #2823 ) ) REPRESENTATION_CONTEXT ( 'NONE', 'WORKASPACE' ) );
#1550 = LINE ( 'NONE', #1993, #1195 ) ;
#1551 = DIRECTION ( 'NONE',  ( 0.000000000000000000, -1.000000000000000000, 0.000000000000000000 ) ) ;
#1552 = DIRECTION ( 'NONE',  ( 0.000000000000000000, -1.000000000000000000, 0.000000000000000000 ) ) ;
#1553 = FILL_AREA_STYLE ('',( #2574 ) ) ;
#1554 = CARTESIAN_POINT ( 'NONE',  ( -0.1500000000000001055, -0.3250000000000000666, 0.4999999999999997780 ) ) ;
#1555 = ADVANCED_FACE ( 'NONE', ( #1186 ), #2867, .F. ) ;
#1556 = DIRECTION ( 'NONE',  ( 0.000000000000000000, 1.000000000000000000, 0.000000000000000000 ) ) ;
#1557 = ORIENTED_EDGE ( 'NONE', *, *, #1073, .F. ) ;
#1558 = DIRECTION ( 'NONE',  ( 0.000000000000000000, -4.517509052022935470E-16, 1.000000000000000000 ) ) ;
#1559 = DIRECTION ( 'NONE',  ( 8.257152417909353370E-16, 0.000000000000000000, -1.000000000000000000 ) ) ;
#1560 = ORIENTED_EDGE ( 'NONE', *, *, #1887, .T. ) ;
#1561 = CARTESIAN_POINT ( 'NONE',  ( -0.5000000000000000000, -0.3250000000000000666, -0.5000000000000001110 ) ) ;
#1562 = EDGE_CURVE ( 'NONE', #1080, #1104, #1905, .T. ) ;
#1563 =( LENGTH_UNIT ( ) NAMED_UNIT ( * ) SI_UNIT ( .MILLI., .METRE. ) );
#1564 = EDGE_CURVE ( 'NONE', #387, #791, #529, .T. ) ;
#1565 = DIRECTION ( 'NONE',  ( 0.000000000000000000, 2.168404344971008868E-16, -1.000000000000000000 ) ) ;
#1566 = ORIENTED_EDGE ( 'NONE', *, *, #996, .T. ) ;
#1567 = ORIENTED_EDGE ( 'NONE', *, *, #1570, .F. ) ;
#1568 = DIRECTION ( 'NONE',  ( -0.000000000000000000, 1.000000000000000000, 0.000000000000000000 ) ) ;
#1569 = CARTESIAN_POINT ( 'NONE',  ( -0.5000000000000000000, -0.04000000000000000083, -0.4900000000000001021 ) ) ;
#1570 = EDGE_CURVE ( 'NONE', #375, #2335, #478, .T. ) ;
#1571 = DIRECTION ( 'NONE',  ( -1.000000000000000000, 0.000000000000000000, 0.000000000000000000 ) ) ;
#1572 = UNCERTAINTY_MEASURE_WITH_UNIT (LENGTH_MEASURE( 1.000000000000000082E-05 ), #443, 'distance_accuracy_value', 'NONE');
#1573 = EDGE_LOOP ( 'NONE', ( #228, #701, #1831, #954, #1034, #1409, #1422, #1961 ) ) ;
#1574 = VECTOR ( 'NONE', #1542, 1000.000000000000000 ) ;
#1575 = LINE ( 'NONE', #2814, #604 ) ;
#1576 = SURFACE_STYLE_FILL_AREA ( #656 ) ;
#1577 = PRESENTATION_LAYER_ASSIGNMENT (  '', '', ( #160 ) ) ;
#1578 = COLOUR_RGB ( '',0.7921568627450980005, 0.8196078431372548767, 0.9333333333333333481 ) ;
#1579 = SURFACE_STYLE_USAGE ( .BOTH. , #1385 ) ;
#1580 =( GEOMETRIC_REPRESENTATION_CONTEXT ( 3 ) GLOBAL_UNCERTAINTY_ASSIGNED_CONTEXT ( ( #1458 ) ) GLOBAL_UNIT_ASSIGNED_CONTEXT ( ( #1187, #1332, #625 ) ) REPRESENTATION_CONTEXT ( 'NONE', 'WORKASPACE' ) );
#1581 = AXIS2_PLACEMENT_3D ( 'NONE', #2415, #2898, #1262 ) ;
#1582 = ORIENTED_EDGE ( 'NONE', *, *, #2019, .T. ) ;
#1583 = AXIS2_PLACEMENT_3D ( 'NONE', #2172, #957, #2873 ) ;
#1584 = CARTESIAN_POINT ( 'NONE',  ( -0.5000000000000000000, -0.3250000000000000666, 0.2500000000000000000 ) ) ;
#1585 = FILL_AREA_STYLE_COLOUR ( '', #133 ) ;
#1586 = LINE ( 'NONE', #2073, #139 ) ;
#1587 = VECTOR ( 'NONE', #950, 1000.000000000000000 ) ;
#1588 = ORIENTED_EDGE ( 'NONE', *, *, #2033, .T. ) ;
#1589 = VECTOR ( 'NONE', #1973, 1000.000000000000000 ) ;
#1590 = EDGE_LOOP ( 'NONE', ( #333, #1588, #308, #2108 ) ) ;
#1591 = FACE_OUTER_BOUND ( 'NONE', #465, .T. ) ;
#1592 = AXIS2_PLACEMENT_3D ( 'NONE', #2461, #1732, #2857 ) ;
#1593 = DIRECTION ( 'NONE',  ( 0.000000000000000000, -1.000000000000000000, 0.000000000000000000 ) ) ;
#1594 = ORIENTED_EDGE ( 'NONE', *, *, #1070, .T. ) ;
#1595 = DIRECTION ( 'NONE',  ( 0.000000000000000000, -0.000000000000000000, 1.000000000000000000 ) ) ;
#1596 = CARTESIAN_POINT ( 'NONE',  ( 0.5000000000000000000, -0.3150000000000000022, -0.4900000000000001021 ) ) ;
#1597 = CARTESIAN_POINT ( 'NONE',  ( 0.5000000000000000000, -0.03000000000000000583, -0.5000000000000001110 ) ) ;
#1598 = DIRECTION ( 'NONE',  ( -1.000000000000000000, 0.000000000000000000, -0.000000000000000000 ) ) ;
#1599 = LINE ( 'NONE', #2879, #122 ) ;
#1600 = UNCERTAINTY_MEASURE_WITH_UNIT (LENGTH_MEASURE( 1.000000000000000082E-05 ), #2041, 'distance_accuracy_value', 'NONE');
#1601 = ORIENTED_EDGE ( 'NONE', *, *, #1130, .F. ) ;
#1602 = DIRECTION ( 'NONE',  ( -0.000000000000000000, 0.000000000000000000, -1.000000000000000000 ) ) ;
#1603 = ADVANCED_FACE ( 'NONE', ( #298 ), #23, .T. ) ;
#1604 = FILL_AREA_STYLE_COLOUR ( '', #2685 ) ;
#1605 = LINE ( 'NONE', #1122, #1197 ) ;
#1606 = ORIENTED_EDGE ( 'NONE', *, *, #935, .F. ) ;
#1607 = EDGE_CURVE ( 'NONE', #9, #2564, #89, .T. ) ;
#1608 = EDGE_CURVE ( 'NONE', #56, #2510, #2362, .T. ) ;
#1609 = PLANE ( 'NONE',  #2304 ) ;
#1610 = ORIENTED_EDGE ( 'NONE', *, *, #1650, .F. ) ;
#1611 = CARTESIAN_POINT ( 'NONE',  ( -0.5000000000000000000, -0.03000000000000000583, 0.5000000000000000000 ) ) ;
#1612 = DIRECTION ( 'NONE',  ( 1.166719074394105051E-15, 0.000000000000000000, -1.000000000000000000 ) ) ;
#1613 = DIRECTION ( 'NONE',  ( 0.000000000000000000, 0.000000000000000000, 1.000000000000000000 ) ) ;
#1614 = ORIENTED_EDGE ( 'NONE', *, *, #2468, .T. ) ;
#1615 = MECHANICAL_DESIGN_GEOMETRIC_PRESENTATION_REPRESENTATION (  '', ( #1294 ), #2039 ) ;
#1616 = LINE ( 'NONE', #3010, #2434 ) ;
#1617 = CARTESIAN_POINT ( 'NONE',  ( -0.4064637201996785798, -0.04000000000000000083, -0.4403625443398770378 ) ) ;
#1618 = EDGE_LOOP ( 'NONE', ( #2013, #2817, #1567, #1337 ) ) ;
#1619 = SURFACE_STYLE_FILL_AREA ( #1678 ) ;
#1620 = CARTESIAN_POINT ( 'NONE',  ( 0.1500000000000001887, -0.3149999999999999467, -0.4900000000000001021 ) ) ;
#1621 =( GEOMETRIC_REPRESENTATION_CONTEXT ( 3 ) GLOBAL_UNCERTAINTY_ASSIGNED_CONTEXT ( ( #902 ) ) GLOBAL_UNIT_ASSIGNED_CONTEXT ( ( #783, #987, #1674 ) ) REPRESENTATION_CONTEXT ( 'NONE', 'WORKASPACE' ) );
#1622 = SURFACE_SIDE_STYLE ('',( #2598 ) ) ;
#1623 = PLANE ( 'NONE',  #2645 ) ;
#1624 = PRESENTATION_STYLE_ASSIGNMENT (( #2610 ) ) ;
#1625 = VECTOR ( 'NONE', #2856, 1000.000000000000000 ) ;
#1626 = COLOUR_RGB ( '',0.8980392156862745390, 0.8980392156862745390, 0.8980392156862745390 ) ;
#1627 = VECTOR ( 'NONE', #2654, 1000.000000000000000 ) ;
#1628 = SURFACE_STYLE_USAGE ( .BOTH. , #2628 ) ;
#1629 = EDGE_LOOP ( 'NONE', ( #109, #1339, #1318, #2655 ) ) ;
#1630 = LINE ( 'NONE', #1168, #1136 ) ;
#1631 = PRESENTATION_LAYER_ASSIGNMENT (  '', '', ( #2526 ) ) ;
#1632 = CARTESIAN_POINT ( 'NONE',  ( -0.4728196545823252217, -0.02500000000000000486, 0.3000000000000001554 ) ) ;
#1633 = SURFACE_STYLE_FILL_AREA ( #417 ) ;
#1634 = AXIS2_PLACEMENT_3D ( 'NONE', #286, #2204, #482 ) ;
#1635 = UNCERTAINTY_MEASURE_WITH_UNIT (LENGTH_MEASURE( 1.000000000000000082E-05 ), #3028, 'distance_accuracy_value', 'NONE');
#1636 = VERTEX_POINT ( 'NONE', #720 ) ;
#1637 = CARTESIAN_POINT ( 'NONE',  ( 0.000000000000000000, -0.04000000000000000083, 0.000000000000000000 ) ) ;
#1638 = COLOUR_RGB ( '',0.8980392156862745390, 0.8980392156862745390, 0.8980392156862745390 ) ;
#1639 = LINE ( 'NONE', #673, #1491 ) ;
#1640 = SURFACE_STYLE_FILL_AREA ( #1886 ) ;
#1641 = EDGE_LOOP ( 'NONE', ( #2412, #2243, #2552, #1987, #312, #1716, #664, #2778 ) ) ;
#1642 = DIRECTION ( 'NONE',  ( 0.000000000000000000, -0.000000000000000000, -1.000000000000000000 ) ) ;
#1643 = FILL_AREA_STYLE ('',( #1362 ) ) ;
#1644 = PRESENTATION_STYLE_ASSIGNMENT (( #2546 ) ) ;
#1645 = FILL_AREA_STYLE ('',( #2839 ) ) ;
#1646 = SURFACE_SIDE_STYLE ('',( #436 ) ) ;
#1647 = COLOUR_RGB ( '',0.8980392156862745390, 0.8980392156862745390, 0.8980392156862745390 ) ;
#1648 = STYLED_ITEM ( 'NONE', ( #1231 ), #2418 ) ;
#1649 = CARTESIAN_POINT ( 'NONE',  ( -0.5000000000000000000, -0.04000000000000000083, -0.4900000000000001021 ) ) ;
#1650 = EDGE_CURVE ( 'NONE', #2870, #1401, #1656, .T. ) ;
#1651 = VERTEX_POINT ( 'NONE', #1923 ) ;
#1652 = DIRECTION ( 'NONE',  ( -1.000000000000000000, 0.000000000000000000, -8.618858347276449337E-16 ) ) ;
#1653 = DIRECTION ( 'NONE',  ( -1.000000000000000000, 0.000000000000000000, -0.000000000000000000 ) ) ;
#1654 = ORIENTED_EDGE ( 'NONE', *, *, #2356, .F. ) ;
#1655 = CARTESIAN_POINT ( 'NONE',  ( 0.1964637201996782268, -0.04000000000000000083, -0.3000000000000001554 ) ) ;
#1656 = LINE ( 'NONE', #2186, #1538 ) ;
#1657 = SURFACE_STYLE_USAGE ( .BOTH. , #2889 ) ;
#1658 = DIRECTION ( 'NONE',  ( 0.000000000000000000, 0.000000000000000000, 1.000000000000000000 ) ) ;
#1659 = VERTEX_POINT ( 'NONE', #1004 ) ;
#1660 = CARTESIAN_POINT ( 'NONE',  ( -0.5000000000000002220, -0.04000000000000000083, 0.4412696319455212124 ) ) ;
#1661 = DIRECTION ( 'NONE',  ( -1.000000000000000000, 0.000000000000000000, -0.000000000000000000 ) ) ;
#1662 = DIRECTION ( 'NONE',  ( -0.000000000000000000, 1.000000000000000000, -0.000000000000000000 ) ) ;
#1663 = DIRECTION ( 'NONE',  ( 1.000000000000000000, 0.000000000000000000, 0.000000000000000000 ) ) ;
#1664 = CARTESIAN_POINT ( 'NONE',  ( 0.5000000000000000000, -0.3250000000000000666, 0.5000000000000000000 ) ) ;
#1665 =( NAMED_UNIT ( * ) PLANE_ANGLE_UNIT ( ) SI_UNIT ( $, .RADIAN. ) );
#1666 = ADVANCED_FACE ( 'NONE', ( #2887 ), #1189, .T. ) ;
#1667 = ORIENTED_EDGE ( 'NONE', *, *, #1564, .F. ) ;
#1668 = EDGE_CURVE ( 'NONE', #1636, #2751, #1430, .T. ) ;
#1669 = FILL_AREA_STYLE_COLOUR ( '', #1145 ) ;
#1670 = FACE_OUTER_BOUND ( 'NONE', #2958, .T. ) ;
#1671 = ORIENTED_EDGE ( 'NONE', *, *, #1442, .F. ) ;
#1672 = CARTESIAN_POINT ( 'NONE',  ( 0.1964637201996779770, -0.04000000000000000083, -0.3000000000000001554 ) ) ;
#1673 = EDGE_CURVE ( 'NONE', #1326, #1785, #1910, .T. ) ;
#1674 =( NAMED_UNIT ( * ) SI_UNIT ( $, .STERADIAN. ) SOLID_ANGLE_UNIT ( ) );
#1675 = CARTESIAN_POINT ( 'NONE',  ( 0.5000000000000000000, -0.3250000000000000666, 0.5000000000000000000 ) ) ;
#1676 = ORIENTED_EDGE ( 'NONE', *, *, #1340, .T. ) ;
#1677 = EDGE_CURVE ( 'NONE', #1080, #791, #2171, .T. ) ;
#1678 = FILL_AREA_STYLE ('',( #47 ) ) ;
#1679 = SHAPE_DEFINITION_REPRESENTATION ( #828, #2959 ) ;
#1680 = FILL_AREA_STYLE ('',( #1718 ) ) ;
#1681 = DIRECTION ( 'NONE',  ( 0.000000000000000000, -1.000000000000000000, 0.000000000000000000 ) ) ;
#1682 = PLANE ( 'NONE',  #2900 ) ;
#1683 = SURFACE_STYLE_USAGE ( .BOTH. , #2807 ) ;
#1684 = VECTOR ( 'NONE', #549, 1000.000000000000000 ) ;
#1685 = ORIENTED_EDGE ( 'NONE', *, *, #388, .T. ) ;
#1686 = CARTESIAN_POINT ( 'NONE',  ( -0.5000000000000000000, -0.3150000000000000022, -0.4900000000000001021 ) ) ;
#1687 = AXIS2_PLACEMENT_3D ( 'NONE', #784, #1714, #1979 ) ;
#1688 = DIRECTION ( 'NONE',  ( -0.000000000000000000, -1.000000000000000000, -0.000000000000000000 ) ) ;
#1689 =( LENGTH_UNIT ( ) NAMED_UNIT ( * ) SI_UNIT ( .MILLI., .METRE. ) );
#1690 = PRESENTATION_LAYER_ASSIGNMENT (  '', '', ( #355 ) ) ;
#1691 = ORIENTED_EDGE ( 'NONE', *, *, #2615, .F. ) ;
#1692 = DIRECTION ( 'NONE',  ( -2.333438148788204579E-15, 0.000000000000000000, -1.000000000000000000 ) ) ;
#1693 = COLOUR_RGB ( '',0.7921568627450980005, 0.8196078431372548767, 0.9333333333333333481 ) ;
#1694 = LINE ( 'NONE', #561, #80 ) ;
#1695 = EDGE_LOOP ( 'NONE', ( #2215, #99, #1426, #193, #598, #1818, #984, #1560 ) ) ;
#1696 = FILL_AREA_STYLE ('',( #687 ) ) ;
#1697 = LINE ( 'NONE', #1717, #711 ) ;
#1698 = CARTESIAN_POINT ( 'NONE',  ( -0.4064637201996785798, -0.03000000000000000583, -0.4403625443398770378 ) ) ;
#1699 = DIRECTION ( 'NONE',  ( 0.000000000000000000, 0.000000000000000000, 1.000000000000000000 ) ) ;
#1700 =( GEOMETRIC_REPRESENTATION_CONTEXT ( 3 ) GLOBAL_UNCERTAINTY_ASSIGNED_CONTEXT ( ( #2540 ) ) GLOBAL_UNIT_ASSIGNED_CONTEXT ( ( #986, #2199, #1413 ) ) REPRESENTATION_CONTEXT ( 'NONE', 'WORKASPACE' ) );
#1701 = DIRECTION ( 'NONE',  ( -1.000000000000000000, 0.000000000000000000, 0.000000000000000000 ) ) ;
#1702 = MECHANICAL_DESIGN_GEOMETRIC_PRESENTATION_REPRESENTATION (  '', ( #218 ), #1755 ) ;
#1703 =( GEOMETRIC_REPRESENTATION_CONTEXT ( 3 ) GLOBAL_UNCERTAINTY_ASSIGNED_CONTEXT ( ( #145 ) ) GLOBAL_UNIT_ASSIGNED_CONTEXT ( ( #2247, #2278, #1344 ) ) REPRESENTATION_CONTEXT ( 'NONE', 'WORKASPACE' ) );
#1704 = SURFACE_STYLE_FILL_AREA ( #2859 ) ;
#1705 = PRESENTATION_LAYER_ASSIGNMENT (  '', '', ( #910 ) ) ;
#1706 = ORIENTED_EDGE ( 'NONE', *, *, #2681, .T. ) ;
#1707 = DIRECTION ( 'NONE',  ( -4.128576208954687039E-16, 0.000000000000000000, 1.000000000000000000 ) ) ;
#1708 = COLOUR_RGB ( '',0.2509803921568627416, 0.2509803921568627416, 0.2509803921568627416 ) ;
#1709 = UNCERTAINTY_MEASURE_WITH_UNIT (LENGTH_MEASURE( 1.000000000000000082E-05 ), #2663, 'distance_accuracy_value', 'NONE');
#1710 = ORIENTED_EDGE ( 'NONE', *, *, #2710, .F. ) ;
#1711 = LINE ( 'NONE', #2905, #1498 ) ;
#1712 = DIRECTION ( 'NONE',  ( 1.000000000000000000, 0.000000000000000000, 1.166719074394108009E-15 ) ) ;
#1713 = ADVANCED_FACE ( 'NONE', ( #2381 ), #1175, .T. ) ;
#1714 = DIRECTION ( 'NONE',  ( -0.000000000000000000, -1.000000000000000000, -0.000000000000000000 ) ) ;
#1715 = EDGE_CURVE ( 'NONE', #1972, #1267, #1417, .T. ) ;
#1716 = ORIENTED_EDGE ( 'NONE', *, *, #2948, .T. ) ;
#1717 = CARTESIAN_POINT ( 'NONE',  ( -0.5000000000000000000, -0.04000000000000000083, -0.4900000000000001021 ) ) ;
#1718 = FILL_AREA_STYLE_COLOUR ( '', #2352 ) ;
#1719 = SURFACE_STYLE_FILL_AREA ( #2687 ) ;
#1720 = CARTESIAN_POINT ( 'NONE',  ( -0.5000000000000003331, -1.290000000000000036, -0.4900000000000001021 ) ) ;
#1721 = DIRECTION ( 'NONE',  ( 1.000000000000000000, 0.000000000000000000, -1.238572862686405076E-15 ) ) ;
#1722 = EDGE_CURVE ( 'NONE', #420, #382, #672, .T. ) ;
#1723 = LINE ( 'NONE', #1948, #714 ) ;
#1724 = DIRECTION ( 'NONE',  ( 1.000000000000000000, 0.000000000000000000, -0.000000000000000000 ) ) ;
#1725 = ORIENTED_EDGE ( 'NONE', *, *, #234, .T. ) ;
#1726 = DIRECTION ( 'NONE',  ( 1.000000000000000000, 0.000000000000000000, 0.000000000000000000 ) ) ;
#1727 = FILL_AREA_STYLE_COLOUR ( '', #2337 ) ;
#1728 = ORIENTED_EDGE ( 'NONE', *, *, #1874, .F. ) ;
#1729 = DIRECTION ( 'NONE',  ( 0.000000000000000000, -0.000000000000000000, 1.000000000000000000 ) ) ;
#1730 = LINE ( 'NONE', #758, #45 ) ;
#1731 = CARTESIAN_POINT ( 'NONE',  ( 0.1500000000000000777, -0.03000000000000000583, -0.5000000000000000000 ) ) ;
#1732 = DIRECTION ( 'NONE',  ( -0.000000000000000000, -1.000000000000000000, -0.000000000000000000 ) ) ;
#1733 = LINE ( 'NONE', #121, #893 ) ;
#1734 = VERTEX_POINT ( 'NONE', #1672 ) ;
#1735 = VECTOR ( 'NONE', #2503, 1000.000000000000000 ) ;
#1736 = CARTESIAN_POINT ( 'NONE',  ( 0.5000000000000000000, -0.04000000000000000083, 0.4899999999999999911 ) ) ;
#1737 = CARTESIAN_POINT ( 'NONE',  ( -0.5000000000000000000, -0.3150000000000000577, -0.2500000000000001110 ) ) ;
#1738 = COLOUR_RGB ( '',0.8980392156862745390, 0.8980392156862745390, 0.8980392156862745390 ) ;
#1739 = VECTOR ( 'NONE', #589, 1000.000000000000000 ) ;
#1740 = STYLED_ITEM ( 'NONE', ( #82 ), #886 ) ;
#1741 = ORIENTED_EDGE ( 'NONE', *, *, #755, .F. ) ;
#1742 = CARTESIAN_POINT ( 'NONE',  ( -0.4064637201996785798, -0.04000000000000000083, -0.4403625443398770378 ) ) ;
#1743 = CIRCLE ( 'NONE', #395, 0.1499999999999999667 ) ;
#1744 = LINE ( 'NONE', #2683, #1897 ) ;
#1745 = EDGE_LOOP ( 'NONE', ( #2360, #1925, #3000, #1594 ) ) ;
#1746 =( NAMED_UNIT ( * ) PLANE_ANGLE_UNIT ( ) SI_UNIT ( $, .RADIAN. ) );
#1747 = LINE ( 'NONE', #534, #590 ) ;
#1748 =( GEOMETRIC_REPRESENTATION_CONTEXT ( 3 ) GLOBAL_UNCERTAINTY_ASSIGNED_CONTEXT ( ( #2302 ) ) GLOBAL_UNIT_ASSIGNED_CONTEXT ( ( #497, #2413, #547 ) ) REPRESENTATION_CONTEXT ( 'NONE', 'WORKASPACE' ) );
#1749 = DIRECTION ( 'NONE',  ( -0.000000000000000000, -0.000000000000000000, 1.000000000000000000 ) ) ;
#1750 = COLOUR_RGB ( '',0.8980392156862745390, 0.8980392156862745390, 0.8980392156862745390 ) ;
#1751 = VERTEX_POINT ( 'NONE', #2394 ) ;
#1752 = EDGE_CURVE ( 'NONE', #428, #2870, #2832, .T. ) ;
#1753 = CARTESIAN_POINT ( 'NONE',  ( -0.5000000000000000000, -0.03000000000000000583, -0.5000000000000001110 ) ) ;
#1754 = CARTESIAN_POINT ( 'NONE',  ( -0.5000000000000000000, -0.3150000000000000577, 0.4899999999999999911 ) ) ;
#1755 =( GEOMETRIC_REPRESENTATION_CONTEXT ( 3 ) GLOBAL_UNCERTAINTY_ASSIGNED_CONTEXT ( ( #224 ) ) GLOBAL_UNIT_ASSIGNED_CONTEXT ( ( #2026, #1796, #351 ) ) REPRESENTATION_CONTEXT ( 'NONE', 'WORKASPACE' ) );
#1756 = EDGE_LOOP ( 'NONE', ( #1468, #757, #1238, #277 ) ) ;
#1757 = CARTESIAN_POINT ( 'NONE',  ( -0.5000000000000000000, -0.3150000000000000577, -0.2500000000000001110 ) ) ;
#1758 = VECTOR ( 'NONE', #1964, 1000.000000000000000 ) ;
#1759 = EDGE_CURVE ( 'NONE', #76, #2995, #2167, .T. ) ;
#1760 = EDGE_CURVE ( 'NONE', #1734, #2904, #2569, .T. ) ;
#1761 = FACE_OUTER_BOUND ( 'NONE', #413, .T. ) ;
#1762 = FILL_AREA_STYLE ('',( #605 ) ) ;
#1763 = MECHANICAL_DESIGN_GEOMETRIC_PRESENTATION_REPRESENTATION (  '', ( #2065 ), #2736 ) ;
#1764 = ORIENTED_EDGE ( 'NONE', *, *, #1607, .F. ) ;
#1765 = CARTESIAN_POINT ( 'NONE',  ( 0.5000000000000000000, -0.3149999999999999467, 0.2500000000000000000 ) ) ;
#1766 = PLANE ( 'NONE',  #461 ) ;
#1767 = LINE ( 'NONE', #1320, #1251 ) ;
#1768 = CARTESIAN_POINT ( 'NONE',  ( 0.1500000000000001887, -0.3149999999999999467, 0.2500000000000000000 ) ) ;
#1769 = PLANE ( 'NONE',  #1006 ) ;
#1770 = VERTEX_POINT ( 'NONE', #476 ) ;
#1771 = CARTESIAN_POINT ( 'NONE',  ( 0.5000000000000000000, -0.04000000000000000083, -0.4403625443398770378 ) ) ;
#1772 = ADVANCED_FACE ( 'NONE', ( #2377 ), #60, .F. ) ;
#1773 = ORIENTED_EDGE ( 'NONE', *, *, #1997, .T. ) ;
#1774 = FACE_OUTER_BOUND ( 'NONE', #2219, .T. ) ;
#1775 = PLANE ( 'NONE',  #2671 ) ;
#1776 = DIRECTION ( 'NONE',  ( 0.000000000000000000, 0.000000000000000000, -1.000000000000000000 ) ) ;
#1777 = EDGE_CURVE ( 'NONE', #2198, #2508, #920, .T. ) ;
#1778 = ORIENTED_EDGE ( 'NONE', *, *, #792, .F. ) ;
#1779 = DIRECTION ( 'NONE',  ( 0.000000000000000000, 0.000000000000000000, 1.000000000000000000 ) ) ;
#1780 = CARTESIAN_POINT ( 'NONE',  ( 0.1964637201996783378, -0.04000000000000000083, 0.4343476953305399624 ) ) ;
#1781 = CARTESIAN_POINT ( 'NONE',  ( 0.1500000000000002165, -0.03000000000000000583, 0.4999999999999997780 ) ) ;
#1782 = DIRECTION ( 'NONE',  ( 0.000000000000000000, 0.000000000000000000, 1.000000000000000000 ) ) ;
#1783 = ORIENTED_EDGE ( 'NONE', *, *, #200, .T. ) ;
#1784 = PLANE ( 'NONE',  #1916 ) ;
#1785 = VERTEX_POINT ( 'NONE', #1285 ) ;
#1786 = CARTESIAN_POINT ( 'NONE',  ( -0.1964637201996785598, -0.04000000000000000083, -0.4343476953305401844 ) ) ;
#1787 = STYLED_ITEM ( 'NONE', ( #959 ), #207 ) ;
#1788 = FILL_AREA_STYLE ('',( #1286 ) ) ;
#1789 = PRESENTATION_STYLE_ASSIGNMENT (( #1545 ) ) ;
#1790 = VECTOR ( 'NONE', #1071, 1000.000000000000000 ) ;
#1791 = ORIENTED_EDGE ( 'NONE', *, *, #2670, .F. ) ;
#1792 = CARTESIAN_POINT ( 'NONE',  ( 0.1964637201996783378, -0.04000000000000000083, 0.4343476953305399624 ) ) ;
#1793 = CARTESIAN_POINT ( 'NONE',  ( -0.5000000000000000000, -0.3250000000000000666, -0.2500000000000001110 ) ) ;
#1794 = PRESENTATION_LAYER_ASSIGNMENT (  '', '', ( #1901 ) ) ;
#1795 = SURFACE_STYLE_USAGE ( .BOTH. , #137 ) ;
#1796 =( NAMED_UNIT ( * ) PLANE_ANGLE_UNIT ( ) SI_UNIT ( $, .RADIAN. ) );
#1797 = EDGE_CURVE ( 'NONE', #718, #1174, #2466, .T. ) ;
#1798 = DIRECTION ( 'NONE',  ( -1.000000000000000000, 0.000000000000000000, -0.000000000000000000 ) ) ;
#1799 = LINE ( 'NONE', #2731, #1165 ) ;
#1800 = VECTOR ( 'NONE', #509, 1000.000000000000000 ) ;
#1801 = FILL_AREA_STYLE_COLOUR ( '', #1708 ) ;
#1802 = MECHANICAL_DESIGN_GEOMETRIC_PRESENTATION_REPRESENTATION (  '', ( #1357 ), #2208 ) ;
#1803 = VERTEX_POINT ( 'NONE', #507 ) ;
#1804 = CARTESIAN_POINT ( 'NONE',  ( -0.5000000000000000000, -0.03000000000000000583, 0.5000000000000000000 ) ) ;
#1805 = FILL_AREA_STYLE ('',( #2747 ) ) ;
#1806 = VECTOR ( 'NONE', #1998, 1000.000000000000000 ) ;
#1807 = MECHANICAL_DESIGN_GEOMETRIC_PRESENTATION_REPRESENTATION (  '', ( #1162 ), #555 ) ;
#1808 =( NAMED_UNIT ( * ) PLANE_ANGLE_UNIT ( ) SI_UNIT ( $, .RADIAN. ) );
#1809 = ORIENTED_EDGE ( 'NONE', *, *, #259, .F. ) ;
#1810 = MECHANICAL_DESIGN_GEOMETRIC_PRESENTATION_REPRESENTATION (  '', ( #1505 ), #177 ) ;
#1811 = CARTESIAN_POINT ( 'NONE',  ( -0.1500000000000001055, -0.3249999999999999556, -0.2500000000000001110 ) ) ;
#1812 = MECHANICAL_DESIGN_GEOMETRIC_PRESENTATION_REPRESENTATION (  '', ( #141 ), #2542 ) ;
#1813 = EDGE_CURVE ( 'NONE', #2484, #1516, #2227, .T. ) ;
#1814 =( NAMED_UNIT ( * ) SI_UNIT ( $, .STERADIAN. ) SOLID_ANGLE_UNIT ( ) );
#1815 = ADVANCED_FACE ( 'NONE', ( #752 ), #1461, .T. ) ;
#1816 = DIRECTION ( 'NONE',  ( 1.000000000000000000, 0.000000000000000000, 0.000000000000000000 ) ) ;
#1817 = ORIENTED_EDGE ( 'NONE', *, *, #477, .F. ) ;
#1818 = ORIENTED_EDGE ( 'NONE', *, *, #755, .T. ) ;
#1819 = DIRECTION ( 'NONE',  ( -1.000000000000000000, 0.000000000000000000, 0.000000000000000000 ) ) ;
#1820 =( LENGTH_UNIT ( ) NAMED_UNIT ( * ) SI_UNIT ( .MILLI., .METRE. ) );
#1821 =( NAMED_UNIT ( * ) PLANE_ANGLE_UNIT ( ) SI_UNIT ( $, .RADIAN. ) );
#1822 = ORIENTED_EDGE ( 'NONE', *, *, #2457, .F. ) ;
#1823 = PRESENTATION_STYLE_ASSIGNMENT (( #633 ) ) ;
#1824 = DIRECTION ( 'NONE',  ( -1.238572862686405076E-15, -0.000000000000000000, -1.000000000000000000 ) ) ;
#1825 = PLANE ( 'NONE',  #2730 ) ;
#1826 = CARTESIAN_POINT ( 'NONE',  ( -0.5000000000000000000, -0.3250000000000000666, -0.5000000000000001110 ) ) ;
#1827 = EDGE_CURVE ( 'NONE', #2196, #870, #1047, .T. ) ;
#1828 = LINE ( 'NONE', #1143, #771 ) ;
#1829 = EDGE_LOOP ( 'NONE', ( #146, #1154, #2772, #1464 ) ) ;
#1830 = UNCERTAINTY_MEASURE_WITH_UNIT (LENGTH_MEASURE( 1.000000000000000082E-05 ), #34, 'distance_accuracy_value', 'NONE');
#1831 = ORIENTED_EDGE ( 'NONE', *, *, #1759, .F. ) ;
#1832 =( NAMED_UNIT ( * ) PLANE_ANGLE_UNIT ( ) SI_UNIT ( $, .RADIAN. ) );
#1833 = FACE_OUTER_BOUND ( 'NONE', #87, .T. ) ;
#1834 = DIRECTION ( 'NONE',  ( 1.000000000000000000, 0.000000000000000000, -0.000000000000000000 ) ) ;
#1835 = UNCERTAINTY_MEASURE_WITH_UNIT (LENGTH_MEASURE( 1.000000000000000082E-05 ), #981, 'distance_accuracy_value', 'NONE');
#1836 = ORIENTED_EDGE ( 'NONE', *, *, #330, .F. ) ;
#1837 = DIRECTION ( 'NONE',  ( -0.000000000000000000, -2.168404344971008868E-16, 1.000000000000000000 ) ) ;
#1838 = PRESENTATION_LAYER_ASSIGNMENT (  '', '', ( #2429 ) ) ;
#1839 = ORIENTED_EDGE ( 'NONE', *, *, #1128, .T. ) ;
#1840 = DIRECTION ( 'NONE',  ( 0.000000000000000000, 0.000000000000000000, 1.000000000000000000 ) ) ;
#1841 = STYLED_ITEM ( 'NONE', ( #2130 ), #879 ) ;
#1842 = PRESENTATION_STYLE_ASSIGNMENT (( #2310 ) ) ;
#1843 = SURFACE_STYLE_FILL_AREA ( #31 ) ;
#1844 = AXIS2_PLACEMENT_3D ( 'NONE', #530, #300, #1463 ) ;
#1845 = VECTOR ( 'NONE', #1662, 1000.000000000000000 ) ;
#1846 = LINE ( 'NONE', #438, #966 ) ;
#1847 = EDGE_CURVE ( 'NONE', #1174, #1103, #985, .T. ) ;
#1848 = ORIENTED_EDGE ( 'NONE', *, *, #2043, .F. ) ;
#1849 = ORIENTED_EDGE ( 'NONE', *, *, #2953, .F. ) ;
#1850 =( NAMED_UNIT ( * ) SI_UNIT ( $, .STERADIAN. ) SOLID_ANGLE_UNIT ( ) );
#1851 = DIRECTION ( 'NONE',  ( 1.000000000000000000, 0.000000000000000000, 8.618858347276449337E-16 ) ) ;
#1852 = STYLED_ITEM ( 'NONE', ( #2641 ), #1666 ) ;
#1853 = VERTEX_POINT ( 'NONE', #102 ) ;
#1854 = EDGE_CURVE ( 'NONE', #684, #572, #1035, .T. ) ;
#1855 = EDGE_CURVE ( 'NONE', #418, #2708, #1711, .T. ) ;
#1856 = DIRECTION ( 'NONE',  ( -0.000000000000000000, 1.000000000000000000, -0.000000000000000000 ) ) ;
#1857 = DIRECTION ( 'NONE',  ( -1.000000000000000000, 0.000000000000000000, 0.000000000000000000 ) ) ;
#1858 = VECTOR ( 'NONE', #2912, 1000.000000000000000 ) ;
#1859 = EDGE_LOOP ( 'NONE', ( #1436, #2918, #2121, #1377 ) ) ;
#1860 = CARTESIAN_POINT ( 'NONE',  ( -0.1964637201996785598, -0.03000000000000000583, 0.4343476953305399624 ) ) ;
#1861 = COLOUR_RGB ( '',1.000000000000000000, 1.000000000000000000, 1.000000000000000000 ) ;
#1862 = CARTESIAN_POINT ( 'NONE',  ( -0.4064637201996784688, -0.04000000000000000083, 0.4412696319455212124 ) ) ;
#1863 = DIRECTION ( 'NONE',  ( 1.000000000000000000, 0.000000000000000000, 0.000000000000000000 ) ) ;
#1864 = MECHANICAL_DESIGN_GEOMETRIC_PRESENTATION_REPRESENTATION (  '', ( #2789 ), #2824 ) ;
#1865 = FACE_OUTER_BOUND ( 'NONE', #1590, .T. ) ;
#1866 = CARTESIAN_POINT ( 'NONE',  ( 0.4064637201996783578, -0.04000000000000000083, -0.4403625443398770378 ) ) ;
#1867 = LINE ( 'NONE', #222, #962 ) ;
#1868 = ADVANCED_FACE ( 'NONE', ( #528 ), #88, .F. ) ;
#1869 = UNCERTAINTY_MEASURE_WITH_UNIT (LENGTH_MEASURE( 1.000000000000000082E-05 ), #2439, 'distance_accuracy_value', 'NONE');
#1870 = ORIENTED_EDGE ( 'NONE', *, *, #1485, .T. ) ;
#1871 = FACE_OUTER_BOUND ( 'NONE', #270, .T. ) ;
#1872 = CARTESIAN_POINT ( 'NONE',  ( 0.1964637201996783378, -0.04000000000000000083, -0.4343476953305401844 ) ) ;
#1873 = PLANE ( 'NONE',  #1305 ) ;
#1874 = EDGE_CURVE ( 'NONE', #1372, #2358, #542, .T. ) ;
#1875 = VERTEX_POINT ( 'NONE', #2886 ) ;
#1876 = PRESENTATION_STYLE_ASSIGNMENT (( #1159 ) ) ;
#1877 = PRESENTATION_STYLE_ASSIGNMENT (( #1579 ) ) ;
#1878 = FACE_OUTER_BOUND ( 'NONE', #1508, .T. ) ;
#1879 = ORIENTED_EDGE ( 'NONE', *, *, #27, .F. ) ;
#1880 = VERTEX_POINT ( 'NONE', #313 ) ;
#1881 = LINE ( 'NONE', #1902, #318 ) ;
#1882 = FACE_OUTER_BOUND ( 'NONE', #1146, .T. ) ;
#1883 = VERTEX_POINT ( 'NONE', #1002 ) ;
#1884 =( NAMED_UNIT ( * ) PLANE_ANGLE_UNIT ( ) SI_UNIT ( $, .RADIAN. ) );
#1885 = CARTESIAN_POINT ( 'NONE',  ( -0.5000000000000000000, -0.3250000000000000666, -0.2500000000000001110 ) ) ;
#1886 = FILL_AREA_STYLE ('',( #2835 ) ) ;
#1887 = EDGE_CURVE ( 'NONE', #2316, #1104, #297, .T. ) ;
#1888 = EDGE_LOOP ( 'NONE', ( #502, #1412, #2720, #1221, #2760, #142, #458, #2733, #989 ) ) ;
#1889 = SURFACE_STYLE_USAGE ( .BOTH. , #2853 ) ;
#1890 =( NAMED_UNIT ( * ) SI_UNIT ( $, .STERADIAN. ) SOLID_ANGLE_UNIT ( ) );
#1891 = FACE_OUTER_BOUND ( 'NONE', #3011, .T. ) ;
#1892 = CARTESIAN_POINT ( 'NONE',  ( -0.5000000000000000000, -0.03000000000000000583, 0.5000000000000000000 ) ) ;
#1893 = CYLINDRICAL_SURFACE ( 'NONE', #2380, 0.1499999999999999667 ) ;
#1894 = VECTOR ( 'NONE', #2116, 1000.000000000000000 ) ;
#1895 = PRESENTATION_LAYER_ASSIGNMENT (  '', '', ( #1201 ) ) ;
#1896 = ADVANCED_FACE ( 'NONE', ( #1774 ), #2257, .T. ) ;
#1897 = VECTOR ( 'NONE', #2425, 1000.000000000000000 ) ;
#1898 = FACE_OUTER_BOUND ( 'NONE', #279, .T. ) ;
#1899 = ORIENTED_EDGE ( 'NONE', *, *, #2010, .F. ) ;
#1900 = PLANE ( 'NONE',  #3022 ) ;
#1901 = STYLED_ITEM ( 'NONE', ( #1473 ), #713 ) ;
#1902 = CARTESIAN_POINT ( 'NONE',  ( 0.5000000000000000000, -0.3250000000000000666, -0.5000000000000001110 ) ) ;
#1903 = FILL_AREA_STYLE ('',( #17 ) ) ;
#1904 = ORIENTED_EDGE ( 'NONE', *, *, #2305, .F. ) ;
#1905 = LINE ( 'NONE', #782, #2988 ) ;
#1906 =( GEOMETRIC_REPRESENTATION_CONTEXT ( 3 ) GLOBAL_UNCERTAINTY_ASSIGNED_CONTEXT ( ( #1120 ) ) GLOBAL_UNIT_ASSIGNED_CONTEXT ( ( #1398, #1884, #404 ) ) REPRESENTATION_CONTEXT ( 'NONE', 'WORKASPACE' ) );
#1907 = FACE_OUTER_BOUND ( 'NONE', #1088, .T. ) ;
#1908 = ORIENTED_EDGE ( 'NONE', *, *, #2141, .T. ) ;
#1909 = VECTOR ( 'NONE', #2665, 1000.000000000000000 ) ;
#1910 = LINE ( 'NONE', #1208, #1109 ) ;
#1911 = DIRECTION ( 'NONE',  ( 0.000000000000000000, 0.000000000000000000, -1.000000000000000000 ) ) ;
#1912 =( NAMED_UNIT ( * ) SI_UNIT ( $, .STERADIAN. ) SOLID_ANGLE_UNIT ( ) );
#1913 = EDGE_CURVE ( 'NONE', #2357, #2166, #1369, .T. ) ;
#1914 = COLOUR_RGB ( '',0.8980392156862745390, 0.8980392156862745390, 0.8980392156862745390 ) ;
#1915 = PRESENTATION_STYLE_ASSIGNMENT (( #619 ) ) ;
#1916 = AXIS2_PLACEMENT_3D ( 'NONE', #895, #2, #2054 ) ;
#1917 = LINE ( 'NONE', #1434, #1974 ) ;
#1918 = VECTOR ( 'NONE', #1593, 1000.000000000000000 ) ;
#1919 = EDGE_CURVE ( 'NONE', #264, #9, #2762, .T. ) ;
#1920 = ORIENTED_EDGE ( 'NONE', *, *, #1813, .F. ) ;
#1921 = FACE_OUTER_BOUND ( 'NONE', #1829, .T. ) ;
#1922 = EDGE_LOOP ( 'NONE', ( #1008, #2475, #2551, #2558 ) ) ;
#1923 = CARTESIAN_POINT ( 'NONE',  ( 0.1500000000000002442, -0.03000000000000000583, 0.4343476953305399069 ) ) ;
#1924 = DIRECTION ( 'NONE',  ( 0.000000000000000000, -1.000000000000000000, 0.000000000000000000 ) ) ;
#1925 = ORIENTED_EDGE ( 'NONE', *, *, #1480, .F. ) ;
#1926 =( NAMED_UNIT ( * ) PLANE_ANGLE_UNIT ( ) SI_UNIT ( $, .RADIAN. ) );
#1927 = FILL_AREA_STYLE_COLOUR ( '', #1962 ) ;
#1928 = CARTESIAN_POINT ( 'NONE',  ( 0.5000000000000000000, -0.3150000000000000022, 0.4899999999999999911 ) ) ;
#1929 =( LENGTH_UNIT ( ) NAMED_UNIT ( * ) SI_UNIT ( .MILLI., .METRE. ) );
#1930 = SURFACE_SIDE_STYLE ('',( #2158 ) ) ;
#1931 = CARTESIAN_POINT ( 'NONE',  ( 0.1500000000000000777, -0.04000000000000000083, -0.5000000000000000000 ) ) ;
#1932 = DIRECTION ( 'NONE',  ( -0.000000000000000000, 1.000000000000000000, -0.000000000000000000 ) ) ;
#1933 = EDGE_CURVE ( 'NONE', #1080, #40, #2271, .T. ) ;
#1934 = ORIENTED_EDGE ( 'NONE', *, *, #200, .F. ) ;
#1935 = VECTOR ( 'NONE', #376, 1000.000000000000000 ) ;
#1936 = UNCERTAINTY_MEASURE_WITH_UNIT (LENGTH_MEASURE( 1.000000000000000082E-05 ), #522, 'distance_accuracy_value', 'NONE');
#1937 = ORIENTED_EDGE ( 'NONE', *, *, #2220, .F. ) ;
#1938 = CARTESIAN_POINT ( 'NONE',  ( -0.4064637201996784688, -0.03000000000000000583, 0.4412696319455212124 ) ) ;
#1939 = LINE ( 'NONE', #2890, #2241 ) ;
#1940 = ORIENTED_EDGE ( 'NONE', *, *, #371, .F. ) ;
#1941 = CARTESIAN_POINT ( 'NONE',  ( -0.1964637201996785043, -0.04000000000000000083, -0.3000000000000001554 ) ) ;
#1942 = CARTESIAN_POINT ( 'NONE',  ( 0.5000000000000000000, -0.04000000000000000083, -0.4403625443398770378 ) ) ;
#1943 = FACE_OUTER_BOUND ( 'NONE', #2134, .T. ) ;
#1944 = DIRECTION ( 'NONE',  ( -0.000000000000000000, -1.000000000000000000, -0.000000000000000000 ) ) ;
#1945 = VECTOR ( 'NONE', #1824, 1000.000000000000000 ) ;
#1946 =( NAMED_UNIT ( * ) SI_UNIT ( $, .STERADIAN. ) SOLID_ANGLE_UNIT ( ) );
#1947 = VERTEX_POINT ( 'NONE', #837 ) ;
#1948 = CARTESIAN_POINT ( 'NONE',  ( -0.1964637201996785598, -0.04000000000000000083, -0.4343476953305401844 ) ) ;
#1949 = VECTOR ( 'NONE', #1924, 1000.000000000000000 ) ;
#1950 = PLANE ( 'NONE',  #455 ) ;
#1951 = PRESENTATION_LAYER_ASSIGNMENT (  '', '', ( #211 ) ) ;
#1952 = ADVANCED_FACE ( 'NONE', ( #2952 ), #827, .T. ) ;
#1953 =( GEOMETRIC_REPRESENTATION_CONTEXT ( 3 ) GLOBAL_UNCERTAINTY_ASSIGNED_CONTEXT ( ( #1000 ) ) GLOBAL_UNIT_ASSIGNED_CONTEXT ( ( #2921, #1283, #111 ) ) REPRESENTATION_CONTEXT ( 'NONE', 'WORKASPACE' ) );
#1954 = VERTEX_POINT ( 'NONE', #2029 ) ;
#1955 = DIRECTION ( 'NONE',  ( 0.000000000000000000, 2.168404344971008868E-16, -1.000000000000000000 ) ) ;
#1956 = SURFACE_SIDE_STYLE ('',( #2395 ) ) ;
#1957 = FACE_OUTER_BOUND ( 'NONE', #1573, .T. ) ;
#1958 = VECTOR ( 'NONE', #2803, 1000.000000000000000 ) ;
#1959 = CARTESIAN_POINT ( 'NONE',  ( -0.1500000000000001055, -0.04000000000000000083, 0.4999999999999997780 ) ) ;
#1960 = EDGE_CURVE ( 'NONE', #1546, #1751, #2966, .T. ) ;
#1961 = ORIENTED_EDGE ( 'NONE', *, *, #388, .F. ) ;
#1962 = COLOUR_RGB ( '',0.8980392156862745390, 0.8980392156862745390, 0.8980392156862745390 ) ;
#1963 = CARTESIAN_POINT ( 'NONE',  ( -0.5000000000000000000, -0.3149999999999999467, 0.2500000000000000000 ) ) ;
#1964 = DIRECTION ( 'NONE',  ( -1.229767018093190769E-16, 0.000000000000000000, 1.000000000000000000 ) ) ;
#1965 = CARTESIAN_POINT ( 'NONE',  ( 0.5000000000000000000, -0.03000000000000000583, 0.5000000000000000000 ) ) ;
#1966 = VECTOR ( 'NONE', #2998, 1000.000000000000000 ) ;
#1967 = PLANE ( 'NONE',  #2950 ) ;
#1968 = MANIFOLD_SOLID_BREP ( 'Cut-Extrude8[4]', #391 ) ;
#1969 = MECHANICAL_DESIGN_GEOMETRIC_PRESENTATION_REPRESENTATION (  '', ( #1314 ), #1218 ) ;
#1970 = CYLINDRICAL_SURFACE ( 'NONE', #2521, 0.1499999999999999667 ) ;
#1971 = VECTOR ( 'NONE', #1074, 1000.000000000000000 ) ;
#1972 = VERTEX_POINT ( 'NONE', #204 ) ;
#1973 = DIRECTION ( 'NONE',  ( -0.000000000000000000, 1.000000000000000000, -0.000000000000000000 ) ) ;
#1974 = VECTOR ( 'NONE', #1932, 1000.000000000000000 ) ;
#1975 = PRESENTATION_STYLE_ASSIGNMENT (( #749 ) ) ;
#1976 = ORIENTED_EDGE ( 'NONE', *, *, #1237, .T. ) ;
#1977 = CARTESIAN_POINT ( 'NONE',  ( -0.5000000000000000000, -0.03000000000000000583, -0.5000000000000001110 ) ) ;
#1978 =( NAMED_UNIT ( * ) SI_UNIT ( $, .STERADIAN. ) SOLID_ANGLE_UNIT ( ) );
#1979 = DIRECTION ( 'NONE',  ( 0.000000000000000000, 0.000000000000000000, 1.000000000000000000 ) ) ;
#1980 = ORIENTED_EDGE ( 'NONE', *, *, #1310, .T. ) ;
#1981 =( LENGTH_UNIT ( ) NAMED_UNIT ( * ) SI_UNIT ( .MILLI., .METRE. ) );
#1982 = SURFACE_SIDE_STYLE ('',( #1503 ) ) ;
#1983 = PLANE ( 'NONE',  #2142 ) ;
#1984 = ORIENTED_EDGE ( 'NONE', *, *, #982, .F. ) ;
#1985 = DIRECTION ( 'NONE',  ( -0.000000000000000000, 1.000000000000000000, -0.000000000000000000 ) ) ;
#1986 = FILL_AREA_STYLE ('',( #503 ) ) ;
#1987 = ORIENTED_EDGE ( 'NONE', *, *, #2345, .F. ) ;
#1988 = DIRECTION ( 'NONE',  ( 0.000000000000000000, 1.000000000000000000, 0.000000000000000000 ) ) ;
#1989 = LINE ( 'NONE', #471, #249 ) ;
#1990 = SURFACE_STYLE_FILL_AREA ( #2620 ) ;
#1991 = ORIENTED_EDGE ( 'NONE', *, *, #385, .T. ) ;
#1992 = LINE ( 'NONE', #1011, #847 ) ;
#1993 = CARTESIAN_POINT ( 'NONE',  ( 0.4604133079606314571, -0.03000000000000000583, -0.3000000000000001554 ) ) ;
#1994 = EDGE_CURVE ( 'NONE', #2166, #2058, #1541, .T. ) ;
#1995 = FACE_OUTER_BOUND ( 'NONE', #372, .T. ) ;
#1996 = ORIENTED_EDGE ( 'NONE', *, *, #1847, .T. ) ;
#1997 = EDGE_CURVE ( 'NONE', #2131, #326, #1881, .T. ) ;
#1998 = DIRECTION ( 'NONE',  ( -1.229767018093190769E-16, -0.000000000000000000, -1.000000000000000000 ) ) ;
#1999 = PLANE ( 'NONE',  #2098 ) ;
#2000 = VECTOR ( 'NONE', #2788, 1000.000000000000000 ) ;
#2001 = ORIENTED_EDGE ( 'NONE', *, *, #419, .F. ) ;
#2002 = PRESENTATION_STYLE_ASSIGNMENT (( #147 ) ) ;
#2003 = STYLED_ITEM ( 'NONE', ( #953 ), #1077 ) ;
#2004 = FACE_OUTER_BOUND ( 'NONE', #15, .T. ) ;
#2005 = COLOUR_RGB ( '',0.8980392156862745390, 0.8980392156862745390, 0.8980392156862745390 ) ;
#2006 = VERTEX_POINT ( 'NONE', #2780 ) ;
#2007 = FILL_AREA_STYLE ('',( #1151 ) ) ;
#2008 = CARTESIAN_POINT ( 'NONE',  ( -0.5000000000000000000, -0.3149999999999999467, 0.2500000000000000000 ) ) ;
#2009 = PRESENTATION_STYLE_ASSIGNMENT (( #1795 ) ) ;
#2010 = EDGE_CURVE ( 'NONE', #2341, #2057, #3017, .T. ) ;
#2011 = CARTESIAN_POINT ( 'NONE',  ( -0.5000000000000000000, -0.3250000000000000666, 0.5000000000000000000 ) ) ;
#2012 =( NAMED_UNIT ( * ) SI_UNIT ( $, .STERADIAN. ) SOLID_ANGLE_UNIT ( ) );
#2013 = ORIENTED_EDGE ( 'NONE', *, *, #105, .T. ) ;
#2014 = AXIS2_PLACEMENT_3D ( 'NONE', #2902, #793, #554 ) ;
#2015 = ADVANCED_FACE ( 'NONE', ( #2344 ), #898, .F. ) ;
#2016 = VERTEX_POINT ( 'NONE', #1596 ) ;
#2017 = FILL_AREA_STYLE ('',( #1585 ) ) ;
#2018 = PRESENTATION_LAYER_ASSIGNMENT (  '', '', ( #98 ) ) ;
#2019 = EDGE_CURVE ( 'NONE', #326, #2183, #945, .T. ) ;
#2020 = CARTESIAN_POINT ( 'NONE',  ( -0.5000000000000000000, -0.04000000000000000083, 0.4899999999999999911 ) ) ;
#2021 = PLANE ( 'NONE',  #1489 ) ;
#2022 = VECTOR ( 'NONE', #2428, 1000.000000000000000 ) ;
#2023 = ORIENTED_EDGE ( 'NONE', *, *, #1078, .T. ) ;
#2024 = CARTESIAN_POINT ( 'NONE',  ( 0.4064637201996782467, -0.04000000000000000083, 0.4412696319455212124 ) ) ;
#2025 = CARTESIAN_POINT ( 'NONE',  ( -0.4728196545823252217, -0.02500000000000000486, 0.3000000000000001554 ) ) ;
#2026 =( LENGTH_UNIT ( ) NAMED_UNIT ( * ) SI_UNIT ( .MILLI., .METRE. ) );
#2027 = PLANE ( 'NONE',  #717 ) ;
#2028 = VERTEX_POINT ( 'NONE', #915 ) ;
#2029 = CARTESIAN_POINT ( 'NONE',  ( -0.5000000000000002220, -0.04000000000000000083, -0.4403625443398770378 ) ) ;
#2030 = DIRECTION ( 'NONE',  ( -1.000000000000000000, 0.000000000000000000, 0.000000000000000000 ) ) ;
#2031 = CARTESIAN_POINT ( 'NONE',  ( -0.1964637201996785598, -0.03000000000000000583, -0.4343476953305401844 ) ) ;
#2032 = EDGE_LOOP ( 'NONE', ( #967, #1335, #2085, #2112 ) ) ;
#2033 = EDGE_CURVE ( 'NONE', #1039, #1947, #1867, .T. ) ;
#2034 = LINE ( 'NONE', #1054, #393 ) ;
#2035 = LINE ( 'NONE', #2727, #2893 ) ;
#2036 = CARTESIAN_POINT ( 'NONE',  ( -0.1500000000000001610, -0.04000000000000000083, 0.4343476953305399624 ) ) ;
#2037 = FACE_OUTER_BOUND ( 'NONE', #1475, .T. ) ;
#2038 = DIRECTION ( 'NONE',  ( 0.000000000000000000, -1.000000000000000000, 0.000000000000000000 ) ) ;
#2039 =( GEOMETRIC_REPRESENTATION_CONTEXT ( 3 ) GLOBAL_UNCERTAINTY_ASSIGNED_CONTEXT ( ( #874 ) ) GLOBAL_UNIT_ASSIGNED_CONTEXT ( ( #1119, #414, #189 ) ) REPRESENTATION_CONTEXT ( 'NONE', 'WORKASPACE' ) );
#2040 = ORIENTED_EDGE ( 'NONE', *, *, #1152, .T. ) ;
#2041 =( LENGTH_UNIT ( ) NAMED_UNIT ( * ) SI_UNIT ( .MILLI., .METRE. ) );
#2042 = AXIS2_PLACEMENT_3D ( 'NONE', #1048, #2967, #1559 ) ;
#2043 = EDGE_CURVE ( 'NONE', #2196, #651, #2088, .T. ) ;
#2044 = MECHANICAL_DESIGN_GEOMETRIC_PRESENTATION_REPRESENTATION (  '', ( #1787 ), #2237 ) ;
#2045 = DIRECTION ( 'NONE',  ( 0.000000000000000000, 0.000000000000000000, 1.000000000000000000 ) ) ;
#2046 = MECHANICAL_DESIGN_GEOMETRIC_PRESENTATION_REPRESENTATION (  '', ( #1841 ), #2675 ) ;
#2047 = ORIENTED_EDGE ( 'NONE', *, *, #1123, .T. ) ;
#2048 = CARTESIAN_POINT ( 'NONE',  ( 0.4064637201996783578, -0.04000000000000000083, -0.4403625443398770378 ) ) ;
#2049 = LINE ( 'NONE', #1341, #1735 ) ;
#2050 = ADVANCED_FACE ( 'NONE', ( #1921 ), #2588, .F. ) ;
#2051 = AXIS2_PLACEMENT_3D ( 'NONE', #2753, #832, #1779 ) ;
#2052 = FILL_AREA_STYLE_COLOUR ( '', #1493 ) ;
#2053 = DIRECTION ( 'NONE',  ( -0.000000000000000000, 1.000000000000000000, -0.000000000000000000 ) ) ;
#2054 = DIRECTION ( 'NONE',  ( 0.000000000000000000, 2.168404344971008868E-16, -1.000000000000000000 ) ) ;
#2055 = VECTOR ( 'NONE', #1020, 1000.000000000000000 ) ;
#2056 = MECHANICAL_DESIGN_GEOMETRIC_PRESENTATION_REPRESENTATION (  '', ( #1852 ), #364 ) ;
#2057 = VERTEX_POINT ( 'NONE', #697 ) ;
#2058 = VERTEX_POINT ( 'NONE', #2846 ) ;
#2059 = DIRECTION ( 'NONE',  ( 0.000000000000000000, -0.000000000000000000, 1.000000000000000000 ) ) ;
#2060 = CARTESIAN_POINT ( 'NONE',  ( 0.1496662954709576665, -0.04000000000000000083, -0.4900000000000001021 ) ) ;
#2061 = VECTOR ( 'NONE', #965, 1000.000000000000000 ) ;
#2062 = ORIENTED_EDGE ( 'NONE', *, *, #1359, .F. ) ;
#2063 = MECHANICAL_DESIGN_GEOMETRIC_PRESENTATION_REPRESENTATION (  '', ( #910 ), #866 ) ;
#2064 = CARTESIAN_POINT ( 'NONE',  ( 0.5000000000000000000, -0.03000000000000000583, 0.5000000000000000000 ) ) ;
#2065 = STYLED_ITEM ( 'NONE', ( #2971 ), #2769 ) ;
#2066 =( LENGTH_UNIT ( ) NAMED_UNIT ( * ) SI_UNIT ( .MILLI., .METRE. ) );
#2067 = DIRECTION ( 'NONE',  ( -0.000000000000000000, 1.000000000000000000, -0.000000000000000000 ) ) ;
#2068 = VECTOR ( 'NONE', #2245, 1000.000000000000000 ) ;
#2069 = ORIENTED_EDGE ( 'NONE', *, *, #2010, .T. ) ;
#2070 = VERTEX_POINT ( 'NONE', #731 ) ;
#2071 =( LENGTH_UNIT ( ) NAMED_UNIT ( * ) SI_UNIT ( .MILLI., .METRE. ) );
#2072 =( NAMED_UNIT ( * ) SI_UNIT ( $, .STERADIAN. ) SOLID_ANGLE_UNIT ( ) );
#2073 = CARTESIAN_POINT ( 'NONE',  ( -0.4064637201996785798, -0.04000000000000000083, -0.4403625443398770378 ) ) ;
#2074 = ORIENTED_EDGE ( 'NONE', *, *, #2305, .T. ) ;
#2075 = CARTESIAN_POINT ( 'NONE',  ( 0.1500000000000001887, -0.3150000000000000577, 0.4999999999999997780 ) ) ;
#2076 = PLANE ( 'NONE',  #2811 ) ;
#2077 = ORIENTED_EDGE ( 'NONE', *, *, #73, .T. ) ;
#2078 = LINE ( 'NONE', #1860, #1958 ) ;
#2079 =( LENGTH_UNIT ( ) NAMED_UNIT ( * ) SI_UNIT ( .MILLI., .METRE. ) );
#2080 = EDGE_CURVE ( 'NONE', #2965, #2745, #441, .T. ) ;
#2081 = DIRECTION ( 'NONE',  ( -1.000000000000000000, 0.000000000000000000, 0.000000000000000000 ) ) ;
#2082 = AXIS2_PLACEMENT_3D ( 'NONE', #117, #158, #365 ) ;
#2083 = PRODUCT_DEFINITION ( 'UNKNOWN', '', #2253, #1539 ) ;
#2084 = ADVANCED_FACE ( 'NONE', ( #1670 ), #2614, .F. ) ;
#2085 = ORIENTED_EDGE ( 'NONE', *, *, #2248, .F. ) ;
#2086 = VERTEX_POINT ( 'NONE', #2408 ) ;
#2087 = FILL_AREA_STYLE_COLOUR ( '', #1277 ) ;
#2088 = LINE ( 'NONE', #2553, #2061 ) ;
#2089 = DIRECTION ( 'NONE',  ( 0.000000000000000000, 0.000000000000000000, -1.000000000000000000 ) ) ;
#2090 = PRESENTATION_LAYER_ASSIGNMENT (  '', '', ( #1294 ) ) ;
#2091 = UNCERTAINTY_MEASURE_WITH_UNIT (LENGTH_MEASURE( 1.000000000000000082E-05 ), #2350, 'distance_accuracy_value', 'NONE');
#2092 = VERTEX_POINT ( 'NONE', #1736 ) ;
#2093 = DIRECTION ( 'NONE',  ( -1.000000000000000000, 0.000000000000000000, 2.333438148788204579E-15 ) ) ;
#2094 = ORIENTED_EDGE ( 'NONE', *, *, #422, .T. ) ;
#2095 = COLOUR_RGB ( '',0.8980392156862745390, 0.8980392156862745390, 0.8980392156862745390 ) ;
#2096 = VECTOR ( 'NONE', #265, 1000.000000000000000 ) ;
#2097 =( NAMED_UNIT ( * ) PLANE_ANGLE_UNIT ( ) SI_UNIT ( $, .RADIAN. ) );
#2098 = AXIS2_PLACEMENT_3D ( 'NONE', #998, #539, #1724 ) ;
#2099 = EDGE_CURVE ( 'NONE', #375, #1301, #1723, .T. ) ;
#2100 = LINE ( 'NONE', #2339, #2213 ) ;
#2101 = AXIS2_PLACEMENT_3D ( 'NONE', #2974, #2944, #151 ) ;
#2102 = EDGE_CURVE ( 'NONE', #344, #2708, #1015, .T. ) ;
#2103 = ORIENTED_EDGE ( 'NONE', *, *, #1673, .T. ) ;
#2104 = ORIENTED_EDGE ( 'NONE', *, *, #1797, .T. ) ;
#2105 = MECHANICAL_DESIGN_GEOMETRIC_PRESENTATION_REPRESENTATION (  '', ( #501 ), #1700 ) ;
#2106 = ADVANCED_FACE ( 'NONE', ( #1269 ), #524, .F. ) ;
#2107 = VECTOR ( 'NONE', #1254, 1000.000000000000000 ) ;
#2108 = ORIENTED_EDGE ( 'NONE', *, *, #1070, .F. ) ;
#2109 = VECTOR ( 'NONE', #890, 1000.000000000000000 ) ;
#2110 = CARTESIAN_POINT ( 'NONE',  ( -0.5000000000000000000, -0.03000000000000000583, -0.5000000000000001110 ) ) ;
#2111 = AXIS2_PLACEMENT_3D ( 'NONE', #2330, #2089, #1598 ) ;
#2112 = ORIENTED_EDGE ( 'NONE', *, *, #2636, .T. ) ;
#2113 = DIRECTION ( 'NONE',  ( 0.000000000000000000, 0.000000000000000000, 1.000000000000000000 ) ) ;
#2114 = SURFACE_STYLE_FILL_AREA ( #29 ) ;
#2115 = CARTESIAN_POINT ( 'NONE',  ( 0.1500000000000001610, -0.04000000000000000083, -0.4343476953305402399 ) ) ;
#2116 = DIRECTION ( 'NONE',  ( -0.000000000000000000, 1.000000000000000000, -0.000000000000000000 ) ) ;
#2117 = ORIENTED_EDGE ( 'NONE', *, *, #198, .T. ) ;
#2118 = LINE ( 'NONE', #1611, #888 ) ;
#2119 = DIRECTION ( 'NONE',  ( 1.000000000000000000, 0.000000000000000000, 0.000000000000000000 ) ) ;
#2120 = UNCERTAINTY_MEASURE_WITH_UNIT (LENGTH_MEASURE( 1.000000000000000082E-05 ), #928, 'distance_accuracy_value', 'NONE');
#2121 = ORIENTED_EDGE ( 'NONE', *, *, #1994, .F. ) ;
#2122 = DIRECTION ( 'NONE',  ( -0.000000000000000000, 0.000000000000000000, 1.000000000000000000 ) ) ;
#2123 = EDGE_CURVE ( 'NONE', #3005, #2028, #2930, .T. ) ;
#2124 = VERTEX_POINT ( 'NONE', #1499 ) ;
#2125 =( NAMED_UNIT ( * ) SI_UNIT ( $, .STERADIAN. ) SOLID_ANGLE_UNIT ( ) );
#2126 = CARTESIAN_POINT ( 'NONE',  ( -0.5000000000000000000, -0.3150000000000000022, -0.5000000000000000000 ) ) ;
#2127 = DIRECTION ( 'NONE',  ( 0.000000000000000000, 0.000000000000000000, -1.000000000000000000 ) ) ;
#2128 = DIRECTION ( 'NONE',  ( -0.000000000000000000, 1.000000000000000000, -0.000000000000000000 ) ) ;
#2129 = FILL_AREA_STYLE_COLOUR ( '', #48 ) ;
#2130 = PRESENTATION_STYLE_ASSIGNMENT (( #2648 ) ) ;
#2131 = VERTEX_POINT ( 'NONE', #2677 ) ;
#2132 = FACE_OUTER_BOUND ( 'NONE', #1203, .T. ) ;
#2133 = SURFACE_SIDE_STYLE ('',( #154 ) ) ;
#2134 = EDGE_LOOP ( 'NONE', ( #1308, #1531, #2891, #3, #831, #657, #403, #932 ) ) ;
#2135 = ADVANCED_FACE ( 'NONE', ( #1470 ), #293, .F. ) ;
#2136 = CARTESIAN_POINT ( 'NONE',  ( -0.1964637201996785598, -0.04000000000000000083, -0.4343476953305401844 ) ) ;
#2137 = DIRECTION ( 'NONE',  ( 0.000000000000000000, 0.000000000000000000, -1.000000000000000000 ) ) ;
#2138 = ORIENTED_EDGE ( 'NONE', *, *, #2403, .F. ) ;
#2139 = VECTOR ( 'NONE', #374, 1000.000000000000000 ) ;
#2140 = DIRECTION ( 'NONE',  ( -4.128576208954687039E-16, 0.000000000000000000, 1.000000000000000000 ) ) ;
#2141 = EDGE_CURVE ( 'NONE', #948, #2696, #2449, .T. ) ;
#2142 = AXIS2_PLACEMENT_3D ( 'NONE', #2715, #1512, #2267 ) ;
#2143 = SURFACE_STYLE_USAGE ( .BOTH. , #1214 ) ;
#2144 = PRESENTATION_STYLE_ASSIGNMENT (( #1683 ) ) ;
#2145 = VECTOR ( 'NONE', #835, 1000.000000000000000 ) ;
#2146 = EDGE_LOOP ( 'NONE', ( #885, #819, #2924, #1440 ) ) ;
#2147 = CARTESIAN_POINT ( 'NONE',  ( -0.5000000000000002220, -0.03000000000000000583, 0.4412696319455212124 ) ) ;
#2148 = VECTOR ( 'NONE', #2961, 1000.000000000000000 ) ;
#2149 = AXIS2_PLACEMENT_3D ( 'NONE', #2048, #2985, #862 ) ;
#2150 = ORIENTED_EDGE ( 'NONE', *, *, #1607, .T. ) ;
#2151 = DIRECTION ( 'NONE',  ( -1.166719074394108009E-15, 0.000000000000000000, 1.000000000000000000 ) ) ;
#2152 = VECTOR ( 'NONE', #2184, 1000.000000000000000 ) ;
#2153 = FILL_AREA_STYLE ('',( #2850 ) ) ;
#2154 = ORIENTED_EDGE ( 'NONE', *, *, #3001, .T. ) ;
#2155 = PLANE ( 'NONE',  #2487 ) ;
#2156 = DIRECTION ( 'NONE',  ( -1.000000000000000000, 0.000000000000000000, -8.618858347276449337E-16 ) ) ;
#2157 = CARTESIAN_POINT ( 'NONE',  ( 0.000000000000000000, -0.3150000000000000022, 0.5000000000000000000 ) ) ;
#2158 = SURFACE_STYLE_FILL_AREA ( #535 ) ;
#2159 = DIRECTION ( 'NONE',  ( 0.000000000000000000, 0.000000000000000000, 1.000000000000000000 ) ) ;
#2160 = COLOUR_RGB ( '',0.8980392156862745390, 0.8980392156862745390, 0.8980392156862745390 ) ;
#2161 = DIRECTION ( 'NONE',  ( 0.000000000000000000, -2.258754526011467735E-16, 1.000000000000000000 ) ) ;
#2162 = CARTESIAN_POINT ( 'NONE',  ( -0.1500000000000002442, -0.03000000000000000583, -0.4343476953305402954 ) ) ;
#2163 =( GEOMETRIC_REPRESENTATION_CONTEXT ( 3 ) GLOBAL_UNCERTAINTY_ASSIGNED_CONTEXT ( ( #1062 ) ) GLOBAL_UNIT_ASSIGNED_CONTEXT ( ( #2071, #2534, #1132 ) ) REPRESENTATION_CONTEXT ( 'NONE', 'WORKASPACE' ) );
#2164 = ORIENTED_EDGE ( 'NONE', *, *, #1535, .T. ) ;
#2165 = SURFACE_STYLE_USAGE ( .BOTH. , #1199 ) ;
#2166 = VERTEX_POINT ( 'NONE', #1282 ) ;
#2167 = LINE ( 'NONE', #2786, #906 ) ;
#2168 = PLANE ( 'NONE',  #361 ) ;
#2169 = SURFACE_STYLE_USAGE ( .BOTH. , #1258 ) ;
#2170 = VERTEX_POINT ( 'NONE', #110 ) ;
#2171 = LINE ( 'NONE', #990, #2531 ) ;
#2172 = CARTESIAN_POINT ( 'NONE',  ( -0.5000000000000000000, -0.3250000000000000666, -0.5000000000000001110 ) ) ;
#2173 = DIRECTION ( 'NONE',  ( 0.000000000000000000, -1.000000000000000000, -2.168404344971008868E-16 ) ) ;
#2174 = PRESENTATION_STYLE_ASSIGNMENT (( #976 ) ) ;
#2175 = CARTESIAN_POINT ( 'NONE',  ( 0.4604133079606314571, -0.02500000000000000486, -0.3000000000000001554 ) ) ;
#2176 = EDGE_CURVE ( 'NONE', #681, #387, #2223, .T. ) ;
#2177 = EDGE_LOOP ( 'NONE', ( #132, #2372, #383, #231 ) ) ;
#2178 = DIRECTION ( 'NONE',  ( 0.000000000000000000, 0.000000000000000000, 1.000000000000000000 ) ) ;
#2179 = EDGE_CURVE ( 'NONE', #2970, #1295, #809, .T. ) ;
#2180 = EDGE_CURVE ( 'NONE', #1295, #2704, #653, .T. ) ;
#2181 = PLANE ( 'NONE',  #2646 ) ;
#2182 = UNCERTAINTY_MEASURE_WITH_UNIT (LENGTH_MEASURE( 1.000000000000000082E-05 ), #1519, 'distance_accuracy_value', 'NONE');
#2183 = VERTEX_POINT ( 'NONE', #1597 ) ;
#2184 = DIRECTION ( 'NONE',  ( 0.000000000000000000, -2.168404344971008868E-16, 1.000000000000000000 ) ) ;
#2185 = ADVANCED_FACE ( 'NONE', ( #2847 ), #233, .T. ) ;
#2186 = CARTESIAN_POINT ( 'NONE',  ( -0.1500000000000001055, -0.03000000000000000583, 0.4999999999999997780 ) ) ;
#2187 = FACE_OUTER_BOUND ( 'NONE', #1124, .T. ) ;
#2188 = LINE ( 'NONE', #1959, #802 ) ;
#2189 = ORIENTED_EDGE ( 'NONE', *, *, #52, .T. ) ;
#2190 = APPLICATION_PROTOCOL_DEFINITION ( 'draft international standard', 'automotive_design', 1998, #1110 ) ;
#2191 = DIRECTION ( 'NONE',  ( 1.000000000000000000, -0.000000000000000000, -0.000000000000000000 ) ) ;
#2192 = CARTESIAN_POINT ( 'NONE',  ( 0.4064637201996783578, -0.03000000000000000583, -0.4403625443398770378 ) ) ;
#2193 = LINE ( 'NONE', #1211, #2623 ) ;
#2194 = LINE ( 'NONE', #1534, #2292 ) ;
#2195 = CARTESIAN_POINT ( 'NONE',  ( -0.5000000000000000000, -0.3150000000000000577, 0.4899999999999999911 ) ) ;
#2196 = VERTEX_POINT ( 'NONE', #2291 ) ;
#2197 = CARTESIAN_POINT ( 'NONE',  ( 0.4064637201996783578, -0.04000000000000000083, -0.4403625443398770378 ) ) ;
#2198 = VERTEX_POINT ( 'NONE', #2011 ) ;
#2199 =( NAMED_UNIT ( * ) PLANE_ANGLE_UNIT ( ) SI_UNIT ( $, .RADIAN. ) );
#2200 = SURFACE_SIDE_STYLE ('',( #103 ) ) ;
#2201 = VECTOR ( 'NONE', #1321, 1000.000000000000000 ) ;
#2202 = LINE ( 'NONE', #2909, #947 ) ;
#2203 = ORIENTED_EDGE ( 'NONE', *, *, #513, .F. ) ;
#2204 = DIRECTION ( 'NONE',  ( 0.000000000000000000, 0.000000000000000000, 1.000000000000000000 ) ) ;
#2205 = CARTESIAN_POINT ( 'NONE',  ( -0.5000000000000000000, -0.03000000000000000583, 0.5000000000000000000 ) ) ;
#2206 = DIRECTION ( 'NONE',  ( 1.000000000000000000, 0.000000000000000000, 0.000000000000000000 ) ) ;
#2207 = SURFACE_SIDE_STYLE ('',( #1719 ) ) ;
#2208 =( GEOMETRIC_REPRESENTATION_CONTEXT ( 3 ) GLOBAL_UNCERTAINTY_ASSIGNED_CONTEXT ( ( #2567 ) ) GLOBAL_UNIT_ASSIGNED_CONTEXT ( ( #384, #1076, #2072 ) ) REPRESENTATION_CONTEXT ( 'NONE', 'WORKASPACE' ) );
#2209 = CARTESIAN_POINT ( 'NONE',  ( 0.1964637201996782268, -0.03000000000000000583, -0.3000000000000001554 ) ) ;
#2210 = VECTOR ( 'NONE', #660, 1000.000000000000000 ) ;
#2211 = DIRECTION ( 'NONE',  ( -1.000000000000000000, -0.000000000000000000, -0.000000000000000000 ) ) ;
#2212 = EDGE_LOOP ( 'NONE', ( #972, #1706, #2981, #1429 ) ) ;
#2213 = VECTOR ( 'NONE', #3004, 1000.000000000000000 ) ;
#2214 = UNCERTAINTY_MEASURE_WITH_UNIT (LENGTH_MEASURE( 1.000000000000000082E-05 ), #760, 'distance_accuracy_value', 'NONE');
#2215 = ORIENTED_EDGE ( 'NONE', *, *, #1562, .F. ) ;
#2216 = EDGE_CURVE ( 'NONE', #432, #718, #613, .T. ) ;
#2217 = DIRECTION ( 'NONE',  ( 1.000000000000000000, 0.000000000000000000, 0.000000000000000000 ) ) ;
#2218 = FACE_OUTER_BOUND ( 'NONE', #1356, .T. ) ;
#2219 = EDGE_LOOP ( 'NONE', ( #1870, #2117, #20, #523 ) ) ;
#2220 = EDGE_CURVE ( 'NONE', #671, #2491, #2489, .T. ) ;
#2221 = DIRECTION ( 'NONE',  ( -1.000000000000000000, 0.000000000000000000, 0.000000000000000000 ) ) ;
#2222 = VERTEX_POINT ( 'NONE', #2755 ) ;
#2223 = LINE ( 'NONE', #1044, #1806 ) ;
#2224 =( NAMED_UNIT ( * ) PLANE_ANGLE_UNIT ( ) SI_UNIT ( $, .RADIAN. ) );
#2225 = FILL_AREA_STYLE ('',( #1801 ) ) ;
#2226 = ORIENTED_EDGE ( 'NONE', *, *, #1501, .T. ) ;
#2227 = LINE ( 'NONE', #2935, #658 ) ;
#2228 = SURFACE_SIDE_STYLE ('',( #603 ) ) ;
#2229 = DIRECTION ( 'NONE',  ( 1.000000000000000000, 0.000000000000000000, 0.000000000000000000 ) ) ;
#2230 = EDGE_CURVE ( 'NONE', #1516, #1198, #1057, .T. ) ;
#2231 = ORIENTED_EDGE ( 'NONE', *, *, #1073, .T. ) ;
#2232 = EDGE_CURVE ( 'NONE', #1103, #1651, #834, .T. ) ;
#2233 = CARTESIAN_POINT ( 'NONE',  ( 0.4064637201996783578, -0.04000000000000000083, -0.4403625443398770378 ) ) ;
#2234 = LINE ( 'NONE', #1780, #2494 ) ;
#2235 = EDGE_CURVE ( 'NONE', #572, #420, #2714, .T. ) ;
#2236 = ORIENTED_EDGE ( 'NONE', *, *, #166, .F. ) ;
#2237 =( GEOMETRIC_REPRESENTATION_CONTEXT ( 3 ) GLOBAL_UNCERTAINTY_ASSIGNED_CONTEXT ( ( #1224 ) ) GLOBAL_UNIT_ASSIGNED_CONTEXT ( ( #2079, #690, #1912 ) ) REPRESENTATION_CONTEXT ( 'NONE', 'WORKASPACE' ) );
#2238 = EDGE_CURVE ( 'NONE', #1350, #2222, #368, .T. ) ;
#2239 = ORIENTED_EDGE ( 'NONE', *, *, #437, .T. ) ;
#2240 = LINE ( 'NONE', #2020, #1052 ) ;
#2241 = VECTOR ( 'NONE', #44, 1000.000000000000000 ) ;
#2242 = DIRECTION ( 'NONE',  ( 0.000000000000000000, 0.000000000000000000, -1.000000000000000000 ) ) ;
#2243 = ORIENTED_EDGE ( 'NONE', *, *, #2220, .T. ) ;
#2244 = CARTESIAN_POINT ( 'NONE',  ( -0.1500000000000001055, -0.3150000000000000577, 0.4999999999999997780 ) ) ;
#2245 = DIRECTION ( 'NONE',  ( -0.000000000000000000, 2.168404344971008868E-16, -1.000000000000000000 ) ) ;
#2246 = PRESENTATION_LAYER_ASSIGNMENT (  '', '', ( #501 ) ) ;
#2247 =( LENGTH_UNIT ( ) NAMED_UNIT ( * ) SI_UNIT ( .MILLI., .METRE. ) );
#2248 = EDGE_CURVE ( 'NONE', #40, #63, #2505, .T. ) ;
#2249 = DIRECTION ( 'NONE',  ( 0.000000000000000000, 2.168404344971008868E-16, -1.000000000000000000 ) ) ;
#2250 =( GEOMETRIC_REPRESENTATION_CONTEXT ( 3 ) GLOBAL_UNCERTAINTY_ASSIGNED_CONTEXT ( ( #2783 ) ) GLOBAL_UNIT_ASSIGNED_CONTEXT ( ( #2576, #1383, #451 ) ) REPRESENTATION_CONTEXT ( 'NONE', 'WORKASPACE' ) );
#2251 = CARTESIAN_POINT ( 'NONE',  ( 0.5000000000000000000, -0.03000000000000000583, 0.5000000000000000000 ) ) ;
#2252 = ORIENTED_EDGE ( 'NONE', *, *, #422, .F. ) ;
#2253 = PRODUCT_DEFINITION_FORMATION_WITH_SPECIFIED_SOURCE ( 'ANY', '', #5, .NOT_KNOWN. ) ;
#2254 = CARTESIAN_POINT ( 'NONE',  ( -0.4064637201996784688, -0.04000000000000000083, 0.4412696319455212124 ) ) ;
#2255 = VECTOR ( 'NONE', #116, 1000.000000000000000 ) ;
#2256 = ORIENTED_EDGE ( 'NONE', *, *, #1759, .T. ) ;
#2257 = PLANE ( 'NONE',  #2346 ) ;
#2258 =( GEOMETRIC_REPRESENTATION_CONTEXT ( 3 ) GLOBAL_UNCERTAINTY_ASSIGNED_CONTEXT ( ( #1087 ) ) GLOBAL_UNIT_ASSIGNED_CONTEXT ( ( #540, #2632, #1032 ) ) REPRESENTATION_CONTEXT ( 'NONE', 'WORKASPACE' ) );
#2259 = CARTESIAN_POINT ( 'NONE',  ( 0.1964637201996777272, -0.04000000000000000083, 0.3000000000000001554 ) ) ;
#2260 = SURFACE_STYLE_FILL_AREA ( #2737 ) ;
#2261 = DIRECTION ( 'NONE',  ( 0.000000000000000000, -2.168404344971008868E-16, 1.000000000000000000 ) ) ;
#2262 = VECTOR ( 'NONE', #1749, 1000.000000000000000 ) ;
#2263 = ORIENTED_EDGE ( 'NONE', *, *, #2729, .F. ) ;
#2264 = LINE ( 'NONE', #577, #2068 ) ;
#2265 = FACE_OUTER_BOUND ( 'NONE', #2032, .T. ) ;
#2266 = CARTESIAN_POINT ( 'NONE',  ( -0.5000000000000000000, -0.04000000000000000083, -0.5000000000000001110 ) ) ;
#2267 = DIRECTION ( 'NONE',  ( 1.000000000000000000, 0.000000000000000000, -0.000000000000000000 ) ) ;
#2268 = EDGE_CURVE ( 'NONE', #618, #2335, #378, .T. ) ;
#2269 = FILL_AREA_STYLE ('',( #2495 ) ) ;
#2270 = EDGE_LOOP ( 'NONE', ( #1014, #1361, #715, #1050 ) ) ;
#2271 = LINE ( 'NONE', #1786, #1966 ) ;
#2272 = ADVANCED_FACE ( 'NONE', ( #678 ), #12, .T. ) ;
#2273 = CARTESIAN_POINT ( 'NONE',  ( 0.000000000000000000, -0.04000000000000000083, 0.4899999999999999911 ) ) ;
#2274 = PLANE ( 'NONE',  #3020 ) ;
#2275 = EDGE_LOOP ( 'NONE', ( #1710, #1741, #2885, #1817, #1601, #1471, #3034, #183 ) ) ;
#2276 = EDGE_CURVE ( 'NONE', #2965, #169, #709, .T. ) ;
#2277 = CARTESIAN_POINT ( 'NONE',  ( -0.1500000000000001055, -0.3149999999999998912, -0.2500000000000001110 ) ) ;
#2278 =( NAMED_UNIT ( * ) PLANE_ANGLE_UNIT ( ) SI_UNIT ( $, .RADIAN. ) );
#2279 = CARTESIAN_POINT ( 'NONE',  ( -0.5000000000000000000, 0.000000000000000000, 0.000000000000000000 ) ) ;
#2280 = LINE ( 'NONE', #2562, #512 ) ;
#2281 = ORIENTED_EDGE ( 'NONE', *, *, #924, .F. ) ;
#2282 = ORIENTED_EDGE ( 'NONE', *, *, #1485, .F. ) ;
#2283 = MECHANICAL_DESIGN_GEOMETRIC_PRESENTATION_REPRESENTATION (  '', ( #892 ), #637 ) ;
#2284 = PRESENTATION_STYLE_ASSIGNMENT (( #1338 ) ) ;
#2285 =( GEOMETRIC_REPRESENTATION_CONTEXT ( 3 ) GLOBAL_UNCERTAINTY_ASSIGNED_CONTEXT ( ( #192 ) ) GLOBAL_UNIT_ASSIGNED_CONTEXT ( ( #796, #1821, #2749 ) ) REPRESENTATION_CONTEXT ( 'NONE', 'WORKASPACE' ) );
#2286 = ORIENTED_EDGE ( 'NONE', *, *, #2706, .T. ) ;
#2287 = CARTESIAN_POINT ( 'NONE',  ( -0.5000000000000002220, -0.04000000000000000083, -0.4403625443398770378 ) ) ;
#2288 = LINE ( 'NONE', #1533, #884 ) ;
#2289 = CIRCLE ( 'NONE', #2051, 0.1499999999999999667 ) ;
#2290 = DIRECTION ( 'NONE',  ( 8.257152417909353370E-16, 0.000000000000000000, -1.000000000000000000 ) ) ;
#2291 = CARTESIAN_POINT ( 'NONE',  ( -0.5000000000000000000, -0.04000000000000000083, -0.4900000000000001021 ) ) ;
#2292 = VECTOR ( 'NONE', #2290, 1000.000000000000000 ) ;
#2293 = CARTESIAN_POINT ( 'NONE',  ( -0.1500000000000001055, -0.3149999999999998357, -0.4900000000000002132 ) ) ;
#2294 = AXIS2_PLACEMENT_3D ( 'NONE', #2653, #236, #1204 ) ;
#2295 = VECTOR ( 'NONE', #72, 1000.000000000000000 ) ;
#2296 = ORIENTED_EDGE ( 'NONE', *, *, #2948, .F. ) ;
#2297 = ORIENTED_EDGE ( 'NONE', *, *, #1827, .T. ) ;
#2298 = DIRECTION ( 'NONE',  ( -0.000000000000000000, -1.000000000000000000, -0.000000000000000000 ) ) ;
#2299 = SURFACE_STYLE_USAGE ( .BOTH. , #856 ) ;
#2300 = CARTESIAN_POINT ( 'NONE',  ( -0.1496662954709576665, -0.04000000000000000083, -0.5000000000000000000 ) ) ;
#2301 = STYLED_ITEM ( 'NONE', ( #1877 ), #2319 ) ;
#2302 = UNCERTAINTY_MEASURE_WITH_UNIT (LENGTH_MEASURE( 1.000000000000000082E-05 ), #497, 'distance_accuracy_value', 'NONE');
#2303 = ORIENTED_EDGE ( 'NONE', *, *, #2345, .T. ) ;
#2304 = AXIS2_PLACEMENT_3D ( 'NONE', #878, #3013, #1333 ) ;
#2305 = EDGE_CURVE ( 'NONE', #1651, #527, #435, .T. ) ;
#2306 =( NAMED_UNIT ( * ) PLANE_ANGLE_UNIT ( ) SI_UNIT ( $, .RADIAN. ) );
#2307 = PRESENTATION_LAYER_ASSIGNMENT (  '', '', ( #568 ) ) ;
#2308 = ORIENTED_EDGE ( 'NONE', *, *, #2235, .T. ) ;
#2309 = FILL_AREA_STYLE ('',( #2819 ) ) ;
#2310 = SURFACE_STYLE_USAGE ( .BOTH. , #1126 ) ;
#2311 = EDGE_CURVE ( 'NONE', #1103, #480, #1375, .T. ) ;
#2312 = ADVANCED_FACE ( 'NONE', ( #1591 ), #197, .F. ) ;
#2313 = DIRECTION ( 'NONE',  ( -0.000000000000000000, -1.000000000000000000, -2.168404344971009115E-16 ) ) ;
#2314 = DIRECTION ( 'NONE',  ( 0.000000000000000000, -1.000000000000000000, 0.000000000000000000 ) ) ;
#2315 = SURFACE_SIDE_STYLE ('',( #1053 ) ) ;
#2316 = VERTEX_POINT ( 'NONE', #1862 ) ;
#2317 = LINE ( 'NONE', #430, #2883 ) ;
#2318 = SURFACE_STYLE_FILL_AREA ( #1381 ) ;
#2319 = ADVANCED_FACE ( 'NONE', ( #2578 ), #1623, .T. ) ;
#2320 = EDGE_LOOP ( 'NONE', ( #1908, #1849, #214, #219 ) ) ;
#2321 = CARTESIAN_POINT ( 'NONE',  ( -0.5000000000000000000, -0.3150000000000000022, -0.4900000000000001021 ) ) ;
#2322 = CARTESIAN_POINT ( 'NONE',  ( -0.4728196545823252217, -0.02500000000000000486, 0.3000000000000001554 ) ) ;
#2323 = SURFACE_STYLE_USAGE ( .BOTH. , #929 ) ;
#2324 = EDGE_CURVE ( 'NONE', #3021, #2170, #2820, .T. ) ;
#2325 = DIRECTION ( 'NONE',  ( 0.000000000000000000, 1.000000000000000000, 0.000000000000000000 ) ) ;
#2326 = ORIENTED_EDGE ( 'NONE', *, *, #1997, .F. ) ;
#2327 = ORIENTED_EDGE ( 'NONE', *, *, #1278, .T. ) ;
#2328 = CLOSED_SHELL ( 'NONE', ( #710, #223, #2769, #1324, #2960, #1523 ) ) ;
#2329 = DIRECTION ( 'NONE',  ( -1.000000000000000000, 0.000000000000000000, -1.166719074394105051E-15 ) ) ;
#2330 = CARTESIAN_POINT ( 'NONE',  ( -0.5000000000000000000, -0.3149999999999999467, 0.2500000000000000000 ) ) ;
#2331 = EDGE_LOOP ( 'NONE', ( #1667, #6, #2844, #46, #794, #1610, #1410, #106 ) ) ;
#2332 = VECTOR ( 'NONE', #623, 1000.000000000000000 ) ;
#2333 = SURFACE_STYLE_USAGE ( .BOTH. , #2363 ) ;
#2334 = PRESENTATION_LAYER_ASSIGNMENT (  '', '', ( #2872 ) ) ;
#2335 = VERTEX_POINT ( 'NONE', #1941 ) ;
#2336 = SURFACE_STYLE_FILL_AREA ( #1643 ) ;
#2337 = COLOUR_RGB ( '',0.8980392156862745390, 0.8980392156862745390, 0.8980392156862745390 ) ;
#2338 = LINE ( 'NONE', #2126, #1495 ) ;
#2339 = CARTESIAN_POINT ( 'NONE',  ( 0.4604133079606314571, -0.02500000000000000486, -0.3000000000000001554 ) ) ;
#2340 = PRESENTATION_LAYER_ASSIGNMENT (  '', '', ( #1544 ) ) ;
#2341 = VERTEX_POINT ( 'NONE', #288 ) ;
#2342 = DIRECTION ( 'NONE',  ( -0.000000000000000000, -0.000000000000000000, 1.000000000000000000 ) ) ;
#2343 = VECTOR ( 'NONE', #1191, 1000.000000000000000 ) ;
#2344 = FACE_OUTER_BOUND ( 'NONE', #1745, .T. ) ;
#2345 = EDGE_CURVE ( 'NONE', #2058, #1372, #974, .T. ) ;
#2346 = AXIS2_PLACEMENT_3D ( 'NONE', #415, #584, #1558 ) ;
#2347 = VERTEX_POINT ( 'NONE', #775 ) ;
#2348 = COLOUR_RGB ( '',0.8980392156862745390, 0.8980392156862745390, 0.8980392156862745390 ) ;
#2349 =( GEOMETRIC_REPRESENTATION_CONTEXT ( 3 ) GLOBAL_UNCERTAINTY_ASSIGNED_CONTEXT ( ( #112 ) ) GLOBAL_UNIT_ASSIGNED_CONTEXT ( ( #1374, #676, #11 ) ) REPRESENTATION_CONTEXT ( 'NONE', 'WORKASPACE' ) );
#2350 =( LENGTH_UNIT ( ) NAMED_UNIT ( * ) SI_UNIT ( .MILLI., .METRE. ) );
#2351 = CARTESIAN_POINT ( 'NONE',  ( -0.5000000000000003331, -1.290000000000000036, 0.4900000000000001021 ) ) ;
#2352 = COLOUR_RGB ( '',0.8980392156862745390, 0.8980392156862745390, 0.8980392156862745390 ) ;
#2353 = ORIENTED_EDGE ( 'NONE', *, *, #1668, .F. ) ;
#2354 = DIRECTION ( 'NONE',  ( 1.000000000000000000, 0.000000000000000000, 0.000000000000000000 ) ) ;
#2355 = SURFACE_SIDE_STYLE ('',( #1247 ) ) ;
#2356 = EDGE_CURVE ( 'NONE', #527, #2347, #1476, .T. ) ;
#2357 = VERTEX_POINT ( 'NONE', #1466 ) ;
#2358 = VERTEX_POINT ( 'NONE', #257 ) ;
#2359 = UNCERTAINTY_MEASURE_WITH_UNIT (LENGTH_MEASURE( 1.000000000000000082E-05 ), #1820, 'distance_accuracy_value', 'NONE');
#2360 = ORIENTED_EDGE ( 'NONE', *, *, #982, .T. ) ;
#2361 = EDGE_CURVE ( 'NONE', #2790, #2092, #2383, .T. ) ;
#2362 = LINE ( 'NONE', #281, #1587 ) ;
#2363 = SURFACE_SIDE_STYLE ('',( #2318 ) ) ;
#2364 = EDGE_CURVE ( 'NONE', #1947, #1803, #320, .T. ) ;
#2365 = ORIENTED_EDGE ( 'NONE', *, *, #125, .F. ) ;
#2366 = CARTESIAN_POINT ( 'NONE',  ( -0.1496662954709576665, -0.3150000000000000022, 0.4900000000000001021 ) ) ;
#2367 = PRESENTATION_STYLE_ASSIGNMENT (( #452 ) ) ;
#2368 = FILL_AREA_STYLE_COLOUR ( '', #1914 ) ;
#2369 = FILL_AREA_STYLE ('',( #2821 ) ) ;
#2370 = PRESENTATION_STYLE_ASSIGNMENT (( #2143 ) ) ;
#2371 = FILL_AREA_STYLE ('',( #1421 ) ) ;
#2372 = ORIENTED_EDGE ( 'NONE', *, *, #172, .F. ) ;
#2373 = DIRECTION ( 'NONE',  ( -1.000000000000000000, 0.000000000000000000, 0.000000000000000000 ) ) ;
#2374 = CARTESIAN_POINT ( 'NONE',  ( 0.5000000000000000000, -0.3150000000000000022, -0.4900000000000001021 ) ) ;
#2375 = SURFACE_STYLE_FILL_AREA ( #1903 ) ;
#2376 = ORIENTED_EDGE ( 'NONE', *, *, #1722, .F. ) ;
#2377 = FACE_OUTER_BOUND ( 'NONE', #1629, .T. ) ;
#2378 = DIRECTION ( 'NONE',  ( -1.000000000000000000, 0.000000000000000000, 0.000000000000000000 ) ) ;
#2379 = VERTEX_POINT ( 'NONE', #95 ) ;
#2380 = AXIS2_PLACEMENT_3D ( 'NONE', #2157, #2414, #1699 ) ;
#2381 = FACE_OUTER_BOUND ( 'NONE', #1641, .T. ) ;
#2382 =( GEOMETRIC_REPRESENTATION_CONTEXT ( 3 ) GLOBAL_UNCERTAINTY_ASSIGNED_CONTEXT ( ( #2091 ) ) GLOBAL_UNIT_ASSIGNED_CONTEXT ( ( #2350, #2306, #769 ) ) REPRESENTATION_CONTEXT ( 'NONE', 'WORKASPACE' ) );
#2383 = LINE ( 'NONE', #1928, #2896 ) ;
#2384 = DIRECTION ( 'NONE',  ( 1.000000000000000000, 0.000000000000000000, 0.000000000000000000 ) ) ;
#2385 = VECTOR ( 'NONE', #2899, 1000.000000000000000 ) ;
#2386 = SURFACE_SIDE_STYLE ('',( #646 ) ) ;
#2387 =( NAMED_UNIT ( * ) SI_UNIT ( $, .STERADIAN. ) SOLID_ANGLE_UNIT ( ) );
#2388 = VECTOR ( 'NONE', #1173, 1000.000000000000000 ) ;
#2389 = PRESENTATION_LAYER_ASSIGNMENT (  '', '', ( #648 ) ) ;
#2390 = ORIENTED_EDGE ( 'NONE', *, *, #237, .F. ) ;
#2391 = SURFACE_STYLE_FILL_AREA ( #2630 ) ;
#2392 = UNCERTAINTY_MEASURE_WITH_UNIT (LENGTH_MEASURE( 1.000000000000000082E-05 ), #1095, 'distance_accuracy_value', 'NONE');
#2393 = ORIENTED_EDGE ( 'NONE', *, *, #575, .F. ) ;
#2394 = CARTESIAN_POINT ( 'NONE',  ( -0.4728196545823251662, -0.04000000000000000083, -0.3000000000000001554 ) ) ;
#2395 = SURFACE_STYLE_FILL_AREA ( #733 ) ;
#2396 =( NAMED_UNIT ( * ) SI_UNIT ( $, .STERADIAN. ) SOLID_ANGLE_UNIT ( ) );
#2397 = ADVANCED_FACE ( 'NONE', ( #2855 ), #50, .F. ) ;
#2398 = ORIENTED_EDGE ( 'NONE', *, *, #2123, .F. ) ;
#2399 = DIRECTION ( 'NONE',  ( 8.618858347276449337E-16, -0.000000000000000000, -1.000000000000000000 ) ) ;
#2400 = DIRECTION ( 'NONE',  ( -1.000000000000000000, 0.000000000000000000, 0.000000000000000000 ) ) ;
#2401 = CIRCLE ( 'NONE', #1454, 0.1499999999999999667 ) ;
#2402 = MECHANICAL_DESIGN_GEOMETRIC_PRESENTATION_REPRESENTATION (  '', ( #98 ), #1549 ) ;
#2403 = EDGE_CURVE ( 'NONE', #1770, #2316, #107, .T. ) ;
#2404 = EDGE_CURVE ( 'NONE', #785, #2419, #2657, .T. ) ;
#2405 =( LENGTH_UNIT ( ) NAMED_UNIT ( * ) SI_UNIT ( .MILLI., .METRE. ) );
#2406 = CIRCLE ( 'NONE', #1592, 0.1499999999999999667 ) ;
#2407 = ORIENTED_EDGE ( 'NONE', *, *, #520, .F. ) ;
#2408 = CARTESIAN_POINT ( 'NONE',  ( 0.4064637201996783022, -0.03000000000000000583, -0.3000000000000001554 ) ) ;
#2409 = ORIENTED_EDGE ( 'NONE', *, *, #520, .T. ) ;
#2410 = DIRECTION ( 'NONE',  ( 0.000000000000000000, -1.000000000000000000, -2.168404344971008868E-16 ) ) ;
#2411 =( NAMED_UNIT ( * ) PLANE_ANGLE_UNIT ( ) SI_UNIT ( $, .RADIAN. ) );
#2412 = ORIENTED_EDGE ( 'NONE', *, *, #201, .T. ) ;
#2413 =( NAMED_UNIT ( * ) PLANE_ANGLE_UNIT ( ) SI_UNIT ( $, .RADIAN. ) );
#2414 = DIRECTION ( 'NONE',  ( 0.000000000000000000, 1.000000000000000000, 0.000000000000000000 ) ) ;
#2415 = CARTESIAN_POINT ( 'NONE',  ( 0.5000000000000000000, 0.000000000000000000, 0.000000000000000000 ) ) ;
#2416 = CARTESIAN_POINT ( 'NONE',  ( -0.5000000000000000000, -0.03000000000000000583, 0.5000000000000000000 ) ) ;
#2417 =( NAMED_UNIT ( * ) PLANE_ANGLE_UNIT ( ) SI_UNIT ( $, .RADIAN. ) );
#2418 = ADVANCED_FACE ( 'NONE', ( #2895 ), #498, .T. ) ;
#2419 = VERTEX_POINT ( 'NONE', #724 ) ;
#2420 = EDGE_CURVE ( 'NONE', #1181, #2086, #2643, .T. ) ;
#2421 = DIRECTION ( 'NONE',  ( 0.000000000000000000, -0.000000000000000000, 1.000000000000000000 ) ) ;
#2422 = ORIENTED_EDGE ( 'NONE', *, *, #85, .T. ) ;
#2423 = CARTESIAN_POINT ( 'NONE',  ( 0.1500000000000001887, -0.3250000000000000666, 0.2500000000000000000 ) ) ;
#2424 = DIRECTION ( 'NONE',  ( 0.000000000000000000, 0.000000000000000000, 1.000000000000000000 ) ) ;
#2425 = DIRECTION ( 'NONE',  ( -0.000000000000000000, -0.000000000000000000, -1.000000000000000000 ) ) ;
#2426 = ORIENTED_EDGE ( 'NONE', *, *, #2179, .F. ) ;
#2427 = CARTESIAN_POINT ( 'NONE',  ( -0.5000000000000000000, -0.3149999999999999467, 0.2500000000000000000 ) ) ;
#2428 = DIRECTION ( 'NONE',  ( 0.000000000000000000, -2.168404344971008868E-16, 1.000000000000000000 ) ) ;
#2429 = STYLED_ITEM ( 'NONE', ( #2002 ), #778 ) ;
#2430 = VECTOR ( 'NONE', #839, 1000.000000000000000 ) ;
#2431 = ORIENTED_EDGE ( 'NONE', *, *, #1480, .T. ) ;
#2432 =( NAMED_UNIT ( * ) PLANE_ANGLE_UNIT ( ) SI_UNIT ( $, .RADIAN. ) );
#2433 = PRESENTATION_STYLE_ASSIGNMENT (( #248 ) ) ;
#2434 = VECTOR ( 'NONE', #3040, 1000.000000000000000 ) ;
#2435 = ORIENTED_EDGE ( 'NONE', *, *, #3003, .F. ) ;
#2436 = EDGE_CURVE ( 'NONE', #71, #681, #1260, .T. ) ;
#2437 = CARTESIAN_POINT ( 'NONE',  ( 0.1964637201996783378, -0.03000000000000000583, -0.4343476953305401844 ) ) ;
#2438 = AXIS2_PLACEMENT_3D ( 'NONE', #229, #956, #1840 ) ;
#2439 =( LENGTH_UNIT ( ) NAMED_UNIT ( * ) SI_UNIT ( .MILLI., .METRE. ) );
#2440 = ORIENTED_EDGE ( 'NONE', *, *, #237, .T. ) ;
#2441 = VECTOR ( 'NONE', #184, 1000.000000000000000 ) ;
#2442 = LINE ( 'NONE', #78, #858 ) ;
#2443 = SURFACE_STYLE_USAGE ( .BOTH. , #533 ) ;
#2444 = VECTOR ( 'NONE', #2617, 1000.000000000000000 ) ;
#2445 = SURFACE_STYLE_FILL_AREA ( #499 ) ;
#2446 = AXIS2_PLACEMENT_3D ( 'NONE', #1149, #488, #2119 ) ;
#2447 = SURFACE_STYLE_FILL_AREA ( #580 ) ;
#2448 = VECTOR ( 'NONE', #787, 1000.000000000000000 ) ;
#2449 = LINE ( 'NONE', #327, #504 ) ;
#2450 =( NAMED_UNIT ( * ) SI_UNIT ( $, .STERADIAN. ) SOLID_ANGLE_UNIT ( ) );
#2451 = SURFACE_STYLE_USAGE ( .BOTH. , #1016 ) ;
#2452 = AXIS2_PLACEMENT_3D ( 'NONE', #1804, #33, #2059 ) ;
#2453 = EDGE_CURVE ( 'NONE', #2929, #326, #1730, .T. ) ;
#2454 = ORIENTED_EDGE ( 'NONE', *, *, #124, .F. ) ;
#2455 = CARTESIAN_POINT ( 'NONE',  ( 0.4604133079606314571, -0.03000000000000000583, -0.3000000000000001554 ) ) ;
#2456 =( NAMED_UNIT ( * ) PLANE_ANGLE_UNIT ( ) SI_UNIT ( $, .RADIAN. ) );
#2457 = EDGE_CURVE ( 'NONE', #2222, #2607, #2765, .T. ) ;
#2458 = ORIENTED_EDGE ( 'NONE', *, *, #652, .T. ) ;
#2459 = PLANE ( 'NONE',  #2149 ) ;
#2460 = LINE ( 'NONE', #2471, #2763 ) ;
#2461 = CARTESIAN_POINT ( 'NONE',  ( 0.000000000000000000, -0.3150000000000000022, -0.5000000000000000000 ) ) ;
#2462 = CARTESIAN_POINT ( 'NONE',  ( -0.4064637201996785798, -0.04000000000000000083, -0.4403625443398770378 ) ) ;
#2463 = VERTEX_POINT ( 'NONE', #134 ) ;
#2464 = CARTESIAN_POINT ( 'NONE',  ( 0.1500000000000001610, -0.03000000000000000583, -0.4343476953305402399 ) ) ;
#2465 = ORIENTED_EDGE ( 'NONE', *, *, #284, .T. ) ;
#2466 = LINE ( 'NONE', #2423, #2152 ) ;
#2467 = DIRECTION ( 'NONE',  ( -0.000000000000000000, -1.000000000000000000, -0.000000000000000000 ) ) ;
#2468 = EDGE_CURVE ( 'NONE', #2086, #2564, #2781, .T. ) ;
#2469 = ORIENTED_EDGE ( 'NONE', *, *, #2536, .T. ) ;
#2470 = DIRECTION ( 'NONE',  ( -0.000000000000000000, -1.000000000000000000, -0.000000000000000000 ) ) ;
#2471 = CARTESIAN_POINT ( 'NONE',  ( -0.1496662954709576665, -0.3150000000000000022, -0.4900000000000001021 ) ) ;
#2472 = SURFACE_STYLE_USAGE ( .BOTH. , #635 ) ;
#2473 = DIRECTION ( 'NONE',  ( -1.229767018093190769E-16, 0.000000000000000000, 1.000000000000000000 ) ) ;
#2474 = DIRECTION ( 'NONE',  ( -0.000000000000000000, 1.000000000000000000, -0.000000000000000000 ) ) ;
#2475 = ORIENTED_EDGE ( 'NONE', *, *, #1960, .F. ) ;
#2476 = VECTOR ( 'NONE', #2128, 1000.000000000000000 ) ;
#2477 = PRESENTATION_LAYER_ASSIGNMENT (  '', '', ( #640 ) ) ;
#2479 = MECHANICAL_DESIGN_GEOMETRIC_PRESENTATION_REPRESENTATION (  '', ( #2003 ), #1390 ) ;
#2478 = UNCERTAINTY_MEASURE_WITH_UNIT (LENGTH_MEASURE( 1.000000000000000082E-05 ), #550, 'distance_accuracy_value', 'NONE');
#2480 = ORIENTED_EDGE ( 'NONE', *, *, #2436, .T. ) ;
#2481 = LINE ( 'NONE', #1506, #2139 ) ;
#2482 = MECHANICAL_DESIGN_GEOMETRIC_PRESENTATION_REPRESENTATION (  '', ( #355 ), #1953 ) ;
#2483 = SURFACE_STYLE_FILL_AREA ( #1762 ) ;
#2484 = VERTEX_POINT ( 'NONE', #2941 ) ;
#2485 = DIRECTION ( 'NONE',  ( 1.000000000000000000, 0.000000000000000000, 0.000000000000000000 ) ) ;
#2486 = EDGE_CURVE ( 'NONE', #3005, #1516, #181, .T. ) ;
#2487 = AXIS2_PLACEMENT_3D ( 'NONE', #304, #991, #1729 ) ;
#2488 = SURFACE_STYLE_FILL_AREA ( #2754 ) ;
#2489 = LINE ( 'NONE', #624, #2640 ) ;
#2490 = VECTOR ( 'NONE', #128, 1000.000000000000000 ) ;
#2491 = VERTEX_POINT ( 'NONE', #1289 ) ;
#2492 = ADVANCED_FACE ( 'NONE', ( #1833 ), #1766, .F. ) ;
#2493 = PRESENTATION_LAYER_ASSIGNMENT (  '', '', ( #1314 ) ) ;
#2494 = VECTOR ( 'NONE', #2713, 1000.000000000000000 ) ;
#2495 = FILL_AREA_STYLE_COLOUR ( '', #1115 ) ;
#2496 =( GEOMETRIC_REPRESENTATION_CONTEXT ( 3 ) GLOBAL_UNCERTAINTY_ASSIGNED_CONTEXT ( ( #2810 ) ) GLOBAL_UNIT_ASSIGNED_CONTEXT ( ( #2599, #230, #2804 ) ) REPRESENTATION_CONTEXT ( 'NONE', 'WORKASPACE' ) );
#2497 = ORIENTED_EDGE ( 'NONE', *, *, #1797, .F. ) ;
#2498 = FILL_AREA_STYLE_COLOUR ( '', #909 ) ;
#2499 = AXIS2_PLACEMENT_3D ( 'NONE', #977, #692, #1701 ) ;
#2500 =( GEOMETRIC_REPRESENTATION_CONTEXT ( 3 ) GLOBAL_UNCERTAINTY_ASSIGNED_CONTEXT ( ( #643 ) ) GLOBAL_UNIT_ASSIGNED_CONTEXT ( ( #1433, #3016, #2997 ) ) REPRESENTATION_CONTEXT ( 'NONE', 'WORKASPACE' ) );
#2501 = EDGE_LOOP ( 'NONE', ( #2454, #1272, #114, #1848 ) ) ;
#2502 = LINE ( 'NONE', #1765, #405 ) ;
#2503 = DIRECTION ( 'NONE',  ( -9.035018104045865764E-17, 0.000000000000000000, 1.000000000000000000 ) ) ;
#2504 = LINE ( 'NONE', #2321, #759 ) ;
#2505 = LINE ( 'NONE', #2036, #2892 ) ;
#2506 = ADVANCED_FACE ( 'NONE', ( #2554 ), #1370, .T. ) ;
#2507 = CARTESIAN_POINT ( 'NONE',  ( -0.1496662954709576665, -0.04000000000000010492, -0.4900000000000001021 ) ) ;
#2508 = VERTEX_POINT ( 'NONE', #630 ) ;
#2509 = EDGE_LOOP ( 'NONE', ( #2236, #695, #632, #2635, #2426, #2189, #1984, #202 ) ) ;
#2510 = VERTEX_POINT ( 'NONE', #2060 ) ;
#2511 = CARTESIAN_POINT ( 'NONE',  ( -0.4064637201996785798, -0.03000000000000000583, 0.3000000000000001554 ) ) ;
#2512 = FILL_AREA_STYLE_COLOUR ( '', #1263 ) ;
#2513 =( NAMED_UNIT ( * ) SI_UNIT ( $, .STERADIAN. ) SOLID_ANGLE_UNIT ( ) );
#2514 = CARTESIAN_POINT ( 'NONE',  ( -0.1500000000000000777, -0.3149999999999999467, 0.2500000000000000000 ) ) ;
#2515 = ADVANCED_FACE ( 'NONE', ( #2701 ), #2999, .F. ) ;
#2516 = EDGE_LOOP ( 'NONE', ( #729, #1279, #407, #813 ) ) ;
#2517 = ORIENTED_EDGE ( 'NONE', *, *, #1608, .F. ) ;
#2518 = VECTOR ( 'NONE', #2030, 1000.000000000000000 ) ;
#2519 = FILL_AREA_STYLE_COLOUR ( '', #2160 ) ;
#2520 = FILL_AREA_STYLE_COLOUR ( '', #2767 ) ;
#2521 = AXIS2_PLACEMENT_3D ( 'NONE', #2946, #2660, #1782 ) ;
#2522 = ORIENTED_EDGE ( 'NONE', *, *, #2672, .T. ) ;
#2523 = EDGE_CURVE ( 'NONE', #2170, #2058, #206, .T. ) ;
#2524 = AXIS2_PLACEMENT_3D ( 'NONE', #379, #2122, #2593 ) ;
#2525 = DIRECTION ( 'NONE',  ( -1.000000000000000000, 0.000000000000000000, -0.000000000000000000 ) ) ;
#2526 = STYLED_ITEM ( 'NONE', ( #406 ), #674 ) ;
#2527 = CARTESIAN_POINT ( 'NONE',  ( -0.1500000000000002442, -0.04000000000000000083, -0.5000000000000000000 ) ) ;
#2528 = DIRECTION ( 'NONE',  ( -0.000000000000000000, 0.000000000000000000, 1.000000000000000000 ) ) ;
#2529 =( GEOMETRIC_REPRESENTATION_CONTEXT ( 3 ) GLOBAL_UNCERTAINTY_ASSIGNED_CONTEXT ( ( #683 ) ) GLOBAL_UNIT_ASSIGNED_CONTEXT ( ( #3012, #2559, #1209 ) ) REPRESENTATION_CONTEXT ( 'NONE', 'WORKASPACE' ) );
#2530 =( LENGTH_UNIT ( ) NAMED_UNIT ( * ) SI_UNIT ( .MILLI., .METRE. ) );
#2531 = VECTOR ( 'NONE', #3043, 1000.000000000000000 ) ;
#2532 = VECTOR ( 'NONE', #1306, 1000.000000000000000 ) ;
#2533 = UNCERTAINTY_MEASURE_WITH_UNIT (LENGTH_MEASURE( 1.000000000000000082E-05 ), #2530, 'distance_accuracy_value', 'NONE');
#2534 =( NAMED_UNIT ( * ) PLANE_ANGLE_UNIT ( ) SI_UNIT ( $, .RADIAN. ) );
#2535 = PRESENTATION_STYLE_ASSIGNMENT (( #647 ) ) ;
#2536 = EDGE_CURVE ( 'NONE', #1039, #1455, #1586, .T. ) ;
#2537 = SURFACE_STYLE_USAGE ( .BOTH. , #1355 ) ;
#2538 =( GEOMETRIC_REPRESENTATION_CONTEXT ( 3 ) GLOBAL_UNCERTAINTY_ASSIGNED_CONTEXT ( ( #2359 ) ) GLOBAL_UNIT_ASSIGNED_CONTEXT ( ( #1820, #1746, #1850 ) ) REPRESENTATION_CONTEXT ( 'NONE', 'WORKASPACE' ) );
#2539 = CARTESIAN_POINT ( 'NONE',  ( -0.5000000000000000000, -0.04000000000000000083, 0.4899999999999999911 ) ) ;
#2540 = UNCERTAINTY_MEASURE_WITH_UNIT (LENGTH_MEASURE( 1.000000000000000082E-05 ), #986, 'distance_accuracy_value', 'NONE');
#2541 = ORIENTED_EDGE ( 'NONE', *, *, #2216, .T. ) ;
#2542 =( GEOMETRIC_REPRESENTATION_CONTEXT ( 3 ) GLOBAL_UNCERTAINTY_ASSIGNED_CONTEXT ( ( #1515 ) ) GLOBAL_UNIT_ASSIGNED_CONTEXT ( ( #2405, #1179, #2387 ) ) REPRESENTATION_CONTEXT ( 'NONE', 'WORKASPACE' ) );
#2543 = EDGE_CURVE ( 'NONE', #1972, #880, #2401, .T. ) ;
#2544 = ORIENTED_EDGE ( 'NONE', *, *, #380, .F. ) ;
#2545 = SURFACE_SIDE_STYLE ('',( #2336 ) ) ;
#2546 = SURFACE_STYLE_USAGE ( .BOTH. , #1622 ) ;
#2547 = CARTESIAN_POINT ( 'NONE',  ( -0.5000000000000003331, -1.290000000000000036, 0.4900000000000001021 ) ) ;
#2548 = CARTESIAN_POINT ( 'NONE',  ( 0.000000000000000000, -0.3150000000000000022, -0.5000000000000000000 ) ) ;
#2549 = ADVANCED_FACE ( 'NONE', ( #399 ), #2027, .T. ) ;
#2550 = FACE_OUTER_BOUND ( 'NONE', #1253, .T. ) ;
#2551 = ORIENTED_EDGE ( 'NONE', *, *, #2662, .F. ) ;
#2552 = ORIENTED_EDGE ( 'NONE', *, *, #125, .T. ) ;
#2553 = CARTESIAN_POINT ( 'NONE',  ( -0.5000000000000000000, -0.04000000000000000083, -0.5000000000000000000 ) ) ;
#2554 = FACE_OUTER_BOUND ( 'NONE', #2212, .T. ) ;
#2555 = EDGE_LOOP ( 'NONE', ( #1540, #2376, #2164, #203, #469, #537, #931, #2407 ) ) ;
#2556 = LINE ( 'NONE', #2075, #1155 ) ;
#2557 = CARTESIAN_POINT ( 'NONE',  ( -0.4728196545823251662, -0.04000000000000000083, -0.3000000000000001554 ) ) ;
#2558 = ORIENTED_EDGE ( 'NONE', *, *, #1036, .T. ) ;
#2559 =( NAMED_UNIT ( * ) PLANE_ANGLE_UNIT ( ) SI_UNIT ( $, .RADIAN. ) );
#2560 = FILL_AREA_STYLE_COLOUR ( '', #1486 ) ;
#2561 = EDGE_CURVE ( 'NONE', #264, #2594, #825, .T. ) ;
#2562 = CARTESIAN_POINT ( 'NONE',  ( 0.4064637201996782467, -0.04000000000000000083, 0.3000000000000001554 ) ) ;
#2563 = ORIENTED_EDGE ( 'NONE', *, *, #3003, .T. ) ;
#2564 = VERTEX_POINT ( 'NONE', #538 ) ;
#2565 = DIRECTION ( 'NONE',  ( -0.000000000000000000, 2.168404344971008868E-16, -1.000000000000000000 ) ) ;
#2566 = DIRECTION ( 'NONE',  ( 8.618858347276449337E-16, 0.000000000000000000, -1.000000000000000000 ) ) ;
#2567 = UNCERTAINTY_MEASURE_WITH_UNIT (LENGTH_MEASURE( 1.000000000000000082E-05 ), #384, 'distance_accuracy_value', 'NONE');
#2568 = ORIENTED_EDGE ( 'NONE', *, *, #437, .F. ) ;
#2569 = LINE ( 'NONE', #1655, #3031 ) ;
#2570 = PRESENTATION_LAYER_ASSIGNMENT (  '', '', ( #3014 ) ) ;
#2571 = SURFACE_STYLE_FILL_AREA ( #2799 ) ;
#2572 = CARTESIAN_POINT ( 'NONE',  ( 0.4064637201996780802, -0.04000000000000000083, 0.3000000000000001554 ) ) ;
#2573 = VECTOR ( 'NONE', #829, 1000.000000000000000 ) ;
#2574 = FILL_AREA_STYLE_COLOUR ( '', #2095 ) ;
#2575 = ORIENTED_EDGE ( 'NONE', *, *, #610, .T. ) ;
#2576 =( LENGTH_UNIT ( ) NAMED_UNIT ( * ) SI_UNIT ( .MILLI., .METRE. ) );
#2577 = PRESENTATION_LAYER_ASSIGNMENT (  '', '', ( #2931 ) ) ;
#2578 = FACE_OUTER_BOUND ( 'NONE', #2146, .T. ) ;
#2579 = LINE ( 'NONE', #908, #2813 ) ;
#2580 = EDGE_CURVE ( 'NONE', #2316, #681, #354, .T. ) ;
#2581 = COLOUR_RGB ( '',0.8980392156862745390, 0.8980392156862745390, 0.8980392156862745390 ) ;
#2582 = DIRECTION ( 'NONE',  ( -1.000000000000000000, 0.000000000000000000, -0.000000000000000000 ) ) ;
#2583 =( LENGTH_UNIT ( ) NAMED_UNIT ( * ) SI_UNIT ( .MILLI., .METRE. ) );
#2584 = ADVANCED_FACE ( 'NONE', ( #2964 ), #1784, .T. ) ;
#2585 = ORIENTED_EDGE ( 'NONE', *, *, #2230, .F. ) ;
#2586 = FILL_AREA_STYLE ('',( #4 ) ) ;
#2587 = PRESENTATION_LAYER_ASSIGNMENT (  '', '', ( #86 ) ) ;
#2588 = PLANE ( 'NONE',  #1113 ) ;
#2589 = SURFACE_SIDE_STYLE ('',( #1633 ) ) ;
#2590 = AXIS2_PLACEMENT_3D ( 'NONE', #1569, #1327, #358 ) ;
#2591 = ORIENTED_EDGE ( 'NONE', *, *, #513, .T. ) ;
#2592 = VECTOR ( 'NONE', #1169, 1000.000000000000000 ) ;
#2593 = DIRECTION ( 'NONE',  ( 1.000000000000000000, 0.000000000000000000, 0.000000000000000000 ) ) ;
#2594 = VERTEX_POINT ( 'NONE', #1129 ) ;
#2595 =( LENGTH_UNIT ( ) NAMED_UNIT ( * ) SI_UNIT ( .MILLI., .METRE. ) );
#2596 = FACE_OUTER_BOUND ( 'NONE', #1520, .T. ) ;
#2597 = PRESENTATION_LAYER_ASSIGNMENT (  '', '', ( #1408 ) ) ;
#2598 = SURFACE_STYLE_FILL_AREA ( #2309 ) ;
#2599 =( LENGTH_UNIT ( ) NAMED_UNIT ( * ) SI_UNIT ( .MILLI., .METRE. ) );
#2600 = FACE_OUTER_BOUND ( 'NONE', #562, .T. ) ;
#2601 = CARTESIAN_POINT ( 'NONE',  ( -0.1496662954709576665, -0.04000000000000000083, -0.4900000000000001021 ) ) ;
#2602 = ORIENTED_EDGE ( 'NONE', *, *, #1760, .T. ) ;
#2603 = CARTESIAN_POINT ( 'NONE',  ( -0.1964637201996785598, -0.03000000000000000583, 0.4343476953305399624 ) ) ;
#2604 = ORIENTED_EDGE ( 'NONE', *, *, #2102, .T. ) ;
#2605 = DIRECTION ( 'NONE',  ( 0.000000000000000000, 1.000000000000000000, 0.000000000000000000 ) ) ;
#2606 = CARTESIAN_POINT ( 'NONE',  ( -0.5000000000000000000, -0.3150000000000000022, -0.4900000000000001021 ) ) ;
#2607 = VERTEX_POINT ( 'NONE', #2507 ) ;
#2608 = DIRECTION ( 'NONE',  ( 0.000000000000000000, -0.000000000000000000, 1.000000000000000000 ) ) ;
#2609 = CARTESIAN_POINT ( 'NONE',  ( 0.4064637201996783578, -0.03000000000000000583, -0.4403625443398770378 ) ) ;
#2610 = SURFACE_STYLE_USAGE ( .BOTH. , #1646 ) ;
#2611 = CARTESIAN_POINT ( 'NONE',  ( 0.4604133079606314571, -0.02500000000000000486, 0.3000000000000001554 ) ) ;
#2612 = ORIENTED_EDGE ( 'NONE', *, *, #1668, .T. ) ;
#2613 = DIRECTION ( 'NONE',  ( 0.000000000000000000, 0.000000000000000000, -1.000000000000000000 ) ) ;
#2614 = PLANE ( 'NONE',  #2446 ) ;
#2615 = EDGE_CURVE ( 'NONE', #2705, #1751, #680, .T. ) ;
#2616 = ORIENTED_EDGE ( 'NONE', *, *, #144, .F. ) ;
#2617 = DIRECTION ( 'NONE',  ( 1.000000000000000000, 0.000000000000000000, 0.000000000000000000 ) ) ;
#2618 = CARTESIAN_POINT ( 'NONE',  ( -0.5000000000000000000, -0.03000000000000000583, -0.5000000000000001110 ) ) ;
#2619 = LINE ( 'NONE', #2455, #19 ) ;
#2620 = FILL_AREA_STYLE ('',( #1727 ) ) ;
#2621 = ADVANCED_FACE ( 'NONE', ( #2550 ), #1609, .F. ) ;
#2622 = VERTEX_POINT ( 'NONE', #869 ) ;
#2623 = VECTOR ( 'NONE', #2384, 1000.000000000000000 ) ;
#2624 = PRESENTATION_STYLE_ASSIGNMENT (( #271 ) ) ;
#2625 = VECTOR ( 'NONE', #1400, 1000.000000000000000 ) ;
#2626 =( NAMED_UNIT ( * ) PLANE_ANGLE_UNIT ( ) SI_UNIT ( $, .RADIAN. ) );
#2627 = VECTOR ( 'NONE', #16, 1000.000000000000000 ) ;
#2628 = SURFACE_SIDE_STYLE ('',( #693 ) ) ;
#2629 = EDGE_LOOP ( 'NONE', ( #2812, #1783, #1075, #2154, #2604, #1976 ) ) ;
#2630 = FILL_AREA_STYLE ('',( #1669 ) ) ;
#2631 = FACE_OUTER_BOUND ( 'NONE', #736, .T. ) ;
#2632 =( NAMED_UNIT ( * ) PLANE_ANGLE_UNIT ( ) SI_UNIT ( $, .RADIAN. ) );
#2633 = MECHANICAL_DESIGN_GEOMETRIC_PRESENTATION_REPRESENTATION (  '', ( #3023 ), #1311 ) ;
#2634 = UNCERTAINTY_MEASURE_WITH_UNIT (LENGTH_MEASURE( 1.000000000000000082E-05 ), #740, 'distance_accuracy_value', 'NONE');
#2635 = ORIENTED_EDGE ( 'NONE', *, *, #2180, .F. ) ;
#2636 = EDGE_CURVE ( 'NONE', #40, #428, #1846, .T. ) ;
#2637 = PRESENTATION_LAYER_ASSIGNMENT (  '', '', ( #2688 ) ) ;
#2638 = DIRECTION ( 'NONE',  ( 8.257152417909360273E-16, 0.000000000000000000, 1.000000000000000000 ) ) ;
#2639 = ORIENTED_EDGE ( 'NONE', *, *, #1142, .F. ) ;
#2640 = VECTOR ( 'NONE', #2473, 1000.000000000000000 ) ;
#2641 = PRESENTATION_STYLE_ASSIGNMENT (( #1889 ) ) ;
#2642 = SURFACE_SIDE_STYLE ('',( #2854 ) ) ;
#2643 = LINE ( 'NONE', #2609, #412 ) ;
#2644 = EDGE_CURVE ( 'NONE', #671, #785, #2280, .T. ) ;
#2645 = AXIS2_PLACEMENT_3D ( 'NONE', #1177, #2127, #1419 ) ;
#2646 = AXIS2_PLACEMENT_3D ( 'NONE', #70, #1556, #582 ) ;
#2647 = LINE ( 'NONE', #1664, #868 ) ;
#2648 = SURFACE_STYLE_USAGE ( .BOTH. , #744 ) ;
#2649 = PRESENTATION_LAYER_ASSIGNMENT (  '', '', ( #1170 ) ) ;
#2650 = VERTEX_POINT ( 'NONE', #1389 ) ;
#2651 = FILL_AREA_STYLE ('',( #2864 ) ) ;
#2652 = ORIENTED_EDGE ( 'NONE', *, *, #2969, .F. ) ;
#2653 = CARTESIAN_POINT ( 'NONE',  ( -0.4728196545823252217, -0.04000000000000000083, 0.3000000000000001554 ) ) ;
#2654 = DIRECTION ( 'NONE',  ( -0.000000000000000000, 1.000000000000000000, -0.000000000000000000 ) ) ;
#2655 = ORIENTED_EDGE ( 'NONE', *, *, #2468, .F. ) ;
#2656 = LINE ( 'NONE', #1963, #3029 ) ;
#2657 = LINE ( 'NONE', #2192, #1758 ) ;
#2658 = PLANE ( 'NONE',  #119 ) ;
#2659 = LINE ( 'NONE', #1479, #2022 ) ;
#2660 = DIRECTION ( 'NONE',  ( 0.000000000000000000, 1.000000000000000000, 0.000000000000000000 ) ) ;
#2661 = EDGE_LOOP ( 'NONE', ( #123, #1614, #1764, #583 ) ) ;
#2662 = EDGE_CURVE ( 'NONE', #2724, #1546, #2100, .T. ) ;
#2663 =( LENGTH_UNIT ( ) NAMED_UNIT ( * ) SI_UNIT ( .MILLI., .METRE. ) );
#2664 = ORIENTED_EDGE ( 'NONE', *, *, #789, .T. ) ;
#2665 = DIRECTION ( 'NONE',  ( 1.000000000000000000, 0.000000000000000000, 0.000000000000000000 ) ) ;
#2666 = CARTESIAN_POINT ( 'NONE',  ( -0.1500000000000001055, -0.04000000000000000083, 0.4999999999999997780 ) ) ;
#2667 = PRESENTATION_STYLE_ASSIGNMENT (( #2169 ) ) ;
#2668 = ORIENTED_EDGE ( 'NONE', *, *, #1715, .F. ) ;
#2669 = PRESENTATION_STYLE_ASSIGNMENT (( #738 ) ) ;
#2670 = EDGE_CURVE ( 'NONE', #169, #2622, #1799, .T. ) ;
#2671 = AXIS2_PLACEMENT_3D ( 'NONE', #1328, #167, #386 ) ;
#2672 = EDGE_CURVE ( 'NONE', #2880, #2016, #162, .T. ) ;
#2673 =( GEOMETRIC_REPRESENTATION_CONTEXT ( 3 ) GLOBAL_UNCERTAINTY_ASSIGNED_CONTEXT ( ( #2634 ) ) GLOBAL_UNIT_ASSIGNED_CONTEXT ( ( #740, #1261, #1026 ) ) REPRESENTATION_CONTEXT ( 'NONE', 'WORKASPACE' ) );
#2674 = FILL_AREA_STYLE_COLOUR ( '', #442 ) ;
#2675 =( GEOMETRIC_REPRESENTATION_CONTEXT ( 3 ) GLOBAL_UNCERTAINTY_ASSIGNED_CONTEXT ( ( #1936 ) ) GLOBAL_UNIT_ASSIGNED_CONTEXT ( ( #522, #2417, #472 ) ) REPRESENTATION_CONTEXT ( 'NONE', 'WORKASPACE' ) );
#2676 = EDGE_LOOP ( 'NONE', ( #2431, #622, #156, #1330, #826, #2435, #2922, #1225 ) ) ;
#2677 = CARTESIAN_POINT ( 'NONE',  ( 0.5000000000000000000, -0.3250000000000000666, -0.2500000000000001110 ) ) ;
#2678 = MECHANICAL_DESIGN_GEOMETRIC_PRESENTATION_REPRESENTATION (  '', ( #2931 ), #1257 ) ;
#2679 = ADVANCED_FACE ( 'NONE', ( #1865 ), #424, .F. ) ;
#2680 = EDGE_LOOP ( 'NONE', ( #2047, #2286, #2939, #1557, #1513 ) ) ;
#2681 = EDGE_CURVE ( 'NONE', #432, #2357, #1828, .T. ) ;
#2682 =( NAMED_UNIT ( * ) SI_UNIT ( $, .STERADIAN. ) SOLID_ANGLE_UNIT ( ) );
#2683 = CARTESIAN_POINT ( 'NONE',  ( 0.5000000000000000000, -0.04000000000000000083, -0.5000000000000000000 ) ) ;
#2684 = EDGE_LOOP ( 'NONE', ( #2668, #1445, #854, #2639 ) ) ;
#2685 = COLOUR_RGB ( '',0.2509803921568627416, 0.2509803921568627416, 0.2509803921568627416 ) ;
#2686 = FILL_AREA_STYLE ('',( #2519 ) ) ;
#2687 = FILL_AREA_STYLE ('',( #2875 ) ) ;
#2688 = STYLED_ITEM ( 'NONE', ( #882 ), #1896 ) ;
#2689 = CARTESIAN_POINT ( 'NONE',  ( 0.5000000000000000000, -0.04000000000000000083, -0.4900000000000001021 ) ) ;
#2690 =( GEOMETRIC_REPRESENTATION_CONTEXT ( 3 ) GLOBAL_UNCERTAINTY_ASSIGNED_CONTEXT ( ( #1396 ) ) GLOBAL_UNIT_ASSIGNED_CONTEXT ( ( #1200, #1394, #933 ) ) REPRESENTATION_CONTEXT ( 'NONE', 'WORKASPACE' ) );
#2691 = AXIS2_PLACEMENT_3D ( 'NONE', #1447, #2173, #305 ) ;
#2692 = EDGE_LOOP ( 'NONE', ( #1937, #875, #606, #781 ) ) ;
#2693 = DIRECTION ( 'NONE',  ( 1.000000000000000000, 0.000000000000000000, 0.000000000000000000 ) ) ;
#2694 = CARTESIAN_POINT ( 'NONE',  ( -0.5000000000000000000, -0.04000000000000000083, 0.4899999999999999911 ) ) ;
#2695 = AXIS2_PLACEMENT_3D ( 'NONE', #2611, #179, #2159 ) ;
#2696 = VERTEX_POINT ( 'NONE', #3030 ) ;
#2697 = DIRECTION ( 'NONE',  ( 0.000000000000000000, 2.168404344971008868E-16, -1.000000000000000000 ) ) ;
#2698 = DIRECTION ( 'NONE',  ( -1.000000000000000000, 0.000000000000000000, 0.000000000000000000 ) ) ;
#2699 = ORIENTED_EDGE ( 'NONE', *, *, #172, .T. ) ;
#2700 = EDGE_CURVE ( 'NONE', #2696, #2995, #2792, .T. ) ;
#2701 = FACE_OUTER_BOUND ( 'NONE', #2680, .T. ) ;
#2702 = DIRECTION ( 'NONE',  ( 1.000000000000000000, 0.000000000000000000, 0.000000000000000000 ) ) ;
#2703 = SURFACE_STYLE_FILL_AREA ( #377 ) ;
#2704 = VERTEX_POINT ( 'NONE', #216 ) ;
#2705 = VERTEX_POINT ( 'NONE', #1164 ) ;
#2706 = EDGE_CURVE ( 'NONE', #353, #382, #616, .T. ) ;
#2707 = CARTESIAN_POINT ( 'NONE',  ( -0.5000000000000000000, -0.04000000000000000083, 0.4899999999999999911 ) ) ;
#2708 = VERTEX_POINT ( 'NONE', #2293 ) ;
#2709 = CARTESIAN_POINT ( 'NONE',  ( -0.5000000000000000000, -0.3250000000000000666, -0.2500000000000001110 ) ) ;
#2710 = EDGE_CURVE ( 'NONE', #1770, #71, #176, .T. ) ;
#2711 = ADVANCED_FACE ( 'NONE', ( #2757 ), #639, .T. ) ;
#2712 = COLOUR_RGB ( '',0.8980392156862745390, 0.8980392156862745390, 0.8980392156862745390 ) ;
#2713 = DIRECTION ( 'NONE',  ( -8.618858347276449337E-16, 0.000000000000000000, -1.000000000000000000 ) ) ;
#2714 = LINE ( 'NONE', #593, #1017 ) ;
#2715 = CARTESIAN_POINT ( 'NONE',  ( -0.5000000000000000000, -0.3250000000000000666, 0.5000000000000000000 ) ) ;
#2716 = ORIENTED_EDGE ( 'NONE', *, *, #2176, .T. ) ;
#2717 = COLOUR_RGB ( '',1.000000000000000000, 1.000000000000000000, 1.000000000000000000 ) ;
#2718 = MECHANICAL_DESIGN_GEOMETRIC_PRESENTATION_REPRESENTATION (  '', ( #640 ), #592 ) ;
#2719 = VECTOR ( 'NONE', #254, 1000.000000000000000 ) ;
#2720 = ORIENTED_EDGE ( 'NONE', *, *, #73, .F. ) ;
#2721 = CARTESIAN_POINT ( 'NONE',  ( -0.4728196545823251662, -0.02500000000000000486, -0.3000000000000001554 ) ) ;
#2722 = DIRECTION ( 'NONE',  ( -1.000000000000000000, 0.000000000000000000, 0.000000000000000000 ) ) ;
#2723 = APPLICATION_CONTEXT ( 'automotive_design' ) ;
#2724 = VERTEX_POINT ( 'NONE', #2175 ) ;
#2725 = CARTESIAN_POINT ( 'NONE',  ( -0.1500000000000001055, -0.3149999999999998357, -0.5000000000000001110 ) ) ;
#2726 = CARTESIAN_POINT ( 'NONE',  ( 0.1964637201996783378, -0.04000000000000000083, -0.4343476953305401844 ) ) ;
#2727 = CARTESIAN_POINT ( 'NONE',  ( -0.5000000000000000000, -0.04000000000000000083, -0.4900000000000001021 ) ) ;
#2728 = AXIS2_PLACEMENT_3D ( 'NONE', #707, #470, #1642 ) ;
#2729 = EDGE_CURVE ( 'NONE', #480, #1148, #2647, .T. ) ;
#2730 = AXIS2_PLACEMENT_3D ( 'NONE', #591, #1097, #2740 ) ;
#2731 = CARTESIAN_POINT ( 'NONE',  ( -0.4728196545823252217, -0.04000000000000000083, 0.3000000000000001554 ) ) ;
#2732 = AXIS2_PLACEMENT_3D ( 'NONE', #2244, #1571, #900 ) ;
#2733 = ORIENTED_EDGE ( 'NONE', *, *, #1309, .T. ) ;
#2734 = FILL_AREA_STYLE_COLOUR ( '', #2838 ) ;
#2735 =( NAMED_UNIT ( * ) SI_UNIT ( $, .STERADIAN. ) SOLID_ANGLE_UNIT ( ) );
#2736 =( GEOMETRIC_REPRESENTATION_CONTEXT ( 3 ) GLOBAL_UNCERTAINTY_ASSIGNED_CONTEXT ( ( #1336 ) ) GLOBAL_UNIT_ASSIGNED_CONTEXT ( ( #1248, #768, #1134 ) ) REPRESENTATION_CONTEXT ( 'NONE', 'WORKASPACE' ) );
#2737 = FILL_AREA_STYLE ('',( #1527 ) ) ;
#2738 = VERTEX_POINT ( 'NONE', #1649 ) ;
#2739 = DIRECTION ( 'NONE',  ( -0.000000000000000000, 1.000000000000000000, -0.000000000000000000 ) ) ;
#2740 = DIRECTION ( 'NONE',  ( 1.000000000000000000, 0.000000000000000000, -0.000000000000000000 ) ) ;
#2741 = ADVANCED_FACE ( 'NONE', ( #2600 ), #743, .F. ) ;
#2742 = LINE ( 'NONE', #159, #2625 ) ;
#2743 = CARTESIAN_POINT ( 'NONE',  ( -0.4064637201996785798, -0.04000000000000000083, -0.4403625443398770378 ) ) ;
#2744 = ADVANCED_FACE ( 'NONE', ( #500 ), #245, .T. ) ;
#2745 = VERTEX_POINT ( 'NONE', #54 ) ;
#2746 = ORIENTED_EDGE ( 'NONE', *, *, #2866, .F. ) ;
#2747 = FILL_AREA_STYLE_COLOUR ( '', #1402 ) ;
#2748 = DIRECTION ( 'NONE',  ( -4.128576208954687039E-16, 0.000000000000000000, 1.000000000000000000 ) ) ;
#2749 =( NAMED_UNIT ( * ) SI_UNIT ( $, .STERADIAN. ) SOLID_ANGLE_UNIT ( ) );
#2750 = UNCERTAINTY_MEASURE_WITH_UNIT (LENGTH_MEASURE( 1.000000000000000082E-05 ), #704, 'distance_accuracy_value', 'NONE');
#2751 = VERTEX_POINT ( 'NONE', #13 ) ;
#2752 = DIRECTION ( 'NONE',  ( -0.000000000000000000, -0.000000000000000000, -1.000000000000000000 ) ) ;
#2753 = CARTESIAN_POINT ( 'NONE',  ( 0.000000000000000000, -0.3150000000000000022, -0.5000000000000000000 ) ) ;
#2754 = FILL_AREA_STYLE ('',( #2052 ) ) ;
#2755 = CARTESIAN_POINT ( 'NONE',  ( -0.1496662954709576665, -0.04000000000000010492, -0.5000000000000001110 ) ) ;
#2756 = EDGE_CURVE ( 'NONE', #1207, #2222, #1917, .T. ) ;
#2757 = FACE_OUTER_BOUND ( 'NONE', #1859, .T. ) ;
#2758 = CLOSED_SHELL ( 'NONE', ( #1077, #2319, #2584, #1323, #2135, #1003, #778, #691, #2954, #2796, #815, #2397, #983, #2084 ) ) ;
#2759 = AXIS2_PLACEMENT_3D ( 'NONE', #2548, #1420, #679 ) ;
#2760 = ORIENTED_EDGE ( 'NONE', *, *, #756, .F. ) ;
#2761 = ORIENTED_EDGE ( 'NONE', *, *, #894, .T. ) ;
#2762 = LINE ( 'NONE', #1353, #1158 ) ;
#2763 = VECTOR ( 'NONE', #346, 1000.000000000000000 ) ;
#2764 = ADVANCED_FACE ( 'NONE', ( #67 ), #2181, .T. ) ;
#2765 = LINE ( 'NONE', #2300, #268 ) ;
#2766 = DIRECTION ( 'NONE',  ( 0.000000000000000000, -1.000000000000000000, 0.000000000000000000 ) ) ;
#2767 = COLOUR_RGB ( '',0.7921568627450980005, 0.8196078431372548767, 0.9333333333333333481 ) ;
#2768 = ORIENTED_EDGE ( 'NONE', *, *, #2580, .F. ) ;
#2769 = ADVANCED_FACE ( 'NONE', ( #853 ), #244, .F. ) ;
#2770 = LINE ( 'NONE', #2287, #1060 ) ;
#2771 = LINE ( 'NONE', #24, #301 ) ;
#2772 = ORIENTED_EDGE ( 'NONE', *, *, #1340, .F. ) ;
#2773 =( NAMED_UNIT ( * ) PLANE_ANGLE_UNIT ( ) SI_UNIT ( $, .RADIAN. ) );
#2774 = PRESENTATION_LAYER_ASSIGNMENT (  '', '', ( #1012 ) ) ;
#2775 = DIRECTION ( 'NONE',  ( -0.000000000000000000, 1.000000000000000000, -0.000000000000000000 ) ) ;
#2776 =( GEOMETRIC_REPRESENTATION_CONTEXT ( 3 ) GLOBAL_UNCERTAINTY_ASSIGNED_CONTEXT ( ( #1600 ) ) GLOBAL_UNIT_ASSIGNED_CONTEXT ( ( #2041, #1832, #2735 ) ) REPRESENTATION_CONTEXT ( 'NONE', 'WORKASPACE' ) );
#2777 = STYLED_ITEM ( 'NONE', ( #247 ), #1968 ) ;
#2778 = ORIENTED_EDGE ( 'NONE', *, *, #1042, .T. ) ;
#2779 = PLANE ( 'NONE',  #3041 ) ;
#2780 = CARTESIAN_POINT ( 'NONE',  ( -0.1500000000000001055, -0.3149999999999998357, -0.5000000000000001110 ) ) ;
#2781 = LINE ( 'NONE', #3008, #1363 ) ;
#2782 = AXIS2_PLACEMENT_3D ( 'NONE', #79, #2156, #739 ) ;
#2783 = UNCERTAINTY_MEASURE_WITH_UNIT (LENGTH_MEASURE( 1.000000000000000082E-05 ), #2576, 'distance_accuracy_value', 'NONE');
#2784 = EDGE_LOOP ( 'NONE', ( #188, #2616, #2308, #1487 ) ) ;
#2785 = VECTOR ( 'NONE', #2067, 1000.000000000000000 ) ;
#2786 = CARTESIAN_POINT ( 'NONE',  ( -0.1500000000000001055, -0.3150000000000000577, 0.4999999999999997780 ) ) ;
#2787 = CARTESIAN_POINT ( 'NONE',  ( 0.1500000000000001887, -0.3149999999999998912, -0.2500000000000001110 ) ) ;
#2788 = DIRECTION ( 'NONE',  ( -9.035018104045865764E-17, 0.000000000000000000, 1.000000000000000000 ) ) ;
#2789 = STYLED_ITEM ( 'NONE', ( #2174 ), #2936 ) ;
#2790 = VERTEX_POINT ( 'NONE', #897 ) ;
#2791 = SURFACE_STYLE_FILL_AREA ( #1645 ) ;
#2792 = LINE ( 'NONE', #2514, #1507 ) ;
#2793 = ORIENTED_EDGE ( 'NONE', *, *, #1562, .T. ) ;
#2794 = CARTESIAN_POINT ( 'NONE',  ( -0.1964637201996785598, -0.04000000000000000083, 0.4343476953305399624 ) ) ;
#2795 = CARTESIAN_POINT ( 'NONE',  ( 0.1500000000000001610, -0.04000000000000000083, -0.4343476953305402399 ) ) ;
#2796 = ADVANCED_FACE ( 'NONE', ( #2841 ), #1105, .T. ) ;
#2797 = ORIENTED_EDGE ( 'NONE', *, *, #2404, .F. ) ;
#2798 = ADVANCED_FACE ( 'NONE', ( #727 ), #2779, .T. ) ;
#2799 = FILL_AREA_STYLE ('',( #1604 ) ) ;
#2800 = LINE ( 'NONE', #2557, #2000 ) ;
#2801 = LINE ( 'NONE', #850, #2719 ) ;
#2802 = ORIENTED_EDGE ( 'NONE', *, *, #2356, .T. ) ;
#2803 = DIRECTION ( 'NONE',  ( -8.618858347276449337E-16, -0.000000000000000000, 1.000000000000000000 ) ) ;
#2804 =( NAMED_UNIT ( * ) SI_UNIT ( $, .STERADIAN. ) SOLID_ANGLE_UNIT ( ) );
#2805 = LINE ( 'NONE', #939, #1894 ) ;
#2806 = EDGE_CURVE ( 'NONE', #2745, #2622, #427, .T. ) ;
#2807 = SURFACE_SIDE_STYLE ('',( #930 ) ) ;
#2808 = ORIENTED_EDGE ( 'NONE', *, *, #2268, .F. ) ;
#2809 = ORIENTED_EDGE ( 'NONE', *, *, #1304, .F. ) ;
#2811 = AXIS2_PLACEMENT_3D ( 'NONE', #2110, #2137, #2525 ) ;
#2810 = UNCERTAINTY_MEASURE_WITH_UNIT (LENGTH_MEASURE( 1.000000000000000082E-05 ), #2599, 'distance_accuracy_value', 'NONE');
#2812 = ORIENTED_EDGE ( 'NONE', *, *, #812, .T. ) ;
#2813 = VECTOR ( 'NONE', #1863, 1000.000000000000000 ) ;
#2814 = CARTESIAN_POINT ( 'NONE',  ( 0.5000000000000000000, -0.3150000000000000022, -0.5000000000000000000 ) ) ;
#2815 = AXIS2_PLACEMENT_3D ( 'NONE', #699, #1851, #2566 ) ;
#2816 = LINE ( 'NONE', #227, #2388 ) ;
#2817 = ORIENTED_EDGE ( 'NONE', *, *, #2268, .T. ) ;
#2818 = STYLED_ITEM ( 'NONE', ( #1116 ), #1003 ) ;
#2819 = FILL_AREA_STYLE_COLOUR ( '', #655 ) ;
#2820 = LINE ( 'NONE', #1210, #1858 ) ;
#2821 = FILL_AREA_STYLE_COLOUR ( '', #303 ) ;
#2822 = AXIS2_PLACEMENT_3D ( 'NONE', #2666, #493, #2638 ) ;
#2823 =( NAMED_UNIT ( * ) SI_UNIT ( $, .STERADIAN. ) SOLID_ANGLE_UNIT ( ) );
#2824 =( GEOMETRIC_REPRESENTATION_CONTEXT ( 3 ) GLOBAL_UNCERTAINTY_ASSIGNED_CONTEXT ( ( #2214 ) ) GLOBAL_UNIT_ASSIGNED_CONTEXT ( ( #760, #2914, #518 ) ) REPRESENTATION_CONTEXT ( 'NONE', 'WORKASPACE' ) );
#2825 = FILL_AREA_STYLE ('',( #276 ) ) ;
#2826 = ORIENTED_EDGE ( 'NONE', *, *, #2102, .F. ) ;
#2827 = LINE ( 'NONE', #730, #1099 ) ;
#2828 = AXIS2_PLACEMENT_3D ( 'NONE', #1045, #2932, #811 ) ;
#2829 = CARTESIAN_POINT ( 'NONE',  ( 0.5000000000000000000, -0.3150000000000000577, 0.4899999999999999911 ) ) ;
#2830 = AXIS2_PLACEMENT_3D ( 'NONE', #429, #1602, #212 ) ;
#2831 = EDGE_LOOP ( 'NONE', ( #1920, #889, #919, #2585 ) ) ;
#2832 = LINE ( 'NONE', #949, #1061 ) ;
#2833 = VECTOR ( 'NONE', #309, 1000.000000000000000 ) ;
#2834 = CARTESIAN_POINT ( 'NONE',  ( -0.4728196545823251662, -0.02500000000000000486, -0.3000000000000001554 ) ) ;
#2835 = FILL_AREA_STYLE_COLOUR ( '', #1202 ) ;
#2836 = PRESENTATION_LAYER_ASSIGNMENT (  '', '', ( #1505 ) ) ;
#2837 = ORIENTED_EDGE ( 'NONE', *, *, #295, .T. ) ;
#2838 = COLOUR_RGB ( '',0.8980392156862745390, 0.8980392156862745390, 0.8980392156862745390 ) ;
#2839 = FILL_AREA_STYLE_COLOUR ( '', #2348 ) ;
#2840 = CARTESIAN_POINT ( 'NONE',  ( -0.4728196545823252217, -0.02500000000000000486, 0.3000000000000001554 ) ) ;
#2841 = FACE_OUTER_BOUND ( 'NONE', #2331, .T. ) ;
#2842 = CARTESIAN_POINT ( 'NONE',  ( -0.5000000000000000000, -0.3150000000000000022, -0.4900000000000001021 ) ) ;
#2843 = EDGE_CURVE ( 'NONE', #718, #1883, #3007, .T. ) ;
#2844 = ORIENTED_EDGE ( 'NONE', *, *, #2436, .F. ) ;
#2845 = CARTESIAN_POINT ( 'NONE',  ( 0.5000000000000000000, -0.04000000000000000083, 0.4899999999999999911 ) ) ;
#2846 = CARTESIAN_POINT ( 'NONE',  ( 0.5000000000000000000, -0.04000000000000000083, 0.4899999999999999911 ) ) ;
#2847 = FACE_OUTER_BOUND ( 'NONE', #2784, .T. ) ;
#2848 = ORIENTED_EDGE ( 'NONE', *, *, #652, .F. ) ;
#2849 = FILL_AREA_STYLE_COLOUR ( '', #1638 ) ;
#2850 = FILL_AREA_STYLE_COLOUR ( '', #1342 ) ;
#2851 = CARTESIAN_POINT ( 'NONE',  ( 0.1500000000000001610, -0.03000000000000000583, 0.4999999999999997780 ) ) ;
#2852 = ORIENTED_EDGE ( 'NONE', *, *, #2453, .T. ) ;
#2853 = SURFACE_SIDE_STYLE ('',( #737 ) ) ;
#2854 = SURFACE_STYLE_FILL_AREA ( #786 ) ;
#2855 = FACE_OUTER_BOUND ( 'NONE', #2270, .T. ) ;
#2856 = DIRECTION ( 'NONE',  ( -0.000000000000000000, -1.000000000000000000, -0.000000000000000000 ) ) ;
#2857 = DIRECTION ( 'NONE',  ( 0.000000000000000000, 0.000000000000000000, 1.000000000000000000 ) ) ;
#2858 = PRESENTATION_STYLE_ASSIGNMENT (( #1407 ) ) ;
#2859 = FILL_AREA_STYLE ('',( #761 ) ) ;
#2860 = EDGE_CURVE ( 'NONE', #2006, #382, #881, .T. ) ;
#2861 = ORIENTED_EDGE ( 'NONE', *, *, #2276, .F. ) ;
#2862 = ADVANCED_FACE ( 'NONE', ( #666 ), #1682, .T. ) ;
#2863 = LINE ( 'NONE', #2603, #2096 ) ;
#2864 = FILL_AREA_STYLE_COLOUR ( '', #599 ) ;
#2865 = ORIENTED_EDGE ( 'NONE', *, *, #2486, .T. ) ;
#2866 = EDGE_CURVE ( 'NONE', #2594, #1181, #1235, .T. ) ;
#2867 = PLANE ( 'NONE',  #2294 ) ;
#2868 = PLANE ( 'NONE',  #120 ) ;
#2869 = CARTESIAN_POINT ( 'NONE',  ( -0.5000000000000000000, -0.3149999999999999467, 0.2500000000000000000 ) ) ;
#2870 = VERTEX_POINT ( 'NONE', #742 ) ;
#2871 =( GEOMETRIC_REPRESENTATION_CONTEXT ( 3 ) GLOBAL_UNCERTAINTY_ASSIGNED_CONTEXT ( ( #2392 ) ) GLOBAL_UNIT_ASSIGNED_CONTEXT ( ( #1095, #2987, #347 ) ) REPRESENTATION_CONTEXT ( 'NONE', 'WORKASPACE' ) );
#2872 = STYLED_ITEM ( 'NONE', ( #2284 ), #815 ) ;
#2873 = DIRECTION ( 'NONE',  ( 0.000000000000000000, 2.168404344971008868E-16, -1.000000000000000000 ) ) ;
#2874 = DIRECTION ( 'NONE',  ( 1.000000000000000000, 0.000000000000000000, 0.000000000000000000 ) ) ;
#2875 = FILL_AREA_STYLE_COLOUR ( '', #1297 ) ;
#2876 = PRESENTATION_LAYER_ASSIGNMENT (  '', '', ( #2003 ) ) ;
#2877 =( NAMED_UNIT ( * ) PLANE_ANGLE_UNIT ( ) SI_UNIT ( $, .RADIAN. ) );
#2878 = COLOUR_RGB ( '',0.8980392156862745390, 0.8980392156862745390, 0.8980392156862745390 ) ;
#2879 = CARTESIAN_POINT ( 'NONE',  ( -0.1500000000000001610, -0.04000000000000000083, 0.4343476953305399624 ) ) ;
#2880 = VERTEX_POINT ( 'NONE', #2689 ) ;
#2881 = DIRECTION ( 'NONE',  ( -0.000000000000000000, 1.000000000000000000, -0.000000000000000000 ) ) ;
#2882 = STYLED_ITEM ( 'NONE', ( #1876 ), #2959 ) ;
#2883 = VECTOR ( 'NONE', #921, 1000.000000000000000 ) ;
#2884 = UNCERTAINTY_MEASURE_WITH_UNIT (LENGTH_MEASURE( 1.000000000000000082E-05 ), #14, 'distance_accuracy_value', 'NONE');
#2885 = ORIENTED_EDGE ( 'NONE', *, *, #1673, .F. ) ;
#2886 = CARTESIAN_POINT ( 'NONE',  ( -0.5000000000000002220, -0.03000000000000000583, -0.4403625443398770378 ) ) ;
#2887 = FACE_OUTER_BOUND ( 'NONE', #2501, .T. ) ;
#2888 = VECTOR ( 'NONE', #814, 1000.000000000000000 ) ;
#2889 = SURFACE_SIDE_STYLE ('',( #2908 ) ) ;
#2890 = CARTESIAN_POINT ( 'NONE',  ( -0.5000000000000002220, -0.04000000000000000083, -0.4403625443398770378 ) ) ;
#2891 = ORIENTED_EDGE ( 'NONE', *, *, #2915, .T. ) ;
#2892 = VECTOR ( 'NONE', #2975, 1000.000000000000000 ) ;
#2893 = VECTOR ( 'NONE', #1551, 1000.000000000000000 ) ;
#2894 = DIRECTION ( 'NONE',  ( 1.000000000000000000, 0.000000000000000000, 0.000000000000000000 ) ) ;
#2895 = FACE_OUTER_BOUND ( 'NONE', #541, .T. ) ;
#2896 = VECTOR ( 'NONE', #483, 1000.000000000000000 ) ;
#2897 = EDGE_CURVE ( 'NONE', #71, #2911, #108, .T. ) ;
#2898 = DIRECTION ( 'NONE',  ( -1.000000000000000000, 0.000000000000000000, 0.000000000000000000 ) ) ;
#2899 = DIRECTION ( 'NONE',  ( 0.000000000000000000, 0.000000000000000000, -1.000000000000000000 ) ) ;
#2900 = AXIS2_PLACEMENT_3D ( 'NONE', #1264, #275, #994 ) ;
#2901 = EDGE_LOOP ( 'NONE', ( #980, #3006, #2852, #2326 ) ) ;
#2902 = CARTESIAN_POINT ( 'NONE',  ( -0.5000000000000002220, -0.04000000000000000083, 0.4412696319455212124 ) ) ;
#2903 = DIRECTION ( 'NONE',  ( 1.000000000000000000, 0.000000000000000000, -0.000000000000000000 ) ) ;
#2904 = VERTEX_POINT ( 'NONE', #2209 ) ;
#2905 = CARTESIAN_POINT ( 'NONE',  ( -0.1500000000000001055, -0.3150000000000000577, 0.4999999999999997780 ) ) ;
#2906 = ADVANCED_FACE ( 'NONE', ( #1943 ), #1967, .F. ) ;
#2907 = LINE ( 'NONE', #1977, #1800 ) ;
#2908 = SURFACE_STYLE_FILL_AREA ( #315 ) ;
#2909 = CARTESIAN_POINT ( 'NONE',  ( 0.4604133079606314571, -0.02500000000000000486, 0.3000000000000001554 ) ) ;
#2910 = EDGE_CURVE ( 'NONE', #2463, #2751, #2406, .T. ) ;
#2911 = VERTEX_POINT ( 'NONE', #2416 ) ;
#2912 = DIRECTION ( 'NONE',  ( -0.000000000000000000, 1.000000000000000000, -0.000000000000000000 ) ) ;
#2913 = CARTESIAN_POINT ( 'NONE',  ( -0.5000000000000000000, 0.000000000000000000, 0.000000000000000000 ) ) ;
#2914 =( NAMED_UNIT ( * ) PLANE_ANGLE_UNIT ( ) SI_UNIT ( $, .RADIAN. ) );
#2915 = EDGE_CURVE ( 'NONE', #2929, #2484, #2659, .T. ) ;
#2916 = SURFACE_SIDE_STYLE ('',( #1194 ) ) ;
#2917 = CARTESIAN_POINT ( 'NONE',  ( -0.5000000000000002220, -0.03000000000000000583, -0.4403625443398770378 ) ) ;
#2918 = ORIENTED_EDGE ( 'NONE', *, *, #2523, .T. ) ;
#2919 = CARTESIAN_POINT ( 'NONE',  ( 0.1500000000000001887, -1.030000000000000027, -0.4900000000000001021 ) ) ;
#2920 = SURFACE_STYLE_USAGE ( .BOTH. , #2978 ) ;
#2921 =( LENGTH_UNIT ( ) NAMED_UNIT ( * ) SI_UNIT ( .MILLI., .METRE. ) );
#2922 = ORIENTED_EDGE ( 'NONE', *, *, #3001, .F. ) ;
#2923 = CARTESIAN_POINT ( 'NONE',  ( 0.5000000000000000000, -0.04000000000000000083, 0.4412696319455212124 ) ) ;
#2924 = ORIENTED_EDGE ( 'NONE', *, *, #1130, .T. ) ;
#2925 = CARTESIAN_POINT ( 'NONE',  ( 0.1500000000000001887, -0.3150000000000000577, 0.4999999999999997780 ) ) ;
#2926 = VECTOR ( 'NONE', #2722, 1000.000000000000000 ) ;
#2927 = SURFACE_STYLE_USAGE ( .BOTH. , #807 ) ;
#2928 =( GEOMETRIC_REPRESENTATION_CONTEXT ( 3 ) GLOBAL_UNCERTAINTY_ASSIGNED_CONTEXT ( ( #1572 ) ) GLOBAL_UNIT_ASSIGNED_CONTEXT ( ( #443, #631, #1946 ) ) REPRESENTATION_CONTEXT ( 'NONE', 'WORKASPACE' ) );
#2929 = VERTEX_POINT ( 'NONE', #97 ) ;
#2930 = LINE ( 'NONE', #2919, #1589 ) ;
#2931 = STYLED_ITEM ( 'NONE', ( #1789 ), #1215 ) ;
#2932 = DIRECTION ( 'NONE',  ( -1.000000000000000000, 0.000000000000000000, -0.000000000000000000 ) ) ;
#2933 =( GEOMETRIC_REPRESENTATION_CONTEXT ( 3 ) GLOBAL_UNCERTAINTY_ASSIGNED_CONTEXT ( ( #1835 ) ) GLOBAL_UNIT_ASSIGNED_CONTEXT ( ( #981, #1423, #1182 ) ) REPRESENTATION_CONTEXT ( 'NONE', 'WORKASPACE' ) );
#2934 = VERTEX_POINT ( 'NONE', #1028 ) ;
#2935 = CARTESIAN_POINT ( 'NONE',  ( 0.1500000000000001887, -0.3150000000000000577, -0.2500000000000001110 ) ) ;
#2936 = MANIFOLD_SOLID_BREP ( 'Cut-Extrude8[2]', #2758 ) ;
#2937 = MECHANICAL_DESIGN_GEOMETRIC_PRESENTATION_REPRESENTATION (  '', ( #1106 ), #2529 ) ;
#2938 =( NAMED_UNIT ( * ) SI_UNIT ( $, .STERADIAN. ) SOLID_ANGLE_UNIT ( ) );
#2939 = ORIENTED_EDGE ( 'NONE', *, *, #2860, .F. ) ;
#2940 = VECTOR ( 'NONE', #1227, 1000.000000000000000 ) ;
#2941 = CARTESIAN_POINT ( 'NONE',  ( 0.1500000000000001887, -0.3249999999999999556, -0.2500000000000001110 ) ) ;
#2942 = CARTESIAN_POINT ( 'NONE',  ( -0.1500000000000001055, -0.04000000000000000083, 0.4999999999999997780 ) ) ;
#2943 = MANIFOLD_SOLID_BREP ( 'Cut-Extrude8[3]', #2973 ) ;
#2944 = DIRECTION ( 'NONE',  ( 0.000000000000000000, 1.000000000000000000, -0.000000000000000000 ) ) ;
#2945 = MECHANICAL_DESIGN_GEOMETRIC_PRESENTATION_REPRESENTATION (  '', ( #1648 ), #1319 ) ;
#2946 = CARTESIAN_POINT ( 'NONE',  ( 0.000000000000000000, -0.3150000000000000022, -0.5000000000000000000 ) ) ;
#2947 = VECTOR ( 'NONE', #1565, 1000.000000000000000 ) ;
#2948 = EDGE_CURVE ( 'NONE', #2170, #938, #2194, .T. ) ;
#2949 = DIRECTION ( 'NONE',  ( 0.000000000000000000, -0.000000000000000000, -1.000000000000000000 ) ) ;
#2950 = AXIS2_PLACEMENT_3D ( 'NONE', #1931, #1721, #567 ) ;
#2951 = ORIENTED_EDGE ( 'NONE', *, *, #1913, .T. ) ;
#2952 = FACE_OUTER_BOUND ( 'NONE', #2629, .T. ) ;
#2953 = EDGE_CURVE ( 'NONE', #2508, #2696, #579, .T. ) ;
#2954 = ADVANCED_FACE ( 'NONE', ( #2265 ), #1825, .F. ) ;
#2955 = DIRECTION ( 'NONE',  ( -1.000000000000000000, 0.000000000000000000, 0.000000000000000000 ) ) ;
#2956 = DIRECTION ( 'NONE',  ( 1.000000000000000000, 0.000000000000000000, 0.000000000000000000 ) ) ;
#2957 = DIRECTION ( 'NONE',  ( 1.000000000000000000, 0.000000000000000000, 0.000000000000000000 ) ) ;
#2958 = EDGE_LOOP ( 'NONE', ( #767, #1067, #2793, #2393 ) ) ;
#2959 = ADVANCED_BREP_SHAPE_REPRESENTATION ( 'YC122-JR-131KL', ( #860, #879, #2936, #2943, #1968, #886, #1634 ), #2349 ) ;
#2960 = ADVANCED_FACE ( 'NONE', ( #348 ), #833, .T. ) ;
#2961 = DIRECTION ( 'NONE',  ( -0.000000000000000000, 1.000000000000000000, -0.000000000000000000 ) ) ;
#2962 = LINE ( 'NONE', #3002, #865 ) ;
#2963 = CARTESIAN_POINT ( 'NONE',  ( -0.5000000000000000000, -0.3150000000000000577, -0.2500000000000001110 ) ) ;
#2964 = FACE_OUTER_BOUND ( 'NONE', #2320, .T. ) ;
#2965 = VERTEX_POINT ( 'NONE', #2025 ) ;
#2966 = LINE ( 'NONE', #2721, #611 ) ;
#2967 = DIRECTION ( 'NONE',  ( 1.000000000000000000, 0.000000000000000000, 8.257152417909353370E-16 ) ) ;
#2968 = LINE ( 'NONE', #765, #30 ) ;
#2969 = EDGE_CURVE ( 'NONE', #2463, #1659, #2962, .T. ) ;
#2970 = VERTEX_POINT ( 'NONE', #409 ) ;
#2971 = PRESENTATION_STYLE_ASSIGNMENT (( #843 ) ) ;
#2972 = CARTESIAN_POINT ( 'NONE',  ( -0.1500000000000001055, -0.3249999999999999001, -0.5000000000000001110 ) ) ;
#2973 = CLOSED_SHELL ( 'NONE', ( #1364, #2549, #2106, #846, #2906, #118, #1603, #1425, #2272, #2744, #138, #1233, #2050, #1772 ) ) ;
#2974 = CARTESIAN_POINT ( 'NONE',  ( 0.000000000000000000, -0.02500000000000000486, 0.000000000000000000 ) ) ;
#2975 = DIRECTION ( 'NONE',  ( 1.000000000000000000, -0.000000000000000000, -0.000000000000000000 ) ) ;
#2976 =( NAMED_UNIT ( * ) PLANE_ANGLE_UNIT ( ) SI_UNIT ( $, .RADIAN. ) );
#2977 = AXIS2_PLACEMENT_3D ( 'NONE', #2834, #1021, #253 ) ;
#2978 = SURFACE_SIDE_STYLE ('',( #1086 ) ) ;
#2979 = MECHANICAL_DESIGN_GEOMETRIC_PRESENTATION_REPRESENTATION (  '', ( #1252 ), #1098 ) ;
#2980 = VECTOR ( 'NONE', #2053, 1000.000000000000000 ) ;
#2981 = ORIENTED_EDGE ( 'NONE', *, *, #1469, .F. ) ;
#2982 = CARTESIAN_POINT ( 'NONE',  ( 0.1500000000000002442, -0.04000000000000000083, 0.4343476953305399069 ) ) ;
#2983 = VECTOR ( 'NONE', #2702, 1000.000000000000000 ) ;
#2984 = ORIENTED_EDGE ( 'NONE', *, *, #1237, .F. ) ;
#2985 = DIRECTION ( 'NONE',  ( -1.000000000000000000, 0.000000000000000000, -1.229767018093190769E-16 ) ) ;
#2986 = DIRECTION ( 'NONE',  ( -0.000000000000000000, -1.000000000000000000, -0.000000000000000000 ) ) ;
#2987 =( NAMED_UNIT ( * ) PLANE_ANGLE_UNIT ( ) SI_UNIT ( $, .RADIAN. ) );
#2988 = VECTOR ( 'NONE', #2378, 1000.000000000000000 ) ;
#2989 = DIRECTION ( 'NONE',  ( 0.000000000000000000, -1.000000000000000000, -2.168404344971008868E-16 ) ) ;
#2990 = EDGE_CURVE ( 'NONE', #1734, #149, #2234, .T. ) ;
#2991 = MECHANICAL_DESIGN_GEOMETRIC_PRESENTATION_REPRESENTATION (  '', ( #1268 ), #2250 ) ;
#2992 = SURFACE_SIDE_STYLE ('',( #1640 ) ) ;
#2993 = MECHANICAL_DESIGN_GEOMETRIC_PRESENTATION_REPRESENTATION (  '', ( #2777 ), #2690 ) ;
#2994 = VECTOR ( 'NONE', #517, 1000.000000000000000 ) ;
#2995 = VERTEX_POINT ( 'NONE', #1056 ) ;
#2996 = PRESENTATION_STYLE_ASSIGNMENT (( #645 ) ) ;
#2997 =( NAMED_UNIT ( * ) SI_UNIT ( $, .STERADIAN. ) SOLID_ANGLE_UNIT ( ) );
#2998 = DIRECTION ( 'NONE',  ( 8.618858347276449337E-16, 0.000000000000000000, 1.000000000000000000 ) ) ;
#2999 = PLANE ( 'NONE',  #2732 ) ;
#3000 = ORIENTED_EDGE ( 'NONE', *, *, #1108, .F. ) ;
#3001 = EDGE_CURVE ( 'NONE', #2738, #344, #2035, .T. ) ;
#3002 = CARTESIAN_POINT ( 'NONE',  ( 0.000000000000000000, -0.3150000000000000022, -0.3500000000000000333 ) ) ;
#3003 = EDGE_CURVE ( 'NONE', #344, #684, #2504, .T. ) ;
#3004 = DIRECTION ( 'NONE',  ( -1.000000000000000000, 0.000000000000000000, 0.000000000000000000 ) ) ;
#3005 = VERTEX_POINT ( 'NONE', #1620 ) ;
#3006 = ORIENTED_EDGE ( 'NONE', *, *, #2915, .F. ) ;
#3007 = LINE ( 'NONE', #1584, #916 ) ;
#3008 = CARTESIAN_POINT ( 'NONE',  ( 0.4064637201996783578, -0.04000000000000000083, -0.3000000000000001554 ) ) ;
#3009 = ORIENTED_EDGE ( 'NONE', *, *, #805, .T. ) ;
#3010 = CARTESIAN_POINT ( 'NONE',  ( 0.000000000000000000, -0.3150000000000000022, 0.4899999999999999911 ) ) ;
#3011 = EDGE_LOOP ( 'NONE', ( #235, #600, #2746, #317, #1879, #238, #3033, #450 ) ) ;
#3012 =( LENGTH_UNIT ( ) NAMED_UNIT ( * ) SI_UNIT ( .MILLI., .METRE. ) );
#3013 = DIRECTION ( 'NONE',  ( 1.000000000000000000, 0.000000000000000000, 8.618858347276449337E-16 ) ) ;
#3014 = STYLED_ITEM ( 'NONE', ( #258 ), #343 ) ;
#3015 = ORIENTED_EDGE ( 'NONE', *, *, #284, .F. ) ;
#3016 =( NAMED_UNIT ( * ) PLANE_ANGLE_UNIT ( ) SI_UNIT ( $, .RADIAN. ) );
#3017 = LINE ( 'NONE', #2374, #94 ) ;
#3018 = CIRCLE ( 'NONE', #1141, 0.1499999999999999667 ) ;
#3019 = DIRECTION ( 'NONE',  ( -1.000000000000000000, 0.000000000000000000, -4.128576208954687039E-16 ) ) ;
#3020 = AXIS2_PLACEMENT_3D ( 'NONE', #1528, #362, #2242 ) ;
#3021 = VERTEX_POINT ( 'NONE', #927 ) ;
#3022 = AXIS2_PLACEMENT_3D ( 'NONE', #716, #1652, #487 ) ;
#3023 = STYLED_ITEM ( 'NONE', ( #328 ), #1324 ) ;
#3024 = FACE_OUTER_BOUND ( 'NONE', #2555, .T. ) ;
#3025 = ORIENTED_EDGE ( 'NONE', *, *, #2543, .F. ) ;
#3026 = FILL_AREA_STYLE_COLOUR ( '', #1406 ) ;
#3027 = SURFACE_STYLE_FILL_AREA ( #1192 ) ;
#3028 =( LENGTH_UNIT ( ) NAMED_UNIT ( * ) SI_UNIT ( .MILLI., .METRE. ) );
#3029 = VECTOR ( 'NONE', #2894, 1000.000000000000000 ) ;
#3030 = CARTESIAN_POINT ( 'NONE',  ( -0.1500000000000001055, -0.3250000000000000666, 0.2500000000000000000 ) ) ;
#3031 = VECTOR ( 'NONE', #2605, 1000.000000000000000 ) ;
#3032 = EDGE_CURVE ( 'NONE', #791, #428, #2078, .T. ) ;
#3033 = ORIENTED_EDGE ( 'NONE', *, *, #1334, .F. ) ;
#3034 = ORIENTED_EDGE ( 'NONE', *, *, #385, .F. ) ;
#3035 = PRESENTATION_LAYER_ASSIGNMENT (  '', '', ( #820 ) ) ;
#3036 = UNCERTAINTY_MEASURE_WITH_UNIT (LENGTH_MEASURE( 1.000000000000000082E-05 ), #1482, 'distance_accuracy_value', 'NONE');
#3037 = ORIENTED_EDGE ( 'NONE', *, *, #1310, .F. ) ;
#3038 = PRESENTATION_LAYER_ASSIGNMENT (  '', '', ( #466 ) ) ;
#3039 = ADVANCED_FACE ( 'NONE', ( #2596 ), #421, .F. ) ;
#3040 = DIRECTION ( 'NONE',  ( -1.000000000000000000, 0.000000000000000000, 0.000000000000000000 ) ) ;
#3041 = AXIS2_PLACEMENT_3D ( 'NONE', #629, #1568, #397 ) ;
#3042 = ORIENTED_EDGE ( 'NONE', *, *, #2324, .F. ) ;
#3043 = DIRECTION ( 'NONE',  ( 0.000000000000000000, 1.000000000000000000, 0.000000000000000000 ) ) ;
ENDSEC;
END-ISO-10303-21;
