ISO-10303-21;
HEADER;
FILE_DESCRIPTION (( 'STEP AP214' ),
    '1' );
FILE_NAME ('RC0201FR-07300KL.STEP',
    '2023-02-10T03:05:46',
    ( '' ),
    ( '' ),
    'SwSTEP 2.0',
    'SolidWorks 2022',
    '' );
FILE_SCHEMA (( 'AUTOMOTIVE_DESIGN' ));
ENDSEC;

DATA;
#1 = DIRECTION ( 'NONE',  ( -0.000000000000000000, 9.035018104045863052E-16, 1.000000000000000000 ) ) ;
#2 = ADVANCED_FACE ( 'NONE', ( #1572 ), #813, .T. ) ;
#3 = ORIENTED_EDGE ( 'NONE', *, *, #1438, .F. ) ;
#4 = DIRECTION ( 'NONE',  ( -1.807003620809175766E-15, 0.000000000000000000, 1.000000000000000000 ) ) ;
#5 = SURFACE_STYLE_FILL_AREA ( #1253 ) ;
#6 = ORIENTED_EDGE ( 'NONE', *, *, #852, .T. ) ;
#7 = SPHERICAL_SURFACE ( 'NONE', #713, 0.01499999999999999944 ) ;
#8 = CARTESIAN_POINT ( 'NONE',  ( 0.2999999999999999334, 0.1349999999999999811, -0.2600000000000000089 ) ) ;
#9 = CARTESIAN_POINT ( 'NONE',  ( 0.2849999999999999201, 0.1349999999999999811, -0.2600000000000000089 ) ) ;
#10 = VECTOR ( 'NONE', #385, 1000.000000000000000 ) ;
#11 = CIRCLE ( 'NONE', #475, 0.01499999999999999944 ) ;
#12 = EDGE_LOOP ( 'NONE', ( #155, #310, #99, #723 ) ) ;
#13 =( NAMED_UNIT ( * ) SI_UNIT ( $, .STERADIAN. ) SOLID_ANGLE_UNIT ( ) );
#14 = EDGE_LOOP ( 'NONE', ( #1496, #144, #119, #527 ) ) ;
#15 = EDGE_CURVE ( 'NONE', #1517, #1029, #1170, .T. ) ;
#16 = FACE_OUTER_BOUND ( 'NONE', #1237, .T. ) ;
#17 = CIRCLE ( 'NONE', #1235, 0.01499999999999999944 ) ;
#18 = CARTESIAN_POINT ( 'NONE',  ( -0.2849999999999999201, -0.1350000000000000089, -0.01499999999999999944 ) ) ;
#19 = ORIENTED_EDGE ( 'NONE', *, *, #1616, .T. ) ;
#20 = CARTESIAN_POINT ( 'NONE',  ( 0.1499999999999999667, -0.1350000000000000089, -0.2600000000000000089 ) ) ;
#21 = CARTESIAN_POINT ( 'NONE',  ( -0.2849999999999999756, 0.1499999999999999944, -0.2450000000000000511 ) ) ;
#22 = EDGE_LOOP ( 'NONE', ( #1231, #437, #276 ) ) ;
#23 = ADVANCED_FACE ( 'NONE', ( #675 ), #689, .F. ) ;
#24 = CARTESIAN_POINT ( 'NONE',  ( 0.2849999999999999756, 0.1499999999999999944, -0.01499999999999999944 ) ) ;
#25 = EDGE_LOOP ( 'NONE', ( #1131, #680, #514, #860 ) ) ;
#26 = DIRECTION ( 'NONE',  ( -0.000000000000000000, -1.000000000000000000, -0.000000000000000000 ) ) ;
#27 = ORIENTED_EDGE ( 'NONE', *, *, #948, .F. ) ;
#28 = VECTOR ( 'NONE', #1312, 1000.000000000000000 ) ;
#29 = CARTESIAN_POINT ( 'NONE',  ( -0.2849999999999999756, 0.1499999999999999944, -0.01499999999999999944 ) ) ;
#30 = AXIS2_PLACEMENT_3D ( 'NONE', #1336, #1094, #74 ) ;
#31 = ADVANCED_FACE ( 'NONE', ( #433 ), #537, .T. ) ;
#32 = ADVANCED_FACE ( 'NONE', ( #177 ), #413, .F. ) ;
#33 = PLANE ( 'NONE',  #1267 ) ;
#34 = ORIENTED_EDGE ( 'NONE', *, *, #948, .T. ) ;
#35 = UNCERTAINTY_MEASURE_WITH_UNIT (LENGTH_MEASURE( 1.000000000000000082E-05 ), #1002, 'distance_accuracy_value', 'NONE');
#36 = PLANE ( 'NONE',  #1118 ) ;
#37 = DIRECTION ( 'NONE',  ( 0.000000000000000000, 0.000000000000000000, 1.000000000000000000 ) ) ;
#38 = CIRCLE ( 'NONE', #1383, 0.01499999999999999944 ) ;
#39 = ORIENTED_EDGE ( 'NONE', *, *, #76, .F. ) ;
#40 = CIRCLE ( 'NONE', #878, 0.01499999999999998557 ) ;
#41 = CARTESIAN_POINT ( 'NONE',  ( 0.2999999999999999334, -0.1350000000000000089, -0.01499999999999998557 ) ) ;
#42 = DIRECTION ( 'NONE',  ( -0.000000000000000000, -1.000000000000000000, -0.000000000000000000 ) ) ;
#43 = MANIFOLD_SOLID_BREP ( 'Boss-Extrude2', #1229 ) ;
#44 = EDGE_CURVE ( 'NONE', #1272, #1555, #1143, .T. ) ;
#45 = DIRECTION ( 'NONE',  ( 0.000000000000000000, 0.000000000000000000, 1.000000000000000000 ) ) ;
#46 = FACE_OUTER_BOUND ( 'NONE', #1353, .T. ) ;
#47 = LINE ( 'NONE', #1417, #10 ) ;
#48 = EDGE_LOOP ( 'NONE', ( #610, #1484, #630, #39 ) ) ;
#49 = LINE ( 'NONE', #321, #1532 ) ;
#50 = EDGE_CURVE ( 'NONE', #1531, #718, #202, .T. ) ;
#51 = DIRECTION ( 'NONE',  ( 1.000000000000000000, 0.000000000000000000, 0.000000000000000000 ) ) ;
#52 = SPHERICAL_SURFACE ( 'NONE', #1169, 0.01499999999999999944 ) ;
#53 = EDGE_LOOP ( 'NONE', ( #1060, #1319, #383 ) ) ;
#54 = CARTESIAN_POINT ( 'NONE',  ( 0.2849999999999999756, -0.1499999999999999944, -0.01499999999999999944 ) ) ;
#55 = VERTEX_POINT ( 'NONE', #1544 ) ;
#56 = CIRCLE ( 'NONE', #1458, 0.01499999999999998557 ) ;
#57 = PLANE ( 'NONE',  #200 ) ;
#58 = DIRECTION ( 'NONE',  ( -0.000000000000000000, 1.000000000000000000, -0.000000000000000000 ) ) ;
#59 = MANIFOLD_SOLID_BREP ( 'Fillet2', #1595 ) ;
#60 = SURFACE_SIDE_STYLE ('',( #940 ) ) ;
#61 = LINE ( 'NONE', #555, #1519 ) ;
#62 = FACE_OUTER_BOUND ( 'NONE', #1103, .T. ) ;
#63 = ORIENTED_EDGE ( 'NONE', *, *, #1556, .T. ) ;
#64 = DIRECTION ( 'NONE',  ( -0.000000000000000000, 1.000000000000000000, -0.000000000000000000 ) ) ;
#65 = EDGE_CURVE ( 'NONE', #1115, #1029, #587, .T. ) ;
#66 = VERTEX_POINT ( 'NONE', #1097 ) ;
#67 = AXIS2_PLACEMENT_3D ( 'NONE', #1208, #78, #45 ) ;
#68 = CARTESIAN_POINT ( 'NONE',  ( -0.2000000000000000944, -0.1499999999999999667, -0.01499999999999998557 ) ) ;
#69 = ORIENTED_EDGE ( 'NONE', *, *, #1280, .T. ) ;
#70 = VECTOR ( 'NONE', #1121, 1000.000000000000000 ) ;
#71 = CARTESIAN_POINT ( 'NONE',  ( -0.2999999999999999334, 0.1499999999999999944, 0.000000000000000000 ) ) ;
#72 = DIRECTION ( 'NONE',  ( -1.807003620809175766E-15, 0.000000000000000000, 1.000000000000000000 ) ) ;
#73 = ORIENTED_EDGE ( 'NONE', *, *, #228, .T. ) ;
#74 = DIRECTION ( 'NONE',  ( 0.000000000000000000, 0.000000000000000000, 1.000000000000000000 ) ) ;
#75 = VERTEX_POINT ( 'NONE', #464 ) ;
#76 = EDGE_CURVE ( 'NONE', #1362, #1243, #1347, .T. ) ;
#77 = DIRECTION ( 'NONE',  ( -0.000000000000000000, -0.000000000000000000, 1.000000000000000000 ) ) ;
#78 = DIRECTION ( 'NONE',  ( -1.000000000000000000, 0.000000000000000000, -0.000000000000000000 ) ) ;
#79 = VECTOR ( 'NONE', #1071, 1000.000000000000000 ) ;
#80 = CYLINDRICAL_SURFACE ( 'NONE', #802, 0.01499999999999999944 ) ;
#81 = CARTESIAN_POINT ( 'NONE',  ( -0.1499999999999999667, 0.1499999999999999944, -0.2600000000000000089 ) ) ;
#82 = VERTEX_POINT ( 'NONE', #591 ) ;
#83 = DIRECTION ( 'NONE',  ( -0.000000000000000000, 1.000000000000000000, -0.000000000000000000 ) ) ;
#84 = EDGE_LOOP ( 'NONE', ( #1041, #627, #1424, #232 ) ) ;
#85 = AXIS2_PLACEMENT_3D ( 'NONE', #29, #387, #1549 ) ;
#86 = DIRECTION ( 'NONE',  ( 0.000000000000000000, 0.000000000000000000, -1.000000000000000000 ) ) ;
#87 = EDGE_CURVE ( 'NONE', #1324, #180, #1609, .T. ) ;
#88 = CARTESIAN_POINT ( 'NONE',  ( -0.2849999999999999756, -0.1499999999999999944, -0.2450000000000000511 ) ) ;
#89 = ORIENTED_EDGE ( 'NONE', *, *, #861, .T. ) ;
#90 = PLANE ( 'NONE',  #1356 ) ;
#91 = EDGE_LOOP ( 'NONE', ( #73, #375, #670 ) ) ;
#92 = AXIS2_PLACEMENT_3D ( 'NONE', #169, #275, #638 ) ;
#93 = AXIS2_PLACEMENT_3D ( 'NONE', #322, #1339, #554 ) ;
#94 = AXIS2_PLACEMENT_3D ( 'NONE', #1473, #309, #836 ) ;
#95 = LINE ( 'NONE', #1475, #1409 ) ;
#96 = EDGE_CURVE ( 'NONE', #534, #622, #1597, .T. ) ;
#97 = EDGE_LOOP ( 'NONE', ( #101, #19, #238, #1602 ) ) ;
#98 = DIRECTION ( 'NONE',  ( -1.000000000000000000, 0.000000000000000000, 0.000000000000000000 ) ) ;
#99 = ORIENTED_EDGE ( 'NONE', *, *, #50, .F. ) ;
#100 = DIRECTION ( 'NONE',  ( 0.000000000000000000, 0.000000000000000000, -1.000000000000000000 ) ) ;
#101 = ORIENTED_EDGE ( 'NONE', *, *, #978, .F. ) ;
#102 = ADVANCED_FACE ( 'NONE', ( #471 ), #240, .T. ) ;
#103 = DIRECTION ( 'NONE',  ( 0.000000000000000000, 0.000000000000000000, 1.000000000000000000 ) ) ;
#104 = ORIENTED_EDGE ( 'NONE', *, *, #927, .F. ) ;
#105 = EDGE_CURVE ( 'NONE', #1487, #66, #11, .T. ) ;
#106 = CARTESIAN_POINT ( 'NONE',  ( 0.000000000000000000, 0.1349999999999999811, -0.01499999999999999944 ) ) ;
#107 = PLANE ( 'NONE',  #1111 ) ;
#108 = AXIS2_PLACEMENT_3D ( 'NONE', #179, #677, #1056 ) ;
#109 = CIRCLE ( 'NONE', #190, 0.01499999999999998557 ) ;
#110 = ORIENTED_EDGE ( 'NONE', *, *, #1078, .F. ) ;
#111 = DIRECTION ( 'NONE',  ( 1.000000000000000000, 4.517509052022996607E-16, 0.000000000000000000 ) ) ;
#112 = DIRECTION ( 'NONE',  ( 0.000000000000000000, -1.000000000000000000, 0.000000000000000000 ) ) ;
#113 = EDGE_LOOP ( 'NONE', ( #972, #342, #603, #853 ) ) ;
#114 = CARTESIAN_POINT ( 'NONE',  ( -0.2849999999999999756, 0.1499999999999999944, -0.2450000000000000511 ) ) ;
#115 = EDGE_CURVE ( 'NONE', #1077, #1037, #1603, .T. ) ;
#116 = CARTESIAN_POINT ( 'NONE',  ( 0.1999999999999996503, 0.1349999999999999811, 0.000000000000000000 ) ) ;
#117 = VECTOR ( 'NONE', #915, 1000.000000000000000 ) ;
#118 = DIRECTION ( 'NONE',  ( 0.000000000000000000, 0.000000000000000000, -1.000000000000000000 ) ) ;
#119 = ORIENTED_EDGE ( 'NONE', *, *, #1449, .T. ) ;
#120 = CARTESIAN_POINT ( 'NONE',  ( -0.2299999999999996214, -0.1200000000000000094, 0.000000000000000000 ) ) ;
#121 = CARTESIAN_POINT ( 'NONE',  ( 0.2849999999999999756, -0.1499999999999999944, -0.01499999999999999944 ) ) ;
#122 = VERTEX_POINT ( 'NONE', #1479 ) ;
#123 = CIRCLE ( 'NONE', #1285, 0.01499999999999999944 ) ;
#124 = CARTESIAN_POINT ( 'NONE',  ( 0.2299999999999996492, 0.1200000000000000094, -0.01499999999999999944 ) ) ;
#125 = EDGE_CURVE ( 'NONE', #505, #1378, #221, .T. ) ;
#126 = DIRECTION ( 'NONE',  ( -1.807003620809175766E-15, 0.000000000000000000, -1.000000000000000000 ) ) ;
#127 = ORIENTED_EDGE ( 'NONE', *, *, #461, .F. ) ;
#128 = ORIENTED_EDGE ( 'NONE', *, *, #1172, .T. ) ;
#129 = VECTOR ( 'NONE', #553, 1000.000000000000000 ) ;
#130 = DIRECTION ( 'NONE',  ( 0.000000000000000000, 0.000000000000000000, -1.000000000000000000 ) ) ;
#131 = LINE ( 'NONE', #263, #611 ) ;
#132 = EDGE_CURVE ( 'NONE', #1577, #1087, #95, .T. ) ;
#133 = VECTOR ( 'NONE', #268, 1000.000000000000000 ) ;
#134 = ORIENTED_EDGE ( 'NONE', *, *, #1625, .F. ) ;
#135 = FACE_OUTER_BOUND ( 'NONE', #1476, .T. ) ;
#136 =( NAMED_UNIT ( * ) PLANE_ANGLE_UNIT ( ) SI_UNIT ( $, .RADIAN. ) );
#137 = ORIENTED_EDGE ( 'NONE', *, *, #874, .F. ) ;
#138 = DIRECTION ( 'NONE',  ( 1.000000000000000000, -0.000000000000000000, -0.000000000000000000 ) ) ;
#139 = CARTESIAN_POINT ( 'NONE',  ( 0.2299999999999996769, -0.1499999999999999667, -0.01499999999999999944 ) ) ;
#140 = MECHANICAL_DESIGN_GEOMETRIC_PRESENTATION_REPRESENTATION (  '', ( #1437 ), #1196 ) ;
#141 = ORIENTED_EDGE ( 'NONE', *, *, #1478, .T. ) ;
#142 = ADVANCED_FACE ( 'NONE', ( #1486 ), #1236, .F. ) ;
#143 = LINE ( 'NONE', #645, #849 ) ;
#144 = ORIENTED_EDGE ( 'NONE', *, *, #1389, .F. ) ;
#145 = VECTOR ( 'NONE', #26, 1000.000000000000000 ) ;
#146 =( NAMED_UNIT ( * ) SI_UNIT ( $, .STERADIAN. ) SOLID_ANGLE_UNIT ( ) );
#147 = LINE ( 'NONE', #520, #1254 ) ;
#148 = VERTEX_POINT ( 'NONE', #1367 ) ;
#149 = DIRECTION ( 'NONE',  ( -0.000000000000000000, -0.000000000000000000, 1.000000000000000000 ) ) ;
#150 = LINE ( 'NONE', #377, #929 ) ;
#151 = EDGE_CURVE ( 'NONE', #989, #272, #1361, .T. ) ;
#152 = ORIENTED_EDGE ( 'NONE', *, *, #664, .T. ) ;
#153 = FACE_OUTER_BOUND ( 'NONE', #541, .T. ) ;
#154 = ADVANCED_FACE ( 'NONE', ( #731 ), #107, .F. ) ;
#155 = ORIENTED_EDGE ( 'NONE', *, *, #496, .T. ) ;
#156 = CARTESIAN_POINT ( 'NONE',  ( -0.2849999999999999756, -0.1499999999999999944, -0.01499999999999999944 ) ) ;
#157 = DIRECTION ( 'NONE',  ( -1.000000000000000000, 0.000000000000000000, 0.000000000000000000 ) ) ;
#158 = AXIS2_PLACEMENT_3D ( 'NONE', #1525, #1533, #901 ) ;
#159 = ORIENTED_EDGE ( 'NONE', *, *, #792, .F. ) ;
#160 = CIRCLE ( 'NONE', #657, 0.01499999999999998557 ) ;
#161 = CARTESIAN_POINT ( 'NONE',  ( -0.2849999999999999756, -0.1499999999999999944, -0.01499999999999999944 ) ) ;
#162 = EDGE_CURVE ( 'NONE', #1585, #1029, #1242, .T. ) ;
#163 = DIRECTION ( 'NONE',  ( 1.000000000000000000, 0.000000000000000000, 0.000000000000000000 ) ) ;
#164 = FILL_AREA_STYLE ('',( #192 ) ) ;
#165 = COLOUR_RGB ( '',0.7921568627450980005, 0.8196078431372548767, 0.9333333333333333481 ) ;
#166 = CIRCLE ( 'NONE', #454, 0.01499999999999999944 ) ;
#167 = UNCERTAINTY_MEASURE_WITH_UNIT (LENGTH_MEASURE( 1.000000000000000082E-05 ), #485, 'distance_accuracy_value', 'NONE');
#168 = LINE ( 'NONE', #882, #1013 ) ;
#169 = CARTESIAN_POINT ( 'NONE',  ( 0.1499999999999999944, 0.1499999999999999944, -0.2450000000000000511 ) ) ;
#170 = AXIS2_PLACEMENT_3D ( 'NONE', #1250, #1081, #1589 ) ;
#171 = VERTEX_POINT ( 'NONE', #1494 ) ;
#172 = CIRCLE ( 'NONE', #1011, 0.01499999999999998557 ) ;
#173 = DIRECTION ( 'NONE',  ( 1.000000000000000000, 4.517509052022996607E-16, 0.000000000000000000 ) ) ;
#174 = ADVANCED_FACE ( 'NONE', ( #1372 ), #740, .T. ) ;
#175 = CARTESIAN_POINT ( 'NONE',  ( -0.2000000000000001221, 0.1199999999999999400, 0.000000000000000000 ) ) ;
#176 = LINE ( 'NONE', #1302, #1456 ) ;
#177 = FACE_OUTER_BOUND ( 'NONE', #457, .T. ) ;
#178 = LINE ( 'NONE', #204, #698 ) ;
#179 = CARTESIAN_POINT ( 'NONE',  ( 0.2849999999999999201, 0.1349999999999999811, -0.2450000000000000511 ) ) ;
#180 = VERTEX_POINT ( 'NONE', #449 ) ;
#181 = PLANE ( 'NONE',  #841 ) ;
#182 = ORIENTED_EDGE ( 'NONE', *, *, #162, .F. ) ;
#183 = LINE ( 'NONE', #543, #628 ) ;
#184 = SPHERICAL_SURFACE ( 'NONE', #203, 0.01499999999999999944 ) ;
#185 = EDGE_CURVE ( 'NONE', #1324, #1241, #131, .T. ) ;
#186 = CARTESIAN_POINT ( 'NONE',  ( 0.2849999999999999201, -0.1349999999999999811, -0.01499999999999999944 ) ) ;
#187 = EDGE_LOOP ( 'NONE', ( #560, #499, #63, #597 ) ) ;
#188 = CARTESIAN_POINT ( 'NONE',  ( -0.1999999999999996780, 0.1349999999999999811, -0.01499999999999999944 ) ) ;
#189 = ORIENTED_EDGE ( 'NONE', *, *, #1108, .T. ) ;
#190 = AXIS2_PLACEMENT_3D ( 'NONE', #1101, #863, #103 ) ;
#191 = CARTESIAN_POINT ( 'NONE',  ( -0.1999999999999996503, 0.1499999999999999944, 0.000000000000000000 ) ) ;
#192 = FILL_AREA_STYLE_COLOUR ( '', #1617 ) ;
#193 = CARTESIAN_POINT ( 'NONE',  ( 0.2299999999999996769, -0.1199999999999999539, -0.01499999999999999944 ) ) ;
#194 = CARTESIAN_POINT ( 'NONE',  ( 0.1999999999999996503, 0.1349999999999999811, 0.000000000000000000 ) ) ;
#195 = ORIENTED_EDGE ( 'NONE', *, *, #1485, .T. ) ;
#196 = ADVANCED_FACE ( 'NONE', ( #1520 ), #1390, .T. ) ;
#197 = DIRECTION ( 'NONE',  ( 1.000000000000000000, 0.000000000000000000, 0.000000000000000000 ) ) ;
#198 = VECTOR ( 'NONE', #211, 1000.000000000000000 ) ;
#199 = ORIENTED_EDGE ( 'NONE', *, *, #1504, .T. ) ;
#200 = AXIS2_PLACEMENT_3D ( 'NONE', #1327, #403, #1195 ) ;
#201 = DIRECTION ( 'NONE',  ( -0.000000000000000000, -1.000000000000000000, -0.000000000000000000 ) ) ;
#202 = LINE ( 'NONE', #563, #117 ) ;
#203 = AXIS2_PLACEMENT_3D ( 'NONE', #683, #1189, #1259 ) ;
#204 = CARTESIAN_POINT ( 'NONE',  ( 0.2299999999999996492, 0.1200000000000000094, -0.01499999999999999944 ) ) ;
#205 = DIRECTION ( 'NONE',  ( 1.000000000000000000, 0.000000000000000000, 0.000000000000000000 ) ) ;
#206 = ORIENTED_EDGE ( 'NONE', *, *, #602, .T. ) ;
#207 = FACE_OUTER_BOUND ( 'NONE', #1123, .T. ) ;
#208 = ORIENTED_EDGE ( 'NONE', *, *, #615, .F. ) ;
#209 = EDGE_CURVE ( 'NONE', #750, #783, #256, .T. ) ;
#210 = LINE ( 'NONE', #985, #917 ) ;
#211 = DIRECTION ( 'NONE',  ( -1.000000000000000000, 0.000000000000000000, 0.000000000000000000 ) ) ;
#212 = CIRCLE ( 'NONE', #1352, 0.01499999999999998557 ) ;
#213 = DIRECTION ( 'NONE',  ( -1.000000000000000000, 0.000000000000000000, -0.000000000000000000 ) ) ;
#214 = PLANE ( 'NONE',  #793 ) ;
#215 = ORIENTED_EDGE ( 'NONE', *, *, #1311, .F. ) ;
#216 = CARTESIAN_POINT ( 'NONE',  ( -0.2849999999999999756, -0.1499999999999999944, -0.01499999999999999944 ) ) ;
#217 = ORIENTED_EDGE ( 'NONE', *, *, #686, .T. ) ;
#218 = VECTOR ( 'NONE', #631, 1000.000000000000000 ) ;
#219 = VECTOR ( 'NONE', #954, 1000.000000000000000 ) ;
#220 = ADVANCED_FACE ( 'NONE', ( #1404 ), #904, .T. ) ;
#221 = LINE ( 'NONE', #967, #930 ) ;
#222 = ORIENTED_EDGE ( 'NONE', *, *, #735, .T. ) ;
#223 = DIRECTION ( 'NONE',  ( -0.000000000000000000, 1.000000000000000000, -0.000000000000000000 ) ) ;
#224 = SURFACE_SIDE_STYLE ('',( #5 ) ) ;
#225 = ORIENTED_EDGE ( 'NONE', *, *, #1504, .F. ) ;
#226 = VECTOR ( 'NONE', #367, 1000.000000000000000 ) ;
#227 = VECTOR ( 'NONE', #516, 1000.000000000000000 ) ;
#228 = EDGE_CURVE ( 'NONE', #1115, #1517, #38, .T. ) ;
#229 = DIRECTION ( 'NONE',  ( -0.000000000000000000, -1.000000000000000000, -0.000000000000000000 ) ) ;
#230 = ADVANCED_FACE ( 'NONE', ( #1501 ), #270, .T. ) ;
#231 = VECTOR ( 'NONE', #1451, 1000.000000000000000 ) ;
#232 = ORIENTED_EDGE ( 'NONE', *, *, #185, .F. ) ;
#233 = FILL_AREA_STYLE_COLOUR ( '', #447 ) ;
#234 = ORIENTED_EDGE ( 'NONE', *, *, #1108, .F. ) ;
#235 = CARTESIAN_POINT ( 'NONE',  ( -0.2000000000000001221, 0.1199999999999999400, -0.01499999999999999944 ) ) ;
#236 = ORIENTED_EDGE ( 'NONE', *, *, #1128, .F. ) ;
#237 = EDGE_CURVE ( 'NONE', #75, #547, #880, .T. ) ;
#238 = ORIENTED_EDGE ( 'NONE', *, *, #1426, .T. ) ;
#239 = CARTESIAN_POINT ( 'NONE',  ( -0.2299999999999996492, 0.1199999999999999539, 0.000000000000000000 ) ) ;
#240 = CYLINDRICAL_SURFACE ( 'NONE', #396, 0.01499999999999999944 ) ;
#241 = VECTOR ( 'NONE', #808, 1000.000000000000000 ) ;
#242 = AXIS2_PLACEMENT_3D ( 'NONE', #855, #498, #1113 ) ;
#243 = VERTEX_POINT ( 'NONE', #389 ) ;
#244 = SURFACE_SIDE_STYLE ('',( #601 ) ) ;
#245 = EDGE_CURVE ( 'NONE', #1378, #1531, #1412, .T. ) ;
#246 = EDGE_LOOP ( 'NONE', ( #222, #189, #661, #891 ) ) ;
#247 = VECTOR ( 'NONE', #1443, 1000.000000000000000 ) ;
#248 = DIRECTION ( 'NONE',  ( 0.000000000000000000, 0.000000000000000000, -1.000000000000000000 ) ) ;
#249 = VECTOR ( 'NONE', #1223, 1000.000000000000000 ) ;
#250 = ORIENTED_EDGE ( 'NONE', *, *, #852, .F. ) ;
#251 = CARTESIAN_POINT ( 'NONE',  ( -0.2299999999999996492, 0.1199999999999999539, -0.01499999999999999944 ) ) ;
#252 =( LENGTH_UNIT ( ) NAMED_UNIT ( * ) SI_UNIT ( .MILLI., .METRE. ) );
#253 = VERTEX_POINT ( 'NONE', #9 ) ;
#254 = DIRECTION ( 'NONE',  ( 0.000000000000000000, -1.000000000000000000, 0.000000000000000000 ) ) ;
#255 = ADVANCED_FACE ( 'NONE', ( #278 ), #1003, .F. ) ;
#256 = LINE ( 'NONE', #755, #426 ) ;
#257 = EDGE_LOOP ( 'NONE', ( #465, #727, #152, #303 ) ) ;
#258 = FACE_OUTER_BOUND ( 'NONE', #113, .T. ) ;
#259 = FACE_OUTER_BOUND ( 'NONE', #308, .T. ) ;
#260 = ORIENTED_EDGE ( 'NONE', *, *, #978, .T. ) ;
#261 = LINE ( 'NONE', #1346, #1293 ) ;
#262 = EDGE_CURVE ( 'NONE', #1158, #361, #172, .T. ) ;
#263 = CARTESIAN_POINT ( 'NONE',  ( 0.2000000000000000666, 0.1199999999999999956, -0.01499999999999999944 ) ) ;
#264 = VERTEX_POINT ( 'NONE', #1276 ) ;
#265 = VECTOR ( 'NONE', #64, 1000.000000000000000 ) ;
#266 = DIRECTION ( 'NONE',  ( 0.000000000000000000, -1.000000000000000000, 0.000000000000000000 ) ) ;
#267 = EDGE_LOOP ( 'NONE', ( #1627, #1548, #472, #159 ) ) ;
#268 = DIRECTION ( 'NONE',  ( -0.000000000000000000, -1.000000000000000000, -0.000000000000000000 ) ) ;
#269 = SURFACE_STYLE_USAGE ( .BOTH. , #739 ) ;
#270 = CYLINDRICAL_SURFACE ( 'NONE', #693, 0.01499999999999998557 ) ;
#271 = EDGE_CURVE ( 'NONE', #547, #1394, #1596, .T. ) ;
#272 = VERTEX_POINT ( 'NONE', #643 ) ;
#273 = DIRECTION ( 'NONE',  ( 0.000000000000000000, 0.000000000000000000, -1.000000000000000000 ) ) ;
#274 = EDGE_CURVE ( 'NONE', #1272, #864, #589, .T. ) ;
#275 = DIRECTION ( 'NONE',  ( 0.000000000000000000, 0.000000000000000000, -1.000000000000000000 ) ) ;
#276 = ORIENTED_EDGE ( 'NONE', *, *, #397, .F. ) ;
#277 = LINE ( 'NONE', #1425, #575 ) ;
#278 = FACE_OUTER_BOUND ( 'NONE', #97, .T. ) ;
#279 = ORIENTED_EDGE ( 'NONE', *, *, #461, .T. ) ;
#280 = UNCERTAINTY_MEASURE_WITH_UNIT (LENGTH_MEASURE( 1.000000000000000082E-05 ), #252, 'distance_accuracy_value', 'NONE');
#281 = CYLINDRICAL_SURFACE ( 'NONE', #1067, 0.01499999999999999944 ) ;
#282 = LINE ( 'NONE', #1016, #1308 ) ;
#283 = EDGE_LOOP ( 'NONE', ( #856, #429, #488 ) ) ;
#284 = EDGE_CURVE ( 'NONE', #253, #75, #1619, .T. ) ;
#285 = FACE_OUTER_BOUND ( 'NONE', #517, .T. ) ;
#286 = AXIS2_PLACEMENT_3D ( 'NONE', #753, #746, #363 ) ;
#287 = DIRECTION ( 'NONE',  ( 0.000000000000000000, -1.000000000000000000, 0.000000000000000000 ) ) ;
#288 = CARTESIAN_POINT ( 'NONE',  ( -0.2299999999999996492, 0.1349999999999999811, -0.01499999999999999944 ) ) ;
#289 =( LENGTH_UNIT ( ) NAMED_UNIT ( * ) SI_UNIT ( .MILLI., .METRE. ) );
#290 = DIRECTION ( 'NONE',  ( 0.000000000000000000, 1.000000000000000000, -0.000000000000000000 ) ) ;
#291 = DIRECTION ( 'NONE',  ( 1.000000000000000000, -4.517509052023005482E-16, -0.000000000000000000 ) ) ;
#292 = ORIENTED_EDGE ( 'NONE', *, *, #1461, .F. ) ;
#293 = STYLED_ITEM ( 'NONE', ( #473 ), #596 ) ;
#294 = CARTESIAN_POINT ( 'NONE',  ( 0.2299999999999996492, 0.1500000000000000222, -0.01499999999999999944 ) ) ;
#295 = EDGE_CURVE ( 'NONE', #1037, #1334, #147, .T. ) ;
#296 = DIRECTION ( 'NONE',  ( -1.000000000000000000, 0.000000000000000000, 0.000000000000000000 ) ) ;
#297 = PRESENTATION_STYLE_ASSIGNMENT (( #1313 ) ) ;
#298 = DIRECTION ( 'NONE',  ( -0.000000000000000000, -0.000000000000000000, 1.000000000000000000 ) ) ;
#299 = FACE_OUTER_BOUND ( 'NONE', #803, .T. ) ;
#300 = ORIENTED_EDGE ( 'NONE', *, *, #132, .T. ) ;
#301 = AXIS2_PLACEMENT_3D ( 'NONE', #868, #896, #494 ) ;
#302 = DIRECTION ( 'NONE',  ( -1.445602896647339706E-15, -1.000000000000000000, 0.000000000000000000 ) ) ;
#303 = ORIENTED_EDGE ( 'NONE', *, *, #1277, .T. ) ;
#304 = AXIS2_PLACEMENT_3D ( 'NONE', #608, #862, #1375 ) ;
#305 = EDGE_CURVE ( 'NONE', #1517, #1167, #1154, .T. ) ;
#306 = DIRECTION ( 'NONE',  ( 0.000000000000000000, 0.000000000000000000, 1.000000000000000000 ) ) ;
#307 = CARTESIAN_POINT ( 'NONE',  ( -0.2849999999999999201, -0.1349999999999999811, -0.2450000000000000511 ) ) ;
#308 = EDGE_LOOP ( 'NONE', ( #445, #1085, #1369 ) ) ;
#309 = DIRECTION ( 'NONE',  ( 1.000000000000000000, 0.000000000000000000, 0.000000000000000000 ) ) ;
#310 = ORIENTED_EDGE ( 'NONE', *, *, #696, .T. ) ;
#311 = DIRECTION ( 'NONE',  ( 0.000000000000000000, 0.000000000000000000, 1.000000000000000000 ) ) ;
#312 = LINE ( 'NONE', #68, #1552 ) ;
#313 = EDGE_CURVE ( 'NONE', #55, #1047, #617, .T. ) ;
#314 = LINE ( 'NONE', #450, #830 ) ;
#315 = CARTESIAN_POINT ( 'NONE',  ( 0.2849999999999999201, -0.1349999999999999811, -0.2450000000000000511 ) ) ;
#316 = ORIENTED_EDGE ( 'NONE', *, *, #96, .T. ) ;
#317 = DIRECTION ( 'NONE',  ( 1.000000000000000000, 0.000000000000000000, 0.000000000000000000 ) ) ;
#318 = VERTEX_POINT ( 'NONE', #486 ) ;
#319 = AXIS2_PLACEMENT_3D ( 'NONE', #1084, #442, #1591 ) ;
#320 = AXIS2_PLACEMENT_3D ( 'NONE', #1058, #1584, #714 ) ;
#321 = CARTESIAN_POINT ( 'NONE',  ( 0.2849999999999999756, 0.1499999999999999944, -0.2450000000000000511 ) ) ;
#322 = CARTESIAN_POINT ( 'NONE',  ( -0.2849999999999999201, -0.1349999999999999811, -0.01499999999999999944 ) ) ;
#323 = EDGE_CURVE ( 'NONE', #1585, #505, #1515, .T. ) ;
#324 = CARTESIAN_POINT ( 'NONE',  ( 0.2849999999999999201, -0.1350000000000000089, 0.000000000000000000 ) ) ;
#325 = LINE ( 'NONE', #942, #1376 ) ;
#326 = ORIENTED_EDGE ( 'NONE', *, *, #478, .F. ) ;
#327 = EDGE_CURVE ( 'NONE', #547, #505, #1163, .T. ) ;
#328 = DIRECTION ( 'NONE',  ( -0.000000000000000000, 0.000000000000000000, -1.000000000000000000 ) ) ;
#329 = CARTESIAN_POINT ( 'NONE',  ( -0.2849999999999999201, 0.1499999999999999944, -0.01499999999999999944 ) ) ;
#330 = CARTESIAN_POINT ( 'NONE',  ( -0.2999999999999999334, -0.1350000000000000089, -0.2600000000000000089 ) ) ;
#331 = VECTOR ( 'NONE', #138, 1000.000000000000000 ) ;
#332 = PLANE ( 'NONE',  #1146 ) ;
#333 = DIRECTION ( 'NONE',  ( -9.035018104045880802E-16, 0.000000000000000000, 1.000000000000000000 ) ) ;
#334 = ORIENTED_EDGE ( 'NONE', *, *, #895, .T. ) ;
#335 = FACE_OUTER_BOUND ( 'NONE', #1446, .T. ) ;
#336 = EDGE_CURVE ( 'NONE', #122, #1394, #40, .T. ) ;
#337 = ORIENTED_EDGE ( 'NONE', *, *, #1036, .F. ) ;
#338 = DIRECTION ( 'NONE',  ( -1.000000000000000000, 0.000000000000000000, 0.000000000000000000 ) ) ;
#339 = VECTOR ( 'NONE', #42, 1000.000000000000000 ) ;
#340 = ORIENTED_EDGE ( 'NONE', *, *, #390, .F. ) ;
#341 = DIRECTION ( 'NONE',  ( -0.000000000000000000, 0.000000000000000000, 1.000000000000000000 ) ) ;
#342 = ORIENTED_EDGE ( 'NONE', *, *, #487, .F. ) ;
#343 = EDGE_CURVE ( 'NONE', #1047, #272, #1428, .T. ) ;
#344 = MECHANICAL_DESIGN_GEOMETRIC_PRESENTATION_REPRESENTATION (  '', ( #417 ), #1480 ) ;
#345 = CARTESIAN_POINT ( 'NONE',  ( -0.2849999999999999756, 0.1499999999999999944, -0.01499999999999999944 ) ) ;
#346 = ORIENTED_EDGE ( 'NONE', *, *, #1495, .F. ) ;
#347 = DIRECTION ( 'NONE',  ( 0.000000000000000000, 0.000000000000000000, -1.000000000000000000 ) ) ;
#348 = SPHERICAL_SURFACE ( 'NONE', #242, 0.01499999999999999944 ) ;
#349 = ORIENTED_EDGE ( 'NONE', *, *, #717, .F. ) ;
#350 = ADVANCED_FACE ( 'NONE', ( #672 ), #57, .F. ) ;
#351 = CARTESIAN_POINT ( 'NONE',  ( -0.2000000000000000944, -0.1199999999999999956, -0.01499999999999999944 ) ) ;
#352 = VECTOR ( 'NONE', #1348, 1000.000000000000000 ) ;
#353 = ADVANCED_BREP_SHAPE_REPRESENTATION ( 'RC0201FR-07300KL', ( #43, #59, #599, #596, #1511 ), #590 ) ;
#354 = VERTEX_POINT ( 'NONE', #41 ) ;
#355 = DIRECTION ( 'NONE',  ( 4.517509052022996607E-16, -1.000000000000000000, 0.000000000000000000 ) ) ;
#356 = PRESENTATION_STYLE_ASSIGNMENT (( #721 ) ) ;
#357 = ORIENTED_EDGE ( 'NONE', *, *, #1290, .T. ) ;
#358 = FACE_OUTER_BOUND ( 'NONE', #1398, .T. ) ;
#359 = CARTESIAN_POINT ( 'NONE',  ( -0.2849999999999999756, 0.1499999999999999944, -0.2450000000000000511 ) ) ;
#360 = EDGE_CURVE ( 'NONE', #1555, #864, #1467, .T. ) ;
#361 = VERTEX_POINT ( 'NONE', #1550 ) ;
#362 = ORIENTED_EDGE ( 'NONE', *, *, #1354, .T. ) ;
#363 = DIRECTION ( 'NONE',  ( 0.000000000000000000, 0.000000000000000000, 1.000000000000000000 ) ) ;
#364 = CARTESIAN_POINT ( 'NONE',  ( 0.2849999999999999201, -0.1350000000000000089, -0.01499999999999999944 ) ) ;
#365 = AXIS2_PLACEMENT_3D ( 'NONE', #816, #1582, #1462 ) ;
#366 = ORIENTED_EDGE ( 'NONE', *, *, #971, .F. ) ;
#367 = DIRECTION ( 'NONE',  ( 1.000000000000000000, 0.000000000000000000, 0.000000000000000000 ) ) ;
#368 = DIRECTION ( 'NONE',  ( 0.000000000000000000, -0.000000000000000000, -1.000000000000000000 ) ) ;
#369 = ORIENTED_EDGE ( 'NONE', *, *, #593, .F. ) ;
#370 = ADVANCED_FACE ( 'NONE', ( #1576 ), #687, .T. ) ;
#371 = DIRECTION ( 'NONE',  ( -0.000000000000000000, 1.000000000000000000, -0.000000000000000000 ) ) ;
#372 =( GEOMETRIC_REPRESENTATION_CONTEXT ( 3 ) GLOBAL_UNCERTAINTY_ASSIGNED_CONTEXT ( ( #35 ) ) GLOBAL_UNIT_ASSIGNED_CONTEXT ( ( #1002, #1117, #146 ) ) REPRESENTATION_CONTEXT ( 'NONE', 'WORKASPACE' ) );
#373 = AXIS2_PLACEMENT_3D ( 'NONE', #1296, #157, #1166 ) ;
#374 = DIRECTION ( 'NONE',  ( 0.000000000000000000, 0.000000000000000000, -1.000000000000000000 ) ) ;
#375 = ORIENTED_EDGE ( 'NONE', *, *, #15, .T. ) ;
#376 = CARTESIAN_POINT ( 'NONE',  ( 0.2000000000000000666, 0.1199999999999999956, -0.01499999999999999944 ) ) ;
#377 = CARTESIAN_POINT ( 'NONE',  ( -0.2299999999999996214, -0.1500000000000000222, -0.01499999999999999944 ) ) ;
#378 = ORIENTED_EDGE ( 'NONE', *, *, #1172, .F. ) ;
#379 = DIRECTION ( 'NONE',  ( 0.000000000000000000, 1.000000000000000000, 0.000000000000000000 ) ) ;
#380 = EDGE_CURVE ( 'NONE', #1024, #148, #1114, .T. ) ;
#381 = APPLICATION_PROTOCOL_DEFINITION ( 'draft international standard', 'automotive_design', 1998, #1096 ) ;
#382 = DIRECTION ( 'NONE',  ( -1.000000000000000000, 0.000000000000000000, -0.000000000000000000 ) ) ;
#383 = ORIENTED_EDGE ( 'NONE', *, *, #274, .F. ) ;
#384 = FACE_OUTER_BOUND ( 'NONE', #394, .T. ) ;
#385 = DIRECTION ( 'NONE',  ( -1.000000000000000000, -0.000000000000000000, -0.000000000000000000 ) ) ;
#386 = ORIENTED_EDGE ( 'NONE', *, *, #451, .T. ) ;
#387 = DIRECTION ( 'NONE',  ( 0.000000000000000000, 0.000000000000000000, 1.000000000000000000 ) ) ;
#388 = ADVANCED_FACE ( 'NONE', ( #335 ), #1342, .T. ) ;
#389 = CARTESIAN_POINT ( 'NONE',  ( -0.2299999999999996214, -0.1350000000000000089, 0.000000000000000000 ) ) ;
#390 = EDGE_CURVE ( 'NONE', #318, #1272, #679, .T. ) ;
#391 = EDGE_LOOP ( 'NONE', ( #712, #828, #260, #881 ) ) ;
#392 = DIRECTION ( 'NONE',  ( 1.000000000000000000, 0.000000000000000000, 0.000000000000000000 ) ) ;
#393 = DIRECTION ( 'NONE',  ( 0.000000000000000000, 1.000000000000000000, 0.000000000000000000 ) ) ;
#394 = EDGE_LOOP ( 'NONE', ( #997, #195, #1270, #969 ) ) ;
#395 = CARTESIAN_POINT ( 'NONE',  ( 0.2849999999999999201, -0.1350000000000000089, -0.2600000000000000089 ) ) ;
#396 = AXIS2_PLACEMENT_3D ( 'NONE', #832, #979, #606 ) ;
#397 = EDGE_CURVE ( 'NONE', #622, #1243, #1171, .T. ) ;
#398 = EDGE_LOOP ( 'NONE', ( #1622, #685, #992, #551 ) ) ;
#399 = CARTESIAN_POINT ( 'NONE',  ( 0.2849999999999999756, 0.1499999999999999944, -0.01499999999999999944 ) ) ;
#400 = CARTESIAN_POINT ( 'NONE',  ( -0.2000000000000000944, -0.1499999999999999667, -0.01499999999999998557 ) ) ;
#401 = ORIENTED_EDGE ( 'NONE', *, *, #1099, .T. ) ;
#402 = AXIS2_PLACEMENT_3D ( 'NONE', #1180, #51, #1055 ) ;
#403 = DIRECTION ( 'NONE',  ( 1.000000000000000000, 0.000000000000000000, -1.807003620809175766E-15 ) ) ;
#404 = FACE_OUTER_BOUND ( 'NONE', #12, .T. ) ;
#405 = DIRECTION ( 'NONE',  ( 0.000000000000000000, 0.000000000000000000, -1.000000000000000000 ) ) ;
#406 = UNCERTAINTY_MEASURE_WITH_UNIT (LENGTH_MEASURE( 1.000000000000000082E-05 ), #289, 'distance_accuracy_value', 'NONE');
#407 = LINE ( 'NONE', #889, #1343 ) ;
#408 = FACE_OUTER_BOUND ( 'NONE', #187, .T. ) ;
#409 = EDGE_LOOP ( 'NONE', ( #592, #818, #955, #1214 ) ) ;
#410 = CARTESIAN_POINT ( 'NONE',  ( 0.2000000000000000944, -0.1199999999999999400, -0.01499999999999999944 ) ) ;
#411 = AXIS2_PLACEMENT_3D ( 'NONE', #562, #412, #805 ) ;
#412 = DIRECTION ( 'NONE',  ( 1.000000000000000000, 0.000000000000000000, 0.000000000000000000 ) ) ;
#413 = PLANE ( 'NONE',  #1009 ) ;
#414 = DIRECTION ( 'NONE',  ( -1.000000000000000000, -0.000000000000000000, -0.000000000000000000 ) ) ;
#415 = FACE_OUTER_BOUND ( 'NONE', #1185, .T. ) ;
#416 = ORIENTED_EDGE ( 'NONE', *, *, #313, .T. ) ;
#417 = STYLED_ITEM ( 'NONE', ( #356 ), #599 ) ;
#418 = DIRECTION ( 'NONE',  ( 0.000000000000000000, -0.000000000000000000, -1.000000000000000000 ) ) ;
#419 = ADVANCED_FACE ( 'NONE', ( #1325 ), #90, .F. ) ;
#420 = ORIENTED_EDGE ( 'NONE', *, *, #664, .F. ) ;
#421 = CARTESIAN_POINT ( 'NONE',  ( 0.2999999999999999334, -0.1350000000000000089, -0.2600000000000000089 ) ) ;
#422 = CIRCLE ( 'NONE', #928, 0.01499999999999998557 ) ;
#423 = SURFACE_STYLE_FILL_AREA ( #164 ) ;
#424 = CARTESIAN_POINT ( 'NONE',  ( -0.2299999999999996214, -0.1200000000000000094, -0.01499999999999999944 ) ) ;
#425 = CARTESIAN_POINT ( 'NONE',  ( -0.1999999999999996780, 0.1349999999999999811, 0.000000000000000000 ) ) ;
#426 = VECTOR ( 'NONE', #382, 1000.000000000000000 ) ;
#427 = ORIENTED_EDGE ( 'NONE', *, *, #561, .F. ) ;
#428 = DIRECTION ( 'NONE',  ( -1.000000000000000000, 0.000000000000000000, -0.000000000000000000 ) ) ;
#429 = ORIENTED_EDGE ( 'NONE', *, *, #674, .T. ) ;
#430 = EDGE_CURVE ( 'NONE', #783, #453, #760, .T. ) ;
#431 = CIRCLE ( 'NONE', #1366, 0.01499999999999999944 ) ;
#432 = CARTESIAN_POINT ( 'NONE',  ( -0.2999999999999999334, 0.1349999999999999811, -0.01499999999999999944 ) ) ;
#433 = FACE_OUTER_BOUND ( 'NONE', #91, .T. ) ;
#434 = CARTESIAN_POINT ( 'NONE',  ( 0.2849999999999999756, 0.1499999999999999944, -0.01499999999999999944 ) ) ;
#435 = ORIENTED_EDGE ( 'NONE', *, *, #615, .T. ) ;
#436 = DIRECTION ( 'NONE',  ( -1.000000000000000000, 0.000000000000000000, 1.807003620809174267E-14 ) ) ;
#437 = ORIENTED_EDGE ( 'NONE', *, *, #561, .T. ) ;
#438 = ADVANCED_FACE ( 'NONE', ( #944 ), #586, .T. ) ;
#439 = FACE_OUTER_BOUND ( 'NONE', #716, .T. ) ;
#440 = EDGE_CURVE ( 'NONE', #1394, #1503, #1193, .T. ) ;
#441 = CARTESIAN_POINT ( 'NONE',  ( -0.2299999999999996214, -0.1500000000000000222, 0.000000000000000000 ) ) ;
#442 = DIRECTION ( 'NONE',  ( 1.000000000000000000, 0.000000000000000000, 0.000000000000000000 ) ) ;
#443 = ORIENTED_EDGE ( 'NONE', *, *, #440, .F. ) ;
#444 = CARTESIAN_POINT ( 'NONE',  ( -0.1499999999999999667, 0.1349999999999999811, -0.2600000000000000089 ) ) ;
#445 = ORIENTED_EDGE ( 'NONE', *, *, #850, .T. ) ;
#446 = CIRCLE ( 'NONE', #817, 0.01499999999999998557 ) ;
#447 = COLOUR_RGB ( '',0.8039215686274510109, 0.8039215686274510109, 0.8039215686274510109 ) ;
#448 = DIRECTION ( 'NONE',  ( -1.000000000000000000, 4.517509052022996607E-16, -0.000000000000000000 ) ) ;
#449 = CARTESIAN_POINT ( 'NONE',  ( 0.2000000000000000944, -0.1199999999999999400, -0.01499999999999999944 ) ) ;
#450 = CARTESIAN_POINT ( 'NONE',  ( 0.1999999999999996503, 0.1499999999999999667, -0.01499999999999998557 ) ) ;
#451 = EDGE_CURVE ( 'NONE', #1362, #1524, #548, .T. ) ;
#452 = LINE ( 'NONE', #950, #247 ) ;
#453 = VERTEX_POINT ( 'NONE', #576 ) ;
#454 = AXIS2_PLACEMENT_3D ( 'NONE', #1305, #1157, #899 ) ;
#455 = FACE_OUTER_BOUND ( 'NONE', #84, .T. ) ;
#456 = MECHANICAL_DESIGN_GEOMETRIC_PRESENTATION_REPRESENTATION (  '', ( #477 ), #1309 ) ;
#457 = EDGE_LOOP ( 'NONE', ( #1120, #1057, #1289, #770 ) ) ;
#458 = CARTESIAN_POINT ( 'NONE',  ( 0.1999999999999996503, -0.1349999999999999811, -0.01499999999999999944 ) ) ;
#459 = DIRECTION ( 'NONE',  ( 1.000000000000000000, -0.000000000000000000, 1.807003620809175766E-15 ) ) ;
#460 = VERTEX_POINT ( 'NONE', #1066 ) ;
#461 = EDGE_CURVE ( 'NONE', #869, #264, #1566, .T. ) ;
#462 = CARTESIAN_POINT ( 'NONE',  ( -0.2849999999999999756, -0.1499999999999999944, -0.2450000000000000511 ) ) ;
#463 = ORIENTED_EDGE ( 'NONE', *, *, #430, .F. ) ;
#464 = CARTESIAN_POINT ( 'NONE',  ( 0.2849999999999999756, 0.1499999999999999944, -0.2450000000000000511 ) ) ;
#465 = ORIENTED_EDGE ( 'NONE', *, *, #1078, .T. ) ;
#466 = DIRECTION ( 'NONE',  ( -0.000000000000000000, 1.000000000000000000, 0.000000000000000000 ) ) ;
#467 = ORIENTED_EDGE ( 'NONE', *, *, #1607, .F. ) ;
#468 = ADVANCED_FACE ( 'NONE', ( #207 ), #695, .T. ) ;
#469 = APPLICATION_CONTEXT ( 'automotive_design' ) ;
#470 = CIRCLE ( 'NONE', #523, 0.01499999999999999944 ) ;
#471 = FACE_OUTER_BOUND ( 'NONE', #398, .T. ) ;
#472 = ORIENTED_EDGE ( 'NONE', *, *, #850, .F. ) ;
#473 = PRESENTATION_STYLE_ASSIGNMENT (( #1612 ) ) ;
#474 = ORIENTED_EDGE ( 'NONE', *, *, #964, .T. ) ;
#475 = AXIS2_PLACEMENT_3D ( 'NONE', #458, #973, #118 ) ;
#476 = CYLINDRICAL_SURFACE ( 'NONE', #1218, 0.01499999999999999944 ) ;
#477 = STYLED_ITEM ( 'NONE', ( #1440 ), #59 ) ;
#478 = EDGE_CURVE ( 'NONE', #1585, #354, #470, .T. ) ;
#479 = DIRECTION ( 'NONE',  ( -0.000000000000000000, 1.000000000000000000, -0.000000000000000000 ) ) ;
#480 = AXIS2_PLACEMENT_3D ( 'NONE', #898, #1407, #273 ) ;
#481 = ORIENTED_EDGE ( 'NONE', *, *, #1238, .T. ) ;
#482 = CARTESIAN_POINT ( 'NONE',  ( -0.1499999999999999667, -0.1350000000000000089, -0.2600000000000000089 ) ) ;
#483 = VERTEX_POINT ( 'NONE', #1318 ) ;
#484 = CARTESIAN_POINT ( 'NONE',  ( 0.1499999999999999944, 0.1499999999999999944, -0.2450000000000000511 ) ) ;
#485 =( LENGTH_UNIT ( ) NAMED_UNIT ( * ) SI_UNIT ( .MILLI., .METRE. ) );
#486 = CARTESIAN_POINT ( 'NONE',  ( -0.2299999999999996214, -0.1500000000000000222, -0.01499999999999999944 ) ) ;
#487 = EDGE_CURVE ( 'NONE', #531, #647, #567, .T. ) ;
#488 = ORIENTED_EDGE ( 'NONE', *, *, #380, .F. ) ;
#489 = CIRCLE ( 'NONE', #542, 0.01499999999999998557 ) ;
#490 = CARTESIAN_POINT ( 'NONE',  ( 0.2849999999999999201, 0.1349999999999999811, -0.2450000000000000511 ) ) ;
#491 = ORIENTED_EDGE ( 'NONE', *, *, #754, .T. ) ;
#492 = PLANE ( 'NONE',  #1126 ) ;
#493 = SHAPE_DEFINITION_REPRESENTATION ( #1255, #353 ) ;
#494 = DIRECTION ( 'NONE',  ( 1.000000000000000000, 0.000000000000000000, -0.000000000000000000 ) ) ;
#495 = ORIENTED_EDGE ( 'NONE', *, *, #580, .F. ) ;
#496 = EDGE_CURVE ( 'NONE', #1378, #1401, #894, .T. ) ;
#497 = FACE_OUTER_BOUND ( 'NONE', #1017, .T. ) ;
#498 = DIRECTION ( 'NONE',  ( 0.000000000000000000, 1.000000000000000000, 0.000000000000000000 ) ) ;
#499 = ORIENTED_EDGE ( 'NONE', *, *, #706, .F. ) ;
#500 = CARTESIAN_POINT ( 'NONE',  ( 0.000000000000000000, 0.000000000000000000, 0.000000000000000000 ) ) ;
#501 = VECTOR ( 'NONE', #223, 1000.000000000000000 ) ;
#502 = FILL_AREA_STYLE_COLOUR ( '', #165 ) ;
#503 = AXIS2_PLACEMENT_3D ( 'NONE', #797, #405, #668 ) ;
#504 = DIRECTION ( 'NONE',  ( -1.000000000000000000, 0.000000000000000000, 0.000000000000000000 ) ) ;
#505 = VERTEX_POINT ( 'NONE', #54 ) ;
#506 = CARTESIAN_POINT ( 'NONE',  ( -0.2849999999999999756, 0.1499999999999999944, -0.01499999999999999944 ) ) ;
#507 = PLANE ( 'NONE',  #92 ) ;
#508 = VECTOR ( 'NONE', #149, 1000.000000000000000 ) ;
#509 = PRODUCT_DEFINITION ( 'UNKNOWN', '', #1141, #524 ) ;
#510 = VERTEX_POINT ( 'NONE', #1464 ) ;
#511 = DIRECTION ( 'NONE',  ( 0.000000000000000000, 0.000000000000000000, -1.000000000000000000 ) ) ;
#512 = ADVANCED_FACE ( 'NONE', ( #455 ), #181, .F. ) ;
#513 = DIRECTION ( 'NONE',  ( -0.000000000000000000, -0.000000000000000000, -1.000000000000000000 ) ) ;
#514 = ORIENTED_EDGE ( 'NONE', *, *, #1099, .F. ) ;
#515 = FACE_OUTER_BOUND ( 'NONE', #574, .T. ) ;
#516 = DIRECTION ( 'NONE',  ( -0.000000000000000000, -1.000000000000000000, -0.000000000000000000 ) ) ;
#517 = EDGE_LOOP ( 'NONE', ( #966, #206, #474, #1297, #1062, #1021, #1528, #1176 ) ) ;
#518 = FACE_OUTER_BOUND ( 'NONE', #1406, .T. ) ;
#519 = EDGE_CURVE ( 'NONE', #1077, #1599, #1629, .T. ) ;
#520 = CARTESIAN_POINT ( 'NONE',  ( -0.2000000000000000944, -0.1199999999999999956, 0.000000000000000000 ) ) ;
#521 = VECTOR ( 'NONE', #1178, 1000.000000000000000 ) ;
#522 = EDGE_LOOP ( 'NONE', ( #208, #134, #1465, #811 ) ) ;
#523 = AXIS2_PLACEMENT_3D ( 'NONE', #1212, #83, #1076 ) ;
#524 = PRODUCT_DEFINITION_CONTEXT ( 'detailed design', #469, 'design' ) ;
#525 = SPHERICAL_SURFACE ( 'NONE', #724, 0.01499999999999999944 ) ;
#526 = LINE ( 'NONE', #21, #719 ) ;
#527 = ORIENTED_EDGE ( 'NONE', *, *, #1607, .T. ) ;
#528 = CARTESIAN_POINT ( 'NONE',  ( 0.2299999999999996492, 0.1349999999999999811, 0.000000000000000000 ) ) ;
#529 = CARTESIAN_POINT ( 'NONE',  ( 0.1999999999999996503, 0.1499999999999999667, -0.2470000000000000528 ) ) ;
#530 = VECTOR ( 'NONE', #1027, 1000.000000000000000 ) ;
#531 = VERTEX_POINT ( 'NONE', #1233 ) ;
#532 = CARTESIAN_POINT ( 'NONE',  ( 0.2999999999999999334, -0.1350000000000000089, -0.2450000000000000511 ) ) ;
#533 = CARTESIAN_POINT ( 'NONE',  ( -0.2849999999999999201, 0.1349999999999999811, -0.01499999999999999944 ) ) ;
#534 = VERTEX_POINT ( 'NONE', #482 ) ;
#535 = CARTESIAN_POINT ( 'NONE',  ( -0.2999999999999999334, -0.1350000000000000089, -0.2450000000000000511 ) ) ;
#536 = DIRECTION ( 'NONE',  ( 1.000000000000000000, -0.000000000000000000, 0.000000000000000000 ) ) ;
#537 = SPHERICAL_SURFACE ( 'NONE', #690, 0.01499999999999999944 ) ;
#538 = DIRECTION ( 'NONE',  ( 0.000000000000000000, 0.000000000000000000, -1.000000000000000000 ) ) ;
#539 = ADVANCED_FACE ( 'NONE', ( #1245 ), #609, .T. ) ;
#540 = DIRECTION ( 'NONE',  ( 1.000000000000000000, 0.000000000000000000, 0.000000000000000000 ) ) ;
#541 = EDGE_LOOP ( 'NONE', ( #557, #636, #984, #1234 ) ) ;
#542 = AXIS2_PLACEMENT_3D ( 'NONE', #1632, #623, #1371 ) ;
#543 = CARTESIAN_POINT ( 'NONE',  ( -0.1999999999999996503, 0.1499999999999999667, -0.01499999999999998557 ) ) ;
#544 = DIRECTION ( 'NONE',  ( -1.000000000000000000, -4.517509052023005482E-16, 0.000000000000000000 ) ) ;
#545 = DIRECTION ( 'NONE',  ( 1.000000000000000000, -0.000000000000000000, -0.000000000000000000 ) ) ;
#546 = DIRECTION ( 'NONE',  ( 0.000000000000000000, 1.000000000000000000, 0.000000000000000000 ) ) ;
#547 = VERTEX_POINT ( 'NONE', #1122 ) ;
#548 = CIRCLE ( 'NONE', #715, 0.01499999999999998557 ) ;
#549 = EDGE_CURVE ( 'NONE', #1503, #253, #56, .T. ) ;
#550 = CARTESIAN_POINT ( 'NONE',  ( 0.1999999999999999278, 0.1499999999999999944, -0.01499999999999999944 ) ) ;
#551 = ORIENTED_EDGE ( 'NONE', *, *, #1150, .F. ) ;
#552 = DIRECTION ( 'NONE',  ( 0.000000000000000000, 0.000000000000000000, -1.000000000000000000 ) ) ;
#553 = DIRECTION ( 'NONE',  ( 0.000000000000000000, 0.000000000000000000, -1.000000000000000000 ) ) ;
#554 = DIRECTION ( 'NONE',  ( 0.000000000000000000, 0.000000000000000000, 1.000000000000000000 ) ) ;
#555 = CARTESIAN_POINT ( 'NONE',  ( 0.2849999999999999756, 0.1499999999999999944, -0.01499999999999999944 ) ) ;
#556 = CARTESIAN_POINT ( 'NONE',  ( -0.2849999999999999201, 0.1349999999999999811, -0.2450000000000000511 ) ) ;
#557 = ORIENTED_EDGE ( 'NONE', *, *, #1449, .F. ) ;
#558 = DIRECTION ( 'NONE',  ( 0.000000000000000000, 0.000000000000000000, -1.000000000000000000 ) ) ;
#559 = ADVANCED_FACE ( 'NONE', ( #1507 ), #1105, .T. ) ;
#560 = ORIENTED_EDGE ( 'NONE', *, *, #1570, .T. ) ;
#561 = EDGE_CURVE ( 'NONE', #82, #1243, #1246, .T. ) ;
#562 = CARTESIAN_POINT ( 'NONE',  ( -0.2999999999999999334, 0.1499999999999999944, -0.2600000000000000089 ) ) ;
#563 = CARTESIAN_POINT ( 'NONE',  ( 0.2299999999999996769, -0.1199999999999999539, -0.01499999999999999944 ) ) ;
#564 = CARTESIAN_POINT ( 'NONE',  ( 0.1999999999999996503, -0.1349999999999999811, 0.000000000000000000 ) ) ;
#565 = DIRECTION ( 'NONE',  ( -0.000000000000000000, 0.000000000000000000, 1.000000000000000000 ) ) ;
#566 = ORIENTED_EDGE ( 'NONE', *, *, #1008, .F. ) ;
#567 = LINE ( 'NONE', #444, #219 ) ;
#568 = ORIENTED_EDGE ( 'NONE', *, *, #938, .T. ) ;
#569 = VECTOR ( 'NONE', #254, 1000.000000000000000 ) ;
#570 = ADVANCED_FACE ( 'NONE', ( #975 ), #348, .T. ) ;
#571 = FACE_OUTER_BOUND ( 'NONE', #48, .T. ) ;
#572 = CARTESIAN_POINT ( 'NONE',  ( -0.2849999999999999756, 0.1499999999999999944, -0.2450000000000000511 ) ) ;
#573 = CARTESIAN_POINT ( 'NONE',  ( -0.2299999999999996492, 0.1499999999999999667, -0.01499999999999999944 ) ) ;
#574 = EDGE_LOOP ( 'NONE', ( #1251, #182, #1075, #600 ) ) ;
#575 = VECTOR ( 'NONE', #173, 1000.000000000000000 ) ;
#576 = CARTESIAN_POINT ( 'NONE',  ( -0.1999999999999996503, 0.1499999999999999667, -0.01499999999999998557 ) ) ;
#577 = VERTEX_POINT ( 'NONE', #121 ) ;
#578 = AXIS2_PLACEMENT_3D ( 'NONE', #934, #1064, #1432 ) ;
#579 = DIRECTION ( 'NONE',  ( 1.000000000000000000, 0.000000000000000000, 0.000000000000000000 ) ) ;
#580 = EDGE_CURVE ( 'NONE', #453, #1068, #595, .T. ) ;
#581 = DIRECTION ( 'NONE',  ( 0.000000000000000000, 0.000000000000000000, 1.000000000000000000 ) ) ;
#582 = LINE ( 'NONE', #1091, #28 ) ;
#583 = PRESENTATION_LAYER_ASSIGNMENT (  '', '', ( #822 ) ) ;
#584 = ORIENTED_EDGE ( 'NONE', *, *, #430, .T. ) ;
#585 = AXIS2_PLACEMENT_3D ( 'NONE', #315, #1323, #205 ) ;
#586 = CYLINDRICAL_SURFACE ( 'NONE', #30, 0.01499999999999999944 ) ;
#587 = CIRCLE ( 'NONE', #847, 0.01499999999999999944 ) ;
#588 = EDGE_LOOP ( 'NONE', ( #435, #752, #1032, #1341 ) ) ;
#589 = CIRCLE ( 'NONE', #1034, 0.01499999999999998557 ) ;
#590 =( GEOMETRIC_REPRESENTATION_CONTEXT ( 3 ) GLOBAL_UNCERTAINTY_ASSIGNED_CONTEXT ( ( #167 ) ) GLOBAL_UNIT_ASSIGNED_CONTEXT ( ( #485, #768, #641 ) ) REPRESENTATION_CONTEXT ( 'NONE', 'WORKASPACE' ) );
#591 = CARTESIAN_POINT ( 'NONE',  ( -0.2849999999999999756, -0.1499999999999999944, -0.2450000000000000511 ) ) ;
#592 = ORIENTED_EDGE ( 'NONE', *, *, #964, .F. ) ;
#593 = EDGE_CURVE ( 'NONE', #622, #82, #109, .T. ) ;
#594 = CARTESIAN_POINT ( 'NONE',  ( 0.1499999999999999944, 0.1499999999999999944, -0.2450000000000000511 ) ) ;
#595 = LINE ( 'NONE', #846, #1162 ) ;
#596 = MANIFOLD_SOLID_BREP ( 'Cut-Extrude1[2]', #824 ) ;
#597 = ORIENTED_EDGE ( 'NONE', *, *, #1546, .T. ) ;
#598 = DIRECTION ( 'NONE',  ( -1.000000000000000000, 0.000000000000000000, -0.000000000000000000 ) ) ;
#599 = MANIFOLD_SOLID_BREP ( 'Cut-Extrude1[1]', #1466 ) ;
#600 = ORIENTED_EDGE ( 'NONE', *, *, #1485, .F. ) ;
#601 = SURFACE_STYLE_FILL_AREA ( #871 ) ;
#602 = EDGE_CURVE ( 'NONE', #1278, #989, #1364, .T. ) ;
#603 = ORIENTED_EDGE ( 'NONE', *, *, #909, .F. ) ;
#604 = CIRCLE ( 'NONE', #866, 0.01499999999999999944 ) ;
#605 = CARTESIAN_POINT ( 'NONE',  ( 0.1999999999999996503, 0.1349999999999999811, -0.01499999999999999944 ) ) ;
#606 = DIRECTION ( 'NONE',  ( 0.000000000000000000, 0.000000000000000000, -1.000000000000000000 ) ) ;
#607 = ORIENTED_EDGE ( 'NONE', *, *, #274, .T. ) ;
#608 = CARTESIAN_POINT ( 'NONE',  ( -0.2999999999999999334, -0.1350000000000000089, -0.2450000000000000511 ) ) ;
#609 = PLANE ( 'NONE',  #1377 ) ;
#610 = ORIENTED_EDGE ( 'NONE', *, *, #843, .T. ) ;
#611 = VECTOR ( 'NONE', #1510, 1000.000000000000000 ) ;
#612 = ADVANCED_FACE ( 'NONE', ( #1408 ), #507, .F. ) ;
#613 = DIRECTION ( 'NONE',  ( 1.000000000000000000, 0.000000000000000000, 0.000000000000000000 ) ) ;
#614 = AXIS2_PLACEMENT_3D ( 'NONE', #1020, #769, #1284 ) ;
#615 = EDGE_CURVE ( 'NONE', #1205, #1167, #166, .T. ) ;
#616 = PRESENTATION_STYLE_ASSIGNMENT (( #269 ) ) ;
#617 = LINE ( 'NONE', #1119, #1230 ) ;
#618 = VECTOR ( 'NONE', #916, 1000.000000000000000 ) ;
#619 = ORIENTED_EDGE ( 'NONE', *, *, #1616, .F. ) ;
#620 = LINE ( 'NONE', #1358, #70 ) ;
#621 = DIRECTION ( 'NONE',  ( 1.807003620809174267E-14, 0.000000000000000000, -1.000000000000000000 ) ) ;
#622 = VERTEX_POINT ( 'NONE', #1547 ) ;
#623 = DIRECTION ( 'NONE',  ( -1.000000000000000000, 1.445602896647339706E-15, 0.000000000000000000 ) ) ;
#624 = APPLICATION_PROTOCOL_DEFINITION ( 'draft international standard', 'automotive_design', 1998, #469 ) ;
#625 = EDGE_CURVE ( 'NONE', #148, #1524, #282, .T. ) ;
#626 = CARTESIAN_POINT ( 'NONE',  ( 0.2849999999999999201, -0.1350000000000000089, -0.2450000000000000511 ) ) ;
#627 = ORIENTED_EDGE ( 'NONE', *, *, #1153, .T. ) ;
#628 = VECTOR ( 'NONE', #1338, 1000.000000000000000 ) ;
#629 = CARTESIAN_POINT ( 'NONE',  ( -0.2849999999999999756, -0.1499999999999999944, -0.01499999999999999944 ) ) ;
#630 = ORIENTED_EDGE ( 'NONE', *, *, #397, .T. ) ;
#631 = DIRECTION ( 'NONE',  ( -1.000000000000000000, -0.000000000000000000, -0.000000000000000000 ) ) ;
#632 = AXIS2_PLACEMENT_3D ( 'NONE', #1587, #831, #656 ) ;
#633 = AXIS2_PLACEMENT_3D ( 'NONE', #188, #1445, #1184 ) ;
#634 = DIRECTION ( 'NONE',  ( -1.000000000000000000, 0.000000000000000000, 0.000000000000000000 ) ) ;
#635 = ADVANCED_FACE ( 'NONE', ( #1523 ), #660, .F. ) ;
#636 = ORIENTED_EDGE ( 'NONE', *, *, #1478, .F. ) ;
#637 = DIRECTION ( 'NONE',  ( 0.000000000000000000, 0.000000000000000000, -1.000000000000000000 ) ) ;
#638 = DIRECTION ( 'NONE',  ( -1.000000000000000000, 0.000000000000000000, -0.000000000000000000 ) ) ;
#639 = EDGE_LOOP ( 'NONE', ( #386, #1537, #658 ) ) ;
#640 = DIRECTION ( 'NONE',  ( -0.000000000000000000, -1.000000000000000000, -0.000000000000000000 ) ) ;
#641 =( NAMED_UNIT ( * ) SI_UNIT ( $, .STERADIAN. ) SOLID_ANGLE_UNIT ( ) );
#642 = VECTOR ( 'NONE', #851, 1000.000000000000000 ) ;
#643 = CARTESIAN_POINT ( 'NONE',  ( -0.2000000000000001221, 0.1199999999999999400, 0.000000000000000000 ) ) ;
#644 = ORIENTED_EDGE ( 'NONE', *, *, #1461, .T. ) ;
#645 = CARTESIAN_POINT ( 'NONE',  ( -0.2299999999999996492, 0.1199999999999999539, -0.01499999999999999944 ) ) ;
#646 = DIRECTION ( 'NONE',  ( -1.000000000000000000, 0.000000000000000000, 0.000000000000000000 ) ) ;
#647 = VERTEX_POINT ( 'NONE', #1149 ) ;
#648 = EDGE_CURVE ( 'NONE', #1286, #148, #47, .T. ) ;
#649 = PLANE ( 'NONE',  #1559 ) ;
#650 = DIRECTION ( 'NONE',  ( 0.000000000000000000, 0.000000000000000000, 1.000000000000000000 ) ) ;
#651 = DIRECTION ( 'NONE',  ( 1.000000000000000000, 0.000000000000000000, 0.000000000000000000 ) ) ;
#652 = ORIENTED_EDGE ( 'NONE', *, *, #762, .T. ) ;
#653 = DIRECTION ( 'NONE',  ( 0.000000000000000000, 1.000000000000000000, 0.000000000000000000 ) ) ;
#654 = DIRECTION ( 'NONE',  ( -0.000000000000000000, -1.000000000000000000, -0.000000000000000000 ) ) ;
#655 = ORIENTED_EDGE ( 'NONE', *, *, #674, .F. ) ;
#656 = DIRECTION ( 'NONE',  ( 0.000000000000000000, 0.000000000000000000, -1.000000000000000000 ) ) ;
#657 = AXIS2_PLACEMENT_3D ( 'NONE', #1564, #459, #968 ) ;
#658 = ORIENTED_EDGE ( 'NONE', *, *, #843, .F. ) ;
#659 = DIRECTION ( 'NONE',  ( 1.000000000000000000, 0.000000000000000000, 0.000000000000000000 ) ) ;
#660 = PLANE ( 'NONE',  #1006 ) ;
#661 = ORIENTED_EDGE ( 'NONE', *, *, #1059, .T. ) ;
#662 = DIRECTION ( 'NONE',  ( 0.000000000000000000, 0.000000000000000000, -1.000000000000000000 ) ) ;
#663 = VECTOR ( 'NONE', #711, 1000.000000000000000 ) ;
#664 = EDGE_CURVE ( 'NONE', #1243, #864, #890, .T. ) ;
#665 = PRESENTATION_LAYER_ASSIGNMENT (  '', '', ( #477 ) ) ;
#666 = DIRECTION ( 'NONE',  ( -1.807003620809175766E-15, 0.000000000000000000, -1.000000000000000000 ) ) ;
#667 = VECTOR ( 'NONE', #1269, 1000.000000000000000 ) ;
#668 = DIRECTION ( 'NONE',  ( -1.000000000000000000, 0.000000000000000000, -0.000000000000000000 ) ) ;
#669 = PLANE ( 'NONE',  #1441 ) ;
#670 = ORIENTED_EDGE ( 'NONE', *, *, #65, .F. ) ;
#671 = PLANE ( 'NONE',  #786 ) ;
#672 = FACE_OUTER_BOUND ( 'NONE', #391, .T. ) ;
#673 = DIRECTION ( 'NONE',  ( 0.000000000000000000, 0.000000000000000000, 1.000000000000000000 ) ) ;
#674 = EDGE_CURVE ( 'NONE', #1137, #148, #873, .T. ) ;
#675 = FACE_OUTER_BOUND ( 'NONE', #925, .T. ) ;
#676 = PLANE ( 'NONE',  #402 ) ;
#677 = DIRECTION ( 'NONE',  ( -0.000000000000000000, -0.000000000000000000, 1.000000000000000000 ) ) ;
#678 = ORIENTED_EDGE ( 'NONE', *, *, #245, .T. ) ;
#679 = LINE ( 'NONE', #216, #249 ) ;
#680 = ORIENTED_EDGE ( 'NONE', *, *, #1153, .F. ) ;
#681 = FACE_OUTER_BOUND ( 'NONE', #257, .T. ) ;
#682 = EDGE_CURVE ( 'NONE', #1129, #1583, #526, .T. ) ;
#683 = CARTESIAN_POINT ( 'NONE',  ( 0.2849999999999999201, 0.1349999999999999811, -0.2450000000000000511 ) ) ;
#684 = DIRECTION ( 'NONE',  ( 1.000000000000000000, 0.000000000000000000, 0.000000000000000000 ) ) ;
#685 = ORIENTED_EDGE ( 'NONE', *, *, #125, .F. ) ;
#686 = EDGE_CURVE ( 'NONE', #148, #1272, #1005, .T. ) ;
#687 = PLANE ( 'NONE',  #94 ) ;
#688 = DIRECTION ( 'NONE',  ( -1.000000000000000000, 0.000000000000000000, 0.000000000000000000 ) ) ;
#689 = PLANE ( 'NONE',  #503 ) ;
#690 = AXIS2_PLACEMENT_3D ( 'NONE', #823, #1562, #1188 ) ;
#691 = CARTESIAN_POINT ( 'NONE',  ( -0.2299999999999996214, -0.1200000000000000094, -0.01499999999999999944 ) ) ;
#692 = DIRECTION ( 'NONE',  ( 1.000000000000000000, 0.000000000000000000, 9.035018104045878829E-16 ) ) ;
#693 = AXIS2_PLACEMENT_3D ( 'NONE', #1145, #749, #374 ) ;
#694 = VERTEX_POINT ( 'NONE', #400 ) ;
#695 = PLANE ( 'NONE',  #1220 ) ;
#696 = EDGE_CURVE ( 'NONE', #1401, #718, #1023, .T. ) ;
#697 = ORIENTED_EDGE ( 'NONE', *, *, #1311, .T. ) ;
#698 = VECTOR ( 'NONE', #298, 1000.000000000000000 ) ;
#699 = DIRECTION ( 'NONE',  ( -1.000000000000000000, 0.000000000000000000, 0.000000000000000000 ) ) ;
#700 = ORIENTED_EDGE ( 'NONE', *, *, #996, .F. ) ;
#701 = CARTESIAN_POINT ( 'NONE',  ( 0.2999999999999999334, 0.1499999999999999944, -0.01499999999999998557 ) ) ;
#702 = DIRECTION ( 'NONE',  ( -1.000000000000000000, 0.000000000000000000, -1.807003620809175766E-15 ) ) ;
#703 = ORIENTED_EDGE ( 'NONE', *, *, #696, .F. ) ;
#704 = CARTESIAN_POINT ( 'NONE',  ( -0.1999999999999996503, 0.1499999999999999667, -0.2470000000000000528 ) ) ;
#705 = ORIENTED_EDGE ( 'NONE', *, *, #886, .T. ) ;
#706 = EDGE_CURVE ( 'NONE', #1599, #318, #150, .T. ) ;
#707 = VECTOR ( 'NONE', #201, 1000.000000000000000 ) ;
#708 = DIRECTION ( 'NONE',  ( 0.000000000000000000, -1.000000000000000000, 0.000000000000000000 ) ) ;
#709 = DIRECTION ( 'NONE',  ( -0.000000000000000000, -1.000000000000000000, -0.000000000000000000 ) ) ;
#710 = CARTESIAN_POINT ( 'NONE',  ( -0.1499999999999999944, 0.1499999999999999944, -0.2450000000000000511 ) ) ;
#711 = DIRECTION ( 'NONE',  ( -0.000000000000000000, 1.000000000000000000, -0.000000000000000000 ) ) ;
#712 = ORIENTED_EDGE ( 'NONE', *, *, #1258, .F. ) ;
#713 = AXIS2_PLACEMENT_3D ( 'NONE', #1615, #379, #613 ) ;
#714 = DIRECTION ( 'NONE',  ( 0.000000000000000000, 0.000000000000000000, -1.000000000000000000 ) ) ;
#715 = AXIS2_PLACEMENT_3D ( 'NONE', #1593, #558, #801 ) ;
#716 = EDGE_LOOP ( 'NONE', ( #842, #1049, #1568, #912 ) ) ;
#717 = EDGE_CURVE ( 'NONE', #75, #1517, #883, .T. ) ;
#718 = VERTEX_POINT ( 'NONE', #1393 ) ;
#719 = VECTOR ( 'NONE', #1539, 1000.000000000000000 ) ;
#720 = DIRECTION ( 'NONE',  ( 1.000000000000000000, -4.517509052023005482E-16, 0.000000000000000000 ) ) ;
#721 = SURFACE_STYLE_USAGE ( .BOTH. , #224 ) ;
#722 = VECTOR ( 'NONE', #1089, 1000.000000000000000 ) ;
#723 = ORIENTED_EDGE ( 'NONE', *, *, #245, .F. ) ;
#724 = AXIS2_PLACEMENT_3D ( 'NONE', #1015, #653, #659 ) ;
#725 = CARTESIAN_POINT ( 'NONE',  ( -0.2999999999999999334, 0.1499999999999999944, -0.2450000000000000511 ) ) ;
#726 = ADVANCED_FACE ( 'NONE', ( #408 ), #780, .F. ) ;
#727 = ORIENTED_EDGE ( 'NONE', *, *, #76, .T. ) ;
#728 = CYLINDRICAL_SURFACE ( 'NONE', #1140, 0.01499999999999998557 ) ;
#729 = DIRECTION ( 'NONE',  ( 0.000000000000000000, -0.000000000000000000, -1.000000000000000000 ) ) ;
#730 = EDGE_LOOP ( 'NONE', ( #1365, #1613, #1604, #1326 ) ) ;
#731 = FACE_OUTER_BOUND ( 'NONE', #1391, .T. ) ;
#732 = ORIENTED_EDGE ( 'NONE', *, *, #380, .T. ) ;
#733 = ADVANCED_FACE ( 'NONE', ( #259 ), #1200, .T. ) ;
#734 = ORIENTED_EDGE ( 'NONE', *, *, #625, .T. ) ;
#735 = EDGE_CURVE ( 'NONE', #783, #888, #452, .T. ) ;
#736 = CARTESIAN_POINT ( 'NONE',  ( 0.2999999999999999334, 0.1349999999999999811, -0.01499999999999998557 ) ) ;
#737 = VECTOR ( 'NONE', #787, 1000.000000000000000 ) ;
#738 = AXIS2_PLACEMENT_3D ( 'NONE', #1483, #368, #98 ) ;
#739 = SURFACE_SIDE_STYLE ('',( #1266 ) ) ;
#740 = CYLINDRICAL_SURFACE ( 'NONE', #170, 0.01499999999999998557 ) ;
#741 = EDGE_LOOP ( 'NONE', ( #1630, #104, #1211, #199 ) ) ;
#742 = FACE_OUTER_BOUND ( 'NONE', #1610, .T. ) ;
#743 =( NAMED_UNIT ( * ) SI_UNIT ( $, .STERADIAN. ) SOLID_ANGLE_UNIT ( ) );
#744 = ORIENTED_EDGE ( 'NONE', *, *, #1578, .F. ) ;
#745 = VECTOR ( 'NONE', #1110, 1000.000000000000000 ) ;
#746 = DIRECTION ( 'NONE',  ( -1.000000000000000000, 0.000000000000000000, 0.000000000000000000 ) ) ;
#747 = ADVANCED_FACE ( 'NONE', ( #1333 ), #52, .T. ) ;
#748 = AXIS2_PLACEMENT_3D ( 'NONE', #1454, #1351, #819 ) ;
#749 = DIRECTION ( 'NONE',  ( 1.000000000000000000, 0.000000000000000000, -0.000000000000000000 ) ) ;
#750 = VERTEX_POINT ( 'NONE', #194 ) ;
#751 = PLANE ( 'NONE',  #781 ) ;
#752 = ORIENTED_EDGE ( 'NONE', *, *, #1354, .F. ) ;
#753 = CARTESIAN_POINT ( 'NONE',  ( -0.2849999999999999756, 0.1499999999999999944, -0.2450000000000000511 ) ) ;
#754 = EDGE_CURVE ( 'NONE', #505, #354, #1512, .T. ) ;
#755 = CARTESIAN_POINT ( 'NONE',  ( 0.000000000000000000, 0.1349999999999999811, 0.000000000000000000 ) ) ;
#756 = ORIENTED_EDGE ( 'NONE', *, *, #1227, .T. ) ;
#757 = CARTESIAN_POINT ( 'NONE',  ( -0.2999999999999999334, 0.1349999999999999811, -0.2450000000000000511 ) ) ;
#758 = CARTESIAN_POINT ( 'NONE',  ( -0.2999999999999999334, 0.1499999999999999944, -0.2600000000000000089 ) ) ;
#759 = ORIENTED_EDGE ( 'NONE', *, *, #971, .T. ) ;
#760 = CIRCLE ( 'NONE', #633, 0.01499999999999999944 ) ;
#761 = DIRECTION ( 'NONE',  ( 0.000000000000000000, 0.000000000000000000, -1.000000000000000000 ) ) ;
#762 = EDGE_CURVE ( 'NONE', #622, #531, #1190, .T. ) ;
#763 = EDGE_LOOP ( 'NONE', ( #732, #734, #1155, #110 ) ) ;
#764 = DIRECTION ( 'NONE',  ( 0.000000000000000000, 0.000000000000000000, 1.000000000000000000 ) ) ;
#765 = DIRECTION ( 'NONE',  ( -0.000000000000000000, -0.000000000000000000, -1.000000000000000000 ) ) ;
#766 = ORIENTED_EDGE ( 'NONE', *, *, #295, .F. ) ;
#767 = CYLINDRICAL_SURFACE ( 'NONE', #1300, 0.01499999999999998557 ) ;
#768 =( NAMED_UNIT ( * ) PLANE_ANGLE_UNIT ( ) SI_UNIT ( $, .RADIAN. ) );
#769 = DIRECTION ( 'NONE',  ( 1.000000000000000000, -0.000000000000000000, 0.000000000000000000 ) ) ;
#770 = ORIENTED_EDGE ( 'NONE', *, *, #115, .T. ) ;
#771 = ADVANCED_FACE ( 'NONE', ( #415 ), #1349, .F. ) ;
#772 = DIRECTION ( 'NONE',  ( -1.000000000000000000, 0.000000000000000000, 0.000000000000000000 ) ) ;
#773 =( LENGTH_UNIT ( ) NAMED_UNIT ( * ) SI_UNIT ( .MILLI., .METRE. ) );
#774 = VECTOR ( 'NONE', #1287, 1000.000000000000000 ) ;
#775 = ORIENTED_EDGE ( 'NONE', *, *, #1290, .F. ) ;
#776 = LINE ( 'NONE', #161, #1502 ) ;
#777 = CARTESIAN_POINT ( 'NONE',  ( 0.1499999999999999944, 0.1349999999999999811, -0.2450000000000000511 ) ) ;
#778 = ORIENTED_EDGE ( 'NONE', *, *, #323, .T. ) ;
#779 = DIRECTION ( 'NONE',  ( 0.000000000000000000, -1.000000000000000000, 0.000000000000000000 ) ) ;
#780 = PLANE ( 'NONE',  #373 ) ;
#781 = AXIS2_PLACEMENT_3D ( 'NONE', #1252, #355, #111 ) ;
#782 = PRODUCT_RELATED_PRODUCT_CATEGORY ( 'part', '', ( #859 ) ) ;
#783 = VERTEX_POINT ( 'NONE', #425 ) ;
#784 = FACE_OUTER_BOUND ( 'NONE', #1477, .T. ) ;
#785 = ADVANCED_FACE ( 'NONE', ( #924 ), #214, .F. ) ;
#786 = AXIS2_PLACEMENT_3D ( 'NONE', #1177, #1048, #418 ) ;
#787 = DIRECTION ( 'NONE',  ( -0.000000000000000000, -1.000000000000000000, -0.000000000000000000 ) ) ;
#788 = UNCERTAINTY_MEASURE_WITH_UNIT (LENGTH_MEASURE( 1.000000000000000082E-05 ), #1330, 'distance_accuracy_value', 'NONE');
#789 = CARTESIAN_POINT ( 'NONE',  ( -0.2849999999999999201, 0.1349999999999999811, -0.01499999999999999944 ) ) ;
#790 = ORIENTED_EDGE ( 'NONE', *, *, #487, .T. ) ;
#791 = CARTESIAN_POINT ( 'NONE',  ( -0.2849999999999999756, 0.1499999999999999944, -0.2450000000000000511 ) ) ;
#792 = EDGE_CURVE ( 'NONE', #171, #547, #1452, .T. ) ;
#793 = AXIS2_PLACEMENT_3D ( 'NONE', #573, #1210, #565 ) ;
#794 = PRESENTATION_LAYER_ASSIGNMENT (  '', '', ( #1437 ) ) ;
#795 = CARTESIAN_POINT ( 'NONE',  ( -0.2849999999999999756, -0.1499999999999999944, -0.01499999999999999944 ) ) ;
#796 = VECTOR ( 'NONE', #1560, 1000.000000000000000 ) ;
#797 = CARTESIAN_POINT ( 'NONE',  ( 0.2999999999999999334, 0.1499999999999999944, 0.000000000000000000 ) ) ;
#798 = CARTESIAN_POINT ( 'NONE',  ( 0.2849999999999999756, 0.1499999999999999944, -0.2450000000000000511 ) ) ;
#799 = SPHERICAL_SURFACE ( 'NONE', #1161, 0.01499999999999999944 ) ;
#800 = ORIENTED_EDGE ( 'NONE', *, *, #343, .F. ) ;
#801 = DIRECTION ( 'NONE',  ( -1.000000000000000000, 0.000000000000000000, 0.000000000000000000 ) ) ;
#802 = AXIS2_PLACEMENT_3D ( 'NONE', #106, #941, #1340 ) ;
#803 = EDGE_LOOP ( 'NONE', ( #337, #27, #1014, #234 ) ) ;
#804 = ADVANCED_FACE ( 'NONE', ( #62 ), #1221, .T. ) ;
#805 = DIRECTION ( 'NONE',  ( 0.000000000000000000, 0.000000000000000000, -1.000000000000000000 ) ) ;
#806 = ADVANCED_FACE ( 'NONE', ( #299 ), #1574, .T. ) ;
#807 = LINE ( 'NONE', #359, #1542 ) ;
#808 = DIRECTION ( 'NONE',  ( 1.000000000000000000, 0.000000000000000000, 0.000000000000000000 ) ) ;
#809 = ORIENTED_EDGE ( 'NONE', *, *, #1335, .T. ) ;
#810 = CARTESIAN_POINT ( 'NONE',  ( -0.2849999999999999201, 0.1349999999999999811, -0.01499999999999999944 ) ) ;
#811 = ORIENTED_EDGE ( 'NONE', *, *, #305, .T. ) ;
#812 = LINE ( 'NONE', #1320, #79 ) ;
#813 = CYLINDRICAL_SURFACE ( 'NONE', #67, 0.01499999999999999944 ) ;
#814 = DIRECTION ( 'NONE',  ( -0.000000000000000000, -0.000000000000000000, 1.000000000000000000 ) ) ;
#815 = EDGE_CURVE ( 'NONE', #82, #1087, #325, .T. ) ;
#816 = CARTESIAN_POINT ( 'NONE',  ( -0.2849999999999999756, 0.1499999999999999944, -0.01499999999999999944 ) ) ;
#817 = AXIS2_PLACEMENT_3D ( 'NONE', #834, #1045, #1316 ) ;
#818 = ORIENTED_EDGE ( 'NONE', *, *, #151, .T. ) ;
#819 = DIRECTION ( 'NONE',  ( 1.000000000000000000, 0.000000000000000000, 0.000000000000000000 ) ) ;
#820 = ORIENTED_EDGE ( 'NONE', *, *, #815, .F. ) ;
#821 = CARTESIAN_POINT ( 'NONE',  ( 0.2000000000000000666, 0.1199999999999999956, -0.01499999999999999944 ) ) ;
#822 = STYLED_ITEM ( 'NONE', ( #616 ), #353 ) ;
#823 = CARTESIAN_POINT ( 'NONE',  ( 0.2849999999999999201, 0.1349999999999999811, -0.01499999999999999944 ) ) ;
#824 = CLOSED_SHELL ( 'NONE', ( #1405, #512, #23, #1374, #255, #350, #612, #1206, #230, #1299, #220, #1600, #733, #1526, #1215, #196, #102, #31, #1447, #1472, #1204, #1028, #1588, #1321 ) ) ;
#825 = FACE_OUTER_BOUND ( 'NONE', #588, .T. ) ;
#826 = FACE_OUTER_BOUND ( 'NONE', #639, .T. ) ;
#827 = AXIS2_PLACEMENT_3D ( 'NONE', #1420, #287, #552 ) ;
#828 = ORIENTED_EDGE ( 'NONE', *, *, #262, .T. ) ;
#829 = CARTESIAN_POINT ( 'NONE',  ( 0.2299999999999996769, -0.1350000000000000089, -0.01499999999999999944 ) ) ;
#830 = VECTOR ( 'NONE', #960, 1000.000000000000000 ) ;
#831 = DIRECTION ( 'NONE',  ( 0.000000000000000000, -1.000000000000000000, 0.000000000000000000 ) ) ;
#832 = CARTESIAN_POINT ( 'NONE',  ( 0.2999999999999999334, -0.1350000000000000089, -0.01499999999999999944 ) ) ;
#833 = LINE ( 'NONE', #1322, #1413 ) ;
#834 = CARTESIAN_POINT ( 'NONE',  ( 0.2849999999999999201, -0.1349999999999999811, -0.2450000000000000511 ) ) ;
#835 = ORIENTED_EDGE ( 'NONE', *, *, #162, .T. ) ;
#836 = DIRECTION ( 'NONE',  ( 0.000000000000000000, 0.000000000000000000, -1.000000000000000000 ) ) ;
#837 = EDGE_LOOP ( 'NONE', ( #1471, #416, #292, #137 ) ) ;
#838 = ADVANCED_FACE ( 'NONE', ( #826 ), #799, .T. ) ;
#839 = DIRECTION ( 'NONE',  ( -0.000000000000000000, -1.000000000000000000, -0.000000000000000000 ) ) ;
#840 = ORIENTED_EDGE ( 'NONE', *, *, #262, .F. ) ;
#841 = AXIS2_PLACEMENT_3D ( 'NONE', #550, #965, #621 ) ;
#842 = ORIENTED_EDGE ( 'NONE', *, *, #1059, .F. ) ;
#843 = EDGE_CURVE ( 'NONE', #1362, #531, #1301, .T. ) ;
#844 = DIRECTION ( 'NONE',  ( 1.000000000000000000, 0.000000000000000000, 0.000000000000000000 ) ) ;
#845 = ORIENTED_EDGE ( 'NONE', *, *, #343, .T. ) ;
#846 = CARTESIAN_POINT ( 'NONE',  ( -0.1999999999999996503, 0.1499999999999999667, -0.01499999999999998557 ) ) ;
#847 = AXIS2_PLACEMENT_3D ( 'NONE', #1054, #229, #581 ) ;
#848 = ORIENTED_EDGE ( 'NONE', *, *, #1368, .T. ) ;
#849 = VECTOR ( 'NONE', #1148, 1000.000000000000000 ) ;
#850 = EDGE_CURVE ( 'NONE', #547, #122, #446, .T. ) ;
#851 = DIRECTION ( 'NONE',  ( -0.000000000000000000, -0.000000000000000000, 1.000000000000000000 ) ) ;
#852 = EDGE_CURVE ( 'NONE', #1503, #75, #951, .T. ) ;
#853 = ORIENTED_EDGE ( 'NONE', *, *, #1614, .T. ) ;
#854 = CYLINDRICAL_SURFACE ( 'NONE', #304, 0.01499999999999998557 ) ;
#855 = CARTESIAN_POINT ( 'NONE',  ( -0.2849999999999999201, -0.1349999999999999811, -0.01499999999999999944 ) ) ;
#856 = ORIENTED_EDGE ( 'NONE', *, *, #1379, .T. ) ;
#857 = CARTESIAN_POINT ( 'NONE',  ( -0.1499999999999999944, -0.1499999999999999944, -0.2450000000000000511 ) ) ;
#858 = DIRECTION ( 'NONE',  ( -0.000000000000000000, 0.000000000000000000, 1.000000000000000000 ) ) ;
#859 = PRODUCT ( 'RC0201FR-07300KL', 'RC0201FR-07300KL', '', ( #1633 ) ) ;
#860 = ORIENTED_EDGE ( 'NONE', *, *, #50, .T. ) ;
#861 = EDGE_CURVE ( 'NONE', #647, #1577, #160, .T. ) ;
#862 = DIRECTION ( 'NONE',  ( -1.000000000000000000, 0.000000000000000000, 0.000000000000000000 ) ) ;
#863 = DIRECTION ( 'NONE',  ( -1.000000000000000000, -0.000000000000000000, -0.000000000000000000 ) ) ;
#864 = VERTEX_POINT ( 'NONE', #1598 ) ;
#865 = FACE_OUTER_BOUND ( 'NONE', #246, .T. ) ;
#866 = AXIS2_PLACEMENT_3D ( 'NONE', #288, #163, #673 ) ;
#867 = LINE ( 'NONE', #1135, #1040 ) ;
#868 = CARTESIAN_POINT ( 'NONE',  ( 0.2999999999999999334, 0.1499999999999999944, -0.2600000000000000089 ) ) ;
#869 = VERTEX_POINT ( 'NONE', #88 ) ;
#870 = DIRECTION ( 'NONE',  ( -0.000000000000000000, -0.000000000000000000, -1.000000000000000000 ) ) ;
#871 = FILL_AREA_STYLE ('',( #233 ) ) ;
#872 = MECHANICAL_DESIGN_GEOMETRIC_PRESENTATION_REPRESENTATION (  '', ( #822 ), #372 ) ;
#873 = CIRCLE ( 'NONE', #1436, 0.01499999999999999944 ) ;
#874 = EDGE_CURVE ( 'NONE', #1286, #1278, #582, .T. ) ;
#875 = ORIENTED_EDGE ( 'NONE', *, *, #44, .F. ) ;
#876 = AXIS2_PLACEMENT_3D ( 'NONE', #345, #858, #844 ) ;
#877 = DIRECTION ( 'NONE',  ( 0.000000000000000000, -0.000000000000000000, -1.000000000000000000 ) ) ;
#878 = AXIS2_PLACEMENT_3D ( 'NONE', #1310, #946, #1050 ) ;
#879 = DIRECTION ( 'NONE',  ( 1.000000000000000000, 0.000000000000000000, 0.000000000000000000 ) ) ;
#880 = LINE ( 'NONE', #1012, #667 ) ;
#881 = ORIENTED_EDGE ( 'NONE', *, *, #1019, .T. ) ;
#882 = CARTESIAN_POINT ( 'NONE',  ( -0.2849999999999999756, 0.1499999999999999944, -0.01499999999999999944 ) ) ;
#883 = LINE ( 'NONE', #910, #957 ) ;
#884 = VERTEX_POINT ( 'NONE', #795 ) ;
#885 = LINE ( 'NONE', #1395, #1355 ) ;
#886 = EDGE_CURVE ( 'NONE', #1241, #510, #1439, .T. ) ;
#887 = DIRECTION ( 'NONE',  ( -0.000000000000000000, -0.000000000000000000, 1.000000000000000000 ) ) ;
#888 = VERTEX_POINT ( 'NONE', #1042 ) ;
#889 = CARTESIAN_POINT ( 'NONE',  ( 0.2299999999999996492, 0.1500000000000000222, -0.01499999999999999944 ) ) ;
#890 = LINE ( 'NONE', #1400, #1226 ) ;
#891 = ORIENTED_EDGE ( 'NONE', *, *, #209, .T. ) ;
#892 = LINE ( 'NONE', #1402, #133 ) ;
#893 = FILL_AREA_STYLE ('',( #502 ) ) ;
#894 = CIRCLE ( 'NONE', #1053, 0.01499999999999999944 ) ;
#895 = EDGE_CURVE ( 'NONE', #1324, #1095, #1197, .T. ) ;
#896 = DIRECTION ( 'NONE',  ( 0.000000000000000000, -0.000000000000000000, 1.000000000000000000 ) ) ;
#897 = ORIENTED_EDGE ( 'NONE', *, *, #648, .T. ) ;
#898 = CARTESIAN_POINT ( 'NONE',  ( 0.2849999999999999201, 0.1499999999999999944, -0.01499999999999998557 ) ) ;
#899 = DIRECTION ( 'NONE',  ( 0.000000000000000000, 0.000000000000000000, -1.000000000000000000 ) ) ;
#900 = EDGE_LOOP ( 'NONE', ( #999, #1608, #215, #1508 ) ) ;
#901 = DIRECTION ( 'NONE',  ( 0.000000000000000000, 0.000000000000000000, -1.000000000000000000 ) ) ;
#902 = VECTOR ( 'NONE', #479, 1000.000000000000000 ) ;
#903 = AXIS2_PLACEMENT_3D ( 'NONE', #364, #1381, #248 ) ;
#904 = CYLINDRICAL_SURFACE ( 'NONE', #1569, 0.01499999999999998557 ) ;
#905 = EDGE_CURVE ( 'NONE', #122, #1463, #176, .T. ) ;
#906 = ORIENTED_EDGE ( 'NONE', *, *, #1614, .F. ) ;
#907 = UNCERTAINTY_MEASURE_WITH_UNIT (LENGTH_MEASURE( 1.000000000000000082E-05 ), #773, 'distance_accuracy_value', 'NONE');
#908 = CARTESIAN_POINT ( 'NONE',  ( 0.2299999999999996769, -0.1499999999999999944, -0.01499999999999999944 ) ) ;
#909 = EDGE_CURVE ( 'NONE', #1524, #531, #1586, .T. ) ;
#910 = CARTESIAN_POINT ( 'NONE',  ( 0.2849999999999999756, 0.1499999999999999944, -0.2450000000000000511 ) ) ;
#911 = VECTOR ( 'NONE', #1431, 1000.000000000000000 ) ;
#912 = ORIENTED_EDGE ( 'NONE', *, *, #1495, .T. ) ;
#913 = DIRECTION ( 'NONE',  ( -1.000000000000000000, 4.517509052022996607E-16, 0.000000000000000000 ) ) ;
#914 = DIRECTION ( 'NONE',  ( -1.000000000000000000, -0.000000000000000000, 1.807003620809175766E-15 ) ) ;
#915 = DIRECTION ( 'NONE',  ( -0.000000000000000000, -0.000000000000000000, 1.000000000000000000 ) ) ;
#916 = DIRECTION ( 'NONE',  ( -0.000000000000000000, -0.000000000000000000, 1.000000000000000000 ) ) ;
#917 = VECTOR ( 'NONE', #371, 1000.000000000000000 ) ;
#918 = ORIENTED_EDGE ( 'NONE', *, *, #1426, .F. ) ;
#919 = EDGE_CURVE ( 'NONE', #1286, #55, #604, .T. ) ;
#920 = VECTOR ( 'NONE', #1468, 1000.000000000000000 ) ;
#921 = PLANE ( 'NONE',  #411 ) ;
#922 =( GEOMETRIC_REPRESENTATION_CONTEXT ( 3 ) GLOBAL_UNCERTAINTY_ASSIGNED_CONTEXT ( ( #280 ) ) GLOBAL_UNIT_ASSIGNED_CONTEXT ( ( #252, #1621, #743 ) ) REPRESENTATION_CONTEXT ( 'NONE', 'WORKASPACE' ) );
#923 = LINE ( 'NONE', #1460, #911 ) ;
#924 = FACE_OUTER_BOUND ( 'NONE', #837, .T. ) ;
#925 = EDGE_LOOP ( 'NONE', ( #705, #744, #703, #1521, #835, #974, #1418, #1142 ) ) ;
#926 = LINE ( 'NONE', #1435, #1000 ) ;
#927 = EDGE_CURVE ( 'NONE', #1583, #264, #49, .T. ) ;
#928 = AXIS2_PLACEMENT_3D ( 'NONE', #1239, #1130, #4 ) ;
#929 = VECTOR ( 'NONE', #654, 1000.000000000000000 ) ;
#930 = VECTOR ( 'NONE', #338, 1000.000000000000000 ) ;
#931 = CARTESIAN_POINT ( 'NONE',  ( 0.2299999999999996492, 0.1500000000000000222, 0.000000000000000000 ) ) ;
#932 = SURFACE_STYLE_USAGE ( .BOTH. , #1198 ) ;
#933 = FACE_OUTER_BOUND ( 'NONE', #1337, .T. ) ;
#934 = CARTESIAN_POINT ( 'NONE',  ( -0.2849999999999999201, 0.1349999999999999811, -0.2450000000000000511 ) ) ;
#935 = ORIENTED_EDGE ( 'NONE', *, *, #1396, .F. ) ;
#936 = DIRECTION ( 'NONE',  ( 0.000000000000000000, 0.000000000000000000, -1.000000000000000000 ) ) ;
#937 = VECTOR ( 'NONE', #1332, 1000.000000000000000 ) ;
#938 = EDGE_CURVE ( 'NONE', #1555, #243, #1571, .T. ) ;
#939 = DIRECTION ( 'NONE',  ( 0.000000000000000000, -1.000000000000000000, 0.000000000000000000 ) ) ;
#940 = SURFACE_STYLE_FILL_AREA ( #1430 ) ;
#941 = DIRECTION ( 'NONE',  ( -1.000000000000000000, 0.000000000000000000, 0.000000000000000000 ) ) ;
#942 = CARTESIAN_POINT ( 'NONE',  ( -0.1499999999999999944, -0.1499999999999999944, -0.2450000000000000511 ) ) ;
#943 = ORIENTED_EDGE ( 'NONE', *, *, #327, .T. ) ;
#944 = FACE_OUTER_BOUND ( 'NONE', #1224, .T. ) ;
#945 = ORIENTED_EDGE ( 'NONE', *, *, #87, .F. ) ;
#946 = DIRECTION ( 'NONE',  ( 0.000000000000000000, -1.000000000000000000, 0.000000000000000000 ) ) ;
#947 = CARTESIAN_POINT ( 'NONE',  ( 0.1499999999999999944, -0.1350000000000000089, -0.2450000000000000511 ) ) ;
#948 = EDGE_CURVE ( 'NONE', #66, #694, #312, .T. ) ;
#949 = DIRECTION ( 'NONE',  ( 0.000000000000000000, 0.000000000000000000, -1.000000000000000000 ) ) ;
#950 = CARTESIAN_POINT ( 'NONE',  ( -0.1999999999999996503, 0.1499999999999999667, 0.000000000000000000 ) ) ;
#951 = CIRCLE ( 'NONE', #108, 0.01499999999999998557 ) ;
#952 = ORIENTED_EDGE ( 'NONE', *, *, #1516, .T. ) ;
#953 = VECTOR ( 'NONE', #197, 1000.000000000000000 ) ;
#954 = DIRECTION ( 'NONE',  ( 1.000000000000000000, -0.000000000000000000, -0.000000000000000000 ) ) ;
#955 = ORIENTED_EDGE ( 'NONE', *, *, #1008, .T. ) ;
#956 = CARTESIAN_POINT ( 'NONE',  ( -0.2000000000000000944, -0.1199999999999999956, -0.01499999999999999944 ) ) ;
#957 = VECTOR ( 'NONE', #1039, 1000.000000000000000 ) ;
#958 = CARTESIAN_POINT ( 'NONE',  ( 0.1999999999999999278, 0.1499999999999999944, -0.01499999999999999944 ) ) ;
#959 = AXIS2_PLACEMENT_3D ( 'NONE', #395, #761, #504 ) ;
#960 = DIRECTION ( 'NONE',  ( 0.000000000000000000, -1.000000000000000000, 0.000000000000000000 ) ) ;
#961 = DIRECTION ( 'NONE',  ( 1.000000000000000000, -0.000000000000000000, -0.000000000000000000 ) ) ;
#962 = VECTOR ( 'NONE', #311, 1000.000000000000000 ) ;
#963 = ORIENTED_EDGE ( 'NONE', *, *, #132, .F. ) ;
#964 = EDGE_CURVE ( 'NONE', #989, #1077, #1448, .T. ) ;
#965 = DIRECTION ( 'NONE',  ( 1.000000000000000000, -0.000000000000000000, 1.807003620809174267E-14 ) ) ;
#966 = ORIENTED_EDGE ( 'NONE', *, *, #874, .T. ) ;
#967 = CARTESIAN_POINT ( 'NONE',  ( 0.2849999999999999756, -0.1499999999999999944, -0.01499999999999999944 ) ) ;
#968 = DIRECTION ( 'NONE',  ( -1.807003620809175766E-15, 0.000000000000000000, 1.000000000000000000 ) ) ;
#969 = ORIENTED_EDGE ( 'NONE', *, *, #440, .T. ) ;
#970 = CARTESIAN_POINT ( 'NONE',  ( -0.1999999999999999278, 0.1499999999999999944, -0.01499999999999999944 ) ) ;
#971 = EDGE_CURVE ( 'NONE', #694, #453, #183, .T. ) ;
#972 = ORIENTED_EDGE ( 'NONE', *, *, #861, .F. ) ;
#973 = DIRECTION ( 'NONE',  ( 1.000000000000000000, 0.000000000000000000, -0.000000000000000000 ) ) ;
#974 = ORIENTED_EDGE ( 'NONE', *, *, #1625, .T. ) ;
#975 = FACE_OUTER_BOUND ( 'NONE', #53, .T. ) ;
#976 = ORIENTED_EDGE ( 'NONE', *, *, #313, .F. ) ;
#977 = ADVANCED_FACE ( 'NONE', ( #681 ), #921, .F. ) ;
#978 = EDGE_CURVE ( 'NONE', #361, #1463, #812, .T. ) ;
#979 = DIRECTION ( 'NONE',  ( 1.000000000000000000, -0.000000000000000000, 0.000000000000000000 ) ) ;
#980 = ORIENTED_EDGE ( 'NONE', *, *, #717, .T. ) ;
#981 = CARTESIAN_POINT ( 'NONE',  ( 0.2849999999999999201, 0.1499999999999999944, -0.2450000000000000511 ) ) ;
#982 = CARTESIAN_POINT ( 'NONE',  ( -0.2000000000000001221, 0.1199999999999999400, -0.01499999999999999944 ) ) ;
#983 = COLOUR_RGB ( '',0.9607843137254902244, 0.9607843137254902244, 0.9607843137254902244 ) ;
#984 = ORIENTED_EDGE ( 'NONE', *, *, #1344, .F. ) ;
#985 = CARTESIAN_POINT ( 'NONE',  ( 0.1999999999999996503, 0.1499999999999999667, 0.000000000000000000 ) ) ;
#986 = LINE ( 'NONE', #8, #331 ) ;
#987 = VECTOR ( 'NONE', #1156, 1000.000000000000000 ) ;
#988 = EDGE_CURVE ( 'NONE', #460, #1205, #1328, .T. ) ;
#989 = VERTEX_POINT ( 'NONE', #1579 ) ;
#990 = LINE ( 'NONE', #1505, #501 ) ;
#991 = DIRECTION ( 'NONE',  ( -1.000000000000000000, 0.000000000000000000, -0.000000000000000000 ) ) ;
#992 = ORIENTED_EDGE ( 'NONE', *, *, #323, .F. ) ;
#993 = FACE_OUTER_BOUND ( 'NONE', #283, .T. ) ;
#994 = DIRECTION ( 'NONE',  ( 1.000000000000000000, -0.000000000000000000, -0.000000000000000000 ) ) ;
#995 = CARTESIAN_POINT ( 'NONE',  ( 0.2849999999999999201, 0.1349999999999999811, -0.01499999999999998557 ) ) ;
#996 = EDGE_CURVE ( 'NONE', #354, #1394, #1561, .T. ) ;
#997 = ORIENTED_EDGE ( 'NONE', *, *, #1438, .T. ) ;
#998 = DIRECTION ( 'NONE',  ( -1.000000000000000000, -4.517509052023005482E-16, 0.000000000000000000 ) ) ;
#999 = ORIENTED_EDGE ( 'NONE', *, *, #792, .T. ) ;
#1000 = VECTOR ( 'NONE', #640, 1000.000000000000000 ) ;
#1001 = DIRECTION ( 'NONE',  ( -0.000000000000000000, 0.000000000000000000, 1.000000000000000000 ) ) ;
#1002 =( LENGTH_UNIT ( ) NAMED_UNIT ( * ) SI_UNIT ( .MILLI., .METRE. ) );
#1003 = PLANE ( 'NONE',  #301 ) ;
#1004 = ORIENTED_EDGE ( 'NONE', *, *, #228, .F. ) ;
#1005 = LINE ( 'NONE', #1514, #227 ) ;
#1006 = AXIS2_PLACEMENT_3D ( 'NONE', #758, #1031, #1281 ) ;
#1007 = ORIENTED_EDGE ( 'NONE', *, *, #549, .F. ) ;
#1008 = EDGE_CURVE ( 'NONE', #272, #1037, #1429, .T. ) ;
#1009 = AXIS2_PLACEMENT_3D ( 'NONE', #1580, #1303, #544 ) ;
#1010 = LINE ( 'NONE', #1492, #569 ) ;
#1011 = AXIS2_PLACEMENT_3D ( 'NONE', #777, #1292, #126 ) ;
#1012 = CARTESIAN_POINT ( 'NONE',  ( 0.2849999999999999756, 0.1499999999999999944, -0.2450000000000000511 ) ) ;
#1013 = VECTOR ( 'NONE', #779, 1000.000000000000000 ) ;
#1014 = ORIENTED_EDGE ( 'NONE', *, *, #105, .F. ) ;
#1015 = CARTESIAN_POINT ( 'NONE',  ( 0.2849999999999999201, -0.1349999999999999811, -0.01499999999999999944 ) ) ;
#1016 = CARTESIAN_POINT ( 'NONE',  ( -0.2849999999999999756, 0.1499999999999999944, -0.2450000000000000511 ) ) ;
#1017 = EDGE_LOOP ( 'NONE', ( #1410, #918, #1007, #443 ) ) ;
#1018 = CARTESIAN_POINT ( 'NONE',  ( -0.2849999999999999756, 0.1499999999999999944, -0.01499999999999999944 ) ) ;
#1019 = EDGE_CURVE ( 'NONE', #1463, #171, #212, .T. ) ;
#1020 = CARTESIAN_POINT ( 'NONE',  ( 0.2849999999999999201, 0.1349999999999999811, -0.2450000000000000511 ) ) ;
#1021 = ORIENTED_EDGE ( 'NONE', *, *, #390, .T. ) ;
#1022 = DIRECTION ( 'NONE',  ( -0.000000000000000000, 1.000000000000000000, -0.000000000000000000 ) ) ;
#1023 = LINE ( 'NONE', #1530, #1088 ) ;
#1024 = VERTEX_POINT ( 'NONE', #432 ) ;
#1025 = FACE_OUTER_BOUND ( 'NONE', #25, .T. ) ;
#1026 = ADVANCED_FACE ( 'NONE', ( #439 ), #33, .T. ) ;
#1027 = DIRECTION ( 'NONE',  ( -1.000000000000000000, 0.000000000000000000, 0.000000000000000000 ) ) ;
#1028 = ADVANCED_FACE ( 'NONE', ( #404 ), #1421, .F. ) ;
#1029 = VERTEX_POINT ( 'NONE', #1500 ) ;
#1030 = CARTESIAN_POINT ( 'NONE',  ( 0.2999999999999999334, 0.1499999999999999944, -0.2600000000000000089 ) ) ;
#1031 = DIRECTION ( 'NONE',  ( 0.000000000000000000, 0.000000000000000000, 1.000000000000000000 ) ) ;
#1032 = ORIENTED_EDGE ( 'NONE', *, *, #1493, .T. ) ;
#1033 = VECTOR ( 'NONE', #839, 1000.000000000000000 ) ;
#1034 = AXIS2_PLACEMENT_3D ( 'NONE', #18, #513, #651 ) ;
#1035 = DIRECTION ( 'NONE',  ( 1.000000000000000000, 0.000000000000000000, -0.000000000000000000 ) ) ;
#1036 = EDGE_CURVE ( 'NONE', #694, #888, #489, .T. ) ;
#1037 = VERTEX_POINT ( 'NONE', #1257 ) ;
#1038 = CARTESIAN_POINT ( 'NONE',  ( 0.2299999999999996769, -0.1350000000000000089, 0.000000000000000000 ) ) ;
#1039 = DIRECTION ( 'NONE',  ( 0.000000000000000000, 0.000000000000000000, 1.000000000000000000 ) ) ;
#1040 = VECTOR ( 'NONE', #994, 1000.000000000000000 ) ;
#1041 = ORIENTED_EDGE ( 'NONE', *, *, #87, .T. ) ;
#1042 = CARTESIAN_POINT ( 'NONE',  ( -0.2000000000000000666, -0.1349999999999999811, 0.000000000000000000 ) ) ;
#1043 = ADVANCED_FACE ( 'NONE', ( #358 ), #1124, .F. ) ;
#1044 = CARTESIAN_POINT ( 'NONE',  ( 0.2849999999999999201, 0.1499999999999999944, -0.2600000000000000089 ) ) ;
#1045 = DIRECTION ( 'NONE',  ( 1.000000000000000000, 0.000000000000000000, 0.000000000000000000 ) ) ;
#1046 = VECTOR ( 'NONE', #58, 1000.000000000000000 ) ;
#1047 = VERTEX_POINT ( 'NONE', #239 ) ;
#1048 = DIRECTION ( 'NONE',  ( 0.000000000000000000, -1.000000000000000000, 0.000000000000000000 ) ) ;
#1049 = ORIENTED_EDGE ( 'NONE', *, *, #105, .T. ) ;
#1050 = DIRECTION ( 'NONE',  ( 0.000000000000000000, 0.000000000000000000, -1.000000000000000000 ) ) ;
#1051 = AXIS2_PLACEMENT_3D ( 'NONE', #410, #1152, #913 ) ;
#1052 = CARTESIAN_POINT ( 'NONE',  ( -0.2849999999999999201, 0.1349999999999999811, -0.2450000000000000511 ) ) ;
#1053 = AXIS2_PLACEMENT_3D ( 'NONE', #829, #428, #936 ) ;
#1054 = CARTESIAN_POINT ( 'NONE',  ( 0.2849999999999999201, 0.1349999999999999811, -0.01499999999999999944 ) ) ;
#1055 = DIRECTION ( 'NONE',  ( 0.000000000000000000, 0.000000000000000000, -1.000000000000000000 ) ) ;
#1056 = DIRECTION ( 'NONE',  ( -1.000000000000000000, 0.000000000000000000, 0.000000000000000000 ) ) ;
#1057 = ORIENTED_EDGE ( 'NONE', *, *, #1556, .F. ) ;
#1058 = CARTESIAN_POINT ( 'NONE',  ( -0.2849999999999999201, -0.1350000000000000089, -0.2450000000000000511 ) ) ;
#1059 = EDGE_CURVE ( 'NONE', #1487, #750, #210, .T. ) ;
#1060 = ORIENTED_EDGE ( 'NONE', *, *, #44, .T. ) ;
#1061 = CARTESIAN_POINT ( 'NONE',  ( 0.1999999999999996503, 0.1499999999999999944, 0.000000000000000000 ) ) ;
#1062 = ORIENTED_EDGE ( 'NONE', *, *, #706, .T. ) ;
#1063 = CARTESIAN_POINT ( 'NONE',  ( 0.2849999999999999756, -0.1499999999999999944, -0.01499999999999999944 ) ) ;
#1064 = DIRECTION ( 'NONE',  ( -0.000000000000000000, -1.000000000000000000, -0.000000000000000000 ) ) ;
#1065 = ORIENTED_EDGE ( 'NONE', *, *, #1570, .F. ) ;
#1066 = CARTESIAN_POINT ( 'NONE',  ( 0.2299999999999996492, 0.1200000000000000094, 0.000000000000000000 ) ) ;
#1067 = AXIS2_PLACEMENT_3D ( 'NONE', #1295, #1545, #538 ) ;
#1068 = VERTEX_POINT ( 'NONE', #1249 ) ;
#1069 = ADVANCED_FACE ( 'NONE', ( #865 ), #492, .T. ) ;
#1070 = CARTESIAN_POINT ( 'NONE',  ( 0.2849999999999999756, -0.1499999999999999944, -0.2450000000000000511 ) ) ;
#1071 = DIRECTION ( 'NONE',  ( -0.000000000000000000, -1.000000000000000000, -0.000000000000000000 ) ) ;
#1072 = DIRECTION ( 'NONE',  ( 1.000000000000000000, 0.000000000000000000, 0.000000000000000000 ) ) ;
#1073 = CARTESIAN_POINT ( 'NONE',  ( -0.2299999999999996214, -0.1350000000000000089, -0.01499999999999999944 ) ) ;
#1074 = CARTESIAN_POINT ( 'NONE',  ( 0.1499999999999999944, -0.1499999999999999944, -0.2450000000000000511 ) ) ;
#1075 = ORIENTED_EDGE ( 'NONE', *, *, #478, .T. ) ;
#1076 = DIRECTION ( 'NONE',  ( 0.000000000000000000, 0.000000000000000000, -1.000000000000000000 ) ) ;
#1077 = VERTEX_POINT ( 'NONE', #956 ) ;
#1078 = EDGE_CURVE ( 'NONE', #1024, #1362, #261, .T. ) ;
#1079 = CYLINDRICAL_SURFACE ( 'NONE', #632, 0.01499999999999998557 ) ;
#1080 = EDGE_CURVE ( 'NONE', #1137, #1555, #1010, .T. ) ;
#1081 = DIRECTION ( 'NONE',  ( 0.000000000000000000, 0.000000000000000000, -1.000000000000000000 ) ) ;
#1082 = VECTOR ( 'NONE', #1623, 1000.000000000000000 ) ;
#1083 = FACE_OUTER_BOUND ( 'NONE', #522, .T. ) ;
#1084 = CARTESIAN_POINT ( 'NONE',  ( 0.000000000000000000, -0.1349999999999999811, -0.01499999999999999944 ) ) ;
#1085 = ORIENTED_EDGE ( 'NONE', *, *, #336, .T. ) ;
#1086 = DIRECTION ( 'NONE',  ( 1.807003620809174267E-14, 0.000000000000000000, 1.000000000000000000 ) ) ;
#1087 = VERTEX_POINT ( 'NONE', #857 ) ;
#1088 = VECTOR ( 'NONE', #393, 1000.000000000000000 ) ;
#1089 = DIRECTION ( 'NONE',  ( 0.000000000000000000, -1.000000000000000000, 0.000000000000000000 ) ) ;
#1090 = ADVANCED_FACE ( 'NONE', ( #1518 ), #476, .T. ) ;
#1091 = CARTESIAN_POINT ( 'NONE',  ( -0.2299999999999996492, 0.1499999999999999667, -0.01499999999999999944 ) ) ;
#1092 = AXIS2_PLACEMENT_3D ( 'NONE', #626, #887, #1397 ) ;
#1093 = ORIENTED_EDGE ( 'NONE', *, *, #1535, .T. ) ;
#1094 = DIRECTION ( 'NONE',  ( -1.000000000000000000, 0.000000000000000000, 0.000000000000000000 ) ) ;
#1095 = VERTEX_POINT ( 'NONE', #124 ) ;
#1096 = APPLICATION_CONTEXT ( 'automotive_design' ) ;
#1097 = CARTESIAN_POINT ( 'NONE',  ( 0.1999999999999996503, -0.1499999999999999667, -0.01499999999999998557 ) ) ;
#1098 = ORIENTED_EDGE ( 'NONE', *, *, #580, .T. ) ;
#1099 = EDGE_CURVE ( 'NONE', #1531, #180, #1509, .T. ) ;
#1100 = CARTESIAN_POINT ( 'NONE',  ( 0.2849999999999999756, 0.1499999999999999944, -0.01499999999999999944 ) ) ;
#1101 = CARTESIAN_POINT ( 'NONE',  ( -0.2849999999999999201, -0.1350000000000000089, -0.2450000000000000511 ) ) ;
#1102 = EDGE_LOOP ( 'NONE', ( #1455, #820, #369, #1474 ) ) ;
#1103 = EDGE_LOOP ( 'NONE', ( #935, #225, #141, #1373 ) ) ;
#1104 = PLANE ( 'NONE',  #1225 ) ;
#1105 = PLANE ( 'NONE',  #1274 ) ;
#1106 = ORIENTED_EDGE ( 'NONE', *, *, #209, .F. ) ;
#1107 = LINE ( 'NONE', #1265, #218 ) ;
#1108 = EDGE_CURVE ( 'NONE', #888, #1487, #1216, .T. ) ;
#1109 = CARTESIAN_POINT ( 'NONE',  ( -0.2849999999999999201, -0.1350000000000000089, 0.000000000000000000 ) ) ;
#1110 = DIRECTION ( 'NONE',  ( -0.000000000000000000, -0.000000000000000000, 1.000000000000000000 ) ) ;
#1111 = AXIS2_PLACEMENT_3D ( 'NONE', #1217, #100, #598 ) ;
#1112 = EDGE_LOOP ( 'NONE', ( #840, #697, #1370, #619 ) ) ;
#1113 = DIRECTION ( 'NONE',  ( 1.000000000000000000, 0.000000000000000000, 0.000000000000000000 ) ) ;
#1114 = CIRCLE ( 'NONE', #1541, 0.01499999999999998557 ) ;
#1115 = VERTEX_POINT ( 'NONE', #736 ) ;
#1116 = CARTESIAN_POINT ( 'NONE',  ( 0.2999999999999999334, -0.1350000000000000089, 0.000000000000000000 ) ) ;
#1117 =( NAMED_UNIT ( * ) PLANE_ANGLE_UNIT ( ) SI_UNIT ( $, .RADIAN. ) );
#1118 = AXIS2_PLACEMENT_3D ( 'NONE', #399, #1279, #1416 ) ;
#1119 = CARTESIAN_POINT ( 'NONE',  ( -0.2299999999999996492, 0.1499999999999999667, 0.000000000000000000 ) ) ;
#1120 = ORIENTED_EDGE ( 'NONE', *, *, #295, .T. ) ;
#1121 = DIRECTION ( 'NONE',  ( -0.000000000000000000, -1.000000000000000000, -0.000000000000000000 ) ) ;
#1122 = CARTESIAN_POINT ( 'NONE',  ( 0.2849999999999999756, -0.1499999999999999944, -0.2450000000000000511 ) ) ;
#1123 = EDGE_LOOP ( 'NONE', ( #366, #1490, #1262, #584 ) ) ;
#1124 = PLANE ( 'NONE',  #286 ) ;
#1125 = CARTESIAN_POINT ( 'NONE',  ( 0.000000000000000000, 0.000000000000000000, 0.000000000000000000 ) ) ;
#1126 = AXIS2_PLACEMENT_3D ( 'NONE', #500, #1001, #579 ) ;
#1127 = DIRECTION ( 'NONE',  ( -1.000000000000000000, -4.517509052023005482E-16, 0.000000000000000000 ) ) ;
#1128 = EDGE_CURVE ( 'NONE', #55, #1137, #1107, .T. ) ;
#1129 = VERTEX_POINT ( 'NONE', #114 ) ;
#1130 = DIRECTION ( 'NONE',  ( 1.000000000000000000, -0.000000000000000000, 1.807003620809175766E-15 ) ) ;
#1131 = ORIENTED_EDGE ( 'NONE', *, *, #1578, .T. ) ;
#1132 = VECTOR ( 'NONE', #448, 1000.000000000000000 ) ;
#1133 = LINE ( 'NONE', #1116, #1082 ) ;
#1134 = PRESENTATION_LAYER_ASSIGNMENT (  '', '', ( #417 ) ) ;
#1135 = CARTESIAN_POINT ( 'NONE',  ( -0.1499999999999999944, 0.1499999999999999944, -0.2450000000000000511 ) ) ;
#1136 = DIRECTION ( 'NONE',  ( 0.000000000000000000, 1.000000000000000000, 0.000000000000000000 ) ) ;
#1137 = VERTEX_POINT ( 'NONE', #1207 ) ;
#1138 = ADVANCED_FACE ( 'NONE', ( #993 ), #7, .T. ) ;
#1139 = LINE ( 'NONE', #1044, #1203 ) ;
#1140 = AXIS2_PLACEMENT_3D ( 'NONE', #981, #1605, #347 ) ;
#1141 = PRODUCT_DEFINITION_FORMATION_WITH_SPECIFIED_SOURCE ( 'ANY', '', #859, .NOT_KNOWN. ) ;
#1142 = ORIENTED_EDGE ( 'NONE', *, *, #1227, .F. ) ;
#1143 = CIRCLE ( 'NONE', #93, 0.01499999999999999944 ) ;
#1144 = DIRECTION ( 'NONE',  ( -1.000000000000000000, -0.000000000000000000, -0.000000000000000000 ) ) ;
#1145 = CARTESIAN_POINT ( 'NONE',  ( 0.000000000000000000, 0.1349999999999999811, -0.2450000000000000511 ) ) ;
#1146 = AXIS2_PLACEMENT_3D ( 'NONE', #71, #949, #213 ) ;
#1147 = ORIENTED_EDGE ( 'NONE', *, *, #927, .T. ) ;
#1148 = DIRECTION ( 'NONE',  ( -0.000000000000000000, -0.000000000000000000, 1.000000000000000000 ) ) ;
#1149 = CARTESIAN_POINT ( 'NONE',  ( -0.1499999999999999667, 0.1349999999999999811, -0.2600000000000000089 ) ) ;
#1150 = EDGE_CURVE ( 'NONE', #1401, #1585, #1133, .T. ) ;
#1151 = ORIENTED_EDGE ( 'NONE', *, *, #938, .F. ) ;
#1152 = DIRECTION ( 'NONE',  ( 4.517509052022996607E-16, 1.000000000000000000, 0.000000000000000000 ) ) ;
#1153 = EDGE_CURVE ( 'NONE', #180, #510, #885, .T. ) ;
#1154 = LINE ( 'NONE', #24, #530 ) ;
#1155 = ORIENTED_EDGE ( 'NONE', *, *, #451, .F. ) ;
#1156 = DIRECTION ( 'NONE',  ( 0.000000000000000000, 0.000000000000000000, -1.000000000000000000 ) ) ;
#1157 = DIRECTION ( 'NONE',  ( -1.000000000000000000, -0.000000000000000000, -0.000000000000000000 ) ) ;
#1158 = VERTEX_POINT ( 'NONE', #484 ) ;
#1159 = PLANE ( 'NONE',  #1051 ) ;
#1160 = ADVANCED_FACE ( 'NONE', ( #571 ), #1079, .T. ) ;
#1161 = AXIS2_PLACEMENT_3D ( 'NONE', #556, #546, #540 ) ;
#1162 = VECTOR ( 'NONE', #1240, 1000.000000000000000 ) ;
#1163 = LINE ( 'NONE', #1070, #962 ) ;
#1164 = ORIENTED_EDGE ( 'NONE', *, *, #1493, .F. ) ;
#1165 = CYLINDRICAL_SURFACE ( 'NONE', #1491, 0.01499999999999998557 ) ;
#1166 = DIRECTION ( 'NONE',  ( 0.000000000000000000, 0.000000000000000000, 1.000000000000000000 ) ) ;
#1167 = VERTEX_POINT ( 'NONE', #294 ) ;
#1168 = DIRECTION ( 'NONE',  ( 1.000000000000000000, 0.000000000000000000, 0.000000000000000000 ) ) ;
#1169 = AXIS2_PLACEMENT_3D ( 'NONE', #307, #1554, #684 ) ;
#1170 = CIRCLE ( 'NONE', #1283, 0.01499999999999999944 ) ;
#1171 = CIRCLE ( 'NONE', #320, 0.01499999999999998557 ) ;
#1172 = EDGE_CURVE ( 'NONE', #1524, #82, #892, .T. ) ;
#1173 = CARTESIAN_POINT ( 'NONE',  ( 0.2299999999999996769, -0.1499999999999999667, -0.01499999999999999944 ) ) ;
#1174 = CARTESIAN_POINT ( 'NONE',  ( 0.2849999999999999201, 0.1349999999999999811, -0.01499999999999999944 ) ) ;
#1175 = FACE_OUTER_BOUND ( 'NONE', #1222, .T. ) ;
#1176 = ORIENTED_EDGE ( 'NONE', *, *, #648, .F. ) ;
#1177 = CARTESIAN_POINT ( 'NONE',  ( 0.000000000000000000, 0.1499999999999999944, 0.000000000000000000 ) ) ;
#1178 = DIRECTION ( 'NONE',  ( 1.000000000000000000, 4.517509052022996607E-16, 0.000000000000000000 ) ) ;
#1179 = FILL_AREA_STYLE_COLOUR ( '', #983 ) ;
#1180 = CARTESIAN_POINT ( 'NONE',  ( 0.2299999999999996492, 0.1500000000000000222, -0.01499999999999999944 ) ) ;
#1181 = ADVANCED_FACE ( 'NONE', ( #784 ), #649, .T. ) ;
#1182 = CARTESIAN_POINT ( 'NONE',  ( -0.2849999999999999201, 0.1499999999999999944, -0.2600000000000000089 ) ) ;
#1183 = ORIENTED_EDGE ( 'NONE', *, *, #682, .T. ) ;
#1184 = DIRECTION ( 'NONE',  ( -1.807003620809174188E-15, -1.000000000000000000, 0.000000000000000000 ) ) ;
#1185 = EDGE_LOOP ( 'NONE', ( #1620, #89, #300, #69 ) ) ;
#1186 = DIRECTION ( 'NONE',  ( 1.000000000000000000, -0.000000000000000000, 0.000000000000000000 ) ) ;
#1187 = PRESENTATION_LAYER_ASSIGNMENT (  '', '', ( #293 ) ) ;
#1188 = DIRECTION ( 'NONE',  ( 1.000000000000000000, 0.000000000000000000, 0.000000000000000000 ) ) ;
#1189 = DIRECTION ( 'NONE',  ( 0.000000000000000000, 1.000000000000000000, 0.000000000000000000 ) ) ;
#1190 = LINE ( 'NONE', #1182, #663 ) ;
#1191 = EDGE_LOOP ( 'NONE', ( #1540, #700, #1306, #1384 ) ) ;
#1192 = ADVANCED_FACE ( 'NONE', ( #285 ), #1557, .F. ) ;
#1193 = LINE ( 'NONE', #1601, #265 ) ;
#1194 = ORIENTED_EDGE ( 'NONE', *, *, #151, .F. ) ;
#1195 = DIRECTION ( 'NONE',  ( -1.807003620809175766E-15, 0.000000000000000000, -1.000000000000000000 ) ) ;
#1196 =( GEOMETRIC_REPRESENTATION_CONTEXT ( 3 ) GLOBAL_UNCERTAINTY_ASSIGNED_CONTEXT ( ( #788 ) ) GLOBAL_UNIT_ASSIGNED_CONTEXT ( ( #1330, #1450, #1459 ) ) REPRESENTATION_CONTEXT ( 'NONE', 'WORKASPACE' ) );
#1197 = LINE ( 'NONE', #821, #521 ) ;
#1198 = SURFACE_SIDE_STYLE ('',( #423 ) ) ;
#1199 = FACE_OUTER_BOUND ( 'NONE', #1248, .T. ) ;
#1200 = SPHERICAL_SURFACE ( 'NONE', #585, 0.01499999999999999944 ) ;
#1201 = VERTEX_POINT ( 'NONE', #1018 ) ;
#1202 = DIRECTION ( 'NONE',  ( -1.000000000000000000, 1.445602896647339706E-15, 0.000000000000000000 ) ) ;
#1203 = VECTOR ( 'NONE', #266, 1000.000000000000000 ) ;
#1204 = ADVANCED_FACE ( 'NONE', ( #1025 ), #1159, .F. ) ;
#1205 = VERTEX_POINT ( 'NONE', #528 ) ;
#1206 = ADVANCED_FACE ( 'NONE', ( #518 ), #1307, .F. ) ;
#1207 = CARTESIAN_POINT ( 'NONE',  ( -0.2849999999999999201, 0.1349999999999999811, 0.000000000000000000 ) ) ;
#1208 = CARTESIAN_POINT ( 'NONE',  ( 0.000000000000000000, 0.1349999999999999811, -0.01499999999999999944 ) ) ;
#1209 = LINE ( 'NONE', #691, #1314 ) ;
#1210 = DIRECTION ( 'NONE',  ( -1.000000000000000000, 0.000000000000000000, -0.000000000000000000 ) ) ;
#1211 = ORIENTED_EDGE ( 'NONE', *, *, #1344, .T. ) ;
#1212 = CARTESIAN_POINT ( 'NONE',  ( 0.2849999999999999201, -0.1350000000000000089, -0.01499999999999998557 ) ) ;
#1213 = VECTOR ( 'NONE', #1186, 1000.000000000000000 ) ;
#1214 = ORIENTED_EDGE ( 'NONE', *, *, #115, .F. ) ;
#1215 = ADVANCED_FACE ( 'NONE', ( #1298 ), #767, .T. ) ;
#1216 = LINE ( 'NONE', #1388, #920 ) ;
#1217 = CARTESIAN_POINT ( 'NONE',  ( -0.1499999999999999944, 0.1499999999999999944, -0.2450000000000000511 ) ) ;
#1218 = AXIS2_PLACEMENT_3D ( 'NONE', #329, #708, #130 ) ;
#1219 = LINE ( 'NONE', #701, #231 ) ;
#1220 = AXIS2_PLACEMENT_3D ( 'NONE', #704, #1202, #302 ) ;
#1221 = PLANE ( 'NONE',  #365 ) ;
#1222 = EDGE_LOOP ( 'NONE', ( #678, #401, #945, #334, #362, #1264, #809, #1317 ) ) ;
#1223 = DIRECTION ( 'NONE',  ( -1.000000000000000000, -0.000000000000000000, -0.000000000000000000 ) ) ;
#1224 = EDGE_LOOP ( 'NONE', ( #1499, #897, #655, #236 ) ) ;
#1225 = AXIS2_PLACEMENT_3D ( 'NONE', #1363, #1611, #720 ) ;
#1226 = VECTOR ( 'NONE', #37, 1000.000000000000000 ) ;
#1227 = EDGE_CURVE ( 'NONE', #1241, #460, #277, .T. ) ;
#1228 =( NAMED_UNIT ( * ) SI_UNIT ( $, .STERADIAN. ) SOLID_ANGLE_UNIT ( ) );
#1229 = CLOSED_SHELL ( 'NONE', ( #539, #804, #370, #1181, #1247, #559 ) ) ;
#1230 = VECTOR ( 'NONE', #1626, 1000.000000000000000 ) ;
#1231 = ORIENTED_EDGE ( 'NONE', *, *, #593, .T. ) ;
#1232 = CARTESIAN_POINT ( 'NONE',  ( -0.2849999999999999756, -0.1499999999999999944, -0.2450000000000000511 ) ) ;
#1233 = CARTESIAN_POINT ( 'NONE',  ( -0.2849999999999999201, 0.1349999999999999811, -0.2600000000000000089 ) ) ;
#1234 = ORIENTED_EDGE ( 'NONE', *, *, #682, .F. ) ;
#1235 = AXIS2_PLACEMENT_3D ( 'NONE', #605, #1590, #1581 ) ;
#1236 = PLANE ( 'NONE',  #876 ) ;
#1237 = EDGE_LOOP ( 'NONE', ( #845, #1194, #1294, #644 ) ) ;
#1238 = EDGE_CURVE ( 'NONE', #884, #869, #776, .T. ) ;
#1239 = CARTESIAN_POINT ( 'NONE',  ( -0.1499999999999999944, -0.1350000000000000089, -0.2450000000000000511 ) ) ;
#1240 = DIRECTION ( 'NONE',  ( 1.000000000000000000, -0.000000000000000000, 0.000000000000000000 ) ) ;
#1241 = VERTEX_POINT ( 'NONE', #1291 ) ;
#1242 = LINE ( 'NONE', #1618, #902 ) ;
#1243 = VERTEX_POINT ( 'NONE', #535 ) ;
#1244 = LINE ( 'NONE', #1232, #1434 ) ;
#1245 = FACE_OUTER_BOUND ( 'NONE', #14, .T. ) ;
#1246 = CIRCLE ( 'NONE', #738, 0.01499999999999998557 ) ;
#1247 = ADVANCED_FACE ( 'NONE', ( #153 ), #671, .F. ) ;
#1248 = EDGE_LOOP ( 'NONE', ( #566, #800, #976, #1513, #1387, #568, #1414, #766 ) ) ;
#1249 = CARTESIAN_POINT ( 'NONE',  ( 0.1999999999999996503, 0.1499999999999999667, -0.01499999999999998557 ) ) ;
#1250 = CARTESIAN_POINT ( 'NONE',  ( -0.2849999999999999201, 0.1349999999999999811, 0.000000000000000000 ) ) ;
#1251 = ORIENTED_EDGE ( 'NONE', *, *, #65, .T. ) ;
#1252 = CARTESIAN_POINT ( 'NONE',  ( 0.2000000000000000666, 0.1199999999999999956, -0.01499999999999999944 ) ) ;
#1253 = FILL_AREA_STYLE ('',( #1489 ) ) ;
#1254 = VECTOR ( 'NONE', #1127, 1000.000000000000000 ) ;
#1255 = PRODUCT_DEFINITION_SHAPE ( 'NONE', 'NONE',  #509 ) ;
#1256 = ORIENTED_EDGE ( 'NONE', *, *, #1335, .F. ) ;
#1257 = CARTESIAN_POINT ( 'NONE',  ( -0.2000000000000000944, -0.1199999999999999956, 0.000000000000000000 ) ) ;
#1258 = EDGE_CURVE ( 'NONE', #1158, #171, #926, .T. ) ;
#1259 = DIRECTION ( 'NONE',  ( 1.000000000000000000, 0.000000000000000000, 0.000000000000000000 ) ) ;
#1260 = VECTOR ( 'NONE', #1144, 1000.000000000000000 ) ;
#1261 = CARTESIAN_POINT ( 'NONE',  ( 0.2999999999999999334, -0.1350000000000000089, -0.2450000000000000511 ) ) ;
#1262 = ORIENTED_EDGE ( 'NONE', *, *, #735, .F. ) ;
#1263 = DIRECTION ( 'NONE',  ( 0.000000000000000000, 0.000000000000000000, 1.000000000000000000 ) ) ;
#1264 = ORIENTED_EDGE ( 'NONE', *, *, #305, .F. ) ;
#1265 = CARTESIAN_POINT ( 'NONE',  ( -0.2999999999999999334, 0.1349999999999999811, 0.000000000000000000 ) ) ;
#1266 = SURFACE_STYLE_FILL_AREA ( #893 ) ;
#1267 = AXIS2_PLACEMENT_3D ( 'NONE', #529, #1035, #1543 ) ;
#1268 = ADVANCED_FACE ( 'NONE', ( #16 ), #1104, .F. ) ;
#1269 = DIRECTION ( 'NONE',  ( -0.000000000000000000, -1.000000000000000000, -0.000000000000000000 ) ) ;
#1270 = ORIENTED_EDGE ( 'NONE', *, *, #996, .T. ) ;
#1271 = CARTESIAN_POINT ( 'NONE',  ( 0.2999999999999999334, 0.1349999999999999811, 0.000000000000000000 ) ) ;
#1272 = VERTEX_POINT ( 'NONE', #629 ) ;
#1273 = DIRECTION ( 'NONE',  ( -1.000000000000000000, 0.000000000000000000, -0.000000000000000000 ) ) ;
#1274 = AXIS2_PLACEMENT_3D ( 'NONE', #1385, #112, #729 ) ;
#1275 = DIRECTION ( 'NONE',  ( 0.000000000000000000, -1.000000000000000000, 0.000000000000000000 ) ) ;
#1276 = CARTESIAN_POINT ( 'NONE',  ( 0.2849999999999999756, -0.1499999999999999944, -0.2450000000000000511 ) ) ;
#1277 = EDGE_CURVE ( 'NONE', #864, #1024, #990, .T. ) ;
#1278 = VERTEX_POINT ( 'NONE', #251 ) ;
#1279 = DIRECTION ( 'NONE',  ( 0.000000000000000000, -0.000000000000000000, 1.000000000000000000 ) ) ;
#1280 = EDGE_CURVE ( 'NONE', #1087, #534, #422, .T. ) ;
#1281 = DIRECTION ( 'NONE',  ( 1.000000000000000000, 0.000000000000000000, -0.000000000000000000 ) ) ;
#1282 = EDGE_LOOP ( 'NONE', ( #481, #279, #952, #1345 ) ) ;
#1283 = AXIS2_PLACEMENT_3D ( 'NONE', #1174, #1072, #1422 ) ;
#1284 = DIRECTION ( 'NONE',  ( 0.000000000000000000, 0.000000000000000000, -1.000000000000000000 ) ) ;
#1285 = AXIS2_PLACEMENT_3D ( 'NONE', #1073, #545, #1315 ) ;
#1286 = VERTEX_POINT ( 'NONE', #1482 ) ;
#1287 = DIRECTION ( 'NONE',  ( -1.000000000000000000, -0.000000000000000000, -0.000000000000000000 ) ) ;
#1288 = DIRECTION ( 'NONE',  ( 0.000000000000000000, 0.000000000000000000, 1.000000000000000000 ) ) ;
#1289 = ORIENTED_EDGE ( 'NONE', *, *, #519, .F. ) ;
#1290 = EDGE_CURVE ( 'NONE', #1272, #82, #1244, .T. ) ;
#1291 = CARTESIAN_POINT ( 'NONE',  ( 0.2000000000000000666, 0.1199999999999999956, 0.000000000000000000 ) ) ;
#1292 = DIRECTION ( 'NONE',  ( -1.000000000000000000, -0.000000000000000000, 1.807003620809175766E-15 ) ) ;
#1293 = VECTOR ( 'NONE', #877, 1000.000000000000000 ) ;
#1294 = ORIENTED_EDGE ( 'NONE', *, *, #602, .F. ) ;
#1295 = CARTESIAN_POINT ( 'NONE',  ( -0.2999999999999999334, -0.1350000000000000089, -0.01499999999999999944 ) ) ;
#1296 = CARTESIAN_POINT ( 'NONE',  ( -0.2299999999999996214, -0.1500000000000000222, -0.01499999999999999944 ) ) ;
#1297 = ORIENTED_EDGE ( 'NONE', *, *, #519, .T. ) ;
#1298 = FACE_OUTER_BOUND ( 'NONE', #1433, .T. ) ;
#1299 = ADVANCED_FACE ( 'NONE', ( #497 ), #728, .T. ) ;
#1300 = AXIS2_PLACEMENT_3D ( 'NONE', #1411, #1419, #1168 ) ;
#1301 = CIRCLE ( 'NONE', #578, 0.01499999999999998557 ) ;
#1302 = CARTESIAN_POINT ( 'NONE',  ( 0.2999999999999999334, -0.1350000000000000089, -0.2600000000000000089 ) ) ;
#1303 = DIRECTION ( 'NONE',  ( -4.517509052023005482E-16, 1.000000000000000000, 0.000000000000000000 ) ) ;
#1304 = LINE ( 'NONE', #1522, #145 ) ;
#1305 = CARTESIAN_POINT ( 'NONE',  ( 0.2299999999999996492, 0.1349999999999999811, -0.01499999999999999944 ) ) ;
#1306 = ORIENTED_EDGE ( 'NONE', *, *, #754, .F. ) ;
#1307 = PLANE ( 'NONE',  #158 ) ;
#1308 = VECTOR ( 'NONE', #765, 1000.000000000000000 ) ;
#1309 =( GEOMETRIC_REPRESENTATION_CONTEXT ( 3 ) GLOBAL_UNCERTAINTY_ASSIGNED_CONTEXT ( ( #406 ) ) GLOBAL_UNIT_ASSIGNED_CONTEXT ( ( #289, #1469, #1228 ) ) REPRESENTATION_CONTEXT ( 'NONE', 'WORKASPACE' ) );
#1310 = CARTESIAN_POINT ( 'NONE',  ( 0.2849999999999999201, -0.1350000000000000089, -0.2450000000000000511 ) ) ;
#1311 = EDGE_CURVE ( 'NONE', #1158, #75, #1497, .T. ) ;
#1312 = DIRECTION ( 'NONE',  ( 0.000000000000000000, -1.000000000000000000, 0.000000000000000000 ) ) ;
#1313 = SURFACE_STYLE_USAGE ( .BOTH. , #60 ) ;
#1314 = VECTOR ( 'NONE', #814, 1000.000000000000000 ) ;
#1315 = DIRECTION ( 'NONE',  ( 0.000000000000000000, 0.000000000000000000, 1.000000000000000000 ) ) ;
#1316 = DIRECTION ( 'NONE',  ( 0.000000000000000000, 0.000000000000000000, -1.000000000000000000 ) ) ;
#1317 = ORIENTED_EDGE ( 'NONE', *, *, #125, .T. ) ;
#1318 = CARTESIAN_POINT ( 'NONE',  ( 0.2849999999999999756, 0.1499999999999999944, -0.01499999999999999944 ) ) ;
#1319 = ORIENTED_EDGE ( 'NONE', *, *, #360, .T. ) ;
#1320 = CARTESIAN_POINT ( 'NONE',  ( 0.1499999999999999667, 0.1499999999999999944, -0.2600000000000000089 ) ) ;
#1321 = ADVANCED_FACE ( 'NONE', ( #742 ), #751, .F. ) ;
#1322 = CARTESIAN_POINT ( 'NONE',  ( -0.2849999999999999756, 0.1499999999999999944, -0.01499999999999999944 ) ) ;
#1323 = DIRECTION ( 'NONE',  ( 0.000000000000000000, 1.000000000000000000, 0.000000000000000000 ) ) ;
#1324 = VERTEX_POINT ( 'NONE', #376 ) ;
#1325 = FACE_OUTER_BOUND ( 'NONE', #409, .T. ) ;
#1326 = ORIENTED_EDGE ( 'NONE', *, *, #1277, .F. ) ;
#1327 = CARTESIAN_POINT ( 'NONE',  ( 0.1499999999999999667, 0.1499999999999999944, -0.2600000000000000089 ) ) ;
#1328 = LINE ( 'NONE', #931, #1046 ) ;
#1329 = COLOUR_RGB ( '',0.8039215686274510109, 0.8039215686274510109, 0.8039215686274510109 ) ;
#1330 =( LENGTH_UNIT ( ) NAMED_UNIT ( * ) SI_UNIT ( .MILLI., .METRE. ) );
#1331 = ADVANCED_FACE ( 'NONE', ( #1488 ), #854, .T. ) ;
#1332 = DIRECTION ( 'NONE',  ( -0.000000000000000000, -1.000000000000000000, -0.000000000000000000 ) ) ;
#1333 = FACE_OUTER_BOUND ( 'NONE', #22, .T. ) ;
#1334 = VERTEX_POINT ( 'NONE', #120 ) ;
#1335 = EDGE_CURVE ( 'NONE', #1517, #505, #620, .T. ) ;
#1336 = CARTESIAN_POINT ( 'NONE',  ( 0.000000000000000000, 0.1349999999999999811, -0.01499999999999999944 ) ) ;
#1337 = EDGE_LOOP ( 'NONE', ( #1359, #1357, #250 ) ) ;
#1338 = DIRECTION ( 'NONE',  ( 1.445602896647339706E-15, 1.000000000000000000, 0.000000000000000000 ) ) ;
#1339 = DIRECTION ( 'NONE',  ( -1.000000000000000000, 0.000000000000000000, 0.000000000000000000 ) ) ;
#1340 = DIRECTION ( 'NONE',  ( 0.000000000000000000, 0.000000000000000000, 1.000000000000000000 ) ) ;
#1341 = ORIENTED_EDGE ( 'NONE', *, *, #988, .T. ) ;
#1342 = CYLINDRICAL_SURFACE ( 'NONE', #748, 0.01499999999999998557 ) ;
#1343 = VECTOR ( 'NONE', #1022, 1000.000000000000000 ) ;
#1344 = EDGE_CURVE ( 'NONE', #1583, #483, #1628, .T. ) ;
#1345 = ORIENTED_EDGE ( 'NONE', *, *, #1396, .T. ) ;
#1346 = CARTESIAN_POINT ( 'NONE',  ( -0.2999999999999999334, 0.1349999999999999811, -0.2600000000000000089 ) ) ;
#1347 = LINE ( 'NONE', #725, #722 ) ;
#1348 = DIRECTION ( 'NONE',  ( -0.000000000000000000, -0.000000000000000000, 1.000000000000000000 ) ) ;
#1349 = PLANE ( 'NONE',  #1594 ) ;
#1350 = EDGE_LOOP ( 'NONE', ( #346, #495, #463, #1106 ) ) ;
#1351 = DIRECTION ( 'NONE',  ( 0.000000000000000000, 0.000000000000000000, 1.000000000000000000 ) ) ;
#1352 = AXIS2_PLACEMENT_3D ( 'NONE', #947, #914, #666 ) ;
#1353 = EDGE_LOOP ( 'NONE', ( #1065, #1151, #875, #340 ) ) ;
#1354 = EDGE_CURVE ( 'NONE', #1095, #1167, #407, .T. ) ;
#1355 = VECTOR ( 'NONE', #77, 1000.000000000000000 ) ;
#1356 = AXIS2_PLACEMENT_3D ( 'NONE', #970, #436, #1086 ) ;
#1357 = ORIENTED_EDGE ( 'NONE', *, *, #284, .T. ) ;
#1358 = CARTESIAN_POINT ( 'NONE',  ( 0.2849999999999999756, 0.1499999999999999944, -0.01499999999999999944 ) ) ;
#1359 = ORIENTED_EDGE ( 'NONE', *, *, #549, .T. ) ;
#1360 = ADVANCED_FACE ( 'NONE', ( #258 ), #1165, .T. ) ;
#1361 = LINE ( 'NONE', #235, #745 ) ;
#1362 = VERTEX_POINT ( 'NONE', #757 ) ;
#1363 = CARTESIAN_POINT ( 'NONE',  ( -0.2000000000000001221, 0.1199999999999999400, -0.01499999999999999944 ) ) ;
#1364 = LINE ( 'NONE', #982, #1403 ) ;
#1365 = ORIENTED_EDGE ( 'NONE', *, *, #360, .F. ) ;
#1366 = AXIS2_PLACEMENT_3D ( 'NONE', #789, #290, #764 ) ;
#1367 = CARTESIAN_POINT ( 'NONE',  ( -0.2849999999999999756, 0.1499999999999999944, -0.01499999999999999944 ) ) ;
#1368 = EDGE_CURVE ( 'NONE', #647, #534, #1304, .T. ) ;
#1369 = ORIENTED_EDGE ( 'NONE', *, *, #271, .F. ) ;
#1370 = ORIENTED_EDGE ( 'NONE', *, *, #284, .F. ) ;
#1371 = DIRECTION ( 'NONE',  ( -1.807003620809175766E-15, -1.000000000000000000, 0.000000000000000000 ) ) ;
#1372 = FACE_OUTER_BOUND ( 'NONE', #763, .T. ) ;
#1373 = ORIENTED_EDGE ( 'NONE', *, *, #1389, .T. ) ;
#1374 = ADVANCED_FACE ( 'NONE', ( #384 ), #669, .F. ) ;
#1375 = DIRECTION ( 'NONE',  ( 0.000000000000000000, 0.000000000000000000, 1.000000000000000000 ) ) ;
#1376 = VECTOR ( 'NONE', #961, 1000.000000000000000 ) ;
#1377 = AXIS2_PLACEMENT_3D ( 'NONE', #1606, #991, #341 ) ;
#1378 = VERTEX_POINT ( 'NONE', #908 ) ;
#1379 = EDGE_CURVE ( 'NONE', #1024, #1137, #431, .T. ) ;
#1380 = CARTESIAN_POINT ( 'NONE',  ( 0.2000000000000000944, -0.1199999999999999400, -0.01499999999999999944 ) ) ;
#1381 = DIRECTION ( 'NONE',  ( 1.000000000000000000, 0.000000000000000000, -0.000000000000000000 ) ) ;
#1382 = AXIS2_PLACEMENT_3D ( 'NONE', #186, #333, #692 ) ;
#1383 = AXIS2_PLACEMENT_3D ( 'NONE', #995, #1, #1536 ) ;
#1384 = ORIENTED_EDGE ( 'NONE', *, *, #327, .F. ) ;
#1385 = CARTESIAN_POINT ( 'NONE',  ( 0.000000000000000000, -0.1499999999999999944, 0.000000000000000000 ) ) ;
#1386 = VECTOR ( 'NONE', #1136, 1000.000000000000000 ) ;
#1387 = ORIENTED_EDGE ( 'NONE', *, *, #1080, .T. ) ;
#1388 = CARTESIAN_POINT ( 'NONE',  ( 0.000000000000000000, -0.1349999999999999811, 0.000000000000000000 ) ) ;
#1389 = EDGE_CURVE ( 'NONE', #1201, #884, #168, .T. ) ;
#1390 = CYLINDRICAL_SURFACE ( 'NONE', #959, 0.01499999999999998557 ) ;
#1391 = EDGE_LOOP ( 'NONE', ( #1481, #963, #906, #128 ) ) ;
#1392 = LINE ( 'NONE', #1271, #508 ) ;
#1393 = CARTESIAN_POINT ( 'NONE',  ( 0.2299999999999996769, -0.1199999999999999539, 0.000000000000000000 ) ) ;
#1394 = VERTEX_POINT ( 'NONE', #532 ) ;
#1395 = CARTESIAN_POINT ( 'NONE',  ( 0.2000000000000000944, -0.1199999999999999400, -0.01499999999999999944 ) ) ;
#1396 = EDGE_CURVE ( 'NONE', #577, #884, #1538, .T. ) ;
#1397 = DIRECTION ( 'NONE',  ( -1.000000000000000000, 0.000000000000000000, 0.000000000000000000 ) ) ;
#1398 = EDGE_LOOP ( 'NONE', ( #357, #378, #1592, #217 ) ) ;
#1399 = LINE ( 'NONE', #506, #987 ) ;
#1400 = CARTESIAN_POINT ( 'NONE',  ( -0.2999999999999999334, -0.1350000000000000089, -0.2600000000000000089 ) ) ;
#1401 = VERTEX_POINT ( 'NONE', #1038 ) ;
#1402 = CARTESIAN_POINT ( 'NONE',  ( -0.2849999999999999756, 0.1499999999999999944, -0.2450000000000000511 ) ) ;
#1403 = VECTOR ( 'NONE', #291, 1000.000000000000000 ) ;
#1404 = FACE_OUTER_BOUND ( 'NONE', #267, .T. ) ;
#1405 = ADVANCED_FACE ( 'NONE', ( #1175 ), #36, .F. ) ;
#1406 = EDGE_LOOP ( 'NONE', ( #943, #1256, #349, #1558 ) ) ;
#1407 = DIRECTION ( 'NONE',  ( 0.000000000000000000, -1.000000000000000000, 0.000000000000000000 ) ) ;
#1408 = FACE_OUTER_BOUND ( 'NONE', #900, .T. ) ;
#1409 = VECTOR ( 'NONE', #709, 1000.000000000000000 ) ;
#1410 = ORIENTED_EDGE ( 'NONE', *, *, #336, .F. ) ;
#1411 = CARTESIAN_POINT ( 'NONE',  ( 0.2849999999999999201, 0.1349999999999999811, 0.000000000000000000 ) ) ;
#1412 = LINE ( 'NONE', #139, #1386 ) ;
#1413 = VECTOR ( 'NONE', #414, 1000.000000000000000 ) ;
#1414 = ORIENTED_EDGE ( 'NONE', *, *, #1546, .F. ) ;
#1415 = ADVANCED_FACE ( 'NONE', ( #46 ), #281, .T. ) ;
#1416 = DIRECTION ( 'NONE',  ( 1.000000000000000000, 0.000000000000000000, -0.000000000000000000 ) ) ;
#1417 = CARTESIAN_POINT ( 'NONE',  ( -0.2849999999999999756, 0.1499999999999999944, -0.01499999999999999944 ) ) ;
#1418 = ORIENTED_EDGE ( 'NONE', *, *, #988, .F. ) ;
#1419 = DIRECTION ( 'NONE',  ( 0.000000000000000000, -0.000000000000000000, 1.000000000000000000 ) ) ;
#1420 = CARTESIAN_POINT ( 'NONE',  ( -0.2849999999999999201, -0.1350000000000000089, -0.01499999999999999944 ) ) ;
#1421 = PLANE ( 'NONE',  #1631 ) ;
#1422 = DIRECTION ( 'NONE',  ( 0.000000000000000000, 0.000000000000000000, -1.000000000000000000 ) ) ;
#1423 = DIRECTION ( 'NONE',  ( 0.000000000000000000, 0.000000000000000000, 1.000000000000000000 ) ) ;
#1424 = ORIENTED_EDGE ( 'NONE', *, *, #886, .F. ) ;
#1425 = CARTESIAN_POINT ( 'NONE',  ( 0.2000000000000000666, 0.1199999999999999956, 0.000000000000000000 ) ) ;
#1426 = EDGE_CURVE ( 'NONE', #253, #122, #1139, .T. ) ;
#1427 = MECHANICAL_DESIGN_GEOMETRIC_PRESENTATION_REPRESENTATION (  '', ( #293 ), #922 ) ;
#1428 = LINE ( 'NONE', #175, #796 ) ;
#1429 = LINE ( 'NONE', #191, #339 ) ;
#1430 = FILL_AREA_STYLE ('',( #1179 ) ) ;
#1431 = DIRECTION ( 'NONE',  ( -1.000000000000000000, 4.517509052022996607E-16, -0.000000000000000000 ) ) ;
#1432 = DIRECTION ( 'NONE',  ( 0.000000000000000000, 0.000000000000000000, 1.000000000000000000 ) ) ;
#1433 = EDGE_LOOP ( 'NONE', ( #6, #980, #1004, #3 ) ) ;
#1434 = VECTOR ( 'NONE', #870, 1000.000000000000000 ) ;
#1435 = CARTESIAN_POINT ( 'NONE',  ( 0.1499999999999999944, 0.1499999999999999944, -0.2450000000000000511 ) ) ;
#1436 = AXIS2_PLACEMENT_3D ( 'NONE', #533, #646, #1288 ) ;
#1437 = STYLED_ITEM ( 'NONE', ( #297 ), #43 ) ;
#1438 = EDGE_CURVE ( 'NONE', #1503, #1115, #1392, .T. ) ;
#1439 = LINE ( 'NONE', #1061, #737 ) ;
#1440 = PRESENTATION_STYLE_ASSIGNMENT (( #932 ) ) ;
#1441 = AXIS2_PLACEMENT_3D ( 'NONE', #1030, #772, #1423 ) ;
#1442 = LINE ( 'NONE', #1063, #352 ) ;
#1443 = DIRECTION ( 'NONE',  ( -1.445602896647339706E-15, -1.000000000000000000, 0.000000000000000000 ) ) ;
#1444 = ORIENTED_EDGE ( 'NONE', *, *, #895, .F. ) ;
#1445 = DIRECTION ( 'NONE',  ( -1.000000000000000000, 1.445602896647339706E-15, 0.000000000000000000 ) ) ;
#1446 = EDGE_LOOP ( 'NONE', ( #607, #420, #427, #775 ) ) ;
#1447 = ADVANCED_FACE ( 'NONE', ( #135 ), #525, .T. ) ;
#1448 = LINE ( 'NONE', #1457, #707 ) ;
#1449 = EDGE_CURVE ( 'NONE', #1201, #1129, #1399, .T. ) ;
#1450 =( NAMED_UNIT ( * ) PLANE_ANGLE_UNIT ( ) SI_UNIT ( $, .RADIAN. ) );
#1451 = DIRECTION ( 'NONE',  ( 0.000000000000000000, -1.000000000000000000, 0.000000000000000000 ) ) ;
#1452 = LINE ( 'NONE', #1074, #241 ) ;
#1453 = ORIENTED_EDGE ( 'NONE', *, *, #185, .T. ) ;
#1454 = CARTESIAN_POINT ( 'NONE',  ( -0.2849999999999999201, -0.1350000000000000089, -0.2600000000000000089 ) ) ;
#1455 = ORIENTED_EDGE ( 'NONE', *, *, #1280, .F. ) ;
#1456 = VECTOR ( 'NONE', #296, 1000.000000000000000 ) ;
#1457 = CARTESIAN_POINT ( 'NONE',  ( -0.1999999999999999278, 0.1499999999999999944, -0.01499999999999999944 ) ) ;
#1458 = AXIS2_PLACEMENT_3D ( 'NONE', #490, #466, #1263 ) ;
#1459 =( NAMED_UNIT ( * ) SI_UNIT ( $, .STERADIAN. ) SOLID_ANGLE_UNIT ( ) );
#1460 = CARTESIAN_POINT ( 'NONE',  ( 0.2000000000000000944, -0.1199999999999999400, 0.000000000000000000 ) ) ;
#1461 = EDGE_CURVE ( 'NONE', #1278, #1047, #143, .T. ) ;
#1462 = DIRECTION ( 'NONE',  ( 1.000000000000000000, 0.000000000000000000, 0.000000000000000000 ) ) ;
#1463 = VERTEX_POINT ( 'NONE', #20 ) ;
#1464 = CARTESIAN_POINT ( 'NONE',  ( 0.2000000000000000944, -0.1199999999999999400, 0.000000000000000000 ) ) ;
#1465 = ORIENTED_EDGE ( 'NONE', *, *, #15, .F. ) ;
#1466 = CLOSED_SHELL ( 'NONE', ( #977, #1567, #419, #1192, #1043, #154, #771, #635, #438, #1090, #1415, #1138, #570, #1360, #174, #388, #1331, #838, #747, #1160, #726, #32, #1268, #785 ) ) ;
#1467 = CIRCLE ( 'NONE', #827, 0.01499999999999999944 ) ;
#1468 = DIRECTION ( 'NONE',  ( 1.000000000000000000, 0.000000000000000000, 0.000000000000000000 ) ) ;
#1469 =( NAMED_UNIT ( * ) PLANE_ANGLE_UNIT ( ) SI_UNIT ( $, .RADIAN. ) );
#1470 = DIRECTION ( 'NONE',  ( 0.000000000000000000, -1.000000000000000000, 0.000000000000000000 ) ) ;
#1471 = ORIENTED_EDGE ( 'NONE', *, *, #919, .T. ) ;
#1472 = ADVANCED_FACE ( 'NONE', ( #515 ), #1529, .T. ) ;
#1473 = CARTESIAN_POINT ( 'NONE',  ( 0.2849999999999999756, 0.1499999999999999944, -0.01499999999999999944 ) ) ;
#1474 = ORIENTED_EDGE ( 'NONE', *, *, #96, .F. ) ;
#1475 = CARTESIAN_POINT ( 'NONE',  ( -0.1499999999999999944, 0.1499999999999999944, -0.2450000000000000511 ) ) ;
#1476 = EDGE_LOOP ( 'NONE', ( #778, #491, #326 ) ) ;
#1477 = EDGE_LOOP ( 'NONE', ( #127, #467, #1183, #1147 ) ) ;
#1478 = EDGE_CURVE ( 'NONE', #483, #1201, #833, .T. ) ;
#1479 = CARTESIAN_POINT ( 'NONE',  ( 0.2849999999999999201, -0.1350000000000000089, -0.2600000000000000089 ) ) ;
#1480 =( GEOMETRIC_REPRESENTATION_CONTEXT ( 3 ) GLOBAL_UNCERTAINTY_ASSIGNED_CONTEXT ( ( #907 ) ) GLOBAL_UNIT_ASSIGNED_CONTEXT ( ( #773, #136, #13 ) ) REPRESENTATION_CONTEXT ( 'NONE', 'WORKASPACE' ) );
#1481 = ORIENTED_EDGE ( 'NONE', *, *, #815, .T. ) ;
#1482 = CARTESIAN_POINT ( 'NONE',  ( -0.2299999999999996492, 0.1499999999999999944, -0.01499999999999999944 ) ) ;
#1483 = CARTESIAN_POINT ( 'NONE',  ( -0.2849999999999999201, -0.1349999999999999811, -0.2450000000000000511 ) ) ;
#1484 = ORIENTED_EDGE ( 'NONE', *, *, #762, .F. ) ;
#1485 = EDGE_CURVE ( 'NONE', #1115, #354, #1219, .T. ) ;
#1486 = FACE_OUTER_BOUND ( 'NONE', #1565, .T. ) ;
#1487 = VERTEX_POINT ( 'NONE', #564 ) ;
#1488 = FACE_OUTER_BOUND ( 'NONE', #1102, .T. ) ;
#1489 = FILL_AREA_STYLE_COLOUR ( '', #1329 ) ;
#1490 = ORIENTED_EDGE ( 'NONE', *, *, #1036, .T. ) ;
#1491 = AXIS2_PLACEMENT_3D ( 'NONE', #1553, #392, #637 ) ;
#1492 = CARTESIAN_POINT ( 'NONE',  ( -0.2849999999999999201, 0.1499999999999999944, 0.000000000000000000 ) ) ;
#1493 = EDGE_CURVE ( 'NONE', #1095, #460, #178, .T. ) ;
#1494 = CARTESIAN_POINT ( 'NONE',  ( 0.1499999999999999944, -0.1499999999999999944, -0.2450000000000000511 ) ) ;
#1495 = EDGE_CURVE ( 'NONE', #1068, #750, #17, .T. ) ;
#1496 = ORIENTED_EDGE ( 'NONE', *, *, #1238, .F. ) ;
#1497 = LINE ( 'NONE', #594, #226 ) ;
#1498 = CARTESIAN_POINT ( 'NONE',  ( -0.2000000000000000944, -0.1199999999999999956, -0.01499999999999999944 ) ) ;
#1499 = ORIENTED_EDGE ( 'NONE', *, *, #919, .F. ) ;
#1500 = CARTESIAN_POINT ( 'NONE',  ( 0.2849999999999999201, 0.1349999999999999811, 0.000000000000000000 ) ) ;
#1501 = FACE_OUTER_BOUND ( 'NONE', #1112, .T. ) ;
#1502 = VECTOR ( 'NONE', #662, 1000.000000000000000 ) ;
#1503 = VERTEX_POINT ( 'NONE', #1573 ) ;
#1504 = EDGE_CURVE ( 'NONE', #483, #577, #61, .T. ) ;
#1505 = CARTESIAN_POINT ( 'NONE',  ( -0.2999999999999999334, 0.1499999999999999944, -0.01499999999999998557 ) ) ;
#1506 = AXIS2_PLACEMENT_3D ( 'NONE', #1052, #699, #306 ) ;
#1507 = FACE_OUTER_BOUND ( 'NONE', #1282, .T. ) ;
#1508 = ORIENTED_EDGE ( 'NONE', *, *, #1258, .T. ) ;
#1509 = LINE ( 'NONE', #1380, #1132 ) ;
#1510 = DIRECTION ( 'NONE',  ( -0.000000000000000000, -0.000000000000000000, 1.000000000000000000 ) ) ;
#1511 = AXIS2_PLACEMENT_3D ( 'NONE', #1125, #650, #879 ) ;
#1512 = CIRCLE ( 'NONE', #1382, 0.01499999999999998557 ) ;
#1513 = ORIENTED_EDGE ( 'NONE', *, *, #1128, .T. ) ;
#1514 = CARTESIAN_POINT ( 'NONE',  ( -0.2849999999999999756, 0.1499999999999999944, -0.01499999999999999944 ) ) ;
#1515 = CIRCLE ( 'NONE', #903, 0.01499999999999999944 ) ;
#1516 = EDGE_CURVE ( 'NONE', #264, #577, #1442, .T. ) ;
#1517 = VERTEX_POINT ( 'NONE', #434 ) ;
#1518 = FACE_OUTER_BOUND ( 'NONE', #730, .T. ) ;
#1519 = VECTOR ( 'NONE', #1470, 1000.000000000000000 ) ;
#1520 = FACE_OUTER_BOUND ( 'NONE', #1191, .T. ) ;
#1521 = ORIENTED_EDGE ( 'NONE', *, *, #1150, .T. ) ;
#1522 = CARTESIAN_POINT ( 'NONE',  ( -0.1499999999999999667, 0.1499999999999999944, -0.2600000000000000089 ) ) ;
#1523 = FACE_OUTER_BOUND ( 'NONE', #1575, .T. ) ;
#1524 = VERTEX_POINT ( 'NONE', #572 ) ;
#1525 = CARTESIAN_POINT ( 'NONE',  ( 0.2849999999999999756, 0.1499999999999999944, -0.2450000000000000511 ) ) ;
#1526 = ADVANCED_FACE ( 'NONE', ( #1083 ), #80, .T. ) ;
#1527 = DIRECTION ( 'NONE',  ( 0.000000000000000000, 0.000000000000000000, 1.000000000000000000 ) ) ;
#1528 = ORIENTED_EDGE ( 'NONE', *, *, #686, .F. ) ;
#1529 = CYLINDRICAL_SURFACE ( 'NONE', #480, 0.01499999999999999944 ) ;
#1530 = CARTESIAN_POINT ( 'NONE',  ( 0.2299999999999996769, -0.1499999999999999667, 0.000000000000000000 ) ) ;
#1531 = VERTEX_POINT ( 'NONE', #193 ) ;
#1532 = VECTOR ( 'NONE', #939, 1000.000000000000000 ) ;
#1533 = DIRECTION ( 'NONE',  ( 1.000000000000000000, 0.000000000000000000, 0.000000000000000000 ) ) ;
#1534 = VECTOR ( 'NONE', #998, 1000.000000000000000 ) ;
#1535 = EDGE_CURVE ( 'NONE', #1068, #66, #314, .T. ) ;
#1536 = DIRECTION ( 'NONE',  ( 0.000000000000000000, -1.000000000000000000, 9.035018104045870941E-16 ) ) ;
#1537 = ORIENTED_EDGE ( 'NONE', *, *, #909, .T. ) ;
#1538 = LINE ( 'NONE', #156, #774 ) ;
#1539 = DIRECTION ( 'NONE',  ( 1.000000000000000000, 0.000000000000000000, 0.000000000000000000 ) ) ;
#1540 = ORIENTED_EDGE ( 'NONE', *, *, #271, .T. ) ;
#1541 = AXIS2_PLACEMENT_3D ( 'NONE', #810, #328, #317 ) ;
#1542 = VECTOR ( 'NONE', #1275, 1000.000000000000000 ) ;
#1543 = DIRECTION ( 'NONE',  ( -0.000000000000000000, 0.000000000000000000, -1.000000000000000000 ) ) ;
#1544 = CARTESIAN_POINT ( 'NONE',  ( -0.2299999999999996492, 0.1349999999999999811, 0.000000000000000000 ) ) ;
#1545 = DIRECTION ( 'NONE',  ( 1.000000000000000000, -0.000000000000000000, 0.000000000000000000 ) ) ;
#1546 = EDGE_CURVE ( 'NONE', #1334, #243, #1563, .T. ) ;
#1547 = CARTESIAN_POINT ( 'NONE',  ( -0.2849999999999999201, -0.1350000000000000089, -0.2600000000000000089 ) ) ;
#1548 = ORIENTED_EDGE ( 'NONE', *, *, #905, .F. ) ;
#1549 = DIRECTION ( 'NONE',  ( 1.000000000000000000, 0.000000000000000000, -0.000000000000000000 ) ) ;
#1550 = CARTESIAN_POINT ( 'NONE',  ( 0.1499999999999999667, 0.1349999999999999811, -0.2600000000000000089 ) ) ;
#1551 = CARTESIAN_POINT ( 'NONE',  ( -0.2999999999999999334, -0.1350000000000000089, 0.000000000000000000 ) ) ;
#1552 = VECTOR ( 'NONE', #688, 1000.000000000000000 ) ;
#1553 = CARTESIAN_POINT ( 'NONE',  ( 0.000000000000000000, 0.1349999999999999811, -0.2450000000000000511 ) ) ;
#1554 = DIRECTION ( 'NONE',  ( 0.000000000000000000, 1.000000000000000000, 0.000000000000000000 ) ) ;
#1555 = VERTEX_POINT ( 'NONE', #1109 ) ;
#1556 = EDGE_CURVE ( 'NONE', #1599, #1334, #1209, .T. ) ;
#1557 = PLANE ( 'NONE',  #85 ) ;
#1558 = ORIENTED_EDGE ( 'NONE', *, *, #237, .T. ) ;
#1559 = AXIS2_PLACEMENT_3D ( 'NONE', #791, #511, #1273 ) ;
#1560 = DIRECTION ( 'NONE',  ( 1.000000000000000000, -4.517509052023005482E-16, -0.000000000000000000 ) ) ;
#1561 = LINE ( 'NONE', #421, #129 ) ;
#1562 = DIRECTION ( 'NONE',  ( 0.000000000000000000, 1.000000000000000000, 0.000000000000000000 ) ) ;
#1563 = LINE ( 'NONE', #441, #937 ) ;
#1564 = CARTESIAN_POINT ( 'NONE',  ( -0.1499999999999999944, 0.1349999999999999811, -0.2450000000000000511 ) ) ;
#1565 = EDGE_LOOP ( 'NONE', ( #759, #1098, #1093, #34 ) ) ;
#1566 = LINE ( 'NONE', #462, #953 ) ;
#1567 = ADVANCED_FACE ( 'NONE', ( #1199 ), #332, .F. ) ;
#1568 = ORIENTED_EDGE ( 'NONE', *, *, #1535, .F. ) ;
#1569 = AXIS2_PLACEMENT_3D ( 'NONE', #1261, #634, #1527 ) ;
#1570 = EDGE_CURVE ( 'NONE', #243, #318, #123, .T. ) ;
#1571 = LINE ( 'NONE', #1551, #1213 ) ;
#1572 = FACE_OUTER_BOUND ( 'NONE', #1350, .T. ) ;
#1573 = CARTESIAN_POINT ( 'NONE',  ( 0.2999999999999999334, 0.1349999999999999811, -0.2450000000000000511 ) ) ;
#1574 = CYLINDRICAL_SURFACE ( 'NONE', #319, 0.01499999999999999944 ) ;
#1575 = EDGE_LOOP ( 'NONE', ( #652, #790, #848, #316 ) ) ;
#1576 = FACE_OUTER_BOUND ( 'NONE', #741, .T. ) ;
#1577 = VERTEX_POINT ( 'NONE', #710 ) ;
#1578 = EDGE_CURVE ( 'NONE', #718, #510, #923, .T. ) ;
#1579 = CARTESIAN_POINT ( 'NONE',  ( -0.2000000000000001221, 0.1199999999999999400, -0.01499999999999999944 ) ) ;
#1580 = CARTESIAN_POINT ( 'NONE',  ( -0.2000000000000000944, -0.1199999999999999956, -0.01499999999999999944 ) ) ;
#1581 = DIRECTION ( 'NONE',  ( 0.000000000000000000, 0.000000000000000000, -1.000000000000000000 ) ) ;
#1582 = DIRECTION ( 'NONE',  ( -0.000000000000000000, 0.000000000000000000, 1.000000000000000000 ) ) ;
#1583 = VERTEX_POINT ( 'NONE', #798 ) ;
#1584 = DIRECTION ( 'NONE',  ( 0.000000000000000000, 1.000000000000000000, 0.000000000000000000 ) ) ;
#1585 = VERTEX_POINT ( 'NONE', #324 ) ;
#1586 = CIRCLE ( 'NONE', #1506, 0.01499999999999998557 ) ;
#1587 = CARTESIAN_POINT ( 'NONE',  ( -0.2849999999999999201, 0.1499999999999999944, -0.2450000000000000511 ) ) ;
#1588 = ADVANCED_FACE ( 'NONE', ( #825 ), #676, .F. ) ;
#1589 = DIRECTION ( 'NONE',  ( -1.000000000000000000, 0.000000000000000000, 0.000000000000000000 ) ) ;
#1590 = DIRECTION ( 'NONE',  ( 1.000000000000000000, 0.000000000000000000, -0.000000000000000000 ) ) ;
#1591 = DIRECTION ( 'NONE',  ( 0.000000000000000000, 0.000000000000000000, -1.000000000000000000 ) ) ;
#1592 = ORIENTED_EDGE ( 'NONE', *, *, #625, .F. ) ;
#1593 = CARTESIAN_POINT ( 'NONE',  ( -0.2849999999999999201, 0.1349999999999999811, -0.2450000000000000511 ) ) ;
#1594 = AXIS2_PLACEMENT_3D ( 'NONE', #81, #702, #72 ) ;
#1595 = CLOSED_SHELL ( 'NONE', ( #142, #468, #1069, #1026, #806, #2 ) ) ;
#1596 = CIRCLE ( 'NONE', #1092, 0.01499999999999998557 ) ;
#1597 = LINE ( 'NONE', #330, #198 ) ;
#1598 = CARTESIAN_POINT ( 'NONE',  ( -0.2999999999999999334, -0.1350000000000000089, -0.01499999999999999944 ) ) ;
#1599 = VERTEX_POINT ( 'NONE', #424 ) ;
#1600 = ADVANCED_FACE ( 'NONE', ( #933 ), #184, .T. ) ;
#1601 = CARTESIAN_POINT ( 'NONE',  ( 0.2999999999999999334, 0.1499999999999999944, -0.2450000000000000511 ) ) ;
#1602 = ORIENTED_EDGE ( 'NONE', *, *, #905, .T. ) ;
#1603 = LINE ( 'NONE', #351, #642 ) ;
#1604 = ORIENTED_EDGE ( 'NONE', *, *, #1379, .F. ) ;
#1605 = DIRECTION ( 'NONE',  ( 0.000000000000000000, -1.000000000000000000, 0.000000000000000000 ) ) ;
#1606 = CARTESIAN_POINT ( 'NONE',  ( -0.2849999999999999756, 0.1499999999999999944, -0.01499999999999999944 ) ) ;
#1607 = EDGE_CURVE ( 'NONE', #1129, #869, #807, .T. ) ;
#1608 = ORIENTED_EDGE ( 'NONE', *, *, #237, .F. ) ;
#1609 = LINE ( 'NONE', #958, #1033 ) ;
#1610 = EDGE_LOOP ( 'NONE', ( #756, #1164, #1444, #1453 ) ) ;
#1611 = DIRECTION ( 'NONE',  ( -4.517509052023005482E-16, -1.000000000000000000, 0.000000000000000000 ) ) ;
#1612 = SURFACE_STYLE_USAGE ( .BOTH. , #244 ) ;
#1613 = ORIENTED_EDGE ( 'NONE', *, *, #1080, .F. ) ;
#1614 = EDGE_CURVE ( 'NONE', #1524, #1577, #867, .T. ) ;
#1615 = CARTESIAN_POINT ( 'NONE',  ( -0.2849999999999999201, 0.1349999999999999811, -0.01499999999999999944 ) ) ;
#1616 = EDGE_CURVE ( 'NONE', #361, #253, #986, .T. ) ;
#1617 = COLOUR_RGB ( '',0.2862745098039215508, 0.2862745098039215508, 0.2862745098039215508 ) ;
#1618 = CARTESIAN_POINT ( 'NONE',  ( 0.2849999999999999201, 0.1499999999999999944, 0.000000000000000000 ) ) ;
#1619 = CIRCLE ( 'NONE', #614, 0.01499999999999998557 ) ;
#1620 = ORIENTED_EDGE ( 'NONE', *, *, #1368, .F. ) ;
#1621 =( NAMED_UNIT ( * ) PLANE_ANGLE_UNIT ( ) SI_UNIT ( $, .RADIAN. ) );
#1622 = ORIENTED_EDGE ( 'NONE', *, *, #496, .F. ) ;
#1623 = DIRECTION ( 'NONE',  ( 1.000000000000000000, -0.000000000000000000, 0.000000000000000000 ) ) ;
#1624 = LINE ( 'NONE', #116, #1260 ) ;
#1625 = EDGE_CURVE ( 'NONE', #1029, #1205, #1624, .T. ) ;
#1626 = DIRECTION ( 'NONE',  ( 0.000000000000000000, -1.000000000000000000, 0.000000000000000000 ) ) ;
#1627 = ORIENTED_EDGE ( 'NONE', *, *, #1019, .F. ) ;
#1628 = LINE ( 'NONE', #1100, #618 ) ;
#1629 = LINE ( 'NONE', #1498, #1534 ) ;
#1630 = ORIENTED_EDGE ( 'NONE', *, *, #1516, .F. ) ;
#1631 = AXIS2_PLACEMENT_3D ( 'NONE', #1173, #536, #86 ) ;
#1632 = CARTESIAN_POINT ( 'NONE',  ( -0.2000000000000000666, -0.1349999999999999811, -0.01499999999999999944 ) ) ;
#1633 = PRODUCT_CONTEXT ( 'NONE', #1096, 'mechanical' ) ;
ENDSEC;
END-ISO-10303-21;
