ISO-10303-21;
HEADER;
FILE_DESCRIPTION (( 'STEP AP214' ),
    '1' );
FILE_NAME ('YC104-JR-07150RL.STEP',
    '2026-01-28T12:56:36',
    ( '' ),
    ( '' ),
    'SwSTEP 2.0',
    'SolidWorks 2024',
    '' );
FILE_SCHEMA (( 'AUTOMOTIVE_DESIGN' ));
ENDSEC;

DATA;
#1 = ORIENTED_EDGE ( 'NONE', *, *, #6331, .T. ) ;
#2 = ORIENTED_EDGE ( 'NONE', *, *, #4601, .F. ) ;
#3 = FILL_AREA_STYLE_COLOUR ( '', #6470 ) ;
#4 = PLANE ( 'NONE',  #818 ) ;
#5 = EDGE_CURVE ( 'NONE', #5504, #6783, #699, .T. ) ;
#6 = CARTESIAN_POINT ( 'NONE',  ( 0.6457458469041920113, -19.83000000000000185, -0.2499999999999998890 ) ) ;
#7 = CARTESIAN_POINT ( 'NONE',  ( 1.230000000000000204, 0.1500000000000000222, -0.06916666666666672347 ) ) ;
#8 = CARTESIAN_POINT ( 'NONE',  ( 1.400000000000000133, -0.1499999999999999389, 0.1499999999999999944 ) ) ;
#9 = EDGE_LOOP ( 'NONE', ( #5103, #4238, #7801, #8431 ) ) ;
#10 = ADVANCED_FACE ( 'NONE', ( #4829 ), #82, .F. ) ;
#11 = FACE_OUTER_BOUND ( 'NONE', #8652, .T. ) ;
#12 = ORIENTED_EDGE ( 'NONE', *, *, #127, .F. ) ;
#13 = EDGE_LOOP ( 'NONE', ( #2910, #915, #5042, #5347 ) ) ;
#14 = CARTESIAN_POINT ( 'NONE',  ( 0.1700000000000000122, -0.1699999999999999289, 0.1499999999999999944 ) ) ;
#15 =( LENGTH_UNIT ( ) NAMED_UNIT ( * ) SI_UNIT ( .MILLI., .METRE. ) );
#16 = PLANE ( 'NONE',  #8170 ) ;
#17 = UNCERTAINTY_MEASURE_WITH_UNIT (LENGTH_MEASURE( 1.000000000000000082E-05 ), #5338, 'distance_accuracy_value', 'NONE');
#18 = FACE_OUTER_BOUND ( 'NONE', #2523, .T. ) ;
#19 = VERTEX_POINT ( 'NONE', #4002 ) ;
#20 = VECTOR ( 'NONE', #838, 1000.000000000000000 ) ;
#21 = ORIENTED_EDGE ( 'NONE', *, *, #774, .F. ) ;
#22 = DIRECTION ( 'NONE',  ( -0.000000000000000000, 0.000000000000000000, 1.000000000000000000 ) ) ;
#23 = AXIS2_PLACEMENT_3D ( 'NONE', #559, #2566, #3159 ) ;
#24 =( LENGTH_UNIT ( ) NAMED_UNIT ( * ) SI_UNIT ( .MILLI., .METRE. ) );
#26 =( NAMED_UNIT ( * ) SI_UNIT ( $, .STERADIAN. ) SOLID_ANGLE_UNIT ( ) );
#25 = VECTOR ( 'NONE', #3579, 1000.000000000000000 ) ;
#27 = CARTESIAN_POINT ( 'NONE',  ( 1.400000000000000133, 0.1699999999999999567, 0.2999999999999999334 ) ) ;
#28 = CARTESIAN_POINT ( 'NONE',  ( 0.4300000000000000488, -0.1700000000000000122, 0.2499999999999998335 ) ) ;
#29 = APPLICATION_CONTEXT ( 'automotive_design' ) ;
#30 = PLANE ( 'NONE',  #2675 ) ;
#31 = ORIENTED_EDGE ( 'NONE', *, *, #7506, .F. ) ;
#32 = DIRECTION ( 'NONE',  ( 0.000000000000000000, 0.000000000000000000, -1.000000000000000000 ) ) ;
#33 = CARTESIAN_POINT ( 'NONE',  ( 0.7999999999999991562, -1.249999999999999112, 0.2499999999999998890 ) ) ;
#34 = VECTOR ( 'NONE', #1027, 1000.000000000000000 ) ;
#35 = AXIS2_PLACEMENT_3D ( 'NONE', #94, #2826, #5558 ) ;
#36 = AXIS2_PLACEMENT_3D ( 'NONE', #7877, #5823, #445 ) ;
#37 = LINE ( 'NONE', #2103, #3856 ) ;
#38 = VECTOR ( 'NONE', #4005, 1000.000000000000000 ) ;
#39 = DIRECTION ( 'NONE',  ( -0.000000000000000000, 0.000000000000000000, -1.000000000000000000 ) ) ;
#40 = CARTESIAN_POINT ( 'NONE',  ( 0.4000000000000000222, 0.1500000000000000222, -0.2799999999999999711 ) ) ;
#41 = VECTOR ( 'NONE', #6569, 1000.000000000000000 ) ;
#42 = PLANE ( 'NONE',  #1195 ) ;
#43 = UNCERTAINTY_MEASURE_WITH_UNIT (LENGTH_MEASURE( 1.000000000000000082E-05 ), #5975, 'distance_accuracy_value', 'NONE');
#44 = VECTOR ( 'NONE', #3925, 1000.000000000000000 ) ;
#45 = ORIENTED_EDGE ( 'NONE', *, *, #5912, .F. ) ;
#46 = CARTESIAN_POINT ( 'NONE',  ( 0.4300000000000000488, -19.83000000000000185, 0.2499999999999998335 ) ) ;
#47 = MECHANICAL_DESIGN_GEOMETRIC_PRESENTATION_REPRESENTATION (  '', ( #2764 ), #4625 ) ;
#48 = ORIENTED_EDGE ( 'NONE', *, *, #4604, .T. ) ;
#49 = DIRECTION ( 'NONE',  ( -0.000000000000000000, 0.000000000000000000, 1.000000000000000000 ) ) ;
#50 = PRODUCT_DEFINITION ( 'UNKNOWN', '', #6273, #6932 ) ;
#51 = DIRECTION ( 'NONE',  ( 0.000000000000000000, 0.000000000000000000, -1.000000000000000000 ) ) ;
#52 = AXIS2_PLACEMENT_3D ( 'NONE', #4548, #6610, #3907 ) ;
#53 = LINE ( 'NONE', #8413, #2953 ) ;
#54 = VECTOR ( 'NONE', #6065, 1000.000000000000000 ) ;
#55 = CARTESIAN_POINT ( 'NONE',  ( 0.4000000000000000222, 0.000000000000000000, 0.2499999999999998335 ) ) ;
#57 = FACE_OUTER_BOUND ( 'NONE', #558, .T. ) ;
#56 =( GEOMETRIC_REPRESENTATION_CONTEXT ( 3 ) GLOBAL_UNCERTAINTY_ASSIGNED_CONTEXT ( ( #666 ) ) GLOBAL_UNIT_ASSIGNED_CONTEXT ( ( #3671, #4285, #863 ) ) REPRESENTATION_CONTEXT ( 'NONE', 'WORKASPACE' ) );
#58 = PLANE ( 'NONE',  #35 ) ;
#59 = CARTESIAN_POINT ( 'NONE',  ( 2.168404344971008868E-16, -0.1500000000000008271, 0.2795000000000000817 ) ) ;
#60 = STYLED_ITEM ( 'NONE', ( #1171 ), #4834 ) ;
#61 = ORIENTED_EDGE ( 'NONE', *, *, #4248, .F. ) ;
#62 = VERTEX_POINT ( 'NONE', #1432 ) ;
#63 = EDGE_CURVE ( 'NONE', #5677, #2495, #5499, .T. ) ;
#64 = EDGE_CURVE ( 'NONE', #4249, #2503, #2005, .T. ) ;
#65 = EDGE_CURVE ( 'NONE', #3013, #1898, #3473, .T. ) ;
#66 = PRESENTATION_LAYER_ASSIGNMENT (  '', '', ( #770 ) ) ;
#67 = LINE ( 'NONE', #4153, #1484 ) ;
#68 =( LENGTH_UNIT ( ) NAMED_UNIT ( * ) SI_UNIT ( .MILLI., .METRE. ) );
#69 = SURFACE_STYLE_USAGE ( .BOTH. , #6872 ) ;
#70 = PLANE ( 'NONE',  #6405 ) ;
#71 = AXIS2_PLACEMENT_3D ( 'NONE', #1474, #3517, #2979 ) ;
#72 = FILL_AREA_STYLE ('',( #3452 ) ) ;
#73 = ORIENTED_EDGE ( 'NONE', *, *, #705, .F. ) ;
#74 = ORIENTED_EDGE ( 'NONE', *, *, #3225, .F. ) ;
#75 = DIRECTION ( 'NONE',  ( -0.000000000000000000, 1.000000000000000000, -0.000000000000000000 ) ) ;
#76 = AXIS2_PLACEMENT_3D ( 'NONE', #4164, #5492, #7503 ) ;
#77 = EDGE_CURVE ( 'NONE', #5131, #1836, #8769, .T. ) ;
#78 = CARTESIAN_POINT ( 'NONE',  ( 1.350000000000000089, -0.1700000000000000122, -0.2999999999999999889 ) ) ;
#79 =( GEOMETRIC_REPRESENTATION_CONTEXT ( 3 ) GLOBAL_UNCERTAINTY_ASSIGNED_CONTEXT ( ( #2314 ) ) GLOBAL_UNIT_ASSIGNED_CONTEXT ( ( #5483, #3366, #1566 ) ) REPRESENTATION_CONTEXT ( 'NONE', 'WORKASPACE' ) );
#80 = ORIENTED_EDGE ( 'NONE', *, *, #7650, .T. ) ;
#81 = SURFACE_STYLE_USAGE ( .BOTH. , #7549 ) ;
#82 = PLANE ( 'NONE',  #5668 ) ;
#83 = CARTESIAN_POINT ( 'NONE',  ( 1.000000000000000000, 0.1699999999999999567, 0.2999999999999999334 ) ) ;
#84 = UNCERTAINTY_MEASURE_WITH_UNIT (LENGTH_MEASURE( 1.000000000000000082E-05 ), #999, 'distance_accuracy_value', 'NONE');
#85 = CARTESIAN_POINT ( 'NONE',  ( 1.350000000000000089, -19.83000000000000185, -0.2499999999999998890 ) ) ;
#86 = DIRECTION ( 'NONE',  ( 1.000000000000000000, 0.000000000000000000, 0.000000000000000000 ) ) ;
#87 = FILL_AREA_STYLE ('',( #8407 ) ) ;
#88 =( NAMED_UNIT ( * ) SI_UNIT ( $, .STERADIAN. ) SOLID_ANGLE_UNIT ( ) );
#89 = ORIENTED_EDGE ( 'NONE', *, *, #1236, .T. ) ;
#90 = ORIENTED_EDGE ( 'NONE', *, *, #7987, .F. ) ;
#91 = CLOSED_SHELL ( 'NONE', ( #7882, #4185, #7312, #3809, #4817, #6396, #5203, #6414, #1443, #8864, #7943, #1274, #1091, #1439, #6897, #4641, #927, #7103 ) ) ;
#92 = LINE ( 'NONE', #7020, #2186 ) ;
#93 = MECHANICAL_DESIGN_GEOMETRIC_PRESENTATION_REPRESENTATION (  '', ( #4811 ), #3371 ) ;
#94 = CARTESIAN_POINT ( 'NONE',  ( 0.04999999999999999584, -19.83000000000000185, 0.2499999999999998335 ) ) ;
#95 = COLOUR_RGB ( '',0.6470588235294117974, 0.6196078431372549211, 0.5999999999999999778 ) ;
#96 = CARTESIAN_POINT ( 'NONE',  ( 0.5699999999999999512, -0.1499999999999999389, 0.1499999999999999944 ) ) ;
#97 = ORIENTED_EDGE ( 'NONE', *, *, #3324, .F. ) ;
#98 = ORIENTED_EDGE ( 'NONE', *, *, #2030, .F. ) ;
#99 = VECTOR ( 'NONE', #8712, 1000.000000000000000 ) ;
#100 =( NAMED_UNIT ( * ) SI_UNIT ( $, .STERADIAN. ) SOLID_ANGLE_UNIT ( ) );
#101 =( LENGTH_UNIT ( ) NAMED_UNIT ( * ) SI_UNIT ( .MILLI., .METRE. ) );
#102 = MECHANICAL_DESIGN_GEOMETRIC_PRESENTATION_REPRESENTATION (  '', ( #7249 ), #817 ) ;
#103 = DIRECTION ( 'NONE',  ( 1.000000000000000000, 0.000000000000000000, 0.000000000000000000 ) ) ;
#104 = CARTESIAN_POINT ( 'NONE',  ( 0.6457458469041920113, -19.83000000000000185, -0.2499999999999998890 ) ) ;
#105 = VECTOR ( 'NONE', #6750, 1000.000000000000000 ) ;
#106 = CARTESIAN_POINT ( 'NONE',  ( 0.2000000000000000111, 0.1699999999999999567, 0.06916666666666672347 ) ) ;
#107 = ADVANCED_FACE ( 'NONE', ( #3684 ), #1557, .F. ) ;
#108 = EDGE_CURVE ( 'NONE', #8322, #7672, #4397, .T. ) ;
#109 = FILL_AREA_STYLE_COLOUR ( '', #903 ) ;
#110 = EDGE_LOOP ( 'NONE', ( #5183, #1075, #6433, #5733, #1787, #12, #1738, #3027 ) ) ;
#111 = ORIENTED_EDGE ( 'NONE', *, *, #1812, .T. ) ;
#112 = CARTESIAN_POINT ( 'NONE',  ( 0.000000000000000000, -0.1499999999999999389, 0.2799999999999999711 ) ) ;
#113 = LINE ( 'NONE', #78, #4336 ) ;
#114 = SURFACE_SIDE_STYLE ('',( #1632 ) ) ;
#115 = EDGE_CURVE ( 'NONE', #1128, #1137, #5753, .T. ) ;
#116 = ORIENTED_EDGE ( 'NONE', *, *, #5580, .T. ) ;
#117 = DIRECTION ( 'NONE',  ( -0.000000000000000000, 1.000000000000000000, -0.000000000000000000 ) ) ;
#118 = CARTESIAN_POINT ( 'NONE',  ( 1.200000000000000178, -0.1500000000000008271, 0.2795000000000000817 ) ) ;
#119 = VECTOR ( 'NONE', #860, 999.9999999999998863 ) ;
#120 =( NAMED_UNIT ( * ) PLANE_ANGLE_UNIT ( ) SI_UNIT ( $, .RADIAN. ) );
#121 =( LENGTH_UNIT ( ) NAMED_UNIT ( * ) SI_UNIT ( .MILLI., .METRE. ) );
#122 = CARTESIAN_POINT ( 'NONE',  ( 0.04999999999999999584, -0.1700000000000000122, -0.2499999999999998890 ) ) ;
#123 = UNCERTAINTY_MEASURE_WITH_UNIT (LENGTH_MEASURE( 1.000000000000000082E-05 ), #5473, 'distance_accuracy_value', 'NONE');
#124 = ORIENTED_EDGE ( 'NONE', *, *, #7775, .F. ) ;
#125 = PRESENTATION_STYLE_ASSIGNMENT (( #4100 ) ) ;
#126 = AXIS2_PLACEMENT_3D ( 'NONE', #2934, #6888, #7011 ) ;
#127 = EDGE_CURVE ( 'NONE', #5404, #2778, #2930, .T. ) ;
#128 = ORIENTED_EDGE ( 'NONE', *, *, #2308, .T. ) ;
#129 = DIRECTION ( 'NONE',  ( 1.000000000000000000, 0.000000000000000000, -0.000000000000000000 ) ) ;
#130 = DIRECTION ( 'NONE',  ( 1.000000000000000000, 0.000000000000000000, 0.000000000000000000 ) ) ;
#131 =( LENGTH_UNIT ( ) NAMED_UNIT ( * ) SI_UNIT ( .MILLI., .METRE. ) );
#132 = SURFACE_STYLE_FILL_AREA ( #4842 ) ;
#133 = SURFACE_STYLE_USAGE ( .BOTH. , #808 ) ;
#134 = ORIENTED_EDGE ( 'NONE', *, *, #6687, .F. ) ;
#135 = EDGE_LOOP ( 'NONE', ( #8655, #809, #2419, #7576 ) ) ;
#136 = CARTESIAN_POINT ( 'NONE',  ( 0.04999999999999999584, -19.83000000000000185, -0.2499999999999998890 ) ) ;
#137 = AXIS2_PLACEMENT_3D ( 'NONE', #2379, #1601, #8579 ) ;
#138 =( NAMED_UNIT ( * ) SI_UNIT ( $, .STERADIAN. ) SOLID_ANGLE_UNIT ( ) );
#139 = DIRECTION ( 'NONE',  ( 0.000000000000000000, 0.000000000000000000, -1.000000000000000000 ) ) ;
#140 = CARTESIAN_POINT ( 'NONE',  ( 0.2000000000000000111, 0.1499999999999999667, 0.2799999999999999711 ) ) ;
#141 = SURFACE_STYLE_USAGE ( .BOTH. , #7703 ) ;
#142 = ORIENTED_EDGE ( 'NONE', *, *, #7506, .T. ) ;
#143 = CARTESIAN_POINT ( 'NONE',  ( 1.400000000000000133, 0.1500000000000000222, -0.2499999999999998890 ) ) ;
#144 = ORIENTED_EDGE ( 'NONE', *, *, #3648, .T. ) ;
#145 = UNCERTAINTY_MEASURE_WITH_UNIT (LENGTH_MEASURE( 1.000000000000000082E-05 ), #1086, 'distance_accuracy_value', 'NONE');
#146 = ORIENTED_EDGE ( 'NONE', *, *, #6177, .F. ) ;
#147 = PLANE ( 'NONE',  #965 ) ;
#148 = EDGE_CURVE ( 'NONE', #6513, #7352, #2235, .T. ) ;
#149 = FILL_AREA_STYLE ('',( #3634 ) ) ;
#150 = SURFACE_STYLE_USAGE ( .BOTH. , #6244 ) ;
#151 = CARTESIAN_POINT ( 'NONE',  ( 0.4286715151571738880, -1.249999999999999112, 0.2499999999999998890 ) ) ;
#152 = STYLED_ITEM ( 'NONE', ( #5374 ), #4307 ) ;
#153 = PLANE ( 'NONE',  #6376 ) ;
#154 = VERTEX_POINT ( 'NONE', #972 ) ;
#155 =( GEOMETRIC_REPRESENTATION_CONTEXT ( 3 ) GLOBAL_UNCERTAINTY_ASSIGNED_CONTEXT ( ( #249 ) ) GLOBAL_UNIT_ASSIGNED_CONTEXT ( ( #950, #3663, #5070 ) ) REPRESENTATION_CONTEXT ( 'NONE', 'WORKASPACE' ) );
#156 = DIRECTION ( 'NONE',  ( 1.000000000000000000, -0.000000000000000000, 0.000000000000000000 ) ) ;
#157 = DIRECTION ( 'NONE',  ( -0.000000000000000000, 1.000000000000000000, 0.000000000000000000 ) ) ;
#158 = FACE_OUTER_BOUND ( 'NONE', #3534, .T. ) ;
#159 = EDGE_CURVE ( 'NONE', #2901, #6451, #5092, .T. ) ;
#160 = EDGE_CURVE ( 'NONE', #7195, #8781, #837, .T. ) ;
#161 = CARTESIAN_POINT ( 'NONE',  ( 1.229999999999999316, -1.249999999999999112, 0.1499999999999999944 ) ) ;
#162 = VECTOR ( 'NONE', #1063, 1000.000000000000000 ) ;
#163 = DIRECTION ( 'NONE',  ( -1.000000000000000000, -0.000000000000000000, -0.000000000000000000 ) ) ;
#164 = CARTESIAN_POINT ( 'NONE',  ( 1.000000000000000000, 0.1700000000000000122, -0.06916666666666672347 ) ) ;
#165 = ORIENTED_EDGE ( 'NONE', *, *, #4131, .T. ) ;
#166 = STYLED_ITEM ( 'NONE', ( #3930 ), #4029 ) ;
#167 = VERTEX_POINT ( 'NONE', #791 ) ;
#168 = FILL_AREA_STYLE_COLOUR ( '', #8661 ) ;
#169 = ORIENTED_EDGE ( 'NONE', *, *, #2886, .F. ) ;
#170 = COLOUR_RGB ( '',0.6470588235294117974, 0.6196078431372549211, 0.5999999999999999778 ) ;
#171 = CARTESIAN_POINT ( 'NONE',  ( 0.2000000000000000111, 0.1499999999999999667, 0.2499999999999998335 ) ) ;
#172 = STYLED_ITEM ( 'NONE', ( #7646 ), #2533 ) ;
#173 = FACE_OUTER_BOUND ( 'NONE', #642, .T. ) ;
#174 = SURFACE_STYLE_FILL_AREA ( #713 ) ;
#175 = VECTOR ( 'NONE', #354, 1000.000000000000000 ) ;
#176 = ADVANCED_FACE ( 'NONE', ( #158 ), #7815, .F. ) ;
#177 = CARTESIAN_POINT ( 'NONE',  ( 0.8299999999999999600, 0.1499999999999999667, 0.2799999999999999711 ) ) ;
#178 = LINE ( 'NONE', #267, #5327 ) ;
#179 = LINE ( 'NONE', #5594, #8323 ) ;
#180 = VECTOR ( 'NONE', #2245, 1000.000000000000000 ) ;
#181 = COLOUR_RGB ( '',0.7921568627450980005, 0.8196078431372548767, 0.9333333333333333481 ) ;
#182 = PRODUCT_CONTEXT ( 'NONE', #29, 'mechanical' ) ;
#183 = ORIENTED_EDGE ( 'NONE', *, *, #7225, .F. ) ;
#184 = VERTEX_POINT ( 'NONE', #3063 ) ;
#185 = DIRECTION ( 'NONE',  ( 0.000000000000000000, -1.000000000000000000, 0.000000000000000000 ) ) ;
#186 = VECTOR ( 'NONE', #3627, 1000.000000000000000 ) ;
#187 = PRESENTATION_LAYER_ASSIGNMENT (  '', '', ( #5061 ) ) ;
#188 = CARTESIAN_POINT ( 'NONE',  ( 0.000000000000000000, 0.1699999999999999567, 0.06916666666666672347 ) ) ;
#189 = LINE ( 'NONE', #7618, #7818 ) ;
#190 = PRESENTATION_LAYER_ASSIGNMENT (  '', '', ( #5759 ) ) ;
#191 = LINE ( 'NONE', #5603, #1170 ) ;
#192 = CARTESIAN_POINT ( 'NONE',  ( 0.3999999999999995226, -0.1500000000000008271, 0.2795000000000000262 ) ) ;
#193 = ORIENTED_EDGE ( 'NONE', *, *, #6455, .T. ) ;
#194 = FACE_OUTER_BOUND ( 'NONE', #556, .T. ) ;
#195 = ORIENTED_EDGE ( 'NONE', *, *, #4715, .T. ) ;
#196 = MECHANICAL_DESIGN_GEOMETRIC_PRESENTATION_REPRESENTATION (  '', ( #7055 ), #2353 ) ;
#197 = VERTEX_POINT ( 'NONE', #2454 ) ;
#198 = UNCERTAINTY_MEASURE_WITH_UNIT (LENGTH_MEASURE( 1.000000000000000082E-05 ), #2831, 'distance_accuracy_value', 'NONE');
#199 = PRESENTATION_STYLE_ASSIGNMENT (( #6998 ) ) ;
#200 = FILL_AREA_STYLE ('',( #4209 ) ) ;
#201 = FILL_AREA_STYLE ('',( #7580 ) ) ;
#202 =( NAMED_UNIT ( * ) PLANE_ANGLE_UNIT ( ) SI_UNIT ( $, .RADIAN. ) );
#203 = ORIENTED_EDGE ( 'NONE', *, *, #3762, .T. ) ;
#204 =( LENGTH_UNIT ( ) NAMED_UNIT ( * ) SI_UNIT ( .MILLI., .METRE. ) );
#205 = DIRECTION ( 'NONE',  ( 0.01328367628057065992, 0.000000000000000000, 0.9999117680798007557 ) ) ;
#206 = DIRECTION ( 'NONE',  ( -0.000000000000000000, 1.000000000000000000, -0.000000000000000000 ) ) ;
#207 = DIRECTION ( 'NONE',  ( -0.000000000000000000, 1.000000000000000000, -0.000000000000000000 ) ) ;
#208 = LINE ( 'NONE', #973, #5635 ) ;
#209 = DIRECTION ( 'NONE',  ( -1.000000000000000000, 0.000000000000000000, -0.000000000000000000 ) ) ;
#210 = LINE ( 'NONE', #1476, #4253 ) ;
#211 = LINE ( 'NONE', #978, #4461 ) ;
#212 = VERTEX_POINT ( 'NONE', #3816 ) ;
#213 = EDGE_CURVE ( 'NONE', #1085, #5433, #4443, .T. ) ;
#214 = ADVANCED_FACE ( 'NONE', ( #423 ), #3726, .F. ) ;
#215 = ORIENTED_EDGE ( 'NONE', *, *, #2030, .T. ) ;
#216 = LINE ( 'NONE', #4455, #6369 ) ;
#217 = ORIENTED_EDGE ( 'NONE', *, *, #7327, .T. ) ;
#218 = MECHANICAL_DESIGN_GEOMETRIC_PRESENTATION_REPRESENTATION (  '', ( #2526 ), #8657 ) ;
#219 = PLANE ( 'NONE',  #3299 ) ;
#220 = SURFACE_SIDE_STYLE ('',( #7690 ) ) ;
#221 = VECTOR ( 'NONE', #2732, 1000.000000000000000 ) ;
#222 = LINE ( 'NONE', #4841, #4755 ) ;
#223 = LINE ( 'NONE', #1568, #2755 ) ;
#224 = DIRECTION ( 'NONE',  ( 0.000000000000000000, 1.807003620809174139E-16, -1.000000000000000000 ) ) ;
#225 = EDGE_CURVE ( 'NONE', #6453, #4950, #2505, .T. ) ;
#226 = AXIS2_PLACEMENT_3D ( 'NONE', #7483, #5971, #492 ) ;
#227 = ORIENTED_EDGE ( 'NONE', *, *, #2474, .F. ) ;
#228 = PLANE ( 'NONE',  #2313 ) ;
#229 = EDGE_CURVE ( 'NONE', #167, #7361, #4598, .T. ) ;
#230 = ORIENTED_EDGE ( 'NONE', *, *, #3284, .T. ) ;
#231 = AXIS2_PLACEMENT_3D ( 'NONE', #5764, #6530, #8450 ) ;
#232 = PRESENTATION_STYLE_ASSIGNMENT (( #6307 ) ) ;
#233 = VECTOR ( 'NONE', #415, 1000.000000000000000 ) ;
#234 = STYLED_ITEM ( 'NONE', ( #8354 ), #6395 ) ;
#235 = DIRECTION ( 'NONE',  ( -0.000000000000000000, 1.000000000000000000, 1.594414959537506434E-16 ) ) ;
#236 = CARTESIAN_POINT ( 'NONE',  ( 0.2000000000000000111, -0.1700000000000000122, -0.2999999999999999889 ) ) ;
#237 = ORIENTED_EDGE ( 'NONE', *, *, #7872, .T. ) ;
#238 = AXIS2_PLACEMENT_3D ( 'NONE', #1469, #157, #7680 ) ;
#239 = ORIENTED_EDGE ( 'NONE', *, *, #2746, .F. ) ;
#240 = VECTOR ( 'NONE', #4880, 1000.000000000000000 ) ;
#241 = ORIENTED_EDGE ( 'NONE', *, *, #7881, .F. ) ;
#242 = PRESENTATION_STYLE_ASSIGNMENT (( #1549 ) ) ;
#243 = ADVANCED_FACE ( 'NONE', ( #5370 ), #6621, .F. ) ;
#244 = COLOUR_RGB ( '',0.6470588235294117974, 0.6196078431372549211, 0.5999999999999999778 ) ;
#245 = LINE ( 'NONE', #3054, #1688 ) ;
#246 = DIRECTION ( 'NONE',  ( 0.000000000000000000, -1.000000000000000000, 0.000000000000000000 ) ) ;
#247 = ORIENTED_EDGE ( 'NONE', *, *, #8710, .T. ) ;
#248 = FACE_OUTER_BOUND ( 'NONE', #8074, .T. ) ;
#249 = UNCERTAINTY_MEASURE_WITH_UNIT (LENGTH_MEASURE( 1.000000000000000082E-05 ), #950, 'distance_accuracy_value', 'NONE');
#250 = CARTESIAN_POINT ( 'NONE',  ( 1.230000000000000204, -0.1500000000000008271, -0.2499999999999998890 ) ) ;
#251 = LINE ( 'NONE', #4499, #302 ) ;
#252 =( NAMED_UNIT ( * ) PLANE_ANGLE_UNIT ( ) SI_UNIT ( $, .RADIAN. ) );
#253 = LINE ( 'NONE', #7773, #3182 ) ;
#254 = CARTESIAN_POINT ( 'NONE',  ( 0.1999999999999996503, 0.1500000000000008271, 0.2499999999999998890 ) ) ;
#255 = CARTESIAN_POINT ( 'NONE',  ( 1.000000000000000000, -1.249999999999999112, -0.2499999999999998890 ) ) ;
#256 = ORIENTED_EDGE ( 'NONE', *, *, #1692, .F. ) ;
#257 = ORIENTED_EDGE ( 'NONE', *, *, #5885, .F. ) ;
#258 =( NAMED_UNIT ( * ) SI_UNIT ( $, .STERADIAN. ) SOLID_ANGLE_UNIT ( ) );
#259 = PRESENTATION_STYLE_ASSIGNMENT (( #1696 ) ) ;
#260 = ORIENTED_EDGE ( 'NONE', *, *, #7455, .T. ) ;
#261 = SURFACE_SIDE_STYLE ('',( #7867 ) ) ;
#262 = COLOUR_RGB ( '',0.6470588235294117974, 0.6196078431372549211, 0.5999999999999999778 ) ;
#263 = DIRECTION ( 'NONE',  ( 0.000000000000000000, 0.000000000000000000, -1.000000000000000000 ) ) ;
#264 = DIRECTION ( 'NONE',  ( -1.000000000000000000, -0.000000000000000000, -0.000000000000000000 ) ) ;
#265 = EDGE_CURVE ( 'NONE', #3753, #7568, #6716, .T. ) ;
#266 = PLANE ( 'NONE',  #493 ) ;
#267 = CARTESIAN_POINT ( 'NONE',  ( 0.5699999999999999512, 0.1700000000000000122, 0.2499999999999998335 ) ) ;
#268 = SURFACE_STYLE_FILL_AREA ( #5717 ) ;
#269 = EDGE_LOOP ( 'NONE', ( #241, #5299, #4791, #4987 ) ) ;
#270 = CARTESIAN_POINT ( 'NONE',  ( 1.445745846904192167, -19.83000000000000185, -0.2499999999999998890 ) ) ;
#271 = ORIENTED_EDGE ( 'NONE', *, *, #3060, .T. ) ;
#272 =( NAMED_UNIT ( * ) SI_UNIT ( $, .STERADIAN. ) SOLID_ANGLE_UNIT ( ) );
#274 = ADVANCED_FACE ( 'NONE', ( #2603 ), #6806, .F. ) ;
#273 = MECHANICAL_DESIGN_GEOMETRIC_PRESENTATION_REPRESENTATION (  '', ( #4705 ), #6568 ) ;
#275 = LINE ( 'NONE', #1666, #1057 ) ;
#276 = COLOUR_RGB ( '',0.6470588235294117974, 0.6196078431372549211, 0.5999999999999999778 ) ;
#277 =( NAMED_UNIT ( * ) PLANE_ANGLE_UNIT ( ) SI_UNIT ( $, .RADIAN. ) );
#278 = CARTESIAN_POINT ( 'NONE',  ( 0.2000000000000000111, 0.1700000000000000122, -0.2499999999999998890 ) ) ;
#279 = ADVANCED_FACE ( 'NONE', ( #5954 ), #5413, .F. ) ;
#280 = PRESENTATION_STYLE_ASSIGNMENT (( #2961 ) ) ;
#281 = ORIENTED_EDGE ( 'NONE', *, *, #5789, .T. ) ;
#282 = DIRECTION ( 'NONE',  ( -1.000000000000000000, 0.000000000000000000, 0.000000000000000000 ) ) ;
#283 = ORIENTED_EDGE ( 'NONE', *, *, #6332, .T. ) ;
#284 = ORIENTED_EDGE ( 'NONE', *, *, #2855, .T. ) ;
#285 = PRESENTATION_STYLE_ASSIGNMENT (( #5697 ) ) ;
#286 = UNCERTAINTY_MEASURE_WITH_UNIT (LENGTH_MEASURE( 1.000000000000000082E-05 ), #4139, 'distance_accuracy_value', 'NONE');
#287 = CARTESIAN_POINT ( 'NONE',  ( 1.400000000000000133, 0.1699999999999999567, 0.2499999999999998335 ) ) ;
#288 = LINE ( 'NONE', #2363, #8329 ) ;
#289 = UNCERTAINTY_MEASURE_WITH_UNIT (LENGTH_MEASURE( 1.000000000000000082E-05 ), #4948, 'distance_accuracy_value', 'NONE');
#290 = PLANE ( 'NONE',  #8230 ) ;
#291 = ORIENTED_EDGE ( 'NONE', *, *, #8393, .T. ) ;
#292 =( NAMED_UNIT ( * ) SI_UNIT ( $, .STERADIAN. ) SOLID_ANGLE_UNIT ( ) );
#293 = CARTESIAN_POINT ( 'NONE',  ( 0.8000000000000000444, 0.1500000000000008271, -0.2795000000000000262 ) ) ;
#294 = VECTOR ( 'NONE', #7983, 1000.000000000000000 ) ;
#295 = CARTESIAN_POINT ( 'NONE',  ( 1.350000000000000089, 0.1700000000000000122, 0.2499999999999998335 ) ) ;
#296 = CARTESIAN_POINT ( 'NONE',  ( 0.6000000000000000888, 0.1500000000000000222, -0.06916666666666672347 ) ) ;
#297 = LINE ( 'NONE', #7958, #6265 ) ;
#298 = CARTESIAN_POINT ( 'NONE',  ( 0.3999999999999995226, -1.249999999999999112, 0.2499999999999998890 ) ) ;
#299 = VERTEX_POINT ( 'NONE', #6283 ) ;
#300 = ORIENTED_EDGE ( 'NONE', *, *, #605, .T. ) ;
#301 = CARTESIAN_POINT ( 'NONE',  ( 0.7999999999999991562, -0.1500000000000008271, 0.2499999999999998890 ) ) ;
#302 = VECTOR ( 'NONE', #7858, 1000.000000000000000 ) ;
#303 =( NAMED_UNIT ( * ) SI_UNIT ( $, .STERADIAN. ) SOLID_ANGLE_UNIT ( ) );
#304 = VERTEX_POINT ( 'NONE', #2185 ) ;
#305 = CARTESIAN_POINT ( 'NONE',  ( 1.445745846904192167, 0.1700000000000000122, -0.2499999999999998890 ) ) ;
#306 = AXIS2_PLACEMENT_3D ( 'NONE', #6361, #2218, #4199 ) ;
#307 = ORIENTED_EDGE ( 'NONE', *, *, #5525, .T. ) ;
#308 =( GEOMETRIC_REPRESENTATION_CONTEXT ( 3 ) GLOBAL_UNCERTAINTY_ASSIGNED_CONTEXT ( ( #7575 ) ) GLOBAL_UNIT_ASSIGNED_CONTEXT ( ( #1867, #8030, #5358 ) ) REPRESENTATION_CONTEXT ( 'NONE', 'WORKASPACE' ) );
#309 = FACE_OUTER_BOUND ( 'NONE', #3523, .T. ) ;
#310 = UNCERTAINTY_MEASURE_WITH_UNIT (LENGTH_MEASURE( 1.000000000000000082E-05 ), #7265, 'distance_accuracy_value', 'NONE');
#311 = VERTEX_POINT ( 'NONE', #1431 ) ;
#312 = PLANE ( 'NONE',  #5748 ) ;
#313 = FILL_AREA_STYLE_COLOUR ( '', #996 ) ;
#314 = VECTOR ( 'NONE', #7733, 1000.000000000000000 ) ;
#315 =( GEOMETRIC_REPRESENTATION_CONTEXT ( 3 ) GLOBAL_UNCERTAINTY_ASSIGNED_CONTEXT ( ( #5996 ) ) GLOBAL_UNIT_ASSIGNED_CONTEXT ( ( #7145, #985, #1793 ) ) REPRESENTATION_CONTEXT ( 'NONE', 'WORKASPACE' ) );
#316 = CARTESIAN_POINT ( 'NONE',  ( 1.230000000000000204, 0.1700000000000000122, 0.2499999999999998335 ) ) ;
#317 = VECTOR ( 'NONE', #2118, 1000.000000000000000 ) ;
#318 = VECTOR ( 'NONE', #1708, 1000.000000000000000 ) ;
#319 = MECHANICAL_DESIGN_GEOMETRIC_PRESENTATION_REPRESENTATION (  '', ( #5612 ), #5482 ) ;
#320 = DIRECTION ( 'NONE',  ( 0.000000000000000000, -1.000000000000000000, 0.000000000000000000 ) ) ;
#321 =( NAMED_UNIT ( * ) SI_UNIT ( $, .STERADIAN. ) SOLID_ANGLE_UNIT ( ) );
#322 = ORIENTED_EDGE ( 'NONE', *, *, #2196, .F. ) ;
#323 = AXIS2_PLACEMENT_3D ( 'NONE', #521, #6003, #2608 ) ;
#324 = DIRECTION ( 'NONE',  ( 0.000000000000000000, -1.000000000000000000, 0.000000000000000000 ) ) ;
#325 = VERTEX_POINT ( 'NONE', #2099 ) ;
#326 = EDGE_CURVE ( 'NONE', #2443, #167, #5542, .T. ) ;
#327 = EDGE_CURVE ( 'NONE', #197, #3753, #4865, .T. ) ;
#328 = ADVANCED_FACE ( 'NONE', ( #3424 ), #1390, .F. ) ;
#329 = VECTOR ( 'NONE', #3769, 1000.000000000000000 ) ;
#330 = ORIENTED_EDGE ( 'NONE', *, *, #3388, .F. ) ;
#331 = STYLED_ITEM ( 'NONE', ( #6055 ), #1550 ) ;
#332 = COLOUR_RGB ( '',0.7921568627450980005, 0.8196078431372548767, 0.9333333333333333481 ) ;
#333 = STYLED_ITEM ( 'NONE', ( #4380 ), #7826 ) ;
#334 = DIRECTION ( 'NONE',  ( -0.000000000000000000, 0.000000000000000000, 1.000000000000000000 ) ) ;
#335 = SURFACE_STYLE_FILL_AREA ( #8522 ) ;
#336 = VECTOR ( 'NONE', #282, 1000.000000000000000 ) ;
#337 = CARTESIAN_POINT ( 'NONE',  ( 0.1699999999999999012, -1.249999999999999112, -0.1499999999999999944 ) ) ;
#338 = ORIENTED_EDGE ( 'NONE', *, *, #7986, .F. ) ;
#339 = ADVANCED_FACE ( 'NONE', ( #4953 ), #5451, .F. ) ;
#340 = DIRECTION ( 'NONE',  ( -1.000000000000000000, -0.000000000000000000, -0.000000000000000000 ) ) ;
#341 = EDGE_CURVE ( 'NONE', #7500, #8322, #4124, .T. ) ;
#342 = CARTESIAN_POINT ( 'NONE',  ( 0.1699999999999999012, 0.1500000000000008271, -0.1499999999999999944 ) ) ;
#343 = CARTESIAN_POINT ( 'NONE',  ( 0.4300000000000000488, -1.249999999999999112, -0.1499999999999999944 ) ) ;
#344 =( LENGTH_UNIT ( ) NAMED_UNIT ( * ) SI_UNIT ( .MILLI., .METRE. ) );
#345 = SURFACE_STYLE_USAGE ( .BOTH. , #3822 ) ;
#346 = VECTOR ( 'NONE', #4786, 1000.000000000000000 ) ;
#347 = DIRECTION ( 'NONE',  ( 0.000000000000000000, 0.000000000000000000, 1.000000000000000000 ) ) ;
#348 = EDGE_LOOP ( 'NONE', ( #6185, #4574, #1649, #6592 ) ) ;
#349 = ORIENTED_EDGE ( 'NONE', *, *, #8778, .F. ) ;
#350 =( LENGTH_UNIT ( ) NAMED_UNIT ( * ) SI_UNIT ( .MILLI., .METRE. ) );
#351 = ORIENTED_EDGE ( 'NONE', *, *, #5191, .F. ) ;
#352 = PRESENTATION_LAYER_ASSIGNMENT (  '', '', ( #4639 ) ) ;
#353 = CARTESIAN_POINT ( 'NONE',  ( 1.400000000000000133, -0.1699999999999999012, 0.2999999999999999889 ) ) ;
#354 = DIRECTION ( 'NONE',  ( -0.000000000000000000, 1.000000000000000000, -0.000000000000000000 ) ) ;
#355 = ORIENTED_EDGE ( 'NONE', *, *, #3324, .T. ) ;
#356 = SURFACE_SIDE_STYLE ('',( #7790 ) ) ;
#357 = ORIENTED_EDGE ( 'NONE', *, *, #3214, .T. ) ;
#358 = LINE ( 'NONE', #1710, #7384 ) ;
#359 = PLANE ( 'NONE',  #8110 ) ;
#360 = SURFACE_SIDE_STYLE ('',( #7935 ) ) ;
#361 = ORIENTED_EDGE ( 'NONE', *, *, #4702, .T. ) ;
#362 = ORIENTED_EDGE ( 'NONE', *, *, #5204, .T. ) ;
#363 = ORIENTED_EDGE ( 'NONE', *, *, #3612, .F. ) ;
#364 = AXIS2_PLACEMENT_3D ( 'NONE', #6562, #7226, #6475 ) ;
#365 = VECTOR ( 'NONE', #3680, 1000.000000000000000 ) ;
#366 = CARTESIAN_POINT ( 'NONE',  ( 0.2000000000000000111, -0.1499999999999999389, 0.2499999999999998335 ) ) ;
#367 = UNCERTAINTY_MEASURE_WITH_UNIT (LENGTH_MEASURE( 1.000000000000000082E-05 ), #8025, 'distance_accuracy_value', 'NONE');
#368 = EDGE_CURVE ( 'NONE', #2834, #2420, #878, .T. ) ;
#369 = EDGE_CURVE ( 'NONE', #391, #6272, #2849, .T. ) ;
#370 =( LENGTH_UNIT ( ) NAMED_UNIT ( * ) SI_UNIT ( .MILLI., .METRE. ) );
#371 = STYLED_ITEM ( 'NONE', ( #1718 ), #868 ) ;
#372 = DIRECTION ( 'NONE',  ( 0.000000000000000000, 1.000000000000000000, 0.000000000000000000 ) ) ;
#373 = UNCERTAINTY_MEASURE_WITH_UNIT (LENGTH_MEASURE( 1.000000000000000082E-05 ), #7899, 'distance_accuracy_value', 'NONE');
#374 = SURFACE_SIDE_STYLE ('',( #2450 ) ) ;
#375 = VECTOR ( 'NONE', #8467, 1000.000000000000000 ) ;
#376 = EDGE_LOOP ( 'NONE', ( #4066, #544, #4712, #2624, #8102, #7396, #5710, #419 ) ) ;
#377 = DIRECTION ( 'NONE',  ( -1.000000000000000000, -0.000000000000000000, -0.000000000000000000 ) ) ;
#378 = CARTESIAN_POINT ( 'NONE',  ( 1.400000000000000133, 0.1499999999999999667, 0.2799999999999999711 ) ) ;
#379 =( NAMED_UNIT ( * ) PLANE_ANGLE_UNIT ( ) SI_UNIT ( $, .RADIAN. ) );
#380 = VECTOR ( 'NONE', #6861, 1000.000000000000000 ) ;
#381 = PLANE ( 'NONE',  #3011 ) ;
#382 = EDGE_CURVE ( 'NONE', #3892, #4403, #1512, .T. ) ;
#383 = CARTESIAN_POINT ( 'NONE',  ( 0.02000000000000021899, 0.1700000000000000122, -0.06916666666666670960 ) ) ;
#384 = DIRECTION ( 'NONE',  ( 0.000000000000000000, 0.000000000000000000, 1.000000000000000000 ) ) ;
#385 = LINE ( 'NONE', #5683, #1746 ) ;
#386 = VECTOR ( 'NONE', #8785, 1000.000000000000000 ) ;
#387 = DIRECTION ( 'NONE',  ( 0.000000000000000000, -1.000000000000000000, 1.594414959537507173E-16 ) ) ;
#388 = ADVANCED_FACE ( 'NONE', ( #3596 ), #2724, .F. ) ;
#389 = SURFACE_SIDE_STYLE ('',( #6525 ) ) ;
#390 = VERTEX_POINT ( 'NONE', #250 ) ;
#391 = VERTEX_POINT ( 'NONE', #293 ) ;
#392 = DIRECTION ( 'NONE',  ( -0.000000000000000000, -0.000000000000000000, 1.000000000000000000 ) ) ;
#393 = SURFACE_STYLE_USAGE ( .BOTH. , #6531 ) ;
#394 = ORIENTED_EDGE ( 'NONE', *, *, #1548, .F. ) ;
#395 = FACE_OUTER_BOUND ( 'NONE', #8541, .T. ) ;
#396 = FACE_OUTER_BOUND ( 'NONE', #4158, .T. ) ;
#397 = FILL_AREA_STYLE ('',( #1742 ) ) ;
#398 = DIRECTION ( 'NONE',  ( 0.000000000000000000, -5.878204549620201256E-15, -1.000000000000000000 ) ) ;
#399 = DIRECTION ( 'NONE',  ( 0.000000000000000000, -1.807003620809174139E-16, -1.000000000000000000 ) ) ;
#400 = VERTEX_POINT ( 'NONE', #2315 ) ;
#401 = SURFACE_STYLE_FILL_AREA ( #5118 ) ;
#402 =( GEOMETRIC_REPRESENTATION_CONTEXT ( 3 ) GLOBAL_UNCERTAINTY_ASSIGNED_CONTEXT ( ( #7090 ) ) GLOBAL_UNIT_ASSIGNED_CONTEXT ( ( #4296, #1720, #8520 ) ) REPRESENTATION_CONTEXT ( 'NONE', 'WORKASPACE' ) );
#403 = UNCERTAINTY_MEASURE_WITH_UNIT (LENGTH_MEASURE( 1.000000000000000082E-05 ), #4433, 'distance_accuracy_value', 'NONE');
#404 = ORIENTED_EDGE ( 'NONE', *, *, #3695, .T. ) ;
#405 = PLANE ( 'NONE',  #6251 ) ;
#406 = DIRECTION ( 'NONE',  ( 0.000000000000000000, 1.807003620809174139E-16, 1.000000000000000000 ) ) ;
#407 = VECTOR ( 'NONE', #1328, 1000.000000000000000 ) ;
#408 = CARTESIAN_POINT ( 'NONE',  ( 0.6000000000000000888, 0.1699999999999999567, 0.2999999999999999334 ) ) ;
#409 = CARTESIAN_POINT ( 'NONE',  ( 0.9700000000000000844, -19.83000000000000185, 0.2499999999999998335 ) ) ;
#410 = ORIENTED_EDGE ( 'NONE', *, *, #326, .F. ) ;
#411 = CARTESIAN_POINT ( 'NONE',  ( 1.000000000000000000, 0.000000000000000000, 0.2499999999999998335 ) ) ;
#412 = EDGE_LOOP ( 'NONE', ( #300, #4265, #1000, #2591 ) ) ;
#413 = EDGE_LOOP ( 'NONE', ( #3035, #904, #6028, #6503 ) ) ;
#414 = COLOUR_RGB ( '',0.6470588235294117974, 0.6196078431372549211, 0.5999999999999999778 ) ;
#415 = DIRECTION ( 'NONE',  ( 1.000000000000000000, 0.000000000000000000, 0.000000000000000000 ) ) ;
#416 = DIRECTION ( 'NONE',  ( -1.000000000000000000, 0.000000000000000000, 0.000000000000000000 ) ) ;
#417 = CARTESIAN_POINT ( 'NONE',  ( 1.000000000000000000, 0.000000000000000000, 0.2499999999999998335 ) ) ;
#418 = FACE_OUTER_BOUND ( 'NONE', #6341, .T. ) ;
#419 = ORIENTED_EDGE ( 'NONE', *, *, #5155, .T. ) ;
#420 = CARTESIAN_POINT ( 'NONE',  ( 0.8299999999999999600, 0.1500000000000000222, -0.2799999999999999711 ) ) ;
#421 = ADVANCED_FACE ( 'NONE', ( #8443 ), #1106, .T. ) ;
#422 = SURFACE_SIDE_STYLE ('',( #3995 ) ) ;
#423 = FACE_OUTER_BOUND ( 'NONE', #1031, .T. ) ;
#424 = CARTESIAN_POINT ( 'NONE',  ( 1.154254153095808144, 0.1700000000000000122, -0.2499999999999998890 ) ) ;
#425 = FILL_AREA_STYLE ('',( #5311 ) ) ;
#426 = LINE ( 'NONE', #5894, #5047 ) ;
#427 =( LENGTH_UNIT ( ) NAMED_UNIT ( * ) SI_UNIT ( .MILLI., .METRE. ) );
#428 = LINE ( 'NONE', #3859, #7125 ) ;
#429 = CARTESIAN_POINT ( 'NONE',  ( 0.9699999999999991962, -1.249999999999999112, 0.1499999999999999944 ) ) ;
#430 = ORIENTED_EDGE ( 'NONE', *, *, #2963, .F. ) ;
#431 = EDGE_CURVE ( 'NONE', #8349, #8091, #7050, .T. ) ;
#432 = EDGE_CURVE ( 'NONE', #3285, #5997, #2929, .T. ) ;
#434 = EDGE_CURVE ( 'NONE', #2443, #7486, #7768, .T. ) ;
#433 = CARTESIAN_POINT ( 'NONE',  ( 0.6000000000000000888, -0.1499999999999999389, 0.2799999999999999711 ) ) ;
#435 = ORIENTED_EDGE ( 'NONE', *, *, #3540, .T. ) ;
#436 = SURFACE_STYLE_FILL_AREA ( #5242 ) ;
#437 = DIRECTION ( 'NONE',  ( -0.000000000000000000, 1.000000000000000000, -0.000000000000000000 ) ) ;
#438 = SURFACE_SIDE_STYLE ('',( #3077 ) ) ;
#439 = DIRECTION ( 'NONE',  ( -1.000000000000000000, 0.000000000000000000, 0.000000000000000000 ) ) ;
#440 = DIRECTION ( 'NONE',  ( -0.000000000000000000, 1.000000000000000000, -0.000000000000000000 ) ) ;
#441 = PRESENTATION_LAYER_ASSIGNMENT (  '', '', ( #2867 ) ) ;
#442 = EDGE_LOOP ( 'NONE', ( #6549, #227, #7709, #8333, #6087, #1072, #3719, #6586 ) ) ;
#443 = DIRECTION ( 'NONE',  ( 0.000000000000000000, -1.000000000000000000, 0.000000000000000000 ) ) ;
#444 = ORIENTED_EDGE ( 'NONE', *, *, #1275, .F. ) ;
#445 = DIRECTION ( 'NONE',  ( 1.000000000000000000, 0.000000000000000000, 0.000000000000000000 ) ) ;
#446 =( NAMED_UNIT ( * ) PLANE_ANGLE_UNIT ( ) SI_UNIT ( $, .RADIAN. ) );
#447 = EDGE_CURVE ( 'NONE', #19, #212, #3683, .T. ) ;
#448 = LINE ( 'NONE', #5724, #962 ) ;
#449 = VECTOR ( 'NONE', #7032, 1000.000000000000000 ) ;
#450 = DIRECTION ( 'NONE',  ( 1.000000000000000000, 0.000000000000000000, 0.000000000000000000 ) ) ;
#451 = PLANE ( 'NONE',  #5172 ) ;
#452 = PRESENTATION_LAYER_ASSIGNMENT (  '', '', ( #8316 ) ) ;
#453 = ORIENTED_EDGE ( 'NONE', *, *, #8309, .T. ) ;
#454 = CARTESIAN_POINT ( 'NONE',  ( 0.2000000000000000111, 0.1700000000000000122, -0.2999999999999999334 ) ) ;
#455 = ORIENTED_EDGE ( 'NONE', *, *, #5167, .T. ) ;
#456 = STYLED_ITEM ( 'NONE', ( #1490 ), #4082 ) ;
#457 = VERTEX_POINT ( 'NONE', #378 ) ;
#458 = SURFACE_SIDE_STYLE ('',( #7890 ) ) ;
#459 = PRESENTATION_LAYER_ASSIGNMENT (  '', '', ( #2882 ) ) ;
#460 = PRESENTATION_LAYER_ASSIGNMENT (  '', '', ( #6311 ) ) ;
#461 = MECHANICAL_DESIGN_GEOMETRIC_PRESENTATION_REPRESENTATION (  '', ( #2207 ), #3030 ) ;
#462 = DIRECTION ( 'NONE',  ( -1.000000000000000000, -0.000000000000000000, -0.000000000000000000 ) ) ;
#463 = VECTOR ( 'NONE', #8415, 999.9999999999998863 ) ;
#464 = CARTESIAN_POINT ( 'NONE',  ( 0.8299999999999999600, -0.1500000000000008271, 0.2499999999999998335 ) ) ;
#465 = DIRECTION ( 'NONE',  ( 1.000000000000000000, 0.000000000000000000, 0.000000000000000000 ) ) ;
#466 = DIRECTION ( 'NONE',  ( 0.000000000000000000, -1.807003620809174139E-16, -1.000000000000000000 ) ) ;
#467 = DIRECTION ( 'NONE',  ( -0.000000000000000000, -0.000000000000000000, -1.000000000000000000 ) ) ;
#468 = PRESENTATION_LAYER_ASSIGNMENT (  '', '', ( #6052 ) ) ;
#469 = VERTEX_POINT ( 'NONE', #3104 ) ;
#470 = CARTESIAN_POINT ( 'NONE',  ( 0.4000000000000000222, 0.1700000000000000122, -0.2999999999999999334 ) ) ;
#471 = PRESENTATION_LAYER_ASSIGNMENT (  '', '', ( #2625 ) ) ;
#472 =( LENGTH_UNIT ( ) NAMED_UNIT ( * ) SI_UNIT ( .MILLI., .METRE. ) );
#473 = VECTOR ( 'NONE', #1715, 1000.000000000000000 ) ;
#474 = ORIENTED_EDGE ( 'NONE', *, *, #8660, .T. ) ;
#475 = FILL_AREA_STYLE ('',( #1789 ) ) ;
#476 = DIRECTION ( 'NONE',  ( 1.000000000000000000, 0.000000000000000000, -0.000000000000000000 ) ) ;
#477 = ORIENTED_EDGE ( 'NONE', *, *, #2211, .T. ) ;
#478 = DIRECTION ( 'NONE',  ( 1.000000000000000000, 0.000000000000000000, 0.000000000000000000 ) ) ;
#479 = CARTESIAN_POINT ( 'NONE',  ( 1.350000000000000089, -0.1700000000000000122, -0.2499999999999998890 ) ) ;
#480 = PRESENTATION_LAYER_ASSIGNMENT (  '', '', ( #5497 ) ) ;
#481 = FILL_AREA_STYLE ('',( #1841 ) ) ;
#482 = EDGE_CURVE ( 'NONE', #1896, #3140, #7180, .T. ) ;
#483 = EDGE_CURVE ( 'NONE', #1008, #2174, #971, .T. ) ;
#484 = CARTESIAN_POINT ( 'NONE',  ( 0.8000000000000000444, -0.1500000000000008271, -0.2795000000000000262 ) ) ;
#485 =( NAMED_UNIT ( * ) SI_UNIT ( $, .STERADIAN. ) SOLID_ANGLE_UNIT ( ) );
#486 = ORIENTED_EDGE ( 'NONE', *, *, #8032, .F. ) ;
#487 = ORIENTED_EDGE ( 'NONE', *, *, #717, .F. ) ;
#488 = CARTESIAN_POINT ( 'NONE',  ( 0.6000000000000000888, -0.1500000000000000500, -0.1499999999999999944 ) ) ;
#489 = SURFACE_STYLE_FILL_AREA ( #2616 ) ;
#490 = FACE_OUTER_BOUND ( 'NONE', #5411, .T. ) ;
#491 = EDGE_CURVE ( 'NONE', #1458, #1896, #8403, .T. ) ;
#492 = DIRECTION ( 'NONE',  ( 0.000000000000000000, 0.000000000000000000, 1.000000000000000000 ) ) ;
#493 = AXIS2_PLACEMENT_3D ( 'NONE', #1700, #4324, #898 ) ;
#494 = EDGE_LOOP ( 'NONE', ( #3340, #6439, #3349, #5344, #4484, #3782, #8697, #6854 ) ) ;
#495 = EDGE_CURVE ( 'NONE', #2285, #2696, #4351, .T. ) ;
#496 = LINE ( 'NONE', #7163, #2201 ) ;
#497 = ORIENTED_EDGE ( 'NONE', *, *, #6887, .T. ) ;
#498 = ORIENTED_EDGE ( 'NONE', *, *, #6634, .F. ) ;
#499 = VECTOR ( 'NONE', #5243, 1000.000000000000000 ) ;
#500 = CARTESIAN_POINT ( 'NONE',  ( 0.04999999999999999584, -19.83000000000000185, 0.2499999999999998335 ) ) ;
#501 = DIRECTION ( 'NONE',  ( -0.000000000000000000, 1.807003620809174139E-16, -1.000000000000000000 ) ) ;
#502 = DIRECTION ( 'NONE',  ( -1.000000000000000000, 0.000000000000000000, 0.000000000000000000 ) ) ;
#503 =( NAMED_UNIT ( * ) SI_UNIT ( $, .STERADIAN. ) SOLID_ANGLE_UNIT ( ) );
#504 = COLOUR_RGB ( '',0.6470588235294117974, 0.6196078431372549211, 0.5999999999999999778 ) ;
#505 = VERTEX_POINT ( 'NONE', #7093 ) ;
#506 = CARTESIAN_POINT ( 'NONE',  ( 2.168404344971008868E-16, -0.1500000000000008271, -0.2499999999999999445 ) ) ;
#507 = SURFACE_STYLE_FILL_AREA ( #1830 ) ;
#508 = DIRECTION ( 'NONE',  ( -1.000000000000000000, -0.000000000000000000, -0.000000000000000000 ) ) ;
#509 = DIRECTION ( 'NONE',  ( -0.000000000000000000, 1.000000000000000000, -0.000000000000000000 ) ) ;
#510 = AXIS2_PLACEMENT_3D ( 'NONE', #8832, #5425, #1273 ) ;
#511 =( NAMED_UNIT ( * ) SI_UNIT ( $, .STERADIAN. ) SOLID_ANGLE_UNIT ( ) );
#512 = FACE_OUTER_BOUND ( 'NONE', #4452, .T. ) ;
#513 = DIRECTION ( 'NONE',  ( 0.000000000000000000, -0.000000000000000000, 1.000000000000000000 ) ) ;
#514 = SURFACE_STYLE_FILL_AREA ( #3339 ) ;
#515 = EDGE_LOOP ( 'NONE', ( #6053, #7324, #1519, #193 ) ) ;
#516 = MECHANICAL_DESIGN_GEOMETRIC_PRESENTATION_REPRESENTATION (  '', ( #6960 ), #8547 ) ;
#517 = CARTESIAN_POINT ( 'NONE',  ( 2.168404344971008868E-16, 0.1500000000000008271, 0.2795000000000000817 ) ) ;
#518 = VECTOR ( 'NONE', #4230, 1000.000000000000000 ) ;
#519 = VERTEX_POINT ( 'NONE', #5704 ) ;
#520 = CARTESIAN_POINT ( 'NONE',  ( 1.000000000000000000, 0.1700000000000000122, -0.2499999999999998890 ) ) ;
#521 = CARTESIAN_POINT ( 'NONE',  ( 2.168404344971008868E-16, 0.000000000000000000, 0.000000000000000000 ) ) ;
#522 = PRESENTATION_LAYER_ASSIGNMENT (  '', '', ( #8252 ) ) ;
#523 = ORIENTED_EDGE ( 'NONE', *, *, #6566, .T. ) ;
#524 = LINE ( 'NONE', #7341, #8480 ) ;
#525 = COLOUR_RGB ( '',0.6470588235294117974, 0.6196078431372549211, 0.5999999999999999778 ) ;
#526 = VERTEX_POINT ( 'NONE', #3015 ) ;
#527 = LINE ( 'NONE', #488, #4448 ) ;
#528 = EDGE_CURVE ( 'NONE', #2242, #3824, #5750, .T. ) ;
#529 = EDGE_CURVE ( 'NONE', #6236, #5031, #5091, .T. ) ;
#530 = PLANE ( 'NONE',  #510 ) ;
#531 = FACE_OUTER_BOUND ( 'NONE', #8347, .T. ) ;
#532 = SURFACE_STYLE_USAGE ( .BOTH. , #1853 ) ;
#533 = PRESENTATION_LAYER_ASSIGNMENT (  '', '', ( #4552 ) ) ;
#534 = VERTEX_POINT ( 'NONE', #3062 ) ;
#535 = CARTESIAN_POINT ( 'NONE',  ( 0.04999999999999999584, -0.1700000000000000122, 0.2499999999999998335 ) ) ;
#536 = ORIENTED_EDGE ( 'NONE', *, *, #810, .F. ) ;
#537 = VERTEX_POINT ( 'NONE', #3725 ) ;
#538 = EDGE_CURVE ( 'NONE', #2362, #1495, #6473, .T. ) ;
#539 = PLANE ( 'NONE',  #3791 ) ;
#540 = COLOUR_RGB ( '',0.6470588235294117974, 0.6196078431372549211, 0.5999999999999999778 ) ;
#541 = EDGE_CURVE ( 'NONE', #4876, #2403, #5796, .T. ) ;
#542 = FACE_OUTER_BOUND ( 'NONE', #7039, .T. ) ;
#543 = PRESENTATION_STYLE_ASSIGNMENT (( #3944 ) ) ;
#544 = ORIENTED_EDGE ( 'NONE', *, *, #4874, .T. ) ;
#545 = AXIS2_PLACEMENT_3D ( 'NONE', #5549, #2283, #6289 ) ;
#546 = VERTEX_POINT ( 'NONE', #4497 ) ;
#547 = PLANE ( 'NONE',  #6606 ) ;
#548 =( NAMED_UNIT ( * ) PLANE_ANGLE_UNIT ( ) SI_UNIT ( $, .RADIAN. ) );
#549 = EDGE_CURVE ( 'NONE', #2614, #5653, #8527, .T. ) ;
#550 = DIRECTION ( 'NONE',  ( 1.000000000000000000, 0.000000000000000000, 0.000000000000000000 ) ) ;
#551 = MECHANICAL_DESIGN_GEOMETRIC_PRESENTATION_REPRESENTATION (  '', ( #4406 ), #3277 ) ;
#552 = SURFACE_STYLE_USAGE ( .BOTH. , #6033 ) ;
#553 = PLANE ( 'NONE',  #6046 ) ;
#554 = AXIS2_PLACEMENT_3D ( 'NONE', #6446, #2998, #7658 ) ;
#555 = PRESENTATION_STYLE_ASSIGNMENT (( #8765 ) ) ;
#556 = EDGE_LOOP ( 'NONE', ( #3047, #6668, #7527, #4916 ) ) ;
#557 = CARTESIAN_POINT ( 'NONE',  ( 0.6000000000000000888, 0.1500000000000008271, 0.2795000000000000817 ) ) ;
#558 = EDGE_LOOP ( 'NONE', ( #3504, #2864, #3364, #4481 ) ) ;
#559 = CARTESIAN_POINT ( 'NONE',  ( 0.9700000000000000844, -1.249999999999999112, -0.2499999999999998890 ) ) ;
#560 = MECHANICAL_DESIGN_GEOMETRIC_PRESENTATION_REPRESENTATION (  '', ( #3283 ), #2763 ) ;
#561 =( NAMED_UNIT ( * ) SI_UNIT ( $, .STERADIAN. ) SOLID_ANGLE_UNIT ( ) );
#562 = LINE ( 'NONE', #4694, #3359 ) ;
#563 =( NAMED_UNIT ( * ) SI_UNIT ( $, .STERADIAN. ) SOLID_ANGLE_UNIT ( ) );
#564 = LINE ( 'NONE', #6766, #1986 ) ;
#565 = CARTESIAN_POINT ( 'NONE',  ( 0.1699999999999996791, 0.1500000000000008271, 0.1499999999999999944 ) ) ;
#566 = EDGE_LOOP ( 'NONE', ( #3875, #892, #1092, #2656, #2212, #6541, #7425, #7462 ) ) ;
#567 = DIRECTION ( 'NONE',  ( 0.000000000000000000, 0.000000000000000000, -1.000000000000000000 ) ) ;
#568 = ORIENTED_EDGE ( 'NONE', *, *, #1924, .T. ) ;
#569 = CARTESIAN_POINT ( 'NONE',  ( 0.8000000000000000444, -0.1499999999999999389, 0.2799999999999999711 ) ) ;
#570 = DIRECTION ( 'NONE',  ( -0.000000000000000000, -0.000000000000000000, 1.000000000000000000 ) ) ;
#571 = FILL_AREA_STYLE ('',( #4012 ) ) ;
#572 = PRESENTATION_LAYER_ASSIGNMENT (  '', '', ( #152 ) ) ;
#573 = DIRECTION ( 'NONE',  ( 1.000000000000000000, 0.000000000000000000, -0.000000000000000000 ) ) ;
#574 = FACE_OUTER_BOUND ( 'NONE', #7539, .T. ) ;
#575 = ORIENTED_EDGE ( 'NONE', *, *, #8499, .T. ) ;
#576 = CARTESIAN_POINT ( 'NONE',  ( 0.8355583770434051871, -0.1500000000000008271, 0.2683997336080188867 ) ) ;
#577 = ORIENTED_EDGE ( 'NONE', *, *, #7042, .F. ) ;
#578 = VECTOR ( 'NONE', #1659, 999.9999999999998863 ) ;
#579 = ORIENTED_EDGE ( 'NONE', *, *, #7269, .T. ) ;
#580 = AXIS2_PLACEMENT_3D ( 'NONE', #6742, #685, #584 ) ;
#581 = SURFACE_STYLE_FILL_AREA ( #7941 ) ;
#582 = SURFACE_STYLE_FILL_AREA ( #5437 ) ;
#583 = AXIS2_PLACEMENT_3D ( 'NONE', #8356, #3638, #2234 ) ;
#584 = DIRECTION ( 'NONE',  ( -0.000000000000000000, 0.000000000000000000, 1.000000000000000000 ) ) ;
#585 = DIRECTION ( 'NONE',  ( 0.9999117680798007557, 0.000000000000000000, -0.01328367628056957572 ) ) ;
#586 = LINE ( 'NONE', #7359, #4165 ) ;
#587 = EDGE_CURVE ( 'NONE', #7686, #2766, #2277, .T. ) ;
#588 = EDGE_CURVE ( 'NONE', #4750, #2274, #1726, .T. ) ;
#589 = FILL_AREA_STYLE_COLOUR ( '', #6521 ) ;
#590 = EDGE_CURVE ( 'NONE', #3181, #846, #7224, .T. ) ;
#591 =( GEOMETRIC_REPRESENTATION_CONTEXT ( 3 ) GLOBAL_UNCERTAINTY_ASSIGNED_CONTEXT ( ( #7364 ) ) GLOBAL_UNIT_ASSIGNED_CONTEXT ( ( #6691, #3404, #6143 ) ) REPRESENTATION_CONTEXT ( 'NONE', 'WORKASPACE' ) );
#592 = EDGE_LOOP ( 'NONE', ( #6956, #116, #2202, #5693 ) ) ;
#593 =( GEOMETRIC_REPRESENTATION_CONTEXT ( 3 ) GLOBAL_UNCERTAINTY_ASSIGNED_CONTEXT ( ( #1719 ) ) GLOBAL_UNIT_ASSIGNED_CONTEXT ( ( #4188, #5557, #8285 ) ) REPRESENTATION_CONTEXT ( 'NONE', 'WORKASPACE' ) );
#594 = ORIENTED_EDGE ( 'NONE', *, *, #3674, .F. ) ;
#595 = VECTOR ( 'NONE', #5337, 1000.000000000000000 ) ;
#596 = SURFACE_STYLE_FILL_AREA ( #2256 ) ;
#597 = LINE ( 'NONE', #4546, #8250 ) ;
#598 =( NAMED_UNIT ( * ) PLANE_ANGLE_UNIT ( ) SI_UNIT ( $, .RADIAN. ) );
#599 = MECHANICAL_DESIGN_GEOMETRIC_PRESENTATION_REPRESENTATION (  '', ( #8034 ), #4892 ) ;
#600 =( LENGTH_UNIT ( ) NAMED_UNIT ( * ) SI_UNIT ( .MILLI., .METRE. ) );
#601 = STYLED_ITEM ( 'NONE', ( #5487 ), #7649 ) ;
#602 = CARTESIAN_POINT ( 'NONE',  ( 1.000000000000000000, -0.1499999999999999389, 0.1499999999999999944 ) ) ;
#603 = STYLED_ITEM ( 'NONE', ( #6139 ), #2549 ) ;
#604 = FACE_OUTER_BOUND ( 'NONE', #5249, .T. ) ;
#605 = EDGE_CURVE ( 'NONE', #4740, #3889, #5225, .T. ) ;
#606 = COLOUR_RGB ( '',0.6470588235294117974, 0.6196078431372549211, 0.5999999999999999778 ) ;
#607 =( LENGTH_UNIT ( ) NAMED_UNIT ( * ) SI_UNIT ( .MILLI., .METRE. ) );
#608 = FILL_AREA_STYLE_COLOUR ( '', #606 ) ;
#609 = ORIENTED_EDGE ( 'NONE', *, *, #5094, .F. ) ;
#610 = PRESENTATION_LAYER_ASSIGNMENT (  '', '', ( #1346 ) ) ;
#611 = EDGE_CURVE ( 'NONE', #2420, #7518, #5991, .T. ) ;
#612 = FACE_OUTER_BOUND ( 'NONE', #3184, .T. ) ;
#613 = CARTESIAN_POINT ( 'NONE',  ( 1.400000000000000133, 0.1499999999999999667, 0.06916666666666672347 ) ) ;
#614 = FILL_AREA_STYLE ('',( #8221 ) ) ;
#615 = VECTOR ( 'NONE', #1174, 1000.000000000000000 ) ;
#616 = CARTESIAN_POINT ( 'NONE',  ( 1.000000000000000000, -0.1499999999999999389, 0.1499999999999999944 ) ) ;
#617 =( GEOMETRIC_REPRESENTATION_CONTEXT ( 3 ) GLOBAL_UNCERTAINTY_ASSIGNED_CONTEXT ( ( #8275 ) ) GLOBAL_UNIT_ASSIGNED_CONTEXT ( ( #2492, #5832, #3842 ) ) REPRESENTATION_CONTEXT ( 'NONE', 'WORKASPACE' ) );
#618 = CARTESIAN_POINT ( 'NONE',  ( 1.228671515157174543, -1.249999999999999112, -0.2499999999999998890 ) ) ;
#619 = COLOUR_RGB ( '',0.6470588235294117974, 0.6196078431372549211, 0.5999999999999999778 ) ;
#620 = SURFACE_STYLE_USAGE ( .BOTH. , #6048 ) ;
#621 = PLANE ( 'NONE',  #2332 ) ;
#622 = CARTESIAN_POINT ( 'NONE',  ( 0.000000000000000000, 0.1700000000000000122, -0.2999999999999999334 ) ) ;
#623 = VECTOR ( 'NONE', #4144, 1000.000000000000000 ) ;
#624 = ORIENTED_EDGE ( 'NONE', *, *, #7881, .T. ) ;
#625 = ORIENTED_EDGE ( 'NONE', *, *, #8149, .T. ) ;
#626 = CARTESIAN_POINT ( 'NONE',  ( 0.7542541530958078999, 0.1700000000000000122, 0.2499999999999998335 ) ) ;
#627 =( NAMED_UNIT ( * ) PLANE_ANGLE_UNIT ( ) SI_UNIT ( $, .RADIAN. ) );
#628 = PRESENTATION_STYLE_ASSIGNMENT (( #3356 ) ) ;
#629 = CARTESIAN_POINT ( 'NONE',  ( 0.8299999999999999600, -0.1700000000000000122, -0.2999999999999999889 ) ) ;
#630 =( LENGTH_UNIT ( ) NAMED_UNIT ( * ) SI_UNIT ( .MILLI., .METRE. ) );
#631 =( NAMED_UNIT ( * ) PLANE_ANGLE_UNIT ( ) SI_UNIT ( $, .RADIAN. ) );
#632 = FACE_OUTER_BOUND ( 'NONE', #750, .T. ) ;
#633 = VERTEX_POINT ( 'NONE', #1334 ) ;
#634 = DIRECTION ( 'NONE',  ( -1.000000000000000000, -0.000000000000000000, -0.000000000000000000 ) ) ;
#635 = ORIENTED_EDGE ( 'NONE', *, *, #2853, .T. ) ;
#636 = VERTEX_POINT ( 'NONE', #6561 ) ;
#637 = SURFACE_STYLE_FILL_AREA ( #6228 ) ;
#638 = SURFACE_STYLE_USAGE ( .BOTH. , #5352 ) ;
#639 = DIRECTION ( 'NONE',  ( 1.000000000000000000, 0.000000000000000000, 0.000000000000000000 ) ) ;
#640 = UNCERTAINTY_MEASURE_WITH_UNIT (LENGTH_MEASURE( 1.000000000000000082E-05 ), #204, 'distance_accuracy_value', 'NONE');
#641 = PLANE ( 'NONE',  #6769 ) ;
#642 = EDGE_LOOP ( 'NONE', ( #6748, #4364, #4245, #1256 ) ) ;
#643 = VECTOR ( 'NONE', #3918, 1000.000000000000000 ) ;
#644 = ORIENTED_EDGE ( 'NONE', *, *, #341, .T. ) ;
#645 = CARTESIAN_POINT ( 'NONE',  ( 0.8000000000000000444, -0.1700000000000000122, -0.2999999999999999889 ) ) ;
#646 = AXIS2_PLACEMENT_3D ( 'NONE', #1247, #6661, #1869 ) ;
#647 = LINE ( 'NONE', #2638, #5815 ) ;
#648 = EDGE_CURVE ( 'NONE', #304, #469, #5943, .T. ) ;
#649 = EDGE_CURVE ( 'NONE', #1764, #2434, #597, .T. ) ;
#650 =( LENGTH_UNIT ( ) NAMED_UNIT ( * ) SI_UNIT ( .MILLI., .METRE. ) );
#651 = CARTESIAN_POINT ( 'NONE',  ( 0.6000000000000000888, 0.1699999999999999567, 0.2999999999999999334 ) ) ;
#652 = DIRECTION ( 'NONE',  ( -1.000000000000000000, 0.000000000000000000, 0.000000000000000000 ) ) ;
#653 = LINE ( 'NONE', #1255, #4848 ) ;
#654 = VERTEX_POINT ( 'NONE', #1911 ) ;
#655 = CARTESIAN_POINT ( 'NONE',  ( 1.400000000000000133, -0.1499999999999999389, 0.2799999999999999711 ) ) ;
#656 = SURFACE_STYLE_FILL_AREA ( #4732 ) ;
#657 =( NAMED_UNIT ( * ) PLANE_ANGLE_UNIT ( ) SI_UNIT ( $, .RADIAN. ) );
#658 = MECHANICAL_DESIGN_GEOMETRIC_PRESENTATION_REPRESENTATION (  '', ( #5388 ), #2546 ) ;
#659 = CARTESIAN_POINT ( 'NONE',  ( 1.229999999999999316, -0.1500000000000008271, 0.1499999999999999944 ) ) ;
#660 = EDGE_CURVE ( 'NONE', #2696, #4078, #4585, .T. ) ;
#661 = SURFACE_STYLE_USAGE ( .BOTH. , #6674 ) ;
#662 = ADVANCED_FACE ( 'NONE', ( #8803 ), #1868, .F. ) ;
#663 = CARTESIAN_POINT ( 'NONE',  ( 0.6457458469041920113, 0.1700000000000000122, 0.2499999999999998335 ) ) ;
#664 =( GEOMETRIC_REPRESENTATION_CONTEXT ( 3 ) GLOBAL_UNCERTAINTY_ASSIGNED_CONTEXT ( ( #5776 ) ) GLOBAL_UNIT_ASSIGNED_CONTEXT ( ( #2792, #8119, #1985 ) ) REPRESENTATION_CONTEXT ( 'NONE', 'WORKASPACE' ) );
#665 = PLANE ( 'NONE',  #3886 ) ;
#666 = UNCERTAINTY_MEASURE_WITH_UNIT (LENGTH_MEASURE( 1.000000000000000082E-05 ), #3671, 'distance_accuracy_value', 'NONE');
#667 =( GEOMETRIC_REPRESENTATION_CONTEXT ( 3 ) GLOBAL_UNCERTAINTY_ASSIGNED_CONTEXT ( ( #7711 ) ) GLOBAL_UNIT_ASSIGNED_CONTEXT ( ( #2017, #5464, #1975 ) ) REPRESENTATION_CONTEXT ( 'NONE', 'WORKASPACE' ) );
#668 = ORIENTED_EDGE ( 'NONE', *, *, #8175, .F. ) ;
#669 =( NAMED_UNIT ( * ) SI_UNIT ( $, .STERADIAN. ) SOLID_ANGLE_UNIT ( ) );
#670 = VERTEX_POINT ( 'NONE', #1953 ) ;
#671 = FACE_OUTER_BOUND ( 'NONE', #5336, .T. ) ;
#672 = LINE ( 'NONE', #5555, #386 ) ;
#673 = COLOUR_RGB ( '',0.6470588235294117974, 0.6196078431372549211, 0.5999999999999999778 ) ;
#674 = COLOUR_RGB ( '',0.6470588235294117974, 0.6196078431372549211, 0.5999999999999999778 ) ;
#675 = CARTESIAN_POINT ( 'NONE',  ( 1.000000000000000000, 0.1699999999999999567, 0.2499999999999998335 ) ) ;
#676 = CARTESIAN_POINT ( 'NONE',  ( 0.04999999999999999584, -19.83000000000000185, 0.2499999999999998335 ) ) ;
#677 =( LENGTH_UNIT ( ) NAMED_UNIT ( * ) SI_UNIT ( .MILLI., .METRE. ) );
#678 = ADVANCED_FACE ( 'NONE', ( #7313 ), #6607, .F. ) ;
#679 = ORIENTED_EDGE ( 'NONE', *, *, #7329, .T. ) ;
#680 = DIRECTION ( 'NONE',  ( -1.000000000000000000, 0.000000000000000000, -0.000000000000000000 ) ) ;
#681 = ORIENTED_EDGE ( 'NONE', *, *, #115, .T. ) ;
#682 = ORIENTED_EDGE ( 'NONE', *, *, #1176, .F. ) ;
#683 = DIRECTION ( 'NONE',  ( -0.000000000000000000, 0.000000000000000000, 1.000000000000000000 ) ) ;
#684 = PRESENTATION_LAYER_ASSIGNMENT (  '', '', ( #8543 ) ) ;
#685 = DIRECTION ( 'NONE',  ( -1.000000000000000000, 0.000000000000000000, -0.000000000000000000 ) ) ;
#686 = LINE ( 'NONE', #2034, #1421 ) ;
#687 = CARTESIAN_POINT ( 'NONE',  ( 0.04999999999999999584, 0.1499999999999999667, 0.06916666666666672347 ) ) ;
#688 = ORIENTED_EDGE ( 'NONE', *, *, #5418, .T. ) ;
#689 = UNCERTAINTY_MEASURE_WITH_UNIT (LENGTH_MEASURE( 1.000000000000000082E-05 ), #800, 'distance_accuracy_value', 'NONE');
#690 = ORIENTED_EDGE ( 'NONE', *, *, #836, .T. ) ;
#691 = STYLED_ITEM ( 'NONE', ( #5362 ), #5477 ) ;
#692 = DIRECTION ( 'NONE',  ( -0.000000000000000000, 1.000000000000000000, -0.000000000000000000 ) ) ;
#693 = LINE ( 'NONE', #27, #3259 ) ;
#694 = DIRECTION ( 'NONE',  ( -0.000000000000000000, 1.000000000000000000, -0.000000000000000000 ) ) ;
#695 = VECTOR ( 'NONE', #465, 1000.000000000000000 ) ;
#696 = ORIENTED_EDGE ( 'NONE', *, *, #3773, .F. ) ;
#697 = LINE ( 'NONE', #7463, #1834 ) ;
#698 = SURFACE_STYLE_USAGE ( .BOTH. , #4827 ) ;
#699 = LINE ( 'NONE', #3425, #2810 ) ;
#700 = COLOUR_RGB ( '',0.6470588235294117974, 0.6196078431372549211, 0.5999999999999999778 ) ;
#701 = DIRECTION ( 'NONE',  ( -1.000000000000000000, -0.000000000000000000, -0.000000000000000000 ) ) ;
#702 = DIRECTION ( 'NONE',  ( -1.000000000000000000, -0.000000000000000000, -0.000000000000000000 ) ) ;
#703 = FILL_AREA_STYLE ('',( #3966 ) ) ;
#704 = PLANE ( 'NONE',  #126 ) ;
#705 = EDGE_CURVE ( 'NONE', #4524, #6453, #2091, .T. ) ;
#706 = ADVANCED_FACE ( 'NONE', ( #6275 ), #147, .F. ) ;
#707 = EDGE_CURVE ( 'NONE', #2722, #5674, #2876, .T. ) ;
#708 = ORIENTED_EDGE ( 'NONE', *, *, #3649, .F. ) ;
#709 = DIRECTION ( 'NONE',  ( 0.000000000000000000, -1.000000000000000000, 1.594414959537507173E-16 ) ) ;
#710 = ORIENTED_EDGE ( 'NONE', *, *, #6286, .T. ) ;
#711 = PLANE ( 'NONE',  #6771 ) ;
#712 = CARTESIAN_POINT ( 'NONE',  ( 0.04999999999999999584, -19.83000000000000185, 0.2499999999999998335 ) ) ;
#713 = FILL_AREA_STYLE ('',( #7648 ) ) ;
#714 = PRESENTATION_STYLE_ASSIGNMENT (( #6942 ) ) ;
#715 = SHAPE_DEFINITION_REPRESENTATION ( #7490, #872 ) ;
#716 = ORIENTED_EDGE ( 'NONE', *, *, #4587, .F. ) ;
#717 = EDGE_CURVE ( 'NONE', #3924, #1896, #2041, .T. ) ;
#718 = ORIENTED_EDGE ( 'NONE', *, *, #587, .F. ) ;
#719 = AXIS2_PLACEMENT_3D ( 'NONE', #5836, #4489, #1237 ) ;
#720 = DIRECTION ( 'NONE',  ( 0.000000000000000000, 0.000000000000000000, -1.000000000000000000 ) ) ;
#721 = DIRECTION ( 'NONE',  ( -1.000000000000000000, 0.000000000000000000, 0.000000000000000000 ) ) ;
#722 = FACE_OUTER_BOUND ( 'NONE', #1506, .T. ) ;
#723 = UNCERTAINTY_MEASURE_WITH_UNIT (LENGTH_MEASURE( 1.000000000000000082E-05 ), #6256, 'distance_accuracy_value', 'NONE');
#724 = CARTESIAN_POINT ( 'NONE',  ( 0.7542541530958078999, 0.1700000000000000122, -0.2499999999999998890 ) ) ;
#725 = LINE ( 'NONE', #2540, #6323 ) ;
#726 = EDGE_LOOP ( 'NONE', ( #7211, #2223, #2716, #7091, #7782, #7478, #3444, #3233, #486, #6420, #853, #7343, #7263, #7668, #8306, #1211, #7547, #7696, #5666, #3434, #3219, #5804, #3130, #322, #3185, #4963, #8679, #2705, #8639, #2756, #5857, #6107, #2264, #4631, #980, #8588, #3702, #7723, #716, #1182, #4581, #4566, #97, #3937, #7210, #6412, #1697, #256, #949, #2580, #7990, #8433 ) ) ;
#727 = MECHANICAL_DESIGN_GEOMETRIC_PRESENTATION_REPRESENTATION (  '', ( #6163 ), #1887 ) ;
#728 = VERTEX_POINT ( 'NONE', #4815 ) ;
#729 = PLANE ( 'NONE',  #4670 ) ;
#730 = COLOUR_RGB ( '',0.6470588235294117974, 0.6196078431372549211, 0.5999999999999999778 ) ;
#732 = SURFACE_STYLE_FILL_AREA ( #8171 ) ;
#731 = VECTOR ( 'NONE', #320, 1000.000000000000000 ) ;
#733 = PRESENTATION_STYLE_ASSIGNMENT (( #6923 ) ) ;
#734 = MECHANICAL_DESIGN_GEOMETRIC_PRESENTATION_REPRESENTATION (  '', ( #8316 ), #1326 ) ;
#735 = VERTEX_POINT ( 'NONE', #4899 ) ;
#736 = DIRECTION ( 'NONE',  ( -0.000000000000000000, -1.000000000000000000, -0.000000000000000000 ) ) ;
#737 =( NAMED_UNIT ( * ) PLANE_ANGLE_UNIT ( ) SI_UNIT ( $, .RADIAN. ) );
#738 = AXIS2_PLACEMENT_3D ( 'NONE', #8283, #5014, #6300 ) ;
#739 = STYLED_ITEM ( 'NONE', ( #1818 ), #4151 ) ;
#740 = VERTEX_POINT ( 'NONE', #7626 ) ;
#741 = AXIS2_PLACEMENT_3D ( 'NONE', #7957, #5848, #8571 ) ;
#742 = FACE_OUTER_BOUND ( 'NONE', #8010, .T. ) ;
#743 = VECTOR ( 'NONE', #440, 1000.000000000000000 ) ;
#744 = LINE ( 'NONE', #6287, #5359 ) ;
#745 = SURFACE_SIDE_STYLE ('',( #2815 ) ) ;
#746 = DIRECTION ( 'NONE',  ( -0.000000000000000000, -0.000000000000000000, 1.000000000000000000 ) ) ;
#747 =( GEOMETRIC_REPRESENTATION_CONTEXT ( 3 ) GLOBAL_UNCERTAINTY_ASSIGNED_CONTEXT ( ( #8440 ) ) GLOBAL_UNIT_ASSIGNED_CONTEXT ( ( #5376, #4605, #563 ) ) REPRESENTATION_CONTEXT ( 'NONE', 'WORKASPACE' ) );
#748 = FILL_AREA_STYLE_COLOUR ( '', #7178 ) ;
#749 = PRESENTATION_LAYER_ASSIGNMENT (  '', '', ( #6319 ) ) ;
#750 = EDGE_LOOP ( 'NONE', ( #8320, #8604, #3772, #6303 ) ) ;
#751 = SURFACE_SIDE_STYLE ('',( #7643 ) ) ;
#752 = VECTOR ( 'NONE', #4402, 1000.000000000000000 ) ;
#753 = ORIENTED_EDGE ( 'NONE', *, *, #368, .F. ) ;
#754 = CARTESIAN_POINT ( 'NONE',  ( 1.230000000000000204, -0.1500000000000000500, -0.1499999999999999944 ) ) ;
#755 = SURFACE_SIDE_STYLE ('',( #5424 ) ) ;
#756 = AXIS2_PLACEMENT_3D ( 'NONE', #5076, #4377, #2999 ) ;
#757 = DIRECTION ( 'NONE',  ( 0.000000000000000000, 1.807003620809174139E-16, 1.000000000000000000 ) ) ;
#758 = EDGE_CURVE ( 'NONE', #2174, #6044, #829, .T. ) ;
#759 = EDGE_CURVE ( 'NONE', #2829, #824, #1422, .T. ) ;
#760 = VECTOR ( 'NONE', #7260, 1000.000000000000000 ) ;
#761 = FACE_OUTER_BOUND ( 'NONE', #6737, .T. ) ;
#762 = CARTESIAN_POINT ( 'NONE',  ( 0.4000000000000000222, -0.1500000000000000500, -0.2499999999999998890 ) ) ;
#763 = PLANE ( 'NONE',  #6183 ) ;
#764 = AXIS2_PLACEMENT_3D ( 'NONE', #2785, #8734, #8787 ) ;
#765 = APPLICATION_PROTOCOL_DEFINITION ( 'draft international standard', 'automotive_design', 1998, #5988 ) ;
#766 = ORIENTED_EDGE ( 'NONE', *, *, #588, .F. ) ;
#767 = ORIENTED_EDGE ( 'NONE', *, *, #5261, .F. ) ;
#768 = SURFACE_STYLE_FILL_AREA ( #8085 ) ;
#769 = LINE ( 'NONE', #2830, #6421 ) ;
#770 = STYLED_ITEM ( 'NONE', ( #1081 ), #8117 ) ;
#771 = EDGE_CURVE ( 'NONE', #5627, #2312, #2717, .T. ) ;
#772 = LINE ( 'NONE', #2595, #6782 ) ;
#773 = LINE ( 'NONE', #8161, #3017 ) ;
#774 = EDGE_CURVE ( 'NONE', #8268, #2604, #6958, .T. ) ;
#775 =( NAMED_UNIT ( * ) SI_UNIT ( $, .STERADIAN. ) SOLID_ANGLE_UNIT ( ) );
#776 = STYLED_ITEM ( 'NONE', ( #8035 ), #3492 ) ;
#777 = DIRECTION ( 'NONE',  ( -1.000000000000000000, 0.000000000000000000, -0.000000000000000000 ) ) ;
#778 = LINE ( 'NONE', #5654, #8338 ) ;
#779 = ORIENTED_EDGE ( 'NONE', *, *, #7928, .T. ) ;
#780 = VERTEX_POINT ( 'NONE', #3418 ) ;
#781 = DIRECTION ( 'NONE',  ( -1.000000000000000000, -0.000000000000000000, -0.000000000000000000 ) ) ;
#782 = COLOUR_RGB ( '',0.1019607843137254888, 0.1019607843137254888, 0.1019607843137254888 ) ;
#783 = SURFACE_STYLE_USAGE ( .BOTH. , #8302 ) ;
#784 =( NAMED_UNIT ( * ) PLANE_ANGLE_UNIT ( ) SI_UNIT ( $, .RADIAN. ) );
#785 = CARTESIAN_POINT ( 'NONE',  ( 1.000000000000000000, 0.1500000000000000222, -0.06916666666666672347 ) ) ;
#786 =( GEOMETRIC_REPRESENTATION_CONTEXT ( 3 ) GLOBAL_UNCERTAINTY_ASSIGNED_CONTEXT ( ( #4350 ) ) GLOBAL_UNIT_ASSIGNED_CONTEXT ( ( #1084, #1749, #5867 ) ) REPRESENTATION_CONTEXT ( 'NONE', 'WORKASPACE' ) );
#787 = ORIENTED_EDGE ( 'NONE', *, *, #2422, .T. ) ;
#788 = EDGE_CURVE ( 'NONE', #4078, #8231, #4079, .T. ) ;
#789 = DIRECTION ( 'NONE',  ( -1.000000000000000000, 0.000000000000000000, 0.000000000000000000 ) ) ;
#790 = DIRECTION ( 'NONE',  ( 0.000000000000000000, -1.000000000000000000, 0.000000000000000000 ) ) ;
#791 = CARTESIAN_POINT ( 'NONE',  ( 0.9999999999999991118, 0.1500000000000008271, 0.2795000000000000817 ) ) ;
#792 =( NAMED_UNIT ( * ) PLANE_ANGLE_UNIT ( ) SI_UNIT ( $, .RADIAN. ) );
#793 = PRESENTATION_STYLE_ASSIGNMENT (( #4127 ) ) ;
#794 = CARTESIAN_POINT ( 'NONE',  ( 2.168404344971008868E-16, 0.1700000000000000122, 0.1499999999999999667 ) ) ;
#795 = STYLED_ITEM ( 'NONE', ( #7182 ), #214 ) ;
#796 = ORIENTED_EDGE ( 'NONE', *, *, #3398, .F. ) ;
#797 = DIRECTION ( 'NONE',  ( 0.000000000000000000, -1.000000000000000000, 0.000000000000000000 ) ) ;
#798 = VECTOR ( 'NONE', #2644, 1000.000000000000000 ) ;
#799 = ORIENTED_EDGE ( 'NONE', *, *, #8758, .F. ) ;
#800 =( LENGTH_UNIT ( ) NAMED_UNIT ( * ) SI_UNIT ( .MILLI., .METRE. ) );
#801 = DIRECTION ( 'NONE',  ( 1.000000000000000000, 0.000000000000000000, 0.000000000000000000 ) ) ;
#802 = PRESENTATION_STYLE_ASSIGNMENT (( #3437 ) ) ;
#803 = MECHANICAL_DESIGN_GEOMETRIC_PRESENTATION_REPRESENTATION (  '', ( #371 ), #5806 ) ;
#804 = PRESENTATION_STYLE_ASSIGNMENT (( #6939 ) ) ;
#805 = VECTOR ( 'NONE', #3016, 1000.000000000000000 ) ;
#806 = CARTESIAN_POINT ( 'NONE',  ( 0.6000000000000000888, 0.1700000000000000122, -0.06916666666666672347 ) ) ;
#807 = VECTOR ( 'NONE', #3041, 1000.000000000000000 ) ;
#808 = SURFACE_SIDE_STYLE ('',( #3572 ) ) ;
#809 = ORIENTED_EDGE ( 'NONE', *, *, #8000, .T. ) ;
#810 = EDGE_CURVE ( 'NONE', #824, #8497, #3546, .T. ) ;
#811 = ADVANCED_FACE ( 'NONE', ( #4035 ), #7542, .F. ) ;
#812 = VECTOR ( 'NONE', #7275, 1000.000000000000000 ) ;
#813 = ORIENTED_EDGE ( 'NONE', *, *, #7156, .T. ) ;
#814 =( GEOMETRIC_REPRESENTATION_CONTEXT ( 3 ) GLOBAL_UNCERTAINTY_ASSIGNED_CONTEXT ( ( #3879 ) ) GLOBAL_UNIT_ASSIGNED_CONTEXT ( ( #6248, #737, #8267 ) ) REPRESENTATION_CONTEXT ( 'NONE', 'WORKASPACE' ) );
#815 = DIRECTION ( 'NONE',  ( 0.000000000000000000, 0.000000000000000000, 1.000000000000000000 ) ) ;
#816 = CARTESIAN_POINT ( 'NONE',  ( 1.000000000000000000, 0.1499999999999999667, 0.06916666666666672347 ) ) ;
#817 =( GEOMETRIC_REPRESENTATION_CONTEXT ( 3 ) GLOBAL_UNCERTAINTY_ASSIGNED_CONTEXT ( ( #2967 ) ) GLOBAL_UNIT_ASSIGNED_CONTEXT ( ( #131, #4968, #4269 ) ) REPRESENTATION_CONTEXT ( 'NONE', 'WORKASPACE' ) );
#818 = AXIS2_PLACEMENT_3D ( 'NONE', #2016, #1974, #7519 ) ;
#819 = FILL_AREA_STYLE ('',( #4981 ) ) ;
#820 = LINE ( 'NONE', #4334, #449 ) ;
#821 = DIRECTION ( 'NONE',  ( 1.000000000000000000, 0.000000000000000000, 0.000000000000000000 ) ) ;
#822 = VECTOR ( 'NONE', #6201, 1000.000000000000000 ) ;
#823 = CARTESIAN_POINT ( 'NONE',  ( 0.6000000000000000888, -1.249999999999999112, -0.2499999999999998890 ) ) ;
#824 = VERTEX_POINT ( 'NONE', #645 ) ;
#825 = EDGE_CURVE ( 'NONE', #2309, #6488, #1460, .T. ) ;
#826 = EDGE_CURVE ( 'NONE', #5528, #3981, #6240, .T. ) ;
#827 = ORIENTED_EDGE ( 'NONE', *, *, #2197, .T. ) ;
#828 = COLOUR_RGB ( '',0.6470588235294117974, 0.6196078431372549211, 0.5999999999999999778 ) ;
#829 = LINE ( 'NONE', #8255, #2684 ) ;
#830 = EDGE_CURVE ( 'NONE', #469, #62, #2838, .T. ) ;
#831 = FILL_AREA_STYLE ('',( #3381 ) ) ;
#832 = DIRECTION ( 'NONE',  ( 1.000000000000000000, 0.000000000000000000, 0.000000000000000000 ) ) ;
#833 =( LENGTH_UNIT ( ) NAMED_UNIT ( * ) SI_UNIT ( .MILLI., .METRE. ) );
#834 = ORIENTED_EDGE ( 'NONE', *, *, #6194, .T. ) ;
#835 = MECHANICAL_DESIGN_GEOMETRIC_PRESENTATION_REPRESENTATION (  '', ( #691 ), #976 ) ;
#836 = EDGE_CURVE ( 'NONE', #6983, #5677, #4206, .T. ) ;
#837 = LINE ( 'NONE', #6380, #4661 ) ;
#838 = DIRECTION ( 'NONE',  ( -0.000000000000000000, -0.000000000000000000, -1.000000000000000000 ) ) ;
#839 = VECTOR ( 'NONE', #4004, 1000.000000000000000 ) ;
#840 = DIRECTION ( 'NONE',  ( -0.000000000000000000, -0.000000000000000000, 1.000000000000000000 ) ) ;
#841 = SURFACE_STYLE_USAGE ( .BOTH. , #2894 ) ;
#842 = CARTESIAN_POINT ( 'NONE',  ( 0.04999999999999999584, -0.1499999999999999389, 0.2499999999999998335 ) ) ;
#843 = VERTEX_POINT ( 'NONE', #6119 ) ;
#844 = ORIENTED_EDGE ( 'NONE', *, *, #3929, .T. ) ;
#845 = VECTOR ( 'NONE', #3396, 1000.000000000000000 ) ;
#846 = VERTEX_POINT ( 'NONE', #5572 ) ;
#847 = CARTESIAN_POINT ( 'NONE',  ( 2.168404344971008868E-16, -0.1500000000000008271, 0.1499999999999999944 ) ) ;
#848 = SURFACE_SIDE_STYLE ('',( #2031 ) ) ;
#849 = PRESENTATION_STYLE_ASSIGNMENT (( #2825 ) ) ;
#850 = FACE_OUTER_BOUND ( 'NONE', #3415, .T. ) ;
#851 = COLOUR_RGB ( '',0.6470588235294117974, 0.6196078431372549211, 0.5999999999999999778 ) ;
#852 = CARTESIAN_POINT ( 'NONE',  ( 0.4000000000000000222, 0.000000000000000000, 0.000000000000000000 ) ) ;
#853 = ORIENTED_EDGE ( 'NONE', *, *, #1871, .T. ) ;
#854 = ORIENTED_EDGE ( 'NONE', *, *, #2370, .T. ) ;
#855 = PLANE ( 'NONE',  #7176 ) ;
#856 = DIRECTION ( 'NONE',  ( -0.000000000000000000, -0.000000000000000000, -1.000000000000000000 ) ) ;
#857 =( NAMED_UNIT ( * ) SI_UNIT ( $, .STERADIAN. ) SOLID_ANGLE_UNIT ( ) );
#858 = DIRECTION ( 'NONE',  ( 0.000000000000000000, -1.000000000000000000, 0.000000000000000000 ) ) ;
#859 = LINE ( 'NONE', #7620, #4739 ) ;
#860 = DIRECTION ( 'NONE',  ( -0.01328367628057065992, -0.000000000000000000, -0.9999117680798007557 ) ) ;
#861 = PRESENTATION_STYLE_ASSIGNMENT (( #4983 ) ) ;
#862 = ORIENTED_EDGE ( 'NONE', *, *, #8590, .T. ) ;
#863 =( NAMED_UNIT ( * ) SI_UNIT ( $, .STERADIAN. ) SOLID_ANGLE_UNIT ( ) );
#864 = VERTEX_POINT ( 'NONE', #8301 ) ;
#865 = ORIENTED_EDGE ( 'NONE', *, *, #648, .F. ) ;
#866 = SURFACE_SIDE_STYLE ('',( #1628 ) ) ;
#867 = ADVANCED_FACE ( 'NONE', ( #3376 ), #729, .F. ) ;
#868 = ADVANCED_FACE ( 'NONE', ( #7755 ), #5166, .F. ) ;
#869 = ADVANCED_FACE ( 'NONE', ( #4990 ), #2404, .F. ) ;
#870 =( LENGTH_UNIT ( ) NAMED_UNIT ( * ) SI_UNIT ( .MILLI., .METRE. ) );
#871 =( NAMED_UNIT ( * ) SI_UNIT ( $, .STERADIAN. ) SOLID_ANGLE_UNIT ( ) );
#872 = ADVANCED_BREP_SHAPE_REPRESENTATION ( 'YC104-JR-07150RL', ( #8517, #8824, #3201, #2921, #8742, #6162, #2634, #8562, #5905, #2889, #6070 ), #1060 ) ;
#873 =( LENGTH_UNIT ( ) NAMED_UNIT ( * ) SI_UNIT ( .MILLI., .METRE. ) );
#874 =( GEOMETRIC_REPRESENTATION_CONTEXT ( 3 ) GLOBAL_UNCERTAINTY_ASSIGNED_CONTEXT ( ( #7921 ) ) GLOBAL_UNIT_ASSIGNED_CONTEXT ( ( #7553, #1558, #3516 ) ) REPRESENTATION_CONTEXT ( 'NONE', 'WORKASPACE' ) );
#875 = FACE_OUTER_BOUND ( 'NONE', #3913, .T. ) ;
#876 = ORIENTED_EDGE ( 'NONE', *, *, #2197, .F. ) ;
#877 = VECTOR ( 'NONE', #4047, 1000.000000000000000 ) ;
#878 = LINE ( 'NONE', #118, #7095 ) ;
#879 = DIRECTION ( 'NONE',  ( 0.000000000000000000, 0.000000000000000000, 1.000000000000000000 ) ) ;
#880 = AXIS2_PLACEMENT_3D ( 'NONE', #4425, #7350, #2396 ) ;
#881 = DIRECTION ( 'NONE',  ( 1.000000000000000000, 0.000000000000000000, 0.000000000000000000 ) ) ;
#882 = ADVANCED_FACE ( 'NONE', ( #6597 ), #539, .F. ) ;
#883 = CARTESIAN_POINT ( 'NONE',  ( 1.228671515157173655, -0.1500000000000008271, 0.2499999999999998890 ) ) ;
#884 = FACE_OUTER_BOUND ( 'NONE', #3482, .T. ) ;
#885 = EDGE_CURVE ( 'NONE', #7981, #8736, #4671, .T. ) ;
#886 = CARTESIAN_POINT ( 'NONE',  ( 0.8286715151571735216, -1.249999999999999112, 0.2499999999999998890 ) ) ;
#887 = ORIENTED_EDGE ( 'NONE', *, *, #4976, .F. ) ;
#888 = EDGE_CURVE ( 'NONE', #6717, #2013, #8702, .T. ) ;
#889 = VERTEX_POINT ( 'NONE', #3895 ) ;
#890 = EDGE_CURVE ( 'NONE', #5674, #2778, #1858, .T. ) ;
#891 = DIRECTION ( 'NONE',  ( -0.000000000000000000, 0.000000000000000000, -1.000000000000000000 ) ) ;
#892 = ORIENTED_EDGE ( 'NONE', *, *, #213, .F. ) ;
#893 = COLOUR_RGB ( '',0.6470588235294117974, 0.6196078431372549211, 0.5999999999999999778 ) ;
#894 = PRESENTATION_STYLE_ASSIGNMENT (( #7017 ) ) ;
#895 = FILL_AREA_STYLE_COLOUR ( '', #3520 ) ;
#896 =( NAMED_UNIT ( * ) PLANE_ANGLE_UNIT ( ) SI_UNIT ( $, .RADIAN. ) );
#897 = VECTOR ( 'NONE', #2334, 1000.000000000000000 ) ;
#899 = MECHANICAL_DESIGN_GEOMETRIC_PRESENTATION_REPRESENTATION (  '', ( #1338 ), #7472 ) ;
#898 = DIRECTION ( 'NONE',  ( -1.000000000000000000, 0.000000000000000000, 0.000000000000000000 ) ) ;
#900 = FILL_AREA_STYLE ('',( #7235 ) ) ;
#901 = AXIS2_PLACEMENT_3D ( 'NONE', #2880, #4904, #5575 ) ;
#902 = SURFACE_SIDE_STYLE ('',( #1407 ) ) ;
#903 = COLOUR_RGB ( '',0.6470588235294117974, 0.6196078431372549211, 0.5999999999999999778 ) ;
#904 = ORIENTED_EDGE ( 'NONE', *, *, #758, .F. ) ;
#905 = EDGE_LOOP ( 'NONE', ( #7846, #1152, #7656, #3314 ) ) ;
#906 = CARTESIAN_POINT ( 'NONE',  ( 0.5699999999999999512, -19.83000000000000185, 0.2499999999999998335 ) ) ;
#907 = FILL_AREA_STYLE ('',( #4373 ) ) ;
#908 = VECTOR ( 'NONE', #6015, 999.9999999999998863 ) ;
#909 = DIRECTION ( 'NONE',  ( -1.000000000000000000, -0.000000000000000000, -0.000000000000000000 ) ) ;
#910 = DIRECTION ( 'NONE',  ( 0.000000000000000000, -1.000000000000000000, 0.000000000000000000 ) ) ;
#911 =( GEOMETRIC_REPRESENTATION_CONTEXT ( 3 ) GLOBAL_UNCERTAINTY_ASSIGNED_CONTEXT ( ( #8351 ) ) GLOBAL_UNIT_ASSIGNED_CONTEXT ( ( #5159, #4477, #3799 ) ) REPRESENTATION_CONTEXT ( 'NONE', 'WORKASPACE' ) );
#912 = LINE ( 'NONE', #7665, #2318 ) ;
#913 = DIRECTION ( 'NONE',  ( 0.000000000000000000, 0.000000000000000000, 1.000000000000000000 ) ) ;
#914 = DIRECTION ( 'NONE',  ( 0.000000000000000000, -1.594414959537506680E-16, 1.000000000000000000 ) ) ;
#915 = ORIENTED_EDGE ( 'NONE', *, *, #590, .T. ) ;
#916 = DIRECTION ( 'NONE',  ( 0.000000000000000000, -1.594414959537506680E-16, 1.000000000000000000 ) ) ;
#917 = ORIENTED_EDGE ( 'NONE', *, *, #6578, .T. ) ;
#918 = VERTEX_POINT ( 'NONE', #6652 ) ;
#919 = UNCERTAINTY_MEASURE_WITH_UNIT (LENGTH_MEASURE( 1.000000000000000082E-05 ), #6223, 'distance_accuracy_value', 'NONE');
#920 = SURFACE_SIDE_STYLE ('',( #2968 ) ) ;
#921 = DIRECTION ( 'NONE',  ( 1.000000000000000000, 0.000000000000000000, -0.000000000000000000 ) ) ;
#922 = LINE ( 'NONE', #6922, #3178 ) ;
#923 = UNCERTAINTY_MEASURE_WITH_UNIT (LENGTH_MEASURE( 1.000000000000000082E-05 ), #4960, 'distance_accuracy_value', 'NONE');
#924 = ORIENTED_EDGE ( 'NONE', *, *, #7707, .F. ) ;
#925 = SURFACE_STYLE_USAGE ( .BOTH. , #7855 ) ;
#926 = EDGE_CURVE ( 'NONE', #8231, #2451, #5351, .T. ) ;
#927 = ADVANCED_FACE ( 'NONE', ( #5935 ), #3984, .F. ) ;
#928 = CARTESIAN_POINT ( 'NONE',  ( 0.7999999999999991562, 0.1500000000000008271, 0.2795000000000000262 ) ) ;
#929 = SURFACE_SIDE_STYLE ('',( #8312 ) ) ;
#930 = CARTESIAN_POINT ( 'NONE',  ( 0.9699999999999991962, -1.249999999999999112, 0.2499999999999998890 ) ) ;
#931 = LINE ( 'NONE', #383, #2917 ) ;
#932 = FILL_AREA_STYLE ('',( #4310 ) ) ;
#933 =( NAMED_UNIT ( * ) SI_UNIT ( $, .STERADIAN. ) SOLID_ANGLE_UNIT ( ) );
#934 = DIRECTION ( 'NONE',  ( -1.000000000000000000, 0.000000000000000000, 0.000000000000000000 ) ) ;
#935 = VERTEX_POINT ( 'NONE', #6071 ) ;
#936 = ORIENTED_EDGE ( 'NONE', *, *, #7268, .F. ) ;
#937 = DIRECTION ( 'NONE',  ( -0.000000000000000000, 0.000000000000000000, 1.000000000000000000 ) ) ;
#938 = EDGE_CURVE ( 'NONE', #4699, #8736, #8795, .T. ) ;
#939 =( NAMED_UNIT ( * ) SI_UNIT ( $, .STERADIAN. ) SOLID_ANGLE_UNIT ( ) );
#940 = ORIENTED_EDGE ( 'NONE', *, *, #2428, .T. ) ;
#941 = VECTOR ( 'NONE', #8503, 1000.000000000000000 ) ;
#942 = LINE ( 'NONE', #6045, #7589 ) ;
#943 = EDGE_CURVE ( 'NONE', #4699, #2856, #7530, .T. ) ;
#944 = PRESENTATION_LAYER_ASSIGNMENT (  '', '', ( #7218 ) ) ;
#945 = CARTESIAN_POINT ( 'NONE',  ( 0.4300000000000000488, -0.1700000000000000122, -0.2999999999999999889 ) ) ;
#946 = STYLED_ITEM ( 'NONE', ( #125 ), #1654 ) ;
#947 = LINE ( 'NONE', #4517, #7170 ) ;
#948 =( NAMED_UNIT ( * ) SI_UNIT ( $, .STERADIAN. ) SOLID_ANGLE_UNIT ( ) );
#949 = ORIENTED_EDGE ( 'NONE', *, *, #2485, .F. ) ;
#950 =( LENGTH_UNIT ( ) NAMED_UNIT ( * ) SI_UNIT ( .MILLI., .METRE. ) );
#951 = EDGE_LOOP ( 'NONE', ( #5267, #3586, #4532, #4780, #3651, #6622, #3442, #8701 ) ) ;
#952 = PLANE ( 'NONE',  #554 ) ;
#953 = STYLED_ITEM ( 'NONE', ( #8566 ), #6459 ) ;
#954 = LINE ( 'NONE', #4333, #6911 ) ;
#955 = SURFACE_STYLE_FILL_AREA ( #3000 ) ;
#956 = CARTESIAN_POINT ( 'NONE',  ( 0.5699999999999999512, -0.1500000000000008271, -0.2499999999999998890 ) ) ;
#957 = DIRECTION ( 'NONE',  ( 1.000000000000000000, 0.000000000000000000, -0.000000000000000000 ) ) ;
#958 = CARTESIAN_POINT ( 'NONE',  ( 0.5699999999999995071, -1.249999999999999112, 0.2499999999999998890 ) ) ;
#959 = ORIENTED_EDGE ( 'NONE', *, *, #2015, .T. ) ;
#960 = SURFACE_SIDE_STYLE ('',( #5030 ) ) ;
#961 = ORIENTED_EDGE ( 'NONE', *, *, #826, .T. ) ;
#962 = VECTOR ( 'NONE', #2344, 1000.000000000000000 ) ;
#963 = ORIENTED_EDGE ( 'NONE', *, *, #3156, .F. ) ;
#964 = FILL_AREA_STYLE ('',( #4251 ) ) ;
#965 = AXIS2_PLACEMENT_3D ( 'NONE', #5444, #2803, #5613 ) ;
#966 = FILL_AREA_STYLE_COLOUR ( '', #782 ) ;
#967 = DIRECTION ( 'NONE',  ( -0.000000000000000000, 1.000000000000000000, -0.000000000000000000 ) ) ;
#968 = EDGE_LOOP ( 'NONE', ( #1889, #3867, #3397, #5234, #3038, #3417, #1004, #5488 ) ) ;
#969 = PRESENTATION_STYLE_ASSIGNMENT (( #7092 ) ) ;
#970 = UNCERTAINTY_MEASURE_WITH_UNIT (LENGTH_MEASURE( 1.000000000000000082E-05 ), #5324, 'distance_accuracy_value', 'NONE');
#971 = LINE ( 'NONE', #2975, #1099 ) ;
#972 = CARTESIAN_POINT ( 'NONE',  ( 0.6000000000000000888, -0.1699999999999999012, 0.2999999999999999889 ) ) ;
#973 = CARTESIAN_POINT ( 'NONE',  ( 1.400000000000000133, -0.1499999999999999389, 0.2499999999999998335 ) ) ;
#974 = DIRECTION ( 'NONE',  ( -0.000000000000000000, 0.000000000000000000, 1.000000000000000000 ) ) ;
#975 = EDGE_CURVE ( 'NONE', #7355, #7062, #6869, .T. ) ;
#976 =( GEOMETRIC_REPRESENTATION_CONTEXT ( 3 ) GLOBAL_UNCERTAINTY_ASSIGNED_CONTEXT ( ( #7898 ) ) GLOBAL_UNIT_ASSIGNED_CONTEXT ( ( #5948, #7412, #511 ) ) REPRESENTATION_CONTEXT ( 'NONE', 'WORKASPACE' ) );
#977 = CARTESIAN_POINT ( 'NONE',  ( 1.400000000000000133, -0.1500000000000000500, -0.1499999999999999944 ) ) ;
#978 = CARTESIAN_POINT ( 'NONE',  ( 1.230000000000000204, -19.83000000000000185, -0.2499999999999998890 ) ) ;
#979 = ORIENTED_EDGE ( 'NONE', *, *, #8376, .F. ) ;
#980 = ORIENTED_EDGE ( 'NONE', *, *, #2855, .F. ) ;
#981 = PLANE ( 'NONE',  #7520 ) ;
#982 = ORIENTED_EDGE ( 'NONE', *, *, #8576, .T. ) ;
#983 = CARTESIAN_POINT ( 'NONE',  ( 0.8299999999999999600, -19.83000000000000185, 0.2499999999999998335 ) ) ;
#984 = COLOUR_RGB ( '',0.6470588235294117974, 0.6196078431372549211, 0.5999999999999999778 ) ;
#985 =( NAMED_UNIT ( * ) PLANE_ANGLE_UNIT ( ) SI_UNIT ( $, .RADIAN. ) );
#986 = DIRECTION ( 'NONE',  ( -1.000000000000000000, 0.000000000000000000, -0.000000000000000000 ) ) ;
#987 = EDGE_CURVE ( 'NONE', #4524, #8203, #4109, .T. ) ;
#988 = ADVANCED_FACE ( 'NONE', ( #2029 ), #6949, .F. ) ;
#989 = ADVANCED_FACE ( 'NONE', ( #4713 ), #3494, .F. ) ;
#990 = PLANE ( 'NONE',  #5772 ) ;
#991 = ORIENTED_EDGE ( 'NONE', *, *, #7171, .F. ) ;
#992 = ORIENTED_EDGE ( 'NONE', *, *, #1321, .F. ) ;
#993 =( NAMED_UNIT ( * ) PLANE_ANGLE_UNIT ( ) SI_UNIT ( $, .RADIAN. ) );
#994 = VECTOR ( 'NONE', #7415, 1000.000000000000000 ) ;
#995 =( NAMED_UNIT ( * ) PLANE_ANGLE_UNIT ( ) SI_UNIT ( $, .RADIAN. ) );
#996 = COLOUR_RGB ( '',0.6470588235294117974, 0.6196078431372549211, 0.5999999999999999778 ) ;
#997 = FACE_OUTER_BOUND ( 'NONE', #3647, .T. ) ;
#998 = DIRECTION ( 'NONE',  ( 0.000000000000000000, 1.000000000000000000, 0.000000000000000000 ) ) ;
#999 =( LENGTH_UNIT ( ) NAMED_UNIT ( * ) SI_UNIT ( .MILLI., .METRE. ) );
#1000 = ORIENTED_EDGE ( 'NONE', *, *, #2158, .F. ) ;
#1001 = EDGE_CURVE ( 'NONE', #6529, #889, #769, .T. ) ;
#1002 = LINE ( 'NONE', #1093, #2900 ) ;
#1003 = ORIENTED_EDGE ( 'NONE', *, *, #5397, .T. ) ;
#1004 = ORIENTED_EDGE ( 'NONE', *, *, #148, .T. ) ;
#1005 = UNCERTAINTY_MEASURE_WITH_UNIT (LENGTH_MEASURE( 1.000000000000000082E-05 ), #4683, 'distance_accuracy_value', 'NONE');
#1006 = DIRECTION ( 'NONE',  ( 0.000000000000000000, 0.000000000000000000, 1.000000000000000000 ) ) ;
#1007 = CARTESIAN_POINT ( 'NONE',  ( 2.168404344971008868E-16, -0.1500000000000008271, 0.2499999999999998890 ) ) ;
#1008 = VERTEX_POINT ( 'NONE', #5562 ) ;
#1009 = CARTESIAN_POINT ( 'NONE',  ( 0.000000000000000000, -0.1699999999999999012, 0.2999999999999999889 ) ) ;
#1010 = UNCERTAINTY_MEASURE_WITH_UNIT (LENGTH_MEASURE( 1.000000000000000082E-05 ), #8226, 'distance_accuracy_value', 'NONE');
#1011 = DIRECTION ( 'NONE',  ( 1.000000000000000000, 0.000000000000000000, 0.000000000000000000 ) ) ;
#1012 = ORIENTED_EDGE ( 'NONE', *, *, #5802, .F. ) ;
#1013 = CARTESIAN_POINT ( 'NONE',  ( -0.000000000000000000, 0.000000000000000000, -0.2499999999999998890 ) ) ;
#1014 =( LENGTH_UNIT ( ) NAMED_UNIT ( * ) SI_UNIT ( .MILLI., .METRE. ) );
#1015 = VECTOR ( 'NONE', #1685, 1000.000000000000000 ) ;
#1016 = FILL_AREA_STYLE_COLOUR ( '', #7631 ) ;
#1017 = LINE ( 'NONE', #7956, #1905 ) ;
#1018 = DIRECTION ( 'NONE',  ( 0.000000000000000000, -1.000000000000000000, 0.000000000000000000 ) ) ;
#1019 = LINE ( 'NONE', #6386, #3179 ) ;
#1020 = ORIENTED_EDGE ( 'NONE', *, *, #541, .T. ) ;
#1021 = ORIENTED_EDGE ( 'NONE', *, *, #8321, .T. ) ;
#1022 = LINE ( 'NONE', #1562, #2935 ) ;
#1023 = SURFACE_STYLE_FILL_AREA ( #7194 ) ;
#1024 = ORIENTED_EDGE ( 'NONE', *, *, #6290, .T. ) ;
#1025 = STYLED_ITEM ( 'NONE', ( #6705 ), #2199 ) ;
#1026 = CARTESIAN_POINT ( 'NONE',  ( 1.350000000000000089, -19.83000000000000185, 0.2499999999999998335 ) ) ;
#1027 = DIRECTION ( 'NONE',  ( 0.000000000000000000, 0.000000000000000000, -1.000000000000000000 ) ) ;
#1028 = MECHANICAL_DESIGN_GEOMETRIC_PRESENTATION_REPRESENTATION (  '', ( #8595 ), #6604 ) ;
#1029 = FILL_AREA_STYLE_COLOUR ( '', #3481 ) ;
#1030 = AXIS2_PLACEMENT_3D ( 'NONE', #6, #3532, #4233 ) ;
#1031 = EDGE_LOOP ( 'NONE', ( #6832, #2541, #3843, #8019 ) ) ;
#1032 =( GEOMETRIC_REPRESENTATION_CONTEXT ( 3 ) GLOBAL_UNCERTAINTY_ASSIGNED_CONTEXT ( ( #5442 ) ) GLOBAL_UNIT_ASSIGNED_CONTEXT ( ( #6077, #6985, #100 ) ) REPRESENTATION_CONTEXT ( 'NONE', 'WORKASPACE' ) );
#1033 = CARTESIAN_POINT ( 'NONE',  ( 1.400000000000000133, 0.1700000000000000122, -0.06916666666666672347 ) ) ;
#1034 = UNCERTAINTY_MEASURE_WITH_UNIT (LENGTH_MEASURE( 1.000000000000000082E-05 ), #4304, 'distance_accuracy_value', 'NONE');
#1035 = VERTEX_POINT ( 'NONE', #8292 ) ;
#1036 = EDGE_CURVE ( 'NONE', #1504, #1322, #2165, .T. ) ;
#1037 = EDGE_CURVE ( 'NONE', #7678, #1085, #4332, .T. ) ;
#1038 =( NAMED_UNIT ( * ) PLANE_ANGLE_UNIT ( ) SI_UNIT ( $, .RADIAN. ) );
#1039 = MECHANICAL_DESIGN_GEOMETRIC_PRESENTATION_REPRESENTATION (  '', ( #2043 ), #3873 ) ;
#1040 = PRESENTATION_LAYER_ASSIGNMENT (  '', '', ( #3454 ) ) ;
#1041 = AXIS2_PLACEMENT_3D ( 'NONE', #7725, #1600, #7063 ) ;
#1042 = LINE ( 'NONE', #7879, #1528 ) ;
#1043 = PRESENTATION_LAYER_ASSIGNMENT (  '', '', ( #4760 ) ) ;
#1044 = SURFACE_SIDE_STYLE ('',( #1758 ) ) ;
#1045 = STYLED_ITEM ( 'NONE', ( #7153 ), #2374 ) ;
#1046 =( GEOMETRIC_REPRESENTATION_CONTEXT ( 3 ) GLOBAL_UNCERTAINTY_ASSIGNED_CONTEXT ( ( #7474 ) ) GLOBAL_UNIT_ASSIGNED_CONTEXT ( ( #7998, #6757, #8087 ) ) REPRESENTATION_CONTEXT ( 'NONE', 'WORKASPACE' ) );
#1047 = CARTESIAN_POINT ( 'NONE',  ( 0.4300000000000000488, -19.83000000000000185, -0.2499999999999998890 ) ) ;
#1048 = ORIENTED_EDGE ( 'NONE', *, *, #1922, .T. ) ;
#1049 = PRESENTATION_LAYER_ASSIGNMENT (  '', '', ( #6474 ) ) ;
#1050 = FILL_AREA_STYLE ('',( #5163 ) ) ;
#1051 = ORIENTED_EDGE ( 'NONE', *, *, #6852, .F. ) ;
#1052 = VECTOR ( 'NONE', #1457, 1000.000000000000000 ) ;
#1053 = ORIENTED_EDGE ( 'NONE', *, *, #5628, .T. ) ;
#1054 = EDGE_CURVE ( 'NONE', #299, #3094, #7740, .T. ) ;
#1055 = COLOUR_RGB ( '',0.6470588235294117974, 0.6196078431372549211, 0.5999999999999999778 ) ;
#1056 = SURFACE_SIDE_STYLE ('',( #7126 ) ) ;
#1057 = VECTOR ( 'NONE', #3497, 1000.000000000000000 ) ;
#1058 =( LENGTH_UNIT ( ) NAMED_UNIT ( * ) SI_UNIT ( .MILLI., .METRE. ) );
#1059 = CARTESIAN_POINT ( 'NONE',  ( 1.200000000000000178, 0.1499999999999999667, 0.2799999999999999711 ) ) ;
#1060 =( GEOMETRIC_REPRESENTATION_CONTEXT ( 3 ) GLOBAL_UNCERTAINTY_ASSIGNED_CONTEXT ( ( #4871 ) ) GLOBAL_UNIT_ASSIGNED_CONTEXT ( ( #8239, #5515, #7654 ) ) REPRESENTATION_CONTEXT ( 'NONE', 'WORKASPACE' ) );
#1061 = LINE ( 'NONE', #5747, #1951 ) ;
#1062 = ORIENTED_EDGE ( 'NONE', *, *, #8258, .T. ) ;
#1063 = DIRECTION ( 'NONE',  ( 0.000000000000000000, 1.000000000000000000, -0.000000000000000000 ) ) ;
#1064 = CARTESIAN_POINT ( 'NONE',  ( 0.2000000000000000111, -0.1700000000000000122, -0.2999999999999999889 ) ) ;
#1065 = DIRECTION ( 'NONE',  ( -0.000000000000000000, -0.000000000000000000, 1.000000000000000000 ) ) ;
#1066 = SURFACE_SIDE_STYLE ('',( #6425 ) ) ;
#1067 = CARTESIAN_POINT ( 'NONE',  ( 1.400000000000000133, -0.1700000000000000122, -0.2499999999999998890 ) ) ;
#1068 = PLANE ( 'NONE',  #741 ) ;
#1069 = CARTESIAN_POINT ( 'NONE',  ( 1.380000000000000115, 0.1700000000000000122, -0.06916666666666670960 ) ) ;
#1070 = FILL_AREA_STYLE ('',( #7189 ) ) ;
#1071 = EDGE_LOOP ( 'NONE', ( #8548, #7863, #8630, #4137, #5577, #6154, #3574, #283 ) ) ;
#1072 = ORIENTED_EDGE ( 'NONE', *, *, #771, .F. ) ;
#1073 = CARTESIAN_POINT ( 'NONE',  ( 0.2000000000000000111, 0.1700000000000000122, -0.2999999999999999334 ) ) ;
#1074 = FILL_AREA_STYLE ('',( #4456 ) ) ;
#1075 = ORIENTED_EDGE ( 'NONE', *, *, #4976, .T. ) ;
#1076 = SURFACE_STYLE_USAGE ( .BOTH. , #261 ) ;
#1077 =( GEOMETRIC_REPRESENTATION_CONTEXT ( 3 ) GLOBAL_UNCERTAINTY_ASSIGNED_CONTEXT ( ( #4108 ) ) GLOBAL_UNIT_ASSIGNED_CONTEXT ( ( #650, #8259, #8851 ) ) REPRESENTATION_CONTEXT ( 'NONE', 'WORKASPACE' ) );
#1078 = DIRECTION ( 'NONE',  ( 1.000000000000000000, 0.000000000000000000, 0.000000000000000000 ) ) ;
#1079 = CARTESIAN_POINT ( 'NONE',  ( 0.9999999999999991118, -0.1500000000000008271, 0.2499999999999998890 ) ) ;
#1080 = PRESENTATION_STYLE_ASSIGNMENT (( #3871 ) ) ;
#1081 = PRESENTATION_STYLE_ASSIGNMENT (( #3127 ) ) ;
#1082 = AXIS2_PLACEMENT_3D ( 'NONE', #7492, #1371, #6741 ) ;
#1083 = ORIENTED_EDGE ( 'NONE', *, *, #4039, .T. ) ;
#1084 =( LENGTH_UNIT ( ) NAMED_UNIT ( * ) SI_UNIT ( .MILLI., .METRE. ) );
#1085 = VERTEX_POINT ( 'NONE', #2216 ) ;
#1086 =( LENGTH_UNIT ( ) NAMED_UNIT ( * ) SI_UNIT ( .MILLI., .METRE. ) );
#1087 =( NAMED_UNIT ( * ) PLANE_ANGLE_UNIT ( ) SI_UNIT ( $, .RADIAN. ) );
#1088 = PRESENTATION_LAYER_ASSIGNMENT (  '', '', ( #2806 ) ) ;
#1089 = CARTESIAN_POINT ( 'NONE',  ( 2.168404344971008868E-16, 0.1700000000000000122, -0.1499999999999999944 ) ) ;
#1090 = ADVANCED_FACE ( 'NONE', ( #3040 ), #952, .F. ) ;
#1091 = ADVANCED_FACE ( 'NONE', ( #6357 ), #1536, .F. ) ;
#1092 = ORIENTED_EDGE ( 'NONE', *, *, #4878, .F. ) ;
#1093 = CARTESIAN_POINT ( 'NONE',  ( 2.168404344971008868E-16, -0.1500000000000008271, -0.2499999999999999445 ) ) ;
#1094 = VERTEX_POINT ( 'NONE', #5688 ) ;
#1095 = CLOSED_SHELL ( 'NONE', ( #4313, #6277, #274, #243, #6080, #279, #5629, #2147, #7826, #6459, #5511, #1430, #5477, #6957, #6502, #7649, #3987, #4544 ) ) ;
#1096 = ORIENTED_EDGE ( 'NONE', *, *, #6276, .T. ) ;
#1097 = LINE ( 'NONE', #366, #4582 ) ;
#1098 = PRESENTATION_STYLE_ASSIGNMENT (( #3846 ) ) ;
#1099 = VECTOR ( 'NONE', #3640, 1000.000000000000000 ) ;
#1100 =( NAMED_UNIT ( * ) SI_UNIT ( $, .STERADIAN. ) SOLID_ANGLE_UNIT ( ) );
#1101 = EDGE_CURVE ( 'NONE', #325, #391, #8425, .T. ) ;
#1102 = EDGE_CURVE ( 'NONE', #2326, #534, #2300, .T. ) ;
#1103 = UNCERTAINTY_MEASURE_WITH_UNIT (LENGTH_MEASURE( 1.000000000000000082E-05 ), #2524, 'distance_accuracy_value', 'NONE');
#1104 = EDGE_CURVE ( 'NONE', #2612, #6160, #7793, .T. ) ;
#1105 = ORIENTED_EDGE ( 'NONE', *, *, #5798, .T. ) ;
#1106 = PLANE ( 'NONE',  #5807 ) ;
#1107 = AXIS2_PLACEMENT_3D ( 'NONE', #4681, #8753, #7274 ) ;
#1108 = LINE ( 'NONE', #4229, #5114 ) ;
#1109 = PRESENTATION_LAYER_ASSIGNMENT (  '', '', ( #1673 ) ) ;
#1110 = CARTESIAN_POINT ( 'NONE',  ( 0.1700000000000000122, -0.1700000000000000122, -0.2499999999999998890 ) ) ;
#1111 =( NAMED_UNIT ( * ) SI_UNIT ( $, .STERADIAN. ) SOLID_ANGLE_UNIT ( ) );
#1112 =( NAMED_UNIT ( * ) SI_UNIT ( $, .STERADIAN. ) SOLID_ANGLE_UNIT ( ) );
#1113 = SURFACE_STYLE_FILL_AREA ( #900 ) ;
#1114 = FACE_OUTER_BOUND ( 'NONE', #2657, .T. ) ;
#1115 = ORIENTED_EDGE ( 'NONE', *, *, #2692, .T. ) ;
#1116 = ADVANCED_FACE ( 'NONE', ( #7117 ), #1226, .F. ) ;
#1117 = DIRECTION ( 'NONE',  ( -1.000000000000000000, -0.000000000000000000, -0.000000000000000000 ) ) ;
#1118 =( NAMED_UNIT ( * ) PLANE_ANGLE_UNIT ( ) SI_UNIT ( $, .RADIAN. ) );
#1119 = ORIENTED_EDGE ( 'NONE', *, *, #4864, .T. ) ;
#1120 = LINE ( 'NONE', #3343, #5456 ) ;
#1121 = UNCERTAINTY_MEASURE_WITH_UNIT (LENGTH_MEASURE( 1.000000000000000082E-05 ), #472, 'distance_accuracy_value', 'NONE');
#1122 = DIRECTION ( 'NONE',  ( 0.000000000000000000, 1.807003620809174139E-16, -1.000000000000000000 ) ) ;
#1123 = LINE ( 'NONE', #2689, #4501 ) ;
#1124 = LINE ( 'NONE', #6492, #34 ) ;
#1125 = LINE ( 'NONE', #5818, #1626 ) ;
#1126 = ORIENTED_EDGE ( 'NONE', *, *, #4130, .F. ) ;
#1127 = DIRECTION ( 'NONE',  ( 1.000000000000000000, 0.000000000000000000, 0.000000000000000000 ) ) ;
#1128 = VERTEX_POINT ( 'NONE', #2577 ) ;
#1129 = SURFACE_STYLE_FILL_AREA ( #5201 ) ;
#1130 = LINE ( 'NONE', #4422, #375 ) ;
#1131 =( LENGTH_UNIT ( ) NAMED_UNIT ( * ) SI_UNIT ( .MILLI., .METRE. ) );
#1132 = AXIS2_PLACEMENT_3D ( 'NONE', #6789, #3280, #6021 ) ;
#1133 =( LENGTH_UNIT ( ) NAMED_UNIT ( * ) SI_UNIT ( .MILLI., .METRE. ) );
#1134 = VERTEX_POINT ( 'NONE', #1848 ) ;
#1135 = DIRECTION ( 'NONE',  ( 0.000000000000000000, 0.000000000000000000, -1.000000000000000000 ) ) ;
#1136 = ORIENTED_EDGE ( 'NONE', *, *, #4583, .F. ) ;
#1137 = VERTEX_POINT ( 'NONE', #8551 ) ;
#1138 = DIRECTION ( 'NONE',  ( 0.000000000000000000, 1.000000000000000000, 0.000000000000000000 ) ) ;
#1139 = DIRECTION ( 'NONE',  ( 0.000000000000000000, 1.000000000000000000, 0.000000000000000000 ) ) ;
#1140 = CARTESIAN_POINT ( 'NONE',  ( 1.400000000000000133, 0.1500000000000008271, 0.2795000000000000817 ) ) ;
#1141 = SURFACE_STYLE_USAGE ( .BOTH. , #7985 ) ;
#1142 = ORIENTED_EDGE ( 'NONE', *, *, #1939, .T. ) ;
#1143 = FILL_AREA_STYLE ('',( #2636 ) ) ;
#1144 = CARTESIAN_POINT ( 'NONE',  ( 0.8299999999999999600, -0.1699999999999999289, 0.1499999999999999944 ) ) ;
#1145 = ADVANCED_FACE ( 'NONE', ( #8063 ), #405, .F. ) ;
#1146 = EDGE_CURVE ( 'NONE', #4711, #1844, #8643, .T. ) ;
#1147 = PRESENTATION_STYLE_ASSIGNMENT (( #8670 ) ) ;
#1148 = SURFACE_SIDE_STYLE ('',( #7279 ) ) ;
#1149 = PLANE ( 'NONE',  #1979 ) ;
#1150 = LINE ( 'NONE', #8674, #2583 ) ;
#1151 = LINE ( 'NONE', #8720, #4023 ) ;
#1152 = ORIENTED_EDGE ( 'NONE', *, *, #1372, .T. ) ;
#1153 = LINE ( 'NONE', #1209, #2188 ) ;
#1154 =( NAMED_UNIT ( * ) SI_UNIT ( $, .STERADIAN. ) SOLID_ANGLE_UNIT ( ) );
#1155 = ORIENTED_EDGE ( 'NONE', *, *, #5329, .T. ) ;
#1156 = ADVANCED_FACE ( 'NONE', ( #6642 ), #3223, .F. ) ;
#1157 = LINE ( 'NONE', #6627, #6295 ) ;
#1158 = ADVANCED_FACE ( 'NONE', ( #6058 ), #4, .F. ) ;
#1159 =( NAMED_UNIT ( * ) SI_UNIT ( $, .STERADIAN. ) SOLID_ANGLE_UNIT ( ) );
#1160 = LINE ( 'NONE', #7923, #8611 ) ;
#1161 = FILL_AREA_STYLE_COLOUR ( '', #984 ) ;
#1162 = SURFACE_STYLE_USAGE ( .BOTH. , #6004 ) ;
#1163 = COLOUR_RGB ( '',0.6470588235294117974, 0.6196078431372549211, 0.5999999999999999778 ) ;
#1164 = ORIENTED_EDGE ( 'NONE', *, *, #3617, .T. ) ;
#1165 = SURFACE_STYLE_USAGE ( .BOTH. , #3170 ) ;
#1166 = ORIENTED_EDGE ( 'NONE', *, *, #5385, .F. ) ;
#1167 = DIRECTION ( 'NONE',  ( 0.000000000000000000, 0.000000000000000000, -1.000000000000000000 ) ) ;
#1168 = VECTOR ( 'NONE', #8092, 1000.000000000000000 ) ;
#1169 = CARTESIAN_POINT ( 'NONE',  ( 1.000000000000000000, 0.1500000000000000222, -0.2499999999999998890 ) ) ;
#1170 = VECTOR ( 'NONE', #2915, 1000.000000000000000 ) ;
#1171 = PRESENTATION_STYLE_ASSIGNMENT (( #1850 ) ) ;
#1172 = FACE_OUTER_BOUND ( 'NONE', #1582, .T. ) ;
#1173 = CARTESIAN_POINT ( 'NONE',  ( 1.000000000000000000, 0.1699999999999999567, 0.2999999999999999334 ) ) ;
#1174 = DIRECTION ( 'NONE',  ( -1.000000000000000000, -0.000000000000000000, -0.000000000000000000 ) ) ;
#1175 = MECHANICAL_DESIGN_GEOMETRIC_PRESENTATION_REPRESENTATION (  '', ( #4154 ), #7737 ) ;
#1176 = EDGE_CURVE ( 'NONE', #6044, #5031, #672, .T. ) ;
#1177 = VERTEX_POINT ( 'NONE', #4010 ) ;
#1178 = DIRECTION ( 'NONE',  ( 0.000000000000000000, 1.000000000000000000, 0.000000000000000000 ) ) ;
#1179 = ORIENTED_EDGE ( 'NONE', *, *, #1810, .T. ) ;
#1180 = COLOUR_RGB ( '',0.6470588235294117974, 0.6196078431372549211, 0.5999999999999999778 ) ;
#1181 = VECTOR ( 'NONE', #5066, 1000.000000000000000 ) ;
#1182 = ORIENTED_EDGE ( 'NONE', *, *, #825, .F. ) ;
#1183 = CARTESIAN_POINT ( 'NONE',  ( 0.5699999999999999512, -19.83000000000000185, 0.2499999999999998335 ) ) ;
#1184 = AXIS2_PLACEMENT_3D ( 'NONE', #8762, #6158, #1999 ) ;
#1185 = MECHANICAL_DESIGN_GEOMETRIC_PRESENTATION_REPRESENTATION (  '', ( #8180 ), #3741 ) ;
#1186 = MECHANICAL_DESIGN_GEOMETRIC_PRESENTATION_REPRESENTATION (  '', ( #3615 ), #7918 ) ;
#1187 = SURFACE_STYLE_FILL_AREA ( #3807 ) ;
#1188 = STYLED_ITEM ( 'NONE', ( #3643 ), #5368 ) ;
#1189 = FILL_AREA_STYLE_COLOUR ( '', #3633 ) ;
#1190 = PLANE ( 'NONE',  #3266 ) ;
#1191 = DIRECTION ( 'NONE',  ( 0.000000000000000000, 0.000000000000000000, -1.000000000000000000 ) ) ;
#1192 = VECTOR ( 'NONE', #4074, 1000.000000000000000 ) ;
#1193 = VECTOR ( 'NONE', #8688, 1000.000000000000000 ) ;
#1194 = ORIENTED_EDGE ( 'NONE', *, *, #2213, .T. ) ;
#1195 = AXIS2_PLACEMENT_3D ( 'NONE', #8364, #6291, #4915 ) ;
#1196 = STYLED_ITEM ( 'NONE', ( #1147 ), #4641 ) ;
#1197 = DIRECTION ( 'NONE',  ( -0.000000000000000000, -0.000000000000000000, -1.000000000000000000 ) ) ;
#1198 = MECHANICAL_DESIGN_GEOMETRIC_PRESENTATION_REPRESENTATION (  '', ( #333 ), #5762 ) ;
#1199 = FILL_AREA_STYLE ('',( #7317 ) ) ;
#1200 = MECHANICAL_DESIGN_GEOMETRIC_PRESENTATION_REPRESENTATION (  '', ( #6635 ), #56 ) ;
#1201 =( LENGTH_UNIT ( ) NAMED_UNIT ( * ) SI_UNIT ( .MILLI., .METRE. ) );
#1202 = FILL_AREA_STYLE_COLOUR ( '', #5691 ) ;
#1203 = DIRECTION ( 'NONE',  ( 0.000000000000000000, 0.000000000000000000, -1.000000000000000000 ) ) ;
#1204 = DIRECTION ( 'NONE',  ( 1.000000000000000000, 0.000000000000000000, 0.000000000000000000 ) ) ;
#1205 = CARTESIAN_POINT ( 'NONE',  ( 0.5699999999999999512, -0.1700000000000000122, -0.2999999999999999889 ) ) ;
#1206 = ORIENTED_EDGE ( 'NONE', *, *, #7243, .F. ) ;
#1207 = EDGE_CURVE ( 'NONE', #1137, #3267, #2821, .T. ) ;
#1208 = EDGE_CURVE ( 'NONE', #2682, #8017, #3306, .T. ) ;
#1209 = CARTESIAN_POINT ( 'NONE',  ( 0.000000000000000000, 0.1500000000000000222, -0.2799999999999999711 ) ) ;
#1210 = AXIS2_PLACEMENT_3D ( 'NONE', #7924, #3748, #5196 ) ;
#1211 = ORIENTED_EDGE ( 'NONE', *, *, #1236, .F. ) ;
#1212 = CARTESIAN_POINT ( 'NONE',  ( 0.9699999999999991962, 0.1500000000000008271, 0.2499999999999998890 ) ) ;
#1213 = PLANE ( 'NONE',  #6027 ) ;
#1214 = DIRECTION ( 'NONE',  ( -0.000000000000000000, 1.000000000000000000, -0.000000000000000000 ) ) ;
#1215 = CARTESIAN_POINT ( 'NONE',  ( 0.9999999999999991118, -1.249999999999999112, 0.2499999999999998890 ) ) ;
#1216 = ORIENTED_EDGE ( 'NONE', *, *, #4361, .F. ) ;
#1217 = SURFACE_SIDE_STYLE ('',( #4982 ) ) ;
#1218 = FILL_AREA_STYLE_COLOUR ( '', #3049 ) ;
#1219 = EDGE_CURVE ( 'NONE', #1134, #4757, #2659, .T. ) ;
#1220 = EDGE_CURVE ( 'NONE', #7574, #1992, #2734, .T. ) ;
#1221 = VERTEX_POINT ( 'NONE', #1442 ) ;
#1222 = EDGE_CURVE ( 'NONE', #7164, #505, #8232, .T. ) ;
#1223 = ORIENTED_EDGE ( 'NONE', *, *, #7111, .T. ) ;
#1224 = VECTOR ( 'NONE', #2228, 1000.000000000000000 ) ;
#1225 = CARTESIAN_POINT ( 'NONE',  ( 0.8000000000000000444, -0.1500000000000000500, -0.2799999999999999711 ) ) ;
#1226 = PLANE ( 'NONE',  #6124 ) ;
#1227 = SURFACE_STYLE_USAGE ( .BOTH. , #4060 ) ;
#1228 = CARTESIAN_POINT ( 'NONE',  ( 2.168404344971008868E-16, -0.1500000000000008271, 0.2795000000000000817 ) ) ;
#1229 = SURFACE_SIDE_STYLE ('',( #2539 ) ) ;
#1230 =( NAMED_UNIT ( * ) PLANE_ANGLE_UNIT ( ) SI_UNIT ( $, .RADIAN. ) );
#1231 = VERTEX_POINT ( 'NONE', #2156 ) ;
#1232 = CARTESIAN_POINT ( 'NONE',  ( 1.400000000000000133, 0.1500000000000000222, -0.2799999999999999711 ) ) ;
#1233 = ORIENTED_EDGE ( 'NONE', *, *, #5331, .F. ) ;
#1234 = EDGE_CURVE ( 'NONE', #6924, #2434, #3355, .T. ) ;
#1235 = ORIENTED_EDGE ( 'NONE', *, *, #549, .T. ) ;
#1236 = EDGE_CURVE ( 'NONE', #184, #6160, #2113, .T. ) ;
#1237 = DIRECTION ( 'NONE',  ( 0.000000000000000000, 0.000000000000000000, 1.000000000000000000 ) ) ;
#1238 = SURFACE_SIDE_STYLE ('',( #1819 ) ) ;
#1239 = SURFACE_SIDE_STYLE ('',( #7358 ) ) ;
#1240 = CARTESIAN_POINT ( 'NONE',  ( 1.200000000000000178, 0.1500000000000008271, -0.2499999999999998890 ) ) ;
#1241 = ORIENTED_EDGE ( 'NONE', *, *, #7707, .T. ) ;
#1242 = MECHANICAL_DESIGN_GEOMETRIC_PRESENTATION_REPRESENTATION (  '', ( #7525 ), #3509 ) ;
#1243 = ORIENTED_EDGE ( 'NONE', *, *, #7543, .T. ) ;
#1244 = CARTESIAN_POINT ( 'NONE',  ( 0.8299999999999991829, 0.1500000000000008271, 0.1499999999999999944 ) ) ;
#1245 =( NAMED_UNIT ( * ) PLANE_ANGLE_UNIT ( ) SI_UNIT ( $, .RADIAN. ) );
#1246 = EDGE_CURVE ( 'NONE', #1651, #5433, #7599, .T. ) ;
#1247 = CARTESIAN_POINT ( 'NONE',  ( 1.230000000000000204, -19.83000000000000185, 0.2499999999999998335 ) ) ;
#1248 = STYLED_ITEM ( 'NONE', ( #5414 ), #10 ) ;
#1249 = PRESENTATION_LAYER_ASSIGNMENT (  '', '', ( #6823 ) ) ;
#1250 = VECTOR ( 'NONE', #1065, 1000.000000000000000 ) ;
#1251 = CARTESIAN_POINT ( 'NONE',  ( 2.168404344971008868E-16, -0.1500000000000008271, 0.1499999999999999944 ) ) ;
#1252 = PRESENTATION_LAYER_ASSIGNMENT (  '', '', ( #7241 ) ) ;
#1253 = FACE_OUTER_BOUND ( 'NONE', #3139, .T. ) ;
#1254 = DIRECTION ( 'NONE',  ( 1.000000000000000000, 0.000000000000000000, -0.000000000000000000 ) ) ;
#1255 = CARTESIAN_POINT ( 'NONE',  ( 0.9699999999999991962, -0.1500000000000008271, 0.2795000000000000817 ) ) ;
#1256 = ORIENTED_EDGE ( 'NONE', *, *, #8393, .F. ) ;
#1257 = AXIS2_PLACEMENT_3D ( 'NONE', #1605, #4967, #7067 ) ;
#1258 = VECTOR ( 'NONE', #5141, 1000.000000000000000 ) ;
#1259 = SURFACE_STYLE_FILL_AREA ( #5318 ) ;
#1260 = COLOUR_RGB ( '',0.6470588235294117974, 0.6196078431372549211, 0.5999999999999999778 ) ;
#1261 = ORIENTED_EDGE ( 'NONE', *, *, #1981, .T. ) ;
#1262 = CARTESIAN_POINT ( 'NONE',  ( 0.7999999999999991562, -1.249999999999999112, 0.2499999999999998890 ) ) ;
#1263 = PLANE ( 'NONE',  #1729 ) ;
#1264 = LINE ( 'NONE', #1964, #7216 ) ;
#1265 = SURFACE_SIDE_STYLE ('',( #1885 ) ) ;
#1266 = VECTOR ( 'NONE', #75, 1000.000000000000000 ) ;
#1267 =( NAMED_UNIT ( * ) SI_UNIT ( $, .STERADIAN. ) SOLID_ANGLE_UNIT ( ) );
#1268 =( NAMED_UNIT ( * ) PLANE_ANGLE_UNIT ( ) SI_UNIT ( $, .RADIAN. ) );
#1269 = ORIENTED_EDGE ( 'NONE', *, *, #4349, .T. ) ;
#1270 = LINE ( 'NONE', #6637, #1907 ) ;
#1271 = ORIENTED_EDGE ( 'NONE', *, *, #7393, .T. ) ;
#1272 = LINE ( 'NONE', #2697, #5895 ) ;
#1273 = DIRECTION ( 'NONE',  ( 1.000000000000000000, 0.000000000000000000, -0.000000000000000000 ) ) ;
#1274 = ADVANCED_FACE ( 'NONE', ( #6728 ), #5589, .F. ) ;
#1275 = EDGE_CURVE ( 'NONE', #7585, #5888, #7907, .T. ) ;
#1276 = EDGE_CURVE ( 'NONE', #469, #7195, #2945, .T. ) ;
#1277 = LINE ( 'NONE', #4013, #7674 ) ;
#1278 =( LENGTH_UNIT ( ) NAMED_UNIT ( * ) SI_UNIT ( .MILLI., .METRE. ) );
#1279 =( GEOMETRIC_REPRESENTATION_CONTEXT ( 3 ) GLOBAL_UNCERTAINTY_ASSIGNED_CONTEXT ( ( #1722 ) ) GLOBAL_UNIT_ASSIGNED_CONTEXT ( ( #3811, #8614, #8706 ) ) REPRESENTATION_CONTEXT ( 'NONE', 'WORKASPACE' ) );
#1280 = ORIENTED_EDGE ( 'NONE', *, *, #8606, .T. ) ;
#1281 = ORIENTED_EDGE ( 'NONE', *, *, #382, .F. ) ;
#1282 = ORIENTED_EDGE ( 'NONE', *, *, #3336, .T. ) ;
#1283 = CARTESIAN_POINT ( 'NONE',  ( 0.2000000000000000111, 0.000000000000000000, 0.000000000000000000 ) ) ;
#1285 = EDGE_CURVE ( 'NONE', #5644, #780, #4268, .T. ) ;
#1284 = COLOUR_RGB ( '',0.7921568627450980005, 0.8196078431372548767, 0.9333333333333333481 ) ;
#1286 = CARTESIAN_POINT ( 'NONE',  ( 0.9700000000000000844, -0.1700000000000000122, 0.2499999999999998335 ) ) ;
#1287 = CARTESIAN_POINT ( 'NONE',  ( 0.6000000000000000888, 0.1500000000000000222, -0.2799999999999999711 ) ) ;
#1288 = EDGE_CURVE ( 'NONE', #1357, #6533, #7952, .T. ) ;
#1289 = UNCERTAINTY_MEASURE_WITH_UNIT (LENGTH_MEASURE( 1.000000000000000082E-05 ), #2984, 'distance_accuracy_value', 'NONE');
#1290 =( LENGTH_UNIT ( ) NAMED_UNIT ( * ) SI_UNIT ( .MILLI., .METRE. ) );
#1291 = CARTESIAN_POINT ( 'NONE',  ( 1.380000000000000115, 0.1700000000000000122, 0.06916666666666670960 ) ) ;
#1292 = LINE ( 'NONE', #6603, #6111 ) ;
#1293 = ORIENTED_EDGE ( 'NONE', *, *, #6914, .F. ) ;
#1294 = VECTOR ( 'NONE', #2150, 1000.000000000000000 ) ;
#1295 = ORIENTED_EDGE ( 'NONE', *, *, #8545, .F. ) ;
#1296 = UNCERTAINTY_MEASURE_WITH_UNIT (LENGTH_MEASURE( 1.000000000000000082E-05 ), #8068, 'distance_accuracy_value', 'NONE');
#1297 = DIRECTION ( 'NONE',  ( -0.000000000000000000, 1.000000000000000000, -0.000000000000000000 ) ) ;
#1298 = FILL_AREA_STYLE ('',( #1995 ) ) ;
#1299 = LINE ( 'NONE', #3954, #812 ) ;
#1300 = DIRECTION ( 'NONE',  ( -0.000000000000000000, 0.000000000000000000, 1.000000000000000000 ) ) ;
#1301 = DIRECTION ( 'NONE',  ( 0.01328367628057065992, 0.000000000000000000, -0.9999117680798007557 ) ) ;
#1302 = VECTOR ( 'NONE', #3536, 1000.000000000000000 ) ;
#1303 = ORIENTED_EDGE ( 'NONE', *, *, #5539, .T. ) ;
#1304 = CARTESIAN_POINT ( 'NONE',  ( 0.8000000000000000444, 0.1700000000000000122, 0.2499999999999998335 ) ) ;
#1305 = CARTESIAN_POINT ( 'NONE',  ( 0.4300000000000000488, 0.1700000000000000122, -0.2499999999999998890 ) ) ;
#1306 = VECTOR ( 'NONE', #5766, 1000.000000000000000 ) ;
#1307 = LINE ( 'NONE', #5417, #8222 ) ;
#1308 = LINE ( 'NONE', #2010, #1703 ) ;
#1309 = VERTEX_POINT ( 'NONE', #5634 ) ;
#1310 = ORIENTED_EDGE ( 'NONE', *, *, #8660, .F. ) ;
#1311 = DIRECTION ( 'NONE',  ( -1.000000000000000000, 0.000000000000000000, -0.000000000000000000 ) ) ;
#1312 = DIRECTION ( 'NONE',  ( -1.000000000000000000, 0.000000000000000000, 0.000000000000000000 ) ) ;
#1313 = SURFACE_STYLE_FILL_AREA ( #7346 ) ;
#1314 = SURFACE_STYLE_FILL_AREA ( #1941 ) ;
#1315 = COLOUR_RGB ( '',0.6470588235294117974, 0.6196078431372549211, 0.5999999999999999778 ) ;
#1316 = ORIENTED_EDGE ( 'NONE', *, *, #4375, .T. ) ;
#1317 = LINE ( 'NONE', #2665, #8193 ) ;
#1318 = ORIENTED_EDGE ( 'NONE', *, *, #5930, .F. ) ;
#1319 = VECTOR ( 'NONE', #3751, 1000.000000000000000 ) ;
#1320 = ADVANCED_FACE ( 'NONE', ( #173 ), #5011, .F. ) ;
#1321 = EDGE_CURVE ( 'NONE', #4340, #918, #8325, .T. ) ;
#1322 = VERTEX_POINT ( 'NONE', #5064 ) ;
#1323 = SURFACE_SIDE_STYLE ('',( #637 ) ) ;
#1324 = MECHANICAL_DESIGN_GEOMETRIC_PRESENTATION_REPRESENTATION (  '', ( #3446 ), #4011 ) ;
#1325 = PLANE ( 'NONE',  #4798 ) ;
#1326 =( GEOMETRIC_REPRESENTATION_CONTEXT ( 3 ) GLOBAL_UNCERTAINTY_ASSIGNED_CONTEXT ( ( #5529 ) ) GLOBAL_UNIT_ASSIGNED_CONTEXT ( ( #5795, #6472, #292 ) ) REPRESENTATION_CONTEXT ( 'NONE', 'WORKASPACE' ) );
#1327 = LINE ( 'NONE', #8122, #4881 ) ;
#1328 = DIRECTION ( 'NONE',  ( -1.000000000000000000, -0.000000000000000000, -0.000000000000000000 ) ) ;
#1329 = SURFACE_STYLE_USAGE ( .BOTH. , #2587 ) ;
#1330 = ORIENTED_EDGE ( 'NONE', *, *, #5854, .T. ) ;
#1331 = EDGE_CURVE ( 'NONE', #7753, #7915, #1108, .T. ) ;
#1332 =( GEOMETRIC_REPRESENTATION_CONTEXT ( 3 ) GLOBAL_UNCERTAINTY_ASSIGNED_CONTEXT ( ( #6370 ) ) GLOBAL_UNIT_ASSIGNED_CONTEXT ( ( #427, #8718, #3858 ) ) REPRESENTATION_CONTEXT ( 'NONE', 'WORKASPACE' ) );
#1333 = ORIENTED_EDGE ( 'NONE', *, *, #588, .T. ) ;
#1334 = CARTESIAN_POINT ( 'NONE',  ( 1.200000000000000178, 0.1499999999999999667, 0.2499999999999998335 ) ) ;
#1335 = ADVANCED_FACE ( 'NONE', ( #8371 ), #4921, .F. ) ;
#1336 = FILL_AREA_STYLE_COLOUR ( '', #6508 ) ;
#1337 = MECHANICAL_DESIGN_GEOMETRIC_PRESENTATION_REPRESENTATION (  '', ( #3176 ), #7471 ) ;
#1338 = STYLED_ITEM ( 'NONE', ( #6574 ), #1876 ) ;
#1339 = CARTESIAN_POINT ( 'NONE',  ( 0.5699999999999999512, 0.1500000000000008271, -0.1499999999999999944 ) ) ;
#1340 = SURFACE_SIDE_STYLE ('',( #3249 ) ) ;
#1341 = LINE ( 'NONE', #5363, #7742 ) ;
#1342 = VECTOR ( 'NONE', #5898, 1000.000000000000000 ) ;
#1343 = CARTESIAN_POINT ( 'NONE',  ( 1.400000000000000133, 0.1700000000000000122, -0.2999999999999999334 ) ) ;
#1344 = FILL_AREA_STYLE ('',( #6803 ) ) ;
#1345 = ORIENTED_EDGE ( 'NONE', *, *, #3983, .T. ) ;
#1346 = STYLED_ITEM ( 'NONE', ( #2559 ), #5462 ) ;
#1347 = CARTESIAN_POINT ( 'NONE',  ( 1.228671515157173655, 0.1500000000000008271, 0.2499999999999998890 ) ) ;
#1348 = PRESENTATION_STYLE_ASSIGNMENT (( #3209 ) ) ;
#1349 = VERTEX_POINT ( 'NONE', #3611 ) ;
#1350 = DIRECTION ( 'NONE',  ( 0.000000000000000000, 0.000000000000000000, -1.000000000000000000 ) ) ;
#1351 = STYLED_ITEM ( 'NONE', ( #7880 ), #4819 ) ;
#1352 = DIRECTION ( 'NONE',  ( -0.000000000000000000, 1.000000000000000000, -0.000000000000000000 ) ) ;
#1353 = LINE ( 'NONE', #2059, #2895 ) ;
#1354 = DIRECTION ( 'NONE',  ( 1.000000000000000000, -0.000000000000000000, -0.000000000000000000 ) ) ;
#1355 = LINE ( 'NONE', #4052, #743 ) ;
#1356 = COLOUR_RGB ( '',0.6470588235294117974, 0.6196078431372549211, 0.5999999999999999778 ) ;
#1357 = VERTEX_POINT ( 'NONE', #3657 ) ;
#1358 = CARTESIAN_POINT ( 'NONE',  ( 0.8000000000000000444, 0.1500000000000008271, -0.2499999999999998890 ) ) ;
#1359 = ORIENTED_EDGE ( 'NONE', *, *, #6853, .F. ) ;
#1360 = DIRECTION ( 'NONE',  ( 0.000000000000000000, -1.000000000000000000, 0.000000000000000000 ) ) ;
#1361 = LINE ( 'NONE', #4061, #317 ) ;
#1362 = CARTESIAN_POINT ( 'NONE',  ( 1.000000000000000000, -0.1699999999999999012, 0.2499999999999998335 ) ) ;
#1363 = VERTEX_POINT ( 'NONE', #2987 ) ;
#1364 = FILL_AREA_STYLE ('',( #3407 ) ) ;
#1365 = VECTOR ( 'NONE', #1352, 1000.000000000000000 ) ;
#1366 = ORIENTED_EDGE ( 'NONE', *, *, #4130, .T. ) ;
#1367 = ORIENTED_EDGE ( 'NONE', *, *, #5027, .T. ) ;
#1368 = UNCERTAINTY_MEASURE_WITH_UNIT (LENGTH_MEASURE( 1.000000000000000082E-05 ), #3191, 'distance_accuracy_value', 'NONE');
#1369 =( NAMED_UNIT ( * ) PLANE_ANGLE_UNIT ( ) SI_UNIT ( $, .RADIAN. ) );
#1370 =( GEOMETRIC_REPRESENTATION_CONTEXT ( 3 ) GLOBAL_UNCERTAINTY_ASSIGNED_CONTEXT ( ( #2708 ) ) GLOBAL_UNIT_ASSIGNED_CONTEXT ( ( #870, #6463, #6371 ) ) REPRESENTATION_CONTEXT ( 'NONE', 'WORKASPACE' ) );
#1371 = DIRECTION ( 'NONE',  ( -0.000000000000000000, 0.000000000000000000, 1.000000000000000000 ) ) ;
#1372 = EDGE_CURVE ( 'NONE', #2451, #1751, #3817, .T. ) ;
#1373 = FACE_OUTER_BOUND ( 'NONE', #3673, .T. ) ;
#1374 = UNCERTAINTY_MEASURE_WITH_UNIT (LENGTH_MEASURE( 1.000000000000000082E-05 ), #7154, 'distance_accuracy_value', 'NONE');
#1375 = EDGE_LOOP ( 'NONE', ( #1020, #8501, #7799, #8442 ) ) ;
#1376 = PRESENTATION_LAYER_ASSIGNMENT (  '', '', ( #2526 ) ) ;
#1377 = ORIENTED_EDGE ( 'NONE', *, *, #2997, .T. ) ;
#1378 = CARTESIAN_POINT ( 'NONE',  ( 0.1699999999999999012, -1.249999999999999112, -0.2499999999999998890 ) ) ;
#1379 = SURFACE_SIDE_STYLE ('',( #4774 ) ) ;
#1380 =( GEOMETRIC_REPRESENTATION_CONTEXT ( 3 ) GLOBAL_UNCERTAINTY_ASSIGNED_CONTEXT ( ( #4112 ) ) GLOBAL_UNIT_ASSIGNED_CONTEXT ( ( #8144, #4055, #2779 ) ) REPRESENTATION_CONTEXT ( 'NONE', 'WORKASPACE' ) );
#1381 = EDGE_CURVE ( 'NONE', #7406, #6526, #8454, .T. ) ;
#1382 = EDGE_CURVE ( 'NONE', #4161, #3273, #8621, .T. ) ;
#1383 = EDGE_CURVE ( 'NONE', #1944, #1751, #1299, .T. ) ;
#1384 = CARTESIAN_POINT ( 'NONE',  ( 1.228671515157174543, -1.249999999999999112, -0.2499999999999998890 ) ) ;
#1385 = CARTESIAN_POINT ( 'NONE',  ( 1.228671515157173655, -1.249999999999999112, 0.2499999999999998890 ) ) ;
#1386 = PRESENTATION_LAYER_ASSIGNMENT (  '', '', ( #6116 ) ) ;
#1387 = LINE ( 'NONE', #5275, #8093 ) ;
#1388 = VERTEX_POINT ( 'NONE', #8754 ) ;
#1389 = VECTOR ( 'NONE', #937, 1000.000000000000000 ) ;
#1390 = PLANE ( 'NONE',  #3086 ) ;
#1391 = ORIENTED_EDGE ( 'NONE', *, *, #6094, .F. ) ;
#1392 = PLANE ( 'NONE',  #8767 ) ;
#1393 = LINE ( 'NONE', #8865, #8137 ) ;
#1394 = EDGE_CURVE ( 'NONE', #4740, #5674, #647, .T. ) ;
#1395 = VECTOR ( 'NONE', #340, 1000.000000000000000 ) ;
#1396 = DIRECTION ( 'NONE',  ( -1.000000000000000000, -0.000000000000000000, -0.000000000000000000 ) ) ;
#1397 = AXIS2_PLACEMENT_3D ( 'NONE', #4526, #8644, #406 ) ;
#1398 = ORIENTED_EDGE ( 'NONE', *, *, #1871, .F. ) ;
#1399 = EDGE_CURVE ( 'NONE', #4640, #6903, #3200, .T. ) ;
#1400 = LINE ( 'NONE', #3524, #4069 ) ;
#1401 = EDGE_LOOP ( 'NONE', ( #862, #4275, #2714, #7363 ) ) ;
#1402 =( NAMED_UNIT ( * ) PLANE_ANGLE_UNIT ( ) SI_UNIT ( $, .RADIAN. ) );
#1403 = CARTESIAN_POINT ( 'NONE',  ( 0.8000000000000000444, 0.000000000000000000, 0.2499999999999998335 ) ) ;
#1404 = FACE_OUTER_BOUND ( 'NONE', #951, .T. ) ;
#1405 = CARTESIAN_POINT ( 'NONE',  ( 0.4286715151571743321, -0.1500000000000008271, -0.2499999999999998890 ) ) ;
#1406 = PRESENTATION_STYLE_ASSIGNMENT (( #7524 ) ) ;
#1407 = SURFACE_STYLE_FILL_AREA ( #2827 ) ;
#1408 = VECTOR ( 'NONE', #2464, 1000.000000000000000 ) ;
#1409 = LINE ( 'NONE', #6829, #5617 ) ;
#1410 = ORIENTED_EDGE ( 'NONE', *, *, #432, .T. ) ;
#1411 = EDGE_LOOP ( 'NONE', ( #3566, #1012, #5460, #8408 ) ) ;
#1412 = DIRECTION ( 'NONE',  ( -1.000000000000000000, -0.000000000000000000, -0.000000000000000000 ) ) ;
#1413 = CARTESIAN_POINT ( 'NONE',  ( 0.9700000000000000844, 0.1700000000000000122, -0.2499999999999998890 ) ) ;
#1414 = LINE ( 'NONE', #6299, #2925 ) ;
#1415 = PRESENTATION_LAYER_ASSIGNMENT (  '', '', ( #5269 ) ) ;
#1416 = FACE_OUTER_BOUND ( 'NONE', #5974, .T. ) ;
#1417 = LINE ( 'NONE', #4071, #7157 ) ;
#1418 = CARTESIAN_POINT ( 'NONE',  ( 1.400000000000000133, 0.1500000000000000222, -0.2799999999999999711 ) ) ;
#1419 = ORIENTED_EDGE ( 'NONE', *, *, #8321, .F. ) ;
#1420 = ORIENTED_EDGE ( 'NONE', *, *, #3214, .F. ) ;
#1421 = VECTOR ( 'NONE', #821, 1000.000000000000000 ) ;
#1422 = LINE ( 'NONE', #4858, #5976 ) ;
#1423 = FACE_OUTER_BOUND ( 'NONE', #2668, .T. ) ;
#1424 = DIRECTION ( 'NONE',  ( -0.000000000000000000, 0.000000000000000000, 1.000000000000000000 ) ) ;
#1425 = PLANE ( 'NONE',  #901 ) ;
#1426 =( GEOMETRIC_REPRESENTATION_CONTEXT ( 3 ) GLOBAL_UNCERTAINTY_ASSIGNED_CONTEXT ( ( #2364 ) ) GLOBAL_UNIT_ASSIGNED_CONTEXT ( ( #1290, #3327, #775 ) ) REPRESENTATION_CONTEXT ( 'NONE', 'WORKASPACE' ) );
#1427 = SURFACE_SIDE_STYLE ('',( #6965 ) ) ;
#1428 = ORIENTED_EDGE ( 'NONE', *, *, #5192, .F. ) ;
#1429 = EDGE_CURVE ( 'NONE', #935, #2614, #4547, .T. ) ;
#1430 = ADVANCED_FACE ( 'NONE', ( #8804 ), #2557, .F. ) ;
#1431 = CARTESIAN_POINT ( 'NONE',  ( 0.5699999999999999512, 0.1500000000000008271, -0.2499999999999998890 ) ) ;
#1432 = CARTESIAN_POINT ( 'NONE',  ( 0.5699999999999995071, 0.1500000000000008271, 0.1499999999999999944 ) ) ;
#1433 = DIRECTION ( 'NONE',  ( -0.000000000000000000, 0.000000000000000000, 1.000000000000000000 ) ) ;
#1434 = FACE_OUTER_BOUND ( 'NONE', #4329, .T. ) ;
#1435 = SURFACE_STYLE_FILL_AREA ( #932 ) ;
#1436 = CARTESIAN_POINT ( 'NONE',  ( 0.8000000000000000444, 0.1499999999999999667, 0.2799999999999999711 ) ) ;
#1437 = ORIENTED_EDGE ( 'NONE', *, *, #3493, .F. ) ;
#1438 = DIRECTION ( 'NONE',  ( 0.000000000000000000, 1.000000000000000000, -1.807003620809174139E-16 ) ) ;
#1439 = ADVANCED_FACE ( 'NONE', ( #8127 ), #7314, .F. ) ;
#1440 = VERTEX_POINT ( 'NONE', #3854 ) ;
#1441 = FACE_OUTER_BOUND ( 'NONE', #5288, .T. ) ;
#1442 = CARTESIAN_POINT ( 'NONE',  ( 1.400000000000000133, 0.1500000000000000222, -0.2499999999999998890 ) ) ;
#1443 = ADVANCED_FACE ( 'NONE', ( #4037 ), #6794, .F. ) ;
#1444 = DIRECTION ( 'NONE',  ( -1.000000000000000000, 0.000000000000000000, 0.000000000000000000 ) ) ;
#1445 = PLANE ( 'NONE',  #7893 ) ;
#1446 = DIRECTION ( 'NONE',  ( 0.000000000000000000, 0.000000000000000000, -1.000000000000000000 ) ) ;
#1447 =( LENGTH_UNIT ( ) NAMED_UNIT ( * ) SI_UNIT ( .MILLI., .METRE. ) );
#1448 = ORIENTED_EDGE ( 'NONE', *, *, #2095, .F. ) ;
#1449 = ORIENTED_EDGE ( 'NONE', *, *, #810, .T. ) ;
#1450 = DIRECTION ( 'NONE',  ( -0.000000000000000000, 1.000000000000000000, -0.000000000000000000 ) ) ;
#1451 = CARTESIAN_POINT ( 'NONE',  ( 1.400000000000000133, 0.1500000000000000222, -0.2799999999999999711 ) ) ;
#1452 = AXIS2_PLACEMENT_3D ( 'NONE', #6490, #3829, #5153 ) ;
#1453 = CARTESIAN_POINT ( 'NONE',  ( 1.230000000000000204, -0.1699999999999999289, 0.1499999999999999944 ) ) ;
#1454 =( LENGTH_UNIT ( ) NAMED_UNIT ( * ) SI_UNIT ( .MILLI., .METRE. ) );
#1455 = CARTESIAN_POINT ( 'NONE',  ( 0.4286715151571738880, -0.1500000000000008271, 0.2499999999999998890 ) ) ;
#1456 = UNCERTAINTY_MEASURE_WITH_UNIT (LENGTH_MEASURE( 1.000000000000000082E-05 ), #5944, 'distance_accuracy_value', 'NONE');
#1457 = DIRECTION ( 'NONE',  ( 1.000000000000000000, 0.000000000000000000, -0.000000000000000000 ) ) ;
#1458 = VERTEX_POINT ( 'NONE', #3026 ) ;
#1459 = ORIENTED_EDGE ( 'NONE', *, *, #5789, .F. ) ;
#1460 = LINE ( 'NONE', #7577, #6961 ) ;
#1461 = STYLED_ITEM ( 'NONE', ( #7783 ), #2590 ) ;
#1463 = FACE_OUTER_BOUND ( 'NONE', #135, .T. ) ;
#1462 = AXIS2_PLACEMENT_3D ( 'NONE', #5927, #8510, #4530 ) ;
#1464 =( NAMED_UNIT ( * ) PLANE_ANGLE_UNIT ( ) SI_UNIT ( $, .RADIAN. ) );
#1465 = SURFACE_STYLE_FILL_AREA ( #6375 ) ;
#1466 = COLOUR_RGB ( '',0.6470588235294117974, 0.6196078431372549211, 0.5999999999999999778 ) ;
#1467 = COLOUR_RGB ( '',0.6470588235294117974, 0.6196078431372549211, 0.5999999999999999778 ) ;
#1468 = ORIENTED_EDGE ( 'NONE', *, *, #8375, .F. ) ;
#1469 = CARTESIAN_POINT ( 'NONE',  ( 1.000000000000000000, 0.1499999999999999667, 0.2799999999999999711 ) ) ;
#1470 =( GEOMETRIC_REPRESENTATION_CONTEXT ( 3 ) GLOBAL_UNCERTAINTY_ASSIGNED_CONTEXT ( ( #6615 ) ) GLOBAL_UNIT_ASSIGNED_CONTEXT ( ( #3845, #7267, #5217 ) ) REPRESENTATION_CONTEXT ( 'NONE', 'WORKASPACE' ) );
#1471 = VERTEX_POINT ( 'NONE', #4319 ) ;
#1472 = AXIS2_PLACEMENT_3D ( 'NONE', #4727, #7458, #1254 ) ;
#1473 = STYLED_ITEM ( 'NONE', ( #6356 ), #2316 ) ;
#1474 = CARTESIAN_POINT ( 'NONE',  ( 0.3999999999999999667, -1.249999999999999112, -0.2499999999999998890 ) ) ;
#1475 = EDGE_CURVE ( 'NONE', #1322, #1672, #7143, .T. ) ;
#1476 = CARTESIAN_POINT ( 'NONE',  ( 0.6000000000000000888, -0.1499999999999999389, 0.1499999999999999944 ) ) ;
#1477 = SURFACE_SIDE_STYLE ('',( #2730 ) ) ;
#1478 = UNCERTAINTY_MEASURE_WITH_UNIT (LENGTH_MEASURE( 1.000000000000000082E-05 ), #7787, 'distance_accuracy_value', 'NONE');
#1479 = EDGE_LOOP ( 'NONE', ( #7832, #5609, #2744, #7876 ) ) ;
#1480 = DIRECTION ( 'NONE',  ( -0.000000000000000000, 1.000000000000000000, -0.000000000000000000 ) ) ;
#1481 = PRESENTATION_LAYER_ASSIGNMENT (  '', '', ( #2772 ) ) ;
#1482 = ORIENTED_EDGE ( 'NONE', *, *, #2424, .T. ) ;
#1483 = DIRECTION ( 'NONE',  ( -1.000000000000000000, -0.000000000000000000, -0.000000000000000000 ) ) ;
#1484 = VECTOR ( 'NONE', #2794, 1000.000000000000000 ) ;
#1485 = PLANE ( 'NONE',  #3095 ) ;
#1486 = AXIS2_PLACEMENT_3D ( 'NONE', #1894, #6734, #3312 ) ;
#1487 = LINE ( 'NONE', #8374, #1753 ) ;
#1488 = EDGE_CURVE ( 'NONE', #3681, #5941, #3653, .T. ) ;
#1489 =( NAMED_UNIT ( * ) SI_UNIT ( $, .STERADIAN. ) SOLID_ANGLE_UNIT ( ) );
#1490 = PRESENTATION_STYLE_ASSIGNMENT (( #7603 ) ) ;
#1491 = LINE ( 'NONE', #59, #4475 ) ;
#1492 = ADVANCED_FACE ( 'NONE', ( #6487 ), #8500, .F. ) ;
#1493 = DIRECTION ( 'NONE',  ( 1.000000000000000000, 0.000000000000000000, 0.000000000000000000 ) ) ;
#1494 = ORIENTED_EDGE ( 'NONE', *, *, #5315, .F. ) ;
#1495 = VERTEX_POINT ( 'NONE', #4510 ) ;
#1496 = CARTESIAN_POINT ( 'NONE',  ( 0.1700000000000000122, -19.83000000000000185, 0.2499999999999998335 ) ) ;
#1497 = SURFACE_SIDE_STYLE ('',( #8841 ) ) ;
#1498 = CARTESIAN_POINT ( 'NONE',  ( 1.200000000000000178, 0.1699999999999999567, 0.2999999999999999334 ) ) ;
#1499 = DIRECTION ( 'NONE',  ( -0.000000000000000000, 1.000000000000000000, -0.000000000000000000 ) ) ;
#1500 = LINE ( 'NONE', #6953, #2877 ) ;
#1501 = CARTESIAN_POINT ( 'NONE',  ( 0.4300000000000000488, -19.83000000000000185, 0.2499999999999998335 ) ) ;
#1502 = VECTOR ( 'NONE', #6252, 1000.000000000000000 ) ;
#1503 = EDGE_CURVE ( 'NONE', #1651, #7449, #3072, .T. ) ;
#1504 = VERTEX_POINT ( 'NONE', #5855 ) ;
#1505 = UNCERTAINTY_MEASURE_WITH_UNIT (LENGTH_MEASURE( 1.000000000000000082E-05 ), #2299, 'distance_accuracy_value', 'NONE');
#1506 = EDGE_LOOP ( 'NONE', ( #435, #5106, #355, #394 ) ) ;
#1507 = DIRECTION ( 'NONE',  ( -0.000000000000000000, 1.000000000000000000, -0.000000000000000000 ) ) ;
#1508 = CARTESIAN_POINT ( 'NONE',  ( 0.6000000000000000888, 0.1499999999999999667, 0.2799999999999999711 ) ) ;
#1509 = PRESENTATION_LAYER_ASSIGNMENT (  '', '', ( #5373 ) ) ;
#1510 = ORIENTED_EDGE ( 'NONE', *, *, #7156, .F. ) ;
#1511 = LINE ( 'NONE', #3423, #4378 ) ;
#1512 = LINE ( 'NONE', #4215, #8242 ) ;
#1513 = DIRECTION ( 'NONE',  ( 0.000000000000000000, -1.000000000000000000, 1.594414959537507173E-16 ) ) ;
#1514 = CARTESIAN_POINT ( 'NONE',  ( 0.6000000000000000888, 0.1500000000000000222, -0.2799999999999999711 ) ) ;
#1515 = DIRECTION ( 'NONE',  ( 1.000000000000000000, -0.000000000000000000, -0.000000000000000000 ) ) ;
#1516 = CARTESIAN_POINT ( 'NONE',  ( 0.1700000000000000122, -0.1700000000000000400, -0.1499999999999999944 ) ) ;
#1517 = SURFACE_STYLE_USAGE ( .BOTH. , #7638 ) ;
#1518 = CARTESIAN_POINT ( 'NONE',  ( 0.02000000000000021899, 0.1800000000000000766, -0.1499999999999999944 ) ) ;
#1519 = ORIENTED_EDGE ( 'NONE', *, *, #2801, .T. ) ;
#1520 = ORIENTED_EDGE ( 'NONE', *, *, #6619, .F. ) ;
#1521 = FILL_AREA_STYLE_COLOUR ( '', #1801 ) ;
#1522 = AXIS2_PLACEMENT_3D ( 'NONE', #6702, #5940, #3991 ) ;
#1523 = ORIENTED_EDGE ( 'NONE', *, *, #7986, .T. ) ;
#1524 = CARTESIAN_POINT ( 'NONE',  ( 1.400000000000000133, -0.1700000000000000122, -0.2999999999999999889 ) ) ;
#1525 = DIRECTION ( 'NONE',  ( 0.000000000000000000, 1.000000000000000000, -0.000000000000000000 ) ) ;
#1526 = CARTESIAN_POINT ( 'NONE',  ( 1.228671515157173655, 0.1500000000000008271, 0.2499999999999998890 ) ) ;
#1527 = FILL_AREA_STYLE_COLOUR ( '', #893 ) ;
#1528 = VECTOR ( 'NONE', #3132, 1000.000000000000000 ) ;
#1529 = SURFACE_STYLE_USAGE ( .BOTH. , #902 ) ;
#1530 = APPLICATION_PROTOCOL_DEFINITION ( 'draft international standard', 'automotive_design', 1998, #29 ) ;
#1531 = ORIENTED_EDGE ( 'NONE', *, *, #6685, .F. ) ;
#1532 = ORIENTED_EDGE ( 'NONE', *, *, #2801, .F. ) ;
#1533 = COLOUR_RGB ( '',0.6470588235294117974, 0.6196078431372549211, 0.5999999999999999778 ) ;
#1534 = ADVANCED_FACE ( 'NONE', ( #4407 ), #5810, .F. ) ;
#1535 = ADVANCED_FACE ( 'NONE', ( #5151 ), #8730, .F. ) ;
#1536 = PLANE ( 'NONE',  #6865 ) ;
#1537 = EDGE_CURVE ( 'NONE', #8349, #5404, #1270, .T. ) ;
#1538 =( GEOMETRIC_REPRESENTATION_CONTEXT ( 3 ) GLOBAL_UNCERTAINTY_ASSIGNED_CONTEXT ( ( #2357 ) ) GLOBAL_UNIT_ASSIGNED_CONTEXT ( ( #5780, #8649, #5428 ) ) REPRESENTATION_CONTEXT ( 'NONE', 'WORKASPACE' ) );
#1539 = CARTESIAN_POINT ( 'NONE',  ( 0.2000000000000000111, 0.1700000000000000122, -0.06916666666666672347 ) ) ;
#1540 = VECTOR ( 'NONE', #6102, 1000.000000000000000 ) ;
#1541 = CARTESIAN_POINT ( 'NONE',  ( 0.6000000000000000888, -0.1500000000000008271, -0.2499999999999998890 ) ) ;
#1542 = SURFACE_STYLE_USAGE ( .BOTH. , #4853 ) ;
#1543 = CARTESIAN_POINT ( 'NONE',  ( 1.400000000000000133, 0.1700000000000000122, -0.2999999999999999334 ) ) ;
#1544 = VERTEX_POINT ( 'NONE', #8103 ) ;
#1545 = ORIENTED_EDGE ( 'NONE', *, *, #5692, .F. ) ;
#1546 = ORIENTED_EDGE ( 'NONE', *, *, #3387, .T. ) ;
#1547 =( GEOMETRIC_REPRESENTATION_CONTEXT ( 3 ) GLOBAL_UNCERTAINTY_ASSIGNED_CONTEXT ( ( #3412 ) ) GLOBAL_UNIT_ASSIGNED_CONTEXT ( ( #7973, #7293, #8691 ) ) REPRESENTATION_CONTEXT ( 'NONE', 'WORKASPACE' ) );
#1548 = EDGE_CURVE ( 'NONE', #735, #2731, #6009, .T. ) ;
#1549 = SURFACE_STYLE_USAGE ( .BOTH. , #1056 ) ;
#1550 = ADVANCED_FACE ( 'NONE', ( #7926 ), #1845, .F. ) ;
#1551 = LINE ( 'NONE', #4388, #7784 ) ;
#1552 = PRESENTATION_STYLE_ASSIGNMENT (( #6245 ) ) ;
#1553 = CARTESIAN_POINT ( 'NONE',  ( 0.6000000000000000888, 0.1700000000000000122, -0.2999999999999999334 ) ) ;
#1554 = EDGE_LOOP ( 'NONE', ( #6207, #8687, #3630, #5146 ) ) ;
#1555 = MECHANICAL_DESIGN_GEOMETRIC_PRESENTATION_REPRESENTATION (  '', ( #8265 ), #5416 ) ;
#1556 =( NAMED_UNIT ( * ) SI_UNIT ( $, .STERADIAN. ) SOLID_ANGLE_UNIT ( ) );
#1557 = PLANE ( 'NONE',  #2236 ) ;
#1558 =( NAMED_UNIT ( * ) PLANE_ANGLE_UNIT ( ) SI_UNIT ( $, .RADIAN. ) );
#1559 =( GEOMETRIC_REPRESENTATION_CONTEXT ( 3 ) GLOBAL_UNCERTAINTY_ASSIGNED_CONTEXT ( ( #3679 ) ) GLOBAL_UNIT_ASSIGNED_CONTEXT ( ( #2131, #8163, #4072 ) ) REPRESENTATION_CONTEXT ( 'NONE', 'WORKASPACE' ) );
#1560 = ORIENTED_EDGE ( 'NONE', *, *, #2485, .T. ) ;
#1561 = ORIENTED_EDGE ( 'NONE', *, *, #6278, .T. ) ;
#1562 = CARTESIAN_POINT ( 'NONE',  ( 2.168404344971008868E-16, -0.1500000000000008271, 0.2795000000000000817 ) ) ;
#1563 =( GEOMETRIC_REPRESENTATION_CONTEXT ( 3 ) GLOBAL_UNCERTAINTY_ASSIGNED_CONTEXT ( ( #7809 ) ) GLOBAL_UNIT_ASSIGNED_CONTEXT ( ( #7059, #8446, #2459 ) ) REPRESENTATION_CONTEXT ( 'NONE', 'WORKASPACE' ) );
#1564 = ORIENTED_EDGE ( 'NONE', *, *, #8100, .F. ) ;
#1565 = SURFACE_STYLE_FILL_AREA ( #7689 ) ;
#1566 =( NAMED_UNIT ( * ) SI_UNIT ( $, .STERADIAN. ) SOLID_ANGLE_UNIT ( ) );
#1567 = CARTESIAN_POINT ( 'NONE',  ( 1.000000000000000000, 0.000000000000000000, 0.000000000000000000 ) ) ;
#1568 = CARTESIAN_POINT ( 'NONE',  ( 0.6000000000000000888, -0.1500000000000008271, -0.2795000000000000262 ) ) ;
#1569 = DIRECTION ( 'NONE',  ( 0.000000000000000000, 0.000000000000000000, 1.000000000000000000 ) ) ;
#1570 = VERTEX_POINT ( 'NONE', #5290 ) ;
#1571 = DIRECTION ( 'NONE',  ( 0.000000000000000000, 0.000000000000000000, -1.000000000000000000 ) ) ;
#1572 = VERTEX_POINT ( 'NONE', #6679 ) ;
#1573 = CARTESIAN_POINT ( 'NONE',  ( 0.1699999999999996791, -1.249999999999999112, 0.1499999999999999944 ) ) ;
#1574 = FILL_AREA_STYLE_COLOUR ( '', #4469 ) ;
#1575 = CARTESIAN_POINT ( 'NONE',  ( 1.350000000000000089, -19.83000000000000185, -0.2499999999999998890 ) ) ;
#1576 = DIRECTION ( 'NONE',  ( 0.000000000000000000, -1.000000000000000000, 0.000000000000000000 ) ) ;
#1577 = ADVANCED_FACE ( 'NONE', ( #3877 ), #3835, .F. ) ;
#1578 = EDGE_CURVE ( 'NONE', #2463, #7374, #5964, .T. ) ;
#1579 = ORIENTED_EDGE ( 'NONE', *, *, #2904, .F. ) ;
#1580 = SURFACE_STYLE_FILL_AREA ( #1344 ) ;
#1581 = ORIENTED_EDGE ( 'NONE', *, *, #5302, .F. ) ;
#1582 = EDGE_LOOP ( 'NONE', ( #6804, #5211, #5785, #5117 ) ) ;
#1583 = PLANE ( 'NONE',  #1936 ) ;
#1584 = CARTESIAN_POINT ( 'NONE',  ( 0.1700000000000000122, -19.83000000000000185, 0.2499999999999998335 ) ) ;
#1585 =( NAMED_UNIT ( * ) PLANE_ANGLE_UNIT ( ) SI_UNIT ( $, .RADIAN. ) );
#1586 = ADVANCED_FACE ( 'NONE', ( #3969 ), #5335, .F. ) ;
#1587 = VECTOR ( 'NONE', #3778, 1000.000000000000000 ) ;
#1588 = ORIENTED_EDGE ( 'NONE', *, *, #5310, .T. ) ;
#1589 = EDGE_CURVE ( 'NONE', #8017, #8008, #524, .T. ) ;
#1590 = CARTESIAN_POINT ( 'NONE',  ( 1.000000000000000000, 0.1500000000000000222, -0.2799999999999999711 ) ) ;
#1591 = CARTESIAN_POINT ( 'NONE',  ( 1.000000000000000000, -0.1500000000000000500, -0.1499999999999999944 ) ) ;
#1592 =( GEOMETRIC_REPRESENTATION_CONTEXT ( 3 ) GLOBAL_UNCERTAINTY_ASSIGNED_CONTEXT ( ( #2635 ) ) GLOBAL_UNIT_ASSIGNED_CONTEXT ( ( #3090, #5209, #7976 ) ) REPRESENTATION_CONTEXT ( 'NONE', 'WORKASPACE' ) );
#1593 = CARTESIAN_POINT ( 'NONE',  ( 0.4000000000000000222, 0.000000000000000000, -0.2499999999999998890 ) ) ;
#1594 = CARTESIAN_POINT ( 'NONE',  ( 0.9700000000000000844, 0.1500000000000008271, -0.1499999999999999944 ) ) ;
#1595 = LINE ( 'NONE', #794, #7325 ) ;
#1596 = CARTESIAN_POINT ( 'NONE',  ( 0.5699999999999999512, 0.1500000000000000222, -0.2799999999999999711 ) ) ;
#1597 = ORIENTED_EDGE ( 'NONE', *, *, #8151, .T. ) ;
#1598 =( GEOMETRIC_REPRESENTATION_CONTEXT ( 3 ) GLOBAL_UNCERTAINTY_ASSIGNED_CONTEXT ( ( #7322 ) ) GLOBAL_UNIT_ASSIGNED_CONTEXT ( ( #1058, #8704, #8610 ) ) REPRESENTATION_CONTEXT ( 'NONE', 'WORKASPACE' ) );
#1599 = ORIENTED_EDGE ( 'NONE', *, *, #1488, .T. ) ;
#1600 = DIRECTION ( 'NONE',  ( -0.000000000000000000, 0.000000000000000000, -1.000000000000000000 ) ) ;
#1601 = DIRECTION ( 'NONE',  ( -1.000000000000000000, 0.000000000000000000, 0.000000000000000000 ) ) ;
#1602 = ORIENTED_EDGE ( 'NONE', *, *, #1826, .F. ) ;
#1603 = VECTOR ( 'NONE', #8106, 1000.000000000000000 ) ;
#1604 = VECTOR ( 'NONE', #6768, 1000.000000000000000 ) ;
#1605 = CARTESIAN_POINT ( 'NONE',  ( 1.200000000000000178, -1.249999999999999112, -0.2499999999999998890 ) ) ;
#1606 = PLANE ( 'NONE',  #8396 ) ;
#1607 = LINE ( 'NONE', #8583, #941 ) ;
#1608 = DIRECTION ( 'NONE',  ( -0.000000000000000000, -0.000000000000000000, 1.000000000000000000 ) ) ;
#1609 = CARTESIAN_POINT ( 'NONE',  ( 0.5699999999999999512, 0.1500000000000008271, -0.1499999999999999944 ) ) ;
#1610 =( GEOMETRIC_REPRESENTATION_CONTEXT ( 3 ) GLOBAL_UNCERTAINTY_ASSIGNED_CONTEXT ( ( #3052 ) ) GLOBAL_UNIT_ASSIGNED_CONTEXT ( ( #873, #1585, #3678 ) ) REPRESENTATION_CONTEXT ( 'NONE', 'WORKASPACE' ) );
#1611 = FILL_AREA_STYLE_COLOUR ( '', #1904 ) ;
#1612 = VECTOR ( 'NONE', #4357, 1000.000000000000000 ) ;
#1613 = ORIENTED_EDGE ( 'NONE', *, *, #4878, .T. ) ;
#1614 =( GEOMETRIC_REPRESENTATION_CONTEXT ( 3 ) GLOBAL_UNCERTAINTY_ASSIGNED_CONTEXT ( ( #5040 ) ) GLOBAL_UNIT_ASSIGNED_CONTEXT ( ( #121, #7637, #6166 ) ) REPRESENTATION_CONTEXT ( 'NONE', 'WORKASPACE' ) );
#1615 = ORIENTED_EDGE ( 'NONE', *, *, #6025, .F. ) ;
#1616 = AXIS2_PLACEMENT_3D ( 'NONE', #1543, #914, #5523 ) ;
#1617 = COLOUR_RGB ( '',0.6470588235294117974, 0.6196078431372549211, 0.5999999999999999778 ) ;
#1618 = PRESENTATION_STYLE_ASSIGNMENT (( #3666 ) ) ;
#1619 =( NAMED_UNIT ( * ) PLANE_ANGLE_UNIT ( ) SI_UNIT ( $, .RADIAN. ) );
#1620 = MECHANICAL_DESIGN_GEOMETRIC_PRESENTATION_REPRESENTATION (  '', ( #5759 ), #6638 ) ;
#1621 = LINE ( 'NONE', #2870, #25 ) ;
#1622 = CARTESIAN_POINT ( 'NONE',  ( 0.1699999999999996791, 0.1500000000000008271, 0.2499999999999998890 ) ) ;
#1623 = ORIENTED_EDGE ( 'NONE', *, *, #1222, .T. ) ;
#1624 =( NAMED_UNIT ( * ) PLANE_ANGLE_UNIT ( ) SI_UNIT ( $, .RADIAN. ) );
#1625 = ORIENTED_EDGE ( 'NONE', *, *, #5028, .F. ) ;
#1626 = VECTOR ( 'NONE', #2991, 1000.000000000000000 ) ;
#1627 = ORIENTED_EDGE ( 'NONE', *, *, #5844, .T. ) ;
#1628 = SURFACE_STYLE_FILL_AREA ( #964 ) ;
#1629 = EDGE_CURVE ( 'NONE', #7361, #3025, #3303, .T. ) ;
#1630 = UNCERTAINTY_MEASURE_WITH_UNIT (LENGTH_MEASURE( 1.000000000000000082E-05 ), #7129, 'distance_accuracy_value', 'NONE');
#1631 = FILL_AREA_STYLE ('',( #3768 ) ) ;
#1632 = SURFACE_STYLE_FILL_AREA ( #201 ) ;
#1633 = UNCERTAINTY_MEASURE_WITH_UNIT (LENGTH_MEASURE( 1.000000000000000082E-05 ), #7457, 'distance_accuracy_value', 'NONE');
#1634 = SURFACE_SIDE_STYLE ('',( #8441 ) ) ;
#1635 = ORIENTED_EDGE ( 'NONE', *, *, #8778, .T. ) ;
#1636 = COLOUR_RGB ( '',0.1019607843137254888, 0.1019607843137254888, 0.1019607843137254888 ) ;
#1637 = FILL_AREA_STYLE ('',( #5045 ) ) ;
#1638 = DIRECTION ( 'NONE',  ( -0.000000000000000000, -0.000000000000000000, 1.000000000000000000 ) ) ;
#1639 = PRESENTATION_STYLE_ASSIGNMENT (( #5579 ) ) ;
#1640 = EDGE_CURVE ( 'NONE', #3813, #2829, #4610, .T. ) ;
#1641 = EDGE_CURVE ( 'NONE', #5868, #1035, #6772, .T. ) ;
#1642 = EDGE_CURVE ( 'NONE', #1788, #7352, #6892, .T. ) ;
#1643 = FILL_AREA_STYLE ('',( #7056 ) ) ;
#1644 = SURFACE_STYLE_USAGE ( .BOTH. , #6520 ) ;
#1645 = DIRECTION ( 'NONE',  ( 0.000000000000000000, -1.807003620809174139E-16, -1.000000000000000000 ) ) ;
#1646 = DIRECTION ( 'NONE',  ( -1.000000000000000000, -0.000000000000000000, -0.000000000000000000 ) ) ;
#1647 = DIRECTION ( 'NONE',  ( -0.000000000000000000, 1.000000000000000000, 1.594414959537506434E-16 ) ) ;
#1648 = ORIENTED_EDGE ( 'NONE', *, *, #4542, .F. ) ;
#1649 = ORIENTED_EDGE ( 'NONE', *, *, #432, .F. ) ;
#1650 = CARTESIAN_POINT ( 'NONE',  ( 0.1700000000000000122, -0.1500000000000008271, -0.2499999999999998890 ) ) ;
#1651 = VERTEX_POINT ( 'NONE', #2857 ) ;
#1652 =( NAMED_UNIT ( * ) PLANE_ANGLE_UNIT ( ) SI_UNIT ( $, .RADIAN. ) );
#1653 = PLANE ( 'NONE',  #1452 ) ;
#1654 = ADVANCED_FACE ( 'NONE', ( #6974 ), #5505, .F. ) ;
#1655 = CARTESIAN_POINT ( 'NONE',  ( 0.5999999999999996447, -0.1500000000000008271, 0.2795000000000000817 ) ) ;
#1656 = FACE_OUTER_BOUND ( 'NONE', #5238, .T. ) ;
#1657 = EDGE_CURVE ( 'NONE', #4018, #1658, #1400, .T. ) ;
#1658 = VERTEX_POINT ( 'NONE', #3564 ) ;
#1659 = DIRECTION ( 'NONE',  ( -0.01328367628057065992, -0.000000000000000000, -0.9999117680798007557 ) ) ;
#1660 = ORIENTED_EDGE ( 'NONE', *, *, #7789, .F. ) ;
#1661 =( LENGTH_UNIT ( ) NAMED_UNIT ( * ) SI_UNIT ( .MILLI., .METRE. ) );
#1662 = CLOSED_SHELL ( 'NONE', ( #989, #2145, #869, #1755, #6993, #7717, #6036, #1158, #6948, #6699, #4834, #3069, #7591, #5968, #2841, #3009, #7758, #3166 ) ) ;
#1663 = VECTOR ( 'NONE', #5435, 1000.000000000000000 ) ;
#1664 = LINE ( 'NONE', #3884, #8823 ) ;
#1665 = VECTOR ( 'NONE', #1849, 1000.000000000000000 ) ;
#1666 = CARTESIAN_POINT ( 'NONE',  ( 1.000000000000000000, -0.1700000000000000122, -0.2499999999999998890 ) ) ;
#1667 = SURFACE_STYLE_USAGE ( .BOTH. , #1761 ) ;
#1668 = LINE ( 'NONE', #6990, #2466 ) ;
#1669 = VERTEX_POINT ( 'NONE', #6294 ) ;
#1670 = VECTOR ( 'NONE', #1483, 1000.000000000000000 ) ;
#1671 = CARTESIAN_POINT ( 'NONE',  ( 1.199999999999999289, 0.1500000000000008271, 0.2499999999999998890 ) ) ;
#1672 = VERTEX_POINT ( 'NONE', #6216 ) ;
#1673 = STYLED_ITEM ( 'NONE', ( #4478 ), #6957 ) ;
#1674 = ORIENTED_EDGE ( 'NONE', *, *, #830, .T. ) ;
#1675 = VECTOR ( 'NONE', #4942, 1000.000000000000000 ) ;
#1676 = AXIS2_PLACEMENT_3D ( 'NONE', #5602, #7664, #4242 ) ;
#1677 = DIRECTION ( 'NONE',  ( -1.000000000000000000, 0.000000000000000000, -0.000000000000000000 ) ) ;
#1678 = CARTESIAN_POINT ( 'NONE',  ( 0.8000000000000000444, 0.1499999999999999667, 0.2499999999999998335 ) ) ;
#1679 = CARTESIAN_POINT ( 'NONE',  ( 0.5999999999999996447, 0.1500000000000008271, 0.2795000000000000817 ) ) ;
#1680 = ORIENTED_EDGE ( 'NONE', *, *, #8814, .T. ) ;
#1681 = SURFACE_STYLE_FILL_AREA ( #1637 ) ;
#1682 = UNCERTAINTY_MEASURE_WITH_UNIT (LENGTH_MEASURE( 1.000000000000000082E-05 ), #2430, 'distance_accuracy_value', 'NONE');
#1683 = DIRECTION ( 'NONE',  ( -1.000000000000000000, 0.000000000000000000, -0.000000000000000000 ) ) ;
#1684 =( NAMED_UNIT ( * ) PLANE_ANGLE_UNIT ( ) SI_UNIT ( $, .RADIAN. ) );
#1685 = DIRECTION ( 'NONE',  ( -0.000000000000000000, 1.000000000000000000, 1.594414959537506434E-16 ) ) ;
#1686 = DIRECTION ( 'NONE',  ( 0.000000000000000000, 1.807003620809174139E-16, 1.000000000000000000 ) ) ;
#1687 = FILL_AREA_STYLE ('',( #6522 ) ) ;
#1688 = VECTOR ( 'NONE', #2405, 1000.000000000000000 ) ;
#1689 = LINE ( 'NONE', #4450, #6142 ) ;
#1690 = CARTESIAN_POINT ( 'NONE',  ( 1.350000000000000089, -0.1699999999999999012, 0.2499999999999998335 ) ) ;
#1691 = ORIENTED_EDGE ( 'NONE', *, *, #2683, .F. ) ;
#1692 = EDGE_CURVE ( 'NONE', #212, #325, #8185, .T. ) ;
#1693 = ADVANCED_FACE ( 'NONE', ( #5586 ), #3433, .F. ) ;
#1694 = VERTEX_POINT ( 'NONE', #5552 ) ;
#1695 = DIRECTION ( 'NONE',  ( 0.000000000000000000, 0.000000000000000000, -1.000000000000000000 ) ) ;
#1696 = SURFACE_STYLE_USAGE ( .BOTH. , #6390 ) ;
#1697 = ORIENTED_EDGE ( 'NONE', *, *, #1101, .F. ) ;
#1698 = SURFACE_STYLE_FILL_AREA ( #1791 ) ;
#1699 = VECTOR ( 'NONE', #3413, 1000.000000000000000 ) ;
#1700 = CARTESIAN_POINT ( 'NONE',  ( 1.045745846904192033, -19.83000000000000185, -0.2499999999999998890 ) ) ;
#1701 = DIRECTION ( 'NONE',  ( 0.000000000000000000, 0.000000000000000000, -1.000000000000000000 ) ) ;
#1702 = SURFACE_STYLE_FILL_AREA ( #5684 ) ;
#1704 = EDGE_CURVE ( 'NONE', #6451, #5032, #8277, .T. ) ;
#1703 = VECTOR ( 'NONE', #7423, 1000.000000000000000 ) ;
#1705 = VERTEX_POINT ( 'NONE', #3691 ) ;
#1706 = EDGE_CURVE ( 'NONE', #3926, #4814, #1022, .T. ) ;
#1707 = EDGE_LOOP ( 'NONE', ( #2406, #5185, #3631, #98 ) ) ;
#1708 = DIRECTION ( 'NONE',  ( 0.000000000000000000, -1.000000000000000000, 0.000000000000000000 ) ) ;
#1709 = DIRECTION ( 'NONE',  ( 0.000000000000000000, 0.000000000000000000, -1.000000000000000000 ) ) ;
#1710 = CARTESIAN_POINT ( 'NONE',  ( 1.400000000000000133, 0.1499999999999999667, 0.2499999999999998335 ) ) ;
#1711 =( NAMED_UNIT ( * ) SI_UNIT ( $, .STERADIAN. ) SOLID_ANGLE_UNIT ( ) );
#1712 =( NAMED_UNIT ( * ) SI_UNIT ( $, .STERADIAN. ) SOLID_ANGLE_UNIT ( ) );
#1713 = FILL_AREA_STYLE ('',( #7160 ) ) ;
#1714 = ORIENTED_EDGE ( 'NONE', *, *, #2262, .F. ) ;
#1715 = DIRECTION ( 'NONE',  ( -1.000000000000000000, -0.000000000000000000, -0.000000000000000000 ) ) ;
#1716 = ORIENTED_EDGE ( 'NONE', *, *, #1968, .T. ) ;
#1717 = ORIENTED_EDGE ( 'NONE', *, *, #3108, .F. ) ;
#1718 = PRESENTATION_STYLE_ASSIGNMENT (( #5132 ) ) ;
#1719 = UNCERTAINTY_MEASURE_WITH_UNIT (LENGTH_MEASURE( 1.000000000000000082E-05 ), #4188, 'distance_accuracy_value', 'NONE');
#1720 =( NAMED_UNIT ( * ) PLANE_ANGLE_UNIT ( ) SI_UNIT ( $, .RADIAN. ) );
#1721 = FILL_AREA_STYLE_COLOUR ( '', #6623 ) ;
#1722 = UNCERTAINTY_MEASURE_WITH_UNIT (LENGTH_MEASURE( 1.000000000000000082E-05 ), #3811, 'distance_accuracy_value', 'NONE');
#1723 = CARTESIAN_POINT ( 'NONE',  ( 0.6000000000000000888, 0.1500000000000000222, -0.06916666666666672347 ) ) ;
#1724 = VERTEX_POINT ( 'NONE', #1650 ) ;
#1725 = DIRECTION ( 'NONE',  ( -1.000000000000000000, 0.000000000000000000, -0.000000000000000000 ) ) ;
#1726 = LINE ( 'NONE', #8569, #2551 ) ;
#1727 = SURFACE_STYLE_USAGE ( .BOTH. , #7135 ) ;
#1728 = FACE_OUTER_BOUND ( 'NONE', #6693, .T. ) ;
#1729 = AXIS2_PLACEMENT_3D ( 'NONE', #8682, #8138, #1963 ) ;
#1730 = PRESENTATION_STYLE_ASSIGNMENT (( #1644 ) ) ;
#1731 = LINE ( 'NONE', #3110, #3882 ) ;
#1732 = CARTESIAN_POINT ( 'NONE',  ( 0.7999999999999991562, -1.249999999999999112, 0.2795000000000000262 ) ) ;
#1733 = CARTESIAN_POINT ( 'NONE',  ( 0.4000000000000000222, 0.1700000000000000122, 0.2499999999999998335 ) ) ;
#1734 = ORIENTED_EDGE ( 'NONE', *, *, #1921, .F. ) ;
#1735 = ORIENTED_EDGE ( 'NONE', *, *, #1146, .F. ) ;
#1736 = CARTESIAN_POINT ( 'NONE',  ( 1.200000000000000178, -0.1499999999999999389, 0.2499999999999998335 ) ) ;
#1737 = CARTESIAN_POINT ( 'NONE',  ( 0.5699999999999999512, -0.1699999999999999289, 0.1499999999999999944 ) ) ;
#1738 = ORIENTED_EDGE ( 'NONE', *, *, #3567, .T. ) ;
#1739 = PRESENTATION_LAYER_ASSIGNMENT (  '', '', ( #4154 ) ) ;
#1740 = LINE ( 'NONE', #2429, #5035 ) ;
#1741 = ADVANCED_FACE ( 'NONE', ( #5060 ), #981, .F. ) ;
#1742 = FILL_AREA_STYLE_COLOUR ( '', #2079 ) ;
#1743 = LINE ( 'NONE', #8584, #3597 ) ;
#1744 = STYLED_ITEM ( 'NONE', ( #7395 ), #4031 ) ;
#1745 = DIRECTION ( 'NONE',  ( 0.000000000000000000, -5.878204549620201256E-15, -1.000000000000000000 ) ) ;
#1746 = VECTOR ( 'NONE', #5232, 1000.000000000000000 ) ;
#1747 = ORIENTED_EDGE ( 'NONE', *, *, #6332, .F. ) ;
#1748 = COLOUR_RGB ( '',0.6470588235294117974, 0.6196078431372549211, 0.5999999999999999778 ) ;
#1749 =( NAMED_UNIT ( * ) PLANE_ANGLE_UNIT ( ) SI_UNIT ( $, .RADIAN. ) );
#1750 = UNCERTAINTY_MEASURE_WITH_UNIT (LENGTH_MEASURE( 1.000000000000000082E-05 ), #6424, 'distance_accuracy_value', 'NONE');
#1751 = VERTEX_POINT ( 'NONE', #2287 ) ;
#1752 = SURFACE_SIDE_STYLE ('',( #8422 ) ) ;
#1753 = VECTOR ( 'NONE', #2250, 1000.000000000000000 ) ;
#1754 = CARTESIAN_POINT ( 'NONE',  ( 0.1700000000000000122, 0.1700000000000000122, 0.06916666666666670960 ) ) ;
#1755 = ADVANCED_FACE ( 'NONE', ( #5008 ), #7825, .F. ) ;
#1756 = EDGE_CURVE ( 'NONE', #6966, #889, #7780, .T. ) ;
#1757 =( GEOMETRIC_REPRESENTATION_CONTEXT ( 3 ) GLOBAL_UNCERTAINTY_ASSIGNED_CONTEXT ( ( #6460 ) ) GLOBAL_UNIT_ASSIGNED_CONTEXT ( ( #7046, #1464, #4994 ) ) REPRESENTATION_CONTEXT ( 'NONE', 'WORKASPACE' ) );
#1758 = SURFACE_STYLE_FILL_AREA ( #5207 ) ;
#1759 = AXIS2_PLACEMENT_3D ( 'NONE', #6936, #6258, #129 ) ;
#1761 = SURFACE_SIDE_STYLE ('',( #6406 ) ) ;
#1760 = VECTOR ( 'NONE', #2284, 1000.000000000000000 ) ;
#1762 = PLANE ( 'NONE',  #1462 ) ;
#1763 = DIRECTION ( 'NONE',  ( 0.000000000000000000, 0.000000000000000000, 1.000000000000000000 ) ) ;
#1764 = VERTEX_POINT ( 'NONE', #6389 ) ;
#1765 = LINE ( 'NONE', #6593, #6477 ) ;
#1766 = EDGE_LOOP ( 'NONE', ( #4203, #5560, #4000, #361 ) ) ;
#1767 = ORIENTED_EDGE ( 'NONE', *, *, #4799, .T. ) ;
#1768 = VECTOR ( 'NONE', #634, 1000.000000000000000 ) ;
#1769 = DIRECTION ( 'NONE',  ( -0.000000000000000000, 1.000000000000000000, -0.000000000000000000 ) ) ;
#1770 = VECTOR ( 'NONE', #5520, 1000.000000000000000 ) ;
#1771 = DIRECTION ( 'NONE',  ( 0.000000000000000000, -1.000000000000000000, -1.594414959537506680E-16 ) ) ;
#1772 = ADVANCED_FACE ( 'NONE', ( #3652 ), #4405, .T. ) ;
#1773 = COLOUR_RGB ( '',0.6470588235294117974, 0.6196078431372549211, 0.5999999999999999778 ) ;
#1774 = SURFACE_STYLE_USAGE ( .BOTH. , #7805 ) ;
#1775 = LINE ( 'NONE', #7219, #7752 ) ;
#1776 =( LENGTH_UNIT ( ) NAMED_UNIT ( * ) SI_UNIT ( .MILLI., .METRE. ) );
#1777 = EDGE_LOOP ( 'NONE', ( #3231, #4771, #2100, #1241, #5443, #7864, #3993, #3880 ) ) ;
#1778 = CARTESIAN_POINT ( 'NONE',  ( 1.000000000000000000, -0.1700000000000000400, -0.1499999999999999944 ) ) ;
#1779 = DIRECTION ( 'NONE',  ( 0.000000000000000000, -1.000000000000000000, 0.000000000000000000 ) ) ;
#1780 =( LENGTH_UNIT ( ) NAMED_UNIT ( * ) SI_UNIT ( .MILLI., .METRE. ) );
#1781 = PLANE ( 'NONE',  #6596 ) ;
#1782 = SURFACE_STYLE_USAGE ( .BOTH. , #5892 ) ;
#1783 = DIRECTION ( 'NONE',  ( -1.000000000000000000, 0.000000000000000000, 0.000000000000000000 ) ) ;
#1784 = CARTESIAN_POINT ( 'NONE',  ( 1.200000000000000178, 0.1499999999999999667, 0.2799999999999999711 ) ) ;
#1785 =( LENGTH_UNIT ( ) NAMED_UNIT ( * ) SI_UNIT ( .MILLI., .METRE. ) );
#1786 = COLOUR_RGB ( '',0.6470588235294117974, 0.6196078431372549211, 0.5999999999999999778 ) ;
#1787 = ORIENTED_EDGE ( 'NONE', *, *, #890, .T. ) ;
#1788 = VERTEX_POINT ( 'NONE', #7106 ) ;
#1789 = FILL_AREA_STYLE_COLOUR ( '', #6316 ) ;
#1790 = ORIENTED_EDGE ( 'NONE', *, *, #2473, .F. ) ;
#1791 = FILL_AREA_STYLE ('',( #2328 ) ) ;
#1792 = VECTOR ( 'NONE', #8023, 1000.000000000000000 ) ;
#1793 =( NAMED_UNIT ( * ) SI_UNIT ( $, .STERADIAN. ) SOLID_ANGLE_UNIT ( ) );
#1794 = DIRECTION ( 'NONE',  ( -0.000000000000000000, 1.000000000000000000, -0.000000000000000000 ) ) ;
#1795 = VECTOR ( 'NONE', #4969, 1000.000000000000000 ) ;
#1796 = ORIENTED_EDGE ( 'NONE', *, *, #2804, .T. ) ;
#1797 = ORIENTED_EDGE ( 'NONE', *, *, #2028, .F. ) ;
#1798 = FACE_OUTER_BOUND ( 'NONE', #4360, .T. ) ;
#1799 = STYLED_ITEM ( 'NONE', ( #6753 ), #1439 ) ;
#1800 = SURFACE_STYLE_USAGE ( .BOTH. , #3131 ) ;
#1801 = COLOUR_RGB ( '',0.6470588235294117974, 0.6196078431372549211, 0.5999999999999999778 ) ;
#1802 = CARTESIAN_POINT ( 'NONE',  ( 0.6000000000000000888, 0.1500000000000008271, -0.2499999999999998890 ) ) ;
#1803 = SURFACE_STYLE_USAGE ( .BOTH. , #1044 ) ;
#1804 = SURFACE_STYLE_USAGE ( .BOTH. , #3708 ) ;
#1805 = PRESENTATION_STYLE_ASSIGNMENT (( #7207 ) ) ;
#1806 = VERTEX_POINT ( 'NONE', #301 ) ;
#1807 = CARTESIAN_POINT ( 'NONE',  ( 0.02000000000000021899, 0.1800000000000000488, 0.1499999999999999667 ) ) ;
#1808 = VECTOR ( 'NONE', #2378, 1000.000000000000000 ) ;
#1809 = VERTEX_POINT ( 'NONE', #8367 ) ;
#1810 = EDGE_CURVE ( 'NONE', #3760, #6340, #8498, .T. ) ;
#1811 = EDGE_CURVE ( 'NONE', #3003, #6010, #6342, .T. ) ;
#1812 = EDGE_CURVE ( 'NONE', #2503, #5000, #216, .T. ) ;
#1813 = ORIENTED_EDGE ( 'NONE', *, *, #115, .F. ) ;
#1814 = COLOUR_RGB ( '',0.6470588235294117974, 0.6196078431372549211, 0.5999999999999999778 ) ;
#1815 = AXIS2_PLACEMENT_3D ( 'NONE', #3105, #2414, #5142 ) ;
#1816 = DIRECTION ( 'NONE',  ( 0.000000000000000000, -0.000000000000000000, -1.000000000000000000 ) ) ;
#1817 = PRESENTATION_LAYER_ASSIGNMENT (  '', '', ( #5665 ) ) ;
#1818 = PRESENTATION_STYLE_ASSIGNMENT (( #5788 ) ) ;
#1819 = SURFACE_STYLE_FILL_AREA ( #7305 ) ;
#1820 = CARTESIAN_POINT ( 'NONE',  ( 1.400000000000000133, 0.1499999999999999667, 0.06916666666666672347 ) ) ;
#1821 = MECHANICAL_DESIGN_GEOMETRIC_PRESENTATION_REPRESENTATION (  '', ( #3370 ), #664 ) ;
#1822 = VECTOR ( 'NONE', #4783, 1000.000000000000000 ) ;
#1823 = FILL_AREA_STYLE_COLOUR ( '', #4458 ) ;
#1824 = MECHANICAL_DESIGN_GEOMETRIC_PRESENTATION_REPRESENTATION (  '', ( #5811 ), #6381 ) ;
#1825 = VERTEX_POINT ( 'NONE', #1736 ) ;
#1826 = EDGE_CURVE ( 'NONE', #3824, #8752, #4317, .T. ) ;
#1827 = DIRECTION ( 'NONE',  ( -0.000000000000000000, 1.000000000000000000, 1.594414959537506434E-16 ) ) ;
#1828 = ADVANCED_FACE ( 'NONE', ( #2941 ), #2898, .F. ) ;
#1829 = STYLED_ITEM ( 'NONE', ( #242 ), #867 ) ;
#1830 = FILL_AREA_STYLE ('',( #1336 ) ) ;
#1831 = AXIS2_PLACEMENT_3D ( 'NONE', #104, #6230, #721 ) ;
#1832 = FILL_AREA_STYLE_COLOUR ( '', #1786 ) ;
#1833 = LINE ( 'NONE', #7912, #2478 ) ;
#1834 = VECTOR ( 'NONE', #8134, 1000.000000000000000 ) ;
#1835 = DIRECTION ( 'NONE',  ( 0.000000000000000000, -1.000000000000000000, 0.000000000000000000 ) ) ;
#1836 = VERTEX_POINT ( 'NONE', #3825 ) ;
#1837 = DIRECTION ( 'NONE',  ( 0.000000000000000000, -1.000000000000000000, 0.000000000000000000 ) ) ;
#1838 = ORIENTED_EDGE ( 'NONE', *, *, #7719, .T. ) ;
#1839 = CARTESIAN_POINT ( 'NONE',  ( 0.8000000000000000444, -0.1500000000000000500, -0.2799999999999999711 ) ) ;
#1840 = FACE_OUTER_BOUND ( 'NONE', #3713, .T. ) ;
#1841 = FILL_AREA_STYLE_COLOUR ( '', #1180 ) ;
#1842 = CARTESIAN_POINT ( 'NONE',  ( 0.2000000000000000111, 0.000000000000000000, -0.2499999999999998890 ) ) ;
#1843 = LINE ( 'NONE', #6722, #8489 ) ;
#1844 = VERTEX_POINT ( 'NONE', #8090 ) ;
#1845 = PLANE ( 'NONE',  #5050 ) ;
#1846 = COLOUR_RGB ( '',0.6470588235294117974, 0.6196078431372549211, 0.5999999999999999778 ) ;
#1847 = ORIENTED_EDGE ( 'NONE', *, *, #7708, .T. ) ;
#1848 = CARTESIAN_POINT ( 'NONE',  ( 1.000000000000000000, 0.1499999999999999667, 0.2799999999999999711 ) ) ;
#1849 = DIRECTION ( 'NONE',  ( 0.000000000000000000, 0.000000000000000000, -1.000000000000000000 ) ) ;
#1850 = SURFACE_STYLE_USAGE ( .BOTH. , #5254 ) ;
#1851 = FILL_AREA_STYLE ('',( #3180 ) ) ;
#1852 = SURFACE_SIDE_STYLE ('',( #8015 ) ) ;
#1853 = SURFACE_SIDE_STYLE ('',( #4064 ) ) ;
#1854 = ORIENTED_EDGE ( 'NONE', *, *, #5640, .T. ) ;
#1855 = SURFACE_STYLE_FILL_AREA ( #1050 ) ;
#1856 = ORIENTED_EDGE ( 'NONE', *, *, #265, .T. ) ;
#1857 = ORIENTED_EDGE ( 'NONE', *, *, #1756, .F. ) ;
#1858 = LINE ( 'NONE', #8605, #2101 ) ;
#1859 = VECTOR ( 'NONE', #856, 1000.000000000000000 ) ;
#1860 = CARTESIAN_POINT ( 'NONE',  ( 1.000000000000000000, 0.1699999999999999567, 0.2999999999999999334 ) ) ;
#1861 = EDGE_CURVE ( 'NONE', #8846, #6010, #4597, .T. ) ;
#1862 = LINE ( 'NONE', #2585, #6802 ) ;
#1863 = CARTESIAN_POINT ( 'NONE',  ( 1.400000000000000133, -0.1699999999999999012, 0.2999999999999999889 ) ) ;
#1864 =( NAMED_UNIT ( * ) PLANE_ANGLE_UNIT ( ) SI_UNIT ( $, .RADIAN. ) );
#1865 = FACE_OUTER_BOUND ( 'NONE', #6173, .T. ) ;
#1866 = ORIENTED_EDGE ( 'NONE', *, *, #1640, .T. ) ;
#1867 =( LENGTH_UNIT ( ) NAMED_UNIT ( * ) SI_UNIT ( .MILLI., .METRE. ) );
#1868 = PLANE ( 'NONE',  #1107 ) ;
#1869 = DIRECTION ( 'NONE',  ( 0.000000000000000000, 0.000000000000000000, -1.000000000000000000 ) ) ;
#1870 = CARTESIAN_POINT ( 'NONE',  ( 1.400000000000000133, 0.1699999999999999567, 0.06916666666666672347 ) ) ;
#1871 = EDGE_CURVE ( 'NONE', #1544, #2326, #8628, .T. ) ;
#1872 = SURFACE_STYLE_FILL_AREA ( #3729 ) ;
#1873 = DIRECTION ( 'NONE',  ( 0.000000000000000000, 0.000000000000000000, -1.000000000000000000 ) ) ;
#1874 = LINE ( 'NONE', #4449, #4446 ) ;
#1875 = PLANE ( 'NONE',  #5569 ) ;
#1876 = ADVANCED_FACE ( 'NONE', ( #7917 ), #5317, .T. ) ;
#1877 = EDGE_LOOP ( 'NONE', ( #4008, #6364, #6075, #8218 ) ) ;
#1878 = CARTESIAN_POINT ( 'NONE',  ( 0.8299999999999999600, -0.1700000000000000122, 0.2499999999999998335 ) ) ;
#1879 = DIRECTION ( 'NONE',  ( 0.000000000000000000, 0.000000000000000000, 1.000000000000000000 ) ) ;
#1880 = ORIENTED_EDGE ( 'NONE', *, *, #5643, .T. ) ;
#1881 = DIRECTION ( 'NONE',  ( -0.000000000000000000, 1.000000000000000000, -0.000000000000000000 ) ) ;
#1882 = VECTOR ( 'NONE', #1446, 1000.000000000000000 ) ;
#1883 = DIRECTION ( 'NONE',  ( -1.000000000000000000, 0.000000000000000000, -0.000000000000000000 ) ) ;
#1884 = PRESENTATION_STYLE_ASSIGNMENT (( #8005 ) ) ;
#1885 = SURFACE_STYLE_FILL_AREA ( #703 ) ;
#1886 = CARTESIAN_POINT ( 'NONE',  ( 0.6000000000000000888, -0.1500000000000000500, -0.2799999999999999711 ) ) ;
#1887 =( GEOMETRIC_REPRESENTATION_CONTEXT ( 3 ) GLOBAL_UNCERTAINTY_ASSIGNED_CONTEXT ( ( #5860 ) ) GLOBAL_UNIT_ASSIGNED_CONTEXT ( ( #8533, #4352, #2319 ) ) REPRESENTATION_CONTEXT ( 'NONE', 'WORKASPACE' ) );
#1888 = ORIENTED_EDGE ( 'NONE', *, *, #7004, .F. ) ;
#1889 = ORIENTED_EDGE ( 'NONE', *, *, #7887, .T. ) ;
#1890 = DIRECTION ( 'NONE',  ( 1.000000000000000000, 0.000000000000000000, 0.000000000000000000 ) ) ;
#1891 =( NAMED_UNIT ( * ) SI_UNIT ( $, .STERADIAN. ) SOLID_ANGLE_UNIT ( ) );
#1892 = COLOUR_RGB ( '',0.6470588235294117974, 0.6196078431372549211, 0.5999999999999999778 ) ;
#1893 = CARTESIAN_POINT ( 'NONE',  ( 0.6000000000000000888, -0.1699999999999999012, 0.2499999999999998335 ) ) ;
#1894 = CARTESIAN_POINT ( 'NONE',  ( 1.230000000000000204, -1.249999999999999112, -0.1499999999999999944 ) ) ;
#1895 = MECHANICAL_DESIGN_GEOMETRIC_PRESENTATION_REPRESENTATION (  '', ( #5740 ), #1032 ) ;
#1896 = VERTEX_POINT ( 'NONE', #2515 ) ;
#1897 = SURFACE_STYLE_USAGE ( .BOTH. , #3362 ) ;
#1898 = VERTEX_POINT ( 'NONE', #3208 ) ;
#1899 = MECHANICAL_DESIGN_GEOMETRIC_PRESENTATION_REPRESENTATION (  '', ( #6920 ), #6894 ) ;
#1900 = VECTOR ( 'NONE', #1122, 1000.000000000000000 ) ;
#1901 = ORIENTED_EDGE ( 'NONE', *, *, #7871, .T. ) ;
#1902 = VECTOR ( 'NONE', #2160, 1000.000000000000000 ) ;
#1903 = VECTOR ( 'NONE', #7344, 1000.000000000000000 ) ;
#1904 = COLOUR_RGB ( '',0.1019607843137254888, 0.1019607843137254888, 0.1019607843137254888 ) ;
#1905 = VECTOR ( 'NONE', #5847, 1000.000000000000000 ) ;
#1906 = FILL_AREA_STYLE_COLOUR ( '', #540 ) ;
#1907 = VECTOR ( 'NONE', #4007, 1000.000000000000000 ) ;
#1908 = ORIENTED_EDGE ( 'NONE', *, *, #7666, .F. ) ;
#1909 = MECHANICAL_DESIGN_GEOMETRIC_PRESENTATION_REPRESENTATION (  '', ( #6056 ), #8049 ) ;
#1910 = DIRECTION ( 'NONE',  ( -0.01328367628057065992, 0.000000000000000000, 0.9999117680798007557 ) ) ;
#1911 = CARTESIAN_POINT ( 'NONE',  ( 0.000000000000000000, 0.1499999999999999667, 0.2499999999999998335 ) ) ;
#1912 = DIRECTION ( 'NONE',  ( 0.000000000000000000, 1.000000000000000000, 0.000000000000000000 ) ) ;
#1913 = AXIS2_PLACEMENT_3D ( 'NONE', #6780, #5430, #8016 ) ;
#1914 = AXIS2_PLACEMENT_3D ( 'NONE', #5694, #916, #4041 ) ;
#1915 = CARTESIAN_POINT ( 'NONE',  ( 0.000000000000000000, -0.1500000000000000500, -0.2799999999999999711 ) ) ;
#1916 = CARTESIAN_POINT ( 'NONE',  ( 0.000000000000000000, 0.000000000000000000, 0.2499999999999998335 ) ) ;
#1917 = COLOUR_RGB ( '',0.6470588235294117974, 0.6196078431372549211, 0.5999999999999999778 ) ;
#1918 = FACE_OUTER_BOUND ( 'NONE', #5749, .T. ) ;
#1919 = ORIENTED_EDGE ( 'NONE', *, *, #8499, .F. ) ;
#1920 = CARTESIAN_POINT ( 'NONE',  ( 0.6000000000000000888, -0.1500000000000000500, -0.2799999999999999711 ) ) ;
#1921 = EDGE_CURVE ( 'NONE', #6526, #6255, #7326, .T. ) ;
#1922 = EDGE_CURVE ( 'NONE', #7449, #546, #5953, .T. ) ;
#1924 = EDGE_CURVE ( 'NONE', #7568, #5653, #1153, .T. ) ;
#1923 =( NAMED_UNIT ( * ) SI_UNIT ( $, .STERADIAN. ) SOLID_ANGLE_UNIT ( ) );
#1925 = ORIENTED_EDGE ( 'NONE', *, *, #7230, .T. ) ;
#1926 = LINE ( 'NONE', #5281, #6752 ) ;
#1927 = CARTESIAN_POINT ( 'NONE',  ( 0.1700000000000000122, -19.83000000000000185, 0.2499999999999998335 ) ) ;
#1928 = DIRECTION ( 'NONE',  ( 1.000000000000000000, 0.000000000000000000, 0.000000000000000000 ) ) ;
#1929 = MECHANICAL_DESIGN_GEOMETRIC_PRESENTATION_REPRESENTATION (  '', ( #5497 ), #2506 ) ;
#1930 = LINE ( 'NONE', #2569, #3453 ) ;
#1931 =( NAMED_UNIT ( * ) PLANE_ANGLE_UNIT ( ) SI_UNIT ( $, .RADIAN. ) );
#1932 = DIRECTION ( 'NONE',  ( -0.000000000000000000, 0.000000000000000000, 1.000000000000000000 ) ) ;
#1933 = ORIENTED_EDGE ( 'NONE', *, *, #8375, .T. ) ;
#1934 = CARTESIAN_POINT ( 'NONE',  ( 0.9700000000000000844, -1.249999999999999112, -0.1499999999999999944 ) ) ;
#1935 = EDGE_LOOP ( 'NONE', ( #5794, #2791, #8654, #1179 ) ) ;
#1936 = AXIS2_PLACEMENT_3D ( 'NONE', #3810, #5838, #5303 ) ;
#1937 = DIRECTION ( 'NONE',  ( -1.000000000000000000, 0.000000000000000000, 0.000000000000000000 ) ) ;
#1938 = FILL_AREA_STYLE_COLOUR ( '', #5827 ) ;
#1939 = EDGE_CURVE ( 'NONE', #6513, #1440, #3914, .T. ) ;
#1940 = DIRECTION ( 'NONE',  ( -1.000000000000000000, 0.000000000000000000, 0.000000000000000000 ) ) ;
#1941 = FILL_AREA_STYLE ('',( #4660 ) ) ;
#1942 = SURFACE_STYLE_USAGE ( .BOTH. , #7435 ) ;
#1943 = CARTESIAN_POINT ( 'NONE',  ( 1.045745846904192033, -19.83000000000000185, -0.2499999999999998890 ) ) ;
#1944 = VERTEX_POINT ( 'NONE', #2647 ) ;
#1945 = FILL_AREA_STYLE ('',( #8018 ) ) ;
#1946 = VERTEX_POINT ( 'NONE', #1878 ) ;
#1947 = EDGE_LOOP ( 'NONE', ( #3083, #6026, #6880, #1545 ) ) ;
#1948 = DIRECTION ( 'NONE',  ( 0.000000000000000000, -1.000000000000000000, 0.000000000000000000 ) ) ;
#1949 = CARTESIAN_POINT ( 'NONE',  ( 0.6000000000000000888, 0.1500000000000000222, -0.2499999999999998890 ) ) ;
#1950 = ORIENTED_EDGE ( 'NONE', *, *, #1967, .T. ) ;
#1951 = VECTOR ( 'NONE', #2365, 1000.000000000000000 ) ;
#1952 = ORIENTED_EDGE ( 'NONE', *, *, #1176, .T. ) ;
#1953 = CARTESIAN_POINT ( 'NONE',  ( 0.9700000000000000844, 0.1500000000000008271, 0.2499999999999998335 ) ) ;
#1954 = DIRECTION ( 'NONE',  ( 0.000000000000000000, 0.000000000000000000, -1.000000000000000000 ) ) ;
#1955 = VECTOR ( 'NONE', #1138, 1000.000000000000000 ) ;
#1956 = FACE_OUTER_BOUND ( 'NONE', #8061, .T. ) ;
#1957 =( NAMED_UNIT ( * ) PLANE_ANGLE_UNIT ( ) SI_UNIT ( $, .RADIAN. ) );
#1958 = SURFACE_SIDE_STYLE ('',( #514 ) ) ;
#1959 = ORIENTED_EDGE ( 'NONE', *, *, #5983, .T. ) ;
#1960 = DIRECTION ( 'NONE',  ( 1.000000000000000000, 0.000000000000000000, 0.000000000000000000 ) ) ;
#1961 =( LENGTH_UNIT ( ) NAMED_UNIT ( * ) SI_UNIT ( .MILLI., .METRE. ) );
#1962 = DIRECTION ( 'NONE',  ( 1.000000000000000000, -0.000000000000000000, -0.000000000000000000 ) ) ;
#1963 = DIRECTION ( 'NONE',  ( 1.000000000000000000, 0.000000000000000000, -0.000000000000000000 ) ) ;
#1964 = CARTESIAN_POINT ( 'NONE',  ( 1.445745846904192167, 0.1700000000000000122, 0.2499999999999998335 ) ) ;
#1965 = DIRECTION ( 'NONE',  ( -0.000000000000000000, 0.000000000000000000, 1.000000000000000000 ) ) ;
#1966 = PRESENTATION_LAYER_ASSIGNMENT (  '', '', ( #4825 ) ) ;
#1967 = EDGE_CURVE ( 'NONE', #7574, #3503, #6669, .T. ) ;
#1968 = EDGE_CURVE ( 'NONE', #8165, #1388, #2602, .T. ) ;
#1969 = CARTESIAN_POINT ( 'NONE',  ( 1.154254153095808144, -19.83000000000000185, -0.2499999999999998890 ) ) ;
#1970 = DIRECTION ( 'NONE',  ( 0.000000000000000000, 0.000000000000000000, 1.000000000000000000 ) ) ;
#1971 = ORIENTED_EDGE ( 'NONE', *, *, #758, .T. ) ;
#1972 = ORIENTED_EDGE ( 'NONE', *, *, #148, .F. ) ;
#1973 =( LENGTH_UNIT ( ) NAMED_UNIT ( * ) SI_UNIT ( .MILLI., .METRE. ) );
#1974 = DIRECTION ( 'NONE',  ( 0.000000000000000000, 0.000000000000000000, -1.000000000000000000 ) ) ;
#1975 =( NAMED_UNIT ( * ) SI_UNIT ( $, .STERADIAN. ) SOLID_ANGLE_UNIT ( ) );
#1976 = EDGE_CURVE ( 'NONE', #5031, #5702, #3961, .T. ) ;
#1977 = DIRECTION ( 'NONE',  ( -1.000000000000000000, 0.000000000000000000, 0.000000000000000000 ) ) ;
#1978 = AXIS2_PLACEMENT_3D ( 'NONE', #3147, #801, #263 ) ;
#1979 = AXIS2_PLACEMENT_3D ( 'NONE', #6613, #3955, #1301 ) ;
#1980 = ORIENTED_EDGE ( 'NONE', *, *, #4556, .T. ) ;
#1981 = EDGE_CURVE ( 'NONE', #8200, #6680, #7417, .T. ) ;
#1982 = PRESENTATION_STYLE_ASSIGNMENT (( #1897 ) ) ;
#1983 = ORIENTED_EDGE ( 'NONE', *, *, #1207, .F. ) ;
#1984 = EDGE_LOOP ( 'NONE', ( #1581, #8750, #6153, #2075 ) ) ;
#1985 =( NAMED_UNIT ( * ) SI_UNIT ( $, .STERADIAN. ) SOLID_ANGLE_UNIT ( ) );
#1986 = VECTOR ( 'NONE', #3262, 1000.000000000000000 ) ;
#1987 = CARTESIAN_POINT ( 'NONE',  ( 0.04999999999999999584, -0.1500000000000008271, -0.2499999999999998890 ) ) ;
#1988 = LINE ( 'NONE', #8797, #2745 ) ;
#1989 = UNCERTAINTY_MEASURE_WITH_UNIT (LENGTH_MEASURE( 1.000000000000000082E-05 ), #8308, 'distance_accuracy_value', 'NONE');
#1990 = LINE ( 'NONE', #2550, #2427 ) ;
#1991 = CARTESIAN_POINT ( 'NONE',  ( 0.4300000000000000488, 0.1500000000000008271, -0.2499999999999998890 ) ) ;
#1992 = VERTEX_POINT ( 'NONE', #1304 ) ;
#1993 = EDGE_LOOP ( 'NONE', ( #4690, #1166, #1734, #5792 ) ) ;
#1994 = UNCERTAINTY_MEASURE_WITH_UNIT (LENGTH_MEASURE( 1.000000000000000082E-05 ), #4617, 'distance_accuracy_value', 'NONE');
#1995 = FILL_AREA_STYLE_COLOUR ( '', #6537 ) ;
#1996 = EDGE_CURVE ( 'NONE', #7083, #7355, #3117, .T. ) ;
#1997 = PLANE ( 'NONE',  #76 ) ;
#1998 = FILL_AREA_STYLE_COLOUR ( '', #8334 ) ;
#1999 = DIRECTION ( 'NONE',  ( -1.000000000000000000, 0.000000000000000000, 0.000000000000000000 ) ) ;
#2000 = FILL_AREA_STYLE ('',( #4088 ) ) ;
#2001 =( NAMED_UNIT ( * ) SI_UNIT ( $, .STERADIAN. ) SOLID_ANGLE_UNIT ( ) );
#2002 = ORIENTED_EDGE ( 'NONE', *, *, #4652, .F. ) ;
#2003 = PLANE ( 'NONE',  #4602 ) ;
#2004 = FILL_AREA_STYLE_COLOUR ( '', #7087 ) ;
#2005 = LINE ( 'NONE', #2725, #4214 ) ;
#2006 = LINE ( 'NONE', #7466, #2871 ) ;
#2007 = STYLED_ITEM ( 'NONE', ( #259 ), #1492 ) ;
#2008 = LINE ( 'NONE', #6165, #7502 ) ;
#2009 = LINE ( 'NONE', #8727, #8466 ) ;
#2010 = CARTESIAN_POINT ( 'NONE',  ( 1.400000000000000133, 0.1700000000000000122, -0.2999999999999999334 ) ) ;
#2011 =( LENGTH_UNIT ( ) NAMED_UNIT ( * ) SI_UNIT ( .MILLI., .METRE. ) );
#2012 = ORIENTED_EDGE ( 'NONE', *, *, #6176, .F. ) ;
#2013 = VERTEX_POINT ( 'NONE', #5186 ) ;
#2014 = DIRECTION ( 'NONE',  ( -0.000000000000000000, -0.000000000000000000, 1.000000000000000000 ) ) ;
#2015 = EDGE_CURVE ( 'NONE', #2829, #7034, #1511, .T. ) ;
#2016 = CARTESIAN_POINT ( 'NONE',  ( 1.400000000000000133, 0.1500000000000000222, -0.06916666666666672347 ) ) ;
#2017 =( LENGTH_UNIT ( ) NAMED_UNIT ( * ) SI_UNIT ( .MILLI., .METRE. ) );
#2018 =( NAMED_UNIT ( * ) PLANE_ANGLE_UNIT ( ) SI_UNIT ( $, .RADIAN. ) );
#2019 = AXIS2_PLACEMENT_3D ( 'NONE', #7587, #6250, #2056 ) ;
#2020 = SURFACE_STYLE_FILL_AREA ( #1851 ) ;
#2021 = CARTESIAN_POINT ( 'NONE',  ( 0.2000000000000000111, -0.1499999999999999389, 0.1499999999999999944 ) ) ;
#2022 = LINE ( 'NONE', #4618, #615 ) ;
#2023 = VERTEX_POINT ( 'NONE', #8810 ) ;
#2024 = ORIENTED_EDGE ( 'NONE', *, *, #5302, .T. ) ;
#2025 =( GEOMETRIC_REPRESENTATION_CONTEXT ( 3 ) GLOBAL_UNCERTAINTY_ASSIGNED_CONTEXT ( ( #7499 ) ) GLOBAL_UNIT_ASSIGNED_CONTEXT ( ( #5713, #4321, #3787 ) ) REPRESENTATION_CONTEXT ( 'NONE', 'WORKASPACE' ) );
#2026 = VERTEX_POINT ( 'NONE', #7584 ) ;
#2027 = EDGE_CURVE ( 'NONE', #3681, #8165, #3472, .T. ) ;
#2028 = EDGE_CURVE ( 'NONE', #1825, #7569, #6881, .T. ) ;
#2029 = FACE_OUTER_BOUND ( 'NONE', #3552, .T. ) ;
#2030 = EDGE_CURVE ( 'NONE', #4750, #843, #6088, .T. ) ;
#2031 = SURFACE_STYLE_FILL_AREA ( #8160 ) ;
#2032 = AXIS2_PLACEMENT_3D ( 'NONE', #5703, #7715, #6378 ) ;
#2033 = CARTESIAN_POINT ( 'NONE',  ( 0.02000000000000021899, 0.1500000000000008271, 0.06916666666666670960 ) ) ;
#2034 = CARTESIAN_POINT ( 'NONE',  ( 0.3542541530958079332, 0.1700000000000000122, 0.2499999999999998335 ) ) ;
#2035 = COLOUR_RGB ( '',0.6470588235294117974, 0.6196078431372549211, 0.5999999999999999778 ) ;
#2036 = ORIENTED_EDGE ( 'NONE', *, *, #5871, .T. ) ;
#2037 = UNCERTAINTY_MEASURE_WITH_UNIT (LENGTH_MEASURE( 1.000000000000000082E-05 ), #1973, 'distance_accuracy_value', 'NONE');
#2038 = VECTOR ( 'NONE', #7652, 1000.000000000000000 ) ;
#2039 = VERTEX_POINT ( 'NONE', #2848 ) ;
#2040 = AXIS2_PLACEMENT_3D ( 'NONE', #4058, #5252, #6822 ) ;
#2041 = LINE ( 'NONE', #2175, #1675 ) ;
#2042 = SURFACE_STYLE_USAGE ( .BOTH. , #1379 ) ;
#2043 = STYLED_ITEM ( 'NONE', ( #804 ), #4991 ) ;
#2044 = ADVANCED_FACE ( 'NONE', ( #8176 ), #2685, .F. ) ;
#2045 = VECTOR ( 'NONE', #372, 1000.000000000000000 ) ;
#2046 = SURFACE_STYLE_USAGE ( .BOTH. , #1340 ) ;
#2047 = CARTESIAN_POINT ( 'NONE',  ( 0.8000000000000000444, -0.1699999999999999012, 0.2999999999999999889 ) ) ;
#2048 = VECTOR ( 'NONE', #5056, 1000.000000000000000 ) ;
#2049 = FACE_OUTER_BOUND ( 'NONE', #7440, .T. ) ;
#2050 = VERTEX_POINT ( 'NONE', #6926 ) ;
#2051 = PRESENTATION_LAYER_ASSIGNMENT (  '', '', ( #1188 ) ) ;
#2052 = DIRECTION ( 'NONE',  ( 0.000000000000000000, 0.000000000000000000, 1.000000000000000000 ) ) ;
#2053 = DIRECTION ( 'NONE',  ( -0.000000000000000000, 0.000000000000000000, 1.000000000000000000 ) ) ;
#2054 = ORIENTED_EDGE ( 'NONE', *, *, #77, .T. ) ;
#2055 = AXIS2_PLACEMENT_3D ( 'NONE', #7036, #7082, #8346 ) ;
#2056 = DIRECTION ( 'NONE',  ( 0.000000000000000000, -0.000000000000000000, 1.000000000000000000 ) ) ;
#2057 = VECTOR ( 'NONE', #5992, 1000.000000000000000 ) ;
#2058 = CARTESIAN_POINT ( 'NONE',  ( 0.6000000000000000888, 0.1699999999999999567, 0.06916666666666672347 ) ) ;
#2059 = CARTESIAN_POINT ( 'NONE',  ( 0.6000000000000000888, -0.1699999999999999012, 0.2999999999999999889 ) ) ;
#2060 = CARTESIAN_POINT ( 'NONE',  ( 2.168404344971008868E-16, -0.1500000000000008271, -0.2795000000000000262 ) ) ;
#2061 =( NAMED_UNIT ( * ) PLANE_ANGLE_UNIT ( ) SI_UNIT ( $, .RADIAN. ) );
#2062 = VECTOR ( 'NONE', #4234, 1000.000000000000000 ) ;
#2063 = ORIENTED_EDGE ( 'NONE', *, *, #431, .F. ) ;
#2064 = FILL_AREA_STYLE ('',( #168 ) ) ;
#2065 = EDGE_LOOP ( 'NONE', ( #8391, #8118, #6934, #3893 ) ) ;
#2066 = VECTOR ( 'NONE', #7683, 1000.000000000000000 ) ;
#2067 = CARTESIAN_POINT ( 'NONE',  ( 0.2000000000000000111, -0.1699999999999999012, 0.2999999999999999889 ) ) ;
#2068 = LINE ( 'NONE', #2661, #6202 ) ;
#2069 = SURFACE_STYLE_FILL_AREA ( #6221 ) ;
#2070 = FILL_AREA_STYLE ('',( #5468 ) ) ;
#2071 = CARTESIAN_POINT ( 'NONE',  ( 0.000000000000000000, -0.1500000000000000500, -0.1499999999999999944 ) ) ;
#2072 = ORIENTED_EDGE ( 'NONE', *, *, #8213, .F. ) ;
#2073 = DIRECTION ( 'NONE',  ( 0.000000000000000000, 0.000000000000000000, -1.000000000000000000 ) ) ;
#2074 = MECHANICAL_DESIGN_GEOMETRIC_PRESENTATION_REPRESENTATION (  '', ( #6500 ), #1077 ) ;
#2075 = ORIENTED_EDGE ( 'NONE', *, *, #4818, .F. ) ;
#2076 = ORIENTED_EDGE ( 'NONE', *, *, #6443, .T. ) ;
#2077 = UNCERTAINTY_MEASURE_WITH_UNIT (LENGTH_MEASURE( 1.000000000000000082E-05 ), #600, 'distance_accuracy_value', 'NONE');
#2078 =( NAMED_UNIT ( * ) SI_UNIT ( $, .STERADIAN. ) SOLID_ANGLE_UNIT ( ) );
#2079 = COLOUR_RGB ( '',0.6470588235294117974, 0.6196078431372549211, 0.5999999999999999778 ) ;
#2080 = DIRECTION ( 'NONE',  ( -0.000000000000000000, -0.000000000000000000, -1.000000000000000000 ) ) ;
#2081 = CARTESIAN_POINT ( 'NONE',  ( 0.04999999999999999584, 0.1500000000000000222, -0.06916666666666672347 ) ) ;
#2082 = FILL_AREA_STYLE_COLOUR ( '', #8459 ) ;
#2083 = UNCERTAINTY_MEASURE_WITH_UNIT (LENGTH_MEASURE( 1.000000000000000082E-05 ), #2516, 'distance_accuracy_value', 'NONE');
#2084 = PLANE ( 'NONE',  #6415 ) ;
#2085 = DIRECTION ( 'NONE',  ( -1.000000000000000000, -0.000000000000000000, -0.000000000000000000 ) ) ;
#2086 = EDGE_CURVE ( 'NONE', #5917, #391, #697, .T. ) ;
#2087 = EDGE_CURVE ( 'NONE', #6272, #8840, #4908, .T. ) ;
#2088 = VERTEX_POINT ( 'NONE', #8266 ) ;
#2089 =( GEOMETRIC_REPRESENTATION_CONTEXT ( 3 ) GLOBAL_UNCERTAINTY_ASSIGNED_CONTEXT ( ( #6422 ) ) GLOBAL_UNIT_ASSIGNED_CONTEXT ( ( #8095, #120, #4736 ) ) REPRESENTATION_CONTEXT ( 'NONE', 'WORKASPACE' ) );
#2090 = ORIENTED_EDGE ( 'NONE', *, *, #2411, .T. ) ;
#2091 = LINE ( 'NONE', #1378, #1266 ) ;
#2092 = PRESENTATION_LAYER_ASSIGNMENT (  '', '', ( #5952 ) ) ;
#2093 = DIRECTION ( 'NONE',  ( -0.01328367628057065992, 0.000000000000000000, -0.9999117680798007557 ) ) ;
#2094 = CARTESIAN_POINT ( 'NONE',  ( 1.200000000000000178, -1.249999999999999112, -0.2795000000000000262 ) ) ;
#2095 = EDGE_CURVE ( 'NONE', #4042, #2023, #2143, .T. ) ;
#2096 = FACE_OUTER_BOUND ( 'NONE', #8187, .T. ) ;
#2097 = VERTEX_POINT ( 'NONE', #3341 ) ;
#2098 = EDGE_CURVE ( 'NONE', #4965, #5819, #2723, .T. ) ;
#2099 = CARTESIAN_POINT ( 'NONE',  ( 0.8000000000000000444, 0.1500000000000008271, -0.2499999999999998890 ) ) ;
#2100 = ORIENTED_EDGE ( 'NONE', *, *, #5640, .F. ) ;
#2101 = VECTOR ( 'NONE', #3141, 1000.000000000000000 ) ;
#2102 = AXIS2_PLACEMENT_3D ( 'NONE', #613, #1879, #476 ) ;
#2103 = CARTESIAN_POINT ( 'NONE',  ( 1.228062874753099942, -0.1500000000000008271, 0.2958146291514646142 ) ) ;
#2104 = FACE_OUTER_BOUND ( 'NONE', #8155, .T. ) ;
#2105 = CARTESIAN_POINT ( 'NONE',  ( 0.2000000000000000111, -0.1499999999999999389, 0.2499999999999998335 ) ) ;
#2106 = DIRECTION ( 'NONE',  ( -1.000000000000000000, 0.000000000000000000, -0.000000000000000000 ) ) ;
#2107 = UNCERTAINTY_MEASURE_WITH_UNIT (LENGTH_MEASURE( 1.000000000000000082E-05 ), #4178, 'distance_accuracy_value', 'NONE');
#2108 = MECHANICAL_DESIGN_GEOMETRIC_PRESENTATION_REPRESENTATION (  '', ( #2394 ), #7671 ) ;
#2109 = ORIENTED_EDGE ( 'NONE', *, *, #3441, .F. ) ;
#2110 = DIRECTION ( 'NONE',  ( 1.000000000000000000, 0.000000000000000000, 0.000000000000000000 ) ) ;
#2111 = ORIENTED_EDGE ( 'NONE', *, *, #4472, .F. ) ;
#2112 = DIRECTION ( 'NONE',  ( -1.000000000000000000, 0.000000000000000000, -0.000000000000000000 ) ) ;
#2113 = LINE ( 'NONE', #4700, #7408 ) ;
#2114 = AXIS2_PLACEMENT_3D ( 'NONE', #2758, #6793, #22 ) ;
#2115 = DIRECTION ( 'NONE',  ( 0.000000000000000000, 0.000000000000000000, 1.000000000000000000 ) ) ;
#2116 = PRESENTATION_LAYER_ASSIGNMENT (  '', '', ( #4223 ) ) ;
#2117 = PLANE ( 'NONE',  #738 ) ;
#2118 = DIRECTION ( 'NONE',  ( 0.000000000000000000, 1.000000000000000000, 0.000000000000000000 ) ) ;
#2119 = CARTESIAN_POINT ( 'NONE',  ( 0.4300000000000000488, -0.1700000000000000400, -0.1499999999999999944 ) ) ;
#2120 =( NAMED_UNIT ( * ) SI_UNIT ( $, .STERADIAN. ) SOLID_ANGLE_UNIT ( ) );
#2121 = AXIS2_PLACEMENT_3D ( 'NONE', #4123, #789, #2052 ) ;
#2122 =( NAMED_UNIT ( * ) SI_UNIT ( $, .STERADIAN. ) SOLID_ANGLE_UNIT ( ) );
#2123 = VERTEX_POINT ( 'NONE', #655 ) ;
#2124 = ORIENTED_EDGE ( 'NONE', *, *, #8545, .T. ) ;
#2125 = DIRECTION ( 'NONE',  ( 1.000000000000000000, 0.000000000000000000, -0.000000000000000000 ) ) ;
#2126 = CARTESIAN_POINT ( 'NONE',  ( 0.4300000000000000488, -0.1500000000000000500, -0.1499999999999999944 ) ) ;
#2127 = CARTESIAN_POINT ( 'NONE',  ( 0.02000000000000021899, 0.1800000000000000766, -0.1499999999999999944 ) ) ;
#2128 = AXIS2_PLACEMENT_3D ( 'NONE', #7045, #4389, #921 ) ;
#2129 = SURFACE_SIDE_STYLE ('',( #8295 ) ) ;
#2130 = LINE ( 'NONE', #3367, #6032 ) ;
#2131 =( LENGTH_UNIT ( ) NAMED_UNIT ( * ) SI_UNIT ( .MILLI., .METRE. ) );
#2132 =( NAMED_UNIT ( * ) SI_UNIT ( $, .STERADIAN. ) SOLID_ANGLE_UNIT ( ) );
#2133 = ORIENTED_EDGE ( 'NONE', *, *, #6410, .T. ) ;
#2134 = ORIENTED_EDGE ( 'NONE', *, *, #3287, .F. ) ;
#2135 = PRESENTATION_LAYER_ASSIGNMENT (  '', '', ( #5995 ) ) ;
#2136 = DIRECTION ( 'NONE',  ( 0.000000000000000000, -0.000000000000000000, -1.000000000000000000 ) ) ;
#2137 = ADVANCED_FACE ( 'NONE', ( #612 ), #2003, .T. ) ;
#2138 = ADVANCED_FACE ( 'NONE', ( #5621 ), #7005, .F. ) ;
#2139 = DIRECTION ( 'NONE',  ( 0.000000000000000000, 0.000000000000000000, -1.000000000000000000 ) ) ;
#2140 = LINE ( 'NONE', #4086, #6554 ) ;
#2141 = MECHANICAL_DESIGN_GEOMETRIC_PRESENTATION_REPRESENTATION (  '', ( #6987 ), #1563 ) ;
#2142 = ORIENTED_EDGE ( 'NONE', *, *, #3441, .T. ) ;
#2143 = LINE ( 'NONE', #6247, #7161 ) ;
#2144 = ORIENTED_EDGE ( 'NONE', *, *, #705, .T. ) ;
#2145 = ADVANCED_FACE ( 'NONE', ( #4951 ), #3724, .F. ) ;
#2146 = AXIS2_PLACEMENT_3D ( 'NONE', #1451, #4195, #6905 ) ;
#2147 = ADVANCED_FACE ( 'NONE', ( #248 ), #2974, .F. ) ;
#2148 = CARTESIAN_POINT ( 'NONE',  ( 0.4000000000000000222, 0.1700000000000000122, -0.2999999999999999334 ) ) ;
#2149 = PRESENTATION_STYLE_ASSIGNMENT (( #4832 ) ) ;
#2150 = DIRECTION ( 'NONE',  ( 0.000000000000000000, 0.000000000000000000, 1.000000000000000000 ) ) ;
#2151 = CARTESIAN_POINT ( 'NONE',  ( 0.5699999999999999512, -19.83000000000000185, 0.2499999999999998335 ) ) ;
#2152 = ORIENTED_EDGE ( 'NONE', *, *, #4715, .F. ) ;
#2153 = CARTESIAN_POINT ( 'NONE',  ( 0.8000000000000000444, 0.1699999999999999567, 0.2999999999999999334 ) ) ;
#2154 = ORIENTED_EDGE ( 'NONE', *, *, #3695, .F. ) ;
#2155 =( NAMED_UNIT ( * ) SI_UNIT ( $, .STERADIAN. ) SOLID_ANGLE_UNIT ( ) );
#2156 = CARTESIAN_POINT ( 'NONE',  ( 1.199999999999999289, 0.1500000000000008271, 0.2795000000000000262 ) ) ;
#2157 = LINE ( 'NONE', #2823, #240 ) ;
#2158 = EDGE_CURVE ( 'NONE', #6366, #7972, #2504, .T. ) ;
#2159 = DIRECTION ( 'NONE',  ( 0.000000000000000000, 0.000000000000000000, 1.000000000000000000 ) ) ;
#2160 = DIRECTION ( 'NONE',  ( -0.000000000000000000, -0.000000000000000000, 1.000000000000000000 ) ) ;
#2161 = SURFACE_STYLE_FILL_AREA ( #6222 ) ;
#2162 = VERTEX_POINT ( 'NONE', #7903 ) ;
#2163 = EDGE_LOOP ( 'NONE', ( #5431, #1410, #5979, #6328, #4117, #111, #1838, #2054 ) ) ;
#2164 = DIRECTION ( 'NONE',  ( 1.000000000000000000, 0.000000000000000000, -0.000000000000000000 ) ) ;
#2165 = LINE ( 'NONE', #816, #1302 ) ;
#2166 = MECHANICAL_DESIGN_GEOMETRIC_PRESENTATION_REPRESENTATION (  '', ( #4432 ), #2739 ) ;
#2167 = CARTESIAN_POINT ( 'NONE',  ( 1.229999999999999316, 0.1500000000000008271, 0.1499999999999999944 ) ) ;
#2168 = CARTESIAN_POINT ( 'NONE',  ( 0.000000000000000000, -0.1699999999999999012, 0.2999999999999999889 ) ) ;
#2169 = LINE ( 'NONE', #3451, #119 ) ;
#2170 = DIRECTION ( 'NONE',  ( 1.000000000000000000, 0.000000000000000000, 0.000000000000000000 ) ) ;
#2171 = VECTOR ( 'NONE', #6000, 1000.000000000000000 ) ;
#2172 = EDGE_LOOP ( 'NONE', ( #7387, #4369, #5965, #3960 ) ) ;
#2173 = VECTOR ( 'NONE', #6072, 1000.000000000000000 ) ;
#2174 = VERTEX_POINT ( 'NONE', #7365 ) ;
#2175 = CARTESIAN_POINT ( 'NONE',  ( 0.2457458469041920723, 0.1700000000000000122, -0.2499999999999998890 ) ) ;
#2176 = PRESENTATION_LAYER_ASSIGNMENT (  '', '', ( #7024 ) ) ;
#2178 =( NAMED_UNIT ( * ) PLANE_ANGLE_UNIT ( ) SI_UNIT ( $, .RADIAN. ) );
#2177 = MECHANICAL_DESIGN_GEOMETRIC_PRESENTATION_REPRESENTATION (  '', ( #6043 ), #1592 ) ;
#2179 = PLANE ( 'NONE',  #5754 ) ;
#2180 =( NAMED_UNIT ( * ) SI_UNIT ( $, .STERADIAN. ) SOLID_ANGLE_UNIT ( ) );
#2181 = VECTOR ( 'NONE', #652, 1000.000000000000000 ) ;
#2182 = VECTOR ( 'NONE', #7613, 1000.000000000000000 ) ;
#2183 = ORIENTED_EDGE ( 'NONE', *, *, #1382, .F. ) ;
#2184 =( NAMED_UNIT ( * ) PLANE_ANGLE_UNIT ( ) SI_UNIT ( $, .RADIAN. ) );
#2185 = CARTESIAN_POINT ( 'NONE',  ( 0.5699999999999995071, -0.1500000000000008271, 0.2499999999999998890 ) ) ;
#2186 = VECTOR ( 'NONE', #6350, 1000.000000000000000 ) ;
#2187 = VECTOR ( 'NONE', #7217, 1000.000000000000000 ) ;
#2188 = VECTOR ( 'NONE', #2563, 1000.000000000000000 ) ;
#2189 = VECTOR ( 'NONE', #1890, 1000.000000000000000 ) ;
#2190 = CARTESIAN_POINT ( 'NONE',  ( 1.200000000000000178, -0.1700000000000000400, -0.2499999999999998890 ) ) ;
#2191 = VECTOR ( 'NONE', #2936, 1000.000000000000000 ) ;
#2192 = LINE ( 'NONE', #7636, #3485 ) ;
#2193 = DIRECTION ( 'NONE',  ( 0.000000000000000000, -1.000000000000000000, 0.000000000000000000 ) ) ;
#2194 = FILL_AREA_STYLE_COLOUR ( '', #414 ) ;
#2195 =( GEOMETRIC_REPRESENTATION_CONTEXT ( 3 ) GLOBAL_UNCERTAINTY_ASSIGNED_CONTEXT ( ( #2971 ) ) GLOBAL_UNIT_ASSIGNED_CONTEXT ( ( #2980, #3149, #7234 ) ) REPRESENTATION_CONTEXT ( 'NONE', 'WORKASPACE' ) );
#2196 = EDGE_CURVE ( 'NONE', #8781, #62, #5307, .T. ) ;
#2197 = EDGE_CURVE ( 'NONE', #1495, #3273, #3951, .T. ) ;
#2198 = UNCERTAINTY_MEASURE_WITH_UNIT (LENGTH_MEASURE( 1.000000000000000082E-05 ), #7110, 'distance_accuracy_value', 'NONE');
#2199 = ADVANCED_FACE ( 'NONE', ( #2452 ), #547, .F. ) ;
#2200 = ORIENTED_EDGE ( 'NONE', *, *, #6510, .T. ) ;
#2201 = VECTOR ( 'NONE', #324, 1000.000000000000000 ) ;
#2202 = ORIENTED_EDGE ( 'NONE', *, *, #4413, .F. ) ;
#2203 = SURFACE_SIDE_STYLE ('',( #1565 ) ) ;
#2204 = PRESENTATION_STYLE_ASSIGNMENT (( #2902 ) ) ;
#2205 = VECTOR ( 'NONE', #4241, 1000.000000000000000 ) ;
#2206 = LINE ( 'NONE', #3530, #7963 ) ;
#2207 = STYLED_ITEM ( 'NONE', ( #2787 ), #8048 ) ;
#2209 = LINE ( 'NONE', #6301, #2038 ) ;
#2208 = AXIS2_PLACEMENT_3D ( 'NONE', #852, #7735, #3618 ) ;
#2210 = LINE ( 'NONE', #7526, #623 ) ;
#2211 = EDGE_CURVE ( 'NONE', #5187, #7753, #7223, .T. ) ;
#2212 = ORIENTED_EDGE ( 'NONE', *, *, #6134, .F. ) ;
#2213 = EDGE_CURVE ( 'NONE', #3736, #5627, #5175, .T. ) ;
#2214 = ORIENTED_EDGE ( 'NONE', *, *, #6947, .F. ) ;
#2215 = LINE ( 'NONE', #136, #7744 ) ;
#2216 = CARTESIAN_POINT ( 'NONE',  ( 0.4000000000000000222, -0.1499999999999999389, 0.2499999999999998335 ) ) ;
#2217 = EDGE_CURVE ( 'NONE', #4984, #5709, #3197, .T. ) ;
#2218 = DIRECTION ( 'NONE',  ( 0.000000000000000000, 0.000000000000000000, -1.000000000000000000 ) ) ;
#2219 = CARTESIAN_POINT ( 'NONE',  ( 1.229999999999999316, 0.1500000000000008271, 0.1499999999999999944 ) ) ;
#2220 = AXIS2_PLACEMENT_3D ( 'NONE', #2892, #5454, #39 ) ;
#2221 = LINE ( 'NONE', #8430, #186 ) ;
#2222 = ORIENTED_EDGE ( 'NONE', *, *, #7592, .F. ) ;
#2223 = ORIENTED_EDGE ( 'NONE', *, *, #3762, .F. ) ;
#2224 = VERTEX_POINT ( 'NONE', #6659 ) ;
#2225 = CARTESIAN_POINT ( 'NONE',  ( 0.8000000000000000444, 0.1700000000000000122, -0.2999999999999999334 ) ) ;
#2226 = EDGE_CURVE ( 'NONE', #5559, #3734, #7951, .T. ) ;
#2227 = AXIS2_PLACEMENT_3D ( 'NONE', #4295, #4992, #2878 ) ;
#2228 = DIRECTION ( 'NONE',  ( -0.000000000000000000, 1.000000000000000000, -0.000000000000000000 ) ) ;
#2229 = SURFACE_STYLE_USAGE ( .BOTH. , #6963 ) ;
#2230 = DIRECTION ( 'NONE',  ( -1.000000000000000000, -0.000000000000000000, -0.000000000000000000 ) ) ;
#2231 =( NAMED_UNIT ( * ) PLANE_ANGLE_UNIT ( ) SI_UNIT ( $, .RADIAN. ) );
#2232 = AXIS2_PLACEMENT_3D ( 'NONE', #8053, #1928, #7245 ) ;
#2233 = ORIENTED_EDGE ( 'NONE', *, *, #2588, .F. ) ;
#2234 = DIRECTION ( 'NONE',  ( 0.000000000000000000, 0.000000000000000000, 1.000000000000000000 ) ) ;
#2235 = LINE ( 'NONE', #7094, #6518 ) ;
#2236 = AXIS2_PLACEMENT_3D ( 'NONE', #7051, #4259, #7007 ) ;
#2237 = FACE_OUTER_BOUND ( 'NONE', #8801, .T. ) ;
#2238 = FILL_AREA_STYLE_COLOUR ( '', #3032 ) ;
#2239 = EDGE_LOOP ( 'NONE', ( #854, #2875, #8538, #5866, #4845, #6320, #5164, #3119 ) ) ;
#2240 = CLOSED_SHELL ( 'NONE', ( #4293, #5270, #678, #4031, #10, #8586, #3390, #2199, #5536, #1876, #214, #2589, #8575, #2590, #4029, #3438, #5157, #3046 ) ) ;
#2241 = VECTOR ( 'NONE', #4150, 1000.000000000000000 ) ;
#2242 = VERTEX_POINT ( 'NONE', #2592 ) ;
#2243 = DIRECTION ( 'NONE',  ( 0.000000000000000000, 0.000000000000000000, -1.000000000000000000 ) ) ;
#2244 = EDGE_LOOP ( 'NONE', ( #2142, #7013, #1856, #2352 ) ) ;
#2245 = DIRECTION ( 'NONE',  ( 1.000000000000000000, -0.000000000000000000, 0.000000000000000000 ) ) ;
#2246 = DIRECTION ( 'NONE',  ( 0.000000000000000000, 0.000000000000000000, -1.000000000000000000 ) ) ;
#2247 = ADVANCED_FACE ( 'NONE', ( #4632 ), #5942, .F. ) ;
#2248 = EDGE_CURVE ( 'NONE', #2766, #1349, #8336, .T. ) ;
#2249 = CARTESIAN_POINT ( 'NONE',  ( 0.3999999999999995226, 0.1500000000000008271, 0.2795000000000000262 ) ) ;
#2250 = DIRECTION ( 'NONE',  ( -0.000000000000000000, 1.000000000000000000, -0.000000000000000000 ) ) ;
#2251 = SURFACE_STYLE_USAGE ( .BOTH. , #5513 ) ;
#2252 = AXIS2_PLACEMENT_3D ( 'NONE', #6012, #1940, #2735 ) ;
#2253 = DIRECTION ( 'NONE',  ( 1.000000000000000000, 0.000000000000000000, 0.000000000000000000 ) ) ;
#2254 = EDGE_LOOP ( 'NONE', ( #6263, #404, #1293, #1520 ) ) ;
#2255 = ORIENTED_EDGE ( 'NONE', *, *, #5432, .F. ) ;
#2256 = FILL_AREA_STYLE ('',( #8383 ) ) ;
#2257 = AXIS2_PLACEMENT_3D ( 'NONE', #408, #2486, #5125 ) ;
#2258 = ADVANCED_FACE ( 'NONE', ( #6306 ), #855, .F. ) ;
#2259 = DIRECTION ( 'NONE',  ( 1.000000000000000000, 0.000000000000000000, -0.000000000000000000 ) ) ;
#2260 = DIRECTION ( 'NONE',  ( -0.000000000000000000, 1.000000000000000000, -0.000000000000000000 ) ) ;
#2261 = CARTESIAN_POINT ( 'NONE',  ( 0.2000000000000000111, 0.1699999999999999567, 0.2999999999999999334 ) ) ;
#2262 = EDGE_CURVE ( 'NONE', #1572, #7500, #4680, .T. ) ;
#2263 = FACE_OUTER_BOUND ( 'NONE', #7340, .T. ) ;
#2264 = ORIENTED_EDGE ( 'NONE', *, *, #2098, .F. ) ;
#2265 = ORIENTED_EDGE ( 'NONE', *, *, #1475, .F. ) ;
#2266 = VERTEX_POINT ( 'NONE', #8291 ) ;
#2267 =( GEOMETRIC_REPRESENTATION_CONTEXT ( 3 ) GLOBAL_UNCERTAINTY_ASSIGNED_CONTEXT ( ( #17 ) ) GLOBAL_UNIT_ASSIGNED_CONTEXT ( ( #5338, #446, #6543 ) ) REPRESENTATION_CONTEXT ( 'NONE', 'WORKASPACE' ) );
#2268 = DIRECTION ( 'NONE',  ( 0.000000000000000000, 0.000000000000000000, 1.000000000000000000 ) ) ;
#2269 = UNCERTAINTY_MEASURE_WITH_UNIT (LENGTH_MEASURE( 1.000000000000000082E-05 ), #677, 'distance_accuracy_value', 'NONE');
#2270 = FACE_OUTER_BOUND ( 'NONE', #3470, .T. ) ;
#2271 = SURFACE_STYLE_FILL_AREA ( #8400 ) ;
#2272 = FILL_AREA_STYLE ('',( #4168 ) ) ;
#2273 = EDGE_CURVE ( 'NONE', #6044, #3003, #2215, .T. ) ;
#2274 = VERTEX_POINT ( 'NONE', #4194 ) ;
#2275 = AXIS2_PLACEMENT_3D ( 'NONE', #5312, #8036, #1873 ) ;
#2276 =( LENGTH_UNIT ( ) NAMED_UNIT ( * ) SI_UNIT ( .MILLI., .METRE. ) );
#2277 = LINE ( 'NONE', #7856, #1258 ) ;
#2278 = FILL_AREA_STYLE_COLOUR ( '', #5246 ) ;
#2279 = FACE_OUTER_BOUND ( 'NONE', #6138, .T. ) ;
#2280 = VECTOR ( 'NONE', #6313, 1000.000000000000000 ) ;
#2281 = LINE ( 'NONE', #343, #5216 ) ;
#2282 = DIRECTION ( 'NONE',  ( -0.000000000000000000, 1.000000000000000000, -0.000000000000000000 ) ) ;
#2283 = DIRECTION ( 'NONE',  ( 0.000000000000000000, -1.594414959537507173E-16, -1.000000000000000000 ) ) ;
#2284 = DIRECTION ( 'NONE',  ( -1.000000000000000000, 0.000000000000000000, 0.000000000000000000 ) ) ;
#2285 = VERTEX_POINT ( 'NONE', #8243 ) ;
#2286 = ORIENTED_EDGE ( 'NONE', *, *, #7940, .T. ) ;
#2287 = CARTESIAN_POINT ( 'NONE',  ( 1.200000000000000178, 0.1700000000000000122, -0.2499999999999998890 ) ) ;
#2288 = VECTOR ( 'NONE', #6428, 1000.000000000000000 ) ;
#2289 = ORIENTED_EDGE ( 'NONE', *, *, #3567, .F. ) ;
#2290 =( NAMED_UNIT ( * ) SI_UNIT ( $, .STERADIAN. ) SOLID_ANGLE_UNIT ( ) );
#2291 =( NAMED_UNIT ( * ) PLANE_ANGLE_UNIT ( ) SI_UNIT ( $, .RADIAN. ) );
#2292 = LINE ( 'NONE', #3568, #518 ) ;
#2293 =( NAMED_UNIT ( * ) SI_UNIT ( $, .STERADIAN. ) SOLID_ANGLE_UNIT ( ) );
#2294 = CARTESIAN_POINT ( 'NONE',  ( 2.168404344971008868E-16, -0.1500000000000008271, -0.1500000000000000222 ) ) ;
#2295 = PLANE ( 'NONE',  #3195 ) ;
#2296 = ORIENTED_EDGE ( 'NONE', *, *, #1321, .T. ) ;
#2297 = CARTESIAN_POINT ( 'NONE',  ( 0.1699999999999999012, -1.249999999999999112, -0.2499999999999998890 ) ) ;
#2298 = VERTEX_POINT ( 'NONE', #4974 ) ;
#2299 =( LENGTH_UNIT ( ) NAMED_UNIT ( * ) SI_UNIT ( .MILLI., .METRE. ) );
#2300 = LINE ( 'NONE', #3576, #3133 ) ;
#2301 = CARTESIAN_POINT ( 'NONE',  ( 1.000000000000000000, 0.1499999999999999667, 0.2499999999999998335 ) ) ;
#2302 = PLANE ( 'NONE',  #2257 ) ;
#2303 = SURFACE_STYLE_FILL_AREA ( #72 ) ;
#2304 = ORIENTED_EDGE ( 'NONE', *, *, #5095, .T. ) ;
#2305 = ORIENTED_EDGE ( 'NONE', *, *, #649, .F. ) ;
#2306 = EDGE_CURVE ( 'NONE', #4115, #8856, #7410, .T. ) ;
#2307 = EDGE_CURVE ( 'NONE', #8847, #6483, #3575, .T. ) ;
#2308 = EDGE_CURVE ( 'NONE', #8008, #2897, #6946, .T. ) ;
#2309 = VERTEX_POINT ( 'NONE', #2911 ) ;
#2310 = DIRECTION ( 'NONE',  ( -1.000000000000000000, -0.000000000000000000, -0.000000000000000000 ) ) ;
#2311 = ORIENTED_EDGE ( 'NONE', *, *, #2746, .T. ) ;
#2312 = VERTEX_POINT ( 'NONE', #5645 ) ;
#2313 = AXIS2_PLACEMENT_3D ( 'NONE', #2297, #8462, #4468 ) ;
#2314 = UNCERTAINTY_MEASURE_WITH_UNIT (LENGTH_MEASURE( 1.000000000000000082E-05 ), #5483, 'distance_accuracy_value', 'NONE');
#2315 = CARTESIAN_POINT ( 'NONE',  ( 1.350000000000000089, -0.1499999999999999389, 0.1499999999999999944 ) ) ;
#2316 = ADVANCED_FACE ( 'NONE', ( #4847 ), #3994, .T. ) ;
#2317 =( NAMED_UNIT ( * ) SI_UNIT ( $, .STERADIAN. ) SOLID_ANGLE_UNIT ( ) );
#2318 = VECTOR ( 'NONE', #998, 1000.000000000000000 ) ;
#2319 =( NAMED_UNIT ( * ) SI_UNIT ( $, .STERADIAN. ) SOLID_ANGLE_UNIT ( ) );
#2320 = DIRECTION ( 'NONE',  ( 0.000000000000000000, -1.000000000000000000, 0.000000000000000000 ) ) ;
#2321 = CARTESIAN_POINT ( 'NONE',  ( 1.000000000000000000, -0.1700000000000000122, -0.2499999999999998890 ) ) ;
#2322 = ORIENTED_EDGE ( 'NONE', *, *, #7544, .F. ) ;
#2323 =( GEOMETRIC_REPRESENTATION_CONTEXT ( 3 ) GLOBAL_UNCERTAINTY_ASSIGNED_CONTEXT ( ( #8084 ) ) GLOBAL_UNIT_ASSIGNED_CONTEXT ( ( #1278, #631, #6825 ) ) REPRESENTATION_CONTEXT ( 'NONE', 'WORKASPACE' ) );
#2324 = ORIENTED_EDGE ( 'NONE', *, *, #3983, .F. ) ;
#2325 = DIRECTION ( 'NONE',  ( 1.000000000000000000, 0.000000000000000000, 0.000000000000000000 ) ) ;
#2326 = VERTEX_POINT ( 'NONE', #3703 ) ;
#2327 = MECHANICAL_DESIGN_GEOMETRIC_PRESENTATION_REPRESENTATION (  '', ( #7319 ), #3311 ) ;
#2328 = FILL_AREA_STYLE_COLOUR ( '', #4283 ) ;
#2329 = VECTOR ( 'NONE', #7562, 1000.000000000000000 ) ;
#2330 = FILL_AREA_STYLE ('',( #895 ) ) ;
#2331 = CARTESIAN_POINT ( 'NONE',  ( 1.400000000000000133, 0.1499999999999999667, 0.2499999999999998335 ) ) ;
#2332 = AXIS2_PLACEMENT_3D ( 'NONE', #8862, #2728, #7469 ) ;
#2333 = SURFACE_STYLE_FILL_AREA ( #6491 ) ;
#2334 = DIRECTION ( 'NONE',  ( 0.000000000000000000, -1.807003620809174139E-16, 1.000000000000000000 ) ) ;
#2335 = AXIS2_PLACEMENT_3D ( 'NONE', #5265, #5087, #7173 ) ;
#2336 = CARTESIAN_POINT ( 'NONE',  ( 0.4000000000000000222, -0.1699999999999999012, 0.2999999999999999889 ) ) ;
#2337 = PRESENTATION_LAYER_ASSIGNMENT (  '', '', ( #8481 ) ) ;
#2338 = ORIENTED_EDGE ( 'NONE', *, *, #5148, .T. ) ;
#2339 = CARTESIAN_POINT ( 'NONE',  ( 2.168404344971008868E-16, -0.1500000000000008271, 0.2499999999999998890 ) ) ;
#2340 = VECTOR ( 'NONE', #8714, 1000.000000000000000 ) ;
#2341 = ORIENTED_EDGE ( 'NONE', *, *, #5028, .T. ) ;
#2342 = CARTESIAN_POINT ( 'NONE',  ( 0.4300000000000000488, -19.83000000000000185, 0.2499999999999998335 ) ) ;
#2343 = VECTOR ( 'NONE', #7297, 1000.000000000000000 ) ;
#2344 = DIRECTION ( 'NONE',  ( -0.000000000000000000, 1.807003620809174139E-16, -1.000000000000000000 ) ) ;
#2345 = VECTOR ( 'NONE', #2964, 1000.000000000000000 ) ;
#2346 = CARTESIAN_POINT ( 'NONE',  ( 0.1700000000000000122, -0.1499999999999999389, 0.1499999999999999944 ) ) ;
#2347 =( NAMED_UNIT ( * ) SI_UNIT ( $, .STERADIAN. ) SOLID_ANGLE_UNIT ( ) );
#2348 = LINE ( 'NONE', #5078, #5737 ) ;
#2349 = LINE ( 'NONE', #958, #7760 ) ;
#2350 = VERTEX_POINT ( 'NONE', #4331 ) ;
#2351 = LINE ( 'NONE', #576, #908 ) ;
#2352 = ORIENTED_EDGE ( 'NONE', *, *, #8151, .F. ) ;
#2353 =( GEOMETRIC_REPRESENTATION_CONTEXT ( 3 ) GLOBAL_UNCERTAINTY_ASSIGNED_CONTEXT ( ( #7641 ) ) GLOBAL_UNIT_ASSIGNED_CONTEXT ( ( #2011, #1268, #485 ) ) REPRESENTATION_CONTEXT ( 'NONE', 'WORKASPACE' ) );
#2354 = VERTEX_POINT ( 'NONE', #8464 ) ;
#2355 =( NAMED_UNIT ( * ) PLANE_ANGLE_UNIT ( ) SI_UNIT ( $, .RADIAN. ) );
#2356 = VECTOR ( 'NONE', #509, 1000.000000000000000 ) ;
#2357 = UNCERTAINTY_MEASURE_WITH_UNIT (LENGTH_MEASURE( 1.000000000000000082E-05 ), #5780, 'distance_accuracy_value', 'NONE');
#2358 = ADVANCED_FACE ( 'NONE', ( #1798 ), #312, .F. ) ;
#2359 = EDGE_CURVE ( 'NONE', #6014, #4340, #3039, .T. ) ;
#2360 =( LENGTH_UNIT ( ) NAMED_UNIT ( * ) SI_UNIT ( .MILLI., .METRE. ) );
#2361 = FILL_AREA_STYLE ('',( #5744 ) ) ;
#2362 = VERTEX_POINT ( 'NONE', #5723 ) ;
#2363 = CARTESIAN_POINT ( 'NONE',  ( 0.4000000000000000222, 0.000000000000000000, -0.2499999999999998890 ) ) ;
#2364 = UNCERTAINTY_MEASURE_WITH_UNIT (LENGTH_MEASURE( 1.000000000000000082E-05 ), #1290, 'distance_accuracy_value', 'NONE');
#2365 = DIRECTION ( 'NONE',  ( 0.000000000000000000, -1.000000000000000000, 0.000000000000000000 ) ) ;
#2366 = ORIENTED_EDGE ( 'NONE', *, *, #529, .T. ) ;
#2367 = VECTOR ( 'NONE', #6322, 1000.000000000000000 ) ;
#2368 = DIRECTION ( 'NONE',  ( 0.000000000000000000, 0.000000000000000000, -1.000000000000000000 ) ) ;
#2369 = CARTESIAN_POINT ( 'NONE',  ( 1.400000000000000133, 0.1500000000000000222, -0.2799999999999999711 ) ) ;
#2370 = EDGE_CURVE ( 'NONE', #5016, #3094, #8508, .T. ) ;
#2371 = LINE ( 'NONE', #1594, #6496 ) ;
#2372 = STYLED_ITEM ( 'NONE', ( #2383 ), #3046 ) ;
#2373 = CARTESIAN_POINT ( 'NONE',  ( 0.04999999999999999584, 0.1500000000000000222, -0.2499999999999998890 ) ) ;
#2374 = ADVANCED_FACE ( 'NONE', ( #4421 ), #4471, .F. ) ;
#2375 = CARTESIAN_POINT ( 'NONE',  ( 0.6000000000000000888, 0.1700000000000000122, -0.2999999999999999334 ) ) ;
#2376 = ORIENTED_EDGE ( 'NONE', *, *, #926, .F. ) ;
#2377 = ORIENTED_EDGE ( 'NONE', *, *, #3387, .F. ) ;
#2378 = DIRECTION ( 'NONE',  ( 1.000000000000000000, 0.000000000000000000, 0.000000000000000000 ) ) ;
#2379 = CARTESIAN_POINT ( 'NONE',  ( 0.6000000000000000888, 0.000000000000000000, 0.000000000000000000 ) ) ;
#2380 = ORIENTED_EDGE ( 'NONE', *, *, #4754, .F. ) ;
#2381 = FILL_AREA_STYLE_COLOUR ( '', #730 ) ;
#2382 = SURFACE_SIDE_STYLE ('',( #436 ) ) ;
#2383 = PRESENTATION_STYLE_ASSIGNMENT (( #5194 ) ) ;
#2384 = DIRECTION ( 'NONE',  ( 0.000000000000000000, 0.000000000000000000, -1.000000000000000000 ) ) ;
#2385 = SURFACE_SIDE_STYLE ('',( #1702 ) ) ;
#2386 = PRESENTATION_LAYER_ASSIGNMENT (  '', '', ( #7525 ) ) ;
#2387 = ORIENTED_EDGE ( 'NONE', *, *, #3985, .F. ) ;
#2388 = DIRECTION ( 'NONE',  ( -1.000000000000000000, 0.000000000000000000, 0.000000000000000000 ) ) ;
#2389 = VERTEX_POINT ( 'NONE', #6011 ) ;
#2390 = FILL_AREA_STYLE ('',( #5779 ) ) ;
#2391 = MECHANICAL_DESIGN_GEOMETRIC_PRESENTATION_REPRESENTATION (  '', ( #5960 ), #7382 ) ;
#2392 =( GEOMETRIC_REPRESENTATION_CONTEXT ( 3 ) GLOBAL_UNCERTAINTY_ASSIGNED_CONTEXT ( ( #3793 ) ) GLOBAL_UNIT_ASSIGNED_CONTEXT ( ( #5279, #3512, #1556 ) ) REPRESENTATION_CONTEXT ( 'NONE', 'WORKASPACE' ) );
#2393 =( NAMED_UNIT ( * ) SI_UNIT ( $, .STERADIAN. ) SOLID_ANGLE_UNIT ( ) );
#2394 = STYLED_ITEM ( 'NONE', ( #802 ), #6787 ) ;
#2395 = DIRECTION ( 'NONE',  ( 0.000000000000000000, 0.000000000000000000, -1.000000000000000000 ) ) ;
#2396 = DIRECTION ( 'NONE',  ( -0.000000000000000000, 0.000000000000000000, 1.000000000000000000 ) ) ;
#2397 = LINE ( 'NONE', #6548, #8192 ) ;
#2398 = EDGE_LOOP ( 'NONE', ( #4962, #5152, #3234, #4559 ) ) ;
#2399 = VECTOR ( 'NONE', #5889, 1000.000000000000000 ) ;
#2400 = DIRECTION ( 'NONE',  ( -1.000000000000000000, 0.000000000000000000, -0.000000000000000000 ) ) ;
#2401 = ORIENTED_EDGE ( 'NONE', *, *, #8633, .T. ) ;
#2402 = MECHANICAL_DESIGN_GEOMETRIC_PRESENTATION_REPRESENTATION (  '', ( #8252 ), #7391 ) ;
#2403 = VERTEX_POINT ( 'NONE', #8011 ) ;
#2404 = PLANE ( 'NONE',  #7659 ) ;
#2405 = DIRECTION ( 'NONE',  ( -0.000000000000000000, -0.000000000000000000, 1.000000000000000000 ) ) ;
#2406 = ORIENTED_EDGE ( 'NONE', *, *, #6796, .T. ) ;
#2407 = FILL_AREA_STYLE_COLOUR ( '', #7375 ) ;
#2408 = VERTEX_POINT ( 'NONE', #1225 ) ;
#2409 = MECHANICAL_DESIGN_GEOMETRIC_PRESENTATION_REPRESENTATION (  '', ( #8120 ), #6969 ) ;
#2410 = DIRECTION ( 'NONE',  ( 0.000000000000000000, -1.000000000000000000, 0.000000000000000000 ) ) ;
#2411 = EDGE_CURVE ( 'NONE', #7779, #304, #5966, .T. ) ;
#2412 = EDGE_CURVE ( 'NONE', #6927, #8515, #6775, .T. ) ;
#2413 = CARTESIAN_POINT ( 'NONE',  ( 0.2000000000000000111, 0.1500000000000000222, -0.2799999999999999711 ) ) ;
#2414 = DIRECTION ( 'NONE',  ( 0.000000000000000000, 0.000000000000000000, -1.000000000000000000 ) ) ;
#2415 = LINE ( 'NONE', #5098, #3199 ) ;
#2416 = AXIS2_PLACEMENT_3D ( 'NONE', #1584, #4344, #334 ) ;
#2417 = CARTESIAN_POINT ( 'NONE',  ( 0.1699999999999999012, 0.1500000000000008271, -0.2499999999999998890 ) ) ;
#2418 = DIRECTION ( 'NONE',  ( -0.000000000000000000, 1.000000000000000000, -0.000000000000000000 ) ) ;
#2419 = ORIENTED_EDGE ( 'NONE', *, *, #1704, .F. ) ;
#2420 = VERTEX_POINT ( 'NONE', #6681 ) ;
#2421 = CARTESIAN_POINT ( 'NONE',  ( 0.04999999999999999584, -0.1500000000000000500, -0.1499999999999999944 ) ) ;
#2422 = EDGE_CURVE ( 'NONE', #5955, #3753, #8062, .T. ) ;
#2424 = EDGE_CURVE ( 'NONE', #6983, #7062, #527, .T. ) ;
#2423 = DIRECTION ( 'NONE',  ( 0.000000000000000000, 0.000000000000000000, 1.000000000000000000 ) ) ;
#2425 = ORIENTED_EDGE ( 'NONE', *, *, #8814, .F. ) ;
#2426 = CARTESIAN_POINT ( 'NONE',  ( 0.1699999999999996791, -0.1500000000000008271, 0.1499999999999999944 ) ) ;
#2427 = VECTOR ( 'NONE', #3899, 1000.000000000000000 ) ;
#2428 = EDGE_CURVE ( 'NONE', #1806, #7828, #6727, .T. ) ;
#2429 = CARTESIAN_POINT ( 'NONE',  ( 0.4000000000000000222, 0.1499999999999999667, 0.2799999999999999711 ) ) ;
#2430 =( LENGTH_UNIT ( ) NAMED_UNIT ( * ) SI_UNIT ( .MILLI., .METRE. ) );
#2431 = DIRECTION ( 'NONE',  ( 0.000000000000000000, 0.000000000000000000, 1.000000000000000000 ) ) ;
#2432 = LINE ( 'NONE', #7873, #4326 ) ;
#2433 = VECTOR ( 'NONE', #8140, 1000.000000000000000 ) ;
#2434 = VERTEX_POINT ( 'NONE', #8732 ) ;
#2435 = ORIENTED_EDGE ( 'NONE', *, *, #6796, .F. ) ;
#2436 =( NAMED_UNIT ( * ) SI_UNIT ( $, .STERADIAN. ) SOLID_ANGLE_UNIT ( ) );
#2437 = SURFACE_STYLE_USAGE ( .BOTH. , #5292 ) ;
#2438 = EDGE_CURVE ( 'NONE', #1992, #4224, #5384, .T. ) ;
#2439 = CARTESIAN_POINT ( 'NONE',  ( 0.2000000000000000111, -0.1500000000000000500, -0.2499999999999998890 ) ) ;
#2440 = SURFACE_SIDE_STYLE ('',( #7257 ) ) ;
#2441 = VECTOR ( 'NONE', #7026, 1000.000000000000000 ) ;
#2442 = DIRECTION ( 'NONE',  ( 0.000000000000000000, 1.000000000000000000, 0.000000000000000000 ) ) ;
#2443 = VERTEX_POINT ( 'NONE', #2615 ) ;
#2444 = LINE ( 'NONE', #411, #7185 ) ;
#2445 = ORIENTED_EDGE ( 'NONE', *, *, #2027, .T. ) ;
#2446 = ORIENTED_EDGE ( 'NONE', *, *, #7327, .F. ) ;
#2447 = CARTESIAN_POINT ( 'NONE',  ( 0.2000000000000000111, 0.1700000000000000122, -0.2999999999999999334 ) ) ;
#2448 = PLANE ( 'NONE',  #3353 ) ;
#2449 = UNCERTAINTY_MEASURE_WITH_UNIT (LENGTH_MEASURE( 1.000000000000000082E-05 ), #7109, 'distance_accuracy_value', 'NONE');
#2450 = SURFACE_STYLE_FILL_AREA ( #3771 ) ;
#2451 = VERTEX_POINT ( 'NONE', #2576 ) ;
#2452 = FACE_OUTER_BOUND ( 'NONE', #6975, .T. ) ;
#2453 = CARTESIAN_POINT ( 'NONE',  ( 1.400000000000000133, 0.1700000000000000122, -0.06916666666666672347 ) ) ;
#2454 = CARTESIAN_POINT ( 'NONE',  ( 0.04999999999999999584, 0.1700000000000000122, -0.2499999999999998890 ) ) ;
#2455 = PRESENTATION_LAYER_ASSIGNMENT (  '', '', ( #8587 ) ) ;
#2456 = LINE ( 'NONE', #6663, #7495 ) ;
#2457 = CARTESIAN_POINT ( 'NONE',  ( 0.2000000000000000111, -0.1500000000000000500, -0.2799999999999999711 ) ) ;
#2458 = DIRECTION ( 'NONE',  ( 0.000000000000000000, 1.000000000000000000, 0.000000000000000000 ) ) ;
#2459 =( NAMED_UNIT ( * ) SI_UNIT ( $, .STERADIAN. ) SOLID_ANGLE_UNIT ( ) );
#2460 = DIRECTION ( 'NONE',  ( -1.000000000000000000, -0.000000000000000000, -0.000000000000000000 ) ) ;
#2461 = COLOUR_RGB ( '',0.7921568627450980005, 0.8196078431372548767, 0.9333333333333333481 ) ;
#2462 = ORIENTED_EDGE ( 'NONE', *, *, #8713, .T. ) ;
#2463 = VERTEX_POINT ( 'NONE', #2530 ) ;
#2464 = DIRECTION ( 'NONE',  ( 1.000000000000000000, 0.000000000000000000, 0.000000000000000000 ) ) ;
#2465 = CARTESIAN_POINT ( 'NONE',  ( 0.8299999999999999600, 0.1499999999999999667, 0.06916666666666672347 ) ) ;
#2466 = VECTOR ( 'NONE', #4889, 1000.000000000000000 ) ;
#2467 = ORIENTED_EDGE ( 'NONE', *, *, #5419, .T. ) ;
#2468 = FILL_AREA_STYLE ('',( #2381 ) ) ;
#2469 = COLOUR_RGB ( '',0.6470588235294117974, 0.6196078431372549211, 0.5999999999999999778 ) ;
#2470 = PLANE ( 'NONE',  #8603 ) ;
#2471 = SURFACE_SIDE_STYLE ('',( #5862 ) ) ;
#2472 = DIRECTION ( 'NONE',  ( 0.000000000000000000, 0.000000000000000000, -1.000000000000000000 ) ) ;
#2473 = EDGE_CURVE ( 'NONE', #5833, #1221, #8829, .T. ) ;
#2474 = EDGE_CURVE ( 'NONE', #6533, #5007, #1272, .T. ) ;
#2475 = ADVANCED_FACE ( 'NONE', ( #3927 ), #3354, .F. ) ;
#2476 = VECTOR ( 'NONE', #3031, 1000.000000000000000 ) ;
#2477 = SURFACE_STYLE_FILL_AREA ( #8585 ) ;
#2478 = VECTOR ( 'NONE', #2951, 1000.000000000000000 ) ;
#2479 = ORIENTED_EDGE ( 'NONE', *, *, #6611, .T. ) ;
#2480 =( GEOMETRIC_REPRESENTATION_CONTEXT ( 3 ) GLOBAL_UNCERTAINTY_ASSIGNED_CONTEXT ( ( #145 ) ) GLOBAL_UNIT_ASSIGNED_CONTEXT ( ( #1086, #5200, #3837 ) ) REPRESENTATION_CONTEXT ( 'NONE', 'WORKASPACE' ) );
#2481 = VERTEX_POINT ( 'NONE', #4569 ) ;
#2482 = CARTESIAN_POINT ( 'NONE',  ( 1.230000000000000204, 0.1499999999999999667, 0.06916666666666672347 ) ) ;
#2483 = VECTOR ( 'NONE', #2844, 1000.000000000000000 ) ;
#2484 = FILL_AREA_STYLE_COLOUR ( '', #3896 ) ;
#2485 = EDGE_CURVE ( 'NONE', #3220, #212, #7292, .T. ) ;
#2486 = DIRECTION ( 'NONE',  ( 0.000000000000000000, -1.594414959537507173E-16, -1.000000000000000000 ) ) ;
#2487 = DIRECTION ( 'NONE',  ( 0.000000000000000000, -1.594414959537507173E-16, -1.000000000000000000 ) ) ;
#2488 = DIRECTION ( 'NONE',  ( -0.000000000000000000, 1.000000000000000000, -0.000000000000000000 ) ) ;
#2489 = ORIENTED_EDGE ( 'NONE', *, *, #5385, .T. ) ;
#2490 = VECTOR ( 'NONE', #2282, 1000.000000000000000 ) ;
#2491 = EDGE_CURVE ( 'NONE', #390, #5632, #5461, .T. ) ;
#2492 =( LENGTH_UNIT ( ) NAMED_UNIT ( * ) SI_UNIT ( .MILLI., .METRE. ) );
#2493 = ORIENTED_EDGE ( 'NONE', *, *, #3335, .F. ) ;
#2494 = PRESENTATION_LAYER_ASSIGNMENT (  '', '', ( #333 ) ) ;
#2495 = VERTEX_POINT ( 'NONE', #4267 ) ;
#2496 = EDGE_CURVE ( 'NONE', #8165, #2495, #4227, .T. ) ;
#2497 = PRESENTATION_LAYER_ASSIGNMENT (  '', '', ( #6326 ) ) ;
#2498 = MECHANICAL_DESIGN_GEOMETRIC_PRESENTATION_REPRESENTATION (  '', ( #1351 ), #911 ) ;
#2499 = CARTESIAN_POINT ( 'NONE',  ( 0.6000000000000000888, 0.1700000000000000122, -0.2999999999999999334 ) ) ;
#2500 = CARTESIAN_POINT ( 'NONE',  ( 0.8286715151571744098, -1.249999999999999112, -0.2499999999999998890 ) ) ;
#2501 = CARTESIAN_POINT ( 'NONE',  ( 0.2000000000000000111, -0.1500000000000000500, -0.2799999999999999711 ) ) ;
#2502 = PLANE ( 'NONE',  #1522 ) ;
#2503 = VERTEX_POINT ( 'NONE', #171 ) ;
#2504 = LINE ( 'NONE', #1778, #6758 ) ;
#2505 = LINE ( 'NONE', #342, #1250 ) ;
#2506 =( GEOMETRIC_REPRESENTATION_CONTEXT ( 3 ) GLOBAL_UNCERTAINTY_ASSIGNED_CONTEXT ( ( #7133 ) ) GLOBAL_UNIT_ASSIGNED_CONTEXT ( ( #7468, #6212, #4216 ) ) REPRESENTATION_CONTEXT ( 'NONE', 'WORKASPACE' ) );
#2507 = CARTESIAN_POINT ( 'NONE',  ( 0.6000000000000000888, 0.1700000000000000122, -0.2999999999999999334 ) ) ;
#2508 = CARTESIAN_POINT ( 'NONE',  ( 0.5699999999999999512, -19.83000000000000185, 0.2499999999999998335 ) ) ;
#2509 =( NAMED_UNIT ( * ) PLANE_ANGLE_UNIT ( ) SI_UNIT ( $, .RADIAN. ) );
#2510 = DIRECTION ( 'NONE',  ( 1.000000000000000000, 0.000000000000000000, 0.000000000000000000 ) ) ;
#2511 = CARTESIAN_POINT ( 'NONE',  ( 0.1999999999999996503, -1.249999999999999112, 0.2499999999999998890 ) ) ;
#2512 = LINE ( 'NONE', #2417, #2288 ) ;
#2513 = COLOUR_RGB ( '',0.6470588235294117974, 0.6196078431372549211, 0.5999999999999999778 ) ;
#2514 = ORIENTED_EDGE ( 'NONE', *, *, #825, .T. ) ;
#2515 = CARTESIAN_POINT ( 'NONE',  ( 0.1700000000000000122, 0.1700000000000000122, -0.2499999999999998890 ) ) ;
#2516 =( LENGTH_UNIT ( ) NAMED_UNIT ( * ) SI_UNIT ( .MILLI., .METRE. ) );
#2517 = ORIENTED_EDGE ( 'NONE', *, *, #6194, .F. ) ;
#2518 = CARTESIAN_POINT ( 'NONE',  ( 0.2457458469041920723, 0.1700000000000000122, 0.2499999999999998335 ) ) ;
#2519 = VECTOR ( 'NONE', #6698, 1000.000000000000000 ) ;
#2520 = PRESENTATION_STYLE_ASSIGNMENT (( #5908 ) ) ;
#2521 = CARTESIAN_POINT ( 'NONE',  ( 0.6000000000000000888, -0.1699999999999999012, 0.2499999999999998335 ) ) ;
#2522 = LINE ( 'NONE', #3745, #175 ) ;
#2523 = EDGE_LOOP ( 'NONE', ( #4801, #2666, #1367, #7261 ) ) ;
#2524 =( LENGTH_UNIT ( ) NAMED_UNIT ( * ) SI_UNIT ( .MILLI., .METRE. ) );
#2525 = PRESENTATION_STYLE_ASSIGNMENT (( #1162 ) ) ;
#2526 = STYLED_ITEM ( 'NONE', ( #6837 ), #3009 ) ;
#2527 = ORIENTED_EDGE ( 'NONE', *, *, #5044, .T. ) ;
#2528 = SURFACE_STYLE_FILL_AREA ( #4567 ) ;
#2529 = VERTEX_POINT ( 'NONE', #2820 ) ;
#2530 = CARTESIAN_POINT ( 'NONE',  ( 1.230000000000000204, 0.1500000000000008271, 0.2499999999999998335 ) ) ;
#2531 = AXIS2_PLACEMENT_3D ( 'NONE', #7454, #1954, #4682 ) ;
#2532 = EDGE_CURVE ( 'NONE', #2050, #636, #8324, .T. ) ;
#2533 = ADVANCED_FACE ( 'NONE', ( #671 ), #711, .F. ) ;
#2534 = SURFACE_STYLE_FILL_AREA ( #4570 ) ;
#2535 = CARTESIAN_POINT ( 'NONE',  ( 0.1700000000000000122, 0.1499999999999999667, 0.06916666666666672347 ) ) ;
#2536 = SURFACE_STYLE_FILL_AREA ( #8648 ) ;
#2537 = VECTOR ( 'NONE', #3840, 1000.000000000000000 ) ;
#2538 = DIRECTION ( 'NONE',  ( 0.000000000000000000, -1.807003620809174139E-16, 1.000000000000000000 ) ) ;
#2539 = SURFACE_STYLE_FILL_AREA ( #6499 ) ;
#2540 = CARTESIAN_POINT ( 'NONE',  ( 1.400000000000000133, -0.1699999999999999012, 0.2499999999999998335 ) ) ;
#2541 = ORIENTED_EDGE ( 'NONE', *, *, #4186, .F. ) ;
#2542 = VECTOR ( 'NONE', #797, 1000.000000000000000 ) ;
#2543 = EDGE_LOOP ( 'NONE', ( #5006, #5128, #6723, #5333 ) ) ;
#2544 = ORIENTED_EDGE ( 'NONE', *, *, #4375, .F. ) ;
#2545 = MECHANICAL_DESIGN_GEOMETRIC_PRESENTATION_REPRESENTATION (  '', ( #6823 ), #2938 ) ;
#2546 =( GEOMETRIC_REPRESENTATION_CONTEXT ( 3 ) GLOBAL_UNCERTAINTY_ASSIGNED_CONTEXT ( ( #1034 ) ) GLOBAL_UNIT_ASSIGNED_CONTEXT ( ( #4304, #1684, #5705 ) ) REPRESENTATION_CONTEXT ( 'NONE', 'WORKASPACE' ) );
#2547 = EDGE_CURVE ( 'NONE', #4115, #3285, #5633, .T. ) ;
#2548 =( NAMED_UNIT ( * ) PLANE_ANGLE_UNIT ( ) SI_UNIT ( $, .RADIAN. ) );
#2549 = ADVANCED_FACE ( 'NONE', ( #1441 ), #3435, .F. ) ;
#2550 = CARTESIAN_POINT ( 'NONE',  ( 0.5699999999999995071, 0.1500000000000008271, 0.1499999999999999944 ) ) ;
#2551 = VECTOR ( 'NONE', #5176, 1000.000000000000000 ) ;
#2552 = CARTESIAN_POINT ( 'NONE',  ( 1.200000000000000178, -0.1499999999999999389, 0.2799999999999999711 ) ) ;
#2553 = SURFACE_STYLE_USAGE ( .BOTH. , #6657 ) ;
#2554 = MECHANICAL_DESIGN_GEOMETRIC_PRESENTATION_REPRESENTATION (  '', ( #2812 ), #3244 ) ;
#2555 = EDGE_LOOP ( 'NONE', ( #2401, #3620, #8289, #1235 ) ) ;
#2556 =( LENGTH_UNIT ( ) NAMED_UNIT ( * ) SI_UNIT ( .MILLI., .METRE. ) );
#2557 = PLANE ( 'NONE',  #646 ) ;
#2558 = AXIS2_PLACEMENT_3D ( 'NONE', #1228, #2617, #5294 ) ;
#2559 = PRESENTATION_STYLE_ASSIGNMENT (( #8717 ) ) ;
#2560 = SURFACE_STYLE_USAGE ( .BOTH. , #5994 ) ;
#2561 = DIRECTION ( 'NONE',  ( 1.000000000000000000, 0.000000000000000000, -0.000000000000000000 ) ) ;
#2562 = VERTEX_POINT ( 'NONE', #4920 ) ;
#2563 = DIRECTION ( 'NONE',  ( -0.000000000000000000, -0.000000000000000000, -1.000000000000000000 ) ) ;
#2564 =( NAMED_UNIT ( * ) PLANE_ANGLE_UNIT ( ) SI_UNIT ( $, .RADIAN. ) );
#2565 = ORIENTED_EDGE ( 'NONE', *, *, #3717, .F. ) ;
#2566 = DIRECTION ( 'NONE',  ( 0.000000000000000000, 0.000000000000000000, -1.000000000000000000 ) ) ;
#2567 = AXIS2_PLACEMENT_3D ( 'NONE', #5535, #2762, #2924 ) ;
#2568 = FACE_OUTER_BOUND ( 'NONE', #8549, .T. ) ;
#2569 = CARTESIAN_POINT ( 'NONE',  ( 2.168404344971008868E-16, -0.1500000000000008271, 0.2499999999999998890 ) ) ;
#2570 = LINE ( 'NONE', #3872, #7414 ) ;
#2571 = SURFACE_STYLE_USAGE ( .BOTH. , #3698 ) ;
#2572 = VERTEX_POINT ( 'NONE', #2859 ) ;
#2573 = CARTESIAN_POINT ( 'NONE',  ( 0.8000000000000000444, -1.249999999999999112, -0.2499999999999998890 ) ) ;
#2574 = MECHANICAL_DESIGN_GEOMETRIC_PRESENTATION_REPRESENTATION (  '', ( #5995 ), #7841 ) ;
#2575 = EDGE_LOOP ( 'NONE', ( #4404, #3255, #7141, #1468 ) ) ;
#2576 = CARTESIAN_POINT ( 'NONE',  ( 1.230000000000000204, 0.1700000000000000122, -0.2499999999999998890 ) ) ;
#2577 = CARTESIAN_POINT ( 'NONE',  ( 0.8000000000000000444, -0.1499999999999999389, 0.2499999999999998335 ) ) ;
#2578 = CARTESIAN_POINT ( 'NONE',  ( 0.1999999999999998723, 0.1500000000000008271, -0.2794999999999999707 ) ) ;
#2579 = CARTESIAN_POINT ( 'NONE',  ( 1.400000000000000133, -0.1700000000000000122, -0.2999999999999999889 ) ) ;
#2580 = ORIENTED_EDGE ( 'NONE', *, *, #3188, .F. ) ;
#2581 = ORIENTED_EDGE ( 'NONE', *, *, #1036, .F. ) ;
#2582 = ORIENTED_EDGE ( 'NONE', *, *, #8484, .F. ) ;
#2583 = VECTOR ( 'NONE', #387, 1000.000000000000000 ) ;
#2584 = DIRECTION ( 'NONE',  ( 0.000000000000000000, -1.594414959537506680E-16, 1.000000000000000000 ) ) ;
#2585 = CARTESIAN_POINT ( 'NONE',  ( 1.400000000000000133, -0.1699999999999999012, 0.2999999999999999889 ) ) ;
#2586 = CARTESIAN_POINT ( 'NONE',  ( 0.9700000000000000844, -0.1500000000000008271, -0.2499999999999998890 ) ) ;
#2587 = SURFACE_SIDE_STYLE ('',( #5985 ) ) ;
#2588 = EDGE_CURVE ( 'NONE', #7449, #5644, #5588, .T. ) ;
#2589 = ADVANCED_FACE ( 'NONE', ( #7920 ), #8453, .F. ) ;
#2590 = ADVANCED_FACE ( 'NONE', ( #395 ), #219, .F. ) ;
#2591 = ORIENTED_EDGE ( 'NONE', *, *, #3649, .T. ) ;
#2592 = CARTESIAN_POINT ( 'NONE',  ( 0.2000000000000000111, -0.1700000000000000122, -0.2499999999999998890 ) ) ;
#2593 = CARTESIAN_POINT ( 'NONE',  ( 1.000000000000000000, -0.1500000000000000500, -0.1499999999999999944 ) ) ;
#2594 =( NAMED_UNIT ( * ) SI_UNIT ( $, .STERADIAN. ) SOLID_ANGLE_UNIT ( ) );
#2595 = CARTESIAN_POINT ( 'NONE',  ( 0.2000000000000000111, 0.1500000000000000222, -0.2499999999999998890 ) ) ;
#2596 = PLANE ( 'NONE',  #7068 ) ;
#2597 = CARTESIAN_POINT ( 'NONE',  ( 0.4000000000000000222, -0.1499999999999999389, 0.2799999999999999711 ) ) ;
#2598 = DIRECTION ( 'NONE',  ( -1.000000000000000000, 0.000000000000000000, 0.000000000000000000 ) ) ;
#2599 = FILL_AREA_STYLE ('',( #5276 ) ) ;
#2600 = ORIENTED_EDGE ( 'NONE', *, *, #6006, .F. ) ;
#2601 = EDGE_CURVE ( 'NONE', #8142, #3760, #3074, .T. ) ;
#2602 = LINE ( 'NONE', #1920, #2888 ) ;
#2603 = FACE_OUTER_BOUND ( 'NONE', #3690, .T. ) ;
#2604 = VERTEX_POINT ( 'NONE', #5813 ) ;
#2605 = CARTESIAN_POINT ( 'NONE',  ( 1.200000000000000178, 0.000000000000000000, 0.2499999999999998335 ) ) ;
#2606 = PRESENTATION_LAYER_ASSIGNMENT (  '', '', ( #456 ) ) ;
#2607 = FACE_OUTER_BOUND ( 'NONE', #6916, .T. ) ;
#2608 = DIRECTION ( 'NONE',  ( 0.000000000000000000, 0.000000000000000000, 1.000000000000000000 ) ) ;
#2609 = FILL_AREA_STYLE_COLOUR ( '', #4988 ) ;
#2610 = CARTESIAN_POINT ( 'NONE',  ( 0.1999999999999998723, -0.1500000000000008271, -0.2499999999999998890 ) ) ;
#2611 = VECTOR ( 'NONE', #8269, 1000.000000000000000 ) ;
#2612 = VERTEX_POINT ( 'NONE', #2426 ) ;
#2613 = CARTESIAN_POINT ( 'NONE',  ( 1.000000000000000000, -0.1700000000000000122, -0.2999999999999999889 ) ) ;
#2614 = VERTEX_POINT ( 'NONE', #7728 ) ;
#2615 = CARTESIAN_POINT ( 'NONE',  ( 0.7999999999999991562, 0.1500000000000008271, 0.2795000000000000262 ) ) ;
#2616 = FILL_AREA_STYLE ('',( #7204 ) ) ;
#2617 = DIRECTION ( 'NONE',  ( 0.000000000000000000, -1.000000000000000000, 0.000000000000000000 ) ) ;
#2618 = DIRECTION ( 'NONE',  ( -0.000000000000000000, 1.000000000000000000, -0.000000000000000000 ) ) ;
#2619 = PRESENTATION_LAYER_ASSIGNMENT (  '', '', ( #6047 ) ) ;
#2620 = ORIENTED_EDGE ( 'NONE', *, *, #7872, .F. ) ;
#2621 = EDGE_LOOP ( 'NONE', ( #635, #8708, #1003, #7866, #6539, #8124, #7016, #4917 ) ) ;
#2622 = VECTOR ( 'NONE', #2907, 1000.000000000000000 ) ;
#2623 = PRESENTATION_LAYER_ASSIGNMENT (  '', '', ( #5306 ) ) ;
#2624 = ORIENTED_EDGE ( 'NONE', *, *, #6685, .T. ) ;
#2625 = STYLED_ITEM ( 'NONE', ( #4854 ), #7717 ) ;
#2626 = PRESENTATION_LAYER_ASSIGNMENT (  '', '', ( #6056 ) ) ;
#2627 = LINE ( 'NONE', #8796, #6358 ) ;
#2628 = COLOUR_RGB ( '',0.6470588235294117974, 0.6196078431372549211, 0.5999999999999999778 ) ;
#2629 = LINE ( 'NONE', #1820, #407 ) ;
#2630 = DIRECTION ( 'NONE',  ( 0.000000000000000000, 0.000000000000000000, 1.000000000000000000 ) ) ;
#2631 =( GEOMETRIC_REPRESENTATION_CONTEXT ( 3 ) GLOBAL_UNCERTAINTY_ASSIGNED_CONTEXT ( ( #8518 ) ) GLOBAL_UNIT_ASSIGNED_CONTEXT ( ( #3243, #4720, #4028 ) ) REPRESENTATION_CONTEXT ( 'NONE', 'WORKASPACE' ) );
#2632 = ORIENTED_EDGE ( 'NONE', *, *, #7443, .F. ) ;
#2633 = VERTEX_POINT ( 'NONE', #7066 ) ;
#2634 = MANIFOLD_SOLID_BREP ( 'Move Face2[1]', #3511 ) ;
#2635 = UNCERTAINTY_MEASURE_WITH_UNIT (LENGTH_MEASURE( 1.000000000000000082E-05 ), #3090, 'distance_accuracy_value', 'NONE');
#2636 = FILL_AREA_STYLE_COLOUR ( '', #1533 ) ;
#2637 = COLOUR_RGB ( '',0.6470588235294117974, 0.6196078431372549211, 0.5999999999999999778 ) ;
#2638 = CARTESIAN_POINT ( 'NONE',  ( 0.9700000000000000844, -0.1500000000000000500, -0.1499999999999999944 ) ) ;
#2639 = EDGE_CURVE ( 'NONE', #5851, #5000, #3868, .T. ) ;
#2640 = EDGE_CURVE ( 'NONE', #8477, #7949, #942, .T. ) ;
#2641 = STYLED_ITEM ( 'NONE', ( #861 ), #7758 ) ;
#2642 =( GEOMETRIC_REPRESENTATION_CONTEXT ( 3 ) GLOBAL_UNCERTAINTY_ASSIGNED_CONTEXT ( ( #6135 ) ) GLOBAL_UNIT_ASSIGNED_CONTEXT ( ( #4928, #6184, #2122 ) ) REPRESENTATION_CONTEXT ( 'NONE', 'WORKASPACE' ) );
#2643 = FACE_OUTER_BOUND ( 'NONE', #5356, .T. ) ;
#2644 = DIRECTION ( 'NONE',  ( 0.000000000000000000, -1.000000000000000000, 0.000000000000000000 ) ) ;
#2645 = SURFACE_STYLE_USAGE ( .BOTH. , #6038 ) ;
#2646 = ORIENTED_EDGE ( 'NONE', *, *, #3819, .T. ) ;
#2647 = CARTESIAN_POINT ( 'NONE',  ( 1.200000000000000178, 0.1700000000000000122, -0.2999999999999999334 ) ) ;
#2648 = DIRECTION ( 'NONE',  ( 0.000000000000000000, -1.000000000000000000, 0.000000000000000000 ) ) ;
#2649 = SURFACE_SIDE_STYLE ('',( #6161 ) ) ;
#2650 = CARTESIAN_POINT ( 'NONE',  ( 0.8299999999999999600, -19.83000000000000185, 0.2499999999999998335 ) ) ;
#2651 = EDGE_CURVE ( 'NONE', #4181, #2766, #3256, .T. ) ;
#2652 = EDGE_CURVE ( 'NONE', #3503, #4224, #3211, .T. ) ;
#2653 = CARTESIAN_POINT ( 'NONE',  ( 0.1700000000000000122, 0.1700000000000000122, -0.06916666666666670960 ) ) ;
#2654 = COLOUR_RGB ( '',0.6470588235294117974, 0.6196078431372549211, 0.5999999999999999778 ) ;
#2655 = LINE ( 'NONE', #7424, #38 ) ;
#2656 = ORIENTED_EDGE ( 'NONE', *, *, #8150, .F. ) ;
#2657 = EDGE_LOOP ( 'NONE', ( #5808, #1623, #7938, #668 ) ) ;
#2658 = STYLED_ITEM ( 'NONE', ( #199 ), #3601 ) ;
#2659 = LINE ( 'NONE', #6140, #4218 ) ;
#2660 = FACE_OUTER_BOUND ( 'NONE', #2847, .T. ) ;
#2661 = CARTESIAN_POINT ( 'NONE',  ( 1.199999999999999289, -1.249999999999999112, 0.2499999999999998890 ) ) ;
#2662 = STYLED_ITEM ( 'NONE', ( #8373 ), #2921 ) ;
#2663 = PLANE ( 'NONE',  #1486 ) ;
#2664 = EDGE_LOOP ( 'NONE', ( #4006, #3915, #6388, #3786 ) ) ;
#2665 = CARTESIAN_POINT ( 'NONE',  ( 0.6000000000000000888, 0.000000000000000000, -0.2499999999999998890 ) ) ;
#2666 = ORIENTED_EDGE ( 'NONE', *, *, #8423, .T. ) ;
#2667 = MECHANICAL_DESIGN_GEOMETRIC_PRESENTATION_REPRESENTATION (  '', ( #3637 ), #4722 ) ;
#2668 = EDGE_LOOP ( 'NONE', ( #5029, #1546, #8580, #681, #8485, #2940, #4973, #8042 ) ) ;
#2669 = PRESENTATION_STYLE_ASSIGNMENT (( #3187 ) ) ;
#2670 = DIRECTION ( 'NONE',  ( -0.000000000000000000, -0.000000000000000000, -1.000000000000000000 ) ) ;
#2671 = FACE_OUTER_BOUND ( 'NONE', #1766, .T. ) ;
#2672 = CARTESIAN_POINT ( 'NONE',  ( 1.200000000000000178, -0.1699999999999999012, 0.2999999999999999889 ) ) ;
#2673 = VECTOR ( 'NONE', #2648, 1000.000000000000000 ) ;
#2674 = ORIENTED_EDGE ( 'NONE', *, *, #826, .F. ) ;
#2675 = AXIS2_PLACEMENT_3D ( 'NONE', #4779, #6125, #7323 ) ;
#2676 = VERTEX_POINT ( 'NONE', #3295 ) ;
#2677 = SURFACE_STYLE_USAGE ( .BOTH. , #422 ) ;
#2678 = SURFACE_STYLE_FILL_AREA ( #6120 ) ;
#2679 = CLOSED_SHELL ( 'NONE', ( #1772, #8699, #421, #3495, #4769, #5582, #5039, #6994, #7379, #2952, #5219, #7053, #5820, #1741, #5756, #328, #6189, #2138, #2950, #8529, #1828, #5480, #1577, #7430, #5205, #4485, #1534, #8362, #388, #7496, #4718, #1320, #7278, #7280, #3224, #3275, #3996, #3589, #4863, #2839, #2706, #3763, #7345, #1335, #5524, #7929, #3696, #6343, #5334, #7607, #1586, #5680, #706, #811 ) ) ;
#2680 = PLANE ( 'NONE',  #7266 ) ;
#2681 = CARTESIAN_POINT ( 'NONE',  ( 0.9999999999999991118, -0.1500000000000008271, 0.2795000000000000817 ) ) ;
#2682 = VERTEX_POINT ( 'NONE', #5372 ) ;
#2683 = EDGE_CURVE ( 'NONE', #5656, #1825, #8047, .T. ) ;
#2684 = VECTOR ( 'NONE', #6919, 1000.000000000000000 ) ;
#2685 = PLANE ( 'NONE',  #2121 ) ;
#2686 = AXIS2_PLACEMENT_3D ( 'NONE', #2579, #6690, #2538 ) ;
#2687 = CARTESIAN_POINT ( 'NONE',  ( 1.000000000000000000, -0.1700000000000000122, -0.2999999999999999889 ) ) ;
#2688 = LINE ( 'NONE', #8631, #6599 ) ;
#2689 = CARTESIAN_POINT ( 'NONE',  ( 0.1700000000000000122, 0.1500000000000000222, -0.06916666666666672347 ) ) ;
#2690 = SURFACE_SIDE_STYLE ('',( #3300 ) ) ;
#2691 = CARTESIAN_POINT ( 'NONE',  ( 1.230000000000000204, 0.1500000000000008271, -0.2499999999999998890 ) ) ;
#2692 = EDGE_CURVE ( 'NONE', #8091, #2408, #8003, .T. ) ;
#2693 = EDGE_CURVE ( 'NONE', #457, #3736, #7965, .T. ) ;
#2694 = EDGE_CURVE ( 'NONE', #5987, #6903, #7419, .T. ) ;
#2695 = VERTEX_POINT ( 'NONE', #520 ) ;
#2696 = VERTEX_POINT ( 'NONE', #7285 ) ;
#2697 = CARTESIAN_POINT ( 'NONE',  ( 1.230000000000000204, 0.1700000000000000122, 0.2499999999999998335 ) ) ;
#2698 = DIRECTION ( 'NONE',  ( 0.000000000000000000, 1.000000000000000000, 0.000000000000000000 ) ) ;
#2699 = LINE ( 'NONE', #5386, #6532 ) ;
#2700 = SURFACE_STYLE_FILL_AREA ( #571 ) ;
#2701 =( NAMED_UNIT ( * ) SI_UNIT ( $, .STERADIAN. ) SOLID_ANGLE_UNIT ( ) );
#2702 = CARTESIAN_POINT ( 'NONE',  ( 0.04999999999999999584, -0.1699999999999999289, 0.1499999999999999944 ) ) ;
#2703 =( GEOMETRIC_REPRESENTATION_CONTEXT ( 3 ) GLOBAL_UNCERTAINTY_ASSIGNED_CONTEXT ( ( #1633 ) ) GLOBAL_UNIT_ASSIGNED_CONTEXT ( ( #7457, #4592, #3288 ) ) REPRESENTATION_CONTEXT ( 'NONE', 'WORKASPACE' ) );
#2704 = ORIENTED_EDGE ( 'NONE', *, *, #4926, .F. ) ;
#2705 = ORIENTED_EDGE ( 'NONE', *, *, #326, .T. ) ;
#2706 = ADVANCED_FACE ( 'NONE', ( #8680 ), #6762, .F. ) ;
#2707 = ORIENTED_EDGE ( 'NONE', *, *, #6022, .F. ) ;
#2708 = UNCERTAINTY_MEASURE_WITH_UNIT (LENGTH_MEASURE( 1.000000000000000082E-05 ), #870, 'distance_accuracy_value', 'NONE');
#2709 = LINE ( 'NONE', #177, #4063 ) ;
#2710 = DIRECTION ( 'NONE',  ( -0.000000000000000000, 0.000000000000000000, 1.000000000000000000 ) ) ;
#2711 = UNCERTAINTY_MEASURE_WITH_UNIT (LENGTH_MEASURE( 1.000000000000000082E-05 ), #7389, 'distance_accuracy_value', 'NONE');
#2712 = DIRECTION ( 'NONE',  ( -0.000000000000000000, 0.000000000000000000, 1.000000000000000000 ) ) ;
#2713 = DIRECTION ( 'NONE',  ( 0.000000000000000000, 0.000000000000000000, 1.000000000000000000 ) ) ;
#2714 = ORIENTED_EDGE ( 'NONE', *, *, #4473, .F. ) ;
#2715 = PRESENTATION_LAYER_ASSIGNMENT (  '', '', ( #4705 ) ) ;
#2716 = ORIENTED_EDGE ( 'NONE', *, *, #7222, .F. ) ;
#2717 = LINE ( 'NONE', #6155, #822 ) ;
#2718 = DIRECTION ( 'NONE',  ( -1.000000000000000000, 0.000000000000000000, 0.000000000000000000 ) ) ;
#2719 = SURFACE_STYLE_FILL_AREA ( #8852 ) ;
#2720 =( NAMED_UNIT ( * ) PLANE_ANGLE_UNIT ( ) SI_UNIT ( $, .RADIAN. ) );
#2721 = LINE ( 'NONE', #5448, #8816 ) ;
#2722 = VERTEX_POINT ( 'NONE', #8136 ) ;
#2723 = LINE ( 'NONE', #1347, #6304 ) ;
#2724 = PLANE ( 'NONE',  #7390 ) ;
#2725 = CARTESIAN_POINT ( 'NONE',  ( 0.2000000000000000111, 0.1499999999999999667, 0.2799999999999999711 ) ) ;
#2726 = CARTESIAN_POINT ( 'NONE',  ( 0.4000000000000000222, -0.1500000000000000500, -0.1499999999999999944 ) ) ;
#2727 = SURFACE_STYLE_FILL_AREA ( #5283 ) ;
#2728 = DIRECTION ( 'NONE',  ( 0.000000000000000000, -1.000000000000000000, 0.000000000000000000 ) ) ;
#2729 = DIRECTION ( 'NONE',  ( -1.000000000000000000, -0.000000000000000000, -0.000000000000000000 ) ) ;
#2730 = SURFACE_STYLE_FILL_AREA ( #6132 ) ;
#2731 = VERTEX_POINT ( 'NONE', #3916 ) ;
#2732 = DIRECTION ( 'NONE',  ( -1.000000000000000000, -0.000000000000000000, -0.000000000000000000 ) ) ;
#2733 = ORIENTED_EDGE ( 'NONE', *, *, #482, .T. ) ;
#2734 = LINE ( 'NONE', #1403, #6977 ) ;
#2735 = DIRECTION ( 'NONE',  ( 0.000000000000000000, 0.000000000000000000, 1.000000000000000000 ) ) ;
#2736 = EDGE_CURVE ( 'NONE', #2731, #7123, #1926, .T. ) ;
#2737 = EDGE_CURVE ( 'NONE', #2088, #3129, #7333, .T. ) ;
#2738 = FACE_OUTER_BOUND ( 'NONE', #5018, .T. ) ;
#2739 =( GEOMETRIC_REPRESENTATION_CONTEXT ( 3 ) GLOBAL_UNCERTAINTY_ASSIGNED_CONTEXT ( ( #8039 ) ) GLOBAL_UNIT_ASSIGNED_CONTEXT ( ( #4603, #3296, #8050 ) ) REPRESENTATION_CONTEXT ( 'NONE', 'WORKASPACE' ) );
#2740 = FACE_OUTER_BOUND ( 'NONE', #8452, .T. ) ;
#2741 = EDGE_LOOP ( 'NONE', ( #8591, #6318, #7237, #1866, #959, #3662, #2646, #8335 ) ) ;
#2742 = ORIENTED_EDGE ( 'NONE', *, *, #2424, .F. ) ;
#2743 = PRESENTATION_LAYER_ASSIGNMENT (  '', '', ( #1461 ) ) ;
#2744 = ORIENTED_EDGE ( 'NONE', *, *, #8827, .T. ) ;
#2745 = VECTOR ( 'NONE', #6150, 1000.000000000000000 ) ;
#2746 = EDGE_CURVE ( 'NONE', #1806, #7486, #5415, .T. ) ;
#2747 = MECHANICAL_DESIGN_GEOMETRIC_PRESENTATION_REPRESENTATION (  '', ( #7024 ), #6458 ) ;
#2748 =( NAMED_UNIT ( * ) PLANE_ANGLE_UNIT ( ) SI_UNIT ( $, .RADIAN. ) );
#2749 = EDGE_CURVE ( 'NONE', #2696, #2451, #6718, .T. ) ;
#2750 = LINE ( 'NONE', #724, #4394 ) ;
#2751 = CARTESIAN_POINT ( 'NONE',  ( 0.4300000000000000488, -0.1500000000000008271, 0.2499999999999998335 ) ) ;
#2752 =( GEOMETRIC_REPRESENTATION_CONTEXT ( 3 ) GLOBAL_UNCERTAINTY_ASSIGNED_CONTEXT ( ( #6374 ) ) GLOBAL_UNIT_ASSIGNED_CONTEXT ( ( #8054, #3298, #4003 ) ) REPRESENTATION_CONTEXT ( 'NONE', 'WORKASPACE' ) );
#2753 = AXIS2_PLACEMENT_3D ( 'NONE', #6181, #6779, #4747 ) ;
#2754 = ORIENTED_EDGE ( 'NONE', *, *, #788, .T. ) ;
#2755 = VECTOR ( 'NONE', #2458, 1000.000000000000000 ) ;
#2756 = ORIENTED_EDGE ( 'NONE', *, *, #2737, .F. ) ;
#2757 = MECHANICAL_DESIGN_GEOMETRIC_PRESENTATION_REPRESENTATION (  '', ( #1045 ), #2480 ) ;
#2758 = CARTESIAN_POINT ( 'NONE',  ( 0.5699999999999999512, -1.249999999999999112, -0.1499999999999999944 ) ) ;
#2759 = AXIS2_PLACEMENT_3D ( 'NONE', #5707, #384, #7860 ) ;
#2760 = CARTESIAN_POINT ( 'NONE',  ( 0.2000000000000000111, -0.1699999999999999289, 0.1499999999999999944 ) ) ;
#2761 = MECHANICAL_DESIGN_GEOMETRIC_PRESENTATION_REPRESENTATION (  '', ( #601 ), #5049 ) ;
#2763 =( GEOMETRIC_REPRESENTATION_CONTEXT ( 3 ) GLOBAL_UNCERTAINTY_ASSIGNED_CONTEXT ( ( #2083 ) ) GLOBAL_UNIT_ASSIGNED_CONTEXT ( ( #2516, #5902, #6584 ) ) REPRESENTATION_CONTEXT ( 'NONE', 'WORKASPACE' ) );
#2762 = DIRECTION ( 'NONE',  ( -1.000000000000000000, 0.000000000000000000, 0.000000000000000000 ) ) ;
#2764 = STYLED_ITEM ( 'NONE', ( #5608 ), #8575 ) ;
#2765 = SURFACE_SIDE_STYLE ('',( #1465 ) ) ;
#2766 = VERTEX_POINT ( 'NONE', #1305 ) ;
#2767 = EDGE_CURVE ( 'NONE', #7195, #1705, #1120, .T. ) ;
#2768 = COLOUR_RGB ( '',0.6470588235294117974, 0.6196078431372549211, 0.5999999999999999778 ) ;
#2769 = SURFACE_STYLE_USAGE ( .BOTH. , #4782 ) ;
#2770 =( NAMED_UNIT ( * ) SI_UNIT ( $, .STERADIAN. ) SOLID_ANGLE_UNIT ( ) );
#2771 = COLOUR_RGB ( '',0.6470588235294117974, 0.6196078431372549211, 0.5999999999999999778 ) ;
#2772 = STYLED_ITEM ( 'NONE', ( #6943 ), #8864 ) ;
#2773 = FILL_AREA_STYLE ('',( #3476 ) ) ;
#2774 = CARTESIAN_POINT ( 'NONE',  ( 0.8000000000000000444, 0.1499999999999999667, 0.2799999999999999711 ) ) ;
#2775 = DIRECTION ( 'NONE',  ( 0.000000000000000000, 1.000000000000000000, 0.000000000000000000 ) ) ;
#2776 = SURFACE_STYLE_FILL_AREA ( #6168 ) ;
#2777 =( GEOMETRIC_REPRESENTATION_CONTEXT ( 3 ) GLOBAL_UNCERTAINTY_ASSIGNED_CONTEXT ( ( #1478 ) ) GLOBAL_UNIT_ASSIGNED_CONTEXT ( ( #7787, #4416, #6437 ) ) REPRESENTATION_CONTEXT ( 'NONE', 'WORKASPACE' ) );
#2778 = VERTEX_POINT ( 'NONE', #8815 ) ;
#2779 =( NAMED_UNIT ( * ) SI_UNIT ( $, .STERADIAN. ) SOLID_ANGLE_UNIT ( ) );
#2780 = ORIENTED_EDGE ( 'NONE', *, *, #7054, .T. ) ;
#2781 = DIRECTION ( 'NONE',  ( -0.000000000000000000, -0.000000000000000000, 1.000000000000000000 ) ) ;
#2782 = PRESENTATION_STYLE_ASSIGNMENT (( #8107 ) ) ;
#2783 =( GEOMETRIC_REPRESENTATION_CONTEXT ( 3 ) GLOBAL_UNCERTAINTY_ASSIGNED_CONTEXT ( ( #3639 ) ) GLOBAL_UNIT_ASSIGNED_CONTEXT ( ( #3019, #252, #2932 ) ) REPRESENTATION_CONTEXT ( 'NONE', 'WORKASPACE' ) );
#2784 = FACE_OUTER_BOUND ( 'NONE', #5763, .T. ) ;
#2785 = CARTESIAN_POINT ( 'NONE',  ( 0.1699999999999999012, -1.249999999999999112, -0.1499999999999999944 ) ) ;
#2786 = DIRECTION ( 'NONE',  ( 1.000000000000000000, 0.000000000000000000, 0.000000000000000000 ) ) ;
#2787 = PRESENTATION_STYLE_ASSIGNMENT (( #1529 ) ) ;
#2788 = VECTOR ( 'NONE', #2310, 1000.000000000000000 ) ;
#2789 = ORIENTED_EDGE ( 'NONE', *, *, #2811, .F. ) ;
#2790 = EDGE_CURVE ( 'NONE', #5642, #5214, #2688, .T. ) ;
#2791 = ORIENTED_EDGE ( 'NONE', *, *, #6455, .F. ) ;
#2792 =( LENGTH_UNIT ( ) NAMED_UNIT ( * ) SI_UNIT ( .MILLI., .METRE. ) );
#2793 = VECTOR ( 'NONE', #6393, 1000.000000000000000 ) ;
#2794 = DIRECTION ( 'NONE',  ( 0.000000000000000000, 1.000000000000000000, 0.000000000000000000 ) ) ;
#2795 = LINE ( 'NONE', #2167, #8532 ) ;
#2796 = DIRECTION ( 'NONE',  ( -0.000000000000000000, -1.000000000000000000, -0.000000000000000000 ) ) ;
#2797 = UNCERTAINTY_MEASURE_WITH_UNIT (LENGTH_MEASURE( 1.000000000000000082E-05 ), #350, 'distance_accuracy_value', 'NONE');
#2798 = DIRECTION ( 'NONE',  ( 1.000000000000000000, 0.000000000000000000, 0.000000000000000000 ) ) ;
#2799 = PLANE ( 'NONE',  #1616 ) ;
#2800 = ORIENTED_EDGE ( 'NONE', *, *, #1810, .F. ) ;
#2801 = EDGE_CURVE ( 'NONE', #4872, #8142, #2006, .T. ) ;
#2802 = ORIENTED_EDGE ( 'NONE', *, *, #4703, .F. ) ;
#2803 = DIRECTION ( 'NONE',  ( 0.000000000000000000, 0.000000000000000000, 1.000000000000000000 ) ) ;
#2804 = EDGE_CURVE ( 'NONE', #654, #4018, #5453, .T. ) ;
#2805 = PRESENTATION_STYLE_ASSIGNMENT (( #783 ) ) ;
#2806 = STYLED_ITEM ( 'NONE', ( #1639 ), #107 ) ;
#2807 = COLOUR_RGB ( '',0.6470588235294117974, 0.6196078431372549211, 0.5999999999999999778 ) ;
#2808 = EDGE_LOOP ( 'NONE', ( #7959, #7124, #813, #1281 ) ) ;
#2809 = CARTESIAN_POINT ( 'NONE',  ( 1.000000000000000000, 0.1500000000000008271, 0.2795000000000000817 ) ) ;
#2810 = VECTOR ( 'NONE', #4046, 1000.000000000000000 ) ;
#2811 = EDGE_CURVE ( 'NONE', #1388, #7083, #6129, .T. ) ;
#2812 = STYLED_ITEM ( 'NONE', ( #8509 ), #6577 ) ;
#2813 = PRESENTATION_STYLE_ASSIGNMENT (( #5500 ) ) ;
#2814 = LINE ( 'NONE', #5547, #1502 ) ;
#2815 = SURFACE_STYLE_FILL_AREA ( #5502 ) ;
#2816 = VECTOR ( 'NONE', #1525, 1000.000000000000000 ) ;
#2817 = PRESENTATION_STYLE_ASSIGNMENT (( #6971 ) ) ;
#2818 = ORIENTED_EDGE ( 'NONE', *, *, #7661, .T. ) ;
#2819 = EDGE_LOOP ( 'NONE', ( #779, #7107, #8290, #7152 ) ) ;
#2820 = CARTESIAN_POINT ( 'NONE',  ( 1.200000000000000178, -0.1500000000000000500, -0.2799999999999999711 ) ) ;
#2821 = LINE ( 'NONE', #569, #5406 ) ;
#2822 = VECTOR ( 'NONE', #7673, 1000.000000000000000 ) ;
#2823 = CARTESIAN_POINT ( 'NONE',  ( 0.000000000000000000, 0.1499999999999999667, 0.2799999999999999711 ) ) ;
#2824 = LINE ( 'NONE', #7072, #5034 ) ;
#2825 = SURFACE_STYLE_USAGE ( .BOTH. , #5467 ) ;
#2826 = DIRECTION ( 'NONE',  ( 1.000000000000000000, 0.000000000000000000, 0.000000000000000000 ) ) ;
#2827 = FILL_AREA_STYLE ('',( #6981 ) ) ;
#2828 = VERTEX_POINT ( 'NONE', #659 ) ;
#2829 = VERTEX_POINT ( 'NONE', #3393 ) ;
#2830 = CARTESIAN_POINT ( 'NONE',  ( 0.2000000000000000111, 0.1699999999999999567, 0.06916666666666672347 ) ) ;
#2831 =( LENGTH_UNIT ( ) NAMED_UNIT ( * ) SI_UNIT ( .MILLI., .METRE. ) );
#2832 = PRESENTATION_STYLE_ASSIGNMENT (( #1542 ) ) ;
#2833 = CARTESIAN_POINT ( 'NONE',  ( 0.1699999999999999012, -0.1500000000000008271, -0.1499999999999999944 ) ) ;
#2834 = VERTEX_POINT ( 'NONE', #8858 ) ;
#2835 = UNCERTAINTY_MEASURE_WITH_UNIT (LENGTH_MEASURE( 1.000000000000000082E-05 ), #8568, 'distance_accuracy_value', 'NONE');
#2836 = EDGE_LOOP ( 'NONE', ( #5611, #8411, #2134, #3080 ) ) ;
#2837 = AXIS2_PLACEMENT_3D ( 'NONE', #8249, #5439, #6991 ) ;
#2838 = LINE ( 'NONE', #5490, #6114 ) ;
#2839 = ADVANCED_FACE ( 'NONE', ( #309 ), #228, .F. ) ;
#2840 = EDGE_CURVE ( 'NONE', #7823, #4984, #7200, .T. ) ;
#2841 = ADVANCED_FACE ( 'NONE', ( #5017 ), #2955, .F. ) ;
#2842 = LINE ( 'NONE', #4775, #3206 ) ;
#2843 = DIRECTION ( 'NONE',  ( 1.000000000000000000, 0.000000000000000000, 0.000000000000000000 ) ) ;
#2844 = DIRECTION ( 'NONE',  ( 0.000000000000000000, -1.000000000000000000, 0.000000000000000000 ) ) ;
#2845 = VECTOR ( 'NONE', #1354, 1000.000000000000000 ) ;
#2846 = CARTESIAN_POINT ( 'NONE',  ( 0.9700000000000000844, -0.1700000000000000400, -0.1499999999999999944 ) ) ;
#2847 = EDGE_LOOP ( 'NONE', ( #5380, #6954, #1510, #5037, #4495, #3304, #6843, #7451 ) ) ;
#2848 = CARTESIAN_POINT ( 'NONE',  ( 1.230000000000000204, -0.1499999999999999389, 0.1499999999999999944 ) ) ;
#2849 = LINE ( 'NONE', #4909, #5533 ) ;
#2850 = SURFACE_STYLE_FILL_AREA ( #7681 ) ;
#2851 = ORIENTED_EDGE ( 'NONE', *, *, #7497, .T. ) ;
#2852 = SURFACE_STYLE_FILL_AREA ( #7008 ) ;
#2853 = EDGE_CURVE ( 'NONE', #5366, #4056, #6400, .T. ) ;
#2854 = CARTESIAN_POINT ( 'NONE',  ( 1.350000000000000089, -0.1699999999999999012, 0.2999999999999999889 ) ) ;
#2855 = EDGE_CURVE ( 'NONE', #1231, #8663, #2993, .T. ) ;
#2856 = VERTEX_POINT ( 'NONE', #4370 ) ;
#2857 = CARTESIAN_POINT ( 'NONE',  ( 0.6000000000000000888, -0.1499999999999999389, 0.2799999999999999711 ) ) ;
#2858 = ORIENTED_EDGE ( 'NONE', *, *, #4428, .T. ) ;
#2859 = CARTESIAN_POINT ( 'NONE',  ( 0.4000000000000000222, 0.1500000000000000222, -0.2499999999999998890 ) ) ;
#2860 = SURFACE_SIDE_STYLE ('',( #174 ) ) ;
#2861 =( NAMED_UNIT ( * ) PLANE_ANGLE_UNIT ( ) SI_UNIT ( $, .RADIAN. ) );
#2862 = PLANE ( 'NONE',  #7891 ) ;
#2863 =( NAMED_UNIT ( * ) SI_UNIT ( $, .STERADIAN. ) SOLID_ANGLE_UNIT ( ) );
#2864 = ORIENTED_EDGE ( 'NONE', *, *, #5790, .T. ) ;
#2865 = ORIENTED_EDGE ( 'NONE', *, *, #4642, .T. ) ;
#2866 = CARTESIAN_POINT ( 'NONE',  ( 0.3542541530958079332, 0.1700000000000000122, -0.2499999999999998890 ) ) ;
#2867 = STYLED_ITEM ( 'NONE', ( #5581 ), #4415 ) ;
#2868 = CARTESIAN_POINT ( 'NONE',  ( 0.8000000000000000444, -0.1500000000000000500, -0.2499999999999998890 ) ) ;
#2869 = LINE ( 'NONE', #2081, #6842 ) ;
#2870 = CARTESIAN_POINT ( 'NONE',  ( 2.168404344971008868E-16, 0.1500000000000008271, -0.2795000000000000262 ) ) ;
#2871 = VECTOR ( 'NONE', #1350, 1000.000000000000000 ) ;
#2872 = VERTEX_POINT ( 'NONE', #5721 ) ;
#2873 = CARTESIAN_POINT ( 'NONE',  ( 1.400000000000000133, -0.1500000000000000500, -0.2499999999999998890 ) ) ;
#2874 = ORIENTED_EDGE ( 'NONE', *, *, #4543, .T. ) ;
#2875 = ORIENTED_EDGE ( 'NONE', *, *, #1054, .F. ) ;
#2876 = LINE ( 'NONE', #4163, #4219 ) ;
#2878 = DIRECTION ( 'NONE',  ( 0.000000000000000000, -0.000000000000000000, -1.000000000000000000 ) ) ;
#2877 = VECTOR ( 'NONE', #4933, 1000.000000000000000 ) ;
#2879 = PRESENTATION_STYLE_ASSIGNMENT (( #2229 ) ) ;
#2880 = CARTESIAN_POINT ( 'NONE',  ( 0.2000000000000000111, -0.1499999999999999389, 0.1499999999999999944 ) ) ;
#2881 = FACE_OUTER_BOUND ( 'NONE', #4730, .T. ) ;
#2882 = STYLED_ITEM ( 'NONE', ( #3403 ), #7103 ) ;
#2883 = COLOUR_RGB ( '',0.6470588235294117974, 0.6196078431372549211, 0.5999999999999999778 ) ;
#2884 = ORIENTED_EDGE ( 'NONE', *, *, #1642, .T. ) ;
#2885 = EDGE_CURVE ( 'NONE', #3734, #7585, #5686, .T. ) ;
#2886 = EDGE_CURVE ( 'NONE', #6505, #5833, #7833, .T. ) ;
#2887 = DIRECTION ( 'NONE',  ( 0.000000000000000000, 1.000000000000000000, -1.807003620809174139E-16 ) ) ;
#2888 = VECTOR ( 'NONE', #4643, 1000.000000000000000 ) ;
#2889 = MANIFOLD_SOLID_BREP ( 'Cut-Extrude2', #2679 ) ;
#2890 = CARTESIAN_POINT ( 'NONE',  ( 2.168404344971008868E-16, 0.1700000000000000122, 0.06916666666666670960 ) ) ;
#2891 = VECTOR ( 'NONE', #7822, 1000.000000000000000 ) ;
#2892 = CARTESIAN_POINT ( 'NONE',  ( 0.3999999999999999667, -1.249999999999999112, -0.2795000000000000262 ) ) ;
#2893 = CARTESIAN_POINT ( 'NONE',  ( 0.5699999999999999512, 0.1700000000000000122, 0.2499999999999998335 ) ) ;
#2894 = SURFACE_SIDE_STYLE ('',( #3479 ) ) ;
#2895 = VECTOR ( 'NONE', #4050, 1000.000000000000000 ) ;
#2896 = ORIENTED_EDGE ( 'NONE', *, *, #7812, .F. ) ;
#2897 = VERTEX_POINT ( 'NONE', #1737 ) ;
#2898 = PLANE ( 'NONE',  #1041 ) ;
#2899 = EDGE_CURVE ( 'NONE', #2266, #7915, #8589, .T. ) ;
#2900 = VECTOR ( 'NONE', #8653, 1000.000000000000000 ) ;
#2901 = VERTEX_POINT ( 'NONE', #2249 ) ;
#2902 = SURFACE_STYLE_USAGE ( .BOTH. , #220 ) ;
#2903 = STYLED_ITEM ( 'NONE', ( #1618 ), #4668 ) ;
#2904 = EDGE_CURVE ( 'NONE', #7886, #2389, #3988, .T. ) ;
#2905 = CARTESIAN_POINT ( 'NONE',  ( 0.3999999999999999667, -0.1500000000000008271, 0.2795000000000000817 ) ) ;
#2906 = DIRECTION ( 'NONE',  ( 0.000000000000000000, -0.000000000000000000, 1.000000000000000000 ) ) ;
#2907 = DIRECTION ( 'NONE',  ( 0.000000000000000000, -1.000000000000000000, 0.000000000000000000 ) ) ;
#2908 = SURFACE_SIDE_STYLE ('',( #7977 ) ) ;
#2909 = ORIENTED_EDGE ( 'NONE', *, *, #4148, .T. ) ;
#2910 = ORIENTED_EDGE ( 'NONE', *, *, #8725, .F. ) ;
#2911 = CARTESIAN_POINT ( 'NONE',  ( 1.228671515157174543, 0.1500000000000008271, -0.2499999999999998890 ) ) ;
#2912 = CARTESIAN_POINT ( 'NONE',  ( 0.4300000000000000488, 0.1700000000000000122, 0.2499999999999998335 ) ) ;
#2913 = CARTESIAN_POINT ( 'NONE',  ( 2.168404344971008868E-16, -0.1500000000000008271, 0.2795000000000000817 ) ) ;
#2914 = FILL_AREA_STYLE_COLOUR ( '', #1260 ) ;
#2915 = DIRECTION ( 'NONE',  ( 1.000000000000000000, 0.000000000000000000, 0.000000000000000000 ) ) ;
#2916 = CARTESIAN_POINT ( 'NONE',  ( 2.168404344971008868E-16, -0.1500000000000008271, 0.2499999999999998890 ) ) ;
#2917 = VECTOR ( 'NONE', #7820, 1000.000000000000000 ) ;
#2918 = ORIENTED_EDGE ( 'NONE', *, *, #2086, .F. ) ;
#2919 = ORIENTED_EDGE ( 'NONE', *, *, #2652, .T. ) ;
#2920 = EDGE_LOOP ( 'NONE', ( #5392, #7192, #1206, #4555, #4255, #7151, #144, #1096 ) ) ;
#2921 = MANIFOLD_SOLID_BREP ( 'Body-Move/Copy1[5]', #8392 ) ;
#2922 = AXIS2_PLACEMENT_3D ( 'NONE', #5135, #1006, #5743 ) ;
#2923 = FACE_OUTER_BOUND ( 'NONE', #515, .T. ) ;
#2924 = DIRECTION ( 'NONE',  ( 0.000000000000000000, 0.000000000000000000, 1.000000000000000000 ) ) ;
#2925 = VECTOR ( 'NONE', #5637, 1000.000000000000000 ) ;
#2926 = ORIENTED_EDGE ( 'NONE', *, *, #3274, .T. ) ;
#2927 = MECHANICAL_DESIGN_GEOMETRIC_PRESENTATION_REPRESENTATION (  '', ( #7218 ), #4506 ) ;
#2928 = FILL_AREA_STYLE ('',( #4213 ) ) ;
#2929 = LINE ( 'NONE', #4999, #3378 ) ;
#2930 = LINE ( 'NONE', #1591, #3078 ) ;
#2931 = AXIS2_PLACEMENT_3D ( 'NONE', #6732, #8694, #573 ) ;
#2932 =( NAMED_UNIT ( * ) SI_UNIT ( $, .STERADIAN. ) SOLID_ANGLE_UNIT ( ) );
#2933 = DIRECTION ( 'NONE',  ( -1.000000000000000000, 0.000000000000000000, -0.000000000000000000 ) ) ;
#2934 = CARTESIAN_POINT ( 'NONE',  ( 1.400000000000000133, 0.1700000000000000122, -0.06916666666666672347 ) ) ;
#2935 = VECTOR ( 'NONE', #2325, 1000.000000000000000 ) ;
#2936 = DIRECTION ( 'NONE',  ( 0.000000000000000000, -9.035018104045873159E-17, 1.000000000000000000 ) ) ;
#2937 = ORIENTED_EDGE ( 'NONE', *, *, #6238, .F. ) ;
#2938 =( GEOMETRIC_REPRESENTATION_CONTEXT ( 3 ) GLOBAL_UNCERTAINTY_ASSIGNED_CONTEXT ( ( #3701 ) ) GLOBAL_UNIT_ASSIGNED_CONTEXT ( ( #8435, #6456, #5787 ) ) REPRESENTATION_CONTEXT ( 'NONE', 'WORKASPACE' ) );
#2939 = PRESENTATION_LAYER_ASSIGNMENT (  '', '', ( #795 ) ) ;
#2940 = ORIENTED_EDGE ( 'NONE', *, *, #5491, .F. ) ;
#2941 = FACE_OUTER_BOUND ( 'NONE', #3372, .T. ) ;
#2942 = VECTOR ( 'NONE', #6159, 1000.000000000000000 ) ;
#2943 = VERTEX_POINT ( 'NONE', #1286 ) ;
#2944 = DIRECTION ( 'NONE',  ( 0.000000000000000000, 0.000000000000000000, -1.000000000000000000 ) ) ;
#2945 = LINE ( 'NONE', #847, #3241 ) ;
#2946 = CARTESIAN_POINT ( 'NONE',  ( 0.4300000000000000488, -19.83000000000000185, 0.2499999999999998335 ) ) ;
#2947 = LINE ( 'NONE', #7197, #2793 ) ;
#2948 = CARTESIAN_POINT ( 'NONE',  ( 0.2000000000000000111, 0.1699999999999999567, 0.2499999999999998335 ) ) ;
#2949 = EDGE_CURVE ( 'NONE', #8514, #6783, #1414, .T. ) ;
#2950 = ADVANCED_FACE ( 'NONE', ( #542 ), #3278, .F. ) ;
#2951 = DIRECTION ( 'NONE',  ( -1.000000000000000000, 0.000000000000000000, 0.000000000000000000 ) ) ;
#2952 = ADVANCED_FACE ( 'NONE', ( #6019 ), #6979, .T. ) ;
#2953 = VECTOR ( 'NONE', #1444, 1000.000000000000000 ) ;
#2954 = ORIENTED_EDGE ( 'NONE', *, *, #2767, .F. ) ;
#2955 = PLANE ( 'NONE',  #3014 ) ;
#2956 = ORIENTED_EDGE ( 'NONE', *, *, #774, .T. ) ;
#2957 =( GEOMETRIC_REPRESENTATION_CONTEXT ( 3 ) GLOBAL_UNCERTAINTY_ASSIGNED_CONTEXT ( ( #3171 ) ) GLOBAL_UNIT_ASSIGNED_CONTEXT ( ( #7411, #1245, #6029 ) ) REPRESENTATION_CONTEXT ( 'NONE', 'WORKASPACE' ) );
#2958 = SURFACE_STYLE_USAGE ( .BOTH. , #3491 ) ;
#2959 = CARTESIAN_POINT ( 'NONE',  ( 0.02000000000000021899, 0.1700000000000000122, -0.1499999999999999944 ) ) ;
#2960 = DIRECTION ( 'NONE',  ( 0.000000000000000000, 0.000000000000000000, -1.000000000000000000 ) ) ;
#2961 = SURFACE_STYLE_USAGE ( .BOTH. , #1217 ) ;
#2962 = ORIENTED_EDGE ( 'NONE', *, *, #6901, .F. ) ;
#2963 = EDGE_CURVE ( 'NONE', #3503, #1322, #2709, .T. ) ;
#2964 = DIRECTION ( 'NONE',  ( 1.000000000000000000, 0.000000000000000000, 0.000000000000000000 ) ) ;
#2965 = ORIENTED_EDGE ( 'NONE', *, *, #1220, .F. ) ;
#2966 = ORIENTED_EDGE ( 'NONE', *, *, #6444, .F. ) ;
#2967 = UNCERTAINTY_MEASURE_WITH_UNIT (LENGTH_MEASURE( 1.000000000000000082E-05 ), #131, 'distance_accuracy_value', 'NONE');
#2968 = SURFACE_STYLE_FILL_AREA ( #149 ) ;
#2969 = FACE_OUTER_BOUND ( 'NONE', #6735, .T. ) ;
#2970 = PRESENTATION_STYLE_ASSIGNMENT (( #7369 ) ) ;
#2971 = UNCERTAINTY_MEASURE_WITH_UNIT (LENGTH_MEASURE( 1.000000000000000082E-05 ), #2980, 'distance_accuracy_value', 'NONE');
#2972 = ORIENTED_EDGE ( 'NONE', *, *, #4604, .F. ) ;
#2973 = COLOUR_RGB ( '',0.6470588235294117974, 0.6196078431372549211, 0.5999999999999999778 ) ;
#2974 = PLANE ( 'NONE',  #3020 ) ;
#2975 = CARTESIAN_POINT ( 'NONE',  ( 0.2000000000000000111, -0.1700000000000000400, -0.1499999999999999944 ) ) ;
#2976 = FILL_AREA_STYLE ('',( #2278 ) ) ;
#2977 = CARTESIAN_POINT ( 'NONE',  ( 1.350000000000000089, 0.1499999999999999667, 0.06916666666666672347 ) ) ;
#2978 = VECTOR ( 'NONE', #6700, 1000.000000000000000 ) ;
#2979 = DIRECTION ( 'NONE',  ( -1.000000000000000000, 0.000000000000000000, -0.000000000000000000 ) ) ;
#2980 =( LENGTH_UNIT ( ) NAMED_UNIT ( * ) SI_UNIT ( .MILLI., .METRE. ) );
#2981 = CARTESIAN_POINT ( 'NONE',  ( 0.6000000000000000888, 0.1500000000000000222, -0.2499999999999998890 ) ) ;
#2982 = ORIENTED_EDGE ( 'NONE', *, *, #6566, .F. ) ;
#2983 = ORIENTED_EDGE ( 'NONE', *, *, #8758, .T. ) ;
#2984 =( LENGTH_UNIT ( ) NAMED_UNIT ( * ) SI_UNIT ( .MILLI., .METRE. ) );
#2985 = ORIENTED_EDGE ( 'NONE', *, *, #2963, .T. ) ;
#2986 = DIRECTION ( 'NONE',  ( 0.000000000000000000, 0.000000000000000000, -1.000000000000000000 ) ) ;
#2987 = CARTESIAN_POINT ( 'NONE',  ( 1.350000000000000089, 0.1500000000000008271, -0.2499999999999998890 ) ) ;
#2988 = LINE ( 'NONE', #7196, #4294 ) ;
#2989 = DIRECTION ( 'NONE',  ( -0.000000000000000000, 0.000000000000000000, 1.000000000000000000 ) ) ;
#2990 =( NAMED_UNIT ( * ) SI_UNIT ( $, .STERADIAN. ) SOLID_ANGLE_UNIT ( ) );
#2991 = DIRECTION ( 'NONE',  ( -0.000000000000000000, 1.807003620809174139E-16, -1.000000000000000000 ) ) ;
#2992 = ORIENTED_EDGE ( 'NONE', *, *, #6914, .T. ) ;
#2993 = LINE ( 'NONE', #4419, #4147 ) ;
#2994 = ORIENTED_EDGE ( 'NONE', *, *, #4556, .F. ) ;
#2995 = CARTESIAN_POINT ( 'NONE',  ( 0.1999999999999996503, -0.1500000000000008271, 0.2795000000000000817 ) ) ;
#2996 = EDGE_CURVE ( 'NONE', #2572, #5941, #2627, .T. ) ;
#2997 = EDGE_CURVE ( 'NONE', #1363, #1309, #5398, .T. ) ;
#2998 = DIRECTION ( 'NONE',  ( -0.000000000000000000, 0.000000000000000000, 1.000000000000000000 ) ) ;
#2999 = DIRECTION ( 'NONE',  ( 0.000000000000000000, -9.035018104045873159E-17, 1.000000000000000000 ) ) ;
#3000 = FILL_AREA_STYLE ('',( #5023 ) ) ;
#3001 = LINE ( 'NONE', #5727, #3727 ) ;
#3002 = PLANE ( 'NONE',  #6061 ) ;
#3003 = VERTEX_POINT ( 'NONE', #1987 ) ;
#3004 = LINE ( 'NONE', #8132, #5350 ) ;
#3005 = ORIENTED_EDGE ( 'NONE', *, *, #6686, .T. ) ;
#3006 = ORIENTED_EDGE ( 'NONE', *, *, #2491, .F. ) ;
#3007 = EDGE_CURVE ( 'NONE', #6529, #6658, #7444, .T. ) ;
#3008 =( NAMED_UNIT ( * ) PLANE_ANGLE_UNIT ( ) SI_UNIT ( $, .RADIAN. ) );
#3009 = ADVANCED_FACE ( 'NONE', ( #4070 ), #1325, .F. ) ;
#3010 = CARTESIAN_POINT ( 'NONE',  ( 2.168404344971008868E-16, 0.1700000000000000122, -0.06916666666666670960 ) ) ;
#3011 = AXIS2_PLACEMENT_3D ( 'NONE', #5177, #8490, #5001 ) ;
#3012 = CARTESIAN_POINT ( 'NONE',  ( 0.1999999999999996503, -1.249999999999999112, 0.2499999999999998890 ) ) ;
#3013 = VERTEX_POINT ( 'NONE', #6536 ) ;
#3014 = AXIS2_PLACEMENT_3D ( 'NONE', #270, #3081, #7074 ) ;
#3015 = CARTESIAN_POINT ( 'NONE',  ( 0.6000000000000000888, 0.1500000000000000222, -0.2499999999999998890 ) ) ;
#3016 = DIRECTION ( 'NONE',  ( 1.000000000000000000, 0.000000000000000000, 0.000000000000000000 ) ) ;
#3017 = VECTOR ( 'NONE', #7493, 1000.000000000000000 ) ;
#3018 = DIRECTION ( 'NONE',  ( -0.000000000000000000, 0.000000000000000000, 1.000000000000000000 ) ) ;
#3019 =( LENGTH_UNIT ( ) NAMED_UNIT ( * ) SI_UNIT ( .MILLI., .METRE. ) );
#3020 = AXIS2_PLACEMENT_3D ( 'NONE', #8526, #2410, #5140 ) ;
#3021 = EDGE_CURVE ( 'NONE', #918, #3672, #2947, .T. ) ;
#3022 = SURFACE_STYLE_FILL_AREA ( #6480 ) ;
#3023 = CARTESIAN_POINT ( 'NONE',  ( 1.230000000000000204, -0.1500000000000008271, 0.2499999999999998335 ) ) ;
#3024 = ORIENTED_EDGE ( 'NONE', *, *, #4292, .F. ) ;
#3025 = VERTEX_POINT ( 'NONE', #1079 ) ;
#3026 = CARTESIAN_POINT ( 'NONE',  ( 0.1700000000000000122, 0.1500000000000008271, -0.2499999999999998890 ) ) ;
#3027 = ORIENTED_EDGE ( 'NONE', *, *, #4989, .T. ) ;
#3028 = PRESENTATION_LAYER_ASSIGNMENT (  '', '', ( #7319 ) ) ;
#3029 = CARTESIAN_POINT ( 'NONE',  ( 0.6000000000000000888, 0.1499999999999999667, 0.2799999999999999711 ) ) ;
#3030 =( GEOMETRIC_REPRESENTATION_CONTEXT ( 3 ) GLOBAL_UNCERTAINTY_ASSIGNED_CONTEXT ( ( #5584 ) ) GLOBAL_UNIT_ASSIGNED_CONTEXT ( ( #1447, #4190, #2120 ) ) REPRESENTATION_CONTEXT ( 'NONE', 'WORKASPACE' ) );
#3031 = DIRECTION ( 'NONE',  ( -1.000000000000000000, 0.000000000000000000, 0.000000000000000000 ) ) ;
#3032 = COLOUR_RGB ( '',0.6470588235294117974, 0.6196078431372549211, 0.5999999999999999778 ) ;
#3033 = VECTOR ( 'NONE', #3414, 1000.000000000000000 ) ;
#3034 = VECTOR ( 'NONE', #6254, 1000.000000000000000 ) ;
#3035 = ORIENTED_EDGE ( 'NONE', *, *, #2273, .F. ) ;
#3036 = CARTESIAN_POINT ( 'NONE',  ( 0.4286715151571743321, 0.1500000000000008271, -0.2499999999999998890 ) ) ;
#3037 =( GEOMETRIC_REPRESENTATION_CONTEXT ( 3 ) GLOBAL_UNCERTAINTY_ASSIGNED_CONTEXT ( ( #4513 ) ) GLOBAL_UNIT_ASSIGNED_CONTEXT ( ( #1014, #7231, #6662 ) ) REPRESENTATION_CONTEXT ( 'NONE', 'WORKASPACE' ) );
#3038 = ORIENTED_EDGE ( 'NONE', *, *, #5692, .T. ) ;
#3039 = LINE ( 'NONE', #2995, #318 ) ;
#3040 = FACE_OUTER_BOUND ( 'NONE', #4855, .T. ) ;
#3041 = DIRECTION ( 'NONE',  ( -0.000000000000000000, -0.000000000000000000, -1.000000000000000000 ) ) ;
#3042 = VECTOR ( 'NONE', #8601, 1000.000000000000000 ) ;
#3043 = PRESENTATION_STYLE_ASSIGNMENT (( #1803 ) ) ;
#3044 = DIRECTION ( 'NONE',  ( -0.000000000000000000, 1.000000000000000000, -0.000000000000000000 ) ) ;
#3045 = EDGE_CURVE ( 'NONE', #7727, #4524, #1607, .T. ) ;
#3046 = ADVANCED_FACE ( 'NONE', ( #3789 ), #266, .F. ) ;
#3047 = ORIENTED_EDGE ( 'NONE', *, *, #6278, .F. ) ;
#3048 = ORIENTED_EDGE ( 'NONE', *, *, #5913, .T. ) ;
#3049 = COLOUR_RGB ( '',0.6470588235294117974, 0.6196078431372549211, 0.5999999999999999778 ) ;
#3050 = ORIENTED_EDGE ( 'NONE', *, *, #3852, .T. ) ;
#3051 =( GEOMETRIC_REPRESENTATION_CONTEXT ( 3 ) GLOBAL_UNCERTAINTY_ASSIGNED_CONTEXT ( ( #6834 ) ) GLOBAL_UNIT_ASSIGNED_CONTEXT ( ( #1201, #6709, #1111 ) ) REPRESENTATION_CONTEXT ( 'NONE', 'WORKASPACE' ) );
#3052 = UNCERTAINTY_MEASURE_WITH_UNIT (LENGTH_MEASURE( 1.000000000000000082E-05 ), #873, 'distance_accuracy_value', 'NONE');
#3053 = DIRECTION ( 'NONE',  ( -0.000000000000000000, -1.000000000000000000, -0.000000000000000000 ) ) ;
#3054 = CARTESIAN_POINT ( 'NONE',  ( 0.1700000000000000122, 0.1700000000000000122, 0.2499999999999998335 ) ) ;
#3055 = CARTESIAN_POINT ( 'NONE',  ( 1.200000000000000178, 0.1699999999999999567, 0.2999999999999999334 ) ) ;
#3056 = ADVANCED_FACE ( 'NONE', ( #4411 ), #6436, .F. ) ;
#3057 = UNCERTAINTY_MEASURE_WITH_UNIT (LENGTH_MEASURE( 1.000000000000000082E-05 ), #7564, 'distance_accuracy_value', 'NONE');
#3058 = FILL_AREA_STYLE ('',( #2407 ) ) ;
#3059 = ORIENTED_EDGE ( 'NONE', *, *, #3155, .T. ) ;
#3060 = EDGE_CURVE ( 'NONE', #6186, #325, #4515, .T. ) ;
#3061 = COLOUR_RGB ( '',0.6470588235294117974, 0.6196078431372549211, 0.5999999999999999778 ) ;
#3062 = CARTESIAN_POINT ( 'NONE',  ( 2.168404344971008868E-16, -0.1500000000000008271, 0.2795000000000000817 ) ) ;
#3063 = CARTESIAN_POINT ( 'NONE',  ( 0.4299999999999996048, 0.1500000000000008271, 0.1499999999999999944 ) ) ;
#3064 = CARTESIAN_POINT ( 'NONE',  ( 1.200000000000000178, -1.249999999999999112, -0.2795000000000000262 ) ) ;
#3065 = CARTESIAN_POINT ( 'NONE',  ( 1.200000000000000178, 0.1500000000000000222, -0.2499999999999998890 ) ) ;
#3066 = VECTOR ( 'NONE', #1214, 1000.000000000000000 ) ;
#3067 = LINE ( 'NONE', #5803, #1612 ) ;
#3068 = VERTEX_POINT ( 'NONE', #3344 ) ;
#3069 = ADVANCED_FACE ( 'NONE', ( #2568 ), #3162, .F. ) ;
#3070 = ORIENTED_EDGE ( 'NONE', *, *, #8256, .F. ) ;
#3071 = CARTESIAN_POINT ( 'NONE',  ( 0.04999999999999999584, 0.1700000000000000122, 0.2499999999999998335 ) ) ;
#3072 = LINE ( 'NONE', #433, #5865 ) ;
#3073 = ORIENTED_EDGE ( 'NONE', *, *, #1102, .F. ) ;
#3074 = LINE ( 'NONE', #8542, #6450 ) ;
#3075 = PRESENTATION_STYLE_ASSIGNMENT (( #4514 ) ) ;
#3076 =( NAMED_UNIT ( * ) SI_UNIT ( $, .STERADIAN. ) SOLID_ANGLE_UNIT ( ) );
#3077 = SURFACE_STYLE_FILL_AREA ( #3697 ) ;
#3078 = VECTOR ( 'NONE', #7769, 1000.000000000000000 ) ;
#3079 = PRESENTATION_LAYER_ASSIGNMENT (  '', '', ( #953 ) ) ;
#3080 = ORIENTED_EDGE ( 'NONE', *, *, #6751, .T. ) ;
#3081 = DIRECTION ( 'NONE',  ( -0.000000000000000000, 0.000000000000000000, -1.000000000000000000 ) ) ;
#3082 = UNCERTAINTY_MEASURE_WITH_UNIT (LENGTH_MEASURE( 1.000000000000000082E-05 ), #4689, 'distance_accuracy_value', 'NONE');
#3083 = ORIENTED_EDGE ( 'NONE', *, *, #3777, .T. ) ;
#3084 = FILL_AREA_STYLE_COLOUR ( '', #1748 ) ;
#3085 = VECTOR ( 'NONE', #1412, 1000.000000000000000 ) ;
#3086 = AXIS2_PLACEMENT_3D ( 'NONE', #33, #2053, #5622 ) ;
#3087 = LINE ( 'NONE', #4376, #1665 ) ;
#3088 = DIRECTION ( 'NONE',  ( 0.000000000000000000, 0.000000000000000000, 1.000000000000000000 ) ) ;
#3089 =( LENGTH_UNIT ( ) NAMED_UNIT ( * ) SI_UNIT ( .MILLI., .METRE. ) );
#3090 =( LENGTH_UNIT ( ) NAMED_UNIT ( * ) SI_UNIT ( .MILLI., .METRE. ) );
#3091 = SURFACE_STYLE_USAGE ( .BOTH. , #360 ) ;
#3092 = ORIENTED_EDGE ( 'NONE', *, *, #2804, .F. ) ;
#3093 = DIRECTION ( 'NONE',  ( 0.000000000000000000, 1.000000000000000000, 0.000000000000000000 ) ) ;
#3094 = VERTEX_POINT ( 'NONE', #6579 ) ;
#3095 = AXIS2_PLACEMENT_3D ( 'NONE', #2946, #5679, #5012 ) ;
#3096 = ORIENTED_EDGE ( 'NONE', *, *, #7213, .T. ) ;
#3097 = VECTOR ( 'NONE', #3952, 1000.000000000000000 ) ;
#3098 = CARTESIAN_POINT ( 'NONE',  ( 0.1700000000000000122, -0.1700000000000000122, 0.2499999999999998335 ) ) ;
#3099 = DIRECTION ( 'NONE',  ( -0.000000000000000000, 0.000000000000000000, 1.000000000000000000 ) ) ;
#3100 = CARTESIAN_POINT ( 'NONE',  ( 1.230000000000000204, -19.83000000000000185, 0.2499999999999998335 ) ) ;
#3101 = LINE ( 'NONE', #337, #365 ) ;
#3102 = VERTEX_POINT ( 'NONE', #5375 ) ;
#3103 = STYLED_ITEM ( 'NONE', ( #2782 ), #1158 ) ;
#3104 = CARTESIAN_POINT ( 'NONE',  ( 0.5699999999999995071, -0.1500000000000008271, 0.1499999999999999944 ) ) ;
#3105 = CARTESIAN_POINT ( 'NONE',  ( 0.2000000000000000111, -0.1700000000000000400, -0.1499999999999999944 ) ) ;
#3106 = EDGE_CURVE ( 'NONE', #2389, #5627, #1264, .T. ) ;
#3107 = EDGE_CURVE ( 'NONE', #2224, #184, #562, .T. ) ;
#3108 = EDGE_CURVE ( 'NONE', #740, #3140, #1123, .T. ) ;
#3109 = SURFACE_STYLE_USAGE ( .BOTH. , #1066 ) ;
#3110 = CARTESIAN_POINT ( 'NONE',  ( 0.6000000000000000888, -0.1700000000000000122, -0.2499999999999998890 ) ) ;
#3111 = FACE_OUTER_BOUND ( 'NONE', #8028, .T. ) ;
#3112 = COLOUR_RGB ( '',0.6470588235294117974, 0.6196078431372549211, 0.5999999999999999778 ) ;
#3113 = DIRECTION ( 'NONE',  ( 0.000000000000000000, -1.807003620809174139E-16, 1.000000000000000000 ) ) ;
#3114 = PRESENTATION_STYLE_ASSIGNMENT (( #7012 ) ) ;
#3115 = ORIENTED_EDGE ( 'NONE', *, *, #8434, .F. ) ;
#3116 = ORIENTED_EDGE ( 'NONE', *, *, #7838, .F. ) ;
#3117 = LINE ( 'NONE', #8578, #1408 ) ;
#3118 = PRESENTATION_STYLE_ASSIGNMENT (( #393 ) ) ;
#3119 = ORIENTED_EDGE ( 'NONE', *, *, #4940, .F. ) ;
#3120 = SURFACE_STYLE_FILL_AREA ( #4459 ) ;
#3122 = EDGE_CURVE ( 'NONE', #7489, #7406, #7422, .T. ) ;
#3121 = VECTOR ( 'NONE', #8123, 1000.000000000000000 ) ;
#3123 = LINE ( 'NONE', #2331, #1181 ) ;
#3124 = EDGE_CURVE ( 'NONE', #7828, #2443, #1307, .T. ) ;
#3125 = DIRECTION ( 'NONE',  ( -1.000000000000000000, 0.000000000000000000, -0.000000000000000000 ) ) ;
#3126 = CARTESIAN_POINT ( 'NONE',  ( 0.4000000000000000222, 0.000000000000000000, 0.000000000000000000 ) ) ;
#3127 = SURFACE_STYLE_USAGE ( .BOTH. , #3833 ) ;
#3128 = VECTOR ( 'NONE', #5672, 1000.000000000000000 ) ;
#3129 = VERTEX_POINT ( 'NONE', #5910 ) ;
#3130 = ORIENTED_EDGE ( 'NONE', *, *, #5720, .F. ) ;
#3131 = SURFACE_SIDE_STYLE ('',( #2534 ) ) ;
#3132 = DIRECTION ( 'NONE',  ( 0.000000000000000000, 0.000000000000000000, 1.000000000000000000 ) ) ;
#3133 = VECTOR ( 'NONE', #4977, 1000.000000000000000 ) ;
#3134 = FILL_AREA_STYLE_COLOUR ( '', #4828 ) ;
#3135 =( NAMED_UNIT ( * ) SI_UNIT ( $, .STERADIAN. ) SOLID_ANGLE_UNIT ( ) );
#3136 = DIRECTION ( 'NONE',  ( -0.000000000000000000, 1.000000000000000000, -0.000000000000000000 ) ) ;
#3137 = ORIENTED_EDGE ( 'NONE', *, *, #5980, .T. ) ;
#3138 = DIRECTION ( 'NONE',  ( 0.000000000000000000, 1.000000000000000000, -0.000000000000000000 ) ) ;
#3139 = EDGE_LOOP ( 'NONE', ( #1316, #4099, #8105, #1233 ) ) ;
#3140 = VERTEX_POINT ( 'NONE', #2653 ) ;
#3141 = DIRECTION ( 'NONE',  ( 1.000000000000000000, 0.000000000000000000, 0.000000000000000000 ) ) ;
#3142 = CARTESIAN_POINT ( 'NONE',  ( 0.4300000000000000488, 0.1500000000000000222, -0.06916666666666672347 ) ) ;
#3143 = PLANE ( 'NONE',  #5593 ) ;
#3144 = EDGE_LOOP ( 'NONE', ( #2152, #1797, #1691, #4846, #2380, #7714, #1437, #2222 ) ) ;
#3145 = DIRECTION ( 'NONE',  ( 0.000000000000000000, 0.000000000000000000, -1.000000000000000000 ) ) ;
#3146 = SURFACE_STYLE_FILL_AREA ( #7906 ) ;
#3147 = CARTESIAN_POINT ( 'NONE',  ( 0.4300000000000000488, -19.83000000000000185, 0.2499999999999998335 ) ) ;
#3148 =( GEOMETRIC_REPRESENTATION_CONTEXT ( 3 ) GLOBAL_UNCERTAINTY_ASSIGNED_CONTEXT ( ( #5274 ) ) GLOBAL_UNIT_ASSIGNED_CONTEXT ( ( #4561, #6002, #3917 ) ) REPRESENTATION_CONTEXT ( 'NONE', 'WORKASPACE' ) );
#3149 =( NAMED_UNIT ( * ) PLANE_ANGLE_UNIT ( ) SI_UNIT ( $, .RADIAN. ) );
#3150 = CARTESIAN_POINT ( 'NONE',  ( 0.4300000000000000488, 0.1499999999999999667, 0.2799999999999999711 ) ) ;
#3151 = LINE ( 'NONE', #977, #8709 ) ;
#3152 = DIRECTION ( 'NONE',  ( 0.000000000000000000, 0.000000000000000000, 1.000000000000000000 ) ) ;
#3153 = COLOUR_RGB ( '',0.7921568627450980005, 0.8196078431372548767, 0.9333333333333333481 ) ;
#3154 = ORIENTED_EDGE ( 'NONE', *, *, #495, .F. ) ;
#3155 = EDGE_CURVE ( 'NONE', #311, #846, #6629, .T. ) ;
#3156 = EDGE_CURVE ( 'NONE', #4101, #7686, #3870, .T. ) ;
#3157 = VECTOR ( 'NONE', #6105, 1000.000000000000000 ) ;
#3158 = VERTEX_POINT ( 'NONE', #479 ) ;
#3159 = DIRECTION ( 'NONE',  ( -1.000000000000000000, 0.000000000000000000, -0.000000000000000000 ) ) ;
#3160 = VECTOR ( 'NONE', #3814, 1000.000000000000000 ) ;
#3161 = LINE ( 'NONE', #8632, #5718 ) ;
#3162 = PLANE ( 'NONE',  #2232 ) ;
#3163 = CARTESIAN_POINT ( 'NONE',  ( 0.9700000000000000844, -0.1700000000000000122, -0.2999999999999999889 ) ) ;
#3164 = COLOUR_RGB ( '',0.6470588235294117974, 0.6196078431372549211, 0.5999999999999999778 ) ;
#3165 = FACE_OUTER_BOUND ( 'NONE', #8512, .T. ) ;
#3166 = ADVANCED_FACE ( 'NONE', ( #1840 ), #7335, .F. ) ;
#3167 = AXIS2_PLACEMENT_3D ( 'NONE', #3956, #8853, #8215 ) ;
#3168 = ORIENTED_EDGE ( 'NONE', *, *, #1756, .T. ) ;
#3169 = VECTOR ( 'NONE', #8690, 999.9999999999998863 ) ;
#3170 = SURFACE_SIDE_STYLE ('',( #2528 ) ) ;
#3171 = UNCERTAINTY_MEASURE_WITH_UNIT (LENGTH_MEASURE( 1.000000000000000082E-05 ), #7411, 'distance_accuracy_value', 'NONE');
#3172 = EDGE_CURVE ( 'NONE', #3158, #864, #4867, .T. ) ;
#3173 = ORIENTED_EDGE ( 'NONE', *, *, #8378, .F. ) ;
#3174 = DIRECTION ( 'NONE',  ( -1.000000000000000000, -0.000000000000000000, -0.000000000000000000 ) ) ;
#3175 = SURFACE_STYLE_USAGE ( .BOTH. , #3838 ) ;
#3176 = STYLED_ITEM ( 'NONE', ( #1080 ), #5113 ) ;
#3177 = PLANE ( 'NONE',  #1397 ) ;
#3178 = VECTOR ( 'NONE', #2230, 1000.000000000000000 ) ;
#3180 = FILL_AREA_STYLE_COLOUR ( '', #3804 ) ;
#3179 = VECTOR ( 'NONE', #5708, 1000.000000000000000 ) ;
#3181 = VERTEX_POINT ( 'NONE', #6928 ) ;
#3182 = VECTOR ( 'NONE', #1645, 1000.000000000000000 ) ;
#3183 = DIRECTION ( 'NONE',  ( -0.000000000000000000, 1.000000000000000000, -0.000000000000000000 ) ) ;
#3184 = EDGE_LOOP ( 'NONE', ( #4596, #7875, #5587, #679, #3543, #644, #5474, #4896 ) ) ;
#3185 = ORIENTED_EDGE ( 'NONE', *, *, #5027, .F. ) ;
#3186 = COLOUR_RGB ( '',0.7921568627450980005, 0.8196078431372548767, 0.9333333333333333481 ) ;
#3187 = SURFACE_STYLE_USAGE ( .BOTH. , #458 ) ;
#3188 = EDGE_CURVE ( 'NONE', #3510, #3220, #744, .T. ) ;
#3189 = AXIS2_PLACEMENT_3D ( 'NONE', #7743, #7078, #103 ) ;
#3190 = CARTESIAN_POINT ( 'NONE',  ( 0.2000000000000000111, -0.1500000000000000500, -0.2799999999999999711 ) ) ;
#3191 =( LENGTH_UNIT ( ) NAMED_UNIT ( * ) SI_UNIT ( .MILLI., .METRE. ) );
#3192 = LINE ( 'NONE', #8024, #3121 ) ;
#3193 = CARTESIAN_POINT ( 'NONE',  ( 0.8000000000000000444, -1.249999999999999112, -0.2795000000000000262 ) ) ;
#3194 = CARTESIAN_POINT ( 'NONE',  ( 0.4300000000000000488, -0.1699999999999999289, 0.1499999999999999944 ) ) ;
#3195 = AXIS2_PLACEMENT_3D ( 'NONE', #6398, #5068, #4520 ) ;
#3196 = ORIENTED_EDGE ( 'NONE', *, *, #1383, .T. ) ;
#3197 = LINE ( 'NONE', #8619, #4290 ) ;
#3198 = PRESENTATION_STYLE_ASSIGNMENT (( #2677 ) ) ;
#3199 = VECTOR ( 'NONE', #7720, 1000.000000000000000 ) ;
#3200 = LINE ( 'NONE', #1144, #6813 ) ;
#3201 = MANIFOLD_SOLID_BREP ( 'Body-Move/Copy1[4]', #7238 ) ;
#3202 =( NAMED_UNIT ( * ) SI_UNIT ( $, .STERADIAN. ) SOLID_ANGLE_UNIT ( ) );
#3203 = LINE ( 'NONE', #1916, #3675 ) ;
#3204 = UNCERTAINTY_MEASURE_WITH_UNIT (LENGTH_MEASURE( 1.000000000000000082E-05 ), #7069, 'distance_accuracy_value', 'NONE');
#3205 = FILL_AREA_STYLE_COLOUR ( '', #3686 ) ;
#3206 = VECTOR ( 'NONE', #6081, 1000.000000000000000 ) ;
#3207 = ORIENTED_EDGE ( 'NONE', *, *, #6763, .F. ) ;
#3208 = CARTESIAN_POINT ( 'NONE',  ( 0.9700000000000000844, 0.1500000000000000222, -0.06916666666666672347 ) ) ;
#3209 = SURFACE_STYLE_USAGE ( .BOTH. , #6670 ) ;
#3210 = ORIENTED_EDGE ( 'NONE', *, *, #2086, .T. ) ;
#3211 = LINE ( 'NONE', #2650, #2171 ) ;
#3212 = VECTOR ( 'NONE', #4231, 1000.000000000000000 ) ;
#3213 = CARTESIAN_POINT ( 'NONE',  ( 1.000000000000000000, 0.1500000000000000222, -0.2799999999999999711 ) ) ;
#3214 = EDGE_CURVE ( 'NONE', #5496, #3834, #2814, .T. ) ;
#3215 = CARTESIAN_POINT ( 'NONE',  ( 0.8000000000000000444, -1.249999999999999112, -0.2499999999999998890 ) ) ;
#3216 = SURFACE_SIDE_STYLE ('',( #7786 ) ) ;
#3217 = SURFACE_STYLE_FILL_AREA ( #5914 ) ;
#3218 = MECHANICAL_DESIGN_GEOMETRIC_PRESENTATION_REPRESENTATION (  '', ( #5514 ), #2089 ) ;
#3219 = ORIENTED_EDGE ( 'NONE', *, *, #5736, .F. ) ;
#3220 = VERTEX_POINT ( 'NONE', #8271 ) ;
#3221 = CARTESIAN_POINT ( 'NONE',  ( 0.000000000000000000, 0.1700000000000000122, -0.06916666666666672347 ) ) ;
#3222 = VECTOR ( 'NONE', #1197, 1000.000000000000000 ) ;
#3223 = PLANE ( 'NONE',  #4684 ) ;
#3224 = ADVANCED_FACE ( 'NONE', ( #4049 ), #3478, .F. ) ;
#3225 = EDGE_CURVE ( 'NONE', #7034, #8497, #2192, .T. ) ;
#3226 = EDGE_CURVE ( 'NONE', #780, #5504, #4831, .T. ) ;
#3227 = LINE ( 'NONE', #4616, #2537 ) ;
#3228 = FILL_AREA_STYLE ('',( #3887 ) ) ;
#3229 = MECHANICAL_DESIGN_GEOMETRIC_PRESENTATION_REPRESENTATION (  '', ( #7233 ), #6673 ) ;
#3230 = LINE ( 'NONE', #8696, #54 ) ;
#3231 = ORIENTED_EDGE ( 'NONE', *, *, #6565, .T. ) ;
#3232 = FILL_AREA_STYLE ('',( #6145 ) ) ;
#3233 = ORIENTED_EDGE ( 'NONE', *, *, #6136, .F. ) ;
#3234 = ORIENTED_EDGE ( 'NONE', *, *, #3350, .T. ) ;
#3235 = VECTOR ( 'NONE', #1769, 1000.000000000000000 ) ;
#3236 = STYLED_ITEM ( 'NONE', ( #4558 ), #279 ) ;
#3237 =( NAMED_UNIT ( * ) SI_UNIT ( $, .STERADIAN. ) SOLID_ANGLE_UNIT ( ) );
#3238 = DIRECTION ( 'NONE',  ( 1.000000000000000000, -0.000000000000000000, -0.000000000000000000 ) ) ;
#3239 = CLOSED_SHELL ( 'NONE', ( #3601, #4365, #3565, #2316, #4668, #3428, #4925, #6397, #8101, #2137 ) ) ;
#3240 = EDGE_CURVE ( 'NONE', #1809, #6966, #2008, .T. ) ;
#3241 = VECTOR ( 'NONE', #6260, 1000.000000000000000 ) ;
#3242 = CARTESIAN_POINT ( 'NONE',  ( 0.3999999999999999667, 0.1500000000000008271, -0.2499999999999998890 ) ) ;
#3243 =( LENGTH_UNIT ( ) NAMED_UNIT ( * ) SI_UNIT ( .MILLI., .METRE. ) );
#3244 =( GEOMETRIC_REPRESENTATION_CONTEXT ( 3 ) GLOBAL_UNCERTAINTY_ASSIGNED_CONTEXT ( ( #3676 ) ) GLOBAL_UNIT_ASSIGNED_CONTEXT ( ( #6544, #1087, #2393 ) ) REPRESENTATION_CONTEXT ( 'NONE', 'WORKASPACE' ) );
#3245 = ORIENTED_EDGE ( 'NONE', *, *, #4043, .T. ) ;
#3246 = SURFACE_STYLE_FILL_AREA ( #8665 ) ;
#3247 = SURFACE_SIDE_STYLE ('',( #507 ) ) ;
#3248 = DIRECTION ( 'NONE',  ( 0.000000000000000000, -1.000000000000000000, 0.000000000000000000 ) ) ;
#3249 = SURFACE_STYLE_FILL_AREA ( #8673 ) ;
#3250 = MECHANICAL_DESIGN_GEOMETRIC_PRESENTATION_REPRESENTATION (  '', ( #6392 ), #5982 ) ;
#3251 = SURFACE_SIDE_STYLE ('',( #4638 ) ) ;
#3252 = CARTESIAN_POINT ( 'NONE',  ( 0.6000000000000000888, 0.1499999999999999667, 0.06916666666666672347 ) ) ;
#3253 = ORIENTED_EDGE ( 'NONE', *, *, #6639, .F. ) ;
#3254 = CARTESIAN_POINT ( 'NONE',  ( -0.000000000000000000, 0.000000000000000000, -0.2499999999999998890 ) ) ;
#3255 = ORIENTED_EDGE ( 'NONE', *, *, #2248, .T. ) ;
#3256 = LINE ( 'NONE', #4691, #3443 ) ;
#3257 = PRESENTATION_LAYER_ASSIGNMENT (  '', '', ( #6960 ) ) ;
#3258 = DIRECTION ( 'NONE',  ( 0.000000000000000000, 1.000000000000000000, 0.000000000000000000 ) ) ;
#3259 = VECTOR ( 'NONE', #4166, 1000.000000000000000 ) ;
#3260 = SURFACE_STYLE_FILL_AREA ( #5958 ) ;
#3261 = FACE_OUTER_BOUND ( 'NONE', #4687, .T. ) ;
#3262 = DIRECTION ( 'NONE',  ( -1.000000000000000000, 0.000000000000000000, 0.000000000000000000 ) ) ;
#3263 = PRESENTATION_STYLE_ASSIGNMENT (( #2571 ) ) ;
#3264 = ORIENTED_EDGE ( 'NONE', *, *, #4472, .T. ) ;
#3265 = DIRECTION ( 'NONE',  ( 0.000000000000000000, 0.000000000000000000, -1.000000000000000000 ) ) ;
#3266 = AXIS2_PLACEMENT_3D ( 'NONE', #2500, #585, #5304 ) ;
#3267 = VERTEX_POINT ( 'NONE', #2774 ) ;
#3268 = DIRECTION ( 'NONE',  ( 0.000000000000000000, 0.000000000000000000, -1.000000000000000000 ) ) ;
#3269 = LINE ( 'NONE', #6729, #3380 ) ;
#3270 = VECTOR ( 'NONE', #8040, 1000.000000000000000 ) ;
#3271 = LINE ( 'NONE', #8, #7337 ) ;
#3272 = ORIENTED_EDGE ( 'NONE', *, *, #1968, .F. ) ;
#3273 = VERTEX_POINT ( 'NONE', #2148 ) ;
#3274 = EDGE_CURVE ( 'NONE', #3102, #5677, #8224, .T. ) ;
#3275 = ADVANCED_FACE ( 'NONE', ( #1434 ), #7588, .F. ) ;
#3276 = VERTEX_POINT ( 'NONE', #883 ) ;
#3277 =( GEOMETRIC_REPRESENTATION_CONTEXT ( 3 ) GLOBAL_UNCERTAINTY_ASSIGNED_CONTEXT ( ( #7174 ) ) GLOBAL_UNIT_ASSIGNED_CONTEXT ( ( #607, #1957, #4594 ) ) REPRESENTATION_CONTEXT ( 'NONE', 'WORKASPACE' ) );
#3278 = PLANE ( 'NONE',  #1082 ) ;
#3279 = SURFACE_STYLE_FILL_AREA ( #8612 ) ;
#3280 = DIRECTION ( 'NONE',  ( 0.000000000000000000, 0.000000000000000000, 1.000000000000000000 ) ) ;
#3281 = PRESENTATION_STYLE_ASSIGNMENT (( #2553 ) ) ;
#3282 = ORIENTED_EDGE ( 'NONE', *, *, #1488, .F. ) ;
#3283 = STYLED_ITEM ( 'NONE', ( #3118 ), #1535 ) ;
#3284 = EDGE_CURVE ( 'NONE', #1570, #2389, #4445, .T. ) ;
#3285 = VERTEX_POINT ( 'NONE', #4353 ) ;
#3286 = FILL_AREA_STYLE_COLOUR ( '', #1467 ) ;
#3287 = EDGE_CURVE ( 'NONE', #1309, #4078, #7772, .T. ) ;
#3288 =( NAMED_UNIT ( * ) SI_UNIT ( $, .STERADIAN. ) SOLID_ANGLE_UNIT ( ) );
#3289 = CARTESIAN_POINT ( 'NONE',  ( 1.000000000000000000, -0.1500000000000008271, -0.2499999999999998890 ) ) ;
#3290 = LINE ( 'NONE', #8763, #8715 ) ;
#3291 = SURFACE_STYLE_FILL_AREA ( #2599 ) ;
#3292 = EDGE_LOOP ( 'NONE', ( #2884, #1972, #8073, #7844 ) ) ;
#3293 = DIRECTION ( 'NONE',  ( 0.000000000000000000, 1.000000000000000000, 0.000000000000000000 ) ) ;
#3294 = ORIENTED_EDGE ( 'NONE', *, *, #6176, .T. ) ;
#3295 = CARTESIAN_POINT ( 'NONE',  ( 0.5999999999999996447, 0.1500000000000008271, 0.2499999999999998890 ) ) ;
#3296 =( NAMED_UNIT ( * ) PLANE_ANGLE_UNIT ( ) SI_UNIT ( $, .RADIAN. ) );
#3297 = DIRECTION ( 'NONE',  ( 0.01328367628057065992, 0.000000000000000000, -0.9999117680798007557 ) ) ;
#3298 =( NAMED_UNIT ( * ) PLANE_ANGLE_UNIT ( ) SI_UNIT ( $, .RADIAN. ) );
#3299 = AXIS2_PLACEMENT_3D ( 'NONE', #6489, #2944, #5858 ) ;
#3300 = SURFACE_STYLE_FILL_AREA ( #7557 ) ;
#3301 = DIRECTION ( 'NONE',  ( 0.000000000000000000, 0.000000000000000000, 1.000000000000000000 ) ) ;
#3302 = ORIENTED_EDGE ( 'NONE', *, *, #6618, .F. ) ;
#3303 = LINE ( 'NONE', #5381, #4615 ) ;
#3304 = ORIENTED_EDGE ( 'NONE', *, *, #6249, .F. ) ;
#3305 =( NAMED_UNIT ( * ) PLANE_ANGLE_UNIT ( ) SI_UNIT ( $, .RADIAN. ) );
#3306 = LINE ( 'NONE', #3400, #1540 ) ;
#3307 = LINE ( 'NONE', #6060, #5970 ) ;
#3308 = COLOUR_RGB ( '',0.6470588235294117974, 0.6196078431372549211, 0.5999999999999999778 ) ;
#3309 = CARTESIAN_POINT ( 'NONE',  ( 1.154254153095808144, -19.83000000000000185, -0.2499999999999998890 ) ) ;
#3310 = DIRECTION ( 'NONE',  ( -0.000000000000000000, 0.000000000000000000, -1.000000000000000000 ) ) ;
#3311 =( GEOMETRIC_REPRESENTATION_CONTEXT ( 3 ) GLOBAL_UNCERTAINTY_ASSIGNED_CONTEXT ( ( #7804 ) ) GLOBAL_UNIT_ASSIGNED_CONTEXT ( ( #8194, #7523, #1489 ) ) REPRESENTATION_CONTEXT ( 'NONE', 'WORKASPACE' ) );
#3312 = DIRECTION ( 'NONE',  ( 1.000000000000000000, 0.000000000000000000, -0.000000000000000000 ) ) ;
#3313 = PRESENTATION_LAYER_ASSIGNMENT (  '', '', ( #8180 ) ) ;
#3314 = ORIENTED_EDGE ( 'NONE', *, *, #8606, .F. ) ;
#3315 = SURFACE_SIDE_STYLE ('',( #4710 ) ) ;
#3316 = ORIENTED_EDGE ( 'NONE', *, *, #1548, .T. ) ;
#3317 = AXIS2_PLACEMENT_3D ( 'NONE', #7433, #1360, #7348 ) ;
#3318 = VECTOR ( 'NONE', #8001, 1000.000000000000000 ) ;
#3319 = ORIENTED_EDGE ( 'NONE', *, *, #5260, .F. ) ;
#3320 = DIRECTION ( 'NONE',  ( -1.000000000000000000, 0.000000000000000000, -0.000000000000000000 ) ) ;
#3321 = PRESENTATION_LAYER_ASSIGNMENT (  '', '', ( #603 ) ) ;
#3322 = VECTOR ( 'NONE', #3646, 1000.000000000000000 ) ;
#3323 = DIRECTION ( 'NONE',  ( 0.000000000000000000, 0.000000000000000000, -1.000000000000000000 ) ) ;
#3324 = EDGE_CURVE ( 'NONE', #1035, #2731, #2371, .T. ) ;
#3325 = VECTOR ( 'NONE', #974, 1000.000000000000000 ) ;
#3326 = CARTESIAN_POINT ( 'NONE',  ( 0.9700000000000000844, -0.1499999999999999389, 0.1499999999999999944 ) ) ;
#3327 =( NAMED_UNIT ( * ) PLANE_ANGLE_UNIT ( ) SI_UNIT ( $, .RADIAN. ) );
#3328 = FACE_OUTER_BOUND ( 'NONE', #5570, .T. ) ;
#3329 = SURFACE_STYLE_FILL_AREA ( #8707 ) ;
#3330 = STYLED_ITEM ( 'NONE', ( #5973 ), #7943 ) ;
#3331 = ORIENTED_EDGE ( 'NONE', *, *, #1208, .F. ) ;
#3332 = ORIENTED_EDGE ( 'NONE', *, *, #2213, .F. ) ;
#3333 = SURFACE_SIDE_STYLE ('',( #596 ) ) ;
#3334 = VECTOR ( 'NONE', #2080, 1000.000000000000000 ) ;
#3335 = EDGE_CURVE ( 'NONE', #8203, #2162, #2415, .T. ) ;
#3336 = EDGE_CURVE ( 'NONE', #2050, #3158, #5143, .T. ) ;
#3337 = DIRECTION ( 'NONE',  ( 0.000000000000000000, 0.000000000000000000, 1.000000000000000000 ) ) ;
#3338 = DIRECTION ( 'NONE',  ( -0.000000000000000000, 0.000000000000000000, -1.000000000000000000 ) ) ;
#3339 = FILL_AREA_STYLE ('',( #608 ) ) ;
#3340 = ORIENTED_EDGE ( 'NONE', *, *, #265, .F. ) ;
#3341 = CARTESIAN_POINT ( 'NONE',  ( 1.400000000000000133, -0.1500000000000000500, -0.2799999999999999711 ) ) ;
#3342 = VERTEX_POINT ( 'NONE', #3065 ) ;
#3343 = CARTESIAN_POINT ( 'NONE',  ( 0.8281334571753103946, -0.1500000000000008271, 0.2905016274569416912 ) ) ;
#3344 = CARTESIAN_POINT ( 'NONE',  ( 0.4300000000000000488, -0.1700000000000000122, -0.2499999999999998890 ) ) ;
#3345 = PRESENTATION_LAYER_ASSIGNMENT (  '', '', ( #5072 ) ) ;
#3346 = LINE ( 'NONE', #6096, #6982 ) ;
#3347 = EDGE_CURVE ( 'NONE', #2897, #2682, #6383, .T. ) ;
#3348 = LINE ( 'NONE', #5961, #4776 ) ;
#3349 = ORIENTED_EDGE ( 'NONE', *, *, #4799, .F. ) ;
#3350 = EDGE_CURVE ( 'NONE', #2562, #4803, #931, .T. ) ;
#3351 = CARTESIAN_POINT ( 'NONE',  ( -0.04574584690419209593, -19.83000000000000185, 0.2499999999999998335 ) ) ;
#3352 = ORIENTED_EDGE ( 'NONE', *, *, #5155, .F. ) ;
#3353 = AXIS2_PLACEMENT_3D ( 'NONE', #5353, #7945, #4490 ) ;
#3354 = PLANE ( 'NONE',  #2040 ) ;
#3355 = LINE ( 'NONE', #4877, #380 ) ;
#3356 = SURFACE_STYLE_USAGE ( .BOTH. , #4659 ) ;
#3357 =( NAMED_UNIT ( * ) SI_UNIT ( $, .STERADIAN. ) SOLID_ANGLE_UNIT ( ) );
#3358 = CARTESIAN_POINT ( 'NONE',  ( 0.8299999999999999600, 0.1700000000000000122, -0.06916666666666670960 ) ) ;
#3359 = VECTOR ( 'NONE', #3297, 999.9999999999998863 ) ;
#3360 = PLANE ( 'NONE',  #8345 ) ;
#3361 = ORIENTED_EDGE ( 'NONE', *, *, #1276, .F. ) ;
#3362 = SURFACE_SIDE_STYLE ('',( #4621 ) ) ;
#3363 = ORIENTED_EDGE ( 'NONE', *, *, #65, .F. ) ;
#3364 = ORIENTED_EDGE ( 'NONE', *, *, #5844, .F. ) ;
#3365 = VECTOR ( 'NONE', #879, 1000.000000000000000 ) ;
#3366 =( NAMED_UNIT ( * ) PLANE_ANGLE_UNIT ( ) SI_UNIT ( $, .RADIAN. ) );
#3367 = CARTESIAN_POINT ( 'NONE',  ( 2.168404344971008868E-16, -0.1500000000000008271, -0.2499999999999999445 ) ) ;
#3368 = CARTESIAN_POINT ( 'NONE',  ( 0.000000000000000000, -0.1699999999999999012, 0.2499999999999998335 ) ) ;
#3369 =( GEOMETRIC_REPRESENTATION_CONTEXT ( 3 ) GLOBAL_UNCERTAINTY_ASSIGNED_CONTEXT ( ( #723 ) ) GLOBAL_UNIT_ASSIGNED_CONTEXT ( ( #6256, #6172, #669 ) ) REPRESENTATION_CONTEXT ( 'NONE', 'WORKASPACE' ) );
#3370 = STYLED_ITEM ( 'NONE', ( #6786 ), #988 ) ;
#3371 =( GEOMETRIC_REPRESENTATION_CONTEXT ( 3 ) GLOBAL_UNCERTAINTY_ASSIGNED_CONTEXT ( ( #3082 ) ) GLOBAL_UNIT_ASSIGNED_CONTEXT ( ( #4689, #2564, #1923 ) ) REPRESENTATION_CONTEXT ( 'NONE', 'WORKASPACE' ) );
#3372 = EDGE_LOOP ( 'NONE', ( #1847, #8766, #497, #5199 ) ) ;
#3373 = UNCERTAINTY_MEASURE_WITH_UNIT (LENGTH_MEASURE( 1.000000000000000082E-05 ), #4794, 'distance_accuracy_value', 'NONE');
#3374 = MECHANICAL_DESIGN_GEOMETRIC_PRESENTATION_REPRESENTATION (  '', ( #234 ), #5248 ) ;
#3375 = ORIENTED_EDGE ( 'NONE', *, *, #7393, .F. ) ;
#3376 = FACE_OUTER_BOUND ( 'NONE', #2163, .T. ) ;
#3377 = FILL_AREA_STYLE_COLOUR ( '', #7515 ) ;
#3378 = VECTOR ( 'NONE', #7814, 1000.000000000000000 ) ;
#3379 = PRESENTATION_STYLE_ASSIGNMENT (( #4084 ) ) ;
#3380 = VECTOR ( 'NONE', #570, 1000.000000000000000 ) ;
#3381 = FILL_AREA_STYLE_COLOUR ( '', #2973 ) ;
#3382 = SURFACE_SIDE_STYLE ('',( #8173 ) ) ;
#3383 = CARTESIAN_POINT ( 'NONE',  ( 1.400000000000000133, -0.1499999999999999389, 0.2499999999999998335 ) ) ;
#3384 = EDGE_LOOP ( 'NONE', ( #4521, #7739, #8299, #5081 ) ) ;
#3385 = MECHANICAL_DESIGN_GEOMETRIC_PRESENTATION_REPRESENTATION (  '', ( #4372 ), #2957 ) ;
#3386 =( NAMED_UNIT ( * ) SI_UNIT ( $, .STERADIAN. ) SOLID_ANGLE_UNIT ( ) );
#3387 = EDGE_CURVE ( 'NONE', #6903, #3619, #8405, .T. ) ;
#3388 = EDGE_CURVE ( 'NONE', #2403, #7823, #2281, .T. ) ;
#3390 = ADVANCED_FACE ( 'NONE', ( #2237 ), #5799, .F. ) ;
#3389 = SURFACE_SIDE_STYLE ('',( #656 ) ) ;
#3391 = VECTOR ( 'NONE', #2260, 1000.000000000000000 ) ;
#3392 = ORIENTED_EDGE ( 'NONE', *, *, #2996, .T. ) ;
#3393 = CARTESIAN_POINT ( 'NONE',  ( 1.000000000000000000, -0.1700000000000000122, -0.2999999999999999889 ) ) ;
#3394 = FACE_OUTER_BOUND ( 'NONE', #1479, .T. ) ;
#3395 = CLOSED_SHELL ( 'NONE', ( #4415, #5368, #1535, #176, #6127, #4082, #3664, #107, #882, #3492, #8831, #1156, #2475, #2374, #7328, #2533, #5573, #7989 ) ) ;
#3396 = DIRECTION ( 'NONE',  ( 1.000000000000000000, -0.000000000000000000, -0.000000000000000000 ) ) ;
#3397 = ORIENTED_EDGE ( 'NONE', *, *, #3863, .F. ) ;
#3398 = EDGE_CURVE ( 'NONE', #1694, #8463, #6336, .T. ) ;
#3399 = ORIENTED_EDGE ( 'NONE', *, *, #7212, .T. ) ;
#3400 = CARTESIAN_POINT ( 'NONE',  ( 0.5699999999999999512, -19.83000000000000185, 0.2499999999999998335 ) ) ;
#3401 = EDGE_CURVE ( 'NONE', #6282, #7949, #208, .T. ) ;
#3402 = SURFACE_STYLE_USAGE ( .BOTH. , #7432 ) ;
#3403 = PRESENTATION_STYLE_ASSIGNMENT (( #2251 ) ) ;
#3404 =( NAMED_UNIT ( * ) PLANE_ANGLE_UNIT ( ) SI_UNIT ( $, .RADIAN. ) );
#3405 = DIRECTION ( 'NONE',  ( 0.000000000000000000, 0.000000000000000000, -1.000000000000000000 ) ) ;
#3406 = EDGE_LOOP ( 'NONE', ( #3545, #2311, #260, #8125 ) ) ;
#3407 = FILL_AREA_STYLE_COLOUR ( '', #8058 ) ;
#3408 = EDGE_LOOP ( 'NONE', ( #3294, #6057, #3253, #3750 ) ) ;
#3409 = ORIENTED_EDGE ( 'NONE', *, *, #3866, .F. ) ;
#3410 = VECTOR ( 'NONE', #5984, 1000.000000000000000 ) ;
#3411 = DIRECTION ( 'NONE',  ( 0.000000000000000000, -0.000000000000000000, -1.000000000000000000 ) ) ;
#3412 = UNCERTAINTY_MEASURE_WITH_UNIT (LENGTH_MEASURE( 1.000000000000000082E-05 ), #7973, 'distance_accuracy_value', 'NONE');
#3413 = DIRECTION ( 'NONE',  ( 0.000000000000000000, 0.000000000000000000, 1.000000000000000000 ) ) ;
#3414 = DIRECTION ( 'NONE',  ( 0.000000000000000000, 1.000000000000000000, 0.000000000000000000 ) ) ;
#3415 = EDGE_LOOP ( 'NONE', ( #3693, #7704, #1532, #349, #2972, #363, #7811, #4134 ) ) ;
#3416 = MECHANICAL_DESIGN_GEOMETRIC_PRESENTATION_REPRESENTATION (  '', ( #4565 ), #6001 ) ;
#3417 = ORIENTED_EDGE ( 'NONE', *, *, #1939, .F. ) ;
#3418 = CARTESIAN_POINT ( 'NONE',  ( 0.6000000000000000888, 0.1699999999999999567, 0.2499999999999998335 ) ) ;
#3419 =( NAMED_UNIT ( * ) SI_UNIT ( $, .STERADIAN. ) SOLID_ANGLE_UNIT ( ) );
#3420 = DIRECTION ( 'NONE',  ( 0.000000000000000000, 1.000000000000000000, 0.000000000000000000 ) ) ;
#3421 = CARTESIAN_POINT ( 'NONE',  ( 0.4300000000000000488, -0.1499999999999999389, 0.1499999999999999944 ) ) ;
#3422 = ORIENTED_EDGE ( 'NONE', *, *, #5167, .F. ) ;
#3423 = CARTESIAN_POINT ( 'NONE',  ( 1.000000000000000000, 0.1700000000000000122, -0.2999999999999999334 ) ) ;
#3424 = FACE_OUTER_BOUND ( 'NONE', #3406, .T. ) ;
#3425 = CARTESIAN_POINT ( 'NONE',  ( 0.6000000000000000888, 0.1699999999999999567, 0.2999999999999999334 ) ) ;
#3426 = DIRECTION ( 'NONE',  ( 0.000000000000000000, 0.000000000000000000, 1.000000000000000000 ) ) ;
#3427 = PRESENTATION_STYLE_ASSIGNMENT (( #5959 ) ) ;
#3428 = ADVANCED_FACE ( 'NONE', ( #8491 ), #4400, .T. ) ;
#3429 = FILL_AREA_STYLE_COLOUR ( '', #700 ) ;
#3430 = CARTESIAN_POINT ( 'NONE',  ( 1.380000000000000115, 0.1700000000000000122, 0.1499999999999999667 ) ) ;
#3431 = UNCERTAINTY_MEASURE_WITH_UNIT (LENGTH_MEASURE( 1.000000000000000082E-05 ), #7460, 'distance_accuracy_value', 'NONE');
#3432 = ORIENTED_EDGE ( 'NONE', *, *, #3600, .F. ) ;
#3433 = PLANE ( 'NONE',  #8382 ) ;
#3434 = ORIENTED_EDGE ( 'NONE', *, *, #159, .T. ) ;
#3435 = PLANE ( 'NONE',  #1759 ) ;
#3436 =( NAMED_UNIT ( * ) PLANE_ANGLE_UNIT ( ) SI_UNIT ( $, .RADIAN. ) );
#3437 = SURFACE_STYLE_USAGE ( .BOTH. , #2860 ) ;
#3438 = ADVANCED_FACE ( 'NONE', ( #7232 ), #5846, .F. ) ;
#3439 = DIRECTION ( 'NONE',  ( -0.000000000000000000, 0.000000000000000000, 1.000000000000000000 ) ) ;
#3440 = SURFACE_STYLE_FILL_AREA ( #2070 ) ;
#3441 = EDGE_CURVE ( 'NONE', #6144, #197, #7318, .T. ) ;
#3442 = ORIENTED_EDGE ( 'NONE', *, *, #4247, .T. ) ;
#3443 = VECTOR ( 'NONE', #4560, 1000.000000000000000 ) ;
#3444 = ORIENTED_EDGE ( 'NONE', *, *, #225, .F. ) ;
#3445 = SURFACE_STYLE_USAGE ( .BOTH. , #1323 ) ;
#3446 = STYLED_ITEM ( 'NONE', ( #1805 ), #3987 ) ;
#3447 = CARTESIAN_POINT ( 'NONE',  ( 1.200000000000000178, 0.1500000000000008271, -0.2795000000000000262 ) ) ;
#3448 = COLOUR_RGB ( '',0.6470588235294117974, 0.6196078431372549211, 0.5999999999999999778 ) ;
#3449 = SURFACE_SIDE_STYLE ('',( #4850 ) ) ;
#3450 = LINE ( 'NONE', #3326, #2173 ) ;
#3451 = CARTESIAN_POINT ( 'NONE',  ( 1.228671515157174543, 0.1500000000000008271, -0.2499999999999998890 ) ) ;
#3452 = FILL_AREA_STYLE_COLOUR ( '', #7615 ) ;
#3453 = VECTOR ( 'NONE', #5455, 1000.000000000000000 ) ;
#3454 = STYLED_ITEM ( 'NONE', ( #1406 ), #4081 ) ;
#3455 = ORIENTED_EDGE ( 'NONE', *, *, #611, .F. ) ;
#3456 = UNCERTAINTY_MEASURE_WITH_UNIT (LENGTH_MEASURE( 1.000000000000000082E-05 ), #2276, 'distance_accuracy_value', 'NONE');
#3457 = EDGE_CURVE ( 'NONE', #7062, #4056, #2456, .T. ) ;
#3458 = VECTOR ( 'NONE', #8037, 1000.000000000000000 ) ;
#3459 = ORIENTED_EDGE ( 'NONE', *, *, #7719, .F. ) ;
#3460 = VECTOR ( 'NONE', #6976, 1000.000000000000000 ) ;
#3461 = STYLED_ITEM ( 'NONE', ( #2525 ), #8202 ) ;
#3462 = FILL_AREA_STYLE_COLOUR ( '', #673 ) ;
#3463 = VECTOR ( 'NONE', #5548, 1000.000000000000000 ) ;
#3464 = FILL_AREA_STYLE ('',( #6121 ) ) ;
#3466 = AXIS2_PLACEMENT_3D ( 'NONE', #2573, #3265, #6725 ) ;
#3465 = SURFACE_STYLE_FILL_AREA ( #200 ) ;
#3467 = FILL_AREA_STYLE ('',( #4121 ) ) ;
#3468 = VECTOR ( 'NONE', #5145, 1000.000000000000000 ) ;
#3469 = SURFACE_STYLE_USAGE ( .BOTH. , #2765 ) ;
#3470 = EDGE_LOOP ( 'NONE', ( #1024, #5277, #2909, #330 ) ) ;
#3471 = VECTOR ( 'NONE', #8757, 1000.000000000000000 ) ;
#3472 = LINE ( 'NONE', #4170, #5678 ) ;
#3473 = LINE ( 'NONE', #4733, #4952 ) ;
#3474 = VECTOR ( 'NONE', #4015, 999.9999999999998863 ) ;
#3475 = VECTOR ( 'NONE', #7398, 1000.000000000000000 ) ;
#3476 = FILL_AREA_STYLE_COLOUR ( '', #7450 ) ;
#3477 =( GEOMETRIC_REPRESENTATION_CONTEXT ( 3 ) GLOBAL_UNCERTAINTY_ASSIGNED_CONTEXT ( ( #5659 ) ) GLOBAL_UNIT_ASSIGNED_CONTEXT ( ( #5123, #995, #5341 ) ) REPRESENTATION_CONTEXT ( 'NONE', 'WORKASPACE' ) );
#3478 = PLANE ( 'NONE',  #2220 ) ;
#3479 = SURFACE_STYLE_FILL_AREA ( #87 ) ;
#3480 = DIRECTION ( 'NONE',  ( 0.000000000000000000, 0.000000000000000000, -1.000000000000000000 ) ) ;
#3481 = COLOUR_RGB ( '',0.6470588235294117974, 0.6196078431372549211, 0.5999999999999999778 ) ;
#3482 = EDGE_LOOP ( 'NONE', ( #1115, #2289, #6893, #6441 ) ) ;
#3483 = ORIENTED_EDGE ( 'NONE', *, *, #3709, .F. ) ;
#3484 = DIRECTION ( 'NONE',  ( 1.000000000000000000, 0.000000000000000000, 0.000000000000000000 ) ) ;
#3485 = VECTOR ( 'NONE', #702, 1000.000000000000000 ) ;
#3486 = LINE ( 'NONE', #7600, #6836 ) ;
#3487 = LINE ( 'NONE', #8328, #7028 ) ;
#3488 = CARTESIAN_POINT ( 'NONE',  ( 2.168404344971008868E-16, 0.1500000000000000222, -0.06916666666666672347 ) ) ;
#3489 = VERTEX_POINT ( 'NONE', #1915 ) ;
#3490 = ORIENTED_EDGE ( 'NONE', *, *, #3398, .T. ) ;
#3491 = SURFACE_SIDE_STYLE ('',( #768 ) ) ;
#3492 = ADVANCED_FACE ( 'NONE', ( #8716 ), #2596, .T. ) ;
#3493 = EDGE_CURVE ( 'NONE', #633, #1357, #2842, .T. ) ;
#3494 = PLANE ( 'NONE',  #2146 ) ;
#3495 = ADVANCED_FACE ( 'NONE', ( #1463 ), #1997, .T. ) ;
#3496 =( GEOMETRIC_REPRESENTATION_CONTEXT ( 3 ) GLOBAL_UNCERTAINTY_ASSIGNED_CONTEXT ( ( #1682 ) ) GLOBAL_UNIT_ASSIGNED_CONTEXT ( ( #2430, #8414, #2293 ) ) REPRESENTATION_CONTEXT ( 'NONE', 'WORKASPACE' ) );
#3497 = DIRECTION ( 'NONE',  ( -1.000000000000000000, 0.000000000000000000, 0.000000000000000000 ) ) ;
#3498 = PRESENTATION_STYLE_ASSIGNMENT (( #6910 ) ) ;
#3499 = DIRECTION ( 'NONE',  ( -1.000000000000000000, 0.000000000000000000, -0.000000000000000000 ) ) ;
#3500 = DIRECTION ( 'NONE',  ( -0.000000000000000000, 1.000000000000000000, 0.000000000000000000 ) ) ;
#3501 = CARTESIAN_POINT ( 'NONE',  ( 0.5999999999999996447, -0.1500000000000008271, 0.2499999999999998890 ) ) ;
#3502 = SURFACE_SIDE_STYLE ('',( #1580 ) ) ;
#3503 = VERTEX_POINT ( 'NONE', #7578 ) ;
#3504 = ORIENTED_EDGE ( 'NONE', *, *, #7214, .T. ) ;
#3505 = DIRECTION ( 'NONE',  ( -1.000000000000000000, -0.000000000000000000, -0.000000000000000000 ) ) ;
#3506 = ADVANCED_FACE ( 'NONE', ( #5574 ), #6157, .F. ) ;
#3507 = LINE ( 'NONE', #6798, #3774 ) ;
#3508 = LINE ( 'NONE', #4860, #4305 ) ;
#3509 =( GEOMETRIC_REPRESENTATION_CONTEXT ( 3 ) GLOBAL_UNCERTAINTY_ASSIGNED_CONTEXT ( ( #3770 ) ) GLOBAL_UNIT_ASSIGNED_CONTEXT ( ( #6206, #8216, #2180 ) ) REPRESENTATION_CONTEXT ( 'NONE', 'WORKASPACE' ) );
#3510 = VERTEX_POINT ( 'NONE', #1339 ) ;
#3511 = CLOSED_SHELL ( 'NONE', ( #5382, #5735, #1116, #988, #8117, #6577, #3506, #7409, #867, #4151, #662, #4081, #5462, #1550, #2247, #3602, #4307, #2258 ) ) ;
#3512 =( NAMED_UNIT ( * ) PLANE_ANGLE_UNIT ( ) SI_UNIT ( $, .RADIAN. ) );
#3513 = PRESENTATION_STYLE_ASSIGNMENT (( #5048 ) ) ;
#3514 = AXIS2_PLACEMENT_3D ( 'NONE', #1183, #3320, #5215 ) ;
#3515 = AXIS2_PLACEMENT_3D ( 'NONE', #6333, #2887, #4257 ) ;
#3516 =( NAMED_UNIT ( * ) SI_UNIT ( $, .STERADIAN. ) SOLID_ANGLE_UNIT ( ) );
#3517 = DIRECTION ( 'NONE',  ( 0.000000000000000000, 0.000000000000000000, -1.000000000000000000 ) ) ;
#3518 = LINE ( 'NONE', #6213, #5909 ) ;
#3519 = PLANE ( 'NONE',  #545 ) ;
#3520 = COLOUR_RGB ( '',0.6470588235294117974, 0.6196078431372549211, 0.5999999999999999778 ) ;
#3521 = LINE ( 'NONE', #4220, #3034 ) ;
#3522 = STYLED_ITEM ( 'NONE', ( #5077 ), #6950 ) ;
#3523 = EDGE_LOOP ( 'NONE', ( #6226, #4016, #8602, #73 ) ) ;
#3524 = CARTESIAN_POINT ( 'NONE',  ( 0.04999999999999999584, 0.1499999999999999667, 0.2799999999999999711 ) ) ;
#3525 = EDGE_LOOP ( 'NONE', ( #940, #7583, #7595, #239 ) ) ;
#3526 =( NAMED_UNIT ( * ) PLANE_ANGLE_UNIT ( ) SI_UNIT ( $, .RADIAN. ) );
#3527 =( GEOMETRIC_REPRESENTATION_CONTEXT ( 3 ) GLOBAL_UNCERTAINTY_ASSIGNED_CONTEXT ( ( #8248 ) ) GLOBAL_UNIT_ASSIGNED_CONTEXT ( ( #8147, #627, #5509 ) ) REPRESENTATION_CONTEXT ( 'NONE', 'WORKASPACE' ) );
#3528 = CARTESIAN_POINT ( 'NONE',  ( 0.6000000000000000888, 0.000000000000000000, 0.2499999999999998335 ) ) ;
#3529 =( GEOMETRIC_REPRESENTATION_CONTEXT ( 3 ) GLOBAL_UNCERTAINTY_ASSIGNED_CONTEXT ( ( #8641 ) ) GLOBAL_UNIT_ASSIGNED_CONTEXT ( ( #2556, #8126, #4724 ) ) REPRESENTATION_CONTEXT ( 'NONE', 'WORKASPACE' ) );
#3530 = CARTESIAN_POINT ( 'NONE',  ( 0.6000000000000000888, 0.1499999999999999667, 0.2499999999999998335 ) ) ;
#3531 = SURFACE_SIDE_STYLE ('',( #4187 ) ) ;
#3532 = DIRECTION ( 'NONE',  ( -0.000000000000000000, 0.000000000000000000, -1.000000000000000000 ) ) ;
#3533 = LINE ( 'NONE', #5469, #2062 ) ;
#3534 = EDGE_LOOP ( 'NONE', ( #7309, #2851, #4172, #3803 ) ) ;
#3535 = ORIENTED_EDGE ( 'NONE', *, *, #8436, .F. ) ;
#3536 = DIRECTION ( 'NONE',  ( -1.000000000000000000, -0.000000000000000000, -0.000000000000000000 ) ) ;
#3537 = PRESENTATION_LAYER_ASSIGNMENT (  '', '', ( #7982 ) ) ;
#3538 = LINE ( 'NONE', #7796, #5319 ) ;
#3539 = DIRECTION ( 'NONE',  ( -0.000000000000000000, 1.000000000000000000, -0.000000000000000000 ) ) ;
#3540 = EDGE_CURVE ( 'NONE', #735, #5868, #3507, .T. ) ;
#3541 = EDGE_CURVE ( 'NONE', #3158, #4169, #113, .T. ) ;
#3542 = PLANE ( 'NONE',  #1914 ) ;
#3543 = ORIENTED_EDGE ( 'NONE', *, *, #8496, .T. ) ;
#3544 = UNCERTAINTY_MEASURE_WITH_UNIT (LENGTH_MEASURE( 1.000000000000000082E-05 ), #1661, 'distance_accuracy_value', 'NONE');
#3545 = ORIENTED_EDGE ( 'NONE', *, *, #5925, .T. ) ;
#3546 = LINE ( 'NONE', #2225, #2822 ) ;
#3547 = PRESENTATION_STYLE_ASSIGNMENT (( #5660 ) ) ;
#3548 = PLANE ( 'NONE',  #2567 ) ;
#3549 = CARTESIAN_POINT ( 'NONE',  ( 0.7999999999999991562, 0.1500000000000008271, 0.2499999999999998890 ) ) ;
#3551 = ADVANCED_FACE ( 'NONE', ( #1423 ), #6203, .F. ) ;
#3550 = PRESENTATION_LAYER_ASSIGNMENT (  '', '', ( #4565 ) ) ;
#3552 = EDGE_LOOP ( 'NONE', ( #3561, #1857, #6972, #5834, #8474, #3459, #4327, #7242 ) ) ;
#3553 = EDGE_CURVE ( 'NONE', #1946, #3619, #7849, .T. ) ;
#3554 = DIRECTION ( 'NONE',  ( -1.000000000000000000, 0.000000000000000000, 0.000000000000000000 ) ) ;
#3555 = CARTESIAN_POINT ( 'NONE',  ( 0.2000000000000000111, 0.1699999999999999567, 0.2999999999999999334 ) ) ;
#3556 = LINE ( 'NONE', #6285, #1015 ) ;
#3557 = MECHANICAL_DESIGN_GEOMETRIC_PRESENTATION_REPRESENTATION (  '', ( #6724 ), #5859 ) ;
#3558 = DIRECTION ( 'NONE',  ( -1.000000000000000000, 0.000000000000000000, 0.000000000000000000 ) ) ;
#3559 = CARTESIAN_POINT ( 'NONE',  ( 1.400000000000000133, -0.1499999999999999389, 0.2799999999999999711 ) ) ;
#3560 = FACE_OUTER_BOUND ( 'NONE', #1984, .T. ) ;
#3561 = ORIENTED_EDGE ( 'NONE', *, *, #1001, .T. ) ;
#3562 = ORIENTED_EDGE ( 'NONE', *, *, #2639, .T. ) ;
#3563 = MECHANICAL_DESIGN_GEOMETRIC_PRESENTATION_REPRESENTATION (  '', ( #2007 ), #4417 ) ;
#3564 = CARTESIAN_POINT ( 'NONE',  ( 0.04999999999999999584, 0.1499999999999999667, 0.06916666666666672347 ) ) ;
#3565 = ADVANCED_FACE ( 'NONE', ( #2923 ), #8438, .T. ) ;
#3566 = ORIENTED_EDGE ( 'NONE', *, *, #2359, .F. ) ;
#3567 = EDGE_CURVE ( 'NONE', #5404, #2408, #5615, .T. ) ;
#3568 = CARTESIAN_POINT ( 'NONE',  ( 1.000000000000000000, 0.1499999999999999667, 0.2799999999999999711 ) ) ;
#3569 = CARTESIAN_POINT ( 'NONE',  ( 2.168404344971008868E-16, -0.1500000000000008271, 0.2795000000000000817 ) ) ;
#3570 = CARTESIAN_POINT ( 'NONE',  ( 0.3542541530958079332, -19.83000000000000185, 0.2499999999999998335 ) ) ;
#3571 = CARTESIAN_POINT ( 'NONE',  ( 0.5699999999999999512, 0.1499999999999999667, 0.06916666666666672347 ) ) ;
#3572 = SURFACE_STYLE_FILL_AREA ( #3232 ) ;
#3573 = ORIENTED_EDGE ( 'NONE', *, *, #1641, .F. ) ;
#3574 = ORIENTED_EDGE ( 'NONE', *, *, #2532, .T. ) ;
#3575 = LINE ( 'NONE', #906, #4609 ) ;
#3576 = CARTESIAN_POINT ( 'NONE',  ( 2.168404344971008868E-16, -0.1500000000000008271, 0.2795000000000000817 ) ) ;
#3577 = PLANE ( 'NONE',  #756 ) ;
#3578 = LINE ( 'NONE', #7534, #4374 ) ;
#3579 = DIRECTION ( 'NONE',  ( 1.000000000000000000, 0.000000000000000000, 0.000000000000000000 ) ) ;
#3580 = LINE ( 'NONE', #4156, #6559 ) ;
#3581 = PLANE ( 'NONE',  #7908 ) ;
#3582 = PRESENTATION_LAYER_ASSIGNMENT (  '', '', ( #7453 ) ) ;
#3583 = EDGE_LOOP ( 'NONE', ( #982, #3933, #2493, #3903 ) ) ;
#3584 = VERTEX_POINT ( 'NONE', #5698 ) ;
#3585 = VECTOR ( 'NONE', #8388, 1000.000000000000000 ) ;
#3586 = ORIENTED_EDGE ( 'NONE', *, *, #1381, .T. ) ;
#3587 = MECHANICAL_DESIGN_GEOMETRIC_PRESENTATION_REPRESENTATION (  '', ( #1025 ), #308 ) ;
#3588 = EDGE_CURVE ( 'NONE', #5941, #1388, #1551, .T. ) ;
#3589 = ADVANCED_FACE ( 'NONE', ( #2270 ), #7127, .F. ) ;
#3591 = CARTESIAN_POINT ( 'NONE',  ( 1.400000000000000133, 0.1500000000000000222, -0.2499999999999998890 ) ) ;
#3590 =( GEOMETRIC_REPRESENTATION_CONTEXT ( 3 ) GLOBAL_UNCERTAINTY_ASSIGNED_CONTEXT ( ( #3204 ) ) GLOBAL_UNIT_ASSIGNED_CONTEXT ( ( #7069, #7334, #561 ) ) REPRESENTATION_CONTEXT ( 'NONE', 'WORKASPACE' ) );
#3592 = PRESENTATION_STYLE_ASSIGNMENT (( #150 ) ) ;
#3593 = FILL_AREA_STYLE ('',( #5664 ) ) ;
#3594 = COLOUR_RGB ( '',0.6470588235294117974, 0.6196078431372549211, 0.5999999999999999778 ) ;
#3595 = ORIENTED_EDGE ( 'NONE', *, *, #1208, .T. ) ;
#3596 = FACE_OUTER_BOUND ( 'NONE', #7916, .T. ) ;
#3597 = VECTOR ( 'NONE', #2472, 1000.000000000000000 ) ;
#3599 = DIRECTION ( 'NONE',  ( -1.000000000000000000, -0.000000000000000000, -0.000000000000000000 ) ) ;
#3598 = VECTOR ( 'NONE', #1117, 1000.000000000000000 ) ;
#3600 = EDGE_CURVE ( 'NONE', #1221, #1363, #7759, .T. ) ;
#3601 = ADVANCED_FACE ( 'NONE', ( #4343 ), #1583, .T. ) ;
#3602 = ADVANCED_FACE ( 'NONE', ( #6020 ), #2448, .F. ) ;
#3603 = SURFACE_STYLE_FILL_AREA ( #2773 ) ;
#3604 = CARTESIAN_POINT ( 'NONE',  ( 0.4300000000000000488, 0.1499999999999999667, 0.06916666666666672347 ) ) ;
#3605 = STYLED_ITEM ( 'NONE', ( #2149 ), #5270 ) ;
#3606 = CARTESIAN_POINT ( 'NONE',  ( 0.1999999999999998723, -0.1500000000000008271, -0.2794999999999999707 ) ) ;
#3607 = EDGE_LOOP ( 'NONE', ( #6552, #8825, #257, #887 ) ) ;
#3608 = VECTOR ( 'NONE', #3539, 1000.000000000000000 ) ;
#3609 = ORIENTED_EDGE ( 'NONE', *, *, #1921, .T. ) ;
#3610 = ORIENTED_EDGE ( 'NONE', *, *, #5418, .F. ) ;
#3611 = CARTESIAN_POINT ( 'NONE',  ( 0.4000000000000000222, 0.1700000000000000122, -0.2499999999999998890 ) ) ;
#3612 = EDGE_CURVE ( 'NONE', #4803, #8268, #4539, .T. ) ;
#3613 = DIRECTION ( 'NONE',  ( -0.000000000000000000, 0.000000000000000000, 1.000000000000000000 ) ) ;
#3614 = LINE ( 'NONE', #5180, #5599 ) ;
#3615 = STYLED_ITEM ( 'NONE', ( #4098 ), #8257 ) ;
#3616 = CARTESIAN_POINT ( 'NONE',  ( 1.230000000000000204, -0.1700000000000000122, -0.2999999999999999889 ) ) ;
#3617 = EDGE_CURVE ( 'NONE', #1440, #728, #7270, .T. ) ;
#3618 = DIRECTION ( 'NONE',  ( 0.000000000000000000, 0.000000000000000000, 1.000000000000000000 ) ) ;
#3619 = VERTEX_POINT ( 'NONE', #464 ) ;
#3620 = ORIENTED_EDGE ( 'NONE', *, *, #4097, .F. ) ;
#3621 = SURFACE_STYLE_USAGE ( .BOTH. , #3333 ) ;
#3622 = DIRECTION ( 'NONE',  ( 0.000000000000000000, 0.000000000000000000, -1.000000000000000000 ) ) ;
#3623 = LINE ( 'NONE', #6359, #4322 ) ;
#3624 = DIRECTION ( 'NONE',  ( -1.000000000000000000, -0.000000000000000000, -0.000000000000000000 ) ) ;
#3625 =( NAMED_UNIT ( * ) PLANE_ANGLE_UNIT ( ) SI_UNIT ( $, .RADIAN. ) );
#3626 = STYLED_ITEM ( 'NONE', ( #1098 ), #3664 ) ;
#3627 = DIRECTION ( 'NONE',  ( 0.000000000000000000, 1.000000000000000000, 0.000000000000000000 ) ) ;
#3628 = ORIENTED_EDGE ( 'NONE', *, *, #4864, .F. ) ;
#3629 = LINE ( 'NONE', #2873, #2345 ) ;
#3630 = ORIENTED_EDGE ( 'NONE', *, *, #2306, .F. ) ;
#3631 = ORIENTED_EDGE ( 'NONE', *, *, #7222, .T. ) ;
#3632 = CARTESIAN_POINT ( 'NONE',  ( 0.2000000000000000111, 0.000000000000000000, 0.000000000000000000 ) ) ;
#3633 = COLOUR_RGB ( '',0.6470588235294117974, 0.6196078431372549211, 0.5999999999999999778 ) ;
#3634 = FILL_AREA_STYLE_COLOUR ( '', #1636 ) ;
#3635 = PLANE ( 'NONE',  #3654 ) ;
#3636 = ORIENTED_EDGE ( 'NONE', *, *, #6445, .F. ) ;
#3637 = STYLED_ITEM ( 'NONE', ( #6156 ), #1443 ) ;
#3638 = DIRECTION ( 'NONE',  ( -1.000000000000000000, 0.000000000000000000, 0.000000000000000000 ) ) ;
#3639 = UNCERTAINTY_MEASURE_WITH_UNIT (LENGTH_MEASURE( 1.000000000000000082E-05 ), #3019, 'distance_accuracy_value', 'NONE');
#3640 = DIRECTION ( 'NONE',  ( -1.000000000000000000, -0.000000000000000000, -0.000000000000000000 ) ) ;
#3641 =( GEOMETRIC_REPRESENTATION_CONTEXT ( 3 ) GLOBAL_UNCERTAINTY_ASSIGNED_CONTEXT ( ( #5033 ) ) GLOBAL_UNIT_ASSIGNED_CONTEXT ( ( #630, #7394, #2701 ) ) REPRESENTATION_CONTEXT ( 'NONE', 'WORKASPACE' ) );
#3642 = FILL_AREA_STYLE ('',( #7009 ) ) ;
#3643 = PRESENTATION_STYLE_ASSIGNMENT (( #6886 ) ) ;
#3644 = FACE_OUTER_BOUND ( 'NONE', #4427, .T. ) ;
#3645 = PRESENTATION_LAYER_ASSIGNMENT (  '', '', ( #4943 ) ) ;
#3646 = DIRECTION ( 'NONE',  ( -0.000000000000000000, 1.000000000000000000, -0.000000000000000000 ) ) ;
#3647 = EDGE_LOOP ( 'NONE', ( #7509, #4599, #6293, #625, #1919, #5722, #1282, #4939 ) ) ;
#3648 = EDGE_CURVE ( 'NONE', #4226, #5685, #1862, .T. ) ;
#3649 = EDGE_CURVE ( 'NONE', #6366, #4740, #3767, .T. ) ;
#3650 =( GEOMETRIC_REPRESENTATION_CONTEXT ( 3 ) GLOBAL_UNCERTAINTY_ASSIGNED_CONTEXT ( ( #7201 ) ) GLOBAL_UNIT_ASSIGNED_CONTEXT ( ( #6517, #379, #8570 ) ) REPRESENTATION_CONTEXT ( 'NONE', 'WORKASPACE' ) );
#3651 = ORIENTED_EDGE ( 'NONE', *, *, #7052, .T. ) ;
#3652 = FACE_OUTER_BOUND ( 'NONE', #8055, .T. ) ;
#3653 = LINE ( 'NONE', #7827, #1306 ) ;
#3654 = AXIS2_PLACEMENT_3D ( 'NONE', #7810, #7764, #7853 ) ;
#3655 = ORIENTED_EDGE ( 'NONE', *, *, #7870, .T. ) ;
#3656 = PRESENTATION_STYLE_ASSIGNMENT (( #1076 ) ) ;
#3657 = CARTESIAN_POINT ( 'NONE',  ( 1.200000000000000178, 0.1700000000000000122, 0.2499999999999998335 ) ) ;
#3658 = DIRECTION ( 'NONE',  ( 0.000000000000000000, 1.000000000000000000, -0.000000000000000000 ) ) ;
#3659 = VECTOR ( 'NONE', #7405, 1000.000000000000000 ) ;
#3660 = CARTESIAN_POINT ( 'NONE',  ( 0.02000000000000021899, 0.1700000000000000122, 0.06916666666666670960 ) ) ;
#3661 = EDGE_CURVE ( 'NONE', #5888, #2901, #7894, .T. ) ;
#3662 = ORIENTED_EDGE ( 'NONE', *, *, #6041, .T. ) ;
#3663 =( NAMED_UNIT ( * ) PLANE_ANGLE_UNIT ( ) SI_UNIT ( $, .RADIAN. ) );
#3664 = ADVANCED_FACE ( 'NONE', ( #5169 ), #3143, .F. ) ;
#3665 = ORIENTED_EDGE ( 'NONE', *, *, #8645, .F. ) ;
#3666 = SURFACE_STYLE_USAGE ( .BOTH. , #7795 ) ;
#3667 = LINE ( 'NONE', #7119, #3585 ) ;
#3668 = CARTESIAN_POINT ( 'NONE',  ( 0.8299999999999999600, -0.1700000000000000400, -0.1499999999999999944 ) ) ;
#3669 = DIRECTION ( 'NONE',  ( -0.000000000000000000, 1.000000000000000000, -0.000000000000000000 ) ) ;
#3670 = ORIENTED_EDGE ( 'NONE', *, *, #5628, .F. ) ;
#3671 =( LENGTH_UNIT ( ) NAMED_UNIT ( * ) SI_UNIT ( .MILLI., .METRE. ) );
#3672 = VERTEX_POINT ( 'NONE', #4717 ) ;
#3673 = EDGE_LOOP ( 'NONE', ( #1482, #6918, #5731, #6651 ) ) ;
#3674 = EDGE_CURVE ( 'NONE', #2856, #7981, #4673, .T. ) ;
#3675 = VECTOR ( 'NONE', #4636, 1000.000000000000000 ) ;
#3676 = UNCERTAINTY_MEASURE_WITH_UNIT (LENGTH_MEASURE( 1.000000000000000082E-05 ), #6544, 'distance_accuracy_value', 'NONE');
#3677 = FILL_AREA_STYLE ('',( #966 ) ) ;
#3678 =( NAMED_UNIT ( * ) SI_UNIT ( $, .STERADIAN. ) SOLID_ANGLE_UNIT ( ) );
#3679 = UNCERTAINTY_MEASURE_WITH_UNIT (LENGTH_MEASURE( 1.000000000000000082E-05 ), #2131, 'distance_accuracy_value', 'NONE');
#3680 = DIRECTION ( 'NONE',  ( -0.000000000000000000, 1.000000000000000000, -0.000000000000000000 ) ) ;
#3681 = VERTEX_POINT ( 'NONE', #1287 ) ;
#3682 = MECHANICAL_DESIGN_GEOMETRIC_PRESENTATION_REPRESENTATION (  '', ( #8703 ), #1426 ) ;
#3683 = LINE ( 'NONE', #4396, #4955 ) ;
#3684 = FACE_OUTER_BOUND ( 'NONE', #2172, .T. ) ;
#3685 = DIRECTION ( 'NONE',  ( -0.000000000000000000, -0.000000000000000000, -1.000000000000000000 ) ) ;
#3686 = COLOUR_RGB ( '',0.7921568627450980005, 0.8196078431372548767, 0.9333333333333333481 ) ;
#3687 = LINE ( 'NONE', #5181, #6719 ) ;
#3688 = LINE ( 'NONE', #1596, #3468 ) ;
#3689 = ORIENTED_EDGE ( 'NONE', *, *, #5478, .F. ) ;
#3690 = EDGE_LOOP ( 'NONE', ( #1854, #6110, #1136, #1 ) ) ;
#3691 = CARTESIAN_POINT ( 'NONE',  ( 0.8286715151571735216, -0.1500000000000008271, 0.2499999999999998890 ) ) ;
#3692 = VECTOR ( 'NONE', #6801, 1000.000000000000000 ) ;
#3693 = ORIENTED_EDGE ( 'NONE', *, *, #8104, .F. ) ;
#3694 = LINE ( 'NONE', #8456, #6308 ) ;
#3695 = EDGE_CURVE ( 'NONE', #2695, #4575, #1417, .T. ) ;
#3696 = ADVANCED_FACE ( 'NONE', ( #722 ), #7445, .F. ) ;
#3697 = FILL_AREA_STYLE ('',( #5771 ) ) ;
#3698 = SURFACE_SIDE_STYLE ('',( #2477 ) ) ;
#3699 = ORIENTED_EDGE ( 'NONE', *, *, #8645, .T. ) ;
#3700 = CARTESIAN_POINT ( 'NONE',  ( 0.6000000000000000888, -0.1700000000000000400, -0.1499999999999999944 ) ) ;
#3701 = UNCERTAINTY_MEASURE_WITH_UNIT (LENGTH_MEASURE( 1.000000000000000082E-05 ), #8435, 'distance_accuracy_value', 'NONE');
#3702 = ORIENTED_EDGE ( 'NONE', *, *, #3883, .F. ) ;
#3703 = CARTESIAN_POINT ( 'NONE',  ( 2.168404344971008868E-16, 0.1500000000000008271, 0.2795000000000000817 ) ) ;
#3704 =( LENGTH_UNIT ( ) NAMED_UNIT ( * ) SI_UNIT ( .MILLI., .METRE. ) );
#3705 = CARTESIAN_POINT ( 'NONE',  ( 0.8000000000000000444, 0.1500000000000000222, -0.2799999999999999711 ) ) ;
#3706 = EDGE_CURVE ( 'NONE', #5655, #4814, #1327, .T. ) ;
#3707 = DIRECTION ( 'NONE',  ( 0.000000000000000000, -1.807003620809174139E-16, 1.000000000000000000 ) ) ;
#3708 = SURFACE_SIDE_STYLE ('',( #4529 ) ) ;
#3709 = EDGE_CURVE ( 'NONE', #3963, #3836, #2130, .T. ) ;
#3710 = SURFACE_SIDE_STYLE ('',( #6591 ) ) ;
#3711 = EDGE_LOOP ( 'NONE', ( #8556, #6431, #3154, #5162, #3024, #169, #3982, #3196 ) ) ;
#3712 = LINE ( 'NONE', #6452, #7047 ) ;
#3713 = EDGE_LOOP ( 'NONE', ( #1790, #8116, #2962, #3432 ) ) ;
#3714 = ORIENTED_EDGE ( 'NONE', *, *, #890, .F. ) ;
#3715 = MECHANICAL_DESIGN_GEOMETRIC_PRESENTATION_REPRESENTATION (  '', ( #3721 ), #3037 ) ;
#3716 =( NAMED_UNIT ( * ) SI_UNIT ( $, .STERADIAN. ) SOLID_ANGLE_UNIT ( ) );
#3717 = EDGE_CURVE ( 'NONE', #5377, #5987, #3450, .T. ) ;
#3718 = SURFACE_STYLE_USAGE ( .BOTH. , #4436 ) ;
#3719 = ORIENTED_EDGE ( 'NONE', *, *, #3106, .F. ) ;
#3720 = LINE ( 'NONE', #5745, #2045 ) ;
#3721 = STYLED_ITEM ( 'NONE', ( #8404 ), #4544 ) ;
#3722 = VERTEX_POINT ( 'NONE', #4851 ) ;
#3723 = MECHANICAL_DESIGN_GEOMETRIC_PRESENTATION_REPRESENTATION (  '', ( #5882 ), #2025 ) ;
#3724 = PLANE ( 'NONE',  #2032 ) ;
#3725 = CARTESIAN_POINT ( 'NONE',  ( 0.8286715151571735216, 0.1500000000000008271, 0.2499999999999998890 ) ) ;
#3726 = PLANE ( 'NONE',  #364 ) ;
#3727 = VECTOR ( 'NONE', #8471, 1000.000000000000000 ) ;
#3728 = LINE ( 'NONE', #3064, #1587 ) ;
#3729 = FILL_AREA_STYLE ('',( #1016 ) ) ;
#3730 = PRESENTATION_LAYER_ASSIGNMENT (  '', '', ( #5178 ) ) ;
#3731 = VECTOR ( 'NONE', #1827, 1000.000000000000000 ) ;
#3732 =( NAMED_UNIT ( * ) SI_UNIT ( $, .STERADIAN. ) SOLID_ANGLE_UNIT ( ) );
#3733 = DIRECTION ( 'NONE',  ( -0.000000000000000000, 1.000000000000000000, -0.000000000000000000 ) ) ;
#3734 = VERTEX_POINT ( 'NONE', #1455 ) ;
#3735 = PRESENTATION_LAYER_ASSIGNMENT (  '', '', ( #3176 ) ) ;
#3736 = VERTEX_POINT ( 'NONE', #5438 ) ;
#3737 = FILL_AREA_STYLE ('',( #7687 ) ) ;
#3738 = ORIENTED_EDGE ( 'NONE', *, *, #3648, .F. ) ;
#3739 = AXIS2_PLACEMENT_3D ( 'NONE', #3100, #7307, #1191 ) ;
#3740 = SURFACE_STYLE_USAGE ( .BOTH. , #6534 ) ;
#3741 =( GEOMETRIC_REPRESENTATION_CONTEXT ( 3 ) GLOBAL_UNCERTAINTY_ASSIGNED_CONTEXT ( ( #3544 ) ) GLOBAL_UNIT_ASSIGNED_CONTEXT ( ( #1661, #5869, #272 ) ) REPRESENTATION_CONTEXT ( 'NONE', 'WORKASPACE' ) );
#3742 = AXIS2_PLACEMENT_3D ( 'NONE', #2151, #2106, #7590 ) ;
#3743 = AXIS2_PLACEMENT_3D ( 'NONE', #2457, #4550, #5100 ) ;
#3744 = CARTESIAN_POINT ( 'NONE',  ( 0.9700000000000000844, -19.83000000000000185, 0.2499999999999998335 ) ) ;
#3745 = CARTESIAN_POINT ( 'NONE',  ( 0.4299999999999996048, -1.249999999999999112, 0.1499999999999999944 ) ) ;
#3746 = ORIENTED_EDGE ( 'NONE', *, *, #3761, .F. ) ;
#3747 =( GEOMETRIC_REPRESENTATION_CONTEXT ( 3 ) GLOBAL_UNCERTAINTY_ASSIGNED_CONTEXT ( ( #5546 ) ) GLOBAL_UNIT_ASSIGNED_CONTEXT ( ( #1133, #1230, #8835 ) ) REPRESENTATION_CONTEXT ( 'NONE', 'WORKASPACE' ) );
#3748 = DIRECTION ( 'NONE',  ( 0.000000000000000000, -1.594414959537507173E-16, -1.000000000000000000 ) ) ;
#3749 = MECHANICAL_DESIGN_GEOMETRIC_PRESENTATION_REPRESENTATION (  '', ( #7616 ), #617 ) ;
#3750 = ORIENTED_EDGE ( 'NONE', *, *, #1578, .F. ) ;
#3751 = DIRECTION ( 'NONE',  ( -0.000000000000000000, -0.000000000000000000, 1.000000000000000000 ) ) ;
#3752 = VECTOR ( 'NONE', #909, 1000.000000000000000 ) ;
#3753 = VERTEX_POINT ( 'NONE', #6838 ) ;
#3754 = FILL_AREA_STYLE ('',( #3084 ) ) ;
#3755 = SURFACE_STYLE_FILL_AREA ( #907 ) ;
#3756 = LINE ( 'NONE', #2439, #5109 ) ;
#3757 = CARTESIAN_POINT ( 'NONE',  ( 0.5699999999999999512, 0.1499999999999999667, 0.2799999999999999711 ) ) ;
#3758 = ORIENTED_EDGE ( 'NONE', *, *, #2749, .T. ) ;
#3759 = SURFACE_SIDE_STYLE ('',( #1855 ) ) ;
#3760 = VERTEX_POINT ( 'NONE', #2033 ) ;
#3761 = EDGE_CURVE ( 'NONE', #2312, #4226, #1988, .T. ) ;
#3762 = EDGE_CURVE ( 'NONE', #843, #8200, #7535, .T. ) ;
#3763 = ADVANCED_FACE ( 'NONE', ( #2671 ), #16, .F. ) ;
#3764 = VERTEX_POINT ( 'NONE', #4155 ) ;
#3765 = PRESENTATION_LAYER_ASSIGNMENT (  '', '', ( #6348 ) ) ;
#3766 = UNCERTAINTY_MEASURE_WITH_UNIT (LENGTH_MEASURE( 1.000000000000000082E-05 ), #68, 'distance_accuracy_value', 'NONE');
#3767 = LINE ( 'NONE', #3942, #7508 ) ;
#3768 = FILL_AREA_STYLE_COLOUR ( '', #1846 ) ;
#3769 = DIRECTION ( 'NONE',  ( 0.000000000000000000, 0.000000000000000000, -1.000000000000000000 ) ) ;
#3770 = UNCERTAINTY_MEASURE_WITH_UNIT (LENGTH_MEASURE( 1.000000000000000082E-05 ), #6206, 'distance_accuracy_value', 'NONE');
#3771 = FILL_AREA_STYLE ('',( #8524 ) ) ;
#3772 = ORIENTED_EDGE ( 'NONE', *, *, #491, .F. ) ;
#3773 = EDGE_CURVE ( 'NONE', #6857, #2298, #4026, .T. ) ;
#3774 = VECTOR ( 'NONE', #2139, 1000.000000000000000 ) ;
#3775 = DIRECTION ( 'NONE',  ( -1.000000000000000000, -0.000000000000000000, -0.000000000000000000 ) ) ;
#3776 = CARTESIAN_POINT ( 'NONE',  ( 0.1700000000000000122, -19.83000000000000185, -0.2499999999999998890 ) ) ;
#3777 = EDGE_CURVE ( 'NONE', #2943, #5377, #8206, .T. ) ;
#3778 = DIRECTION ( 'NONE',  ( -0.000000000000000000, 1.000000000000000000, -0.000000000000000000 ) ) ;
#3779 = DIRECTION ( 'NONE',  ( -1.000000000000000000, 0.000000000000000000, 0.000000000000000000 ) ) ;
#3780 = CARTESIAN_POINT ( 'NONE',  ( 0.9699999999999991962, -0.1500000000000008271, 0.1499999999999999944 ) ) ;
#3781 = CARTESIAN_POINT ( 'NONE',  ( 0.9699999999999991962, -0.1500000000000008271, 0.2499999999999998890 ) ) ;
#3782 = ORIENTED_EDGE ( 'NONE', *, *, #8033, .F. ) ;
#3783 = EDGE_LOOP ( 'NONE', ( #6860, #410, #7301, #2467 ) ) ;
#3784 = DIRECTION ( 'NONE',  ( -0.000000000000000000, 1.000000000000000000, 1.594414959537506434E-16 ) ) ;
#3785 = SURFACE_STYLE_FILL_AREA ( #1074 ) ;
#3786 = ORIENTED_EDGE ( 'NONE', *, *, #1704, .T. ) ;
#3787 =( NAMED_UNIT ( * ) SI_UNIT ( $, .STERADIAN. ) SOLID_ANGLE_UNIT ( ) );
#3788 = SURFACE_SIDE_STYLE ('',( #4366 ) ) ;
#3789 = FACE_OUTER_BOUND ( 'NONE', #2254, .T. ) ;
#3790 = PLANE ( 'NONE',  #8755 ) ;
#3791 = AXIS2_PLACEMENT_3D ( 'NONE', #1283, #5981, #4537 ) ;
#3792 = ORIENTED_EDGE ( 'NONE', *, *, #3401, .F. ) ;
#3793 = UNCERTAINTY_MEASURE_WITH_UNIT (LENGTH_MEASURE( 1.000000000000000082E-05 ), #5279, 'distance_accuracy_value', 'NONE');
#3794 = EDGE_LOOP ( 'NONE', ( #142, #477, #6117, #3005, #2063, #5393, #7251, #6640 ) ) ;
#3795 = DIRECTION ( 'NONE',  ( 0.000000000000000000, 0.000000000000000000, 1.000000000000000000 ) ) ;
#3796 = AXIS2_PLACEMENT_3D ( 'NONE', #5657, #6416, #5739 ) ;
#3797 = VECTOR ( 'NONE', #5046, 1000.000000000000000 ) ;
#3798 = VECTOR ( 'NONE', #6643, 1000.000000000000000 ) ;
#3799 =( NAMED_UNIT ( * ) SI_UNIT ( $, .STERADIAN. ) SOLID_ANGLE_UNIT ( ) );
#3800 = CARTESIAN_POINT ( 'NONE',  ( 1.154254153095808144, -19.83000000000000185, 0.2499999999999998335 ) ) ;
#3801 = CARTESIAN_POINT ( 'NONE',  ( 1.400000000000000133, 0.000000000000000000, 0.000000000000000000 ) ) ;
#3802 = ORIENTED_EDGE ( 'NONE', *, *, #4818, .T. ) ;
#3803 = ORIENTED_EDGE ( 'NONE', *, *, #5268, .T. ) ;
#3804 = COLOUR_RGB ( '',0.6470588235294117974, 0.6196078431372549211, 0.5999999999999999778 ) ;
#3805 = ORIENTED_EDGE ( 'NONE', *, *, #3021, .F. ) ;
#3806 =( NAMED_UNIT ( * ) PLANE_ANGLE_UNIT ( ) SI_UNIT ( $, .RADIAN. ) );
#3807 = FILL_AREA_STYLE ('',( #5300 ) ) ;
#3808 = EDGE_CURVE ( 'NONE', #2529, #2872, #773, .T. ) ;
#3809 = ADVANCED_FACE ( 'NONE', ( #1373 ), #8247, .F. ) ;
#3810 = CARTESIAN_POINT ( 'NONE',  ( 2.168404344971008868E-16, 0.1500000000000008271, 0.06916666666666670960 ) ) ;
#3811 =( LENGTH_UNIT ( ) NAMED_UNIT ( * ) SI_UNIT ( .MILLI., .METRE. ) );
#3812 = DIRECTION ( 'NONE',  ( -1.000000000000000000, -0.000000000000000000, -0.000000000000000000 ) ) ;
#3813 = VERTEX_POINT ( 'NONE', #6448 ) ;
#3814 = DIRECTION ( 'NONE',  ( -1.000000000000000000, 0.000000000000000000, 0.000000000000000000 ) ) ;
#3815 = CARTESIAN_POINT ( 'NONE',  ( 2.168404344971008868E-16, -0.1500000000000008271, -0.2795000000000000262 ) ) ;
#3816 = CARTESIAN_POINT ( 'NONE',  ( 0.8286715151571744098, 0.1500000000000008271, -0.2499999999999998890 ) ) ;
#3817 = LINE ( 'NONE', #424, #6242 ) ;
#3818 = SURFACE_SIDE_STYLE ('',( #6519 ) ) ;
#3819 = EDGE_CURVE ( 'NONE', #2695, #8211, #8341, .T. ) ;
#3820 = FACE_OUTER_BOUND ( 'NONE', #8197, .T. ) ;
#3821 = CARTESIAN_POINT ( 'NONE',  ( 1.350000000000000089, -0.1700000000000000400, -0.1499999999999999944 ) ) ;
#3822 = SURFACE_SIDE_STYLE ('',( #3022 ) ) ;
#3823 = EDGE_CURVE ( 'NONE', #7705, #2097, #820, .T. ) ;
#3824 = VERTEX_POINT ( 'NONE', #236 ) ;
#3825 = CARTESIAN_POINT ( 'NONE',  ( 0.2000000000000000111, -0.1699999999999999012, 0.2999999999999999889 ) ) ;
#3826 = CARTESIAN_POINT ( 'NONE',  ( 0.1699999999999996791, -1.249999999999999112, 0.2499999999999998890 ) ) ;
#3827 = ORIENTED_EDGE ( 'NONE', *, *, #5148, .F. ) ;
#3828 = VECTOR ( 'NONE', #439, 1000.000000000000000 ) ;
#3829 = DIRECTION ( 'NONE',  ( 0.000000000000000000, 0.000000000000000000, -1.000000000000000000 ) ) ;
#3830 = CARTESIAN_POINT ( 'NONE',  ( 0.5699999999999999512, -19.83000000000000185, -0.2499999999999998890 ) ) ;
#3831 = LINE ( 'NONE', #3163, #897 ) ;
#3832 = LINE ( 'NONE', #1622, #2280 ) ;
#3833 = SURFACE_SIDE_STYLE ('',( #268 ) ) ;
#3834 = VERTEX_POINT ( 'NONE', #2168 ) ;
#3835 = PLANE ( 'NONE',  #6188 ) ;
#3836 = VERTEX_POINT ( 'NONE', #1541 ) ;
#3837 =( NAMED_UNIT ( * ) SI_UNIT ( $, .STERADIAN. ) SOLID_ANGLE_UNIT ( ) );
#3838 = SURFACE_SIDE_STYLE ('',( #1129 ) ) ;
#3839 = CARTESIAN_POINT ( 'NONE',  ( 2.168404344971008868E-16, -0.1500000000000008271, -0.2499999999999999445 ) ) ;
#3840 = DIRECTION ( 'NONE',  ( 0.000000000000000000, 0.000000000000000000, -1.000000000000000000 ) ) ;
#3841 = ORIENTED_EDGE ( 'NONE', *, *, #1429, .F. ) ;
#3842 =( NAMED_UNIT ( * ) SI_UNIT ( $, .STERADIAN. ) SOLID_ANGLE_UNIT ( ) );
#3843 = ORIENTED_EDGE ( 'NONE', *, *, #1146, .T. ) ;
#3844 = ORIENTED_EDGE ( 'NONE', *, *, #4773, .T. ) ;
#3845 =( LENGTH_UNIT ( ) NAMED_UNIT ( * ) SI_UNIT ( .MILLI., .METRE. ) );
#3846 = SURFACE_STYLE_USAGE ( .BOTH. , #4579 ) ;
#3847 = CARTESIAN_POINT ( 'NONE',  ( 1.200000000000000178, -0.1699999999999999012, 0.2499999999999998335 ) ) ;
#3848 = LINE ( 'NONE', #6509, #7331 ) ;
#3849 =( NAMED_UNIT ( * ) SI_UNIT ( $, .STERADIAN. ) SOLID_ANGLE_UNIT ( ) );
#3850 = ORIENTED_EDGE ( 'NONE', *, *, #5093, .T. ) ;
#3851 =( NAMED_UNIT ( * ) PLANE_ANGLE_UNIT ( ) SI_UNIT ( $, .RADIAN. ) );
#3852 = EDGE_CURVE ( 'NONE', #7949, #400, #3538, .T. ) ;
#3853 = CARTESIAN_POINT ( 'NONE',  ( 1.230000000000000204, 0.1500000000000000222, -0.06916666666666672347 ) ) ;
#3854 = CARTESIAN_POINT ( 'NONE',  ( 1.000000000000000000, -0.1699999999999999289, 0.2499999999999998335 ) ) ;
#3855 = LINE ( 'NONE', #7993, #2057 ) ;
#3856 = VECTOR ( 'NONE', #4957, 999.9999999999998863 ) ;
#3857 = PRESENTATION_STYLE_ASSIGNMENT (( #5361 ) ) ;
#3858 =( NAMED_UNIT ( * ) SI_UNIT ( $, .STERADIAN. ) SOLID_ANGLE_UNIT ( ) );
#3859 = CARTESIAN_POINT ( 'NONE',  ( 2.168404344971008868E-16, -0.1500000000000008271, -0.2795000000000000262 ) ) ;
#3860 = VECTOR ( 'NONE', #1962, 1000.000000000000000 ) ;
#3861 = ORIENTED_EDGE ( 'NONE', *, *, #3540, .F. ) ;
#3862 = SURFACE_STYLE_USAGE ( .BOTH. , #5236 ) ;
#3863 = EDGE_CURVE ( 'NONE', #8559, #4640, #1500, .T. ) ;
#3864 = EDGE_CURVE ( 'NONE', #6200, #1128, #912, .T. ) ;
#3866 = EDGE_CURVE ( 'NONE', #3824, #5702, #1668, .T. ) ;
#3865 = FILL_AREA_STYLE_COLOUR ( '', #7383 ) ;
#3867 = ORIENTED_EDGE ( 'NONE', *, *, #6564, .T. ) ;
#3868 = LINE ( 'NONE', #2518, #3860 ) ;
#3869 =( GEOMETRIC_REPRESENTATION_CONTEXT ( 3 ) GLOBAL_UNCERTAINTY_ASSIGNED_CONTEXT ( ( #2835 ) ) GLOBAL_UNIT_ASSIGNED_CONTEXT ( ( #8568, #3851, #8802 ) ) REPRESENTATION_CONTEXT ( 'NONE', 'WORKASPACE' ) );
#3870 = LINE ( 'NONE', #7966, #499 ) ;
#3871 = SURFACE_STYLE_USAGE ( .BOTH. , #438 ) ;
#3872 = CARTESIAN_POINT ( 'NONE',  ( 0.6000000000000000888, 0.000000000000000000, 0.2499999999999998335 ) ) ;
#3873 =( GEOMETRIC_REPRESENTATION_CONTEXT ( 3 ) GLOBAL_UNCERTAINTY_ASSIGNED_CONTEXT ( ( #3057 ) ) GLOBAL_UNIT_ASSIGNED_CONTEXT ( ( #7564, #2861, #2990 ) ) REPRESENTATION_CONTEXT ( 'NONE', 'WORKASPACE' ) );
#3874 = VECTOR ( 'NONE', #7734, 1000.000000000000000 ) ;
#3875 = ORIENTED_EDGE ( 'NONE', *, *, #7757, .F. ) ;
#3876 =( GEOMETRIC_REPRESENTATION_CONTEXT ( 3 ) GLOBAL_UNCERTAINTY_ASSIGNED_CONTEXT ( ( #1505 ) ) GLOBAL_UNIT_ASSIGNED_CONTEXT ( ( #2299, #7116, #2436 ) ) REPRESENTATION_CONTEXT ( 'NONE', 'WORKASPACE' ) );
#3877 = FACE_OUTER_BOUND ( 'NONE', #4997, .T. ) ;
#3878 =( GEOMETRIC_REPRESENTATION_CONTEXT ( 3 ) GLOBAL_UNCERTAINTY_ASSIGNED_CONTEXT ( ( #4132 ) ) GLOBAL_UNIT_ASSIGNED_CONTEXT ( ( #8141, #5330, #6633 ) ) REPRESENTATION_CONTEXT ( 'NONE', 'WORKASPACE' ) );
#3879 = UNCERTAINTY_MEASURE_WITH_UNIT (LENGTH_MEASURE( 1.000000000000000082E-05 ), #6248, 'distance_accuracy_value', 'NONE');
#3880 = ORIENTED_EDGE ( 'NONE', *, *, #7592, .T. ) ;
#3881 = CARTESIAN_POINT ( 'NONE',  ( 0.8286715151571744098, 0.1500000000000008271, -0.2499999999999998890 ) ) ;
#3882 = VECTOR ( 'NONE', #1783, 1000.000000000000000 ) ;
#3883 = EDGE_CURVE ( 'NONE', #2434, #5655, #859, .T. ) ;
#3884 = CARTESIAN_POINT ( 'NONE',  ( 0.8299999999999999600, -0.1699999999999999012, 0.2999999999999999889 ) ) ;
#3885 =( GEOMETRIC_REPRESENTATION_CONTEXT ( 3 ) GLOBAL_UNCERTAINTY_ASSIGNED_CONTEXT ( ( #4027 ) ) GLOBAL_UNIT_ASSIGNED_CONTEXT ( ( #8060, #8640, #8009 ) ) REPRESENTATION_CONTEXT ( 'NONE', 'WORKASPACE' ) );
#3886 = AXIS2_PLACEMENT_3D ( 'NONE', #7558, #5102, #347 ) ;
#3887 = FILL_AREA_STYLE_COLOUR ( '', #3308 ) ;
#3888 = FILL_AREA_STYLE_COLOUR ( '', #8770 ) ;
#3889 = VERTEX_POINT ( 'NONE', #5649 ) ;
#3890 = PRESENTATION_LAYER_ASSIGNMENT (  '', '', ( #60 ) ) ;
#3891 = LINE ( 'NONE', #1807, #6199 ) ;
#3892 = VERTEX_POINT ( 'NONE', #5024 ) ;
#3893 = ORIENTED_EDGE ( 'NONE', *, *, #1246, .T. ) ;
#3894 = AXIS2_PLACEMENT_3D ( 'NONE', #4429, #1135, #2400 ) ;
#3895 = CARTESIAN_POINT ( 'NONE',  ( 0.04999999999999999584, 0.1700000000000000122, 0.06916666666666670960 ) ) ;
#3896 = COLOUR_RGB ( '',0.6470588235294117974, 0.6196078431372549211, 0.5999999999999999778 ) ;
#3897 = CARTESIAN_POINT ( 'NONE',  ( 0.6000000000000000888, -0.1499999999999999389, 0.2499999999999998335 ) ) ;
#3898 = SURFACE_STYLE_USAGE ( .BOTH. , #1238 ) ;
#3899 = DIRECTION ( 'NONE',  ( 0.000000000000000000, 0.000000000000000000, 1.000000000000000000 ) ) ;
#3900 = PLANE ( 'NONE',  #6906 ) ;
#3901 = CARTESIAN_POINT ( 'NONE',  ( 1.380000000000000115, 0.1700000000000000122, -0.1499999999999999944 ) ) ;
#3902 = PRESENTATION_LAYER_ASSIGNMENT (  '', '', ( #2207 ) ) ;
#3903 = ORIENTED_EDGE ( 'NONE', *, *, #4652, .T. ) ;
#3904 = CARTESIAN_POINT ( 'NONE',  ( 1.000000000000000000, 0.1500000000000000222, -0.06916666666666672347 ) ) ;
#3905 = SURFACE_STYLE_FILL_AREA ( #1143 ) ;
#3906 = STYLED_ITEM ( 'NONE', ( #3857 ), #3438 ) ;
#3907 = DIRECTION ( 'NONE',  ( 1.000000000000000000, 0.000000000000000000, -0.000000000000000000 ) ) ;
#3908 = DIRECTION ( 'NONE',  ( -1.000000000000000000, 0.000000000000000000, -0.000000000000000000 ) ) ;
#3909 = DIRECTION ( 'NONE',  ( 0.000000000000000000, 0.000000000000000000, 1.000000000000000000 ) ) ;
#3910 = CARTESIAN_POINT ( 'NONE',  ( 1.000000000000000000, 0.1500000000000008271, -0.2794999999999999707 ) ) ;
#3911 = MECHANICAL_DESIGN_GEOMETRIC_PRESENTATION_REPRESENTATION (  '', ( #4639 ), #6085 ) ;
#3912 =( NAMED_UNIT ( * ) SI_UNIT ( $, .STERADIAN. ) SOLID_ANGLE_UNIT ( ) );
#3913 = EDGE_LOOP ( 'NONE', ( #3595, #4054, #8689, #6647 ) ) ;
#3914 = LINE ( 'NONE', #5278, #3318 ) ;
#3915 = ORIENTED_EDGE ( 'NONE', *, *, #3985, .T. ) ;
#3916 = CARTESIAN_POINT ( 'NONE',  ( 0.9700000000000000844, 0.1500000000000008271, -0.1499999999999999944 ) ) ;
#3917 =( NAMED_UNIT ( * ) SI_UNIT ( $, .STERADIAN. ) SOLID_ANGLE_UNIT ( ) );
#3918 = DIRECTION ( 'NONE',  ( 1.000000000000000000, 0.000000000000000000, 0.000000000000000000 ) ) ;
#3919 = CARTESIAN_POINT ( 'NONE',  ( 0.000000000000000000, -0.1499999999999999389, 0.2499999999999998335 ) ) ;
#3920 = EDGE_CURVE ( 'NONE', #8828, #7981, #3667, .T. ) ;
#3921 = EDGE_CURVE ( 'NONE', #1544, #4824, #1621, .T. ) ;
#3922 = SURFACE_STYLE_USAGE ( .BOTH. , #4833 ) ;
#3923 = DIRECTION ( 'NONE',  ( 0.000000000000000000, 0.000000000000000000, 1.000000000000000000 ) ) ;
#3924 = VERTEX_POINT ( 'NONE', #278 ) ;
#3925 = DIRECTION ( 'NONE',  ( -0.000000000000000000, 1.000000000000000000, -0.000000000000000000 ) ) ;
#3926 = VERTEX_POINT ( 'NONE', #6312 ) ;
#3927 = FACE_OUTER_BOUND ( 'NONE', #7003, .T. ) ;
#3928 = PRESENTATION_STYLE_ASSIGNMENT (( #1227 ) ) ;
#3929 = EDGE_CURVE ( 'NONE', #5642, #8828, #191, .T. ) ;
#3930 = PRESENTATION_STYLE_ASSIGNMENT (( #5972 ) ) ;
#3931 = MECHANICAL_DESIGN_GEOMETRIC_PRESENTATION_REPRESENTATION (  '', ( #953 ), #5390 ) ;
#3932 = CARTESIAN_POINT ( 'NONE',  ( 0.8299999999999999600, -0.1700000000000000400, -0.1499999999999999944 ) ) ;
#3933 = ORIENTED_EDGE ( 'NONE', *, *, #8032, .T. ) ;
#3934 = EDGE_CURVE ( 'NONE', #5131, #5496, #7080, .T. ) ;
#3935 = LINE ( 'NONE', #8838, #3475 ) ;
#3936 = ORIENTED_EDGE ( 'NONE', *, *, #8764, .F. ) ;
#3937 = ORIENTED_EDGE ( 'NONE', *, *, #5539, .F. ) ;
#3938 = PRESENTATION_LAYER_ASSIGNMENT (  '', '', ( #3370 ) ) ;
#3939 = CARTESIAN_POINT ( 'NONE',  ( 0.6000000000000000888, 0.1499999999999999667, 0.2499999999999998335 ) ) ;
#3940 = VECTOR ( 'NONE', #5075, 1000.000000000000000 ) ;
#3941 = FACE_OUTER_BOUND ( 'NONE', #7298, .T. ) ;
#3942 = CARTESIAN_POINT ( 'NONE',  ( 0.9700000000000000844, -0.1700000000000000400, -0.1499999999999999944 ) ) ;
#3943 = VECTOR ( 'NONE', #2246, 1000.000000000000000 ) ;
#3944 = SURFACE_STYLE_USAGE ( .BOTH. , #1239 ) ;
#3945 = PRESENTATION_LAYER_ASSIGNMENT (  '', '', ( #4816 ) ) ;
#3946 = FILL_AREA_STYLE ('',( #6701 ) ) ;
#3947 = CARTESIAN_POINT ( 'NONE',  ( 0.000000000000000000, -0.1499999999999999389, 0.1499999999999999944 ) ) ;
#3948 = EDGE_LOOP ( 'NONE', ( #844, #7300, #594, #710, #8525, #7166, #8809, #1243 ) ) ;
#3949 = ORIENTED_EDGE ( 'NONE', *, *, #8609, .T. ) ;
#3950 = UNCERTAINTY_MEASURE_WITH_UNIT (LENGTH_MEASURE( 1.000000000000000082E-05 ), #5565, 'distance_accuracy_value', 'NONE');
#3951 = LINE ( 'NONE', #470, #3731 ) ;
#3952 = DIRECTION ( 'NONE',  ( 0.000000000000000000, 0.000000000000000000, -1.000000000000000000 ) ) ;
#3953 = VECTOR ( 'NONE', #8350, 1000.000000000000000 ) ;
#3954 = CARTESIAN_POINT ( 'NONE',  ( 1.200000000000000178, 0.1700000000000000122, -0.06916666666666672347 ) ) ;
#3955 = DIRECTION ( 'NONE',  ( 0.9999117680798007557, 0.000000000000000000, 0.01328367628057065992 ) ) ;
#3956 = CARTESIAN_POINT ( 'NONE',  ( 0.6000000000000000888, -0.1500000000000000500, -0.1499999999999999944 ) ) ;
#3957 = MECHANICAL_DESIGN_GEOMETRIC_PRESENTATION_REPRESENTATION (  '', ( #8543 ), #2267 ) ;
#3958 = LINE ( 'NONE', #3998, #3270 ) ;
#3959 = LINE ( 'NONE', #1205, #1342 ) ;
#3960 = ORIENTED_EDGE ( 'NONE', *, *, #3108, .T. ) ;
#3961 = LINE ( 'NONE', #6715, #4096 ) ;
#3962 = SURFACE_STYLE_FILL_AREA ( #7962 ) ;
#3963 = VERTEX_POINT ( 'NONE', #956 ) ;
#3964 = DIRECTION ( 'NONE',  ( -0.000000000000000000, 1.000000000000000000, -0.000000000000000000 ) ) ;
#3965 = FILL_AREA_STYLE ('',( #8634 ) ) ;
#3966 = FILL_AREA_STYLE_COLOUR ( '', #2628 ) ;
#3967 = FACE_OUTER_BOUND ( 'NONE', #6296, .T. ) ;
#3968 = ORIENTED_EDGE ( 'NONE', *, *, #3226, .T. ) ;
#3969 = FACE_OUTER_BOUND ( 'NONE', #6224, .T. ) ;
#3970 = AXIS2_PLACEMENT_3D ( 'NONE', #7248, #913, #957 ) ;
#3971 = ORIENTED_EDGE ( 'NONE', *, *, #1429, .T. ) ;
#3972 = SURFACE_STYLE_USAGE ( .BOTH. , #5423 ) ;
#3973 = EDGE_CURVE ( 'NONE', #4814, #1764, #6267, .T. ) ;
#3974 = CARTESIAN_POINT ( 'NONE',  ( 0.2000000000000000111, 0.1499999999999999667, 0.06916666666666672347 ) ) ;
#3975 =( LENGTH_UNIT ( ) NAMED_UNIT ( * ) SI_UNIT ( .MILLI., .METRE. ) );
#3976 = DIRECTION ( 'NONE',  ( -0.000000000000000000, 1.000000000000000000, -0.000000000000000000 ) ) ;
#3977 = PLANE ( 'NONE',  #2931 ) ;
#3978 = LINE ( 'NONE', #7437, #3474 ) ;
#3979 = ORIENTED_EDGE ( 'NONE', *, *, #3863, .T. ) ;
#3980 = CARTESIAN_POINT ( 'NONE',  ( 0.1700000000000000122, -0.1500000000000008271, 0.2499999999999998335 ) ) ;
#3981 = VERTEX_POINT ( 'NONE', #6407 ) ;
#3982 = ORIENTED_EDGE ( 'NONE', *, *, #6006, .T. ) ;
#3983 = EDGE_CURVE ( 'NONE', #2298, #3510, #3001, .T. ) ;
#3984 = PLANE ( 'NONE',  #3514 ) ;
#3985 = EDGE_CURVE ( 'NONE', #7779, #2676, #2348, .T. ) ;
#3986 = MECHANICAL_DESIGN_GEOMETRIC_PRESENTATION_REPRESENTATION (  '', ( #4714 ), #6008 ) ;
#3987 = ADVANCED_FACE ( 'NONE', ( #4379 ), #8650, .F. ) ;
#3988 = LINE ( 'NONE', #8077, #1795 ) ;
#3989 = DIRECTION ( 'NONE',  ( 1.000000000000000000, 0.000000000000000000, 0.000000000000000000 ) ) ;
#3990 =( NAMED_UNIT ( * ) PLANE_ANGLE_UNIT ( ) SI_UNIT ( $, .RADIAN. ) );
#3991 = DIRECTION ( 'NONE',  ( 0.000000000000000000, 0.000000000000000000, 1.000000000000000000 ) ) ;
#3992 = ORIENTED_EDGE ( 'NONE', *, *, #8863, .T. ) ;
#3993 = ORIENTED_EDGE ( 'NONE', *, *, #8378, .T. ) ;
#3994 = PLANE ( 'NONE',  #36 ) ;
#3995 = SURFACE_STYLE_FILL_AREA ( #1298 ) ;
#3996 = ADVANCED_FACE ( 'NONE', ( #5874 ), #1762, .F. ) ;
#3997 = ADVANCED_FACE ( 'NONE', ( #8598 ), #6547, .F. ) ;
#3998 = CARTESIAN_POINT ( 'NONE',  ( 1.200000000000000178, 0.1500000000000000222, -0.2799999999999999711 ) ) ;
#3999 = DIRECTION ( 'NONE',  ( -1.000000000000000000, -0.000000000000000000, -0.000000000000000000 ) ) ;
#4000 = ORIENTED_EDGE ( 'NONE', *, *, #8363, .F. ) ;
#4001 =( NAMED_UNIT ( * ) PLANE_ANGLE_UNIT ( ) SI_UNIT ( $, .RADIAN. ) );
#4002 = CARTESIAN_POINT ( 'NONE',  ( 0.8286715151571744098, -0.1500000000000008271, -0.2499999999999998890 ) ) ;
#4003 =( NAMED_UNIT ( * ) SI_UNIT ( $, .STERADIAN. ) SOLID_ANGLE_UNIT ( ) );
#4004 = DIRECTION ( 'NONE',  ( -1.000000000000000000, 0.000000000000000000, 0.000000000000000000 ) ) ;
#4005 = DIRECTION ( 'NONE',  ( -0.000000000000000000, 1.000000000000000000, -0.000000000000000000 ) ) ;
#4006 = ORIENTED_EDGE ( 'NONE', *, *, #6797, .T. ) ;
#4007 = DIRECTION ( 'NONE',  ( -0.000000000000000000, -1.000000000000000000, -0.000000000000000000 ) ) ;
#4008 = ORIENTED_EDGE ( 'NONE', *, *, #8576, .F. ) ;
#4009 = CARTESIAN_POINT ( 'NONE',  ( 2.168404344971008868E-16, -0.1500000000000008271, 0.2499999999999998890 ) ) ;
#4010 = CARTESIAN_POINT ( 'NONE',  ( 1.230000000000000204, -0.1700000000000000400, -0.1499999999999999944 ) ) ;
#4011 =( GEOMETRIC_REPRESENTATION_CONTEXT ( 3 ) GLOBAL_UNCERTAINTY_ASSIGNED_CONTEXT ( ( #1994 ) ) GLOBAL_UNIT_ASSIGNED_CONTEXT ( ( #4617, #7884, #3135 ) ) REPRESENTATION_CONTEXT ( 'NONE', 'WORKASPACE' ) );
#4012 = FILL_AREA_STYLE_COLOUR ( '', #1917 ) ;
#4013 = CARTESIAN_POINT ( 'NONE',  ( 0.9700000000000000844, -0.1699999999999999289, 0.1499999999999999944 ) ) ;
#4014 = VECTOR ( 'NONE', #1203, 1000.000000000000000 ) ;
#4015 = DIRECTION ( 'NONE',  ( 0.01328367628057065992, 0.000000000000000000, 0.9999117680798007557 ) ) ;
#4016 = ORIENTED_EDGE ( 'NONE', *, *, #3335, .T. ) ;
#4017 = SURFACE_STYLE_USAGE ( .BOTH. , #3315 ) ;
#4018 = VERTEX_POINT ( 'NONE', #6646 ) ;
#4019 = VECTOR ( 'NONE', #398, 1000.000000000000000 ) ;
#4020 = EDGE_LOOP ( 'NONE', ( #7061, #6703, #4068, #3092 ) ) ;
#4021 = AXIS2_PLACEMENT_3D ( 'NONE', #151, #6279, #7000 ) ;
#4022 = VECTOR ( 'NONE', #5111, 1000.000000000000000 ) ;
#4023 = VECTOR ( 'NONE', #1835, 1000.000000000000000 ) ;
#4024 = CARTESIAN_POINT ( 'NONE',  ( 0.8000000000000000444, 0.000000000000000000, -0.2499999999999998890 ) ) ;
#4025 = VECTOR ( 'NONE', #8272, 1000.000000000000000 ) ;
#4026 = LINE ( 'NONE', #6112, #4152 ) ;
#4027 = UNCERTAINTY_MEASURE_WITH_UNIT (LENGTH_MEASURE( 1.000000000000000082E-05 ), #8060, 'distance_accuracy_value', 'NONE');
#4028 =( NAMED_UNIT ( * ) SI_UNIT ( $, .STERADIAN. ) SOLID_ANGLE_UNIT ( ) );
#4029 = ADVANCED_FACE ( 'NONE', ( #6590 ), #451, .F. ) ;
#4030 = EDGE_CURVE ( 'NONE', #5997, #6344, #4662, .T. ) ;
#4031 = ADVANCED_FACE ( 'NONE', ( #8195 ), #5429, .F. ) ;
#4032 = PRESENTATION_LAYER_ASSIGNMENT (  '', '', ( #3330 ) ) ;
#4033 = ORIENTED_EDGE ( 'NONE', *, *, #63, .F. ) ;
#4034 = ORIENTED_EDGE ( 'NONE', *, *, #7611, .F. ) ;
#4035 = FACE_OUTER_BOUND ( 'NONE', #8279, .T. ) ;
#4036 = VECTOR ( 'NONE', #550, 1000.000000000000000 ) ;
#4037 = FACE_OUTER_BOUND ( 'NONE', #5259, .T. ) ;
#4038 = FILL_AREA_STYLE_COLOUR ( '', #4748 ) ;
#4039 = EDGE_CURVE ( 'NONE', #534, #6927, #7484, .T. ) ;
#4040 = CARTESIAN_POINT ( 'NONE',  ( 1.380000000000000115, 0.1500000000000008271, 0.06916666666666670960 ) ) ;
#4041 = DIRECTION ( 'NONE',  ( 0.000000000000000000, -1.000000000000000000, -1.594414959537506680E-16 ) ) ;
#4042 = VERTEX_POINT ( 'NONE', #3358 ) ;
#4043 = EDGE_CURVE ( 'NONE', #4018, #6966, #4062, .T. ) ;
#4044 = FILL_AREA_STYLE ('',( #5412 ) ) ;
#4045 = CARTESIAN_POINT ( 'NONE',  ( 1.400000000000000133, 0.1699999999999999567, 0.06916666666666672347 ) ) ;
#4046 = DIRECTION ( 'NONE',  ( -1.000000000000000000, -0.000000000000000000, -0.000000000000000000 ) ) ;
#4047 = DIRECTION ( 'NONE',  ( 1.000000000000000000, 0.000000000000000000, 0.000000000000000000 ) ) ;
#4048 = FILL_AREA_STYLE ('',( #8773 ) ) ;
#4049 = FACE_OUTER_BOUND ( 'NONE', #1707, .T. ) ;
#4050 = DIRECTION ( 'NONE',  ( 0.000000000000000000, -1.807003620809174139E-16, -1.000000000000000000 ) ) ;
#4051 = DIRECTION ( 'NONE',  ( 0.000000000000000000, 1.000000000000000000, 0.000000000000000000 ) ) ;
#4052 = CARTESIAN_POINT ( 'NONE',  ( 0.4300000000000000488, -19.83000000000000185, 0.2499999999999998335 ) ) ;
#4053 = UNCERTAINTY_MEASURE_WITH_UNIT (LENGTH_MEASURE( 1.000000000000000082E-05 ), #4686, 'distance_accuracy_value', 'NONE');
#4054 = ORIENTED_EDGE ( 'NONE', *, *, #8472, .F. ) ;
#4055 =( NAMED_UNIT ( * ) PLANE_ANGLE_UNIT ( ) SI_UNIT ( $, .RADIAN. ) );
#4056 = VERTEX_POINT ( 'NONE', #2119 ) ;
#4057 =( GEOMETRIC_REPRESENTATION_CONTEXT ( 3 ) GLOBAL_UNCERTAINTY_ASSIGNED_CONTEXT ( ( #4758 ) ) GLOBAL_UNIT_ASSIGNED_CONTEXT ( ( #370, #8564, #5218 ) ) REPRESENTATION_CONTEXT ( 'NONE', 'WORKASPACE' ) );
#4058 = CARTESIAN_POINT ( 'NONE',  ( 0.04999999999999999584, -19.83000000000000185, 0.2499999999999998335 ) ) ;
#4059 = DIRECTION ( 'NONE',  ( 0.000000000000000000, 1.000000000000000000, 0.000000000000000000 ) ) ;
#4060 = SURFACE_SIDE_STYLE ('',( #1314 ) ) ;
#4061 = CARTESIAN_POINT ( 'NONE',  ( 0.5699999999999999512, -0.1700000000000000400, -0.1499999999999999944 ) ) ;
#4062 = LINE ( 'NONE', #676, #8013 ) ;
#4063 = VECTOR ( 'NONE', #3323, 1000.000000000000000 ) ;
#4064 = SURFACE_STYLE_FILL_AREA ( #5391 ) ;
#4065 = ORIENTED_EDGE ( 'NONE', *, *, #3934, .T. ) ;
#4066 = ORIENTED_EDGE ( 'NONE', *, *, #2158, .T. ) ;
#4067 = PRESENTATION_LAYER_ASSIGNMENT (  '', '', ( #1799 ) ) ;
#4068 = ORIENTED_EDGE ( 'NONE', *, *, #4043, .F. ) ;
#4069 = VECTOR ( 'NONE', #4918, 1000.000000000000000 ) ;
#4070 = FACE_OUTER_BOUND ( 'NONE', #5516, .T. ) ;
#4071 = CARTESIAN_POINT ( 'NONE',  ( 1.045745846904192033, 0.1700000000000000122, -0.2499999999999998890 ) ) ;
#4072 =( NAMED_UNIT ( * ) SI_UNIT ( $, .STERADIAN. ) SOLID_ANGLE_UNIT ( ) );
#4073 =( GEOMETRIC_REPRESENTATION_CONTEXT ( 3 ) GLOBAL_UNCERTAINTY_ASSIGNED_CONTEXT ( ( #2797 ) ) GLOBAL_UNIT_ASSIGNED_CONTEXT ( ( #350, #5107, #258 ) ) REPRESENTATION_CONTEXT ( 'NONE', 'WORKASPACE' ) );
#4074 = DIRECTION ( 'NONE',  ( -0.000000000000000000, 1.000000000000000000, -0.000000000000000000 ) ) ;
#4075 = PRESENTATION_LAYER_ASSIGNMENT (  '', '', ( #5960 ) ) ;
#4076 = ORIENTED_EDGE ( 'NONE', *, *, #2640, .F. ) ;
#4077 = COLOUR_RGB ( '',0.1019607843137254888, 0.1019607843137254888, 0.1019607843137254888 ) ;
#4078 = VERTEX_POINT ( 'NONE', #7 ) ;
#4079 = LINE ( 'NONE', #4772, #3953 ) ;
#4080 =( NAMED_UNIT ( * ) PLANE_ANGLE_UNIT ( ) SI_UNIT ( $, .RADIAN. ) );
#4081 = ADVANCED_FACE ( 'NONE', ( #2740 ), #58, .F. ) ;
#4082 = ADVANCED_FACE ( 'NONE', ( #8286 ), #4189, .F. ) ;
#4083 = VECTOR ( 'NONE', #7134, 1000.000000000000000 ) ;
#4084 = SURFACE_STYLE_USAGE ( .BOTH. , #7545 ) ;
#4085 = PRESENTATION_LAYER_ASSIGNMENT (  '', '', ( #5811 ) ) ;
#4086 = CARTESIAN_POINT ( 'NONE',  ( 0.9700000000000000844, 0.1500000000000008271, -0.2499999999999998890 ) ) ;
#4087 = LINE ( 'NONE', #1385, #6469 ) ;
#4088 = FILL_AREA_STYLE_COLOUR ( '', #8284 ) ;
#4089 = ORIENTED_EDGE ( 'NONE', *, *, #1285, .T. ) ;
#4090 = PRESENTATION_LAYER_ASSIGNMENT (  '', '', ( #4372 ) ) ;
#4091 = FILL_AREA_STYLE_COLOUR ( '', #525 ) ;
#4092 =( GEOMETRIC_REPRESENTATION_CONTEXT ( 3 ) GLOBAL_UNCERTAINTY_ASSIGNED_CONTEXT ( ( #5741 ) ) GLOBAL_UNIT_ASSIGNED_CONTEXT ( ( #6498, #1619, #2347 ) ) REPRESENTATION_CONTEXT ( 'NONE', 'WORKASPACE' ) );
#4093 = ORIENTED_EDGE ( 'NONE', *, *, #6079, .T. ) ;
#4094 = EDGE_CURVE ( 'NONE', #8276, #5214, #6598, .T. ) ;
#4095 = SURFACE_SIDE_STYLE ('',( #3603 ) ) ;
#4096 = VECTOR ( 'NONE', #8768, 1000.000000000000000 ) ;
#4097 = EDGE_CURVE ( 'NONE', #7612, #3489, #5881, .T. ) ;
#4098 = PRESENTATION_STYLE_ASSIGNMENT (( #5626 ) ) ;
#4099 = ORIENTED_EDGE ( 'NONE', *, *, #7397, .T. ) ;
#4100 = SURFACE_STYLE_USAGE ( .BOTH. , #751 ) ;
#4101 = VERTEX_POINT ( 'NONE', #3142 ) ;
#4102 = SURFACE_STYLE_FILL_AREA ( #6174 ) ;
#4103 = DIRECTION ( 'NONE',  ( -0.000000000000000000, 1.000000000000000000, -0.000000000000000000 ) ) ;
#4104 = MECHANICAL_DESIGN_GEOMETRIC_PRESENTATION_REPRESENTATION (  '', ( #7982 ), #4839 ) ;
#4105 = CARTESIAN_POINT ( 'NONE',  ( 1.000000000000000000, 0.1500000000000008271, -0.2499999999999998890 ) ) ;
#4106 = EDGE_LOOP ( 'NONE', ( #4861, #7037, #1126, #5009 ) ) ;
#4107 = VERTEX_POINT ( 'NONE', #8658 ) ;
#4108 = UNCERTAINTY_MEASURE_WITH_UNIT (LENGTH_MEASURE( 1.000000000000000082E-05 ), #650, 'distance_accuracy_value', 'NONE');
#4109 = LINE ( 'NONE', #8158, #1663 ) ;
#4110 = MECHANICAL_DESIGN_GEOMETRIC_PRESENTATION_REPRESENTATION (  '', ( #8130 ), #1559 ) ;
#4111 = CARTESIAN_POINT ( 'NONE',  ( 0.2000000000000000111, -0.1699999999999999289, 0.1499999999999999944 ) ) ;
#4112 = UNCERTAINTY_MEASURE_WITH_UNIT (LENGTH_MEASURE( 1.000000000000000082E-05 ), #8144, 'distance_accuracy_value', 'NONE');
#4113 = DIRECTION ( 'NONE',  ( 0.9999117680798007557, 0.000000000000000000, 0.01328367628056957572 ) ) ;
#4114 = CARTESIAN_POINT ( 'NONE',  ( 1.230000000000000204, -0.1500000000000008271, -0.1499999999999999944 ) ) ;
#4115 = VERTEX_POINT ( 'NONE', #3098 ) ;
#4116 = PRESENTATION_LAYER_ASSIGNMENT (  '', '', ( #7277 ) ) ;
#4117 = ORIENTED_EDGE ( 'NONE', *, *, #64, .T. ) ;
#4118 = PRESENTATION_LAYER_ASSIGNMENT (  '', '', ( #5289 ) ) ;
#4119 = CARTESIAN_POINT ( 'NONE',  ( 0.5699999999999999512, -0.1500000000000000500, -0.1499999999999999944 ) ) ;
#4120 =( LENGTH_UNIT ( ) NAMED_UNIT ( * ) SI_UNIT ( .MILLI., .METRE. ) );
#4121 = FILL_AREA_STYLE_COLOUR ( '', #1466 ) ;
#4122 = ORIENTED_EDGE ( 'NONE', *, *, #6739, .T. ) ;
#4123 = CARTESIAN_POINT ( 'NONE',  ( 0.6000000000000000888, 0.000000000000000000, 0.000000000000000000 ) ) ;
#4124 = LINE ( 'NONE', #4171, #5969 ) ;
#4125 = VERTEX_POINT ( 'NONE', #3897 ) ;
#4126 = FILL_AREA_STYLE_COLOUR ( '', #7874 ) ;
#4127 = SURFACE_STYLE_USAGE ( .BOTH. , #7514 ) ;
#4128 = SURFACE_SIDE_STYLE ('',( #1435 ) ) ;
#4129 =( NAMED_UNIT ( * ) PLANE_ANGLE_UNIT ( ) SI_UNIT ( $, .RADIAN. ) );
#4130 = EDGE_CURVE ( 'NONE', #8828, #8276, #5264, .T. ) ;
#4131 = EDGE_CURVE ( 'NONE', #7014, #6513, #4538, .T. ) ;
#4132 = UNCERTAINTY_MEASURE_WITH_UNIT (LENGTH_MEASURE( 1.000000000000000082E-05 ), #8141, 'distance_accuracy_value', 'NONE');
#4133 = EDGE_CURVE ( 'NONE', #5997, #8856, #1097, .T. ) ;
#4134 = ORIENTED_EDGE ( 'NONE', *, *, #8812, .F. ) ;
#4135 = SURFACE_STYLE_FILL_AREA ( #2064 ) ;
#4136 = MECHANICAL_DESIGN_GEOMETRIC_PRESENTATION_REPRESENTATION (  '', ( #456 ), #1470 ) ;
#4137 = ORIENTED_EDGE ( 'NONE', *, *, #3823, .T. ) ;
#4138 = SURFACE_STYLE_USAGE ( .BOTH. , #2203 ) ;
#4139 =( LENGTH_UNIT ( ) NAMED_UNIT ( * ) SI_UNIT ( .MILLI., .METRE. ) );
#4140 = CARTESIAN_POINT ( 'NONE',  ( 1.350000000000000089, 0.1700000000000000122, -0.2499999999999998890 ) ) ;
#4141 = VECTOR ( 'NONE', #6382, 1000.000000000000000 ) ;
#4142 = PLANE ( 'NONE',  #1030 ) ;
#4143 =( NAMED_UNIT ( * ) PLANE_ANGLE_UNIT ( ) SI_UNIT ( $, .RADIAN. ) );
#4144 = DIRECTION ( 'NONE',  ( 0.000000000000000000, 0.000000000000000000, 1.000000000000000000 ) ) ;
#4145 = CARTESIAN_POINT ( 'NONE',  ( 0.000000000000000000, 0.000000000000000000, 0.000000000000000000 ) ) ;
#4146 = VERTEX_POINT ( 'NONE', #4578 ) ;
#4147 = VECTOR ( 'NONE', #1571, 1000.000000000000000 ) ;
#4148 = EDGE_CURVE ( 'NONE', #4950, #7823, #7303, .T. ) ;
#4149 = EDGE_LOOP ( 'NONE', ( #4420, #2133, #7888, #2200, #1310, #7919, #5879, #2780 ) ) ;
#4150 = DIRECTION ( 'NONE',  ( 0.000000000000000000, -1.000000000000000000, 0.000000000000000000 ) ) ;
#4151 = ADVANCED_FACE ( 'NONE', ( #3941 ), #6507, .T. ) ;
#4152 = VECTOR ( 'NONE', #6912, 1000.000000000000000 ) ;
#4153 = CARTESIAN_POINT ( 'NONE',  ( 0.9700000000000000844, 0.1500000000000000222, -0.06916666666666672347 ) ) ;
#4154 = STYLED_ITEM ( 'NONE', ( #6330 ), #2145 ) ;
#4155 = CARTESIAN_POINT ( 'NONE',  ( 0.4300000000000000488, 0.1499999999999999667, 0.06916666666666672347 ) ) ;
#4156 = CARTESIAN_POINT ( 'NONE',  ( 2.168404344971008868E-16, 0.1500000000000008271, 0.2795000000000000817 ) ) ;
#4157 = PRESENTATION_LAYER_ASSIGNMENT (  '', '', ( #8034 ) ) ;
#4158 = EDGE_LOOP ( 'NONE', ( #7162, #3272, #8574, #1599 ) ) ;
#4159 = UNCERTAINTY_MEASURE_WITH_UNIT (LENGTH_MEASURE( 1.000000000000000082E-05 ), #5010, 'distance_accuracy_value', 'NONE');
#4160 = MECHANICAL_DESIGN_GEOMETRIC_PRESENTATION_REPRESENTATION (  '', ( #5178 ), #1332 ) ;
#4161 = VERTEX_POINT ( 'NONE', #2499 ) ;
#4162 =( GEOMETRIC_REPRESENTATION_CONTEXT ( 3 ) GLOBAL_UNCERTAINTY_ASSIGNED_CONTEXT ( ( #689 ) ) GLOBAL_UNIT_ASSIGNED_CONTEXT ( ( #800, #1402, #6219 ) ) REPRESENTATION_CONTEXT ( 'NONE', 'WORKASPACE' ) );
#4163 = CARTESIAN_POINT ( 'NONE',  ( 0.9700000000000000844, -19.83000000000000185, -0.2499999999999998890 ) ) ;
#4164 = CARTESIAN_POINT ( 'NONE',  ( 2.168404344971008868E-16, -0.1500000000000008271, 0.2795000000000000817 ) ) ;
#4165 = VECTOR ( 'NONE', #2085, 1000.000000000000000 ) ;
#4166 = DIRECTION ( 'NONE',  ( -1.000000000000000000, -0.000000000000000000, -0.000000000000000000 ) ) ;
#4167 = VECTOR ( 'NONE', #5182, 1000.000000000000000 ) ;
#4168 = FILL_AREA_STYLE_COLOUR ( '', #5800 ) ;
#4169 = VERTEX_POINT ( 'NONE', #8563 ) ;
#4170 = CARTESIAN_POINT ( 'NONE',  ( 0.6000000000000000888, -0.1500000000000000500, -0.2799999999999999711 ) ) ;
#4171 = CARTESIAN_POINT ( 'NONE',  ( 1.380000000000000115, 0.1800000000000000488, 0.1499999999999999667 ) ) ;
#4172 = ORIENTED_EDGE ( 'NONE', *, *, #483, .F. ) ;
#4173 = COLOUR_RGB ( '',0.6470588235294117974, 0.6196078431372549211, 0.5999999999999999778 ) ;
#4174 = PRESENTATION_LAYER_ASSIGNMENT (  '', '', ( #6635 ) ) ;
#4175 = CARTESIAN_POINT ( 'NONE',  ( 0.1700000000000000122, -19.83000000000000185, 0.2499999999999998335 ) ) ;
#4176 = FILL_AREA_STYLE ('',( #8861 ) ) ;
#4177 = LINE ( 'NONE', #3604, #3128 ) ;
#4178 =( LENGTH_UNIT ( ) NAMED_UNIT ( * ) SI_UNIT ( .MILLI., .METRE. ) );
#4179 = ORIENTED_EDGE ( 'NONE', *, *, #8201, .T. ) ;
#4180 = SURFACE_SIDE_STYLE ('',( #4135 ) ) ;
#4181 = VERTEX_POINT ( 'NONE', #6697 ) ;
#4182 = CARTESIAN_POINT ( 'NONE',  ( 1.154254153095808144, 0.1700000000000000122, 0.2499999999999998335 ) ) ;
#4183 = VECTOR ( 'NONE', #3426, 1000.000000000000000 ) ;
#4184 = FILL_AREA_STYLE ('',( #8372 ) ) ;
#4185 = ADVANCED_FACE ( 'NONE', ( #396 ), #1653, .F. ) ;
#4186 = EDGE_CURVE ( 'NONE', #4711, #8506, #3161, .T. ) ;
#4187 = SURFACE_STYLE_FILL_AREA ( #7691 ) ;
#4188 =( LENGTH_UNIT ( ) NAMED_UNIT ( * ) SI_UNIT ( .MILLI., .METRE. ) );
#4189 = PLANE ( 'NONE',  #8178 ) ;
#4190 =( NAMED_UNIT ( * ) PLANE_ANGLE_UNIT ( ) SI_UNIT ( $, .RADIAN. ) );
#4191 = PRESENTATION_LAYER_ASSIGNMENT (  '', '', ( #8076 ) ) ;
#4192 = ORIENTED_EDGE ( 'NONE', *, *, #2640, .T. ) ;
#4193 = ORIENTED_EDGE ( 'NONE', *, *, #6023, .T. ) ;
#4194 = CARTESIAN_POINT ( 'NONE',  ( 0.6000000000000000888, -0.1500000000000008271, -0.2794999999999999707 ) ) ;
#4195 = DIRECTION ( 'NONE',  ( 0.000000000000000000, 1.000000000000000000, 0.000000000000000000 ) ) ;
#4196 = EDGE_CURVE ( 'NONE', #4056, #3068, #5715, .T. ) ;
#4197 = VECTOR ( 'NONE', #8121, 1000.000000000000000 ) ;
#4198 = FACE_OUTER_BOUND ( 'NONE', #1071, .T. ) ;
#4199 = DIRECTION ( 'NONE',  ( -1.000000000000000000, 0.000000000000000000, -0.000000000000000000 ) ) ;
#4200 = EDGE_CURVE ( 'NONE', #546, #6717, #1740, .T. ) ;
#4201 = DIRECTION ( 'NONE',  ( -0.000000000000000000, 1.000000000000000000, -0.000000000000000000 ) ) ;
#4202 = PRESENTATION_LAYER_ASSIGNMENT (  '', '', ( #946 ) ) ;
#4203 = ORIENTED_EDGE ( 'NONE', *, *, #7544, .T. ) ;
#4204 = ORIENTED_EDGE ( 'NONE', *, *, #447, .T. ) ;
#4205 = VECTOR ( 'NONE', #1513, 1000.000000000000000 ) ;
#4206 = LINE ( 'NONE', #4119, #4534 ) ;
#4207 = UNCERTAINTY_MEASURE_WITH_UNIT (LENGTH_MEASURE( 1.000000000000000082E-05 ), #1131, 'distance_accuracy_value', 'NONE');
#4208 =( NAMED_UNIT ( * ) SI_UNIT ( $, .STERADIAN. ) SOLID_ANGLE_UNIT ( ) );
#4209 = FILL_AREA_STYLE_COLOUR ( '', #6401 ) ;
#4210 = COLOUR_RGB ( '',0.6470588235294117974, 0.6196078431372549211, 0.5999999999999999778 ) ;
#4211 =( NAMED_UNIT ( * ) SI_UNIT ( $, .STERADIAN. ) SOLID_ANGLE_UNIT ( ) );
#4212 = ORIENTED_EDGE ( 'NONE', *, *, #4655, .T. ) ;
#4213 = FILL_AREA_STYLE_COLOUR ( '', #2469 ) ;
#4214 = VECTOR ( 'NONE', #7551, 1000.000000000000000 ) ;
#4215 = CARTESIAN_POINT ( 'NONE',  ( 1.400000000000000133, -0.1700000000000000122, -0.2499999999999998890 ) ) ;
#4216 =( NAMED_UNIT ( * ) SI_UNIT ( $, .STERADIAN. ) SOLID_ANGLE_UNIT ( ) );
#4217 = PRESENTATION_STYLE_ASSIGNMENT (( #1517 ) ) ;
#4218 = VECTOR ( 'NONE', #8830, 1000.000000000000000 ) ;
#4219 = VECTOR ( 'NONE', #692, 1000.000000000000000 ) ;
#4220 = CARTESIAN_POINT ( 'NONE',  ( 0.8299999999999999600, -19.83000000000000185, -0.2499999999999998890 ) ) ;
#4221 = EDGE_LOOP ( 'NONE', ( #7528, #4193, #6868, #1051 ) ) ;
#4222 = UNCERTAINTY_MEASURE_WITH_UNIT (LENGTH_MEASURE( 1.000000000000000082E-05 ), #5233, 'distance_accuracy_value', 'NONE');
#4223 = STYLED_ITEM ( 'NONE', ( #7206 ), #6993 ) ;
#4224 = VERTEX_POINT ( 'NONE', #4462 ) ;
#4225 = FILL_AREA_STYLE ('',( #1521 ) ) ;
#4226 = VERTEX_POINT ( 'NONE', #353 ) ;
#4227 = LINE ( 'NONE', #6297, #7320 ) ;
#4228 = PRESENTATION_LAYER_ASSIGNMENT (  '', '', ( #3103 ) ) ;
#4229 = CARTESIAN_POINT ( 'NONE',  ( 1.000000000000000000, 0.1500000000000000222, -0.2499999999999998890 ) ) ;
#4230 = DIRECTION ( 'NONE',  ( -1.000000000000000000, -0.000000000000000000, -0.000000000000000000 ) ) ;
#4231 = DIRECTION ( 'NONE',  ( 0.000000000000000000, -1.000000000000000000, 0.000000000000000000 ) ) ;
#4232 = LINE ( 'NONE', #6220, #2622 ) ;
#4233 = DIRECTION ( 'NONE',  ( -1.000000000000000000, 0.000000000000000000, 0.000000000000000000 ) ) ;
#4234 = DIRECTION ( 'NONE',  ( -0.000000000000000000, -0.000000000000000000, 1.000000000000000000 ) ) ;
#4235 = DIRECTION ( 'NONE',  ( 0.000000000000000000, 0.000000000000000000, 1.000000000000000000 ) ) ;
#4236 = ORIENTED_EDGE ( 'NONE', *, *, #341, .F. ) ;
#4237 = EDGE_CURVE ( 'NONE', #5069, #6282, #5814, .T. ) ;
#4238 = ORIENTED_EDGE ( 'NONE', *, *, #1475, .T. ) ;
#4239 = DIRECTION ( 'NONE',  ( -0.000000000000000000, 1.000000000000000000, -0.000000000000000000 ) ) ;
#4240 = DIRECTION ( 'NONE',  ( 1.000000000000000000, 0.000000000000000000, 0.000000000000000000 ) ) ;
#4241 = DIRECTION ( 'NONE',  ( 0.000000000000000000, -1.000000000000000000, 1.594414959537507173E-16 ) ) ;
#4242 = DIRECTION ( 'NONE',  ( 0.000000000000000000, 0.000000000000000000, 1.000000000000000000 ) ) ;
#4243 =( NAMED_UNIT ( * ) PLANE_ANGLE_UNIT ( ) SI_UNIT ( $, .RADIAN. ) );
#4244 = CARTESIAN_POINT ( 'NONE',  ( 0.8286715151571735216, -1.249999999999999112, 0.2499999999999998890 ) ) ;
#4245 = ORIENTED_EDGE ( 'NONE', *, *, #6345, .T. ) ;
#4246 = ORIENTED_EDGE ( 'NONE', *, *, #8544, .F. ) ;
#4247 = EDGE_CURVE ( 'NONE', #154, #519, #2988, .T. ) ;
#4248 = EDGE_CURVE ( 'NONE', #2834, #1764, #3694, .T. ) ;
#4249 = VERTEX_POINT ( 'NONE', #6535 ) ;
#4250 = STYLED_ITEM ( 'NONE', ( #5728 ), #5905 ) ;
#4251 = FILL_AREA_STYLE_COLOUR ( '', #1814 ) ;
#4252 = SURFACE_STYLE_FILL_AREA ( #3677 ) ;
#4253 = VECTOR ( 'NONE', #163, 1000.000000000000000 ) ;
#4254 = PRESENTATION_STYLE_ASSIGNMENT (( #3469 ) ) ;
#4255 = ORIENTED_EDGE ( 'NONE', *, *, #7789, .T. ) ;
#4256 =( NAMED_UNIT ( * ) SI_UNIT ( $, .STERADIAN. ) SOLID_ANGLE_UNIT ( ) );
#4257 = DIRECTION ( 'NONE',  ( 0.000000000000000000, 1.807003620809174139E-16, 1.000000000000000000 ) ) ;
#4258 = EDGE_CURVE ( 'NONE', #7886, #3736, #3123, .T. ) ;
#4259 = DIRECTION ( 'NONE',  ( 0.000000000000000000, 0.000000000000000000, -1.000000000000000000 ) ) ;
#4260 = CARTESIAN_POINT ( 'NONE',  ( 2.168404344971008868E-16, -0.1500000000000008271, -0.2499999999999999445 ) ) ;
#4261 = DIRECTION ( 'NONE',  ( -0.000000000000000000, -0.000000000000000000, 1.000000000000000000 ) ) ;
#4262 = FACE_OUTER_BOUND ( 'NONE', #2555, .T. ) ;
#4263 = LINE ( 'NONE', #7862, #2191 ) ;
#4264 = EDGE_LOOP ( 'NONE', ( #7084, #7980, #2632, #7936 ) ) ;
#4265 = ORIENTED_EDGE ( 'NONE', *, *, #5885, .T. ) ;
#4266 = EDGE_LOOP ( 'NONE', ( #3210, #7105, #2322, #146 ) ) ;
#4267 = CARTESIAN_POINT ( 'NONE',  ( 0.6000000000000000888, -0.1500000000000000500, -0.2499999999999998890 ) ) ;
#4268 = LINE ( 'NONE', #3528, #2816 ) ;
#4269 =( NAMED_UNIT ( * ) SI_UNIT ( $, .STERADIAN. ) SOLID_ANGLE_UNIT ( ) );
#4270 = CARTESIAN_POINT ( 'NONE',  ( 0.8286715151571735216, 0.1500000000000008271, 0.2499999999999998890 ) ) ;
#4271 = DIRECTION ( 'NONE',  ( 0.000000000000000000, -1.807003620809174139E-16, -1.000000000000000000 ) ) ;
#4272 = FACE_OUTER_BOUND ( 'NONE', #2065, .T. ) ;
#4273 = ORIENTED_EDGE ( 'NONE', *, *, #4975, .T. ) ;
#4274 = SURFACE_STYLE_USAGE ( .BOTH. , #7738 ) ;
#4275 = ORIENTED_EDGE ( 'NONE', *, *, #6147, .T. ) ;
#4276 = CARTESIAN_POINT ( 'NONE',  ( 0.2457458469041920723, -19.83000000000000185, 0.2499999999999998335 ) ) ;
#4277 = DIRECTION ( 'NONE',  ( -0.000000000000000000, 1.000000000000000000, -0.000000000000000000 ) ) ;
#4278 = VECTOR ( 'NONE', #6093, 1000.000000000000000 ) ;
#4279 = PLANE ( 'NONE',  #3189 ) ;
#4280 = CARTESIAN_POINT ( 'NONE',  ( 0.8299999999999999600, -0.1499999999999999389, 0.1499999999999999944 ) ) ;
#4281 =( NAMED_UNIT ( * ) SI_UNIT ( $, .STERADIAN. ) SOLID_ANGLE_UNIT ( ) );
#4282 = CARTESIAN_POINT ( 'NONE',  ( 0.1700000000000000122, 0.1700000000000000122, 0.2499999999999998335 ) ) ;
#4283 = COLOUR_RGB ( '',0.6470588235294117974, 0.6196078431372549211, 0.5999999999999999778 ) ;
#4284 = ORIENTED_EDGE ( 'NONE', *, *, #1399, .T. ) ;
#4285 =( NAMED_UNIT ( * ) PLANE_ANGLE_UNIT ( ) SI_UNIT ( $, .RADIAN. ) );
#4286 = VERTEX_POINT ( 'NONE', #5861 ) ;
#4287 = VECTOR ( 'NONE', #8844, 1000.000000000000000 ) ;
#4288 = ORIENTED_EDGE ( 'NONE', *, *, #6634, .T. ) ;
#4289 = SURFACE_SIDE_STYLE ('',( #4341 ) ) ;
#4290 = VECTOR ( 'NONE', #3775, 1000.000000000000000 ) ;
#4291 = UNCERTAINTY_MEASURE_WITH_UNIT (LENGTH_MEASURE( 1.000000000000000082E-05 ), #1776, 'distance_accuracy_value', 'NONE');
#4292 = EDGE_CURVE ( 'NONE', #5833, #4931, #6435, .T. ) ;
#4293 = ADVANCED_FACE ( 'NONE', ( #8582 ), #2470, .F. ) ;
#4295 = CARTESIAN_POINT ( 'NONE',  ( 1.000000000000000000, -0.1499999999999999389, 0.1499999999999999944 ) ) ;
#4294 = VECTOR ( 'NONE', #264, 1000.000000000000000 ) ;
#4296 =( LENGTH_UNIT ( ) NAMED_UNIT ( * ) SI_UNIT ( .MILLI., .METRE. ) );
#4297 = UNCERTAINTY_MEASURE_WITH_UNIT (LENGTH_MEASURE( 1.000000000000000082E-05 ), #6999, 'distance_accuracy_value', 'NONE');
#4298 = SURFACE_SIDE_STYLE ('',( #5618 ) ) ;
#4299 = MECHANICAL_DESIGN_GEOMETRIC_PRESENTATION_REPRESENTATION (  '', ( #2882 ), #593 ) ;
#4300 = VECTOR ( 'NONE', #2014, 1000.000000000000000 ) ;
#4301 = ORIENTED_EDGE ( 'NONE', *, *, #7104, .T. ) ;
#4302 = DIRECTION ( 'NONE',  ( -0.000000000000000000, 1.000000000000000000, -0.000000000000000000 ) ) ;
#4303 = COLOUR_RGB ( '',0.6470588235294117974, 0.6196078431372549211, 0.5999999999999999778 ) ;
#4304 =( LENGTH_UNIT ( ) NAMED_UNIT ( * ) SI_UNIT ( .MILLI., .METRE. ) );
#4305 = VECTOR ( 'NONE', #246, 1000.000000000000000 ) ;
#4306 = CARTESIAN_POINT ( 'NONE',  ( 1.400000000000000133, -0.1700000000000000400, -0.1499999999999999944 ) ) ;
#4307 = ADVANCED_FACE ( 'NONE', ( #6810 ), #1213, .F. ) ;
#4308 = MECHANICAL_DESIGN_GEOMETRIC_PRESENTATION_REPRESENTATION (  '', ( #8481 ), #1046 ) ;
#4309 = DIRECTION ( 'NONE',  ( -0.000000000000000000, -0.000000000000000000, 1.000000000000000000 ) ) ;
#4310 = FILL_AREA_STYLE_COLOUR ( '', #2768 ) ;
#4311 = LINE ( 'NONE', #6930, #8278 ) ;
#4312 = VECTOR ( 'NONE', #86, 1000.000000000000000 ) ;
#4313 = ADVANCED_FACE ( 'NONE', ( #2607 ), #1263, .F. ) ;
#4314 = CARTESIAN_POINT ( 'NONE',  ( 0.9700000000000000844, 0.1700000000000000122, -0.06916666666666670960 ) ) ;
#4315 = ORIENTED_EDGE ( 'NONE', *, *, #1589, .T. ) ;
#4316 = ORIENTED_EDGE ( 'NONE', *, *, #5752, .T. ) ;
#4317 = LINE ( 'NONE', #1073, #5184 ) ;
#4318 = VECTOR ( 'NONE', #5877, 1000.000000000000000 ) ;
#4319 = CARTESIAN_POINT ( 'NONE',  ( 0.5699999999999995071, 0.1500000000000008271, 0.2499999999999998890 ) ) ;
#4320 = ORIENTED_EDGE ( 'NONE', *, *, #4039, .F. ) ;
#4321 =( NAMED_UNIT ( * ) PLANE_ANGLE_UNIT ( ) SI_UNIT ( $, .RADIAN. ) );
#4322 = VECTOR ( 'NONE', #235, 1000.000000000000000 ) ;
#4323 = SURFACE_STYLE_FILL_AREA ( #4184 ) ;
#4324 = DIRECTION ( 'NONE',  ( -0.000000000000000000, 0.000000000000000000, -1.000000000000000000 ) ) ;
#4325 = DIRECTION ( 'NONE',  ( -0.000000000000000000, -0.000000000000000000, 1.000000000000000000 ) ) ;
#4326 = VECTOR ( 'NONE', #4465, 1000.000000000000000 ) ;
#4327 = ORIENTED_EDGE ( 'NONE', *, *, #2639, .F. ) ;
#4328 = EDGE_CURVE ( 'NONE', #1471, #2676, #1157, .T. ) ;
#4329 = EDGE_LOOP ( 'NONE', ( #247, #2818, #4930, #2072 ) ) ;
#4330 = VECTOR ( 'NONE', #4261, 1000.000000000000000 ) ;
#4331 = CARTESIAN_POINT ( 'NONE',  ( 0.1699999999999996791, 0.1500000000000008271, 0.2499999999999998890 ) ) ;
#4332 = LINE ( 'NONE', #8465, #2441 ) ;
#4333 = CARTESIAN_POINT ( 'NONE',  ( 1.200000000000000178, -0.1499999999999999389, 0.2799999999999999711 ) ) ;
#4334 = CARTESIAN_POINT ( 'NONE',  ( 1.400000000000000133, -0.1500000000000000500, -0.2799999999999999711 ) ) ;
#4335 = FILL_AREA_STYLE_COLOUR ( '', #1284 ) ;
#4336 = VECTOR ( 'NONE', #4820, 1000.000000000000000 ) ;
#4337 = DIRECTION ( 'NONE',  ( 1.000000000000000000, 0.000000000000000000, 0.000000000000000000 ) ) ;
#4338 = EDGE_LOOP ( 'NONE', ( #6844, #1269, #2514, #3827 ) ) ;
#4339 = EDGE_LOOP ( 'NONE', ( #3490, #7939, #3936, #2 ) ) ;
#4340 = VERTEX_POINT ( 'NONE', #4692 ) ;
#4341 = SURFACE_STYLE_FILL_AREA ( #7710 ) ;
#4342 =( GEOMETRIC_REPRESENTATION_CONTEXT ( 3 ) GLOBAL_UNCERTAINTY_ASSIGNED_CONTEXT ( ( #5090 ) ) GLOBAL_UNIT_ASSIGNED_CONTEXT ( ( #5013, #8457, #3076 ) ) REPRESENTATION_CONTEXT ( 'NONE', 'WORKASPACE' ) );
#4343 = FACE_OUTER_BOUND ( 'NONE', #6353, .T. ) ;
#4344 = DIRECTION ( 'NONE',  ( -1.000000000000000000, 0.000000000000000000, -0.000000000000000000 ) ) ;
#4345 = FACE_OUTER_BOUND ( 'NONE', #5476, .T. ) ;
#4346 = PRESENTATION_LAYER_ASSIGNMENT (  '', '', ( #5514 ) ) ;
#4347 = ORIENTED_EDGE ( 'NONE', *, *, #5658, .F. ) ;
#4348 = SURFACE_SIDE_STYLE ('',( #1681 ) ) ;
#4349 = EDGE_CURVE ( 'NONE', #7518, #2309, #8004, .T. ) ;
#4350 = UNCERTAINTY_MEASURE_WITH_UNIT (LENGTH_MEASURE( 1.000000000000000082E-05 ), #1084, 'distance_accuracy_value', 'NONE');
#4351 = LINE ( 'NONE', #2453, #4525 ) ;
#4352 =( NAMED_UNIT ( * ) PLANE_ANGLE_UNIT ( ) SI_UNIT ( $, .RADIAN. ) );
#4353 = CARTESIAN_POINT ( 'NONE',  ( 0.2000000000000000111, -0.1699999999999999289, 0.2499999999999998335 ) ) ;
#4354 =( GEOMETRIC_REPRESENTATION_CONTEXT ( 3 ) GLOBAL_UNCERTAINTY_ASSIGNED_CONTEXT ( ( #7169 ) ) GLOBAL_UNIT_ASSIGNED_CONTEXT ( ( #8026, #6745, #503 ) ) REPRESENTATION_CONTEXT ( 'NONE', 'WORKASPACE' ) );
#4355 = LINE ( 'NONE', #296, #8190 ) ;
#4356 = CARTESIAN_POINT ( 'NONE',  ( 0.2000000000000000111, -0.1700000000000000122, -0.2999999999999999889 ) ) ;
#4357 = DIRECTION ( 'NONE',  ( -0.000000000000000000, 1.807003620809174139E-16, -1.000000000000000000 ) ) ;
#4358 = ORIENTED_EDGE ( 'NONE', *, *, #8811, .F. ) ;
#4359 = MECHANICAL_DESIGN_GEOMETRIC_PRESENTATION_REPRESENTATION (  '', ( #8234 ), #5526 ) ;
#4360 = EDGE_LOOP ( 'NONE', ( #4093, #2489, #8432, #6605, #6973, #6850, #6007, #4315 ) ) ;
#4361 = EDGE_CURVE ( 'NONE', #7014, #1788, #8817, .T. ) ;
#4362 = FILL_AREA_STYLE_COLOUR ( '', #7434 ) ;
#4363 = VECTOR ( 'NONE', #2630, 1000.000000000000000 ) ;
#4364 = ORIENTED_EDGE ( 'NONE', *, *, #3661, .T. ) ;
#4365 = ADVANCED_FACE ( 'NONE', ( #7682 ), #4785, .T. ) ;
#4366 = SURFACE_STYLE_FILL_AREA ( #5112 ) ;
#4367 = VECTOR ( 'NONE', #1638, 1000.000000000000000 ) ;
#4368 = PRESENTATION_LAYER_ASSIGNMENT (  '', '', ( #2394 ) ) ;
#4369 = ORIENTED_EDGE ( 'NONE', *, *, #6947, .T. ) ;
#4370 = CARTESIAN_POINT ( 'NONE',  ( 0.1700000000000000122, -0.1699999999999999289, 0.1499999999999999944 ) ) ;
#4371 = ORIENTED_EDGE ( 'NONE', *, *, #7004, .T. ) ;
#4372 = STYLED_ITEM ( 'NONE', ( #7366 ), #662 ) ;
#4373 = FILL_AREA_STYLE_COLOUR ( '', #851 ) ;
#4374 = VECTOR ( 'NONE', #858, 1000.000000000000000 ) ;
#4375 = EDGE_CURVE ( 'NONE', #2828, #3276, #37, .T. ) ;
#4376 = CARTESIAN_POINT ( 'NONE',  ( 0.8299999999999999600, 0.1700000000000000122, 0.2499999999999998335 ) ) ;
#4377 = DIRECTION ( 'NONE',  ( -0.000000000000000000, 1.000000000000000000, 9.035018104045873159E-17 ) ) ;
#4378 = VECTOR ( 'NONE', #4731, 1000.000000000000000 ) ;
#4379 = FACE_OUTER_BOUND ( 'NONE', #4653, .T. ) ;
#4380 = PRESENTATION_STYLE_ASSIGNMENT (( #4426 ) ) ;
#4381 = ORIENTED_EDGE ( 'NONE', *, *, #7987, .T. ) ;
#4382 = CARTESIAN_POINT ( 'NONE',  ( 0.2000000000000000111, 0.1500000000000000222, -0.06916666666666672347 ) ) ;
#4383 = ORIENTED_EDGE ( 'NONE', *, *, #8725, .T. ) ;
#4384 = EDGE_LOOP ( 'NONE', ( #4236, #1714, #1635, #7476 ) ) ;
#4385 = AXIS2_PLACEMENT_3D ( 'NONE', #8412, #130, #5714 ) ;
#4386 =( GEOMETRIC_REPRESENTATION_CONTEXT ( 3 ) GLOBAL_UNCERTAINTY_ASSIGNED_CONTEXT ( ( #5136 ) ) GLOBAL_UNIT_ASSIGNED_CONTEXT ( ( #5086, #4993, #7086 ) ) REPRESENTATION_CONTEXT ( 'NONE', 'WORKASPACE' ) );
#4387 = UNCERTAINTY_MEASURE_WITH_UNIT (LENGTH_MEASURE( 1.000000000000000082E-05 ), #3975, 'distance_accuracy_value', 'NONE');
#4388 = CARTESIAN_POINT ( 'NONE',  ( 0.4000000000000000222, -0.1500000000000000500, -0.2799999999999999711 ) ) ;
#4389 = DIRECTION ( 'NONE',  ( 0.000000000000000000, 0.000000000000000000, 1.000000000000000000 ) ) ;
#4390 = FACE_OUTER_BOUND ( 'NONE', #8395, .T. ) ;
#4391 = UNCERTAINTY_MEASURE_WITH_UNIT (LENGTH_MEASURE( 1.000000000000000082E-05 ), #1785, 'distance_accuracy_value', 'NONE');
#4392 = CARTESIAN_POINT ( 'NONE',  ( 0.1699999999999999012, 0.1500000000000008271, -0.2499999999999998890 ) ) ;
#4393 = ORIENTED_EDGE ( 'NONE', *, *, #1657, .T. ) ;
#4394 = VECTOR ( 'NONE', #8342, 1000.000000000000000 ) ;
#4395 =( NAMED_UNIT ( * ) PLANE_ANGLE_UNIT ( ) SI_UNIT ( $, .RADIAN. ) );
#4396 = CARTESIAN_POINT ( 'NONE',  ( 0.8286715151571744098, -1.249999999999999112, -0.2499999999999998890 ) ) ;
#4397 = LINE ( 'NONE', #6334, #7220 ) ;
#4398 = SURFACE_STYLE_USAGE ( .BOTH. , #3818 ) ;
#4399 = AXIS2_PLACEMENT_3D ( 'NONE', #1969, #5378, #6721 ) ;
#4400 = PLANE ( 'NONE',  #6925 ) ;
#4401 = SURFACE_STYLE_USAGE ( .BOTH. , #4447 ) ;
#4402 = DIRECTION ( 'NONE',  ( -1.000000000000000000, -0.000000000000000000, -0.000000000000000000 ) ) ;
#4403 = VERTEX_POINT ( 'NONE', #2190 ) ;
#4404 = ORIENTED_EDGE ( 'NONE', *, *, #587, .T. ) ;
#4405 = PLANE ( 'NONE',  #231 ) ;
#4406 = STYLED_ITEM ( 'NONE', ( #8808 ), #6277 ) ;
#4407 = FACE_OUTER_BOUND ( 'NONE', #8790, .T. ) ;
#4408 = ORIENTED_EDGE ( 'NONE', *, *, #3864, .T. ) ;
#4409 =( GEOMETRIC_REPRESENTATION_CONTEXT ( 3 ) GLOBAL_UNCERTAINTY_ASSIGNED_CONTEXT ( ( #6839 ) ) GLOBAL_UNIT_ASSIGNED_CONTEXT ( ( #3704, #993, #7837 ) ) REPRESENTATION_CONTEXT ( 'NONE', 'WORKASPACE' ) );
#4410 = FILL_AREA_STYLE_COLOUR ( '', #6895 ) ;
#4411 = FACE_OUTER_BOUND ( 'NONE', #6493, .T. ) ;
#4412 = CARTESIAN_POINT ( 'NONE',  ( 0.9700000000000000844, 0.1700000000000000122, 0.2499999999999998335 ) ) ;
#4413 = EDGE_CURVE ( 'NONE', #7596, #5851, #7635, .T. ) ;
#4414 = EDGE_CURVE ( 'NONE', #6186, #19, #7513, .T. ) ;
#4415 = ADVANCED_FACE ( 'NONE', ( #742 ), #8223, .F. ) ;
#4416 =( NAMED_UNIT ( * ) PLANE_ANGLE_UNIT ( ) SI_UNIT ( $, .RADIAN. ) );
#4417 =( GEOMETRIC_REPRESENTATION_CONTEXT ( 3 ) GLOBAL_UNCERTAINTY_ASSIGNED_CONTEXT ( ( #1289 ) ) GLOBAL_UNIT_ASSIGNED_CONTEXT ( ( #2984, #1118, #303 ) ) REPRESENTATION_CONTEXT ( 'NONE', 'WORKASPACE' ) );
#4418 = VERTEX_POINT ( 'NONE', #8314 ) ;
#4419 = CARTESIAN_POINT ( 'NONE',  ( 1.199999999999999289, 0.1500000000000008271, 0.2795000000000000262 ) ) ;
#4420 = ORIENTED_EDGE ( 'NONE', *, *, #938, .T. ) ;
#4421 = FACE_OUTER_BOUND ( 'NONE', #2244, .T. ) ;
#4422 = CARTESIAN_POINT ( 'NONE',  ( 0.8000000000000000444, 0.1699999999999999567, 0.06916666666666672347 ) ) ;
#4423 = SURFACE_STYLE_USAGE ( .BOTH. , #2440 ) ;
#4424 = EDGE_CURVE ( 'NONE', #526, #3681, #8358, .T. ) ;
#4425 = CARTESIAN_POINT ( 'NONE',  ( 1.350000000000000089, -19.83000000000000185, 0.2499999999999998335 ) ) ;
#4426 = SURFACE_STYLE_USAGE ( .BOTH. , #3710 ) ;
#4427 = EDGE_LOOP ( 'NONE', ( #7498, #3738, #3746, #307 ) ) ;
#4428 = EDGE_CURVE ( 'NONE', #8368, #1944, #3556, .T. ) ;
#4429 = CARTESIAN_POINT ( 'NONE',  ( 2.168404344971008868E-16, -0.1500000000000008271, -0.2795000000000000262 ) ) ;
#4430 = ORIENTED_EDGE ( 'NONE', *, *, #8590, .F. ) ;
#4431 = EDGE_LOOP ( 'NONE', ( #5291, #2802, #5822, #3714 ) ) ;
#4432 = STYLED_ITEM ( 'NONE', ( #8094 ), #4313 ) ;
#4433 =( LENGTH_UNIT ( ) NAMED_UNIT ( * ) SI_UNIT ( .MILLI., .METRE. ) );
#4434 = PRESENTATION_LAYER_ASSIGNMENT (  '', '', ( #8307 ) ) ;
#4435 =( NAMED_UNIT ( * ) SI_UNIT ( $, .STERADIAN. ) SOLID_ANGLE_UNIT ( ) );
#4436 = SURFACE_SIDE_STYLE ('',( #7896 ) ) ;
#4437 =( GEOMETRIC_REPRESENTATION_CONTEXT ( 3 ) GLOBAL_UNCERTAINTY_ASSIGNED_CONTEXT ( ( #1368 ) ) GLOBAL_UNIT_ASSIGNED_CONTEXT ( ( #3191, #6655, #8705 ) ) REPRESENTATION_CONTEXT ( 'NONE', 'WORKASPACE' ) );
#4438 = DIRECTION ( 'NONE',  ( 0.000000000000000000, 0.000000000000000000, -1.000000000000000000 ) ) ;
#4439 = EDGE_LOOP ( 'NONE', ( #357, #3207, #7925, #4065 ) ) ;
#4440 = COLOUR_RGB ( '',0.1019607843137254888, 0.1019607843137254888, 0.1019607843137254888 ) ;
#4441 = CARTESIAN_POINT ( 'NONE',  ( 0.4282040395975214575, -0.1500000000000008271, 0.2851886257624205445 ) ) ;
#4442 = CARTESIAN_POINT ( 'NONE',  ( 0.1700000000000000122, 0.1700000000000000122, 0.2499999999999998335 ) ) ;
#4443 = LINE ( 'NONE', #5226, #7807 ) ;
#4444 = FILL_AREA_STYLE_COLOUR ( '', #7586 ) ;
#4445 = LINE ( 'NONE', #295, #4330 ) ;
#4446 = VECTOR ( 'NONE', #4271, 1000.000000000000000 ) ;
#4447 = SURFACE_SIDE_STYLE ('',( #8622 ) ) ;
#4448 = VECTOR ( 'NONE', #3174, 1000.000000000000000 ) ;
#4449 = CARTESIAN_POINT ( 'NONE',  ( 0.8000000000000000444, -0.1699999999999999012, 0.2999999999999999889 ) ) ;
#4450 = CARTESIAN_POINT ( 'NONE',  ( 0.4000000000000000222, 0.1699999999999999567, 0.2999999999999999334 ) ) ;
#4451 = PLANE ( 'NONE',  #7902 ) ;
#4452 = EDGE_LOOP ( 'NONE', ( #6495, #5083, #2742, #690, #5280, #5568, #1716, #7439 ) ) ;
#4453 = VECTOR ( 'NONE', #1960, 1000.000000000000000 ) ;
#4454 = ORIENTED_EDGE ( 'NONE', *, *, #6959, .F. ) ;
#4455 = CARTESIAN_POINT ( 'NONE',  ( 0.2000000000000000111, 0.000000000000000000, 0.2499999999999998335 ) ) ;
#4456 = FILL_AREA_STYLE_COLOUR ( '', #7001 ) ;
#4457 = ORIENTED_EDGE ( 'NONE', *, *, #8647, .T. ) ;
#4458 = COLOUR_RGB ( '',0.6470588235294117974, 0.6196078431372549211, 0.5999999999999999778 ) ;
#4459 = FILL_AREA_STYLE ('',( #8581 ) ) ;
#4460 = MECHANICAL_DESIGN_GEOMETRIC_PRESENTATION_REPRESENTATION (  '', ( #603 ), #8331 ) ;
#4461 = VECTOR ( 'NONE', #3733, 1000.000000000000000 ) ;
#4462 = CARTESIAN_POINT ( 'NONE',  ( 0.8299999999999999600, 0.1700000000000000122, 0.2499999999999998335 ) ) ;
#4463 =( NAMED_UNIT ( * ) SI_UNIT ( $, .STERADIAN. ) SOLID_ANGLE_UNIT ( ) );
#4464 = FACE_OUTER_BOUND ( 'NONE', #566, .T. ) ;
#4465 = DIRECTION ( 'NONE',  ( -1.000000000000000000, 0.000000000000000000, 0.000000000000000000 ) ) ;
#4466 = VECTOR ( 'NONE', #1178, 1000.000000000000000 ) ;
#4467 = VERTEX_POINT ( 'NONE', #5797 ) ;
#4468 = DIRECTION ( 'NONE',  ( -1.000000000000000000, 0.000000000000000000, -0.000000000000000000 ) ) ;
#4469 = COLOUR_RGB ( '',0.1019607843137254888, 0.1019607843137254888, 0.1019607843137254888 ) ;
#4470 = VERTEX_POINT ( 'NONE', #2977 ) ;
#4471 = PLANE ( 'NONE',  #7467 ) ;
#4472 = EDGE_CURVE ( 'NONE', #2834, #6924, #3728, .T. ) ;
#4473 = EDGE_CURVE ( 'NONE', #4169, #1177, #5706, .T. ) ;
#4474 = DIRECTION ( 'NONE',  ( 0.000000000000000000, -1.000000000000000000, 0.000000000000000000 ) ) ;
#4475 = VECTOR ( 'NONE', #8379, 1000.000000000000000 ) ;
#4476 = SURFACE_STYLE_FILL_AREA ( #7155 ) ;
#4477 =( NAMED_UNIT ( * ) PLANE_ANGLE_UNIT ( ) SI_UNIT ( $, .RADIAN. ) );
#4478 = PRESENTATION_STYLE_ASSIGNMENT (( #8470 ) ) ;
#4479 = SURFACE_STYLE_USAGE ( .BOTH. , #1229 ) ;
#4480 = DIRECTION ( 'NONE',  ( 0.000000000000000000, 0.000000000000000000, 1.000000000000000000 ) ) ;
#4481 = ORIENTED_EDGE ( 'NONE', *, *, #888, .F. ) ;
#4482 = LINE ( 'NONE', #4382, #473 ) ;
#4483 = VERTEX_POINT ( 'NONE', #1110 ) ;
#4484 = ORIENTED_EDGE ( 'NONE', *, *, #529, .F. ) ;
#4485 = ADVANCED_FACE ( 'NONE', ( #7097 ), #1781, .F. ) ;
#4486 = CARTESIAN_POINT ( 'NONE',  ( 0.2000000000000000111, -0.1499999999999999389, 0.1499999999999999944 ) ) ;
#4487 = ADVANCED_FACE ( 'NONE', ( #2279 ), #381, .T. ) ;
#4488 = VECTOR ( 'NONE', #8534, 1000.000000000000000 ) ;
#4489 = DIRECTION ( 'NONE',  ( -1.000000000000000000, 0.000000000000000000, 0.000000000000000000 ) ) ;
#4490 = DIRECTION ( 'NONE',  ( -0.000000000000000000, 0.000000000000000000, 1.000000000000000000 ) ) ;
#4491 = PRESENTATION_STYLE_ASSIGNMENT (( #1774 ) ) ;
#4492 = DIRECTION ( 'NONE',  ( 1.000000000000000000, 0.000000000000000000, 0.000000000000000000 ) ) ;
#4493 = UNCERTAINTY_MEASURE_WITH_UNIT (LENGTH_MEASURE( 1.000000000000000082E-05 ), #4120, 'distance_accuracy_value', 'NONE');
#4494 =( NAMED_UNIT ( * ) PLANE_ANGLE_UNIT ( ) SI_UNIT ( $, .RADIAN. ) );
#4495 = ORIENTED_EDGE ( 'NONE', *, *, #5967, .F. ) ;
#4496 = SURFACE_SIDE_STYLE ('',( #5224 ) ) ;
#4497 = CARTESIAN_POINT ( 'NONE',  ( 0.4000000000000000222, 0.1499999999999999667, 0.2799999999999999711 ) ) ;
#4498 = CARTESIAN_POINT ( 'NONE',  ( 0.3999999999999995226, -0.1500000000000008271, 0.2795000000000000817 ) ) ;
#4499 = CARTESIAN_POINT ( 'NONE',  ( 1.350000000000000089, 0.1700000000000000122, 0.2499999999999998335 ) ) ;
#4500 = EDGE_CURVE ( 'NONE', #1221, #7705, #7136, .T. ) ;
#4501 = VECTOR ( 'NONE', #4648, 1000.000000000000000 ) ;
#4502 = CARTESIAN_POINT ( 'NONE',  ( 1.000000000000000000, -0.1500000000000000500, -0.2799999999999999711 ) ) ;
#4503 = PLANE ( 'NONE',  #3167 ) ;
#4504 = LINE ( 'NONE', #7236, #7565 ) ;
#4505 =( NAMED_UNIT ( * ) PLANE_ANGLE_UNIT ( ) SI_UNIT ( $, .RADIAN. ) );
#4506 =( GEOMETRIC_REPRESENTATION_CONTEXT ( 3 ) GLOBAL_UNCERTAINTY_ASSIGNED_CONTEXT ( ( #5400 ) ) GLOBAL_UNIT_ASSIGNED_CONTEXT ( ( #8668, #598, #2594 ) ) REPRESENTATION_CONTEXT ( 'NONE', 'WORKASPACE' ) );
#4507 = ORIENTED_EDGE ( 'NONE', *, *, #6527, .T. ) ;
#4508 = ORIENTED_EDGE ( 'NONE', *, *, #2359, .T. ) ;
#4509 = DIRECTION ( 'NONE',  ( -1.000000000000000000, 0.000000000000000000, 0.000000000000000000 ) ) ;
#4510 = CARTESIAN_POINT ( 'NONE',  ( 0.4000000000000000222, -0.1700000000000000122, -0.2999999999999999889 ) ) ;
#4511 = ORIENTED_EDGE ( 'NONE', *, *, #4937, .T. ) ;
#4512 = DIRECTION ( 'NONE',  ( -0.000000000000000000, -1.000000000000000000, -0.000000000000000000 ) ) ;
#4513 = UNCERTAINTY_MEASURE_WITH_UNIT (LENGTH_MEASURE( 1.000000000000000082E-05 ), #1014, 'distance_accuracy_value', 'NONE');
#4514 = SURFACE_STYLE_USAGE ( .BOTH. , #3788 ) ;
#4515 = LINE ( 'NONE', #3215, #3066 ) ;
#4516 = VECTOR ( 'NONE', #2243, 1000.000000000000000 ) ;
#4517 = CARTESIAN_POINT ( 'NONE',  ( 0.5699999999999999512, -0.1500000000000008271, 0.2795000000000000817 ) ) ;
#4518 = LINE ( 'NONE', #6581, #3828 ) ;
#4519 = MECHANICAL_DESIGN_GEOMETRIC_PRESENTATION_REPRESENTATION (  '', ( #6104 ), #7953 ) ;
#4520 = DIRECTION ( 'NONE',  ( 0.000000000000000000, 0.000000000000000000, -1.000000000000000000 ) ) ;
#4521 = ORIENTED_EDGE ( 'NONE', *, *, #4642, .F. ) ;
#4522 = DIRECTION ( 'NONE',  ( 0.000000000000000000, -0.000000000000000000, -1.000000000000000000 ) ) ;
#4523 = UNCERTAINTY_MEASURE_WITH_UNIT (LENGTH_MEASURE( 1.000000000000000082E-05 ), #1961, 'distance_accuracy_value', 'NONE');
#4524 = VERTEX_POINT ( 'NONE', #6567 ) ;
#4525 = VECTOR ( 'NONE', #8487, 1000.000000000000000 ) ;
#4526 = CARTESIAN_POINT ( 'NONE',  ( 0.2000000000000000111, -0.1699999999999999012, 0.2999999999999999889 ) ) ;
#4527 = VECTOR ( 'NONE', #2115, 1000.000000000000000 ) ;
#4528 = FILL_AREA_STYLE_COLOUR ( '', #8625 ) ;
#4529 = SURFACE_STYLE_FILL_AREA ( #7932 ) ;
#4530 = DIRECTION ( 'NONE',  ( -0.01328367628057065992, 0.000000000000000000, -0.9999117680798007557 ) ) ;
#4531 = DIRECTION ( 'NONE',  ( -1.000000000000000000, 0.000000000000000000, 0.000000000000000000 ) ) ;
#4532 = ORIENTED_EDGE ( 'NONE', *, *, #5643, .F. ) ;
#4533 = CARTESIAN_POINT ( 'NONE',  ( 0.04999999999999999584, -0.1499999999999999389, 0.1499999999999999944 ) ) ;
#4534 = VECTOR ( 'NONE', #6876, 1000.000000000000000 ) ;
#4535 = ORIENTED_EDGE ( 'NONE', *, *, #5397, .F. ) ;
#4536 = ORIENTED_EDGE ( 'NONE', *, *, #8484, .T. ) ;
#4537 = DIRECTION ( 'NONE',  ( 0.000000000000000000, 0.000000000000000000, 1.000000000000000000 ) ) ;
#4538 = LINE ( 'NONE', #1860, #2187 ) ;
#4539 = LINE ( 'NONE', #8659, #8360 ) ;
#4540 = LINE ( 'NONE', #8746, #2978 ) ;
#4541 = PRESENTATION_STYLE_ASSIGNMENT (( #1141 ) ) ;
#4542 = EDGE_CURVE ( 'NONE', #7083, #4286, #5097, .T. ) ;
#4543 = EDGE_CURVE ( 'NONE', #4931, #2285, #251, .T. ) ;
#4544 = ADVANCED_FACE ( 'NONE', ( #1728 ), #5051, .F. ) ;
#4545 = ORIENTED_EDGE ( 'NONE', *, *, #7870, .F. ) ;
#4546 = CARTESIAN_POINT ( 'NONE',  ( 1.400000000000000133, -0.1500000000000008271, -0.2795000000000000262 ) ) ;
#4547 = LINE ( 'NONE', #4634, #3222 ) ;
#4548 = CARTESIAN_POINT ( 'NONE',  ( 1.445745846904192167, -19.83000000000000185, 0.2499999999999998335 ) ) ;
#4549 = FILL_AREA_STYLE ('',( #1832 ) ) ;
#4550 = DIRECTION ( 'NONE',  ( 0.000000000000000000, 0.000000000000000000, -1.000000000000000000 ) ) ;
#4551 = DIRECTION ( 'NONE',  ( 0.000000000000000000, 1.000000000000000000, 0.000000000000000000 ) ) ;
#4552 = STYLED_ITEM ( 'NONE', ( #5699 ), #5592 ) ;
#4553 = PLANE ( 'NONE',  #6418 ) ;
#4554 =( NAMED_UNIT ( * ) PLANE_ANGLE_UNIT ( ) SI_UNIT ( $, .RADIAN. ) );
#4555 = ORIENTED_EDGE ( 'NONE', *, *, #5315, .T. ) ;
#4556 = EDGE_CURVE ( 'NONE', #2612, #5559, #7276, .T. ) ;
#4557 =( NAMED_UNIT ( * ) PLANE_ANGLE_UNIT ( ) SI_UNIT ( $, .RADIAN. ) );
#4558 = PRESENTATION_STYLE_ASSIGNMENT (( #5237 ) ) ;
#4559 = ORIENTED_EDGE ( 'NONE', *, *, #7838, .T. ) ;
#4560 = DIRECTION ( 'NONE',  ( 0.000000000000000000, 0.000000000000000000, -1.000000000000000000 ) ) ;
#4561 =( LENGTH_UNIT ( ) NAMED_UNIT ( * ) SI_UNIT ( .MILLI., .METRE. ) );
#4562 = PLANE ( 'NONE',  #6767 ) ;
#4563 = DIRECTION ( 'NONE',  ( 0.000000000000000000, -1.000000000000000000, 0.000000000000000000 ) ) ;
#4564 = DIRECTION ( 'NONE',  ( 1.000000000000000000, 0.000000000000000000, 0.000000000000000000 ) ) ;
#4565 = STYLED_ITEM ( 'NONE', ( #6676 ), #6036 ) ;
#4566 = ORIENTED_EDGE ( 'NONE', *, *, #2736, .F. ) ;
#4567 = FILL_AREA_STYLE ('',( #7252 ) ) ;
#4568 = ORIENTED_EDGE ( 'NONE', *, *, #1276, .T. ) ;
#4569 = CARTESIAN_POINT ( 'NONE',  ( 0.04999999999999999584, 0.1500000000000000222, -0.06916666666666672347 ) ) ;
#4570 = FILL_AREA_STYLE ('',( #6587 ) ) ;
#4571 = SURFACE_STYLE_USAGE ( .BOTH. , #7256 ) ;
#4572 = PRESENTATION_STYLE_ASSIGNMENT (( #1942 ) ) ;
#4573 = CARTESIAN_POINT ( 'NONE',  ( 1.350000000000000089, 0.1499999999999999667, 0.2499999999999998335 ) ) ;
#4574 = ORIENTED_EDGE ( 'NONE', *, *, #4133, .F. ) ;
#4575 = VERTEX_POINT ( 'NONE', #1413 ) ;
#4576 = ORIENTED_EDGE ( 'NONE', *, *, #549, .F. ) ;
#4577 =( LENGTH_UNIT ( ) NAMED_UNIT ( * ) SI_UNIT ( .MILLI., .METRE. ) );
#4578 = CARTESIAN_POINT ( 'NONE',  ( 1.400000000000000133, -0.1500000000000000500, -0.2499999999999998890 ) ) ;
#4579 = SURFACE_SIDE_STYLE ('',( #3279 ) ) ;
#4580 = DIRECTION ( 'NONE',  ( 0.000000000000000000, 0.000000000000000000, -1.000000000000000000 ) ) ;
#4581 = ORIENTED_EDGE ( 'NONE', *, *, #5752, .F. ) ;
#4582 = VECTOR ( 'NONE', #7944, 1000.000000000000000 ) ;
#4583 = EDGE_CURVE ( 'NONE', #1570, #5007, #7954, .T. ) ;
#4584 = DIRECTION ( 'NONE',  ( 0.000000000000000000, 0.000000000000000000, -1.000000000000000000 ) ) ;
#4585 = LINE ( 'NONE', #3853, #5120 ) ;
#4586 =( NAMED_UNIT ( * ) SI_UNIT ( $, .STERADIAN. ) SOLID_ANGLE_UNIT ( ) );
#4587 = EDGE_CURVE ( 'NONE', #6488, #6924, #8204, .T. ) ;
#4588 = EDGE_CURVE ( 'NONE', #3963, #5298, #7570, .T. ) ;
#4589 = CARTESIAN_POINT ( 'NONE',  ( 0.8299999999999999600, -0.1699999999999999289, 0.1499999999999999944 ) ) ;
#4590 = PRESENTATION_LAYER_ASSIGNMENT (  '', '', ( #6163 ) ) ;
#4591 = DIRECTION ( 'NONE',  ( -1.000000000000000000, 0.000000000000000000, -0.000000000000000000 ) ) ;
#4592 =( NAMED_UNIT ( * ) PLANE_ANGLE_UNIT ( ) SI_UNIT ( $, .RADIAN. ) );
#4593 = LINE ( 'NONE', #3821, #6612 ) ;
#4594 =( NAMED_UNIT ( * ) SI_UNIT ( $, .STERADIAN. ) SOLID_ANGLE_UNIT ( ) );
#4595 = MECHANICAL_DESIGN_GEOMETRIC_PRESENTATION_REPRESENTATION (  '', ( #7878 ), #155 ) ;
#4596 = ORIENTED_EDGE ( 'NONE', *, *, #5094, .T. ) ;
#4597 = LINE ( 'NONE', #7961, #3598 ) ;
#4598 = LINE ( 'NONE', #6128, #2673 ) ;
#4599 = ORIENTED_EDGE ( 'NONE', *, *, #8089, .T. ) ;
#4600 =( LENGTH_UNIT ( ) NAMED_UNIT ( * ) SI_UNIT ( .MILLI., .METRE. ) );
#4601 = EDGE_CURVE ( 'NONE', #1694, #4624, #3855, .T. ) ;
#4602 = AXIS2_PLACEMENT_3D ( 'NONE', #8402, #156, #7766 ) ;
#4603 =( LENGTH_UNIT ( ) NAMED_UNIT ( * ) SI_UNIT ( .MILLI., .METRE. ) );
#4604 = EDGE_CURVE ( 'NONE', #8268, #1572, #7532, .T. ) ;
#4605 =( NAMED_UNIT ( * ) PLANE_ANGLE_UNIT ( ) SI_UNIT ( $, .RADIAN. ) );
#4606 = VECTOR ( 'NONE', #4788, 1000.000000000000000 ) ;
#4607 = LINE ( 'NONE', #6097, #1604 ) ;
#4608 = ORIENTED_EDGE ( 'NONE', *, *, #4500, .F. ) ;
#4609 = VECTOR ( 'NONE', #1297, 1000.000000000000000 ) ;
#4610 = LINE ( 'NONE', #2613, #6907 ) ;
#4611 = PRESENTATION_LAYER_ASSIGNMENT (  '', '', ( #7055 ) ) ;
#4612 = ORIENTED_EDGE ( 'NONE', *, *, #8089, .F. ) ;
#4613 = FILL_AREA_STYLE_COLOUR ( '', #5530 ) ;
#4614 =( GEOMETRIC_REPRESENTATION_CONTEXT ( 3 ) GLOBAL_UNCERTAINTY_ASSIGNED_CONTEXT ( ( #1630 ) ) GLOBAL_UNIT_ASSIGNED_CONTEXT ( ( #7129, #1864, #1100 ) ) REPRESENTATION_CONTEXT ( 'NONE', 'WORKASPACE' ) );
#4615 = VECTOR ( 'NONE', #4697, 1000.000000000000000 ) ;
#4616 = CARTESIAN_POINT ( 'NONE',  ( 0.1700000000000000122, -0.1499999999999999389, 0.1499999999999999944 ) ) ;
#4617 =( LENGTH_UNIT ( ) NAMED_UNIT ( * ) SI_UNIT ( .MILLI., .METRE. ) );
#4618 = CARTESIAN_POINT ( 'NONE',  ( 0.2000000000000000111, 0.1499999999999999667, 0.06916666666666672347 ) ) ;
#4619 = EDGE_CURVE ( 'NONE', #935, #1458, #772, .T. ) ;
#4620 = ORIENTED_EDGE ( 'NONE', *, *, #7070, .T. ) ;
#4621 = SURFACE_STYLE_FILL_AREA ( #1945 ) ;
#4622 = ORIENTED_EDGE ( 'NONE', *, *, #4588, .F. ) ;
#4623 =( GEOMETRIC_REPRESENTATION_CONTEXT ( 3 ) GLOBAL_UNCERTAINTY_ASSIGNED_CONTEXT ( ( #5837 ) ) GLOBAL_UNIT_ASSIGNED_CONTEXT ( ( #5567, #6913, #2132 ) ) REPRESENTATION_CONTEXT ( 'NONE', 'WORKASPACE' ) );
#4624 = VERTEX_POINT ( 'NONE', #1453 ) ;
#4625 =( GEOMETRIC_REPRESENTATION_CONTEXT ( 3 ) GLOBAL_UNCERTAINTY_ASSIGNED_CONTEXT ( ( #3431 ) ) GLOBAL_UNIT_ASSIGNED_CONTEXT ( ( #7460, #1624, #2001 ) ) REPRESENTATION_CONTEXT ( 'NONE', 'WORKASPACE' ) );
#4626 = FILL_AREA_STYLE_COLOUR ( '', #4810 ) ;
#4627 = AXIS2_PLACEMENT_3D ( 'NONE', #3309, #7392, #4745 ) ;
#4628 = PLANE ( 'NONE',  #5421 ) ;
#4629 = SURFACE_STYLE_FILL_AREA ( #3946 ) ;
#4630 = VECTOR ( 'NONE', #1745, 1000.000000000000000 ) ;
#4631 = ORIENTED_EDGE ( 'NONE', *, *, #5983, .F. ) ;
#4632 = FACE_OUTER_BOUND ( 'NONE', #5544, .T. ) ;
#4633 = SURFACE_SIDE_STYLE ('',( #3905 ) ) ;
#4634 = CARTESIAN_POINT ( 'NONE',  ( 0.2000000000000000111, 0.1500000000000000222, -0.2799999999999999711 ) ) ;
#4635 =( NAMED_UNIT ( * ) PLANE_ANGLE_UNIT ( ) SI_UNIT ( $, .RADIAN. ) );
#4636 = DIRECTION ( 'NONE',  ( 0.000000000000000000, 1.000000000000000000, 0.000000000000000000 ) ) ;
#4637 = CARTESIAN_POINT ( 'NONE',  ( 0.2000000000000000111, -0.1500000000000000500, -0.2499999999999998890 ) ) ;
#4638 = SURFACE_STYLE_FILL_AREA ( #2000 ) ;
#4639 = STYLED_ITEM ( 'NONE', ( #2805 ), #3551 ) ;
#4640 = VERTEX_POINT ( 'NONE', #4589 ) ;
#4641 = ADVANCED_FACE ( 'NONE', ( #4805 ), #5360, .F. ) ;
#4642 = EDGE_CURVE ( 'NONE', #3926, #1231, #6031, .T. ) ;
#4643 = DIRECTION ( 'NONE',  ( -1.000000000000000000, -0.000000000000000000, -0.000000000000000000 ) ) ;
#4644 = SURFACE_SIDE_STYLE ('',( #3962 ) ) ;
#4645 = ORIENTED_EDGE ( 'NONE', *, *, #6527, .F. ) ;
#4646 = DIRECTION ( 'NONE',  ( 1.000000000000000000, 0.000000000000000000, 0.000000000000000000 ) ) ;
#4647 = PRESENTATION_LAYER_ASSIGNMENT (  '', '', ( #5507 ) ) ;
#4648 = DIRECTION ( 'NONE',  ( 0.000000000000000000, 1.000000000000000000, 0.000000000000000000 ) ) ;
#4649 = DIRECTION ( 'NONE',  ( -0.000000000000000000, -1.000000000000000000, -0.000000000000000000 ) ) ;
#4650 = AXIS2_PLACEMENT_3D ( 'NONE', #7560, #1438, #6819 ) ;
#4651 = LINE ( 'NONE', #565, #8629 ) ;
#4652 = EDGE_CURVE ( 'NONE', #8203, #8515, #5891, .T. ) ;
#4653 = EDGE_LOOP ( 'NONE', ( #1428, #7073, #4076, #1494 ) ) ;
#4654 = DIRECTION ( 'NONE',  ( 1.000000000000000000, 0.000000000000000000, 0.000000000000000000 ) ) ;
#4655 = EDGE_CURVE ( 'NONE', #1898, #8421, #67, .T. ) ;
#4656 = ORIENTED_EDGE ( 'NONE', *, *, #6094, .T. ) ;
#4657 = CARTESIAN_POINT ( 'NONE',  ( 1.400000000000000133, 0.000000000000000000, -0.2499999999999998890 ) ) ;
#4658 = DIRECTION ( 'NONE',  ( 1.000000000000000000, 0.000000000000000000, -0.000000000000000000 ) ) ;
#4659 = SURFACE_SIDE_STYLE ('',( #1313 ) ) ;
#4660 = FILL_AREA_STYLE_COLOUR ( '', #8326 ) ;
#4661 = VECTOR ( 'NONE', #206, 1000.000000000000000 ) ;
#4662 = LINE ( 'NONE', #2021, #3157 ) ;
#4663 = VECTOR ( 'NONE', #2598, 1000.000000000000000 ) ;
#4664 = DIRECTION ( 'NONE',  ( -1.000000000000000000, -0.000000000000000000, -0.000000000000000000 ) ) ;
#4665 = ORIENTED_EDGE ( 'NONE', *, *, #6795, .T. ) ;
#4666 = FACE_OUTER_BOUND ( 'NONE', #7624, .T. ) ;
#4667 = ORIENTED_EDGE ( 'NONE', *, *, #771, .T. ) ;
#4668 = ADVANCED_FACE ( 'NONE', ( #6909 ), #3577, .T. ) ;
#4669 = ORIENTED_EDGE ( 'NONE', *, *, #4247, .F. ) ;
#4670 = AXIS2_PLACEMENT_3D ( 'NONE', #3632, #7041, #2268 ) ;
#4671 = LINE ( 'NONE', #6553, #1955 ) ;
#4672 = FILL_AREA_STYLE_COLOUR ( '', #6506 ) ;
#4673 = LINE ( 'NONE', #4111, #8741 ) ;
#4674 = VECTOR ( 'NONE', #5227, 1000.000000000000000 ) ;
#4675 = CARTESIAN_POINT ( 'NONE',  ( 0.4286715151571743321, -1.249999999999999112, -0.2499999999999998890 ) ) ;
#4676 = CARTESIAN_POINT ( 'NONE',  ( 1.000000000000000000, 0.1499999999999999667, 0.2499999999999998335 ) ) ;
#4677 =( GEOMETRIC_REPRESENTATION_CONTEXT ( 3 ) GLOBAL_UNCERTAINTY_ASSIGNED_CONTEXT ( ( #8437 ) ) GLOBAL_UNIT_ASSIGNED_CONTEXT ( ( #3089, #277, #1712 ) ) REPRESENTATION_CONTEXT ( 'NONE', 'WORKASPACE' ) );
#4678 = EDGE_LOOP ( 'NONE', ( #7399, #8253, #338, #7272 ) ) ;
#4679 = ORIENTED_EDGE ( 'NONE', *, *, #788, .F. ) ;
#4680 = LINE ( 'NONE', #6227, #2182 ) ;
#4681 = CARTESIAN_POINT ( 'NONE',  ( -0.04574584690419209593, -19.83000000000000185, 0.2499999999999998335 ) ) ;
#4682 = DIRECTION ( 'NONE',  ( -1.000000000000000000, 0.000000000000000000, -0.000000000000000000 ) ) ;
#4683 =( LENGTH_UNIT ( ) NAMED_UNIT ( * ) SI_UNIT ( .MILLI., .METRE. ) );
#4684 = AXIS2_PLACEMENT_3D ( 'NONE', #712, #3484, #51 ) ;
#4685 = CARTESIAN_POINT ( 'NONE',  ( 0.2000000000000000111, -0.1499999999999999389, 0.2799999999999999711 ) ) ;
#4686 =( LENGTH_UNIT ( ) NAMED_UNIT ( * ) SI_UNIT ( .MILLI., .METRE. ) );
#4687 = EDGE_LOOP ( 'NONE', ( #2707, #4320, #3073, #1398 ) ) ;
#4688 = CARTESIAN_POINT ( 'NONE',  ( 0.4300000000000000488, -0.1699999999999999289, 0.1499999999999999944 ) ) ;
#4689 =( LENGTH_UNIT ( ) NAMED_UNIT ( * ) SI_UNIT ( .MILLI., .METRE. ) );
#4690 = ORIENTED_EDGE ( 'NONE', *, *, #8256, .T. ) ;
#4691 = CARTESIAN_POINT ( 'NONE',  ( 0.4300000000000000488, 0.1700000000000000122, 0.2499999999999998335 ) ) ;
#4692 = CARTESIAN_POINT ( 'NONE',  ( 0.1999999999999996503, -0.1500000000000008271, 0.2795000000000000817 ) ) ;
#4693 = STYLED_ITEM ( 'NONE', ( #4822 ), #5573 ) ;
#4694 = CARTESIAN_POINT ( 'NONE',  ( 0.4286715151571738880, 0.1500000000000008271, 0.2499999999999998890 ) ) ;
#4695 = CARTESIAN_POINT ( 'NONE',  ( 0.9700000000000000844, -0.1499999999999999389, 0.1499999999999999944 ) ) ;
#4696 = EDGE_LOOP ( 'NONE', ( #1053, #6171, #5784, #351 ) ) ;
#4697 = DIRECTION ( 'NONE',  ( 0.000000000000000000, 0.000000000000000000, -1.000000000000000000 ) ) ;
#4698 =( GEOMETRIC_REPRESENTATION_CONTEXT ( 3 ) GLOBAL_UNCERTAINTY_ASSIGNED_CONTEXT ( ( #1103 ) ) GLOBAL_UNIT_ASSIGNED_CONTEXT ( ( #2524, #3625, #7797 ) ) REPRESENTATION_CONTEXT ( 'NONE', 'WORKASPACE' ) );
#4699 = VERTEX_POINT ( 'NONE', #2346 ) ;
#4700 = CARTESIAN_POINT ( 'NONE',  ( 0.4299999999999996048, 0.1500000000000008271, 0.1499999999999999944 ) ) ;
#4701 = PLANE ( 'NONE',  #2252 ) ;
#4702 = EDGE_CURVE ( 'NONE', #7385, #1094, #7700, .T. ) ;
#4703 = EDGE_CURVE ( 'NONE', #3813, #2722, #275, .T. ) ;
#4704 = EDGE_CURVE ( 'NONE', #1809, #5496, #5600, .T. ) ;
#4705 = STYLED_ITEM ( 'NONE', ( #5004 ), #6080 ) ;
#4706 = PLANE ( 'NONE',  #2558 ) ;
#4707 = FILL_AREA_STYLE_COLOUR ( '', #5598 ) ;
#4708 = CARTESIAN_POINT ( 'NONE',  ( 1.350000000000000089, -0.1500000000000008271, 0.2499999999999998335 ) ) ;
#4709 = ORIENTED_EDGE ( 'NONE', *, *, #4248, .T. ) ;
#4710 = SURFACE_STYLE_FILL_AREA ( #1364 ) ;
#4711 = VERTEX_POINT ( 'NONE', #2868 ) ;
#4712 = ORIENTED_EDGE ( 'NONE', *, *, #8473, .T. ) ;
#4713 = FACE_OUTER_BOUND ( 'NONE', #5158, .T. ) ;
#4714 = STYLED_ITEM ( 'NONE', ( #6187 ), #989 ) ;
#4715 = EDGE_CURVE ( 'NONE', #7569, #7282, #954, .T. ) ;
#4716 = CARTESIAN_POINT ( 'NONE',  ( 0.1700000000000000122, 0.1499999999999999667, 0.06916666666666672347 ) ) ;
#4717 = CARTESIAN_POINT ( 'NONE',  ( 0.1699999999999996791, -0.1500000000000008271, 0.2499999999999998890 ) ) ;
#4718 = ADVANCED_FACE ( 'NONE', ( #8339 ), #4279, .F. ) ;
#4719 = FILL_AREA_STYLE ('',( #1906 ) ) ;
#4720 =( NAMED_UNIT ( * ) PLANE_ANGLE_UNIT ( ) SI_UNIT ( $, .RADIAN. ) );
#4721 = ORIENTED_EDGE ( 'NONE', *, *, #3866, .T. ) ;
#4722 =( GEOMETRIC_REPRESENTATION_CONTEXT ( 3 ) GLOBAL_UNCERTAINTY_ASSIGNED_CONTEXT ( ( #4852 ) ) GLOBAL_UNIT_ASSIGNED_CONTEXT ( ( #24, #4080, #939 ) ) REPRESENTATION_CONTEXT ( 'NONE', 'WORKASPACE' ) );
#4723 = ORIENTED_EDGE ( 'NONE', *, *, #8700, .T. ) ;
#4724 =( NAMED_UNIT ( * ) SI_UNIT ( $, .STERADIAN. ) SOLID_ANGLE_UNIT ( ) );
#4725 = FILL_AREA_STYLE_COLOUR ( '', #5652 ) ;
#4726 = CARTESIAN_POINT ( 'NONE',  ( 0.000000000000000000, 0.000000000000000000, 0.000000000000000000 ) ) ;
#4727 = CARTESIAN_POINT ( 'NONE',  ( 2.168404344971008868E-16, -0.1500000000000008271, 0.2795000000000000817 ) ) ;
#4728 = LINE ( 'NONE', #7459, #798 ) ;
#4729 = FILL_AREA_STYLE ('',( #109 ) ) ;
#4730 = EDGE_LOOP ( 'NONE', ( #827, #2183, #979, #8355 ) ) ;
#4731 = DIRECTION ( 'NONE',  ( -0.000000000000000000, 1.000000000000000000, 1.594414959537506434E-16 ) ) ;
#4732 = FILL_AREA_STYLE ('',( #2004 ) ) ;
#4733 = CARTESIAN_POINT ( 'NONE',  ( 0.9700000000000000844, 0.1500000000000000222, -0.2799999999999999711 ) ) ;
#4734 = CARTESIAN_POINT ( 'NONE',  ( 0.2000000000000000111, 0.1499999999999999667, 0.2499999999999998335 ) ) ;
#4735 = COLOUR_RGB ( '',0.6470588235294117974, 0.6196078431372549211, 0.5999999999999999778 ) ;
#4736 =( NAMED_UNIT ( * ) SI_UNIT ( $, .STERADIAN. ) SOLID_ANGLE_UNIT ( ) );
#4737 = VECTOR ( 'NONE', #6808, 1000.000000000000000 ) ;
#4738 = CARTESIAN_POINT ( 'NONE',  ( 0.1999999999999996503, 0.1500000000000008271, 0.2795000000000000817 ) ) ;
#4739 = VECTOR ( 'NONE', #8428, 1000.000000000000000 ) ;
#4740 = VERTEX_POINT ( 'NONE', #8294 ) ;
#4741 = ORIENTED_EDGE ( 'NONE', *, *, #7111, .F. ) ;
#4742 = CARTESIAN_POINT ( 'NONE',  ( 2.168404344971008868E-16, -0.1500000000000008271, -0.2795000000000000262 ) ) ;
#4743 = FILL_AREA_STYLE ('',( #5463 ) ) ;
#4744 = CARTESIAN_POINT ( 'NONE',  ( 1.350000000000000089, 0.1500000000000000222, -0.06916666666666672347 ) ) ;
#4745 = DIRECTION ( 'NONE',  ( -1.000000000000000000, 0.000000000000000000, -0.000000000000000000 ) ) ;
#4746 = LINE ( 'NONE', #1893, #7950 ) ;
#4747 = DIRECTION ( 'NONE',  ( -1.000000000000000000, 0.000000000000000000, -0.000000000000000000 ) ) ;
#4748 = COLOUR_RGB ( '',0.6470588235294117974, 0.6196078431372549211, 0.5999999999999999778 ) ;
#4749 =( NAMED_UNIT ( * ) SI_UNIT ( $, .STERADIAN. ) SOLID_ANGLE_UNIT ( ) );
#4750 = VERTEX_POINT ( 'NONE', #5725 ) ;
#4751 = DIRECTION ( 'NONE',  ( 0.000000000000000000, -1.000000000000000000, 0.000000000000000000 ) ) ;
#4752 = ORIENTED_EDGE ( 'NONE', *, *, #5925, .F. ) ;
#4753 = EDGE_CURVE ( 'NONE', #3140, #5138, #7663, .T. ) ;
#4754 = EDGE_CURVE ( 'NONE', #7559, #5685, #7617, .T. ) ;
#4755 = VECTOR ( 'NONE', #2159, 1000.000000000000000 ) ;
#4756 = VECTOR ( 'NONE', #8677, 1000.000000000000000 ) ;
#4757 = VERTEX_POINT ( 'NONE', #2301 ) ;
#4758 = UNCERTAINTY_MEASURE_WITH_UNIT (LENGTH_MEASURE( 1.000000000000000082E-05 ), #370, 'distance_accuracy_value', 'NONE');
#4759 = FILL_AREA_STYLE_COLOUR ( '', #7228 ) ;
#4760 = STYLED_ITEM ( 'NONE', ( #8799 ), #7706 ) ;
#4761 =( GEOMETRIC_REPRESENTATION_CONTEXT ( 3 ) GLOBAL_UNCERTAINTY_ASSIGNED_CONTEXT ( ( #4053 ) ) GLOBAL_UNIT_ASSIGNED_CONTEXT ( ( #4686, #4505, #6572 ) ) REPRESENTATION_CONTEXT ( 'NONE', 'WORKASPACE' ) );
#4762 = SURFACE_STYLE_USAGE ( .BOTH. , #848 ) ;
#4763 = AXIS2_PLACEMENT_3D ( 'NONE', #7684, #2933, #5624 ) ;
#4764 = DIRECTION ( 'NONE',  ( -1.000000000000000000, -0.000000000000000000, -0.000000000000000000 ) ) ;
#4765 = DIRECTION ( 'NONE',  ( 0.000000000000000000, -0.000000000000000000, 1.000000000000000000 ) ) ;
#4766 = LINE ( 'NONE', #1949, #7475 ) ;
#4767 = VECTOR ( 'NONE', #2488, 1000.000000000000000 ) ;
#4768 = EDGE_LOOP ( 'NONE', ( #5977, #5394, #2926, #6271 ) ) ;
#4769 = ADVANCED_FACE ( 'NONE', ( #6988 ), #6310, .T. ) ;
#4770 =( GEOMETRIC_REPRESENTATION_CONTEXT ( 3 ) GLOBAL_UNCERTAINTY_ASSIGNED_CONTEXT ( ( #123 ) ) GLOBAL_UNIT_ASSIGNED_CONTEXT ( ( #5473, #8737, #4800 ) ) REPRESENTATION_CONTEXT ( 'NONE', 'WORKASPACE' ) );
#4771 = ORIENTED_EDGE ( 'NONE', *, *, #1578, .T. ) ;
#4772 = CARTESIAN_POINT ( 'NONE',  ( 1.230000000000000204, 0.1500000000000000222, -0.2799999999999999711 ) ) ;
#4773 = EDGE_CURVE ( 'NONE', #2026, #4181, #4979, .T. ) ;
#4774 = SURFACE_STYLE_FILL_AREA ( #8850 ) ;
#4775 = CARTESIAN_POINT ( 'NONE',  ( 1.200000000000000178, 0.000000000000000000, 0.2499999999999998335 ) ) ;
#4776 = VECTOR ( 'NONE', #8638, 1000.000000000000000 ) ;
#4777 = PLANE ( 'NONE',  #2275 ) ;
#4778 = CARTESIAN_POINT ( 'NONE',  ( 1.230000000000000204, 0.1499999999999999667, 0.06916666666666672347 ) ) ;
#4779 = CARTESIAN_POINT ( 'NONE',  ( 0.5699999999999999512, -1.249999999999999112, -0.2499999999999998890 ) ) ;
#4780 = ORIENTED_EDGE ( 'NONE', *, *, #3347, .T. ) ;
#4781 = MECHANICAL_DESIGN_GEOMETRIC_PRESENTATION_REPRESENTATION (  '', ( #3906 ), #3051 ) ;
#4782 = SURFACE_SIDE_STYLE ('',( #6805 ) ) ;
#4783 = DIRECTION ( 'NONE',  ( 1.000000000000000000, 0.000000000000000000, 0.000000000000000000 ) ) ;
#4784 = ORIENTED_EDGE ( 'NONE', *, *, #5371, .F. ) ;
#4785 = PLANE ( 'NONE',  #7302 ) ;
#4786 = DIRECTION ( 'NONE',  ( -0.000000000000000000, 1.000000000000000000, -0.000000000000000000 ) ) ;
#4787 = PRESENTATION_LAYER_ASSIGNMENT (  '', '', ( #3626 ) ) ;
#4788 = DIRECTION ( 'NONE',  ( 0.000000000000000000, -1.000000000000000000, 0.000000000000000000 ) ) ;
#4789 = SURFACE_STYLE_FILL_AREA ( #8866 ) ;
#4790 = UNCERTAINTY_MEASURE_WITH_UNIT (LENGTH_MEASURE( 1.000000000000000082E-05 ), #6856, 'distance_accuracy_value', 'NONE');
#4791 = ORIENTED_EDGE ( 'NONE', *, *, #3457, .F. ) ;
#4792 = ORIENTED_EDGE ( 'NONE', *, *, #3808, .T. ) ;
#4793 = PRESENTATION_LAYER_ASSIGNMENT (  '', '', ( #2372 ) ) ;
#4794 =( LENGTH_UNIT ( ) NAMED_UNIT ( * ) SI_UNIT ( .MILLI., .METRE. ) );
#4795 = DIRECTION ( 'NONE',  ( -1.000000000000000000, -0.000000000000000000, -0.000000000000000000 ) ) ;
#4796 = FACE_OUTER_BOUND ( 'NONE', #6409, .T. ) ;
#4797 = SURFACE_SIDE_STYLE ('',( #3440 ) ) ;
#4798 = AXIS2_PLACEMENT_3D ( 'NONE', #1026, #3125, #2989 ) ;
#4799 = EDGE_CURVE ( 'NONE', #5702, #5955, #3623, .T. ) ;
#4800 =( NAMED_UNIT ( * ) SI_UNIT ( $, .STERADIAN. ) SOLID_ANGLE_UNIT ( ) );
#4801 = ORIENTED_EDGE ( 'NONE', *, *, #2767, .T. ) ;
#4802 = PRESENTATION_LAYER_ASSIGNMENT (  '', '', ( #3637 ) ) ;
#4803 = VERTEX_POINT ( 'NONE', #2959 ) ;
#4804 = SURFACE_STYLE_USAGE ( .BOTH. , #1497 ) ;
#4805 = FACE_OUTER_BOUND ( 'NONE', #4768, .T. ) ;
#4806 =( NAMED_UNIT ( * ) SI_UNIT ( $, .STERADIAN. ) SOLID_ANGLE_UNIT ( ) );
#4807 = FILL_AREA_STYLE ('',( #2082 ) ) ;
#4808 = MECHANICAL_DESIGN_GEOMETRIC_PRESENTATION_REPRESENTATION (  '', ( #4943 ), #4073 ) ;
#4809 = DIRECTION ( 'NONE',  ( -1.000000000000000000, 0.000000000000000000, -0.000000000000000000 ) ) ;
#4810 = COLOUR_RGB ( '',0.6470588235294117974, 0.6196078431372549211, 0.5999999999999999778 ) ;
#4811 = STYLED_ITEM ( 'NONE', ( #8044 ), #243 ) ;
#4812 = ORIENTED_EDGE ( 'NONE', *, *, #6091, .T. ) ;
#4813 = MECHANICAL_DESIGN_GEOMETRIC_PRESENTATION_REPRESENTATION (  '', ( #7662 ), #8386 ) ;
#4814 = VERTEX_POINT ( 'NONE', #5690 ) ;
#4815 = CARTESIAN_POINT ( 'NONE',  ( 1.000000000000000000, -0.1499999999999999389, 0.2499999999999998335 ) ) ;
#4816 = STYLED_ITEM ( 'NONE', ( #7550 ), #339 ) ;
#4817 = ADVANCED_FACE ( 'NONE', ( #8427 ), #7974, .F. ) ;
#4818 = EDGE_CURVE ( 'NONE', #8020, #8847, #7295, .T. ) ;
#4819 = ADVANCED_FACE ( 'NONE', ( #490 ), #7205, .F. ) ;
#4820 = DIRECTION ( 'NONE',  ( 0.000000000000000000, -1.807003620809174139E-16, 1.000000000000000000 ) ) ;
#4821 = VECTOR ( 'NONE', #5202, 1000.000000000000000 ) ;
#4822 = PRESENTATION_STYLE_ASSIGNMENT (( #6848 ) ) ;
#4823 = SURFACE_STYLE_USAGE ( .BOTH. , #3382 ) ;
#4824 = VERTEX_POINT ( 'NONE', #2578 ) ;
#4825 = STYLED_ITEM ( 'NONE', ( #3198 ), #678 ) ;
#4826 = CARTESIAN_POINT ( 'NONE',  ( 1.200000000000000178, -0.1499999999999999389, 0.1499999999999999944 ) ) ;
#4827 = SURFACE_SIDE_STYLE ('',( #8311 ) ) ;
#4828 = COLOUR_RGB ( '',0.6470588235294117974, 0.6196078431372549211, 0.5999999999999999778 ) ;
#4829 = FACE_OUTER_BOUND ( 'NONE', #376, .T. ) ;
#4830 = PRESENTATION_LAYER_ASSIGNMENT (  '', '', ( #6392 ) ) ;
#4831 = LINE ( 'NONE', #2058, #4183 ) ;
#4832 = SURFACE_STYLE_USAGE ( .BOTH. , #745 ) ;
#4833 = SURFACE_SIDE_STYLE ('',( #2776 ) ) ;
#4834 = ADVANCED_FACE ( 'NONE', ( #8596 ), #5293, .F. ) ;
#4835 = CARTESIAN_POINT ( 'NONE',  ( 1.000000000000000000, 0.1500000000000000222, -0.2799999999999999711 ) ) ;
#4836 = ORIENTED_EDGE ( 'NONE', *, *, #987, .F. ) ;
#4837 = DIRECTION ( 'NONE',  ( 0.000000000000000000, 0.000000000000000000, -1.000000000000000000 ) ) ;
#4838 = ORIENTED_EDGE ( 'NONE', *, *, #3864, .F. ) ;
#4839 =( GEOMETRIC_REPRESENTATION_CONTEXT ( 3 ) GLOBAL_UNCERTAINTY_ASSIGNED_CONTEXT ( ( #4493 ) ) GLOBAL_UNIT_ASSIGNED_CONTEXT ( ( #4120, #784, #3419 ) ) REPRESENTATION_CONTEXT ( 'NONE', 'WORKASPACE' ) );
#4840 = CARTESIAN_POINT ( 'NONE',  ( 0.8299999999999999600, -0.1500000000000008271, -0.1499999999999999944 ) ) ;
#4841 = CARTESIAN_POINT ( 'NONE',  ( 0.8000000000000000444, -0.1500000000000008271, 0.2795000000000000817 ) ) ;
#4842 = FILL_AREA_STYLE ('',( #6940 ) ) ;
#4843 = CARTESIAN_POINT ( 'NONE',  ( 0.6000000000000000888, -0.1499999999999999389, 0.2799999999999999711 ) ) ;
#4844 = VECTOR ( 'NONE', #4201, 1000.000000000000000 ) ;
#4845 = ORIENTED_EDGE ( 'NONE', *, *, #5, .F. ) ;
#4846 = ORIENTED_EDGE ( 'NONE', *, *, #6276, .F. ) ;
#4847 = FACE_OUTER_BOUND ( 'NONE', #4384, .T. ) ;
#4848 = VECTOR ( 'NONE', #7997, 1000.000000000000000 ) ;
#4849 = CARTESIAN_POINT ( 'NONE',  ( 1.199999999999999289, -1.249999999999999112, 0.2795000000000000262 ) ) ;
#4850 = SURFACE_STYLE_FILL_AREA ( #819 ) ;
#4851 = CARTESIAN_POINT ( 'NONE',  ( 0.3999999999999995226, 0.1500000000000008271, 0.2499999999999998890 ) ) ;
#4852 = UNCERTAINTY_MEASURE_WITH_UNIT (LENGTH_MEASURE( 1.000000000000000082E-05 ), #24, 'distance_accuracy_value', 'NONE');
#4853 = SURFACE_SIDE_STYLE ('',( #6268 ) ) ;
#4854 = PRESENTATION_STYLE_ASSIGNMENT (( #141 ) ) ;
#4855 = EDGE_LOOP ( 'NONE', ( #8070, #5149, #4408, #1318 ) ) ;
#4856 = ORIENTED_EDGE ( 'NONE', *, *, #2885, .T. ) ;
#4857 = MECHANICAL_DESIGN_GEOMETRIC_PRESENTATION_REPRESENTATION (  '', ( #5571 ), #4409 ) ;
#4858 = CARTESIAN_POINT ( 'NONE',  ( 1.000000000000000000, -0.1700000000000000122, -0.2999999999999999889 ) ) ;
#4859 =( NAMED_UNIT ( * ) PLANE_ANGLE_UNIT ( ) SI_UNIT ( $, .RADIAN. ) );
#4860 = CARTESIAN_POINT ( 'NONE',  ( 0.04999999999999999584, -0.1700000000000000400, -0.1499999999999999944 ) ) ;
#4861 = ORIENTED_EDGE ( 'NONE', *, *, #2790, .T. ) ;
#4862 = CARTESIAN_POINT ( 'NONE',  ( 0.3999999999999999667, -1.249999999999999112, -0.2795000000000000262 ) ) ;
#4863 = ADVANCED_FACE ( 'NONE', ( #2738 ), #5512, .F. ) ;
#4864 = EDGE_CURVE ( 'NONE', #3584, #8663, #2068, .T. ) ;
#4865 = LINE ( 'NONE', #5498, #7239 ) ;
#4866 = ORIENTED_EDGE ( 'NONE', *, *, #5720, .T. ) ;
#4867 = LINE ( 'NONE', #85, #346 ) ;
#4868 = LINE ( 'NONE', #4912, #4312 ) ;
#4869 =( NAMED_UNIT ( * ) PLANE_ANGLE_UNIT ( ) SI_UNIT ( $, .RADIAN. ) );
#4870 = LINE ( 'NONE', #164, #8332 ) ;
#4871 = UNCERTAINTY_MEASURE_WITH_UNIT (LENGTH_MEASURE( 1.000000000000000082E-05 ), #8239, 'distance_accuracy_value', 'NONE');
#4872 = VERTEX_POINT ( 'NONE', #5387 ) ;
#4873 = CARTESIAN_POINT ( 'NONE',  ( 0.5999999999999996447, -0.1500000000000008271, 0.2795000000000000817 ) ) ;
#4874 = EDGE_CURVE ( 'NONE', #7972, #1669, #8833, .T. ) ;
#4875 = VECTOR ( 'NONE', #207, 1000.000000000000000 ) ;
#4876 = VERTEX_POINT ( 'NONE', #1405 ) ;
#4877 = CARTESIAN_POINT ( 'NONE',  ( 2.168404344971008868E-16, 0.1500000000000008271, -0.2795000000000000262 ) ) ;
#4878 = EDGE_CURVE ( 'NONE', #7489, #1085, #6179, .T. ) ;
#4879 = MECHANICAL_DESIGN_GEOMETRIC_PRESENTATION_REPRESENTATION (  '', ( #1461 ), #7019 ) ;
#4880 = DIRECTION ( 'NONE',  ( 0.000000000000000000, 0.000000000000000000, -1.000000000000000000 ) ) ;
#4881 = VECTOR ( 'NONE', #2796, 1000.000000000000000 ) ;
#4882 = SURFACE_SIDE_STYLE ('',( #2161 ) ) ;
#4883 = ORIENTED_EDGE ( 'NONE', *, *, #3045, .F. ) ;
#4884 = VECTOR ( 'NONE', #5321, 1000.000000000000000 ) ;
#4885 = ORIENTED_EDGE ( 'NONE', *, *, #2226, .F. ) ;
#4886 = PRESENTATION_STYLE_ASSIGNMENT (( #2958 ) ) ;
#4887 = DIRECTION ( 'NONE',  ( -1.000000000000000000, -0.000000000000000000, -0.000000000000000000 ) ) ;
#4888 = LINE ( 'NONE', #1575, #3391 ) ;
#4889 = DIRECTION ( 'NONE',  ( -1.000000000000000000, -0.000000000000000000, -0.000000000000000000 ) ) ;
#4890 = CARTESIAN_POINT ( 'NONE',  ( 0.5999999999999996447, 0.1500000000000008271, 0.2499999999999998890 ) ) ;
#4891 = LINE ( 'NONE', #5651, #1052 ) ;
#4892 =( GEOMETRIC_REPRESENTATION_CONTEXT ( 3 ) GLOBAL_UNCERTAINTY_ASSIGNED_CONTEXT ( ( #5636 ) ) GLOBAL_UNIT_ASSIGNED_CONTEXT ( ( #6689, #6103, #6141 ) ) REPRESENTATION_CONTEXT ( 'NONE', 'WORKASPACE' ) );
#4893 = FACE_OUTER_BOUND ( 'NONE', #6399, .T. ) ;
#4894 = ORIENTED_EDGE ( 'NONE', *, *, #4414, .T. ) ;
#4895 = PRESENTATION_LAYER_ASSIGNMENT (  '', '', ( #601 ) ) ;
#4896 = ORIENTED_EDGE ( 'NONE', *, *, #4927, .T. ) ;
#4897 = VECTOR ( 'NONE', #1450, 1000.000000000000000 ) ;
#4898 = AXIS2_PLACEMENT_3D ( 'NONE', #3252, #8675, #2561 ) ;
#4899 = CARTESIAN_POINT ( 'NONE',  ( 0.9700000000000000844, -0.1500000000000008271, -0.1499999999999999944 ) ) ;
#4900 =( GEOMETRIC_REPRESENTATION_CONTEXT ( 3 ) GLOBAL_UNCERTAINTY_ASSIGNED_CONTEXT ( ( #5746 ) ) GLOBAL_UNIT_ASSIGNED_CONTEXT ( ( #344, #6384, #1112 ) ) REPRESENTATION_CONTEXT ( 'NONE', 'WORKASPACE' ) );
#4901 = SURFACE_STYLE_FILL_AREA ( #3464 ) ;
#4902 = VECTOR ( 'NONE', #1763, 1000.000000000000000 ) ;
#4903 = FACE_OUTER_BOUND ( 'NONE', #6761, .T. ) ;
#4904 = DIRECTION ( 'NONE',  ( 0.000000000000000000, -1.000000000000000000, 0.000000000000000000 ) ) ;
#4905 = VECTOR ( 'NONE', #8298, 1000.000000000000000 ) ;
#4906 = ORIENTED_EDGE ( 'NONE', *, *, #830, .F. ) ;
#4907 = PRESENTATION_LAYER_ASSIGNMENT (  '', '', ( #2903 ) ) ;
#4908 = LINE ( 'NONE', #2809, #6845 ) ;
#4909 = CARTESIAN_POINT ( 'NONE',  ( 2.168404344971008868E-16, 0.1500000000000008271, -0.2795000000000000262 ) ) ;
#4910 = VECTOR ( 'NONE', #7022, 1000.000000000000000 ) ;
#4911 = CARTESIAN_POINT ( 'NONE',  ( 0.5699999999999999512, -19.83000000000000185, -0.2499999999999998890 ) ) ;
#4912 = CARTESIAN_POINT ( 'NONE',  ( 1.400000000000000133, -0.1699999999999999012, 0.2499999999999998335 ) ) ;
#4913 = ADVANCED_FACE ( 'NONE', ( #4796 ), #8066, .F. ) ;
#4914 = SURFACE_STYLE_FILL_AREA ( #6385 ) ;
#4915 = DIRECTION ( 'NONE',  ( 0.000000000000000000, -0.000000000000000000, 1.000000000000000000 ) ) ;
#4916 = ORIENTED_EDGE ( 'NONE', *, *, #2211, .F. ) ;
#4917 = ORIENTED_EDGE ( 'NONE', *, *, #8531, .T. ) ;
#4918 = DIRECTION ( 'NONE',  ( 0.000000000000000000, 0.000000000000000000, -1.000000000000000000 ) ) ;
#4919 = ORIENTED_EDGE ( 'NONE', *, *, #6249, .T. ) ;
#4920 = CARTESIAN_POINT ( 'NONE',  ( 0.02000000000000021899, 0.1700000000000000122, -0.06916666666666670960 ) ) ;
#4921 = PLANE ( 'NONE',  #1257 ) ;
#4922 = VECTOR ( 'NONE', #5052, 1000.000000000000000 ) ;
#4923 = DIRECTION ( 'NONE',  ( 0.000000000000000000, 1.000000000000000000, -1.807003620809174139E-16 ) ) ;
#4924 = DIRECTION ( 'NONE',  ( -1.000000000000000000, 0.000000000000000000, 0.000000000000000000 ) ) ;
#4925 = ADVANCED_FACE ( 'NONE', ( #8235 ), #2117, .T. ) ;
#4926 = EDGE_CURVE ( 'NONE', #534, #4340, #5556, .T. ) ;
#4927 = EDGE_CURVE ( 'NONE', #7672, #6340, #4232, .T. ) ;
#4928 =( LENGTH_UNIT ( ) NAMED_UNIT ( * ) SI_UNIT ( .MILLI., .METRE. ) );
#4929 = COLOUR_RGB ( '',0.6470588235294117974, 0.6196078431372549211, 0.5999999999999999778 ) ;
#4930 = ORIENTED_EDGE ( 'NONE', *, *, #2217, .T. ) ;
#4931 = VERTEX_POINT ( 'NONE', #4140 ) ;
#4932 = SURFACE_SIDE_STYLE ('',( #3755 ) ) ;
#4933 = DIRECTION ( 'NONE',  ( -1.000000000000000000, -0.000000000000000000, -0.000000000000000000 ) ) ;
#4934 = LINE ( 'NONE', #1501, #4844 ) ;
#4935 = LINE ( 'NONE', #106, #7482 ) ;
#4936 = ORIENTED_EDGE ( 'NONE', *, *, #7329, .F. ) ;
#4937 = EDGE_CURVE ( 'NONE', #5917, #6186, #222, .T. ) ;
#4938 = LINE ( 'NONE', #7669, #4905 ) ;
#4939 = ORIENTED_EDGE ( 'NONE', *, *, #3541, .T. ) ;
#4940 = EDGE_CURVE ( 'NONE', #5016, #6483, #178, .T. ) ;
#4941 = EDGE_LOOP ( 'NONE', ( #362, #1330, #4179, #5110, #8145, #4089, #3968, #834 ) ) ;
#4942 = DIRECTION ( 'NONE',  ( -1.000000000000000000, 0.000000000000000000, 0.000000000000000000 ) ) ;
#4943 = STYLED_ITEM ( 'NONE', ( #7142 ), #1755 ) ;
#4944 = CARTESIAN_POINT ( 'NONE',  ( 1.000000000000000000, -0.1500000000000000500, -0.2799999999999999711 ) ) ;
#4945 = PRESENTATION_LAYER_ASSIGNMENT (  '', '', ( #8234 ) ) ;
#4946 = AXIS2_PLACEMENT_3D ( 'NONE', #4045, #1837, #7418 ) ;
#4947 = CARTESIAN_POINT ( 'NONE',  ( 0.4000000000000000222, -0.1699999999999999012, 0.2499999999999998335 ) ) ;
#4948 =( LENGTH_UNIT ( ) NAMED_UNIT ( * ) SI_UNIT ( .MILLI., .METRE. ) );
#4949 = VECTOR ( 'NONE', #967, 1000.000000000000000 ) ;
#4950 = VERTEX_POINT ( 'NONE', #7602 ) ;
#4951 = FACE_OUTER_BOUND ( 'NONE', #8409, .T. ) ;
#4952 = VECTOR ( 'NONE', #6210, 1000.000000000000000 ) ;
#4953 = FACE_OUTER_BOUND ( 'NONE', #6694, .T. ) ;
#4954 = CARTESIAN_POINT ( 'NONE',  ( 2.168404344971008868E-16, 0.1500000000000008271, 0.2795000000000000817 ) ) ;
#4955 = VECTOR ( 'NONE', #4302, 1000.000000000000000 ) ;
#4956 = VECTOR ( 'NONE', #5923, 1000.000000000000000 ) ;
#4957 = DIRECTION ( 'NONE',  ( -0.01328367628057065992, 0.000000000000000000, 0.9999117680798007557 ) ) ;
#4958 = DIRECTION ( 'NONE',  ( 0.000000000000000000, -0.000000000000000000, -1.000000000000000000 ) ) ;
#4959 = LINE ( 'NONE', #161, #2490 ) ;
#4960 =( LENGTH_UNIT ( ) NAMED_UNIT ( * ) SI_UNIT ( .MILLI., .METRE. ) );
#4961 = SURFACE_SIDE_STYLE ('',( #4789 ) ) ;
#4962 = ORIENTED_EDGE ( 'NONE', *, *, #6747, .F. ) ;
#4963 = ORIENTED_EDGE ( 'NONE', *, *, #7455, .F. ) ;
#4964 = CARTESIAN_POINT ( 'NONE',  ( 2.168404344971008868E-16, 0.1500000000000008271, 0.06916666666666670960 ) ) ;
#4965 = VERTEX_POINT ( 'NONE', #1526 ) ;
#4966 = CARTESIAN_POINT ( 'NONE',  ( 0.1700000000000000122, -19.83000000000000185, 0.2499999999999998335 ) ) ;
#4967 = DIRECTION ( 'NONE',  ( 0.000000000000000000, 0.000000000000000000, -1.000000000000000000 ) ) ;
#4968 =( NAMED_UNIT ( * ) PLANE_ANGLE_UNIT ( ) SI_UNIT ( $, .RADIAN. ) );
#4969 = DIRECTION ( 'NONE',  ( -0.000000000000000000, 1.000000000000000000, -0.000000000000000000 ) ) ;
#4970 = FILL_AREA_STYLE_COLOUR ( '', #4303 ) ;
#4971 = LINE ( 'NONE', #3616, #6644 ) ;
#4972 = ORIENTED_EDGE ( 'NONE', *, *, #8496, .F. ) ;
#4973 = ORIENTED_EDGE ( 'NONE', *, *, #6815, .T. ) ;
#4974 = CARTESIAN_POINT ( 'NONE',  ( 0.5699999999999999512, -0.1500000000000008271, -0.1499999999999999944 ) ) ;
#4975 = EDGE_CURVE ( 'NONE', #2614, #7612, #92, .T. ) ;
#4976 = EDGE_CURVE ( 'NONE', #8506, #3889, #2824, .T. ) ;
#4977 = DIRECTION ( 'NONE',  ( -0.000000000000000000, -1.000000000000000000, -0.000000000000000000 ) ) ;
#4978 = EDGE_CURVE ( 'NONE', #3734, #2224, #1487, .T. ) ;
#4979 = LINE ( 'NONE', #7029, #3752 ) ;
#4980 = AXIS2_PLACEMENT_3D ( 'NONE', #1384, #7675, #2093 ) ;
#4981 = FILL_AREA_STYLE_COLOUR ( '', #5543 ) ;
#4982 = SURFACE_STYLE_FILL_AREA ( #7747 ) ;
#4983 = SURFACE_STYLE_USAGE ( .BOTH. , #6362 ) ;
#4984 = VERTEX_POINT ( 'NONE', #6394 ) ;
#4985 = CARTESIAN_POINT ( 'NONE',  ( 0.9700000000000000844, 0.1700000000000000122, 0.06916666666666670960 ) ) ;
#4986 = ORIENTED_EDGE ( 'NONE', *, *, #7380, .T. ) ;
#4987 = ORIENTED_EDGE ( 'NONE', *, *, #975, .F. ) ;
#4989 = EDGE_CURVE ( 'NONE', #2408, #4711, #8458, .T. ) ;
#4988 = COLOUR_RGB ( '',0.6470588235294117974, 0.6196078431372549211, 0.5999999999999999778 ) ;
#4990 = FACE_OUTER_BOUND ( 'NONE', #7642, .T. ) ;
#4991 = ADVANCED_FACE ( 'NONE', ( #761 ), #1445, .F. ) ;
#4992 = DIRECTION ( 'NONE',  ( 0.000000000000000000, -1.000000000000000000, 0.000000000000000000 ) ) ;
#4993 =( NAMED_UNIT ( * ) PLANE_ANGLE_UNIT ( ) SI_UNIT ( $, .RADIAN. ) );
#4994 =( NAMED_UNIT ( * ) SI_UNIT ( $, .STERADIAN. ) SOLID_ANGLE_UNIT ( ) );
#4995 = PRESENTATION_LAYER_ASSIGNMENT (  '', '', ( #7273 ) ) ;
#4996 = CARTESIAN_POINT ( 'NONE',  ( 0.6457458469041920113, -19.83000000000000185, 0.2499999999999998335 ) ) ;
#4997 = EDGE_LOOP ( 'NONE', ( #455, #1119, #1959, #5951 ) ) ;
#4998 =( NAMED_UNIT ( * ) PLANE_ANGLE_UNIT ( ) SI_UNIT ( $, .RADIAN. ) );
#4999 = CARTESIAN_POINT ( 'NONE',  ( 0.2000000000000000111, 0.000000000000000000, 0.2499999999999998335 ) ) ;
#5000 = VERTEX_POINT ( 'NONE', #2948 ) ;
#5001 = DIRECTION ( 'NONE',  ( 0.000000000000000000, 0.000000000000000000, 1.000000000000000000 ) ) ;
#5002 = CARTESIAN_POINT ( 'NONE',  ( 1.230000000000000204, -19.83000000000000185, 0.2499999999999998335 ) ) ;
#5003 = LINE ( 'NONE', #2893, #8475 ) ;
#5004 = PRESENTATION_STYLE_ASSIGNMENT (( #841 ) ) ;
#5005 = LINE ( 'NONE', #886, #4167 ) ;
#5006 = ORIENTED_EDGE ( 'NONE', *, *, #7042, .T. ) ;
#5007 = VERTEX_POINT ( 'NONE', #6896 ) ;
#5008 = FACE_OUTER_BOUND ( 'NONE', #1401, .T. ) ;
#5009 = ORIENTED_EDGE ( 'NONE', *, *, #3929, .F. ) ;
#5010 =( LENGTH_UNIT ( ) NAMED_UNIT ( * ) SI_UNIT ( .MILLI., .METRE. ) );
#5011 = PLANE ( 'NONE',  #4385 ) ;
#5012 = DIRECTION ( 'NONE',  ( 0.000000000000000000, 0.000000000000000000, -1.000000000000000000 ) ) ;
#5013 =( LENGTH_UNIT ( ) NAMED_UNIT ( * ) SI_UNIT ( .MILLI., .METRE. ) );
#5014 = DIRECTION ( 'NONE',  ( 0.000000000000000000, -1.000000000000000000, 0.000000000000000000 ) ) ;
#5015 = DIRECTION ( 'NONE',  ( -1.000000000000000000, 0.000000000000000000, 0.000000000000000000 ) ) ;
#5016 = VERTEX_POINT ( 'NONE', #7651 ) ;
#5017 = FACE_OUTER_BOUND ( 'NONE', #4264, .T. ) ;
#5018 = EDGE_LOOP ( 'NONE', ( #6465, #2144, #7023, #2966 ) ) ;
#5019 = PRESENTATION_STYLE_ASSIGNMENT (( #7836 ) ) ;
#5020 = SURFACE_STYLE_FILL_AREA ( #5646 ) ;
#5021 = VECTOR ( 'NONE', #7819, 1000.000000000000000 ) ;
#5022 = DIRECTION ( 'NONE',  ( 0.000000000000000000, 0.000000000000000000, -1.000000000000000000 ) ) ;
#5023 = FILL_AREA_STYLE_COLOUR ( '', #674 ) ;
#5024 = CARTESIAN_POINT ( 'NONE',  ( 1.230000000000000204, -0.1700000000000000122, -0.2499999999999998890 ) ) ;
#5025 =( NAMED_UNIT ( * ) PLANE_ANGLE_UNIT ( ) SI_UNIT ( $, .RADIAN. ) );
#5026 = VECTOR ( 'NONE', #3964, 1000.000000000000000 ) ;
#5027 = EDGE_CURVE ( 'NONE', #537, #8781, #5682, .T. ) ;
#5028 = EDGE_CURVE ( 'NONE', #2298, #3963, #947, .T. ) ;
#5029 = ORIENTED_EDGE ( 'NONE', *, *, #2694, .T. ) ;
#5030 = SURFACE_STYLE_FILL_AREA ( #4729 ) ;
#5031 = VERTEX_POINT ( 'NONE', #5115 ) ;
#5032 = VERTEX_POINT ( 'NONE', #1655 ) ;
#5033 = UNCERTAINTY_MEASURE_WITH_UNIT (LENGTH_MEASURE( 1.000000000000000082E-05 ), #630, 'distance_accuracy_value', 'NONE');
#5034 = VECTOR ( 'NONE', #5638, 1000.000000000000000 ) ;
#5036 = CARTESIAN_POINT ( 'NONE',  ( 2.168404344971008868E-16, 0.1700000000000000122, 0.1499999999999999667 ) ) ;
#5035 = VECTOR ( 'NONE', #7868, 1000.000000000000000 ) ;
#5037 = ORIENTED_EDGE ( 'NONE', *, *, #3808, .F. ) ;
#5038 = FACE_OUTER_BOUND ( 'NONE', #8114, .T. ) ;
#5039 = ADVANCED_FACE ( 'NONE', ( #7830 ), #4562, .T. ) ;
#5040 = UNCERTAINTY_MEASURE_WITH_UNIT (LENGTH_MEASURE( 1.000000000000000082E-05 ), #121, 'distance_accuracy_value', 'NONE');
#5041 = MECHANICAL_DESIGN_GEOMETRIC_PRESENTATION_REPRESENTATION (  '', ( #1473 ), #3876 ) ;
#5042 = ORIENTED_EDGE ( 'NONE', *, *, #3155, .F. ) ;
#5043 = PRESENTATION_LAYER_ASSIGNMENT (  '', '', ( #3615 ) ) ;
#5044 = EDGE_CURVE ( 'NONE', #3836, #2274, #6580, .T. ) ;
#5045 = FILL_AREA_STYLE_COLOUR ( '', #8029 ) ;
#5046 = DIRECTION ( 'NONE',  ( -1.000000000000000000, -0.000000000000000000, -0.000000000000000000 ) ) ;
#5047 = VECTOR ( 'NONE', #2510, 1000.000000000000000 ) ;
#5048 = SURFACE_STYLE_USAGE ( .BOTH. , #929 ) ;
#5049 =( GEOMETRIC_REPRESENTATION_CONTEXT ( 3 ) GLOBAL_UNCERTAINTY_ASSIGNED_CONTEXT ( ( #367 ) ) GLOBAL_UNIT_ASSIGNED_CONTEXT ( ( #8025, #3990, #8079 ) ) REPRESENTATION_CONTEXT ( 'NONE', 'WORKASPACE' ) );
#5050 = AXIS2_PLACEMENT_3D ( 'NONE', #3351, #7290, #1127 ) ;
#5051 = PLANE ( 'NONE',  #52 ) ;
#5052 = DIRECTION ( 'NONE',  ( -0.000000000000000000, 1.000000000000000000, -0.000000000000000000 ) ) ;
#5053 = LINE ( 'NONE', #5757, #41 ) ;
#5054 =( NAMED_UNIT ( * ) SI_UNIT ( $, .STERADIAN. ) SOLID_ANGLE_UNIT ( ) );
#5055 = PRESENTATION_LAYER_ASSIGNMENT (  '', '', ( #1196 ) ) ;
#5056 = DIRECTION ( 'NONE',  ( -1.000000000000000000, 0.000000000000000000, 0.000000000000000000 ) ) ;
#5057 = VERTEX_POINT ( 'NONE', #4412 ) ;
#5058 =( GEOMETRIC_REPRESENTATION_CONTEXT ( 3 ) GLOBAL_UNCERTAINTY_ASSIGNED_CONTEXT ( ( #2269 ) ) GLOBAL_UNIT_ASSIGNED_CONTEXT ( ( #677, #8113, #4749 ) ) REPRESENTATION_CONTEXT ( 'NONE', 'WORKASPACE' ) );
#5059 = ORIENTED_EDGE ( 'NONE', *, *, #8162, .T. ) ;
#5060 = FACE_OUTER_BOUND ( 'NONE', #6413, .T. ) ;
#5061 = STYLED_ITEM ( 'NONE', ( #1982 ), #8824 ) ;
#5062 = CARTESIAN_POINT ( 'NONE',  ( 1.000000000000000000, 0.1499999999999999667, 0.06916666666666672347 ) ) ;
#5063 = ORIENTED_EDGE ( 'NONE', *, *, #4097, .T. ) ;
#5064 = CARTESIAN_POINT ( 'NONE',  ( 0.8299999999999999600, 0.1499999999999999667, 0.06916666666666672347 ) ) ;
#5065 = MECHANICAL_DESIGN_GEOMETRIC_PRESENTATION_REPRESENTATION (  '', ( #60 ), #3477 ) ;
#5066 = DIRECTION ( 'NONE',  ( 1.000000000000000000, 0.000000000000000000, -0.000000000000000000 ) ) ;
#5067 = DIRECTION ( 'NONE',  ( 0.000000000000000000, 0.000000000000000000, -1.000000000000000000 ) ) ;
#5068 = DIRECTION ( 'NONE',  ( 1.000000000000000000, -0.000000000000000000, 0.000000000000000000 ) ) ;
#5069 = VERTEX_POINT ( 'NONE', #6630 ) ;
#5070 =( NAMED_UNIT ( * ) SI_UNIT ( $, .STERADIAN. ) SOLID_ANGLE_UNIT ( ) );
#5071 = ORIENTED_EDGE ( 'NONE', *, *, #7554, .T. ) ;
#5072 = STYLED_ITEM ( 'NONE', ( #1730 ), #3390 ) ;
#5073 = CARTESIAN_POINT ( 'NONE',  ( 0.6000000000000000888, 0.1699999999999999567, 0.06916666666666672347 ) ) ;
#5074 = SURFACE_SIDE_STYLE ('',( #5020 ) ) ;
#5075 = DIRECTION ( 'NONE',  ( 0.000000000000000000, 1.807003620809174139E-16, 1.000000000000000000 ) ) ;
#5076 = CARTESIAN_POINT ( 'NONE',  ( 2.168404344971008868E-16, 0.1800000000000000766, -0.1499999999999999944 ) ) ;
#5077 = PRESENTATION_STYLE_ASSIGNMENT (( #1804 ) ) ;
#5078 = CARTESIAN_POINT ( 'NONE',  ( 0.5999999999999996447, -1.249999999999999112, 0.2499999999999998890 ) ) ;
#5079 = AXIS2_PLACEMENT_3D ( 'NONE', #2760, #6847, #8214 ) ;
#5080 = FILL_AREA_STYLE_COLOUR ( '', #4173 ) ;
#5081 = ORIENTED_EDGE ( 'NONE', *, *, #5681, .F. ) ;
#5082 = DIRECTION ( 'NONE',  ( 0.000000000000000000, 0.000000000000000000, -1.000000000000000000 ) ) ;
#5083 = ORIENTED_EDGE ( 'NONE', *, *, #975, .T. ) ;
#5084 = ORIENTED_EDGE ( 'NONE', *, *, #1037, .F. ) ;
#5085 = DIRECTION ( 'NONE',  ( 0.000000000000000000, -0.000000000000000000, -1.000000000000000000 ) ) ;
#5086 =( LENGTH_UNIT ( ) NAMED_UNIT ( * ) SI_UNIT ( .MILLI., .METRE. ) );
#5087 = DIRECTION ( 'NONE',  ( 0.000000000000000000, -1.000000000000000000, 0.000000000000000000 ) ) ;
#5088 = DIRECTION ( 'NONE',  ( -1.000000000000000000, 0.000000000000000000, -0.000000000000000000 ) ) ;
#5089 = ORIENTED_EDGE ( 'NONE', *, *, #4328, .T. ) ;
#5090 = UNCERTAINTY_MEASURE_WITH_UNIT (LENGTH_MEASURE( 1.000000000000000082E-05 ), #5013, 'distance_accuracy_value', 'NONE');
#5091 = LINE ( 'NONE', #1013, #5253 ) ;
#5092 = LINE ( 'NONE', #4954, #805 ) ;
#5093 = EDGE_CURVE ( 'NONE', #8846, #1724, #1124, .T. ) ;
#5094 = EDGE_CURVE ( 'NONE', #6340, #5878, #8636, .T. ) ;
#5095 = EDGE_CURVE ( 'NONE', #5559, #184, #2522, .T. ) ;
#5096 =( GEOMETRIC_REPRESENTATION_CONTEXT ( 3 ) GLOBAL_UNCERTAINTY_ASSIGNED_CONTEXT ( ( #1750 ) ) GLOBAL_UNIT_ASSIGNED_CONTEXT ( ( #6424, #8488, #2317 ) ) REPRESENTATION_CONTEXT ( 'NONE', 'WORKASPACE' ) );
#5097 = LINE ( 'NONE', #1593, #4141 ) ;
#5098 = CARTESIAN_POINT ( 'NONE',  ( 0.1999999999999998723, -1.249999999999999112, -0.2499999999999998890 ) ) ;
#5099 = PRESENTATION_LAYER_ASSIGNMENT (  '', '', ( #7662 ) ) ;
#5100 = DIRECTION ( 'NONE',  ( -1.000000000000000000, 0.000000000000000000, -0.000000000000000000 ) ) ;
#5101 = DIRECTION ( 'NONE',  ( 1.000000000000000000, 0.000000000000000000, 0.000000000000000000 ) ) ;
#5102 = DIRECTION ( 'NONE',  ( -1.000000000000000000, 0.000000000000000000, 0.000000000000000000 ) ) ;
#5103 = ORIENTED_EDGE ( 'NONE', *, *, #1036, .T. ) ;
#5104 = COLOUR_RGB ( '',0.6470588235294117974, 0.6196078431372549211, 0.5999999999999999778 ) ;
#5105 = COLOUR_RGB ( '',0.6470588235294117974, 0.6196078431372549211, 0.5999999999999999778 ) ;
#5106 = ORIENTED_EDGE ( 'NONE', *, *, #1641, .T. ) ;
#5107 =( NAMED_UNIT ( * ) PLANE_ANGLE_UNIT ( ) SI_UNIT ( $, .RADIAN. ) );
#5108 = DIRECTION ( 'NONE',  ( 1.000000000000000000, 0.000000000000000000, -0.000000000000000000 ) ) ;
#5109 = VECTOR ( 'NONE', #7839, 1000.000000000000000 ) ;
#5110 = ORIENTED_EDGE ( 'NONE', *, *, #1503, .T. ) ;
#5111 = DIRECTION ( 'NONE',  ( 0.000000000000000000, 0.000000000000000000, -1.000000000000000000 ) ) ;
#5112 = FILL_AREA_STYLE ('',( #4410 ) ) ;
#5113 = ADVANCED_FACE ( 'NONE', ( #4464 ), #3790, .T. ) ;
#5114 = VECTOR ( 'NONE', #6978, 1000.000000000000000 ) ;
#5115 = CARTESIAN_POINT ( 'NONE',  ( 0.000000000000000000, -0.1700000000000000400, -0.2499999999999998890 ) ) ;
#5116 = VECTOR ( 'NONE', #6660, 1000.000000000000000 ) ;
#5117 = ORIENTED_EDGE ( 'NONE', *, *, #3973, .T. ) ;
#5118 = FILL_AREA_STYLE ('',( #6354 ) ) ;
#5119 = ORIENTED_EDGE ( 'NONE', *, *, #7771, .T. ) ;
#5120 = VECTOR ( 'NONE', #8031, 1000.000000000000000 ) ;
#5121 = SURFACE_STYLE_FILL_AREA ( #2390 ) ;
#5122 = DIRECTION ( 'NONE',  ( 1.000000000000000000, 0.000000000000000000, 0.000000000000000000 ) ) ;
#5123 =( LENGTH_UNIT ( ) NAMED_UNIT ( * ) SI_UNIT ( .MILLI., .METRE. ) );
#5124 = COLOUR_RGB ( '',0.6470588235294117974, 0.6196078431372549211, 0.5999999999999999778 ) ;
#5125 = DIRECTION ( 'NONE',  ( 0.000000000000000000, 1.000000000000000000, -1.594414959537507173E-16 ) ) ;
#5126 = PRESENTATION_STYLE_ASSIGNMENT (( #4479 ) ) ;
#5127 = LINE ( 'NONE', #1047, #7183 ) ;
#5128 = ORIENTED_EDGE ( 'NONE', *, *, #1104, .T. ) ;
#5129 = LINE ( 'NONE', #6648, #3042 ) ;
#5130 = ORIENTED_EDGE ( 'NONE', *, *, #648, .T. ) ;
#5131 = VERTEX_POINT ( 'NONE', #5154 ) ;
#5132 = SURFACE_STYLE_USAGE ( .BOTH. , #866 ) ;
#5133 = VECTOR ( 'NONE', #4103, 1000.000000000000000 ) ;
#5134 = UNCERTAINTY_MEASURE_WITH_UNIT (LENGTH_MEASURE( 1.000000000000000082E-05 ), #7033, 'distance_accuracy_value', 'NONE');
#5135 = CARTESIAN_POINT ( 'NONE',  ( 0.4300000000000000488, -1.249999999999999112, -0.1499999999999999944 ) ) ;
#5136 = UNCERTAINTY_MEASURE_WITH_UNIT (LENGTH_MEASURE( 1.000000000000000082E-05 ), #5086, 'distance_accuracy_value', 'NONE');
#5137 = DIRECTION ( 'NONE',  ( -0.000000000000000000, 0.000000000000000000, 1.000000000000000000 ) ) ;
#5138 = VERTEX_POINT ( 'NONE', #7869 ) ;
#5139 = VECTOR ( 'NONE', #1576, 1000.000000000000000 ) ;
#5140 = DIRECTION ( 'NONE',  ( 0.000000000000000000, -0.000000000000000000, -1.000000000000000000 ) ) ;
#5141 = DIRECTION ( 'NONE',  ( -0.000000000000000000, 1.000000000000000000, -0.000000000000000000 ) ) ;
#5142 = DIRECTION ( 'NONE',  ( -1.000000000000000000, 0.000000000000000000, -0.000000000000000000 ) ) ;
#5143 = LINE ( 'NONE', #1067, #8493 ) ;
#5144 = DIRECTION ( 'NONE',  ( 1.000000000000000000, 0.000000000000000000, 0.000000000000000000 ) ) ;
#5145 = DIRECTION ( 'NONE',  ( 0.000000000000000000, 0.000000000000000000, 1.000000000000000000 ) ) ;
#5146 = ORIENTED_EDGE ( 'NONE', *, *, #6286, .F. ) ;
#5147 = EDGE_CURVE ( 'NONE', #4107, #864, #1743, .T. ) ;
#5148 = EDGE_CURVE ( 'NONE', #2420, #6488, #1160, .T. ) ;
#5149 = ORIENTED_EDGE ( 'NONE', *, *, #7887, .F. ) ;
#5150 = CARTESIAN_POINT ( 'NONE',  ( 0.8299999999999991829, -1.249999999999999112, 0.1499999999999999944 ) ) ;
#5151 = FACE_OUTER_BOUND ( 'NONE', #7788, .T. ) ;
#5152 = ORIENTED_EDGE ( 'NONE', *, *, #7552, .F. ) ;
#5153 = DIRECTION ( 'NONE',  ( -1.000000000000000000, 0.000000000000000000, -0.000000000000000000 ) ) ;
#5154 = CARTESIAN_POINT ( 'NONE',  ( 0.2000000000000000111, 0.1699999999999999567, 0.2999999999999999334 ) ) ;
#5155 = EDGE_CURVE ( 'NONE', #2722, #6366, #3831, .T. ) ;
#5156 = ORIENTED_EDGE ( 'NONE', *, *, #3107, .T. ) ;
#5157 = ADVANCED_FACE ( 'NONE', ( #5911 ), #7967, .F. ) ;
#5158 = EDGE_LOOP ( 'NONE', ( #6292, #2754, #1280, #4919, #2425, #4608, #7221, #1377 ) ) ;
#5159 =( LENGTH_UNIT ( ) NAMED_UNIT ( * ) SI_UNIT ( .MILLI., .METRE. ) );
#5160 = PLANE ( 'NONE',  #2686 ) ;
#5161 = DIRECTION ( 'NONE',  ( 1.000000000000000000, -0.000000000000000000, 0.000000000000000000 ) ) ;
#5162 = ORIENTED_EDGE ( 'NONE', *, *, #4543, .F. ) ;
#5163 = FILL_AREA_STYLE_COLOUR ( '', #7339 ) ;
#5164 = ORIENTED_EDGE ( 'NONE', *, *, #6023, .F. ) ;
#5165 = ORIENTED_EDGE ( 'NONE', *, *, #3122, .F. ) ;
#5166 = PLANE ( 'NONE',  #3796 ) ;
#5167 = EDGE_CURVE ( 'NONE', #3276, #3584, #1930, .T. ) ;
#5168 = VECTOR ( 'NONE', #2388, 1000.000000000000000 ) ;
#5169 = FACE_OUTER_BOUND ( 'NONE', #6746, .T. ) ;
#5170 = LINE ( 'NONE', #1007, #6855 ) ;
#5171 = LINE ( 'NONE', #1009, #8183 ) ;
#5172 = AXIS2_PLACEMENT_3D ( 'NONE', #1943, #3310, #1977 ) ;
#5173 = ORIENTED_EDGE ( 'NONE', *, *, #943, .T. ) ;
#5174 = MECHANICAL_DESIGN_GEOMETRIC_PRESENTATION_REPRESENTATION (  '', ( #6047 ), #3869 ) ;
#5175 = LINE ( 'NONE', #6515, #162 ) ;
#5176 = DIRECTION ( 'NONE',  ( 1.000000000000000000, 0.000000000000000000, 0.000000000000000000 ) ) ;
#5177 = CARTESIAN_POINT ( 'NONE',  ( 0.8000000000000000444, 0.000000000000000000, 0.000000000000000000 ) ) ;
#5178 = STYLED_ITEM ( 'NONE', ( #6570 ), #7312 ) ;
#5179 = MECHANICAL_DESIGN_GEOMETRIC_PRESENTATION_REPRESENTATION (  '', ( #172 ), #4162 ) ;
#5180 = CARTESIAN_POINT ( 'NONE',  ( 0.4000000000000000222, 0.000000000000000000, 0.2499999999999998335 ) ) ;
#5181 = CARTESIAN_POINT ( 'NONE',  ( 1.000000000000000000, -0.1499999999999999389, 0.2799999999999999711 ) ) ;
#5182 = DIRECTION ( 'NONE',  ( -0.000000000000000000, 1.000000000000000000, -0.000000000000000000 ) ) ;
#5183 = ORIENTED_EDGE ( 'NONE', *, *, #4186, .T. ) ;
#5184 = VECTOR ( 'NONE', #3784, 1000.000000000000000 ) ;
#5185 = ORIENTED_EDGE ( 'NONE', *, *, #8213, .T. ) ;
#5186 = CARTESIAN_POINT ( 'NONE',  ( 0.4300000000000000488, 0.1500000000000008271, 0.2499999999999998335 ) ) ;
#5187 = VERTEX_POINT ( 'NONE', #8006 ) ;
#5188 = SURFACE_SIDE_STYLE ('',( #3120 ) ) ;
#5189 = COLOUR_RGB ( '',0.6470588235294117974, 0.6196078431372549211, 0.5999999999999999778 ) ;
#5190 = STYLED_ITEM ( 'NONE', ( #8626 ), #8562 ) ;
#5191 = EDGE_CURVE ( 'NONE', #3025, #3129, #2009, .T. ) ;
#5192 = EDGE_CURVE ( 'NONE', #400, #6215, #6765, .T. ) ;
#5193 = MECHANICAL_DESIGN_GEOMETRIC_PRESENTATION_REPRESENTATION (  '', ( #1188 ), #4900 ) ;
#5194 = SURFACE_STYLE_USAGE ( .BOTH. , #2471 ) ;
#5195 = PRESENTATION_LAYER_ASSIGNMENT (  '', '', ( #2641 ) ) ;
#5196 = DIRECTION ( 'NONE',  ( 0.000000000000000000, 1.000000000000000000, -1.594414959537507173E-16 ) ) ;
#5197 = MECHANICAL_DESIGN_GEOMETRIC_PRESENTATION_REPRESENTATION (  '', ( #5061 ), #8772 ) ;
#5198 = ORIENTED_EDGE ( 'NONE', *, *, #7708, .F. ) ;
#5199 = ORIENTED_EDGE ( 'NONE', *, *, #1222, .F. ) ;
#5200 =( NAMED_UNIT ( * ) PLANE_ANGLE_UNIT ( ) SI_UNIT ( $, .RADIAN. ) );
#5201 = FILL_AREA_STYLE ('',( #1938 ) ) ;
#5202 = DIRECTION ( 'NONE',  ( 0.000000000000000000, 1.000000000000000000, 0.000000000000000000 ) ) ;
#5203 = ADVANCED_FACE ( 'NONE', ( #7378 ), #621, .F. ) ;
#5204 = EDGE_CURVE ( 'NONE', #154, #6551, #1353, .T. ) ;
#5205 = ADVANCED_FACE ( 'NONE', ( #3394 ), #1392, .F. ) ;
#5206 = PRESENTATION_LAYER_ASSIGNMENT (  '', '', ( #8065 ) ) ;
#5207 = FILL_AREA_STYLE ('',( #4528 ) ) ;
#5208 = CARTESIAN_POINT ( 'NONE',  ( 1.000000000000000000, -0.1499999999999999389, 0.2799999999999999711 ) ) ;
#5209 =( NAMED_UNIT ( * ) PLANE_ANGLE_UNIT ( ) SI_UNIT ( $, .RADIAN. ) );
#5210 = DIRECTION ( 'NONE',  ( -0.000000000000000000, 1.000000000000000000, -0.000000000000000000 ) ) ;
#5211 = ORIENTED_EDGE ( 'NONE', *, *, #3883, .T. ) ;
#5212 = LINE ( 'NONE', #7937, #4466 ) ;
#5213 = ORIENTED_EDGE ( 'NONE', *, *, #368, .T. ) ;
#5214 = VERTEX_POINT ( 'NONE', #3919 ) ;
#5215 = DIRECTION ( 'NONE',  ( -0.000000000000000000, 0.000000000000000000, 1.000000000000000000 ) ) ;
#5216 = VECTOR ( 'NONE', #7098, 1000.000000000000000 ) ;
#5217 =( NAMED_UNIT ( * ) SI_UNIT ( $, .STERADIAN. ) SOLID_ANGLE_UNIT ( ) );
#5218 =( NAMED_UNIT ( * ) SI_UNIT ( $, .STERADIAN. ) SOLID_ANGLE_UNIT ( ) );
#5219 = ADVANCED_FACE ( 'NONE', ( #3261 ), #6675, .T. ) ;
#5220 = CARTESIAN_POINT ( 'NONE',  ( 2.168404344971008868E-16, 0.1500000000000008271, 0.2795000000000000817 ) ) ;
#5221 = FACE_OUTER_BOUND ( 'NONE', #7625, .T. ) ;
#5222 = ORIENTED_EDGE ( 'NONE', *, *, #8309, .F. ) ;
#5223 = MECHANICAL_DESIGN_GEOMETRIC_PRESENTATION_REPRESENTATION (  '', ( #7208 ), #1370 ) ;
#5224 = SURFACE_STYLE_FILL_AREA ( #6560 ) ;
#5225 = LINE ( 'NONE', #2593, #5116 ) ;
#5226 = CARTESIAN_POINT ( 'NONE',  ( 0.4000000000000000222, -0.1499999999999999389, 0.1499999999999999944 ) ) ;
#5227 = DIRECTION ( 'NONE',  ( -1.000000000000000000, -0.000000000000000000, -0.000000000000000000 ) ) ;
#5228 = DIRECTION ( 'NONE',  ( -1.000000000000000000, 0.000000000000000000, -0.000000000000000000 ) ) ;
#5229 = CARTESIAN_POINT ( 'NONE',  ( 2.168404344971008868E-16, 0.1700000000000000122, -0.1499999999999999944 ) ) ;
#5230 = COLOUR_RGB ( '',0.6470588235294117974, 0.6196078431372549211, 0.5999999999999999778 ) ;
#5231 = DIRECTION ( 'NONE',  ( 0.000000000000000000, -1.000000000000000000, 0.000000000000000000 ) ) ;
#5232 = DIRECTION ( 'NONE',  ( -1.000000000000000000, -0.000000000000000000, -0.000000000000000000 ) ) ;
#5233 =( LENGTH_UNIT ( ) NAMED_UNIT ( * ) SI_UNIT ( .MILLI., .METRE. ) );
#5234 = ORIENTED_EDGE ( 'NONE', *, *, #6618, .T. ) ;
#5235 = VECTOR ( 'NONE', #709, 1000.000000000000000 ) ;
#5236 = SURFACE_SIDE_STYLE ('',( #5853 ) ) ;
#5237 = SURFACE_STYLE_USAGE ( .BOTH. , #3389 ) ;
#5238 = EDGE_LOOP ( 'NONE', ( #6372, #7215, #4454, #5251 ) ) ;
#5239 =( NAMED_UNIT ( * ) SI_UNIT ( $, .STERADIAN. ) SOLID_ANGLE_UNIT ( ) );
#5240 = UNCERTAINTY_MEASURE_WITH_UNIT (LENGTH_MEASURE( 1.000000000000000082E-05 ), #6211, 'distance_accuracy_value', 'NONE');
#5241 = VECTOR ( 'NONE', #6824, 1000.000000000000000 ) ;
#5242 = FILL_AREA_STYLE ('',( #8502 ) ) ;
#5243 = DIRECTION ( 'NONE',  ( 0.000000000000000000, 0.000000000000000000, -1.000000000000000000 ) ) ;
#5244 = VERTEX_POINT ( 'NONE', #5325 ) ;
#5245 = LINE ( 'NONE', #1842, #8854 ) ;
#5246 = COLOUR_RGB ( '',0.6470588235294117974, 0.6196078431372549211, 0.5999999999999999778 ) ;
#5247 = PLANE ( 'NONE',  #6335 ) ;
#5248 =( GEOMETRIC_REPRESENTATION_CONTEXT ( 3 ) GLOBAL_UNCERTAINTY_ASSIGNED_CONTEXT ( ( #289 ) ) GLOBAL_UNIT_ASSIGNED_CONTEXT ( ( #4948, #202, #6327 ) ) REPRESENTATION_CONTEXT ( 'NONE', 'WORKASPACE' ) );
#5249 = EDGE_LOOP ( 'NONE', ( #5213, #2338, #5262, #2111 ) ) ;
#5250 = UNCERTAINTY_MEASURE_WITH_UNIT (LENGTH_MEASURE( 1.000000000000000082E-05 ), #8516, 'distance_accuracy_value', 'NONE');
#5251 = ORIENTED_EDGE ( 'NONE', *, *, #6133, .T. ) ;
#5252 = DIRECTION ( 'NONE',  ( 1.000000000000000000, 0.000000000000000000, 0.000000000000000000 ) ) ;
#5253 = VECTOR ( 'NONE', #1779, 1000.000000000000000 ) ;
#5254 = SURFACE_SIDE_STYLE ('',( #2536 ) ) ;
#5255 = FACE_OUTER_BOUND ( 'NONE', #6891, .T. ) ;
#5256 = PRESENTATION_STYLE_ASSIGNMENT (( #3091 ) ) ;
#5257 = EDGE_LOOP ( 'NONE', ( #5531, #7749, #6040, #5173 ) ) ;
#5258 = SURFACE_STYLE_USAGE ( .BOTH. , #3759 ) ;
#5259 = EDGE_LOOP ( 'NONE', ( #2445, #5405, #3992, #8627, #5420, #1223, #4383, #6118 ) ) ;
#5260 = EDGE_CURVE ( 'NONE', #5656, #1694, #4868, .T. ) ;
#5261 = EDGE_CURVE ( 'NONE', #8497, #2266, #7721, .T. ) ;
#5262 = ORIENTED_EDGE ( 'NONE', *, *, #4587, .T. ) ;
#5263 = SURFACE_STYLE_USAGE ( .BOTH. , #8656 ) ;
#5264 = LINE ( 'NONE', #500, #294 ) ;
#5265 = CARTESIAN_POINT ( 'NONE',  ( 0.6000000000000000888, 0.1699999999999999567, 0.06916666666666672347 ) ) ;
#5266 = CARTESIAN_POINT ( 'NONE',  ( 0.5699999999999999512, 0.1700000000000000122, 0.2499999999999998335 ) ) ;
#5267 = ORIENTED_EDGE ( 'NONE', *, *, #3122, .T. ) ;
#5268 = EDGE_CURVE ( 'NONE', #1008, #8846, #7058, .T. ) ;
#5269 = STYLED_ITEM ( 'NONE', ( #4491 ), #5629 ) ;
#5270 = ADVANCED_FACE ( 'NONE', ( #884 ), #6929, .F. ) ;
#5271 = CARTESIAN_POINT ( 'NONE',  ( 0.5699999999999999512, -1.249999999999999112, -0.2499999999999998890 ) ) ;
#5272 = CARTESIAN_POINT ( 'NONE',  ( 0.8299999999999991829, -0.1500000000000008271, 0.1499999999999999944 ) ) ;
#5273 = VECTOR ( 'NONE', #3337, 1000.000000000000000 ) ;
#5274 = UNCERTAINTY_MEASURE_WITH_UNIT (LENGTH_MEASURE( 1.000000000000000082E-05 ), #4561, 'distance_accuracy_value', 'NONE');
#5275 = CARTESIAN_POINT ( 'NONE',  ( 0.3999999999999995226, 0.1500000000000008271, 0.2499999999999998890 ) ) ;
#5276 = FILL_AREA_STYLE_COLOUR ( '', #181 ) ;
#5277 = ORIENTED_EDGE ( 'NONE', *, *, #6444, .T. ) ;
#5278 = CARTESIAN_POINT ( 'NONE',  ( 1.000000000000000000, -0.1699999999999999012, 0.2999999999999999889 ) ) ;
#5279 =( LENGTH_UNIT ( ) NAMED_UNIT ( * ) SI_UNIT ( .MILLI., .METRE. ) );
#5280 = ORIENTED_EDGE ( 'NONE', *, *, #63, .T. ) ;
#5281 = CARTESIAN_POINT ( 'NONE',  ( 1.230000000000000204, 0.1500000000000008271, -0.1499999999999999944 ) ) ;
#5282 = PRESENTATION_LAYER_ASSIGNMENT (  '', '', ( #8703 ) ) ;
#5283 = FILL_AREA_STYLE ('',( #5323 ) ) ;
#5284 = SURFACE_STYLE_FILL_AREA ( #3965 ) ;
#5285 = DIRECTION ( 'NONE',  ( 0.000000000000000000, 0.000000000000000000, 1.000000000000000000 ) ) ;
#5286 = LINE ( 'NONE', #2916, #839 ) ;
#5287 = VECTOR ( 'NONE', #8536, 1000.000000000000000 ) ;
#5288 = EDGE_LOOP ( 'NONE', ( #1901, #3137, #799, #7190 ) ) ;
#5289 = STYLED_ITEM ( 'NONE', ( #5870 ), #1116 ) ;
#5290 = CARTESIAN_POINT ( 'NONE',  ( 1.350000000000000089, 0.1700000000000000122, 0.06916666666666670960 ) ) ;
#5291 = ORIENTED_EDGE ( 'NONE', *, *, #707, .F. ) ;
#5292 = SURFACE_SIDE_STYLE ('',( #489 ) ) ;
#5293 = PLANE ( 'NONE',  #4627 ) ;
#5294 = DIRECTION ( 'NONE',  ( 0.000000000000000000, -0.000000000000000000, -1.000000000000000000 ) ) ;
#5295 = CARTESIAN_POINT ( 'NONE',  ( 0.8000000000000000444, 0.1500000000000000222, -0.2499999999999998890 ) ) ;
#5296 = ORIENTED_EDGE ( 'NONE', *, *, #3541, .F. ) ;
#5297 = DIRECTION ( 'NONE',  ( 0.000000000000000000, 1.000000000000000000, 6.776263578034403699E-16 ) ) ;
#5298 = VERTEX_POINT ( 'NONE', #7556 ) ;
#5299 = ORIENTED_EDGE ( 'NONE', *, *, #4196, .F. ) ;
#5300 = FILL_AREA_STYLE_COLOUR ( '', #2035 ) ;
#5301 = EDGE_CURVE ( 'NONE', #4872, #8322, #1595, .T. ) ;
#5302 = EDGE_CURVE ( 'NONE', #5016, #8020, #3518, .T. ) ;
#5303 = DIRECTION ( 'NONE',  ( 0.000000000000000000, -5.878204549620202044E-15, -1.000000000000000000 ) ) ;
#5304 = DIRECTION ( 'NONE',  ( -0.01328367628056957572, 0.000000000000000000, -0.9999117680798007557 ) ) ;
#5305 = ORIENTED_EDGE ( 'NONE', *, *, #6564, .F. ) ;
#5306 = STYLED_ITEM ( 'NONE', ( #3075 ), #4185 ) ;
#5307 = LINE ( 'NONE', #1244, #3160 ) ;
#5308 = DIRECTION ( 'NONE',  ( 0.000000000000000000, 1.000000000000000000, 0.000000000000000000 ) ) ;
#5309 = DIRECTION ( 'NONE',  ( -0.000000000000000000, 0.000000000000000000, 1.000000000000000000 ) ) ;
#5310 = EDGE_CURVE ( 'NONE', #2123, #457, #8225, .T. ) ;
#5311 = FILL_AREA_STYLE_COLOUR ( '', #2513 ) ;
#5312 = CARTESIAN_POINT ( 'NONE',  ( 1.230000000000000204, -19.83000000000000185, 0.2499999999999998335 ) ) ;
#5313 = SURFACE_SIDE_STYLE ('',( #6205 ) ) ;
#5314 = DIRECTION ( 'NONE',  ( 0.000000000000000000, -1.807003620809174139E-16, -1.000000000000000000 ) ) ;
#5315 = EDGE_CURVE ( 'NONE', #6215, #8477, #6253, .T. ) ;
#5316 = ORIENTED_EDGE ( 'NONE', *, *, #3773, .T. ) ;
#5317 = PLANE ( 'NONE',  #7172 ) ;
#5318 = FILL_AREA_STYLE ('',( #6089 ) ) ;
#5319 = VECTOR ( 'NONE', #2960, 1000.000000000000000 ) ;
#5320 = EDGE_LOOP ( 'NONE', ( #4856, #291, #7291, #6454 ) ) ;
#5321 = DIRECTION ( 'NONE',  ( -1.000000000000000000, -0.000000000000000000, -0.000000000000000000 ) ) ;
#5322 = VECTOR ( 'NONE', #3145, 1000.000000000000000 ) ;
#5323 = FILL_AREA_STYLE_COLOUR ( '', #1315 ) ;
#5324 =( LENGTH_UNIT ( ) NAMED_UNIT ( * ) SI_UNIT ( .MILLI., .METRE. ) );
#5325 = CARTESIAN_POINT ( 'NONE',  ( 0.5699999999999999512, 0.1500000000000000222, -0.06916666666666672347 ) ) ;
#5326 = SURFACE_STYLE_USAGE ( .BOTH. , #2690 ) ;
#5327 = VECTOR ( 'NONE', #1608, 1000.000000000000000 ) ;
#5328 = MECHANICAL_DESIGN_GEOMETRIC_PRESENTATION_REPRESENTATION (  '', ( #6879 ), #3590 ) ;
#5329 = EDGE_CURVE ( 'NONE', #846, #2026, #5003, .T. ) ;
#5330 =( NAMED_UNIT ( * ) PLANE_ANGLE_UNIT ( ) SI_UNIT ( $, .RADIAN. ) );
#5331 = EDGE_CURVE ( 'NONE', #2828, #5819, #4959, .T. ) ;
#5332 =( GEOMETRIC_REPRESENTATION_CONTEXT ( 3 ) GLOBAL_UNCERTAINTY_ASSIGNED_CONTEXT ( ( #1005 ) ) GLOBAL_UNIT_ASSIGNED_CONTEXT ( ( #4683, #2720, #8129 ) ) REPRESENTATION_CONTEXT ( 'NONE', 'WORKASPACE' ) );
#5333 = ORIENTED_EDGE ( 'NONE', *, *, #8646, .F. ) ;
#5334 = ADVANCED_FACE ( 'NONE', ( #2104 ), #6337, .F. ) ;
#5335 = PLANE ( 'NONE',  #3466 ) ;
#5336 = EDGE_LOOP ( 'NONE', ( #6714, #1419, #217, #6016 ) ) ;
#5337 = DIRECTION ( 'NONE',  ( 0.000000000000000000, -1.000000000000000000, 0.000000000000000000 ) ) ;
#5338 =( LENGTH_UNIT ( ) NAMED_UNIT ( * ) SI_UNIT ( .MILLI., .METRE. ) );
#5339 = SURFACE_STYLE_FILL_AREA ( #8786 ) ;
#5340 = COLOUR_RGB ( '',0.6470588235294117974, 0.6196078431372549211, 0.5999999999999999778 ) ;
#5341 =( NAMED_UNIT ( * ) SI_UNIT ( $, .STERADIAN. ) SOLID_ANGLE_UNIT ( ) );
#5342 = PRESENTATION_LAYER_ASSIGNMENT (  '', '', ( #5612 ) ) ;
#5343 = DIRECTION ( 'NONE',  ( -1.000000000000000000, 0.000000000000000000, -0.000000000000000000 ) ) ;
#5344 = ORIENTED_EDGE ( 'NONE', *, *, #1976, .F. ) ;
#5345 = VECTOR ( 'NONE', #5022, 1000.000000000000000 ) ;
#5346 = CARTESIAN_POINT ( 'NONE',  ( 0.1700000000000000122, -0.1500000000000000500, -0.1499999999999999944 ) ) ;
#5347 = ORIENTED_EDGE ( 'NONE', *, *, #7650, .F. ) ;
#5348 = MECHANICAL_DESIGN_GEOMETRIC_PRESENTATION_REPRESENTATION (  '', ( #5915 ), #3747 ) ;
#5349 = ORIENTED_EDGE ( 'NONE', *, *, #1399, .F. ) ;
#5350 = VECTOR ( 'NONE', #6317, 1000.000000000000000 ) ;
#5351 = LINE ( 'NONE', #6018, #3235 ) ;
#5352 = SURFACE_SIDE_STYLE ('',( #582 ) ) ;
#5353 = CARTESIAN_POINT ( 'NONE',  ( 0.1700000000000000122, -19.83000000000000185, 0.2499999999999998335 ) ) ;
#5354 = LINE ( 'NONE', #5220, #695 ) ;
#5355 = LINE ( 'NONE', #4676, #3659 ) ;
#5356 = EDGE_LOOP ( 'NONE', ( #2446, #3375, #1295, #7075 ) ) ;
#5357 = ORIENTED_EDGE ( 'NONE', *, *, #2308, .F. ) ;
#5358 =( NAMED_UNIT ( * ) SI_UNIT ( $, .STERADIAN. ) SOLID_ANGLE_UNIT ( ) );
#5359 = VECTOR ( 'NONE', #1515, 1000.000000000000000 ) ;
#5360 = PLANE ( 'NONE',  #8340 ) ;
#5361 = SURFACE_STYLE_USAGE ( .BOTH. , #1148 ) ;
#5362 = PRESENTATION_STYLE_ASSIGNMENT (( #2046 ) ) ;
#5363 = CARTESIAN_POINT ( 'NONE',  ( 0.1700000000000000122, -19.83000000000000185, -0.2499999999999998890 ) ) ;
#5364 = CARTESIAN_POINT ( 'NONE',  ( 1.400000000000000133, 0.1499999999999999667, 0.2799999999999999711 ) ) ;
#5365 = MECHANICAL_DESIGN_GEOMETRIC_PRESENTATION_REPRESENTATION (  '', ( #8076 ), #4057 ) ;
#5366 = VERTEX_POINT ( 'NONE', #5671 ) ;
#5367 = DIRECTION ( 'NONE',  ( 0.000000000000000000, 0.000000000000000000, 1.000000000000000000 ) ) ;
#5368 = ADVANCED_FACE ( 'NONE', ( #4262 ), #8406, .F. ) ;
#5369 = EDGE_CURVE ( 'NONE', #6344, #4249, #1017, .T. ) ;
#5371 = EDGE_CURVE ( 'NONE', #8577, #1504, #8535, .T. ) ;
#5370 = FACE_OUTER_BOUND ( 'NONE', #442, .T. ) ;
#5372 = CARTESIAN_POINT ( 'NONE',  ( 0.5699999999999999512, -0.1700000000000000122, 0.2499999999999998335 ) ) ;
#5373 = STYLED_ITEM ( 'NONE', ( #7287 ), #3069 ) ;
#5374 = PRESENTATION_STYLE_ASSIGNMENT (( #661 ) ) ;
#5375 = CARTESIAN_POINT ( 'NONE',  ( 0.5699999999999999512, -0.1700000000000000122, -0.2499999999999998890 ) ) ;
#5376 =( LENGTH_UNIT ( ) NAMED_UNIT ( * ) SI_UNIT ( .MILLI., .METRE. ) );
#5377 = VERTEX_POINT ( 'NONE', #7911 ) ;
#5378 = DIRECTION ( 'NONE',  ( 0.000000000000000000, 0.000000000000000000, -1.000000000000000000 ) ) ;
#5379 = DIRECTION ( 'NONE',  ( 1.000000000000000000, 0.000000000000000000, -0.000000000000000000 ) ) ;
#5380 = ORIENTED_EDGE ( 'NONE', *, *, #4428, .F. ) ;
#5381 = CARTESIAN_POINT ( 'NONE',  ( 0.9999999999999991118, -0.1500000000000008271, 0.2795000000000000817 ) ) ;
#5382 = ADVANCED_FACE ( 'NONE', ( #3820 ), #6479, .F. ) ;
#5383 = ORIENTED_EDGE ( 'NONE', *, *, #2652, .F. ) ;
#5384 = LINE ( 'NONE', #626, #1603 ) ;
#5385 = EDGE_CURVE ( 'NONE', #6255, #7678, #6427, .T. ) ;
#5386 = CARTESIAN_POINT ( 'NONE',  ( 1.380000000000000115, 0.1500000000000000222, -0.06916666666666672347 ) ) ;
#5387 = CARTESIAN_POINT ( 'NONE',  ( 0.02000000000000021899, 0.1700000000000000122, 0.1499999999999999667 ) ) ;
#5388 = STYLED_ITEM ( 'NONE', ( #3513 ), #176 ) ;
#5389 = LINE ( 'NONE', #7296, #6820 ) ;
#5390 =( GEOMETRIC_REPRESENTATION_CONTEXT ( 3 ) GLOBAL_UNCERTAINTY_ASSIGNED_CONTEXT ( ( #4291 ) ) GLOBAL_UNIT_ASSIGNED_CONTEXT ( ( #1776, #4494, #3849 ) ) REPRESENTATION_CONTEXT ( 'NONE', 'WORKASPACE' ) );
#5391 = FILL_AREA_STYLE ('',( #3888 ) ) ;
#5392 = ORIENTED_EDGE ( 'NONE', *, *, #5260, .T. ) ;
#5393 = ORIENTED_EDGE ( 'NONE', *, *, #6514, .F. ) ;
#5394 = ORIENTED_EDGE ( 'NONE', *, *, #8531, .F. ) ;
#5395 = PRESENTATION_LAYER_ASSIGNMENT (  '', '', ( #371 ) ) ;
#5396 = PRESENTATION_LAYER_ASSIGNMENT (  '', '', ( #2812 ) ) ;
#5397 = EDGE_CURVE ( 'NONE', #3068, #4286, #1731, .T. ) ;
#5398 = LINE ( 'NONE', #7533, #4197 ) ;
#5399 = CARTESIAN_POINT ( 'NONE',  ( 1.000000000000000000, -1.249999999999999112, -0.2499999999999998890 ) ) ;
#5400 = UNCERTAINTY_MEASURE_WITH_UNIT (LENGTH_MEASURE( 1.000000000000000082E-05 ), #8668, 'distance_accuracy_value', 'NONE');
#5401 = LINE ( 'NONE', #6601, #8418 ) ;
#5402 = CARTESIAN_POINT ( 'NONE',  ( 0.9700000000000000844, -19.83000000000000185, 0.2499999999999998335 ) ) ;
#5403 = PRESENTATION_LAYER_ASSIGNMENT (  '', '', ( #7249 ) ) ;
#5404 = VERTEX_POINT ( 'NONE', #4502 ) ;
#5405 = ORIENTED_EDGE ( 'NONE', *, *, #2496, .T. ) ;
#5406 = VECTOR ( 'NONE', #7431, 1000.000000000000000 ) ;
#5407 = FILL_AREA_STYLE_COLOUR ( '', #4929 ) ;
#5408 = DIRECTION ( 'NONE',  ( -0.000000000000000000, 1.000000000000000000, -0.000000000000000000 ) ) ;
#5409 = LINE ( 'NONE', #6084, #994 ) ;
#5410 = CARTESIAN_POINT ( 'NONE',  ( 0.9700000000000000844, -0.1699999999999999289, 0.1499999999999999944 ) ) ;
#5411 = EDGE_LOOP ( 'NONE', ( #6944, #2377, #5349, #5305 ) ) ;
#5412 = FILL_AREA_STYLE_COLOUR ( '', #4440 ) ;
#5413 = PLANE ( 'NONE',  #3515 ) ;
#5414 = PRESENTATION_STYLE_ASSIGNMENT (( #6882 ) ) ;
#5415 = LINE ( 'NONE', #1262, #5026 ) ;
#5416 =( GEOMETRIC_REPRESENTATION_CONTEXT ( 3 ) GLOBAL_UNCERTAINTY_ASSIGNED_CONTEXT ( ( #4297 ) ) GLOBAL_UNIT_ASSIGNED_CONTEXT ( ( #6999, #4859, #871 ) ) REPRESENTATION_CONTEXT ( 'NONE', 'WORKASPACE' ) );
#5417 = CARTESIAN_POINT ( 'NONE',  ( 0.7999999999999991562, -1.249999999999999112, 0.2795000000000000262 ) ) ;
#5418 = EDGE_CURVE ( 'NONE', #8752, #3924, #5053, .T. ) ;
#5419 = EDGE_CURVE ( 'NONE', #7828, #7361, #426, .T. ) ;
#5420 = ORIENTED_EDGE ( 'NONE', *, *, #8376, .T. ) ;
#5421 = AXIS2_PLACEMENT_3D ( 'NONE', #7667, #2712, #7494 ) ;
#5422 = ORIENTED_EDGE ( 'NONE', *, *, #2226, .T. ) ;
#5423 = SURFACE_SIDE_STYLE ('',( #7479 ) ) ;
#5424 = SURFACE_STYLE_FILL_AREA ( #4743 ) ;
#5425 = DIRECTION ( 'NONE',  ( 0.000000000000000000, 0.000000000000000000, 1.000000000000000000 ) ) ;
#5426 =( LENGTH_UNIT ( ) NAMED_UNIT ( * ) SI_UNIT ( .MILLI., .METRE. ) );
#5427 = EDGE_CURVE ( 'NONE', #1836, #3285, #253, .T. ) ;
#5428 =( NAMED_UNIT ( * ) SI_UNIT ( $, .STERADIAN. ) SOLID_ANGLE_UNIT ( ) );
#5429 = PLANE ( 'NONE',  #2753 ) ;
#5430 = DIRECTION ( 'NONE',  ( 0.000000000000000000, 1.000000000000000000, 0.000000000000000000 ) ) ;
#5431 = ORIENTED_EDGE ( 'NONE', *, *, #5427, .T. ) ;
#5432 = EDGE_CURVE ( 'NONE', #5244, #4101, #4355, .T. ) ;
#5433 = VERTEX_POINT ( 'NONE', #2597 ) ;
#5434 = EDGE_LOOP ( 'NONE', ( #6830, #5934, #6781, #5876, #6933, #4741, #6984, #7609 ) ) ;
#5435 = DIRECTION ( 'NONE',  ( 1.000000000000000000, 0.000000000000000000, 0.000000000000000000 ) ) ;
#5436 = MECHANICAL_DESIGN_GEOMETRIC_PRESENTATION_REPRESENTATION (  '', ( #5289 ), #1547 ) ;
#5437 = FILL_AREA_STYLE ('',( #4672 ) ) ;
#5438 = CARTESIAN_POINT ( 'NONE',  ( 1.400000000000000133, 0.1499999999999999667, 0.2499999999999998335 ) ) ;
#5439 = DIRECTION ( 'NONE',  ( -1.000000000000000000, 0.000000000000000000, 0.000000000000000000 ) ) ;
#5440 = LINE ( 'NONE', #8164, #8617 ) ;
#5441 = ORIENTED_EDGE ( 'NONE', *, *, #3709, .T. ) ;
#5442 = UNCERTAINTY_MEASURE_WITH_UNIT (LENGTH_MEASURE( 1.000000000000000082E-05 ), #6077, 'distance_accuracy_value', 'NONE');
#5443 = ORIENTED_EDGE ( 'NONE', *, *, #4258, .T. ) ;
#5444 = CARTESIAN_POINT ( 'NONE',  ( 0.8299999999999999600, -1.249999999999999112, -0.1499999999999999944 ) ) ;
#5445 = SURFACE_STYLE_USAGE ( .BOTH. , #3247 ) ;
#5446 = SURFACE_SIDE_STYLE ('',( #2719 ) ) ;
#5447 = PLANE ( 'NONE',  #1184 ) ;
#5448 = CARTESIAN_POINT ( 'NONE',  ( 0.3999999999999995226, 0.1500000000000008271, 0.2795000000000000262 ) ) ;
#5449 = EDGE_LOOP ( 'NONE', ( #5316, #1345, #7284, #2582 ) ) ;
#5450 = DIRECTION ( 'NONE',  ( 0.000000000000000000, 0.000000000000000000, 1.000000000000000000 ) ) ;
#5451 = PLANE ( 'NONE',  #238 ) ;
#5452 = DIRECTION ( 'NONE',  ( 0.000000000000000000, -1.807003620809174139E-16, 1.000000000000000000 ) ) ;
#5453 = LINE ( 'NONE', #4734, #877 ) ;
#5454 = DIRECTION ( 'NONE',  ( 1.000000000000000000, 0.000000000000000000, -0.000000000000000000 ) ) ;
#5455 = DIRECTION ( 'NONE',  ( -1.000000000000000000, 0.000000000000000000, 0.000000000000000000 ) ) ;
#5456 = VECTOR ( 'NONE', #6090, 999.9999999999998863 ) ;
#5457 = LINE ( 'NONE', #8274, #7477 ) ;
#5458 = EDGE_LOOP ( 'NONE', ( #3636, #7202, #718, #963 ) ) ;
#5459 = SURFACE_STYLE_USAGE ( .BOTH. , #4180 ) ;
#5460 = ORIENTED_EDGE ( 'NONE', *, *, #1102, .T. ) ;
#5461 = LINE ( 'NONE', #754, #2329 ) ;
#5462 = ADVANCED_FACE ( 'NONE', ( #1956 ), #6665, .F. ) ;
#5463 = FILL_AREA_STYLE_COLOUR ( '', #828 ) ;
#5464 =( NAMED_UNIT ( * ) PLANE_ANGLE_UNIT ( ) SI_UNIT ( $, .RADIAN. ) );
#5465 = VECTOR ( 'NONE', #3238, 1000.000000000000000 ) ;
#5466 = DIRECTION ( 'NONE',  ( 0.000000000000000000, 1.000000000000000000, 0.000000000000000000 ) ) ;
#5467 = SURFACE_SIDE_STYLE ('',( #2069 ) ) ;
#5468 = FILL_AREA_STYLE_COLOUR ( '', #7316 ) ;
#5469 = CARTESIAN_POINT ( 'NONE',  ( 0.4000000000000000222, 0.1700000000000000122, -0.06916666666666672347 ) ) ;
#5470 =( GEOMETRIC_REPRESENTATION_CONTEXT ( 3 ) GLOBAL_UNCERTAINTY_ASSIGNED_CONTEXT ( ( #2037 ) ) GLOBAL_UNIT_ASSIGNED_CONTEXT ( ( #1973, #3305, #8784 ) ) REPRESENTATION_CONTEXT ( 'NONE', 'WORKASPACE' ) );
#5471 = ORIENTED_EDGE ( 'NONE', *, *, #2262, .T. ) ;
#5472 = VECTOR ( 'NONE', #399, 1000.000000000000000 ) ;
#5473 =( LENGTH_UNIT ( ) NAMED_UNIT ( * ) SI_UNIT ( .MILLI., .METRE. ) );
#5474 = ORIENTED_EDGE ( 'NONE', *, *, #108, .T. ) ;
#5475 = PRESENTATION_LAYER_ASSIGNMENT (  '', '', ( #5900 ) ) ;
#5476 = EDGE_LOOP ( 'NONE', ( #3844, #6504, #2255, #2462 ) ) ;
#5477 = ADVANCED_FACE ( 'NONE', ( #6034 ), #4777, .F. ) ;
#5478 = EDGE_CURVE ( 'NONE', #654, #1809, #3203, .T. ) ;
#5479 = UNCERTAINTY_MEASURE_WITH_UNIT (LENGTH_MEASURE( 1.000000000000000082E-05 ), #7910, 'distance_accuracy_value', 'NONE');
#5480 = ADVANCED_FACE ( 'NONE', ( #1253 ), #1149, .F. ) ;
#5481 = MECHANICAL_DESIGN_GEOMETRIC_PRESENTATION_REPRESENTATION (  '', ( #6052 ), #1610 ) ;
#5482 =( GEOMETRIC_REPRESENTATION_CONTEXT ( 3 ) GLOBAL_UNCERTAINTY_ASSIGNED_CONTEXT ( ( #4222 ) ) GLOBAL_UNIT_ASSIGNED_CONTEXT ( ( #5233, #4554, #3912 ) ) REPRESENTATION_CONTEXT ( 'NONE', 'WORKASPACE' ) );
#5483 =( LENGTH_UNIT ( ) NAMED_UNIT ( * ) SI_UNIT ( .MILLI., .METRE. ) );
#5484 = SURFACE_STYLE_USAGE ( .BOTH. , #2129 ) ;
#5485 = PRESENTATION_LAYER_ASSIGNMENT (  '', '', ( #3605 ) ) ;
#5486 = DIRECTION ( 'NONE',  ( 0.000000000000000000, -1.000000000000000000, 0.000000000000000000 ) ) ;
#5487 = PRESENTATION_STYLE_ASSIGNMENT (( #1329 ) ) ;
#5488 = ORIENTED_EDGE ( 'NONE', *, *, #7171, .T. ) ;
#5489 = ORIENTED_EDGE ( 'NONE', *, *, #8258, .F. ) ;
#5490 = CARTESIAN_POINT ( 'NONE',  ( 0.5699999999999995071, -1.249999999999999112, 0.1499999999999999944 ) ) ;
#5491 = EDGE_CURVE ( 'NONE', #728, #4467, #6799, .T. ) ;
#5492 = DIRECTION ( 'NONE',  ( 0.000000000000000000, 0.000000000000000000, 1.000000000000000000 ) ) ;
#5493 = MECHANICAL_DESIGN_GEOMETRIC_PRESENTATION_REPRESENTATION (  '', ( #770 ), #7347 ) ;
#5494 = SURFACE_SIDE_STYLE ('',( #2271 ) ) ;
#5495 = LINE ( 'NONE', #4637, #3458 ) ;
#5496 = VERTEX_POINT ( 'NONE', #6082 ) ;
#5497 = STYLED_ITEM ( 'NONE', ( #793 ), #3201 ) ;
#5498 = CARTESIAN_POINT ( 'NONE',  ( -0.04574584690419209593, 0.1700000000000000122, -0.2499999999999998890 ) ) ;
#5499 = LINE ( 'NONE', #6807, #6831 ) ;
#5500 = SURFACE_STYLE_USAGE ( .BOTH. , #6884 ) ;
#5501 = AXIS2_PLACEMENT_3D ( 'NONE', #5036, #8399, #5085 ) ;
#5502 = FILL_AREA_STYLE ('',( #2238 ) ) ;
#5503 = FACE_OUTER_BOUND ( 'NONE', #905, .T. ) ;
#5504 = VERTEX_POINT ( 'NONE', #651 ) ;
#5505 = PLANE ( 'NONE',  #4650 ) ;
#5506 = ORIENTED_EDGE ( 'NONE', *, *, #5658, .T. ) ;
#5507 = STYLED_ITEM ( 'NONE', ( #7147 ), #3056 ) ;
#5508 = SURFACE_STYLE_USAGE ( .BOTH. , #8188 ) ;
#5509 =( NAMED_UNIT ( * ) SI_UNIT ( $, .STERADIAN. ) SOLID_ANGLE_UNIT ( ) );
#5510 = SURFACE_SIDE_STYLE ('',( #4323 ) ) ;
#5511 = ADVANCED_FACE ( 'NONE', ( #8806 ), #2680, .F. ) ;
#5512 = PLANE ( 'NONE',  #764 ) ;
#5513 = SURFACE_SIDE_STYLE ('',( #132 ) ) ;
#5514 = STYLED_ITEM ( 'NONE', ( #1884 ), #3166 ) ;
#5515 =( NAMED_UNIT ( * ) PLANE_ANGLE_UNIT ( ) SI_UNIT ( $, .RADIAN. ) );
#5516 = EDGE_LOOP ( 'NONE', ( #183, #5296, #5712, #7751 ) ) ;
#5517 = ORIENTED_EDGE ( 'NONE', *, *, #7441, .T. ) ;
#5518 = DIRECTION ( 'NONE',  ( 0.000000000000000000, -1.000000000000000000, 0.000000000000000000 ) ) ;
#5519 = PRESENTATION_LAYER_ASSIGNMENT (  '', '', ( #7233 ) ) ;
#5520 = DIRECTION ( 'NONE',  ( -0.000000000000000000, 1.000000000000000000, -0.000000000000000000 ) ) ;
#5521 = PRESENTATION_STYLE_ASSIGNMENT (( #69 ) ) ;
#5522 = FACE_OUTER_BOUND ( 'NONE', #8344, .T. ) ;
#5523 = DIRECTION ( 'NONE',  ( 0.000000000000000000, -1.000000000000000000, -1.594414959537506680E-16 ) ) ;
#5524 = ADVANCED_FACE ( 'NONE', ( #7504 ), #8303, .F. ) ;
#5525 = EDGE_CURVE ( 'NONE', #2312, #7559, #693, .T. ) ;
#5526 =( GEOMETRIC_REPRESENTATION_CONTEXT ( 3 ) GLOBAL_UNCERTAINTY_ASSIGNED_CONTEXT ( ( #7113 ) ) GLOBAL_UNIT_ASSIGNED_CONTEXT ( ( #4577, #3806, #5880 ) ) REPRESENTATION_CONTEXT ( 'NONE', 'WORKASPACE' ) );
#5527 = MECHANICAL_DESIGN_GEOMETRIC_PRESENTATION_REPRESENTATION (  '', ( #795 ), #3650 ) ;
#5528 = VERTEX_POINT ( 'NONE', #6324 ) ;
#5529 = UNCERTAINTY_MEASURE_WITH_UNIT (LENGTH_MEASURE( 1.000000000000000082E-05 ), #5795, 'distance_accuracy_value', 'NONE');
#5530 = COLOUR_RGB ( '',0.6470588235294117974, 0.6196078431372549211, 0.5999999999999999778 ) ;
#5531 = ORIENTED_EDGE ( 'NONE', *, *, #3674, .T. ) ;
#5532 = DIRECTION ( 'NONE',  ( 0.000000000000000000, -1.000000000000000000, 0.000000000000000000 ) ) ;
#5533 = VECTOR ( 'NONE', #5578, 1000.000000000000000 ) ;
#5534 = MECHANICAL_DESIGN_GEOMETRIC_PRESENTATION_REPRESENTATION (  '', ( #3522 ), #4677 ) ;
#5535 = CARTESIAN_POINT ( 'NONE',  ( 1.000000000000000000, 0.000000000000000000, 0.000000000000000000 ) ) ;
#5536 = ADVANCED_FACE ( 'NONE', ( #7579 ), #3548, .F. ) ;
#5537 = DIRECTION ( 'NONE',  ( 0.000000000000000000, -1.000000000000000000, -1.594414959537506680E-16 ) ) ;
#5538 = ORIENTED_EDGE ( 'NONE', *, *, #3225, .T. ) ;
#5539 = EDGE_CURVE ( 'NONE', #8840, #1035, #2140, .T. ) ;
#5540 = AXIS2_PLACEMENT_3D ( 'NONE', #7501, #5532, #2136 ) ;
#5541 = DIRECTION ( 'NONE',  ( 0.000000000000000000, 0.000000000000000000, 1.000000000000000000 ) ) ;
#5542 = LINE ( 'NONE', #7006, #1822 ) ;
#5543 = COLOUR_RGB ( '',0.6470588235294117974, 0.6196078431372549211, 0.5999999999999999778 ) ;
#5544 = EDGE_LOOP ( 'NONE', ( #7400, #3562, #7115, #7264 ) ) ;
#5545 =( NAMED_UNIT ( * ) SI_UNIT ( $, .STERADIAN. ) SOLID_ANGLE_UNIT ( ) );
#5546 = UNCERTAINTY_MEASURE_WITH_UNIT (LENGTH_MEASURE( 1.000000000000000082E-05 ), #1133, 'distance_accuracy_value', 'NONE');
#5547 = CARTESIAN_POINT ( 'NONE',  ( 0.000000000000000000, 0.1699999999999999567, 0.2999999999999999334 ) ) ;
#5548 = DIRECTION ( 'NONE',  ( 0.000000000000000000, 1.807003620809174139E-16, 1.000000000000000000 ) ) ;
#5549 = CARTESIAN_POINT ( 'NONE',  ( 1.400000000000000133, 0.1699999999999999567, 0.2999999999999999334 ) ) ;
#5550 = PLANE ( 'NONE',  #3742 ) ;
#5551 = ORIENTED_EDGE ( 'NONE', *, *, #1826, .T. ) ;
#5552 = CARTESIAN_POINT ( 'NONE',  ( 1.230000000000000204, -0.1700000000000000122, 0.2499999999999998335 ) ) ;
#5553 = EDGE_LOOP ( 'NONE', ( #7177, #8558, #2012, #8397 ) ) ;
#5554 = MECHANICAL_DESIGN_GEOMETRIC_PRESENTATION_REPRESENTATION (  '', ( #5269 ), #1279 ) ;
#5555 = CARTESIAN_POINT ( 'NONE',  ( 0.2000000000000000111, -0.1700000000000000122, -0.2499999999999998890 ) ) ;
#5556 = LINE ( 'NONE', #3569, #314 ) ;
#5557 =( NAMED_UNIT ( * ) PLANE_ANGLE_UNIT ( ) SI_UNIT ( $, .RADIAN. ) );
#5558 = DIRECTION ( 'NONE',  ( 0.000000000000000000, 0.000000000000000000, -1.000000000000000000 ) ) ;
#5559 = VERTEX_POINT ( 'NONE', #5661 ) ;
#5560 = ORIENTED_EDGE ( 'NONE', *, *, #2087, .T. ) ;
#5561 = CARTESIAN_POINT ( 'NONE',  ( 0.5699999999999999512, -0.1699999999999999289, 0.1499999999999999944 ) ) ;
#5562 = CARTESIAN_POINT ( 'NONE',  ( 0.1700000000000000122, -0.1700000000000000400, -0.1499999999999999944 ) ) ;
#5563 =( GEOMETRIC_REPRESENTATION_CONTEXT ( 3 ) GLOBAL_UNCERTAINTY_ASSIGNED_CONTEXT ( ( #1010 ) ) GLOBAL_UNIT_ASSIGNED_CONTEXT ( ( #8226, #1931, #1267 ) ) REPRESENTATION_CONTEXT ( 'NONE', 'WORKASPACE' ) );
#5564 = PLANE ( 'NONE',  #1831 ) ;
#5565 =( LENGTH_UNIT ( ) NAMED_UNIT ( * ) SI_UNIT ( .MILLI., .METRE. ) );
#5566 = FILL_AREA_STYLE ('',( #6151 ) ) ;
#5567 =( LENGTH_UNIT ( ) NAMED_UNIT ( * ) SI_UNIT ( .MILLI., .METRE. ) );
#5568 = ORIENTED_EDGE ( 'NONE', *, *, #2496, .F. ) ;
#5569 = AXIS2_PLACEMENT_3D ( 'NONE', #5364, #8855, #513 ) ;
#5570 = EDGE_LOOP ( 'NONE', ( #4784, #4122, #8381, #6109 ) ) ;
#5571 = STYLED_ITEM ( 'NONE', ( #232 ), #1090 ) ;
#5572 = CARTESIAN_POINT ( 'NONE',  ( 0.5699999999999999512, 0.1700000000000000122, -0.2499999999999998890 ) ) ;
#5573 = ADVANCED_FACE ( 'NONE', ( #4903 ), #7627, .F. ) ;
#5574 = FACE_OUTER_BOUND ( 'NONE', #5257, .T. ) ;
#5575 = DIRECTION ( 'NONE',  ( 0.000000000000000000, -0.000000000000000000, -1.000000000000000000 ) ) ;
#5576 = PRESENTATION_LAYER_ASSIGNMENT (  '', '', ( #2007 ) ) ;
#5577 = ORIENTED_EDGE ( 'NONE', *, *, #6238, .T. ) ;
#5578 = DIRECTION ( 'NONE',  ( 1.000000000000000000, 0.000000000000000000, 0.000000000000000000 ) ) ;
#5579 = SURFACE_STYLE_USAGE ( .BOTH. , #6968 ) ;
#5580 = EDGE_CURVE ( 'NONE', #6529, #5851, #245, .T. ) ;
#5581 = PRESENTATION_STYLE_ASSIGNMENT (( #6164 ) ) ;
#5582 = ADVANCED_FACE ( 'NONE', ( #7850 ), #7761, .T. ) ;
#5583 = CARTESIAN_POINT ( 'NONE',  ( 0.8000000000000000444, 0.1700000000000000122, -0.06916666666666672347 ) ) ;
#5584 = UNCERTAINTY_MEASURE_WITH_UNIT (LENGTH_MEASURE( 1.000000000000000082E-05 ), #1447, 'distance_accuracy_value', 'NONE');
#5585 = ORIENTED_EDGE ( 'NONE', *, *, #5419, .F. ) ;
#5586 = FACE_OUTER_BOUND ( 'NONE', #1993, .T. ) ;
#5587 = ORIENTED_EDGE ( 'NONE', *, *, #6747, .T. ) ;
#5588 = LINE ( 'NONE', #3029, #4022 ) ;
#5589 = PLANE ( 'NONE',  #1978 ) ;
#5590 = PRESENTATION_LAYER_ASSIGNMENT (  '', '', ( #5882 ) ) ;
#5591 = LINE ( 'NONE', #2905, #4527 ) ;
#5592 = ADVANCED_FACE ( 'NONE', ( #2969 ), #7712, .F. ) ;
#5593 = AXIS2_PLACEMENT_3D ( 'NONE', #7402, #5486, #3411 ) ;
#5594 = CARTESIAN_POINT ( 'NONE',  ( 1.200000000000000178, 0.000000000000000000, -0.2499999999999998890 ) ) ;
#5595 = DIRECTION ( 'NONE',  ( -0.000000000000000000, 0.000000000000000000, -1.000000000000000000 ) ) ;
#5596 = EDGE_LOOP ( 'NONE', ( #536, #1531, #1735, #5738, #8600, #6791, #8461, #767 ) ) ;
#5597 = ORIENTED_EDGE ( 'NONE', *, *, #5630, .T. ) ;
#5598 = COLOUR_RGB ( '',0.6470588235294117974, 0.6196078431372549211, 0.5999999999999999778 ) ;
#5599 = VECTOR ( 'NONE', #4551, 1000.000000000000000 ) ;
#5600 = LINE ( 'NONE', #188, #6067 ) ;
#5601 = COLOUR_RGB ( '',0.1019607843137254888, 0.1019607843137254888, 0.1019607843137254888 ) ;
#5602 = CARTESIAN_POINT ( 'NONE',  ( 1.400000000000000133, 0.000000000000000000, 0.000000000000000000 ) ) ;
#5603 = CARTESIAN_POINT ( 'NONE',  ( 0.2000000000000000111, -0.1699999999999999012, 0.2499999999999998335 ) ) ;
#5604 = PLANE ( 'NONE',  #2837 ) ;
#5605 = ORIENTED_EDGE ( 'NONE', *, *, #64, .F. ) ;
#5606 = VECTOR ( 'NONE', #4325, 1000.000000000000000 ) ;
#5607 = VECTOR ( 'NONE', #3293, 1000.000000000000000 ) ;
#5608 = PRESENTATION_STYLE_ASSIGNMENT (( #6411 ) ) ;
#5609 = ORIENTED_EDGE ( 'NONE', *, *, #5191, .T. ) ;
#5610 = AXIS2_PLACEMENT_3D ( 'NONE', #8747, #8208, #6152 ) ;
#5611 = ORIENTED_EDGE ( 'NONE', *, *, #495, .T. ) ;
#5612 = STYLED_ITEM ( 'NONE', ( #555 ), #8530 ) ;
#5613 = DIRECTION ( 'NONE',  ( 1.000000000000000000, 0.000000000000000000, -0.000000000000000000 ) ) ;
#5614 = MECHANICAL_DESIGN_GEOMETRIC_PRESENTATION_REPRESENTATION (  '', ( #1346 ), #2703 ) ;
#5615 = LINE ( 'NONE', #4944, #2788 ) ;
#5616 = FACE_OUTER_BOUND ( 'NONE', #6264, .T. ) ;
#5617 = VECTOR ( 'NONE', #5297, 1000.000000000000000 ) ;
#5618 = SURFACE_STYLE_FILL_AREA ( #3593 ) ;
#5619 = ORIENTED_EDGE ( 'NONE', *, *, #4619, .T. ) ;
#5620 = VECTOR ( 'NONE', #508, 1000.000000000000000 ) ;
#5621 = FACE_OUTER_BOUND ( 'NONE', #2664, .T. ) ;
#5622 = DIRECTION ( 'NONE',  ( 1.000000000000000000, 0.000000000000000000, 0.000000000000000000 ) ) ;
#5623 = PRESENTATION_LAYER_ASSIGNMENT (  '', '', ( #6915 ) ) ;
#5624 = DIRECTION ( 'NONE',  ( -0.000000000000000000, 0.000000000000000000, 1.000000000000000000 ) ) ;
#5625 =( LENGTH_UNIT ( ) NAMED_UNIT ( * ) SI_UNIT ( .MILLI., .METRE. ) );
#5626 = SURFACE_STYLE_USAGE ( .BOTH. , #1477 ) ;
#5627 = VERTEX_POINT ( 'NONE', #287 ) ;
#5628 = EDGE_CURVE ( 'NONE', #3025, #8380, #5170, .T. ) ;
#5629 = ADVANCED_FACE ( 'NONE', ( #5839 ), #8565, .F. ) ;
#5630 = EDGE_CURVE ( 'NONE', #4226, #5069, #8798, .T. ) ;
#5631 = ORIENTED_EDGE ( 'NONE', *, *, #3060, .F. ) ;
#5632 = VERTEX_POINT ( 'NONE', #7403 ) ;
#5633 = LINE ( 'NONE', #8370, #180 ) ;
#5634 = CARTESIAN_POINT ( 'NONE',  ( 1.350000000000000089, 0.1500000000000000222, -0.06916666666666672347 ) ) ;
#5635 = VECTOR ( 'NONE', #6426, 1000.000000000000000 ) ;
#5636 = UNCERTAINTY_MEASURE_WITH_UNIT (LENGTH_MEASURE( 1.000000000000000082E-05 ), #6689, 'distance_accuracy_value', 'NONE');
#5637 = DIRECTION ( 'NONE',  ( 0.000000000000000000, 0.000000000000000000, 1.000000000000000000 ) ) ;
#5638 = DIRECTION ( 'NONE',  ( -0.000000000000000000, 0.000000000000000000, 1.000000000000000000 ) ) ;
#5639 = CARTESIAN_POINT ( 'NONE',  ( 0.2457458469041920723, -19.83000000000000185, -0.2499999999999998890 ) ) ;
#5640 = EDGE_CURVE ( 'NONE', #4470, #7374, #2629, .T. ) ;
#5641 = PRESENTATION_LAYER_ASSIGNMENT (  '', '', ( #7208 ) ) ;
#5642 = VERTEX_POINT ( 'NONE', #3368 ) ;
#5643 = EDGE_CURVE ( 'NONE', #2897, #6526, #4540, .T. ) ;
#5644 = VERTEX_POINT ( 'NONE', #6113 ) ;
#5645 = CARTESIAN_POINT ( 'NONE',  ( 1.400000000000000133, 0.1699999999999999567, 0.2999999999999999334 ) ) ;
#5646 = FILL_AREA_STYLE ('',( #313 ) ) ;
#5647 = DIRECTION ( 'NONE',  ( 0.000000000000000000, 0.000000000000000000, 1.000000000000000000 ) ) ;
#5648 = PRESENTATION_STYLE_ASSIGNMENT (( #5484 ) ) ;
#5649 = CARTESIAN_POINT ( 'NONE',  ( 0.8299999999999999600, -0.1500000000000000500, -0.1499999999999999944 ) ) ;
#5650 = DIRECTION ( 'NONE',  ( 0.000000000000000000, 1.000000000000000000, -0.000000000000000000 ) ) ;
#5651 = CARTESIAN_POINT ( 'NONE',  ( 0.2000000000000000111, 0.1499999999999999667, 0.2499999999999998335 ) ) ;
#5652 = COLOUR_RGB ( '',0.6470588235294117974, 0.6196078431372549211, 0.5999999999999999778 ) ;
#5653 = VERTEX_POINT ( 'NONE', #7984 ) ;
#5654 = CARTESIAN_POINT ( 'NONE',  ( 1.400000000000000133, -0.1500000000000000500, -0.1499999999999999944 ) ) ;
#5655 = VERTEX_POINT ( 'NONE', #1140 ) ;
#5656 = VERTEX_POINT ( 'NONE', #3847 ) ;
#5657 = CARTESIAN_POINT ( 'NONE',  ( 0.8299999999999999600, -19.83000000000000185, 0.2499999999999998335 ) ) ;
#5658 = EDGE_CURVE ( 'NONE', #2481, #6144, #5401, .T. ) ;
#5659 = UNCERTAINTY_MEASURE_WITH_UNIT (LENGTH_MEASURE( 1.000000000000000082E-05 ), #5123, 'distance_accuracy_value', 'NONE');
#5660 = SURFACE_STYLE_USAGE ( .BOTH. , #920 ) ;
#5661 = CARTESIAN_POINT ( 'NONE',  ( 0.4299999999999996048, -0.1500000000000008271, 0.1499999999999999944 ) ) ;
#5662 = COLOUR_RGB ( '',0.6470588235294117974, 0.6196078431372549211, 0.5999999999999999778 ) ;
#5663 = DIRECTION ( 'NONE',  ( 1.000000000000000000, 0.000000000000000000, 0.000000000000000000 ) ) ;
#5664 = FILL_AREA_STYLE_COLOUR ( '', #2807 ) ;
#5665 = STYLED_ITEM ( 'NONE', ( #3281 ), #6502 ) ;
#5666 = ORIENTED_EDGE ( 'NONE', *, *, #6345, .F. ) ;
#5667 = SURFACE_STYLE_FILL_AREA ( #2928 ) ;
#5668 = AXIS2_PLACEMENT_3D ( 'NONE', #2687, #8857, #5452 ) ;
#5669 = DIRECTION ( 'NONE',  ( -1.000000000000000000, -0.000000000000000000, -0.000000000000000000 ) ) ;
#5670 = COLOUR_RGB ( '',0.6470588235294117974, 0.6196078431372549211, 0.5999999999999999778 ) ;
#5671 = CARTESIAN_POINT ( 'NONE',  ( 0.5699999999999999512, -0.1700000000000000400, -0.1499999999999999944 ) ) ;
#5672 = DIRECTION ( 'NONE',  ( 0.000000000000000000, 1.000000000000000000, 0.000000000000000000 ) ) ;
#5673 = CARTESIAN_POINT ( 'NONE',  ( 1.200000000000000178, -0.1700000000000000122, -0.2999999999999999889 ) ) ;
#5674 = VERTEX_POINT ( 'NONE', #2586 ) ;
#5675 = VECTOR ( 'NONE', #2442, 1000.000000000000000 ) ;
#5676 = ORIENTED_EDGE ( 'NONE', *, *, #4937, .F. ) ;
#5677 = VERTEX_POINT ( 'NONE', #7946 ) ;
#5678 = VECTOR ( 'NONE', #736, 1000.000000000000000 ) ;
#5679 = DIRECTION ( 'NONE',  ( 1.000000000000000000, 0.000000000000000000, 0.000000000000000000 ) ) ;
#5680 = ADVANCED_FACE ( 'NONE', ( #7306 ), #1190, .F. ) ;
#5681 = EDGE_CURVE ( 'NONE', #1231, #5655, #5354, .T. ) ;
#5682 = LINE ( 'NONE', #4270, #463 ) ;
#5683 = CARTESIAN_POINT ( 'NONE',  ( 1.400000000000000133, -0.1699999999999999289, 0.1499999999999999944 ) ) ;
#5684 = FILL_AREA_STYLE ('',( #1611 ) ) ;
#5685 = VERTEX_POINT ( 'NONE', #2672 ) ;
#5686 = LINE ( 'NONE', #2339, #5168 ) ;
#5687 = ORIENTED_EDGE ( 'NONE', *, *, #6443, .F. ) ;
#5688 = CARTESIAN_POINT ( 'NONE',  ( 1.000000000000000000, -0.1500000000000008271, -0.2794999999999999707 ) ) ;
#5689 = EDGE_CURVE ( 'NONE', #7978, #2362, #7447, .T. ) ;
#5690 = CARTESIAN_POINT ( 'NONE',  ( 1.400000000000000133, -0.1500000000000008271, 0.2795000000000000817 ) ) ;
#5691 = COLOUR_RGB ( '',0.6470588235294117974, 0.6196078431372549211, 0.5999999999999999778 ) ;
#5692 = EDGE_CURVE ( 'NONE', #2943, #1440, #3192, .T. ) ;
#5693 = ORIENTED_EDGE ( 'NONE', *, *, #7813, .F. ) ;
#5694 = CARTESIAN_POINT ( 'NONE',  ( 1.000000000000000000, 0.1700000000000000122, -0.2999999999999999334 ) ) ;
#5695 = EDGE_LOOP ( 'NONE', ( #796, #3319, #6575, #45 ) ) ;
#5696 = ORIENTED_EDGE ( 'NONE', *, *, #528, .F. ) ;
#5697 = SURFACE_STYLE_USAGE ( .BOTH. , #4289 ) ;
#5698 = CARTESIAN_POINT ( 'NONE',  ( 1.199999999999999289, -0.1500000000000008271, 0.2499999999999998890 ) ) ;
#5699 = PRESENTATION_STYLE_ASSIGNMENT (( #3718 ) ) ;
#5700 = PLANE ( 'NONE',  #2335 ) ;
#5701 = MECHANICAL_DESIGN_GEOMETRIC_PRESENTATION_REPRESENTATION (  '', ( #7277 ), #7994 ) ;
#5702 = VERTEX_POINT ( 'NONE', #5938 ) ;
#5703 = CARTESIAN_POINT ( 'NONE',  ( 1.400000000000000133, -0.1500000000000000500, -0.2799999999999999711 ) ) ;
#5704 = CARTESIAN_POINT ( 'NONE',  ( 0.4000000000000000222, -0.1699999999999999012, 0.2999999999999999889 ) ) ;
#5705 =( NAMED_UNIT ( * ) SI_UNIT ( $, .STERADIAN. ) SOLID_ANGLE_UNIT ( ) );
#5706 = LINE ( 'NONE', #4306, #5021 ) ;
#5707 = CARTESIAN_POINT ( 'NONE',  ( 0.2000000000000000111, -0.1499999999999999389, 0.2799999999999999711 ) ) ;
#5708 = DIRECTION ( 'NONE',  ( 0.000000000000000000, 0.000000000000000000, 1.000000000000000000 ) ) ;
#5709 = VERTEX_POINT ( 'NONE', #3242 ) ;
#5710 = ORIENTED_EDGE ( 'NONE', *, *, #4703, .T. ) ;
#5711 = DIRECTION ( 'NONE',  ( -1.000000000000000000, 0.000000000000000000, -0.000000000000000000 ) ) ;
#5712 = ORIENTED_EDGE ( 'NONE', *, *, #3172, .T. ) ;
#5713 =( LENGTH_UNIT ( ) NAMED_UNIT ( * ) SI_UNIT ( .MILLI., .METRE. ) );
#5714 = DIRECTION ( 'NONE',  ( 0.000000000000000000, 0.000000000000000000, -1.000000000000000000 ) ) ;
#5715 = LINE ( 'NONE', #945, #1900 ) ;
#5716 = DIRECTION ( 'NONE',  ( 0.000000000000000000, 0.000000000000000000, 1.000000000000000000 ) ) ;
#5717 = FILL_AREA_STYLE ('',( #1029 ) ) ;
#5718 = VECTOR ( 'NONE', #7244, 1000.000000000000000 ) ;
#5719 = ORIENTED_EDGE ( 'NONE', *, *, #8710, .F. ) ;
#5720 = EDGE_CURVE ( 'NONE', #62, #1471, #1990, .T. ) ;
#5721 = CARTESIAN_POINT ( 'NONE',  ( 1.200000000000000178, -0.1500000000000000500, -0.2499999999999998890 ) ) ;
#5722 = ORIENTED_EDGE ( 'NONE', *, *, #2532, .F. ) ;
#5723 = CARTESIAN_POINT ( 'NONE',  ( 0.6000000000000000888, -0.1700000000000000122, -0.2999999999999999889 ) ) ;
#5724 = CARTESIAN_POINT ( 'NONE',  ( 0.8000000000000000444, -0.1700000000000000122, -0.2999999999999999889 ) ) ;
#5725 = CARTESIAN_POINT ( 'NONE',  ( 0.3999999999999999667, -0.1500000000000008271, -0.2795000000000000262 ) ) ;
#5726 = CARTESIAN_POINT ( 'NONE',  ( 0.5699999999999999512, -0.1500000000000000500, -0.1499999999999999944 ) ) ;
#5727 = CARTESIAN_POINT ( 'NONE',  ( 0.5699999999999999512, -1.249999999999999112, -0.1499999999999999944 ) ) ;
#5728 = PRESENTATION_STYLE_ASSIGNMENT (( #8007 ) ) ;
#5729 = FILL_AREA_STYLE ('',( #5080 ) ) ;
#5730 = VECTOR ( 'NONE', #5956, 1000.000000000000000 ) ;
#5731 = ORIENTED_EDGE ( 'NONE', *, *, #2853, .F. ) ;
#5732 = DIRECTION ( 'NONE',  ( 0.000000000000000000, -1.000000000000000000, 0.000000000000000000 ) ) ;
#5733 = ORIENTED_EDGE ( 'NONE', *, *, #1394, .T. ) ;
#5734 = ADVANCED_FACE ( 'NONE', ( #6656 ), #4628, .F. ) ;
#5735 = ADVANCED_FACE ( 'NONE', ( #7536 ), #2084, .F. ) ;
#5736 = EDGE_CURVE ( 'NONE', #2676, #6451, #8296, .T. ) ;
#5737 = VECTOR ( 'NONE', #3044, 1000.000000000000000 ) ;
#5738 = ORIENTED_EDGE ( 'NONE', *, *, #4989, .F. ) ;
#5739 = DIRECTION ( 'NONE',  ( 0.000000000000000000, 0.000000000000000000, -1.000000000000000000 ) ) ;
#5740 = STYLED_ITEM ( 'NONE', ( #4886 ), #2258 ) ;
#5741 = UNCERTAINTY_MEASURE_WITH_UNIT (LENGTH_MEASURE( 1.000000000000000082E-05 ), #6498, 'distance_accuracy_value', 'NONE');
#5742 = PRESENTATION_LAYER_ASSIGNMENT (  '', '', ( #2043 ) ) ;
#5743 = DIRECTION ( 'NONE',  ( 1.000000000000000000, 0.000000000000000000, -0.000000000000000000 ) ) ;
#5744 = FILL_AREA_STYLE_COLOUR ( '', #262 ) ;
#5745 = CARTESIAN_POINT ( 'NONE',  ( 1.000000000000000000, -0.1500000000000008271, -0.2795000000000000262 ) ) ;
#5746 = UNCERTAINTY_MEASURE_WITH_UNIT (LENGTH_MEASURE( 1.000000000000000082E-05 ), #344, 'distance_accuracy_value', 'NONE');
#5747 = CARTESIAN_POINT ( 'NONE',  ( 0.4300000000000000488, 0.1500000000000000222, -0.06916666666666672347 ) ) ;
#5748 = AXIS2_PLACEMENT_3D ( 'NONE', #6442, #7076, #8550 ) ;
#5749 = EDGE_LOOP ( 'NONE', ( #7540, #4656, #7025, #2024 ) ) ;
#5750 = LINE ( 'NONE', #1064, #4083 ) ;
#5751 = PRESENTATION_LAYER_ASSIGNMENT (  '', '', ( #7610 ) ) ;
#5752 = EDGE_CURVE ( 'NONE', #7123, #2309, #2169, .T. ) ;
#5753 = LINE ( 'NONE', #6284, #3365 ) ;
#5754 = AXIS2_PLACEMENT_3D ( 'NONE', #6373, #5663, #8261 ) ;
#5755 = AXIS2_PLACEMENT_3D ( 'NONE', #8826, #443, #4522 ) ;
#5756 = ADVANCED_FACE ( 'NONE', ( #18 ), #70, .F. ) ;
#5757 = CARTESIAN_POINT ( 'NONE',  ( 0.2000000000000000111, 0.1700000000000000122, -0.06916666666666672347 ) ) ;
#5758 = LINE ( 'NONE', #5801, #5287 ) ;
#5759 = STYLED_ITEM ( 'NONE', ( #3043 ), #4817 ) ;
#5760 = CARTESIAN_POINT ( 'NONE',  ( 0.8000000000000000444, 0.1700000000000000122, -0.2999999999999999334 ) ) ;
#5761 = ORIENTED_EDGE ( 'NONE', *, *, #888, .T. ) ;
#5762 =( GEOMETRIC_REPRESENTATION_CONTEXT ( 3 ) GLOBAL_UNCERTAINTY_ASSIGNED_CONTEXT ( ( #84 ) ) GLOBAL_UNIT_ASSIGNED_CONTEXT ( ( #999, #6449, #321 ) ) REPRESENTATION_CONTEXT ( 'NONE', 'WORKASPACE' ) );
#5763 = EDGE_LOOP ( 'NONE', ( #1627, #6430, #1391, #8264 ) ) ;
#5764 = CARTESIAN_POINT ( 'NONE',  ( 2.168404344971008868E-16, -0.1500000000000008271, -0.2795000000000000262 ) ) ;
#5765 = MECHANICAL_DESIGN_GEOMETRIC_PRESENTATION_REPRESENTATION (  '', ( #6326 ), #4770 ) ;
#5766 = DIRECTION ( 'NONE',  ( -1.000000000000000000, -0.000000000000000000, -0.000000000000000000 ) ) ;
#5767 = ORIENTED_EDGE ( 'NONE', *, *, #660, .F. ) ;
#5768 = DIRECTION ( 'NONE',  ( 1.000000000000000000, 0.000000000000000000, 0.000000000000000000 ) ) ;
#5769 = VECTOR ( 'NONE', #6730, 1000.000000000000000 ) ;
#5770 = CARTESIAN_POINT ( 'NONE',  ( 1.400000000000000133, 0.000000000000000000, 0.2499999999999998335 ) ) ;
#5771 = FILL_AREA_STYLE_COLOUR ( '', #7035 ) ;
#5772 = AXIS2_PLACEMENT_3D ( 'NONE', #8099, #3923, #5379 ) ;
#5773 = PRESENTATION_STYLE_ASSIGNMENT (( #6538 ) ) ;
#5774 = ORIENTED_EDGE ( 'NONE', *, *, #7593, .T. ) ;
#5775 = PRESENTATION_STYLE_ASSIGNMENT (( #4274 ) ) ;
#5776 = UNCERTAINTY_MEASURE_WITH_UNIT (LENGTH_MEASURE( 1.000000000000000082E-05 ), #2792, 'distance_accuracy_value', 'NONE');
#5777 = ORIENTED_EDGE ( 'NONE', *, *, #2438, .F. ) ;
#5778 = MECHANICAL_DESIGN_GEOMETRIC_PRESENTATION_REPRESENTATION (  '', ( #5072 ), #2783 ) ;
#5779 = FILL_AREA_STYLE_COLOUR ( '', #8761 ) ;
#5780 =( LENGTH_UNIT ( ) NAMED_UNIT ( * ) SI_UNIT ( .MILLI., .METRE. ) );
#5781 = CARTESIAN_POINT ( 'NONE',  ( 1.400000000000000133, -0.1500000000000008271, 0.2795000000000000817 ) ) ;
#5782 =( GEOMETRIC_REPRESENTATION_CONTEXT ( 3 ) GLOBAL_UNCERTAINTY_ASSIGNED_CONTEXT ( ( #8157 ) ) GLOBAL_UNIT_ASSIGNED_CONTEXT ( ( #2360, #8519, #4435 ) ) REPRESENTATION_CONTEXT ( 'NONE', 'WORKASPACE' ) );
#5783 = CARTESIAN_POINT ( 'NONE',  ( 0.1700000000000000122, 0.1499999999999999667, 0.2799999999999999711 ) ) ;
#5784 = ORIENTED_EDGE ( 'NONE', *, *, #2737, .T. ) ;
#5785 = ORIENTED_EDGE ( 'NONE', *, *, #3706, .T. ) ;
#5786 = ORIENTED_EDGE ( 'NONE', *, *, #3588, .F. ) ;
#5787 =( NAMED_UNIT ( * ) SI_UNIT ( $, .STERADIAN. ) SOLID_ANGLE_UNIT ( ) );
#5788 = SURFACE_STYLE_USAGE ( .BOTH. , #7168 ) ;
#5789 = EDGE_CURVE ( 'NONE', #2023, #2266, #2750, .T. ) ;
#5790 = EDGE_CURVE ( 'NONE', #8514, #299, #686, .T. ) ;
#5791 = SURFACE_SIDE_STYLE ('',( #4252 ) ) ;
#5792 = ORIENTED_EDGE ( 'NONE', *, *, #1381, .F. ) ;
#5793 = FACE_OUTER_BOUND ( 'NONE', #3144, .T. ) ;
#5794 = ORIENTED_EDGE ( 'NONE', *, *, #4927, .F. ) ;
#5795 =( LENGTH_UNIT ( ) NAMED_UNIT ( * ) SI_UNIT ( .MILLI., .METRE. ) );
#5796 = LINE ( 'NONE', #5845, #6683 ) ;
#5797 = CARTESIAN_POINT ( 'NONE',  ( 1.000000000000000000, -0.1499999999999999389, 0.2799999999999999711 ) ) ;
#5798 = EDGE_CURVE ( 'NONE', #7088, #7014, #7572, .T. ) ;
#5799 = PLANE ( 'NONE',  #7776 ) ;
#5800 = COLOUR_RGB ( '',0.6470588235294117974, 0.6196078431372549211, 0.5999999999999999778 ) ;
#5801 = CARTESIAN_POINT ( 'NONE',  ( 1.230000000000000204, -19.83000000000000185, 0.2499999999999998335 ) ) ;
#5802 = EDGE_CURVE ( 'NONE', #2326, #6014, #3580, .T. ) ;
#5803 = CARTESIAN_POINT ( 'NONE',  ( 0.4000000000000000222, -0.1700000000000000122, -0.2999999999999999889 ) ) ;
#5804 = ORIENTED_EDGE ( 'NONE', *, *, #4328, .F. ) ;
#5805 = PRESENTATION_LAYER_ASSIGNMENT (  '', '', ( #1248 ) ) ;
#5806 =( GEOMETRIC_REPRESENTATION_CONTEXT ( 3 ) GLOBAL_UNCERTAINTY_ASSIGNED_CONTEXT ( ( #5250 ) ) GLOBAL_UNIT_ASSIGNED_CONTEXT ( ( #8516, #2355, #3716 ) ) REPRESENTATION_CONTEXT ( 'NONE', 'WORKASPACE' ) );
#5807 = AXIS2_PLACEMENT_3D ( 'NONE', #3815, #2368, #1683 ) ;
#5808 = ORIENTED_EDGE ( 'NONE', *, *, #6241, .T. ) ;
#5809 = SURFACE_STYLE_FILL_AREA ( #3737 ) ;
#5810 = PLANE ( 'NONE',  #6731 ) ;
#5811 = STYLED_ITEM ( 'NONE', ( #7481 ), #6699 ) ;
#5812 = ORIENTED_EDGE ( 'NONE', *, *, #4258, .F. ) ;
#5813 = CARTESIAN_POINT ( 'NONE',  ( 1.380000000000000115, 0.1800000000000000766, -0.1499999999999999944 ) ) ;
#5814 = LINE ( 'NONE', #5770, #6438 ) ;
#5815 = VECTOR ( 'NONE', #7992, 1000.000000000000000 ) ;
#5816 = DIRECTION ( 'NONE',  ( -1.000000000000000000, 0.000000000000000000, 0.000000000000000000 ) ) ;
#5817 = MECHANICAL_DESIGN_GEOMETRIC_PRESENTATION_REPRESENTATION (  '', ( #1673 ), #4092 ) ;
#5818 = CARTESIAN_POINT ( 'NONE',  ( 1.200000000000000178, -0.1700000000000000122, -0.2999999999999999889 ) ) ;
#5819 = VERTEX_POINT ( 'NONE', #2219 ) ;
#5820 = ADVANCED_FACE ( 'NONE', ( #5522 ), #5604, .F. ) ;
#5821 = SURFACE_STYLE_USAGE ( .BOTH. , #356 ) ;
#5822 = ORIENTED_EDGE ( 'NONE', *, *, #7002, .F. ) ;
#5823 = DIRECTION ( 'NONE',  ( -0.000000000000000000, 0.000000000000000000, 1.000000000000000000 ) ) ;
#5824 = DIRECTION ( 'NONE',  ( 1.000000000000000000, 0.000000000000000000, -0.000000000000000000 ) ) ;
#5825 = FACE_OUTER_BOUND ( 'NONE', #3948, .T. ) ;
#5826 = FILL_AREA_STYLE_COLOUR ( '', #2637 ) ;
#5827 = COLOUR_RGB ( '',0.6470588235294117974, 0.6196078431372549211, 0.5999999999999999778 ) ;
#5828 = DIRECTION ( 'NONE',  ( 1.000000000000000000, 0.000000000000000000, 0.000000000000000000 ) ) ;
#5829 = FILL_AREA_STYLE ('',( #8554 ) ) ;
#5830 = CARTESIAN_POINT ( 'NONE',  ( 1.230000000000000204, -1.249999999999999112, -0.1499999999999999944 ) ) ;
#5831 = ORIENTED_EDGE ( 'NONE', *, *, #7829, .T. ) ;
#5832 =( NAMED_UNIT ( * ) PLANE_ANGLE_UNIT ( ) SI_UNIT ( $, .RADIAN. ) );
#5833 = VERTEX_POINT ( 'NONE', #6232 ) ;
#5834 = ORIENTED_EDGE ( 'NONE', *, *, #4704, .T. ) ;
#5835 = CARTESIAN_POINT ( 'NONE',  ( 1.400000000000000133, -0.1500000000000000500, -0.1499999999999999944 ) ) ;
#5836 = CARTESIAN_POINT ( 'NONE',  ( 0.000000000000000000, 0.000000000000000000, 0.000000000000000000 ) ) ;
#5837 = UNCERTAINTY_MEASURE_WITH_UNIT (LENGTH_MEASURE( 1.000000000000000082E-05 ), #5567, 'distance_accuracy_value', 'NONE');
#5838 = DIRECTION ( 'NONE',  ( 0.000000000000000000, -1.000000000000000000, 5.878204549620202044E-15 ) ) ;
#5839 = FACE_OUTER_BOUND ( 'NONE', #4678, .T. ) ;
#5840 = UNCERTAINTY_MEASURE_WITH_UNIT (LENGTH_MEASURE( 1.000000000000000082E-05 ), #7288, 'distance_accuracy_value', 'NONE');
#5841 = SURFACE_STYLE_USAGE ( .BOTH. , #374 ) ;
#5842 = ORIENTED_EDGE ( 'NONE', *, *, #5980, .F. ) ;
#5843 = SURFACE_SIDE_STYLE ('',( #3246 ) ) ;
#5844 = EDGE_CURVE ( 'NONE', #2013, #299, #4934, .T. ) ;
#5845 = CARTESIAN_POINT ( 'NONE',  ( 0.4356289594656164721, -0.1500000000000008271, 0.2737127353025399779 ) ) ;
#5846 = PLANE ( 'NONE',  #7203 ) ;
#5847 = DIRECTION ( 'NONE',  ( 0.000000000000000000, 1.000000000000000000, 0.000000000000000000 ) ) ;
#5848 = DIRECTION ( 'NONE',  ( -1.000000000000000000, 0.000000000000000000, -0.000000000000000000 ) ) ;
#5849 = DIRECTION ( 'NONE',  ( 0.000000000000000000, 0.000000000000000000, -1.000000000000000000 ) ) ;
#5850 = LINE ( 'NONE', #298, #6773 ) ;
#5851 = VERTEX_POINT ( 'NONE', #4282 ) ;
#5852 = ORIENTED_EDGE ( 'NONE', *, *, #4237, .T. ) ;
#5853 = SURFACE_STYLE_FILL_AREA ( #475 ) ;
#5854 = EDGE_CURVE ( 'NONE', #6551, #4125, #2570, .T. ) ;
#5856 = ADVANCED_FACE ( 'NONE', ( #6631 ), #8429, .F. ) ;
#5855 = CARTESIAN_POINT ( 'NONE',  ( 0.9700000000000000844, 0.1499999999999999667, 0.06916666666666672347 ) ) ;
#5857 = ORIENTED_EDGE ( 'NONE', *, *, #8745, .F. ) ;
#5858 = DIRECTION ( 'NONE',  ( -1.000000000000000000, 0.000000000000000000, -0.000000000000000000 ) ) ;
#5859 =( GEOMETRIC_REPRESENTATION_CONTEXT ( 3 ) GLOBAL_UNCERTAINTY_ASSIGNED_CONTEXT ( ( #1374 ) ) GLOBAL_UNIT_ASSIGNED_CONTEXT ( ( #7154, #1038, #8384 ) ) REPRESENTATION_CONTEXT ( 'NONE', 'WORKASPACE' ) );
#5860 = UNCERTAINTY_MEASURE_WITH_UNIT (LENGTH_MEASURE( 1.000000000000000082E-05 ), #8533, 'distance_accuracy_value', 'NONE');
#5861 = CARTESIAN_POINT ( 'NONE',  ( 0.4000000000000000222, -0.1700000000000000400, -0.2499999999999998890 ) ) ;
#5862 = SURFACE_STYLE_FILL_AREA ( #397 ) ;
#5863 =( NAMED_UNIT ( * ) PLANE_ANGLE_UNIT ( ) SI_UNIT ( $, .RADIAN. ) );
#5864 = FILL_AREA_STYLE_COLOUR ( '', #7770 ) ;
#5865 = VECTOR ( 'NONE', #7240, 1000.000000000000000 ) ;
#5866 = ORIENTED_EDGE ( 'NONE', *, *, #2949, .T. ) ;
#5867 =( NAMED_UNIT ( * ) SI_UNIT ( $, .STERADIAN. ) SOLID_ANGLE_UNIT ( ) );
#5868 = VERTEX_POINT ( 'NONE', #7702 ) ;
#5869 =( NAMED_UNIT ( * ) PLANE_ANGLE_UNIT ( ) SI_UNIT ( $, .RADIAN. ) );
#5870 = PRESENTATION_STYLE_ASSIGNMENT (( #2437 ) ) ;
#5871 = EDGE_CURVE ( 'NONE', #2350, #4418, #3832, .T. ) ;
#5872 = LINE ( 'NONE', #3839, #3798 ) ;
#5873 = CARTESIAN_POINT ( 'NONE',  ( 0.6000000000000000888, -0.1700000000000000122, -0.2999999999999999889 ) ) ;
#5874 = FACE_OUTER_BOUND ( 'NONE', #1375, .T. ) ;
#5875 = LINE ( 'NONE', #5783, #4902 ) ;
#5876 = ORIENTED_EDGE ( 'NONE', *, *, #5329, .F. ) ;
#5877 = DIRECTION ( 'NONE',  ( -0.000000000000000000, 0.000000000000000000, 1.000000000000000000 ) ) ;
#5878 = VERTEX_POINT ( 'NONE', #8389 ) ;
#5879 = ORIENTED_EDGE ( 'NONE', *, *, #4133, .T. ) ;
#5880 =( NAMED_UNIT ( * ) SI_UNIT ( $, .STERADIAN. ) SOLID_ANGLE_UNIT ( ) );
#5881 = LINE ( 'NONE', #3190, #5890 ) ;
#5882 = STYLED_ITEM ( 'NONE', ( #3656 ), #2589 ) ;
#5883 = DIRECTION ( 'NONE',  ( 0.000000000000000000, 1.000000000000000000, 0.000000000000000000 ) ) ;
#5884 = DIRECTION ( 'NONE',  ( -0.000000000000000000, 0.000000000000000000, -1.000000000000000000 ) ) ;
#5885 = EDGE_CURVE ( 'NONE', #3889, #7972, #7336, .T. ) ;
#5886 =( NAMED_UNIT ( * ) PLANE_ANGLE_UNIT ( ) SI_UNIT ( $, .RADIAN. ) );
#5887 = PRESENTATION_LAYER_ASSIGNMENT (  '', '', ( #6043 ) ) ;
#5888 = VERTEX_POINT ( 'NONE', #192 ) ;
#5889 = DIRECTION ( 'NONE',  ( 0.000000000000000000, -1.807003620809174139E-16, -1.000000000000000000 ) ) ;
#5890 = VECTOR ( 'NONE', #462, 1000.000000000000000 ) ;
#5891 = LINE ( 'NONE', #6870, #6192 ) ;
#5892 = SURFACE_SIDE_STYLE ('',( #1872 ) ) ;
#5893 = PRESENTATION_LAYER_ASSIGNMENT (  '', '', ( #6309 ) ) ;
#5894 = CARTESIAN_POINT ( 'NONE',  ( 2.168404344971008868E-16, -0.1500000000000008271, 0.2795000000000000817 ) ) ;
#5895 = VECTOR ( 'NONE', #1167, 1000.000000000000000 ) ;
#5896 = DIRECTION ( 'NONE',  ( 0.000000000000000000, 1.000000000000000000, 0.000000000000000000 ) ) ;
#5897 =( NAMED_UNIT ( * ) PLANE_ANGLE_UNIT ( ) SI_UNIT ( $, .RADIAN. ) );
#5898 = DIRECTION ( 'NONE',  ( 0.000000000000000000, -1.807003620809174139E-16, 1.000000000000000000 ) ) ;
#5899 = ORIENTED_EDGE ( 'NONE', *, *, #8033, .T. ) ;
#5900 = STYLED_ITEM ( 'NONE', ( #3427 ), #5157 ) ;
#5901 = CARTESIAN_POINT ( 'NONE',  ( 0.8000000000000000444, 0.000000000000000000, 0.000000000000000000 ) ) ;
#5902 =( NAMED_UNIT ( * ) PLANE_ANGLE_UNIT ( ) SI_UNIT ( $, .RADIAN. ) );
#5903 = ORIENTED_EDGE ( 'NONE', *, *, #7213, .F. ) ;
#5904 = COLOUR_RGB ( '',0.6470588235294117974, 0.6196078431372549211, 0.5999999999999999778 ) ;
#5905 = MANIFOLD_SOLID_BREP ( 'Move Face4', #3239 ) ;
#5906 = DIRECTION ( 'NONE',  ( 1.000000000000000000, -0.000000000000000000, -0.000000000000000000 ) ) ;
#5907 = VECTOR ( 'NONE', #1647, 1000.000000000000000 ) ;
#5908 = SURFACE_STYLE_USAGE ( .BOTH. , #2382 ) ;
#5909 = VECTOR ( 'NONE', #2193, 1000.000000000000000 ) ;
#5910 = CARTESIAN_POINT ( 'NONE',  ( 0.9999999999999991118, 0.1500000000000008271, 0.2499999999999998890 ) ) ;
#5911 = FACE_OUTER_BOUND ( 'NONE', #8642, .T. ) ;
#5912 = EDGE_CURVE ( 'NONE', #8463, #1825, #4518, .T. ) ;
#5913 = EDGE_CURVE ( 'NONE', #3924, #935, #5245, .T. ) ;
#5914 = FILL_AREA_STYLE ('',( #4335 ) ) ;
#5915 = STYLED_ITEM ( 'NONE', ( #5256 ), #7882 ) ;
#5916 = AXIS2_PLACEMENT_3D ( 'NONE', #8199, #2073, #680 ) ;
#5917 = VERTEX_POINT ( 'NONE', #484 ) ;
#5918 = DIRECTION ( 'NONE',  ( -0.000000000000000000, 0.000000000000000000, 1.000000000000000000 ) ) ;
#5919 = MECHANICAL_DESIGN_GEOMETRIC_PRESENTATION_REPRESENTATION (  '', ( #1196 ), #8774 ) ;
#5920 = VERTEX_POINT ( 'NONE', #8684 ) ;
#5921 = CARTESIAN_POINT ( 'NONE',  ( 0.7999999999999991562, -0.1500000000000008271, 0.2795000000000000817 ) ) ;
#5922 = PRESENTATION_STYLE_ASSIGNMENT (( #3175 ) ) ;
#5923 = DIRECTION ( 'NONE',  ( -1.000000000000000000, 0.000000000000000000, 0.000000000000000000 ) ) ;
#5924 = MECHANICAL_DESIGN_GEOMETRIC_PRESENTATION_REPRESENTATION (  '', ( #8065 ), #2777 ) ;
#5925 = EDGE_CURVE ( 'NONE', #1705, #1806, #5286, .T. ) ;
#5926 = LINE ( 'NONE', #8067, #7538 ) ;
#5927 = CARTESIAN_POINT ( 'NONE',  ( 0.4286715151571743321, -1.249999999999999112, -0.2499999999999998890 ) ) ;
#5928 = DIRECTION ( 'NONE',  ( -1.000000000000000000, -0.000000000000000000, -0.000000000000000000 ) ) ;
#5929 = EDGE_LOOP ( 'NONE', ( #6945, #1971, #1952, #6594, #3409, #5696, #1271, #1021 ) ) ;
#5930 = EDGE_CURVE ( 'NONE', #3619, #1128, #564, .T. ) ;
#5931 = PRESENTATION_STYLE_ASSIGNMENT (( #5258 ) ) ;
#5932 = VECTOR ( 'NONE', #1686, 1000.000000000000000 ) ;
#5933 = EDGE_LOOP ( 'NONE', ( #3059, #1155, #8793, #6069 ) ) ;
#5934 = ORIENTED_EDGE ( 'NONE', *, *, #2651, .F. ) ;
#5935 = FACE_OUTER_BOUND ( 'NONE', #5933, .T. ) ;
#5936 = PRESENTATION_LAYER_ASSIGNMENT (  '', '', ( #6500 ) ) ;
#5937 = CARTESIAN_POINT ( 'NONE',  ( 0.3999999999999995226, -1.249999999999999112, 0.2795000000000000262 ) ) ;
#5938 = CARTESIAN_POINT ( 'NONE',  ( 0.000000000000000000, -0.1700000000000000122, -0.2999999999999999889 ) ) ;
#5939 = DIRECTION ( 'NONE',  ( 1.000000000000000000, 0.000000000000000000, -0.000000000000000000 ) ) ;
#5940 = DIRECTION ( 'NONE',  ( -1.000000000000000000, 0.000000000000000000, 0.000000000000000000 ) ) ;
#5941 = VERTEX_POINT ( 'NONE', #40 ) ;
#5942 = PLANE ( 'NONE',  #6175 ) ;
#5943 = LINE ( 'NONE', #7452, #3097 ) ;
#5944 =( LENGTH_UNIT ( ) NAMED_UNIT ( * ) SI_UNIT ( .MILLI., .METRE. ) );
#5945 = SURFACE_STYLE_FILL_AREA ( #1199 ) ;
#5946 = PRESENTATION_STYLE_ASSIGNMENT (( #1782 ) ) ;
#5947 = COLOUR_RGB ( '',0.6470588235294117974, 0.6196078431372549211, 0.5999999999999999778 ) ;
#5948 =( LENGTH_UNIT ( ) NAMED_UNIT ( * ) SI_UNIT ( .MILLI., .METRE. ) );
#5949 = DIRECTION ( 'NONE',  ( -1.000000000000000000, 0.000000000000000000, 0.000000000000000000 ) ) ;
#5950 = MECHANICAL_DESIGN_GEOMETRIC_PRESENTATION_REPRESENTATION (  '', ( #1799 ), #6363 ) ;
#5951 = ORIENTED_EDGE ( 'NONE', *, *, #7397, .F. ) ;
#5952 = STYLED_ITEM ( 'NONE', ( #8229 ), #1693 ) ;
#5953 = LINE ( 'NONE', #7283, #4756 ) ;
#5954 = FACE_OUTER_BOUND ( 'NONE', #2920, .T. ) ;
#5955 = VERTEX_POINT ( 'NONE', #622 ) ;
#5956 = DIRECTION ( 'NONE',  ( 0.000000000000000000, 0.000000000000000000, -1.000000000000000000 ) ) ;
#5957 = SURFACE_STYLE_USAGE ( .BOTH. , #7286 ) ;
#5958 = FILL_AREA_STYLE ('',( #6720 ) ) ;
#5959 = SURFACE_STYLE_USAGE ( .BOTH. , #3216 ) ;
#5960 = STYLED_ITEM ( 'NONE', ( #2669 ), #882 ) ;
#5961 = CARTESIAN_POINT ( 'NONE',  ( 1.400000000000000133, -0.1500000000000000500, -0.2499999999999998890 ) ) ;
#5962 = AXIS2_PLACEMENT_3D ( 'NONE', #1553, #7048, #5537 ) ;
#5963 = ORIENTED_EDGE ( 'NONE', *, *, #6611, .F. ) ;
#5964 = LINE ( 'NONE', #7386, #1193 ) ;
#5965 = ORIENTED_EDGE ( 'NONE', *, *, #8647, .F. ) ;
#5966 = LINE ( 'NONE', #4009, #6054 ) ;
#5967 = EDGE_CURVE ( 'NONE', #6995, #2529, #3346, .T. ) ;
#5968 = ADVANCED_FACE ( 'NONE', ( #5503 ), #8776, .F. ) ;
#5969 = VECTOR ( 'NONE', #790, 1000.000000000000000 ) ;
#5970 = VECTOR ( 'NONE', #8733, 1000.000000000000000 ) ;
#5971 = DIRECTION ( 'NONE',  ( -1.000000000000000000, 0.000000000000000000, 0.000000000000000000 ) ) ;
#5972 = SURFACE_STYLE_USAGE ( .BOTH. , #1852 ) ;
#5973 = PRESENTATION_STYLE_ASSIGNMENT (( #532 ) ) ;
#5974 = EDGE_LOOP ( 'NONE', ( #6828, #936, #7438, #4033 ) ) ;
#5975 =( LENGTH_UNIT ( ) NAMED_UNIT ( * ) SI_UNIT ( .MILLI., .METRE. ) );
#5976 = VECTOR ( 'NONE', #781, 1000.000000000000000 ) ;
#5977 = ORIENTED_EDGE ( 'NONE', *, *, #7146, .F. ) ;
#5978 =( GEOMETRIC_REPRESENTATION_CONTEXT ( 3 ) GLOBAL_UNCERTAINTY_ASSIGNED_CONTEXT ( ( #3766 ) ) GLOBAL_UNIT_ASSIGNED_CONTEXT ( ( #68, #6989, #138 ) ) REPRESENTATION_CONTEXT ( 'NONE', 'WORKASPACE' ) );
#5979 = ORIENTED_EDGE ( 'NONE', *, *, #4030, .T. ) ;
#5980 = EDGE_CURVE ( 'NONE', #5057, #7088, #8096, .T. ) ;
#5981 = DIRECTION ( 'NONE',  ( -1.000000000000000000, 0.000000000000000000, 0.000000000000000000 ) ) ;
#5982 =( GEOMETRIC_REPRESENTATION_CONTEXT ( 3 ) GLOBAL_UNCERTAINTY_ASSIGNED_CONTEXT ( ( #1989 ) ) GLOBAL_UNIT_ASSIGNED_CONTEXT ( ( #8308, #2184, #3386 ) ) REPRESENTATION_CONTEXT ( 'NONE', 'WORKASPACE' ) );
#5983 = EDGE_CURVE ( 'NONE', #8663, #4965, #6050, .T. ) ;
#5984 = DIRECTION ( 'NONE',  ( 0.000000000000000000, -1.807003620809174139E-16, -1.000000000000000000 ) ) ;
#5985 = SURFACE_STYLE_FILL_AREA ( #6790 ) ;
#5986 = CARTESIAN_POINT ( 'NONE',  ( 1.445745846904192167, -19.83000000000000185, 0.2499999999999998335 ) ) ;
#5987 = VERTEX_POINT ( 'NONE', #4695 ) ;
#5988 = APPLICATION_CONTEXT ( 'automotive_design' ) ;
#5989 = SURFACE_STYLE_USAGE ( .BOTH. , #5843 ) ;
#5990 = MECHANICAL_DESIGN_GEOMETRIC_PRESENTATION_REPRESENTATION (  '', ( #4693 ), #402 ) ;
#5991 = LINE ( 'NONE', #506, #105 ) ;
#5992 = DIRECTION ( 'NONE',  ( 0.000000000000000000, -1.807003620809174139E-16, -1.000000000000000000 ) ) ;
#5993 = CARTESIAN_POINT ( 'NONE',  ( 0.04999999999999999584, -19.83000000000000185, -0.2499999999999998890 ) ) ;
#5994 = SURFACE_SIDE_STYLE ('',( #1113 ) ) ;
#5995 = STYLED_ITEM ( 'NONE', ( #280 ), #5856 ) ;
#5996 = UNCERTAINTY_MEASURE_WITH_UNIT (LENGTH_MEASURE( 1.000000000000000082E-05 ), #7145, 'distance_accuracy_value', 'NONE');
#5997 = VERTEX_POINT ( 'NONE', #2105 ) ;
#5998 =( LENGTH_UNIT ( ) NAMED_UNIT ( * ) SI_UNIT ( .MILLI., .METRE. ) );
#5999 = ORIENTED_EDGE ( 'NONE', *, *, #1220, .T. ) ;
#6000 = DIRECTION ( 'NONE',  ( -0.000000000000000000, 1.000000000000000000, -0.000000000000000000 ) ) ;
#6001 =( GEOMETRIC_REPRESENTATION_CONTEXT ( 3 ) GLOBAL_UNCERTAINTY_ASSIGNED_CONTEXT ( ( #8523 ) ) GLOBAL_UNIT_ASSIGNED_CONTEXT ( ( #5625, #4129, #933 ) ) REPRESENTATION_CONTEXT ( 'NONE', 'WORKASPACE' ) );
#6002 =( NAMED_UNIT ( * ) PLANE_ANGLE_UNIT ( ) SI_UNIT ( $, .RADIAN. ) );
#6003 = DIRECTION ( 'NONE',  ( -1.000000000000000000, 0.000000000000000000, 0.000000000000000000 ) ) ;
#6004 = SURFACE_SIDE_STYLE ('',( #8686 ) ) ;
#6005 = PRESENTATION_LAYER_ASSIGNMENT (  '', '', ( #4406 ) ) ;
#6006 = EDGE_CURVE ( 'NONE', #6505, #1944, #1308, .T. ) ;
#6007 = ORIENTED_EDGE ( 'NONE', *, *, #8472, .T. ) ;
#6008 =( GEOMETRIC_REPRESENTATION_CONTEXT ( 3 ) GLOBAL_UNCERTAINTY_ASSIGNED_CONTEXT ( ( #6195 ) ) GLOBAL_UNIT_ASSIGNED_CONTEXT ( ( #101, #1369, #2078 ) ) REPRESENTATION_CONTEXT ( 'NONE', 'WORKASPACE' ) );
#6009 = LINE ( 'NONE', #1934, #44 ) ;
#6010 = VERTEX_POINT ( 'NONE', #8819 ) ;
#6011 = CARTESIAN_POINT ( 'NONE',  ( 1.350000000000000089, 0.1700000000000000122, 0.2499999999999998335 ) ) ;
#6012 = CARTESIAN_POINT ( 'NONE',  ( 1.200000000000000178, 0.000000000000000000, 0.000000000000000000 ) ) ;
#6013 =( NAMED_UNIT ( * ) SI_UNIT ( $, .STERADIAN. ) SOLID_ANGLE_UNIT ( ) );
#6014 = VERTEX_POINT ( 'NONE', #4738 ) ;
#6015 = DIRECTION ( 'NONE',  ( 0.01328367628056957572, 0.000000000000000000, 0.9999117680798007557 ) ) ;
#6016 = ORIENTED_EDGE ( 'NONE', *, *, #5093, .F. ) ;
#6017 = EDGE_LOOP ( 'NONE', ( #7149, #2874, #8539, #7802 ) ) ;
#6018 = CARTESIAN_POINT ( 'NONE',  ( 1.230000000000000204, -19.83000000000000185, -0.2499999999999998890 ) ) ;
#6019 = FACE_OUTER_BOUND ( 'NONE', #726, .T. ) ;
#6020 = FACE_OUTER_BOUND ( 'NONE', #592, .T. ) ;
#6021 = DIRECTION ( 'NONE',  ( 1.000000000000000000, 0.000000000000000000, -0.000000000000000000 ) ) ;
#6022 = EDGE_CURVE ( 'NONE', #6927, #1544, #8728, .T. ) ;
#6023 = EDGE_CURVE ( 'NONE', #6483, #780, #6814, .T. ) ;
#6024 = PLANE ( 'NONE',  #7096 ) ;
#6025 = EDGE_CURVE ( 'NONE', #2097, #2529, #1393, .T. ) ;
#6026 = ORIENTED_EDGE ( 'NONE', *, *, #6815, .F. ) ;
#6027 = AXIS2_PLACEMENT_3D ( 'NONE', #1927, #1883, #8860 ) ;
#6028 = ORIENTED_EDGE ( 'NONE', *, *, #7497, .F. ) ;
#6029 =( NAMED_UNIT ( * ) SI_UNIT ( $, .STERADIAN. ) SOLID_ANGLE_UNIT ( ) );
#6030 =( GEOMETRIC_REPRESENTATION_CONTEXT ( 3 ) GLOBAL_UNCERTAINTY_ASSIGNED_CONTEXT ( ( #6237 ) ) GLOBAL_UNIT_ASSIGNED_CONTEXT ( ( #4600, #6625, #5239 ) ) REPRESENTATION_CONTEXT ( 'NONE', 'WORKASPACE' ) );
#6031 = LINE ( 'NONE', #4849, #3471 ) ;
#6032 = VECTOR ( 'NONE', #3989, 1000.000000000000000 ) ;
#6033 = SURFACE_SIDE_STYLE ('',( #6754 ) ) ;
#6034 = FACE_OUTER_BOUND ( 'NONE', #4339, .T. ) ;
#6035 = CARTESIAN_POINT ( 'NONE',  ( 0.2000000000000000111, -0.1700000000000000122, -0.2499999999999998890 ) ) ;
#6036 = ADVANCED_FACE ( 'NONE', ( #8182 ), #704, .F. ) ;
#6037 = LINE ( 'NONE', #8131, #4663 ) ;
#6038 = SURFACE_SIDE_STYLE ('',( #3291 ) ) ;
#6039 = VECTOR ( 'NONE', #7657, 1000.000000000000000 ) ;
#6040 = ORIENTED_EDGE ( 'NONE', *, *, #938, .F. ) ;
#6041 = EDGE_CURVE ( 'NONE', #7034, #2695, #4311, .T. ) ;
#6042 =( NAMED_UNIT ( * ) SI_UNIT ( $, .STERADIAN. ) SOLID_ANGLE_UNIT ( ) );
#6043 = STYLED_ITEM ( 'NONE', ( #5126 ), #3997 ) ;
#6044 = VERTEX_POINT ( 'NONE', #122 ) ;
#6045 = CARTESIAN_POINT ( 'NONE',  ( 1.350000000000000089, -19.83000000000000185, 0.2499999999999998335 ) ) ;
#6046 = AXIS2_PLACEMENT_3D ( 'NONE', #2094, #8807, #3338 ) ;
#6047 = STYLED_ITEM ( 'NONE', ( #8711 ), #2247 ) ;
#6048 = SURFACE_SIDE_STYLE ('',( #3260 ) ) ;
#6049 = DIRECTION ( 'NONE',  ( -1.000000000000000000, 0.000000000000000000, -0.000000000000000000 ) ) ;
#6050 = LINE ( 'NONE', #7470, #2433 ) ;
#6051 = COLOUR_RGB ( '',0.6470588235294117974, 0.6196078431372549211, 0.5999999999999999778 ) ;
#6052 = STYLED_ITEM ( 'NONE', ( #1552 ), #7510 ) ;
#6053 = ORIENTED_EDGE ( 'NONE', *, *, #108, .F. ) ;
#6054 = VECTOR ( 'NONE', #1937, 1000.000000000000000 ) ;
#6055 = PRESENTATION_STYLE_ASSIGNMENT (( #1165 ) ) ;
#6056 = STYLED_ITEM ( 'NONE', ( #2817 ), #8310 ) ;
#6057 = ORIENTED_EDGE ( 'NONE', *, *, #2474, .T. ) ;
#6058 = FACE_OUTER_BOUND ( 'NONE', #2836, .T. ) ;
#6059 = MECHANICAL_DESIGN_GEOMETRIC_PRESENTATION_REPRESENTATION (  '', ( #6474 ), #2195 ) ;
#6060 = CARTESIAN_POINT ( 'NONE',  ( 1.380000000000000115, 0.1700000000000000122, -0.06916666666666670960 ) ) ;
#6061 = AXIS2_PLACEMENT_3D ( 'NONE', #3801, #4531, #4480 ) ;
#6063 = CARTESIAN_POINT ( 'NONE',  ( 1.000000000000000000, 0.1700000000000000122, -0.2999999999999999334 ) ) ;
#6062 = VECTOR ( 'NONE', #5082, 1000.000000000000000 ) ;
#6064 = SURFACE_STYLE_FILL_AREA ( #7436 ) ;
#6065 = DIRECTION ( 'NONE',  ( -1.000000000000000000, -0.000000000000000000, -0.000000000000000000 ) ) ;
#6066 = ORIENTED_EDGE ( 'NONE', *, *, #8812, .T. ) ;
#6067 = VECTOR ( 'NONE', #8387, 1000.000000000000000 ) ;
#6068 = ORIENTED_EDGE ( 'NONE', *, *, #6797, .F. ) ;
#6069 = ORIENTED_EDGE ( 'NONE', *, *, #8486, .F. ) ;
#6070 = AXIS2_PLACEMENT_3D ( 'NONE', #4145, #4235, #1493 ) ;
#6071 = CARTESIAN_POINT ( 'NONE',  ( 0.2000000000000000111, 0.1500000000000000222, -0.2499999999999998890 ) ) ;
#6072 = DIRECTION ( 'NONE',  ( 0.000000000000000000, 0.000000000000000000, -1.000000000000000000 ) ) ;
#6073 = SURFACE_STYLE_USAGE ( .BOTH. , #7537 ) ;
#6074 = DIRECTION ( 'NONE',  ( 1.000000000000000000, 0.000000000000000000, -0.000000000000000000 ) ) ;
#6075 = ORIENTED_EDGE ( 'NONE', *, *, #6022, .T. ) ;
#6076 = ORIENTED_EDGE ( 'NONE', *, *, #707, .T. ) ;
#6077 =( LENGTH_UNIT ( ) NAMED_UNIT ( * ) SI_UNIT ( .MILLI., .METRE. ) );
#6078 = SURFACE_SIDE_STYLE ('',( #2678 ) ) ;
#6079 = EDGE_CURVE ( 'NONE', #8008, #6255, #210, .T. ) ;
#6080 = ADVANCED_FACE ( 'NONE', ( #3644 ), #3519, .F. ) ;
#6081 = DIRECTION ( 'NONE',  ( 0.000000000000000000, 1.000000000000000000, 0.000000000000000000 ) ) ;
#6082 = CARTESIAN_POINT ( 'NONE',  ( 0.000000000000000000, 0.1699999999999999567, 0.2999999999999999334 ) ) ;
#6083 = CARTESIAN_POINT ( 'NONE',  ( 0.4300000000000000488, -0.1500000000000008271, -0.2499999999999998890 ) ) ;
#6084 = CARTESIAN_POINT ( 'NONE',  ( 0.1700000000000000122, -0.1699999999999999012, 0.2999999999999999889 ) ) ;
#6085 =( GEOMETRIC_REPRESENTATION_CONTEXT ( 3 ) GLOBAL_UNCERTAINTY_ASSIGNED_CONTEXT ( ( #7529 ) ) GLOBAL_UNIT_ASSIGNED_CONTEXT ( ( #8805, #2178, #4208 ) ) REPRESENTATION_CONTEXT ( 'NONE', 'WORKASPACE' ) );
#6086 = CARTESIAN_POINT ( 'NONE',  ( 0.6000000000000000888, 0.1499999999999999667, 0.06916666666666672347 ) ) ;
#6087 = ORIENTED_EDGE ( 'NONE', *, *, #5525, .F. ) ;
#6088 = LINE ( 'NONE', #4862, #7971 ) ;
#6089 = FILL_AREA_STYLE_COLOUR ( '', #5105 ) ;
#6090 = DIRECTION ( 'NONE',  ( -0.01328367628056957572, 0.000000000000000000, 0.9999117680798007557 ) ) ;
#6091 = EDGE_CURVE ( 'NONE', #4418, #6014, #6214, .T. ) ;
#6092 =( GEOMETRIC_REPRESENTATION_CONTEXT ( 3 ) GLOBAL_UNCERTAINTY_ASSIGNED_CONTEXT ( ( #970 ) ) GLOBAL_UNIT_ASSIGNED_CONTEXT ( ( #5324, #8726, #1159 ) ) REPRESENTATION_CONTEXT ( 'NONE', 'WORKASPACE' ) );
#6093 = DIRECTION ( 'NONE',  ( -0.000000000000000000, 1.000000000000000000, -0.000000000000000000 ) ) ;
#6094 = EDGE_CURVE ( 'NONE', #3764, #3094, #4177, .T. ) ;
#6095 = SURFACE_STYLE_USAGE ( .BOTH. , #1265 ) ;
#6096 = CARTESIAN_POINT ( 'NONE',  ( 1.200000000000000178, -0.1500000000000000500, -0.2799999999999999711 ) ) ;
#6097 = CARTESIAN_POINT ( 'NONE',  ( 0.9699999999999991962, -1.249999999999999112, 0.2499999999999998890 ) ) ;
#6098 = ORIENTED_EDGE ( 'NONE', *, *, #482, .F. ) ;
#6099 = CARTESIAN_POINT ( 'NONE',  ( 0.9700000000000000844, -1.249999999999999112, -0.2499999999999998890 ) ) ;
#6100 = EDGE_LOOP ( 'NONE', ( #3070, #5165, #1613, #5084 ) ) ;
#6101 = CARTESIAN_POINT ( 'NONE',  ( -0.04574584690419209593, -19.83000000000000185, -0.2499999999999998890 ) ) ;
#6102 = DIRECTION ( 'NONE',  ( -0.000000000000000000, 1.000000000000000000, -0.000000000000000000 ) ) ;
#6103 =( NAMED_UNIT ( * ) PLANE_ANGLE_UNIT ( ) SI_UNIT ( $, .RADIAN. ) );
#6104 = STYLED_ITEM ( 'NONE', ( #1348 ), #274 ) ;
#6105 = DIRECTION ( 'NONE',  ( 0.000000000000000000, 0.000000000000000000, 1.000000000000000000 ) ) ;
#6106 = VECTOR ( 'NONE', #1011, 1000.000000000000000 ) ;
#6107 = ORIENTED_EDGE ( 'NONE', *, *, #6887, .F. ) ;
#6108 =( NAMED_UNIT ( * ) PLANE_ANGLE_UNIT ( ) SI_UNIT ( $, .RADIAN. ) );
#6109 = ORIENTED_EDGE ( 'NONE', *, *, #7159, .F. ) ;
#6110 = ORIENTED_EDGE ( 'NONE', *, *, #6639, .T. ) ;
#6111 = VECTOR ( 'NONE', #467, 1000.000000000000000 ) ;
#6112 = CARTESIAN_POINT ( 'NONE',  ( 2.168404344971008868E-16, -0.1500000000000008271, -0.1500000000000000222 ) ) ;
#6113 = CARTESIAN_POINT ( 'NONE',  ( 0.6000000000000000888, 0.1499999999999999667, 0.2499999999999998335 ) ) ;
#6114 = VECTOR ( 'NONE', #1507, 1000.000000000000000 ) ;
#6115 = LINE ( 'NONE', #8845, #7900 ) ;
#6116 = STYLED_ITEM ( 'NONE', ( #4572 ), #7015 ) ;
#6117 = ORIENTED_EDGE ( 'NONE', *, *, #1331, .T. ) ;
#6118 = ORIENTED_EDGE ( 'NONE', *, *, #4424, .T. ) ;
#6119 = CARTESIAN_POINT ( 'NONE',  ( 0.3999999999999999667, 0.1500000000000008271, -0.2795000000000000262 ) ) ;
#6120 = FILL_AREA_STYLE ('',( #4725 ) ) ;
#6121 = FILL_AREA_STYLE_COLOUR ( '', #6352 ) ;
#6122 = DIRECTION ( 'NONE',  ( -1.000000000000000000, -0.000000000000000000, -0.000000000000000000 ) ) ;
#6123 = PRESENTATION_STYLE_ASSIGNMENT (( #4823 ) ) ;
#6124 = AXIS2_PLACEMENT_3D ( 'NONE', #3974, #3795, #4658 ) ;
#6125 = DIRECTION ( 'NONE',  ( 0.000000000000000000, 0.000000000000000000, -1.000000000000000000 ) ) ;
#6126 = ORIENTED_EDGE ( 'NONE', *, *, #7212, .F. ) ;
#6127 = ADVANCED_FACE ( 'NONE', ( #8317 ), #6338, .F. ) ;
#6128 = CARTESIAN_POINT ( 'NONE',  ( 0.9999999999999991118, -0.1500000000000008271, 0.2795000000000000817 ) ) ;
#6129 = LINE ( 'NONE', #2726, #4737 ) ;
#6130 = AXIS2_PLACEMENT_3D ( 'NONE', #8172, #8760, #8128 ) ;
#6131 = DIRECTION ( 'NONE',  ( -0.000000000000000000, 1.000000000000000000, -0.000000000000000000 ) ) ;
#6132 = FILL_AREA_STYLE ('',( #6931 ) ) ;
#6133 = EDGE_CURVE ( 'NONE', #4467, #1137, #3687, .T. ) ;
#6134 = EDGE_CURVE ( 'NONE', #6783, #519, #1689, .T. ) ;
#6135 = UNCERTAINTY_MEASURE_WITH_UNIT (LENGTH_MEASURE( 1.000000000000000082E-05 ), #4928, 'distance_accuracy_value', 'NONE');
#6136 = EDGE_CURVE ( 'NONE', #2162, #6453, #2512, .T. ) ;
#6137 = ORIENTED_EDGE ( 'NONE', *, *, #6147, .F. ) ;
#6138 = EDGE_LOOP ( 'NONE', ( #1983, #1813, #4838, #991, #6770, #2982, #2965, #5489 ) ) ;
#6139 = PRESENTATION_STYLE_ASSIGNMENT (( #4138 ) ) ;
#6140 = CARTESIAN_POINT ( 'NONE',  ( 1.000000000000000000, 0.1499999999999999667, 0.2799999999999999711 ) ) ;
#6141 =( NAMED_UNIT ( * ) SI_UNIT ( $, .STERADIAN. ) SOLID_ANGLE_UNIT ( ) );
#6142 = VECTOR ( 'NONE', #7187, 1000.000000000000000 ) ;
#6143 =( NAMED_UNIT ( * ) SI_UNIT ( $, .STERADIAN. ) SOLID_ANGLE_UNIT ( ) );
#6144 = VERTEX_POINT ( 'NONE', #2373 ) ;
#6145 = FILL_AREA_STYLE_COLOUR ( '', #1617 ) ;
#6146 = ORIENTED_EDGE ( 'NONE', *, *, #6510, .F. ) ;
#6147 = EDGE_CURVE ( 'NONE', #5632, #1177, #297, .T. ) ;
#6148 = VERTEX_POINT ( 'NONE', #1069 ) ;
#6149 = DIRECTION ( 'NONE',  ( 0.000000000000000000, -0.000000000000000000, -1.000000000000000000 ) ) ;
#6150 = DIRECTION ( 'NONE',  ( 0.000000000000000000, -1.000000000000000000, 1.594414959537507173E-16 ) ) ;
#6151 = FILL_AREA_STYLE_COLOUR ( '', #7991 ) ;
#6152 = DIRECTION ( 'NONE',  ( -0.000000000000000000, 0.000000000000000000, 1.000000000000000000 ) ) ;
#6153 = ORIENTED_EDGE ( 'NONE', *, *, #2307, .F. ) ;
#6154 = ORIENTED_EDGE ( 'NONE', *, *, #7443, .T. ) ;
#6155 = CARTESIAN_POINT ( 'NONE',  ( 1.400000000000000133, 0.1699999999999999567, 0.06916666666666672347 ) ) ;
#6156 = PRESENTATION_STYLE_ASSIGNMENT (( #2042 ) ) ;
#6157 = PLANE ( 'NONE',  #5079 ) ;
#6158 = DIRECTION ( 'NONE',  ( -0.000000000000000000, 0.000000000000000000, -1.000000000000000000 ) ) ;
#6159 = DIRECTION ( 'NONE',  ( -0.000000000000000000, 1.000000000000000000, 1.594414959537506434E-16 ) ) ;
#6160 = VERTEX_POINT ( 'NONE', #7861 ) ;
#6161 = SURFACE_STYLE_FILL_AREA ( #614 ) ;
#6162 = MANIFOLD_SOLID_BREP ( 'Move Face1[2]', #1662 ) ;
#6163 = STYLED_ITEM ( 'NONE', ( #7909 ), #4487 ) ;
#6164 = SURFACE_STYLE_USAGE ( .BOTH. , #4095 ) ;
#6165 = CARTESIAN_POINT ( 'NONE',  ( -0.04574584690419209593, 0.1700000000000000122, 0.2499999999999998335 ) ) ;
#6166 =( NAMED_UNIT ( * ) SI_UNIT ( $, .STERADIAN. ) SOLID_ANGLE_UNIT ( ) );
#6167 = VECTOR ( 'NONE', #6672, 1000.000000000000000 ) ;
#6168 = FILL_AREA_STYLE ('',( #3429 ) ) ;
#6169 = FACE_OUTER_BOUND ( 'NONE', #2543, .T. ) ;
#6170 = MECHANICAL_DESIGN_GEOMETRIC_PRESENTATION_REPRESENTATION (  '', ( #166 ), #591 ) ;
#6171 = ORIENTED_EDGE ( 'NONE', *, *, #8175, .T. ) ;
#6172 =( NAMED_UNIT ( * ) PLANE_ANGLE_UNIT ( ) SI_UNIT ( $, .RADIAN. ) );
#6173 = EDGE_LOOP ( 'NONE', ( #6617, #6315, #3332, #5812 ) ) ;
#6174 = FILL_AREA_STYLE ('',( #3 ) ) ;
#6175 = AXIS2_PLACEMENT_3D ( 'NONE', #6749, #6904, #2164 ) ;
#6176 = EDGE_CURVE ( 'NONE', #2463, #6533, #5758, .T. ) ;
#6177 = EDGE_CURVE ( 'NONE', #5917, #1094, #428, .T. ) ;
#6178 = PRESENTATION_LAYER_ASSIGNMENT (  '', '', ( #6879 ) ) ;
#6179 = LINE ( 'NONE', #55, #7342 ) ;
#6180 = FACE_OUTER_BOUND ( 'NONE', #13, .T. ) ;
#6181 = CARTESIAN_POINT ( 'NONE',  ( 1.000000000000000000, -0.1700000000000000400, -0.1499999999999999944 ) ) ;
#6182 = VECTOR ( 'NONE', #3420, 1000.000000000000000 ) ;
#6183 = AXIS2_PLACEMENT_3D ( 'NONE', #4843, #1569, #6899 ) ;
#6184 =( NAMED_UNIT ( * ) PLANE_ANGLE_UNIT ( ) SI_UNIT ( $, .RADIAN. ) );
#6185 = ORIENTED_EDGE ( 'NONE', *, *, #2306, .T. ) ;
#6186 = VERTEX_POINT ( 'NONE', #8492 ) ;
#6187 = PRESENTATION_STYLE_ASSIGNMENT (( #3445 ) ) ;
#6188 = AXIS2_PLACEMENT_3D ( 'NONE', #8782, #5918, #4654 ) ;
#6189 = ADVANCED_FACE ( 'NONE', ( #8624 ), #4553, .F. ) ;
#6190 = DIRECTION ( 'NONE',  ( -1.000000000000000000, 0.000000000000000000, 0.000000000000000000 ) ) ;
#6191 = DIRECTION ( 'NONE',  ( -1.000000000000000000, 0.000000000000000000, 0.000000000000000000 ) ) ;
#6192 = VECTOR ( 'NONE', #720, 1000.000000000000000 ) ;
#6193 = CARTESIAN_POINT ( 'NONE',  ( 0.9700000000000000844, -19.83000000000000185, 0.2499999999999998335 ) ) ;
#6194 = EDGE_CURVE ( 'NONE', #5504, #154, #1150, .T. ) ;
#6195 = UNCERTAINTY_MEASURE_WITH_UNIT (LENGTH_MEASURE( 1.000000000000000082E-05 ), #101, 'distance_accuracy_value', 'NONE');
#6196 = FILL_AREA_STYLE_COLOUR ( '', #8779 ) ;
#6197 = AXIS2_PLACEMENT_3D ( 'NONE', #7351, #3405, #5343 ) ;
#6198 = ORIENTED_EDGE ( 'NONE', *, *, #8052, .T. ) ;
#6199 = VECTOR ( 'NONE', #5732, 1000.000000000000000 ) ;
#6200 = VERTEX_POINT ( 'NONE', #8572 ) ;
#6201 = DIRECTION ( 'NONE',  ( 0.000000000000000000, 0.000000000000000000, 1.000000000000000000 ) ) ;
#6202 = VECTOR ( 'NONE', #3976, 1000.000000000000000 ) ;
#6203 = PLANE ( 'NONE',  #2227 ) ;
#6204 = SURFACE_STYLE_FILL_AREA ( #831 ) ;
#6205 = SURFACE_STYLE_FILL_AREA ( #3467 ) ;
#6206 =( LENGTH_UNIT ( ) NAMED_UNIT ( * ) SI_UNIT ( .MILLI., .METRE. ) );
#6207 = ORIENTED_EDGE ( 'NONE', *, *, #943, .F. ) ;
#6208 = SURFACE_STYLE_FILL_AREA ( #8219 ) ;
#6209 = FILL_AREA_STYLE_COLOUR ( '', #6528 ) ;
#6210 = DIRECTION ( 'NONE',  ( 0.000000000000000000, 0.000000000000000000, 1.000000000000000000 ) ) ;
#6211 =( LENGTH_UNIT ( ) NAMED_UNIT ( * ) SI_UNIT ( .MILLI., .METRE. ) );
#6212 =( NAMED_UNIT ( * ) PLANE_ANGLE_UNIT ( ) SI_UNIT ( $, .RADIAN. ) );
#6213 = CARTESIAN_POINT ( 'NONE',  ( 0.5699999999999999512, 0.1499999999999999667, 0.06916666666666672347 ) ) ;
#6214 = LINE ( 'NONE', #254, #1294 ) ;
#6215 = VERTEX_POINT ( 'NONE', #6616 ) ;
#6216 = CARTESIAN_POINT ( 'NONE',  ( 0.8299999999999999600, 0.1700000000000000122, 0.06916666666666670960 ) ) ;
#6217 = ORIENTED_EDGE ( 'NONE', *, *, #6079, .F. ) ;
#6218 = MECHANICAL_DESIGN_GEOMETRIC_PRESENTATION_REPRESENTATION (  '', ( #2372 ), #4342 ) ;
#6219 =( NAMED_UNIT ( * ) SI_UNIT ( $, .STERADIAN. ) SOLID_ANGLE_UNIT ( ) );
#6220 = CARTESIAN_POINT ( 'NONE',  ( 1.380000000000000115, 0.1700000000000000122, 0.06916666666666670960 ) ) ;
#6221 = FILL_AREA_STYLE ('',( #1527 ) ) ;
#6222 = FILL_AREA_STYLE ('',( #6941 ) ) ;
#6223 =( LENGTH_UNIT ( ) NAMED_UNIT ( * ) SI_UNIT ( .MILLI., .METRE. ) );
#6224 = EDGE_LOOP ( 'NONE', ( #4894, #4204, #7131, #5631 ) ) ;
#6225 = EDGE_CURVE ( 'NONE', #2039, #8463, #4504, .T. ) ;
#6226 = ORIENTED_EDGE ( 'NONE', *, *, #987, .T. ) ;
#6227 = CARTESIAN_POINT ( 'NONE',  ( 2.168404344971008868E-16, 0.1800000000000000488, 0.1499999999999999667 ) ) ;
#6228 = FILL_AREA_STYLE ('',( #6835 ) ) ;
#6229 = DIRECTION ( 'NONE',  ( 0.000000000000000000, 1.000000000000000000, 0.000000000000000000 ) ) ;
#6230 = DIRECTION ( 'NONE',  ( -0.000000000000000000, 0.000000000000000000, -1.000000000000000000 ) ) ;
#6231 = SURFACE_STYLE_FILL_AREA ( #4807 ) ;
#6232 = CARTESIAN_POINT ( 'NONE',  ( 1.400000000000000133, 0.1700000000000000122, -0.2499999999999998890 ) ) ;
#6233 =( NAMED_UNIT ( * ) SI_UNIT ( $, .STERADIAN. ) SOLID_ANGLE_UNIT ( ) );
#6234 = DIRECTION ( 'NONE',  ( -1.000000000000000000, -0.000000000000000000, -0.000000000000000000 ) ) ;
#6235 = MECHANICAL_DESIGN_GEOMETRIC_PRESENTATION_REPRESENTATION (  '', ( #3236 ), #2392 ) ;
#6236 = VERTEX_POINT ( 'NONE', #6571 ) ;
#6237 = UNCERTAINTY_MEASURE_WITH_UNIT (LENGTH_MEASURE( 1.000000000000000082E-05 ), #4600, 'distance_accuracy_value', 'NONE');
#6238 = EDGE_CURVE ( 'NONE', #2097, #4146, #3151, .T. ) ;
#6239 = ORIENTED_EDGE ( 'NONE', *, *, #4349, .F. ) ;
#6240 = LINE ( 'NONE', #112, #8108 ) ;
#6241 = EDGE_CURVE ( 'NONE', #8380, #7164, #653, .T. ) ;
#6242 = VECTOR ( 'NONE', #6346, 1000.000000000000000 ) ;
#6243 = PRESENTATION_LAYER_ASSIGNMENT (  '', '', ( #6962 ) ) ;
#6244 = SURFACE_SIDE_STYLE ('',( #6204 ) ) ;
#6245 = SURFACE_STYLE_USAGE ( .BOTH. , #114 ) ;
#6246 = ORIENTED_EDGE ( 'NONE', *, *, #6177, .T. ) ;
#6247 = CARTESIAN_POINT ( 'NONE',  ( 0.8299999999999999600, 0.1700000000000000122, 0.2499999999999998335 ) ) ;
#6248 =( LENGTH_UNIT ( ) NAMED_UNIT ( * ) SI_UNIT ( .MILLI., .METRE. ) );
#6249 = EDGE_CURVE ( 'NONE', #3342, #6995, #3958, .T. ) ;
#6250 = DIRECTION ( 'NONE',  ( 0.000000000000000000, 1.000000000000000000, 0.000000000000000000 ) ) ;
#6251 = AXIS2_PLACEMENT_3D ( 'NONE', #7255, #8012, #5824 ) ;
#6252 = DIRECTION ( 'NONE',  ( 0.000000000000000000, -1.000000000000000000, 1.594414959537507173E-16 ) ) ;
#6253 = LINE ( 'NONE', #2854, #3463 ) ;
#6254 = DIRECTION ( 'NONE',  ( -0.000000000000000000, 1.000000000000000000, -0.000000000000000000 ) ) ;
#6255 = VERTEX_POINT ( 'NONE', #3421 ) ;
#6256 =( LENGTH_UNIT ( ) NAMED_UNIT ( * ) SI_UNIT ( .MILLI., .METRE. ) );
#6257 = ORIENTED_EDGE ( 'NONE', *, *, #4704, .F. ) ;
#6258 = DIRECTION ( 'NONE',  ( 0.000000000000000000, 0.000000000000000000, 1.000000000000000000 ) ) ;
#6259 = PRESENTATION_LAYER_ASSIGNMENT (  '', '', ( #4693 ) ) ;
#6260 = DIRECTION ( 'NONE',  ( 1.000000000000000000, 0.000000000000000000, 0.000000000000000000 ) ) ;
#6261 = UNCERTAINTY_MEASURE_WITH_UNIT (LENGTH_MEASURE( 1.000000000000000082E-05 ), #5426, 'distance_accuracy_value', 'NONE');
#6262 = MECHANICAL_DESIGN_GEOMETRIC_PRESENTATION_REPRESENTATION (  '', ( #4250 ), #4698 ) ;
#6263 = ORIENTED_EDGE ( 'NONE', *, *, #3819, .F. ) ;
#6264 = EDGE_LOOP ( 'NONE', ( #3699, #2865, #284, #3628 ) ) ;
#6265 = VECTOR ( 'NONE', #1018, 1000.000000000000000 ) ;
#6266 = FILL_AREA_STYLE ('',( #1574 ) ) ;
#6267 = LINE ( 'NONE', #5781, #7308 ) ;
#6268 = SURFACE_STYLE_FILL_AREA ( #5566 ) ;
#6269 = ORIENTED_EDGE ( 'NONE', *, *, #5044, .F. ) ;
#6270 = LINE ( 'NONE', #143, #336 ) ;
#6271 = ORIENTED_EDGE ( 'NONE', *, *, #836, .F. ) ;
#6272 = VERTEX_POINT ( 'NONE', #3910 ) ;
#6274 = PRESENTATION_LAYER_ASSIGNMENT (  '', '', ( #5571 ) ) ;
#6273 = PRODUCT_DEFINITION_FORMATION_WITH_SPECIFIED_SOURCE ( 'ANY', '', #8777, .NOT_KNOWN. ) ;
#6275 = FACE_OUTER_BOUND ( 'NONE', #5449, .T. ) ;
#6276 = EDGE_CURVE ( 'NONE', #5685, #5656, #3290, .T. ) ;
#6277 = ADVANCED_FACE ( 'NONE', ( #6756 ), #1875, .F. ) ;
#6278 = EDGE_CURVE ( 'NONE', #4042, #5187, #6849, .T. ) ;
#6279 = DIRECTION ( 'NONE',  ( 0.9999117680798007557, 0.000000000000000000, 0.01328367628057065992 ) ) ;
#6280 = VECTOR ( 'NONE', #7064, 1000.000000000000000 ) ;
#6281 = FILL_AREA_STYLE_COLOUR ( '', #4077 ) ;
#6282 = VERTEX_POINT ( 'NONE', #3383 ) ;
#6283 = CARTESIAN_POINT ( 'NONE',  ( 0.4300000000000000488, 0.1700000000000000122, 0.2499999999999998335 ) ) ;
#6284 = CARTESIAN_POINT ( 'NONE',  ( 0.8000000000000000444, -0.1499999999999999389, 0.1499999999999999944 ) ) ;
#6285 = CARTESIAN_POINT ( 'NONE',  ( 1.200000000000000178, 0.1700000000000000122, -0.2999999999999999334 ) ) ;
#6286 = EDGE_CURVE ( 'NONE', #2856, #4115, #5409, .T. ) ;
#6287 = CARTESIAN_POINT ( 'NONE',  ( 0.8299999999999999600, 0.1500000000000008271, -0.1499999999999999944 ) ) ;
#6288 = DIRECTION ( 'NONE',  ( -0.000000000000000000, -0.000000000000000000, 1.000000000000000000 ) ) ;
#6289 = DIRECTION ( 'NONE',  ( 0.000000000000000000, 1.000000000000000000, -1.594414959537507173E-16 ) ) ;
#6290 = EDGE_CURVE ( 'NONE', #2403, #7727, #6037, .T. ) ;
#6291 = DIRECTION ( 'NONE',  ( -0.000000000000000000, 1.000000000000000000, 0.000000000000000000 ) ) ;
#6292 = ORIENTED_EDGE ( 'NONE', *, *, #3287, .T. ) ;
#6293 = ORIENTED_EDGE ( 'NONE', *, *, #382, .T. ) ;
#6294 = CARTESIAN_POINT ( 'NONE',  ( 0.8299999999999999600, -0.1700000000000000122, -0.2499999999999998890 ) ) ;
#6295 = VECTOR ( 'NONE', #478, 1000.000000000000000 ) ;
#6296 = EDGE_LOOP ( 'NONE', ( #5999, #8618, #5383, #6902 ) ) ;
#6297 = CARTESIAN_POINT ( 'NONE',  ( 0.6000000000000000888, -0.1500000000000000500, -0.1499999999999999944 ) ) ;
#6298 = PRESENTATION_STYLE_ASSIGNMENT (( #6938 ) ) ;
#6299 = CARTESIAN_POINT ( 'NONE',  ( 0.4000000000000000222, 0.1699999999999999567, 0.06916666666666672347 ) ) ;
#6300 = DIRECTION ( 'NONE',  ( 0.000000000000000000, -0.000000000000000000, -1.000000000000000000 ) ) ;
#6301 = CARTESIAN_POINT ( 'NONE',  ( 0.8299999999999999600, -19.83000000000000185, -0.2499999999999998890 ) ) ;
#6302 = PRESENTATION_LAYER_ASSIGNMENT (  '', '', ( #1744 ) ) ;
#6303 = ORIENTED_EDGE ( 'NONE', *, *, #4619, .F. ) ;
#6304 = VECTOR ( 'NONE', #7632, 999.9999999999998863 ) ;
#6305 = ORIENTED_EDGE ( 'NONE', *, *, #8104, .T. ) ;
#6306 = FACE_OUTER_BOUND ( 'NONE', #348, .T. ) ;
#6307 = SURFACE_STYLE_USAGE ( .BOTH. , #5074 ) ;
#6308 = VECTOR ( 'NONE', #1078, 1000.000000000000000 ) ;
#6309 = STYLED_ITEM ( 'NONE', ( #6123 ), #7328 ) ;
#6310 = PLANE ( 'NONE',  #7913 ) ;
#6311 = STYLED_ITEM ( 'NONE', ( #8146 ), #2475 ) ;
#6312 = CARTESIAN_POINT ( 'NONE',  ( 1.199999999999999289, -0.1500000000000008271, 0.2795000000000000262 ) ) ;
#6313 = DIRECTION ( 'NONE',  ( 1.000000000000000000, 0.000000000000000000, 0.000000000000000000 ) ) ;
#6314 = FILL_AREA_STYLE ('',( #6196 ) ) ;
#6315 = ORIENTED_EDGE ( 'NONE', *, *, #3106, .T. ) ;
#6316 = COLOUR_RGB ( '',0.6470588235294117974, 0.6196078431372549211, 0.5999999999999999778 ) ;
#6317 = DIRECTION ( 'NONE',  ( -0.000000000000000000, -1.000000000000000000, -0.000000000000000000 ) ) ;
#6318 = ORIENTED_EDGE ( 'NONE', *, *, #127, .T. ) ;
#6319 = STYLED_ITEM ( 'NONE', ( #4541 ), #7591 ) ;
#6320 = ORIENTED_EDGE ( 'NONE', *, *, #3226, .F. ) ;
#6321 = PRESENTATION_LAYER_ASSIGNMENT (  '', '', ( #5190 ) ) ;
#6322 = DIRECTION ( 'NONE',  ( -1.000000000000000000, 0.000000000000000000, 0.000000000000000000 ) ) ;
#6323 = VECTOR ( 'NONE', #5161, 1000.000000000000000 ) ;
#6324 = CARTESIAN_POINT ( 'NONE',  ( 0.000000000000000000, -0.1499999999999999389, 0.2799999999999999711 ) ) ;
#6325 = CARTESIAN_POINT ( 'NONE',  ( 1.400000000000000133, 0.000000000000000000, -0.2499999999999998890 ) ) ;
#6326 = STYLED_ITEM ( 'NONE', ( #8115 ), #8831 ) ;
#6327 =( NAMED_UNIT ( * ) SI_UNIT ( $, .STERADIAN. ) SOLID_ANGLE_UNIT ( ) );
#6328 = ORIENTED_EDGE ( 'NONE', *, *, #5369, .T. ) ;
#6329 = VECTOR ( 'NONE', #3088, 1000.000000000000000 ) ;
#6330 = PRESENTATION_STYLE_ASSIGNMENT (( #925 ) ) ;
#6331 = EDGE_CURVE ( 'NONE', #1570, #4470, #4728, .T. ) ;
#6332 = EDGE_CURVE ( 'NONE', #636, #6505, #8086, .T. ) ;
#6333 = CARTESIAN_POINT ( 'NONE',  ( 1.400000000000000133, -0.1699999999999999012, 0.2999999999999999889 ) ) ;
#6334 = CARTESIAN_POINT ( 'NONE',  ( 1.380000000000000115, 0.1700000000000000122, 0.1499999999999999667 ) ) ;
#6335 = AXIS2_PLACEMENT_3D ( 'NONE', #7473, #1932, #4564 ) ;
#6336 = LINE ( 'NONE', #5002, #4922 ) ;
#6337 = PLANE ( 'NONE',  #4763 ) ;
#6338 = PLANE ( 'NONE',  #8859 ) ;
#6339 = LINE ( 'NONE', #2981, #2048 ) ;
#6340 = VERTEX_POINT ( 'NONE', #4040 ) ;
#6341 = EDGE_LOOP ( 'NONE', ( #4511, #271, #6867, #2918 ) ) ;
#6342 = LINE ( 'NONE', #2421, #1389 ) ;
#6343 = ADVANCED_FACE ( 'NONE', ( #2049 ), #30, .F. ) ;
#6344 = VERTEX_POINT ( 'NONE', #4685 ) ;
#6345 = EDGE_CURVE ( 'NONE', #2901, #3722, #2721, .T. ) ;
#6346 = DIRECTION ( 'NONE',  ( -1.000000000000000000, -0.000000000000000000, -0.000000000000000000 ) ) ;
#6347 = EDGE_CURVE ( 'NONE', #3722, #2224, #1387, .T. ) ;
#6348 = STYLED_ITEM ( 'NONE', ( #5946 ), #3428 ) ;
#6349 = DIRECTION ( 'NONE',  ( -1.000000000000000000, 0.000000000000000000, -0.000000000000000000 ) ) ;
#6350 = DIRECTION ( 'NONE',  ( -0.000000000000000000, -1.000000000000000000, -0.000000000000000000 ) ) ;
#6351 = DIRECTION ( 'NONE',  ( 0.000000000000000000, 0.000000000000000000, 1.000000000000000000 ) ) ;
#6352 = COLOUR_RGB ( '',0.6470588235294117974, 0.6196078431372549211, 0.5999999999999999778 ) ;
#6353 = EDGE_LOOP ( 'NONE', ( #609, #2800, #6305, #6198 ) ) ;
#6354 = FILL_AREA_STYLE_COLOUR ( '', #7304 ) ;
#6355 = ORIENTED_EDGE ( 'NONE', *, *, #2790, .F. ) ;
#6356 = PRESENTATION_STYLE_ASSIGNMENT (( #3621 ) ) ;
#6357 = FACE_OUTER_BOUND ( 'NONE', #5458, .T. ) ;
#6358 = VECTOR ( 'NONE', #2670, 1000.000000000000000 ) ;
#6359 = CARTESIAN_POINT ( 'NONE',  ( 0.000000000000000000, 0.1700000000000000122, -0.2999999999999999334 ) ) ;
#6360 = FACE_OUTER_BOUND ( 'NONE', #5695, .T. ) ;
#6361 = CARTESIAN_POINT ( 'NONE',  ( 0.6000000000000000888, -0.1700000000000000400, -0.1499999999999999944 ) ) ;
#6362 = SURFACE_SIDE_STYLE ('',( #8251 ) ) ;
#6363 =( GEOMETRIC_REPRESENTATION_CONTEXT ( 3 ) GLOBAL_UNCERTAINTY_ASSIGNED_CONTEXT ( ( #1456 ) ) GLOBAL_UNIT_ASSIGNED_CONTEXT ( ( #5944, #548, #4586 ) ) REPRESENTATION_CONTEXT ( 'NONE', 'WORKASPACE' ) );
#6364 = ORIENTED_EDGE ( 'NONE', *, *, #2412, .F. ) ;
#6365 = PRESENTATION_STYLE_ASSIGNMENT (( #7750 ) ) ;
#6366 = VERTEX_POINT ( 'NONE', #2846 ) ;
#6367 = EDGE_LOOP ( 'NONE', ( #4273, #5831, #2124, #8174, #5551, #688, #3048, #3971 ) ) ;
#6368 =( NAMED_UNIT ( * ) SI_UNIT ( $, .STERADIAN. ) SOLID_ANGLE_UNIT ( ) );
#6369 = VECTOR ( 'NONE', #7865, 1000.000000000000000 ) ;
#6370 = UNCERTAINTY_MEASURE_WITH_UNIT (LENGTH_MEASURE( 1.000000000000000082E-05 ), #427, 'distance_accuracy_value', 'NONE');
#6371 =( NAMED_UNIT ( * ) SI_UNIT ( $, .STERADIAN. ) SOLID_ANGLE_UNIT ( ) );
#6372 = ORIENTED_EDGE ( 'NONE', *, *, #1207, .T. ) ;
#6373 = CARTESIAN_POINT ( 'NONE',  ( 1.199999999999999289, -1.249999999999999112, 0.2795000000000000262 ) ) ;
#6374 = UNCERTAINTY_MEASURE_WITH_UNIT (LENGTH_MEASURE( 1.000000000000000082E-05 ), #8054, 'distance_accuracy_value', 'NONE');
#6375 = FILL_AREA_STYLE ('',( #6281 ) ) ;
#6376 = AXIS2_PLACEMENT_3D ( 'NONE', #4996, #7677, #8262 ) ;
#6377 = ORIENTED_EDGE ( 'NONE', *, *, #1394, .F. ) ;
#6378 = DIRECTION ( 'NONE',  ( -1.000000000000000000, 0.000000000000000000, -0.000000000000000000 ) ) ;
#6379 = DIRECTION ( 'NONE',  ( -1.000000000000000000, 0.000000000000000000, 0.000000000000000000 ) ) ;
#6380 = CARTESIAN_POINT ( 'NONE',  ( 0.8299999999999991829, -1.249999999999999112, 0.1499999999999999944 ) ) ;
#6381 =( GEOMETRIC_REPRESENTATION_CONTEXT ( 3 ) GLOBAL_UNCERTAINTY_ASSIGNED_CONTEXT ( ( #4387 ) ) GLOBAL_UNIT_ASSIGNED_CONTEXT ( ( #3975, #8064, #1891 ) ) REPRESENTATION_CONTEXT ( 'NONE', 'WORKASPACE' ) );
#6382 = DIRECTION ( 'NONE',  ( 0.000000000000000000, -1.000000000000000000, 0.000000000000000000 ) ) ;
#6383 = LINE ( 'NONE', #7057, #5932 ) ;
#6384 =( NAMED_UNIT ( * ) PLANE_ANGLE_UNIT ( ) SI_UNIT ( $, .RADIAN. ) );
#6385 = FILL_AREA_STYLE ('',( #2194 ) ) ;
#6386 = CARTESIAN_POINT ( 'NONE',  ( 1.200000000000000178, 0.1699999999999999567, 0.06916666666666672347 ) ) ;
#6387 = ORIENTED_EDGE ( 'NONE', *, *, #885, .F. ) ;
#6388 = ORIENTED_EDGE ( 'NONE', *, *, #5736, .T. ) ;
#6389 = CARTESIAN_POINT ( 'NONE',  ( 1.400000000000000133, -0.1500000000000008271, -0.2795000000000000262 ) ) ;
#6390 = SURFACE_SIDE_STYLE ('',( #1023 ) ) ;
#6391 = ORIENTED_EDGE ( 'NONE', *, *, #7159, .T. ) ;
#6392 = STYLED_ITEM ( 'NONE', ( #6851 ), #2044 ) ;
#6393 = DIRECTION ( 'NONE',  ( -1.000000000000000000, 0.000000000000000000, 0.000000000000000000 ) ) ;
#6394 = CARTESIAN_POINT ( 'NONE',  ( 0.4286715151571743321, 0.1500000000000008271, -0.2499999999999998890 ) ) ;
#6395 = ADVANCED_FACE ( 'NONE', ( #875 ), #153, .F. ) ;
#6396 = ADVANCED_FACE ( 'NONE', ( #2881 ), #7629, .F. ) ;
#6397 = ADVANCED_FACE ( 'NONE', ( #2096 ), #3635, .T. ) ;
#6398 = CARTESIAN_POINT ( 'NONE',  ( 0.02000000000000021899, 0.000000000000000000, 0.000000000000000000 ) ) ;
#6399 = EDGE_LOOP ( 'NONE', ( #1449, #74, #6740, #8059 ) ) ;
#6400 = LINE ( 'NONE', #3700, #8022 ) ;
#6401 = COLOUR_RGB ( '',0.6470588235294117974, 0.6196078431372549211, 0.5999999999999999778 ) ;
#6402 = EDGE_LOOP ( 'NONE', ( #2919, #4507, #2265, #430 ) ) ;
#6403 = PRESENTATION_STYLE_ASSIGNMENT (( #7698 ) ) ;
#6404 = CARTESIAN_POINT ( 'NONE',  ( 1.000000000000000000, -0.1500000000000008271, 0.2795000000000000817 ) ) ;
#6405 = AXIS2_PLACEMENT_3D ( 'NONE', #4244, #4113, #6873 ) ;
#6406 = SURFACE_STYLE_FILL_AREA ( #7259 ) ;
#6407 = CARTESIAN_POINT ( 'NONE',  ( 0.000000000000000000, 0.1499999999999999667, 0.2799999999999999711 ) ) ;
#6408 = LINE ( 'NONE', #1089, #6777 ) ;
#6409 = EDGE_LOOP ( 'NONE', ( #7407, #4645, #5777, #523, #1216, #6821, #5842, #7685 ) ) ;
#6410 = EDGE_CURVE ( 'NONE', #8736, #8276, #7130, .T. ) ;
#6411 = SURFACE_STYLE_USAGE ( .BOTH. , #960 ) ;
#6412 = ORIENTED_EDGE ( 'NONE', *, *, #369, .F. ) ;
#6413 = EDGE_LOOP ( 'NONE', ( #4568, #8083, #7112, #4906 ) ) ;
#6414 = ADVANCED_FACE ( 'NONE', ( #4345 ), #290, .F. ) ;
#6415 = AXIS2_PLACEMENT_3D ( 'NONE', #140, #3500, #4765 ) ;
#6416 = DIRECTION ( 'NONE',  ( 1.000000000000000000, 0.000000000000000000, 0.000000000000000000 ) ) ;
#6417 = CARTESIAN_POINT ( 'NONE',  ( 0.5699999999999999512, -19.83000000000000185, 0.2499999999999998335 ) ) ;
#6418 = AXIS2_PLACEMENT_3D ( 'NONE', #1732, #5101, #5849 ) ;
#6419 = CARTESIAN_POINT ( 'NONE',  ( 0.04999999999999999584, -0.1499999999999999389, 0.1499999999999999944 ) ) ;
#6420 = ORIENTED_EDGE ( 'NONE', *, *, #3921, .F. ) ;
#6421 = VECTOR ( 'NONE', #4887, 1000.000000000000000 ) ;
#6422 = UNCERTAINTY_MEASURE_WITH_UNIT (LENGTH_MEASURE( 1.000000000000000082E-05 ), #8095, 'distance_accuracy_value', 'NONE');
#6423 = DIRECTION ( 'NONE',  ( -0.000000000000000000, 0.000000000000000000, -1.000000000000000000 ) ) ;
#6424 =( LENGTH_UNIT ( ) NAMED_UNIT ( * ) SI_UNIT ( .MILLI., .METRE. ) );
#6425 = SURFACE_STYLE_FILL_AREA ( #7184 ) ;
#6426 = DIRECTION ( 'NONE',  ( -1.000000000000000000, 0.000000000000000000, 0.000000000000000000 ) ) ;
#6427 = LINE ( 'NONE', #8445, #3325 ) ;
#6428 = DIRECTION ( 'NONE',  ( -1.000000000000000000, -0.000000000000000000, -0.000000000000000000 ) ) ;
#6429 = LINE ( 'NONE', #7101, #7608 ) ;
#6430 = ORIENTED_EDGE ( 'NONE', *, *, #1054, .T. ) ;
#6431 = ORIENTED_EDGE ( 'NONE', *, *, #2749, .F. ) ;
#6432 = DIRECTION ( 'NONE',  ( -1.000000000000000000, 0.000000000000000000, 0.000000000000000000 ) ) ;
#6433 = ORIENTED_EDGE ( 'NONE', *, *, #605, .F. ) ;
#6434 = DIRECTION ( 'NONE',  ( 0.000000000000000000, -1.000000000000000000, 0.000000000000000000 ) ) ;
#6435 = LINE ( 'NONE', #305, #2476 ) ;
#6436 = PLANE ( 'NONE',  #6935 ) ;
#6437 =( NAMED_UNIT ( * ) SI_UNIT ( $, .STERADIAN. ) SOLID_ANGLE_UNIT ( ) );
#6438 = VECTOR ( 'NONE', #3658, 1000.000000000000000 ) ;
#6439 = ORIENTED_EDGE ( 'NONE', *, *, #2422, .F. ) ;
#6440 = DIRECTION ( 'NONE',  ( -1.000000000000000000, -0.000000000000000000, -0.000000000000000000 ) ) ;
#6441 = ORIENTED_EDGE ( 'NONE', *, *, #431, .T. ) ;
#6442 = CARTESIAN_POINT ( 'NONE',  ( 0.6000000000000000888, -0.1499999999999999389, 0.1499999999999999944 ) ) ;
#6443 = EDGE_CURVE ( 'NONE', #918, #4418, #7948, .T. ) ;
#6444 = EDGE_CURVE ( 'NONE', #7727, #4950, #3101, .T. ) ;
#6445 = EDGE_CURVE ( 'NONE', #4181, #4101, #1061, .T. ) ;
#6446 = CARTESIAN_POINT ( 'NONE',  ( 0.7542541530958078999, -19.83000000000000185, 0.2499999999999998335 ) ) ;
#6447 = DIRECTION ( 'NONE',  ( 0.000000000000000000, -1.807003620809174139E-16, -1.000000000000000000 ) ) ;
#6448 = CARTESIAN_POINT ( 'NONE',  ( 1.000000000000000000, -0.1700000000000000122, -0.2499999999999998890 ) ) ;
#6449 =( NAMED_UNIT ( * ) PLANE_ANGLE_UNIT ( ) SI_UNIT ( $, .RADIAN. ) );
#6450 = VECTOR ( 'NONE', #6434, 1000.000000000000000 ) ;
#6451 = VERTEX_POINT ( 'NONE', #1679 ) ;
#6452 = CARTESIAN_POINT ( 'NONE',  ( 0.5699999999999999512, 0.1500000000000000222, -0.06916666666666672347 ) ) ;
#6453 = VERTEX_POINT ( 'NONE', #4392 ) ;
#6454 = ORIENTED_EDGE ( 'NONE', *, *, #4978, .F. ) ;
#6455 = EDGE_CURVE ( 'NONE', #8142, #7672, #8616, .T. ) ;
#6456 =( NAMED_UNIT ( * ) PLANE_ANGLE_UNIT ( ) SI_UNIT ( $, .RADIAN. ) );
#6457 = STYLED_ITEM ( 'NONE', ( #2970 ), #7409 ) ;
#6458 =( GEOMETRIC_REPRESENTATION_CONTEXT ( 3 ) GLOBAL_UNCERTAINTY_ASSIGNED_CONTEXT ( ( #640 ) ) GLOBAL_UNIT_ASSIGNED_CONTEXT ( ( #204, #4395, #7679 ) ) REPRESENTATION_CONTEXT ( 'NONE', 'WORKASPACE' ) );
#6459 = ADVANCED_FACE ( 'NONE', ( #5793 ), #2502, .T. ) ;
#6460 = UNCERTAINTY_MEASURE_WITH_UNIT (LENGTH_MEASURE( 1.000000000000000082E-05 ), #7046, 'distance_accuracy_value', 'NONE');
#6461 = PRESENTATION_LAYER_ASSIGNMENT (  '', '', ( #6920 ) ) ;
#6463 =( NAMED_UNIT ( * ) PLANE_ANGLE_UNIT ( ) SI_UNIT ( $, .RADIAN. ) );
#6462 = VECTOR ( 'NONE', #416, 1000.000000000000000 ) ;
#6464 = SURFACE_STYLE_FILL_AREA ( #2361 ) ;
#6465 = ORIENTED_EDGE ( 'NONE', *, *, #3045, .T. ) ;
#6466 = LINE ( 'NONE', #3010, #7175 ) ;
#6467 = UNCERTAINTY_MEASURE_WITH_UNIT (LENGTH_MEASURE( 1.000000000000000082E-05 ), #833, 'distance_accuracy_value', 'NONE');
#6468 = CARTESIAN_POINT ( 'NONE',  ( 2.168404344971008868E-16, 0.1700000000000000122, 0.06916666666666670960 ) ) ;
#6469 = VECTOR ( 'NONE', #694, 1000.000000000000000 ) ;
#6470 = COLOUR_RGB ( '',0.6470588235294117974, 0.6196078431372549211, 0.5999999999999999778 ) ;
#6471 = VERTEX_POINT ( 'NONE', #3901 ) ;
#6472 =( NAMED_UNIT ( * ) PLANE_ANGLE_UNIT ( ) SI_UNIT ( $, .RADIAN. ) );
#6473 = LINE ( 'NONE', #6516, #1395 ) ;
#6474 = STYLED_ITEM ( 'NONE', ( #7099 ), #5382 ) ;
#6475 = DIRECTION ( 'NONE',  ( -1.000000000000000000, 0.000000000000000000, -0.000000000000000000 ) ) ;
#6476 = DIRECTION ( 'NONE',  ( 1.000000000000000000, 0.000000000000000000, 0.000000000000000000 ) ) ;
#6477 = VECTOR ( 'NONE', #6550, 1000.000000000000000 ) ;
#6478 = SURFACE_STYLE_FILL_AREA ( #3642 ) ;
#6479 = PLANE ( 'NONE',  #2759 ) ;
#6480 = FILL_AREA_STYLE ('',( #3205 ) ) ;
#6481 = MECHANICAL_DESIGN_GEOMETRIC_PRESENTATION_REPRESENTATION (  '', ( #2903 ), #7487 ) ;
#6482 = CARTESIAN_POINT ( 'NONE',  ( 1.400000000000000133, -0.1700000000000000122, -0.2999999999999999889 ) ) ;
#6483 = VERTEX_POINT ( 'NONE', #5266 ) ;
#6484 = MECHANICAL_DESIGN_GEOMETRIC_PRESENTATION_REPRESENTATION (  '', ( #2625 ), #6632 ) ;
#6485 = ORIENTED_EDGE ( 'NONE', *, *, #3347, .F. ) ;
#6486 = SURFACE_STYLE_USAGE ( .BOTH. , #7193 ) ;
#6487 = FACE_OUTER_BOUND ( 'NONE', #9, .T. ) ;
#6488 = VERTEX_POINT ( 'NONE', #1240 ) ;
#6489 = CARTESIAN_POINT ( 'NONE',  ( 0.7542541530958078999, -19.83000000000000185, -0.2499999999999998890 ) ) ;
#6490 = CARTESIAN_POINT ( 'NONE',  ( 0.6000000000000000888, -0.1500000000000000500, -0.2799999999999999711 ) ) ;
#6491 = FILL_AREA_STYLE ('',( #7922 ) ) ;
#6492 = CARTESIAN_POINT ( 'NONE',  ( 0.1700000000000000122, -0.1500000000000000500, -0.1499999999999999944 ) ) ;
#6493 = EDGE_LOOP ( 'NONE', ( #1888, #2565, #8156, #3302 ) ) ;
#6494 = FILL_AREA_STYLE ('',( #8420 ) ) ;
#6495 = ORIENTED_EDGE ( 'NONE', *, *, #1996, .T. ) ;
#6496 = VECTOR ( 'NONE', #4309, 1000.000000000000000 ) ;
#6497 = LINE ( 'NONE', #7294, #3940 ) ;
#6498 =( LENGTH_UNIT ( ) NAMED_UNIT ( * ) SI_UNIT ( .MILLI., .METRE. ) );
#6499 = FILL_AREA_STYLE ('',( #7842 ) ) ;
#6500 = STYLED_ITEM ( 'NONE', ( #3379 ), #3506 ) ;
#6501 = FACE_OUTER_BOUND ( 'NONE', #7694, .T. ) ;
#6502 = ADVANCED_FACE ( 'NONE', ( #1865 ), #6024, .F. ) ;
#6503 = ORIENTED_EDGE ( 'NONE', *, *, #1811, .F. ) ;
#6504 = ORIENTED_EDGE ( 'NONE', *, *, #6445, .T. ) ;
#6505 = VERTEX_POINT ( 'NONE', #7360 ) ;
#6506 = COLOUR_RGB ( '',0.7921568627450980005, 0.8196078431372548767, 0.9333333333333333481 ) ;
#6507 = PLANE ( 'NONE',  #719 ) ;
#6508 = COLOUR_RGB ( '',0.6470588235294117974, 0.6196078431372549211, 0.5999999999999999778 ) ;
#6509 = CARTESIAN_POINT ( 'NONE',  ( 0.9700000000000000844, 0.1700000000000000122, 0.2499999999999998335 ) ) ;
#6510 = EDGE_CURVE ( 'NONE', #5214, #5528, #8748, .T. ) ;
#6511 =( NAMED_UNIT ( * ) SI_UNIT ( $, .STERADIAN. ) SOLID_ANGLE_UNIT ( ) );
#6512 = EDGE_CURVE ( 'NONE', #670, #4757, #5355, .T. ) ;
#6513 = VERTEX_POINT ( 'NONE', #7988 ) ;
#6514 = EDGE_CURVE ( 'NONE', #8211, #8349, #1292, .T. ) ;
#6515 = CARTESIAN_POINT ( 'NONE',  ( 1.400000000000000133, 0.000000000000000000, 0.2499999999999998335 ) ) ;
#6516 = CARTESIAN_POINT ( 'NONE',  ( 0.6000000000000000888, -0.1700000000000000122, -0.2999999999999999889 ) ) ;
#6517 =( LENGTH_UNIT ( ) NAMED_UNIT ( * ) SI_UNIT ( .MILLI., .METRE. ) );
#6518 = VECTOR ( 'NONE', #3599, 1000.000000000000000 ) ;
#6519 = SURFACE_STYLE_FILL_AREA ( #1643 ) ;
#6520 = SURFACE_SIDE_STYLE ('',( #6478 ) ) ;
#6521 = COLOUR_RGB ( '',0.6470588235294117974, 0.6196078431372549211, 0.5999999999999999778 ) ;
#6522 = FILL_AREA_STYLE_COLOUR ( '', #7756 ) ;
#6523 = CARTESIAN_POINT ( 'NONE',  ( 0.3999999999999999667, 0.1500000000000008271, -0.2795000000000000262 ) ) ;
#6524 = PRESENTATION_STYLE_ASSIGNMENT (( #345 ) ) ;
#6525 = SURFACE_STYLE_FILL_AREA ( #1070 ) ;
#6526 = VERTEX_POINT ( 'NONE', #3194 ) ;
#6527 = EDGE_CURVE ( 'NONE', #4224, #1672, #3087, .T. ) ;
#6528 = COLOUR_RGB ( '',0.6470588235294117974, 0.6196078431372549211, 0.5999999999999999778 ) ;
#6529 = VERTEX_POINT ( 'NONE', #1754 ) ;
#6530 = DIRECTION ( 'NONE',  ( 0.000000000000000000, 0.000000000000000000, -1.000000000000000000 ) ) ;
#6531 = SURFACE_SIDE_STYLE ('',( #3785 ) ) ;
#6532 = VECTOR ( 'NONE', #8692, 1000.000000000000000 ) ;
#6533 = VERTEX_POINT ( 'NONE', #316 ) ;
#6534 = SURFACE_SIDE_STYLE ('',( #1698 ) ) ;
#6535 = CARTESIAN_POINT ( 'NONE',  ( 0.2000000000000000111, 0.1499999999999999667, 0.2799999999999999711 ) ) ;
#6536 = CARTESIAN_POINT ( 'NONE',  ( 0.9700000000000000844, 0.1500000000000008271, -0.2499999999999998890 ) ) ;
#6537 = COLOUR_RGB ( '',0.6470588235294117974, 0.6196078431372549211, 0.5999999999999999778 ) ;
#6538 = SURFACE_STYLE_USAGE ( .BOTH. , #2385 ) ;
#6539 = ORIENTED_EDGE ( 'NONE', *, *, #538, .F. ) ;
#6540 = PRESENTATION_STYLE_ASSIGNMENT (( #5821 ) ) ;
#6541 = ORIENTED_EDGE ( 'NONE', *, *, #2949, .F. ) ;
#6542 = SURFACE_SIDE_STYLE ('',( #5121 ) ) ;
#6543 =( NAMED_UNIT ( * ) SI_UNIT ( $, .STERADIAN. ) SOLID_ANGLE_UNIT ( ) );
#6544 =( LENGTH_UNIT ( ) NAMED_UNIT ( * ) SI_UNIT ( .MILLI., .METRE. ) );
#6545 = CARTESIAN_POINT ( 'NONE',  ( 0.8299999999999999600, -19.83000000000000185, 0.2499999999999998335 ) ) ;
#6546 = FACE_OUTER_BOUND ( 'NONE', #7428, .T. ) ;
#6547 = PLANE ( 'NONE',  #7165 ) ;
#6548 = CARTESIAN_POINT ( 'NONE',  ( 0.2000000000000000111, 0.1700000000000000122, -0.2999999999999999334 ) ) ;
#6549 = ORIENTED_EDGE ( 'NONE', *, *, #4583, .T. ) ;
#6550 = DIRECTION ( 'NONE',  ( 0.000000000000000000, 0.000000000000000000, 1.000000000000000000 ) ) ;
#6551 = VERTEX_POINT ( 'NONE', #8552 ) ;
#6552 = ORIENTED_EDGE ( 'NONE', *, *, #8273, .F. ) ;
#6553 = CARTESIAN_POINT ( 'NONE',  ( 0.04999999999999999584, -0.1699999999999999289, 0.1499999999999999944 ) ) ;
#6554 = VECTOR ( 'NONE', #8260, 1000.000000000000000 ) ;
#6555 = PRESENTATION_STYLE_ASSIGNMENT (( #3898 ) ) ;
#6556 = CARTESIAN_POINT ( 'NONE',  ( 0.1700000000000000122, 0.1500000000000008271, 0.2499999999999998335 ) ) ;
#6557 = PRESENTATION_STYLE_ASSIGNMENT (( #7271 ) ) ;
#6558 = ORIENTED_EDGE ( 'NONE', *, *, #4414, .F. ) ;
#6559 = VECTOR ( 'NONE', #2798, 1000.000000000000000 ) ;
#6560 = FILL_AREA_STYLE ('',( #7179 ) ) ;
#6561 = CARTESIAN_POINT ( 'NONE',  ( 1.400000000000000133, -0.1700000000000000122, -0.2999999999999999889 ) ) ;
#6562 = CARTESIAN_POINT ( 'NONE',  ( 0.7542541530958078999, -19.83000000000000185, -0.2499999999999998890 ) ) ;
#6563 = DIRECTION ( 'NONE',  ( -0.000000000000000000, 0.000000000000000000, 1.000000000000000000 ) ) ;
#6564 = EDGE_CURVE ( 'NONE', #1946, #4640, #1664, .T. ) ;
#6565 = EDGE_CURVE ( 'NONE', #633, #2463, #358, .T. ) ;
#6566 = EDGE_CURVE ( 'NONE', #1992, #1788, #1130, .T. ) ;
#6567 = CARTESIAN_POINT ( 'NONE',  ( 0.1699999999999999012, -0.1500000000000008271, -0.2499999999999998890 ) ) ;
#6568 =( GEOMETRIC_REPRESENTATION_CONTEXT ( 3 ) GLOBAL_UNCERTAINTY_ASSIGNED_CONTEXT ( ( #923 ) ) GLOBAL_UNIT_ASSIGNED_CONTEXT ( ( #4960, #4869, #5054 ) ) REPRESENTATION_CONTEXT ( 'NONE', 'WORKASPACE' ) );
#6569 = DIRECTION ( 'NONE',  ( -0.000000000000000000, -0.000000000000000000, 1.000000000000000000 ) ) ;
#6570 = PRESENTATION_STYLE_ASSIGNMENT (( #2560 ) ) ;
#6571 = CARTESIAN_POINT ( 'NONE',  ( 0.000000000000000000, -0.1500000000000000500, -0.2499999999999998890 ) ) ;
#6572 =( NAMED_UNIT ( * ) SI_UNIT ( $, .STERADIAN. ) SOLID_ANGLE_UNIT ( ) );
#6573 = ORIENTED_EDGE ( 'NONE', *, *, #6134, .T. ) ;
#6574 = PRESENTATION_STYLE_ASSIGNMENT (( #3862 ) ) ;
#6575 = ORIENTED_EDGE ( 'NONE', *, *, #2683, .T. ) ;
#6576 = DIRECTION ( 'NONE',  ( 0.000000000000000000, 1.000000000000000000, 0.000000000000000000 ) ) ;
#6577 = ADVANCED_FACE ( 'NONE', ( #5825 ), #3177, .F. ) ;
#6578 = EDGE_CURVE ( 'NONE', #1724, #5920, #3756, .T. ) ;
#6579 = CARTESIAN_POINT ( 'NONE',  ( 0.4300000000000000488, 0.1700000000000000122, 0.06916666666666670960 ) ) ;
#6580 = LINE ( 'NONE', #7148, #7601 ) ;
#6581 = CARTESIAN_POINT ( 'NONE',  ( 1.400000000000000133, -0.1499999999999999389, 0.2499999999999998335 ) ) ;
#6582 =( NAMED_UNIT ( * ) PLANE_ANGLE_UNIT ( ) SI_UNIT ( $, .RADIAN. ) );
#6583 = ORIENTED_EDGE ( 'NONE', *, *, #8486, .T. ) ;
#6584 =( NAMED_UNIT ( * ) SI_UNIT ( $, .STERADIAN. ) SOLID_ANGLE_UNIT ( ) );
#6585 = UNCERTAINTY_MEASURE_WITH_UNIT (LENGTH_MEASURE( 1.000000000000000082E-05 ), #7373, 'distance_accuracy_value', 'NONE');
#6586 = ORIENTED_EDGE ( 'NONE', *, *, #3284, .F. ) ;
#6587 = FILL_AREA_STYLE_COLOUR ( '', #5124 ) ;
#6588 = LINE ( 'NONE', #1169, #4956 ) ;
#6589 = CARTESIAN_POINT ( 'NONE',  ( 1.400000000000000133, -0.1499999999999999389, 0.1499999999999999944 ) ) ;
#6590 = FACE_OUTER_BOUND ( 'NONE', #4431, .T. ) ;
#6591 = SURFACE_STYLE_FILL_AREA ( #1713 ) ;
#6592 = ORIENTED_EDGE ( 'NONE', *, *, #2547, .F. ) ;
#6593 = CARTESIAN_POINT ( 'NONE',  ( 0.9699999999999991962, 0.1500000000000008271, 0.1499999999999999944 ) ) ;
#6594 = ORIENTED_EDGE ( 'NONE', *, *, #1976, .T. ) ;
#6595 = ORIENTED_EDGE ( 'NONE', *, *, #2694, .F. ) ;
#6596 = AXIS2_PLACEMENT_3D ( 'NONE', #930, #3018, #6476 ) ;
#6597 = FACE_OUTER_BOUND ( 'NONE', #6367, .T. ) ;
#6598 = LINE ( 'NONE', #7848, #6462 ) ;
#6599 = VECTOR ( 'NONE', #6576, 1000.000000000000000 ) ;
#6600 = FILL_AREA_STYLE_COLOUR ( '', #3061 ) ;
#6601 = CARTESIAN_POINT ( 'NONE',  ( 0.04999999999999999584, 0.1500000000000000222, -0.2799999999999999711 ) ) ;
#6602 = DIRECTION ( 'NONE',  ( -0.000000000000000000, -0.000000000000000000, 1.000000000000000000 ) ) ;
#6603 = CARTESIAN_POINT ( 'NONE',  ( 1.000000000000000000, 0.1500000000000000222, -0.2799999999999999711 ) ) ;
#6604 =( GEOMETRIC_REPRESENTATION_CONTEXT ( 3 ) GLOBAL_UNCERTAINTY_ASSIGNED_CONTEXT ( ( #3950 ) ) GLOBAL_UNIT_ASSIGNED_CONTEXT ( ( #5565, #4243, #4281 ) ) REPRESENTATION_CONTEXT ( 'NONE', 'WORKASPACE' ) );
#6605 = ORIENTED_EDGE ( 'NONE', *, *, #213, .T. ) ;
#6606 = AXIS2_PLACEMENT_3D ( 'NONE', #3904, #4584, #1725 ) ;
#6607 = PLANE ( 'NONE',  #5540 ) ;
#6608 = SURFACE_STYLE_USAGE ( .BOTH. , #6078 ) ;
#6609 = MECHANICAL_DESIGN_GEOMETRIC_PRESENTATION_REPRESENTATION (  '', ( #5306 ), #315 ) ;
#6610 = DIRECTION ( 'NONE',  ( 0.000000000000000000, 0.000000000000000000, 1.000000000000000000 ) ) ;
#6611 = EDGE_CURVE ( 'NONE', #1458, #740, #1042, .T. ) ;
#6612 = VECTOR ( 'NONE', #5896, 1000.000000000000000 ) ;
#6613 = CARTESIAN_POINT ( 'NONE',  ( 1.228671515157173655, -1.249999999999999112, 0.2499999999999998890 ) ) ;
#6615 = UNCERTAINTY_MEASURE_WITH_UNIT (LENGTH_MEASURE( 1.000000000000000082E-05 ), #3845, 'distance_accuracy_value', 'NONE');
#6614 = MECHANICAL_DESIGN_GEOMETRIC_PRESENTATION_REPRESENTATION (  '', ( #3461 ), #3878 ) ;
#6616 = CARTESIAN_POINT ( 'NONE',  ( 1.350000000000000089, -0.1699999999999999289, 0.1499999999999999944 ) ) ;
#6617 = ORIENTED_EDGE ( 'NONE', *, *, #2904, .T. ) ;
#6618 = EDGE_CURVE ( 'NONE', #8559, #2943, #6497, .T. ) ;
#6619 = EDGE_CURVE ( 'NONE', #8211, #3013, #6588, .T. ) ;
#6620 = MECHANICAL_DESIGN_GEOMETRIC_PRESENTATION_REPRESENTATION (  '', ( #5900 ), #2752 ) ;
#6621 = PLANE ( 'NONE',  #4946 ) ;
#6622 = ORIENTED_EDGE ( 'NONE', *, *, #5204, .F. ) ;
#6623 = COLOUR_RGB ( '',0.6470588235294117974, 0.6196078431372549211, 0.5999999999999999778 ) ;
#6624 = MECHANICAL_DESIGN_GEOMETRIC_PRESENTATION_REPRESENTATION (  '', ( #331 ), #3885 ) ;
#6625 =( NAMED_UNIT ( * ) PLANE_ANGLE_UNIT ( ) SI_UNIT ( $, .RADIAN. ) );
#6626 = MECHANICAL_DESIGN_GEOMETRIC_PRESENTATION_REPRESENTATION (  '', ( #5190 ), #4761 ) ;
#6627 = CARTESIAN_POINT ( 'NONE',  ( 0.5699999999999995071, 0.1500000000000008271, 0.2499999999999998890 ) ) ;
#6628 = AXIS2_PLACEMENT_3D ( 'NONE', #6970, #7010, #209 ) ;
#6629 = LINE ( 'NONE', #3830, #6664 ) ;
#6630 = CARTESIAN_POINT ( 'NONE',  ( 1.400000000000000133, -0.1699999999999999289, 0.2499999999999998335 ) ) ;
#6631 = FACE_OUTER_BOUND ( 'NONE', #7640, .T. ) ;
#6632 =( GEOMETRIC_REPRESENTATION_CONTEXT ( 3 ) GLOBAL_UNCERTAINTY_ASSIGNED_CONTEXT ( ( #5134 ) ) GLOBAL_UNIT_ASSIGNED_CONTEXT ( ( #7033, #6992, #6233 ) ) REPRESENTATION_CONTEXT ( 'NONE', 'WORKASPACE' ) );
#6633 =( NAMED_UNIT ( * ) SI_UNIT ( $, .STERADIAN. ) SOLID_ANGLE_UNIT ( ) );
#6634 = EDGE_CURVE ( 'NONE', #5868, #7385, #5872, .T. ) ;
#6635 = STYLED_ITEM ( 'NONE', ( #6365 ), #8586 ) ;
#6636 = ORIENTED_EDGE ( 'NONE', *, *, #5147, .T. ) ;
#6637 = CARTESIAN_POINT ( 'NONE',  ( 1.000000000000000000, -0.1500000000000000500, -0.2799999999999999711 ) ) ;
#6638 =( GEOMETRIC_REPRESENTATION_CONTEXT ( 3 ) GLOBAL_UNCERTAINTY_ASSIGNED_CONTEXT ( ( #4207 ) ) GLOBAL_UNIT_ASSIGNED_CONTEXT ( ( #1131, #7931, #1711 ) ) REPRESENTATION_CONTEXT ( 'NONE', 'WORKASPACE' ) );
#6639 = EDGE_CURVE ( 'NONE', #7374, #5007, #8594, .T. ) ;
#6640 = ORIENTED_EDGE ( 'NONE', *, *, #65, .T. ) ;
#6641 = FILL_AREA_STYLE_COLOUR ( '', #2883 ) ;
#6642 = FACE_OUTER_BOUND ( 'NONE', #413, .T. ) ;
#6643 = DIRECTION ( 'NONE',  ( 1.000000000000000000, 0.000000000000000000, 0.000000000000000000 ) ) ;
#6644 = VECTOR ( 'NONE', #224, 1000.000000000000000 ) ;
#6645 = PLANE ( 'NONE',  #226 ) ;
#6646 = CARTESIAN_POINT ( 'NONE',  ( 0.04999999999999999584, 0.1500000000000008271, 0.2499999999999998335 ) ) ;
#6647 = ORIENTED_EDGE ( 'NONE', *, *, #7052, .F. ) ;
#6648 = CARTESIAN_POINT ( 'NONE',  ( 0.2000000000000000111, -0.1499999999999999389, 0.2799999999999999711 ) ) ;
#6649 = MECHANICAL_DESIGN_GEOMETRIC_PRESENTATION_REPRESENTATION (  '', ( #6348 ), #8792 ) ;
#6650 = ORIENTED_EDGE ( 'NONE', *, *, #6025, .T. ) ;
#6651 = ORIENTED_EDGE ( 'NONE', *, *, #7146, .T. ) ;
#6652 = CARTESIAN_POINT ( 'NONE',  ( 0.1999999999999996503, -0.1500000000000008271, 0.2499999999999998890 ) ) ;
#6653 =( GEOMETRIC_REPRESENTATION_CONTEXT ( 3 ) GLOBAL_UNCERTAINTY_ASSIGNED_CONTEXT ( ( #5479 ) ) GLOBAL_UNIT_ASSIGNED_CONTEXT ( ( #7910, #7368, #26 ) ) REPRESENTATION_CONTEXT ( 'NONE', 'WORKASPACE' ) );
#6654 = CARTESIAN_POINT ( 'NONE',  ( 0.4300000000000000488, 0.1500000000000008271, -0.1499999999999999944 ) ) ;
#6655 =( NAMED_UNIT ( * ) PLANE_ANGLE_UNIT ( ) SI_UNIT ( $, .RADIAN. ) );
#6656 = FACE_OUTER_BOUND ( 'NONE', #6100, .T. ) ;
#6657 = SURFACE_SIDE_STYLE ('',( #3329 ) ) ;
#6658 = VERTEX_POINT ( 'NONE', #2535 ) ;
#6659 = CARTESIAN_POINT ( 'NONE',  ( 0.4286715151571738880, 0.1500000000000008271, 0.2499999999999998890 ) ) ;
#6660 = DIRECTION ( 'NONE',  ( -1.000000000000000000, -0.000000000000000000, -0.000000000000000000 ) ) ;
#6661 = DIRECTION ( 'NONE',  ( 1.000000000000000000, 0.000000000000000000, 0.000000000000000000 ) ) ;
#6662 =( NAMED_UNIT ( * ) SI_UNIT ( $, .STERADIAN. ) SOLID_ANGLE_UNIT ( ) );
#6663 = CARTESIAN_POINT ( 'NONE',  ( 0.4300000000000000488, -0.1700000000000000400, -0.1499999999999999944 ) ) ;
#6664 = VECTOR ( 'NONE', #437, 1000.000000000000000 ) ;
#6665 = PLANE ( 'NONE',  #6130 ) ;
#6666 = FACE_OUTER_BOUND ( 'NONE', #3583, .T. ) ;
#6667 = LINE ( 'NONE', #6086, #7040 ) ;
#6668 = ORIENTED_EDGE ( 'NONE', *, *, #2095, .T. ) ;
#6669 = LINE ( 'NONE', #8722, #4453 ) ;
#6670 = SURFACE_SIDE_STYLE ('',( #1259 ) ) ;
#6671 = ORIENTED_EDGE ( 'NONE', *, *, #5261, .T. ) ;
#6672 = DIRECTION ( 'NONE',  ( 0.000000000000000000, 1.000000000000000000, 0.000000000000000000 ) ) ;
#6673 =( GEOMETRIC_REPRESENTATION_CONTEXT ( 3 ) GLOBAL_UNCERTAINTY_ASSIGNED_CONTEXT ( ( #6467 ) ) GLOBAL_UNIT_ASSIGNED_CONTEXT ( ( #833, #2231, #4211 ) ) REPRESENTATION_CONTEXT ( 'NONE', 'WORKASPACE' ) );
#6674 = SURFACE_SIDE_STYLE ('',( #7421 ) ) ;
#6675 = PLANE ( 'NONE',  #323 ) ;
#6676 = PRESENTATION_STYLE_ASSIGNMENT (( #3922 ) ) ;
#6677 = VECTOR ( 'NONE', #4059, 1000.000000000000000 ) ;
#6678 = ORIENTED_EDGE ( 'NONE', *, *, #5432, .T. ) ;
#6679 = CARTESIAN_POINT ( 'NONE',  ( 0.02000000000000021899, 0.1800000000000000488, 0.1499999999999999667 ) ) ;
#6680 = VERTEX_POINT ( 'NONE', #1802 ) ;
#6681 = CARTESIAN_POINT ( 'NONE',  ( 1.200000000000000178, -0.1500000000000008271, -0.2499999999999998890 ) ) ;
#6682 = CARTESIAN_POINT ( 'NONE',  ( 0.8000000000000000444, 0.000000000000000000, -0.2499999999999998890 ) ) ;
#6683 = VECTOR ( 'NONE', #205, 999.9999999999998863 ) ;
#6684 = FACE_OUTER_BOUND ( 'NONE', #4221, .T. ) ;
#6685 = EDGE_CURVE ( 'NONE', #1844, #824, #448, .T. ) ;
#6686 = EDGE_CURVE ( 'NONE', #7915, #8091, #7794, .T. ) ;
#6687 = EDGE_CURVE ( 'NONE', #5878, #6148, #2699, .T. ) ;
#6688 = MECHANICAL_DESIGN_GEOMETRIC_PRESENTATION_REPRESENTATION (  '', ( #4223 ), #1538 ) ;
#6689 =( LENGTH_UNIT ( ) NAMED_UNIT ( * ) SI_UNIT ( .MILLI., .METRE. ) );
#6690 = DIRECTION ( 'NONE',  ( -0.000000000000000000, 1.000000000000000000, 1.807003620809174139E-16 ) ) ;
#6691 =( LENGTH_UNIT ( ) NAMED_UNIT ( * ) SI_UNIT ( .MILLI., .METRE. ) );
#6692 = CARTESIAN_POINT ( 'NONE',  ( 0.6000000000000000888, -0.1700000000000000122, -0.2499999999999998890 ) ) ;
#6693 = EDGE_LOOP ( 'NONE', ( #4192, #3792, #6875, #1660 ) ) ;
#6694 = EDGE_LOOP ( 'NONE', ( #1950, #2985, #2581, #6391, #6818, #8088, #4665, #1062 ) ) ;
#6695 = ORIENTED_EDGE ( 'NONE', *, *, #2412, .T. ) ;
#6696 = PRESENTATION_STYLE_ASSIGNMENT (( #5263 ) ) ;
#6697 = CARTESIAN_POINT ( 'NONE',  ( 0.4300000000000000488, 0.1700000000000000122, -0.06916666666666670960 ) ) ;
#6698 = DIRECTION ( 'NONE',  ( -0.000000000000000000, 1.000000000000000000, -0.000000000000000000 ) ) ;
#6699 = ADVANCED_FACE ( 'NONE', ( #2660 ), #4701, .T. ) ;
#6700 = DIRECTION ( 'NONE',  ( -1.000000000000000000, -0.000000000000000000, -0.000000000000000000 ) ) ;
#6701 = FILL_AREA_STYLE_COLOUR ( '', #5340 ) ;
#6702 = CARTESIAN_POINT ( 'NONE',  ( 1.200000000000000178, 0.000000000000000000, 0.000000000000000000 ) ) ;
#6703 = ORIENTED_EDGE ( 'NONE', *, *, #3240, .T. ) ;
#6704 = ORIENTED_EDGE ( 'NONE', *, *, #1104, .F. ) ;
#6705 = PRESENTATION_STYLE_ASSIGNMENT (( #7311 ) ) ;
#6706 = PRESENTATION_LAYER_ASSIGNMENT (  '', '', ( #691 ) ) ;
#6707 = SURFACE_STYLE_USAGE ( .BOTH. , #4633 ) ;
#6708 =( NAMED_UNIT ( * ) SI_UNIT ( $, .STERADIAN. ) SOLID_ANGLE_UNIT ( ) );
#6709 =( NAMED_UNIT ( * ) PLANE_ANGLE_UNIT ( ) SI_UNIT ( $, .RADIAN. ) );
#6710 = PLANE ( 'NONE',  #1472 ) ;
#6711 = VECTOR ( 'NONE', #6840, 1000.000000000000000 ) ;
#6712 = CARTESIAN_POINT ( 'NONE',  ( 0.8299999999999999600, 0.1500000000000000222, -0.06916666666666672347 ) ) ;
#6713 = PLANE ( 'NONE',  #2055 ) ;
#6714 = ORIENTED_EDGE ( 'NONE', *, *, #5268, .F. ) ;
#6715 = CARTESIAN_POINT ( 'NONE',  ( 0.000000000000000000, -0.1700000000000000122, -0.2999999999999999889 ) ) ;
#6716 = LINE ( 'NONE', #3254, #8669 ) ;
#6717 = VERTEX_POINT ( 'NONE', #8109 ) ;
#6718 = LINE ( 'NONE', #8771, #1168 ) ;
#6719 = VECTOR ( 'NONE', #1646, 1000.000000000000000 ) ;
#6720 = FILL_AREA_STYLE_COLOUR ( '', #8082 ) ;
#6721 = DIRECTION ( 'NONE',  ( -1.000000000000000000, 0.000000000000000000, -0.000000000000000000 ) ) ;
#6722 = CARTESIAN_POINT ( 'NONE',  ( 0.6000000000000000888, -0.1499999999999999389, 0.1499999999999999944 ) ) ;
#6723 = ORIENTED_EDGE ( 'NONE', *, *, #8210, .T. ) ;
#6724 = STYLED_ITEM ( 'NONE', ( #6403 ), #1091 ) ;
#6725 = DIRECTION ( 'NONE',  ( -1.000000000000000000, 0.000000000000000000, -0.000000000000000000 ) ) ;
#6726 = ORIENTED_EDGE ( 'NONE', *, *, #7543, .F. ) ;
#6727 = LINE ( 'NONE', #5921, #1903 ) ;
#6728 = FACE_OUTER_BOUND ( 'NONE', #269, .T. ) ;
#6729 = CARTESIAN_POINT ( 'NONE',  ( 0.9700000000000000844, 0.1700000000000000122, 0.2499999999999998335 ) ) ;
#6730 = DIRECTION ( 'NONE',  ( 0.000000000000000000, 1.807003620809174139E-16, -1.000000000000000000 ) ) ;
#6731 = AXIS2_PLACEMENT_3D ( 'NONE', #3826, #7781, #8540 ) ;
#6732 = CARTESIAN_POINT ( 'NONE',  ( 1.000000000000000000, -0.1699999999999999289, 0.1499999999999999944 ) ) ;
#6733 = CARTESIAN_POINT ( 'NONE',  ( 2.168404344971008868E-16, -0.1500000000000008271, 0.2795000000000000817 ) ) ;
#6734 = DIRECTION ( 'NONE',  ( 0.000000000000000000, 0.000000000000000000, 1.000000000000000000 ) ) ;
#6735 = EDGE_LOOP ( 'NONE', ( #5357, #7465, #3331, #6485 ) ) ;
#6736 =( NAMED_UNIT ( * ) SI_UNIT ( $, .STERADIAN. ) SOLID_ANGLE_UNIT ( ) );
#6737 = EDGE_LOOP ( 'NONE', ( #1142, #1164, #6874, #8300, #8723, #2983, #1105, #165 ) ) ;
#6738 = ADVANCED_FACE ( 'NONE', ( #6684 ), #530, .F. ) ;
#6739 = EDGE_CURVE ( 'NONE', #8577, #5057, #3269, .T. ) ;
#6740 = ORIENTED_EDGE ( 'NONE', *, *, #2015, .F. ) ;
#6741 = DIRECTION ( 'NONE',  ( 1.000000000000000000, 0.000000000000000000, 0.000000000000000000 ) ) ;
#6742 = CARTESIAN_POINT ( 'NONE',  ( 0.9700000000000000844, -1.249999999999999112, -0.1499999999999999944 ) ) ;
#6743 = UNCERTAINTY_MEASURE_WITH_UNIT (LENGTH_MEASURE( 1.000000000000000082E-05 ), #5998, 'distance_accuracy_value', 'NONE');
#6744 = LINE ( 'NONE', #4675, #1192 ) ;
#6745 =( NAMED_UNIT ( * ) PLANE_ANGLE_UNIT ( ) SI_UNIT ( $, .RADIAN. ) );
#6746 = EDGE_LOOP ( 'NONE', ( #7851, #8439, #7688, #6098, #487, #3610, #3655, #787 ) ) ;
#6747 = EDGE_CURVE ( 'NONE', #6148, #6471, #3307, .T. ) ;
#6748 = ORIENTED_EDGE ( 'NONE', *, *, #1275, .T. ) ;
#6749 = CARTESIAN_POINT ( 'NONE',  ( 0.2457458469041920723, -19.83000000000000185, 0.2499999999999998335 ) ) ;
#6750 = DIRECTION ( 'NONE',  ( 1.000000000000000000, 0.000000000000000000, 0.000000000000000000 ) ) ;
#6751 = EDGE_CURVE ( 'NONE', #1309, #2285, #8148, .T. ) ;
#6752 = VECTOR ( 'NONE', #5906, 1000.000000000000000 ) ;
#6753 = PRESENTATION_STYLE_ASSIGNMENT (( #6608 ) ) ;
#6754 = SURFACE_STYLE_FILL_AREA ( #425 ) ;
#6755 = CARTESIAN_POINT ( 'NONE',  ( 1.380000000000000115, 0.1700000000000000122, -0.1499999999999999944 ) ) ;
#6756 = FACE_OUTER_BOUND ( 'NONE', #1777, .T. ) ;
#6757 =( NAMED_UNIT ( * ) PLANE_ANGLE_UNIT ( ) SI_UNIT ( $, .RADIAN. ) );
#6758 = VECTOR ( 'NONE', #377, 1000.000000000000000 ) ;
#6759 = ORIENTED_EDGE ( 'NONE', *, *, #4978, .T. ) ;
#6760 = MECHANICAL_DESIGN_GEOMETRIC_PRESENTATION_REPRESENTATION (  '', ( #1744 ), #2323 ) ;
#6761 = EDGE_LOOP ( 'NONE', ( #7824, #2733, #1717, #5963 ) ) ;
#6762 = PLANE ( 'NONE',  #23 ) ;
#6763 = EDGE_CURVE ( 'NONE', #1836, #3834, #8191, .T. ) ;
#6764 = VECTOR ( 'NONE', #5949, 1000.000000000000000 ) ;
#6765 = LINE ( 'NONE', #8181, #4606 ) ;
#6766 = CARTESIAN_POINT ( 'NONE',  ( 1.000000000000000000, -0.1499999999999999389, 0.2499999999999998335 ) ) ;
#6767 = AXIS2_PLACEMENT_3D ( 'NONE', #7246, #1701, #986 ) ;
#6768 = DIRECTION ( 'NONE',  ( -0.000000000000000000, 1.000000000000000000, -0.000000000000000000 ) ) ;
#6769 = AXIS2_PLACEMENT_3D ( 'NONE', #5402, #4809, #7448 ) ;
#6770 = ORIENTED_EDGE ( 'NONE', *, *, #1642, .F. ) ;
#6771 = AXIS2_PLACEMENT_3D ( 'NONE', #4966, #2112, #49 ) ;
#6772 = LINE ( 'NONE', #6099, #6816 ) ;
#6773 = VECTOR ( 'NONE', #2418, 1000.000000000000000 ) ;
#6774 = ORIENTED_EDGE ( 'NONE', *, *, #3612, .T. ) ;
#6775 = LINE ( 'NONE', #4742, #2189 ) ;
#6776 = CARTESIAN_POINT ( 'NONE',  ( 0.6000000000000000888, -0.1499999999999999389, 0.2799999999999999711 ) ) ;
#6777 = VECTOR ( 'NONE', #4337, 1000.000000000000000 ) ;
#6778 = LINE ( 'NONE', #6589, #5241 ) ;
#6779 = DIRECTION ( 'NONE',  ( 0.000000000000000000, 0.000000000000000000, -1.000000000000000000 ) ) ;
#6780 = CARTESIAN_POINT ( 'NONE',  ( 0.6000000000000000888, 0.1500000000000000222, -0.2799999999999999711 ) ) ;
#6781 = ORIENTED_EDGE ( 'NONE', *, *, #4773, .F. ) ;
#6782 = VECTOR ( 'NONE', #6190, 1000.000000000000000 ) ;
#6783 = VERTEX_POINT ( 'NONE', #7521 ) ;
#6784 =( GEOMETRIC_REPRESENTATION_CONTEXT ( 3 ) GLOBAL_UNCERTAINTY_ASSIGNED_CONTEXT ( ( #919 ) ) GLOBAL_UNIT_ASSIGNED_CONTEXT ( ( #6223, #8330, #2863 ) ) REPRESENTATION_CONTEXT ( 'NONE', 'WORKASPACE' ) );
#6785 = ORIENTED_EDGE ( 'NONE', *, *, #2736, .T. ) ;
#6786 = PRESENTATION_STYLE_ASSIGNMENT (( #4804 ) ) ;
#6787 = ADVANCED_FACE ( 'NONE', ( #1404 ), #1606, .F. ) ;
#6788 = CARTESIAN_POINT ( 'NONE',  ( 2.168404344971008868E-16, 0.1500000000000008271, -0.2795000000000000262 ) ) ;
#6789 = CARTESIAN_POINT ( 'NONE',  ( 1.400000000000000133, -0.1699999999999999289, 0.1499999999999999944 ) ) ;
#6790 = FILL_AREA_STYLE ('',( #1823 ) ) ;
#6791 = ORIENTED_EDGE ( 'NONE', *, *, #6686, .F. ) ;
#6792 = ORIENTED_EDGE ( 'NONE', *, *, #7928, .F. ) ;
#6793 = DIRECTION ( 'NONE',  ( -1.000000000000000000, 0.000000000000000000, -0.000000000000000000 ) ) ;
#6794 = PLANE ( 'NONE',  #137 ) ;
#6795 = EDGE_CURVE ( 'NONE', #1134, #3267, #2292, .T. ) ;
#6796 = EDGE_CURVE ( 'NONE', #4750, #2633, #5591, .T. ) ;
#6797 = EDGE_CURVE ( 'NONE', #5032, #7779, #3486, .T. ) ;
#6798 = CARTESIAN_POINT ( 'NONE',  ( 0.9700000000000000844, -0.1500000000000008271, 0.2795000000000000817 ) ) ;
#6799 = LINE ( 'NONE', #602, #5273 ) ;
#6800 = LINE ( 'NONE', #6035, #2181 ) ;
#6801 = DIRECTION ( 'NONE',  ( 0.000000000000000000, -1.000000000000000000, 0.000000000000000000 ) ) ;
#6802 = VECTOR ( 'NONE', #7357, 1000.000000000000000 ) ;
#6803 = FILL_AREA_STYLE_COLOUR ( '', #1055 ) ;
#6804 = ORIENTED_EDGE ( 'NONE', *, *, #649, .T. ) ;
#6805 = SURFACE_STYLE_FILL_AREA ( #4044 ) ;
#6806 = PLANE ( 'NONE',  #2102 ) ;
#6807 = CARTESIAN_POINT ( 'NONE',  ( 0.6000000000000000888, -0.1500000000000000500, -0.2499999999999998890 ) ) ;
#6808 = DIRECTION ( 'NONE',  ( -0.000000000000000000, -0.000000000000000000, 1.000000000000000000 ) ) ;
#6809 = MECHANICAL_DESIGN_GEOMETRIC_PRESENTATION_REPRESENTATION (  '', ( #2662 ), #79 ) ;
#6810 = FACE_OUTER_BOUND ( 'NONE', #1554, .T. ) ;
#6811 = DIRECTION ( 'NONE',  ( -0.000000000000000000, 0.000000000000000000, -1.000000000000000000 ) ) ;
#6812 = CARTESIAN_POINT ( 'NONE',  ( 0.9700000000000000844, -19.83000000000000185, 0.2499999999999998335 ) ) ;
#6813 = VECTOR ( 'NONE', #1912, 1000.000000000000000 ) ;
#6814 = LINE ( 'NONE', #663, #845 ) ;
#6815 = EDGE_CURVE ( 'NONE', #728, #5377, #53, .T. ) ;
#6816 = VECTOR ( 'NONE', #1480, 1000.000000000000000 ) ;
#6817 = DIRECTION ( 'NONE',  ( 0.000000000000000000, -1.807003620809174139E-16, 1.000000000000000000 ) ) ;
#6818 = ORIENTED_EDGE ( 'NONE', *, *, #6512, .T. ) ;
#6819 = DIRECTION ( 'NONE',  ( 0.000000000000000000, 1.807003620809174139E-16, 1.000000000000000000 ) ) ;
#6820 = VECTOR ( 'NONE', #8152, 1000.000000000000000 ) ;
#6821 = ORIENTED_EDGE ( 'NONE', *, *, #5798, .F. ) ;
#6822 = DIRECTION ( 'NONE',  ( 0.000000000000000000, 0.000000000000000000, -1.000000000000000000 ) ) ;
#6823 = STYLED_ITEM ( 'NONE', ( #285 ), #869 ) ;
#6824 = DIRECTION ( 'NONE',  ( 0.000000000000000000, 0.000000000000000000, 1.000000000000000000 ) ) ;
#6825 =( NAMED_UNIT ( * ) SI_UNIT ( $, .STERADIAN. ) SOLID_ANGLE_UNIT ( ) );
#6826 = MECHANICAL_DESIGN_GEOMETRIC_PRESENTATION_REPRESENTATION (  '', ( #5665 ), #4354 ) ;
#6827 = FILL_AREA_STYLE ('',( #7485 ) ) ;
#6828 = ORIENTED_EDGE ( 'NONE', *, *, #3274, .F. ) ;
#6829 = CARTESIAN_POINT ( 'NONE',  ( 0.02000000000000021899, 0.1500000000000000222, -0.06916666666666672347 ) ) ;
#6830 = ORIENTED_EDGE ( 'NONE', *, *, #2248, .F. ) ;
#6831 = VECTOR ( 'NONE', #8135, 1000.000000000000000 ) ;
#6832 = ORIENTED_EDGE ( 'NONE', *, *, #8273, .T. ) ;
#6833 = AXIS2_PLACEMENT_3D ( 'NONE', #7442, #5518, #6149 ) ;
#6834 = UNCERTAINTY_MEASURE_WITH_UNIT (LENGTH_MEASURE( 1.000000000000000082E-05 ), #1201, 'distance_accuracy_value', 'NONE');
#6835 = FILL_AREA_STYLE_COLOUR ( '', #7567 ) ;
#6836 = VECTOR ( 'NONE', #7563, 1000.000000000000000 ) ;
#6837 = PRESENTATION_STYLE_ASSIGNMENT (( #4762 ) ) ;
#6838 = CARTESIAN_POINT ( 'NONE',  ( 0.000000000000000000, 0.1700000000000000122, -0.2499999999999998890 ) ) ;
#6839 = UNCERTAINTY_MEASURE_WITH_UNIT (LENGTH_MEASURE( 1.000000000000000082E-05 ), #3704, 'distance_accuracy_value', 'NONE');
#6840 = DIRECTION ( 'NONE',  ( 0.000000000000000000, 0.000000000000000000, 1.000000000000000000 ) ) ;
#6841 = PRESENTATION_LAYER_ASSIGNMENT (  '', '', ( #1829 ) ) ;
#6842 = VECTOR ( 'NONE', #910, 1000.000000000000000 ) ;
#6843 = ORIENTED_EDGE ( 'NONE', *, *, #6862, .F. ) ;
#6844 = ORIENTED_EDGE ( 'NONE', *, *, #611, .T. ) ;
#6845 = VECTOR ( 'NONE', #5541, 1000.000000000000000 ) ;
#6846 = DIRECTION ( 'NONE',  ( 1.000000000000000000, 0.000000000000000000, 0.000000000000000000 ) ) ;
#6847 = DIRECTION ( 'NONE',  ( 0.000000000000000000, 0.000000000000000000, 1.000000000000000000 ) ) ;
#6848 = SURFACE_STYLE_USAGE ( .BOTH. , #5494 ) ;
#6849 = LINE ( 'NONE', #6712, #3692 ) ;
#6850 = ORIENTED_EDGE ( 'NONE', *, *, #8201, .F. ) ;
#6851 = PRESENTATION_STYLE_ASSIGNMENT (( #81 ) ) ;
#6852 = EDGE_CURVE ( 'NONE', #8847, #5644, #2206, .T. ) ;
#6853 = EDGE_CURVE ( 'NONE', #3981, #654, #2157, .T. ) ;
#6854 = ORIENTED_EDGE ( 'NONE', *, *, #1924, .F. ) ;
#6855 = VECTOR ( 'NONE', #7128, 1000.000000000000000 ) ;
#6856 =( LENGTH_UNIT ( ) NAMED_UNIT ( * ) SI_UNIT ( .MILLI., .METRE. ) );
#6857 = VERTEX_POINT ( 'NONE', #4840 ) ;
#6859 = ADVANCED_FACE ( 'NONE', ( #2784 ), #1485, .F. ) ;
#6858 = PRESENTATION_LAYER_ASSIGNMENT (  '', '', ( #8130 ) ) ;
#6860 = ORIENTED_EDGE ( 'NONE', *, *, #229, .F. ) ;
#6861 = DIRECTION ( 'NONE',  ( 1.000000000000000000, 0.000000000000000000, 0.000000000000000000 ) ) ;
#6862 = EDGE_CURVE ( 'NONE', #1751, #3342, #3578, .T. ) ;
#6863 = FILL_AREA_STYLE_COLOUR ( '', #5670 ) ;
#6864 = SURFACE_STYLE_USAGE ( .BOTH. , #7522 ) ;
#6865 = AXIS2_PLACEMENT_3D ( 'NONE', #2342, #4240, #3622 ) ;
#6866 = CARTESIAN_POINT ( 'NONE',  ( 0.5699999999999999512, 0.1500000000000008271, 0.2499999999999998335 ) ) ;
#6867 = ORIENTED_EDGE ( 'NONE', *, *, #1101, .T. ) ;
#6868 = ORIENTED_EDGE ( 'NONE', *, *, #1285, .F. ) ;
#6869 = LINE ( 'NONE', #2126, #8098 ) ;
#6870 = CARTESIAN_POINT ( 'NONE',  ( 0.1999999999999998723, -0.1500000000000008271, 0.2795000000000000817 ) ) ;
#6871 = PLANE ( 'NONE',  #1676 ) ;
#6872 = SURFACE_SIDE_STYLE ('',( #6231 ) ) ;
#6873 = DIRECTION ( 'NONE',  ( 0.01328367628056957572, 0.000000000000000000, -0.9999117680798007557 ) ) ;
#6874 = ORIENTED_EDGE ( 'NONE', *, *, #5491, .T. ) ;
#6875 = ORIENTED_EDGE ( 'NONE', *, *, #4237, .F. ) ;
#6876 = DIRECTION ( 'NONE',  ( 0.000000000000000000, 0.000000000000000000, -1.000000000000000000 ) ) ;
#6877 = DIRECTION ( 'NONE',  ( 0.000000000000000000, 0.000000000000000000, 1.000000000000000000 ) ) ;
#6878 = FILL_AREA_STYLE ('',( #4038 ) ) ;
#6879 = STYLED_ITEM ( 'NONE', ( #2520 ), #4293 ) ;
#6880 = ORIENTED_EDGE ( 'NONE', *, *, #3617, .F. ) ;
#6881 = LINE ( 'NONE', #4826, #7541 ) ;
#6882 = SURFACE_STYLE_USAGE ( .BOTH. , #2649 ) ;
#6883 = VECTOR ( 'NONE', #701, 1000.000000000000000 ) ;
#6884 = SURFACE_SIDE_STYLE ('',( #2852 ) ) ;
#6885 = CARTESIAN_POINT ( 'NONE',  ( 1.445745846904192167, -19.83000000000000185, -0.2499999999999998890 ) ) ;
#6886 = SURFACE_STYLE_USAGE ( .BOTH. , #4128 ) ;
#6887 = EDGE_CURVE ( 'NONE', #5819, #505, #2795, .T. ) ;
#6888 = DIRECTION ( 'NONE',  ( 0.000000000000000000, -1.000000000000000000, 0.000000000000000000 ) ) ;
#6889 =( NAMED_UNIT ( * ) PLANE_ANGLE_UNIT ( ) SI_UNIT ( $, .RADIAN. ) );
#6890 = PRESENTATION_LAYER_ASSIGNMENT (  '', '', ( #8595 ) ) ;
#6891 = EDGE_LOOP ( 'NONE', ( #6269, #3483, #1625, #696, #4358, #6558, #5676, #6246, #7289, #498, #3861, #6126, #90, #3455, #753, #4709, #8154, #7081, #3665, #3422, #2544, #5198, #7964, #3670, #8228, #5585, #7561, #4752, #2954, #3361, #865, #7416, #6068, #7199, #444, #7765, #4885, #2994, #577, #3805, #992, #2704, #1083, #6695, #2002, #4836, #4883, #8794, #8045, #5719, #2435, #1333 ) ) ;
#6892 = LINE ( 'NONE', #2153, #5235 ) ;
#6893 = ORIENTED_EDGE ( 'NONE', *, *, #1537, .F. ) ;
#6894 =( GEOMETRIC_REPRESENTATION_CONTEXT ( 3 ) GLOBAL_UNCERTAINTY_ASSIGNED_CONTEXT ( ( #6261 ) ) GLOBAL_UNIT_ASSIGNED_CONTEXT ( ( #5426, #2018, #3357 ) ) REPRESENTATION_CONTEXT ( 'NONE', 'WORKASPACE' ) );
#6895 = COLOUR_RGB ( '',0.6470588235294117974, 0.6196078431372549211, 0.5999999999999999778 ) ;
#6896 = CARTESIAN_POINT ( 'NONE',  ( 1.230000000000000204, 0.1700000000000000122, 0.06916666666666670960 ) ) ;
#6897 = ADVANCED_FACE ( 'NONE', ( #1416 ), #5564, .F. ) ;
#6898 = AXIS2_PLACEMENT_3D ( 'NONE', #2511, #5015, #3909 ) ;
#6899 = DIRECTION ( 'NONE',  ( 1.000000000000000000, 0.000000000000000000, -0.000000000000000000 ) ) ;
#6900 = PRESENTATION_LAYER_ASSIGNMENT (  '', '', ( #3461 ) ) ;
#6901 = EDGE_CURVE ( 'NONE', #1363, #4931, #4888, .T. ) ;
#6902 = ORIENTED_EDGE ( 'NONE', *, *, #1967, .F. ) ;
#6903 = VERTEX_POINT ( 'NONE', #4280 ) ;
#6904 = DIRECTION ( 'NONE',  ( 0.000000000000000000, 0.000000000000000000, 1.000000000000000000 ) ) ;
#6905 = DIRECTION ( 'NONE',  ( 0.000000000000000000, -0.000000000000000000, 1.000000000000000000 ) ) ;
#6906 = AXIS2_PLACEMENT_3D ( 'NONE', #3193, #5939, #5884 ) ;
#6907 = VECTOR ( 'NONE', #7427, 1000.000000000000000 ) ;
#6908 = VECTOR ( 'NONE', #3480, 1000.000000000000000 ) ;
#6909 = FACE_OUTER_BOUND ( 'NONE', #8783, .T. ) ;
#6910 = SURFACE_STYLE_USAGE ( .BOTH. , #3449 ) ;
#6911 = VECTOR ( 'NONE', #6229, 1000.000000000000000 ) ;
#6912 = DIRECTION ( 'NONE',  ( -1.000000000000000000, 0.000000000000000000, 0.000000000000000000 ) ) ;
#6913 =( NAMED_UNIT ( * ) PLANE_ANGLE_UNIT ( ) SI_UNIT ( $, .RADIAN. ) );
#6914 = EDGE_CURVE ( 'NONE', #3013, #4575, #189, .T. ) ;
#6915 = STYLED_ITEM ( 'NONE', ( #714 ), #7989 ) ;
#6916 = EDGE_LOOP ( 'NONE', ( #195, #3173, #7102, #5517 ) ) ;
#6917 = VECTOR ( 'NONE', #3183, 1000.000000000000000 ) ;
#6918 = ORIENTED_EDGE ( 'NONE', *, *, #3457, .T. ) ;
#6919 = DIRECTION ( 'NONE',  ( 0.000000000000000000, 1.807003620809174139E-16, -1.000000000000000000 ) ) ;
#6920 = STYLED_ITEM ( 'NONE', ( #8111 ), #4913 ) ;
#6921 = FILL_AREA_STYLE_COLOUR ( '', #3112 ) ;
#6922 = CARTESIAN_POINT ( 'NONE',  ( 1.400000000000000133, -0.1499999999999999389, 0.2799999999999999711 ) ) ;
#6923 = SURFACE_STYLE_USAGE ( .BOTH. , #1427 ) ;
#6924 = VERTEX_POINT ( 'NONE', #7031 ) ;
#6925 = AXIS2_PLACEMENT_3D ( 'NONE', #5229, #8671, #3908 ) ;
#6926 = CARTESIAN_POINT ( 'NONE',  ( 1.400000000000000133, -0.1700000000000000122, -0.2499999999999998890 ) ) ;
#6927 = VERTEX_POINT ( 'NONE', #7701 ) ;
#6928 = CARTESIAN_POINT ( 'NONE',  ( 0.6000000000000000888, 0.1700000000000000122, -0.2499999999999998890 ) ) ;
#6929 = PLANE ( 'NONE',  #6628 ) ;
#6930 = CARTESIAN_POINT ( 'NONE',  ( 1.000000000000000000, 0.1700000000000000122, -0.06916666666666672347 ) ) ;
#6931 = FILL_AREA_STYLE_COLOUR ( '', #1356 ) ;
#6932 = PRODUCT_DEFINITION_CONTEXT ( 'detailed design', #5988, 'design' ) ;
#6933 = ORIENTED_EDGE ( 'NONE', *, *, #590, .F. ) ;
#6934 = ORIENTED_EDGE ( 'NONE', *, *, #1503, .F. ) ;
#6935 = AXIS2_PLACEMENT_3D ( 'NONE', #3744, #6349, #3613 ) ;
#6936 = CARTESIAN_POINT ( 'NONE',  ( 1.045745846904192033, -19.83000000000000185, 0.2499999999999998335 ) ) ;
#6937 =( NAMED_UNIT ( * ) SI_UNIT ( $, .STERADIAN. ) SOLID_ANGLE_UNIT ( ) );
#6938 = SURFACE_STYLE_USAGE ( .BOTH. , #5510 ) ;
#6939 = SURFACE_STYLE_USAGE ( .BOTH. , #3531 ) ;
#6940 = FILL_AREA_STYLE_COLOUR ( '', #3594 ) ;
#6941 = FILL_AREA_STYLE_COLOUR ( '', #6051 ) ;
#6942 = SURFACE_STYLE_USAGE ( .BOTH. , #2908 ) ;
#6943 = PRESENTATION_STYLE_ASSIGNMENT (( #133 ) ) ;
#6944 = ORIENTED_EDGE ( 'NONE', *, *, #3553, .T. ) ;
#6945 = ORIENTED_EDGE ( 'NONE', *, *, #483, .T. ) ;
#6946 = LINE ( 'NONE', #5561, #7167 ) ;
#6947 = EDGE_CURVE ( 'NONE', #5138, #2481, #2869, .T. ) ;
#6948 = ADVANCED_FACE ( 'NONE', ( #4198 ), #6871, .F. ) ;
#6949 = PLANE ( 'NONE',  #6833 ) ;
#6950 = ADVANCED_FACE ( 'NONE', ( #6546 ), #2302, .F. ) ;
#6951 = COLOUR_RGB ( '',0.6470588235294117974, 0.6196078431372549211, 0.5999999999999999778 ) ;
#6952 = SURFACE_STYLE_FILL_AREA ( #6266 ) ;
#6953 = CARTESIAN_POINT ( 'NONE',  ( 1.000000000000000000, -0.1699999999999999289, 0.1499999999999999944 ) ) ;
#6954 = ORIENTED_EDGE ( 'NONE', *, *, #8149, .F. ) ;
#6955 = VECTOR ( 'NONE', #4795, 1000.000000000000000 ) ;
#6956 = ORIENTED_EDGE ( 'NONE', *, *, #3007, .F. ) ;
#6957 = ADVANCED_FACE ( 'NONE', ( #6360 ), #359, .F. ) ;
#6958 = LINE ( 'NONE', #8168, #6967 ) ;
#6959 = EDGE_CURVE ( 'NONE', #4467, #1134, #8553, .T. ) ;
#6960 = STYLED_ITEM ( 'NONE', ( #2204 ), #1274 ) ;
#6961 = VECTOR ( 'NONE', #3505, 1000.000000000000000 ) ;
#6962 = STYLED_ITEM ( 'NONE', ( #3498 ), #6897 ) ;
#6963 = SURFACE_SIDE_STYLE ('',( #3465 ) ) ;
#6964 = LINE ( 'NONE', #8304, #8478 ) ;
#6965 = SURFACE_STYLE_FILL_AREA ( #2272 ) ;
#6966 = VERTEX_POINT ( 'NONE', #7079 ) ;
#6967 = VECTOR ( 'NONE', #6846, 1000.000000000000000 ) ;
#6968 = SURFACE_SIDE_STYLE ('',( #2850 ) ) ;
#6969 =( GEOMETRIC_REPRESENTATION_CONTEXT ( 3 ) GLOBAL_UNCERTAINTY_ASSIGNED_CONTEXT ( ( #2711 ) ) GLOBAL_UNIT_ASSIGNED_CONTEXT ( ( #7389, #3436, #8189 ) ) REPRESENTATION_CONTEXT ( 'NONE', 'WORKASPACE' ) );
#6970 = CARTESIAN_POINT ( 'NONE',  ( 1.000000000000000000, -0.1500000000000000500, -0.2799999999999999711 ) ) ;
#6971 = SURFACE_STYLE_USAGE ( .BOTH. , #4961 ) ;
#6972 = ORIENTED_EDGE ( 'NONE', *, *, #3240, .F. ) ;
#6973 = ORIENTED_EDGE ( 'NONE', *, *, #1246, .F. ) ;
#6974 = FACE_OUTER_BOUND ( 'NONE', #968, .T. ) ;
#6975 = EDGE_LOOP ( 'NONE', ( #453, #1561, #31, #4212 ) ) ;
#6976 = DIRECTION ( 'NONE',  ( -0.000000000000000000, 1.807003620809174139E-16, -1.000000000000000000 ) ) ;
#6977 = VECTOR ( 'NONE', #2698, 1000.000000000000000 ) ;
#6978 = DIRECTION ( 'NONE',  ( -1.000000000000000000, 0.000000000000000000, 0.000000000000000000 ) ) ;
#6979 = PLANE ( 'NONE',  #7942 ) ;
#6980 = CARTESIAN_POINT ( 'NONE',  ( 0.8000000000000000444, -0.1500000000000000500, -0.1499999999999999944 ) ) ;
#6981 = FILL_AREA_STYLE_COLOUR ( '', #1773 ) ;
#6982 = VECTOR ( 'NONE', #4649, 1000.000000000000000 ) ;
#6983 = VERTEX_POINT ( 'NONE', #5726 ) ;
#6984 = ORIENTED_EDGE ( 'NONE', *, *, #1382, .T. ) ;
#6985 =( NAMED_UNIT ( * ) PLANE_ANGLE_UNIT ( ) SI_UNIT ( $, .RADIAN. ) );
#6986 = CARTESIAN_POINT ( 'NONE',  ( 0.8000000000000000444, 0.1500000000000008271, -0.2795000000000000262 ) ) ;
#6987 = STYLED_ITEM ( 'NONE', ( #4217 ), #6127 ) ;
#6988 = FACE_OUTER_BOUND ( 'NONE', #3384, .T. ) ;
#6989 =( NAMED_UNIT ( * ) PLANE_ANGLE_UNIT ( ) SI_UNIT ( $, .RADIAN. ) );
#6990 = CARTESIAN_POINT ( 'NONE',  ( 0.2000000000000000111, -0.1700000000000000122, -0.2999999999999999889 ) ) ;
#6991 = DIRECTION ( 'NONE',  ( 0.000000000000000000, 0.000000000000000000, 1.000000000000000000 ) ) ;
#6992 =( NAMED_UNIT ( * ) PLANE_ANGLE_UNIT ( ) SI_UNIT ( $, .RADIAN. ) );
#6993 = ADVANCED_FACE ( 'NONE', ( #997 ), #5160, .F. ) ;
#6994 = ADVANCED_FACE ( 'NONE', ( #5255 ), #4706, .T. ) ;
#6995 = VERTEX_POINT ( 'NONE', #7975 ) ;
#6996 = ORIENTED_EDGE ( 'NONE', *, *, #7554, .F. ) ;
#6997 = ORIENTED_EDGE ( 'NONE', *, *, #1811, .T. ) ;
#6998 = SURFACE_STYLE_USAGE ( .BOTH. , #5791 ) ;
#6999 =( LENGTH_UNIT ( ) NAMED_UNIT ( * ) SI_UNIT ( .MILLI., .METRE. ) );
#7000 = DIRECTION ( 'NONE',  ( 0.01328367628057065992, 0.000000000000000000, -0.9999117680798007557 ) ) ;
#7001 = COLOUR_RGB ( '',0.6470588235294117974, 0.6196078431372549211, 0.5999999999999999778 ) ;
#7002 = EDGE_CURVE ( 'NONE', #2778, #3813, #5926, .T. ) ;
#7003 = EDGE_LOOP ( 'NONE', ( #2214, #4723, #2109, #4347 ) ) ;
#7004 = EDGE_CURVE ( 'NONE', #5987, #8559, #1277, .T. ) ;
#7005 = PLANE ( 'NONE',  #583 ) ;
#7006 = CARTESIAN_POINT ( 'NONE',  ( 2.168404344971008868E-16, 0.1500000000000008271, 0.2795000000000000817 ) ) ;
#7007 = DIRECTION ( 'NONE',  ( -1.000000000000000000, 0.000000000000000000, -0.000000000000000000 ) ) ;
#7008 = FILL_AREA_STYLE ('',( #4126 ) ) ;
#7009 = FILL_AREA_STYLE_COLOUR ( '', #2654 ) ;
#7010 = DIRECTION ( 'NONE',  ( 0.000000000000000000, 0.000000000000000000, -1.000000000000000000 ) ) ;
#7011 = DIRECTION ( 'NONE',  ( 0.000000000000000000, -0.000000000000000000, -1.000000000000000000 ) ) ;
#7012 = SURFACE_STYLE_USAGE ( .BOTH. , #389 ) ;
#7013 = ORIENTED_EDGE ( 'NONE', *, *, #327, .T. ) ;
#7014 = VERTEX_POINT ( 'NONE', #8014 ) ;
#7015 = ADVANCED_FACE ( 'NONE', ( #531 ), #3977, .F. ) ;
#7016 = ORIENTED_EDGE ( 'NONE', *, *, #7268, .T. ) ;
#7017 = SURFACE_STYLE_USAGE ( .BOTH. , #5188 ) ;
#7018 = DIRECTION ( 'NONE',  ( 1.000000000000000000, 0.000000000000000000, 0.000000000000000000 ) ) ;
#7019 =( GEOMETRIC_REPRESENTATION_CONTEXT ( 3 ) GLOBAL_UNCERTAINTY_ASSIGNED_CONTEXT ( ( #4159 ) ) GLOBAL_UNIT_ASSIGNED_CONTEXT ( ( #5010, #1652, #2290 ) ) REPRESENTATION_CONTEXT ( 'NONE', 'WORKASPACE' ) );
#7020 = CARTESIAN_POINT ( 'NONE',  ( 0.2000000000000000111, -0.1500000000000000500, -0.2799999999999999711 ) ) ;
#7021 = DIRECTION ( 'NONE',  ( -0.000000000000000000, -0.000000000000000000, -1.000000000000000000 ) ) ;
#7022 = DIRECTION ( 'NONE',  ( -0.000000000000000000, -0.000000000000000000, 1.000000000000000000 ) ) ;
#7023 = ORIENTED_EDGE ( 'NONE', *, *, #225, .T. ) ;
#7024 = STYLED_ITEM ( 'NONE', ( #7511 ), #2137 ) ;
#7025 = ORIENTED_EDGE ( 'NONE', *, *, #2370, .F. ) ;
#7026 = DIRECTION ( 'NONE',  ( -1.000000000000000000, 0.000000000000000000, 0.000000000000000000 ) ) ;
#7027 = MECHANICAL_DESIGN_GEOMETRIC_PRESENTATION_REPRESENTATION (  '', ( #739 ), #1598 ) ;
#7028 = VECTOR ( 'NONE', #6351, 1000.000000000000000 ) ;
#7029 = CARTESIAN_POINT ( 'NONE',  ( 0.6000000000000000888, 0.1700000000000000122, -0.06916666666666672347 ) ) ;
#7030 = VECTOR ( 'NONE', #7792, 1000.000000000000000 ) ;
#7031 = CARTESIAN_POINT ( 'NONE',  ( 1.200000000000000178, 0.1500000000000008271, -0.2795000000000000262 ) ) ;
#7032 = DIRECTION ( 'NONE',  ( -0.000000000000000000, -1.000000000000000000, -0.000000000000000000 ) ) ;
#7033 =( LENGTH_UNIT ( ) NAMED_UNIT ( * ) SI_UNIT ( .MILLI., .METRE. ) );
#7034 = VERTEX_POINT ( 'NONE', #6063 ) ;
#7035 = COLOUR_RGB ( '',0.6470588235294117974, 0.6196078431372549211, 0.5999999999999999778 ) ;
#7036 = CARTESIAN_POINT ( 'NONE',  ( 0.8299999999999999600, -19.83000000000000185, 0.2499999999999998335 ) ) ;
#7037 = ORIENTED_EDGE ( 'NONE', *, *, #4094, .F. ) ;
#7038 = MECHANICAL_DESIGN_GEOMETRIC_PRESENTATION_REPRESENTATION (  '', ( #4760 ), #2631 ) ;
#7039 = EDGE_LOOP ( 'NONE', ( #2090, #237, #5089, #2387 ) ) ;
#7040 = VECTOR ( 'NONE', #3999, 1000.000000000000000 ) ;
#7041 = DIRECTION ( 'NONE',  ( -1.000000000000000000, 0.000000000000000000, 0.000000000000000000 ) ) ;
#7042 = EDGE_CURVE ( 'NONE', #3672, #2612, #5389, .T. ) ;
#7043 = CARTESIAN_POINT ( 'NONE',  ( 0.8299999999999999600, -19.83000000000000185, 0.2499999999999998335 ) ) ;
#7044 = PRESENTATION_LAYER_ASSIGNMENT (  '', '', ( #5915 ) ) ;
#7045 = CARTESIAN_POINT ( 'NONE',  ( 2.168404344971008868E-16, -0.1500000000000008271, 0.2795000000000000817 ) ) ;
#7046 =( LENGTH_UNIT ( ) NAMED_UNIT ( * ) SI_UNIT ( .MILLI., .METRE. ) );
#7047 = VECTOR ( 'NONE', #3093, 1000.000000000000000 ) ;
#7048 = DIRECTION ( 'NONE',  ( 0.000000000000000000, -1.594414959537506680E-16, 1.000000000000000000 ) ) ;
#7049 = ORIENTED_EDGE ( 'NONE', *, *, #3823, .F. ) ;
#7050 = LINE ( 'NONE', #1590, #3797 ) ;
#7051 = CARTESIAN_POINT ( 'NONE',  ( 0.2000000000000000111, 0.1500000000000000222, -0.06916666666666672347 ) ) ;
#7052 = EDGE_CURVE ( 'NONE', #2682, #6551, #4746, .T. ) ;
#7053 = ADVANCED_FACE ( 'NONE', ( #1172 ), #6645, .F. ) ;
#7054 = EDGE_CURVE ( 'NONE', #8856, #4699, #3227, .T. ) ;
#7055 = STYLED_ITEM ( 'NONE', ( #3263 ), #8159 ) ;
#7056 = FILL_AREA_STYLE_COLOUR ( '', #1163 ) ;
#7057 = CARTESIAN_POINT ( 'NONE',  ( 0.5699999999999999512, -0.1699999999999999012, 0.2999999999999999889 ) ) ;
#7058 = LINE ( 'NONE', #1516, #4025 ) ;
#7059 =( LENGTH_UNIT ( ) NAMED_UNIT ( * ) SI_UNIT ( .MILLI., .METRE. ) );
#7060 = CARTESIAN_POINT ( 'NONE',  ( 0.6000000000000000888, -0.1499999999999999389, 0.2499999999999998335 ) ) ;
#7061 = ORIENTED_EDGE ( 'NONE', *, *, #5478, .T. ) ;
#7062 = VERTEX_POINT ( 'NONE', #7349 ) ;
#7063 = DIRECTION ( 'NONE',  ( -1.000000000000000000, 0.000000000000000000, 0.000000000000000000 ) ) ;
#7064 = DIRECTION ( 'NONE',  ( 0.000000000000000000, 1.000000000000000000, 0.000000000000000000 ) ) ;
#7065 = ORIENTED_EDGE ( 'NONE', *, *, #7441, .F. ) ;
#7066 = CARTESIAN_POINT ( 'NONE',  ( 0.3999999999999999667, -0.1500000000000008271, -0.2499999999999998890 ) ) ;
#7067 = DIRECTION ( 'NONE',  ( -1.000000000000000000, 0.000000000000000000, -0.000000000000000000 ) ) ;
#7068 = AXIS2_PLACEMENT_3D ( 'NONE', #4726, #2718, #6877 ) ;
#7069 =( LENGTH_UNIT ( ) NAMED_UNIT ( * ) SI_UNIT ( .MILLI., .METRE. ) );
#7070 = EDGE_CURVE ( 'NONE', #6282, #2123, #6778, .T. ) ;
#7071 = SURFACE_SIDE_STYLE ('',( #2333 ) ) ;
#7072 = CARTESIAN_POINT ( 'NONE',  ( 0.8299999999999999600, -0.1500000000000000500, -0.1499999999999999944 ) ) ;
#7073 = ORIENTED_EDGE ( 'NONE', *, *, #3852, .F. ) ;
#7074 = DIRECTION ( 'NONE',  ( -1.000000000000000000, 0.000000000000000000, 0.000000000000000000 ) ) ;
#7075 = ORIENTED_EDGE ( 'NONE', *, *, #6578, .F. ) ;
#7076 = DIRECTION ( 'NONE',  ( 0.000000000000000000, -1.000000000000000000, 0.000000000000000000 ) ) ;
#7077 = AXIS2_PLACEMENT_3D ( 'NONE', #6885, #6811, #3558 ) ;
#7078 = DIRECTION ( 'NONE',  ( -0.000000000000000000, 0.000000000000000000, 1.000000000000000000 ) ) ;
#7079 = CARTESIAN_POINT ( 'NONE',  ( 0.04999999999999999584, 0.1700000000000000122, 0.2499999999999998335 ) ) ;
#7080 = LINE ( 'NONE', #2261, #7594 ) ;
#7081 = ORIENTED_EDGE ( 'NONE', *, *, #1706, .F. ) ;
#7082 = DIRECTION ( 'NONE',  ( 1.000000000000000000, 0.000000000000000000, 0.000000000000000000 ) ) ;
#7083 = VERTEX_POINT ( 'NONE', #762 ) ;
#7084 = ORIENTED_EDGE ( 'NONE', *, *, #3172, .F. ) ;
#7085 = UNCERTAINTY_MEASURE_WITH_UNIT (LENGTH_MEASURE( 1.000000000000000082E-05 ), #1454, 'distance_accuracy_value', 'NONE');
#7086 =( NAMED_UNIT ( * ) SI_UNIT ( $, .STERADIAN. ) SOLID_ANGLE_UNIT ( ) );
#7087 = COLOUR_RGB ( '',0.6470588235294117974, 0.6196078431372549211, 0.5999999999999999778 ) ;
#7088 = VERTEX_POINT ( 'NONE', #675 ) ;
#7089 = CARTESIAN_POINT ( 'NONE',  ( 1.380000000000000115, 0.1800000000000000488, 0.1499999999999999667 ) ) ;
#7090 = UNCERTAINTY_MEASURE_WITH_UNIT (LENGTH_MEASURE( 1.000000000000000082E-05 ), #4296, 'distance_accuracy_value', 'NONE');
#7091 = ORIENTED_EDGE ( 'NONE', *, *, #2217, .F. ) ;
#7092 = SURFACE_STYLE_USAGE ( .BOTH. , #4348 ) ;
#7093 = CARTESIAN_POINT ( 'NONE',  ( 0.9699999999999991962, 0.1500000000000008271, 0.1499999999999999944 ) ) ;
#7094 = CARTESIAN_POINT ( 'NONE',  ( 1.000000000000000000, -0.1699999999999999012, 0.2999999999999999889 ) ) ;
#7095 = VECTOR ( 'NONE', #7633, 1000.000000000000000 ) ;
#7096 = AXIS2_PLACEMENT_3D ( 'NONE', #5986, #8080, #6074 ) ;
#7097 = FACE_OUTER_BOUND ( 'NONE', #4696, .T. ) ;
#7098 = DIRECTION ( 'NONE',  ( -0.000000000000000000, 1.000000000000000000, -0.000000000000000000 ) ) ;
#7099 = PRESENTATION_STYLE_ASSIGNMENT (( #4401 ) ) ;
#7100 = MECHANICAL_DESIGN_GEOMETRIC_PRESENTATION_REPRESENTATION (  '', ( #1829 ), #8521 ) ;
#7101 = CARTESIAN_POINT ( 'NONE',  ( 1.400000000000000133, 0.1499999999999999667, 0.2799999999999999711 ) ) ;
#7102 = ORIENTED_EDGE ( 'NONE', *, *, #5310, .F. ) ;
#7103 = ADVANCED_FACE ( 'NONE', ( #6180 ), #4142, .F. ) ;
#7104 = EDGE_CURVE ( 'NONE', #7753, #2023, #2209, .T. ) ;
#7105 = ORIENTED_EDGE ( 'NONE', *, *, #369, .T. ) ;
#7106 = CARTESIAN_POINT ( 'NONE',  ( 0.8000000000000000444, 0.1699999999999999567, 0.2999999999999999334 ) ) ;
#7107 = ORIENTED_EDGE ( 'NONE', *, *, #7666, .T. ) ;
#7108 = VECTOR ( 'NONE', #5367, 1000.000000000000000 ) ;
#7109 =( LENGTH_UNIT ( ) NAMED_UNIT ( * ) SI_UNIT ( .MILLI., .METRE. ) );
#7110 =( LENGTH_UNIT ( ) NAMED_UNIT ( * ) SI_UNIT ( .MILLI., .METRE. ) );
#7111 = EDGE_CURVE ( 'NONE', #4161, #3181, #8377, .T. ) ;
#7112 = ORIENTED_EDGE ( 'NONE', *, *, #2196, .T. ) ;
#7113 = UNCERTAINTY_MEASURE_WITH_UNIT (LENGTH_MEASURE( 1.000000000000000082E-05 ), #4577, 'distance_accuracy_value', 'NONE');
#7114 = ADVANCED_FACE ( 'NONE', ( #57 ), #2862, .F. ) ;
#7115 = ORIENTED_EDGE ( 'NONE', *, *, #1812, .F. ) ;
#7116 =( NAMED_UNIT ( * ) PLANE_ANGLE_UNIT ( ) SI_UNIT ( $, .RADIAN. ) );
#7117 = FACE_OUTER_BOUND ( 'NONE', #2819, .T. ) ;
#7118 =( NAMED_UNIT ( * ) PLANE_ANGLE_UNIT ( ) SI_UNIT ( $, .RADIAN. ) );
#7119 = CARTESIAN_POINT ( 'NONE',  ( 0.04999999999999999584, -0.1699999999999999012, 0.2999999999999999889 ) ) ;
#7120 = CARTESIAN_POINT ( 'NONE',  ( 0.7999999999999991562, -0.1500000000000008271, 0.2795000000000000262 ) ) ;
#7121 = EDGE_LOOP ( 'NONE', ( #1796, #4393, #6792, #7354, #5119, #5605, #5774, #8449 ) ) ;
#7122 = PLANE ( 'NONE',  #3894 ) ;
#7123 = VERTEX_POINT ( 'NONE', #8237 ) ;
#7124 = ORIENTED_EDGE ( 'NONE', *, *, #8609, .F. ) ;
#7125 = VECTOR ( 'NONE', #5144, 1000.000000000000000 ) ;
#7126 = SURFACE_STYLE_FILL_AREA ( #8849 ) ;
#7127 = PLANE ( 'NONE',  #2922 ) ;
#7128 = DIRECTION ( 'NONE',  ( -1.000000000000000000, 0.000000000000000000, 0.000000000000000000 ) ) ;
#7129 =( LENGTH_UNIT ( ) NAMED_UNIT ( * ) SI_UNIT ( .MILLI., .METRE. ) );
#7130 = LINE ( 'NONE', #6419, #8672 ) ;
#7131 = ORIENTED_EDGE ( 'NONE', *, *, #1692, .T. ) ;
#7132 = VECTOR ( 'NONE', #1709, 1000.000000000000000 ) ;
#7133 = UNCERTAINTY_MEASURE_WITH_UNIT (LENGTH_MEASURE( 1.000000000000000082E-05 ), #7468, 'distance_accuracy_value', 'NONE');
#7134 = DIRECTION ( 'NONE',  ( -0.000000000000000000, 1.807003620809174139E-16, -1.000000000000000000 ) ) ;
#7135 = SURFACE_SIDE_STYLE ('',( #3146 ) ) ;
#7136 = LINE ( 'NONE', #2369, #8021 ) ;
#7137 = AXIS2_PLACEMENT_3D ( 'NONE', #5062, #2423, #5108 ) ;
#7138 = DIRECTION ( 'NONE',  ( -0.000000000000000000, 1.000000000000000000, 1.807003620809174139E-16 ) ) ;
#7139 = LINE ( 'NONE', #2375, #5907 ) ;
#7140 = EDGE_LOOP ( 'NONE', ( #8495, #4536, #1560, #8419 ) ) ;
#7141 = ORIENTED_EDGE ( 'NONE', *, *, #7611, .T. ) ;
#7142 = PRESENTATION_STYLE_ASSIGNMENT (( #6486 ) ) ;
#7143 = LINE ( 'NONE', #2465, #6280 ) ;
#7144 = EDGE_LOOP ( 'NONE', ( #1767, #4545, #1602, #4721 ) ) ;
#7145 =( LENGTH_UNIT ( ) NAMED_UNIT ( * ) SI_UNIT ( .MILLI., .METRE. ) );
#7146 = EDGE_CURVE ( 'NONE', #5366, #6983, #1361, .T. ) ;
#7147 = PRESENTATION_STYLE_ASSIGNMENT (( #7785 ) ) ;
#7148 = CARTESIAN_POINT ( 'NONE',  ( 0.6000000000000000888, -0.1500000000000008271, 0.2795000000000000817 ) ) ;
#7149 = ORIENTED_EDGE ( 'NONE', *, *, #6901, .T. ) ;
#7150 = MECHANICAL_DESIGN_GEOMETRIC_PRESENTATION_REPRESENTATION (  '', ( #2867 ), #8451 ) ;
#7151 = ORIENTED_EDGE ( 'NONE', *, *, #5630, .F. ) ;
#7152 = ORIENTED_EDGE ( 'NONE', *, *, #3007, .T. ) ;
#7153 = PRESENTATION_STYLE_ASSIGNMENT (( #7254 ) ) ;
#7154 =( LENGTH_UNIT ( ) NAMED_UNIT ( * ) SI_UNIT ( .MILLI., .METRE. ) );
#7155 = FILL_AREA_STYLE ('',( #7930 ) ) ;
#7156 = EDGE_CURVE ( 'NONE', #2872, #4403, #179, .T. ) ;
#7157 = VECTOR ( 'NONE', #7571, 1000.000000000000000 ) ;
#7158 = SURFACE_STYLE_FILL_AREA ( #5829 ) ;
#7159 = EDGE_CURVE ( 'NONE', #1504, #670, #3487, .T. ) ;
#7160 = FILL_AREA_STYLE_COLOUR ( '', #2771 ) ;
#7161 = VECTOR ( 'NONE', #32, 1000.000000000000000 ) ;
#7162 = ORIENTED_EDGE ( 'NONE', *, *, #3588, .T. ) ;
#7163 = CARTESIAN_POINT ( 'NONE',  ( 0.6000000000000000888, 0.000000000000000000, -0.2499999999999998890 ) ) ;
#7164 = VERTEX_POINT ( 'NONE', #3780 ) ;
#7165 = AXIS2_PLACEMENT_3D ( 'NONE', #1173, #2487, #7933 ) ;
#7166 = ORIENTED_EDGE ( 'NONE', *, *, #5427, .F. ) ;
#7167 = VECTOR ( 'NONE', #185, 1000.000000000000000 ) ;
#7168 = SURFACE_SIDE_STYLE ('',( #1187 ) ) ;
#7169 = UNCERTAINTY_MEASURE_WITH_UNIT (LENGTH_MEASURE( 1.000000000000000082E-05 ), #8026, 'distance_accuracy_value', 'NONE');
#7170 = VECTOR ( 'NONE', #2384, 1000.000000000000000 ) ;
#7171 = EDGE_CURVE ( 'NONE', #7352, #6200, #1874, .T. ) ;
#7172 = AXIS2_PLACEMENT_3D ( 'NONE', #5901, #4509, #7372 ) ;
#7173 = DIRECTION ( 'NONE',  ( 0.000000000000000000, -0.000000000000000000, -1.000000000000000000 ) ) ;
#7174 = UNCERTAINTY_MEASURE_WITH_UNIT (LENGTH_MEASURE( 1.000000000000000082E-05 ), #607, 'distance_accuracy_value', 'NONE');
#7175 = VECTOR ( 'NONE', #4492, 1000.000000000000000 ) ;
#7176 = AXIS2_PLACEMENT_3D ( 'NONE', #4276, #815, #2125 ) ;
#7177 = ORIENTED_EDGE ( 'NONE', *, *, #3493, .T. ) ;
#7178 = COLOUR_RGB ( '',0.6470588235294117974, 0.6196078431372549211, 0.5999999999999999778 ) ;
#7179 = FILL_AREA_STYLE_COLOUR ( '', #7310 ) ;
#7180 = LINE ( 'NONE', #4442, #4367 ) ;
#7181 = MECHANICAL_DESIGN_GEOMETRIC_PRESENTATION_REPRESENTATION (  '', ( #7610 ), #747 ) ;
#7182 = PRESENTATION_STYLE_ASSIGNMENT (( #1727 ) ) ;
#7183 = VECTOR ( 'NONE', #3669, 1000.000000000000000 ) ;
#7184 = FILL_AREA_STYLE ('',( #4444 ) ) ;
#7185 = VECTOR ( 'NONE', #3138, 1000.000000000000000 ) ;
#7186 = LINE ( 'NONE', #2294, #6764 ) ;
#7187 = DIRECTION ( 'NONE',  ( 0.000000000000000000, -1.000000000000000000, 1.594414959537507173E-16 ) ) ;
#7188 = AXIS2_PLACEMENT_3D ( 'NONE', #5873, #7840, #3707 ) ;
#7189 = FILL_AREA_STYLE_COLOUR ( '', #332 ) ;
#7190 = ORIENTED_EDGE ( 'NONE', *, *, #6512, .F. ) ;
#7191 = MECHANICAL_DESIGN_GEOMETRIC_PRESENTATION_REPRESENTATION (  '', ( #6915 ), #6784 ) ;
#7192 = ORIENTED_EDGE ( 'NONE', *, *, #4601, .T. ) ;
#7193 = SURFACE_SIDE_STYLE ('',( #5809 ) ) ;
#7194 = FILL_AREA_STYLE ('',( #4362 ) ) ;
#7195 = VERTEX_POINT ( 'NONE', #5272 ) ;
#7196 = CARTESIAN_POINT ( 'NONE',  ( 0.6000000000000000888, -0.1699999999999999012, 0.2999999999999999889 ) ) ;
#7197 = CARTESIAN_POINT ( 'NONE',  ( 2.168404344971008868E-16, -0.1500000000000008271, 0.2499999999999998890 ) ) ;
#7198 = CARTESIAN_POINT ( 'NONE',  ( 1.380000000000000115, 0.1500000000000008271, 0.06916666666666670960 ) ) ;
#7199 = ORIENTED_EDGE ( 'NONE', *, *, #8000, .F. ) ;
#7200 = LINE ( 'NONE', #3036, #578 ) ;
#7201 = UNCERTAINTY_MEASURE_WITH_UNIT (LENGTH_MEASURE( 1.000000000000000082E-05 ), #6517, 'distance_accuracy_value', 'NONE');
#7202 = ORIENTED_EDGE ( 'NONE', *, *, #2651, .T. ) ;
#7203 = AXIS2_PLACEMENT_3D ( 'NONE', #7995, #4591, #1300 ) ;
#7204 = FILL_AREA_STYLE_COLOUR ( '', #276 ) ;
#7205 = PLANE ( 'NONE',  #8051 ) ;
#7206 = PRESENTATION_STYLE_ASSIGNMENT (( #1667 ) ) ;
#7207 = SURFACE_STYLE_USAGE ( .BOTH. , #8695 ) ;
#7208 = STYLED_ITEM ( 'NONE', ( #3547 ), #3565 ) ;
#7209 = LINE ( 'NONE', #8511, #760 ) ;
#7210 = ORIENTED_EDGE ( 'NONE', *, *, #2087, .F. ) ;
#7211 = ORIENTED_EDGE ( 'NONE', *, *, #1981, .F. ) ;
#7212 = EDGE_CURVE ( 'NONE', #7778, #735, #7186, .T. ) ;
#7213 = EDGE_CURVE ( 'NONE', #2274, #8200, #223, .T. ) ;
#7214 = EDGE_CURVE ( 'NONE', #6717, #8514, #3614, .T. ) ;
#7215 = ORIENTED_EDGE ( 'NONE', *, *, #6795, .F. ) ;
#7216 = VECTOR ( 'NONE', #7377, 1000.000000000000000 ) ;
#7217 = DIRECTION ( 'NONE',  ( 0.000000000000000000, -1.000000000000000000, 1.594414959537507173E-16 ) ) ;
#7218 = STYLED_ITEM ( 'NONE', ( #7367 ), #1430 ) ;
#7219 = CARTESIAN_POINT ( 'NONE',  ( 0.2000000000000000111, 0.1499999999999999667, 0.2799999999999999711 ) ) ;
#7220 = VECTOR ( 'NONE', #7634, 1000.000000000000000 ) ;
#7221 = ORIENTED_EDGE ( 'NONE', *, *, #3600, .T. ) ;
#7222 = EDGE_CURVE ( 'NONE', #5709, #843, #7996, .T. ) ;
#7223 = LINE ( 'NONE', #420, #5322 ) ;
#7224 = LINE ( 'NONE', #8666, #99 ) ;
#7225 = EDGE_CURVE ( 'NONE', #4169, #4107, #4593, .T. ) ;
#7226 = DIRECTION ( 'NONE',  ( 0.000000000000000000, 0.000000000000000000, -1.000000000000000000 ) ) ;
#7227 = AXIS2_PLACEMENT_3D ( 'NONE', #8410, #1695, #5711 ) ;
#7228 = COLOUR_RGB ( '',0.6470588235294117974, 0.6196078431372549211, 0.5999999999999999778 ) ;
#7229 = PRESENTATION_LAYER_ASSIGNMENT (  '', '', ( #5388 ) ) ;
#7230 = EDGE_CURVE ( 'NONE', #5298, #3510, #7321, .T. ) ;
#7231 =( NAMED_UNIT ( * ) PLANE_ANGLE_UNIT ( ) SI_UNIT ( $, .RADIAN. ) );
#7232 = FACE_OUTER_BOUND ( 'NONE', #8698, .T. ) ;
#7233 = STYLED_ITEM ( 'NONE', ( #733 ), #6396 ) ;
#7234 =( NAMED_UNIT ( * ) SI_UNIT ( $, .STERADIAN. ) SOLID_ANGLE_UNIT ( ) );
#7235 = FILL_AREA_STYLE_COLOUR ( '', #170 ) ;
#7236 = CARTESIAN_POINT ( 'NONE',  ( 1.230000000000000204, -0.1499999999999999389, 0.1499999999999999944 ) ) ;
#7237 = ORIENTED_EDGE ( 'NONE', *, *, #7002, .T. ) ;
#7238 = CLOSED_SHELL ( 'NONE', ( #8048, #8257, #8530, #7510, #6950, #6787, #5856, #2358, #2044, #5113, #7114, #6859, #1693, #5734, #6738, #8310, #5592, #6395 ) ) ;
#7239 = VECTOR ( 'NONE', #8220, 1000.000000000000000 ) ;
#7240 = DIRECTION ( 'NONE',  ( 0.000000000000000000, 1.000000000000000000, 0.000000000000000000 ) ) ;
#7241 = STYLED_ITEM ( 'NONE', ( #628 ), #6738 ) ;
#7242 = ORIENTED_EDGE ( 'NONE', *, *, #5580, .F. ) ;
#7243 = EDGE_CURVE ( 'NONE', #6215, #4624, #385, .T. ) ;
#7244 = DIRECTION ( 'NONE',  ( 1.000000000000000000, 0.000000000000000000, 0.000000000000000000 ) ) ;
#7245 = DIRECTION ( 'NONE',  ( 0.000000000000000000, 0.000000000000000000, -1.000000000000000000 ) ) ;
#7246 = CARTESIAN_POINT ( 'NONE',  ( 2.168404344971008868E-16, -0.1500000000000008271, -0.2795000000000000262 ) ) ;
#7247 = MECHANICAL_DESIGN_GEOMETRIC_PRESENTATION_REPRESENTATION (  '', ( #4825 ), #3529 ) ;
#7248 = CARTESIAN_POINT ( 'NONE',  ( 0.6000000000000000888, -0.1699999999999999289, 0.1499999999999999944 ) ) ;
#7249 = STYLED_ITEM ( 'NONE', ( #6298 ), #6859 ) ;
#7250 = CARTESIAN_POINT ( 'NONE',  ( 0.02000000000000021899, 0.1500000000000008271, 0.06916666666666670960 ) ) ;
#7251 = ORIENTED_EDGE ( 'NONE', *, *, #6619, .T. ) ;
#7252 = FILL_AREA_STYLE_COLOUR ( '', #8046 ) ;
#7253 = ORIENTED_EDGE ( 'NONE', *, *, #8363, .T. ) ;
#7254 = SURFACE_STYLE_USAGE ( .BOTH. , #6542 ) ;
#7255 = CARTESIAN_POINT ( 'NONE',  ( 1.045745846904192033, -19.83000000000000185, 0.2499999999999998335 ) ) ;
#7256 = SURFACE_SIDE_STYLE ('',( #4476 ) ) ;
#7257 = SURFACE_STYLE_FILL_AREA ( #8693 ) ;
#7258 = VECTOR ( 'NONE', #4474, 1000.000000000000000 ) ;
#7259 = FILL_AREA_STYLE ('',( #7883 ) ) ;
#7260 = DIRECTION ( 'NONE',  ( -0.000000000000000000, -0.000000000000000000, 1.000000000000000000 ) ) ;
#7261 = ORIENTED_EDGE ( 'NONE', *, *, #160, .F. ) ;
#7262 = LINE ( 'NONE', #7299, #4318 ) ;
#7263 = ORIENTED_EDGE ( 'NONE', *, *, #6091, .F. ) ;
#7264 = ORIENTED_EDGE ( 'NONE', *, *, #7771, .F. ) ;
#7265 =( LENGTH_UNIT ( ) NAMED_UNIT ( * ) SI_UNIT ( .MILLI., .METRE. ) );
#7266 = AXIS2_PLACEMENT_3D ( 'NONE', #8352, #1424, #2843 ) ;
#7267 =( NAMED_UNIT ( * ) PLANE_ANGLE_UNIT ( ) SI_UNIT ( $, .RADIAN. ) );
#7268 = EDGE_CURVE ( 'NONE', #7978, #3102, #1833, .T. ) ;
#7269 = EDGE_CURVE ( 'NONE', #2013, #3764, #8416, .T. ) ;
#7270 = LINE ( 'NONE', #417, #1792 ) ;
#7271 = SURFACE_STYLE_USAGE ( .BOTH. , #1634 ) ;
#7272 = ORIENTED_EDGE ( 'NONE', *, *, #5192, .T. ) ;
#7273 = STYLED_ITEM ( 'NONE', ( #8056 ), #5968 ) ;
#7274 = DIRECTION ( 'NONE',  ( 1.000000000000000000, 0.000000000000000000, 0.000000000000000000 ) ) ;
#7275 = DIRECTION ( 'NONE',  ( -0.000000000000000000, -0.000000000000000000, 1.000000000000000000 ) ) ;
#7276 = LINE ( 'NONE', #1251, #4036 ) ;
#7278 = ADVANCED_FACE ( 'NONE', ( #3111 ), #8623, .F. ) ;
#7277 = STYLED_ITEM ( 'NONE', ( #6524 ), #6162 ) ;
#7279 = SURFACE_STYLE_FILL_AREA ( #4549 ) ;
#7280 = ADVANCED_FACE ( 'NONE', ( #6666 ), #1068, .F. ) ;
#7281 = DIRECTION ( 'NONE',  ( -1.000000000000000000, 0.000000000000000000, 0.000000000000000000 ) ) ;
#7282 = VERTEX_POINT ( 'NONE', #1784 ) ;
#7283 = CARTESIAN_POINT ( 'NONE',  ( 0.6000000000000000888, 0.1499999999999999667, 0.2799999999999999711 ) ) ;
#7284 = ORIENTED_EDGE ( 'NONE', *, *, #3188, .T. ) ;
#7285 = CARTESIAN_POINT ( 'NONE',  ( 1.230000000000000204, 0.1700000000000000122, -0.06916666666666670960 ) ) ;
#7286 = SURFACE_SIDE_STYLE ('',( #2727 ) ) ;
#7287 = PRESENTATION_STYLE_ASSIGNMENT (( #620 ) ) ;
#7288 =( LENGTH_UNIT ( ) NAMED_UNIT ( * ) SI_UNIT ( .MILLI., .METRE. ) );
#7289 = ORIENTED_EDGE ( 'NONE', *, *, #4702, .F. ) ;
#7290 = DIRECTION ( 'NONE',  ( -0.000000000000000000, 0.000000000000000000, 1.000000000000000000 ) ) ;
#7291 = ORIENTED_EDGE ( 'NONE', *, *, #6347, .T. ) ;
#7292 = LINE ( 'NONE', #3881, #3169 ) ;
#7293 =( NAMED_UNIT ( * ) PLANE_ANGLE_UNIT ( ) SI_UNIT ( $, .RADIAN. ) );
#7294 = CARTESIAN_POINT ( 'NONE',  ( 0.9700000000000000844, -0.1699999999999999012, 0.2999999999999999889 ) ) ;
#7295 = LINE ( 'NONE', #3757, #6329 ) ;
#7296 = CARTESIAN_POINT ( 'NONE',  ( 0.1699999999999996791, -0.1500000000000008271, 0.2795000000000000817 ) ) ;
#7297 = DIRECTION ( 'NONE',  ( 1.000000000000000000, 0.000000000000000000, 0.000000000000000000 ) ) ;
#7298 = EDGE_LOOP ( 'NONE', ( #6355, #6726, #1420, #6257, #3689, #1359, #2674, #6146 ) ) ;
#7299 = CARTESIAN_POINT ( 'NONE',  ( 1.199999999999999289, -0.1500000000000008271, 0.2795000000000000817 ) ) ;
#7300 = ORIENTED_EDGE ( 'NONE', *, *, #3920, .T. ) ;
#7301 = ORIENTED_EDGE ( 'NONE', *, *, #3124, .F. ) ;
#7302 = AXIS2_PLACEMENT_3D ( 'NONE', #2890, #1433, #881 ) ;
#7303 = LINE ( 'NONE', #6654, #5465 ) ;
#7304 = COLOUR_RGB ( '',0.6470588235294117974, 0.6196078431372549211, 0.5999999999999999778 ) ;
#7305 = FILL_AREA_STYLE ('',( #6600 ) ) ;
#7306 = FACE_OUTER_BOUND ( 'NONE', #7140, .T. ) ;
#7307 = DIRECTION ( 'NONE',  ( 1.000000000000000000, 0.000000000000000000, 0.000000000000000000 ) ) ;
#7308 = VECTOR ( 'NONE', #139, 1000.000000000000000 ) ;
#7309 = ORIENTED_EDGE ( 'NONE', *, *, #1861, .T. ) ;
#7310 = COLOUR_RGB ( '',0.6470588235294117974, 0.6196078431372549211, 0.5999999999999999778 ) ;
#7311 = SURFACE_STYLE_USAGE ( .BOTH. , #4496 ) ;
#7312 = ADVANCED_FACE ( 'NONE', ( #512 ), #4503, .F. ) ;
#7313 = FACE_OUTER_BOUND ( 'NONE', #110, .T. ) ;
#7314 = PLANE ( 'NONE',  #2531 ) ;
#7315 = AXIS2_PLACEMENT_3D ( 'NONE', #6812, #6049, #1965 ) ;
#7316 = COLOUR_RGB ( '',0.6470588235294117974, 0.6196078431372549211, 0.5999999999999999778 ) ;
#7317 = FILL_AREA_STYLE_COLOUR ( '', #619 ) ;
#7318 = LINE ( 'NONE', #5993, #2356 ) ;
#7319 = STYLED_ITEM ( 'NONE', ( #849 ), #7114 ) ;
#7320 = VECTOR ( 'NONE', #2781, 1000.000000000000000 ) ;
#7321 = LINE ( 'NONE', #1609, #3874 ) ;
#7322 = UNCERTAINTY_MEASURE_WITH_UNIT (LENGTH_MEASURE( 1.000000000000000082E-05 ), #1058, 'distance_accuracy_value', 'NONE');
#7323 = DIRECTION ( 'NONE',  ( -1.000000000000000000, 0.000000000000000000, -0.000000000000000000 ) ) ;
#7324 = ORIENTED_EDGE ( 'NONE', *, *, #5301, .F. ) ;
#7325 = VECTOR ( 'NONE', #8361, 1000.000000000000000 ) ;
#7326 = LINE ( 'NONE', #4688, #5607 ) ;
#7327 = EDGE_CURVE ( 'NONE', #4483, #1724, #1341, .T. ) ;
#7328 = ADVANCED_FACE ( 'NONE', ( #2643 ), #5447, .F. ) ;
#7329 = EDGE_CURVE ( 'NONE', #6471, #2604, #7413, .T. ) ;
#7330 = ORIENTED_EDGE ( 'NONE', *, *, #1861, .F. ) ;
#7331 = VECTOR ( 'NONE', #6602, 1000.000000000000000 ) ;
#7332 = PRESENTATION_LAYER_ASSIGNMENT (  '', '', ( #331 ) ) ;
#7333 = LINE ( 'NONE', #1212, #8739 ) ;
#7334 =( NAMED_UNIT ( * ) PLANE_ANGLE_UNIT ( ) SI_UNIT ( $, .RADIAN. ) );
#7335 = PLANE ( 'NONE',  #7077 ) ;
#7336 = LINE ( 'NONE', #3668, #5139 ) ;
#7337 = VECTOR ( 'NONE', #4664, 1000.000000000000000 ) ;
#7338 = CARTESIAN_POINT ( 'NONE',  ( 0.6000000000000000888, 0.1500000000000008271, -0.2794999999999999707 ) ) ;
#7339 = COLOUR_RGB ( '',0.7921568627450980005, 0.8196078431372548767, 0.9333333333333333481 ) ;
#7340 = EDGE_LOOP ( 'NONE', ( #2858, #2600, #1747, #575 ) ) ;
#7341 = CARTESIAN_POINT ( 'NONE',  ( 0.5699999999999999512, -0.1499999999999999389, 0.1499999999999999944 ) ) ;
#7342 = VECTOR ( 'NONE', #5466, 1000.000000000000000 ) ;
#7343 = ORIENTED_EDGE ( 'NONE', *, *, #5802, .T. ) ;
#7344 = DIRECTION ( 'NONE',  ( -0.000000000000000000, 0.000000000000000000, 1.000000000000000000 ) ) ;
#7345 = ADVANCED_FACE ( 'NONE', ( #604 ), #553, .F. ) ;
#7346 = FILL_AREA_STYLE ('',( #4613 ) ) ;
#7347 =( GEOMETRIC_REPRESENTATION_CONTEXT ( 3 ) GLOBAL_UNCERTAINTY_ASSIGNED_CONTEXT ( ( #2198 ) ) GLOBAL_UNIT_ASSIGNED_CONTEXT ( ( #7110, #6582, #948 ) ) REPRESENTATION_CONTEXT ( 'NONE', 'WORKASPACE' ) );
#7348 = DIRECTION ( 'NONE',  ( 0.000000000000000000, -0.000000000000000000, -1.000000000000000000 ) ) ;
#7349 = CARTESIAN_POINT ( 'NONE',  ( 0.4300000000000000488, -0.1500000000000000500, -0.1499999999999999944 ) ) ;
#7350 = DIRECTION ( 'NONE',  ( -1.000000000000000000, 0.000000000000000000, -0.000000000000000000 ) ) ;
#7351 = CARTESIAN_POINT ( 'NONE',  ( 0.3542541530958079332, -19.83000000000000185, -0.2499999999999998890 ) ) ;
#7352 = VERTEX_POINT ( 'NONE', #2047 ) ;
#7353 = MECHANICAL_DESIGN_GEOMETRIC_PRESENTATION_REPRESENTATION (  '', ( #776 ), #6653 ) ;
#7354 = ORIENTED_EDGE ( 'NONE', *, *, #7813, .T. ) ;
#7355 = VERTEX_POINT ( 'NONE', #6083 ) ;
#7356 = PRESENTATION_LAYER_ASSIGNMENT (  '', '', ( #2658 ) ) ;
#7357 = DIRECTION ( 'NONE',  ( -1.000000000000000000, -0.000000000000000000, -0.000000000000000000 ) ) ;
#7358 = SURFACE_STYLE_FILL_AREA ( #4719 ) ;
#7359 = CARTESIAN_POINT ( 'NONE',  ( 1.000000000000000000, 0.1699999999999999567, 0.06916666666666672347 ) ) ;
#7360 = CARTESIAN_POINT ( 'NONE',  ( 1.400000000000000133, 0.1700000000000000122, -0.2999999999999999334 ) ) ;
#7361 = VERTEX_POINT ( 'NONE', #2681 ) ;
#7362 = COLOUR_RGB ( '',0.6470588235294117974, 0.6196078431372549211, 0.5999999999999999778 ) ;
#7363 = ORIENTED_EDGE ( 'NONE', *, *, #7225, .T. ) ;
#7364 = UNCERTAINTY_MEASURE_WITH_UNIT (LENGTH_MEASURE( 1.000000000000000082E-05 ), #6691, 'distance_accuracy_value', 'NONE');
#7365 = CARTESIAN_POINT ( 'NONE',  ( 0.04999999999999999584, -0.1700000000000000400, -0.1499999999999999944 ) ) ;
#7366 = PRESENTATION_STYLE_ASSIGNMENT (( #6707 ) ) ;
#7367 = PRESENTATION_STYLE_ASSIGNMENT (( #5445 ) ) ;
#7368 =( NAMED_UNIT ( * ) PLANE_ANGLE_UNIT ( ) SI_UNIT ( $, .RADIAN. ) );
#7369 = SURFACE_STYLE_USAGE ( .BOTH. , #5313 ) ;
#7370 = SURFACE_STYLE_USAGE ( .BOTH. , #3251 ) ;
#7371 = ORIENTED_EDGE ( 'NONE', *, *, #7593, .F. ) ;
#7372 = DIRECTION ( 'NONE',  ( 0.000000000000000000, 0.000000000000000000, 1.000000000000000000 ) ) ;
#7373 =( LENGTH_UNIT ( ) NAMED_UNIT ( * ) SI_UNIT ( .MILLI., .METRE. ) );
#7374 = VERTEX_POINT ( 'NONE', #4778 ) ;
#7375 = COLOUR_RGB ( '',0.6470588235294117974, 0.6196078431372549211, 0.5999999999999999778 ) ;
#7376 = DIRECTION ( 'NONE',  ( 0.000000000000000000, -0.000000000000000000, 1.000000000000000000 ) ) ;
#7377 = DIRECTION ( 'NONE',  ( 1.000000000000000000, -0.000000000000000000, -0.000000000000000000 ) ) ;
#7378 = FACE_OUTER_BOUND ( 'NONE', #5434, .T. ) ;
#7379 = ADVANCED_FACE ( 'NONE', ( #7505 ), #6710, .T. ) ;
#7380 = EDGE_CURVE ( 'NONE', #6236, #3003, #5495, .T. ) ;
#7381 = CARTESIAN_POINT ( 'NONE',  ( 1.045745846904192033, 0.1700000000000000122, 0.2499999999999998335 ) ) ;
#7382 =( GEOMETRIC_REPRESENTATION_CONTEXT ( 3 ) GLOBAL_UNCERTAINTY_ASSIGNED_CONTEXT ( ( #310 ) ) GLOBAL_UNIT_ASSIGNED_CONTEXT ( ( #7265, #2548, #3237 ) ) REPRESENTATION_CONTEXT ( 'NONE', 'WORKASPACE' ) );
#7383 = COLOUR_RGB ( '',0.6470588235294117974, 0.6196078431372549211, 0.5999999999999999778 ) ;
#7384 = VECTOR ( 'NONE', #5122, 1000.000000000000000 ) ;
#7385 = VERTEX_POINT ( 'NONE', #3289 ) ;
#7386 = CARTESIAN_POINT ( 'NONE',  ( 1.230000000000000204, 0.1499999999999999667, 0.2799999999999999711 ) ) ;
#7387 = ORIENTED_EDGE ( 'NONE', *, *, #4753, .T. ) ;
#7388 = FILL_AREA_STYLE ('',( #6641 ) ) ;
#7389 =( LENGTH_UNIT ( ) NAMED_UNIT ( * ) SI_UNIT ( .MILLI., .METRE. ) );
#7390 = AXIS2_PLACEMENT_3D ( 'NONE', #8177, #6423, #6379 ) ;
#7391 =( GEOMETRIC_REPRESENTATION_CONTEXT ( 3 ) GLOBAL_UNCERTAINTY_ASSIGNED_CONTEXT ( ( #7085 ) ) GLOBAL_UNIT_ASSIGNED_CONTEXT ( ( #1454, #2748, #4806 ) ) REPRESENTATION_CONTEXT ( 'NONE', 'WORKASPACE' ) );
#7392 = DIRECTION ( 'NONE',  ( 0.000000000000000000, 0.000000000000000000, -1.000000000000000000 ) ) ;
#7393 = EDGE_CURVE ( 'NONE', #2242, #4483, #6800, .T. ) ;
#7394 =( NAMED_UNIT ( * ) PLANE_ANGLE_UNIT ( ) SI_UNIT ( $, .RADIAN. ) );
#7395 = PRESENTATION_STYLE_ASSIGNMENT (( #8789 ) ) ;
#7396 = ORIENTED_EDGE ( 'NONE', *, *, #1640, .F. ) ;
#7397 = EDGE_CURVE ( 'NONE', #3276, #4965, #4087, .T. ) ;
#7398 = DIRECTION ( 'NONE',  ( 0.000000000000000000, 0.000000000000000000, 1.000000000000000000 ) ) ;
#7399 = ORIENTED_EDGE ( 'NONE', *, *, #7243, .T. ) ;
#7400 = ORIENTED_EDGE ( 'NONE', *, *, #4413, .T. ) ;
#7401 = FILL_AREA_STYLE ('',( #4626 ) ) ;
#7402 = CARTESIAN_POINT ( 'NONE',  ( 0.2000000000000000111, 0.1700000000000000122, -0.06916666666666672347 ) ) ;
#7403 = CARTESIAN_POINT ( 'NONE',  ( 1.230000000000000204, -0.1500000000000000500, -0.1499999999999999944 ) ) ;
#7404 = LINE ( 'NONE', #687, #3033 ) ;
#7405 = DIRECTION ( 'NONE',  ( 1.000000000000000000, 0.000000000000000000, -0.000000000000000000 ) ) ;
#7406 = VERTEX_POINT ( 'NONE', #28 ) ;
#7407 = ORIENTED_EDGE ( 'NONE', *, *, #7695, .T. ) ;
#7408 = VECTOR ( 'NONE', #1312, 1000.000000000000000 ) ;
#7409 = ADVANCED_FACE ( 'NONE', ( #7546 ), #1425, .F. ) ;
#7410 = LINE ( 'NONE', #1496, #4897 ) ;
#7411 =( LENGTH_UNIT ( ) NAMED_UNIT ( * ) SI_UNIT ( .MILLI., .METRE. ) );
#7412 =( NAMED_UNIT ( * ) PLANE_ANGLE_UNIT ( ) SI_UNIT ( $, .RADIAN. ) );
#7413 = LINE ( 'NONE', #6755, #6182 ) ;
#7414 = VECTOR ( 'NONE', #5650, 1000.000000000000000 ) ;
#7415 = DIRECTION ( 'NONE',  ( 0.000000000000000000, 1.807003620809174139E-16, 1.000000000000000000 ) ) ;
#7416 = ORIENTED_EDGE ( 'NONE', *, *, #2411, .F. ) ;
#7417 = LINE ( 'NONE', #557, #7108 ) ;
#7418 = DIRECTION ( 'NONE',  ( 0.000000000000000000, -0.000000000000000000, -1.000000000000000000 ) ) ;
#7419 = LINE ( 'NONE', #616, #4884 ) ;
#7420 = VECTOR ( 'NONE', #4051, 1000.000000000000000 ) ;
#7421 = SURFACE_STYLE_FILL_AREA ( #4048 ) ;
#7422 = LINE ( 'NONE', #2521, #643 ) ;
#7423 = DIRECTION ( 'NONE',  ( -1.000000000000000000, -0.000000000000000000, -0.000000000000000000 ) ) ;
#7424 = CARTESIAN_POINT ( 'NONE',  ( 0.3999999999999999667, -1.249999999999999112, -0.2499999999999998890 ) ) ;
#7425 = ORIENTED_EDGE ( 'NONE', *, *, #7214, .F. ) ;
#7426 = PRESENTATION_LAYER_ASSIGNMENT (  '', '', ( #6724 ) ) ;
#7427 = DIRECTION ( 'NONE',  ( -0.000000000000000000, 1.807003620809174139E-16, -1.000000000000000000 ) ) ;
#7428 = EDGE_LOOP ( 'NONE', ( #6573, #4669, #2517, #7854 ) ) ;
#7429 = PRODUCT_RELATED_PRODUCT_CATEGORY ( 'part', '', ( #8777 ) ) ;
#7430 = ADVANCED_FACE ( 'NONE', ( #5616 ), #2179, .F. ) ;
#7431 = DIRECTION ( 'NONE',  ( 0.000000000000000000, 1.000000000000000000, 0.000000000000000000 ) ) ;
#7432 = SURFACE_SIDE_STYLE ('',( #5339 ) ) ;
#7433 = CARTESIAN_POINT ( 'NONE',  ( 1.000000000000000000, 0.1699999999999999567, 0.06916666666666672347 ) ) ;
#7434 = COLOUR_RGB ( '',0.6470588235294117974, 0.6196078431372549211, 0.5999999999999999778 ) ;
#7435 = SURFACE_SIDE_STYLE ('',( #2020 ) ) ;
#7436 = FILL_AREA_STYLE ('',( #4707 ) ) ;
#7437 = CARTESIAN_POINT ( 'NONE',  ( 1.235487794621195068, -0.1500000000000008271, 0.2630867319134959637 ) ) ;
#7438 = ORIENTED_EDGE ( 'NONE', *, *, #8863, .F. ) ;
#7439 = ORIENTED_EDGE ( 'NONE', *, *, #2811, .T. ) ;
#7440 = EDGE_LOOP ( 'NONE', ( #5441, #8184, #2286, #4622 ) ) ;
#7441 = EDGE_CURVE ( 'NONE', #2123, #7569, #922, .T. ) ;
#7442 = CARTESIAN_POINT ( 'NONE',  ( 0.2000000000000000111, 0.1699999999999999567, 0.06916666666666672347 ) ) ;
#7443 = EDGE_CURVE ( 'NONE', #4146, #2050, #7628, .T. ) ;
#7444 = LINE ( 'NONE', #4716, #3212 ) ;
#7445 = PLANE ( 'NONE',  #580 ) ;
#7446 = UNCERTAINTY_MEASURE_WITH_UNIT (LENGTH_MEASURE( 1.000000000000000082E-05 ), #1780, 'distance_accuracy_value', 'NONE');
#7447 = LINE ( 'NONE', #8078, #8270 ) ;
#7448 = DIRECTION ( 'NONE',  ( -0.000000000000000000, 0.000000000000000000, 1.000000000000000000 ) ) ;
#7449 = VERTEX_POINT ( 'NONE', #1508 ) ;
#7450 = COLOUR_RGB ( '',0.6470588235294117974, 0.6196078431372549211, 0.5999999999999999778 ) ;
#7451 = ORIENTED_EDGE ( 'NONE', *, *, #1383, .F. ) ;
#7452 = CARTESIAN_POINT ( 'NONE',  ( 0.5699999999999995071, -0.1500000000000008271, 0.2795000000000000817 ) ) ;
#7453 = STYLED_ITEM ( 'NONE', ( #6540 ), #2889 ) ;
#7454 = CARTESIAN_POINT ( 'NONE',  ( 0.3542541530958079332, -19.83000000000000185, -0.2499999999999998890 ) ) ;
#7455 = EDGE_CURVE ( 'NONE', #7486, #537, #6964, .T. ) ;
#7456 = PRESENTATION_LAYER_ASSIGNMENT (  '', '', ( #3446 ) ) ;
#7457 =( LENGTH_UNIT ( ) NAMED_UNIT ( * ) SI_UNIT ( .MILLI., .METRE. ) );
#7458 = DIRECTION ( 'NONE',  ( 0.000000000000000000, 0.000000000000000000, 1.000000000000000000 ) ) ;
#7459 = CARTESIAN_POINT ( 'NONE',  ( 1.350000000000000089, 0.1499999999999999667, 0.06916666666666672347 ) ) ;
#7460 =( LENGTH_UNIT ( ) NAMED_UNIT ( * ) SI_UNIT ( .MILLI., .METRE. ) );
#7461 = PRESENTATION_LAYER_ASSIGNMENT (  '', '', ( #1025 ) ) ;
#7462 = ORIENTED_EDGE ( 'NONE', *, *, #4200, .F. ) ;
#7463 = CARTESIAN_POINT ( 'NONE',  ( 0.8000000000000000444, -1.249999999999999112, -0.2795000000000000262 ) ) ;
#7464 = DIRECTION ( 'NONE',  ( 0.000000000000000000, -1.000000000000000000, 0.000000000000000000 ) ) ;
#7465 = ORIENTED_EDGE ( 'NONE', *, *, #1589, .F. ) ;
#7466 = CARTESIAN_POINT ( 'NONE',  ( 0.02000000000000021899, 0.1700000000000000122, 0.1499999999999999667 ) ) ;
#7467 = AXIS2_PLACEMENT_3D ( 'NONE', #6101, #3268, #1311 ) ;
#7468 =( LENGTH_UNIT ( ) NAMED_UNIT ( * ) SI_UNIT ( .MILLI., .METRE. ) );
#7469 = DIRECTION ( 'NONE',  ( 0.000000000000000000, -0.000000000000000000, -1.000000000000000000 ) ) ;
#7470 = CARTESIAN_POINT ( 'NONE',  ( 1.199999999999999289, 0.1500000000000008271, 0.2499999999999998890 ) ) ;
#7471 =( GEOMETRIC_REPRESENTATION_CONTEXT ( 3 ) GLOBAL_UNCERTAINTY_ASSIGNED_CONTEXT ( ( #2449 ) ) GLOBAL_UNIT_ASSIGNED_CONTEXT ( ( #7109, #5863, #8504 ) ) REPRESENTATION_CONTEXT ( 'NONE', 'WORKASPACE' ) );
#7472 =( GEOMETRIC_REPRESENTATION_CONTEXT ( 3 ) GLOBAL_UNCERTAINTY_ASSIGNED_CONTEXT ( ( #6743 ) ) GLOBAL_UNIT_ASSIGNED_CONTEXT ( ( #5998, #4557, #6042 ) ) REPRESENTATION_CONTEXT ( 'NONE', 'WORKASPACE' ) );
#7473 = CARTESIAN_POINT ( 'NONE',  ( 0.7542541530958078999, -19.83000000000000185, 0.2499999999999998335 ) ) ;
#7474 = UNCERTAINTY_MEASURE_WITH_UNIT (LENGTH_MEASURE( 1.000000000000000082E-05 ), #7998, 'distance_accuracy_value', 'NONE');
#7475 = VECTOR ( 'NONE', #502, 1000.000000000000000 ) ;
#7476 = ORIENTED_EDGE ( 'NONE', *, *, #5301, .T. ) ;
#7477 = VECTOR ( 'NONE', #6817, 1000.000000000000000 ) ;
#7478 = ORIENTED_EDGE ( 'NONE', *, *, #4148, .F. ) ;
#7479 = SURFACE_STYLE_FILL_AREA ( #7388 ) ;
#7480 = VECTOR ( 'NONE', #5231, 1000.000000000000000 ) ;
#7481 = PRESENTATION_STYLE_ASSIGNMENT (( #3402 ) ) ;
#7482 = VECTOR ( 'NONE', #7622, 1000.000000000000000 ) ;
#7483 = CARTESIAN_POINT ( 'NONE',  ( 1.400000000000000133, 0.000000000000000000, 0.000000000000000000 ) ) ;
#7484 = LINE ( 'NONE', #6733, #1882 ) ;
#7485 = FILL_AREA_STYLE_COLOUR ( '', #8482 ) ;
#7486 = VERTEX_POINT ( 'NONE', #3549 ) ;
#7487 =( GEOMETRIC_REPRESENTATION_CONTEXT ( 3 ) GLOBAL_UNCERTAINTY_ASSIGNED_CONTEXT ( ( #198 ) ) GLOBAL_UNIT_ASSIGNED_CONTEXT ( ( #2831, #7118, #857 ) ) REPRESENTATION_CONTEXT ( 'NONE', 'WORKASPACE' ) );
#7488 = PLANE ( 'NONE',  #2208 ) ;
#7489 = VERTEX_POINT ( 'NONE', #4947 ) ;
#7490 = PRODUCT_DEFINITION_SHAPE ( 'NONE', 'NONE',  #50 ) ;
#7491 = ORIENTED_EDGE ( 'NONE', *, *, #6225, .T. ) ;
#7492 = CARTESIAN_POINT ( 'NONE',  ( 0.5699999999999995071, -1.249999999999999112, 0.2499999999999998890 ) ) ;
#7493 = DIRECTION ( 'NONE',  ( -0.000000000000000000, -0.000000000000000000, 1.000000000000000000 ) ) ;
#7494 = DIRECTION ( 'NONE',  ( 1.000000000000000000, 0.000000000000000000, 0.000000000000000000 ) ) ;
#7495 = VECTOR ( 'NONE', #3248, 1000.000000000000000 ) ;
#7496 = ADVANCED_FACE ( 'NONE', ( #5038 ), #7762, .F. ) ;
#7497 = EDGE_CURVE ( 'NONE', #6010, #2174, #3508, .T. ) ;
#7498 = ORIENTED_EDGE ( 'NONE', *, *, #4754, .T. ) ;
#7499 = UNCERTAINTY_MEASURE_WITH_UNIT (LENGTH_MEASURE( 1.000000000000000082E-05 ), #5713, 'distance_accuracy_value', 'NONE');
#7500 = VERTEX_POINT ( 'NONE', #7089 ) ;
#7501 = CARTESIAN_POINT ( 'NONE',  ( 1.000000000000000000, -0.1500000000000000500, -0.1499999999999999944 ) ) ;
#7502 = VECTOR ( 'NONE', #7555, 1000.000000000000000 ) ;
#7503 = DIRECTION ( 'NONE',  ( 1.000000000000000000, 0.000000000000000000, -0.000000000000000000 ) ) ;
#7504 = FACE_OUTER_BOUND ( 'NONE', #7970, .T. ) ;
#7505 = FACE_OUTER_BOUND ( 'NONE', #1411, .T. ) ;
#7506 = EDGE_CURVE ( 'NONE', #1898, #5187, #8353, .T. ) ;
#7507 = DIRECTION ( 'NONE',  ( 0.000000000000000000, 0.000000000000000000, -1.000000000000000000 ) ) ;
#7508 = VECTOR ( 'NONE', #1139, 1000.000000000000000 ) ;
#7509 = ORIENTED_EDGE ( 'NONE', *, *, #4473, .T. ) ;
#7510 = ADVANCED_FACE ( 'NONE', ( #7676 ), #5700, .F. ) ;
#7511 = PRESENTATION_STYLE_ASSIGNMENT (( #2769 ) ) ;
#7512 = ORIENTED_EDGE ( 'NONE', *, *, #7829, .F. ) ;
#7513 = LINE ( 'NONE', #4260, #2611 ) ;
#7514 = SURFACE_SIDE_STYLE ('',( #8315 ) ) ;
#7515 = COLOUR_RGB ( '',0.6470588235294117974, 0.6196078431372549211, 0.5999999999999999778 ) ;
#7516 = MECHANICAL_DESIGN_GEOMETRIC_PRESENTATION_REPRESENTATION (  '', ( #946 ), #1380 ) ;
#7517 = ORIENTED_EDGE ( 'NONE', *, *, #7070, .F. ) ;
#7518 = VERTEX_POINT ( 'NONE', #7808 ) ;
#7519 = DIRECTION ( 'NONE',  ( -1.000000000000000000, 0.000000000000000000, -0.000000000000000000 ) ) ;
#7520 = AXIS2_PLACEMENT_3D ( 'NONE', #5150, #891, #6432 ) ;
#7521 = CARTESIAN_POINT ( 'NONE',  ( 0.4000000000000000222, 0.1699999999999999567, 0.2999999999999999334 ) ) ;
#7522 = SURFACE_SIDE_STYLE ('',( #2700 ) ) ;
#7523 =( NAMED_UNIT ( * ) PLANE_ANGLE_UNIT ( ) SI_UNIT ( $, .RADIAN. ) );
#7524 = SURFACE_STYLE_USAGE ( .BOTH. , #4797 ) ;
#7525 = STYLED_ITEM ( 'NONE', ( #4254 ), #6397 ) ;
#7526 = CARTESIAN_POINT ( 'NONE',  ( 0.1999999999999998723, 0.1500000000000008271, 0.2795000000000000817 ) ) ;
#7527 = ORIENTED_EDGE ( 'NONE', *, *, #7104, .F. ) ;
#7528 = ORIENTED_EDGE ( 'NONE', *, *, #2307, .T. ) ;
#7529 = UNCERTAINTY_MEASURE_WITH_UNIT (LENGTH_MEASURE( 1.000000000000000082E-05 ), #8805, 'distance_accuracy_value', 'NONE');
#7530 = LINE ( 'NONE', #14, #2241 ) ;
#7531 = MECHANICAL_DESIGN_GEOMETRIC_PRESENTATION_REPRESENTATION (  '', ( #7241 ), #667 ) ;
#7532 = LINE ( 'NONE', #2127, #2340 ) ;
#7533 = CARTESIAN_POINT ( 'NONE',  ( 1.350000000000000089, 0.1500000000000000222, -0.2799999999999999711 ) ) ;
#7534 = CARTESIAN_POINT ( 'NONE',  ( 1.200000000000000178, 0.000000000000000000, -0.2499999999999998890 ) ) ;
#7535 = LINE ( 'NONE', #6788, #8027 ) ;
#7536 = FACE_OUTER_BOUND ( 'NONE', #7121, .T. ) ;
#7537 = SURFACE_SIDE_STYLE ('',( #4629 ) ) ;
#7538 = VECTOR ( 'NONE', #8834, 1000.000000000000000 ) ;
#7539 = EDGE_LOOP ( 'NONE', ( #3399, #3316, #6785, #2896 ) ) ;
#7540 = ORIENTED_EDGE ( 'NONE', *, *, #8544, .T. ) ;
#7541 = VECTOR ( 'NONE', #5450, 1000.000000000000000 ) ;
#7542 = PLANE ( 'NONE',  #2114 ) ;
#7543 = EDGE_CURVE ( 'NONE', #3834, #5642, #5171, .T. ) ;
#7544 = EDGE_CURVE ( 'NONE', #1094, #6272, #3720, .T. ) ;
#7545 = SURFACE_SIDE_STYLE ('',( #732 ) ) ;
#7546 = FACE_OUTER_BOUND ( 'NONE', #4149, .T. ) ;
#7547 = ORIENTED_EDGE ( 'NONE', *, *, #3107, .F. ) ;
#7548 = PRESENTATION_LAYER_ASSIGNMENT (  '', '', ( #8265 ) ) ;
#7549 = SURFACE_SIDE_STYLE ('',( #6208 ) ) ;
#7550 = PRESENTATION_STYLE_ASSIGNMENT (( #698 ) ) ;
#7551 = DIRECTION ( 'NONE',  ( 0.000000000000000000, 0.000000000000000000, -1.000000000000000000 ) ) ;
#7552 = EDGE_CURVE ( 'NONE', #2562, #6148, #6466, .T. ) ;
#7553 =( LENGTH_UNIT ( ) NAMED_UNIT ( * ) SI_UNIT ( .MILLI., .METRE. ) );
#7554 = EDGE_CURVE ( 'NONE', #4575, #8421, #3848, .T. ) ;
#7555 = DIRECTION ( 'NONE',  ( 1.000000000000000000, 0.000000000000000000, 0.000000000000000000 ) ) ;
#7556 = CARTESIAN_POINT ( 'NONE',  ( 0.5699999999999999512, 0.1500000000000008271, -0.2499999999999998335 ) ) ;
#7557 = FILL_AREA_STYLE ('',( #2609 ) ) ;
#7558 = CARTESIAN_POINT ( 'NONE',  ( 0.1699999999999996791, -1.249999999999999112, 0.1499999999999999944 ) ) ;
#7559 = VERTEX_POINT ( 'NONE', #3055 ) ;
#7560 = CARTESIAN_POINT ( 'NONE',  ( 1.000000000000000000, -0.1699999999999999012, 0.2999999999999999889 ) ) ;
#7561 = ORIENTED_EDGE ( 'NONE', *, *, #2428, .F. ) ;
#7562 = DIRECTION ( 'NONE',  ( -0.000000000000000000, 0.000000000000000000, 1.000000000000000000 ) ) ;
#7563 = DIRECTION ( 'NONE',  ( 0.000000000000000000, 0.000000000000000000, -1.000000000000000000 ) ) ;
#7564 =( LENGTH_UNIT ( ) NAMED_UNIT ( * ) SI_UNIT ( .MILLI., .METRE. ) );
#7565 = VECTOR ( 'NONE', #7774, 1000.000000000000000 ) ;
#7566 = DIRECTION ( 'NONE',  ( 0.000000000000000000, -1.000000000000000000, 0.000000000000000000 ) ) ;
#7567 = COLOUR_RGB ( '',0.6470588235294117974, 0.6196078431372549211, 0.5999999999999999778 ) ;
#7568 = VERTEX_POINT ( 'NONE', #8662 ) ;
#7569 = VERTEX_POINT ( 'NONE', #2552 ) ;
#7570 = LINE ( 'NONE', #5271, #1770 ) ;
#7571 = DIRECTION ( 'NONE',  ( -1.000000000000000000, 0.000000000000000000, 0.000000000000000000 ) ) ;
#7572 = LINE ( 'NONE', #7621, #6711 ) ;
#7573 = FACE_OUTER_BOUND ( 'NONE', #6017, .T. ) ;
#7574 = VERTEX_POINT ( 'NONE', #1678 ) ;
#7575 = UNCERTAINTY_MEASURE_WITH_UNIT (LENGTH_MEASURE( 1.000000000000000082E-05 ), #1867, 'distance_accuracy_value', 'NONE');
#7576 = ORIENTED_EDGE ( 'NONE', *, *, #159, .F. ) ;
#7577 = CARTESIAN_POINT ( 'NONE',  ( 1.200000000000000178, 0.1500000000000008271, -0.2499999999999998890 ) ) ;
#7578 = CARTESIAN_POINT ( 'NONE',  ( 0.8299999999999999600, 0.1500000000000008271, 0.2499999999999998335 ) ) ;
#7579 = FACE_OUTER_BOUND ( 'NONE', #2741, .T. ) ;
#7580 = FILL_AREA_STYLE_COLOUR ( '', #5904 ) ;
#7581 = PRESENTATION_LAYER_ASSIGNMENT (  '', '', ( #3721 ) ) ;
#7582 = SURFACE_STYLE_USAGE ( .BOTH. , #4298 ) ;
#7583 = ORIENTED_EDGE ( 'NONE', *, *, #3124, .T. ) ;
#7584 = CARTESIAN_POINT ( 'NONE',  ( 0.5699999999999999512, 0.1700000000000000122, -0.06916666666666670960 ) ) ;
#7585 = VERTEX_POINT ( 'NONE', #7852 ) ;
#7586 = COLOUR_RGB ( '',0.6470588235294117974, 0.6196078431372549211, 0.5999999999999999778 ) ;
#7587 = CARTESIAN_POINT ( 'NONE',  ( 0.2000000000000000111, 0.1500000000000000222, -0.2799999999999999711 ) ) ;
#7588 = PLANE ( 'NONE',  #71 ) ;
#7589 = VECTOR ( 'NONE', #1881, 1000.000000000000000 ) ;
#7590 = DIRECTION ( 'NONE',  ( -0.000000000000000000, 0.000000000000000000, 1.000000000000000000 ) ) ;
#7591 = ADVANCED_FACE ( 'NONE', ( #4390 ), #7897, .F. ) ;
#7592 = EDGE_CURVE ( 'NONE', #7282, #633, #8483, .T. ) ;
#7593 = EDGE_CURVE ( 'NONE', #4249, #3981, #1775, .T. ) ;
#7594 = VECTOR ( 'NONE', #3624, 1000.000000000000000 ) ;
#7595 = ORIENTED_EDGE ( 'NONE', *, *, #434, .T. ) ;
#7596 = VERTEX_POINT ( 'NONE', #6556 ) ;
#7597 = PRESENTATION_LAYER_ASSIGNMENT (  '', '', ( #6457 ) ) ;
#7598 = PRESENTATION_LAYER_ASSIGNMENT (  '', '', ( #5740 ) ) ;
#7599 = LINE ( 'NONE', #6776, #1670 ) ;
#7600 = CARTESIAN_POINT ( 'NONE',  ( 0.5999999999999996447, -0.1500000000000008271, 0.2795000000000000817 ) ) ;
#7601 = VECTOR ( 'NONE', #5067, 1000.000000000000000 ) ;
#7602 = CARTESIAN_POINT ( 'NONE',  ( 0.1699999999999999012, 0.1500000000000008271, -0.1499999999999999944 ) ) ;
#7603 = SURFACE_STYLE_USAGE ( .BOTH. , #4882 ) ;
#7604 = MECHANICAL_DESIGN_GEOMETRIC_PRESENTATION_REPRESENTATION (  '', ( #6319 ), #4614 ) ;
#7605 = LINE ( 'NONE', #2071, #4910 ) ;
#7606 = PRESENTATION_LAYER_ASSIGNMENT (  '', '', ( #1473 ) ) ;
#7607 = ADVANCED_FACE ( 'NONE', ( #418 ), #3900, .F. ) ;
#7608 = VECTOR ( 'NONE', #2460, 1000.000000000000000 ) ;
#7609 = ORIENTED_EDGE ( 'NONE', *, *, #8100, .T. ) ;
#7610 = STYLED_ITEM ( 'NONE', ( #8818 ), #5203 ) ;
#7611 = EDGE_CURVE ( 'NONE', #1349, #2572, #288, .T. ) ;
#7612 = VERTEX_POINT ( 'NONE', #2501 ) ;
#7613 = DIRECTION ( 'NONE',  ( 1.000000000000000000, 0.000000000000000000, 0.000000000000000000 ) ) ;
#7614 = FILL_AREA_STYLE ('',( #4759 ) ) ;
#7615 = COLOUR_RGB ( '',0.6470588235294117974, 0.6196078431372549211, 0.5999999999999999778 ) ;
#7616 = STYLED_ITEM ( 'NONE', ( #5931 ), #8742 ) ;
#7617 = LINE ( 'NONE', #1498, #2205 ) ;
#7618 = CARTESIAN_POINT ( 'NONE',  ( 0.9700000000000000844, -19.83000000000000185, -0.2499999999999998890 ) ) ;
#7619 = PRESENTATION_LAYER_ASSIGNMENT (  '', '', ( #1351 ) ) ;
#7620 = CARTESIAN_POINT ( 'NONE',  ( 1.400000000000000133, 0.1500000000000008271, 0.2795000000000000817 ) ) ;
#7621 = CARTESIAN_POINT ( 'NONE',  ( 1.000000000000000000, 0.1699999999999999567, 0.06916666666666672347 ) ) ;
#7622 = DIRECTION ( 'NONE',  ( 0.000000000000000000, 0.000000000000000000, 1.000000000000000000 ) ) ;
#7623 = MECHANICAL_DESIGN_GEOMETRIC_PRESENTATION_REPRESENTATION (  '', ( #2641 ), #4623 ) ;
#7624 = EDGE_LOOP ( 'NONE', ( #876, #3115, #1648, #2789, #5786, #8081, #4034, #1564 ) ) ;
#7625 = EDGE_LOOP ( 'NONE', ( #8401, #230, #1579, #924 ) ) ;
#7626 = CARTESIAN_POINT ( 'NONE',  ( 0.1700000000000000122, 0.1500000000000000222, -0.06916666666666672347 ) ) ;
#7627 = PLANE ( 'NONE',  #2416 ) ;
#7628 = LINE ( 'NONE', #6325, #2483 ) ;
#7629 = PLANE ( 'NONE',  #5962 ) ;
#7630 = ORIENTED_EDGE ( 'NONE', *, *, #4424, .F. ) ;
#7631 = COLOUR_RGB ( '',0.1019607843137254888, 0.1019607843137254888, 0.1019607843137254888 ) ;
#7632 = DIRECTION ( 'NONE',  ( 0.01328367628057065992, 0.000000000000000000, -0.9999117680798007557 ) ) ;
#7633 = DIRECTION ( 'NONE',  ( 0.000000000000000000, 0.000000000000000000, 1.000000000000000000 ) ) ;
#7634 = DIRECTION ( 'NONE',  ( 0.000000000000000000, 0.000000000000000000, -1.000000000000000000 ) ) ;
#7635 = LINE ( 'NONE', #4175, #4875 ) ;
#7636 = CARTESIAN_POINT ( 'NONE',  ( 1.000000000000000000, 0.1700000000000000122, -0.2999999999999999334 ) ) ;
#7637 =( NAMED_UNIT ( * ) PLANE_ANGLE_UNIT ( ) SI_UNIT ( $, .RADIAN. ) );
#7638 = SURFACE_SIDE_STYLE ('',( #4914 ) ) ;
#7639 = LINE ( 'NONE', #1436, #6908 ) ;
#7640 = EDGE_LOOP ( 'NONE', ( #1880, #3609, #6217, #128 ) ) ;
#7641 = UNCERTAINTY_MEASURE_WITH_UNIT (LENGTH_MEASURE( 1.000000000000000082E-05 ), #2011, 'distance_accuracy_value', 'NONE');
#7642 = EDGE_LOOP ( 'NONE', ( #3949, #8740, #4430, #6636, #5059, #2937, #6650, #4792 ) ) ;
#7643 = SURFACE_STYLE_FILL_AREA ( #4225 ) ;
#7644 = ORIENTED_EDGE ( 'NONE', *, *, #5912, .T. ) ;
#7645 = MECHANICAL_DESIGN_GEOMETRIC_PRESENTATION_REPRESENTATION (  '', ( #5373 ), #6092 ) ;
#7646 = PRESENTATION_STYLE_ASSIGNMENT (( #5508 ) ) ;
#7647 = CARTESIAN_POINT ( 'NONE',  ( 0.4300000000000000488, -0.1699999999999999012, 0.2999999999999999889 ) ) ;
#7648 = FILL_AREA_STYLE_COLOUR ( '', #95 ) ;
#7649 = ADVANCED_FACE ( 'NONE', ( #5221 ), #7947, .F. ) ;
#7650 = EDGE_CURVE ( 'NONE', #526, #311, #4766, .T. ) ;
#7651 = CARTESIAN_POINT ( 'NONE',  ( 0.5699999999999999512, 0.1700000000000000122, 0.06916666666666670960 ) ) ;
#7652 = DIRECTION ( 'NONE',  ( -0.000000000000000000, 1.000000000000000000, -0.000000000000000000 ) ) ;
#7653 = CARTESIAN_POINT ( 'NONE',  ( 0.8000000000000000444, 0.1500000000000000222, -0.2799999999999999711 ) ) ;
#7654 =( NAMED_UNIT ( * ) SI_UNIT ( $, .STERADIAN. ) SOLID_ANGLE_UNIT ( ) );
#7655 = ORIENTED_EDGE ( 'NONE', *, *, #4542, .T. ) ;
#7656 = ORIENTED_EDGE ( 'NONE', *, *, #6862, .T. ) ;
#7657 = DIRECTION ( 'NONE',  ( -1.000000000000000000, -0.000000000000000000, -0.000000000000000000 ) ) ;
#7658 = DIRECTION ( 'NONE',  ( 1.000000000000000000, 0.000000000000000000, 0.000000000000000000 ) ) ;
#7659 = AXIS2_PLACEMENT_3D ( 'NONE', #5835, #8561, #1816 ) ;
#7660 = PRESENTATION_LAYER_ASSIGNMENT (  '', '', ( #4811 ) ) ;
#7661 = EDGE_CURVE ( 'NONE', #4876, #4984, #6744, .T. ) ;
#7662 = STYLED_ITEM ( 'NONE', ( #6557 ), #6414 ) ;
#7663 = LINE ( 'NONE', #1539, #8198 ) ;
#7664 = DIRECTION ( 'NONE',  ( -1.000000000000000000, 0.000000000000000000, 0.000000000000000000 ) ) ;
#7665 = CARTESIAN_POINT ( 'NONE',  ( 0.8000000000000000444, 0.000000000000000000, 0.2499999999999998335 ) ) ;
#7666 = EDGE_CURVE ( 'NONE', #1658, #889, #7404, .T. ) ;
#7667 = CARTESIAN_POINT ( 'NONE',  ( 0.3542541530958079332, -19.83000000000000185, 0.2499999999999998335 ) ) ;
#7668 = ORIENTED_EDGE ( 'NONE', *, *, #5871, .F. ) ;
#7669 = CARTESIAN_POINT ( 'NONE',  ( 0.1999999999999998723, -0.1500000000000008271, -0.2795000000000000262 ) ) ;
#7670 = ORIENTED_EDGE ( 'NONE', *, *, #5369, .F. ) ;
#7671 =( GEOMETRIC_REPRESENTATION_CONTEXT ( 3 ) GLOBAL_UNCERTAINTY_ASSIGNED_CONTEXT ( ( #286 ) ) GLOBAL_UNIT_ASSIGNED_CONTEXT ( ( #4139, #896, #8233 ) ) REPRESENTATION_CONTEXT ( 'NONE', 'WORKASPACE' ) );
#7672 = VERTEX_POINT ( 'NONE', #1291 ) ;
#7673 = DIRECTION ( 'NONE',  ( -0.000000000000000000, 1.000000000000000000, 1.594414959537506434E-16 ) ) ;
#7674 = VECTOR ( 'NONE', #8788, 1000.000000000000000 ) ;
#7675 = DIRECTION ( 'NONE',  ( 0.9999117680798007557, 0.000000000000000000, -0.01328367628057065992 ) ) ;
#7676 = FACE_OUTER_BOUND ( 'NONE', #2239, .T. ) ;
#7677 = DIRECTION ( 'NONE',  ( 0.000000000000000000, 0.000000000000000000, 1.000000000000000000 ) ) ;
#7678 = VERTEX_POINT ( 'NONE', #2751 ) ;
#7679 =( NAMED_UNIT ( * ) SI_UNIT ( $, .STERADIAN. ) SOLID_ANGLE_UNIT ( ) );
#7680 = DIRECTION ( 'NONE',  ( 0.000000000000000000, -0.000000000000000000, 1.000000000000000000 ) ) ;
#7681 = FILL_AREA_STYLE ('',( #7718 ) ) ;
#7682 = FACE_OUTER_BOUND ( 'NONE', #1935, .T. ) ;
#7683 = DIRECTION ( 'NONE',  ( -0.000000000000000000, 0.000000000000000000, 1.000000000000000000 ) ) ;
#7684 = CARTESIAN_POINT ( 'NONE',  ( 0.6000000000000000888, -1.249999999999999112, -0.2499999999999998890 ) ) ;
#7685 = ORIENTED_EDGE ( 'NONE', *, *, #6739, .F. ) ;
#7686 = VERTEX_POINT ( 'NONE', #1991 ) ;
#7687 = FILL_AREA_STYLE_COLOUR ( '', #8667 ) ;
#7688 = ORIENTED_EDGE ( 'NONE', *, *, #4753, .F. ) ;
#7689 = FILL_AREA_STYLE ('',( #8280 ) ) ;
#7690 = SURFACE_STYLE_FILL_AREA ( #2330 ) ;
#7691 = FILL_AREA_STYLE ('',( #4970 ) ) ;
#7692 = CARTESIAN_POINT ( 'NONE',  ( 0.5699999999999999512, -0.1500000000000008271, 0.2499999999999998335 ) ) ;
#7693 = PRESENTATION_LAYER_ASSIGNMENT (  '', '', ( #4250 ) ) ;
#7694 = EDGE_LOOP ( 'NONE', ( #6678, #8800, #1933, #3392, #3282, #7630, #80, #6583 ) ) ;
#7695 = EDGE_CURVE ( 'NONE', #8577, #1672, #586, .T. ) ;
#7696 = ORIENTED_EDGE ( 'NONE', *, *, #6347, .F. ) ;
#7697 = FILL_AREA_STYLE_COLOUR ( '', #3448 ) ;
#7698 = SURFACE_STYLE_USAGE ( .BOTH. , #4932 ) ;
#7699 = MECHANICAL_DESIGN_GEOMETRIC_PRESENTATION_REPRESENTATION (  '', ( #7273 ), #5563 ) ;
#7700 = LINE ( 'NONE', #6404, #5345 ) ;
#7701 = CARTESIAN_POINT ( 'NONE',  ( 2.168404344971008868E-16, -0.1500000000000008271, -0.2795000000000000262 ) ) ;
#7702 = CARTESIAN_POINT ( 'NONE',  ( 0.9700000000000000844, -0.1500000000000008271, -0.2499999999999998890 ) ) ;
#7703 = SURFACE_SIDE_STYLE ('',( #2303 ) ) ;
#7704 = ORIENTED_EDGE ( 'NONE', *, *, #2601, .F. ) ;
#7705 = VERTEX_POINT ( 'NONE', #1418 ) ;
#7706 = ADVANCED_FACE ( 'NONE', ( #3328 ), #641, .F. ) ;
#7707 = EDGE_CURVE ( 'NONE', #4470, #7886, #6115, .T. ) ;
#7708 = EDGE_CURVE ( 'NONE', #7164, #2828, #5440, .T. ) ;
#7709 = ORIENTED_EDGE ( 'NONE', *, *, #1288, .F. ) ;
#7710 = FILL_AREA_STYLE ('',( #8398 ) ) ;
#7711 = UNCERTAINTY_MEASURE_WITH_UNIT (LENGTH_MEASURE( 1.000000000000000082E-05 ), #2017, 'distance_accuracy_value', 'NONE');
#7712 = PLANE ( 'NONE',  #7834 ) ;
#7713 = DIRECTION ( 'NONE',  ( -1.000000000000000000, -0.000000000000000000, -0.000000000000000000 ) ) ;
#7714 = ORIENTED_EDGE ( 'NONE', *, *, #8424, .F. ) ;
#7715 = DIRECTION ( 'NONE',  ( 0.000000000000000000, 0.000000000000000000, -1.000000000000000000 ) ) ;
#7716 = DIRECTION ( 'NONE',  ( 0.000000000000000000, 0.000000000000000000, -1.000000000000000000 ) ) ;
#7717 = ADVANCED_FACE ( 'NONE', ( #2263 ), #2799, .F. ) ;
#7718 = FILL_AREA_STYLE_COLOUR ( '', #504 ) ;
#7719 = EDGE_CURVE ( 'NONE', #5000, #5131, #4935, .T. ) ;
#7720 = DIRECTION ( 'NONE',  ( -0.000000000000000000, 1.000000000000000000, -0.000000000000000000 ) ) ;
#7721 = LINE ( 'NONE', #5583, #7905 ) ;
#7722 = LINE ( 'NONE', #2321, #1760 ) ;
#7723 = ORIENTED_EDGE ( 'NONE', *, *, #1234, .F. ) ;
#7724 = ORIENTED_EDGE ( 'NONE', *, *, #1657, .F. ) ;
#7725 = CARTESIAN_POINT ( 'NONE',  ( 1.229999999999999316, -1.249999999999999112, 0.1499999999999999944 ) ) ;
#7726 = MECHANICAL_DESIGN_GEOMETRIC_PRESENTATION_REPRESENTATION (  '', ( #8587 ), #874 ) ;
#7727 = VERTEX_POINT ( 'NONE', #2833 ) ;
#7728 = CARTESIAN_POINT ( 'NONE',  ( 0.2000000000000000111, 0.1500000000000000222, -0.2799999999999999711 ) ) ;
#7729 = CARTESIAN_POINT ( 'NONE',  ( 0.1999999999999996503, -0.1500000000000008271, 0.2795000000000000817 ) ) ;
#7730 = MECHANICAL_DESIGN_GEOMETRIC_PRESENTATION_REPRESENTATION (  '', ( #8307 ), #6030 ) ;
#7731 = DIRECTION ( 'NONE',  ( 1.000000000000000000, 0.000000000000000000, -0.000000000000000000 ) ) ;
#7732 =( NAMED_UNIT ( * ) PLANE_ANGLE_UNIT ( ) SI_UNIT ( $, .RADIAN. ) );
#7733 = DIRECTION ( 'NONE',  ( 1.000000000000000000, 0.000000000000000000, 0.000000000000000000 ) ) ;
#7734 = DIRECTION ( 'NONE',  ( -0.000000000000000000, -0.000000000000000000, 1.000000000000000000 ) ) ;
#7735 = DIRECTION ( 'NONE',  ( -1.000000000000000000, 0.000000000000000000, 0.000000000000000000 ) ) ;
#7736 = ORIENTED_EDGE ( 'NONE', *, *, #4588, .T. ) ;
#7737 =( GEOMETRIC_REPRESENTATION_CONTEXT ( 3 ) GLOBAL_UNCERTAINTY_ASSIGNED_CONTEXT ( ( #3456 ) ) GLOBAL_UNIT_ASSIGNED_CONTEXT ( ( #2276, #4998, #4256 ) ) REPRESENTATION_CONTEXT ( 'NONE', 'WORKASPACE' ) );
#7738 = SURFACE_SIDE_STYLE ('',( #401 ) ) ;
#7739 = ORIENTED_EDGE ( 'NONE', *, *, #1706, .T. ) ;
#7740 = LINE ( 'NONE', #2912, #7132 ) ;
#7741 = MECHANICAL_DESIGN_GEOMETRIC_PRESENTATION_REPRESENTATION (  '', ( #3454 ), #8756 ) ;
#7742 = VECTOR ( 'NONE', #5408, 1000.000000000000000 ) ;
#7743 = CARTESIAN_POINT ( 'NONE',  ( 0.3999999999999995226, -1.249999999999999112, 0.2499999999999998890 ) ) ;
#7744 = VECTOR ( 'NONE', #4239, 1000.000000000000000 ) ;
#7745 = SURFACE_SIDE_STYLE ('',( #955 ) ) ;
#7746 = CARTESIAN_POINT ( 'NONE',  ( 1.000000000000000000, 0.000000000000000000, -0.2499999999999998890 ) ) ;
#7747 = FILL_AREA_STYLE ('',( #1161 ) ) ;
#7748 = DIRECTION ( 'NONE',  ( -0.000000000000000000, 0.000000000000000000, 1.000000000000000000 ) ) ;
#7749 = ORIENTED_EDGE ( 'NONE', *, *, #885, .T. ) ;
#7750 = SURFACE_STYLE_USAGE ( .BOTH. , #3502 ) ;
#7751 = ORIENTED_EDGE ( 'NONE', *, *, #5147, .F. ) ;
#7752 = VECTOR ( 'NONE', #3812, 1000.000000000000000 ) ;
#7753 = VERTEX_POINT ( 'NONE', #8343 ) ;
#7754 = PRESENTATION_LAYER_ASSIGNMENT (  '', '', ( #2764 ) ) ;
#7755 = FACE_OUTER_BOUND ( 'NONE', #6402, .T. ) ;
#7756 = COLOUR_RGB ( '',0.6470588235294117974, 0.6196078431372549211, 0.5999999999999999778 ) ;
#7757 = EDGE_CURVE ( 'NONE', #5433, #546, #2221, .T. ) ;
#7758 = ADVANCED_FACE ( 'NONE', ( #7573 ), #3581, .F. ) ;
#7759 = LINE ( 'NONE', #3591, #2367 ) ;
#7760 = VECTOR ( 'NONE', #5210, 1000.000000000000000 ) ;
#7761 = PLANE ( 'NONE',  #2128 ) ;
#7762 = PLANE ( 'NONE',  #4021 ) ;
#7763 = PRESENTATION_LAYER_ASSIGNMENT (  '', '', ( #7616 ) ) ;
#7764 = DIRECTION ( 'NONE',  ( 0.000000000000000000, 6.776263578034404685E-16, -1.000000000000000000 ) ) ;
#7765 = ORIENTED_EDGE ( 'NONE', *, *, #2885, .F. ) ;
#7766 = DIRECTION ( 'NONE',  ( 0.000000000000000000, 0.000000000000000000, -1.000000000000000000 ) ) ;
#7767 = UNCERTAINTY_MEASURE_WITH_UNIT (LENGTH_MEASURE( 1.000000000000000082E-05 ), #15, 'distance_accuracy_value', 'NONE');
#7768 = LINE ( 'NONE', #928, #8821 ) ;
#7769 = DIRECTION ( 'NONE',  ( -0.000000000000000000, -0.000000000000000000, 1.000000000000000000 ) ) ;
#7770 = COLOUR_RGB ( '',0.6470588235294117974, 0.6196078431372549211, 0.5999999999999999778 ) ;
#7771 = EDGE_CURVE ( 'NONE', #7596, #2503, #4891, .T. ) ;
#7772 = LINE ( 'NONE', #8444, #4488 ) ;
#7773 = CARTESIAN_POINT ( 'NONE',  ( 0.2000000000000000111, -0.1699999999999999012, 0.2999999999999999889 ) ) ;
#7774 = DIRECTION ( 'NONE',  ( -0.000000000000000000, 0.000000000000000000, 1.000000000000000000 ) ) ;
#7775 = EDGE_CURVE ( 'NONE', #3836, #6680, #8390, .T. ) ;
#7776 = AXIS2_PLACEMENT_3D ( 'NONE', #8359, #2320, #4958 ) ;
#7777 = LINE ( 'NONE', #255, #3322 ) ;
#7778 = VERTEX_POINT ( 'NONE', #4114 ) ;
#7779 = VERTEX_POINT ( 'NONE', #3501 ) ;
#7780 = LINE ( 'NONE', #3071, #4516 ) ;
#7781 = DIRECTION ( 'NONE',  ( -0.000000000000000000, 0.000000000000000000, 1.000000000000000000 ) ) ;
#7782 = ORIENTED_EDGE ( 'NONE', *, *, #2840, .F. ) ;
#7783 = PRESENTATION_STYLE_ASSIGNMENT (( #3740 ) ) ;
#7784 = VECTOR ( 'NONE', #3053, 1000.000000000000000 ) ;
#7785 = SURFACE_STYLE_USAGE ( .BOTH. , #7071 ) ;
#7786 = SURFACE_STYLE_FILL_AREA ( #481 ) ;
#7787 =( LENGTH_UNIT ( ) NAMED_UNIT ( * ) SI_UNIT ( .MILLI., .METRE. ) );
#7788 = EDGE_LOOP ( 'NONE', ( #4986, #6997, #7330, #3850, #917, #7512, #5063, #5899 ) ) ;
#7789 = EDGE_CURVE ( 'NONE', #8477, #5069, #725, .T. ) ;
#7790 = SURFACE_STYLE_FILL_AREA ( #6494 ) ;
#7791 = ORIENTED_EDGE ( 'NONE', *, *, #1234, .T. ) ;
#7792 = DIRECTION ( 'NONE',  ( -1.000000000000000000, -0.000000000000000000, -0.000000000000000000 ) ) ;
#7793 = LINE ( 'NONE', #1573, #8143 ) ;
#7794 = LINE ( 'NONE', #3705, #807 ) ;
#7795 = SURFACE_SIDE_STYLE ('',( #6952 ) ) ;
#7796 = CARTESIAN_POINT ( 'NONE',  ( 1.350000000000000089, -0.1499999999999999389, 0.1499999999999999944 ) ) ;
#7797 =( NAMED_UNIT ( * ) SI_UNIT ( $, .STERADIAN. ) SOLID_ANGLE_UNIT ( ) );
#7798 = CARTESIAN_POINT ( 'NONE',  ( 0.4300000000000000488, 0.1500000000000008271, -0.1499999999999999944 ) ) ;
#7799 = ORIENTED_EDGE ( 'NONE', *, *, #2840, .T. ) ;
#7800 = CARTESIAN_POINT ( 'NONE',  ( 0.8299999999999991829, 0.1500000000000008271, 0.1499999999999999944 ) ) ;
#7801 = ORIENTED_EDGE ( 'NONE', *, *, #7695, .F. ) ;
#7802 = ORIENTED_EDGE ( 'NONE', *, *, #2997, .F. ) ;
#7803 = MECHANICAL_DESIGN_GEOMETRIC_PRESENTATION_REPRESENTATION (  '', ( #2806 ), #5096 ) ;
#7804 = UNCERTAINTY_MEASURE_WITH_UNIT (LENGTH_MEASURE( 1.000000000000000082E-05 ), #8194, 'distance_accuracy_value', 'NONE');
#7805 = SURFACE_SIDE_STYLE ('',( #6464 ) ) ;
#7806 = COLOUR_RGB ( '',0.6470588235294117974, 0.6196078431372549211, 0.5999999999999999778 ) ;
#7807 = VECTOR ( 'NONE', #8528, 1000.000000000000000 ) ;
#7808 = CARTESIAN_POINT ( 'NONE',  ( 1.228671515157174543, -0.1500000000000008271, -0.2499999999999998890 ) ) ;
#7809 = UNCERTAINTY_MEASURE_WITH_UNIT (LENGTH_MEASURE( 1.000000000000000082E-05 ), #7059, 'distance_accuracy_value', 'NONE');
#7810 = CARTESIAN_POINT ( 'NONE',  ( 2.168404344971008868E-16, 0.1500000000000000222, -0.06916666666666672347 ) ) ;
#7811 = ORIENTED_EDGE ( 'NONE', *, *, #3350, .F. ) ;
#7812 = EDGE_CURVE ( 'NONE', #7778, #7123, #7885, .T. ) ;
#7813 = EDGE_CURVE ( 'NONE', #6658, #7596, #5875, .T. ) ;
#7814 = DIRECTION ( 'NONE',  ( 0.000000000000000000, 1.000000000000000000, -0.000000000000000000 ) ) ;
#7815 = PLANE ( 'NONE',  #1815 ) ;
#7816 = VECTOR ( 'NONE', #7018, 1000.000000000000000 ) ;
#7817 = VECTOR ( 'NONE', #5669, 1000.000000000000000 ) ;
#7818 = VECTOR ( 'NONE', #1499, 1000.000000000000000 ) ;
#7819 = DIRECTION ( 'NONE',  ( -1.000000000000000000, -0.000000000000000000, -0.000000000000000000 ) ) ;
#7820 = DIRECTION ( 'NONE',  ( 0.000000000000000000, 0.000000000000000000, -1.000000000000000000 ) ) ;
#7821 = CARTESIAN_POINT ( 'NONE',  ( 0.9700000000000000844, 0.1499999999999999667, 0.06916666666666672347 ) ) ;
#7822 = DIRECTION ( 'NONE',  ( -0.000000000000000000, 1.000000000000000000, -0.000000000000000000 ) ) ;
#7823 = VERTEX_POINT ( 'NONE', #7798 ) ;
#7824 = ORIENTED_EDGE ( 'NONE', *, *, #491, .T. ) ;
#7825 = PLANE ( 'NONE',  #7227 ) ;
#7826 = ADVANCED_FACE ( 'NONE', ( #8651 ), #3002, .F. ) ;
#7827 = CARTESIAN_POINT ( 'NONE',  ( 0.6000000000000000888, 0.1500000000000000222, -0.2799999999999999711 ) ) ;
#7828 = VERTEX_POINT ( 'NONE', #7120 ) ;
#7829 = EDGE_CURVE ( 'NONE', #7612, #5920, #7209, .T. ) ;
#7830 = FACE_OUTER_BOUND ( 'NONE', #7847, .T. ) ;
#7831 = PLANE ( 'NONE',  #1210 ) ;
#7832 = ORIENTED_EDGE ( 'NONE', *, *, #1629, .T. ) ;
#7833 = LINE ( 'NONE', #1033, #1319 ) ;
#7834 = AXIS2_PLACEMENT_3D ( 'NONE', #6417, #1677, #3099 ) ;
#7835 = ORIENTED_EDGE ( 'NONE', *, *, #5095, .F. ) ;
#7836 = SURFACE_STYLE_USAGE ( .BOTH. , #1752 ) ;
#7837 =( NAMED_UNIT ( * ) SI_UNIT ( $, .STERADIAN. ) SOLID_ANGLE_UNIT ( ) );
#7838 = EDGE_CURVE ( 'NONE', #4803, #6471, #6408, .T. ) ;
#7839 = DIRECTION ( 'NONE',  ( 1.000000000000000000, 0.000000000000000000, 0.000000000000000000 ) ) ;
#7840 = DIRECTION ( 'NONE',  ( -0.000000000000000000, 1.000000000000000000, 1.807003620809174139E-16 ) ) ;
#7841 =( GEOMETRIC_REPRESENTATION_CONTEXT ( 3 ) GLOBAL_UNCERTAINTY_ASSIGNED_CONTEXT ( ( #5840 ) ) GLOBAL_UNIT_ASSIGNED_CONTEXT ( ( #7288, #5025, #8637 ) ) REPRESENTATION_CONTEXT ( 'NONE', 'WORKASPACE' ) );
#7842 = FILL_AREA_STYLE_COLOUR ( '', #1892 ) ;
#7843 = PLANE ( 'NONE',  #1913 ) ;
#7844 = ORIENTED_EDGE ( 'NONE', *, *, #4361, .T. ) ;
#7845 = LINE ( 'NONE', #8557, #6062 ) ;
#7846 = ORIENTED_EDGE ( 'NONE', *, *, #926, .T. ) ;
#7847 = EDGE_LOOP ( 'NONE', ( #3264, #7791, #2305, #61 ) ) ;
#7848 = CARTESIAN_POINT ( 'NONE',  ( 0.2000000000000000111, -0.1499999999999999389, 0.2499999999999998335 ) ) ;
#7849 = LINE ( 'NONE', #7043, #1224 ) ;
#7850 = FACE_OUTER_BOUND ( 'NONE', #3783, .T. ) ;
#7851 = ORIENTED_EDGE ( 'NONE', *, *, #327, .F. ) ;
#7852 = CARTESIAN_POINT ( 'NONE',  ( 0.3999999999999995226, -0.1500000000000008271, 0.2499999999999998890 ) ) ;
#7853 = DIRECTION ( 'NONE',  ( 0.000000000000000000, 1.000000000000000000, 6.776263578034404685E-16 ) ) ;
#7854 = ORIENTED_EDGE ( 'NONE', *, *, #5, .T. ) ;
#7855 = SURFACE_SIDE_STYLE ('',( #5667 ) ) ;
#7856 = CARTESIAN_POINT ( 'NONE',  ( 0.4300000000000000488, -19.83000000000000185, -0.2499999999999998890 ) ) ;
#7857 = FILL_AREA_STYLE_COLOUR ( '', #4210 ) ;
#7858 = DIRECTION ( 'NONE',  ( -0.000000000000000000, -0.000000000000000000, 1.000000000000000000 ) ) ;
#7859 = CARTESIAN_POINT ( 'NONE',  ( 0.8299999999999999600, -0.1499999999999999389, 0.1499999999999999944 ) ) ;
#7860 = DIRECTION ( 'NONE',  ( 1.000000000000000000, 0.000000000000000000, -0.000000000000000000 ) ) ;
#7861 = CARTESIAN_POINT ( 'NONE',  ( 0.1699999999999996791, 0.1500000000000008271, 0.1499999999999999944 ) ) ;
#7862 = CARTESIAN_POINT ( 'NONE',  ( 1.380000000000000115, 0.1800000000000000766, -0.1499999999999999944 ) ) ;
#7863 = ORIENTED_EDGE ( 'NONE', *, *, #2473, .T. ) ;
#7864 = ORIENTED_EDGE ( 'NONE', *, *, #2693, .F. ) ;
#7865 = DIRECTION ( 'NONE',  ( 0.000000000000000000, 1.000000000000000000, -0.000000000000000000 ) ) ;
#7866 = ORIENTED_EDGE ( 'NONE', *, *, #8434, .T. ) ;
#7867 = SURFACE_STYLE_FILL_AREA ( #2468 ) ;
#7868 = DIRECTION ( 'NONE',  ( 0.000000000000000000, 0.000000000000000000, -1.000000000000000000 ) ) ;
#7869 = CARTESIAN_POINT ( 'NONE',  ( 0.04999999999999999584, 0.1700000000000000122, -0.06916666666666670960 ) ) ;
#7870 = EDGE_CURVE ( 'NONE', #8752, #5955, #2397, .T. ) ;
#7871 = EDGE_CURVE ( 'NONE', #670, #5057, #8555, .T. ) ;
#7872 = EDGE_CURVE ( 'NONE', #304, #1471, #2349, .T. ) ;
#7873 = CARTESIAN_POINT ( 'NONE',  ( 0.2000000000000000111, 0.1500000000000000222, -0.2499999999999998890 ) ) ;
#7874 = COLOUR_RGB ( '',0.1019607843137254888, 0.1019607843137254888, 0.1019607843137254888 ) ;
#7875 = ORIENTED_EDGE ( 'NONE', *, *, #6687, .T. ) ;
#7876 = ORIENTED_EDGE ( 'NONE', *, *, #229, .T. ) ;
#7877 = CARTESIAN_POINT ( 'NONE',  ( 2.168404344971008868E-16, 0.1800000000000000488, 0.1499999999999999667 ) ) ;
#7878 = STYLED_ITEM ( 'NONE', ( #5775 ), #2841 ) ;
#7879 = CARTESIAN_POINT ( 'NONE',  ( 0.1700000000000000122, 0.1500000000000000222, -0.2799999999999999711 ) ) ;
#7880 = PRESENTATION_STYLE_ASSIGNMENT (( #4423 ) ) ;
#7881 = EDGE_CURVE ( 'NONE', #3068, #7355, #5127, .T. ) ;
#7882 = ADVANCED_FACE ( 'NONE', ( #6501 ), #7843, .F. ) ;
#7883 = FILL_AREA_STYLE_COLOUR ( '', #244 ) ;
#7884 =( NAMED_UNIT ( * ) PLANE_ANGLE_UNIT ( ) SI_UNIT ( $, .RADIAN. ) );
#7885 = LINE ( 'NONE', #5830, #4767 ) ;
#7886 = VERTEX_POINT ( 'NONE', #4573 ) ;
#7887 = EDGE_CURVE ( 'NONE', #6200, #1946, #8153, .T. ) ;
#7888 = ORIENTED_EDGE ( 'NONE', *, *, #4094, .T. ) ;
#7889 = ORIENTED_EDGE ( 'NONE', *, *, #2273, .T. ) ;
#7890 = SURFACE_STYLE_FILL_AREA ( #7401 ) ;
#7891 = AXIS2_PLACEMENT_3D ( 'NONE', #3570, #3439, #2786 ) ;
#7892 = MECHANICAL_DESIGN_GEOMETRIC_PRESENTATION_REPRESENTATION (  '', ( #6311 ), #5470 ) ;
#7893 = AXIS2_PLACEMENT_3D ( 'NONE', #1567, #4924, #5716 ) ;
#7894 = LINE ( 'NONE', #5937, #2519 ) ;
#7895 = VECTOR ( 'NONE', #392, 1000.000000000000000 ) ;
#7896 = SURFACE_STYLE_FILL_AREA ( #1631 ) ;
#7897 = PLANE ( 'NONE',  #3739 ) ;
#7898 = UNCERTAINTY_MEASURE_WITH_UNIT (LENGTH_MEASURE( 1.000000000000000082E-05 ), #5948, 'distance_accuracy_value', 'NONE');
#7899 =( LENGTH_UNIT ( ) NAMED_UNIT ( * ) SI_UNIT ( .MILLI., .METRE. ) );
#7900 = VECTOR ( 'NONE', #2713, 1000.000000000000000 ) ;
#7901 = ORIENTED_EDGE ( 'NONE', *, *, #7812, .T. ) ;
#7902 = AXIS2_PLACEMENT_3D ( 'NONE', #429, #7281, #3152 ) ;
#7903 = CARTESIAN_POINT ( 'NONE',  ( 0.1999999999999998723, 0.1500000000000008271, -0.2499999999999999445 ) ) ;
#7904 = DIRECTION ( 'NONE',  ( -0.000000000000000000, 1.000000000000000000, -0.000000000000000000 ) ) ;
#7905 = VECTOR ( 'NONE', #840, 1000.000000000000000 ) ;
#7906 = FILL_AREA_STYLE ('',( #7857 ) ) ;
#7907 = LINE ( 'NONE', #4498, #8263 ) ;
#7908 = AXIS2_PLACEMENT_3D ( 'NONE', #8297, #777, #7748 ) ;
#7909 = PRESENTATION_STYLE_ASSIGNMENT (( #4398 ) ) ;
#7910 =( LENGTH_UNIT ( ) NAMED_UNIT ( * ) SI_UNIT ( .MILLI., .METRE. ) );
#7911 = CARTESIAN_POINT ( 'NONE',  ( 0.9700000000000000844, -0.1500000000000008271, 0.2499999999999998335 ) ) ;
#7912 = CARTESIAN_POINT ( 'NONE',  ( 0.6000000000000000888, -0.1700000000000000122, -0.2499999999999998890 ) ) ;
#7913 = AXIS2_PLACEMENT_3D ( 'NONE', #2913, #5647, #2259 ) ;
#7914 = CARTESIAN_POINT ( 'NONE',  ( 0.8299999999999999600, -1.249999999999999112, -0.1499999999999999944 ) ) ;
#7915 = VERTEX_POINT ( 'NONE', #5295 ) ;
#7916 = EDGE_LOOP ( 'NONE', ( #1980, #2304, #89, #6704 ) ) ;
#7917 = FACE_OUTER_BOUND ( 'NONE', #5596, .T. ) ;
#7918 =( GEOMETRIC_REPRESENTATION_CONTEXT ( 3 ) GLOBAL_UNCERTAINTY_ASSIGNED_CONTEXT ( ( #2107 ) ) GLOBAL_UNIT_ASSIGNED_CONTEXT ( ( #4178, #2061, #8318 ) ) REPRESENTATION_CONTEXT ( 'NONE', 'WORKASPACE' ) );
#7919 = ORIENTED_EDGE ( 'NONE', *, *, #4030, .F. ) ;
#7920 = FACE_OUTER_BOUND ( 'NONE', #3607, .T. ) ;
#7921 = UNCERTAINTY_MEASURE_WITH_UNIT (LENGTH_MEASURE( 1.000000000000000082E-05 ), #7553, 'distance_accuracy_value', 'NONE');
#7922 = FILL_AREA_STYLE_COLOUR ( '', #7362 ) ;
#7923 = CARTESIAN_POINT ( 'NONE',  ( 1.200000000000000178, -1.249999999999999112, -0.2499999999999998890 ) ) ;
#7924 = CARTESIAN_POINT ( 'NONE',  ( 0.2000000000000000111, 0.1699999999999999567, 0.2999999999999999334 ) ) ;
#7925 = ORIENTED_EDGE ( 'NONE', *, *, #77, .F. ) ;
#7926 = FACE_OUTER_BOUND ( 'NONE', #4106, .T. ) ;
#7927 = ORIENTED_EDGE ( 'NONE', *, *, #3401, .T. ) ;
#7928 = EDGE_CURVE ( 'NONE', #6658, #1658, #2022, .T. ) ;
#7929 = ADVANCED_FACE ( 'NONE', ( #574 ), #2663, .F. ) ;
#7930 = FILL_AREA_STYLE_COLOUR ( '', #8244 ) ;
#7931 =( NAMED_UNIT ( * ) PLANE_ANGLE_UNIT ( ) SI_UNIT ( $, .RADIAN. ) );
#7932 = FILL_AREA_STYLE ('',( #3134 ) ) ;
#7933 = DIRECTION ( 'NONE',  ( 0.000000000000000000, 1.000000000000000000, -1.594414959537507173E-16 ) ) ;
#7934 = MECHANICAL_DESIGN_GEOMETRIC_PRESENTATION_REPRESENTATION (  '', ( #2658 ), #5782 ) ;
#7935 = SURFACE_STYLE_FILL_AREA ( #5729 ) ;
#7936 = ORIENTED_EDGE ( 'NONE', *, *, #8162, .F. ) ;
#7937 = CARTESIAN_POINT ( 'NONE',  ( 1.230000000000000204, -0.1699999999999999289, 0.1499999999999999944 ) ) ;
#7938 = ORIENTED_EDGE ( 'NONE', *, *, #8745, .T. ) ;
#7939 = ORIENTED_EDGE ( 'NONE', *, *, #6225, .F. ) ;
#7940 = EDGE_CURVE ( 'NONE', #6680, #5298, #3230, .T. ) ;
#7941 = FILL_AREA_STYLE ('',( #8075 ) ) ;
#7942 = AXIS2_PLACEMENT_3D ( 'NONE', #8205, #8743, #2906 ) ;
#7943 = ADVANCED_FACE ( 'NONE', ( #8735 ), #8069, .F. ) ;
#7944 = DIRECTION ( 'NONE',  ( -1.000000000000000000, 0.000000000000000000, 0.000000000000000000 ) ) ;
#7945 = DIRECTION ( 'NONE',  ( -1.000000000000000000, 0.000000000000000000, -0.000000000000000000 ) ) ;
#7946 = CARTESIAN_POINT ( 'NONE',  ( 0.5699999999999999512, -0.1500000000000008271, -0.2499999999999998890 ) ) ;
#7947 = PLANE ( 'NONE',  #5610 ) ;
#7948 = LINE ( 'NONE', #3012, #4949 ) ;
#7949 = VERTEX_POINT ( 'NONE', #4708 ) ;
#7950 = VECTOR ( 'NONE', #8112, 1000.000000000000000 ) ;
#7951 = LINE ( 'NONE', #4441, #8599 ) ;
#7952 = LINE ( 'NONE', #4182, #7816 ) ;
#7953 =( GEOMETRIC_REPRESENTATION_CONTEXT ( 3 ) GLOBAL_UNCERTAINTY_ASSIGNED_CONTEXT ( ( #6585 ) ) GLOBAL_UNIT_ASSIGNED_CONTEXT ( ( #7373, #4001, #1154 ) ) REPRESENTATION_CONTEXT ( 'NONE', 'WORKASPACE' ) );
#7954 = LINE ( 'NONE', #1870, #5620 ) ;
#7955 = PRESENTATION_LAYER_ASSIGNMENT (  '', '', ( #234 ) ) ;
#7956 = CARTESIAN_POINT ( 'NONE',  ( 0.2000000000000000111, -0.1499999999999999389, 0.2799999999999999711 ) ) ;
#7957 = CARTESIAN_POINT ( 'NONE',  ( 0.1999999999999998723, -1.249999999999999112, -0.2499999999999998890 ) ) ;
#7958 = CARTESIAN_POINT ( 'NONE',  ( 1.230000000000000204, -0.1700000000000000400, -0.1499999999999999944 ) ) ;
#7959 = ORIENTED_EDGE ( 'NONE', *, *, #8436, .T. ) ;
#7960 = MECHANICAL_DESIGN_GEOMETRIC_PRESENTATION_REPRESENTATION (  '', ( #4816 ), #814 ) ;
#7961 = CARTESIAN_POINT ( 'NONE',  ( 0.2000000000000000111, -0.1500000000000000500, -0.1499999999999999944 ) ) ;
#7962 = FILL_AREA_STYLE ('',( #3865 ) ) ;
#7963 = VECTOR ( 'NONE', #7731, 1000.000000000000000 ) ;
#7964 = ORIENTED_EDGE ( 'NONE', *, *, #6241, .F. ) ;
#7965 = LINE ( 'NONE', #8724, #5730 ) ;
#7966 = CARTESIAN_POINT ( 'NONE',  ( 0.4300000000000000488, 0.1500000000000000222, -0.2799999999999999711 ) ) ;
#7967 = PLANE ( 'NONE',  #7315 ) ;
#7968 = SURFACE_SIDE_STYLE ('',( #3217 ) ) ;
#7969 = PRESENTATION_LAYER_ASSIGNMENT (  '', '', ( #3522 ) ) ;
#7970 = EDGE_LOOP ( 'NONE', ( #4381, #7901, #4316, #6239 ) ) ;
#7971 = VECTOR ( 'NONE', #117, 1000.000000000000000 ) ;
#7972 = VERTEX_POINT ( 'NONE', #3932 ) ;
#7973 =( LENGTH_UNIT ( ) NAMED_UNIT ( * ) SI_UNIT ( .MILLI., .METRE. ) );
#7974 = PLANE ( 'NONE',  #7188 ) ;
#7975 = CARTESIAN_POINT ( 'NONE',  ( 1.200000000000000178, 0.1500000000000000222, -0.2799999999999999711 ) ) ;
#7976 =( NAMED_UNIT ( * ) SI_UNIT ( $, .STERADIAN. ) SOLID_ANGLE_UNIT ( ) );
#7977 = SURFACE_STYLE_FILL_AREA ( #6827 ) ;
#7978 = VERTEX_POINT ( 'NONE', #6692 ) ;
#7979 = CARTESIAN_POINT ( 'NONE',  ( 0.1699999999999996791, -1.249999999999999112, 0.2499999999999998890 ) ) ;
#7980 = ORIENTED_EDGE ( 'NONE', *, *, #3336, .F. ) ;
#7981 = VERTEX_POINT ( 'NONE', #2702 ) ;
#7982 = STYLED_ITEM ( 'NONE', ( #2879 ), #5536 ) ;
#7983 = DIRECTION ( 'NONE',  ( -0.000000000000000000, 1.000000000000000000, -0.000000000000000000 ) ) ;
#7984 = CARTESIAN_POINT ( 'NONE',  ( 0.000000000000000000, 0.1500000000000000222, -0.2799999999999999711 ) ) ;
#7985 = SURFACE_SIDE_STYLE ('',( #335 ) ) ;
#7986 = EDGE_CURVE ( 'NONE', #400, #2039, #3271, .T. ) ;
#7987 = EDGE_CURVE ( 'NONE', #7518, #7778, #3978, .T. ) ;
#7988 = CARTESIAN_POINT ( 'NONE',  ( 1.000000000000000000, -0.1699999999999999012, 0.2999999999999999889 ) ) ;
#7989 = ADVANCED_FACE ( 'NONE', ( #632 ), #3360, .F. ) ;
#7990 = ORIENTED_EDGE ( 'NONE', *, *, #7230, .F. ) ;
#7991 = COLOUR_RGB ( '',0.6470588235294117974, 0.6196078431372549211, 0.5999999999999999778 ) ;
#7992 = DIRECTION ( 'NONE',  ( 0.000000000000000000, 0.000000000000000000, -1.000000000000000000 ) ) ;
#7993 = CARTESIAN_POINT ( 'NONE',  ( 1.230000000000000204, -0.1699999999999999012, 0.2999999999999999889 ) ) ;
#7994 =( GEOMETRIC_REPRESENTATION_CONTEXT ( 3 ) GLOBAL_UNCERTAINTY_ASSIGNED_CONTEXT ( ( #4391 ) ) GLOBAL_UNIT_ASSIGNED_CONTEXT ( ( #1785, #5897, #3732 ) ) REPRESENTATION_CONTEXT ( 'NONE', 'WORKASPACE' ) );
#7995 = CARTESIAN_POINT ( 'NONE',  ( 0.9700000000000000844, -19.83000000000000185, 0.2499999999999998335 ) ) ;
#7996 = LINE ( 'NONE', #6523, #8607 ) ;
#7997 = DIRECTION ( 'NONE',  ( 0.000000000000000000, 0.000000000000000000, -1.000000000000000000 ) ) ;
#7998 =( LENGTH_UNIT ( ) NAMED_UNIT ( * ) SI_UNIT ( .MILLI., .METRE. ) );
#7999 = EDGE_LOOP ( 'NONE', ( #4288, #7253, #1303, #3573 ) ) ;
#8000 = EDGE_CURVE ( 'NONE', #5888, #5032, #1491, .T. ) ;
#8001 = DIRECTION ( 'NONE',  ( 0.000000000000000000, -1.807003620809174139E-16, -1.000000000000000000 ) ) ;
#8002 = ORIENTED_EDGE ( 'NONE', *, *, #7552, .T. ) ;
#8003 = LINE ( 'NONE', #1839, #8744 ) ;
#8004 = LINE ( 'NONE', #618, #4278 ) ;
#8005 = SURFACE_STYLE_USAGE ( .BOTH. , #8775 ) ;
#8006 = CARTESIAN_POINT ( 'NONE',  ( 0.8299999999999999600, 0.1500000000000000222, -0.06916666666666672347 ) ) ;
#8007 = SURFACE_STYLE_USAGE ( .BOTH. , #7968 ) ;
#8008 = VERTEX_POINT ( 'NONE', #96 ) ;
#8009 =( NAMED_UNIT ( * ) SI_UNIT ( $, .STERADIAN. ) SOLID_ANGLE_UNIT ( ) );
#8010 = EDGE_LOOP ( 'NONE', ( #4457, #5506, #1597, #568, #4576, #3841, #5619, #2479 ) ) ;
#8011 = CARTESIAN_POINT ( 'NONE',  ( 0.4300000000000000488, -0.1500000000000008271, -0.1499999999999999944 ) ) ;
#8012 = DIRECTION ( 'NONE',  ( 0.000000000000000000, 0.000000000000000000, 1.000000000000000000 ) ) ;
#8013 = VECTOR ( 'NONE', #2618, 1000.000000000000000 ) ;
#8014 = CARTESIAN_POINT ( 'NONE',  ( 1.000000000000000000, 0.1699999999999999567, 0.2999999999999999334 ) ) ;
#8015 = SURFACE_STYLE_FILL_AREA ( #3228 ) ;
#8016 = DIRECTION ( 'NONE',  ( 0.000000000000000000, -0.000000000000000000, 1.000000000000000000 ) ) ;
#8017 = VERTEX_POINT ( 'NONE', #7692 ) ;
#8018 = FILL_AREA_STYLE_COLOUR ( '', #3186 ) ;
#8019 = ORIENTED_EDGE ( 'NONE', *, *, #8473, .F. ) ;
#8020 = VERTEX_POINT ( 'NONE', #3571 ) ;
#8021 = VECTOR ( 'NONE', #3685, 1000.000000000000000 ) ;
#8022 = VECTOR ( 'NONE', #6440, 1000.000000000000000 ) ;
#8023 = DIRECTION ( 'NONE',  ( 0.000000000000000000, 1.000000000000000000, -0.000000000000000000 ) ) ;
#8024 = CARTESIAN_POINT ( 'NONE',  ( 1.000000000000000000, -0.1699999999999999012, 0.2499999999999998335 ) ) ;
#8025 =( LENGTH_UNIT ( ) NAMED_UNIT ( * ) SI_UNIT ( .MILLI., .METRE. ) );
#8026 =( LENGTH_UNIT ( ) NAMED_UNIT ( * ) SI_UNIT ( .MILLI., .METRE. ) );
#8027 = VECTOR ( 'NONE', #639, 1000.000000000000000 ) ;
#8028 = EDGE_LOOP ( 'NONE', ( #2296, #2076, #4812, #4508 ) ) ;
#8029 = COLOUR_RGB ( '',0.6470588235294117974, 0.6196078431372549211, 0.5999999999999999778 ) ;
#8030 =( NAMED_UNIT ( * ) PLANE_ANGLE_UNIT ( ) SI_UNIT ( $, .RADIAN. ) );
#8031 = DIRECTION ( 'NONE',  ( 0.000000000000000000, -1.000000000000000000, 0.000000000000000000 ) ) ;
#8032 = EDGE_CURVE ( 'NONE', #4824, #2162, #2210, .T. ) ;
#8033 = EDGE_CURVE ( 'NONE', #3489, #6236, #7605, .T. ) ;
#8034 = STYLED_ITEM ( 'NONE', ( #3928 ), #4925 ) ;
#8035 = PRESENTATION_STYLE_ASSIGNMENT (( #552 ) ) ;
#8036 = DIRECTION ( 'NONE',  ( 1.000000000000000000, 0.000000000000000000, 0.000000000000000000 ) ) ;
#8037 = DIRECTION ( 'NONE',  ( 1.000000000000000000, 0.000000000000000000, 0.000000000000000000 ) ) ;
#8039 = UNCERTAINTY_MEASURE_WITH_UNIT (LENGTH_MEASURE( 1.000000000000000082E-05 ), #4603, 'distance_accuracy_value', 'NONE');
#8038 = VECTOR ( 'NONE', #2253, 1000.000000000000000 ) ;
#8040 = DIRECTION ( 'NONE',  ( -0.000000000000000000, -0.000000000000000000, -1.000000000000000000 ) ) ;
#8041 = PLANE ( 'NONE',  #4898 ) ;
#8042 = ORIENTED_EDGE ( 'NONE', *, *, #3717, .T. ) ;
#8043 = VECTOR ( 'NONE', #2775, 1000.000000000000000 ) ;
#8044 = PRESENTATION_STYLE_ASSIGNMENT (( #8813 ) ) ;
#8045 = ORIENTED_EDGE ( 'NONE', *, *, #541, .F. ) ;
#8046 = COLOUR_RGB ( '',0.6470588235294117974, 0.6196078431372549211, 0.5999999999999999778 ) ;
#8047 = LINE ( 'NONE', #2605, #6167 ) ;
#8048 = ADVANCED_FACE ( 'NONE', ( #4272 ), #763, .F. ) ;
#8049 =( GEOMETRIC_REPRESENTATION_CONTEXT ( 3 ) GLOBAL_UNCERTAINTY_ASSIGNED_CONTEXT ( ( #4790 ) ) GLOBAL_UNIT_ASSIGNED_CONTEXT ( ( #6856, #6889, #88 ) ) REPRESENTATION_CONTEXT ( 'NONE', 'WORKASPACE' ) );
#8050 =( NAMED_UNIT ( * ) SI_UNIT ( $, .STERADIAN. ) SOLID_ANGLE_UNIT ( ) );
#8051 = AXIS2_PLACEMENT_3D ( 'NONE', #6545, #450, #2395 ) ;
#8052 = EDGE_CURVE ( 'NONE', #2354, #5878, #8287, .T. ) ;
#8053 = CARTESIAN_POINT ( 'NONE',  ( 1.230000000000000204, -19.83000000000000185, 0.2499999999999998335 ) ) ;
#8054 =( LENGTH_UNIT ( ) NAMED_UNIT ( * ) SI_UNIT ( .MILLI., .METRE. ) );
#8055 = EDGE_LOOP ( 'NONE', ( #5903, #766, #215, #203 ) ) ;
#8056 = PRESENTATION_STYLE_ASSIGNMENT (( #5326 ) ) ;
#8057 = VECTOR ( 'NONE', #3136, 1000.000000000000000 ) ;
#8058 = COLOUR_RGB ( '',0.6470588235294117974, 0.6196078431372549211, 0.5999999999999999778 ) ;
#8059 = ORIENTED_EDGE ( 'NONE', *, *, #759, .T. ) ;
#8060 =( LENGTH_UNIT ( ) NAMED_UNIT ( * ) SI_UNIT ( .MILLI., .METRE. ) );
#8061 = EDGE_LOOP ( 'NONE', ( #1366, #8240, #6387, #8366 ) ) ;
#8062 = LINE ( 'NONE', #3221, #4300 ) ;
#8063 = FACE_OUTER_BOUND ( 'NONE', #1947, .T. ) ;
#8064 =( NAMED_UNIT ( * ) PLANE_ANGLE_UNIT ( ) SI_UNIT ( $, .RADIAN. ) );
#8065 = STYLED_ITEM ( 'NONE', ( #5773 ), #8101 ) ;
#8066 = PLANE ( 'NONE',  #3317 ) ;
#8067 = CARTESIAN_POINT ( 'NONE',  ( 1.000000000000000000, 0.000000000000000000, -0.2499999999999998890 ) ) ;
#8068 =( LENGTH_UNIT ( ) NAMED_UNIT ( * ) SI_UNIT ( .MILLI., .METRE. ) );
#8069 = PLANE ( 'NONE',  #6197 ) ;
#8070 = ORIENTED_EDGE ( 'NONE', *, *, #3553, .F. ) ;
#8071 = LINE ( 'NONE', #1232, #1768 ) ;
#8072 = PRESENTATION_LAYER_ASSIGNMENT (  '', '', ( #776 ) ) ;
#8073 = ORIENTED_EDGE ( 'NONE', *, *, #4131, .F. ) ;
#8074 = EDGE_LOOP ( 'NONE', ( #1523, #7491, #7644, #8479, #7065, #7517, #7927, #3050 ) ) ;
#8075 = FILL_AREA_STYLE_COLOUR ( '', #7806 ) ;
#8076 = STYLED_ITEM ( 'NONE', ( #6555 ), #3602 ) ;
#8077 = CARTESIAN_POINT ( 'NONE',  ( 1.350000000000000089, -19.83000000000000185, 0.2499999999999998335 ) ) ;
#8078 = CARTESIAN_POINT ( 'NONE',  ( 0.6000000000000000888, -0.1700000000000000122, -0.2999999999999999889 ) ) ;
#8079 =( NAMED_UNIT ( * ) SI_UNIT ( $, .STERADIAN. ) SOLID_ANGLE_UNIT ( ) );
#8080 = DIRECTION ( 'NONE',  ( 0.000000000000000000, 0.000000000000000000, 1.000000000000000000 ) ) ;
#8081 = ORIENTED_EDGE ( 'NONE', *, *, #2996, .F. ) ;
#8082 = COLOUR_RGB ( '',0.6470588235294117974, 0.6196078431372549211, 0.5999999999999999778 ) ;
#8083 = ORIENTED_EDGE ( 'NONE', *, *, #160, .T. ) ;
#8084 = UNCERTAINTY_MEASURE_WITH_UNIT (LENGTH_MEASURE( 1.000000000000000082E-05 ), #1278, 'distance_accuracy_value', 'NONE');
#8085 = FILL_AREA_STYLE ('',( #7697 ) ) ;
#8086 = LINE ( 'NONE', #1343, #2942 ) ;
#8087 =( NAMED_UNIT ( * ) SI_UNIT ( $, .STERADIAN. ) SOLID_ANGLE_UNIT ( ) );
#8088 = ORIENTED_EDGE ( 'NONE', *, *, #1219, .F. ) ;
#8089 = EDGE_CURVE ( 'NONE', #1177, #3892, #4971, .T. ) ;
#8090 = CARTESIAN_POINT ( 'NONE',  ( 0.8000000000000000444, -0.1700000000000000400, -0.2499999999999998890 ) ) ;
#8091 = VERTEX_POINT ( 'NONE', #7653 ) ;
#8092 = DIRECTION ( 'NONE',  ( 0.000000000000000000, 0.000000000000000000, -1.000000000000000000 ) ) ;
#8093 = VECTOR ( 'NONE', #1204, 1000.000000000000000 ) ;
#8094 = PRESENTATION_STYLE_ASSIGNMENT (( #5957 ) ) ;
#8095 =( LENGTH_UNIT ( ) NAMED_UNIT ( * ) SI_UNIT ( .MILLI., .METRE. ) );
#8096 = LINE ( 'NONE', #7381, #2845 ) ;
#8097 =( GEOMETRIC_REPRESENTATION_CONTEXT ( 3 ) GLOBAL_UNCERTAINTY_ASSIGNED_CONTEXT ( ( #4523 ) ) GLOBAL_UNIT_ASSIGNED_CONTEXT ( ( #1961, #657, #2770 ) ) REPRESENTATION_CONTEXT ( 'NONE', 'WORKASPACE' ) );
#8098 = VECTOR ( 'NONE', #683, 1000.000000000000000 ) ;
#8099 = CARTESIAN_POINT ( 'NONE',  ( 1.000000000000000000, -0.1499999999999999389, 0.2799999999999999711 ) ) ;
#8100 = EDGE_CURVE ( 'NONE', #3273, #1349, #3533, .T. ) ;
#8101 = ADVANCED_FACE ( 'NONE', ( #850 ), #2295, .F. ) ;
#8102 = ORIENTED_EDGE ( 'NONE', *, *, #759, .F. ) ;
#8103 = CARTESIAN_POINT ( 'NONE',  ( 2.168404344971008868E-16, 0.1500000000000008271, -0.2795000000000000262 ) ) ;
#8104 = EDGE_CURVE ( 'NONE', #3760, #2354, #8417, .T. ) ;
#8105 = ORIENTED_EDGE ( 'NONE', *, *, #2098, .T. ) ;
#8106 = DIRECTION ( 'NONE',  ( 1.000000000000000000, 0.000000000000000000, 0.000000000000000000 ) ) ;
#8107 = SURFACE_STYLE_USAGE ( .BOTH. , #755 ) ;
#8108 = VECTOR ( 'NONE', #8212, 1000.000000000000000 ) ;
#8109 = CARTESIAN_POINT ( 'NONE',  ( 0.4000000000000000222, 0.1499999999999999667, 0.2499999999999998335 ) ) ;
#8110 = AXIS2_PLACEMENT_3D ( 'NONE', #3800, #8597, #5828 ) ;
#8111 = PRESENTATION_STYLE_ASSIGNMENT (( #6864 ) ) ;
#8112 = DIRECTION ( 'NONE',  ( 1.000000000000000000, -0.000000000000000000, 0.000000000000000000 ) ) ;
#8113 =( NAMED_UNIT ( * ) PLANE_ANGLE_UNIT ( ) SI_UNIT ( $, .RADIAN. ) );
#8114 = EDGE_LOOP ( 'NONE', ( #5422, #6759, #5156, #7835 ) ) ;
#8115 = PRESENTATION_STYLE_ASSIGNMENT (( #4017 ) ) ;
#8116 = ORIENTED_EDGE ( 'NONE', *, *, #4292, .T. ) ;
#8117 = ADVANCED_FACE ( 'NONE', ( #8460 ), #7831, .F. ) ;
#8118 = ORIENTED_EDGE ( 'NONE', *, *, #1922, .F. ) ;
#8119 =( NAMED_UNIT ( * ) PLANE_ANGLE_UNIT ( ) SI_UNIT ( $, .RADIAN. ) );
#8120 = STYLED_ITEM ( 'NONE', ( #5922 ), #1156 ) ;
#8121 = DIRECTION ( 'NONE',  ( 0.000000000000000000, 0.000000000000000000, 1.000000000000000000 ) ) ;
#8122 = CARTESIAN_POINT ( 'NONE',  ( 1.400000000000000133, -0.1500000000000008271, 0.2795000000000000817 ) ) ;
#8123 = DIRECTION ( 'NONE',  ( 1.000000000000000000, -0.000000000000000000, 0.000000000000000000 ) ) ;
#8124 = ORIENTED_EDGE ( 'NONE', *, *, #5689, .F. ) ;
#8125 = ORIENTED_EDGE ( 'NONE', *, *, #8423, .F. ) ;
#8126 =( NAMED_UNIT ( * ) PLANE_ANGLE_UNIT ( ) SI_UNIT ( $, .RADIAN. ) );
#8127 = FACE_OUTER_BOUND ( 'NONE', #2575, .T. ) ;
#8128 = DIRECTION ( 'NONE',  ( 0.000000000000000000, 0.000000000000000000, -1.000000000000000000 ) ) ;
#8129 =( NAMED_UNIT ( * ) SI_UNIT ( $, .STERADIAN. ) SOLID_ANGLE_UNIT ( ) );
#8130 = STYLED_ITEM ( 'NONE', ( #2832 ), #5735 ) ;
#8131 = CARTESIAN_POINT ( 'NONE',  ( 2.168404344971008868E-16, -0.1500000000000008271, -0.1500000000000000222 ) ) ;
#8132 = CARTESIAN_POINT ( 'NONE',  ( 0.000000000000000000, -0.1500000000000000500, -0.2799999999999999711 ) ) ;
#8133 = ORIENTED_EDGE ( 'NONE', *, *, #2899, .T. ) ;
#8134 = DIRECTION ( 'NONE',  ( -0.000000000000000000, 1.000000000000000000, -0.000000000000000000 ) ) ;
#8135 = DIRECTION ( 'NONE',  ( 1.000000000000000000, 0.000000000000000000, 0.000000000000000000 ) ) ;
#8136 = CARTESIAN_POINT ( 'NONE',  ( 0.9700000000000000844, -0.1700000000000000122, -0.2499999999999998890 ) ) ;
#8137 = VECTOR ( 'NONE', #2729, 1000.000000000000000 ) ;
#8138 = DIRECTION ( 'NONE',  ( 0.000000000000000000, 0.000000000000000000, 1.000000000000000000 ) ) ;
#8139 = DIRECTION ( 'NONE',  ( -0.000000000000000000, 1.000000000000000000, -0.000000000000000000 ) ) ;
#8140 = DIRECTION ( 'NONE',  ( 1.000000000000000000, 0.000000000000000000, 0.000000000000000000 ) ) ;
#8141 =( LENGTH_UNIT ( ) NAMED_UNIT ( * ) SI_UNIT ( .MILLI., .METRE. ) );
#8142 = VERTEX_POINT ( 'NONE', #3660 ) ;
#8143 = VECTOR ( 'NONE', #4277, 1000.000000000000000 ) ;
#8144 =( LENGTH_UNIT ( ) NAMED_UNIT ( * ) SI_UNIT ( .MILLI., .METRE. ) );
#8145 = ORIENTED_EDGE ( 'NONE', *, *, #2588, .T. ) ;
#8146 = PRESENTATION_STYLE_ASSIGNMENT (( #3972 ) ) ;
#8147 =( LENGTH_UNIT ( ) NAMED_UNIT ( * ) SI_UNIT ( .MILLI., .METRE. ) );
#8148 = LINE ( 'NONE', #4744, #6677 ) ;
#8149 = EDGE_CURVE ( 'NONE', #4403, #8368, #1125, .T. ) ;
#8150 = EDGE_CURVE ( 'NONE', #519, #7489, #8546, .T. ) ;
#8151 = EDGE_CURVE ( 'NONE', #6144, #7568, #2432, .T. ) ;
#8152 = DIRECTION ( 'NONE',  ( 0.000000000000000000, 0.000000000000000000, -1.000000000000000000 ) ) ;
#8153 = LINE ( 'NONE', #1362, #2343 ) ;
#8154 = ORIENTED_EDGE ( 'NONE', *, *, #3973, .F. ) ;
#8155 = EDGE_LOOP ( 'NONE', ( #3096, #1261, #124, #2527 ) ) ;
#8156 = ORIENTED_EDGE ( 'NONE', *, *, #3777, .F. ) ;
#8157 = UNCERTAINTY_MEASURE_WITH_UNIT (LENGTH_MEASURE( 1.000000000000000082E-05 ), #2360, 'distance_accuracy_value', 'NONE');
#8158 = CARTESIAN_POINT ( 'NONE',  ( 2.168404344971008868E-16, -0.1500000000000008271, -0.2499999999999999445 ) ) ;
#8159 = ADVANCED_FACE ( 'NONE', ( #1656 ), #990, .F. ) ;
#8160 = FILL_AREA_STYLE ('',( #8843 ) ) ;
#8161 = CARTESIAN_POINT ( 'NONE',  ( 1.200000000000000178, -0.1500000000000000500, -0.1499999999999999944 ) ) ;
#8162 = EDGE_CURVE ( 'NONE', #864, #4146, #3348, .T. ) ;
#8163 =( NAMED_UNIT ( * ) PLANE_ANGLE_UNIT ( ) SI_UNIT ( $, .RADIAN. ) );
#8164 = CARTESIAN_POINT ( 'NONE',  ( 2.168404344971008868E-16, -0.1500000000000008271, 0.1499999999999999944 ) ) ;
#8165 = VERTEX_POINT ( 'NONE', #1886 ) ;
#8166 = PRESENTATION_LAYER_ASSIGNMENT (  '', '', ( #4432 ) ) ;
#8167 = ORIENTED_EDGE ( 'NONE', *, *, #6041, .F. ) ;
#8168 = CARTESIAN_POINT ( 'NONE',  ( 2.168404344971008868E-16, 0.1800000000000000766, -0.1499999999999999944 ) ) ;
#8169 = AXIS2_PLACEMENT_3D ( 'NONE', #983, #5768, #2986 ) ;
#8171 = FILL_AREA_STYLE ('',( #5407 ) ) ;
#8170 = AXIS2_PLACEMENT_3D ( 'NONE', #5399, #3499, #2710 ) ;
#8172 = CARTESIAN_POINT ( 'NONE',  ( 0.04999999999999999584, -19.83000000000000185, 0.2499999999999998335 ) ) ;
#8173 = SURFACE_STYLE_FILL_AREA ( #6878 ) ;
#8174 = ORIENTED_EDGE ( 'NONE', *, *, #528, .T. ) ;
#8175 = EDGE_CURVE ( 'NONE', #8380, #2088, #4607, .T. ) ;
#8176 = FACE_OUTER_BOUND ( 'NONE', #4941, .T. ) ;
#8177 = CARTESIAN_POINT ( 'NONE',  ( 0.4299999999999996048, -1.249999999999999112, 0.1499999999999999944 ) ) ;
#8178 = AXIS2_PLACEMENT_3D ( 'NONE', #2447, #2584, #1771 ) ;
#8179 = MECHANICAL_DESIGN_GEOMETRIC_PRESENTATION_REPRESENTATION (  '', ( #6309 ), #5332 ) ;
#8180 = STYLED_ITEM ( 'NONE', ( #5019 ), #2358 ) ;
#8181 = CARTESIAN_POINT ( 'NONE',  ( 1.350000000000000089, -0.1699999999999999289, 0.1499999999999999944 ) ) ;
#8182 = FACE_OUTER_BOUND ( 'NONE', #3711, .T. ) ;
#8183 = VECTOR ( 'NONE', #466, 1000.000000000000000 ) ;
#8184 = ORIENTED_EDGE ( 'NONE', *, *, #7775, .T. ) ;
#8185 = LINE ( 'NONE', #1358, #221 ) ;
#8186 = VECTOR ( 'NONE', #934, 1000.000000000000000 ) ;
#8187 = EDGE_LOOP ( 'NONE', ( #134, #8731, #6066, #8002 ) ) ;
#8188 = SURFACE_SIDE_STYLE ('',( #4102 ) ) ;
#8189 =( NAMED_UNIT ( * ) SI_UNIT ( $, .STERADIAN. ) SOLID_ANGLE_UNIT ( ) );
#8190 = VECTOR ( 'NONE', #6122, 1000.000000000000000 ) ;
#8191 = LINE ( 'NONE', #2067, #6955 ) ;
#8192 = VECTOR ( 'NONE', #5928, 1000.000000000000000 ) ;
#8194 =( LENGTH_UNIT ( ) NAMED_UNIT ( * ) SI_UNIT ( .MILLI., .METRE. ) );
#8193 = VECTOR ( 'NONE', #4751, 1000.000000000000000 ) ;
#8195 = FACE_OUTER_BOUND ( 'NONE', #412, .T. ) ;
#8196 = DIRECTION ( 'NONE',  ( -1.000000000000000000, 0.000000000000000000, 0.000000000000000000 ) ) ;
#8197 = EDGE_LOOP ( 'NONE', ( #961, #7371, #7670, #474 ) ) ;
#8198 = VECTOR ( 'NONE', #8468, 1000.000000000000000 ) ;
#8199 = CARTESIAN_POINT ( 'NONE',  ( -0.04574584690419209593, -19.83000000000000185, -0.2499999999999998890 ) ) ;
#8200 = VERTEX_POINT ( 'NONE', #7338 ) ;
#8201 = EDGE_CURVE ( 'NONE', #4125, #1651, #1843, .T. ) ;
#8202 = ADVANCED_FACE ( 'NONE', ( #3967 ), #5247, .F. ) ;
#8203 = VERTEX_POINT ( 'NONE', #2610 ) ;
#8204 = LINE ( 'NONE', #3447, #3334 ) ;
#8205 = CARTESIAN_POINT ( 'NONE',  ( 2.168404344971008868E-16, 0.1500000000000008271, 0.2795000000000000817 ) ) ;
#8206 = LINE ( 'NONE', #6193, #4287 ) ;
#8207 = COLOUR_RGB ( '',0.7921568627450980005, 0.8196078431372548767, 0.9333333333333333481 ) ;
#8208 = DIRECTION ( 'NONE',  ( -1.000000000000000000, 0.000000000000000000, -0.000000000000000000 ) ) ;
#8209 = ORIENTED_EDGE ( 'NONE', *, *, #1331, .F. ) ;
#8210 = EDGE_CURVE ( 'NONE', #6160, #2350, #4651, .T. ) ;
#8211 = VERTEX_POINT ( 'NONE', #8780 ) ;
#8212 = DIRECTION ( 'NONE',  ( 0.000000000000000000, 1.000000000000000000, 0.000000000000000000 ) ) ;
#8213 = EDGE_CURVE ( 'NONE', #2633, #5709, #2655, .T. ) ;
#8214 = DIRECTION ( 'NONE',  ( 1.000000000000000000, 0.000000000000000000, -0.000000000000000000 ) ) ;
#8215 = DIRECTION ( 'NONE',  ( 0.000000000000000000, -0.000000000000000000, -1.000000000000000000 ) ) ;
#8216 =( NAMED_UNIT ( * ) PLANE_ANGLE_UNIT ( ) SI_UNIT ( $, .RADIAN. ) );
#8217 = VECTOR ( 'NONE', #1948, 1000.000000000000000 ) ;
#8218 = ORIENTED_EDGE ( 'NONE', *, *, #3921, .T. ) ;
#8219 = FILL_AREA_STYLE ('',( #4091 ) ) ;
#8220 = DIRECTION ( 'NONE',  ( -1.000000000000000000, -0.000000000000000000, -0.000000000000000000 ) ) ;
#8221 = FILL_AREA_STYLE_COLOUR ( '', #5104 ) ;
#8222 = VECTOR ( 'NONE', #8139, 1000.000000000000000 ) ;
#8223 = PLANE ( 'NONE',  #2019 ) ;
#8224 = LINE ( 'NONE', #4911, #1365 ) ;
#8225 = LINE ( 'NONE', #3559, #8043 ) ;
#8226 =( LENGTH_UNIT ( ) NAMED_UNIT ( * ) SI_UNIT ( .MILLI., .METRE. ) );
#8227 = MECHANICAL_DESIGN_GEOMETRIC_PRESENTATION_REPRESENTATION (  '', ( #5952 ), #3369 ) ;
#8228 = ORIENTED_EDGE ( 'NONE', *, *, #1629, .F. ) ;
#8229 = PRESENTATION_STYLE_ASSIGNMENT (( #5459 ) ) ;
#8230 = AXIS2_PLACEMENT_3D ( 'NONE', #1723, #4438, #5088 ) ;
#8231 = VERTEX_POINT ( 'NONE', #2691 ) ;
#8232 = LINE ( 'NONE', #8281, #5133 ) ;
#8233 =( NAMED_UNIT ( * ) SI_UNIT ( $, .STERADIAN. ) SOLID_ANGLE_UNIT ( ) );
#8234 = STYLED_ITEM ( 'NONE', ( #6696 ), #927 ) ;
#8235 = FACE_OUTER_BOUND ( 'NONE', #2398, .T. ) ;
#8236 = PRESENTATION_LAYER_ASSIGNMENT (  '', '', ( #3236 ) ) ;
#8237 = CARTESIAN_POINT ( 'NONE',  ( 1.230000000000000204, 0.1500000000000008271, -0.1499999999999999944 ) ) ;
#8238 = SURFACE_SIDE_STYLE ('',( #6064 ) ) ;
#8239 =( LENGTH_UNIT ( ) NAMED_UNIT ( * ) SI_UNIT ( .MILLI., .METRE. ) );
#8240 = ORIENTED_EDGE ( 'NONE', *, *, #6410, .F. ) ;
#8241 = EDGE_LOOP ( 'NONE', ( #4936, #3116, #6774, #2956 ) ) ;
#8242 = VECTOR ( 'NONE', #3554, 1000.000000000000000 ) ;
#8243 = CARTESIAN_POINT ( 'NONE',  ( 1.350000000000000089, 0.1700000000000000122, -0.06916666666666670960 ) ) ;
#8244 = COLOUR_RGB ( '',0.6470588235294117974, 0.6196078431372549211, 0.5999999999999999778 ) ;
#8245 = SURFACE_SIDE_STYLE ('',( #5945 ) ) ;
#8246 = FILL_AREA_STYLE ('',( #2914 ) ) ;
#8247 = PLANE ( 'NONE',  #306 ) ;
#8248 = UNCERTAINTY_MEASURE_WITH_UNIT (LENGTH_MEASURE( 1.000000000000000082E-05 ), #8147, 'distance_accuracy_value', 'NONE');
#8249 = CARTESIAN_POINT ( 'NONE',  ( 0.5699999999999995071, -1.249999999999999112, 0.1499999999999999944 ) ) ;
#8250 = VECTOR ( 'NONE', #5308, 1000.000000000000000 ) ;
#8251 = SURFACE_STYLE_FILL_AREA ( #6314 ) ;
#8252 = STYLED_ITEM ( 'NONE', ( #5648 ), #6948 ) ;
#8253 = ORIENTED_EDGE ( 'NONE', *, *, #8764, .T. ) ;
#8254 = ORIENTED_EDGE ( 'NONE', *, *, #6852, .T. ) ;
#8255 = CARTESIAN_POINT ( 'NONE',  ( 0.04999999999999999584, -0.1700000000000000122, -0.2999999999999999889 ) ) ;
#8256 = EDGE_CURVE ( 'NONE', #7406, #7678, #1355, .T. ) ;
#8257 = ADVANCED_FACE ( 'NONE', ( #3165 ), #42, .F. ) ;
#8258 = EDGE_CURVE ( 'NONE', #3267, #7574, #7639, .T. ) ;
#8259 =( NAMED_UNIT ( * ) PLANE_ANGLE_UNIT ( ) SI_UNIT ( $, .RADIAN. ) );
#8260 = DIRECTION ( 'NONE',  ( -1.000000000000000000, -0.000000000000000000, -0.000000000000000000 ) ) ;
#8261 = DIRECTION ( 'NONE',  ( 0.000000000000000000, 0.000000000000000000, -1.000000000000000000 ) ) ;
#8262 = DIRECTION ( 'NONE',  ( 1.000000000000000000, 0.000000000000000000, -0.000000000000000000 ) ) ;
#8263 = VECTOR ( 'NONE', #6563, 1000.000000000000000 ) ;
#8264 = ORIENTED_EDGE ( 'NONE', *, *, #7269, .F. ) ;
#8265 = STYLED_ITEM ( 'NONE', ( #3592 ), #5511 ) ;
#8266 = CARTESIAN_POINT ( 'NONE',  ( 0.9699999999999991962, 0.1500000000000008271, 0.2499999999999998890 ) ) ;
#8267 =( NAMED_UNIT ( * ) SI_UNIT ( $, .STERADIAN. ) SOLID_ANGLE_UNIT ( ) );
#8268 = VERTEX_POINT ( 'NONE', #1518 ) ;
#8269 = DIRECTION ( 'NONE',  ( 1.000000000000000000, 0.000000000000000000, 0.000000000000000000 ) ) ;
#8270 = VECTOR ( 'NONE', #501, 1000.000000000000000 ) ;
#8271 = CARTESIAN_POINT ( 'NONE',  ( 0.8299999999999999600, 0.1500000000000008271, -0.1499999999999999944 ) ) ;
#8272 = DIRECTION ( 'NONE',  ( 0.000000000000000000, 1.000000000000000000, 0.000000000000000000 ) ) ;
#8273 = EDGE_CURVE ( 'NONE', #1669, #8506, #3521, .T. ) ;
#8274 = CARTESIAN_POINT ( 'NONE',  ( 0.1700000000000000122, -0.1700000000000000122, -0.2999999999999999889 ) ) ;
#8275 = UNCERTAINTY_MEASURE_WITH_UNIT (LENGTH_MEASURE( 1.000000000000000082E-05 ), #2492, 'distance_accuracy_value', 'NONE');
#8276 = VERTEX_POINT ( 'NONE', #842 ) ;
#8277 = LINE ( 'NONE', #4873, #2542 ) ;
#8278 = VECTOR ( 'NONE', #746, 1000.000000000000000 ) ;
#8279 = EDGE_LOOP ( 'NONE', ( #2341, #7736, #1925, #2324 ) ) ;
#8280 = FILL_AREA_STYLE_COLOUR ( '', #5189 ) ;
#8281 = CARTESIAN_POINT ( 'NONE',  ( 0.9699999999999991962, -1.249999999999999112, 0.1499999999999999944 ) ) ;
#8282 = CARTESIAN_POINT ( 'NONE',  ( 0.6000000000000000888, -0.1699999999999999012, 0.2999999999999999889 ) ) ;
#8283 = CARTESIAN_POINT ( 'NONE',  ( 2.168404344971008868E-16, 0.1700000000000000122, -0.06916666666666670960 ) ) ;
#8284 = COLOUR_RGB ( '',0.6470588235294117974, 0.6196078431372549211, 0.5999999999999999778 ) ;
#8285 =( NAMED_UNIT ( * ) SI_UNIT ( $, .STERADIAN. ) SOLID_ANGLE_UNIT ( ) );
#8286 = FACE_OUTER_BOUND ( 'NONE', #7144, .T. ) ;
#8287 = LINE ( 'NONE', #3488, #8038 ) ;
#8288 = PRESENTATION_LAYER_ASSIGNMENT (  '', '', ( #4714 ) ) ;
#8289 = ORIENTED_EDGE ( 'NONE', *, *, #4975, .F. ) ;
#8290 = ORIENTED_EDGE ( 'NONE', *, *, #1001, .F. ) ;
#8291 = CARTESIAN_POINT ( 'NONE',  ( 0.8000000000000000444, 0.1700000000000000122, -0.2499999999999998890 ) ) ;
#8292 = CARTESIAN_POINT ( 'NONE',  ( 0.9700000000000000844, 0.1500000000000008271, -0.2499999999999998335 ) ) ;
#8293 = PRESENTATION_LAYER_ASSIGNMENT (  '', '', ( #3283 ) ) ;
#8294 = CARTESIAN_POINT ( 'NONE',  ( 0.9700000000000000844, -0.1500000000000000500, -0.1499999999999999944 ) ) ;
#8295 = SURFACE_STYLE_FILL_AREA ( #8246 ) ;
#8296 = LINE ( 'NONE', #4890, #1699 ) ;
#8297 = CARTESIAN_POINT ( 'NONE',  ( 1.350000000000000089, -19.83000000000000185, 0.2499999999999998335 ) ) ;
#8298 = DIRECTION ( 'NONE',  ( 0.000000000000000000, 1.000000000000000000, 0.000000000000000000 ) ) ;
#8299 = ORIENTED_EDGE ( 'NONE', *, *, #3706, .F. ) ;
#8300 = ORIENTED_EDGE ( 'NONE', *, *, #6959, .T. ) ;
#8301 = CARTESIAN_POINT ( 'NONE',  ( 1.350000000000000089, -0.1500000000000000500, -0.2499999999999998890 ) ) ;
#8302 = SURFACE_SIDE_STYLE ('',( #4901 ) ) ;
#8303 = PLANE ( 'NONE',  #4980 ) ;
#8304 = CARTESIAN_POINT ( 'NONE',  ( 0.7999999999999991562, 0.1500000000000008271, 0.2499999999999998890 ) ) ;
#8305 = MECHANICAL_DESIGN_GEOMETRIC_PRESENTATION_REPRESENTATION (  '', ( #152 ), #3148 ) ;
#8306 = ORIENTED_EDGE ( 'NONE', *, *, #8210, .F. ) ;
#8307 = STYLED_ITEM ( 'NONE', ( #894 ), #2634 ) ;
#8308 =( LENGTH_UNIT ( ) NAMED_UNIT ( * ) SI_UNIT ( .MILLI., .METRE. ) );
#8309 = EDGE_CURVE ( 'NONE', #8421, #4042, #4870, .T. ) ;
#8310 = ADVANCED_FACE ( 'NONE', ( #3560 ), #5550, .F. ) ;
#8311 = SURFACE_STYLE_FILL_AREA ( #8357 ) ;
#8312 = SURFACE_STYLE_FILL_AREA ( #2976 ) ;
#8313 = MECHANICAL_DESIGN_GEOMETRIC_PRESENTATION_REPRESENTATION (  '', ( #3626 ), #4437 ) ;
#8314 = CARTESIAN_POINT ( 'NONE',  ( 0.1999999999999996503, 0.1500000000000008271, 0.2499999999999998890 ) ) ;
#8315 = SURFACE_STYLE_FILL_AREA ( #4176 ) ;
#8316 = STYLED_ITEM ( 'NONE', ( #969 ), #2147 ) ;
#8317 = FACE_OUTER_BOUND ( 'NONE', #5929, .T. ) ;
#8318 =( NAMED_UNIT ( * ) SI_UNIT ( $, .STERADIAN. ) SOLID_ANGLE_UNIT ( ) );
#8319 = PRESENTATION_LAYER_ASSIGNMENT (  '', '', ( #166 ) ) ;
#8320 = ORIENTED_EDGE ( 'NONE', *, *, #5913, .F. ) ;
#8321 = EDGE_CURVE ( 'NONE', #4483, #1008, #5457, .T. ) ;
#8322 = VERTEX_POINT ( 'NONE', #3430 ) ;
#8323 = VECTOR ( 'NONE', #7566, 1000.000000000000000 ) ;
#8324 = LINE ( 'NONE', #1524, #3460 ) ;
#8325 = LINE ( 'NONE', #7729, #3943 ) ;
#8326 = COLOUR_RGB ( '',0.1019607843137254888, 0.1019607843137254888, 0.1019607843137254888 ) ;
#8327 = PRESENTATION_LAYER_ASSIGNMENT (  '', '', ( #739 ) ) ;
#8328 = CARTESIAN_POINT ( 'NONE',  ( 0.9700000000000000844, 0.1499999999999999667, 0.2799999999999999711 ) ) ;
#8329 = VECTOR ( 'NONE', #8615, 1000.000000000000000 ) ;
#8330 =( NAMED_UNIT ( * ) PLANE_ANGLE_UNIT ( ) SI_UNIT ( $, .RADIAN. ) );
#8331 =( GEOMETRIC_REPRESENTATION_CONTEXT ( 3 ) GLOBAL_UNCERTAINTY_ASSIGNED_CONTEXT ( ( #3373 ) ) GLOBAL_UNIT_ASSIGNED_CONTEXT ( ( #4794, #3526, #2155 ) ) REPRESENTATION_CONTEXT ( 'NONE', 'WORKASPACE' ) );
#8332 = VECTOR ( 'NONE', #1396, 1000.000000000000000 ) ;
#8333 = ORIENTED_EDGE ( 'NONE', *, *, #8424, .T. ) ;
#8334 = COLOUR_RGB ( '',0.6470588235294117974, 0.6196078431372549211, 0.5999999999999999778 ) ;
#8335 = ORIENTED_EDGE ( 'NONE', *, *, #6514, .T. ) ;
#8336 = LINE ( 'NONE', #2866, #6039 ) ;
#8337 = MECHANICAL_DESIGN_GEOMETRIC_PRESENTATION_REPRESENTATION (  '', ( #3330 ), #5058 ) ;
#8338 = VECTOR ( 'NONE', #6234, 1000.000000000000000 ) ;
#8339 = FACE_OUTER_BOUND ( 'NONE', #5320, .T. ) ;
#8340 = AXIS2_PLACEMENT_3D ( 'NONE', #2508, #5228, #5309 ) ;
#8341 = LINE ( 'NONE', #7746, #731 ) ;
#8342 = DIRECTION ( 'NONE',  ( -1.000000000000000000, -0.000000000000000000, -0.000000000000000000 ) ) ;
#8343 = CARTESIAN_POINT ( 'NONE',  ( 0.8299999999999999600, 0.1500000000000008271, -0.2499999999999998890 ) ) ;
#8344 = EDGE_LOOP ( 'NONE', ( #5130, #1674, #4866, #2620 ) ) ;
#8345 = AXIS2_PLACEMENT_3D ( 'NONE', #5639, #5595, #8196 ) ;
#8346 = DIRECTION ( 'NONE',  ( 0.000000000000000000, 0.000000000000000000, -1.000000000000000000 ) ) ;
#8347 = EDGE_LOOP ( 'NONE', ( #3979, #4284, #6595, #4371 ) ) ;
#8348 = MECHANICAL_DESIGN_GEOMETRIC_PRESENTATION_REPRESENTATION (  '', ( #2772 ), #2642 ) ;
#8349 = VERTEX_POINT ( 'NONE', #4835 ) ;
#8350 = DIRECTION ( 'NONE',  ( 0.000000000000000000, 0.000000000000000000, -1.000000000000000000 ) ) ;
#8351 = UNCERTAINTY_MEASURE_WITH_UNIT (LENGTH_MEASURE( 1.000000000000000082E-05 ), #5159, 'distance_accuracy_value', 'NONE');
#8352 = CARTESIAN_POINT ( 'NONE',  ( 1.154254153095808144, -19.83000000000000185, 0.2499999999999998335 ) ) ;
#8353 = LINE ( 'NONE', #785, #8759 ) ;
#8354 = PRESENTATION_STYLE_ASSIGNMENT (( #7582 ) ) ;
#8355 = ORIENTED_EDGE ( 'NONE', *, *, #538, .T. ) ;
#8356 = CARTESIAN_POINT ( 'NONE',  ( 0.5999999999999996447, -1.249999999999999112, 0.2499999999999998890 ) ) ;
#8357 = FILL_AREA_STYLE ('',( #6209 ) ) ;
#8358 = LINE ( 'NONE', #1514, #20 ) ;
#8359 = CARTESIAN_POINT ( 'NONE',  ( 1.000000000000000000, 0.1700000000000000122, -0.06916666666666672347 ) ) ;
#8360 = VECTOR ( 'NONE', #5883, 1000.000000000000000 ) ;
#8361 = DIRECTION ( 'NONE',  ( 1.000000000000000000, 0.000000000000000000, 0.000000000000000000 ) ) ;
#8362 = ADVANCED_FACE ( 'NONE', ( #6169 ), #665, .F. ) ;
#8363 = EDGE_CURVE ( 'NONE', #7385, #8840, #7777, .T. ) ;
#8364 = CARTESIAN_POINT ( 'NONE',  ( 0.6000000000000000888, 0.1499999999999999667, 0.2799999999999999711 ) ) ;
#8365 = ORIENTED_EDGE ( 'NONE', *, *, #8646, .T. ) ;
#8366 = ORIENTED_EDGE ( 'NONE', *, *, #3920, .F. ) ;
#8367 = CARTESIAN_POINT ( 'NONE',  ( 0.000000000000000000, 0.1700000000000000122, 0.2499999999999998335 ) ) ;
#8368 = VERTEX_POINT ( 'NONE', #5673 ) ;
#8369 = MECHANICAL_DESIGN_GEOMETRIC_PRESENTATION_REPRESENTATION (  '', ( #5507 ), #3496 ) ;
#8370 = CARTESIAN_POINT ( 'NONE',  ( 0.2000000000000000111, -0.1699999999999999012, 0.2499999999999998335 ) ) ;
#8371 = FACE_OUTER_BOUND ( 'NONE', #4338, .T. ) ;
#8372 = FILL_AREA_STYLE_COLOUR ( '', #8678 ) ;
#8373 = PRESENTATION_STYLE_ASSIGNMENT (( #638 ) ) ;
#8374 = CARTESIAN_POINT ( 'NONE',  ( 0.4286715151571738880, -1.249999999999999112, 0.2499999999999998890 ) ) ;
#8375 = EDGE_CURVE ( 'NONE', #7686, #2572, #6339, .T. ) ;
#8376 = EDGE_CURVE ( 'NONE', #2362, #4161, #7139, .T. ) ;
#8377 = LINE ( 'NONE', #806, #1902 ) ;
#8378 = EDGE_CURVE ( 'NONE', #457, #7282, #6429, .T. ) ;
#8379 = DIRECTION ( 'NONE',  ( 1.000000000000000000, 0.000000000000000000, 0.000000000000000000 ) ) ;
#8380 = VERTEX_POINT ( 'NONE', #3781 ) ;
#8381 = ORIENTED_EDGE ( 'NONE', *, *, #7871, .F. ) ;
#8382 = AXIS2_PLACEMENT_3D ( 'NONE', #46, #2110, #4837 ) ;
#8383 = FILL_AREA_STYLE_COLOUR ( '', #5601 ) ;
#8384 =( NAMED_UNIT ( * ) SI_UNIT ( $, .STERADIAN. ) SOLID_ANGLE_UNIT ( ) );
#8385 = PRESENTATION_LAYER_ASSIGNMENT (  '', '', ( #6104 ) ) ;
#8386 =( GEOMETRIC_REPRESENTATION_CONTEXT ( 3 ) GLOBAL_UNCERTAINTY_ASSIGNED_CONTEXT ( ( #373 ) ) GLOBAL_UNIT_ASSIGNED_CONTEXT ( ( #7899, #5886, #6511 ) ) REPRESENTATION_CONTEXT ( 'NONE', 'WORKASPACE' ) );
#8387 = DIRECTION ( 'NONE',  ( 0.000000000000000000, 0.000000000000000000, 1.000000000000000000 ) ) ;
#8388 = DIRECTION ( 'NONE',  ( 0.000000000000000000, -1.807003620809174139E-16, -1.000000000000000000 ) ) ;
#8389 = CARTESIAN_POINT ( 'NONE',  ( 1.380000000000000115, 0.1500000000000000222, -0.06916666666666672347 ) ) ;
#8390 = LINE ( 'NONE', #823, #3608 ) ;
#8391 = ORIENTED_EDGE ( 'NONE', *, *, #7757, .T. ) ;
#8392 = CLOSED_SHELL ( 'NONE', ( #8159, #339, #1492, #4913, #3997, #1654, #7015, #3551, #4991, #4487, #8202, #868, #4819, #1090, #2549, #7706, #3056, #1145 ) ) ;
#8393 = EDGE_CURVE ( 'NONE', #7585, #3722, #5850, .T. ) ;
#8394 = VECTOR ( 'NONE', #7904, 1000.000000000000000 ) ;
#8395 = EDGE_LOOP ( 'NONE', ( #5767, #3758, #2376, #4679 ) ) ;
#8396 = AXIS2_PLACEMENT_3D ( 'NONE', #8282, #4923, #757 ) ;
#8397 = ORIENTED_EDGE ( 'NONE', *, *, #6565, .F. ) ;
#8398 = FILL_AREA_STYLE_COLOUR ( '', #5662 ) ;
#8399 = DIRECTION ( 'NONE',  ( 0.000000000000000000, -1.000000000000000000, 0.000000000000000000 ) ) ;
#8400 = FILL_AREA_STYLE ('',( #6921 ) ) ;
#8401 = ORIENTED_EDGE ( 'NONE', *, *, #6331, .F. ) ;
#8402 = CARTESIAN_POINT ( 'NONE',  ( 1.380000000000000115, 0.000000000000000000, 0.000000000000000000 ) ) ;
#8403 = LINE ( 'NONE', #3776, #8394 ) ;
#8404 = PRESENTATION_STYLE_ASSIGNMENT (( #3109 ) ) ;
#8405 = LINE ( 'NONE', #7859, #2066 ) ;
#8406 = PLANE ( 'NONE',  #3743 ) ;
#8407 = FILL_AREA_STYLE_COLOUR ( '', #8426 ) ;
#8408 = ORIENTED_EDGE ( 'NONE', *, *, #4926, .T. ) ;
#8409 = EDGE_LOOP ( 'NONE', ( #8839, #1615, #7049, #1680 ) ) ;
#8410 = CARTESIAN_POINT ( 'NONE',  ( 1.400000000000000133, -0.1700000000000000400, -0.1499999999999999944 ) ) ;
#8411 = ORIENTED_EDGE ( 'NONE', *, *, #660, .T. ) ;
#8412 = CARTESIAN_POINT ( 'NONE',  ( 0.3999999999999995226, -1.249999999999999112, 0.2795000000000000262 ) ) ;
#8413 = CARTESIAN_POINT ( 'NONE',  ( 1.000000000000000000, -0.1499999999999999389, 0.2499999999999998335 ) ) ;
#8414 =( NAMED_UNIT ( * ) PLANE_ANGLE_UNIT ( ) SI_UNIT ( $, .RADIAN. ) );
#8415 = DIRECTION ( 'NONE',  ( 0.01328367628056957572, 0.000000000000000000, -0.9999117680798007557 ) ) ;
#8416 = LINE ( 'NONE', #3150, #4014 ) ;
#8417 = LINE ( 'NONE', #7250, #4630 ) ;
#8418 = VECTOR ( 'NONE', #4580, 1000.000000000000000 ) ;
#8419 = ORIENTED_EDGE ( 'NONE', *, *, #447, .F. ) ;
#8420 = FILL_AREA_STYLE_COLOUR ( '', #2461 ) ;
#8421 = VERTEX_POINT ( 'NONE', #4314 ) ;
#8422 = SURFACE_STYLE_FILL_AREA ( #3754 ) ;
#8423 = EDGE_CURVE ( 'NONE', #1705, #537, #5005, .T. ) ;
#8424 = EDGE_CURVE ( 'NONE', #1357, #7559, #1019, .T. ) ;
#8425 = LINE ( 'NONE', #6986, #1859 ) ;
#8426 = COLOUR_RGB ( '',0.6470588235294117974, 0.6196078431372549211, 0.5999999999999999778 ) ;
#8427 = FACE_OUTER_BOUND ( 'NONE', #2621, .T. ) ;
#8428 = DIRECTION ( 'NONE',  ( -0.000000000000000000, -0.000000000000000000, 1.000000000000000000 ) ) ;
#8429 = PLANE ( 'NONE',  #3970 ) ;
#8430 = CARTESIAN_POINT ( 'NONE',  ( 0.4000000000000000222, -0.1499999999999999389, 0.2799999999999999711 ) ) ;
#8431 = ORIENTED_EDGE ( 'NONE', *, *, #5371, .T. ) ;
#8432 = ORIENTED_EDGE ( 'NONE', *, *, #1037, .T. ) ;
#8433 = ORIENTED_EDGE ( 'NONE', *, *, #7940, .F. ) ;
#8434 = EDGE_CURVE ( 'NONE', #4286, #1495, #3067, .T. ) ;
#8435 =( LENGTH_UNIT ( ) NAMED_UNIT ( * ) SI_UNIT ( .MILLI., .METRE. ) );
#8436 = EDGE_CURVE ( 'NONE', #3892, #390, #211, .T. ) ;
#8437 = UNCERTAINTY_MEASURE_WITH_UNIT (LENGTH_MEASURE( 1.000000000000000082E-05 ), #3089, 'distance_accuracy_value', 'NONE');
#8438 = PLANE ( 'NONE',  #5501 ) ;
#8439 = ORIENTED_EDGE ( 'NONE', *, *, #8700, .F. ) ;
#8440 = UNCERTAINTY_MEASURE_WITH_UNIT (LENGTH_MEASURE( 1.000000000000000082E-05 ), #5376, 'distance_accuracy_value', 'NONE');
#8441 = SURFACE_STYLE_FILL_AREA ( #3058 ) ;
#8442 = ORIENTED_EDGE ( 'NONE', *, *, #7661, .F. ) ;
#8443 = FACE_OUTER_BOUND ( 'NONE', #1877, .T. ) ;
#8444 = CARTESIAN_POINT ( 'NONE',  ( 1.400000000000000133, 0.1500000000000000222, -0.06916666666666672347 ) ) ;
#8445 = CARTESIAN_POINT ( 'NONE',  ( 0.4300000000000000488, -0.1499999999999999389, 0.1499999999999999944 ) ) ;
#8446 =( NAMED_UNIT ( * ) PLANE_ANGLE_UNIT ( ) SI_UNIT ( $, .RADIAN. ) );
#8447 = LINE ( 'NONE', #7914, #2891 ) ;
#8448 = EDGE_LOOP ( 'NONE', ( #5597, #5852, #4620, #1588, #8837, #1194, #4667, #8738 ) ) ;
#8449 = ORIENTED_EDGE ( 'NONE', *, *, #6853, .T. ) ;
#8450 = DIRECTION ( 'NONE',  ( -1.000000000000000000, 0.000000000000000000, -0.000000000000000000 ) ) ;
#8451 =( GEOMETRIC_REPRESENTATION_CONTEXT ( 3 ) GLOBAL_UNCERTAINTY_ASSIGNED_CONTEXT ( ( #5240 ) ) GLOBAL_UNIT_ASSIGNED_CONTEXT ( ( #6211, #792, #5545 ) ) REPRESENTATION_CONTEXT ( 'NONE', 'WORKASPACE' ) );
#8452 = EDGE_LOOP ( 'NONE', ( #3245, #3168, #1908, #7724 ) ) ;
#8453 = PLANE ( 'NONE',  #8169 ) ;
#8454 = LINE ( 'NONE', #7647, #2399 ) ;
#8455 = PRESENTATION_LAYER_ASSIGNMENT (  '', '', ( #7878 ) ) ;
#8456 = CARTESIAN_POINT ( 'NONE',  ( 2.168404344971008868E-16, -0.1500000000000008271, -0.2795000000000000262 ) ) ;
#8457 =( NAMED_UNIT ( * ) PLANE_ANGLE_UNIT ( ) SI_UNIT ( $, .RADIAN. ) );
#8458 = LINE ( 'NONE', #6980, #5606 ) ;
#8459 = COLOUR_RGB ( '',0.6470588235294117974, 0.6196078431372549211, 0.5999999999999999778 ) ;
#8460 = FACE_OUTER_BOUND ( 'NONE', #4439, .T. ) ;
#8461 = ORIENTED_EDGE ( 'NONE', *, *, #2899, .F. ) ;
#8462 = DIRECTION ( 'NONE',  ( 0.000000000000000000, 0.000000000000000000, -1.000000000000000000 ) ) ;
#8463 = VERTEX_POINT ( 'NONE', #3023 ) ;
#8464 = CARTESIAN_POINT ( 'NONE',  ( 0.02000000000000021899, 0.1500000000000000222, -0.06916666666666672347 ) ) ;
#8465 = CARTESIAN_POINT ( 'NONE',  ( 0.6000000000000000888, -0.1499999999999999389, 0.2499999999999998335 ) ) ;
#8466 = VECTOR ( 'NONE', #6131, 1000.000000000000000 ) ;
#8467 = DIRECTION ( 'NONE',  ( 0.000000000000000000, 0.000000000000000000, 1.000000000000000000 ) ) ;
#8468 = DIRECTION ( 'NONE',  ( -1.000000000000000000, -0.000000000000000000, -0.000000000000000000 ) ) ;
#8469 = PRESENTATION_LAYER_ASSIGNMENT (  '', '', ( #172 ) ) ;
#8470 = SURFACE_STYLE_USAGE ( .BOTH. , #7745 ) ;
#8471 = DIRECTION ( 'NONE',  ( -0.000000000000000000, 1.000000000000000000, -0.000000000000000000 ) ) ;
#8472 = EDGE_CURVE ( 'NONE', #4125, #8017, #8537, .T. ) ;
#8473 = EDGE_CURVE ( 'NONE', #1669, #1844, #7722, .T. ) ;
#8474 = ORIENTED_EDGE ( 'NONE', *, *, #3934, .F. ) ;
#8475 = VECTOR ( 'NONE', #6288, 1000.000000000000000 ) ;
#8476 = FACE_OUTER_BOUND ( 'NONE', #4266, .T. ) ;
#8477 = VERTEX_POINT ( 'NONE', #1690 ) ;
#8478 = VECTOR ( 'NONE', #832, 1000.000000000000000 ) ;
#8479 = ORIENTED_EDGE ( 'NONE', *, *, #2028, .T. ) ;
#8480 = VECTOR ( 'NONE', #567, 1000.000000000000000 ) ;
#8481 = STYLED_ITEM ( 'NONE', ( #3114 ), #8517 ) ;
#8482 = COLOUR_RGB ( '',0.6470588235294117974, 0.6196078431372549211, 0.5999999999999999778 ) ;
#8483 = LINE ( 'NONE', #1059, #329 ) ;
#8484 = EDGE_CURVE ( 'NONE', #6857, #3220, #8447, .T. ) ;
#8485 = ORIENTED_EDGE ( 'NONE', *, *, #6133, .F. ) ;
#8486 = EDGE_CURVE ( 'NONE', #311, #5244, #3688, .T. ) ;
#8487 = DIRECTION ( 'NONE',  ( -1.000000000000000000, -0.000000000000000000, -0.000000000000000000 ) ) ;
#8488 =( NAMED_UNIT ( * ) PLANE_ANGLE_UNIT ( ) SI_UNIT ( $, .RADIAN. ) );
#8489 = VECTOR ( 'NONE', #1970, 1000.000000000000000 ) ;
#8490 = DIRECTION ( 'NONE',  ( -1.000000000000000000, 0.000000000000000000, 0.000000000000000000 ) ) ;
#8491 = FACE_OUTER_BOUND ( 'NONE', #8241, .T. ) ;
#8492 = CARTESIAN_POINT ( 'NONE',  ( 0.8000000000000000444, -0.1500000000000008271, -0.2499999999999998890 ) ) ;
#8493 = VECTOR ( 'NONE', #3779, 1000.000000000000000 ) ;
#8494 = CARTESIAN_POINT ( 'NONE',  ( 0.8299999999999999600, -0.1500000000000008271, -0.2499999999999998890 ) ) ;
#8495 = ORIENTED_EDGE ( 'NONE', *, *, #8811, .T. ) ;
#8496 = EDGE_CURVE ( 'NONE', #2604, #7500, #4263, .T. ) ;
#8497 = VERTEX_POINT ( 'NONE', #5760 ) ;
#8498 = LINE ( 'NONE', #4964, #1808 ) ;
#8499 = EDGE_CURVE ( 'NONE', #636, #8368, #8573, .T. ) ;
#8500 = PLANE ( 'NONE',  #7137 ) ;
#8501 = ORIENTED_EDGE ( 'NONE', *, *, #3388, .T. ) ;
#8502 = FILL_AREA_STYLE_COLOUR ( '', #3164 ) ;
#8503 = DIRECTION ( 'NONE',  ( 0.000000000000000000, 0.000000000000000000, -1.000000000000000000 ) ) ;
#8504 =( NAMED_UNIT ( * ) SI_UNIT ( $, .STERADIAN. ) SOLID_ANGLE_UNIT ( ) );
#8505 = PRESENTATION_LAYER_ASSIGNMENT (  '', '', ( #2662 ) ) ;
#8506 = VERTEX_POINT ( 'NONE', #8494 ) ;
#8507 = ORIENTED_EDGE ( 'NONE', *, *, #4200, .T. ) ;
#8508 = LINE ( 'NONE', #5073, #7030 ) ;
#8509 = PRESENTATION_STYLE_ASSIGNMENT (( #4571 ) ) ;
#8510 = DIRECTION ( 'NONE',  ( 0.9999117680798007557, 0.000000000000000000, -0.01328367628057065992 ) ) ;
#8511 = CARTESIAN_POINT ( 'NONE',  ( 0.2000000000000000111, -0.1500000000000000500, -0.1499999999999999944 ) ) ;
#8512 = EDGE_LOOP ( 'NONE', ( #5761, #579, #4246, #3802, #8254, #2233, #1048, #8507 ) ) ;
#8513 = LINE ( 'NONE', #7979, #6917 ) ;
#8514 = VERTEX_POINT ( 'NONE', #1733 ) ;
#8515 = VERTEX_POINT ( 'NONE', #3606 ) ;
#8516 =( LENGTH_UNIT ( ) NAMED_UNIT ( * ) SI_UNIT ( .MILLI., .METRE. ) );
#8517 = MANIFOLD_SOLID_BREP ( 'Body-Move/Copy1[1]', #91 ) ;
#8518 = UNCERTAINTY_MEASURE_WITH_UNIT (LENGTH_MEASURE( 1.000000000000000082E-05 ), #3243, 'distance_accuracy_value', 'NONE');
#8519 =( NAMED_UNIT ( * ) PLANE_ANGLE_UNIT ( ) SI_UNIT ( $, .RADIAN. ) );
#8520 =( NAMED_UNIT ( * ) SI_UNIT ( $, .STERADIAN. ) SOLID_ANGLE_UNIT ( ) );
#8521 =( GEOMETRIC_REPRESENTATION_CONTEXT ( 3 ) GLOBAL_UNCERTAINTY_ASSIGNED_CONTEXT ( ( #403 ) ) GLOBAL_UNIT_ASSIGNED_CONTEXT ( ( #4433, #3008, #6368 ) ) REPRESENTATION_CONTEXT ( 'NONE', 'WORKASPACE' ) );
#8522 = FILL_AREA_STYLE ('',( #1721 ) ) ;
#8523 = UNCERTAINTY_MEASURE_WITH_UNIT (LENGTH_MEASURE( 1.000000000000000082E-05 ), #5625, 'distance_accuracy_value', 'NONE');
#8524 = FILL_AREA_STYLE_COLOUR ( '', #6951 ) ;
#8525 = ORIENTED_EDGE ( 'NONE', *, *, #2547, .T. ) ;
#8526 = CARTESIAN_POINT ( 'NONE',  ( 1.400000000000000133, -0.1499999999999999389, 0.1499999999999999944 ) ) ;
#8527 = LINE ( 'NONE', #2413, #7817 ) ;
#8528 = DIRECTION ( 'NONE',  ( 0.000000000000000000, 0.000000000000000000, 1.000000000000000000 ) ) ;
#8529 = ADVANCED_FACE ( 'NONE', ( #1114 ), #4451, .F. ) ;
#8530 = ADVANCED_FACE ( 'NONE', ( #1918 ), #8041, .F. ) ;
#8531 = EDGE_CURVE ( 'NONE', #3102, #5366, #3959, .T. ) ;
#8532 = VECTOR ( 'NONE', #6191, 1000.000000000000000 ) ;
#8533 =( LENGTH_UNIT ( ) NAMED_UNIT ( * ) SI_UNIT ( .MILLI., .METRE. ) );
#8534 = DIRECTION ( 'NONE',  ( -1.000000000000000000, -0.000000000000000000, -0.000000000000000000 ) ) ;
#8535 = LINE ( 'NONE', #7821, #7480 ) ;
#8536 = DIRECTION ( 'NONE',  ( -0.000000000000000000, 1.000000000000000000, -0.000000000000000000 ) ) ;
#8537 = LINE ( 'NONE', #7060, #8186 ) ;
#8538 = ORIENTED_EDGE ( 'NONE', *, *, #5790, .F. ) ;
#8539 = ORIENTED_EDGE ( 'NONE', *, *, #6751, .F. ) ;
#8540 = DIRECTION ( 'NONE',  ( 1.000000000000000000, 0.000000000000000000, 0.000000000000000000 ) ) ;
#8541 = EDGE_LOOP ( 'NONE', ( #4301, #281, #8133, #8209 ) ) ;
#8542 = CARTESIAN_POINT ( 'NONE',  ( 0.02000000000000021899, 0.1700000000000000122, 0.06916666666666670960 ) ) ;
#8543 = STYLED_ITEM ( 'NONE', ( #8593 ), #1145 ) ;
#8544 = EDGE_CURVE ( 'NONE', #8020, #3764, #6667, .T. ) ;
#8545 = EDGE_CURVE ( 'NONE', #5920, #2242, #1151, .T. ) ;
#8546 = LINE ( 'NONE', #2336, #5472 ) ;
#8547 =( GEOMETRIC_REPRESENTATION_CONTEXT ( 3 ) GLOBAL_UNCERTAINTY_ASSIGNED_CONTEXT ( ( #7446 ) ) GLOBAL_UNIT_ASSIGNED_CONTEXT ( ( #1780, #2291, #6937 ) ) REPRESENTATION_CONTEXT ( 'NONE', 'WORKASPACE' ) );
#8548 = ORIENTED_EDGE ( 'NONE', *, *, #2886, .T. ) ;
#8549 = EDGE_LOOP ( 'NONE', ( #3535, #4612, #6137, #3006 ) ) ;
#8550 = DIRECTION ( 'NONE',  ( 0.000000000000000000, -0.000000000000000000, -1.000000000000000000 ) ) ;
#8551 = CARTESIAN_POINT ( 'NONE',  ( 0.8000000000000000444, -0.1499999999999999389, 0.2799999999999999711 ) ) ;
#8552 = CARTESIAN_POINT ( 'NONE',  ( 0.6000000000000000888, -0.1699999999999999289, 0.2499999999999998335 ) ) ;
#8553 = LINE ( 'NONE', #5208, #5675 ) ;
#8554 = FILL_AREA_STYLE_COLOUR ( '', #8749 ) ;
#8555 = LINE ( 'NONE', #409, #8057 ) ;
#8556 = ORIENTED_EDGE ( 'NONE', *, *, #1372, .F. ) ;
#8557 = CARTESIAN_POINT ( 'NONE',  ( 0.04999999999999999584, 0.1700000000000000122, 0.2499999999999998335 ) ) ;
#8558 = ORIENTED_EDGE ( 'NONE', *, *, #1288, .T. ) ;
#8559 = VERTEX_POINT ( 'NONE', #5410 ) ;
#8560 = PRESENTATION_LAYER_ASSIGNMENT (  '', '', ( #6987 ) ) ;
#8561 = DIRECTION ( 'NONE',  ( 0.000000000000000000, -1.000000000000000000, 0.000000000000000000 ) ) ;
#8562 = MANIFOLD_SOLID_BREP ( 'Move Face2[2]', #3395 ) ;
#8563 = CARTESIAN_POINT ( 'NONE',  ( 1.350000000000000089, -0.1700000000000000400, -0.1499999999999999944 ) ) ;
#8564 =( NAMED_UNIT ( * ) PLANE_ANGLE_UNIT ( ) SI_UNIT ( $, .RADIAN. ) );
#8565 = PLANE ( 'NONE',  #1132 ) ;
#8566 = PRESENTATION_STYLE_ASSIGNMENT (( #5841 ) ) ;
#8567 = ORIENTED_EDGE ( 'NONE', *, *, #3021, .T. ) ;
#8568 =( LENGTH_UNIT ( ) NAMED_UNIT ( * ) SI_UNIT ( .MILLI., .METRE. ) );
#8569 = CARTESIAN_POINT ( 'NONE',  ( 2.168404344971008868E-16, -0.1500000000000008271, -0.2795000000000000262 ) ) ;
#8570 =( NAMED_UNIT ( * ) SI_UNIT ( $, .STERADIAN. ) SOLID_ANGLE_UNIT ( ) );
#8571 = DIRECTION ( 'NONE',  ( -0.000000000000000000, 0.000000000000000000, 1.000000000000000000 ) ) ;
#8572 = CARTESIAN_POINT ( 'NONE',  ( 0.8000000000000000444, -0.1699999999999999012, 0.2499999999999998335 ) ) ;
#8573 = LINE ( 'NONE', #6482, #752 ) ;
#8574 = ORIENTED_EDGE ( 'NONE', *, *, #2027, .F. ) ;
#8575 = ADVANCED_FACE ( 'NONE', ( #194 ), #6713, .F. ) ;
#8576 = EDGE_CURVE ( 'NONE', #8515, #4824, #4938, .T. ) ;
#8577 = VERTEX_POINT ( 'NONE', #4985 ) ;
#8578 = CARTESIAN_POINT ( 'NONE',  ( 0.6000000000000000888, -0.1500000000000000500, -0.2499999999999998890 ) ) ;
#8579 = DIRECTION ( 'NONE',  ( 0.000000000000000000, 0.000000000000000000, 1.000000000000000000 ) ) ;
#8580 = ORIENTED_EDGE ( 'NONE', *, *, #5930, .T. ) ;
#8581 = FILL_AREA_STYLE_COLOUR ( '', #3153 ) ;
#8582 = FACE_OUTER_BOUND ( 'NONE', #3794, .T. ) ;
#8583 = CARTESIAN_POINT ( 'NONE',  ( 0.1699999999999999012, -0.1500000000000008271, 0.2795000000000000817 ) ) ;
#8584 = CARTESIAN_POINT ( 'NONE',  ( 1.350000000000000089, -0.1500000000000000500, -0.1499999999999999944 ) ) ;
#8585 = FILL_AREA_STYLE ('',( #5864 ) ) ;
#8586 = ADVANCED_FACE ( 'NONE', ( #4893 ), #3542, .F. ) ;
#8587 = STYLED_ITEM ( 'NONE', ( #2813 ), #4365 ) ;
#8588 = ORIENTED_EDGE ( 'NONE', *, *, #5681, .T. ) ;
#8589 = LINE ( 'NONE', #4024, #8217 ) ;
#8590 = EDGE_CURVE ( 'NONE', #4107, #5632, #778, .T. ) ;
#8591 = ORIENTED_EDGE ( 'NONE', *, *, #1537, .T. ) ;
#8592 = MECHANICAL_DESIGN_GEOMETRIC_PRESENTATION_REPRESENTATION (  '', ( #7453 ), #786 ) ;
#8593 = PRESENTATION_STYLE_ASSIGNMENT (( #1800 ) ) ;
#8594 = LINE ( 'NONE', #2482, #4821 ) ;
#8595 = STYLED_ITEM ( 'NONE', ( #5521 ), #3809 ) ;
#8596 = FACE_OUTER_BOUND ( 'NONE', #2808, .T. ) ;
#8597 = DIRECTION ( 'NONE',  ( -0.000000000000000000, 0.000000000000000000, 1.000000000000000000 ) ) ;
#8598 = FACE_OUTER_BOUND ( 'NONE', #3292, .T. ) ;
#8599 = VECTOR ( 'NONE', #1910, 999.9999999999998863 ) ;
#8600 = ORIENTED_EDGE ( 'NONE', *, *, #2692, .F. ) ;
#8601 = DIRECTION ( 'NONE',  ( -1.000000000000000000, -0.000000000000000000, -0.000000000000000000 ) ) ;
#8602 = ORIENTED_EDGE ( 'NONE', *, *, #6136, .T. ) ;
#8603 = AXIS2_PLACEMENT_3D ( 'NONE', #3213, #3258, #7376 ) ;
#8604 = ORIENTED_EDGE ( 'NONE', *, *, #717, .T. ) ;
#8605 = CARTESIAN_POINT ( 'NONE',  ( 1.000000000000000000, -0.1500000000000000500, -0.2499999999999998890 ) ) ;
#8606 = EDGE_CURVE ( 'NONE', #8231, #3342, #6270, .T. ) ;
#8607 = VECTOR ( 'NONE', #7021, 1000.000000000000000 ) ;
#8608 = PRESENTATION_LAYER_ASSIGNMENT (  '', '', ( #1045 ) ) ;
#8609 = EDGE_CURVE ( 'NONE', #2872, #390, #3629, .T. ) ;
#8610 =( NAMED_UNIT ( * ) SI_UNIT ( $, .STERADIAN. ) SOLID_ANGLE_UNIT ( ) );
#8611 = VECTOR ( 'NONE', #1794, 1000.000000000000000 ) ;
#8612 = FILL_AREA_STYLE ('',( #1189 ) ) ;
#8613 = PRESENTATION_LAYER_ASSIGNMENT (  '', '', ( #1338 ) ) ;
#8614 =( NAMED_UNIT ( * ) PLANE_ANGLE_UNIT ( ) SI_UNIT ( $, .RADIAN. ) );
#8615 = DIRECTION ( 'NONE',  ( 0.000000000000000000, -1.000000000000000000, 0.000000000000000000 ) ) ;
#8616 = LINE ( 'NONE', #6468, #6106 ) ;
#8617 = VECTOR ( 'NONE', #2170, 1000.000000000000000 ) ;
#8618 = ORIENTED_EDGE ( 'NONE', *, *, #2438, .T. ) ;
#8619 = CARTESIAN_POINT ( 'NONE',  ( 0.3999999999999999667, 0.1500000000000008271, -0.2499999999999998890 ) ) ;
#8620 = MECHANICAL_DESIGN_GEOMETRIC_PRESENTATION_REPRESENTATION (  '', ( #3605 ), #1614 ) ;
#8621 = LINE ( 'NONE', #2507, #4674 ) ;
#8622 = SURFACE_STYLE_FILL_AREA ( #1687 ) ;
#8623 = PLANE ( 'NONE',  #6898 ) ;
#8624 = FACE_OUTER_BOUND ( 'NONE', #3525, .T. ) ;
#8625 = COLOUR_RGB ( '',0.6470588235294117974, 0.6196078431372549211, 0.5999999999999999778 ) ;
#8626 = PRESENTATION_STYLE_ASSIGNMENT (( #2645 ) ) ;
#8627 = ORIENTED_EDGE ( 'NONE', *, *, #5689, .T. ) ;
#8628 = LINE ( 'NONE', #517, #7895 ) ;
#8629 = VECTOR ( 'NONE', #3301, 1000.000000000000000 ) ;
#8630 = ORIENTED_EDGE ( 'NONE', *, *, #4500, .T. ) ;
#8631 = CARTESIAN_POINT ( 'NONE',  ( 0.000000000000000000, 0.000000000000000000, 0.2499999999999998335 ) ) ;
#8632 = CARTESIAN_POINT ( 'NONE',  ( 1.000000000000000000, -0.1500000000000000500, -0.2499999999999998890 ) ) ;
#8633 = EDGE_CURVE ( 'NONE', #5653, #3489, #3004, .T. ) ;
#8634 = FILL_AREA_STYLE_COLOUR ( '', #5947 ) ;
#8635 = PRESENTATION_LAYER_ASSIGNMENT (  '', '', ( #3906 ) ) ;
#8636 = LINE ( 'NONE', #7198, #4019 ) ;
#8637 =( NAMED_UNIT ( * ) SI_UNIT ( $, .STERADIAN. ) SOLID_ANGLE_UNIT ( ) );
#8638 = DIRECTION ( 'NONE',  ( 1.000000000000000000, 0.000000000000000000, 0.000000000000000000 ) ) ;
#8639 = ORIENTED_EDGE ( 'NONE', *, *, #8827, .F. ) ;
#8640 =( NAMED_UNIT ( * ) PLANE_ANGLE_UNIT ( ) SI_UNIT ( $, .RADIAN. ) );
#8641 = UNCERTAINTY_MEASURE_WITH_UNIT (LENGTH_MEASURE( 1.000000000000000082E-05 ), #2556, 'distance_accuracy_value', 'NONE');
#8642 = EDGE_LOOP ( 'NONE', ( #2992, #5071, #8729, #3363 ) ) ;
#8643 = LINE ( 'NONE', #6682, #7258 ) ;
#8644 = DIRECTION ( 'NONE',  ( 0.000000000000000000, 1.000000000000000000, -1.807003620809174139E-16 ) ) ;
#8645 = EDGE_CURVE ( 'NONE', #3584, #3926, #7262, .T. ) ;
#8646 = EDGE_CURVE ( 'NONE', #3672, #2350, #8513, .T. ) ;
#8647 = EDGE_CURVE ( 'NONE', #740, #2481, #4482, .T. ) ;
#8648 = FILL_AREA_STYLE ('',( #2484 ) ) ;
#8649 =( NAMED_UNIT ( * ) PLANE_ANGLE_UNIT ( ) SI_UNIT ( $, .RADIAN. ) );
#8650 = PLANE ( 'NONE',  #880 ) ;
#8651 = FACE_OUTER_BOUND ( 'NONE', #8448, .T. ) ;
#8652 = EDGE_LOOP ( 'NONE', ( #2366, #682, #7889, #8721 ) ) ;
#8653 = DIRECTION ( 'NONE',  ( 1.000000000000000000, 0.000000000000000000, 0.000000000000000000 ) ) ;
#8654 = ORIENTED_EDGE ( 'NONE', *, *, #2601, .T. ) ;
#8655 = ORIENTED_EDGE ( 'NONE', *, *, #3661, .F. ) ;
#8656 = SURFACE_SIDE_STYLE ('',( #581 ) ) ;
#8657 =( GEOMETRIC_REPRESENTATION_CONTEXT ( 3 ) GLOBAL_UNCERTAINTY_ASSIGNED_CONTEXT ( ( #7767 ) ) GLOBAL_UNIT_ASSIGNED_CONTEXT ( ( #15, #7732, #4463 ) ) REPRESENTATION_CONTEXT ( 'NONE', 'WORKASPACE' ) );
#8658 = CARTESIAN_POINT ( 'NONE',  ( 1.350000000000000089, -0.1500000000000000500, -0.1499999999999999944 ) ) ;
#8659 = CARTESIAN_POINT ( 'NONE',  ( 0.02000000000000021899, 0.1700000000000000122, -0.1499999999999999944 ) ) ;
#8660 = EDGE_CURVE ( 'NONE', #6344, #5528, #5129, .T. ) ;
#8661 = COLOUR_RGB ( '',0.6470588235294117974, 0.6196078431372549211, 0.5999999999999999778 ) ;
#8662 = CARTESIAN_POINT ( 'NONE',  ( -0.000000000000000000, 0.1500000000000000222, -0.2499999999999998890 ) ) ;
#8663 = VERTEX_POINT ( 'NONE', #1671 ) ;
#8664 = MECHANICAL_DESIGN_GEOMETRIC_PRESENTATION_REPRESENTATION (  '', ( #6116 ), #3641 ) ;
#8665 = FILL_AREA_STYLE ('',( #3286 ) ) ;
#8666 = CARTESIAN_POINT ( 'NONE',  ( 0.6457458469041920113, 0.1700000000000000122, -0.2499999999999998890 ) ) ;
#8667 = COLOUR_RGB ( '',0.6470588235294117974, 0.6196078431372549211, 0.5999999999999999778 ) ;
#8668 =( LENGTH_UNIT ( ) NAMED_UNIT ( * ) SI_UNIT ( .MILLI., .METRE. ) );
#8669 = VECTOR ( 'NONE', #7464, 1000.000000000000000 ) ;
#8670 = SURFACE_STYLE_USAGE ( .BOTH. , #8245 ) ;
#8671 = DIRECTION ( 'NONE',  ( 0.000000000000000000, 0.000000000000000000, -1.000000000000000000 ) ) ;
#8672 = VECTOR ( 'NONE', #5137, 1000.000000000000000 ) ;
#8673 = FILL_AREA_STYLE ('',( #1202 ) ) ;
#8674 = CARTESIAN_POINT ( 'NONE',  ( 0.6000000000000000888, 0.1699999999999999567, 0.2999999999999999334 ) ) ;
#8675 = DIRECTION ( 'NONE',  ( 0.000000000000000000, 0.000000000000000000, 1.000000000000000000 ) ) ;
#8676 = ORIENTED_EDGE ( 'NONE', *, *, #1996, .F. ) ;
#8677 = DIRECTION ( 'NONE',  ( -1.000000000000000000, -0.000000000000000000, -0.000000000000000000 ) ) ;
#8678 = COLOUR_RGB ( '',0.6470588235294117974, 0.6196078431372549211, 0.5999999999999999778 ) ;
#8679 = ORIENTED_EDGE ( 'NONE', *, *, #434, .F. ) ;
#8680 = FACE_OUTER_BOUND ( 'NONE', #7999, .T. ) ;
#8681 = EDGE_LOOP ( 'NONE', ( #624, #8676, #7655, #4535 ) ) ;
#8682 = CARTESIAN_POINT ( 'NONE',  ( 1.400000000000000133, -0.1499999999999999389, 0.2799999999999999711 ) ) ;
#8683 = DIRECTION ( 'NONE',  ( -1.000000000000000000, 0.000000000000000000, 0.000000000000000000 ) ) ;
#8684 = CARTESIAN_POINT ( 'NONE',  ( 0.2000000000000000111, -0.1500000000000000500, -0.2499999999999998890 ) ) ;
#8685 = MECHANICAL_DESIGN_GEOMETRIC_PRESENTATION_REPRESENTATION (  '', ( #6962 ), #5978 ) ;
#8686 = SURFACE_STYLE_FILL_AREA ( #8822 ) ;
#8687 = ORIENTED_EDGE ( 'NONE', *, *, #7054, .F. ) ;
#8688 = DIRECTION ( 'NONE',  ( 0.000000000000000000, 0.000000000000000000, -1.000000000000000000 ) ) ;
#8689 = ORIENTED_EDGE ( 'NONE', *, *, #5854, .F. ) ;
#8690 = DIRECTION ( 'NONE',  ( -0.01328367628056957572, -0.000000000000000000, -0.9999117680798007557 ) ) ;
#8691 =( NAMED_UNIT ( * ) SI_UNIT ( $, .STERADIAN. ) SOLID_ANGLE_UNIT ( ) );
#8692 = DIRECTION ( 'NONE',  ( 0.000000000000000000, 1.000000000000000000, 6.776263578034403699E-16 ) ) ;
#8693 = FILL_AREA_STYLE ('',( #5826 ) ) ;
#8694 = DIRECTION ( 'NONE',  ( 0.000000000000000000, 0.000000000000000000, 1.000000000000000000 ) ) ;
#8695 = SURFACE_SIDE_STYLE ('',( #7158 ) ) ;
#8696 = CARTESIAN_POINT ( 'NONE',  ( 0.5699999999999999512, 0.1500000000000008271, -0.2499999999999998890 ) ) ;
#8697 = ORIENTED_EDGE ( 'NONE', *, *, #8633, .F. ) ;
#8698 = EDGE_LOOP ( 'NONE', ( #708, #3352, #6076, #6377 ) ) ;
#8699 = ADVANCED_FACE ( 'NONE', ( #8476 ), #7122, .T. ) ;
#8700 = EDGE_CURVE ( 'NONE', #5138, #197, #7845, .T. ) ;
#8701 = ORIENTED_EDGE ( 'NONE', *, *, #8150, .T. ) ;
#8702 = LINE ( 'NONE', #3939, #233 ) ;
#8703 = STYLED_ITEM ( 'NONE', ( #543 ), #5734 ) ;
#8704 =( NAMED_UNIT ( * ) PLANE_ANGLE_UNIT ( ) SI_UNIT ( $, .RADIAN. ) );
#8705 =( NAMED_UNIT ( * ) SI_UNIT ( $, .STERADIAN. ) SOLID_ANGLE_UNIT ( ) );
#8706 =( NAMED_UNIT ( * ) SI_UNIT ( $, .STERADIAN. ) SOLID_ANGLE_UNIT ( ) );
#8707 = FILL_AREA_STYLE ('',( #589 ) ) ;
#8708 = ORIENTED_EDGE ( 'NONE', *, *, #4196, .T. ) ;
#8710 = EDGE_CURVE ( 'NONE', #2633, #4876, #1002, .T. ) ;
#8709 = VECTOR ( 'NONE', #8719, 1000.000000000000000 ) ;
#8711 = PRESENTATION_STYLE_ASSIGNMENT (( #5989 ) ) ;
#8712 = DIRECTION ( 'NONE',  ( -1.000000000000000000, 0.000000000000000000, 0.000000000000000000 ) ) ;
#8713 = EDGE_CURVE ( 'NONE', #5244, #2026, #3712, .T. ) ;
#8714 = DIRECTION ( 'NONE',  ( 0.000000000000000000, -9.035018104045873159E-17, 1.000000000000000000 ) ) ;
#8715 = VECTOR ( 'NONE', #5314, 1000.000000000000000 ) ;
#8716 = FACE_OUTER_BOUND ( 'NONE', #494, .T. ) ;
#8717 = SURFACE_STYLE_USAGE ( .BOTH. , #5446 ) ;
#8718 =( NAMED_UNIT ( * ) PLANE_ANGLE_UNIT ( ) SI_UNIT ( $, .RADIAN. ) );
#8719 = DIRECTION ( 'NONE',  ( -0.000000000000000000, -0.000000000000000000, 1.000000000000000000 ) ) ;
#8720 = CARTESIAN_POINT ( 'NONE',  ( 0.2000000000000000111, 0.000000000000000000, -0.2499999999999998890 ) ) ;
#8721 = ORIENTED_EDGE ( 'NONE', *, *, #7380, .F. ) ;
#8722 = CARTESIAN_POINT ( 'NONE',  ( 1.000000000000000000, 0.1499999999999999667, 0.2499999999999998335 ) ) ;
#8723 = ORIENTED_EDGE ( 'NONE', *, *, #1219, .T. ) ;
#8724 = CARTESIAN_POINT ( 'NONE',  ( 1.400000000000000133, 0.1499999999999999667, 0.2799999999999999711 ) ) ;
#8725 = EDGE_CURVE ( 'NONE', #3181, #526, #496, .T. ) ;
#8726 =( NAMED_UNIT ( * ) PLANE_ANGLE_UNIT ( ) SI_UNIT ( $, .RADIAN. ) );
#8727 = CARTESIAN_POINT ( 'NONE',  ( 0.9999999999999991118, -1.249999999999999112, 0.2499999999999998890 ) ) ;
#8728 = LINE ( 'NONE', #2060, #7420 ) ;
#8729 = ORIENTED_EDGE ( 'NONE', *, *, #4655, .F. ) ;
#8730 = PLANE ( 'NONE',  #5755 ) ;
#8731 = ORIENTED_EDGE ( 'NONE', *, *, #8052, .F. ) ;
#8732 = CARTESIAN_POINT ( 'NONE',  ( 1.400000000000000133, 0.1500000000000008271, -0.2795000000000000262 ) ) ;
#8733 = DIRECTION ( 'NONE',  ( 0.000000000000000000, 0.000000000000000000, -1.000000000000000000 ) ) ;
#8734 = DIRECTION ( 'NONE',  ( -1.000000000000000000, 0.000000000000000000, -0.000000000000000000 ) ) ;
#8735 = FACE_OUTER_BOUND ( 'NONE', #8681, .T. ) ;
#8736 = VERTEX_POINT ( 'NONE', #4533 ) ;
#8737 =( NAMED_UNIT ( * ) PLANE_ANGLE_UNIT ( ) SI_UNIT ( $, .RADIAN. ) );
#8738 = ORIENTED_EDGE ( 'NONE', *, *, #3761, .T. ) ;
#8739 = VECTOR ( 'NONE', #4646, 1000.000000000000000 ) ;
#8740 = ORIENTED_EDGE ( 'NONE', *, *, #2491, .T. ) ;
#8741 = VECTOR ( 'NONE', #4764, 1000.000000000000000 ) ;
#8742 = MANIFOLD_SOLID_BREP ( 'Move Face1[1]', #1095 ) ;
#8743 = DIRECTION ( 'NONE',  ( -0.000000000000000000, 1.000000000000000000, 0.000000000000000000 ) ) ;
#8744 = VECTOR ( 'NONE', #4512, 1000.000000000000000 ) ;
#8745 = EDGE_CURVE ( 'NONE', #505, #2088, #1765, .T. ) ;
#8746 = CARTESIAN_POINT ( 'NONE',  ( 0.6000000000000000888, -0.1699999999999999289, 0.1499999999999999944 ) ) ;
#8747 = CARTESIAN_POINT ( 'NONE',  ( 1.350000000000000089, -19.83000000000000185, 0.2499999999999998335 ) ) ;
#8748 = LINE ( 'NONE', #3947, #4363 ) ;
#8749 = COLOUR_RGB ( '',0.6470588235294117974, 0.6196078431372549211, 0.5999999999999999778 ) ;
#8750 = ORIENTED_EDGE ( 'NONE', *, *, #4940, .T. ) ;
#8751 = MECHANICAL_DESIGN_GEOMETRIC_PRESENTATION_REPRESENTATION (  '', ( #6457 ), #1757 ) ;
#8752 = VERTEX_POINT ( 'NONE', #454 ) ;
#8753 = DIRECTION ( 'NONE',  ( -0.000000000000000000, 0.000000000000000000, 1.000000000000000000 ) ) ;
#8754 = CARTESIAN_POINT ( 'NONE',  ( 0.4000000000000000222, -0.1500000000000000500, -0.2799999999999999711 ) ) ;
#8755 = AXIS2_PLACEMENT_3D ( 'NONE', #3126, #5816, #2431 ) ;
#8756 =( GEOMETRIC_REPRESENTATION_CONTEXT ( 3 ) GLOBAL_UNCERTAINTY_ASSIGNED_CONTEXT ( ( #1296 ) ) GLOBAL_UNIT_ASSIGNED_CONTEXT ( ( #8068, #4143, #6013 ) ) REPRESENTATION_CONTEXT ( 'NONE', 'WORKASPACE' ) );
#8757 = DIRECTION ( 'NONE',  ( -0.000000000000000000, 1.000000000000000000, -0.000000000000000000 ) ) ;
#8758 = EDGE_CURVE ( 'NONE', #4757, #7088, #2444, .T. ) ;
#8759 = VECTOR ( 'NONE', #7713, 1000.000000000000000 ) ;
#8760 = DIRECTION ( 'NONE',  ( 1.000000000000000000, 0.000000000000000000, 0.000000000000000000 ) ) ;
#8761 = COLOUR_RGB ( '',0.6470588235294117974, 0.6196078431372549211, 0.5999999999999999778 ) ;
#8762 = CARTESIAN_POINT ( 'NONE',  ( 0.2457458469041920723, -19.83000000000000185, -0.2499999999999998890 ) ) ;
#8763 = CARTESIAN_POINT ( 'NONE',  ( 1.200000000000000178, -0.1699999999999999012, 0.2999999999999999889 ) ) ;
#8764 = EDGE_CURVE ( 'NONE', #4624, #2039, #5212, .T. ) ;
#8765 = SURFACE_STYLE_USAGE ( .BOTH. , #1958 ) ;
#8766 = ORIENTED_EDGE ( 'NONE', *, *, #5331, .T. ) ;
#8767 = AXIS2_PLACEMENT_3D ( 'NONE', #1215, #8683, #5285 ) ;
#8768 = DIRECTION ( 'NONE',  ( -0.000000000000000000, 1.807003620809174139E-16, -1.000000000000000000 ) ) ;
#8769 = LINE ( 'NONE', #3555, #4205 ) ;
#8770 = COLOUR_RGB ( '',0.6470588235294117974, 0.6196078431372549211, 0.5999999999999999778 ) ;
#8771 = CARTESIAN_POINT ( 'NONE',  ( 1.230000000000000204, 0.1700000000000000122, 0.2499999999999998335 ) ) ;
#8772 =( GEOMETRIC_REPRESENTATION_CONTEXT ( 3 ) GLOBAL_UNCERTAINTY_ASSIGNED_CONTEXT ( ( #43 ) ) GLOBAL_UNIT_ASSIGNED_CONTEXT ( ( #5975, #6108, #6736 ) ) REPRESENTATION_CONTEXT ( 'NONE', 'WORKASPACE' ) );
#8773 = FILL_AREA_STYLE_COLOUR ( '', #4735 ) ;
#8774 =( GEOMETRIC_REPRESENTATION_CONTEXT ( 3 ) GLOBAL_UNCERTAINTY_ASSIGNED_CONTEXT ( ( #1121 ) ) GLOBAL_UNIT_ASSIGNED_CONTEXT ( ( #472, #4635, #6708 ) ) REPRESENTATION_CONTEXT ( 'NONE', 'WORKASPACE' ) );
#8775 = SURFACE_SIDE_STYLE ('',( #5284 ) ) ;
#8776 = PLANE ( 'NONE',  #4399 ) ;
#8777 = PRODUCT ( 'YC104-JR-07150RL', 'YC104-JR-07150RL', '', ( #182 ) ) ;
#8778 = EDGE_CURVE ( 'NONE', #1572, #4872, #3891, .T. ) ;
#8779 = COLOUR_RGB ( '',0.6470588235294117974, 0.6196078431372549211, 0.5999999999999999778 ) ;
#8780 = CARTESIAN_POINT ( 'NONE',  ( 1.000000000000000000, 0.1500000000000000222, -0.2499999999999998890 ) ) ;
#8781 = VERTEX_POINT ( 'NONE', #7800 ) ;
#8782 = CARTESIAN_POINT ( 'NONE',  ( 1.199999999999999289, -1.249999999999999112, 0.2499999999999998890 ) ) ;
#8783 = EDGE_LOOP ( 'NONE', ( #4972, #21, #48, #5471 ) ) ;
#8784 =( NAMED_UNIT ( * ) SI_UNIT ( $, .STERADIAN. ) SOLID_ANGLE_UNIT ( ) );
#8785 = DIRECTION ( 'NONE',  ( -1.000000000000000000, 0.000000000000000000, 0.000000000000000000 ) ) ;
#8786 = FILL_AREA_STYLE ('',( #6863 ) ) ;
#8787 = DIRECTION ( 'NONE',  ( -0.000000000000000000, 0.000000000000000000, 1.000000000000000000 ) ) ;
#8788 = DIRECTION ( 'NONE',  ( 0.000000000000000000, -1.000000000000000000, 0.000000000000000000 ) ) ;
#8789 = SURFACE_STYLE_USAGE ( .BOTH. , #8238 ) ;
#8790 = EDGE_LOOP ( 'NONE', ( #8567, #8365, #2036, #5687 ) ) ;
#8791 = PLANE ( 'NONE',  #5916 ) ;
#8792 =( GEOMETRIC_REPRESENTATION_CONTEXT ( 3 ) GLOBAL_UNCERTAINTY_ASSIGNED_CONTEXT ( ( #2077 ) ) GLOBAL_UNIT_ASSIGNED_CONTEXT ( ( #600, #2509, #3202 ) ) REPRESENTATION_CONTEXT ( 'NONE', 'WORKASPACE' ) );
#8793 = ORIENTED_EDGE ( 'NONE', *, *, #8713, .F. ) ;
#8794 = ORIENTED_EDGE ( 'NONE', *, *, #6290, .F. ) ;
#8795 = LINE ( 'NONE', #4486, #3085 ) ;
#8796 = CARTESIAN_POINT ( 'NONE',  ( 0.4000000000000000222, 0.1500000000000000222, -0.2799999999999999711 ) ) ;
#8797 = CARTESIAN_POINT ( 'NONE',  ( 1.400000000000000133, 0.1699999999999999567, 0.2999999999999999334 ) ) ;
#8798 = LINE ( 'NONE', #1863, #3410 ) ;
#8799 = PRESENTATION_STYLE_ASSIGNMENT (( #6073 ) ) ;
#8800 = ORIENTED_EDGE ( 'NONE', *, *, #3156, .T. ) ;
#8801 = EDGE_LOOP ( 'NONE', ( #1459, #1448, #5222, #6996, #2154, #8167, #5538, #6671 ) ) ;
#8802 =( NAMED_UNIT ( * ) SI_UNIT ( $, .STERADIAN. ) SOLID_ANGLE_UNIT ( ) );
#8803 = FACE_OUTER_BOUND ( 'NONE', #4020, .T. ) ;
#8804 = FACE_OUTER_BOUND ( 'NONE', #3408, .T. ) ;
#8805 =( LENGTH_UNIT ( ) NAMED_UNIT ( * ) SI_UNIT ( .MILLI., .METRE. ) );
#8806 = FACE_OUTER_BOUND ( 'NONE', #5553, .T. ) ;
#8807 = DIRECTION ( 'NONE',  ( 1.000000000000000000, 0.000000000000000000, -0.000000000000000000 ) ) ;
#8808 = PRESENTATION_STYLE_ASSIGNMENT (( #7370 ) ) ;
#8809 = ORIENTED_EDGE ( 'NONE', *, *, #6763, .T. ) ;
#8810 = CARTESIAN_POINT ( 'NONE',  ( 0.8299999999999999600, 0.1700000000000000122, -0.2499999999999998890 ) ) ;
#8811 = EDGE_CURVE ( 'NONE', #19, #6857, #2351, .T. ) ;
#8812 = EDGE_CURVE ( 'NONE', #2354, #2562, #1409, .T. ) ;
#8814 = EDGE_CURVE ( 'NONE', #7705, #6995, #8071, .T. ) ;
#8813 = SURFACE_STYLE_USAGE ( .BOTH. , #4644 ) ;
#8815 = CARTESIAN_POINT ( 'NONE',  ( 1.000000000000000000, -0.1500000000000000500, -0.2499999999999998890 ) ) ;
#8816 = VECTOR ( 'NONE', #7507, 1000.000000000000000 ) ;
#8817 = LINE ( 'NONE', #83, #6883 ) ;
#8818 = PRESENTATION_STYLE_ASSIGNMENT (( #6095 ) ) ;
#8819 = CARTESIAN_POINT ( 'NONE',  ( 0.04999999999999999584, -0.1500000000000000500, -0.1499999999999999944 ) ) ;
#8820 = MECHANICAL_DESIGN_GEOMETRIC_PRESENTATION_REPRESENTATION (  '', ( #1248 ), #8097 ) ;
#8821 = VECTOR ( 'NONE', #7716, 1000.000000000000000 ) ;
#8822 = FILL_AREA_STYLE ('',( #1218 ) ) ;
#8823 = VECTOR ( 'NONE', #6447, 1000.000000000000000 ) ;
#8824 = MANIFOLD_SOLID_BREP ( 'Body-Move/Copy1[2]', #2240 ) ;
#8825 = ORIENTED_EDGE ( 'NONE', *, *, #4874, .F. ) ;
#8826 = CARTESIAN_POINT ( 'NONE',  ( 0.2000000000000000111, -0.1500000000000000500, -0.1499999999999999944 ) ) ;
#8827 = EDGE_CURVE ( 'NONE', #3129, #167, #3935, .T. ) ;
#8828 = VERTEX_POINT ( 'NONE', #535 ) ;
#8829 = LINE ( 'NONE', #4657, #595 ) ;
#8830 = DIRECTION ( 'NONE',  ( 0.000000000000000000, 0.000000000000000000, -1.000000000000000000 ) ) ;
#8831 = ADVANCED_FACE ( 'NONE', ( #11 ), #8791, .F. ) ;
#8832 = CARTESIAN_POINT ( 'NONE',  ( 0.6457458469041920113, -19.83000000000000185, 0.2499999999999998335 ) ) ;
#8833 = LINE ( 'NONE', #629, #5769 ) ;
#8834 = DIRECTION ( 'NONE',  ( 0.000000000000000000, -1.000000000000000000, 0.000000000000000000 ) ) ;
#8835 =( NAMED_UNIT ( * ) SI_UNIT ( $, .STERADIAN. ) SOLID_ANGLE_UNIT ( ) );
#8836 = MECHANICAL_DESIGN_GEOMETRIC_PRESENTATION_REPRESENTATION (  '', ( #3103 ), #3527 ) ;
#8837 = ORIENTED_EDGE ( 'NONE', *, *, #2693, .T. ) ;
#8838 = CARTESIAN_POINT ( 'NONE',  ( 0.9999999999999991118, 0.1500000000000008271, 0.2499999999999998890 ) ) ;
#8839 = ORIENTED_EDGE ( 'NONE', *, *, #5967, .T. ) ;
#8840 = VERTEX_POINT ( 'NONE', #4105 ) ;
#8841 = SURFACE_STYLE_FILL_AREA ( #7614 ) ;
#8842 = PRESENTATION_LAYER_ASSIGNMENT (  '', '', ( #8120 ) ) ;
#8843 = FILL_AREA_STYLE_COLOUR ( '', #5230 ) ;
#8844 = DIRECTION ( 'NONE',  ( -0.000000000000000000, 1.000000000000000000, -0.000000000000000000 ) ) ;
#8845 = CARTESIAN_POINT ( 'NONE',  ( 1.350000000000000089, 0.1499999999999999667, 0.2799999999999999711 ) ) ;
#8846 = VERTEX_POINT ( 'NONE', #5346 ) ;
#8847 = VERTEX_POINT ( 'NONE', #6866 ) ;
#8848 = MECHANICAL_DESIGN_GEOMETRIC_PRESENTATION_REPRESENTATION (  '', ( #4552 ), #4386 ) ;
#8849 = FILL_AREA_STYLE ('',( #3462 ) ) ;
#8850 = FILL_AREA_STYLE ('',( #3377 ) ) ;
#8851 =( NAMED_UNIT ( * ) SI_UNIT ( $, .STERADIAN. ) SOLID_ANGLE_UNIT ( ) );
#8852 = FILL_AREA_STYLE ('',( #1998 ) ) ;
#8853 = DIRECTION ( 'NONE',  ( 0.000000000000000000, -1.000000000000000000, 0.000000000000000000 ) ) ;
#8854 = VECTOR ( 'NONE', #4563, 1000.000000000000000 ) ;
#8855 = DIRECTION ( 'NONE',  ( -0.000000000000000000, 1.000000000000000000, 0.000000000000000000 ) ) ;
#8856 = VERTEX_POINT ( 'NONE', #3980 ) ;
#8857 = DIRECTION ( 'NONE',  ( -0.000000000000000000, 1.000000000000000000, 1.807003620809174139E-16 ) ) ;
#8858 = CARTESIAN_POINT ( 'NONE',  ( 1.200000000000000178, -0.1500000000000008271, -0.2795000000000000262 ) ) ;
#8859 = AXIS2_PLACEMENT_3D ( 'NONE', #4356, #7138, #3113 ) ;
#8860 = DIRECTION ( 'NONE',  ( -0.000000000000000000, 0.000000000000000000, 1.000000000000000000 ) ) ;
#8861 = FILL_AREA_STYLE_COLOUR ( '', #8207 ) ;
#8862 = CARTESIAN_POINT ( 'NONE',  ( 0.6000000000000000888, 0.1700000000000000122, -0.06916666666666672347 ) ) ;
#8863 = EDGE_CURVE ( 'NONE', #2495, #7978, #1317, .T. ) ;
#8864 = ADVANCED_FACE ( 'NONE', ( #4666 ), #7488, .T. ) ;
#8865 = CARTESIAN_POINT ( 'NONE',  ( 1.400000000000000133, -0.1500000000000000500, -0.2799999999999999711 ) ) ;
#8866 = FILL_AREA_STYLE ('',( #748 ) ) ;
ENDSEC;
END-ISO-10303-21;
