ISO-10303-21;
HEADER;
FILE_DESCRIPTION (( 'STEP AP214' ),
    '1' );
FILE_NAME ('YC324-FK-07100KL.STEP',
    '2023-04-20T10:56:59',
    ( '' ),
    ( '' ),
    'SwSTEP 2.0',
    'SolidWorks 2021',
    '' );
FILE_SCHEMA (( 'AUTOMOTIVE_DESIGN' ));
ENDSEC;

DATA;
#1 = DIRECTION ( 'NONE',  ( 0.000000000000000000, 0.000000000000000000, 1.000000000000000000 ) ) ;
#2 = CARTESIAN_POINT ( 'NONE',  ( -1.679999999999999938, 0.03499999999999998251, -1.349999999999999645 ) ) ;
#3 = DIRECTION ( 'NONE',  ( 1.000000000000000000, 0.000000000000000000, 0.000000000000000000 ) ) ;
#4 = DIRECTION ( 'NONE',  ( 0.000000000000000000, 1.000000000000000000, -0.000000000000000000 ) ) ;
#5 = LINE ( 'NONE', #4562, #4723 ) ;
#6 = EDGE_LOOP ( 'NONE', ( #4566, #4524, #391, #3246 ) ) ;
#7 = VERTEX_POINT ( 'NONE', #5481 ) ;
#8 = CARTESIAN_POINT ( 'NONE',  ( 1.085000000000000187, 0.03499999999999999639, -1.349999999999999645 ) ) ;
#9 = DIRECTION ( 'NONE',  ( 0.000000000000000000, 0.000000000000000000, 1.000000000000000000 ) ) ;
#10 = CARTESIAN_POINT ( 'NONE',  ( 2.505000000000002114, 0.6650000000000000355, 1.099999999999999645 ) ) ;
#11 = APPLICATION_CONTEXT ( 'automotive_design' ) ;
#12 = EDGE_CURVE ( 'NONE', #1082, #4871, #1796, .T. ) ;
#13 = DIRECTION ( 'NONE',  ( 0.000000000000000000, 0.000000000000000000, -1.000000000000000000 ) ) ;
#14 = ORIENTED_EDGE ( 'NONE', *, *, #3613, .F. ) ;
#15 = LINE ( 'NONE', #4458, #256 ) ;
#16 = CARTESIAN_POINT ( 'NONE',  ( 2.355000000000000426, 0.6650000000000000355, -1.599999999999999645 ) ) ;
#17 = DIRECTION ( 'NONE',  ( 1.000000000000000000, 0.000000000000000000, 0.000000000000000000 ) ) ;
#18 = LINE ( 'NONE', #370, #4229 ) ;
#19 = ORIENTED_EDGE ( 'NONE', *, *, #757, .T. ) ;
#20 = EDGE_CURVE ( 'NONE', #4437, #2035, #1412, .T. ) ;
#21 = EDGE_CURVE ( 'NONE', #1491, #3836, #5, .T. ) ;
#22 = DIRECTION ( 'NONE',  ( -0.000000000000000000, 1.224646799147353207E-16, -1.000000000000000000 ) ) ;
#23 = CARTESIAN_POINT ( 'NONE',  ( 1.085000000000000187, 0.03499999999999999639, 1.349999999999999645 ) ) ;
#24 = LINE ( 'NONE', #1814, #3880 ) ;
#25 = ORIENTED_EDGE ( 'NONE', *, *, #4157, .T. ) ;
#26 = ORIENTED_EDGE ( 'NONE', *, *, #2519, .F. ) ;
#27 = DIRECTION ( 'NONE',  ( -1.000000000000000000, 0.000000000000000000, 0.000000000000000000 ) ) ;
#28 = DIRECTION ( 'NONE',  ( -9.637352644315618416E-16, 0.000000000000000000, -1.000000000000000000 ) ) ;
#29 = DIRECTION ( 'NONE',  ( -1.000000000000000000, 0.000000000000000000, 0.000000000000000000 ) ) ;
#30 = CARTESIAN_POINT ( 'NONE',  ( 1.455000000000000071, 0.03499999999999999639, 1.349999999999999645 ) ) ;
#31 = CARTESIAN_POINT ( 'NONE',  ( -2.540000000000000924, -1.163414459189985682E-16, 1.349999999999999867 ) ) ;
#32 = ADVANCED_FACE ( 'NONE', ( #2369 ), #4093, .F. ) ;
#33 = AXIS2_PLACEMENT_3D ( 'NONE', #3264, #4627, #1948 ) ;
#34 = CARTESIAN_POINT ( 'NONE',  ( -0.8599999999999998757, 0.6299999999999997824, -0.9749999999999995337 ) ) ;
#35 = ORIENTED_EDGE ( 'NONE', *, *, #2312, .T. ) ;
#36 = DIRECTION ( 'NONE',  ( -1.000000000000000000, 0.000000000000000000, 0.000000000000000000 ) ) ;
#37 = ORIENTED_EDGE ( 'NONE', *, *, #5321, .F. ) ;
#38 = DIRECTION ( 'NONE',  ( -1.000000000000000000, 0.000000000000000000, 0.000000000000000000 ) ) ;
#39 = CARTESIAN_POINT ( 'NONE',  ( -0.8599999999999998757, 0.6650000000000000355, -0.9749999999999995337 ) ) ;
#40 = DIRECTION ( 'NONE',  ( -0.000000000000000000, -0.000000000000000000, 1.000000000000000000 ) ) ;
#41 = AXIS2_PLACEMENT_3D ( 'NONE', #5264, #2571, #2659 ) ;
#42 = ADVANCED_FACE ( 'NONE', ( #93 ), #2277, .F. ) ;
#43 = FACE_OUTER_BOUND ( 'NONE', #4411, .T. ) ;
#44 = ORIENTED_EDGE ( 'NONE', *, *, #1886, .T. ) ;
#45 = VECTOR ( 'NONE', #3560, 1000.000000000000000 ) ;
#46 = VECTOR ( 'NONE', #582, 1000.000000000000000 ) ;
#47 = CARTESIAN_POINT ( 'NONE',  ( 2.540000000000001812, 6.596850090290522495, 1.564999999999999503 ) ) ;
#48 = EDGE_CURVE ( 'NONE', #2502, #1891, #899, .T. ) ;
#49 =( LENGTH_UNIT ( ) NAMED_UNIT ( * ) SI_UNIT ( .MILLI., .METRE. ) );
#50 = AXIS2_PLACEMENT_3D ( 'NONE', #5623, #5653, #3318 ) ;
#51 = CARTESIAN_POINT ( 'NONE',  ( -0.1849999999999998312, 0.6650000000000000355, -0.9749999999999995337 ) ) ;
#52 = ORIENTED_EDGE ( 'NONE', *, *, #2283, .F. ) ;
#53 = VECTOR ( 'NONE', #5218, 1000.000000000000000 ) ;
#54 = LINE ( 'NONE', #5043, #1754 ) ;
#55 = VECTOR ( 'NONE', #2919, 1000.000000000000000 ) ;
#56 = PLANE ( 'NONE',  #717 ) ;
#57 = EDGE_CURVE ( 'NONE', #2554, #1365, #5536, .T. ) ;
#58 = CARTESIAN_POINT ( 'NONE',  ( 2.355000000000000426, 0.6650000000000000355, -0.9749999999999995337 ) ) ;
#59 = ORIENTED_EDGE ( 'NONE', *, *, #3485, .T. ) ;
#60 = ORIENTED_EDGE ( 'NONE', *, *, #1345, .F. ) ;
#61 = AXIS2_PLACEMENT_3D ( 'NONE', #2463, #213, #187 ) ;
#62 = CARTESIAN_POINT ( 'NONE',  ( -0.4099999999999997535, 0.03499999999999999639, -1.099999999999999645 ) ) ;
#63 = LINE ( 'NONE', #4616, #4354 ) ;
#64 = AXIS2_PLACEMENT_3D ( 'NONE', #2725, #1346, #4999 ) ;
#65 = LINE ( 'NONE', #4180, #238 ) ;
#66 = DIRECTION ( 'NONE',  ( 0.000000000000000000, 0.000000000000000000, -1.000000000000000000 ) ) ;
#67 = CARTESIAN_POINT ( 'NONE',  ( 0.8600000000000003197, 0.6299999999999997824, 0.9749999999999995337 ) ) ;
#68 = ORIENTED_EDGE ( 'NONE', *, *, #1673, .F. ) ;
#69 = VECTOR ( 'NONE', #788, 1000.000000000000000 ) ;
#70 = PRESENTATION_STYLE_ASSIGNMENT (( #960 ) ) ;
#71 = VERTEX_POINT ( 'NONE', #4535 ) ;
#72 = DIRECTION ( 'NONE',  ( -0.000000000000000000, 1.224646799147353207E-16, -1.000000000000000000 ) ) ;
#73 = AXIS2_PLACEMENT_3D ( 'NONE', #3557, #3502, #4941 ) ;
#74 = CARTESIAN_POINT ( 'NONE',  ( 0.1850000000000002753, 0.6299999999999997824, -0.9749999999999995337 ) ) ;
#75 = PLANE ( 'NONE',  #2056 ) ;
#76 = ORIENTED_EDGE ( 'NONE', *, *, #1900, .F. ) ;
#77 = VECTOR ( 'NONE', #3354, 1000.000000000000000 ) ;
#78 = FACE_OUTER_BOUND ( 'NONE', #2602, .T. ) ;
#79 = EDGE_CURVE ( 'NONE', #1437, #3272, #2813, .T. ) ;
#80 =( NAMED_UNIT ( * ) SI_UNIT ( $, .STERADIAN. ) SOLID_ANGLE_UNIT ( ) );
#81 = CARTESIAN_POINT ( 'NONE',  ( 1.085000000000000187, 0.03499999999999999639, -1.564999999999999503 ) ) ;
#82 = ORIENTED_EDGE ( 'NONE', *, *, #5341, .F. ) ;
#83 = ORIENTED_EDGE ( 'NONE', *, *, #3113, .F. ) ;
#84 = DIRECTION ( 'NONE',  ( 0.000000000000000000, 0.000000000000000000, -1.000000000000000000 ) ) ;
#85 = DIRECTION ( 'NONE',  ( 1.000000000000000000, 0.000000000000000000, -1.606225440719266613E-16 ) ) ;
#86 = EDGE_CURVE ( 'NONE', #161, #2874, #4119, .T. ) ;
#87 = ORIENTED_EDGE ( 'NONE', *, *, #812, .T. ) ;
#88 = ORIENTED_EDGE ( 'NONE', *, *, #1916, .T. ) ;
#89 = CARTESIAN_POINT ( 'NONE',  ( 2.355000000000000426, 0.6299999999999997824, 0.9749999999999995337 ) ) ;
#90 = CARTESIAN_POINT ( 'NONE',  ( 0.1850000000000002753, 0.03499999999999999639, 1.564999999999999503 ) ) ;
#91 = CARTESIAN_POINT ( 'NONE',  ( 1.680000000000000160, -1.084202172485504434E-16, -1.349999999999999645 ) ) ;
#92 = DIRECTION ( 'NONE',  ( -1.000000000000000000, 0.000000000000000000, -0.000000000000000000 ) ) ;
#93 = FACE_OUTER_BOUND ( 'NONE', #4175, .T. ) ;
#94 = VERTEX_POINT ( 'NONE', #448 ) ;
#95 = EDGE_CURVE ( 'NONE', #4262, #2502, #535, .T. ) ;
#96 = VERTEX_POINT ( 'NONE', #932 ) ;
#97 = FACE_OUTER_BOUND ( 'NONE', #5047, .T. ) ;
#98 = LINE ( 'NONE', #1922, #3749 ) ;
#99 = DIRECTION ( 'NONE',  ( 1.000000000000000000, -0.000000000000000000, -0.000000000000000000 ) ) ;
#100 = VERTEX_POINT ( 'NONE', #4588 ) ;
#101 = CARTESIAN_POINT ( 'NONE',  ( 0.000000000000000000, 0.03499999999999999639, 1.100000000000000311 ) ) ;
#102 = LINE ( 'NONE', #1536, #2451 ) ;
#103 = CARTESIAN_POINT ( 'NONE',  ( -0.4099999999999997535, 0.03499999999999999639, 1.099999999999999645 ) ) ;
#104 = DIRECTION ( 'NONE',  ( 0.000000000000000000, -1.112002228190261445E-16, 1.000000000000000000 ) ) ;
#105 = EDGE_LOOP ( 'NONE', ( #5641, #3428, #1490, #962, #2278, #804, #979, #3998 ) ) ;
#106 = EDGE_CURVE ( 'NONE', #5380, #267, #4620, .T. ) ;
#107 = ORIENTED_EDGE ( 'NONE', *, *, #2109, .F. ) ;
#108 = LINE ( 'NONE', #1930, #514 ) ;
#109 = LINE ( 'NONE', #2863, #3099 ) ;
#110 = VERTEX_POINT ( 'NONE', #1854 ) ;
#111 = ORIENTED_EDGE ( 'NONE', *, *, #2562, .F. ) ;
#112 = PLANE ( 'NONE',  #1376 ) ;
#113 = FACE_OUTER_BOUND ( 'NONE', #2070, .T. ) ;
#114 = CARTESIAN_POINT ( 'NONE',  ( 2.540000000000001812, 0.6300000000000003375, 1.564999999999999503 ) ) ;
#115 = EDGE_CURVE ( 'NONE', #5598, #1967, #3286, .T. ) ;
#116 = FILL_AREA_STYLE_COLOUR ( '', #4598 ) ;
#117 = CARTESIAN_POINT ( 'NONE',  ( -0.4099999999999997535, -1.084202172485504434E-16, -1.099999999999999423 ) ) ;
#118 = ORIENTED_EDGE ( 'NONE', *, *, #4376, .F. ) ;
#119 = CARTESIAN_POINT ( 'NONE',  ( 2.355000000000000426, -1.469576158976823553E-16, -1.599999999999999645 ) ) ;
#120 = ORIENTED_EDGE ( 'NONE', *, *, #5055, .F. ) ;
#121 = DIRECTION ( 'NONE',  ( -0.000000000000000000, -1.165808787618822693E-15, 1.000000000000000000 ) ) ;
#122 = LINE ( 'NONE', #3325, #5010 ) ;
#123 = EDGE_CURVE ( 'NONE', #3335, #5667, #1436, .T. ) ;
#124 = EDGE_CURVE ( 'NONE', #1430, #1220, #1017, .T. ) ;
#125 = CARTESIAN_POINT ( 'NONE',  ( 1.455000000000000071, 0.000000000000000000, 0.000000000000000000 ) ) ;
#126 = ORIENTED_EDGE ( 'NONE', *, *, #2807, .T. ) ;
#127 = ORIENTED_EDGE ( 'NONE', *, *, #5001, .F. ) ;
#128 = LINE ( 'NONE', #3776, #3026 ) ;
#129 =( LENGTH_UNIT ( ) NAMED_UNIT ( * ) SI_UNIT ( .MILLI., .METRE. ) );
#130 = CARTESIAN_POINT ( 'NONE',  ( 2.355000000000000426, 0.6299999999999997824, 0.9749999999999995337 ) ) ;
#131 = LINE ( 'NONE', #3778, #352 ) ;
#132 = VERTEX_POINT ( 'NONE', #2059 ) ;
#133 = VECTOR ( 'NONE', #902, 1000.000000000000000 ) ;
#134 = ORIENTED_EDGE ( 'NONE', *, *, #4373, .T. ) ;
#135 = VECTOR ( 'NONE', #3001, 1000.000000000000000 ) ;
#136 = VECTOR ( 'NONE', #2327, 1000.000000000000000 ) ;
#137 = CARTESIAN_POINT ( 'NONE',  ( -0.1849999999999998312, -8.572527594031470725E-17, 1.099999999999999645 ) ) ;
#138 = VECTOR ( 'NONE', #2105, 1000.000000000000000 ) ;
#139 = FACE_OUTER_BOUND ( 'NONE', #3072, .T. ) ;
#140 = AXIS2_PLACEMENT_3D ( 'NONE', #2906, #4715, #4828 ) ;
#141 = CARTESIAN_POINT ( 'NONE',  ( 1.085000000000000187, 0.6650000000000000355, -1.599999999999999645 ) ) ;
#142 = VECTOR ( 'NONE', #5434, 1000.000000000000000 ) ;
#143 = ORIENTED_EDGE ( 'NONE', *, *, #106, .F. ) ;
#144 = ORIENTED_EDGE ( 'NONE', *, *, #2742, .F. ) ;
#145 = FACE_OUTER_BOUND ( 'NONE', #2415, .T. ) ;
#146 = CARTESIAN_POINT ( 'NONE',  ( 2.540000000000001812, -1.163414459189986175E-16, -1.350000000000000089 ) ) ;
#147 = ADVANCED_FACE ( 'NONE', ( #1615 ), #3436, .T. ) ;
#148 = AXIS2_PLACEMENT_3D ( 'NONE', #2172, #2197, #2543 ) ;
#149 = CARTESIAN_POINT ( 'NONE',  ( -2.129999999999999893, 0.03499999999999998251, 1.349999999999999645 ) ) ;
#150 = DIRECTION ( 'NONE',  ( 1.000000000000000000, 0.000000000000000000, 0.000000000000000000 ) ) ;
#151 = VECTOR ( 'NONE', #121, 1000.000000000000000 ) ;
#152 = ORIENTED_EDGE ( 'NONE', *, *, #1979, .T. ) ;
#153 = AXIS2_PLACEMENT_3D ( 'NONE', #4042, #430, #972 ) ;
#154 = EDGE_CURVE ( 'NONE', #1816, #242, #4740, .T. ) ;
#155 = FACE_OUTER_BOUND ( 'NONE', #334, .T. ) ;
#156 = EDGE_LOOP ( 'NONE', ( #2859, #5273, #5884, #5878 ) ) ;
#157 = CARTESIAN_POINT ( 'NONE',  ( -2.540000000000000924, 6.596850090290522495, 1.564999999999998614 ) ) ;
#158 = STYLED_ITEM ( 'NONE', ( #4662 ), #3608 ) ;
#159 = DIRECTION ( 'NONE',  ( -0.000000000000000000, 0.000000000000000000, 1.000000000000000000 ) ) ;
#160 = ORIENTED_EDGE ( 'NONE', *, *, #4876, .F. ) ;
#161 = VERTEX_POINT ( 'NONE', #5626 ) ;
#162 = VERTEX_POINT ( 'NONE', #117 ) ;
#163 = ADVANCED_FACE ( 'NONE', ( #5570 ), #1496, .F. ) ;
#164 = EDGE_CURVE ( 'NONE', #4029, #110, #209, .T. ) ;
#165 = DIRECTION ( 'NONE',  ( 0.000000000000000000, -1.000000000000000000, 0.000000000000000000 ) ) ;
#166 = AXIS2_PLACEMENT_3D ( 'NONE', #1899, #5129, #4660 ) ;
#167 =( LENGTH_UNIT ( ) NAMED_UNIT ( * ) SI_UNIT ( .MILLI., .METRE. ) );
#168 = DIRECTION ( 'NONE',  ( -0.000000000000000000, 1.000000000000000000, -0.000000000000000000 ) ) ;
#169 = LINE ( 'NONE', #4282, #4896 ) ;
#170 = ORIENTED_EDGE ( 'NONE', *, *, #645, .T. ) ;
#171 = ORIENTED_EDGE ( 'NONE', *, *, #703, .F. ) ;
#172 = LINE ( 'NONE', #3609, #5845 ) ;
#173 = ADVANCED_FACE ( 'NONE', ( #4710 ), #4651, .F. ) ;
#174 = CARTESIAN_POINT ( 'NONE',  ( -0.1849999999999998312, 0.6650000000000000355, -0.9749999999999995337 ) ) ;
#175 = CARTESIAN_POINT ( 'NONE',  ( 2.540000000000001812, 6.596850090290522495, -1.564999999999998614 ) ) ;
#176 = PLANE ( 'NONE',  #3478 ) ;
#177 = ORIENTED_EDGE ( 'NONE', *, *, #5124, .F. ) ;
#178 = ORIENTED_EDGE ( 'NONE', *, *, #1584, .F. ) ;
#179 = DIRECTION ( 'NONE',  ( -1.000000000000000000, 0.000000000000000000, 1.707404996040163525E-16 ) ) ;
#180 = DIRECTION ( 'NONE',  ( -1.000000000000000000, 0.000000000000000000, 0.000000000000000000 ) ) ;
#181 =( NAMED_UNIT ( * ) PLANE_ANGLE_UNIT ( ) SI_UNIT ( $, .RADIAN. ) );
#182 = DIRECTION ( 'NONE',  ( -0.000000000000000000, 1.000000000000000000, 1.224646799147352961E-16 ) ) ;
#183 = VERTEX_POINT ( 'NONE', #3375 ) ;
#184 = EDGE_CURVE ( 'NONE', #2467, #3427, #5655, .T. ) ;
#185 = LINE ( 'NONE', #5692, #5646 ) ;
#186 = ORIENTED_EDGE ( 'NONE', *, *, #4954, .F. ) ;
#187 = DIRECTION ( 'NONE',  ( 0.000000000000000000, -0.000000000000000000, -1.000000000000000000 ) ) ;
#188 = CARTESIAN_POINT ( 'NONE',  ( -2.505000000000001226, 0.6650000000000000355, 0.9749999999999995337 ) ) ;
#189 = VERTEX_POINT ( 'NONE', #660 ) ;
#190 = ORIENTED_EDGE ( 'NONE', *, *, #4321, .T. ) ;
#191 = ORIENTED_EDGE ( 'NONE', *, *, #3553, .F. ) ;
#192 = CARTESIAN_POINT ( 'NONE',  ( 1.085000000000000187, 0.6650000000000000355, 1.599999999999999645 ) ) ;
#193 = CARTESIAN_POINT ( 'NONE',  ( -0.4099999999999997535, 0.6299999999999997824, -0.9749999999999995337 ) ) ;
#194 = CARTESIAN_POINT ( 'NONE',  ( -2.540000000000000924, 0.03499999999999999639, 1.564999999999999503 ) ) ;
#195 = DIRECTION ( 'NONE',  ( -1.000000000000000000, -0.000000000000000000, 0.000000000000000000 ) ) ;
#196 = ORIENTED_EDGE ( 'NONE', *, *, #1956, .F. ) ;
#197 = EDGE_CURVE ( 'NONE', #3891, #5802, #5213, .T. ) ;
#198 = VERTEX_POINT ( 'NONE', #4765 ) ;
#199 = LINE ( 'NONE', #5137, #3858 ) ;
#200 = CARTESIAN_POINT ( 'NONE',  ( 2.355000000000000426, 0.03499999999999999639, 1.099999999999999645 ) ) ;
#201 = CARTESIAN_POINT ( 'NONE',  ( 0.1850000000000002753, -1.469576158976823553E-16, -1.599999999999999645 ) ) ;
#202 = EDGE_CURVE ( 'NONE', #2888, #3272, #3410, .T. ) ;
#203 = ADVANCED_FACE ( 'NONE', ( #3851 ), #1161, .F. ) ;
#204 = VERTEX_POINT ( 'NONE', #2394 ) ;
#205 = ORIENTED_EDGE ( 'NONE', *, *, #2152, .T. ) ;
#206 = LINE ( 'NONE', #2510, #2329 ) ;
#207 = LINE ( 'NONE', #1938, #5560 ) ;
#208 = LINE ( 'NONE', #5447, #3564 ) ;
#209 = LINE ( 'NONE', #5690, #1873 ) ;
#210 = ORIENTED_EDGE ( 'NONE', *, *, #5624, .F. ) ;
#211 = CARTESIAN_POINT ( 'NONE',  ( 1.085000000000000187, 0.6300000000000001155, -1.349999999999999645 ) ) ;
#212 = EDGE_LOOP ( 'NONE', ( #3381, #1276, #118, #3586, #3995, #2325, #4922, #160 ) ) ;
#213 = DIRECTION ( 'NONE',  ( 0.000000000000000000, -1.000000000000000000, 0.000000000000000000 ) ) ;
#214 = ADVANCED_FACE ( 'NONE', ( #2421 ), #3320, .F. ) ;
#215 = FACE_OUTER_BOUND ( 'NONE', #818, .T. ) ;
#216 = ORIENTED_EDGE ( 'NONE', *, *, #3972, .F. ) ;
#217 = ORIENTED_EDGE ( 'NONE', *, *, #5616, .T. ) ;
#218 = ORIENTED_EDGE ( 'NONE', *, *, #446, .F. ) ;
#219 = PLANE ( 'NONE',  #4729 ) ;
#220 = ADVANCED_FACE ( 'NONE', ( #5118 ), #1047, .F. ) ;
#221 = DIRECTION ( 'NONE',  ( 0.000000000000000000, -1.000000000000000000, 0.000000000000000000 ) ) ;
#222 = CARTESIAN_POINT ( 'NONE',  ( -2.540000000000000924, 0.6300000000000003375, 1.564999999999998614 ) ) ;
#223 = ORIENTED_EDGE ( 'NONE', *, *, #1163, .F. ) ;
#224 = VERTEX_POINT ( 'NONE', #2964 ) ;
#225 = AXIS2_PLACEMENT_3D ( 'NONE', #775, #2600, #690 ) ;
#226 = EDGE_CURVE ( 'NONE', #2515, #4589, #1972, .T. ) ;
#227 = DIRECTION ( 'NONE',  ( 1.000000000000000000, 0.000000000000000000, 0.000000000000000000 ) ) ;
#228 = DIRECTION ( 'NONE',  ( -1.000000000000000000, -0.000000000000000000, -0.000000000000000000 ) ) ;
#229 = DIRECTION ( 'NONE',  ( 0.000000000000000000, -1.000000000000000000, 0.000000000000000000 ) ) ;
#230 = CARTESIAN_POINT ( 'NONE',  ( 2.130000000000000338, 0.03499999999999998251, -1.350000000000000089 ) ) ;
#231 = AXIS2_PLACEMENT_3D ( 'NONE', #2987, #4789, #1270 ) ;
#232 = ORIENTED_EDGE ( 'NONE', *, *, #5225, .F. ) ;
#233 = CARTESIAN_POINT ( 'NONE',  ( -2.540000000000000924, 0.6300000000000003375, 1.564999999999998614 ) ) ;
#234 = VECTOR ( 'NONE', #753, 1000.000000000000000 ) ;
#235 = EDGE_CURVE ( 'NONE', #1587, #3335, #2873, .T. ) ;
#236 = VECTOR ( 'NONE', #4843, 1000.000000000000000 ) ;
#237 = CARTESIAN_POINT ( 'NONE',  ( -1.679999999999999938, -1.084202172485504434E-16, 1.349999999999999645 ) ) ;
#238 = VECTOR ( 'NONE', #2236, 1000.000000000000000 ) ;
#239 = CARTESIAN_POINT ( 'NONE',  ( -1.454999999999999849, 0.6299999999999997824, -0.9749999999999995337 ) ) ;
#240 = ORIENTED_EDGE ( 'NONE', *, *, #3233, .F. ) ;
#241 = VECTOR ( 'NONE', #1487, 1000.000000000000000 ) ;
#242 = VERTEX_POINT ( 'NONE', #4677 ) ;
#243 = VECTOR ( 'NONE', #1150, 1000.000000000000000 ) ;
#244 = DIRECTION ( 'NONE',  ( -1.606225440719266367E-16, -0.000000000000000000, -1.000000000000000000 ) ) ;
#245 = CARTESIAN_POINT ( 'NONE',  ( 1.085000000000000631, 0.6300000000000000044, 1.564999999999999503 ) ) ;
#246 = ORIENTED_EDGE ( 'NONE', *, *, #2507, .F. ) ;
#247 = ORIENTED_EDGE ( 'NONE', *, *, #1932, .F. ) ;
#248 = ORIENTED_EDGE ( 'NONE', *, *, #2644, .F. ) ;
#249 = VECTOR ( 'NONE', #5305, 1000.000000000000000 ) ;
#250 = PRESENTATION_STYLE_ASSIGNMENT (( #5194 ) ) ;
#251 = DIRECTION ( 'NONE',  ( 0.000000000000000000, 0.000000000000000000, -1.000000000000000000 ) ) ;
#252 = CARTESIAN_POINT ( 'NONE',  ( -1.454999999999999849, 0.6300000000000003375, -1.564999999999999503 ) ) ;
#253 = ORIENTED_EDGE ( 'NONE', *, *, #3420, .T. ) ;
#254 = ORIENTED_EDGE ( 'NONE', *, *, #2387, .T. ) ;
#255 = EDGE_CURVE ( 'NONE', #2952, #3142, #5597, .T. ) ;
#256 = VECTOR ( 'NONE', #3567, 1000.000000000000000 ) ;
#257 = PLANE ( 'NONE',  #5201 ) ;
#258 = CARTESIAN_POINT ( 'NONE',  ( -2.129999999999999893, 0.6299999999999997824, 0.9749999999999995337 ) ) ;
#259 = FACE_OUTER_BOUND ( 'NONE', #3852, .T. ) ;
#260 = LINE ( 'NONE', #5787, #3093 ) ;
#261 = VECTOR ( 'NONE', #1432, 1000.000000000000000 ) ;
#262 = VECTOR ( 'NONE', #2075, 1000.000000000000000 ) ;
#263 = PLANE ( 'NONE',  #4039 ) ;
#264 = FILL_AREA_STYLE ('',( #1719 ) ) ;
#265 = EDGE_CURVE ( 'NONE', #4079, #2404, #5148, .T. ) ;
#266 = CARTESIAN_POINT ( 'NONE',  ( 1.085000000000000187, 0.03499999999999999639, -1.099999999999999645 ) ) ;
#267 = VERTEX_POINT ( 'NONE', #5765 ) ;
#268 = LINE ( 'NONE', #2091, #2909 ) ;
#269 = VERTEX_POINT ( 'NONE', #1219 ) ;
#270 = PLANE ( 'NONE',  #722 ) ;
#271 = LINE ( 'NONE', #1643, #3080 ) ;
#272 = EDGE_CURVE ( 'NONE', #4555, #1374, #5711, .T. ) ;
#273 = EDGE_CURVE ( 'NONE', #2318, #1053, #2624, .T. ) ;
#274 = VERTEX_POINT ( 'NONE', #2545 ) ;
#275 = ORIENTED_EDGE ( 'NONE', *, *, #4822, .F. ) ;
#276 = CARTESIAN_POINT ( 'NONE',  ( -2.130000000000000338, 0.6650000000000000355, -1.599999999999999423 ) ) ;
#277 = CARTESIAN_POINT ( 'NONE',  ( -0.1849999999999998312, 0.03499999999999999639, 1.564999999999999503 ) ) ;
#278 = CARTESIAN_POINT ( 'NONE',  ( 2.130000000000000338, 0.6650000000000000355, -1.599999999999999645 ) ) ;
#279 = ORIENTED_EDGE ( 'NONE', *, *, #542, .T. ) ;
#280 = ORIENTED_EDGE ( 'NONE', *, *, #2459, .T. ) ;
#281 = DIRECTION ( 'NONE',  ( -9.637352644315618416E-16, 0.000000000000000000, -1.000000000000000000 ) ) ;
#282 = CARTESIAN_POINT ( 'NONE',  ( -0.1849999999999998312, 0.6299999999999997824, 0.9749999999999995337 ) ) ;
#283 = PLANE ( 'NONE',  #522 ) ;
#284 = CARTESIAN_POINT ( 'NONE',  ( -1.454999999999999405, 0.6299999999999997824, 1.349999999999998979 ) ) ;
#285 = ADVANCED_FACE ( 'NONE', ( #3489 ), #4352, .F. ) ;
#286 = CARTESIAN_POINT ( 'NONE',  ( -1.454999999999999849, 0.03499999999999999639, 1.564999999999999503 ) ) ;
#287 = DIRECTION ( 'NONE',  ( 0.000000000000000000, 0.000000000000000000, -1.000000000000000000 ) ) ;
#288 = DIRECTION ( 'NONE',  ( -1.000000000000000000, -0.000000000000000000, -0.000000000000000000 ) ) ;
#289 = ORIENTED_EDGE ( 'NONE', *, *, #763, .F. ) ;
#290 = CARTESIAN_POINT ( 'NONE',  ( 0.8600000000000003197, 0.6650000000000000355, -0.9749999999999995337 ) ) ;
#291 = ADVANCED_FACE ( 'NONE', ( #2593 ), #4846, .F. ) ;
#292 = EDGE_LOOP ( 'NONE', ( #2416, #2496, #5171, #502 ) ) ;
#293 = DIRECTION ( 'NONE',  ( -1.000000000000000000, 0.000000000000000000, -0.000000000000000000 ) ) ;
#294 = CARTESIAN_POINT ( 'NONE',  ( -2.540000000000000924, 0.6300000000000003375, -1.564999999999999503 ) ) ;
#295 = ORIENTED_EDGE ( 'NONE', *, *, #3197, .T. ) ;
#296 = ORIENTED_EDGE ( 'NONE', *, *, #1584, .T. ) ;
#297 = FACE_OUTER_BOUND ( 'NONE', #2945, .T. ) ;
#298 = PRODUCT_RELATED_PRODUCT_CATEGORY ( 'part', '', ( #3575 ) ) ;
#299 = DIRECTION ( 'NONE',  ( -1.000000000000000000, -0.000000000000000000, 0.000000000000000000 ) ) ;
#300 = ADVANCED_FACE ( 'NONE', ( #349 ), #3961, .F. ) ;
#301 = DIRECTION ( 'NONE',  ( -2.168404344971008868E-16, 0.000000000000000000, -1.000000000000000000 ) ) ;
#302 = CARTESIAN_POINT ( 'NONE',  ( 2.130000000000000338, -1.084202172485504434E-16, -1.099999999999999645 ) ) ;
#303 = VERTEX_POINT ( 'NONE', #4435 ) ;
#304 = ORIENTED_EDGE ( 'NONE', *, *, #2280, .F. ) ;
#305 = CARTESIAN_POINT ( 'NONE',  ( 0.4100000000000000866, -1.084202172485504434E-16, -1.349999999999999645 ) ) ;
#306 = CARTESIAN_POINT ( 'NONE',  ( 1.680000000000000160, 0.6650000000000000355, 0.9749999999999995337 ) ) ;
#307 = DIRECTION ( 'NONE',  ( 1.000000000000000000, 0.000000000000000000, -0.000000000000000000 ) ) ;
#308 = LINE ( 'NONE', #3874, #800 ) ;
#309 = VECTOR ( 'NONE', #4118, 1000.000000000000000 ) ;
#310 = CARTESIAN_POINT ( 'NONE',  ( 2.505000000000002114, 0.6999999999999998446, 1.076666666666666217 ) ) ;
#311 = CARTESIAN_POINT ( 'NONE',  ( 0.8600000000000003197, 0.6650000000000000355, 1.599999999999999645 ) ) ;
#312 = AXIS2_PLACEMENT_3D ( 'NONE', #3759, #92, #1016 ) ;
#313 = CARTESIAN_POINT ( 'NONE',  ( 1.085000000000000187, 0.000000000000000000, 0.000000000000000000 ) ) ;
#314 = ORIENTED_EDGE ( 'NONE', *, *, #2020, .F. ) ;
#315 = VECTOR ( 'NONE', #3217, 1000.000000000000000 ) ;
#316 = VECTOR ( 'NONE', #5410, 1000.000000000000000 ) ;
#317 = DIRECTION ( 'NONE',  ( -0.000000000000000000, -1.000000000000000000, -0.000000000000000000 ) ) ;
#318 = ADVANCED_FACE ( 'NONE', ( #4464 ), #768, .F. ) ;
#319 = DIRECTION ( 'NONE',  ( 0.000000000000000000, 0.000000000000000000, 1.000000000000000000 ) ) ;
#320 = EDGE_LOOP ( 'NONE', ( #3352, #5416, #5718, #3291, #1757, #730, #1722, #1121 ) ) ;
#321 = VECTOR ( 'NONE', #1913, 1000.000000000000000 ) ;
#322 = CARTESIAN_POINT ( 'NONE',  ( 2.355000000000000426, 0.6650000000000000355, 0.9749999999999995337 ) ) ;
#323 = VECTOR ( 'NONE', #4117, 1000.000000000000000 ) ;
#324 = CARTESIAN_POINT ( 'NONE',  ( 0.000000000000000000, 0.6300000000000000044, -1.099999999999999867 ) ) ;
#325 = VERTEX_POINT ( 'NONE', #5735 ) ;
#326 = ADVANCED_FACE ( 'NONE', ( #3903 ), #1191, .F. ) ;
#327 = ORIENTED_EDGE ( 'NONE', *, *, #5063, .T. ) ;
#328 = VERTEX_POINT ( 'NONE', #1274 ) ;
#329 = DIRECTION ( 'NONE',  ( 0.000000000000000000, -1.000000000000000000, 0.000000000000000000 ) ) ;
#330 = AXIS2_PLACEMENT_3D ( 'NONE', #5489, #1896, #4127 ) ;
#331 = LINE ( 'NONE', #2155, #5757 ) ;
#332 = LINE ( 'NONE', #2099, #4703 ) ;
#333 = CARTESIAN_POINT ( 'NONE',  ( 2.355000000000000426, 0.6650000000000000355, 1.349999999999999201 ) ) ;
#334 = EDGE_LOOP ( 'NONE', ( #5685, #5390, #3868, #1968 ) ) ;
#335 = EDGE_CURVE ( 'NONE', #2372, #1260, #3101, .T. ) ;
#336 = ORIENTED_EDGE ( 'NONE', *, *, #4978, .F. ) ;
#337 = EDGE_CURVE ( 'NONE', #3807, #3427, #3019, .T. ) ;
#338 = VECTOR ( 'NONE', #1678, 1000.000000000000000 ) ;
#339 = LINE ( 'NONE', #4781, #5483 ) ;
#340 = CARTESIAN_POINT ( 'NONE',  ( 2.505000000000002114, 0.6766666666666666385, 1.076666666666666217 ) ) ;
#341 = DIRECTION ( 'NONE',  ( 0.000000000000000000, -1.000000000000000000, 0.000000000000000000 ) ) ;
#342 = DIRECTION ( 'NONE',  ( -0.000000000000000000, 1.000000000000000000, -0.000000000000000000 ) ) ;
#343 = ORIENTED_EDGE ( 'NONE', *, *, #2448, .F. ) ;
#344 =( GEOMETRIC_REPRESENTATION_CONTEXT ( 3 ) GLOBAL_UNCERTAINTY_ASSIGNED_CONTEXT ( ( #2084 ) ) GLOBAL_UNIT_ASSIGNED_CONTEXT ( ( #129, #3692, #80 ) ) REPRESENTATION_CONTEXT ( 'NONE', 'WORKASPACE' ) );
#345 = VECTOR ( 'NONE', #3213, 1000.000000000000000 ) ;
#346 = EDGE_CURVE ( 'NONE', #988, #2991, #1665, .T. ) ;
#347 = CARTESIAN_POINT ( 'NONE',  ( 2.130000000000000338, 0.6299999999999997824, -0.9749999999999995337 ) ) ;
#348 = VECTOR ( 'NONE', #813, 1000.000000000000000 ) ;
#349 = FACE_OUTER_BOUND ( 'NONE', #1366, .T. ) ;
#350 = ORIENTED_EDGE ( 'NONE', *, *, #5216, .T. ) ;
#351 = ORIENTED_EDGE ( 'NONE', *, *, #1745, .T. ) ;
#352 = VECTOR ( 'NONE', #1960, 1000.000000000000000 ) ;
#353 = CARTESIAN_POINT ( 'NONE',  ( 1.680000000000000160, -1.084202172485504434E-16, 1.349999999999999645 ) ) ;
#354 = CARTESIAN_POINT ( 'NONE',  ( 1.085000000000000187, 0.03499999999999999639, -1.099999999999999867 ) ) ;
#355 = ORIENTED_EDGE ( 'NONE', *, *, #5710, .T. ) ;
#356 = CARTESIAN_POINT ( 'NONE',  ( 1.455000000000000959, -1.084202172485504434E-16, 1.600000000000000311 ) ) ;
#357 = DIRECTION ( 'NONE',  ( -0.000000000000000000, -0.000000000000000000, -1.000000000000000000 ) ) ;
#358 = ADVANCED_FACE ( 'NONE', ( #1750 ), #2139, .F. ) ;
#359 = ORIENTED_EDGE ( 'NONE', *, *, #3499, .F. ) ;
#360 = ORIENTED_EDGE ( 'NONE', *, *, #4680, .T. ) ;
#361 = CARTESIAN_POINT ( 'NONE',  ( 1.085000000000000187, -1.469576158976823553E-16, -1.599999999999999645 ) ) ;
#362 = LINE ( 'NONE', #2669, #4900 ) ;
#363 = CARTESIAN_POINT ( 'NONE',  ( 0.4100000000000000866, 0.6299999999999995604, -1.349999999999999645 ) ) ;
#364 = CARTESIAN_POINT ( 'NONE',  ( -0.1849999999999998312, 0.6299999999999997824, 1.349999999999999645 ) ) ;
#365 = ORIENTED_EDGE ( 'NONE', *, *, #1692, .T. ) ;
#366 = ORIENTED_EDGE ( 'NONE', *, *, #2508, .T. ) ;
#367 = LINE ( 'NONE', #459, #1683 ) ;
#368 = CARTESIAN_POINT ( 'NONE',  ( -1.679999999999999938, 0.6649999999999998135, 1.349999999999999645 ) ) ;
#369 = ADVANCED_FACE ( 'NONE', ( #4824 ), #4792, .T. ) ;
#370 = CARTESIAN_POINT ( 'NONE',  ( 1.085000000000000187, 0.03499999999999999639, 1.564999999999999503 ) ) ;
#371 = VERTEX_POINT ( 'NONE', #4870 ) ;
#372 = DIRECTION ( 'NONE',  ( 0.000000000000000000, 1.000000000000000000, 0.000000000000000000 ) ) ;
#373 = PRESENTATION_STYLE_ASSIGNMENT (( #4844 ) ) ;
#374 = EDGE_CURVE ( 'NONE', #4973, #4597, #5294, .T. ) ;
#375 = EDGE_CURVE ( 'NONE', #4666, #204, #3519, .T. ) ;
#376 = DIRECTION ( 'NONE',  ( -0.000000000000000000, 1.000000000000000000, -0.000000000000000000 ) ) ;
#377 = ORIENTED_EDGE ( 'NONE', *, *, #1332, .F. ) ;
#378 = ORIENTED_EDGE ( 'NONE', *, *, #1874, .T. ) ;
#379 = FACE_OUTER_BOUND ( 'NONE', #2111, .T. ) ;
#380 = DIRECTION ( 'NONE',  ( -1.000000000000000000, -0.000000000000000000, 0.000000000000000000 ) ) ;
#381 = ORIENTED_EDGE ( 'NONE', *, *, #5424, .T. ) ;
#382 = CARTESIAN_POINT ( 'NONE',  ( 0.1850000000000002753, 0.6650000000000000355, 1.599999999999999645 ) ) ;
#383 = DIRECTION ( 'NONE',  ( 1.000000000000000000, 0.000000000000000000, 0.000000000000000000 ) ) ;
#384 = VERTEX_POINT ( 'NONE', #3337 ) ;
#385 = ORIENTED_EDGE ( 'NONE', *, *, #3123, .T. ) ;
#386 = CARTESIAN_POINT ( 'NONE',  ( -1.084999999999999742, -1.469576158976823553E-16, 1.599999999999999645 ) ) ;
#387 = EDGE_LOOP ( 'NONE', ( #883, #3762, #1934, #246 ) ) ;
#388 = DIRECTION ( 'NONE',  ( -1.000000000000000000, -0.000000000000000000, -0.000000000000000000 ) ) ;
#389 = CARTESIAN_POINT ( 'NONE',  ( 0.8600000000000003197, 0.03499999999999999639, 1.564999999999999503 ) ) ;
#390 = PLANE ( 'NONE',  #3223 ) ;
#391 = ORIENTED_EDGE ( 'NONE', *, *, #5111, .F. ) ;
#392 = ORIENTED_EDGE ( 'NONE', *, *, #5088, .F. ) ;
#393 = CARTESIAN_POINT ( 'NONE',  ( 1.455000000000000071, 0.6299999999999997824, 1.349999999999999645 ) ) ;
#394 = EDGE_CURVE ( 'NONE', #1151, #4646, #3159, .T. ) ;
#395 = LINE ( 'NONE', #1777, #2638 ) ;
#396 = CARTESIAN_POINT ( 'NONE',  ( 0.1850000000000006917, 0.03499999999999944128, -1.564999999999998170 ) ) ;
#397 = VERTEX_POINT ( 'NONE', #2229 ) ;
#398 = EDGE_CURVE ( 'NONE', #1365, #2860, #4054, .T. ) ;
#399 = VECTOR ( 'NONE', #5344, 1000.000000000000000 ) ;
#400 = DIRECTION ( 'NONE',  ( 1.000000000000000000, 0.000000000000000000, 0.000000000000000000 ) ) ;
#401 = CARTESIAN_POINT ( 'NONE',  ( 2.130000000000000338, -1.084202172485504434E-16, -1.350000000000000089 ) ) ;
#402 = LINE ( 'NONE', #58, #2360 ) ;
#403 = VERTEX_POINT ( 'NONE', #4580 ) ;
#404 = EDGE_LOOP ( 'NONE', ( #1787, #4473, #1450, #5855 ) ) ;
#405 = VECTOR ( 'NONE', #5353, 1000.000000000000000 ) ;
#406 = EDGE_CURVE ( 'NONE', #3740, #1681, #402, .T. ) ;
#407 = CARTESIAN_POINT ( 'NONE',  ( 2.540000000000001812, 0.03499999999999999639, -1.564999999999998614 ) ) ;
#408 = LINE ( 'NONE', #3524, #2934 ) ;
#409 = CARTESIAN_POINT ( 'NONE',  ( 4.741113354645781541, 0.6650000000000002576, -1.099999999999999645 ) ) ;
#410 = ORIENTED_EDGE ( 'NONE', *, *, #4477, .T. ) ;
#411 = CARTESIAN_POINT ( 'NONE',  ( -0.8599999999999998757, -1.084202172485504434E-16, 1.349999999999999645 ) ) ;
#412 = CARTESIAN_POINT ( 'NONE',  ( 0.4100000000000000866, -1.084202172485504434E-16, 1.349999999999999645 ) ) ;
#413 = VECTOR ( 'NONE', #5659, 1000.000000000000000 ) ;
#414 = VECTOR ( 'NONE', #5247, 1000.000000000000000 ) ;
#415 = CARTESIAN_POINT ( 'NONE',  ( 2.540000000000001812, 0.03499999999999999639, 1.564999999999999503 ) ) ;
#416 = ORIENTED_EDGE ( 'NONE', *, *, #5564, .T. ) ;
#417 = VECTOR ( 'NONE', #4264, 1000.000000000000000 ) ;
#418 = LINE ( 'NONE', #1704, #2937 ) ;
#419 = EDGE_LOOP ( 'NONE', ( #4734, #4772, #3830, #5426, #1134, #5430, #5151, #5632 ) ) ;
#420 = AXIS2_PLACEMENT_3D ( 'NONE', #4372, #2107, #1240 ) ;
#421 = DIRECTION ( 'NONE',  ( 0.000000000000000000, 1.000000000000000000, -0.000000000000000000 ) ) ;
#422 = AXIS2_PLACEMENT_3D ( 'NONE', #2680, #1746, #860 ) ;
#423 = DIRECTION ( 'NONE',  ( -0.000000000000000000, 0.000000000000000000, 1.000000000000000000 ) ) ;
#424 = FACE_OUTER_BOUND ( 'NONE', #718, .T. ) ;
#425 = AXIS2_PLACEMENT_3D ( 'NONE', #4864, #5284, #759 ) ;
#426 = ORIENTED_EDGE ( 'NONE', *, *, #2118, .T. ) ;
#427 = LINE ( 'NONE', #2256, #3116 ) ;
#428 = STYLED_ITEM ( 'NONE', ( #373 ), #5525 ) ;
#429 = DIRECTION ( 'NONE',  ( 1.000000000000000000, 0.000000000000000000, 0.000000000000000000 ) ) ;
#430 = DIRECTION ( 'NONE',  ( -1.000000000000000222, 0.000000000000000000, 0.000000000000000000 ) ) ;
#431 = CARTESIAN_POINT ( 'NONE',  ( 2.540000000000001812, 0.6650000000000000355, -1.599999999999999645 ) ) ;
#432 = ORIENTED_EDGE ( 'NONE', *, *, #3764, .F. ) ;
#433 = AXIS2_PLACEMENT_3D ( 'NONE', #3172, #781, #3559 ) ;
#434 = EDGE_CURVE ( 'NONE', #4536, #1560, #5662, .T. ) ;
#435 = FACE_OUTER_BOUND ( 'NONE', #2178, .T. ) ;
#436 = VECTOR ( 'NONE', #2703, 1000.000000000000000 ) ;
#437 = PLANE ( 'NONE',  #4427 ) ;
#438 = DIRECTION ( 'NONE',  ( 0.000000000000000000, 1.000000000000000000, -0.000000000000000000 ) ) ;
#439 = ORIENTED_EDGE ( 'NONE', *, *, #5034, .F. ) ;
#440 = ORIENTED_EDGE ( 'NONE', *, *, #1395, .T. ) ;
#441 = DIRECTION ( 'NONE',  ( 0.000000000000000000, 1.000000000000000000, -0.000000000000000000 ) ) ;
#442 = VECTOR ( 'NONE', #380, 1000.000000000000000 ) ;
#443 = CARTESIAN_POINT ( 'NONE',  ( -0.1849999999999998312, -8.572527594031470725E-17, -1.099999999999999645 ) ) ;
#444 = CARTESIAN_POINT ( 'NONE',  ( -1.454999999999999849, 0.000000000000000000, 0.000000000000000000 ) ) ;
#445 = DIRECTION ( 'NONE',  ( 0.000000000000000000, 0.000000000000000000, -1.000000000000000000 ) ) ;
#446 = EDGE_CURVE ( 'NONE', #5802, #2034, #2713, .T. ) ;
#447 = CARTESIAN_POINT ( 'NONE',  ( -1.679999999999999938, 0.6650000000000000355, -0.9749999999999995337 ) ) ;
#448 = CARTESIAN_POINT ( 'NONE',  ( 2.505000000000002114, 0.6650000000000000355, 1.099999999999999645 ) ) ;
#449 = ORIENTED_EDGE ( 'NONE', *, *, #5474, .T. ) ;
#450 = ADVANCED_BREP_SHAPE_REPRESENTATION ( '', ( #1660, #1601, #1634, #5525, #1577, #3621, #3566, #5507, #1689, #3608, #2544 ), #3301 ) ;
#451 = EDGE_LOOP ( 'NONE', ( #279, #144, #2771, #2260 ) ) ;
#452 = CARTESIAN_POINT ( 'NONE',  ( -0.1849999999999998312, -1.469576158976823553E-16, -1.599999999999999645 ) ) ;
#453 = CARTESIAN_POINT ( 'NONE',  ( -1.084999999999999742, 0.03499999999999999639, -1.349999999999999645 ) ) ;
#454 = LINE ( 'NONE', #5452, #2077 ) ;
#455 = EDGE_CURVE ( 'NONE', #681, #5490, #5853, .T. ) ;
#456 = ADVANCED_FACE ( 'NONE', ( #4956 ), #950, .F. ) ;
#457 = DIRECTION ( 'NONE',  ( -1.000000000000000000, 0.000000000000000000, 1.707404996040163525E-16 ) ) ;
#458 = ORIENTED_EDGE ( 'NONE', *, *, #5188, .T. ) ;
#459 = CARTESIAN_POINT ( 'NONE',  ( -2.129999999999999893, 0.6650000000000000355, 1.599999999999999867 ) ) ;
#460 = DIRECTION ( 'NONE',  ( -0.000000000000000000, 0.000000000000000000, 1.000000000000000000 ) ) ;
#461 = APPLICATION_PROTOCOL_DEFINITION ( 'draft international standard', 'automotive_design', 1998, #5018 ) ;
#462 = DIRECTION ( 'NONE',  ( 0.000000000000000000, -1.000000000000000000, 0.000000000000000000 ) ) ;
#463 = ORIENTED_EDGE ( 'NONE', *, *, #3251, .T. ) ;
#464 = DIRECTION ( 'NONE',  ( 1.000000000000000000, 0.000000000000000000, 0.000000000000000000 ) ) ;
#465 = CARTESIAN_POINT ( 'NONE',  ( -1.679999999999999938, 0.6649999999999998135, -1.349999999999999645 ) ) ;
#466 = EDGE_CURVE ( 'NONE', #1146, #5802, #24, .T. ) ;
#467 = LINE ( 'NONE', #2296, #4430 ) ;
#468 = ORIENTED_EDGE ( 'NONE', *, *, #1861, .F. ) ;
#469 = ORIENTED_EDGE ( 'NONE', *, *, #931, .F. ) ;
#470 = CARTESIAN_POINT ( 'NONE',  ( 0.8600000000000003197, 0.03499999999999999639, -1.099999999999999645 ) ) ;
#471 = PLANE ( 'NONE',  #1407 ) ;
#472 = CARTESIAN_POINT ( 'NONE',  ( 1.085000000000000409, 0.6300000000000000044, 1.100000000000000311 ) ) ;
#473 = PLANE ( 'NONE',  #905 ) ;
#474 = LINE ( 'NONE', #5026, #1461 ) ;
#475 = VERTEX_POINT ( 'NONE', #1309 ) ;
#476 = VERTEX_POINT ( 'NONE', #2684 ) ;
#477 = EDGE_CURVE ( 'NONE', #3298, #3870, #3638, .T. ) ;
#478 = ORIENTED_EDGE ( 'NONE', *, *, #5051, .F. ) ;
#479 = DIRECTION ( 'NONE',  ( 0.000000000000000000, 0.000000000000000000, -1.000000000000000000 ) ) ;
#480 = CARTESIAN_POINT ( 'NONE',  ( -0.4099999999999997535, -1.084202172485504434E-16, 1.349999999999999645 ) ) ;
#481 = CARTESIAN_POINT ( 'NONE',  ( -0.8599999999999998757, 0.6299999999999997824, 0.9749999999999995337 ) ) ;
#482 = LINE ( 'NONE', #1471, #719 ) ;
#483 = ORIENTED_EDGE ( 'NONE', *, *, #912, .F. ) ;
#484 = EDGE_CURVE ( 'NONE', #1534, #2482, #4553, .T. ) ;
#485 = EDGE_CURVE ( 'NONE', #4718, #3628, #4489, .T. ) ;
#486 = LINE ( 'NONE', #2767, #345 ) ;
#487 = LINE ( 'NONE', #3539, #1203 ) ;
#488 = LINE ( 'NONE', #2221, #2907 ) ;
#489 = VERTEX_POINT ( 'NONE', #2267 ) ;
#490 = DIRECTION ( 'NONE',  ( 0.000000000000000000, 1.000000000000000000, 0.000000000000000000 ) ) ;
#491 = LINE ( 'NONE', #3158, #3578 ) ;
#492 = CARTESIAN_POINT ( 'NONE',  ( -0.1849999999999998312, 0.000000000000000000, 1.349999999999999645 ) ) ;
#493 = ORIENTED_EDGE ( 'NONE', *, *, #3076, .T. ) ;
#494 = VERTEX_POINT ( 'NONE', #4694 ) ;
#495 = EDGE_CURVE ( 'NONE', #4991, #4862, #2443, .T. ) ;
#496 = LINE ( 'NONE', #89, #1185 ) ;
#497 = EDGE_CURVE ( 'NONE', #4283, #4461, #3132, .T. ) ;
#498 = PLANE ( 'NONE',  #4733 ) ;
#499 = LINE ( 'NONE', #3256, #2049 ) ;
#500 = CARTESIAN_POINT ( 'NONE',  ( 1.455000000000000071, 0.000000000000000000, 1.349999999999999645 ) ) ;
#501 = AXIS2_PLACEMENT_3D ( 'NONE', #4499, #1410, #4997 ) ;
#502 = ORIENTED_EDGE ( 'NONE', *, *, #3248, .T. ) ;
#503 = ORIENTED_EDGE ( 'NONE', *, *, #2702, .T. ) ;
#504 = ADVANCED_FACE ( 'NONE', ( #2889 ), #613, .F. ) ;
#505 = ORIENTED_EDGE ( 'NONE', *, *, #4493, .F. ) ;
#506 = DIRECTION ( 'NONE',  ( -4.336808689942017736E-16, 0.000000000000000000, -1.000000000000000000 ) ) ;
#507 = STYLED_ITEM ( 'NONE', ( #3289 ), #1660 ) ;
#508 = CARTESIAN_POINT ( 'NONE',  ( -1.084999999999999742, -8.572527594031470725E-17, -1.099999999999999645 ) ) ;
#509 = CARTESIAN_POINT ( 'NONE',  ( -1.454999999999999849, -1.084202172485504434E-16, 1.349999999999999645 ) ) ;
#510 = VECTOR ( 'NONE', #4821, 1000.000000000000000 ) ;
#511 = CARTESIAN_POINT ( 'NONE',  ( -0.4099999999999997535, 0.6650000000000000355, -0.9749999999999995337 ) ) ;
#512 = ORIENTED_EDGE ( 'NONE', *, *, #4424, .F. ) ;
#513 = VECTOR ( 'NONE', #2317, 1000.000000000000000 ) ;
#514 = VECTOR ( 'NONE', #5526, 1000.000000000000000 ) ;
#515 = LINE ( 'NONE', #1031, #3786 ) ;
#516 = FILL_AREA_STYLE_COLOUR ( '', #2154 ) ;
#517 = VECTOR ( 'NONE', #5533, 1000.000000000000000 ) ;
#518 = FACE_OUTER_BOUND ( 'NONE', #3276, .T. ) ;
#519 = ORIENTED_EDGE ( 'NONE', *, *, #235, .T. ) ;
#520 = EDGE_CURVE ( 'NONE', #5529, #1580, #172, .T. ) ;
#521 = VERTEX_POINT ( 'NONE', #5882 ) ;
#522 = AXIS2_PLACEMENT_3D ( 'NONE', #1609, #307, #3453 ) ;
#523 = LINE ( 'NONE', #5466, #801 ) ;
#524 = VECTOR ( 'NONE', #5502, 1000.000000000000000 ) ;
#525 = DIRECTION ( 'NONE',  ( -1.000000000000000000, -0.000000000000000000, 0.000000000000000000 ) ) ;
#526 = EDGE_CURVE ( 'NONE', #3988, #5149, #2775, .T. ) ;
#527 = ORIENTED_EDGE ( 'NONE', *, *, #2169, .F. ) ;
#528 = ORIENTED_EDGE ( 'NONE', *, *, #3484, .F. ) ;
#529 = VECTOR ( 'NONE', #4655, 1000.000000000000000 ) ;
#530 = LINE ( 'NONE', #1790, #2611 ) ;
#531 = CARTESIAN_POINT ( 'NONE',  ( 1.680000000000000160, 0.03499999999999998251, 1.349999999999999645 ) ) ;
#532 = VECTOR ( 'NONE', #2335, 1000.000000000000000 ) ;
#533 = LINE ( 'NONE', #3705, #321 ) ;
#534 = UNCERTAINTY_MEASURE_WITH_UNIT (LENGTH_MEASURE( 1.000000000000000082E-05 ), #5733, 'distance_accuracy_value', 'NONE');
#535 = LINE ( 'NONE', #34, #3685 ) ;
#536 = ORIENTED_EDGE ( 'NONE', *, *, #3212, .T. ) ;
#537 = VECTOR ( 'NONE', #1300, 1000.000000000000000 ) ;
#538 = VECTOR ( 'NONE', #4930, 1000.000000000000000 ) ;
#539 = FILL_AREA_STYLE_COLOUR ( '', #1946 ) ;
#540 = ORIENTED_EDGE ( 'NONE', *, *, #4456, .T. ) ;
#541 = LINE ( 'NONE', #4186, #5192 ) ;
#542 = EDGE_CURVE ( 'NONE', #489, #5417, #467, .T. ) ;
#543 = VECTOR ( 'NONE', #5411, 1000.000000000000000 ) ;
#544 = CARTESIAN_POINT ( 'NONE',  ( -0.1849999999999998312, 0.6300000000000003375, 1.564999999999999503 ) ) ;
#545 = DIRECTION ( 'NONE',  ( -1.000000000000000000, -0.000000000000000000, 0.000000000000000000 ) ) ;
#546 = ORIENTED_EDGE ( 'NONE', *, *, #406, .F. ) ;
#547 = VECTOR ( 'NONE', #3917, 1000.000000000000000 ) ;
#548 = CARTESIAN_POINT ( 'NONE',  ( 2.505000000000002114, 0.6650000000000002576, -0.9749999999999995337 ) ) ;
#549 = CARTESIAN_POINT ( 'NONE',  ( -0.1849999999999998312, 0.6299999999999997824, -1.099999999999999867 ) ) ;
#550 = PLANE ( 'NONE',  #3939 ) ;
#551 = CARTESIAN_POINT ( 'NONE',  ( -1.454999999999999849, 0.6650000000000000355, -1.349999999999999645 ) ) ;
#552 = VERTEX_POINT ( 'NONE', #1541 ) ;
#553 = ORIENTED_EDGE ( 'NONE', *, *, #3123, .F. ) ;
#554 = ADVANCED_FACE ( 'NONE', ( #5162 ), #3365, .F. ) ;
#555 = CARTESIAN_POINT ( 'NONE',  ( 1.085000000000000187, 0.6650000000000000355, 0.9749999999999995337 ) ) ;
#556 = DIRECTION ( 'NONE',  ( 0.000000000000000000, -0.000000000000000000, -1.000000000000000000 ) ) ;
#557 = CLOSED_SHELL ( 'NONE', ( #5145, #163, #1183, #3039, #5498, #4692, #4239, #5755, #147, #3084, #1798, #2088, #1819, #4495, #300, #2289, #3635, #3396 ) ) ;
#558 = ORIENTED_EDGE ( 'NONE', *, *, #5285, .T. ) ;
#559 = EDGE_LOOP ( 'NONE', ( #4831, #2911, #5648, #2609 ) ) ;
#560 = CARTESIAN_POINT ( 'NONE',  ( 0.8600000000000003197, 0.6299999999999995604, 1.349999999999999645 ) ) ;
#561 = ADVANCED_FACE ( 'NONE', ( #43 ), #4629, .F. ) ;
#562 = CARTESIAN_POINT ( 'NONE',  ( 0.8600000000000003197, 0.6650000000000000355, -0.9749999999999995337 ) ) ;
#563 = EDGE_CURVE ( 'NONE', #4678, #3298, #1950, .T. ) ;
#564 = CARTESIAN_POINT ( 'NONE',  ( -0.4099999999999997535, -1.084202172485504434E-16, -1.349999999999999645 ) ) ;
#565 = CARTESIAN_POINT ( 'NONE',  ( 1.085000000000000187, 0.03499999999999999639, 1.349999999999999645 ) ) ;
#566 = DIRECTION ( 'NONE',  ( 0.000000000000000000, -1.000000000000000000, 0.000000000000000000 ) ) ;
#567 = ORIENTED_EDGE ( 'NONE', *, *, #520, .T. ) ;
#568 = SURFACE_STYLE_FILL_AREA ( #3796 ) ;
#569 = VERTEX_POINT ( 'NONE', #1386 ) ;
#570 = CARTESIAN_POINT ( 'NONE',  ( 1.680000000000000160, -1.084202172485504434E-16, 1.349999999999999645 ) ) ;
#571 = CARTESIAN_POINT ( 'NONE',  ( -0.1849999999999998312, 0.03499999999999999639, -1.349999999999999645 ) ) ;
#572 = PLANE ( 'NONE',  #2921 ) ;
#573 = ORIENTED_EDGE ( 'NONE', *, *, #5164, .T. ) ;
#574 = ORIENTED_EDGE ( 'NONE', *, *, #2333, .T. ) ;
#575 = DIRECTION ( 'NONE',  ( -1.000000000000000000, 0.000000000000000000, 0.000000000000000000 ) ) ;
#576 = SURFACE_SIDE_STYLE ('',( #3331 ) ) ;
#577 = LINE ( 'NONE', #607, #3571 ) ;
#578 = PLANE ( 'NONE',  #4150 ) ;
#579 = EDGE_LOOP ( 'NONE', ( #3252, #4256, #5170, #3253 ) ) ;
#580 = ORIENTED_EDGE ( 'NONE', *, *, #3403, .F. ) ;
#581 = EDGE_CURVE ( 'NONE', #5448, #3982, #482, .T. ) ;
#582 = DIRECTION ( 'NONE',  ( 0.000000000000000000, 1.000000000000000000, -0.000000000000000000 ) ) ;
#583 = DIRECTION ( 'NONE',  ( 0.000000000000000000, 1.000000000000000000, 0.000000000000000000 ) ) ;
#584 = CARTESIAN_POINT ( 'NONE',  ( 2.540000000000001812, 0.6300000000000003375, -1.564999999999998614 ) ) ;
#585 = EDGE_CURVE ( 'NONE', #3751, #4144, #2734, .T. ) ;
#586 = EDGE_LOOP ( 'NONE', ( #377, #2972, #3165, #5703 ) ) ;
#587 = ORIENTED_EDGE ( 'NONE', *, *, #955, .F. ) ;
#588 = DIRECTION ( 'NONE',  ( -1.000000000000000000, 0.000000000000000000, 0.000000000000000000 ) ) ;
#589 = FACE_OUTER_BOUND ( 'NONE', #2881, .T. ) ;
#590 = CARTESIAN_POINT ( 'NONE',  ( -1.679999999999999938, -1.084202172485504434E-16, 1.349999999999999645 ) ) ;
#591 = SURFACE_STYLE_USAGE ( .BOTH. , #2332 ) ;
#592 = EDGE_CURVE ( 'NONE', #3133, #475, #2823, .T. ) ;
#593 = EDGE_CURVE ( 'NONE', #5767, #371, #1923, .T. ) ;
#594 = CARTESIAN_POINT ( 'NONE',  ( -1.084999999999999520, 0.6300000000000000044, 0.000000000000000000 ) ) ;
#595 = EDGE_LOOP ( 'NONE', ( #4699, #5233, #3336, #5030, #1090, #5504, #170, #5794 ) ) ;
#596 = FACE_OUTER_BOUND ( 'NONE', #1002, .T. ) ;
#597 = ORIENTED_EDGE ( 'NONE', *, *, #744, .T. ) ;
#598 = CARTESIAN_POINT ( 'NONE',  ( -1.679999999999999938, 0.03499999999999998251, 1.349999999999999645 ) ) ;
#599 = DIRECTION ( 'NONE',  ( -1.000000000000000000, 0.000000000000000000, 0.000000000000000000 ) ) ;
#600 = VECTOR ( 'NONE', #1524, 1000.000000000000000 ) ;
#601 = EDGE_CURVE ( 'NONE', #3120, #4189, #2791, .T. ) ;
#602 = ORIENTED_EDGE ( 'NONE', *, *, #2195, .F. ) ;
#603 = ORIENTED_EDGE ( 'NONE', *, *, #3030, .F. ) ;
#604 = ORIENTED_EDGE ( 'NONE', *, *, #5164, .F. ) ;
#605 = DIRECTION ( 'NONE',  ( 0.000000000000000000, 0.000000000000000000, -1.000000000000000000 ) ) ;
#606 = CARTESIAN_POINT ( 'NONE',  ( 4.741113354645781541, 0.6300000000000005596, -0.9749999999999995337 ) ) ;
#607 = CARTESIAN_POINT ( 'NONE',  ( -0.1849999999999998312, -1.469576158976823553E-16, -1.599999999999999645 ) ) ;
#608 = DIRECTION ( 'NONE',  ( -1.000000000000000000, 0.000000000000000000, -0.000000000000000000 ) ) ;
#609 = VERTEX_POINT ( 'NONE', #3739 ) ;
#610 = COLOUR_RGB ( '',0.7921568627450980005, 0.8196078431372548767, 0.9333333333333333481 ) ;
#611 = ORIENTED_EDGE ( 'NONE', *, *, #3814, .T. ) ;
#612 = VECTOR ( 'NONE', #5226, 1000.000000000000000 ) ;
#613 = PLANE ( 'NONE',  #4633 ) ;
#614 = VECTOR ( 'NONE', #1755, 1000.000000000000000 ) ;
#615 = PLANE ( 'NONE',  #3006 ) ;
#616 = VECTOR ( 'NONE', #2870, 1000.000000000000000 ) ;
#617 = CARTESIAN_POINT ( 'NONE',  ( -2.505000000000001226, 0.6999999999999998446, 1.076666666666666217 ) ) ;
#618 = AXIS2_PLACEMENT_3D ( 'NONE', #929, #2893, #5109 ) ;
#619 = LINE ( 'NONE', #1994, #2232 ) ;
#620 = EDGE_CURVE ( 'NONE', #1119, #1320, #2402, .T. ) ;
#621 = VECTOR ( 'NONE', #5343, 1000.000000000000000 ) ;
#622 = EDGE_LOOP ( 'NONE', ( #2205, #3734, #2674, #4804 ) ) ;
#623 = ORIENTED_EDGE ( 'NONE', *, *, #845, .F. ) ;
#624 = LINE ( 'NONE', #2390, #992 ) ;
#625 = CARTESIAN_POINT ( 'NONE',  ( -2.505000000000001226, 0.6650000000000002576, -1.099999999999999645 ) ) ;
#626 = COLOUR_RGB ( '',0.7921568627450980005, 0.8196078431372548767, 0.9333333333333333481 ) ;
#627 = CARTESIAN_POINT ( 'NONE',  ( 4.741113354645781541, 0.6650000000000000355, 0.9749999999999995337 ) ) ;
#628 = CARTESIAN_POINT ( 'NONE',  ( -0.1849999999999998312, 0.6299999999999997824, 1.349999999999999645 ) ) ;
#629 = AXIS2_PLACEMENT_3D ( 'NONE', #5601, #38, #5575 ) ;
#630 = ORIENTED_EDGE ( 'NONE', *, *, #20, .F. ) ;
#631 = FACE_OUTER_BOUND ( 'NONE', #4162, .T. ) ;
#632 = EDGE_CURVE ( 'NONE', #749, #5529, #3713, .T. ) ;
#633 = ORIENTED_EDGE ( 'NONE', *, *, #3074, .T. ) ;
#634 = LINE ( 'NONE', #3382, #1664 ) ;
#635 = AXIS2_PLACEMENT_3D ( 'NONE', #1740, #1391, #2220 ) ;
#636 = DIRECTION ( 'NONE',  ( -0.000000000000000000, 1.000000000000000000, -0.000000000000000000 ) ) ;
#637 = VECTOR ( 'NONE', #1315, 1000.000000000000000 ) ;
#638 = ORIENTED_EDGE ( 'NONE', *, *, #5871, .T. ) ;
#639 = ORIENTED_EDGE ( 'NONE', *, *, #4767, .T. ) ;
#640 = ORIENTED_EDGE ( 'NONE', *, *, #955, .T. ) ;
#641 = LINE ( 'NONE', #1446, #5857 ) ;
#642 = VECTOR ( 'NONE', #3983, 1000.000000000000000 ) ;
#643 = EDGE_CURVE ( 'NONE', #4666, #2968, #2375, .T. ) ;
#644 =( NAMED_UNIT ( * ) PLANE_ANGLE_UNIT ( ) SI_UNIT ( $, .RADIAN. ) );
#645 = EDGE_CURVE ( 'NONE', #2182, #3448, #5543, .T. ) ;
#646 = DIRECTION ( 'NONE',  ( -1.000000000000000000, 0.000000000000000000, 0.000000000000000000 ) ) ;
#647 = DIRECTION ( 'NONE',  ( -0.000000000000000000, -1.000000000000000000, -0.000000000000000000 ) ) ;
#648 = ORIENTED_EDGE ( 'NONE', *, *, #2628, .T. ) ;
#649 = VECTOR ( 'NONE', #1418, 1000.000000000000000 ) ;
#650 = EDGE_LOOP ( 'NONE', ( #5691, #5593, #3981, #296, #5301, #1833, #3687, #1767 ) ) ;
#651 = LINE ( 'NONE', #5202, #4331 ) ;
#652 = PLANE ( 'NONE',  #4713 ) ;
#653 = CARTESIAN_POINT ( 'NONE',  ( -2.540000000000000924, 0.6300000000000003375, 1.564999999999999503 ) ) ;
#654 = ORIENTED_EDGE ( 'NONE', *, *, #5111, .T. ) ;
#655 = ORIENTED_EDGE ( 'NONE', *, *, #884, .T. ) ;
#656 = DIRECTION ( 'NONE',  ( -0.000000000000000000, 0.000000000000000000, 1.000000000000000000 ) ) ;
#657 = ADVANCED_FACE ( 'NONE', ( #5036 ), #994, .F. ) ;
#658 = DIRECTION ( 'NONE',  ( 1.000000000000000000, -0.000000000000000000, 1.707404996040163525E-16 ) ) ;
#659 = CARTESIAN_POINT ( 'NONE',  ( -0.1849999999999998312, 0.03499999999999999639, -1.349999999999999645 ) ) ;
#660 = CARTESIAN_POINT ( 'NONE',  ( 2.540000000000001812, 0.6300000000000003375, -1.564999999999999503 ) ) ;
#661 = ORIENTED_EDGE ( 'NONE', *, *, #4373, .F. ) ;
#662 = DIRECTION ( 'NONE',  ( 0.000000000000000000, 0.000000000000000000, -1.000000000000000000 ) ) ;
#663 = ADVANCED_FACE ( 'NONE', ( #5094 ), #939, .F. ) ;
#664 = ORIENTED_EDGE ( 'NONE', *, *, #1291, .T. ) ;
#665 = DIRECTION ( 'NONE',  ( 1.707404996040163525E-16, 0.000000000000000000, -1.000000000000000000 ) ) ;
#666 = DIRECTION ( 'NONE',  ( 0.000000000000000000, 1.000000000000000000, -0.000000000000000000 ) ) ;
#667 = EDGE_CURVE ( 'NONE', #4666, #403, #2852, .T. ) ;
#668 = ORIENTED_EDGE ( 'NONE', *, *, #5304, .F. ) ;
#669 = VERTEX_POINT ( 'NONE', #511 ) ;
#670 = VERTEX_POINT ( 'NONE', #1353 ) ;
#671 = DIRECTION ( 'NONE',  ( 1.000000000000000000, 0.000000000000000000, -0.000000000000000000 ) ) ;
#672 = DIRECTION ( 'NONE',  ( -0.000000000000000000, 1.000000000000000000, -0.000000000000000000 ) ) ;
#673 = LINE ( 'NONE', #1538, #814 ) ;
#674 = ORIENTED_EDGE ( 'NONE', *, *, #1389, .F. ) ;
#675 = ORIENTED_EDGE ( 'NONE', *, *, #3347, .T. ) ;
#676 = ADVANCED_FACE ( 'NONE', ( #910 ), #572, .T. ) ;
#677 = CARTESIAN_POINT ( 'NONE',  ( 1.455000000000000959, 0.6300000000000000044, 0.000000000000000000 ) ) ;
#678 = CARTESIAN_POINT ( 'NONE',  ( -1.679999999999999938, -1.084202172485504434E-16, -1.349999999999999645 ) ) ;
#679 = FACE_OUTER_BOUND ( 'NONE', #968, .T. ) ;
#680 = FACE_OUTER_BOUND ( 'NONE', #5561, .T. ) ;
#681 = VERTEX_POINT ( 'NONE', #2286 ) ;
#682 = FACE_OUTER_BOUND ( 'NONE', #4201, .T. ) ;
#683 = PLANE ( 'NONE',  #1095 ) ;
#684 = CARTESIAN_POINT ( 'NONE',  ( 1.455000000000000071, 0.000000000000000000, 0.000000000000000000 ) ) ;
#685 = ORIENTED_EDGE ( 'NONE', *, *, #5225, .T. ) ;
#686 = ADVANCED_FACE ( 'NONE', ( #4161 ), #75, .F. ) ;
#687 = CARTESIAN_POINT ( 'NONE',  ( -1.679999999999999938, 0.03499999999999999639, -1.099999999999999645 ) ) ;
#688 = ORIENTED_EDGE ( 'NONE', *, *, #466, .T. ) ;
#689 = DIRECTION ( 'NONE',  ( 0.000000000000000000, 0.000000000000000000, -1.000000000000000000 ) ) ;
#690 = DIRECTION ( 'NONE',  ( -1.000000000000000000, 0.000000000000000000, 0.000000000000000000 ) ) ;
#691 = EDGE_CURVE ( 'NONE', #3891, #1666, #5453, .T. ) ;
#692 = ORIENTED_EDGE ( 'NONE', *, *, #3485, .F. ) ;
#693 = ORIENTED_EDGE ( 'NONE', *, *, #5431, .T. ) ;
#694 = VERTEX_POINT ( 'NONE', #222 ) ;
#695 = CARTESIAN_POINT ( 'NONE',  ( 0.1850000000000002753, 0.03499999999999999639, -1.564999999999999503 ) ) ;
#696 = LINE ( 'NONE', #1125, #1373 ) ;
#697 = DIRECTION ( 'NONE',  ( 1.000000000000000000, 0.000000000000000000, -9.637352644315618416E-16 ) ) ;
#698 = ORIENTED_EDGE ( 'NONE', *, *, #4644, .T. ) ;
#699 = VERTEX_POINT ( 'NONE', #1126 ) ;
#700 = VECTOR ( 'NONE', #1251, 1000.000000000000000 ) ;
#701 = LINE ( 'NONE', #3872, #3498 ) ;
#702 = DIRECTION ( 'NONE',  ( 1.000000000000000000, 0.000000000000000000, 0.000000000000000000 ) ) ;
#703 = EDGE_CURVE ( 'NONE', #724, #2930, #673, .T. ) ;
#704 = FILL_AREA_STYLE ('',( #1156 ) ) ;
#705 = DIRECTION ( 'NONE',  ( 0.000000000000000000, 0.000000000000000000, 1.000000000000000000 ) ) ;
#706 = VECTOR ( 'NONE', #2627, 1000.000000000000000 ) ;
#707 = ORIENTED_EDGE ( 'NONE', *, *, #1075, .F. ) ;
#708 = CARTESIAN_POINT ( 'NONE',  ( -1.679999999999999938, -1.084202172485504434E-16, -1.349999999999999645 ) ) ;
#709 = AXIS2_PLACEMENT_3D ( 'NONE', #2565, #2052, #3012 ) ;
#710 = VECTOR ( 'NONE', #22, 1000.000000000000000 ) ;
#711 = EDGE_CURVE ( 'NONE', #1845, #4621, #2951, .T. ) ;
#712 = ADVANCED_FACE ( 'NONE', ( #5101 ), #578, .F. ) ;
#713 = VECTOR ( 'NONE', #702, 1000.000000000000000 ) ;
#714 = DIRECTION ( 'NONE',  ( 1.606225440719266613E-16, 0.000000000000000000, 1.000000000000000000 ) ) ;
#715 = EDGE_LOOP ( 'NONE', ( #3592, #5766, #2352, #1962 ) ) ;
#716 = LINE ( 'NONE', #2201, #2430 ) ;
#717 = AXIS2_PLACEMENT_3D ( 'NONE', #5017, #85, #5881 ) ;
#718 = EDGE_LOOP ( 'NONE', ( #3895, #1918, #2529, #1675 ) ) ;
#719 = VECTOR ( 'NONE', #3176, 1000.000000000000000 ) ;
#720 = CARTESIAN_POINT ( 'NONE',  ( 0.8600000000000003197, -1.084202172485504434E-16, 1.349999999999999645 ) ) ;
#721 = CARTESIAN_POINT ( 'NONE',  ( 0.1850000000000002753, 0.03499999999999999639, -1.564999999999999503 ) ) ;
#722 = AXIS2_PLACEMENT_3D ( 'NONE', #2031, #2004, #3416 ) ;
#723 = ORIENTED_EDGE ( 'NONE', *, *, #3985, .F. ) ;
#724 = VERTEX_POINT ( 'NONE', #551 ) ;
#725 = AXIS2_PLACEMENT_3D ( 'NONE', #4328, #665, #1079 ) ;
#726 = EDGE_CURVE ( 'NONE', #4554, #3750, #4753, .T. ) ;
#727 = CARTESIAN_POINT ( 'NONE',  ( -1.454999999999999849, 0.03499999999999999639, 1.349999999999999645 ) ) ;
#728 = CARTESIAN_POINT ( 'NONE',  ( 0.1850000000000008027, -1.084202172485504434E-16, 1.600000000000000311 ) ) ;
#729 = LINE ( 'NONE', #5307, #4829 ) ;
#730 = ORIENTED_EDGE ( 'NONE', *, *, #3516, .F. ) ;
#731 = EDGE_LOOP ( 'NONE', ( #3745, #3555, #3205, #2929 ) ) ;
#732 = VECTOR ( 'NONE', #1388, 1000.000000000000000 ) ;
#733 = CARTESIAN_POINT ( 'NONE',  ( -0.8599999999999998757, -1.084202172485504434E-16, 1.349999999999999645 ) ) ;
#734 = CARTESIAN_POINT ( 'NONE',  ( 0.1850000000000003864, -1.084202172485504434E-16, -1.099999999999999867 ) ) ;
#735 = LINE ( 'NONE', #2165, #1288 ) ;
#736 = DIRECTION ( 'NONE',  ( 1.000000000000000000, 0.000000000000000000, 0.000000000000000000 ) ) ;
#737 = EDGE_CURVE ( 'NONE', #4991, #5809, #3334, .T. ) ;
#738 = VECTOR ( 'NONE', #3002, 1000.000000000000000 ) ;
#739 = FACE_OUTER_BOUND ( 'NONE', #2065, .T. ) ;
#740 = CARTESIAN_POINT ( 'NONE',  ( 1.085000000000000187, 0.6300000000000003375, 1.564999999999999503 ) ) ;
#741 = DIRECTION ( 'NONE',  ( -1.000000000000000000, 0.000000000000000000, -0.000000000000000000 ) ) ;
#742 = VERTEX_POINT ( 'NONE', #5550 ) ;
#743 = PRODUCT_DEFINITION ( 'UNKNOWN', '', #3955, #2811 ) ;
#744 = EDGE_CURVE ( 'NONE', #5497, #5666, #169, .T. ) ;
#745 = CARTESIAN_POINT ( 'NONE',  ( 0.4100000000000000866, 0.6650000000000000355, -0.9749999999999995337 ) ) ;
#746 = ORIENTED_EDGE ( 'NONE', *, *, #2170, .F. ) ;
#747 = PLANE ( 'NONE',  #4983 ) ;
#748 = PLANE ( 'NONE',  #225 ) ;
#749 = VERTEX_POINT ( 'NONE', #3806 ) ;
#750 = ORIENTED_EDGE ( 'NONE', *, *, #1772, .T. ) ;
#751 = DIRECTION ( 'NONE',  ( -0.000000000000000000, -0.000000000000000000, 1.000000000000000000 ) ) ;
#752 =( LENGTH_UNIT ( ) NAMED_UNIT ( * ) SI_UNIT ( .MILLI., .METRE. ) );
#753 = DIRECTION ( 'NONE',  ( 0.000000000000000000, 0.000000000000000000, -1.000000000000000000 ) ) ;
#754 = LINE ( 'NONE', #1649, #2942 ) ;
#755 = VERTEX_POINT ( 'NONE', #3835 ) ;
#756 = ORIENTED_EDGE ( 'NONE', *, *, #3484, .T. ) ;
#757 = EDGE_CURVE ( 'NONE', #2904, #3106, #2440, .T. ) ;
#758 = DIRECTION ( 'NONE',  ( 0.000000000000000000, -1.000000000000000000, 0.000000000000000000 ) ) ;
#759 = DIRECTION ( 'NONE',  ( -1.000000000000000000, 0.000000000000000000, -0.000000000000000000 ) ) ;
#760 = CYLINDRICAL_SURFACE ( 'NONE', #5369, 0.02333333333333332399 ) ;
#761 = FACE_OUTER_BOUND ( 'NONE', #5071, .T. ) ;
#762 = UNCERTAINTY_MEASURE_WITH_UNIT (LENGTH_MEASURE( 1.000000000000000082E-05 ), #5121, 'distance_accuracy_value', 'NONE');
#763 = EDGE_CURVE ( 'NONE', #5530, #1483, #1482, .T. ) ;
#764 = FACE_OUTER_BOUND ( 'NONE', #3458, .T. ) ;
#765 = VECTOR ( 'NONE', #2089, 1000.000000000000000 ) ;
#766 = CARTESIAN_POINT ( 'NONE',  ( -1.679999999999999938, -1.084202172485504434E-16, 1.349999999999999645 ) ) ;
#767 = EDGE_CURVE ( 'NONE', #475, #1082, #1060, .T. ) ;
#768 = PLANE ( 'NONE',  #1817 ) ;
#769 = EDGE_LOOP ( 'NONE', ( #83, #3542, #2946, #2626 ) ) ;
#770 = DIRECTION ( 'NONE',  ( 0.000000000000000000, 0.000000000000000000, 1.000000000000000000 ) ) ;
#771 = CARTESIAN_POINT ( 'NONE',  ( 0.1850000000000006917, 6.596850090290522495, 1.564999999999999059 ) ) ;
#772 = ORIENTED_EDGE ( 'NONE', *, *, #434, .T. ) ;
#773 = FACE_OUTER_BOUND ( 'NONE', #3801, .T. ) ;
#774 = EDGE_CURVE ( 'NONE', #4581, #4862, #3393, .T. ) ;
#775 = CARTESIAN_POINT ( 'NONE',  ( 0.4100000000000000866, -1.084202172485504434E-16, -1.349999999999999645 ) ) ;
#776 = ORIENTED_EDGE ( 'NONE', *, *, #4866, .F. ) ;
#777 = ADVANCED_FACE ( 'NONE', ( #4308 ), #2043, .F. ) ;
#778 = ORIENTED_EDGE ( 'NONE', *, *, #4047, .F. ) ;
#779 = ORIENTED_EDGE ( 'NONE', *, *, #12, .F. ) ;
#780 = CARTESIAN_POINT ( 'NONE',  ( -0.4099999999999997535, 0.6299999999999995604, -1.349999999999999645 ) ) ;
#781 = DIRECTION ( 'NONE',  ( -0.000000000000000000, 1.000000000000000000, 1.224646799147352961E-16 ) ) ;
#782 = LINE ( 'NONE', #4418, #2226 ) ;
#783 = DIRECTION ( 'NONE',  ( -1.000000000000000000, -0.000000000000000000, 0.000000000000000000 ) ) ;
#784 = EDGE_CURVE ( 'NONE', #1455, #569, #3867, .T. ) ;
#785 = ORIENTED_EDGE ( 'NONE', *, *, #5293, .F. ) ;
#786 = EDGE_LOOP ( 'NONE', ( #2584, #2211, #5345, #1497 ) ) ;
#787 = UNCERTAINTY_MEASURE_WITH_UNIT (LENGTH_MEASURE( 1.000000000000000082E-05 ), #3792, 'distance_accuracy_value', 'NONE');
#788 = DIRECTION ( 'NONE',  ( -0.000000000000000000, 0.000000000000000000, 1.000000000000000000 ) ) ;
#789 = CARTESIAN_POINT ( 'NONE',  ( 1.085000000000000187, 0.6299999999999997824, 1.349999999999999645 ) ) ;
#790 =( NAMED_UNIT ( * ) SI_UNIT ( $, .STERADIAN. ) SOLID_ANGLE_UNIT ( ) );
#791 = PLANE ( 'NONE',  #3663 ) ;
#792 = VECTOR ( 'NONE', #4471, 1000.000000000000000 ) ;
#793 = DIRECTION ( 'NONE',  ( 1.000000000000000000, 0.000000000000000000, -0.000000000000000000 ) ) ;
#794 = FACE_OUTER_BOUND ( 'NONE', #864, .T. ) ;
#795 = EDGE_CURVE ( 'NONE', #1762, #4184, #2977, .T. ) ;
#796 = AXIS2_PLACEMENT_3D ( 'NONE', #353, #4848, #2595 ) ;
#797 = CARTESIAN_POINT ( 'NONE',  ( -0.8599999999999998757, -1.084202172485504434E-16, 1.349999999999999645 ) ) ;
#798 = VERTEX_POINT ( 'NONE', #1087 ) ;
#799 = VERTEX_POINT ( 'NONE', #4664 ) ;
#800 = VECTOR ( 'NONE', #3454, 1000.000000000000000 ) ;
#801 = VECTOR ( 'NONE', #947, 1000.000000000000000 ) ;
#802 = LINE ( 'NONE', #3905, #4230 ) ;
#803 = LINE ( 'NONE', #2629, #3599 ) ;
#804 = ORIENTED_EDGE ( 'NONE', *, *, #2910, .F. ) ;
#805 = AXIS2_PLACEMENT_3D ( 'NONE', #480, #4918, #423 ) ;
#806 = LINE ( 'NONE', #1284, #5268 ) ;
#807 = VECTOR ( 'NONE', #1545, 1000.000000000000000 ) ;
#808 = LINE ( 'NONE', #2632, #3655 ) ;
#809 = ORIENTED_EDGE ( 'NONE', *, *, #5674, .T. ) ;
#810 = ORIENTED_EDGE ( 'NONE', *, *, #5063, .F. ) ;
#811 = VECTOR ( 'NONE', #2479, 1000.000000000000000 ) ;
#812 = EDGE_CURVE ( 'NONE', #3356, #609, #1927, .T. ) ;
#813 = DIRECTION ( 'NONE',  ( -1.000000000000000000, -0.000000000000000000, -0.000000000000000000 ) ) ;
#814 = VECTOR ( 'NONE', #2499, 1000.000000000000000 ) ;
#815 = DIRECTION ( 'NONE',  ( 0.000000000000000000, -1.000000000000000000, 0.000000000000000000 ) ) ;
#816 = CARTESIAN_POINT ( 'NONE',  ( -0.8599999999999998757, -1.084202172485504434E-16, 1.349999999999999645 ) ) ;
#817 = CARTESIAN_POINT ( 'NONE',  ( -1.084999999999999742, 0.000000000000000000, -1.349999999999999645 ) ) ;
#818 = EDGE_LOOP ( 'NONE', ( #2513, #2466, #2268, #2140 ) ) ;
#819 = ORIENTED_EDGE ( 'NONE', *, *, #981, .T. ) ;
#820 = AXIS2_PLACEMENT_3D ( 'NONE', #3054, #5246, #1171 ) ;
#821 = EDGE_CURVE ( 'NONE', #4931, #799, #5611, .T. ) ;
#822 = EDGE_CURVE ( 'NONE', #4189, #476, #131, .T. ) ;
#823 = VECTOR ( 'NONE', #5865, 1000.000000000000000 ) ;
#824 = CARTESIAN_POINT ( 'NONE',  ( -0.8599999999999998757, -1.084202172485504434E-16, 1.349999999999999645 ) ) ;
#825 = CARTESIAN_POINT ( 'NONE',  ( -1.084999999999999076, -1.084202172485504434E-16, 1.600000000000000311 ) ) ;
#826 = DIRECTION ( 'NONE',  ( 0.000000000000000000, 0.000000000000000000, 1.000000000000000000 ) ) ;
#827 = CARTESIAN_POINT ( 'NONE',  ( -0.1849999999999998312, 0.000000000000000000, 0.000000000000000000 ) ) ;
#828 = ORIENTED_EDGE ( 'NONE', *, *, #2507, .T. ) ;
#829 = VECTOR ( 'NONE', #2288, 1000.000000000000000 ) ;
#830 = DIRECTION ( 'NONE',  ( 1.000000000000000000, 0.000000000000000000, 0.000000000000000000 ) ) ;
#831 =( NAMED_UNIT ( * ) PLANE_ANGLE_UNIT ( ) SI_UNIT ( $, .RADIAN. ) );
#832 = VECTOR ( 'NONE', #329, 1000.000000000000000 ) ;
#833 = DIRECTION ( 'NONE',  ( -0.000000000000000000, 0.000000000000000000, 1.000000000000000000 ) ) ;
#834 = ORIENTED_EDGE ( 'NONE', *, *, #4462, .T. ) ;
#835 = ORIENTED_EDGE ( 'NONE', *, *, #851, .F. ) ;
#836 = VECTOR ( 'NONE', #1441, 1000.000000000000000 ) ;
#837 = EDGE_CURVE ( 'NONE', #2572, #5334, #5132, .T. ) ;
#838 = DIRECTION ( 'NONE',  ( 1.000000000000000000, -0.000000000000000000, 0.000000000000000000 ) ) ;
#839 = LINE ( 'NONE', #866, #5583 ) ;
#840 = ORIENTED_EDGE ( 'NONE', *, *, #3195, .F. ) ;
#841 = DIRECTION ( 'NONE',  ( 0.000000000000000000, 0.000000000000000000, -1.000000000000000000 ) ) ;
#842 = LINE ( 'NONE', #447, #4695 ) ;
#843 = ORIENTED_EDGE ( 'NONE', *, *, #893, .T. ) ;
#844 = ORIENTED_EDGE ( 'NONE', *, *, #5271, .T. ) ;
#845 = EDGE_CURVE ( 'NONE', #3211, #384, #5753, .T. ) ;
#846 = FACE_OUTER_BOUND ( 'NONE', #1439, .T. ) ;
#847 = CARTESIAN_POINT ( 'NONE',  ( -0.1849999999999998312, 0.6650000000000000355, 1.099999999999999645 ) ) ;
#848 = CARTESIAN_POINT ( 'NONE',  ( -1.454999999999999849, -8.572527594031470725E-17, -1.099999999999999645 ) ) ;
#849 = DIRECTION ( 'NONE',  ( -1.606225440719266613E-16, 0.000000000000000000, -1.000000000000000000 ) ) ;
#850 = VERTEX_POINT ( 'NONE', #2100 ) ;
#851 = EDGE_CURVE ( 'NONE', #3982, #132, #1207, .T. ) ;
#852 = ORIENTED_EDGE ( 'NONE', *, *, #3409, .F. ) ;
#853 = CARTESIAN_POINT ( 'NONE',  ( 0.4100000000000000866, -1.084202172485504434E-16, 1.349999999999999645 ) ) ;
#854 = LINE ( 'NONE', #2649, #436 ) ;
#855 = ITEM_DEFINED_TRANSFORMATION ( 'NONE', 'NONE', #153,  #2544 ) ;
#856 = DIRECTION ( 'NONE',  ( -1.000000000000000000, -0.000000000000000000, -0.000000000000000000 ) ) ;
#857 = ORIENTED_EDGE ( 'NONE', *, *, #3136, .F. ) ;
#858 = EDGE_CURVE ( 'NONE', #2974, #1449, #3533, .T. ) ;
#859 = EDGE_CURVE ( 'NONE', #5003, #5667, #3943, .T. ) ;
#860 = DIRECTION ( 'NONE',  ( 1.606225440719266613E-16, 0.000000000000000000, 1.000000000000000000 ) ) ;
#861 = CARTESIAN_POINT ( 'NONE',  ( 2.540000000000001812, 0.03499999999999999639, 1.564999999999999503 ) ) ;
#862 = DIRECTION ( 'NONE',  ( -0.000000000000000000, 1.000000000000000000, -0.000000000000000000 ) ) ;
#863 = ORIENTED_EDGE ( 'NONE', *, *, #4643, .T. ) ;
#864 = EDGE_LOOP ( 'NONE', ( #196, #2509, #2450, #1266 ) ) ;
#865 = CARTESIAN_POINT ( 'NONE',  ( 2.540000000000001812, 0.03499999999999999639, 1.564999999999999503 ) ) ;
#866 = CARTESIAN_POINT ( 'NONE',  ( 0.8600000000000003197, 0.6650000000000000355, -1.599999999999999645 ) ) ;
#867 = ORIENTED_EDGE ( 'NONE', *, *, #495, .T. ) ;
#868 = DIRECTION ( 'NONE',  ( -1.000000000000000000, 0.000000000000000000, 4.336808689942020201E-16 ) ) ;
#869 = DIRECTION ( 'NONE',  ( 0.000000000000000000, 0.000000000000000000, -1.000000000000000000 ) ) ;
#870 = ORIENTED_EDGE ( 'NONE', *, *, #891, .T. ) ;
#871 = ORIENTED_EDGE ( 'NONE', *, *, #4011, .F. ) ;
#872 = PLANE ( 'NONE',  #3884 ) ;
#873 = VERTEX_POINT ( 'NONE', #5723 ) ;
#874 = CARTESIAN_POINT ( 'NONE',  ( 2.130000000000000338, 0.6650000000000000355, -0.9749999999999995337 ) ) ;
#875 = EDGE_CURVE ( 'NONE', #4174, #5127, #2123, .T. ) ;
#876 = LINE ( 'NONE', #2698, #4805 ) ;
#877 = LINE ( 'NONE', #1803, #1030 ) ;
#878 = ORIENTED_EDGE ( 'NONE', *, *, #5065, .F. ) ;
#879 = LINE ( 'NONE', #47, #5098 ) ;
#880 = LINE ( 'NONE', #1835, #919 ) ;
#881 = APPLICATION_PROTOCOL_DEFINITION ( 'draft international standard', 'automotive_design', 1998, #11 ) ;
#882 = CARTESIAN_POINT ( 'NONE',  ( -1.084999999999999742, 0.03499999999999999639, 4.705437428587088258E-16 ) ) ;
#883 = ORIENTED_EDGE ( 'NONE', *, *, #1826, .F. ) ;
#884 = EDGE_CURVE ( 'NONE', #888, #1119, #5363, .T. ) ;
#885 = LINE ( 'NONE', #2707, #4046 ) ;
#886 = DIRECTION ( 'NONE',  ( 0.000000000000000000, -0.000000000000000000, 1.000000000000000000 ) ) ;
#887 = DIRECTION ( 'NONE',  ( -1.000000000000000000, 0.000000000000000000, 1.707404996040163525E-16 ) ) ;
#888 = VERTEX_POINT ( 'NONE', #4454 ) ;
#889 = ORIENTED_EDGE ( 'NONE', *, *, #5216, .F. ) ;
#890 = LINE ( 'NONE', #4526, #4795 ) ;
#891 = EDGE_CURVE ( 'NONE', #4966, #4029, #1680, .T. ) ;
#892 = CARTESIAN_POINT ( 'NONE',  ( -0.4099999999999997535, 0.6299999999999997824, 0.9749999999999995337 ) ) ;
#893 = EDGE_CURVE ( 'NONE', #4384, #4939, #4419, .T. ) ;
#894 = CARTESIAN_POINT ( 'NONE',  ( 2.505000000000002114, 0.6300000000000003375, 0.9749999999999995337 ) ) ;
#895 = ORIENTED_EDGE ( 'NONE', *, *, #620, .T. ) ;
#896 = FACE_OUTER_BOUND ( 'NONE', #579, .T. ) ;
#897 = DIRECTION ( 'NONE',  ( 1.000000000000000000, 0.000000000000000000, -0.000000000000000000 ) ) ;
#898 = VECTOR ( 'NONE', #5700, 1000.000000000000000 ) ;
#899 = LINE ( 'NONE', #3730, #3960 ) ;
#900 = EDGE_LOOP ( 'NONE', ( #5562, #5437, #439, #2876, #223, #3134, #3234, #4774, #4548, #3616, #2520, #3802, #723, #4735, #1612, #1074, #2658, #2009, #5249, #2912, #3043, #1763, #5866, #2561, #5747, #2442, #3262, #553 ) ) ;
#901 = VECTOR ( 'NONE', #1136, 1000.000000000000000 ) ;
#902 = DIRECTION ( 'NONE',  ( -0.000000000000000000, 0.000000000000000000, 1.000000000000000000 ) ) ;
#903 = VECTOR ( 'NONE', #1015, 1000.000000000000000 ) ;
#904 = ORIENTED_EDGE ( 'NONE', *, *, #2682, .F. ) ;
#905 = AXIS2_PLACEMENT_3D ( 'NONE', #4732, #5478, #3813 ) ;
#906 = DIRECTION ( 'NONE',  ( 4.336808689942020201E-16, -0.000000000000000000, 1.000000000000000000 ) ) ;
#907 = DIRECTION ( 'NONE',  ( 0.000000000000000000, 0.000000000000000000, 1.000000000000000000 ) ) ;
#908 = FACE_OUTER_BOUND ( 'NONE', #1165, .T. ) ;
#909 = VECTOR ( 'NONE', #5851, 1000.000000000000000 ) ;
#910 = FACE_OUTER_BOUND ( 'NONE', #3227, .T. ) ;
#911 = ORIENTED_EDGE ( 'NONE', *, *, #1464, .T. ) ;
#912 = EDGE_CURVE ( 'NONE', #3447, #4544, #754, .T. ) ;
#913 = LINE ( 'NONE', #941, #5291 ) ;
#914 = FACE_OUTER_BOUND ( 'NONE', #2161, .T. ) ;
#915 = CARTESIAN_POINT ( 'NONE',  ( 0.4100000000000000866, -1.084202172485504434E-16, 1.349999999999999645 ) ) ;
#916 = ORIENTED_EDGE ( 'NONE', *, *, #5696, .F. ) ;
#917 = AXIS2_PLACEMENT_3D ( 'NONE', #157, #3292, #479 ) ;
#918 = PLANE ( 'NONE',  #422 ) ;
#919 = VECTOR ( 'NONE', #3215, 1000.000000000000000 ) ;
#920 = CARTESIAN_POINT ( 'NONE',  ( -0.1849999999999998312, -8.572527594031470725E-17, 1.099999999999999645 ) ) ;
#921 = EDGE_CURVE ( 'NONE', #2209, #4298, #4340, .T. ) ;
#922 = DIRECTION ( 'NONE',  ( -0.000000000000000000, 0.000000000000000000, 1.000000000000000000 ) ) ;
#923 = ORIENTED_EDGE ( 'NONE', *, *, #2242, .T. ) ;
#924 = ORIENTED_EDGE ( 'NONE', *, *, #2901, .T. ) ;
#925 = DIRECTION ( 'NONE',  ( 0.000000000000000000, -1.000000000000000000, 0.000000000000000000 ) ) ;
#926 = VECTOR ( 'NONE', #5520, 1000.000000000000000 ) ;
#927 = DIRECTION ( 'NONE',  ( 0.000000000000000000, 1.000000000000000000, 0.000000000000000000 ) ) ;
#928 = CARTESIAN_POINT ( 'NONE',  ( 0.8600000000000003197, 0.03499999999999998251, -1.349999999999999645 ) ) ;
#929 = CARTESIAN_POINT ( 'NONE',  ( -1.454999999999999849, 0.6650000000000000355, -0.9749999999999995337 ) ) ;
#930 = FACE_OUTER_BOUND ( 'NONE', #1645, .T. ) ;
#931 = EDGE_CURVE ( 'NONE', #742, #1010, #4777, .T. ) ;
#932 = CARTESIAN_POINT ( 'NONE',  ( 0.8600000000000003197, 0.6299999999999997824, -0.9749999999999995337 ) ) ;
#933 = VERTEX_POINT ( 'NONE', #302 ) ;
#934 = FILL_AREA_STYLE ('',( #539 ) ) ;
#935 = ORIENTED_EDGE ( 'NONE', *, *, #2606, .T. ) ;
#936 = DIRECTION ( 'NONE',  ( 0.000000000000000000, 0.000000000000000000, -1.000000000000000000 ) ) ;
#937 = LINE ( 'NONE', #4944, #2818 ) ;
#938 = DIRECTION ( 'NONE',  ( 1.000000000000000000, 0.000000000000000000, 0.000000000000000000 ) ) ;
#939 = PLANE ( 'NONE',  #1305 ) ;
#940 = ORIENTED_EDGE ( 'NONE', *, *, #3728, .F. ) ;
#941 = CARTESIAN_POINT ( 'NONE',  ( 2.355000000000000426, 0.6300000000000003375, 1.564999999999999503 ) ) ;
#942 = DIRECTION ( 'NONE',  ( -1.000000000000000000, 0.000000000000000000, 0.000000000000000000 ) ) ;
#943 = DIRECTION ( 'NONE',  ( 0.000000000000000000, 0.000000000000000000, 1.000000000000000000 ) ) ;
#944 = DIRECTION ( 'NONE',  ( -0.000000000000000000, -0.000000000000000000, 1.000000000000000000 ) ) ;
#945 = EDGE_LOOP ( 'NONE', ( #639, #4719, #2959, #1559 ) ) ;
#946 = VECTOR ( 'NONE', #1890, 1000.000000000000000 ) ;
#947 = DIRECTION ( 'NONE',  ( 4.336808689942020201E-16, -0.000000000000000000, 1.000000000000000000 ) ) ;
#948 = FACE_OUTER_BOUND ( 'NONE', #1424, .T. ) ;
#949 = EDGE_CURVE ( 'NONE', #4079, #2372, #4889, .T. ) ;
#950 = PLANE ( 'NONE',  #3395 ) ;
#951 = ORIENTED_EDGE ( 'NONE', *, *, #3197, .F. ) ;
#952 = ORIENTED_EDGE ( 'NONE', *, *, #526, .F. ) ;
#953 = DIRECTION ( 'NONE',  ( 1.000000000000000000, -0.000000000000000000, 1.707404996040163525E-16 ) ) ;
#954 = FACE_OUTER_BOUND ( 'NONE', #3508, .T. ) ;
#955 = EDGE_CURVE ( 'NONE', #2467, #5756, #5333, .T. ) ;
#956 = DIRECTION ( 'NONE',  ( -1.000000000000000000, 0.000000000000000000, 0.000000000000000000 ) ) ;
#957 = CARTESIAN_POINT ( 'NONE',  ( -0.1849999999999998312, -1.084202172485504434E-16, -1.599999999999999645 ) ) ;
#958 = ORIENTED_EDGE ( 'NONE', *, *, #5336, .F. ) ;
#959 = ORIENTED_EDGE ( 'NONE', *, *, #1211, .T. ) ;
#960 = SURFACE_STYLE_USAGE ( .BOTH. , #5029 ) ;
#961 = EDGE_CURVE ( 'NONE', #4646, #1296, #729, .T. ) ;
#962 = ORIENTED_EDGE ( 'NONE', *, *, #1363, .T. ) ;
#963 = DIRECTION ( 'NONE',  ( -0.000000000000000000, 0.000000000000000000, -1.000000000000000000 ) ) ;
#964 = EDGE_CURVE ( 'NONE', #269, #2554, #1259, .T. ) ;
#965 = LINE ( 'NONE', #3683, #1283 ) ;
#966 = CARTESIAN_POINT ( 'NONE',  ( -2.505000000000001226, 0.6766666666666668606, -1.099999999999999645 ) ) ;
#967 = CARTESIAN_POINT ( 'NONE',  ( 2.355000000000000426, 0.6299999999999997824, 1.349999999999999201 ) ) ;
#968 = EDGE_LOOP ( 'NONE', ( #5665, #4872, #5854, #4387 ) ) ;
#969 = CARTESIAN_POINT ( 'NONE',  ( 0.4100000000000000866, -1.084202172485504434E-16, -1.349999999999999645 ) ) ;
#970 = ADVANCED_FACE ( 'NONE', ( #2558 ), #1295, .F. ) ;
#971 = SURFACE_STYLE_USAGE ( .BOTH. , #576 ) ;
#972 = DIRECTION ( 'NONE',  ( 0.000000000000000000, 0.000000000000000000, 1.000000000000000222 ) ) ;
#973 = PLANE ( 'NONE',  #2427 ) ;
#974 = ORIENTED_EDGE ( 'NONE', *, *, #1236, .F. ) ;
#975 = ORIENTED_EDGE ( 'NONE', *, *, #4984, .F. ) ;
#976 = CARTESIAN_POINT ( 'NONE',  ( -0.1849999999999998312, 0.03499999999999999639, 1.099999999999999645 ) ) ;
#977 = CARTESIAN_POINT ( 'NONE',  ( -2.540000000000000924, 0.6299999999999997824, 1.349999999999999867 ) ) ;
#978 = ORIENTED_EDGE ( 'NONE', *, *, #2320, .F. ) ;
#979 = ORIENTED_EDGE ( 'NONE', *, *, #2762, .T. ) ;
#980 = DIRECTION ( 'NONE',  ( 4.336808689942020201E-16, -0.000000000000000000, 1.000000000000000000 ) ) ;
#981 = EDGE_CURVE ( 'NONE', #3335, #4940, #4366, .T. ) ;
#982 = CARTESIAN_POINT ( 'NONE',  ( -0.4099999999999997535, 0.03499999999999998251, 1.349999999999999645 ) ) ;
#983 = CARTESIAN_POINT ( 'NONE',  ( -1.454999999999999849, -1.469576158976823553E-16, 1.599999999999999645 ) ) ;
#984 = VECTOR ( 'NONE', #2551, 1000.000000000000000 ) ;
#985 = CARTESIAN_POINT ( 'NONE',  ( -0.8599999999999998757, -1.084202172485504434E-16, -1.349999999999999645 ) ) ;
#986 = ORIENTED_EDGE ( 'NONE', *, *, #5697, .F. ) ;
#987 =( LENGTH_UNIT ( ) NAMED_UNIT ( * ) SI_UNIT ( .MILLI., .METRE. ) );
#988 = VERTEX_POINT ( 'NONE', #1735 ) ;
#989 = PLANE ( 'NONE',  #2353 ) ;
#990 = MECHANICAL_DESIGN_GEOMETRIC_PRESENTATION_REPRESENTATION (  '', ( #2131 ), #3185 ) ;
#991 = DIRECTION ( 'NONE',  ( 0.000000000000000000, 0.000000000000000000, -1.000000000000000000 ) ) ;
#992 = VECTOR ( 'NONE', #1582, 1000.000000000000000 ) ;
#993 = EDGE_CURVE ( 'NONE', #5394, #1365, #3561, .T. ) ;
#994 = PLANE ( 'NONE',  #2623 ) ;
#995 = ORIENTED_EDGE ( 'NONE', *, *, #1626, .F. ) ;
#996 = AXIS2_PLACEMENT_3D ( 'NONE', #5362, #1351, #5451 ) ;
#997 = VECTOR ( 'NONE', #2800, 1000.000000000000000 ) ;
#998 = CARTESIAN_POINT ( 'NONE',  ( 0.1850000000000002753, 0.6650000000000000355, -1.349999999999999645 ) ) ;
#999 = LINE ( 'NONE', #549, #1114 ) ;
#1000 = VECTOR ( 'NONE', #1131, 1000.000000000000000 ) ;
#1001 = LINE ( 'NONE', #2380, #3187 ) ;
#1002 = EDGE_LOOP ( 'NONE', ( #834, #3323, #2124, #1429, #640, #2061, #536, #3237 ) ) ;
#1003 = ORIENTED_EDGE ( 'NONE', *, *, #1345, .T. ) ;
#1004 = EDGE_CURVE ( 'NONE', #3740, #873, #4810, .T. ) ;
#1005 = EDGE_CURVE ( 'NONE', #328, #4589, #4071, .T. ) ;
#1006 = MECHANICAL_DESIGN_GEOMETRIC_PRESENTATION_REPRESENTATION (  '', ( #428 ), #5277 ) ;
#1007 = DIRECTION ( 'NONE',  ( 0.000000000000000000, -0.000000000000000000, 1.000000000000000000 ) ) ;
#1008 = VECTOR ( 'NONE', #5159, 1000.000000000000000 ) ;
#1009 = CARTESIAN_POINT ( 'NONE',  ( -0.1849999999999998312, 0.6650000000000000355, -1.349999999999999645 ) ) ;
#1010 = VERTEX_POINT ( 'NONE', #3684 ) ;
#1011 = ORIENTED_EDGE ( 'NONE', *, *, #3136, .T. ) ;
#1012 = COLOUR_RGB ( '',1.000000000000000000, 1.000000000000000000, 1.000000000000000000 ) ;
#1013 = CARTESIAN_POINT ( 'NONE',  ( 2.505000000000002114, 6.596850090290522495, 1.564999999999999503 ) ) ;
#1014 = CARTESIAN_POINT ( 'NONE',  ( 2.355000000000000426, 0.03499999999999999639, 1.564999999999999503 ) ) ;
#1015 = DIRECTION ( 'NONE',  ( 0.000000000000000000, 1.224646799147352468E-16, 1.000000000000000000 ) ) ;
#1016 = DIRECTION ( 'NONE',  ( -0.000000000000000000, 0.000000000000000000, 1.000000000000000000 ) ) ;
#1017 = LINE ( 'NONE', #2244, #2151 ) ;
#1018 = ORIENTED_EDGE ( 'NONE', *, *, #5588, .F. ) ;
#1019 = AXIS2_PLACEMENT_3D ( 'NONE', #3741, #5546, #1478 ) ;
#1020 = ADVANCED_FACE ( 'NONE', ( #2343 ), #4594, .F. ) ;
#1021 =( LENGTH_UNIT ( ) NAMED_UNIT ( * ) SI_UNIT ( .MILLI., .METRE. ) );
#1022 = VERTEX_POINT ( 'NONE', #5873 ) ;
#1023 = CARTESIAN_POINT ( 'NONE',  ( -2.130000000000000338, 0.03499999999999999639, -1.099999999999999645 ) ) ;
#1024 = VECTOR ( 'NONE', #1248, 1000.000000000000000 ) ;
#1025 = LINE ( 'NONE', #2005, #5393 ) ;
#1026 = ADVANCED_FACE ( 'NONE', ( #424 ), #4945, .F. ) ;
#1027 = DIRECTION ( 'NONE',  ( 0.000000000000000000, -0.000000000000000000, 1.000000000000000000 ) ) ;
#1028 = VERTEX_POINT ( 'NONE', #3626 ) ;
#1029 = ORIENTED_EDGE ( 'NONE', *, *, #2963, .T. ) ;
#1030 = VECTOR ( 'NONE', #2699, 1000.000000000000000 ) ;
#1031 = CARTESIAN_POINT ( 'NONE',  ( 1.455000000000000071, 0.03499999999999999639, -1.564999999999999503 ) ) ;
#1032 = DIRECTION ( 'NONE',  ( -0.000000000000000000, 0.000000000000000000, 1.000000000000000000 ) ) ;
#1033 = EDGE_CURVE ( 'NONE', #3023, #325, #454, .T. ) ;
#1034 = LINE ( 'NONE', #3333, #2710 ) ;
#1035 = CARTESIAN_POINT ( 'NONE',  ( 0.4100000000000000866, 0.6299999999999997824, 0.9749999999999995337 ) ) ;
#1036 = ORIENTED_EDGE ( 'NONE', *, *, #2994, .F. ) ;
#1037 = ORIENTED_EDGE ( 'NONE', *, *, #79, .T. ) ;
#1038 = LINE ( 'NONE', #4730, #2047 ) ;
#1039 = CARTESIAN_POINT ( 'NONE',  ( 0.4100000000000000866, 0.6299999999999997824, 0.9749999999999995337 ) ) ;
#1040 = LINE ( 'NONE', #1098, #3005 ) ;
#1041 = EDGE_CURVE ( 'NONE', #933, #4002, #877, .T. ) ;
#1042 = EDGE_LOOP ( 'NONE', ( #2457, #1871, #218, #1941 ) ) ;
#1043 = ORIENTED_EDGE ( 'NONE', *, *, #202, .T. ) ;
#1044 = LINE ( 'NONE', #1522, #901 ) ;
#1045 = CARTESIAN_POINT ( 'NONE',  ( 1.085000000000000187, 0.03499999999999999639, 1.099999999999999645 ) ) ;
#1046 = DIRECTION ( 'NONE',  ( -1.000000000000000000, 0.000000000000000000, -0.000000000000000000 ) ) ;
#1047 = PLANE ( 'NONE',  #1933 ) ;
#1048 = VERTEX_POINT ( 'NONE', #509 ) ;
#1049 = SURFACE_SIDE_STYLE ('',( #568 ) ) ;
#1050 = ORIENTED_EDGE ( 'NONE', *, *, #5206, .F. ) ;
#1051 = DIRECTION ( 'NONE',  ( -1.606225440719266613E-16, 0.000000000000000000, -1.000000000000000000 ) ) ;
#1052 = LINE ( 'NONE', #4273, #4642 ) ;
#1053 = VERTEX_POINT ( 'NONE', #2214 ) ;
#1054 = ORIENTED_EDGE ( 'NONE', *, *, #3709, .T. ) ;
#1055 = EDGE_LOOP ( 'NONE', ( #519, #3679, #1152, #3328, #1011, #4302, #5113, #654 ) ) ;
#1056 = PLANE ( 'NONE',  #166 ) ;
#1057 = EDGE_CURVE ( 'NONE', #162, #1909, #1863, .T. ) ;
#1058 = DIRECTION ( 'NONE',  ( 0.000000000000000000, 0.000000000000000000, -1.000000000000000000 ) ) ;
#1059 = CARTESIAN_POINT ( 'NONE',  ( -0.8599999999999998757, -1.084202172485504434E-16, 1.349999999999999645 ) ) ;
#1060 = LINE ( 'NONE', #1566, #4907 ) ;
#1061 = EDGE_LOOP ( 'NONE', ( #111, #772, #3694, #3843 ) ) ;
#1062 = VERTEX_POINT ( 'NONE', #1771 ) ;
#1063 = DIRECTION ( 'NONE',  ( 0.000000000000000000, 0.000000000000000000, -1.000000000000000000 ) ) ;
#1064 = DIRECTION ( 'NONE',  ( -0.000000000000000000, 0.000000000000000000, 1.000000000000000000 ) ) ;
#1065 = CARTESIAN_POINT ( 'NONE',  ( 2.540000000000001812, 6.596850090290522495, -1.564999999999998614 ) ) ;
#1066 = LINE ( 'NONE', #653, #3193 ) ;
#1067 = EDGE_CURVE ( 'NONE', #2874, #4002, #2671, .T. ) ;
#1068 = ORIENTED_EDGE ( 'NONE', *, *, #1218, .F. ) ;
#1069 = VERTEX_POINT ( 'NONE', #2311 ) ;
#1070 = PLANE ( 'NONE',  #2711 ) ;
#1071 = DIRECTION ( 'NONE',  ( 0.000000000000000000, 0.000000000000000000, -1.000000000000000000 ) ) ;
#1072 = CARTESIAN_POINT ( 'NONE',  ( 0.4100000000000000866, 0.03499999999999999639, -1.099999999999999645 ) ) ;
#1073 = DIRECTION ( 'NONE',  ( 0.000000000000000000, 0.000000000000000000, 1.000000000000000000 ) ) ;
#1074 = ORIENTED_EDGE ( 'NONE', *, *, #5435, .T. ) ;
#1075 = EDGE_CURVE ( 'NONE', #94, #5380, #1384, .T. ) ;
#1076 = EDGE_CURVE ( 'NONE', #1788, #2553, #5423, .T. ) ;
#1077 = PLANE ( 'NONE',  #5739 ) ;
#1078 = ORIENTED_EDGE ( 'NONE', *, *, #3144, .F. ) ;
#1079 = DIRECTION ( 'NONE',  ( -1.000000000000000000, 0.000000000000000000, -1.707404996040163525E-16 ) ) ;
#1080 = DIRECTION ( 'NONE',  ( 0.000000000000000000, -1.000000000000000000, 0.000000000000000000 ) ) ;
#1081 = VECTOR ( 'NONE', #4587, 1000.000000000000000 ) ;
#1082 = VERTEX_POINT ( 'NONE', #4919 ) ;
#1083 = ORIENTED_EDGE ( 'NONE', *, *, #4876, .T. ) ;
#1084 = EDGE_LOOP ( 'NONE', ( #1751, #3033, #232, #4602 ) ) ;
#1085 = LINE ( 'NONE', #2916, #4632 ) ;
#1086 = DIRECTION ( 'NONE',  ( 0.000000000000000000, -0.000000000000000000, 1.000000000000000000 ) ) ;
#1087 = CARTESIAN_POINT ( 'NONE',  ( -0.1849999999999994149, 0.6300000000000000044, 1.564999999999999503 ) ) ;
#1088 = VERTEX_POINT ( 'NONE', #481 ) ;
#1089 = EDGE_CURVE ( 'NONE', #3680, #2860, #1830, .T. ) ;
#1090 = ORIENTED_EDGE ( 'NONE', *, *, #1236, .T. ) ;
#1091 = AXIS2_PLACEMENT_3D ( 'NONE', #3569, #5496, #3245 ) ;
#1092 = CARTESIAN_POINT ( 'NONE',  ( 4.741113354645781541, 0.6300000000000005596, -0.9749999999999995337 ) ) ;
#1093 = VECTOR ( 'NONE', #179, 1000.000000000000000 ) ;
#1094 = CARTESIAN_POINT ( 'NONE',  ( -1.454999999999999849, -1.469576158976823553E-16, -1.599999999999999645 ) ) ;
#1095 = AXIS2_PLACEMENT_3D ( 'NONE', #3878, #2511, #5688 ) ;
#1096 = LINE ( 'NONE', #5107, #241 ) ;
#1097 = VECTOR ( 'NONE', #1488, 1000.000000000000000 ) ;
#1098 = CARTESIAN_POINT ( 'NONE',  ( 0.4100000000000000866, -1.084202172485504434E-16, -1.349999999999999645 ) ) ;
#1099 = EDGE_CURVE ( 'NONE', #5490, #162, #3240, .T. ) ;
#1100 = VECTOR ( 'NONE', #1132, 1000.000000000000000 ) ;
#1101 = ORIENTED_EDGE ( 'NONE', *, *, #592, .F. ) ;
#1102 = VERTEX_POINT ( 'NONE', #966 ) ;
#1103 = VECTOR ( 'NONE', #5318, 1000.000000000000000 ) ;
#1104 = DIRECTION ( 'NONE',  ( 0.000000000000000000, 0.000000000000000000, -1.000000000000000000 ) ) ;
#1105 = LINE ( 'NONE', #625, #4707 ) ;
#1106 = EDGE_CURVE ( 'NONE', #4837, #3106, #4159, .T. ) ;
#1107 = CARTESIAN_POINT ( 'NONE',  ( -1.454999999999999849, 0.03499999999999999639, 1.564999999999999503 ) ) ;
#1108 = VECTOR ( 'NONE', #1204, 1000.000000000000000 ) ;
#1109 = ORIENTED_EDGE ( 'NONE', *, *, #3224, .T. ) ;
#1110 = VECTOR ( 'NONE', #3882, 1000.000000000000000 ) ;
#1111 =( NAMED_UNIT ( * ) PLANE_ANGLE_UNIT ( ) SI_UNIT ( $, .RADIAN. ) );
#1112 = VERTEX_POINT ( 'NONE', #3712 ) ;
#1113 = DIRECTION ( 'NONE',  ( -1.000000000000000000, -0.000000000000000000, -0.000000000000000000 ) ) ;
#1114 = VECTOR ( 'NONE', #5099, 1000.000000000000000 ) ;
#1115 = DIRECTION ( 'NONE',  ( 0.000000000000000000, 1.224646799147353207E-16, 1.000000000000000000 ) ) ;
#1116 = PRODUCT_DEFINITION ( 'UNKNOWN', '', #1390, #3283 ) ;
#1117 = ADVANCED_FACE ( 'NONE', ( #4479 ), #390, .F. ) ;
#1118 = VECTOR ( 'NONE', #2190, 1000.000000000000000 ) ;
#1119 = VERTEX_POINT ( 'NONE', #1352 ) ;
#1120 = ORIENTED_EDGE ( 'NONE', *, *, #5110, .T. ) ;
#1121 = ORIENTED_EDGE ( 'NONE', *, *, #57, .F. ) ;
#1122 = LINE ( 'NONE', #3584, #2458 ) ;
#1123 = AXIS2_PLACEMENT_3D ( 'NONE', #3114, #4502, #1202 ) ;
#1124 =( NAMED_UNIT ( * ) PLANE_ANGLE_UNIT ( ) SI_UNIT ( $, .RADIAN. ) );
#1125 = CARTESIAN_POINT ( 'NONE',  ( -0.4099999999999997535, 0.03499999999999999639, 1.564999999999999503 ) ) ;
#1126 = CARTESIAN_POINT ( 'NONE',  ( -0.4099999999999997535, 0.6650000000000000355, 0.9749999999999995337 ) ) ;
#1127 = ORIENTED_EDGE ( 'NONE', *, *, #1459, .T. ) ;
#1128 = VECTOR ( 'NONE', #849, 1000.000000000000000 ) ;
#1129 = VERTEX_POINT ( 'NONE', #3175 ) ;
#1130 = CARTESIAN_POINT ( 'NONE',  ( 0.4100000000000000866, 0.6299999999999997824, -0.9749999999999995337 ) ) ;
#1131 = DIRECTION ( 'NONE',  ( -0.000000000000000000, 1.000000000000000000, -0.000000000000000000 ) ) ;
#1132 = DIRECTION ( 'NONE',  ( 0.000000000000000000, -1.000000000000000000, 0.000000000000000000 ) ) ;
#1133 = DIRECTION ( 'NONE',  ( -0.000000000000000000, 1.000000000000000000, -0.000000000000000000 ) ) ;
#1134 = ORIENTED_EDGE ( 'NONE', *, *, #2836, .T. ) ;
#1135 = VERTEX_POINT ( 'NONE', #4971 ) ;
#1136 = DIRECTION ( 'NONE',  ( -0.000000000000000000, 0.000000000000000000, 1.000000000000000000 ) ) ;
#1137 = CARTESIAN_POINT ( 'NONE',  ( -1.084999999999999520, 6.596850090290522495, -1.564999999999997948 ) ) ;
#1138 = ADVANCED_FACE ( 'NONE', ( #908 ), #2733, .F. ) ;
#1139 = CARTESIAN_POINT ( 'NONE',  ( 0.000000000000000000, 0.03499999999999999639, 0.000000000000000000 ) ) ;
#1140 = ORIENTED_EDGE ( 'NONE', *, *, #1932, .T. ) ;
#1141 = DIRECTION ( 'NONE',  ( 0.000000000000000000, -1.000000000000000000, 0.000000000000000000 ) ) ;
#1142 = ORIENTED_EDGE ( 'NONE', *, *, #3627, .T. ) ;
#1143 = FACE_OUTER_BOUND ( 'NONE', #3235, .T. ) ;
#1144 = CARTESIAN_POINT ( 'NONE',  ( 2.540000000000001812, 0.03499999999999999639, -1.564999999999999503 ) ) ;
#1145 = ORIENTED_EDGE ( 'NONE', *, *, #3309, .T. ) ;
#1146 = VERTEX_POINT ( 'NONE', #544 ) ;
#1147 = ORIENTED_EDGE ( 'NONE', *, *, #5603, .T. ) ;
#1148 = EDGE_CURVE ( 'NONE', #2965, #3432, #3293, .T. ) ;
#1149 = LINE ( 'NONE', #1648, #1182 ) ;
#1150 = DIRECTION ( 'NONE',  ( 0.000000000000000000, -0.000000000000000000, 1.000000000000000000 ) ) ;
#1151 = VERTEX_POINT ( 'NONE', #4684 ) ;
#1152 = ORIENTED_EDGE ( 'NONE', *, *, #5045, .F. ) ;
#1153 = EDGE_CURVE ( 'NONE', #2930, #2952, #122, .T. ) ;
#1154 = DIRECTION ( 'NONE',  ( 0.000000000000000000, -1.224646799147352961E-16, -1.000000000000000000 ) ) ;
#1155 = LINE ( 'NONE', #1178, #5840 ) ;
#1156 = FILL_AREA_STYLE_COLOUR ( '', #626 ) ;
#1157 = CARTESIAN_POINT ( 'NONE',  ( 0.8600000000000003197, 0.6299999999999997824, 0.9749999999999995337 ) ) ;
#1158 = VERTEX_POINT ( 'NONE', #3799 ) ;
#1159 = CARTESIAN_POINT ( 'NONE',  ( 2.540000000000001812, 0.03499999999999998251, -1.350000000000000089 ) ) ;
#1160 = LINE ( 'NONE', #5146, #3189 ) ;
#1161 = PLANE ( 'NONE',  #4026 ) ;
#1162 = VERTEX_POINT ( 'NONE', #5093 ) ;
#1163 = EDGE_CURVE ( 'NONE', #328, #4008, #5602, .T. ) ;
#1164 = LINE ( 'NONE', #4681, #1657 ) ;
#1165 = EDGE_LOOP ( 'NONE', ( #4838, #4490, #674, #2237 ) ) ;
#1166 = DIRECTION ( 'NONE',  ( 0.000000000000000000, -0.000000000000000000, 1.000000000000000000 ) ) ;
#1167 = DIRECTION ( 'NONE',  ( -0.000000000000000000, -1.000000000000000000, 0.000000000000000000 ) ) ;
#1168 = ORIENTED_EDGE ( 'NONE', *, *, #2781, .F. ) ;
#1169 = ORIENTED_EDGE ( 'NONE', *, *, #2794, .F. ) ;
#1170 = VECTOR ( 'NONE', #3067, 1000.000000000000000 ) ;
#1171 = DIRECTION ( 'NONE',  ( -1.000000000000000000, 0.000000000000000000, 0.000000000000000000 ) ) ;
#1172 = DIRECTION ( 'NONE',  ( 1.000000000000000000, 0.000000000000000000, -2.168404344971008868E-16 ) ) ;
#1173 = DIRECTION ( 'NONE',  ( 1.000000000000000000, 0.000000000000000000, 0.000000000000000000 ) ) ;
#1174 = ORIENTED_EDGE ( 'NONE', *, *, #5710, .F. ) ;
#1175 = EDGE_CURVE ( 'NONE', #1135, #1533, #2428, .T. ) ;
#1176 = ORIENTED_EDGE ( 'NONE', *, *, #4869, .F. ) ;
#1177 = DIRECTION ( 'NONE',  ( 1.606225440719266367E-16, 0.000000000000000000, 1.000000000000000000 ) ) ;
#1178 = CARTESIAN_POINT ( 'NONE',  ( 2.540000000000001812, 0.03499999999999999639, -1.564999999999998614 ) ) ;
#1179 =( NAMED_UNIT ( * ) PLANE_ANGLE_UNIT ( ) SI_UNIT ( $, .RADIAN. ) );
#1180 = CARTESIAN_POINT ( 'NONE',  ( -2.540000000000000924, 0.03499999999999998251, 1.564999999999999503 ) ) ;
#1181 = AXIS2_PLACEMENT_3D ( 'NONE', #1975, #5573, #3322 ) ;
#1182 = VECTOR ( 'NONE', #2526, 1000.000000000000000 ) ;
#1183 = ADVANCED_FACE ( 'NONE', ( #2374 ), #2465, .F. ) ;
#1184 = EDGE_CURVE ( 'NONE', #4871, #1146, #5060, .T. ) ;
#1185 = VECTOR ( 'NONE', #5048, 1000.000000000000000 ) ;
#1186 = DIRECTION ( 'NONE',  ( -1.000000000000000000, -0.000000000000000000, -0.000000000000000000 ) ) ;
#1187 = AXIS2_PLACEMENT_3D ( 'NONE', #1343, #868, #3048 ) ;
#1188 = VECTOR ( 'NONE', #3184, 1000.000000000000000 ) ;
#1189 = DIRECTION ( 'NONE',  ( -0.000000000000000000, -0.000000000000000000, 1.000000000000000000 ) ) ;
#1190 = AXIS2_PLACEMENT_3D ( 'NONE', #4204, #1071, #1046 ) ;
#1191 = PLANE ( 'NONE',  #5140 ) ;
#1192 = ORIENTED_EDGE ( 'NONE', *, *, #2142, .F. ) ;
#1193 = LINE ( 'NONE', #3228, #136 ) ;
#1194 = COLOUR_RGB ( '',0.7921568627450980005, 0.8196078431372548767, 0.9333333333333333481 ) ;
#1195 = ORIENTED_EDGE ( 'NONE', *, *, #484, .T. ) ;
#1196 = CARTESIAN_POINT ( 'NONE',  ( -2.130000000000000338, 0.6649999999999998135, -1.349999999999999645 ) ) ;
#1197 = FACE_OUTER_BOUND ( 'NONE', #2090, .T. ) ;
#1198 = VECTOR ( 'NONE', #72, 1000.000000000000000 ) ;
#1199 = EDGE_CURVE ( 'NONE', #1319, #189, #3736, .T. ) ;
#1200 = EDGE_LOOP ( 'NONE', ( #3465, #3168, #4481, #5385, #1935, #5308, #4295, #3344, #2714, #1127, #5302, #1246, #410, #3529, #4773, #2944, #5537, #664, #4714, #483, #5155, #1590, #5579, #3296, #4514, #3535, #750, #3287 ) ) ;
#1201 = EDGE_LOOP ( 'NONE', ( #2668, #3935, #3994, #1174, #4659, #746, #2829, #707, #3944, #785 ) ) ;
#1202 = DIRECTION ( 'NONE',  ( -1.000000000000000000, 0.000000000000000000, -0.000000000000000000 ) ) ;
#1203 = VECTOR ( 'NONE', #2316, 1000.000000000000000 ) ;
#1204 = DIRECTION ( 'NONE',  ( 0.000000000000000000, 0.000000000000000000, 1.000000000000000000 ) ) ;
#1205 = ADVANCED_FACE ( 'NONE', ( #2908 ), #3769, .F. ) ;
#1206 = FACE_OUTER_BOUND ( 'NONE', #769, .T. ) ;
#1207 = LINE ( 'NONE', #3506, #4080 ) ;
#1208 = VERTEX_POINT ( 'NONE', #1978 ) ;
#1209 = ORIENTED_EDGE ( 'NONE', *, *, #484, .F. ) ;
#1210 = VECTOR ( 'NONE', #4816, 1000.000000000000000 ) ;
#1211 = EDGE_CURVE ( 'NONE', #5553, #267, #3384, .T. ) ;
#1212 = LINE ( 'NONE', #3036, #3691 ) ;
#1213 = DIRECTION ( 'NONE',  ( 0.000000000000000000, 0.000000000000000000, 1.000000000000000000 ) ) ;
#1214 = DIRECTION ( 'NONE',  ( 1.000000000000000000, 0.000000000000000000, 0.000000000000000000 ) ) ;
#1215 = CARTESIAN_POINT ( 'NONE',  ( -0.1849999999999998312, -1.469576158976823553E-16, 1.599999999999999645 ) ) ;
#1216 = EDGE_CURVE ( 'NONE', #4966, #325, #1052, .T. ) ;
#1217 = CARTESIAN_POINT ( 'NONE',  ( -0.8599999999999998757, -1.084202172485504434E-16, -1.349999999999999645 ) ) ;
#1218 = EDGE_CURVE ( 'NONE', #1208, #1260, #1025, .T. ) ;
#1219 = CARTESIAN_POINT ( 'NONE',  ( -2.130000000000000338, 0.6299999999999995604, -1.349999999999999645 ) ) ;
#1220 = VERTEX_POINT ( 'NONE', #188 ) ;
#1221 = DIRECTION ( 'NONE',  ( -1.000000000000000000, 0.000000000000000000, 0.000000000000000000 ) ) ;
#1222 = EDGE_CURVE ( 'NONE', #2476, #3023, #1557, .T. ) ;
#1223 = DIRECTION ( 'NONE',  ( 0.000000000000000000, 0.000000000000000000, -1.000000000000000000 ) ) ;
#1224 = ORIENTED_EDGE ( 'NONE', *, *, #921, .F. ) ;
#1225 = DIRECTION ( 'NONE',  ( 0.000000000000000000, 0.000000000000000000, -1.000000000000000000 ) ) ;
#1226 = DIRECTION ( 'NONE',  ( 4.336808689942020201E-16, -0.000000000000000000, 1.000000000000000000 ) ) ;
#1227 = ORIENTED_EDGE ( 'NONE', *, *, #184, .T. ) ;
#1228 = ORIENTED_EDGE ( 'NONE', *, *, #4095, .F. ) ;
#1229 = ORIENTED_EDGE ( 'NONE', *, *, #2525, .T. ) ;
#1230 = DIRECTION ( 'NONE',  ( -0.000000000000000000, -0.000000000000000000, 1.000000000000000000 ) ) ;
#1231 = CARTESIAN_POINT ( 'NONE',  ( 0.1850000000000002753, 0.03499999999999999639, 1.564999999999999503 ) ) ;
#1232 = CARTESIAN_POINT ( 'NONE',  ( 0.4100000000000000866, 0.6649999999999998135, 1.349999999999999645 ) ) ;
#1233 = DIRECTION ( 'NONE',  ( 0.000000000000000000, 0.000000000000000000, -1.000000000000000000 ) ) ;
#1234 = ORIENTED_EDGE ( 'NONE', *, *, #2127, .F. ) ;
#1235 = ORIENTED_EDGE ( 'NONE', *, *, #3220, .T. ) ;
#1236 = EDGE_CURVE ( 'NONE', #2482, #4754, #2401, .T. ) ;
#1237 = DIRECTION ( 'NONE',  ( -0.000000000000000000, 0.000000000000000000, -1.000000000000000000 ) ) ;
#1238 = CARTESIAN_POINT ( 'NONE',  ( -1.454999999999999849, 0.03499999999999999639, 1.564999999999999503 ) ) ;
#1239 = SURFACE_STYLE_FILL_AREA ( #704 ) ;
#1240 = DIRECTION ( 'NONE',  ( 1.000000000000000000, 0.000000000000000000, -0.000000000000000000 ) ) ;
#1241 = LINE ( 'NONE', #286, #3281 ) ;
#1242 =( NAMED_UNIT ( * ) SI_UNIT ( $, .STERADIAN. ) SOLID_ANGLE_UNIT ( ) );
#1243 = ADVANCED_FACE ( 'NONE', ( #5186 ), #4744, .F. ) ;
#1244 = CARTESIAN_POINT ( 'NONE',  ( 1.085000000000000187, 6.596850090290522495, -1.564999999999998392 ) ) ;
#1245 = ORIENTED_EDGE ( 'NONE', *, *, #1293, .T. ) ;
#1246 = ORIENTED_EDGE ( 'NONE', *, *, #3774, .T. ) ;
#1247 = CARTESIAN_POINT ( 'NONE',  ( -1.454999999999999849, 0.6300000000000003375, 1.564999999999999503 ) ) ;
#1248 = DIRECTION ( 'NONE',  ( 0.000000000000000000, -1.000000000000000000, 0.000000000000000000 ) ) ;
#1249 = VERTEX_POINT ( 'NONE', #571 ) ;
#1250 = FACE_OUTER_BOUND ( 'NONE', #1903, .T. ) ;
#1251 = DIRECTION ( 'NONE',  ( -1.000000000000000000, 0.000000000000000000, 1.707404996040163525E-16 ) ) ;
#1252 = ADVANCED_FACE ( 'NONE', ( #215 ), #2032, .F. ) ;
#1253 = EDGE_CURVE ( 'NONE', #4002, #4973, #98, .T. ) ;
#1254 = EDGE_LOOP ( 'NONE', ( #1192, #4310, #3305, #1054 ) ) ;
#1255 = ORIENTED_EDGE ( 'NONE', *, *, #2939, .F. ) ;
#1256 = CARTESIAN_POINT ( 'NONE',  ( -0.1849999999999998312, 0.03499999999999999639, -1.099999999999999645 ) ) ;
#1257 = DIRECTION ( 'NONE',  ( 0.000000000000000000, 0.000000000000000000, -1.000000000000000000 ) ) ;
#1258 = DIRECTION ( 'NONE',  ( -2.168404344971008868E-16, 0.000000000000000000, -1.000000000000000000 ) ) ;
#1259 = LINE ( 'NONE', #3893, #3605 ) ;
#1260 = VERTEX_POINT ( 'NONE', #2147 ) ;
#1261 = ORIENTED_EDGE ( 'NONE', *, *, #774, .T. ) ;
#1262 = DIRECTION ( 'NONE',  ( -0.000000000000000000, 0.000000000000000000, 1.000000000000000000 ) ) ;
#1263 = DIRECTION ( 'NONE',  ( 0.000000000000000000, 1.000000000000000000, 0.000000000000000000 ) ) ;
#1264 = DIRECTION ( 'NONE',  ( -1.606225440719266613E-16, 0.000000000000000000, -1.000000000000000000 ) ) ;
#1265 = CARTESIAN_POINT ( 'NONE',  ( 2.130000000000000782, -1.084202172485504434E-16, 1.349999999999999201 ) ) ;
#1266 = ORIENTED_EDGE ( 'NONE', *, *, #3991, .F. ) ;
#1267 = EDGE_CURVE ( 'NONE', #1952, #5095, #5242, .T. ) ;
#1268 = AXIS2_PLACEMENT_3D ( 'NONE', #1435, #66, #1460 ) ;
#1269 = EDGE_CURVE ( 'NONE', #1967, #1716, #3970, .T. ) ;
#1270 = DIRECTION ( 'NONE',  ( 1.000000000000000000, 0.000000000000000000, -1.707404996040163525E-16 ) ) ;
#1271 = PLANE ( 'NONE',  #148 ) ;
#1272 = VECTOR ( 'NONE', #2176, 1000.000000000000000 ) ;
#1273 = EDGE_CURVE ( 'NONE', #5756, #3807, #5746, .T. ) ;
#1274 = CARTESIAN_POINT ( 'NONE',  ( -0.1849999999999998312, 0.6300000000000000044, -1.564999999999998614 ) ) ;
#1275 = VERTEX_POINT ( 'NONE', #5219 ) ;
#1276 = ORIENTED_EDGE ( 'NONE', *, *, #5779, .T. ) ;
#1277 = VECTOR ( 'NONE', #672, 1000.000000000000000 ) ;
#1278 = VECTOR ( 'NONE', #5165, 1000.000000000000000 ) ;
#1279 = LINE ( 'NONE', #4467, #1272 ) ;
#1280 = DIRECTION ( 'NONE',  ( 0.000000000000000000, 0.000000000000000000, 1.000000000000000000 ) ) ;
#1281 = EDGE_CURVE ( 'NONE', #2441, #5612, #4830, .T. ) ;
#1282 = EDGE_LOOP ( 'NONE', ( #1579, #5717, #4957, #1036 ) ) ;
#1283 = VECTOR ( 'NONE', #2789, 1000.000000000000000 ) ;
#1284 = CARTESIAN_POINT ( 'NONE',  ( 2.355000000000000426, -1.469576158976823553E-16, 1.599999999999999645 ) ) ;
#1285 = LINE ( 'NONE', #500, #792 ) ;
#1286 = ORIENTED_EDGE ( 'NONE', *, *, #3220, .F. ) ;
#1287 = ORIENTED_EDGE ( 'NONE', *, *, #2742, .T. ) ;
#1288 = VECTOR ( 'NONE', #2614, 1000.000000000000000 ) ;
#1289 = DIRECTION ( 'NONE',  ( -0.000000000000000000, 0.000000000000000000, 1.000000000000000000 ) ) ;
#1290 = AXIS2_PLACEMENT_3D ( 'NONE', #1092, #2923, #5614 ) ;
#1291 = EDGE_CURVE ( 'NONE', #2965, #4225, #1592, .T. ) ;
#1292 = CARTESIAN_POINT ( 'NONE',  ( 1.085000000000000187, -1.084202172485504434E-16, 1.349999999999999645 ) ) ;
#1293 = EDGE_CURVE ( 'NONE', #4021, #3809, #3527, .T. ) ;
#1294 = PLANE ( 'NONE',  #805 ) ;
#1295 = PLANE ( 'NONE',  #3698 ) ;
#1296 = VERTEX_POINT ( 'NONE', #721 ) ;
#1297 = EDGE_LOOP ( 'NONE', ( #14, #3355, #3327, #1521, #5774, #1501, #4982, #3936 ) ) ;
#1298 = VECTOR ( 'NONE', #2309, 1000.000000000000000 ) ;
#1299 = AXIS2_PLACEMENT_3D ( 'NONE', #4965, #5512, #1917 ) ;
#1300 = DIRECTION ( 'NONE',  ( 1.000000000000000000, -0.000000000000000000, -0.000000000000000000 ) ) ;
#1301 = CARTESIAN_POINT ( 'NONE',  ( -0.1849999999999998312, 0.03499999999999999639, 1.099999999999999645 ) ) ;
#1302 = CARTESIAN_POINT ( 'NONE',  ( 0.4100000000000000866, 0.6650000000000000355, 0.9749999999999995337 ) ) ;
#1303 = ORIENTED_EDGE ( 'NONE', *, *, #95, .T. ) ;
#1304 = VECTOR ( 'NONE', #5011, 1000.000000000000000 ) ;
#1305 = AXIS2_PLACEMENT_3D ( 'NONE', #2765, #4571, #1027 ) ;
#1306 = DIRECTION ( 'NONE',  ( -0.000000000000000000, 1.000000000000000000, -0.000000000000000000 ) ) ;
#1307 = CARTESIAN_POINT ( 'NONE',  ( 1.085000000000000187, -1.469576158976823553E-16, -1.599999999999999645 ) ) ;
#1308 = VECTOR ( 'NONE', #1230, 1000.000000000000000 ) ;
#1309 = CARTESIAN_POINT ( 'NONE',  ( -0.1849999999999998312, -1.084202172485504434E-16, 1.349999999999999645 ) ) ;
#1310 = VERTEX_POINT ( 'NONE', #5773 ) ;
#1311 = VERTEX_POINT ( 'NONE', #5327 ) ;
#1312 = VECTOR ( 'NONE', #666, 1000.000000000000000 ) ;
#1313 = FACE_OUTER_BOUND ( 'NONE', #622, .T. ) ;
#1314 = ADVANCED_FACE ( 'NONE', ( #2517 ), #748, .F. ) ;
#1315 = DIRECTION ( 'NONE',  ( 0.000000000000000000, 1.000000000000000000, -0.000000000000000000 ) ) ;
#1316 = ORIENTED_EDGE ( 'NONE', *, *, #3113, .T. ) ;
#1317 = CARTESIAN_POINT ( 'NONE',  ( 2.130000000000000338, 0.03499999999999999639, -1.564999999999999503 ) ) ;
#1318 = DIRECTION ( 'NONE',  ( 0.000000000000000000, 1.000000000000000000, 0.000000000000000000 ) ) ;
#1319 = VERTEX_POINT ( 'NONE', #4408 ) ;
#1320 = VERTEX_POINT ( 'NONE', #5300 ) ;
#1321 = CARTESIAN_POINT ( 'NONE',  ( -2.505000000000001226, 6.596850090290522495, 1.564999999999998614 ) ) ;
#1322 = ORIENTED_EDGE ( 'NONE', *, *, #5511, .F. ) ;
#1323 = DIRECTION ( 'NONE',  ( 0.000000000000000000, 1.000000000000000000, 0.000000000000000000 ) ) ;
#1324 = CARTESIAN_POINT ( 'NONE',  ( -1.454999999999999849, -1.469576158976823553E-16, -1.599999999999999645 ) ) ;
#1325 = CARTESIAN_POINT ( 'NONE',  ( 2.540000000000001812, 0.6300000000000003375, -1.564999999999998614 ) ) ;
#1326 = EDGE_CURVE ( 'NONE', #4008, #2340, #4852, .T. ) ;
#1327 = ORIENTED_EDGE ( 'NONE', *, *, #1549, .F. ) ;
#1328 = LINE ( 'NONE', #2701, #1304 ) ;
#1329 = PLANE ( 'NONE',  #1876 ) ;
#1330 = LINE ( 'NONE', #2740, #4138 ) ;
#1331 = ORIENTED_EDGE ( 'NONE', *, *, #4552, .F. ) ;
#1332 = EDGE_CURVE ( 'NONE', #1296, #4837, #3075, .T. ) ;
#1333 = EDGE_CURVE ( 'NONE', #4939, #3919, #808, .T. ) ;
#1334 = LINE ( 'NONE', #4578, #2337 ) ;
#1335 = CARTESIAN_POINT ( 'NONE',  ( 1.680000000000000160, 0.6649999999999998135, -1.349999999999999645 ) ) ;
#1336 = CARTESIAN_POINT ( 'NONE',  ( 1.680000000000000160, 0.6650000000000000355, 1.599999999999999645 ) ) ;
#1337 = ORIENTED_EDGE ( 'NONE', *, *, #1184, .T. ) ;
#1338 = EDGE_LOOP ( 'NONE', ( #1504, #1736, #3528, #5237 ) ) ;
#1339 = CARTESIAN_POINT ( 'NONE',  ( -1.454999999999999849, -1.469576158976823553E-16, 1.599999999999999645 ) ) ;
#1340 = CARTESIAN_POINT ( 'NONE',  ( -2.129999999999999893, 0.03499999999999999639, 1.099999999999999645 ) ) ;
#1341 = CARTESIAN_POINT ( 'NONE',  ( -1.084999999999999076, 0.03499999999999944128, 1.564999999999998836 ) ) ;
#1342 = ORIENTED_EDGE ( 'NONE', *, *, #875, .F. ) ;
#1343 = CARTESIAN_POINT ( 'NONE',  ( -0.1849999999999993872, -1.084202172485504434E-16, 1.600000000000000089 ) ) ;
#1344 = CARTESIAN_POINT ( 'NONE',  ( -2.505000000000001226, 0.6300000000000003375, 0.9749999999999997558 ) ) ;
#1345 = EDGE_CURVE ( 'NONE', #3598, #4079, #3909, .T. ) ;
#1346 = DIRECTION ( 'NONE',  ( 0.000000000000000000, 0.000000000000000000, 1.000000000000000000 ) ) ;
#1347 = ORIENTED_EDGE ( 'NONE', *, *, #5341, .T. ) ;
#1348 = PLANE ( 'NONE',  #5259 ) ;
#1349 = EDGE_LOOP ( 'NONE', ( #2217, #1702, #134, #392 ) ) ;
#1350 = DIRECTION ( 'NONE',  ( -0.000000000000000000, -0.000000000000000000, 1.000000000000000000 ) ) ;
#1351 = DIRECTION ( 'NONE',  ( 0.000000000000000000, -1.000000000000000000, 0.000000000000000000 ) ) ;
#1352 = CARTESIAN_POINT ( 'NONE',  ( 2.130000000000000782, 0.6649999999999998135, 1.349999999999999201 ) ) ;
#1353 = CARTESIAN_POINT ( 'NONE',  ( 1.455000000000000071, 0.6650000000000000355, 1.599999999999999645 ) ) ;
#1354 = ORIENTED_EDGE ( 'NONE', *, *, #4022, .T. ) ;
#1355 = LINE ( 'NONE', #4075, #4164 ) ;
#1356 = DIRECTION ( 'NONE',  ( 1.000000000000000000, 0.000000000000000000, 0.000000000000000000 ) ) ;
#1357 = EDGE_CURVE ( 'NONE', #5003, #4940, #5716, .T. ) ;
#1358 = CARTESIAN_POINT ( 'NONE',  ( 4.741113354645781541, 0.6300000000000003375, 0.9749999999999995337 ) ) ;
#1359 = ORIENTED_EDGE ( 'NONE', *, *, #1652, .F. ) ;
#1360 = CARTESIAN_POINT ( 'NONE',  ( -0.1849999999999998312, 0.6650000000000000355, -1.349999999999999645 ) ) ;
#1361 = PLANE ( 'NONE',  #2822 ) ;
#1362 = VECTOR ( 'NONE', #1226, 1000.000000000000000 ) ;
#1363 = EDGE_CURVE ( 'NONE', #1311, #1319, #2574, .T. ) ;
#1364 = DIRECTION ( 'NONE',  ( 0.000000000000000000, 0.000000000000000000, 1.000000000000000000 ) ) ;
#1365 = VERTEX_POINT ( 'NONE', #294 ) ;
#1366 = EDGE_LOOP ( 'NONE', ( #3582, #1638, #4353, #1532 ) ) ;
#1367 = CARTESIAN_POINT ( 'NONE',  ( -2.129999999999999893, 0.6299999999999995604, 1.349999999999999645 ) ) ;
#1368 = CARTESIAN_POINT ( 'NONE',  ( 2.540000000000001812, -1.469576158976823553E-16, -1.599999999999999645 ) ) ;
#1369 = DIRECTION ( 'NONE',  ( 1.000000000000000000, 0.000000000000000000, 0.000000000000000000 ) ) ;
#1370 = LINE ( 'NONE', #3199, #5463 ) ;
#1371 = DIRECTION ( 'NONE',  ( 0.000000000000000000, -0.000000000000000000, 1.000000000000000000 ) ) ;
#1372 = VECTOR ( 'NONE', #2398, 1000.000000000000000 ) ;
#1373 = VECTOR ( 'NONE', #251, 1000.000000000000000 ) ;
#1374 = VERTEX_POINT ( 'NONE', #245 ) ;
#1375 = ORIENTED_EDGE ( 'NONE', *, *, #3420, .F. ) ;
#1376 = AXIS2_PLACEMENT_3D ( 'NONE', #1013, #588, #3753 ) ;
#1377 = DIRECTION ( 'NONE',  ( -1.000000000000000000, 0.000000000000000000, 0.000000000000000000 ) ) ;
#1378 = VECTOR ( 'NONE', #2899, 1000.000000000000000 ) ;
#1379 = ORIENTED_EDGE ( 'NONE', *, *, #1542, .T. ) ;
#1380 = AXIS2_PLACEMENT_3D ( 'NONE', #3551, #445, #2206 ) ;
#1381 = CARTESIAN_POINT ( 'NONE',  ( -1.454999999999999183, 6.596850090290522495, 1.564999999999998836 ) ) ;
#1382 = ADVANCED_FACE ( 'NONE', ( #4361 ), #2180, .F. ) ;
#1383 = FACE_OUTER_BOUND ( 'NONE', #2422, .T. ) ;
#1384 = LINE ( 'NONE', #10, #4451 ) ;
#1385 = VECTOR ( 'NONE', #1427, 1000.000000000000000 ) ;
#1386 = CARTESIAN_POINT ( 'NONE',  ( -2.129999999999999893, -1.084202172485504434E-16, 1.349999999999999645 ) ) ;
#1387 = ORIENTED_EDGE ( 'NONE', *, *, #2948, .T. ) ;
#1388 = DIRECTION ( 'NONE',  ( 1.000000000000000000, -0.000000000000000000, -0.000000000000000000 ) ) ;
#1389 = EDGE_CURVE ( 'NONE', #694, #2665, #3440, .T. ) ;
#1390 = PRODUCT_DEFINITION_FORMATION_WITH_SPECIFIED_SOURCE ( 'ANY', '', #2239, .NOT_KNOWN. ) ;
#1391 = DIRECTION ( 'NONE',  ( 1.000000000000000000, 0.000000000000000000, -1.606225440719266613E-16 ) ) ;
#1392 = LINE ( 'NONE', #2292, #4509 ) ;
#1393 = ORIENTED_EDGE ( 'NONE', *, *, #3212, .F. ) ;
#1394 = VECTOR ( 'NONE', #506, 1000.000000000000000 ) ;
#1395 = EDGE_CURVE ( 'NONE', #94, #5553, #271, .T. ) ;
#1396 = VECTOR ( 'NONE', #4152, 1000.000000000000000 ) ;
#1397 = LINE ( 'NONE', #3696, #2617 ) ;
#1398 = VECTOR ( 'NONE', #2768, 1000.000000000000000 ) ;
#1399 = DIRECTION ( 'NONE',  ( 0.000000000000000000, 0.000000000000000000, -1.000000000000000000 ) ) ;
#1400 = AXIS2_PLACEMENT_3D ( 'NONE', #1562, #1697, #1223 ) ;
#1401 = DIRECTION ( 'NONE',  ( 0.000000000000000000, 0.000000000000000000, -1.000000000000000000 ) ) ;
#1402 = ADVANCED_FACE ( 'NONE', ( #1197 ), #2115, .T. ) ;
#1403 = ORIENTED_EDGE ( 'NONE', *, *, #5684, .T. ) ;
#1404 = VERTEX_POINT ( 'NONE', #5863 ) ;
#1405 = ADVANCED_FACE ( 'NONE', ( #1852 ), #2241, .F. ) ;
#1406 = CARTESIAN_POINT ( 'NONE',  ( 1.085000000000000187, 0.6299999999999997824, 1.099999999999999867 ) ) ;
#1407 = AXIS2_PLACEMENT_3D ( 'NONE', #2301, #28, #5475 ) ;
#1408 = CARTESIAN_POINT ( 'NONE',  ( 1.085000000000000187, 0.6299999999999997824, 0.9749999999999995337 ) ) ;
#1409 = CARTESIAN_POINT ( 'NONE',  ( -1.454999999999999849, 0.000000000000000000, 0.000000000000000000 ) ) ;
#1410 = DIRECTION ( 'NONE',  ( -1.000000000000000000, 0.000000000000000000, -0.000000000000000000 ) ) ;
#1411 = VECTOR ( 'NONE', #2790, 1000.000000000000000 ) ;
#1412 = LINE ( 'NONE', #67, #4280 ) ;
#1413 = ORIENTED_EDGE ( 'NONE', *, *, #374, .F. ) ;
#1414 = ADVANCED_FACE ( 'NONE', ( #930 ), #4092, .F. ) ;
#1415 = VERTEX_POINT ( 'NONE', #4911 ) ;
#1416 = FACE_OUTER_BOUND ( 'NONE', #3314, .T. ) ;
#1417 = DIRECTION ( 'NONE',  ( 4.336808689942017736E-16, 0.000000000000000000, -1.000000000000000000 ) ) ;
#1418 = DIRECTION ( 'NONE',  ( 1.000000000000000000, 0.000000000000000000, 0.000000000000000000 ) ) ;
#1419 = DIRECTION ( 'NONE',  ( -1.000000000000000000, -0.000000000000000000, -0.000000000000000000 ) ) ;
#1420 = EDGE_LOOP ( 'NONE', ( #2500, #3968, #2601, #5340, #5776, #1805, #1598, #5160 ) ) ;
#1421 = DIRECTION ( 'NONE',  ( -1.000000000000000000, 0.000000000000000000, 1.606225440719266613E-16 ) ) ;
#1422 = APPLICATION_PROTOCOL_DEFINITION ( 'draft international standard', 'automotive_design', 1998, #2383 ) ;
#1423 = DIRECTION ( 'NONE',  ( 0.000000000000000000, 1.000000000000000000, 0.000000000000000000 ) ) ;
#1424 = EDGE_LOOP ( 'NONE', ( #3520, #3421, #4480, #4132 ) ) ;
#1425 = EDGE_CURVE ( 'NONE', #4448, #397, #1795, .T. ) ;
#1426 = LINE ( 'NONE', #3249, #1570 ) ;
#1427 = DIRECTION ( 'NONE',  ( -0.000000000000000000, 1.000000000000000000, -0.000000000000000000 ) ) ;
#1428 = DIRECTION ( 'NONE',  ( -0.000000000000000000, -1.165808787618822693E-15, -1.000000000000000000 ) ) ;
#1429 = ORIENTED_EDGE ( 'NONE', *, *, #3991, .T. ) ;
#1430 = VERTEX_POINT ( 'NONE', #1344 ) ;
#1431 = DIRECTION ( 'NONE',  ( 0.000000000000000000, -1.000000000000000000, 0.000000000000000000 ) ) ;
#1432 = DIRECTION ( 'NONE',  ( 0.000000000000000000, 1.224646799147353207E-16, 1.000000000000000000 ) ) ;
#1433 = LINE ( 'NONE', #5082, #5366 ) ;
#1434 = EDGE_CURVE ( 'NONE', #100, #1102, #3558, .T. ) ;
#1435 = CARTESIAN_POINT ( 'NONE',  ( 4.741113354645781541, 0.6300000000000003375, 0.9749999999999995337 ) ) ;
#1436 = LINE ( 'NONE', #985, #2636 ) ;
#1437 = VERTEX_POINT ( 'NONE', #1761 ) ;
#1438 = CARTESIAN_POINT ( 'NONE',  ( 0.1850000000000002753, -1.469576158976823553E-16, -1.599999999999999645 ) ) ;
#1439 = EDGE_LOOP ( 'NONE', ( #5724, #1018, #1083, #3975 ) ) ;
#1440 = CARTESIAN_POINT ( 'NONE',  ( -2.130000000000000338, 0.6299999999999997824, -0.9749999999999994227 ) ) ;
#1441 = DIRECTION ( 'NONE',  ( 0.000000000000000000, -0.000000000000000000, 1.000000000000000000 ) ) ;
#1442 = EDGE_CURVE ( 'NONE', #3142, #749, #842, .T. ) ;
#1443 = EDGE_CURVE ( 'NONE', #3343, #2208, #4561, .T. ) ;
#1444 = DIRECTION ( 'NONE',  ( -1.606225440719266613E-16, 0.000000000000000000, -1.000000000000000000 ) ) ;
#1445 = ORIENTED_EDGE ( 'NONE', *, *, #4595, .T. ) ;
#1446 = CARTESIAN_POINT ( 'NONE',  ( 0.000000000000000000, 0.03499999999999999639, -1.099999999999999867 ) ) ;
#1447 = DIRECTION ( 'NONE',  ( -1.000000000000000000, -0.000000000000000000, -0.000000000000000000 ) ) ;
#1448 = DIRECTION ( 'NONE',  ( 1.000000000000000000, 0.000000000000000000, 0.000000000000000000 ) ) ;
#1449 = VERTEX_POINT ( 'NONE', #3618 ) ;
#1450 = ORIENTED_EDGE ( 'NONE', *, *, #1979, .F. ) ;
#1451 = CARTESIAN_POINT ( 'NONE',  ( -0.1849999999999998312, 0.6300000000000003375, -1.564999999999999503 ) ) ;
#1452 = DIRECTION ( 'NONE',  ( 1.000000000000000000, 0.000000000000000000, -1.707404996040163525E-16 ) ) ;
#1453 = AXIS2_PLACEMENT_3D ( 'NONE', #239, #3821, #2000 ) ;
#1454 = EDGE_LOOP ( 'NONE', ( #143, #1120, #2695, #478 ) ) ;
#1455 = VERTEX_POINT ( 'NONE', #31 ) ;
#1456 = FACE_OUTER_BOUND ( 'NONE', #5799, .T. ) ;
#1457 = CARTESIAN_POINT ( 'NONE',  ( 2.355000000000000426, 0.6299999999999997824, -1.350000000000000089 ) ) ;
#1458 = LINE ( 'NONE', #409, #3095 ) ;
#1459 = EDGE_CURVE ( 'NONE', #1310, #2007, #3645, .T. ) ;
#1460 = DIRECTION ( 'NONE',  ( -1.000000000000000000, 0.000000000000000000, -0.000000000000000000 ) ) ;
#1461 = VECTOR ( 'NONE', #4964, 1000.000000000000000 ) ;
#1462 = DIRECTION ( 'NONE',  ( 0.000000000000000000, -1.000000000000000000, 0.000000000000000000 ) ) ;
#1463 = ORIENTED_EDGE ( 'NONE', *, *, #4355, .T. ) ;
#1464 = EDGE_CURVE ( 'NONE', #2880, #5530, #5826, .T. ) ;
#1465 = SURFACE_STYLE_FILL_AREA ( #5056 ) ;
#1466 = ORIENTED_EDGE ( 'NONE', *, *, #4749, .T. ) ;
#1467 = DIRECTION ( 'NONE',  ( -1.000000000000000000, 0.000000000000000000, 0.000000000000000000 ) ) ;
#1468 = AXIS2_PLACEMENT_3D ( 'NONE', #1510, #4601, #5100 ) ;
#1469 = DIRECTION ( 'NONE',  ( 0.000000000000000000, 0.000000000000000000, -1.000000000000000000 ) ) ;
#1470 = AXIS2_PLACEMENT_3D ( 'NONE', #4899, #3924, #830 ) ;
#1471 = CARTESIAN_POINT ( 'NONE',  ( -1.679999999999999938, -1.084202172485504434E-16, 1.349999999999999645 ) ) ;
#1472 = ORIENTED_EDGE ( 'NONE', *, *, #337, .F. ) ;
#1473 = ORIENTED_EDGE ( 'NONE', *, *, #1153, .T. ) ;
#1474 = AXIS2_PLACEMENT_3D ( 'NONE', #3892, #4307, #4390 ) ;
#1475 = EDGE_CURVE ( 'NONE', #4394, #4554, #474, .T. ) ;
#1476 = EDGE_CURVE ( 'NONE', #5613, #724, #2304, .T. ) ;
#1477 = VECTOR ( 'NONE', #1186, 1000.000000000000000 ) ;
#1478 = DIRECTION ( 'NONE',  ( 0.000000000000000000, 0.000000000000000000, -1.000000000000000000 ) ) ;
#1479 = DIRECTION ( 'NONE',  ( 0.000000000000000000, -0.000000000000000000, -1.000000000000000000 ) ) ;
#1480 = VECTOR ( 'NONE', #1887, 1000.000000000000000 ) ;
#1481 = DIRECTION ( 'NONE',  ( 0.000000000000000000, 0.000000000000000000, 1.000000000000000000 ) ) ;
#1482 = LINE ( 'NONE', #4725, #243 ) ;
#1483 = VERTEX_POINT ( 'NONE', #2207 ) ;
#1484 = ORIENTED_EDGE ( 'NONE', *, *, #3577, .T. ) ;
#1485 = CARTESIAN_POINT ( 'NONE',  ( -0.8599999999999998757, 0.6299999999999995604, -1.349999999999999645 ) ) ;
#1486 = VECTOR ( 'NONE', #1444, 1000.000000000000000 ) ;
#1487 = DIRECTION ( 'NONE',  ( 0.000000000000000000, 1.000000000000000000, -0.000000000000000000 ) ) ;
#1488 = DIRECTION ( 'NONE',  ( 4.336808689942017736E-16, 0.000000000000000000, -1.000000000000000000 ) ) ;
#1489 = VECTOR ( 'NONE', #2282, 1000.000000000000000 ) ;
#1490 = ORIENTED_EDGE ( 'NONE', *, *, #3450, .T. ) ;
#1491 = VERTEX_POINT ( 'NONE', #2663 ) ;
#1492 = COLOUR_RGB ( '',0.7921568627450980005, 0.8196078431372548767, 0.9333333333333333481 ) ;
#1493 = LINE ( 'NONE', #3406, #4417 ) ;
#1494 = DIRECTION ( 'NONE',  ( 1.000000000000000000, 0.000000000000000000, -9.637352644315618416E-16 ) ) ;
#1495 = CARTESIAN_POINT ( 'NONE',  ( 2.540000000000001812, 0.6299999999999998934, 1.349999999999999201 ) ) ;
#1496 = PLANE ( 'NONE',  #4434 ) ;
#1497 = ORIENTED_EDGE ( 'NONE', *, *, #1513, .F. ) ;
#1498 = EDGE_CURVE ( 'NONE', #4939, #4380, #1285, .T. ) ;
#1499 = AXIS2_PLACEMENT_3D ( 'NONE', #733, #1653, #2163 ) ;
#1500 = FILL_AREA_STYLE_COLOUR ( '', #4038 ) ;
#1501 = ORIENTED_EDGE ( 'NONE', *, *, #3826, .T. ) ;
#1502 = LINE ( 'NONE', #2820, #3109 ) ;
#1503 = CARTESIAN_POINT ( 'NONE',  ( 0.1850000000000006917, -1.084202172485504434E-16, 1.100000000000000311 ) ) ;
#1504 = ORIENTED_EDGE ( 'NONE', *, *, #1041, .F. ) ;
#1505 = ORIENTED_EDGE ( 'NONE', *, *, #2753, .F. ) ;
#1506 = VERTEX_POINT ( 'NONE', #5415 ) ;
#1507 = VECTOR ( 'NONE', #2642, 1000.000000000000000 ) ;
#1508 = LINE ( 'NONE', #5157, #4069 ) ;
#1509 = PLANE ( 'NONE',  #4820 ) ;
#1510 = CARTESIAN_POINT ( 'NONE',  ( 0.8600000000000003197, -1.084202172485504434E-16, 1.349999999999999645 ) ) ;
#1511 = CARTESIAN_POINT ( 'NONE',  ( 0.4100000000000000866, 0.03499999999999999639, 1.099999999999999645 ) ) ;
#1512 = ORIENTED_EDGE ( 'NONE', *, *, #921, .T. ) ;
#1513 = EDGE_CURVE ( 'NONE', #204, #3120, #4064, .T. ) ;
#1514 = ORIENTED_EDGE ( 'NONE', *, *, #563, .T. ) ;
#1515 = FACE_OUTER_BOUND ( 'NONE', #1827, .T. ) ;
#1516 = FACE_OUTER_BOUND ( 'NONE', #156, .T. ) ;
#1517 = CARTESIAN_POINT ( 'NONE',  ( 2.540000000000001812, 0.03499999999999999639, 1.349999999999999201 ) ) ;
#1518 = EDGE_CURVE ( 'NONE', #1506, #5598, #3167, .T. ) ;
#1519 = ADVANCED_FACE ( 'NONE', ( #5479 ), #2724, .F. ) ;
#1520 = ORIENTED_EDGE ( 'NONE', *, *, #703, .T. ) ;
#1521 = ORIENTED_EDGE ( 'NONE', *, *, #4767, .F. ) ;
#1522 = CARTESIAN_POINT ( 'NONE',  ( 0.4100000000000000866, 0.6650000000000000355, -1.599999999999999645 ) ) ;
#1523 = PLANE ( 'NONE',  #5176 ) ;
#1524 = DIRECTION ( 'NONE',  ( -0.000000000000000000, -0.000000000000000000, 1.000000000000000000 ) ) ;
#1525 = CARTESIAN_POINT ( 'NONE',  ( -1.679999999999999938, 0.6299999999999997824, -0.9749999999999995337 ) ) ;
#1526 = ORIENTED_EDGE ( 'NONE', *, *, #1476, .F. ) ;
#1527 = CARTESIAN_POINT ( 'NONE',  ( 1.455000000000000515, 0.03499999999999944128, -1.564999999999998392 ) ) ;
#1528 = ORIENTED_EDGE ( 'NONE', *, *, #3124, .F. ) ;
#1529 = CARTESIAN_POINT ( 'NONE',  ( -1.454999999999999849, 0.6299999999999997824, -1.099999999999999867 ) ) ;
#1530 = EDGE_CURVE ( 'NONE', #3668, #3356, #4937, .T. ) ;
#1531 = DIRECTION ( 'NONE',  ( -1.000000000000000000, 0.000000000000000000, -1.707404996040163525E-16 ) ) ;
#1532 = ORIENTED_EDGE ( 'NONE', *, *, #3232, .F. ) ;
#1533 = VERTEX_POINT ( 'NONE', #5801 ) ;
#1534 = VERTEX_POINT ( 'NONE', #1729 ) ;
#1535 = LINE ( 'NONE', #4688, #4823 ) ;
#1536 = CARTESIAN_POINT ( 'NONE',  ( 1.455000000000000071, 0.6300000000000003375, 1.564999999999999503 ) ) ;
#1537 = CARTESIAN_POINT ( 'NONE',  ( 1.085000000000000187, -8.572527594031470725E-17, -1.099999999999999645 ) ) ;
#1538 = CARTESIAN_POINT ( 'NONE',  ( -1.454999999999999849, 0.000000000000000000, -1.349999999999999645 ) ) ;
#1539 = ORIENTED_EDGE ( 'NONE', *, *, #5188, .F. ) ;
#1540 = ORIENTED_EDGE ( 'NONE', *, *, #2836, .F. ) ;
#1541 = CARTESIAN_POINT ( 'NONE',  ( 1.085000000000000187, -1.469576158976823553E-16, 1.599999999999999645 ) ) ;
#1542 = EDGE_CURVE ( 'NONE', #3448, #1730, #2393, .T. ) ;
#1543 = DIRECTION ( 'NONE',  ( 1.000000000000000000, -0.000000000000000000, 1.707404996040163525E-16 ) ) ;
#1544 = DIRECTION ( 'NONE',  ( 0.000000000000000000, 0.000000000000000000, -1.000000000000000000 ) ) ;
#1545 = DIRECTION ( 'NONE',  ( -0.000000000000000000, 0.000000000000000000, 1.000000000000000000 ) ) ;
#1546 = ORIENTED_EDGE ( 'NONE', *, *, #3709, .F. ) ;
#1547 = ORIENTED_EDGE ( 'NONE', *, *, #4425, .T. ) ;
#1548 = DIRECTION ( 'NONE',  ( 1.000000000000000000, 0.000000000000000000, 0.000000000000000000 ) ) ;
#1549 = EDGE_CURVE ( 'NONE', #4032, #5133, #5509, .T. ) ;
#1550 = FACE_OUTER_BOUND ( 'NONE', #5748, .T. ) ;
#1551 = FACE_OUTER_BOUND ( 'NONE', #2376, .T. ) ;
#1552 = DIRECTION ( 'NONE',  ( 0.000000000000000000, -0.000000000000000000, 1.000000000000000000 ) ) ;
#1553 = VERTEX_POINT ( 'NONE', #1072 ) ;
#1554 = CARTESIAN_POINT ( 'NONE',  ( 1.455000000000000071, 0.000000000000000000, 1.349999999999999645 ) ) ;
#1555 = ORIENTED_EDGE ( 'NONE', *, *, #3449, .F. ) ;
#1556 = CARTESIAN_POINT ( 'NONE',  ( 1.680000000000000160, -1.084202172485504434E-16, 1.349999999999999645 ) ) ;
#1557 = LINE ( 'NONE', #3827, #4033 ) ;
#1558 = VECTOR ( 'NONE', #357, 1000.000000000000000 ) ;
#1559 = ORIENTED_EDGE ( 'NONE', *, *, #2006, .T. ) ;
#1560 = VERTEX_POINT ( 'NONE', #5569 ) ;
#1561 = ORIENTED_EDGE ( 'NONE', *, *, #154, .T. ) ;
#1562 = CARTESIAN_POINT ( 'NONE',  ( -2.540000000000000924, 6.596850090290522495, 1.564999999999998614 ) ) ;
#1563 = FILL_AREA_STYLE_COLOUR ( '', #1012 ) ;
#1564 = AXIS2_PLACEMENT_3D ( 'NONE', #3460, #770, #3104 ) ;
#1565 = PLANE ( 'NONE',  #5738 ) ;
#1566 = CARTESIAN_POINT ( 'NONE',  ( -0.1849999999999998312, 0.000000000000000000, 1.349999999999999645 ) ) ;
#1567 = ORIENTED_EDGE ( 'NONE', *, *, #2320, .T. ) ;
#1568 = ORIENTED_EDGE ( 'NONE', *, *, #5243, .F. ) ;
#1569 = VECTOR ( 'NONE', #168, 1000.000000000000000 ) ;
#1570 = VECTOR ( 'NONE', #2321, 1000.000000000000000 ) ;
#1571 = ADVANCED_FACE ( 'NONE', ( #3706 ), #4233, .F. ) ;
#1572 = DIRECTION ( 'NONE',  ( -1.000000000000000000, 0.000000000000000000, -0.000000000000000000 ) ) ;
#1573 = VECTOR ( 'NONE', #5680, 1000.000000000000000 ) ;
#1574 = CARTESIAN_POINT ( 'NONE',  ( -1.455000000000000071, 0.6650000000000000355, 1.349999999999998979 ) ) ;
#1575 = DIRECTION ( 'NONE',  ( -1.000000000000000000, 0.000000000000000000, 0.000000000000000000 ) ) ;
#1576 = CARTESIAN_POINT ( 'NONE',  ( 2.130000000000000338, -1.084202172485504434E-16, -1.350000000000000089 ) ) ;
#1577 = MANIFOLD_SOLID_BREP ( 'Cut-Extrude2[6]', #3137 ) ;
#1578 = VECTOR ( 'NONE', #886, 1000.000000000000000 ) ;
#1579 = ORIENTED_EDGE ( 'NONE', *, *, #3183, .F. ) ;
#1580 = VERTEX_POINT ( 'NONE', #2871 ) ;
#1581 = VECTOR ( 'NONE', #195, 1000.000000000000000 ) ;
#1582 = DIRECTION ( 'NONE',  ( -1.000000000000000000, 0.000000000000000000, 9.637352644315616444E-16 ) ) ;
#1583 = DIRECTION ( 'NONE',  ( 1.000000000000000000, 0.000000000000000000, 0.000000000000000000 ) ) ;
#1584 = EDGE_CURVE ( 'NONE', #2028, #3133, #1939, .T. ) ;
#1585 = DIRECTION ( 'NONE',  ( 0.000000000000000000, -0.000000000000000000, -1.000000000000000000 ) ) ;
#1586 = VECTOR ( 'NONE', #1350, 1000.000000000000000 ) ;
#1587 = VERTEX_POINT ( 'NONE', #4708 ) ;
#1588 = UNCERTAINTY_MEASURE_WITH_UNIT (LENGTH_MEASURE( 1.000000000000000082E-05 ), #5625, 'distance_accuracy_value', 'NONE');
#1589 = VECTOR ( 'NONE', #4294, 1000.000000000000000 ) ;
#1590 = ORIENTED_EDGE ( 'NONE', *, *, #763, .T. ) ;
#1591 = CARTESIAN_POINT ( 'NONE',  ( -0.1849999999999998312, 0.6650000000000000355, -1.599999999999999645 ) ) ;
#1592 = LINE ( 'NONE', #1671, #1362 ) ;
#1593 = VECTOR ( 'NONE', #4545, 1000.000000000000000 ) ;
#1594 = VECTOR ( 'NONE', #438, 1000.000000000000000 ) ;
#1595 = ADVANCED_FACE ( 'NONE', ( #1551 ), #2367, .F. ) ;
#1596 = VERTEX_POINT ( 'NONE', #149 ) ;
#1597 = ORIENTED_EDGE ( 'NONE', *, *, #4265, .F. ) ;
#1598 = ORIENTED_EDGE ( 'NONE', *, *, #1332, .T. ) ;
#1599 = VECTOR ( 'NONE', #4960, 1000.000000000000000 ) ;
#1600 = CARTESIAN_POINT ( 'NONE',  ( -2.505000000000001226, 0.6650000000000000355, 0.9749999999999995337 ) ) ;
#1601 = MANIFOLD_SOLID_BREP ( 'Cut-Extrude2[3]', #2763 ) ;
#1602 = CARTESIAN_POINT ( 'NONE',  ( 2.130000000000000782, -1.084202172485504434E-16, 1.349999999999999201 ) ) ;
#1603 = DIRECTION ( 'NONE',  ( 0.000000000000000000, 0.000000000000000000, 1.000000000000000000 ) ) ;
#1604 = EDGE_LOOP ( 'NONE', ( #1703, #360, #2748, #5847 ) ) ;
#1605 = VECTOR ( 'NONE', #5701, 1000.000000000000000 ) ;
#1606 = VERTEX_POINT ( 'NONE', #4151 ) ;
#1607 = CARTESIAN_POINT ( 'NONE',  ( 0.8600000000000003197, -1.084202172485504434E-16, 1.349999999999999645 ) ) ;
#1608 = LINE ( 'NONE', #1574, #5460 ) ;
#1609 = CARTESIAN_POINT ( 'NONE',  ( -1.084999999999999520, -1.084202172485504434E-16, -1.599999999999999867 ) ) ;
#1610 = CARTESIAN_POINT ( 'NONE',  ( -0.1849999999999998312, -1.469576158976823553E-16, -1.599999999999999645 ) ) ;
#1611 = EDGE_CURVE ( 'NONE', #3800, #1220, #2844, .T. ) ;
#1612 = ORIENTED_EDGE ( 'NONE', *, *, #3949, .F. ) ;
#1613 = DIRECTION ( 'NONE',  ( 0.000000000000000000, 0.000000000000000000, -1.000000000000000000 ) ) ;
#1614 = DIRECTION ( 'NONE',  ( 0.000000000000000000, 0.000000000000000000, 1.000000000000000000 ) ) ;
#1615 = FACE_OUTER_BOUND ( 'NONE', #1651, .T. ) ;
#1616 = VERTEX_POINT ( 'NONE', #2026 ) ;
#1617 = LINE ( 'NONE', #5238, #4976 ) ;
#1618 = EDGE_CURVE ( 'NONE', #4769, #1249, #3849, .T. ) ;
#1619 = VERTEX_POINT ( 'NONE', #4293 ) ;
#1620 = LINE ( 'NONE', #5267, #53 ) ;
#1621 = DIRECTION ( 'NONE',  ( 1.000000000000000000, 0.000000000000000000, 0.000000000000000000 ) ) ;
#1622 = ORIENTED_EDGE ( 'NONE', *, *, #851, .T. ) ;
#1623 = ORIENTED_EDGE ( 'NONE', *, *, #4978, .T. ) ;
#1624 = EDGE_CURVE ( 'NONE', #4290, #2399, #208, .T. ) ;
#1625 = CARTESIAN_POINT ( 'NONE',  ( 2.355000000000000426, 0.6300000000000003375, -1.564999999999999503 ) ) ;
#1626 = EDGE_CURVE ( 'NONE', #5540, #4437, #5514, .T. ) ;
#1627 = CARTESIAN_POINT ( 'NONE',  ( 0.1850000000000002753, 0.6650000000000000355, -1.599999999999999645 ) ) ;
#1628 = CARTESIAN_POINT ( 'NONE',  ( 0.1850000000000002753, -1.469576158976823553E-16, 1.599999999999999645 ) ) ;
#1629 = ORIENTED_EDGE ( 'NONE', *, *, #3010, .T. ) ;
#1630 = VERTEX_POINT ( 'NONE', #1438 ) ;
#1631 = LINE ( 'NONE', #1684, #642 ) ;
#1632 = LINE ( 'NONE', #734, #3476 ) ;
#1633 = DIRECTION ( 'NONE',  ( -1.000000000000000000, 0.000000000000000000, 0.000000000000000000 ) ) ;
#1634 = MANIFOLD_SOLID_BREP ( 'Cut-Extrude2[4]', #5310 ) ;
#1635 = DIRECTION ( 'NONE',  ( -1.000000000000000000, 0.000000000000000000, 0.000000000000000000 ) ) ;
#1636 = EDGE_CURVE ( 'NONE', #3570, #2209, #4096, .T. ) ;
#1637 = DIRECTION ( 'NONE',  ( -1.000000000000000000, 0.000000000000000000, 0.000000000000000000 ) ) ;
#1638 = ORIENTED_EDGE ( 'NONE', *, *, #620, .F. ) ;
#1639 = FACE_OUTER_BOUND ( 'NONE', #2001, .T. ) ;
#1640 = EDGE_CURVE ( 'NONE', #4343, #4754, #1919, .T. ) ;
#1641 = ORIENTED_EDGE ( 'NONE', *, *, #1618, .F. ) ;
#1642 = CARTESIAN_POINT ( 'NONE',  ( -0.1849999999999998312, 0.6299999999999997824, -0.9749999999999995337 ) ) ;
#1643 = CARTESIAN_POINT ( 'NONE',  ( 4.741113354645781541, 0.6650000000000000355, 1.099999999999999645 ) ) ;
#1644 = ADVANCED_FACE ( 'NONE', ( #2307 ), #1348, .T. ) ;
#1645 = EDGE_LOOP ( 'NONE', ( #3405, #1169, #275, #4367 ) ) ;
#1646 = ORIENTED_EDGE ( 'NONE', *, *, #3449, .T. ) ;
#1647 = PLANE ( 'NONE',  #73 ) ;
#1648 = CARTESIAN_POINT ( 'NONE',  ( -2.505000000000001226, 0.6300000000000005596, -0.9749999999999995337 ) ) ;
#1649 = CARTESIAN_POINT ( 'NONE',  ( -2.540000000000000924, 0.03499999999999999639, 1.564999999999998614 ) ) ;
#1650 = ORIENTED_EDGE ( 'NONE', *, *, #5548, .T. ) ;
#1651 = EDGE_LOOP ( 'NONE', ( #3581, #2598, #3773, #2044, #4263, #37, #191, #3623 ) ) ;
#1652 = EDGE_CURVE ( 'NONE', #3859, #4362, #4653, .T. ) ;
#1653 = DIRECTION ( 'NONE',  ( 0.000000000000000000, 0.000000000000000000, 1.000000000000000000 ) ) ;
#1654 = CARTESIAN_POINT ( 'NONE',  ( 0.1850000000000002753, 0.03499999999999999639, 1.349999999999999645 ) ) ;
#1655 = FACE_OUTER_BOUND ( 'NONE', #1454, .T. ) ;
#1656 = FACE_OUTER_BOUND ( 'NONE', #3027, .T. ) ;
#1657 = VECTOR ( 'NONE', #2460, 1000.000000000000000 ) ;
#1658 = AXIS2_PLACEMENT_3D ( 'NONE', #4106, #4078, #1870 ) ;
#1659 = VECTOR ( 'NONE', #2566, 1000.000000000000000 ) ;
#1660 = MANIFOLD_SOLID_BREP ( 'Boss-Extrude3', #5120 ) ;
#1661 = EDGE_CURVE ( 'NONE', #724, #1534, #5867, .T. ) ;
#1662 = VECTOR ( 'NONE', #4783, 1000.000000000000000 ) ;
#1663 = CARTESIAN_POINT ( 'NONE',  ( -0.4099999999999997535, -1.084202172485504434E-16, 1.349999999999999645 ) ) ;
#1664 = VECTOR ( 'NONE', #244, 1000.000000000000000 ) ;
#1665 = LINE ( 'NONE', #4019, #2204 ) ;
#1666 = VERTEX_POINT ( 'NONE', #3622 ) ;
#1667 = DIRECTION ( 'NONE',  ( 0.000000000000000000, -0.000000000000000000, 1.000000000000000000 ) ) ;
#1668 = CARTESIAN_POINT ( 'NONE',  ( 0.1850000000000002753, 0.6300000000000001155, -1.349999999999999645 ) ) ;
#1669 = ORIENTED_EDGE ( 'NONE', *, *, #4336, .F. ) ;
#1670 = LINE ( 'NONE', #5414, #4515 ) ;
#1671 = CARTESIAN_POINT ( 'NONE',  ( -1.455000000000000071, 0.03499999999999999639, 6.310056643865639750E-16 ) ) ;
#1672 = VECTOR ( 'NONE', #1801, 1000.000000000000000 ) ;
#1673 = EDGE_CURVE ( 'NONE', #1929, #2874, #4564, .T. ) ;
#1674 = ORIENTED_EDGE ( 'NONE', *, *, #4786, .T. ) ;
#1675 = ORIENTED_EDGE ( 'NONE', *, *, #2807, .F. ) ;
#1676 = FACE_OUTER_BOUND ( 'NONE', #4447, .T. ) ;
#1677 = VECTOR ( 'NONE', #3126, 1000.000000000000000 ) ;
#1678 = DIRECTION ( 'NONE',  ( -0.000000000000000000, 1.000000000000000000, -0.000000000000000000 ) ) ;
#1679 = LINE ( 'NONE', #2042, #2046 ) ;
#1680 = LINE ( 'NONE', #5781, #2368 ) ;
#1681 = VERTEX_POINT ( 'NONE', #3236 ) ;
#1682 = ORIENTED_EDGE ( 'NONE', *, *, #3173, .T. ) ;
#1683 = VECTOR ( 'NONE', #1808, 1000.000000000000000 ) ;
#1684 = CARTESIAN_POINT ( 'NONE',  ( -2.540000000000000924, 6.596850090290522495, 1.564999999999998614 ) ) ;
#1685 = DIRECTION ( 'NONE',  ( -1.000000000000000000, 0.000000000000000000, 0.000000000000000000 ) ) ;
#1686 = EDGE_CURVE ( 'NONE', #2776, #1158, #3380, .T. ) ;
#1687 = CARTESIAN_POINT ( 'NONE',  ( 0.4100000000000000866, -1.084202172485504434E-16, 1.349999999999999645 ) ) ;
#1688 = CARTESIAN_POINT ( 'NONE',  ( 0.1850000000000002753, 0.000000000000000000, 0.000000000000000000 ) ) ;
#1689 = MANIFOLD_SOLID_BREP ( 'Boss-Extrude5[1]', #557 ) ;
#1690 = CARTESIAN_POINT ( 'NONE',  ( -1.084999999999999742, 0.03499999999999999639, 1.349999999999999645 ) ) ;
#1691 = ADVANCED_FACE ( 'NONE', ( #155 ), #3413, .F. ) ;
#1692 = EDGE_CURVE ( 'NONE', #71, #4184, #1942, .T. ) ;
#1693 = DIRECTION ( 'NONE',  ( 1.000000000000000000, 0.000000000000000000, 0.000000000000000000 ) ) ;
#1694 = VERTEX_POINT ( 'NONE', #211 ) ;
#1695 = ORIENTED_EDGE ( 'NONE', *, *, #2344, .T. ) ;
#1696 = DIRECTION ( 'NONE',  ( 1.606225440719266613E-16, 0.000000000000000000, 1.000000000000000000 ) ) ;
#1697 = DIRECTION ( 'NONE',  ( 1.000000000000000000, -0.000000000000000000, 0.000000000000000000 ) ) ;
#1698 = ORIENTED_EDGE ( 'NONE', *, *, #1692, .F. ) ;
#1699 = LINE ( 'NONE', #3073, #2716 ) ;
#1700 = DIRECTION ( 'NONE',  ( 1.000000000000000000, -0.000000000000000000, 0.000000000000000000 ) ) ;
#1701 = ORIENTED_EDGE ( 'NONE', *, *, #5817, .F. ) ;
#1702 = ORIENTED_EDGE ( 'NONE', *, *, #21, .F. ) ;
#1703 = ORIENTED_EDGE ( 'NONE', *, *, #858, .F. ) ;
#1704 = CARTESIAN_POINT ( 'NONE',  ( 0.8600000000000003197, -1.084202172485504434E-16, -1.349999999999999645 ) ) ;
#1705 = ADVANCED_FACE ( 'NONE', ( #631 ), #2423, .F. ) ;
#1706 = FACE_OUTER_BOUND ( 'NONE', #4056, .T. ) ;
#1707 = CARTESIAN_POINT ( 'NONE',  ( 2.540000000000001812, 0.6300000000000001155, -1.350000000000000089 ) ) ;
#1708 = DIRECTION ( 'NONE',  ( -0.000000000000000000, -0.000000000000000000, 1.000000000000000000 ) ) ;
#1709 = ORIENTED_EDGE ( 'NONE', *, *, #3930, .T. ) ;
#1710 = ORIENTED_EDGE ( 'NONE', *, *, #667, .F. ) ;
#1711 = CARTESIAN_POINT ( 'NONE',  ( -2.130000000000000338, -1.084202172485504434E-16, -1.349999999999999645 ) ) ;
#1712 = ADVANCED_FACE ( 'NONE', ( #3765 ), #4768, .F. ) ;
#1713 = LINE ( 'NONE', #5338, #2255 ) ;
#1714 =( NAMED_UNIT ( * ) SI_UNIT ( $, .STERADIAN. ) SOLID_ANGLE_UNIT ( ) );
#1715 = DIRECTION ( 'NONE',  ( -1.000000000000000000, 0.000000000000000000, 0.000000000000000000 ) ) ;
#1716 = VERTEX_POINT ( 'NONE', #1527 ) ;
#1717 = EDGE_CURVE ( 'NONE', #933, #161, #1164, .T. ) ;
#1718 = FACE_OUTER_BOUND ( 'NONE', #4030, .T. ) ;
#1719 = FILL_AREA_STYLE_COLOUR ( '', #4052 ) ;
#1720 = CARTESIAN_POINT ( 'NONE',  ( 2.540000000000001812, 6.596850090290522495, 1.564999999999999503 ) ) ;
#1721 = ORIENTED_EDGE ( 'NONE', *, *, #1636, .T. ) ;
#1722 = ORIENTED_EDGE ( 'NONE', *, *, #398, .F. ) ;
#1723 = PRODUCT_RELATED_PRODUCT_CATEGORY ( 'part', '', ( #2239 ) ) ;
#1724 = ADVANCED_FACE ( 'NONE', ( #4269 ), #3351, .F. ) ;
#1725 = CARTESIAN_POINT ( 'NONE',  ( -0.1849999999999998312, 0.6650000000000000355, 1.349999999999999645 ) ) ;
#1726 = DIRECTION ( 'NONE',  ( 0.000000000000000000, -1.000000000000000000, 0.000000000000000000 ) ) ;
#1727 = EDGE_LOOP ( 'NONE', ( #5217, #4112, #1484, #1255 ) ) ;
#1728 = LINE ( 'NONE', #1317, #3760 ) ;
#1729 = CARTESIAN_POINT ( 'NONE',  ( -1.454999999999999849, 0.6650000000000000355, -1.599999999999999645 ) ) ;
#1730 = VERTEX_POINT ( 'NONE', #687 ) ;
#1731 = ORIENTED_EDGE ( 'NONE', *, *, #4103, .F. ) ;
#1732 = DIRECTION ( 'NONE',  ( 1.000000000000000000, -0.000000000000000000, 0.000000000000000000 ) ) ;
#1733 = CARTESIAN_POINT ( 'NONE',  ( -0.1849999999999998312, -1.469576158976823553E-16, 1.599999999999999645 ) ) ;
#1734 = CARTESIAN_POINT ( 'NONE',  ( 1.455000000000000071, -1.163414459189985436E-16, 1.349999999999999645 ) ) ;
#1735 = CARTESIAN_POINT ( 'NONE',  ( 1.455000000000000959, 0.6300000000000003375, 1.564999999999999281 ) ) ;
#1736 = ORIENTED_EDGE ( 'NONE', *, *, #1717, .T. ) ;
#1737 = ORIENTED_EDGE ( 'NONE', *, *, #2948, .F. ) ;
#1738 = ADVANCED_FACE ( 'NONE', ( #596 ), #1077, .F. ) ;
#1739 = DIRECTION ( 'NONE',  ( 1.000000000000000000, 0.000000000000000000, 0.000000000000000000 ) ) ;
#1740 = CARTESIAN_POINT ( 'NONE',  ( -2.130000000000000338, -1.084202172485504434E-16, -1.349999999999999645 ) ) ;
#1741 = SHAPE_REPRESENTATION_RELATIONSHIP ( 'NONE' , 'NONE' ,  #3415, #450 ) ;
#1742 = DIRECTION ( 'NONE',  ( 0.000000000000000000, 1.000000000000000000, 0.000000000000000000 ) ) ;
#1743 = ORIENTED_EDGE ( 'NONE', *, *, #691, .F. ) ;
#1744 = VECTOR ( 'NONE', #3588, 1000.000000000000000 ) ;
#1745 = EDGE_CURVE ( 'NONE', #1666, #699, #185, .T. ) ;
#1746 = DIRECTION ( 'NONE',  ( -1.000000000000000000, 0.000000000000000000, 1.606225440719266613E-16 ) ) ;
#1747 = PRESENTATION_LAYER_ASSIGNMENT (  '', '', ( #3850 ) ) ;
#1748 = DIRECTION ( 'NONE',  ( -1.000000000000000000, 0.000000000000000000, 4.336808689942020201E-16 ) ) ;
#1749 = VECTOR ( 'NONE', #838, 1000.000000000000000 ) ;
#1750 = FACE_OUTER_BOUND ( 'NONE', #5054, .T. ) ;
#1751 = ORIENTED_EDGE ( 'NONE', *, *, #1686, .T. ) ;
#1752 = ORIENTED_EDGE ( 'NONE', *, *, #5292, .T. ) ;
#1753 = AXIS2_PLACEMENT_3D ( 'NONE', #4925, #1742, #4950 ) ;
#1754 = VECTOR ( 'NONE', #3157, 1000.000000000000000 ) ;
#1755 = DIRECTION ( 'NONE',  ( 0.000000000000000000, -1.000000000000000000, 0.000000000000000000 ) ) ;
#1756 = CARTESIAN_POINT ( 'NONE',  ( 1.085000000000000187, 0.000000000000000000, 1.349999999999999645 ) ) ;
#1757 = ORIENTED_EDGE ( 'NONE', *, *, #5352, .F. ) ;
#1758 = AXIS2_PLACEMENT_3D ( 'NONE', #1409, #956, #1614 ) ;
#1759 = CARTESIAN_POINT ( 'NONE',  ( -1.084999999999999742, 0.6650000000000000355, 1.599999999999999645 ) ) ;
#1760 = EDGE_CURVE ( 'NONE', #1404, #888, #1617, .T. ) ;
#1761 = CARTESIAN_POINT ( 'NONE',  ( 0.1850000000000002753, 0.03499999999999999639, -1.349999999999999645 ) ) ;
#1762 = VERTEX_POINT ( 'NONE', #3823 ) ;
#1763 = ORIENTED_EDGE ( 'NONE', *, *, #3173, .F. ) ;
#1764 = VECTOR ( 'NONE', #341, 1000.000000000000000 ) ;
#1765 = CARTESIAN_POINT ( 'NONE',  ( 1.085000000000000187, 0.6300000000000003375, -1.564999999999999503 ) ) ;
#1766 = VECTOR ( 'NONE', #2746, 1000.000000000000000 ) ;
#1767 = ORIENTED_EDGE ( 'NONE', *, *, #1443, .T. ) ;
#1768 = DIRECTION ( 'NONE',  ( -1.000000000000000000, 0.000000000000000000, 0.000000000000000000 ) ) ;
#1769 = PRESENTATION_LAYER_ASSIGNMENT (  '', '', ( #3486 ) ) ;
#1770 = CARTESIAN_POINT ( 'NONE',  ( -1.084999999999999742, 0.6650000000000000355, -1.349999999999999645 ) ) ;
#1771 = CARTESIAN_POINT ( 'NONE',  ( 0.8600000000000003197, 0.6649999999999998135, 1.349999999999999645 ) ) ;
#1772 = EDGE_CURVE ( 'NONE', #5020, #521, #5628, .T. ) ;
#1773 = ADVANCED_FACE ( 'NONE', ( #1639 ), #5348, .F. ) ;
#1774 = VERTEX_POINT ( 'NONE', #5796 ) ;
#1775 = VECTOR ( 'NONE', #3353, 1000.000000000000000 ) ;
#1776 = FACE_OUTER_BOUND ( 'NONE', #3121, .T. ) ;
#1777 = CARTESIAN_POINT ( 'NONE',  ( 2.355000000000000426, 0.03499999999999999639, -1.350000000000000089 ) ) ;
#1778 = PRODUCT_CONTEXT ( 'NONE', #5018, 'mechanical' ) ;
#1779 = DIRECTION ( 'NONE',  ( -1.000000000000000000, -0.000000000000000000, -0.000000000000000000 ) ) ;
#1780 = EDGE_LOOP ( 'NONE', ( #4788, #1413, #4406, #2643 ) ) ;
#1781 = VECTOR ( 'NONE', #1739, 1000.000000000000000 ) ;
#1782 = LINE ( 'NONE', #976, #997 ) ;
#1783 = DIRECTION ( 'NONE',  ( -0.000000000000000000, 1.000000000000000000, -0.000000000000000000 ) ) ;
#1784 = ADVANCED_FACE ( 'NONE', ( #1313 ), #4379, .F. ) ;
#1785 = VECTOR ( 'NONE', #3726, 1000.000000000000000 ) ;
#1786 = CARTESIAN_POINT ( 'NONE',  ( 1.680000000000000160, -1.084202172485504434E-16, 1.349999999999999645 ) ) ;
#1787 = ORIENTED_EDGE ( 'NONE', *, *, #2781, .T. ) ;
#1788 = VERTEX_POINT ( 'NONE', #2143 ) ;
#1789 = VECTOR ( 'NONE', #40, 1000.000000000000000 ) ;
#1790 = CARTESIAN_POINT ( 'NONE',  ( -1.084999999999999742, 0.03499999999999999639, -1.564999999999999503 ) ) ;
#1791 = LINE ( 'NONE', #1014, #2162 ) ;
#1792 = CARTESIAN_POINT ( 'NONE',  ( 1.085000000000000187, 0.6650000000000000355, -1.349999999999999645 ) ) ;
#1793 = ORIENTED_EDGE ( 'NONE', *, *, #3972, .T. ) ;
#1794 = DIRECTION ( 'NONE',  ( 9.637352644315618416E-16, 0.000000000000000000, 1.000000000000000000 ) ) ;
#1795 = LINE ( 'NONE', #1823, #3373 ) ;
#1796 = LINE ( 'NONE', #2846, #946 ) ;
#1797 = ORIENTED_EDGE ( 'NONE', *, *, #3758, .F. ) ;
#1798 = ADVANCED_FACE ( 'NONE', ( #3022 ), #4404, .F. ) ;
#1799 =( NAMED_UNIT ( * ) PLANE_ANGLE_UNIT ( ) SI_UNIT ( $, .RADIAN. ) );
#1800 = ORIENTED_EDGE ( 'NONE', *, *, #2774, .T. ) ;
#1801 = DIRECTION ( 'NONE',  ( -2.168404344971008868E-16, 0.000000000000000000, -1.000000000000000000 ) ) ;
#1802 = PLANE ( 'NONE',  #3862 ) ;
#1803 = CARTESIAN_POINT ( 'NONE',  ( 2.355000000000000426, -8.572527594031470725E-17, -1.099999999999999645 ) ) ;
#1804 = CLOSED_SHELL ( 'NONE', ( #4886, #2063, #1205, #777, #657, #214, #4349, #1705, #5322, #2894, #3419, #291, #1382, #2683, #5829, #3871, #3261, #3064 ) ) ;
#1805 = ORIENTED_EDGE ( 'NONE', *, *, #3613, .T. ) ;
#1806 = EDGE_CURVE ( 'NONE', #1534, #1924, #1279, .T. ) ;
#1807 = EDGE_CURVE ( 'NONE', #2034, #1666, #4796, .T. ) ;
#1808 = DIRECTION ( 'NONE',  ( 1.606225440719266613E-16, 0.000000000000000000, 1.000000000000000000 ) ) ;
#1809 = CARTESIAN_POINT ( 'NONE',  ( -2.540000000000000924, 0.03499999999999999639, -1.564999999999997726 ) ) ;
#1810 = FACE_OUTER_BOUND ( 'NONE', #3003, .T. ) ;
#1811 = ORIENTED_EDGE ( 'NONE', *, *, #4984, .T. ) ;
#1812 = LINE ( 'NONE', #4108, #710 ) ;
#1813 = CARTESIAN_POINT ( 'NONE',  ( 2.130000000000000782, -1.084202172485504434E-16, 1.349999999999999201 ) ) ;
#1814 = CARTESIAN_POINT ( 'NONE',  ( -0.1849999999999998312, 0.6299999999999997824, 1.099999999999999867 ) ) ;
#1815 = ORIENTED_EDGE ( 'NONE', *, *, #5848, .T. ) ;
#1816 = VERTEX_POINT ( 'NONE', #290 ) ;
#1817 = AXIS2_PLACEMENT_3D ( 'NONE', #266, #5793, #1693 ) ;
#1818 = CARTESIAN_POINT ( 'NONE',  ( 2.355000000000000426, 0.6650000000000000355, -0.9749999999999995337 ) ) ;
#1819 = ADVANCED_FACE ( 'NONE', ( #379 ), #4826, .F. ) ;
#1820 = CARTESIAN_POINT ( 'NONE',  ( 2.540000000000001812, 0.6300000000000001155, -1.350000000000000089 ) ) ;
#1821 = FACE_OUTER_BOUND ( 'NONE', #2494, .T. ) ;
#1822 = FACE_OUTER_BOUND ( 'NONE', #586, .T. ) ;
#1823 = CARTESIAN_POINT ( 'NONE',  ( 1.085000000000000187, 0.000000000000000000, 1.349999999999999645 ) ) ;
#1824 = ORIENTED_EDGE ( 'NONE', *, *, #4619, .T. ) ;
#1825 = VERTEX_POINT ( 'NONE', #2112 ) ;
#1826 = EDGE_CURVE ( 'NONE', #242, #2825, #3929, .T. ) ;
#1827 = EDGE_LOOP ( 'NONE', ( #835, #4766, #2468, #2804 ) ) ;
#1828 = CARTESIAN_POINT ( 'NONE',  ( 2.355000000000000426, 0.03499999999999999639, 1.349999999999999645 ) ) ;
#1829 = LINE ( 'NONE', #2186, #45 ) ;
#1830 = LINE ( 'NONE', #3652, #3034 ) ;
#1831 = EDGE_CURVE ( 'NONE', #3750, #384, #716, .T. ) ;
#1832 = DIRECTION ( 'NONE',  ( -0.000000000000000000, -0.000000000000000000, 1.000000000000000000 ) ) ;
#1833 = ORIENTED_EDGE ( 'NONE', *, *, #2508, .F. ) ;
#1834 = CARTESIAN_POINT ( 'NONE',  ( -2.130000000000000338, -1.084202172485504434E-16, -1.099999999999999645 ) ) ;
#1835 = CARTESIAN_POINT ( 'NONE',  ( -0.1849999999999993872, 6.596850090290522495, 1.564999999999999059 ) ) ;
#1836 = DIRECTION ( 'NONE',  ( 1.000000000000000000, 0.000000000000000000, 0.000000000000000000 ) ) ;
#1837 = ORIENTED_EDGE ( 'NONE', *, *, #1333, .F. ) ;
#1838 = EDGE_CURVE ( 'NONE', #1249, #5503, #3045, .T. ) ;
#1839 = EDGE_CURVE ( 'NONE', #1455, #755, #3965, .T. ) ;
#1840 = DIRECTION ( 'NONE',  ( 1.606225440719266613E-16, 0.000000000000000000, 1.000000000000000000 ) ) ;
#1841 = LINE ( 'NONE', #2773, #3951 ) ;
#1842 = VECTOR ( 'NONE', #1621, 1000.000000000000000 ) ;
#1843 = EDGE_CURVE ( 'NONE', #4144, #3343, #802, .T. ) ;
#1844 = CARTESIAN_POINT ( 'NONE',  ( 2.130000000000000338, -1.084202172485504434E-16, -1.350000000000000089 ) ) ;
#1845 = VERTEX_POINT ( 'NONE', #4357 ) ;
#1846 = ORIENTED_EDGE ( 'NONE', *, *, #3881, .T. ) ;
#1847 = DIRECTION ( 'NONE',  ( 0.000000000000000000, 0.000000000000000000, 1.000000000000000000 ) ) ;
#1848 = CARTESIAN_POINT ( 'NONE',  ( -0.4099999999999997535, -1.084202172485504434E-16, 1.349999999999999645 ) ) ;
#1849 = AXIS2_PLACEMENT_3D ( 'NONE', #1818, #2271, #4492 ) ;
#1850 = LINE ( 'NONE', #5024, #2238 ) ;
#1851 = CARTESIAN_POINT ( 'NONE',  ( 0.1849999999999998868, 0.03499999999999999639, 8.023096076392727881E-17 ) ) ;
#1852 = FACE_OUTER_BOUND ( 'NONE', #1349, .T. ) ;
#1853 = AXIS2_PLACEMENT_3D ( 'NONE', #3532, #9, #5006 ) ;
#1854 = CARTESIAN_POINT ( 'NONE',  ( -1.084999999999999742, -1.469576158976823553E-16, -1.599999999999999645 ) ) ;
#1855 = EDGE_LOOP ( 'NONE', ( #247, #2887, #5189, #3931, #2729, #2979, #2838, #59 ) ) ;
#1856 = AXIS2_PLACEMENT_3D ( 'NONE', #4737, #1997, #2484 ) ;
#1857 = AXIS2_PLACEMENT_3D ( 'NONE', #766, #3990, #4868 ) ;
#1858 = EDGE_LOOP ( 'NONE', ( #1029, #4085, #5280, #3590 ) ) ;
#1859 = AXIS2_PLACEMENT_3D ( 'NONE', #1688, #4785, #705 ) ;
#1860 = DIRECTION ( 'NONE',  ( -0.000000000000000000, 1.000000000000000000, -0.000000000000000000 ) ) ;
#1861 = EDGE_CURVE ( 'NONE', #1010, #1022, #5769, .T. ) ;
#1862 = DIRECTION ( 'NONE',  ( 0.000000000000000000, 0.000000000000000000, -1.000000000000000000 ) ) ;
#1863 = LINE ( 'NONE', #2253, #5591 ) ;
#1864 = VECTOR ( 'NONE', #2018, 1000.000000000000000 ) ;
#1865 = CARTESIAN_POINT ( 'NONE',  ( 0.000000000000000000, 0.03499999999999999639, -1.099999999999999867 ) ) ;
#1866 = VECTOR ( 'NONE', #99, 1000.000000000000000 ) ;
#1867 = VERTEX_POINT ( 'NONE', #3996 ) ;
#1868 = CARTESIAN_POINT ( 'NONE',  ( 1.085000000000000187, 0.6650000000000000355, 1.599999999999999645 ) ) ;
#1869 = FILL_AREA_STYLE ('',( #516 ) ) ;
#1870 = DIRECTION ( 'NONE',  ( 4.336808689942020201E-16, 0.000000000000000000, 1.000000000000000000 ) ) ;
#1871 = ORIENTED_EDGE ( 'NONE', *, *, #1807, .F. ) ;
#1872 = VECTOR ( 'NONE', #5751, 1000.000000000000000 ) ;
#1873 = VECTOR ( 'NONE', #4235, 1000.000000000000000 ) ;
#1874 = EDGE_CURVE ( 'NONE', #2399, #4284, #2548, .T. ) ;
#1875 = CARTESIAN_POINT ( 'NONE',  ( 1.085000000000000187, 0.6300000000000003375, -1.564999999999999503 ) ) ;
#1876 = AXIS2_PLACEMENT_3D ( 'NONE', #5459, #5428, #2676 ) ;
#1877 = DIRECTION ( 'NONE',  ( 1.000000000000000000, 0.000000000000000000, 0.000000000000000000 ) ) ;
#1878 = VECTOR ( 'NONE', #575, 1000.000000000000000 ) ;
#1879 = CARTESIAN_POINT ( 'NONE',  ( -1.454999999999999849, -1.469576158976823553E-16, -1.599999999999999645 ) ) ;
#1880 = ORIENTED_EDGE ( 'NONE', *, *, #5399, .T. ) ;
#1881 = ORIENTED_EDGE ( 'NONE', *, *, #5223, .T. ) ;
#1882 = LINE ( 'NONE', #5022, #316 ) ;
#1883 = VECTOR ( 'NONE', #4450, 1000.000000000000000 ) ;
#1884 = ADVANCED_FACE ( 'NONE', ( #3583 ), #5323, .F. ) ;
#1885 = DIRECTION ( 'NONE',  ( -1.000000000000000000, -0.000000000000000000, -0.000000000000000000 ) ) ;
#1886 = EDGE_CURVE ( 'NONE', #5714, #489, #268, .T. ) ;
#1887 = DIRECTION ( 'NONE',  ( 0.000000000000000000, 1.000000000000000000, 0.000000000000000000 ) ) ;
#1888 =( NAMED_UNIT ( * ) PLANE_ANGLE_UNIT ( ) SI_UNIT ( $, .RADIAN. ) );
#1889 = AXIS2_PLACEMENT_3D ( 'NONE', #4542, #4100, #1531 ) ;
#1890 = DIRECTION ( 'NONE',  ( -0.000000000000000000, -0.000000000000000000, 1.000000000000000000 ) ) ;
#1891 = VERTEX_POINT ( 'NONE', #3548 ) ;
#1892 = FILL_AREA_STYLE_COLOUR ( '', #4974 ) ;
#1893 = EDGE_LOOP ( 'NONE', ( #4747, #327, #4472, #4654 ) ) ;
#1894 = DIRECTION ( 'NONE',  ( 0.000000000000000000, 0.000000000000000000, -1.000000000000000000 ) ) ;
#1895 = DIRECTION ( 'NONE',  ( -0.000000000000000000, -0.000000000000000000, 1.000000000000000000 ) ) ;
#1896 = DIRECTION ( 'NONE',  ( 0.000000000000000000, 0.000000000000000000, 1.000000000000000000 ) ) ;
#1897 = EDGE_LOOP ( 'NONE', ( #4793, #4275, #3947, #3708 ) ) ;
#1898 = EDGE_CURVE ( 'NONE', #2502, #325, #1193, .T. ) ;
#1899 = CARTESIAN_POINT ( 'NONE',  ( -0.8599999999999998757, -1.084202172485504434E-16, -1.349999999999999645 ) ) ;
#1900 = EDGE_CURVE ( 'NONE', #2208, #2209, #5856, .T. ) ;
#1901 = FACE_OUTER_BOUND ( 'NONE', #2798, .T. ) ;
#1902 = DIRECTION ( 'NONE',  ( 0.000000000000000000, 1.000000000000000000, 0.000000000000000000 ) ) ;
#1903 = EDGE_LOOP ( 'NONE', ( #3788, #359, #2030, #3247 ) ) ;
#1904 = ORIENTED_EDGE ( 'NONE', *, *, #2542, .F. ) ;
#1905 = EDGE_CURVE ( 'NONE', #2097, #4909, #4146, .T. ) ;
#1906 = DIRECTION ( 'NONE',  ( 0.000000000000000000, -1.000000000000000000, 0.000000000000000000 ) ) ;
#1907 = LINE ( 'NONE', #4929, #5182 ) ;
#1908 = EDGE_CURVE ( 'NONE', #3842, #224, #496, .T. ) ;
#1909 = VERTEX_POINT ( 'NONE', #62 ) ;
#1910 = EDGE_LOOP ( 'NONE', ( #3860, #4277, #4591, #3701 ) ) ;
#1911 = PLANE ( 'NONE',  #2524 ) ;
#1912 = LINE ( 'NONE', #3280, #5388 ) ;
#1913 = DIRECTION ( 'NONE',  ( 0.000000000000000000, -1.000000000000000000, 0.000000000000000000 ) ) ;
#1914 = UNCERTAINTY_MEASURE_WITH_UNIT (LENGTH_MEASURE( 1.000000000000000082E-05 ), #3922, 'distance_accuracy_value', 'NONE');
#1915 = FILL_AREA_STYLE_COLOUR ( '', #610 ) ;
#1916 = EDGE_CURVE ( 'NONE', #2482, #198, #1882, .T. ) ;
#1917 = DIRECTION ( 'NONE',  ( 4.336808689942017736E-16, 0.000000000000000000, -1.000000000000000000 ) ) ;
#1918 = ORIENTED_EDGE ( 'NONE', *, *, #4787, .F. ) ;
#1919 = LINE ( 'NONE', #4154, #2037 ) ;
#1920 = ORIENTED_EDGE ( 'NONE', *, *, #335, .F. ) ;
#1921 = CARTESIAN_POINT ( 'NONE',  ( 1.085000000000000187, -8.572527594031470725E-17, 1.099999999999999645 ) ) ;
#1922 = CARTESIAN_POINT ( 'NONE',  ( 1.680000000000000160, -1.084202172485504434E-16, 1.349999999999999645 ) ) ;
#1923 = LINE ( 'NONE', #967, #3676 ) ;
#1924 = VERTEX_POINT ( 'NONE', #2234 ) ;
#1925 = PLANE ( 'NONE',  #1019 ) ;
#1926 = PLANE ( 'NONE',  #3856 ) ;
#1927 = LINE ( 'NONE', #4193, #5686 ) ;
#1928 = ORIENTED_EDGE ( 'NONE', *, *, #1640, .T. ) ;
#1929 = VERTEX_POINT ( 'NONE', #5531 ) ;
#1930 = CARTESIAN_POINT ( 'NONE',  ( 2.355000000000000426, 0.6650000000000000355, 0.9749999999999995337 ) ) ;
#1931 = DIRECTION ( 'NONE',  ( 1.000000000000000000, -0.000000000000000000, 1.707404996040163525E-16 ) ) ;
#1932 = EDGE_CURVE ( 'NONE', #5003, #5788, #530, .T. ) ;
#1933 = AXIS2_PLACEMENT_3D ( 'NONE', #1107, #566, #1585 ) ;
#1934 = ORIENTED_EDGE ( 'NONE', *, *, #4355, .F. ) ;
#1935 = ORIENTED_EDGE ( 'NONE', *, *, #1269, .F. ) ;
#1936 = DIRECTION ( 'NONE',  ( -0.000000000000000000, 0.000000000000000000, 1.000000000000000000 ) ) ;
#1937 = DIRECTION ( 'NONE',  ( -0.000000000000000000, 0.000000000000000000, 1.000000000000000000 ) ) ;
#1938 = CARTESIAN_POINT ( 'NONE',  ( 0.000000000000000000, 0.6300000000000000044, 1.100000000000000311 ) ) ;
#1939 = LINE ( 'NONE', #2420, #600 ) ;
#1940 = DIRECTION ( 'NONE',  ( 0.000000000000000000, -1.224646799147352961E-16, 1.000000000000000000 ) ) ;
#1941 = ORIENTED_EDGE ( 'NONE', *, *, #197, .F. ) ;
#1942 = LINE ( 'NONE', #2966, #413 ) ;
#1943 = EDGE_CURVE ( 'NONE', #2441, #4438, #4243, .T. ) ;
#1944 = EDGE_LOOP ( 'NONE', ( #2395, #3350, #5649, #2635 ) ) ;
#1945 = PLANE ( 'NONE',  #629 ) ;
#1946 = COLOUR_RGB ( '',0.2509803921568627416, 0.2509803921568627416, 0.2509803921568627416 ) ;
#1947 = AXIS2_PLACEMENT_3D ( 'NONE', #51, #4547, #2704 ) ;
#1948 = DIRECTION ( 'NONE',  ( 0.000000000000000000, 1.006998921813162393E-16, -1.000000000000000000 ) ) ;
#1949 = VECTOR ( 'NONE', #4615, 1000.000000000000000 ) ;
#1950 = LINE ( 'NONE', #3210, #3297 ) ;
#1951 = ORIENTED_EDGE ( 'NONE', *, *, #124, .F. ) ;
#1952 = VERTEX_POINT ( 'NONE', #1367 ) ;
#1953 = VECTOR ( 'NONE', #228, 1000.000000000000000 ) ;
#1954 = VECTOR ( 'NONE', #4407, 1000.000000000000000 ) ;
#1955 = LINE ( 'NONE', #2377, #5005 ) ;
#1956 = EDGE_CURVE ( 'NONE', #1162, #4402, #3612, .T. ) ;
#1957 = EDGE_CURVE ( 'NONE', #2293, #2007, #3725, .T. ) ;
#1958 = AXIS2_PLACEMENT_3D ( 'NONE', #2962, #1583, #4705 ) ;
#1959 = DIRECTION ( 'NONE',  ( -1.000000000000000000, -0.000000000000000000, 0.000000000000000000 ) ) ;
#1960 = DIRECTION ( 'NONE',  ( -0.000000000000000000, 1.000000000000000000, -0.000000000000000000 ) ) ;
#1961 = EDGE_LOOP ( 'NONE', ( #4880, #2758, #3171, #3816, #2215, #5062, #574, #2248 ) ) ;
#1962 = ORIENTED_EDGE ( 'NONE', *, *, #5179, .F. ) ;
#1963 = LINE ( 'NONE', #5589, #2815 ) ;
#1964 = CARTESIAN_POINT ( 'NONE',  ( 2.355000000000000426, 0.6650000000000000355, 1.599999999999999645 ) ) ;
#1965 = CARTESIAN_POINT ( 'NONE',  ( 1.455000000000000071, -1.469576158976823553E-16, 1.599999999999999645 ) ) ;
#1966 = VECTOR ( 'NONE', #4476, 1000.000000000000000 ) ;
#1967 = VERTEX_POINT ( 'NONE', #407 ) ;
#1968 = ORIENTED_EDGE ( 'NONE', *, *, #845, .T. ) ;
#1969 = CARTESIAN_POINT ( 'NONE',  ( -1.454999999999999849, 0.6299999999999997824, -0.9749999999999995337 ) ) ;
#1970 = EDGE_CURVE ( 'NONE', #5320, #1374, #890, .T. ) ;
#1971 = FACE_OUTER_BOUND ( 'NONE', #2986, .T. ) ;
#1972 = LINE ( 'NONE', #594, #4312 ) ;
#1973 = ORIENTED_EDGE ( 'NONE', *, *, #774, .F. ) ;
#1974 = VECTOR ( 'NONE', #1237, 1000.000000000000000 ) ;
#1975 = CARTESIAN_POINT ( 'NONE',  ( 1.085000000000000187, 0.6650000000000000355, -0.9749999999999995337 ) ) ;
#1976 = ORIENTED_EDGE ( 'NONE', *, *, #1106, .F. ) ;
#1977 = LINE ( 'NONE', #1529, #151 ) ;
#1978 = CARTESIAN_POINT ( 'NONE',  ( -0.8599999999999998757, 0.6650000000000000355, 0.9749999999999995337 ) ) ;
#1979 = EDGE_CURVE ( 'NONE', #5666, #4909, #3194, .T. ) ;
#1980 = ORIENTED_EDGE ( 'NONE', *, *, #1900, .T. ) ;
#1981 = ORIENTED_EDGE ( 'NONE', *, *, #4022, .F. ) ;
#1982 = ORIENTED_EDGE ( 'NONE', *, *, #2910, .T. ) ;
#1983 = CARTESIAN_POINT ( 'NONE',  ( -0.1849999999999998312, 0.03499999999999999639, 1.564999999999999503 ) ) ;
#1984 = LINE ( 'NONE', #4216, #4727 ) ;
#1985 = FACE_OUTER_BOUND ( 'NONE', #731, .T. ) ;
#1986 = CARTESIAN_POINT ( 'NONE',  ( 0.4100000000000000866, 0.6650000000000000355, 1.599999999999999645 ) ) ;
#1987 = ORIENTED_EDGE ( 'NONE', *, *, #5658, .T. ) ;
#1988 = ORIENTED_EDGE ( 'NONE', *, *, #2901, .F. ) ;
#1989 = ADVANCED_FACE ( 'NONE', ( #2718 ), #2363, .F. ) ;
#1990 = CARTESIAN_POINT ( 'NONE',  ( -0.4099999999999997535, -1.084202172485504434E-16, -1.349999999999999645 ) ) ;
#1991 = ADVANCED_FACE ( 'NONE', ( #3135 ), #1911, .F. ) ;
#1992 = CARTESIAN_POINT ( 'NONE',  ( 2.540000000000001812, 0.03499999999999999639, 1.564999999999999503 ) ) ;
#1993 = CARTESIAN_POINT ( 'NONE',  ( -1.454999999999999849, 0.6300000000000001155, 1.349999999999999645 ) ) ;
#1994 = CARTESIAN_POINT ( 'NONE',  ( -1.084999999999999298, -1.084202172485504434E-16, 1.100000000000000311 ) ) ;
#1995 = EDGE_LOOP ( 'NONE', ( #1710, #5028, #2521, #5462 ) ) ;
#1996 = VERTEX_POINT ( 'NONE', #4583 ) ;
#1997 = DIRECTION ( 'NONE',  ( 0.000000000000000000, 1.000000000000000000, -1.224646799147352961E-16 ) ) ;
#1998 = LINE ( 'NONE', #1495, #3945 ) ;
#1999 = FILL_AREA_STYLE ('',( #1915 ) ) ;
#2000 = DIRECTION ( 'NONE',  ( 0.000000000000000000, 0.000000000000000000, -1.000000000000000000 ) ) ;
#2001 = EDGE_LOOP ( 'NONE', ( #5041, #2832, #4645, #5240, #3710, #314, #3702, #44 ) ) ;
#2002 = DIRECTION ( 'NONE',  ( 0.000000000000000000, 0.000000000000000000, -1.000000000000000000 ) ) ;
#2003 = ORIENTED_EDGE ( 'NONE', *, *, #4083, .T. ) ;
#2004 = DIRECTION ( 'NONE',  ( -0.000000000000000000, 0.000000000000000000, -1.000000000000000000 ) ) ;
#2005 = CARTESIAN_POINT ( 'NONE',  ( -0.8599999999999998757, 0.6650000000000000355, 1.599999999999999645 ) ) ;
#2006 = EDGE_CURVE ( 'NONE', #5346, #1028, #4176, .T. ) ;
#2007 = VERTEX_POINT ( 'NONE', #2299 ) ;
#2008 = ORIENTED_EDGE ( 'NONE', *, *, #3690, .T. ) ;
#2009 = ORIENTED_EDGE ( 'NONE', *, *, #2410, .F. ) ;
#2010 = DIRECTION ( 'NONE',  ( 0.000000000000000000, -1.000000000000000000, 0.000000000000000000 ) ) ;
#2011 = ADVANCED_FACE ( 'NONE', ( #2687 ), #4058, .F. ) ;
#2012 = CARTESIAN_POINT ( 'NONE',  ( -2.540000000000000924, 0.6649999999999998135, 1.349999999999999867 ) ) ;
#2013 = DIRECTION ( 'NONE',  ( 0.000000000000000000, 0.000000000000000000, -1.000000000000000000 ) ) ;
#2014 = ORIENTED_EDGE ( 'NONE', *, *, #2501, .F. ) ;
#2015 = EDGE_LOOP ( 'NONE', ( #5009, #778, #3085, #1623 ) ) ;
#2016 = DIRECTION ( 'NONE',  ( -1.000000000000000000, -0.000000000000000000, -0.000000000000000000 ) ) ;
#2017 = ADVANCED_FACE ( 'NONE', ( #4087 ), #3641, .F. ) ;
#2018 = DIRECTION ( 'NONE',  ( -0.000000000000000000, 1.000000000000000000, -0.000000000000000000 ) ) ;
#2019 = DIRECTION ( 'NONE',  ( -0.000000000000000000, 1.000000000000000000, -0.000000000000000000 ) ) ;
#2020 = EDGE_CURVE ( 'NONE', #1616, #4448, #3671, .T. ) ;
#2021 = ORIENTED_EDGE ( 'NONE', *, *, #1442, .F. ) ;
#2022 = EDGE_LOOP ( 'NONE', ( #5883, #3155, #1980, #4334 ) ) ;
#2023 = FACE_OUTER_BOUND ( 'NONE', #387, .T. ) ;
#2024 = LINE ( 'NONE', #4292, #616 ) ;
#2025 = EDGE_CURVE ( 'NONE', #1996, #694, #3278, .T. ) ;
#2026 = CARTESIAN_POINT ( 'NONE',  ( 1.085000000000000187, 0.6300000000000003375, 1.564999999999999503 ) ) ;
#2027 = CARTESIAN_POINT ( 'NONE',  ( 0.4100000000000000866, -1.084202172485504434E-16, -1.349999999999999645 ) ) ;
#2028 = VERTEX_POINT ( 'NONE', #4673 ) ;
#2029 = CARTESIAN_POINT ( 'NONE',  ( -1.454999999999999849, 0.6650000000000000355, -1.599999999999999645 ) ) ;
#2030 = ORIENTED_EDGE ( 'NONE', *, *, #48, .F. ) ;
#2031 = CARTESIAN_POINT ( 'NONE',  ( -0.8599999999999998757, -1.084202172485504434E-16, -1.349999999999999645 ) ) ;
#2032 = PLANE ( 'NONE',  #33 ) ;
#2033 = STYLED_ITEM ( 'NONE', ( #5117 ), #1577 ) ;
#2034 = VERTEX_POINT ( 'NONE', #3844 ) ;
#2035 = VERTEX_POINT ( 'NONE', #560 ) ;
#2036 = ORIENTED_EDGE ( 'NONE', *, *, #1293, .F. ) ;
#2037 = VECTOR ( 'NONE', #2279, 1000.000000000000000 ) ;
#2038 = DIRECTION ( 'NONE',  ( 0.000000000000000000, 0.000000000000000000, 1.000000000000000000 ) ) ;
#2039 = EDGE_CURVE ( 'NONE', #5788, #3023, #2960, .T. ) ;
#2040 = CARTESIAN_POINT ( 'NONE',  ( -1.084999999999999520, 0.03499999999999944128, -1.564999999999997948 ) ) ;
#2041 = VECTOR ( 'NONE', #5342, 1000.000000000000000 ) ;
#2042 = CARTESIAN_POINT ( 'NONE',  ( 1.085000000000000187, 0.000000000000000000, -1.349999999999999645 ) ) ;
#2043 = PLANE ( 'NONE',  #2539 ) ;
#2044 = ORIENTED_EDGE ( 'NONE', *, *, #4749, .F. ) ;
#2045 = ORIENTED_EDGE ( 'NONE', *, *, #1442, .T. ) ;
#2046 = VECTOR ( 'NONE', #221, 1000.000000000000000 ) ;
#2047 = VECTOR ( 'NONE', #2862, 1000.000000000000000 ) ;
#2048 = LINE ( 'NONE', #5337, #4540 ) ;
#2049 = VECTOR ( 'NONE', #3643, 1000.000000000000000 ) ;
#2050 = DIRECTION ( 'NONE',  ( -1.000000000000000000, 0.000000000000000000, -0.000000000000000000 ) ) ;
#2051 = LINE ( 'NONE', #5644, #2917 ) ;
#2052 = DIRECTION ( 'NONE',  ( -0.000000000000000000, 0.000000000000000000, 1.000000000000000000 ) ) ;
#2053 = VECTOR ( 'NONE', #5706, 1000.000000000000000 ) ;
#2054 = EDGE_CURVE ( 'NONE', #204, #4529, #2452, .T. ) ;
#2055 = ORIENTED_EDGE ( 'NONE', *, *, #2489, .T. ) ;
#2056 = AXIS2_PLACEMENT_3D ( 'NONE', #3265, #4101, #5061 ) ;
#2057 = LINE ( 'NONE', #1969, #4135 ) ;
#2058 = DIRECTION ( 'NONE',  ( 1.707404996040163525E-16, 0.000000000000000000, -1.000000000000000000 ) ) ;
#2059 = CARTESIAN_POINT ( 'NONE',  ( -1.679999999999999938, 0.03499999999999999639, 1.099999999999999645 ) ) ;
#2060 = AXIS2_PLACEMENT_3D ( 'NONE', #4567, #2341, #5031 ) ;
#2061 = ORIENTED_EDGE ( 'NONE', *, *, #2152, .F. ) ;
#2062 = ADVANCED_FACE ( 'NONE', ( #2023 ), #5143, .F. ) ;
#2063 = ADVANCED_FACE ( 'NONE', ( #2932 ), #3789, .F. ) ;
#2064 = DIRECTION ( 'NONE',  ( 1.000000000000000000, 0.000000000000000000, 0.000000000000000000 ) ) ;
#2065 = EDGE_LOOP ( 'NONE', ( #4044, #1403, #602, #4304 ) ) ;
#2066 = LINE ( 'NONE', #3166, #1954 ) ;
#2067 = CARTESIAN_POINT ( 'NONE',  ( -0.8599999999999998757, -1.084202172485504434E-16, -1.349999999999999645 ) ) ;
#2068 = VECTOR ( 'NONE', #758, 1000.000000000000000 ) ;
#2069 = VECTOR ( 'NONE', #1419, 1000.000000000000000 ) ;
#2070 = EDGE_LOOP ( 'NONE', ( #2679, #3259, #1698, #503 ) ) ;
#2071 = ORIENTED_EDGE ( 'NONE', *, *, #1806, .F. ) ;
#2072 = VECTOR ( 'NONE', #4178, 1000.000000000000000 ) ;
#2073 = LINE ( 'NONE', #276, #2447 ) ;
#2074 = CARTESIAN_POINT ( 'NONE',  ( -0.1849999999999998312, 0.6650000000000000355, -1.599999999999999645 ) ) ;
#2075 = DIRECTION ( 'NONE',  ( 1.000000000000000000, 0.000000000000000000, 0.000000000000000000 ) ) ;
#2076 = ORIENTED_EDGE ( 'NONE', *, *, #1624, .F. ) ;
#2077 = VECTOR ( 'NONE', #2761, 1000.000000000000000 ) ;
#2078 = EDGE_LOOP ( 'NONE', ( #5606, #4563, #2594, #4254 ) ) ;
#2079 = ADVANCED_FACE ( 'NONE', ( #682 ), #5080, .F. ) ;
#2080 = DIRECTION ( 'NONE',  ( -1.000000000000000000, -0.000000000000000000, 0.000000000000000000 ) ) ;
#2081 = CARTESIAN_POINT ( 'NONE',  ( -1.454999999999999849, -1.084202172485504434E-16, -1.099999999999999867 ) ) ;
#2082 = FACE_OUTER_BOUND ( 'NONE', #1858, .T. ) ;
#2083 = CARTESIAN_POINT ( 'NONE',  ( -1.454999999999999849, 0.03499999999999999639, 1.099999999999999645 ) ) ;
#2084 = UNCERTAINTY_MEASURE_WITH_UNIT (LENGTH_MEASURE( 1.000000000000000082E-05 ), #129, 'distance_accuracy_value', 'NONE');
#2085 = ADVANCED_FACE ( 'NONE', ( #5172 ), #112, .F. ) ;
#2086 = FACE_OUTER_BOUND ( 'NONE', #3329, .T. ) ;
#2087 = SURFACE_STYLE_FILL_AREA ( #264 ) ;
#2088 = ADVANCED_FACE ( 'NONE', ( #145 ), #1070, .F. ) ;
#2089 = DIRECTION ( 'NONE',  ( -1.000000000000000000, 0.000000000000000000, 0.000000000000000000 ) ) ;
#2090 = EDGE_LOOP ( 'NONE', ( #5183, #870, #3226, #3423, #2424, #1140, #2847, #3781 ) ) ;
#2091 = CARTESIAN_POINT ( 'NONE',  ( 0.1850000000000002753, 0.6299999999999997824, 0.9749999999999995337 ) ) ;
#2092 = VERTEX_POINT ( 'NONE', #2897 ) ;
#2093 = LINE ( 'NONE', #720, #5376 ) ;
#2094 = DIRECTION ( 'NONE',  ( 0.000000000000000000, 1.000000000000000000, -0.000000000000000000 ) ) ;
#2095 = EDGE_CURVE ( 'NONE', #1404, #670, #4702, .T. ) ;
#2096 = ORIENTED_EDGE ( 'NONE', *, *, #2185, .F. ) ;
#2097 = VERTEX_POINT ( 'NONE', #2840 ) ;
#2098 = CARTESIAN_POINT ( 'NONE',  ( -0.1849999999999998312, -1.084202172485504434E-16, -1.099999999999999867 ) ) ;
#2099 = CARTESIAN_POINT ( 'NONE',  ( 1.085000000000000187, -1.469576158976823553E-16, -1.599999999999999645 ) ) ;
#2100 = CARTESIAN_POINT ( 'NONE',  ( 2.540000000000001812, 0.03499999999999999639, 1.564999999999999503 ) ) ;
#2101 = ORIENTED_EDGE ( 'NONE', *, *, #3949, .T. ) ;
#2102 = ORIENTED_EDGE ( 'NONE', *, *, #711, .T. ) ;
#2103 = AXIS2_PLACEMENT_3D ( 'NONE', #313, #4901, #3042 ) ;
#2104 = CARTESIAN_POINT ( 'NONE',  ( 0.8600000000000003197, 0.03499999999999999639, 1.099999999999999645 ) ) ;
#2105 = DIRECTION ( 'NONE',  ( 0.000000000000000000, 0.000000000000000000, -1.000000000000000000 ) ) ;
#2106 = LINE ( 'NONE', #5681, #1764 ) ;
#2107 = DIRECTION ( 'NONE',  ( 0.000000000000000000, 0.000000000000000000, 1.000000000000000000 ) ) ;
#2108 = DIRECTION ( 'NONE',  ( -0.000000000000000000, -0.000000000000000000, 1.000000000000000000 ) ) ;
#2109 = EDGE_CURVE ( 'NONE', #4861, #1619, #624, .T. ) ;
#2110 = DIRECTION ( 'NONE',  ( 0.000000000000000000, 0.000000000000000000, 1.000000000000000000 ) ) ;
#2111 = EDGE_LOOP ( 'NONE', ( #1981, #1837, #3829, #2230 ) ) ;
#2112 = CARTESIAN_POINT ( 'NONE',  ( -0.1849999999999996092, 0.6300000000000000044, 1.100000000000000311 ) ) ;
#2113 = ORIENTED_EDGE ( 'NONE', *, *, #2606, .F. ) ;
#2114 = CARTESIAN_POINT ( 'NONE',  ( 1.680000000000000160, -1.084202172485504434E-16, -1.099999999999999423 ) ) ;
#2115 = PLANE ( 'NONE',  #5821 ) ;
#2116 = VERTEX_POINT ( 'NONE', #5563 ) ;
#2117 = ORIENTED_EDGE ( 'NONE', *, *, #1807, .T. ) ;
#2118 = EDGE_CURVE ( 'NONE', #5869, #242, #1044, .T. ) ;
#2119 = CARTESIAN_POINT ( 'NONE',  ( 2.505000000000002114, 0.6300000000000005596, -0.9749999999999995337 ) ) ;
#2120 = VECTOR ( 'NONE', #1115, 1000.000000000000000 ) ;
#2121 = LINE ( 'NONE', #5669, #3775 ) ;
#2122 = CARTESIAN_POINT ( 'NONE',  ( 1.680000000000000160, 0.6650000000000000355, -1.599999999999999645 ) ) ;
#2123 = LINE ( 'NONE', #1628, #1507 ) ;
#2124 = ORIENTED_EDGE ( 'NONE', *, *, #3066, .F. ) ;
#2125 = ORIENTED_EDGE ( 'NONE', *, *, #2319, .F. ) ;
#2126 = EDGE_CURVE ( 'NONE', #2175, #3740, #1493, .T. ) ;
#2127 = EDGE_CURVE ( 'NONE', #3142, #1580, #2057, .T. ) ;
#2128 = DIRECTION ( 'NONE',  ( -0.000000000000000000, 0.000000000000000000, -1.000000000000000000 ) ) ;
#2129 = DIRECTION ( 'NONE',  ( -1.000000000000000000, 0.000000000000000000, 1.707404996040163525E-16 ) ) ;
#2130 = FACE_OUTER_BOUND ( 'NONE', #5803, .T. ) ;
#2131 = STYLED_ITEM ( 'NONE', ( #70 ), #1634 ) ;
#2132 = AXIS2_PLACEMENT_3D ( 'NONE', #728, #1172, #301 ) ;
#2133 = VECTOR ( 'NONE', #5296, 1000.000000000000000 ) ;
#2134 = VECTOR ( 'NONE', #3596, 1000.000000000000000 ) ;
#2135 = DIRECTION ( 'NONE',  ( 1.000000000000000000, 0.000000000000000000, 0.000000000000000000 ) ) ;
#2136 = VECTOR ( 'NONE', #3841, 1000.000000000000000 ) ;
#2137 = FACE_OUTER_BOUND ( 'NONE', #4097, .T. ) ;
#2138 = VECTOR ( 'NONE', #4668, 1000.000000000000000 ) ;
#2139 = PLANE ( 'NONE',  #3732 ) ;
#2140 = ORIENTED_EDGE ( 'NONE', *, *, #5727, .F. ) ;
#2141 = ORIENTED_EDGE ( 'NONE', *, *, #154, .F. ) ;
#2142 = EDGE_CURVE ( 'NONE', #7, #2848, #206, .T. ) ;
#2143 = CARTESIAN_POINT ( 'NONE',  ( 0.8600000000000003197, 0.6649999999999998135, -1.349999999999999645 ) ) ;
#2144 = CARTESIAN_POINT ( 'NONE',  ( -2.540000000000000924, 0.6650000000000000355, -1.349999999999999423 ) ) ;
#2145 = ORIENTED_EDGE ( 'NONE', *, *, #5352, .T. ) ;
#2146 = CARTESIAN_POINT ( 'NONE',  ( -2.540000000000000924, 0.6299999999999997824, 1.349999999999999867 ) ) ;
#2147 = CARTESIAN_POINT ( 'NONE',  ( -0.8599999999999998757, 0.6649999999999998135, 1.349999999999999645 ) ) ;
#2148 = VECTOR ( 'NONE', #4068, 1000.000000000000000 ) ;
#2149 = ORIENTED_EDGE ( 'NONE', *, *, #2095, .T. ) ;
#2150 = ORIENTED_EDGE ( 'NONE', *, *, #3764, .T. ) ;
#2151 = VECTOR ( 'NONE', #4065, 1000.000000000000000 ) ;
#2152 = EDGE_CURVE ( 'NONE', #4362, #5756, #3372, .T. ) ;
#2153 = LINE ( 'NONE', #4915, #2364 ) ;
#2154 = COLOUR_RGB ( '',0.7921568627450980005, 0.8196078431372548767, 0.9333333333333333481 ) ;
#2155 = CARTESIAN_POINT ( 'NONE',  ( -0.8599999999999998757, 0.6299999999999997824, 0.9749999999999995337 ) ) ;
#2156 = VECTOR ( 'NONE', #5741, 1000.000000000000000 ) ;
#2157 = FACE_OUTER_BOUND ( 'NONE', #4001, .T. ) ;
#2158 = CARTESIAN_POINT ( 'NONE',  ( -0.8599999999999998757, -1.084202172485504434E-16, 1.349999999999999645 ) ) ;
#2159 = EDGE_LOOP ( 'NONE', ( #4037, #5104, #1147, #4962, #25, #843, #5702, #1567 ) ) ;
#2160 = ADVANCED_FACE ( 'NONE', ( #1456 ), #4647, .F. ) ;
#2161 = EDGE_LOOP ( 'NONE', ( #1987, #4582, #5295, #5141 ) ) ;
#2162 = VECTOR ( 'NONE', #2842, 1000.000000000000000 ) ;
#2163 = DIRECTION ( 'NONE',  ( 1.000000000000000000, 0.000000000000000000, -0.000000000000000000 ) ) ;
#2164 = LINE ( 'NONE', #678, #1000 ) ;
#2165 = CARTESIAN_POINT ( 'NONE',  ( 4.741113354645781541, 0.6999999999999998446, 1.076666666666666217 ) ) ;
#2166 = FACE_OUTER_BOUND ( 'NONE', #2015, .T. ) ;
#2167 = VERTEX_POINT ( 'NONE', #2619 ) ;
#2168 = VECTOR ( 'NONE', #697, 1000.000000000000000 ) ;
#2169 = EDGE_CURVE ( 'NONE', #5413, #1311, #2591, .T. ) ;
#2170 = EDGE_CURVE ( 'NONE', #4066, #4536, #4867, .T. ) ;
#2171 = CARTESIAN_POINT ( 'NONE',  ( -2.540000000000000924, -1.163414459189985682E-16, 1.349999999999999867 ) ) ;
#2172 = CARTESIAN_POINT ( 'NONE',  ( 0.8600000000000003197, -1.084202172485504434E-16, 1.349999999999999645 ) ) ;
#2173 = DIRECTION ( 'NONE',  ( -1.000000000000000000, 0.000000000000000000, 1.606225440719266613E-16 ) ) ;
#2174 = VERTEX_POINT ( 'NONE', #3014 ) ;
#2175 = VERTEX_POINT ( 'NONE', #347 ) ;
#2176 = DIRECTION ( 'NONE',  ( -1.000000000000000000, -0.000000000000000000, 0.000000000000000000 ) ) ;
#2177 = FACE_OUTER_BOUND ( 'NONE', #4671, .T. ) ;
#2178 = EDGE_LOOP ( 'NONE', ( #4892, #5819, #1050, #3964 ) ) ;
#2179 = CARTESIAN_POINT ( 'NONE',  ( 1.680000000000000160, 0.6299999999999997824, 0.9749999999999995337 ) ) ;
#2180 = PLANE ( 'NONE',  #5163 ) ;
#2181 = ORIENTED_EDGE ( 'NONE', *, *, #3347, .F. ) ;
#2182 = VERTEX_POINT ( 'NONE', #708 ) ;
#2183 = DIRECTION ( 'NONE',  ( 1.000000000000000000, 0.000000000000000000, 0.000000000000000000 ) ) ;
#2184 = CARTESIAN_POINT ( 'NONE',  ( -1.084999999999999742, 0.6650000000000000355, 1.599999999999999645 ) ) ;
#2185 = EDGE_CURVE ( 'NONE', #4909, #1455, #2540, .T. ) ;
#2186 = CARTESIAN_POINT ( 'NONE',  ( 0.8600000000000003197, -1.084202172485504434E-16, -1.349999999999999645 ) ) ;
#2187 = DIRECTION ( 'NONE',  ( 0.000000000000000000, -1.000000000000000000, 0.000000000000000000 ) ) ;
#2188 = ORIENTED_EDGE ( 'NONE', *, *, #1943, .F. ) ;
#2189 = EDGE_LOOP ( 'NONE', ( #828, #1752, #1976, #3619, #4762, #693, #3321, #4107 ) ) ;
#2190 = DIRECTION ( 'NONE',  ( -1.000000000000000000, 0.000000000000000000, 0.000000000000000000 ) ) ;
#2191 = CARTESIAN_POINT ( 'NONE',  ( -1.454999999999999627, 0.6300000000000000044, 1.100000000000000311 ) ) ;
#2192 = DIRECTION ( 'NONE',  ( 1.000000000000000000, 0.000000000000000000, 0.000000000000000000 ) ) ;
#2193 = CARTESIAN_POINT ( 'NONE',  ( -1.084999999999999520, 0.6300000000000000044, -1.564999999999998614 ) ) ;
#2194 = ORIENTED_EDGE ( 'NONE', *, *, #1957, .T. ) ;
#2195 = EDGE_CURVE ( 'NONE', #1129, #3547, #5234, .T. ) ;
#2196 = CARTESIAN_POINT ( 'NONE',  ( -1.084999999999999742, -1.163414459189985436E-16, 1.349999999999999645 ) ) ;
#2197 = DIRECTION ( 'NONE',  ( -1.000000000000000000, 0.000000000000000000, -0.000000000000000000 ) ) ;
#2198 = CARTESIAN_POINT ( 'NONE',  ( -1.454999999999999849, 0.6650000000000000355, 1.349999999999999645 ) ) ;
#2199 = ORIENTED_EDGE ( 'NONE', *, *, #2378, .T. ) ;
#2200 = ORIENTED_EDGE ( 'NONE', *, *, #4016, .F. ) ;
#2201 = CARTESIAN_POINT ( 'NONE',  ( 1.455000000000000071, -1.469576158976823553E-16, -1.599999999999999645 ) ) ;
#2202 = EDGE_CURVE ( 'NONE', #873, #4394, #3040, .T. ) ;
#2203 = CARTESIAN_POINT ( 'NONE',  ( -0.1849999999999998312, 0.03499999999999999639, -1.564999999999999503 ) ) ;
#2204 = VECTOR ( 'NONE', #5818, 1000.000000000000000 ) ;
#2205 = ORIENTED_EDGE ( 'NONE', *, *, #822, .T. ) ;
#2206 = DIRECTION ( 'NONE',  ( -1.000000000000000000, 0.000000000000000000, -0.000000000000000000 ) ) ;
#2207 = CARTESIAN_POINT ( 'NONE',  ( -1.454999999999999849, 0.03499999999999999639, -1.099999999999999867 ) ) ;
#2208 = VERTEX_POINT ( 'NONE', #2196 ) ;
#2209 = VERTEX_POINT ( 'NONE', #1690 ) ;
#2210 = CARTESIAN_POINT ( 'NONE',  ( 1.085000000000000187, 0.03499999999999999639, 1.564999999999999503 ) ) ;
#2211 = ORIENTED_EDGE ( 'NONE', *, *, #643, .T. ) ;
#2212 = DIRECTION ( 'NONE',  ( 0.000000000000000000, 1.224646799147353207E-16, 1.000000000000000000 ) ) ;
#2213 = DIRECTION ( 'NONE',  ( 0.000000000000000000, 0.000000000000000000, -1.000000000000000000 ) ) ;
#2214 = CARTESIAN_POINT ( 'NONE',  ( 1.455000000000000959, 0.6300000000000000044, 1.100000000000000311 ) ) ;
#2215 = ORIENTED_EDGE ( 'NONE', *, *, #3098, .F. ) ;
#2216 = VECTOR ( 'NONE', #2569, 1000.000000000000000 ) ;
#2217 = ORIENTED_EDGE ( 'NONE', *, *, #3074, .F. ) ;
#2218 = ADVANCED_FACE ( 'NONE', ( #5762 ), #3515, .F. ) ;
#2219 = DIRECTION ( 'NONE',  ( -0.000000000000000000, 1.000000000000000000, -0.000000000000000000 ) ) ;
#2220 = DIRECTION ( 'NONE',  ( -1.606225440719266613E-16, 0.000000000000000000, -1.000000000000000000 ) ) ;
#2221 = CARTESIAN_POINT ( 'NONE',  ( -0.8599999999999998757, 0.03499999999999999639, -1.099999999999999645 ) ) ;
#2222 = EDGE_LOOP ( 'NONE', ( #3491, #3837, #5367, #1078 ) ) ;
#2223 = VECTOR ( 'NONE', #383, 1000.000000000000000 ) ;
#2224 = CARTESIAN_POINT ( 'NONE',  ( -0.8599999999999998757, 0.6299999999999995604, 1.349999999999999645 ) ) ;
#2225 = CARTESIAN_POINT ( 'NONE',  ( -1.454999999999999849, 0.03499999999999999639, 1.099999999999999645 ) ) ;
#2226 = VECTOR ( 'NONE', #2557, 1000.000000000000000 ) ;
#2227 = VECTOR ( 'NONE', #3254, 1000.000000000000000 ) ;
#2228 = ADVANCED_FACE ( 'NONE', ( #739 ), #3455, .F. ) ;
#2229 = CARTESIAN_POINT ( 'NONE',  ( 1.085000000000000187, 0.6650000000000000355, 1.349999999999999645 ) ) ;
#2230 = ORIENTED_EDGE ( 'NONE', *, *, #3795, .F. ) ;
#2231 = ORIENTED_EDGE ( 'NONE', *, *, #3475, .F. ) ;
#2232 = VECTOR ( 'NONE', #2752, 1000.000000000000000 ) ;
#2233 = VECTOR ( 'NONE', #3366, 1000.000000000000000 ) ;
#2234 = CARTESIAN_POINT ( 'NONE',  ( -2.540000000000000924, 0.6650000000000000355, -1.599999999999999645 ) ) ;
#2235 = DIRECTION ( 'NONE',  ( 0.000000000000000000, 0.000000000000000000, -1.000000000000000000 ) ) ;
#2236 = DIRECTION ( 'NONE',  ( 0.000000000000000000, -1.000000000000000000, 0.000000000000000000 ) ) ;
#2237 = ORIENTED_EDGE ( 'NONE', *, *, #2644, .T. ) ;
#2238 = VECTOR ( 'NONE', #3673, 1000.000000000000000 ) ;
#2239 = PRODUCT ( 'Resistor_Array_YC_AF_xxx_YC324-FK-07100KL', 'Resistor_Array_YC_AF_xxx_YC324-FK-07100KL', '', ( #2291 ) ) ;
#2240 = CARTESIAN_POINT ( 'NONE',  ( -2.129999999999999893, -1.084202172485504434E-16, 1.349999999999999645 ) ) ;
#2241 = PLANE ( 'NONE',  #5347 ) ;
#2242 = EDGE_CURVE ( 'NONE', #3724, #3859, #1241, .T. ) ;
#2243 = ADVANCED_FACE ( 'NONE', ( #5790 ), #263, .F. ) ;
#2244 = CARTESIAN_POINT ( 'NONE',  ( -2.505000000000001226, 0.6300000000000003375, 0.9749999999999995337 ) ) ;
#2245 = EDGE_LOOP ( 'NONE', ( #3779, #1682, #2814, #505 ) ) ;
#2246 =( NAMED_UNIT ( * ) SI_UNIT ( $, .STERADIAN. ) SOLID_ANGLE_UNIT ( ) );
#2247 = VECTOR ( 'NONE', #545, 1000.000000000000000 ) ;
#2248 = ORIENTED_EDGE ( 'NONE', *, *, #4285, .T. ) ;
#2249 = CARTESIAN_POINT ( 'NONE',  ( -0.1849999999999998312, 0.6650000000000000355, 1.599999999999999645 ) ) ;
#2250 = PRESENTATION_LAYER_ASSIGNMENT (  '', '', ( #3875 ) ) ;
#2251 =( GEOMETRIC_REPRESENTATION_CONTEXT ( 3 ) GLOBAL_UNCERTAINTY_ASSIGNED_CONTEXT ( ( #1914 ) ) GLOBAL_UNIT_ASSIGNED_CONTEXT ( ( #3922, #4818, #790 ) ) REPRESENTATION_CONTEXT ( 'NONE', 'WORKASPACE' ) );
#2252 = CARTESIAN_POINT ( 'NONE',  ( -0.1849999999999998312, 0.03499999999999999639, -1.099999999999999867 ) ) ;
#2253 = CARTESIAN_POINT ( 'NONE',  ( -0.4099999999999997535, 0.03499999999999999639, -1.099999999999999645 ) ) ;
#2254 = ORIENTED_EDGE ( 'NONE', *, *, #1475, .F. ) ;
#2255 = VECTOR ( 'NONE', #1263, 1000.000000000000000 ) ;
#2256 = CARTESIAN_POINT ( 'NONE',  ( 1.085000000000000187, 0.6300000000000003375, -1.564999999999999503 ) ) ;
#2257 = DIRECTION ( 'NONE',  ( 0.000000000000000000, 0.000000000000000000, -1.000000000000000000 ) ) ;
#2258 =( NAMED_UNIT ( * ) SI_UNIT ( $, .STERADIAN. ) SOLID_ANGLE_UNIT ( ) );
#2259 = LINE ( 'NONE', #1358, #2530 ) ;
#2260 = ORIENTED_EDGE ( 'NONE', *, *, #5177, .F. ) ;
#2261 = AXIS2_PLACEMENT_3D ( 'NONE', #192, #2010, #3831 ) ;
#2262 = ADVANCED_FACE ( 'NONE', ( #1718 ), #3096, .F. ) ;
#2263 = APPLICATION_CONTEXT ( 'automotive_design' ) ;
#2264 = PLANE ( 'NONE',  #4887 ) ;
#2265 = LINE ( 'NONE', #920, #3770 ) ;
#2266 = ADVANCED_FACE ( 'NONE', ( #5732 ), #2654, .F. ) ;
#2267 = CARTESIAN_POINT ( 'NONE',  ( 0.1850000000000002753, 0.6299999999999997824, 1.349999999999999645 ) ) ;
#2268 = ORIENTED_EDGE ( 'NONE', *, *, #2562, .T. ) ;
#2269 = ORIENTED_EDGE ( 'NONE', *, *, #5528, .T. ) ;
#2270 = AXIS2_PLACEMENT_3D ( 'NONE', #3149, #5488, #5517 ) ;
#2271 = DIRECTION ( 'NONE',  ( 0.000000000000000000, 0.000000000000000000, -1.000000000000000000 ) ) ;
#2272 = DIRECTION ( 'NONE',  ( 0.000000000000000000, 1.000000000000000000, 0.000000000000000000 ) ) ;
#2273 = ADVANCED_FACE ( 'NONE', ( #2086 ), #3901, .F. ) ;
#2274 = DIRECTION ( 'NONE',  ( -1.000000000000000000, 0.000000000000000000, -0.000000000000000000 ) ) ;
#2275 = DIRECTION ( 'NONE',  ( 0.000000000000000000, 0.000000000000000000, -1.000000000000000000 ) ) ;
#2276 = CARTESIAN_POINT ( 'NONE',  ( 2.505000000000002114, 0.6300000000000005596, -0.9749999999999995337 ) ) ;
#2277 = PLANE ( 'NONE',  #1299 ) ;
#2278 = ORIENTED_EDGE ( 'NONE', *, *, #3017, .T. ) ;
#2279 = DIRECTION ( 'NONE',  ( 0.000000000000000000, -1.000000000000000000, 0.000000000000000000 ) ) ;
#2280 = EDGE_CURVE ( 'NONE', #1560, #1102, #3433, .T. ) ;
#2281 = EDGE_LOOP ( 'NONE', ( #2449, #4630, #1245, #4443 ) ) ;
#2282 = DIRECTION ( 'NONE',  ( 0.000000000000000000, 1.000000000000000000, -0.000000000000000000 ) ) ;
#2283 = EDGE_CURVE ( 'NONE', #4754, #2182, #5289, .T. ) ;
#2284 = FACE_OUTER_BOUND ( 'NONE', #1910, .T. ) ;
#2285 = DIRECTION ( 'NONE',  ( 1.000000000000000000, 0.000000000000000000, 0.000000000000000000 ) ) ;
#2286 = CARTESIAN_POINT ( 'NONE',  ( -0.1849999999999998312, -1.163414459189985436E-16, -1.349999999999999645 ) ) ;
#2287 = ORIENTED_EDGE ( 'NONE', *, *, #1760, .T. ) ;
#2288 = DIRECTION ( 'NONE',  ( 0.000000000000000000, 0.000000000000000000, -1.000000000000000000 ) ) ;
#2289 = ADVANCED_FACE ( 'NONE', ( #764 ), #918, .F. ) ;
#2290 = PLANE ( 'NONE',  #3780 ) ;
#2291 = PRODUCT_CONTEXT ( 'NONE', #11, 'mechanical' ) ;
#2292 = CARTESIAN_POINT ( 'NONE',  ( 2.540000000000001812, -1.469576158976823553E-16, -1.599999999999999645 ) ) ;
#2293 = VERTEX_POINT ( 'NONE', #3130 ) ;
#2294 = LINE ( 'NONE', #2356, #4516 ) ;
#2295 = CARTESIAN_POINT ( 'NONE',  ( 2.355000000000000426, 0.6300000000000003375, -1.564999999999999503 ) ) ;
#2296 = CARTESIAN_POINT ( 'NONE',  ( 0.1850000000000002753, 0.000000000000000000, 1.349999999999999645 ) ) ;
#2297 = ORIENTED_EDGE ( 'NONE', *, *, #2462, .T. ) ;
#2298 = ORIENTED_EDGE ( 'NONE', *, *, #2397, .T. ) ;
#2299 = CARTESIAN_POINT ( 'NONE',  ( 1.085000000000000631, 0.03499999999999944128, 1.564999999999999281 ) ) ;
#2300 = EDGE_CURVE ( 'NONE', #4646, #3388, #5499, .T. ) ;
#2301 = CARTESIAN_POINT ( 'NONE',  ( -2.130000000000000338, -1.084202172485504434E-16, -1.349999999999999645 ) ) ;
#2302 = DIRECTION ( 'NONE',  ( 0.000000000000000000, 0.000000000000000000, -1.000000000000000000 ) ) ;
#2303 = CARTESIAN_POINT ( 'NONE',  ( 1.085000000000000187, 0.6299999999999997824, -1.099999999999999867 ) ) ;
#2304 = LINE ( 'NONE', #4000, #2223 ) ;
#2305 = CARTESIAN_POINT ( 'NONE',  ( -2.540000000000000924, 0.6300000000000003375, -1.564999999999999503 ) ) ;
#2306 = ORIENTED_EDGE ( 'NONE', *, *, #2728, .T. ) ;
#2307 = FACE_OUTER_BOUND ( 'NONE', #3610, .T. ) ;
#2308 = EDGE_LOOP ( 'NONE', ( #546, #5261, #4658, #3723, #2547, #26, #5523, #3828 ) ) ;
#2309 = DIRECTION ( 'NONE',  ( -1.606225440719266613E-16, 0.000000000000000000, -1.000000000000000000 ) ) ;
#2310 = LINE ( 'NONE', #5422, #3469 ) ;
#2311 = CARTESIAN_POINT ( 'NONE',  ( 0.8600000000000003197, 0.03499999999999998251, 1.349999999999999645 ) ) ;
#2312 = EDGE_CURVE ( 'NONE', #2174, #1596, #5016, .T. ) ;
#2313 = CARTESIAN_POINT ( 'NONE',  ( 0.4100000000000000866, -1.084202172485504434E-16, 1.349999999999999645 ) ) ;
#2314 = ORIENTED_EDGE ( 'NONE', *, *, #2333, .F. ) ;
#2315 = CARTESIAN_POINT ( 'NONE',  ( 0.4100000000000000866, 0.6299999999999997824, -0.9749999999999995337 ) ) ;
#2316 = DIRECTION ( 'NONE',  ( 0.000000000000000000, 0.000000000000000000, 1.000000000000000000 ) ) ;
#2317 = DIRECTION ( 'NONE',  ( -4.336808689942017736E-16, 0.000000000000000000, -1.000000000000000000 ) ) ;
#2318 = VERTEX_POINT ( 'NONE', #2772 ) ;
#2319 = EDGE_CURVE ( 'NONE', #4284, #2572, #1334, .T. ) ;
#2320 = EDGE_CURVE ( 'NONE', #3919, #5334, #4608, .T. ) ;
#2321 = DIRECTION ( 'NONE',  ( 0.000000000000000000, -1.000000000000000000, 0.000000000000000000 ) ) ;
#2322 = DIRECTION ( 'NONE',  ( -1.000000000000000000, 0.000000000000000000, 1.606225440719266613E-16 ) ) ;
#2323 = VECTOR ( 'NONE', #2970, 1000.000000000000000 ) ;
#2324 = CARTESIAN_POINT ( 'NONE',  ( 2.540000000000001812, 6.596850090290522495, 1.564999999999999503 ) ) ;
#2325 = ORIENTED_EDGE ( 'NONE', *, *, #4802, .T. ) ;
#2326 = ORIENTED_EDGE ( 'NONE', *, *, #5719, .F. ) ;
#2327 = DIRECTION ( 'NONE',  ( -1.000000000000000000, 0.000000000000000000, 0.000000000000000000 ) ) ;
#2328 = CARTESIAN_POINT ( 'NONE',  ( 2.540000000000001812, 6.596850090290522495, -1.564999999999998614 ) ) ;
#2329 = VECTOR ( 'NONE', #4318, 1000.000000000000000 ) ;
#2330 = DIRECTION ( 'NONE',  ( -0.000000000000000000, 1.000000000000000000, -0.000000000000000000 ) ) ;
#2331 = UNCERTAINTY_MEASURE_WITH_UNIT (LENGTH_MEASURE( 1.000000000000000082E-05 ), #5286, 'distance_accuracy_value', 'NONE');
#2332 = SURFACE_SIDE_STYLE ('',( #3729 ) ) ;
#2333 = EDGE_CURVE ( 'NONE', #5335, #4343, #1397, .T. ) ;
#2334 = VECTOR ( 'NONE', #1258, 1000.000000000000000 ) ;
#2335 = DIRECTION ( 'NONE',  ( -1.000000000000000000, -0.000000000000000000, -0.000000000000000000 ) ) ;
#2336 = ORIENTED_EDGE ( 'NONE', *, *, #2861, .F. ) ;
#2337 = VECTOR ( 'NONE', #4928, 1000.000000000000000 ) ;
#2338 = EDGE_CURVE ( 'NONE', #988, #1506, #1426, .T. ) ;
#2339 = VECTOR ( 'NONE', #3511, 1000.000000000000000 ) ;
#2340 = VERTEX_POINT ( 'NONE', #4136 ) ;
#2341 = DIRECTION ( 'NONE',  ( -0.000000000000000000, 1.000000000000000000, 1.224646799147352961E-16 ) ) ;
#2342 = CARTESIAN_POINT ( 'NONE',  ( -2.505000000000001226, 0.6766666666666666385, 1.076666666666666217 ) ) ;
#2343 = FACE_OUTER_BOUND ( 'NONE', #1297, .T. ) ;
#2344 = EDGE_CURVE ( 'NONE', #1825, #798, #523, .T. ) ;
#2345 = AXIS2_PLACEMENT_3D ( 'NONE', #175, #3274, #1452 ) ;
#2346 = DIRECTION ( 'NONE',  ( 0.000000000000000000, 0.000000000000000000, -1.000000000000000000 ) ) ;
#2347 = VECTOR ( 'NONE', #3667, 1000.000000000000000 ) ;
#2348 = ORIENTED_EDGE ( 'NONE', *, *, #3956, .F. ) ;
#2349 = LINE ( 'NONE', #101, #1878 ) ;
#2350 = EDGE_CURVE ( 'NONE', #4966, #1891, #5849, .T. ) ;
#2351 = FACE_OUTER_BOUND ( 'NONE', #419, .T. ) ;
#2352 = ORIENTED_EDGE ( 'NONE', *, *, #273, .F. ) ;
#2353 = AXIS2_PLACEMENT_3D ( 'NONE', #2400, #2373, #1051 ) ;
#2354 = ORIENTED_EDGE ( 'NONE', *, *, #4456, .F. ) ;
#2355 = AXIS2_PLACEMENT_3D ( 'NONE', #1139, #2456, #1552 ) ;
#2356 = CARTESIAN_POINT ( 'NONE',  ( 1.680000000000000160, 0.03499999999999999639, 1.099999999999999645 ) ) ;
#2357 = CARTESIAN_POINT ( 'NONE',  ( 1.455000000000000515, 6.596850090290522495, -1.564999999999998392 ) ) ;
#2358 = EDGE_CURVE ( 'NONE', #5127, #2432, #1812, .T. ) ;
#2359 = VECTOR ( 'NONE', #5842, 1000.000000000000000 ) ;
#2360 = VECTOR ( 'NONE', #5135, 1000.000000000000000 ) ;
#2361 = ORIENTED_EDGE ( 'NONE', *, *, #4296, .F. ) ;
#2362 = VERTEX_POINT ( 'NONE', #3661 ) ;
#2363 = PLANE ( 'NONE',  #3565 ) ;
#2364 = VECTOR ( 'NONE', #4474, 1000.000000000000000 ) ;
#2365 = CARTESIAN_POINT ( 'NONE',  ( -1.454999999999999849, 0.6300000000000003375, 1.564999999999999503 ) ) ;
#2366 = DIRECTION ( 'NONE',  ( -1.000000000000000000, -0.000000000000000000, -0.000000000000000000 ) ) ;
#2367 = PLANE ( 'NONE',  #312 ) ;
#2368 = VECTOR ( 'NONE', #1233, 1000.000000000000000 ) ;
#2369 = FACE_OUTER_BOUND ( 'NONE', #1727, .T. ) ;
#2370 = ORIENTED_EDGE ( 'NONE', *, *, #3627, .F. ) ;
#2371 = SURFACE_STYLE_FILL_AREA ( #934 ) ;
#2372 = VERTEX_POINT ( 'NONE', #2224 ) ;
#2373 = DIRECTION ( 'NONE',  ( 1.000000000000000000, 0.000000000000000000, -1.606225440719266613E-16 ) ) ;
#2374 = FACE_OUTER_BOUND ( 'NONE', #3911, .T. ) ;
#2375 = LINE ( 'NONE', #4212, #5184 ) ;
#2376 = EDGE_LOOP ( 'NONE', ( #4877, #3794, #4720, #5222 ) ) ;
#2377 = CARTESIAN_POINT ( 'NONE',  ( -1.084999999999999520, -1.084202172485504434E-16, -1.099999999999999867 ) ) ;
#2378 = EDGE_CURVE ( 'NONE', #2432, #5133, #54, .T. ) ;
#2379 = FILL_AREA_STYLE_COLOUR ( '', #1492 ) ;
#2380 = CARTESIAN_POINT ( 'NONE',  ( -2.540000000000000924, 0.6650000000000000355, -1.349999999999999423 ) ) ;
#2381 = DIRECTION ( 'NONE',  ( 0.000000000000000000, 1.000000000000000000, -0.000000000000000000 ) ) ;
#2382 = ORIENTED_EDGE ( 'NONE', *, *, #3815, .F. ) ;
#2383 = APPLICATION_CONTEXT ( 'automotive_design' ) ;
#2384 = EDGE_LOOP ( 'NONE', ( #5544, #217, #440, #4687 ) ) ;
#2385 = LINE ( 'NONE', #3273, #46 ) ;
#2386 = CARTESIAN_POINT ( 'NONE',  ( 1.455000000000000071, -1.469576158976823553E-16, 1.599999999999999645 ) ) ;
#2387 = EDGE_CURVE ( 'NONE', #2854, #552, #4017, .T. ) ;
#2388 = ORIENTED_EDGE ( 'NONE', *, *, #3150, .T. ) ;
#2389 = ORIENTED_EDGE ( 'NONE', *, *, #3900, .T. ) ;
#2390 = CARTESIAN_POINT ( 'NONE',  ( -2.130000000000000338, -1.084202172485504434E-16, -1.349999999999999645 ) ) ;
#2391 = CARTESIAN_POINT ( 'NONE',  ( -0.4099999999999997535, 0.6650000000000000355, -0.9749999999999995337 ) ) ;
#2392 = CARTESIAN_POINT ( 'NONE',  ( -1.454999999999999849, 0.6300000000000003375, -1.564999999999999503 ) ) ;
#2393 = LINE ( 'NONE', #2455, #4873 ) ;
#2394 = CARTESIAN_POINT ( 'NONE',  ( 1.085000000000000187, 0.03499999999999944128, -1.564999999999998392 ) ) ;
#2395 = ORIENTED_EDGE ( 'NONE', *, *, #1148, .T. ) ;
#2396 = EDGE_CURVE ( 'NONE', #4728, #5861, #1782, .T. ) ;
#2397 = EDGE_CURVE ( 'NONE', #4861, #1010, #3606, .T. ) ;
#2398 = DIRECTION ( 'NONE',  ( 0.000000000000000000, 1.000000000000000000, -0.000000000000000000 ) ) ;
#2399 = VERTEX_POINT ( 'NONE', #5405 ) ;
#2400 = CARTESIAN_POINT ( 'NONE',  ( -2.130000000000000338, -1.084202172485504434E-16, -1.349999999999999645 ) ) ;
#2401 = LINE ( 'NONE', #5542, #2120 ) ;
#2402 = LINE ( 'NONE', #4596, #1486 ) ;
#2403 = ORIENTED_EDGE ( 'NONE', *, *, #1806, .T. ) ;
#2404 = VERTEX_POINT ( 'NONE', #4952 ) ;
#2405 = LINE ( 'NONE', #548, #3313 ) ;
#2406 = SURFACE_SIDE_STYLE ('',( #5130 ) ) ;
#2407 = LINE ( 'NONE', #194, #4415 ) ;
#2408 = CARTESIAN_POINT ( 'NONE',  ( -1.454999999999999849, -8.572527594031470725E-17, 1.099999999999999645 ) ) ;
#2409 = ORIENTED_EDGE ( 'NONE', *, *, #3124, .T. ) ;
#2410 = EDGE_CURVE ( 'NONE', #1533, #1825, #885, .T. ) ;
#2411 = ORIENTED_EDGE ( 'NONE', *, *, #3914, .F. ) ;
#2412 = CARTESIAN_POINT ( 'NONE',  ( -1.084999999999999520, 0.6300000000000000044, -1.099999999999999867 ) ) ;
#2413 = LINE ( 'NONE', #617, #4149 ) ;
#2414 = LINE ( 'NONE', #2303, #323 ) ;
#2415 = EDGE_LOOP ( 'NONE', ( #978, #1354, #3068, #343 ) ) ;
#2416 = ORIENTED_EDGE ( 'NONE', *, *, #2501, .T. ) ;
#2417 = CARTESIAN_POINT ( 'NONE',  ( -1.454999999999999849, 0.6299999999999997824, 1.099999999999999867 ) ) ;
#2418 = DIRECTION ( 'NONE',  ( 0.000000000000000000, -1.541495945965274256E-16, 1.000000000000000000 ) ) ;
#2419 = ADVANCED_FACE ( 'NONE', ( #435 ), #2264, .F. ) ;
#2420 = CARTESIAN_POINT ( 'NONE',  ( -0.4099999999999997535, -1.084202172485504434E-16, 1.349999999999999645 ) ) ;
#2421 = FACE_OUTER_BOUND ( 'NONE', #4968, .T. ) ;
#2422 = EDGE_LOOP ( 'NONE', ( #4194, #2113, #178, #5587 ) ) ;
#2423 = PLANE ( 'NONE',  #3752 ) ;
#2424 = ORIENTED_EDGE ( 'NONE', *, *, #859, .F. ) ;
#2425 = CARTESIAN_POINT ( 'NONE',  ( 1.680000000000000160, 0.6650000000000000355, 0.9749999999999995337 ) ) ;
#2426 = AXIS2_PLACEMENT_3D ( 'NONE', #4326, #5150, #2064 ) ;
#2427 = AXIS2_PLACEMENT_3D ( 'NONE', #3743, #4636, #4252 ) ;
#2428 = LINE ( 'NONE', #1503, #77 ) ;
#2429 = EDGE_CURVE ( 'NONE', #699, #5572, #5880, .T. ) ;
#2430 = VECTOR ( 'NONE', #5740, 1000.000000000000000 ) ;
#2431 = ORIENTED_EDGE ( 'NONE', *, *, #4748, .T. ) ;
#2432 = VERTEX_POINT ( 'NONE', #2744 ) ;
#2433 = EDGE_LOOP ( 'NONE', ( #2411, #5600, #5398, #916 ) ) ;
#2434 = VECTOR ( 'NONE', #5212, 1000.000000000000000 ) ;
#2435 = AXIS2_PLACEMENT_3D ( 'NONE', #2240, #1794, #3587 ) ;
#2436 = DIRECTION ( 'NONE',  ( 0.000000000000000000, -1.000000000000000000, 0.000000000000000000 ) ) ;
#2437 = DIRECTION ( 'NONE',  ( 1.000000000000000000, 0.000000000000000000, 0.000000000000000000 ) ) ;
#2438 = VECTOR ( 'NONE', #1877, 1000.000000000000000 ) ;
#2439 = DIRECTION ( 'NONE',  ( -1.000000000000000000, -0.000000000000000000, 0.000000000000000000 ) ) ;
#2440 = LINE ( 'NONE', #5639, #5372 ) ;
#2441 = VERTEX_POINT ( 'NONE', #4550 ) ;
#2442 = ORIENTED_EDGE ( 'NONE', *, *, #2195, .T. ) ;
#2443 = LINE ( 'NONE', #3810, #524 ) ;
#2444 = LINE ( 'NONE', #5556, #4139 ) ;
#2445 = CARTESIAN_POINT ( 'NONE',  ( -1.454999999999999849, -1.084202172485504434E-16, -1.099999999999999867 ) ) ;
#2446 = LINE ( 'NONE', #3341, #2620 ) ;
#2447 = VECTOR ( 'NONE', #2556, 1000.000000000000000 ) ;
#2448 = EDGE_CURVE ( 'NONE', #5334, #4465, #2294, .T. ) ;
#2449 = ORIENTED_EDGE ( 'NONE', *, *, #164, .F. ) ;
#2450 = ORIENTED_EDGE ( 'NONE', *, *, #184, .F. ) ;
#2451 = VECTOR ( 'NONE', #5494, 1000.000000000000000 ) ;
#2452 = LINE ( 'NONE', #3345, #1093 ) ;
#2453 = PLANE ( 'NONE',  #1190 ) ;
#2454 = EDGE_CURVE ( 'NONE', #5540, #4581, #3310, .T. ) ;
#2455 = CARTESIAN_POINT ( 'NONE',  ( -1.679999999999999938, 0.03499999999999999639, -1.099999999999999645 ) ) ;
#2456 = DIRECTION ( 'NONE',  ( 0.000000000000000000, 1.000000000000000000, 0.000000000000000000 ) ) ;
#2457 = ORIENTED_EDGE ( 'NONE', *, *, #691, .T. ) ;
#2458 = VECTOR ( 'NONE', #2688, 1000.000000000000000 ) ;
#2459 = EDGE_CURVE ( 'NONE', #198, #1924, #2385, .T. ) ;
#2460 = DIRECTION ( 'NONE',  ( 0.000000000000000000, 1.000000000000000000, 0.000000000000000000 ) ) ;
#2461 = EDGE_LOOP ( 'NONE', ( #4501, #1043, #4742, #210, #4183, #2102, #3160, #863 ) ) ;
#2462 = EDGE_CURVE ( 'NONE', #1320, #3988, #108, .T. ) ;
#2463 = CARTESIAN_POINT ( 'NONE',  ( -1.454999999999999849, 0.6650000000000000355, 1.599999999999999645 ) ) ;
#2464 = VECTOR ( 'NONE', #783, 1000.000000000000000 ) ;
#2465 = PLANE ( 'NONE',  #3977 ) ;
#2466 = ORIENTED_EDGE ( 'NONE', *, *, #2170, .T. ) ;
#2467 = VERTEX_POINT ( 'NONE', #4197 ) ;
#2468 = ORIENTED_EDGE ( 'NONE', *, *, #5399, .F. ) ;
#2469 = EDGE_CURVE ( 'NONE', #5350, #2167, #2833, .T. ) ;
#2470 = EDGE_CURVE ( 'NONE', #3427, #1162, #651, .T. ) ;
#2471 = CARTESIAN_POINT ( 'NONE',  ( 1.085000000000000187, 0.6300000000000000044, -1.099999999999999867 ) ) ;
#2472 = FILL_AREA_STYLE ('',( #1563 ) ) ;
#2473 = DIRECTION ( 'NONE',  ( -1.000000000000000000, 0.000000000000000000, -0.000000000000000000 ) ) ;
#2474 = DIRECTION ( 'NONE',  ( 0.000000000000000000, -1.000000000000000000, 0.000000000000000000 ) ) ;
#2475 = ORIENTED_EDGE ( 'NONE', *, *, #1357, .F. ) ;
#2476 = VERTEX_POINT ( 'NONE', #1451 ) ;
#2477 = EDGE_CURVE ( 'NONE', #1553, #3771, #2444, .T. ) ;
#2478 = LINE ( 'NONE', #1130, #4611 ) ;
#2479 = DIRECTION ( 'NONE',  ( -0.000000000000000000, -1.000000000000000000, -0.000000000000000000 ) ) ;
#2480 = PLANE ( 'NONE',  #618 ) ;
#2481 = CLOSED_SHELL ( 'NONE', ( #5378, #1138, #4072, #5492, #5797, #3268, #3573, #456, #3934, #2228, #173, #4605, #3435, #5828, #5103, #4584, #4121, #4206, #5547, #4126, #3536, #1519, #42, #2419, #4170, #3342, #4853, #2017, #1784, #2262 ) ) ;
#2482 = VERTEX_POINT ( 'NONE', #1094 ) ;
#2483 = ORIENTED_EDGE ( 'NONE', *, *, #5315, .T. ) ;
#2484 = DIRECTION ( 'NONE',  ( 0.000000000000000000, -1.224646799147352961E-16, -1.000000000000000000 ) ) ;
#2485 = DIRECTION ( 'NONE',  ( -1.000000000000000000, 0.000000000000000000, 0.000000000000000000 ) ) ;
#2486 = DIRECTION ( 'NONE',  ( 1.000000000000000000, 0.000000000000000000, 0.000000000000000000 ) ) ;
#2487 = DIRECTION ( 'NONE',  ( -1.000000000000000000, 0.000000000000000000, 0.000000000000000000 ) ) ;
#2488 = ORIENTED_EDGE ( 'NONE', *, *, #3758, .T. ) ;
#2489 = EDGE_CURVE ( 'NONE', #5149, #1158, #199, .T. ) ;
#2490 = CARTESIAN_POINT ( 'NONE',  ( 0.000000000000000000, 0.03499999999999999639, -1.099999999999999867 ) ) ;
#2491 = ORIENTED_EDGE ( 'NONE', *, *, #3956, .T. ) ;
#2492 = DIRECTION ( 'NONE',  ( -0.000000000000000000, -0.000000000000000000, 1.000000000000000000 ) ) ;
#2493 = DIRECTION ( 'NONE',  ( 0.000000000000000000, 0.000000000000000000, -1.000000000000000000 ) ) ;
#2494 = EDGE_LOOP ( 'NONE', ( #5831, #2488, #923, #2715, #205, #3890, #5604, #597 ) ) ;
#2495 = ORIENTED_EDGE ( 'NONE', *, *, #272, .F. ) ;
#2496 = ORIENTED_EDGE ( 'NONE', *, *, #5400, .T. ) ;
#2497 = CARTESIAN_POINT ( 'NONE',  ( -1.454999999999999849, 0.03499999999999999639, -1.099999999999999645 ) ) ;
#2498 = CARTESIAN_POINT ( 'NONE',  ( -1.454999999999999849, -1.163414459189985436E-16, -1.349999999999999645 ) ) ;
#2499 = DIRECTION ( 'NONE',  ( 0.000000000000000000, -1.000000000000000000, 0.000000000000000000 ) ) ;
#2500 = ORIENTED_EDGE ( 'NONE', *, *, #757, .F. ) ;
#2501 = EDGE_CURVE ( 'NONE', #669, #4951, #2924, .T. ) ;
#2502 = VERTEX_POINT ( 'NONE', #1485 ) ;
#2503 = CARTESIAN_POINT ( 'NONE',  ( 2.540000000000001812, -1.469576158976823553E-16, 1.599999999999999645 ) ) ;
#2504 = LINE ( 'NONE', #5729, #1662 ) ;
#2505 = PLANE ( 'NONE',  #2345 ) ;
#2506 = LINE ( 'NONE', #4760, #2136 ) ;
#2507 = EDGE_CURVE ( 'NONE', #2825, #4914, #2478, .T. ) ;
#2508 = EDGE_CURVE ( 'NONE', #4503, #475, #3839, .T. ) ;
#2509 = ORIENTED_EDGE ( 'NONE', *, *, #2470, .F. ) ;
#2510 = CARTESIAN_POINT ( 'NONE',  ( 1.455000000000000071, 0.6300000000000003375, -1.564999999999999503 ) ) ;
#2511 = DIRECTION ( 'NONE',  ( -0.000000000000000000, 0.000000000000000000, 1.000000000000000000 ) ) ;
#2512 = CARTESIAN_POINT ( 'NONE',  ( -0.8599999999999998757, -1.084202172485504434E-16, 1.349999999999999645 ) ) ;
#2513 = ORIENTED_EDGE ( 'NONE', *, *, #5852, .F. ) ;
#2514 = DIRECTION ( 'NONE',  ( 0.000000000000000000, 1.000000000000000000, 0.000000000000000000 ) ) ;
#2515 = VERTEX_POINT ( 'NONE', #2412 ) ;
#2516 = LINE ( 'NONE', #1642, #4247 ) ;
#2517 = FACE_OUTER_BOUND ( 'NONE', #3718, .T. ) ;
#2518 = MECHANICAL_DESIGN_GEOMETRIC_PRESENTATION_REPRESENTATION (  '', ( #2033 ), #3178 ) ;
#2519 = EDGE_CURVE ( 'NONE', #2441, #3750, #1038, .T. ) ;
#2520 = ORIENTED_EDGE ( 'NONE', *, *, #2025, .T. ) ;
#2521 = ORIENTED_EDGE ( 'NONE', *, *, #2054, .T. ) ;
#2522 = ORIENTED_EDGE ( 'NONE', *, *, #5034, .T. ) ;
#2523 = LINE ( 'NONE', #2098, #338 ) ;
#2524 = AXIS2_PLACEMENT_3D ( 'NONE', #2778, #5473, #5439 ) ;
#2525 = EDGE_CURVE ( 'NONE', #4465, #3201, #3783, .T. ) ;
#2526 = DIRECTION ( 'NONE',  ( -0.000000000000000000, -1.112002228190261445E-16, 1.000000000000000000 ) ) ;
#2527 = DIRECTION ( 'NONE',  ( -0.000000000000000000, 1.224646799147353207E-16, -1.000000000000000000 ) ) ;
#2528 = ORIENTED_EDGE ( 'NONE', *, *, #884, .F. ) ;
#2529 = ORIENTED_EDGE ( 'NONE', *, *, #5239, .F. ) ;
#2530 = VECTOR ( 'NONE', #856, 1000.000000000000000 ) ;
#2531 = AXIS2_PLACEMENT_3D ( 'NONE', #3338, #1572, #1064 ) ;
#2532 = EDGE_CURVE ( 'NONE', #5417, #4174, #1963, .T. ) ;
#2533 = FACE_OUTER_BOUND ( 'NONE', #2579, .T. ) ;
#2534 = VECTOR ( 'NONE', #2213, 1000.000000000000000 ) ;
#2535 = LINE ( 'NONE', #2613, #138 ) ;
#2536 = DIRECTION ( 'NONE',  ( 0.000000000000000000, 0.000000000000000000, 1.000000000000000000 ) ) ;
#2537 = PLANE ( 'NONE',  #3390 ) ;
#2538 = VECTOR ( 'NONE', #4488, 1000.000000000000000 ) ;
#2539 = AXIS2_PLACEMENT_3D ( 'NONE', #3426, #5585, #1603 ) ;
#2540 = LINE ( 'NONE', #2171, #510 ) ;
#2541 = ADVANCED_FACE ( 'NONE', ( #1515 ), #5643, .F. ) ;
#2542 = EDGE_CURVE ( 'NONE', #328, #4718, #2954, .T. ) ;
#2543 = DIRECTION ( 'NONE',  ( -0.000000000000000000, 0.000000000000000000, 1.000000000000000000 ) ) ;
#2544 = AXIS2_PLACEMENT_3D ( 'NONE', #5313, #826, #1214 ) ;
#2545 = CARTESIAN_POINT ( 'NONE',  ( 1.085000000000000187, -1.469576158976823553E-16, -1.599999999999999645 ) ) ;
#2546 = VECTOR ( 'NONE', #2969, 1000.000000000000000 ) ;
#2547 = ORIENTED_EDGE ( 'NONE', *, *, #726, .T. ) ;
#2548 = LINE ( 'NONE', #3522, #706 ) ;
#2549 = ORIENTED_EDGE ( 'NONE', *, *, #1839, .F. ) ;
#2550 = LINE ( 'NONE', #3886, #1775 ) ;
#2551 = DIRECTION ( 'NONE',  ( 0.000000000000000000, 6.303501002822716479E-17, -1.000000000000000000 ) ) ;
#2552 = AXIS2_PLACEMENT_3D ( 'NONE', #3479, #3896, #1154 ) ;
#2553 = VERTEX_POINT ( 'NONE', #4171 ) ;
#2554 = VERTEX_POINT ( 'NONE', #2891 ) ;
#2555 = VECTOR ( 'NONE', #3672, 1000.000000000000000 ) ;
#2556 = DIRECTION ( 'NONE',  ( 1.606225440719266613E-16, 0.000000000000000000, 1.000000000000000000 ) ) ;
#2557 = DIRECTION ( 'NONE',  ( 1.606225440719266367E-16, 0.000000000000000000, 1.000000000000000000 ) ) ;
#2558 = FACE_OUTER_BOUND ( 'NONE', #3525, .T. ) ;
#2559 = ORIENTED_EDGE ( 'NONE', *, *, #3658, .F. ) ;
#2560 = VECTOR ( 'NONE', #5279, 1000.000000000000000 ) ;
#2561 = ORIENTED_EDGE ( 'NONE', *, *, #346, .T. ) ;
#2562 = EDGE_CURVE ( 'NONE', #4536, #100, #3811, .T. ) ;
#2563 = DIRECTION ( 'NONE',  ( -1.000000000000000000, 0.000000000000000000, 0.000000000000000000 ) ) ;
#2564 = DIRECTION ( 'NONE',  ( -0.000000000000000000, 1.000000000000000000, -0.000000000000000000 ) ) ;
#2565 = CARTESIAN_POINT ( 'NONE',  ( -0.1849999999999998312, 0.6300000000000003375, 1.564999999999999503 ) ) ;
#2566 = DIRECTION ( 'NONE',  ( 0.000000000000000000, 1.000000000000000000, 0.000000000000000000 ) ) ;
#2567 = FILL_AREA_STYLE ('',( #3016 ) ) ;
#2568 = ADVANCED_FACE ( 'NONE', ( #4757 ), #615, .F. ) ;
#2569 = DIRECTION ( 'NONE',  ( 0.000000000000000000, 1.000000000000000000, -0.000000000000000000 ) ) ;
#2570 = ORIENTED_EDGE ( 'NONE', *, *, #5511, .T. ) ;
#2571 = DIRECTION ( 'NONE',  ( 1.000000000000000000, 0.000000000000000000, -0.000000000000000000 ) ) ;
#2572 = VERTEX_POINT ( 'NONE', #2612 ) ;
#2573 = CARTESIAN_POINT ( 'NONE',  ( -0.1849999999999998312, 0.03499999999999999639, 0.000000000000000000 ) ) ;
#2574 = LINE ( 'NONE', #1144, #984 ) ;
#2575 = ORIENTED_EDGE ( 'NONE', *, *, #4336, .T. ) ;
#2576 = EDGE_CURVE ( 'NONE', #1996, #3447, #2586, .T. ) ;
#2577 = ADVANCED_FACE ( 'NONE', ( #2533 ), #5679, .F. ) ;
#2578 = ORIENTED_EDGE ( 'NONE', *, *, #5124, .T. ) ;
#2579 = EDGE_LOOP ( 'NONE', ( #3069, #3910, #2953, #4236, #4333, #668, #623, #3035 ) ) ;
#2580 = CARTESIAN_POINT ( 'NONE',  ( -0.8599999999999998757, -1.084202172485504434E-16, -1.349999999999999645 ) ) ;
#2581 =( NAMED_UNIT ( * ) SI_UNIT ( $, .STERADIAN. ) SOLID_ANGLE_UNIT ( ) );
#2582 = CARTESIAN_POINT ( 'NONE',  ( 0.1850000000000002753, 0.6300000000000003375, -1.564999999999999503 ) ) ;
#2583 = CARTESIAN_POINT ( 'NONE',  ( -1.084999999999999742, 0.03499999999999999639, 1.564999999999999503 ) ) ;
#2584 = ORIENTED_EDGE ( 'NONE', *, *, #375, .F. ) ;
#2585 = EDGE_LOOP ( 'NONE', ( #1797, #1505, #2989, #604 ) ) ;
#2586 = LINE ( 'NONE', #4395, #5383 ) ;
#2587 = CARTESIAN_POINT ( 'NONE',  ( 1.680000000000000160, 0.6649999999999998135, 1.349999999999999645 ) ) ;
#2588 = PLANE ( 'NONE',  #5083 ) ;
#2589 = CARTESIAN_POINT ( 'NONE',  ( -1.679999999999999938, 0.6299999999999997824, 0.9749999999999995337 ) ) ;
#2590 = ADVANCED_FACE ( 'NONE', ( #4311 ), #4369, .F. ) ;
#2591 = LINE ( 'NONE', #1159, #1659 ) ;
#2592 = CARTESIAN_POINT ( 'NONE',  ( -0.1849999999999998312, 0.03499999999999999639, -1.564999999999999503 ) ) ;
#2593 = FACE_OUTER_BOUND ( 'NONE', #3640, .T. ) ;
#2594 = ORIENTED_EDGE ( 'NONE', *, *, #1089, .F. ) ;
#2595 = DIRECTION ( 'NONE',  ( 0.000000000000000000, 0.000000000000000000, -1.000000000000000000 ) ) ;
#2596 = DIRECTION ( 'NONE',  ( 0.000000000000000000, -0.000000000000000000, -1.000000000000000000 ) ) ;
#2597 = EDGE_CURVE ( 'NONE', #988, #1053, #4344, .T. ) ;
#2598 = ORIENTED_EDGE ( 'NONE', *, *, #893, .F. ) ;
#2599 = DIRECTION ( 'NONE',  ( 1.000000000000000000, 0.000000000000000000, 0.000000000000000000 ) ) ;
#2600 = DIRECTION ( 'NONE',  ( -0.000000000000000000, 0.000000000000000000, -1.000000000000000000 ) ) ;
#2601 = ORIENTED_EDGE ( 'NONE', *, *, #4356, .T. ) ;
#2602 = EDGE_LOOP ( 'NONE', ( #5191, #2306, #1721, #1512, #336, #779, #3442, #3202 ) ) ;
#2603 = DIRECTION ( 'NONE',  ( 0.000000000000000000, 0.000000000000000000, -1.000000000000000000 ) ) ;
#2604 = VECTOR ( 'NONE', #4205, 1000.000000000000000 ) ;
#2605 = LINE ( 'NONE', #5331, #3958 ) ;
#2606 = EDGE_CURVE ( 'NONE', #3133, #3161, #5704, .T. ) ;
#2607 = DIRECTION ( 'NONE',  ( 1.000000000000000000, -0.000000000000000000, -0.000000000000000000 ) ) ;
#2608 = DIRECTION ( 'NONE',  ( 0.000000000000000000, -1.000000000000000000, 0.000000000000000000 ) ) ;
#2609 = ORIENTED_EDGE ( 'NONE', *, *, #3150, .F. ) ;
#2610 = ORIENTED_EDGE ( 'NONE', *, *, #632, .F. ) ;
#2611 = VECTOR ( 'NONE', #2749, 1000.000000000000000 ) ;
#2612 = CARTESIAN_POINT ( 'NONE',  ( 2.130000000000000782, -1.084202172485504434E-16, 1.099999999999999867 ) ) ;
#2613 = CARTESIAN_POINT ( 'NONE',  ( 1.455000000000000959, 0.03499999999999999639, 0.000000000000000000 ) ) ;
#2614 = DIRECTION ( 'NONE',  ( -1.000000000000000000, -0.000000000000000000, -0.000000000000000000 ) ) ;
#2615 = PLANE ( 'NONE',  #709 ) ;
#2616 = AXIS2_PLACEMENT_3D ( 'NONE', #4281, #1902, #4217 ) ;
#2617 = VECTOR ( 'NONE', #400, 1000.000000000000000 ) ;
#2618 = CIRCLE ( 'NONE', #2712, 0.02333333333333332399 ) ;
#2619 = CARTESIAN_POINT ( 'NONE',  ( -0.1849999999999993872, 0.03499999999999944128, 1.564999999999999059 ) ) ;
#2620 = VECTOR ( 'NONE', #4669, 1000.000000000000000 ) ;
#2621 = CARTESIAN_POINT ( 'NONE',  ( -2.129999999999999893, 0.6649999999999998135, 1.349999999999999645 ) ) ;
#2622 = VECTOR ( 'NONE', #1931, 1000.000000000000000 ) ;
#2623 = AXIS2_PLACEMENT_3D ( 'NONE', #3295, #13, #3653 ) ;
#2624 = LINE ( 'NONE', #3993, #1170 ) ;
#2625 = VERTEX_POINT ( 'NONE', #2503 ) ;
#2626 = ORIENTED_EDGE ( 'NONE', *, *, #3774, .F. ) ;
#2627 = DIRECTION ( 'NONE',  ( -1.606225440719266613E-16, 0.000000000000000000, -1.000000000000000000 ) ) ;
#2628 = EDGE_CURVE ( 'NONE', #3870, #5808, #339, .T. ) ;
#2629 = CARTESIAN_POINT ( 'NONE',  ( 0.000000000000000000, 0.6300000000000000044, -1.099999999999999867 ) ) ;
#2630 = EDGE_LOOP ( 'NONE', ( #2726, #5221, #4813, #1375 ) ) ;
#2631 = CARTESIAN_POINT ( 'NONE',  ( 0.4100000000000000866, 0.03499999999999999639, 1.099999999999999645 ) ) ;
#2632 = CARTESIAN_POINT ( 'NONE',  ( 1.680000000000000160, -1.084202172485504434E-16, 1.349999999999999645 ) ) ;
#2633 = VECTOR ( 'NONE', #3263, 1000.000000000000000 ) ;
#2634 = EDGE_LOOP ( 'NONE', ( #5389, #2721, #1920, #3102 ) ) ;
#2635 = ORIENTED_EDGE ( 'NONE', *, *, #1291, .F. ) ;
#2636 = VECTOR ( 'NONE', #5086, 1000.000000000000000 ) ;
#2637 = PLANE ( 'NONE',  #2647 ) ;
#2638 = VECTOR ( 'NONE', #1356, 1000.000000000000000 ) ;
#2639 = DIRECTION ( 'NONE',  ( 0.000000000000000000, 0.000000000000000000, 1.000000000000000000 ) ) ;
#2640 = VECTOR ( 'NONE', #5311, 1000.000000000000000 ) ;
#2641 = DIRECTION ( 'NONE',  ( -1.000000000000000000, -0.000000000000000000, 0.000000000000000000 ) ) ;
#2642 = DIRECTION ( 'NONE',  ( -0.000000000000000000, -1.000000000000000000, -0.000000000000000000 ) ) ;
#2643 = ORIENTED_EDGE ( 'NONE', *, *, #2762, .F. ) ;
#2644 = EDGE_CURVE ( 'NONE', #694, #4544, #1631, .T. ) ;
#2645 = ORIENTED_EDGE ( 'NONE', *, *, #5144, .F. ) ;
#2646 = UNCERTAINTY_MEASURE_WITH_UNIT (LENGTH_MEASURE( 1.000000000000000082E-05 ), #987, 'distance_accuracy_value', 'NONE');
#2647 = AXIS2_PLACEMENT_3D ( 'NONE', #1321, #1732, #2603 ) ;
#2648 = LINE ( 'NONE', #853, #829 ) ;
#2649 = CARTESIAN_POINT ( 'NONE',  ( 2.130000000000000782, -1.084202172485504434E-16, 1.349999999999999201 ) ) ;
#2650 = PLANE ( 'NONE',  #1947 ) ;
#2651 = ORIENTED_EDGE ( 'NONE', *, *, #2319, .T. ) ;
#2652 = VECTOR ( 'NONE', #5033, 1000.000000000000000 ) ;
#2653 = ADVANCED_FACE ( 'NONE', ( #5758 ), #5283, .F. ) ;
#2654 = PLANE ( 'NONE',  #4510 ) ;
#2655 = LINE ( 'NONE', #740, #621 ) ;
#2656 = CARTESIAN_POINT ( 'NONE',  ( 2.540000000000001812, 0.6300000000000003375, 1.564999999999999503 ) ) ;
#2657 = ORIENTED_EDGE ( 'NONE', *, *, #2358, .F. ) ;
#2658 = ORIENTED_EDGE ( 'NONE', *, *, #2344, .F. ) ;
#2659 = DIRECTION ( 'NONE',  ( -0.000000000000000000, 0.000000000000000000, -1.000000000000000000 ) ) ;
#2660 = CARTESIAN_POINT ( 'NONE',  ( -1.084999999999999742, 0.6300000000000003375, -1.564999999999999503 ) ) ;
#2661 = ORIENTED_EDGE ( 'NONE', *, *, #5779, .F. ) ;
#2662 = LINE ( 'NONE', #4470, #807 ) ;
#2663 = CARTESIAN_POINT ( 'NONE',  ( 0.8600000000000003197, -1.084202172485504434E-16, 1.349999999999999645 ) ) ;
#2664 = ADVANCED_FACE ( 'NONE', ( #3429 ), #257, .F. ) ;
#2665 = VERTEX_POINT ( 'NONE', #5785 ) ;
#2666 = ORIENTED_EDGE ( 'NONE', *, *, #4249, .F. ) ;
#2667 = DIRECTION ( 'NONE',  ( -0.000000000000000000, 0.000000000000000000, -1.000000000000000000 ) ) ;
#2668 = ORIENTED_EDGE ( 'NONE', *, *, #812, .F. ) ;
#2669 = CARTESIAN_POINT ( 'NONE',  ( 1.085000000000000187, -8.572527594031470725E-17, -1.099999999999999645 ) ) ;
#2670 = CARTESIAN_POINT ( 'NONE',  ( -0.8599999999999998757, 0.03499999999999998251, -1.349999999999999645 ) ) ;
#2671 = LINE ( 'NONE', #4570, #2652 ) ;
#2672 = EDGE_LOOP ( 'NONE', ( #3501, #2370, #5014, #5329 ) ) ;
#2673 = PRODUCT_DEFINITION_SHAPE ( 'NONE', 'NONE',  #743 ) ;
#2674 = ORIENTED_EDGE ( 'NONE', *, *, #5684, .F. ) ;
#2675 = LINE ( 'NONE', #4482, #1118 ) ;
#2676 = DIRECTION ( 'NONE',  ( 0.000000000000000000, 0.000000000000000000, 1.000000000000000000 ) ) ;
#2677 = EDGE_CURVE ( 'NONE', #3047, #4120, #701, .T. ) ;
#2678 = CARTESIAN_POINT ( 'NONE',  ( 2.130000000000000782, 0.6650000000000000355, 0.9749999999999995337 ) ) ;
#2679 = ORIENTED_EDGE ( 'NONE', *, *, #3030, .T. ) ;
#2680 = CARTESIAN_POINT ( 'NONE',  ( 2.130000000000000338, -1.084202172485504434E-16, -1.350000000000000089 ) ) ;
#2681 = CARTESIAN_POINT ( 'NONE',  ( -0.1849999999999996092, -1.084202172485504434E-16, 1.100000000000000311 ) ) ;
#2682 = EDGE_CURVE ( 'NONE', #2175, #2839, #2048, .T. ) ;
#2683 = ADVANCED_FACE ( 'NONE', ( #3007 ), #3510, .F. ) ;
#2684 = CARTESIAN_POINT ( 'NONE',  ( 1.455000000000000515, 0.6300000000000000044, -1.099999999999999867 ) ) ;
#2685 = ORIENTED_EDGE ( 'NONE', *, *, #3900, .F. ) ;
#2686 = ORIENTED_EDGE ( 'NONE', *, *, #2980, .T. ) ;
#2687 = FACE_OUTER_BOUND ( 'NONE', #4213, .T. ) ;
#2688 = DIRECTION ( 'NONE',  ( -1.000000000000000000, -0.000000000000000000, -0.000000000000000000 ) ) ;
#2689 = ORIENTED_EDGE ( 'NONE', *, *, #5336, .T. ) ;
#2690 = FACE_OUTER_BOUND ( 'NONE', #2630, .T. ) ;
#2691 = CARTESIAN_POINT ( 'NONE',  ( -1.455000000000000071, 6.596850090290522495, -1.564999999999997948 ) ) ;
#2692 = ORIENTED_EDGE ( 'NONE', *, *, #2697, .F. ) ;
#2693 = ORIENTED_EDGE ( 'NONE', *, *, #4462, .F. ) ;
#2694 = DIRECTION ( 'NONE',  ( -1.000000000000000000, 0.000000000000000000, 0.000000000000000000 ) ) ;
#2695 = ORIENTED_EDGE ( 'NONE', *, *, #5852, .T. ) ;
#2696 = CARTESIAN_POINT ( 'NONE',  ( 1.455000000000000071, 0.6650000000000000355, -1.599999999999999645 ) ) ;
#2697 = EDGE_CURVE ( 'NONE', #1774, #96, #3088, .T. ) ;
#2698 = CARTESIAN_POINT ( 'NONE',  ( -0.1849999999999998312, 0.000000000000000000, -1.349999999999999645 ) ) ;
#2699 = DIRECTION ( 'NONE',  ( -1.000000000000000000, -0.000000000000000000, 0.000000000000000000 ) ) ;
#2700 = ORIENTED_EDGE ( 'NONE', *, *, #3700, .F. ) ;
#2701 = CARTESIAN_POINT ( 'NONE',  ( 1.680000000000000160, 0.6299999999999997824, -0.9749999999999995337 ) ) ;
#2702 = EDGE_CURVE ( 'NONE', #71, #5281, #5230, .T. ) ;
#2703 = DIRECTION ( 'NONE',  ( -0.000000000000000000, 1.000000000000000000, -0.000000000000000000 ) ) ;
#2704 = DIRECTION ( 'NONE',  ( 1.000000000000000000, 0.000000000000000000, 0.000000000000000000 ) ) ;
#2705 = ORIENTED_EDGE ( 'NONE', *, *, #2753, .T. ) ;
#2706 = EDGE_CURVE ( 'NONE', #2572, #4811, #1212, .T. ) ;
#2707 = CARTESIAN_POINT ( 'NONE',  ( 0.000000000000000000, 0.6300000000000000044, 1.100000000000000311 ) ) ;
#2708 = VECTOR ( 'NONE', #2486, 1000.000000000000000 ) ;
#2709 = DIRECTION ( 'NONE',  ( 0.000000000000000000, -0.000000000000000000, 1.000000000000000000 ) ) ;
#2710 = VECTOR ( 'NONE', #3392, 1000.000000000000000 ) ;
#2711 = AXIS2_PLACEMENT_3D ( 'NONE', #3316, #1548, #1104 ) ;
#2712 = AXIS2_PLACEMENT_3D ( 'NONE', #340, #1685, #1213 ) ;
#2713 = LINE ( 'NONE', #492, #1594 ) ;
#2714 = ORIENTED_EDGE ( 'NONE', *, *, #4493, .T. ) ;
#2715 = ORIENTED_EDGE ( 'NONE', *, *, #1652, .T. ) ;
#2716 = VECTOR ( 'NONE', #4910, 1000.000000000000000 ) ;
#2717 = EDGE_CURVE ( 'NONE', #4189, #1716, #5728, .T. ) ;
#2718 = FACE_OUTER_BOUND ( 'NONE', #650, .T. ) ;
#2719 = DIRECTION ( 'NONE',  ( 1.606225440719266613E-16, -0.000000000000000000, 1.000000000000000000 ) ) ;
#2720 = DIRECTION ( 'NONE',  ( -1.000000000000000000, 0.000000000000000000, 0.000000000000000000 ) ) ;
#2721 = ORIENTED_EDGE ( 'NONE', *, *, #3889, .F. ) ;
#2722 = PRESENTATION_LAYER_ASSIGNMENT (  '', '', ( #3674 ) ) ;
#2723 = PLANE ( 'NONE',  #1380 ) ;
#2724 = PLANE ( 'NONE',  #5545 ) ;
#2725 = CARTESIAN_POINT ( 'NONE',  ( 4.741113354645781541, 0.6300000000000005596, -0.9749999999999995337 ) ) ;
#2726 = ORIENTED_EDGE ( 'NONE', *, *, #5726, .F. ) ;
#2727 = PRESENTATION_LAYER_ASSIGNMENT (  '', '', ( #428 ) ) ;
#2728 = EDGE_CURVE ( 'NONE', #5861, #3570, #3060, .T. ) ;
#2729 = ORIENTED_EDGE ( 'NONE', *, *, #3156, .T. ) ;
#2730 = CARTESIAN_POINT ( 'NONE',  ( -2.540000000000000924, 0.6649999999999998135, 1.349999999999999867 ) ) ;
#2731 = AXIS2_PLACEMENT_3D ( 'NONE', #3115, #815, #2639 ) ;
#2732 = DIRECTION ( 'NONE',  ( 0.000000000000000000, 0.000000000000000000, 1.000000000000000000 ) ) ;
#2733 = PLANE ( 'NONE',  #1889 ) ;
#2734 = LINE ( 'NONE', #3686, #2069 ) ;
#2735 = ORIENTED_EDGE ( 'NONE', *, *, #1661, .T. ) ;
#2736 = AXIS2_PLACEMENT_3D ( 'NONE', #1301, #460, #429 ) ;
#2737 = PLANE ( 'NONE',  #5676 ) ;
#2738 = DIRECTION ( 'NONE',  ( -0.000000000000000000, 0.000000000000000000, 1.000000000000000000 ) ) ;
#2739 = CARTESIAN_POINT ( 'NONE',  ( 0.000000000000000000, 0.000000000000000000, 0.000000000000000000 ) ) ;
#2740 = CARTESIAN_POINT ( 'NONE',  ( 2.355000000000000426, 0.6299999999999997824, 1.349999999999999645 ) ) ;
#2741 = ORIENTED_EDGE ( 'NONE', *, *, #1898, .T. ) ;
#2742 = EDGE_CURVE ( 'NONE', #4862, #5417, #2675, .T. ) ;
#2743 = VECTOR ( 'NONE', #3950, 1000.000000000000000 ) ;
#2744 = CARTESIAN_POINT ( 'NONE',  ( 0.1850000000000002753, -1.163414459189985436E-16, 1.349999999999999645 ) ) ;
#2745 = LINE ( 'NONE', #2225, #142 ) ;
#2746 = DIRECTION ( 'NONE',  ( -1.000000000000000000, 0.000000000000000000, 0.000000000000000000 ) ) ;
#2747 = ORIENTED_EDGE ( 'NONE', *, *, #2454, .F. ) ;
#2748 = ORIENTED_EDGE ( 'NONE', *, *, #2728, .F. ) ;
#2749 = DIRECTION ( 'NONE',  ( 0.000000000000000000, 0.000000000000000000, -1.000000000000000000 ) ) ;
#2750 = LINE ( 'NONE', #443, #261 ) ;
#2751 = CARTESIAN_POINT ( 'NONE',  ( -2.505000000000001226, 0.6650000000000002576, -0.9749999999999995337 ) ) ;
#2752 = DIRECTION ( 'NONE',  ( -0.000000000000000000, 1.000000000000000000, -0.000000000000000000 ) ) ;
#2753 = EDGE_CURVE ( 'NONE', #5448, #1048, #3152, .T. ) ;
#2754 = DIRECTION ( 'NONE',  ( -1.000000000000000000, 0.000000000000000000, 0.000000000000000000 ) ) ;
#2755 = CARTESIAN_POINT ( 'NONE',  ( 4.741113354645781541, 0.6766666666666666385, 1.099999999999999645 ) ) ;
#2756 = ORIENTED_EDGE ( 'NONE', *, *, #593, .F. ) ;
#2757 = CARTESIAN_POINT ( 'NONE',  ( -1.454999999999999849, 0.6650000000000000355, -1.099999999999999645 ) ) ;
#2758 = ORIENTED_EDGE ( 'NONE', *, *, #3516, .T. ) ;
#2759 = PLANE ( 'NONE',  #917 ) ;
#2760 = DIRECTION ( 'NONE',  ( 1.000000000000000000, 0.000000000000000000, -0.000000000000000000 ) ) ;
#2761 = DIRECTION ( 'NONE',  ( -0.000000000000000000, -0.000000000000000000, 1.000000000000000000 ) ) ;
#2762 = EDGE_CURVE ( 'NONE', #4741, #1929, #4010, .T. ) ;
#2763 = CLOSED_SHELL ( 'NONE', ( #4486, #3059, #203, #3018, #1243, #2273, #4574, #3838, #3509, #1402, #4073, #5450, #4224, #5737, #2653, #1595, #4706, #1314 ) ) ;
#2764 = EDGE_CURVE ( 'NONE', #1088, #1208, #5875, .T. ) ;
#2765 = CARTESIAN_POINT ( 'NONE',  ( -0.1849999999999998312, 0.6299999999999997824, 0.9749999999999995337 ) ) ;
#2766 = ORIENTED_EDGE ( 'NONE', *, *, #767, .T. ) ;
#2767 = CARTESIAN_POINT ( 'NONE',  ( -1.454999999999999849, 0.6650000000000000355, 1.599999999999999645 ) ) ;
#2768 = DIRECTION ( 'NONE',  ( 1.000000000000000000, 0.000000000000000000, 0.000000000000000000 ) ) ;
#2769 = CARTESIAN_POINT ( 'NONE',  ( 0.000000000000000000, 0.000000000000000000, 0.000000000000000000 ) ) ;
#2770 = LINE ( 'NONE', #3154, #4794 ) ;
#2771 = ORIENTED_EDGE ( 'NONE', *, *, #495, .F. ) ;
#2772 = CARTESIAN_POINT ( 'NONE',  ( 1.455000000000000959, 0.03499999999999999639, 1.100000000000000311 ) ) ;
#2773 = CARTESIAN_POINT ( 'NONE',  ( 0.1850000000000002753, 0.6300000000000003375, 1.564999999999999503 ) ) ;
#2774 = EDGE_CURVE ( 'NONE', #3466, #1762, #2648, .T. ) ;
#2775 = LINE ( 'NONE', #1336, #3579 ) ;
#2776 = VERTEX_POINT ( 'NONE', #393 ) ;
#2777 = ORIENTED_EDGE ( 'NONE', *, *, #2126, .T. ) ;
#2778 = CARTESIAN_POINT ( 'NONE',  ( 1.085000000000000187, -8.572527594031470725E-17, -1.099999999999999645 ) ) ;
#2779 = LINE ( 'NONE', #892, #3973 ) ;
#2780 = LINE ( 'NONE', #5441, #5274 ) ;
#2781 = EDGE_CURVE ( 'NONE', #5497, #2097, #486, .T. ) ;
#2782 = DIRECTION ( 'NONE',  ( -1.000000000000000000, 0.000000000000000000, 0.000000000000000000 ) ) ;
#2783 = DIRECTION ( 'NONE',  ( -0.000000000000000000, 1.000000000000000000, -0.000000000000000000 ) ) ;
#2784 = ORIENTED_EDGE ( 'NONE', *, *, #4839, .F. ) ;
#2785 = EDGE_CURVE ( 'NONE', #1310, #5320, #1355, .T. ) ;
#2786 = CARTESIAN_POINT ( 'NONE',  ( -1.084999999999999742, 0.000000000000000000, 0.000000000000000000 ) ) ;
#2787 = ORIENTED_EDGE ( 'NONE', *, *, #1898, .F. ) ;
#2788 = LINE ( 'NONE', #2877, #1394 ) ;
#2789 = DIRECTION ( 'NONE',  ( 0.000000000000000000, 2.017120320903260990E-15, 1.000000000000000000 ) ) ;
#2790 = DIRECTION ( 'NONE',  ( -1.000000000000000000, 0.000000000000000000, 1.707404996040163525E-16 ) ) ;
#2791 = LINE ( 'NONE', #1865, #4053 ) ;
#2792 = ORIENTED_EDGE ( 'NONE', *, *, #2127, .T. ) ;
#2793 = EDGE_CURVE ( 'NONE', #5666, #1048, #15, .T. ) ;
#2794 = EDGE_CURVE ( 'NONE', #2888, #2116, #5458, .T. ) ;
#2795 = LINE ( 'NONE', #3300, #3595 ) ;
#2796 = CARTESIAN_POINT ( 'NONE',  ( 1.085000000000000187, 0.6650000000000000355, 0.9749999999999995337 ) ) ;
#2797 = DIRECTION ( 'NONE',  ( -0.000000000000000000, 0.000000000000000000, -1.000000000000000000 ) ) ;
#2798 = EDGE_LOOP ( 'NONE', ( #3660, #3546, #3563, #3817, #4020, #432, #2117, #351 ) ) ;
#2799 = ORIENTED_EDGE ( 'NONE', *, *, #5727, .T. ) ;
#2800 = DIRECTION ( 'NONE',  ( -1.000000000000000000, -0.000000000000000000, -0.000000000000000000 ) ) ;
#2801 = CARTESIAN_POINT ( 'NONE',  ( 1.085000000000000187, 0.6299999999999997824, 1.349999999999999645 ) ) ;
#2802 = PRESENTATION_LAYER_ASSIGNMENT (  '', '', ( #2033 ) ) ;
#2803 = EDGE_LOOP ( 'NONE', ( #1561, #5673, #2559, #295 ) ) ;
#2804 = ORIENTED_EDGE ( 'NONE', *, *, #5315, .F. ) ;
#2805 = MECHANICAL_DESIGN_GEOMETRIC_PRESENTATION_REPRESENTATION (  '', ( #4414 ), #5552 ) ;
#2806 = CARTESIAN_POINT ( 'NONE',  ( -1.679999999999999938, 0.6650000000000000355, 0.9749999999999995337 ) ) ;
#2807 = EDGE_CURVE ( 'NONE', #2839, #4746, #1328, .T. ) ;
#2808 = LINE ( 'NONE', #2365, #5683 ) ;
#2809 = AXIS2_PLACEMENT_3D ( 'NONE', #5316, #4374, #3957 ) ;
#2810 = DIRECTION ( 'NONE',  ( -0.000000000000000000, 1.000000000000000000, -0.000000000000000000 ) ) ;
#2811 = PRODUCT_DEFINITION_CONTEXT ( 'detailed design', #2263, 'design' ) ;
#2812 = VECTOR ( 'NONE', #3031, 1000.000000000000000 ) ;
#2813 = LINE ( 'NONE', #5027, #3112 ) ;
#2814 = ORIENTED_EDGE ( 'NONE', *, *, #2785, .F. ) ;
#2815 = VECTOR ( 'NONE', #4258, 1000.000000000000000 ) ;
#2816 = EDGE_CURVE ( 'NONE', #494, #5515, #367, .T. ) ;
#2817 = DIRECTION ( 'NONE',  ( -1.000000000000000000, 0.000000000000000000, 0.000000000000000000 ) ) ;
#2818 = VECTOR ( 'NONE', #4006, 1000.000000000000000 ) ;
#2819 = ORIENTED_EDGE ( 'NONE', *, *, #337, .T. ) ;
#2820 = CARTESIAN_POINT ( 'NONE',  ( -0.1849999999999998312, 0.6650000000000000355, 1.349999999999999645 ) ) ;
#2821 = CARTESIAN_POINT ( 'NONE',  ( -0.1849999999999998312, 0.6300000000000003375, -1.564999999999999503 ) ) ;
#2822 = AXIS2_PLACEMENT_3D ( 'NONE', #401, #2322, #3722 ) ;
#2823 = LINE ( 'NONE', #2313, #1866 ) ;
#2824 = VECTOR ( 'NONE', #1063, 1000.000000000000000 ) ;
#2825 = VERTEX_POINT ( 'NONE', #2315 ) ;
#2826 = DIRECTION ( 'NONE',  ( 0.000000000000000000, -1.000000000000000000, 0.000000000000000000 ) ) ;
#2827 = AXIS2_PLACEMENT_3D ( 'NONE', #2739, #943, #17 ) ;
#2828 = LINE ( 'NONE', #1537, #4975 ) ;
#2829 = ORIENTED_EDGE ( 'NONE', *, *, #5110, .F. ) ;
#2830 = EDGE_CURVE ( 'NONE', #2208, #2974, #4104, .T. ) ;
#2831 = VECTOR ( 'NONE', #421, 1000.000000000000000 ) ;
#2832 = ORIENTED_EDGE ( 'NONE', *, *, #737, .T. ) ;
#2833 = LINE ( 'NONE', #1992, #5076 ) ;
#2834 = LINE ( 'NONE', #2386, #5660 ) ;
#2835 = AXIS2_PLACEMENT_3D ( 'NONE', #1711, #281, #5252 ) ;
#2836 = EDGE_CURVE ( 'NONE', #2362, #5633, #913, .T. ) ;
#2837 = EDGE_CURVE ( 'NONE', #4728, #2028, #3179, .T. ) ;
#2838 = ORIENTED_EDGE ( 'NONE', *, *, #1838, .T. ) ;
#2839 = VERTEX_POINT ( 'NONE', #4130 ) ;
#2840 = CARTESIAN_POINT ( 'NONE',  ( -2.540000000000000924, 0.6650000000000000355, 1.599999999999999645 ) ) ;
#2841 = VECTOR ( 'NONE', #4115, 1000.000000000000000 ) ;
#2842 = DIRECTION ( 'NONE',  ( -1.000000000000000000, -0.000000000000000000, -0.000000000000000000 ) ) ;
#2843 = FACE_OUTER_BOUND ( 'NONE', #404, .T. ) ;
#2844 = LINE ( 'NONE', #627, #4791 ) ;
#2845 = VECTOR ( 'NONE', #2527, 1000.000000000000000 ) ;
#2846 = CARTESIAN_POINT ( 'NONE',  ( -0.1849999999999998312, 0.03499999999999999639, 1.564999999999999503 ) ) ;
#2847 = ORIENTED_EDGE ( 'NONE', *, *, #2039, .T. ) ;
#2848 = VERTEX_POINT ( 'NONE', #3125 ) ;
#2849 = FACE_OUTER_BOUND ( 'NONE', #2672, .T. ) ;
#2850 = EDGE_CURVE ( 'NONE', #2991, #5598, #879, .T. ) ;
#2851 = DIRECTION ( 'NONE',  ( -0.000000000000000000, 0.000000000000000000, 1.000000000000000000 ) ) ;
#2852 = LINE ( 'NONE', #4657, #5467 ) ;
#2853 = EDGE_LOOP ( 'NONE', ( #4726, #4745, #4625, #5079 ) ) ;
#2854 = VERTEX_POINT ( 'NONE', #1868 ) ;
#2855 = DIRECTION ( 'NONE',  ( -1.000000000000000000, -0.000000000000000000, -0.000000000000000000 ) ) ;
#2856 = SURFACE_STYLE_USAGE ( .BOTH. , #2406 ) ;
#2857 = CARTESIAN_POINT ( 'NONE',  ( -0.1849999999999998312, 0.6300000000000001155, -1.349999999999999645 ) ) ;
#2858 = DIRECTION ( 'NONE',  ( 0.000000000000000000, 1.000000000000000000, -0.000000000000000000 ) ) ;
#2859 = ORIENTED_EDGE ( 'NONE', *, *, #1843, .T. ) ;
#2860 = VERTEX_POINT ( 'NONE', #5427 ) ;
#2861 = EDGE_CURVE ( 'NONE', #4741, #4597, #4040, .T. ) ;
#2862 = DIRECTION ( 'NONE',  ( 0.000000000000000000, 0.000000000000000000, -1.000000000000000000 ) ) ;
#2863 = CARTESIAN_POINT ( 'NONE',  ( 2.540000000000001812, 0.6650000000000000355, 1.599999999999999645 ) ) ;
#2864 = LINE ( 'NONE', #584, #4423 ) ;
#2865 = ORIENTED_EDGE ( 'NONE', *, *, #255, .F. ) ;
#2866 = VERTEX_POINT ( 'NONE', #1834 ) ;
#2867 = DIRECTION ( 'NONE',  ( 0.000000000000000000, 1.000000000000000000, 0.000000000000000000 ) ) ;
#2868 = PLANE ( 'NONE',  #5486 ) ;
#2869 = ADVANCED_FACE ( 'NONE', ( #1776 ), #2737, .F. ) ;
#2870 = DIRECTION ( 'NONE',  ( -1.606225440719266367E-16, -0.000000000000000000, -1.000000000000000000 ) ) ;
#2871 = CARTESIAN_POINT ( 'NONE',  ( -2.130000000000000338, 0.6299999999999997824, -0.9749999999999995337 ) ) ;
#2873 = LINE ( 'NONE', #2512, #5057 ) ;
#2872 = AXIS2_PLACEMENT_3D ( 'NONE', #3457, #741, #833 ) ;
#2874 = VERTEX_POINT ( 'NONE', #4947 ) ;
#2875 = DIRECTION ( 'NONE',  ( 0.000000000000000000, 0.000000000000000000, 1.000000000000000000 ) ) ;
#2876 = ORIENTED_EDGE ( 'NONE', *, *, #1326, .F. ) ;
#2877 = CARTESIAN_POINT ( 'NONE',  ( -1.084999999999999742, 0.6300000000000000044, 4.705437428587088258E-16 ) ) ;
#2878 = DIRECTION ( 'NONE',  ( 1.000000000000000000, 0.000000000000000000, 0.000000000000000000 ) ) ;
#2879 = ORIENTED_EDGE ( 'NONE', *, *, #1425, .T. ) ;
#2880 = VERTEX_POINT ( 'NONE', #4511 ) ;
#2881 = EDGE_LOOP ( 'NONE', ( #2693, #4368, #4055, #4122 ) ) ;
#2882 = DIRECTION ( 'NONE',  ( 0.000000000000000000, 1.224646799147353207E-16, 1.000000000000000000 ) ) ;
#2883 = EDGE_CURVE ( 'NONE', #3388, #4837, #427, .T. ) ;
#2884 = CARTESIAN_POINT ( 'NONE',  ( 1.455000000000000515, 0.6300000000000000044, -1.564999999999998614 ) ) ;
#2885 = CARTESIAN_POINT ( 'NONE',  ( 1.680000000000000160, -1.084202172485504434E-16, -1.349999999999999645 ) ) ;
#2886 = CARTESIAN_POINT ( 'NONE',  ( 2.355000000000000426, -8.572527594031470725E-17, 1.099999999999999645 ) ) ;
#2887 = ORIENTED_EDGE ( 'NONE', *, *, #1357, .T. ) ;
#2888 = VERTEX_POINT ( 'NONE', #969 ) ;
#2889 = FACE_OUTER_BOUND ( 'NONE', #5355, .T. ) ;
#2890 = ADVANCED_FACE ( 'NONE', ( #78 ), #3715, .F. ) ;
#2891 = CARTESIAN_POINT ( 'NONE',  ( -2.540000000000000924, 0.6299999999999998934, -1.349999999999999423 ) ) ;
#2892 = LINE ( 'NONE', #3400, #1100 ) ;
#2893 = DIRECTION ( 'NONE',  ( 0.000000000000000000, 0.000000000000000000, -1.000000000000000000 ) ) ;
#2894 = ADVANCED_FACE ( 'NONE', ( #4163 ), #1056, .F. ) ;
#2895 = ORIENTED_EDGE ( 'NONE', *, *, #4644, .F. ) ;
#2896 = ORIENTED_EDGE ( 'NONE', *, *, #1908, .T. ) ;
#2897 = CARTESIAN_POINT ( 'NONE',  ( -2.505000000000001226, 0.6650000000000002576, -1.099999999999999645 ) ) ;
#2898 = AXIS2_PLACEMENT_3D ( 'NONE', #412, #5387, #869 ) ;
#2899 = DIRECTION ( 'NONE',  ( 0.000000000000000000, -1.000000000000000000, 0.000000000000000000 ) ) ;
#2900 = FILL_AREA_STYLE ('',( #116 ) ) ;
#2901 = EDGE_CURVE ( 'NONE', #4746, #4438, #1508, .T. ) ;
#2902 = EDGE_CURVE ( 'NONE', #1630, #3272, #2795, .T. ) ;
#2903 = CARTESIAN_POINT ( 'NONE',  ( 2.355000000000000426, -8.572527594031470725E-17, 1.099999999999999645 ) ) ;
#2904 = VERTEX_POINT ( 'NONE', #998 ) ;
#2905 = ORIENTED_EDGE ( 'NONE', *, *, #4992, .F. ) ;
#2906 = CARTESIAN_POINT ( 'NONE',  ( 1.085000000000000409, -1.084202172485504434E-16, 1.100000000000000311 ) ) ;
#2907 = VECTOR ( 'NONE', #462, 1000.000000000000000 ) ;
#2908 = FACE_OUTER_BOUND ( 'NONE', #4246, .T. ) ;
#2909 = VECTOR ( 'NONE', #3070, 1000.000000000000000 ) ;
#2910 = EDGE_CURVE ( 'NONE', #4741, #7, #515, .T. ) ;
#2911 = ORIENTED_EDGE ( 'NONE', *, *, #5726, .T. ) ;
#2912 = ORIENTED_EDGE ( 'NONE', *, *, #272, .T. ) ;
#2913 = ORIENTED_EDGE ( 'NONE', *, *, #1943, .T. ) ;
#2914 = VECTOR ( 'NONE', #4345, 1000.000000000000000 ) ;
#2915 = AXIS2_PLACEMENT_3D ( 'NONE', #4851, #5299, #1225 ) ;
#2916 = CARTESIAN_POINT ( 'NONE',  ( -0.1849999999999998312, 0.6650000000000000355, 0.9749999999999995337 ) ) ;
#2917 = VECTOR ( 'NONE', #1575, 1000.000000000000000 ) ;
#2918 = FACE_OUTER_BOUND ( 'NONE', #3404, .T. ) ;
#2919 = DIRECTION ( 'NONE',  ( -0.000000000000000000, 1.000000000000000000, -0.000000000000000000 ) ) ;
#2920 = ORIENTED_EDGE ( 'NONE', *, *, #12, .T. ) ;
#2921 = AXIS2_PLACEMENT_3D ( 'NONE', #125, #4543, #2346 ) ;
#2922 = EDGE_LOOP ( 'NONE', ( #4303, #3797, #1528, #512, #3266, #5698, #5090, #1701 ) ) ;
#2923 = DIRECTION ( 'NONE',  ( -0.000000000000000000, 1.000000000000000000, 1.112002228190261445E-16 ) ) ;
#2924 = LINE ( 'NONE', #174, #1278 ) ;
#2925 = PLANE ( 'NONE',  #5464 ) ;
#2926 = CARTESIAN_POINT ( 'NONE',  ( -1.454999999999999849, 0.6300000000000003375, 1.564999999999999503 ) ) ;
#2927 = MECHANICAL_DESIGN_GEOMETRIC_PRESENTATION_REPRESENTATION (  '', ( #3875 ), #5668 ) ;
#2928 = EDGE_CURVE ( 'NONE', #2035, #1062, #3803, .T. ) ;
#2929 = ORIENTED_EDGE ( 'NONE', *, *, #3646, .F. ) ;
#2930 = VERTEX_POINT ( 'NONE', #5607 ) ;
#2931 = STYLED_ITEM ( 'NONE', ( #3716 ), #3566 ) ;
#2932 = FACE_OUTER_BOUND ( 'NONE', #595, .T. ) ;
#2933 = PLANE ( 'NONE',  #1958 ) ;
#2934 = VECTOR ( 'NONE', #5798, 1000.000000000000000 ) ;
#2935 = DIRECTION ( 'NONE',  ( -0.000000000000000000, 0.000000000000000000, -1.000000000000000000 ) ) ;
#2936 = ORIENTED_EDGE ( 'NONE', *, *, #2039, .F. ) ;
#2937 = VECTOR ( 'NONE', #5720, 1000.000000000000000 ) ;
#2938 = DIRECTION ( 'NONE',  ( 0.000000000000000000, 0.000000000000000000, 1.000000000000000000 ) ) ;
#2939 = EDGE_CURVE ( 'NONE', #5454, #1415, #1535, .T. ) ;
#2940 = ORIENTED_EDGE ( 'NONE', *, *, #859, .T. ) ;
#2941 = DIRECTION ( 'NONE',  ( -0.000000000000000000, 1.000000000000000000, -0.000000000000000000 ) ) ;
#2942 = VECTOR ( 'NONE', #3473, 1000.000000000000000 ) ;
#2943 = CARTESIAN_POINT ( 'NONE',  ( -0.1849999999999998312, 0.6300000000000003375, 1.564999999999999503 ) ) ;
#2944 = ORIENTED_EDGE ( 'NONE', *, *, #4534, .T. ) ;
#2945 = EDGE_LOOP ( 'NONE', ( #4111, #3974, #4240, #5209 ) ) ;
#2946 = ORIENTED_EDGE ( 'NONE', *, *, #1175, .F. ) ;
#2947 = CARTESIAN_POINT ( 'NONE',  ( -0.8599999999999998757, -1.084202172485504434E-16, 1.349999999999999645 ) ) ;
#2948 = EDGE_CURVE ( 'NONE', #1606, #5350, #3358, .T. ) ;
#2949 = EDGE_CURVE ( 'NONE', #699, #1208, #1085, .T. ) ;
#2950 = PLANE ( 'NONE',  #1474 ) ;
#2951 = LINE ( 'NONE', #3304, #4342 ) ;
#2952 = VERTEX_POINT ( 'NONE', #5038 ) ;
#2953 = ORIENTED_EDGE ( 'NONE', *, *, #1041, .T. ) ;
#2954 = LINE ( 'NONE', #5073, #5837 ) ;
#2955 = CARTESIAN_POINT ( 'NONE',  ( 1.085000000000000187, 0.03499999999999999639, 1.349999999999999645 ) ) ;
#2956 = CARTESIAN_POINT ( 'NONE',  ( -1.084999999999999742, 0.03499999999999999639, -1.564999999999999503 ) ) ;
#2957 = DIRECTION ( 'NONE',  ( -0.000000000000000000, -1.000000000000000000, 0.000000000000000000 ) ) ;
#2958 = ORIENTED_EDGE ( 'NONE', *, *, #3585, .T. ) ;
#2959 = ORIENTED_EDGE ( 'NONE', *, *, #4643, .F. ) ;
#2960 = LINE ( 'NONE', #4228, #417 ) ;
#2961 = EDGE_CURVE ( 'NONE', #5820, #2965, #2349, .T. ) ;
#2962 = CARTESIAN_POINT ( 'NONE',  ( -0.8599999999999998757, -1.084202172485504434E-16, 1.349999999999999645 ) ) ;
#2963 = EDGE_CURVE ( 'NONE', #4577, #2515, #1955, .T. ) ;
#2964 = CARTESIAN_POINT ( 'NONE',  ( 1.680000000000000160, 0.6299999999999997824, 0.9749999999999995337 ) ) ;
#2965 = VERTEX_POINT ( 'NONE', #4722 ) ;
#2966 = CARTESIAN_POINT ( 'NONE',  ( 1.085000000000000187, 0.03499999999999999639, 1.099999999999999645 ) ) ;
#2967 = EDGE_CURVE ( 'NONE', #1483, #4577, #641, .T. ) ;
#2968 = VERTEX_POINT ( 'NONE', #2471 ) ;
#2969 = DIRECTION ( 'NONE',  ( 0.000000000000000000, -1.000000000000000000, 0.000000000000000000 ) ) ;
#2970 = DIRECTION ( 'NONE',  ( 0.000000000000000000, 1.000000000000000000, 0.000000000000000000 ) ) ;
#2971 = ADVANCED_FACE ( 'NONE', ( #5066 ), #4278, .F. ) ;
#2972 = ORIENTED_EDGE ( 'NONE', *, *, #961, .F. ) ;
#2973 = EDGE_LOOP ( 'NONE', ( #1904, #5198, #2700, #1731 ) ) ;
#2974 = VERTEX_POINT ( 'NONE', #3267 ) ;
#2975 = DIRECTION ( 'NONE',  ( -0.000000000000000000, 1.000000000000000000, -0.000000000000000000 ) ) ;
#2976 = DIRECTION ( 'NONE',  ( 0.000000000000000000, 0.000000000000000000, -1.000000000000000000 ) ) ;
#2977 = LINE ( 'NONE', #1511, #3319 ) ;
#2978 = ORIENTED_EDGE ( 'NONE', *, *, #3585, .F. ) ;
#2979 = ORIENTED_EDGE ( 'NONE', *, *, #1618, .T. ) ;
#2980 = EDGE_CURVE ( 'NONE', #303, #3668, #2405, .T. ) ;
#2981 = ADVANCED_FACE ( 'NONE', ( #4190 ), #1925, .F. ) ;
#2982 = DIRECTION ( 'NONE',  ( -0.000000000000000000, -1.000000000000000000, -0.000000000000000000 ) ) ;
#2983 = LINE ( 'NONE', #789, #713 ) ;
#2984 = CARTESIAN_POINT ( 'NONE',  ( -0.8599999999999998757, 0.03499999999999999639, 1.099999999999999645 ) ) ;
#2985 = LINE ( 'NONE', #4865, #5359 ) ;
#2986 = EDGE_LOOP ( 'NONE', ( #5142, #4363, #4393, #1387 ) ) ;
#2987 = CARTESIAN_POINT ( 'NONE',  ( 2.540000000000001812, 6.596850090290522495, -1.564999999999998614 ) ) ;
#2988 = DIRECTION ( 'NONE',  ( -1.000000000000000000, 0.000000000000000000, 0.000000000000000000 ) ) ;
#2989 = ORIENTED_EDGE ( 'NONE', *, *, #581, .T. ) ;
#2990 = SURFACE_STYLE_USAGE ( .BOTH. , #1049 ) ;
#2991 = VERTEX_POINT ( 'NONE', #5097 ) ;
#2992 = FACE_OUTER_BOUND ( 'NONE', #4422, .T. ) ;
#2993 = CARTESIAN_POINT ( 'NONE',  ( 2.540000000000001812, 0.6300000000000003375, 1.564999999999999503 ) ) ;
#2994 = EDGE_CURVE ( 'NONE', #3111, #873, #128, .T. ) ;
#2995 = ORIENTED_EDGE ( 'NONE', *, *, #2378, .F. ) ;
#2996 = ORIENTED_EDGE ( 'NONE', *, *, #2967, .F. ) ;
#2997 = AXIS2_PLACEMENT_3D ( 'NONE', #119, #2938, #5599 ) ;
#2998 = AXIS2_PLACEMENT_3D ( 'NONE', #827, #4897, #4484 ) ;
#2999 = PLANE ( 'NONE',  #820 ) ;
#3000 = VECTOR ( 'NONE', #3818, 1000.000000000000000 ) ;
#3001 = DIRECTION ( 'NONE',  ( -1.000000000000000000, -0.000000000000000000, 0.000000000000000000 ) ) ;
#3002 = DIRECTION ( 'NONE',  ( -1.000000000000000000, -0.000000000000000000, 0.000000000000000000 ) ) ;
#3003 = EDGE_LOOP ( 'NONE', ( #4168, #3461, #2354, #4538 ) ) ;
#3004 = ORIENTED_EDGE ( 'NONE', *, *, #5697, .T. ) ;
#3005 = VECTOR ( 'NONE', #1133, 1000.000000000000000 ) ;
#3006 = AXIS2_PLACEMENT_3D ( 'NONE', #4286, #3721, #1007 ) ;
#3007 = FACE_OUTER_BOUND ( 'NONE', #4153, .T. ) ;
#3008 = AXIS2_PLACEMENT_3D ( 'NONE', #444, #29, #2302 ) ;
#3009 = PLANE ( 'NONE',  #425 ) ;
#3010 = EDGE_CURVE ( 'NONE', #1816, #1788, #839, .T. ) ;
#3011 = PRESENTATION_STYLE_ASSIGNMENT (( #4346 ) ) ;
#3012 = DIRECTION ( 'NONE',  ( 1.000000000000000000, 0.000000000000000000, 0.000000000000000000 ) ) ;
#3013 = MECHANICAL_DESIGN_GEOMETRIC_PRESENTATION_REPRESENTATION (  '', ( #3674 ), #4808 ) ;
#3014 = CARTESIAN_POINT ( 'NONE',  ( -2.129999999999999893, 0.03499999999999999639, 1.099999999999999645 ) ) ;
#3015 = VECTOR ( 'NONE', #2941, 1000.000000000000000 ) ;
#3016 = FILL_AREA_STYLE_COLOUR ( '', #1194 ) ;
#3017 = EDGE_CURVE ( 'NONE', #1319, #7, #4849, .T. ) ;
#3018 = ADVANCED_FACE ( 'NONE', ( #5193 ), #4059, .F. ) ;
#3019 = LINE ( 'NONE', #2198, #765 ) ;
#3020 = VECTOR ( 'NONE', #2738, 1000.000000000000000 ) ;
#3021 = ORIENTED_EDGE ( 'NONE', *, *, #4905, .F. ) ;
#3022 = FACE_OUTER_BOUND ( 'NONE', #4324, .T. ) ;
#3023 = VERTEX_POINT ( 'NONE', #2660 ) ;
#3024 = FACE_OUTER_BOUND ( 'NONE', #2245, .T. ) ;
#3025 = CARTESIAN_POINT ( 'NONE',  ( 2.540000000000001812, 0.03499999999999999639, -1.564999999999998614 ) ) ;
#3026 = VECTOR ( 'NONE', #4934, 1000.000000000000000 ) ;
#3027 = EDGE_LOOP ( 'NONE', ( #5484, #2528, #449, #2756 ) ) ;
#3028 = EDGE_LOOP ( 'NONE', ( #1037, #4220, #3376, #4700 ) ) ;
#3029 = PLANE ( 'NONE',  #3695 ) ;
#3030 = EDGE_CURVE ( 'NONE', #5281, #1762, #1122, .T. ) ;
#3031 = DIRECTION ( 'NONE',  ( -0.000000000000000000, -0.000000000000000000, 1.000000000000000000 ) ) ;
#3032 = CARTESIAN_POINT ( 'NONE',  ( -1.454999999999999849, 0.6299999999999997824, 1.349999999999999645 ) ) ;
#3033 = ORIENTED_EDGE ( 'NONE', *, *, #2489, .F. ) ;
#3034 = VECTOR ( 'NONE', #5007, 1000.000000000000000 ) ;
#3035 = ORIENTED_EDGE ( 'NONE', *, *, #5243, .T. ) ;
#3036 = CARTESIAN_POINT ( 'NONE',  ( 2.130000000000000338, -1.084202172485504434E-16, -1.350000000000000089 ) ) ;
#3037 = CARTESIAN_POINT ( 'NONE',  ( 0.1850000000000002753, -1.469576158976823553E-16, 1.599999999999999645 ) ) ;
#3038 = FACE_OUTER_BOUND ( 'NONE', #5783, .T. ) ;
#3039 = ADVANCED_FACE ( 'NONE', ( #2177 ), #3493, .F. ) ;
#3040 = LINE ( 'NONE', #3989, #3756 ) ;
#3041 = CARTESIAN_POINT ( 'NONE',  ( 0.8600000000000003197, 0.6650000000000000355, 0.9749999999999995337 ) ) ;
#3042 = DIRECTION ( 'NONE',  ( 0.000000000000000000, 0.000000000000000000, 1.000000000000000000 ) ) ;
#3043 = ORIENTED_EDGE ( 'NONE', *, *, #1970, .F. ) ;
#3044 = ADVANCED_FACE ( 'NONE', ( #4305 ), #5770, .F. ) ;
#3045 = LINE ( 'NONE', #3492, #2133 ) ;
#3046 = LINE ( 'NONE', #771, #1024 ) ;
#3047 = VERTEX_POINT ( 'NONE', #2144 ) ;
#3048 = DIRECTION ( 'NONE',  ( 4.336808689942020201E-16, 0.000000000000000000, 1.000000000000000000 ) ) ;
#3049 = CARTESIAN_POINT ( 'NONE',  ( -2.129999999999999893, 0.6299999999999997824, 0.9749999999999996447 ) ) ;
#3050 = ORIENTED_EDGE ( 'NONE', *, *, #2702, .F. ) ;
#3051 = ORIENTED_EDGE ( 'NONE', *, *, #4568, .T. ) ;
#3052 = VERTEX_POINT ( 'NONE', #3071 ) ;
#3053 = FACE_OUTER_BOUND ( 'NONE', #1893, .T. ) ;
#3054 = CARTESIAN_POINT ( 'NONE',  ( 1.680000000000000160, -1.084202172485504434E-16, -1.349999999999999645 ) ) ;
#3055 = CARTESIAN_POINT ( 'NONE',  ( 0.4100000000000000866, -1.084202172485504434E-16, 1.349999999999999645 ) ) ;
#3056 = DIRECTION ( 'NONE',  ( -1.000000000000000000, -0.000000000000000000, 0.000000000000000000 ) ) ;
#3057 = ORIENTED_EDGE ( 'NONE', *, *, #5476, .F. ) ;
#3058 = ORIENTED_EDGE ( 'NONE', *, *, #5789, .T. ) ;
#3059 = ADVANCED_FACE ( 'NONE', ( #5297 ), #3863, .F. ) ;
#3060 = LINE ( 'NONE', #4863, #69 ) ;
#3061 = LINE ( 'NONE', #3452, #3290 ) ;
#3062 = SURFACE_SIDE_STYLE ('',( #1239 ) ) ;
#3063 = CARTESIAN_POINT ( 'NONE',  ( 1.085000000000000187, -1.084202172485504434E-16, -1.099999999999999867 ) ) ;
#3064 = ADVANCED_FACE ( 'NONE', ( #4494 ), #4024, .F. ) ;
#3065 = CARTESIAN_POINT ( 'NONE',  ( 4.741113354645781541, 0.6650000000000002576, -1.099999999999999645 ) ) ;
#3066 = EDGE_CURVE ( 'NONE', #4402, #5095, #408, .T. ) ;
#3067 = DIRECTION ( 'NONE',  ( -0.000000000000000000, 1.000000000000000000, -0.000000000000000000 ) ) ;
#3068 = ORIENTED_EDGE ( 'NONE', *, *, #2525, .F. ) ;
#3069 = ORIENTED_EDGE ( 'NONE', *, *, #3332, .T. ) ;
#3070 = DIRECTION ( 'NONE',  ( -0.000000000000000000, -0.000000000000000000, -1.000000000000000000 ) ) ;
#3071 = CARTESIAN_POINT ( 'NONE',  ( -0.8599999999999998757, 0.03499999999999999639, -1.099999999999999645 ) ) ;
#3072 = EDGE_LOOP ( 'NONE', ( #655, #895, #2297, #4289, #2055, #1466, #4245, #2287 ) ) ;
#3073 = CARTESIAN_POINT ( 'NONE',  ( 0.8600000000000003197, 0.03499999999999999639, -1.564999999999999503 ) ) ;
#3074 = EDGE_CURVE ( 'NONE', #3836, #5661, #5823, .T. ) ;
#3075 = LINE ( 'NONE', #3418, #2323 ) ;
#3076 = EDGE_CURVE ( 'NONE', #669, #3870, #3138, .T. ) ;
#3077 = EDGE_LOOP ( 'NONE', ( #4946, #5214, #4457, #3169 ) ) ;
#3078 = ORIENTED_EDGE ( 'NONE', *, *, #1640, .F. ) ;
#3079 = DIRECTION ( 'NONE',  ( -1.000000000000000000, -0.000000000000000000, 0.000000000000000000 ) ) ;
#3080 = VECTOR ( 'NONE', #5269, 1000.000000000000000 ) ;
#3081 = PLANE ( 'NONE',  #2731 ) ;
#3082 = DIRECTION ( 'NONE',  ( 0.000000000000000000, 0.000000000000000000, -1.000000000000000000 ) ) ;
#3083 = CARTESIAN_POINT ( 'NONE',  ( 1.085000000000000187, 0.6650000000000000355, -1.599999999999999645 ) ) ;
#3084 = ADVANCED_FACE ( 'NONE', ( #3391 ), #219, .F. ) ;
#3085 = ORIENTED_EDGE ( 'NONE', *, *, #1184, .F. ) ;
#3086 = ORIENTED_EDGE ( 'NONE', *, *, #795, .F. ) ;
#3087 = VECTOR ( 'NONE', #5687, 1000.000000000000000 ) ;
#3088 = LINE ( 'NONE', #3920, #2743 ) ;
#3089 = FACE_OUTER_BOUND ( 'NONE', #3386, .T. ) ;
#3090 = CARTESIAN_POINT ( 'NONE',  ( 1.085000000000000187, -1.469576158976823553E-16, 1.599999999999999645 ) ) ;
#3091 = PLANE ( 'NONE',  #2998 ) ;
#3092 = ORIENTED_EDGE ( 'NONE', *, *, #2448, .T. ) ;
#3093 = VECTOR ( 'NONE', #1715, 1000.000000000000000 ) ;
#3094 = VECTOR ( 'NONE', #2016, 1000.000000000000000 ) ;
#3095 = VECTOR ( 'NONE', #2366, 1000.000000000000000 ) ;
#3096 = PLANE ( 'NONE',  #1470 ) ;
#3097 = CARTESIAN_POINT ( 'NONE',  ( 1.455000000000000071, 0.6299999999999997824, -0.9749999999999995337 ) ) ;
#3098 = EDGE_CURVE ( 'NONE', #1730, #1022, #5324, .T. ) ;
#3099 = VECTOR ( 'NONE', #5557, 1000.000000000000000 ) ;
#3100 = AXIS2_PLACEMENT_3D ( 'NONE', #5019, #3225, #1364 ) ;
#3101 = LINE ( 'NONE', #797, #3348 ) ;
#3102 = ORIENTED_EDGE ( 'NONE', *, *, #949, .F. ) ;
#3103 = ORIENTED_EDGE ( 'NONE', *, *, #767, .F. ) ;
#3104 = DIRECTION ( 'NONE',  ( 1.000000000000000000, 0.000000000000000000, -0.000000000000000000 ) ) ;
#3105 = CARTESIAN_POINT ( 'NONE',  ( 2.355000000000000426, 0.03499999999999999639, 1.564999999999999503 ) ) ;
#3106 = VERTEX_POINT ( 'NONE', #1668 ) ;
#3107 = DIRECTION ( 'NONE',  ( 0.000000000000000000, -2.521400401129083436E-15, -1.000000000000000000 ) ) ;
#3108 = DIRECTION ( 'NONE',  ( 0.000000000000000000, 0.000000000000000000, -1.000000000000000000 ) ) ;
#3109 = VECTOR ( 'NONE', #3798, 1000.000000000000000 ) ;
#3110 = ORIENTED_EDGE ( 'NONE', *, *, #2006, .F. ) ;
#3111 = VERTEX_POINT ( 'NONE', #3549 ) ;
#3112 = VECTOR ( 'NONE', #1462, 1000.000000000000000 ) ;
#3113 = EDGE_CURVE ( 'NONE', #4555, #2293, #3046, .T. ) ;
#3114 = CARTESIAN_POINT ( 'NONE',  ( -0.1849999999999996092, -1.084202172485504434E-16, 1.100000000000000311 ) ) ;
#3115 = CARTESIAN_POINT ( 'NONE',  ( -0.1849999999999998312, 0.6650000000000000355, -1.599999999999999645 ) ) ;
#3116 = VECTOR ( 'NONE', #5582, 1000.000000000000000 ) ;
#3117 = FACE_OUTER_BOUND ( 'NONE', #5771, .T. ) ;
#3118 = VECTOR ( 'NONE', #862, 1000.000000000000000 ) ;
#3119 = DIRECTION ( 'NONE',  ( 0.000000000000000000, 1.000000000000000000, 0.000000000000000000 ) ) ;
#3120 = VERTEX_POINT ( 'NONE', #354 ) ;
#3121 = EDGE_LOOP ( 'NONE', ( #1176, #5834, #5021, #5245 ) ) ;
#3122 = VECTOR ( 'NONE', #927, 1000.000000000000000 ) ;
#3123 = EDGE_CURVE ( 'NONE', #2968, #476, #803, .T. ) ;
#3124 = EDGE_CURVE ( 'NONE', #850, #4290, #3642, .T. ) ;
#3125 = CARTESIAN_POINT ( 'NONE',  ( 1.455000000000000071, 0.6300000000000003375, -1.564999999999999503 ) ) ;
#3126 = DIRECTION ( 'NONE',  ( -1.000000000000000000, 0.000000000000000000, 9.637352644315618416E-16 ) ) ;
#3127 = PLANE ( 'NONE',  #1658 ) ;
#3128 = ORIENTED_EDGE ( 'NONE', *, *, #4558, .F. ) ;
#3129 = AXIS2_PLACEMENT_3D ( 'NONE', #4716, #991, #2878 ) ;
#3130 = CARTESIAN_POINT ( 'NONE',  ( 0.1850000000000006917, 0.03499999999999944128, 1.564999999999999059 ) ) ;
#3131 = LINE ( 'NONE', #3250, #2538 ) ;
#3132 = LINE ( 'NONE', #1844, #5678 ) ;
#3133 = VERTEX_POINT ( 'NONE', #1848 ) ;
#3134 = ORIENTED_EDGE ( 'NONE', *, *, #1005, .T. ) ;
#3135 = FACE_OUTER_BOUND ( 'NONE', #2461, .T. ) ;
#3136 = EDGE_CURVE ( 'NONE', #3809, #681, #2750, .T. ) ;
#3137 = CLOSED_SHELL ( 'NONE', ( #5885, #3737, #3279, #2218, #2079, #1773, #3594, #2971, #285, #4392, #4412, #4623, #4739, #4314, #4921, #5539, #2664, #1405 ) ) ;
#3138 = LINE ( 'NONE', #4875, #3966 ) ;
#3139 = ORIENTED_EDGE ( 'NONE', *, *, #2961, .F. ) ;
#3140 = CARTESIAN_POINT ( 'NONE',  ( -0.1849999999999996092, 0.03499999999999999639, 1.100000000000000311 ) ) ;
#3141 = CARTESIAN_POINT ( 'NONE',  ( -1.084999999999999742, -8.572527594031470725E-17, 1.099999999999999645 ) ) ;
#3142 = VERTEX_POINT ( 'NONE', #5049 ) ;
#3143 = ORIENTED_EDGE ( 'NONE', *, *, #5603, .F. ) ;
#3144 = EDGE_CURVE ( 'NONE', #3111, #2175, #63, .T. ) ;
#3145 = FACE_OUTER_BOUND ( 'NONE', #2922, .T. ) ;
#3146 = ORIENTED_EDGE ( 'NONE', *, *, #5761, .T. ) ;
#3147 = DIRECTION ( 'NONE',  ( 0.000000000000000000, 0.000000000000000000, -1.000000000000000000 ) ) ;
#3148 = CARTESIAN_POINT ( 'NONE',  ( 0.1850000000000004696, 0.6300000000000000044, -4.011548038196376883E-17 ) ) ;
#3149 = CARTESIAN_POINT ( 'NONE',  ( 1.085000000000000187, 0.03499999999999999639, -1.564999999999999503 ) ) ;
#3150 = EDGE_CURVE ( 'NONE', #799, #2174, #3704, .T. ) ;
#3151 = ORIENTED_EDGE ( 'NONE', *, *, #1838, .F. ) ;
#3152 = LINE ( 'NONE', #824, #732 ) ;
#3153 = PLANE ( 'NONE',  #5480 ) ;
#3154 = CARTESIAN_POINT ( 'NONE',  ( -1.454999999999999849, 0.6300000000000003375, -1.564999999999999503 ) ) ;
#3155 = ORIENTED_EDGE ( 'NONE', *, *, #2830, .F. ) ;
#3156 = EDGE_CURVE ( 'NONE', #1909, #4769, #3196, .T. ) ;
#3157 = DIRECTION ( 'NONE',  ( 0.000000000000000000, 1.000000000000000000, -0.000000000000000000 ) ) ;
#3158 = CARTESIAN_POINT ( 'NONE',  ( 2.505000000000002114, 0.6650000000000000355, 0.9749999999999995337 ) ) ;
#3159 = LINE ( 'NONE', #5436, #2824 ) ;
#3160 = ORIENTED_EDGE ( 'NONE', *, *, #3409, .T. ) ;
#3161 = VERTEX_POINT ( 'NONE', #982 ) ;
#3162 = CARTESIAN_POINT ( 'NONE',  ( -0.1849999999999998312, -8.572527594031470725E-17, 1.099999999999999645 ) ) ;
#3163 = CARTESIAN_POINT ( 'NONE',  ( 0.000000000000000000, 0.6300000000000000044, 1.100000000000000311 ) ) ;
#3164 = LINE ( 'NONE', #91, #5654 ) ;
#3165 = ORIENTED_EDGE ( 'NONE', *, *, #2300, .T. ) ;
#3166 = CARTESIAN_POINT ( 'NONE',  ( 0.4100000000000000866, 0.03499999999999999639, -1.564999999999999503 ) ) ;
#3167 = LINE ( 'NONE', #3231, #3846 ) ;
#3168 = ORIENTED_EDGE ( 'NONE', *, *, #1513, .T. ) ;
#3169 = ORIENTED_EDGE ( 'NONE', *, *, #4533, .F. ) ;
#3170 = CARTESIAN_POINT ( 'NONE',  ( 1.680000000000000160, 0.03499999999999999639, -1.564999999999999503 ) ) ;
#3171 = ORIENTED_EDGE ( 'NONE', *, *, #931, .T. ) ;
#3172 = CARTESIAN_POINT ( 'NONE',  ( 1.085000000000000187, -8.572527594031470725E-17, 1.099999999999999645 ) ) ;
#3173 = EDGE_CURVE ( 'NONE', #1053, #5320, #4088, .T. ) ;
#3174 = DIRECTION ( 'NONE',  ( -1.000000000000000000, -0.000000000000000000, -0.000000000000000000 ) ) ;
#3175 = CARTESIAN_POINT ( 'NONE',  ( 2.540000000000001812, 0.6300000000000003375, -1.564999999999998614 ) ) ;
#3176 = DIRECTION ( 'NONE',  ( -0.000000000000000000, 1.000000000000000000, -0.000000000000000000 ) ) ;
#3177 = ORIENTED_EDGE ( 'NONE', *, *, #1076, .T. ) ;
#3178 =( GEOMETRIC_REPRESENTATION_CONTEXT ( 3 ) GLOBAL_UNCERTAINTY_ASSIGNED_CONTEXT ( ( #1588 ) ) GLOBAL_UNIT_ASSIGNED_CONTEXT ( ( #5625, #1888, #3284 ) ) REPRESENTATION_CONTEXT ( 'NONE', 'WORKASPACE' ) );
#3179 = LINE ( 'NONE', #3629, #4906 ) ;
#3180 = LINE ( 'NONE', #5370, #3962 ) ;
#3181 = FACE_OUTER_BOUND ( 'NONE', #5754, .T. ) ;
#3182 = VERTEX_POINT ( 'NONE', #1820 ) ;
#3183 = EDGE_CURVE ( 'NONE', #3182, #3111, #5506, .T. ) ;
#3184 = DIRECTION ( 'NONE',  ( 1.000000000000000000, 0.000000000000000000, 0.000000000000000000 ) ) ;
#3185 =( GEOMETRIC_REPRESENTATION_CONTEXT ( 3 ) GLOBAL_UNCERTAINTY_ASSIGNED_CONTEXT ( ( #2646 ) ) GLOBAL_UNIT_ASSIGNED_CONTEXT ( ( #987, #4624, #4967 ) ) REPRESENTATION_CONTEXT ( 'NONE', 'WORKASPACE' ) );
#3186 = DIRECTION ( 'NONE',  ( 0.000000000000000000, 0.000000000000000000, -1.000000000000000000 ) ) ;
#3187 = VECTOR ( 'NONE', #1481, 1000.000000000000000 ) ;
#3188 = AXIS2_PLACEMENT_3D ( 'NONE', #4113, #27, #1847 ) ;
#3189 = VECTOR ( 'NONE', #2418, 1000.000000000000000 ) ;
#3190 = DIRECTION ( 'NONE',  ( -1.000000000000000000, 0.000000000000000000, -1.707404996040163525E-16 ) ) ;
#3191 = EDGE_LOOP ( 'NONE', ( #458, #5229, #3242, #4276, #1168, #5069, #2819, #4682 ) ) ;
#3192 = ORIENTED_EDGE ( 'NONE', *, *, #993, .F. ) ;
#3193 = VECTOR ( 'NONE', #4260, 1000.000000000000000 ) ;
#3194 = LINE ( 'NONE', #1339, #1949 ) ;
#3195 = EDGE_CURVE ( 'NONE', #5572, #3891, #2779, .T. ) ;
#3196 = LINE ( 'NONE', #5532, #1599 ) ;
#3197 = EDGE_CURVE ( 'NONE', #96, #1816, #5440, .T. ) ;
#3198 = LINE ( 'NONE', #894, #1480 ) ;
#3199 = CARTESIAN_POINT ( 'NONE',  ( 0.8600000000000003197, -1.084202172485504434E-16, 1.349999999999999645 ) ) ;
#3200 = DIRECTION ( 'NONE',  ( 0.000000000000000000, 0.000000000000000000, 1.000000000000000000 ) ) ;
#3201 = VERTEX_POINT ( 'NONE', #531 ) ;
#3202 = ORIENTED_EDGE ( 'NONE', *, *, #4854, .T. ) ;
#3203 = AXIS2_PLACEMENT_3D ( 'NONE', #2769, #5371, #2192 ) ;
#3204 = DIRECTION ( 'NONE',  ( -0.000000000000000000, 1.000000000000000000, -0.000000000000000000 ) ) ;
#3205 = ORIENTED_EDGE ( 'NONE', *, *, #3248, .F. ) ;
#3206 = FACE_OUTER_BOUND ( 'NONE', #5471, .T. ) ;
#3207 = VECTOR ( 'NONE', #4798, 1000.000000000000000 ) ;
#3208 = CARTESIAN_POINT ( 'NONE',  ( -2.540000000000000924, -1.469576158976823553E-16, 1.599999999999999645 ) ) ;
#3209 = CARTESIAN_POINT ( 'NONE',  ( 1.680000000000000160, -1.084202172485504434E-16, 1.349999999999999645 ) ) ;
#3210 = CARTESIAN_POINT ( 'NONE',  ( -0.1849999999999998312, 0.6299999999999997824, -1.349999999999999645 ) ) ;
#3211 = VERTEX_POINT ( 'NONE', #1368 ) ;
#3212 = EDGE_CURVE ( 'NONE', #4362, #3654, #2808, .T. ) ;
#3213 = DIRECTION ( 'NONE',  ( -1.000000000000000000, -0.000000000000000000, -0.000000000000000000 ) ) ;
#3214 = AXIS2_PLACEMENT_3D ( 'NONE', #3997, #4468, #3967 ) ;
#3215 = DIRECTION ( 'NONE',  ( 0.000000000000000000, 1.000000000000000000, 0.000000000000000000 ) ) ;
#3216 =( NAMED_UNIT ( * ) PLANE_ANGLE_UNIT ( ) SI_UNIT ( $, .RADIAN. ) );
#3217 = DIRECTION ( 'NONE',  ( 0.000000000000000000, 1.000000000000000000, -0.000000000000000000 ) ) ;
#3218 = VERTEX_POINT ( 'NONE', #90 ) ;
#3219 = AXIS2_PLACEMENT_3D ( 'NONE', #2947, #319, #671 ) ;
#3220 = EDGE_CURVE ( 'NONE', #2854, #4174, #1912, .T. ) ;
#3221 = CARTESIAN_POINT ( 'NONE',  ( -2.129999999999999893, 0.03499999999999999639, 1.564999999999999725 ) ) ;
#3222 = DIRECTION ( 'NONE',  ( 1.000000000000000000, 0.000000000000000000, 0.000000000000000000 ) ) ;
#3223 = AXIS2_PLACEMENT_3D ( 'NONE', #3597, #2285, #5397 ) ;
#3224 = EDGE_CURVE ( 'NONE', #4437, #5809, #5081, .T. ) ;
#3225 = DIRECTION ( 'NONE',  ( -1.000000000000000000, 0.000000000000000000, 0.000000000000000000 ) ) ;
#3226 = ORIENTED_EDGE ( 'NONE', *, *, #164, .T. ) ;
#3227 = EDGE_LOOP ( 'NONE', ( #2188, #4797, #4244, #4155, #2336, #1982, #4420, #2570 ) ) ;
#3228 = CARTESIAN_POINT ( 'NONE',  ( -0.1849999999999998312, 0.6299999999999997824, -1.349999999999999645 ) ) ;
#3229 = CARTESIAN_POINT ( 'NONE',  ( 2.130000000000000782, 0.6299999999999997824, 0.9749999999999995337 ) ) ;
#3230 = FACE_OUTER_BOUND ( 'NONE', #4219, .T. ) ;
#3231 = CARTESIAN_POINT ( 'NONE',  ( 2.540000000000001812, 0.03499999999999999639, 1.564999999999999503 ) ) ;
#3232 = EDGE_CURVE ( 'NONE', #3842, #5767, #4994, .T. ) ;
#3233 = EDGE_CURVE ( 'NONE', #850, #1112, #1791, .T. ) ;
#3234 = ORIENTED_EDGE ( 'NONE', *, *, #226, .F. ) ;
#3235 = EDGE_LOOP ( 'NONE', ( #5374, #381, #5775, #3139 ) ) ;
#3236 = CARTESIAN_POINT ( 'NONE',  ( 1.680000000000000160, 0.6650000000000000355, -0.9749999999999995337 ) ) ;
#3237 = ORIENTED_EDGE ( 'NONE', *, *, #4185, .T. ) ;
#3238 = PLANE ( 'NONE',  #2060 ) ;
#3239 = LINE ( 'NONE', #5032, #4335 ) ;
#3240 = LINE ( 'NONE', #4125, #1789 ) ;
#3241 = DIRECTION ( 'NONE',  ( 1.000000000000000000, -0.000000000000000000, 0.000000000000000000 ) ) ;
#3242 = ORIENTED_EDGE ( 'NONE', *, *, #5136, .T. ) ;
#3243 = CARTESIAN_POINT ( 'NONE',  ( 0.8600000000000003197, -1.084202172485504434E-16, 1.349999999999999645 ) ) ;
#3244 = FILL_AREA_STYLE ('',( #2379 ) ) ;
#3245 = DIRECTION ( 'NONE',  ( -1.000000000000000000, 0.000000000000000000, -0.000000000000000000 ) ) ;
#3246 = ORIENTED_EDGE ( 'NONE', *, *, #1057, .T. ) ;
#3247 = ORIENTED_EDGE ( 'NONE', *, *, #95, .F. ) ;
#3248 = EDGE_CURVE ( 'NONE', #1275, #669, #4648, .T. ) ;
#3249 = CARTESIAN_POINT ( 'NONE',  ( 1.455000000000000959, 6.596850090290522495, 1.564999999999999281 ) ) ;
#3250 = CARTESIAN_POINT ( 'NONE',  ( -2.540000000000000924, -1.469576158976823553E-16, -1.599999999999999645 ) ) ;
#3251 = EDGE_CURVE ( 'NONE', #4309, #1616, #3614, .T. ) ;
#3252 = ORIENTED_EDGE ( 'NONE', *, *, #497, .F. ) ;
#3253 = ORIENTED_EDGE ( 'NONE', *, *, #3450, .F. ) ;
#3254 = DIRECTION ( 'NONE',  ( 0.000000000000000000, -1.000000000000000000, 0.000000000000000000 ) ) ;
#3255 = DIRECTION ( 'NONE',  ( 0.000000000000000000, 1.000000000000000000, 0.000000000000000000 ) ) ;
#3256 = CARTESIAN_POINT ( 'NONE',  ( -2.130000000000000338, -1.084202172485504434E-16, -1.349999999999999645 ) ) ;
#3257 = SURFACE_STYLE_FILL_AREA ( #2900 ) ;
#3258 = DIRECTION ( 'NONE',  ( 0.000000000000000000, 0.000000000000000000, 1.000000000000000000 ) ) ;
#3259 = ORIENTED_EDGE ( 'NONE', *, *, #795, .T. ) ;
#3260 = DIRECTION ( 'NONE',  ( 0.000000000000000000, -1.000000000000000000, 0.000000000000000000 ) ) ;
#3261 = ADVANCED_FACE ( 'NONE', ( #4527 ), #471, .F. ) ;
#3262 = ORIENTED_EDGE ( 'NONE', *, *, #4815, .F. ) ;
#3263 = DIRECTION ( 'NONE',  ( 0.000000000000000000, 0.000000000000000000, 1.000000000000000000 ) ) ;
#3264 = CARTESIAN_POINT ( 'NONE',  ( 4.741113354645781541, 0.6999999999999998446, 1.076666666666666217 ) ) ;
#3265 = CARTESIAN_POINT ( 'NONE',  ( 4.741113354645781541, 0.6650000000000002576, -0.9749999999999995337 ) ) ;
#3266 = ORIENTED_EDGE ( 'NONE', *, *, #5035, .F. ) ;
#3267 = CARTESIAN_POINT ( 'NONE',  ( -0.8599999999999998757, -1.084202172485504434E-16, 1.349999999999999645 ) ) ;
#3268 = ADVANCED_FACE ( 'NONE', ( #954 ), #498, .F. ) ;
#3269 = DIRECTION ( 'NONE',  ( -4.336808689942017736E-16, 0.000000000000000000, -1.000000000000000000 ) ) ;
#3270 = PLANE ( 'NONE',  #1468 ) ;
#3271 = ORIENTED_EDGE ( 'NONE', *, *, #1363, .F. ) ;
#3272 = VERTEX_POINT ( 'NONE', #3317 ) ;
#3273 = CARTESIAN_POINT ( 'NONE',  ( -2.540000000000000924, 0.6650000000000000355, -1.599999999999999645 ) ) ;
#3274 = DIRECTION ( 'NONE',  ( 1.707404996040163525E-16, -0.000000000000000000, 1.000000000000000000 ) ) ;
#3275 = ORIENTED_EDGE ( 'NONE', *, *, #4011, .T. ) ;
#3276 = EDGE_LOOP ( 'NONE', ( #3767, #4496, #951, #2692 ) ) ;
#3277 =( GEOMETRIC_REPRESENTATION_CONTEXT ( 3 ) GLOBAL_UNCERTAINTY_ASSIGNED_CONTEXT ( ( #3537 ) ) GLOBAL_UNIT_ASSIGNED_CONTEXT ( ( #1021, #1799, #2246 ) ) REPRESENTATION_CONTEXT ( 'NONE', 'WORKASPACE' ) );
#3278 = LINE ( 'NONE', #233, #3941 ) ;
#3279 = ADVANCED_FACE ( 'NONE', ( #113 ), #3755, .F. ) ;
#3280 = CARTESIAN_POINT ( 'NONE',  ( 1.085000000000000187, 0.6650000000000000355, 1.599999999999999645 ) ) ;
#3281 = VECTOR ( 'NONE', #2108, 1000.000000000000000 ) ;
#3282 = LINE ( 'NONE', #4559, #903 ) ;
#3283 = PRODUCT_DEFINITION_CONTEXT ( 'detailed design', #2383, 'design' ) ;
#3284 =( NAMED_UNIT ( * ) SI_UNIT ( $, .STERADIAN. ) SOLID_ANGLE_UNIT ( ) );
#3285 = AXIS2_PLACEMENT_3D ( 'NONE', #816, #2732, #2760 ) ;
#3286 = LINE ( 'NONE', #415, #1396 ) ;
#3287 = ORIENTED_EDGE ( 'NONE', *, *, #4382, .T. ) ;
#3288 = VECTOR ( 'NONE', #3576, 1000.000000000000000 ) ;
#3289 = PRESENTATION_STYLE_ASSIGNMENT (( #5538 ) ) ;
#3290 = VECTOR ( 'NONE', #4817, 1000.000000000000000 ) ;
#3291 = ORIENTED_EDGE ( 'NONE', *, *, #5677, .F. ) ;
#3292 = DIRECTION ( 'NONE',  ( 1.000000000000000000, -0.000000000000000000, 0.000000000000000000 ) ) ;
#3293 = LINE ( 'NONE', #4211, #5108 ) ;
#3294 = ADVANCED_FACE ( 'NONE', ( #589 ), #2868, .F. ) ;
#3295 = CARTESIAN_POINT ( 'NONE',  ( -1.454999999999999849, 0.6300000000000003375, -1.564999999999999503 ) ) ;
#3296 = ORIENTED_EDGE ( 'NONE', *, *, #4270, .T. ) ;
#3297 = VECTOR ( 'NONE', #5518, 1000.000000000000000 ) ;
#3298 = VERTEX_POINT ( 'NONE', #780 ) ;
#3299 = VECTOR ( 'NONE', #1894, 1000.000000000000000 ) ;
#3300 = CARTESIAN_POINT ( 'NONE',  ( 0.1850000000000002753, -8.572527594031470725E-17, -1.099999999999999645 ) ) ;
#3301 =( GEOMETRIC_REPRESENTATION_CONTEXT ( 3 ) GLOBAL_UNCERTAINTY_ASSIGNED_CONTEXT ( ( #2331 ) ) GLOBAL_UNIT_ASSIGNED_CONTEXT ( ( #5286, #1179, #1714 ) ) REPRESENTATION_CONTEXT ( 'NONE', 'WORKASPACE' ) );
#3302 = DIRECTION ( 'NONE',  ( 0.000000000000000000, -1.000000000000000000, 0.000000000000000000 ) ) ;
#3303 = DIRECTION ( 'NONE',  ( -0.000000000000000000, 0.000000000000000000, 1.000000000000000000 ) ) ;
#3304 = CARTESIAN_POINT ( 'NONE',  ( 1.680000000000000160, -1.084202172485504434E-16, -1.349999999999999645 ) ) ;
#3305 = ORIENTED_EDGE ( 'NONE', *, *, #1199, .T. ) ;
#3306 = VECTOR ( 'NONE', #5360, 1000.000000000000000 ) ;
#3307 = ORIENTED_EDGE ( 'NONE', *, *, #3814, .F. ) ;
#3308 = ADVANCED_FACE ( 'NONE', ( #846 ), #872, .F. ) ;
#3309 = EDGE_CURVE ( 'NONE', #4621, #5244, #418, .T. ) ;
#3310 = LINE ( 'NONE', #555, #3094 ) ;
#3311 = CARTESIAN_POINT ( 'NONE',  ( 2.505000000000002114, 0.6650000000000002576, -1.099999999999999645 ) ) ;
#3312 = DIRECTION ( 'NONE',  ( 1.000000000000000000, 0.000000000000000000, -0.000000000000000000 ) ) ;
#3313 = VECTOR ( 'NONE', #4215, 1000.000000000000000 ) ;
#3314 = EDGE_LOOP ( 'NONE', ( #3707, #3632, #4332, #1880, #2705, #4061, #152, #4015 ) ) ;
#3315 = ORIENTED_EDGE ( 'NONE', *, *, #1067, .F. ) ;
#3316 = CARTESIAN_POINT ( 'NONE',  ( 1.680000000000000160, -1.084202172485504434E-16, 1.349999999999999645 ) ) ;
#3317 = CARTESIAN_POINT ( 'NONE',  ( 0.1850000000000002753, -1.084202172485504434E-16, -1.349999999999999645 ) ) ;
#3318 = DIRECTION ( 'NONE',  ( 1.000000000000000000, 0.000000000000000000, -1.707404996040163525E-16 ) ) ;
#3319 = VECTOR ( 'NONE', #2381, 1000.000000000000000 ) ;
#3320 = PLANE ( 'NONE',  #1453 ) ;
#3321 = ORIENTED_EDGE ( 'NONE', *, *, #2697, .T. ) ;
#3322 = DIRECTION ( 'NONE',  ( 1.000000000000000000, 0.000000000000000000, 0.000000000000000000 ) ) ;
#3323 = ORIENTED_EDGE ( 'NONE', *, *, #1267, .T. ) ;
#3324 = CARTESIAN_POINT ( 'NONE',  ( -0.4099999999999997535, 0.6299999999999995604, 1.349999999999999645 ) ) ;
#3325 = CARTESIAN_POINT ( 'NONE',  ( -1.454999999999999849, 0.6299999999999997824, -1.349999999999999645 ) ) ;
#3326 = ADVANCED_FACE ( 'NONE', ( #4388 ), #3029, .F. ) ;
#3327 = ORIENTED_EDGE ( 'NONE', *, *, #4134, .T. ) ;
#3328 = ORIENTED_EDGE ( 'NONE', *, *, #4628, .F. ) ;
#3329 = EDGE_LOOP ( 'NONE', ( #1303, #2741, #4226, #3912, #2958, #1514, #3772, #2003 ) ) ;
#3330 = DIRECTION ( 'NONE',  ( 0.000000000000000000, -0.000000000000000000, -1.000000000000000000 ) ) ;
#3331 = SURFACE_STYLE_FILL_AREA ( #1869 ) ;
#3332 = EDGE_CURVE ( 'NONE', #5413, #4283, #4883, .T. ) ;
#3333 = CARTESIAN_POINT ( 'NONE',  ( -0.1849999999999998312, 0.03499999999999999639, 1.349999999999999645 ) ) ;
#3334 = LINE ( 'NONE', #1035, #5084 ) ;
#3335 = VERTEX_POINT ( 'NONE', #2580 ) ;
#3336 = ORIENTED_EDGE ( 'NONE', *, *, #5677, .T. ) ;
#3337 = CARTESIAN_POINT ( 'NONE',  ( 1.455000000000000071, -1.469576158976823553E-16, -1.599999999999999645 ) ) ;
#3338 = CARTESIAN_POINT ( 'NONE',  ( -1.679999999999999938, -1.084202172485504434E-16, 1.349999999999999645 ) ) ;
#3339 = EDGE_CURVE ( 'NONE', #1952, #5515, #2153, .T. ) ;
#3340 = LINE ( 'NONE', #4641, #1864 ) ;
#3341 = CARTESIAN_POINT ( 'NONE',  ( -2.129999999999999893, 0.6650000000000000355, 0.9749999999999995337 ) ) ;
#3342 = ADVANCED_FACE ( 'NONE', ( #297 ), #4833, .F. ) ;
#3343 = VERTEX_POINT ( 'NONE', #386 ) ;
#3344 = ORIENTED_EDGE ( 'NONE', *, *, #5179, .T. ) ;
#3345 = CARTESIAN_POINT ( 'NONE',  ( 2.540000000000001812, 0.03499999999999999639, -1.564999999999998614 ) ) ;
#3346 = LINE ( 'NONE', #1137, #4891 ) ;
#3347 = EDGE_CURVE ( 'NONE', #5661, #4309, #4413, .T. ) ;
#3349 = DIRECTION ( 'NONE',  ( 0.000000000000000000, 0.000000000000000000, 1.000000000000000000 ) ) ;
#3348 = VECTOR ( 'NONE', #376, 1000.000000000000000 ) ;
#3350 = ORIENTED_EDGE ( 'NONE', *, *, #3985, .T. ) ;
#3351 = PLANE ( 'NONE',  #2426 ) ;
#3352 = ORIENTED_EDGE ( 'NONE', *, *, #5271, .F. ) ;
#3353 = DIRECTION ( 'NONE',  ( 0.000000000000000000, 1.000000000000000000, 0.000000000000000000 ) ) ;
#3354 = DIRECTION ( 'NONE',  ( -0.000000000000000000, 1.000000000000000000, -0.000000000000000000 ) ) ;
#3355 = ORIENTED_EDGE ( 'NONE', *, *, #3514, .T. ) ;
#3356 = VERTEX_POINT ( 'NONE', #2119 ) ;
#3357 = ORIENTED_EDGE ( 'NONE', *, *, #1549, .T. ) ;
#3358 = LINE ( 'NONE', #4248, #4441 ) ;
#3359 = ADVANCED_FACE ( 'NONE', ( #4031 ), #5833, .F. ) ;
#3360 = FACE_OUTER_BOUND ( 'NONE', #3918, .T. ) ;
#3361 = CARTESIAN_POINT ( 'NONE',  ( 1.085000000000000187, 0.6300000000000000044, -1.564999999999998614 ) ) ;
#3362 = DIRECTION ( 'NONE',  ( -0.000000000000000000, 0.000000000000000000, 1.000000000000000000 ) ) ;
#3363 = ORIENTED_EDGE ( 'NONE', *, *, #1626, .T. ) ;
#3364 = ORIENTED_EDGE ( 'NONE', *, *, #5510, .F. ) ;
#3365 = PLANE ( 'NONE',  #1290 ) ;
#3366 = DIRECTION ( 'NONE',  ( -0.000000000000000000, 1.224646799147353207E-16, -1.000000000000000000 ) ) ;
#3367 = LINE ( 'NONE', #3311, #2138 ) ;
#3368 = LINE ( 'NONE', #201, #3948 ) ;
#3369 = EDGE_CURVE ( 'NONE', #3807, #5497, #5750, .T. ) ;
#3370 = ORIENTED_EDGE ( 'NONE', *, *, #5476, .T. ) ;
#3371 = ORIENTED_EDGE ( 'NONE', *, *, #542, .F. ) ;
#3372 = LINE ( 'NONE', #2417, #5169 ) ;
#3373 = VECTOR ( 'NONE', #4, 1000.000000000000000 ) ;
#3374 = CARTESIAN_POINT ( 'NONE',  ( 2.540000000000001812, 6.596850090290522495, 1.564999999999999503 ) ) ;
#3375 = CARTESIAN_POINT ( 'NONE',  ( -1.084999999999999298, 0.6300000000000000044, 1.100000000000000311 ) ) ;
#3376 = ORIENTED_EDGE ( 'NONE', *, *, #2794, .T. ) ;
#3377 = EDGE_CURVE ( 'NONE', #1909, #3052, #5392, .T. ) ;
#3378 = ADVANCED_FACE ( 'NONE', ( #1676 ), #2637, .F. ) ;
#3379 = AXIS2_PLACEMENT_3D ( 'NONE', #3065, #4398, #793 ) ;
#3380 = LINE ( 'NONE', #1554, #1372 ) ;
#3381 = ORIENTED_EDGE ( 'NONE', *, *, #5564, .F. ) ;
#3382 = CARTESIAN_POINT ( 'NONE',  ( -2.130000000000000338, -1.084202172485504434E-16, -1.349999999999999645 ) ) ;
#3383 = AXIS2_PLACEMENT_3D ( 'NONE', #2885, #2797, #646 ) ;
#3384 = LINE ( 'NONE', #4187, #1312 ) ;
#3385 = VECTOR ( 'NONE', #490, 1000.000000000000000 ) ;
#3386 = EDGE_LOOP ( 'NONE', ( #1737, #2101, #2361, #5220 ) ) ;
#3387 = ORIENTED_EDGE ( 'NONE', *, *, #4185, .F. ) ;
#3388 = VERTEX_POINT ( 'NONE', #1765 ) ;
#3389 = VECTOR ( 'NONE', #5487, 1000.000000000000000 ) ;
#3390 = AXIS2_PLACEMENT_3D ( 'NONE', #2083, #5707, #736 ) ;
#3391 = FACE_OUTER_BOUND ( 'NONE', #1084, .T. ) ;
#3392 = DIRECTION ( 'NONE',  ( -1.000000000000000000, 0.000000000000000000, 0.000000000000000000 ) ) ;
#3393 = LINE ( 'NONE', #1986, #1008 ) ;
#3394 = ORIENTED_EDGE ( 'NONE', *, *, #4047, .T. ) ;
#3395 = AXIS2_PLACEMENT_3D ( 'NONE', #2324, #4110, #3190 ) ;
#3396 = ADVANCED_FACE ( 'NONE', ( #3145 ), #1647, .F. ) ;
#3397 = ORIENTED_EDGE ( 'NONE', *, *, #2628, .F. ) ;
#3398 = CARTESIAN_POINT ( 'NONE',  ( 4.741113354645781541, 0.7000000000000000666, -1.076666666666666217 ) ) ;
#3399 = CARTESIAN_POINT ( 'NONE',  ( -1.454999999999999849, 0.03499999999999999639, 1.349999999999999645 ) ) ;
#3400 = CARTESIAN_POINT ( 'NONE',  ( 1.085000000000000187, 0.000000000000000000, -1.349999999999999645 ) ) ;
#3401 = CARTESIAN_POINT ( 'NONE',  ( 2.130000000000000782, 0.03499999999999999639, 1.099999999999999645 ) ) ;
#3402 = VECTOR ( 'NONE', #2975, 1000.000000000000000 ) ;
#3403 = EDGE_CURVE ( 'NONE', #1249, #681, #5303, .T. ) ;
#3404 = EDGE_LOOP ( 'NONE', ( #4341, #5594, #5190, #4672 ) ) ;
#3405 = ORIENTED_EDGE ( 'NONE', *, *, #4134, .F. ) ;
#3406 = CARTESIAN_POINT ( 'NONE',  ( 2.130000000000000338, 0.6650000000000000355, -0.9749999999999995337 ) ) ;
#3407 = DIRECTION ( 'NONE',  ( 0.000000000000000000, 1.000000000000000000, 0.000000000000000000 ) ) ;
#3408 = VECTOR ( 'NONE', #5493, 1000.000000000000000 ) ;
#3409 = EDGE_CURVE ( 'NONE', #4621, #5346, #3913, .T. ) ;
#3410 = LINE ( 'NONE', #2027, #4497 ) ;
#3411 = ORIENTED_EDGE ( 'NONE', *, *, #912, .T. ) ;
#3412 = AXIS2_PLACEMENT_3D ( 'NONE', #5330, #3937, #2183 ) ;
#3413 = PLANE ( 'NONE',  #2997 ) ;
#3414 = ORIENTED_EDGE ( 'NONE', *, *, #2462, .F. ) ;
#3415 = SHAPE_REPRESENTATION ( 'Resistor_Array_YC_AF_xxx_YC324-FK-07100KL', ( #2544 ), #3301 ) ;
#3416 = DIRECTION ( 'NONE',  ( -1.000000000000000000, 0.000000000000000000, 0.000000000000000000 ) ) ;
#3417 = VECTOR ( 'NONE', #4218, 1000.000000000000000 ) ;
#3418 = CARTESIAN_POINT ( 'NONE',  ( 0.1850000000000002753, 0.6300000000000003375, -1.564999999999999503 ) ) ;
#3419 = ADVANCED_FACE ( 'NONE', ( #3053 ), #4857, .F. ) ;
#3420 = EDGE_CURVE ( 'NONE', #1596, #755, #4924, .T. ) ;
#3421 = ORIENTED_EDGE ( 'NONE', *, *, #2816, .F. ) ;
#3422 = ORIENTED_EDGE ( 'NONE', *, *, #5293, .T. ) ;
#3423 = ORIENTED_EDGE ( 'NONE', *, *, #5045, .T. ) ;
#3424 = CARTESIAN_POINT ( 'NONE',  ( 2.130000000000000782, -1.084202172485504434E-16, 1.349999999999999201 ) ) ;
#3425 = LINE ( 'NONE', #3942, #612 ) ;
#3426 = CARTESIAN_POINT ( 'NONE',  ( -1.454999999999999849, 0.03499999999999999639, -1.564999999999999503 ) ) ;
#3427 = VERTEX_POINT ( 'NONE', #368 ) ;
#3428 = ORIENTED_EDGE ( 'NONE', *, *, #4179, .T. ) ;
#3429 = FACE_OUTER_BOUND ( 'NONE', #3562, .T. ) ;
#3430 = PLANE ( 'NONE',  #4141 ) ;
#3431 = FACE_OUTER_BOUND ( 'NONE', #2281, .T. ) ;
#3432 = VERTEX_POINT ( 'NONE', #2191 ) ;
#3433 = LINE ( 'NONE', #3487, #1477 ) ;
#3434 = DIRECTION ( 'NONE',  ( 0.000000000000000000, -1.000000000000000000, 0.000000000000000000 ) ) ;
#3435 = ADVANCED_FACE ( 'NONE', ( #4012 ), #1329, .F. ) ;
#3436 = PLANE ( 'NONE',  #4160 ) ;
#3437 = EDGE_LOOP ( 'NONE', ( #3497, #2575, #1393, #1359 ) ) ;
#3438 = ORIENTED_EDGE ( 'NONE', *, *, #21, .T. ) ;
#3439 = CARTESIAN_POINT ( 'NONE',  ( -0.1849999999999998312, 0.6300000000000000044, -1.099999999999999867 ) ) ;
#3440 = LINE ( 'NONE', #2993, #5642 ) ;
#3441 = ORIENTED_EDGE ( 'NONE', *, *, #3782, .T. ) ;
#3442 = ORIENTED_EDGE ( 'NONE', *, *, #4635, .T. ) ;
#3443 = ADVANCED_FACE ( 'NONE', ( #3601 ), #3153, .F. ) ;
#3444 = FACE_OUTER_BOUND ( 'NONE', #5087, .T. ) ;
#3445 = CARTESIAN_POINT ( 'NONE',  ( 1.085000000000000187, 0.03499999999999999639, -1.099999999999999645 ) ) ;
#3446 = DIRECTION ( 'NONE',  ( 0.000000000000000000, 0.000000000000000000, -1.000000000000000000 ) ) ;
#3447 = VERTEX_POINT ( 'NONE', #1809 ) ;
#3448 = VERTEX_POINT ( 'NONE', #5844 ) ;
#3449 = EDGE_CURVE ( 'NONE', #2952, #5613, #5786, .T. ) ;
#3450 = EDGE_CURVE ( 'NONE', #4461, #1311, #395, .T. ) ;
#3451 = CARTESIAN_POINT ( 'NONE',  ( -0.4099999999999997535, -1.084202172485504434E-16, 1.349999999999999645 ) ) ;
#3452 = CARTESIAN_POINT ( 'NONE',  ( 0.1850000000000002753, 0.6650000000000000355, -1.599999999999999645 ) ) ;
#3453 = DIRECTION ( 'NONE',  ( -0.000000000000000000, 0.000000000000000000, -1.000000000000000000 ) ) ;
#3454 = DIRECTION ( 'NONE',  ( -0.000000000000000000, 0.000000000000000000, 1.000000000000000000 ) ) ;
#3455 = PLANE ( 'NONE',  #231 ) ;
#3456 = SURFACE_STYLE_FILL_AREA ( #2567 ) ;
#3457 = CARTESIAN_POINT ( 'NONE',  ( -1.679999999999999938, -1.084202172485504434E-16, 1.349999999999999645 ) ) ;
#3458 = EDGE_LOOP ( 'NONE', ( #4637, #528, #5270, #2125 ) ) ;
#3459 = ADVANCED_FACE ( 'NONE', ( #4948 ), #3657, .F. ) ;
#3460 = CARTESIAN_POINT ( 'NONE',  ( 1.680000000000000160, -1.084202172485504434E-16, 1.349999999999999645 ) ) ;
#3461 = ORIENTED_EDGE ( 'NONE', *, *, #1970, .T. ) ;
#3462 = DIRECTION ( 'NONE',  ( -1.000000000000000000, -0.000000000000000000, 0.000000000000000000 ) ) ;
#3463 = CARTESIAN_POINT ( 'NONE',  ( -1.084999999999999742, 0.6299999999999997824, 0.9749999999999995337 ) ) ;
#3464 = ORIENTED_EDGE ( 'NONE', *, *, #737, .F. ) ;
#3465 = ORIENTED_EDGE ( 'NONE', *, *, #2054, .F. ) ;
#3466 = VERTEX_POINT ( 'NONE', #3568 ) ;
#3467 = CARTESIAN_POINT ( 'NONE',  ( 0.8600000000000003197, -1.084202172485504434E-16, 1.349999999999999645 ) ) ;
#3468 = PRESENTATION_LAYER_ASSIGNMENT (  '', '', ( #2131 ) ) ;
#3469 = VECTOR ( 'NONE', #3174, 1000.000000000000000 ) ;
#3470 = FACE_OUTER_BOUND ( 'NONE', #4128, .T. ) ;
#3471 = AXIS2_PLACEMENT_3D ( 'NONE', #5708, #372, #1613 ) ;
#3472 = CARTESIAN_POINT ( 'NONE',  ( 1.455000000000000071, 0.6650000000000000355, 1.599999999999999645 ) ) ;
#3473 = DIRECTION ( 'NONE',  ( -0.000000000000000000, -0.000000000000000000, 1.000000000000000000 ) ) ;
#3474 = ORIENTED_EDGE ( 'NONE', *, *, #2928, .F. ) ;
#3475 = EDGE_CURVE ( 'NONE', #2167, #798, #880, .T. ) ;
#3476 = VECTOR ( 'NONE', #2564, 1000.000000000000000 ) ;
#3477 = ORIENTED_EDGE ( 'NONE', *, *, #2358, .T. ) ;
#3478 = AXIS2_PLACEMENT_3D ( 'NONE', #5645, #3785, #3 ) ;
#3479 = CARTESIAN_POINT ( 'NONE',  ( 2.355000000000000426, -8.572527594031470725E-17, -1.099999999999999645 ) ) ;
#3480 = VECTOR ( 'NONE', #4082, 1000.000000000000000 ) ;
#3481 = DIRECTION ( 'NONE',  ( -1.000000000000000000, 0.000000000000000000, 0.000000000000000000 ) ) ;
#3482 = DIRECTION ( 'NONE',  ( -1.000000000000000000, 0.000000000000000000, -0.000000000000000000 ) ) ;
#3483 = DIRECTION ( 'NONE',  ( -0.000000000000000000, 0.000000000000000000, 1.000000000000000000 ) ) ;
#3484 = EDGE_CURVE ( 'NONE', #4811, #2399, #854, .T. ) ;
#3485 = EDGE_CURVE ( 'NONE', #5503, #5788, #3180, .T. ) ;
#3486 = STYLED_ITEM ( 'NONE', ( #3011 ), #450 ) ;
#3487 = CARTESIAN_POINT ( 'NONE',  ( 4.741113354645781541, 0.6766666666666668606, -1.099999999999999645 ) ) ;
#3488 = VECTOR ( 'NONE', #936, 1000.000000000000000 ) ;
#3489 = FACE_OUTER_BOUND ( 'NONE', #3894, .T. ) ;
#3490 = AXIS2_PLACEMENT_3D ( 'NONE', #825, #4459, #3269 ) ;
#3491 = ORIENTED_EDGE ( 'NONE', *, *, #2994, .T. ) ;
#3492 = CARTESIAN_POINT ( 'NONE',  ( -0.1849999999999998312, 0.03499999999999999639, -1.564999999999999503 ) ) ;
#3493 = PLANE ( 'NONE',  #5764 ) ;
#3494 = ORIENTED_EDGE ( 'NONE', *, *, #1661, .F. ) ;
#3495 = PLANE ( 'NONE',  #2915 ) ;
#3496 = CARTESIAN_POINT ( 'NONE',  ( -0.1849999999999998312, -1.469576158976823553E-16, -1.599999999999999645 ) ) ;
#3497 = ORIENTED_EDGE ( 'NONE', *, *, #5065, .T. ) ;
#3498 = VECTOR ( 'NONE', #4426, 1000.000000000000000 ) ;
#3499 = EDGE_CURVE ( 'NONE', #1891, #4951, #4546, .T. ) ;
#3500 = ORIENTED_EDGE ( 'NONE', *, *, #2963, .F. ) ;
#3501 = ORIENTED_EDGE ( 'NONE', *, *, #520, .F. ) ;
#3502 = DIRECTION ( 'NONE',  ( -1.000000000000000000, 0.000000000000000000, 0.000000000000000000 ) ) ;
#3503 = LINE ( 'NONE', #193, #1108 ) ;
#3504 = ADVANCED_FACE ( 'NONE', ( #914 ), #4512, .F. ) ;
#3505 = LINE ( 'NONE', #4339, #4799 ) ;
#3506 = CARTESIAN_POINT ( 'NONE',  ( -1.679999999999999938, 0.03499999999999999639, 1.564999999999999503 ) ) ;
#3507 = ORIENTED_EDGE ( 'NONE', *, *, #446, .T. ) ;
#3508 = EDGE_LOOP ( 'NONE', ( #5634, #911, #4803, #5605 ) ) ;
#3509 = ADVANCED_FACE ( 'NONE', ( #4105 ), #2290, .F. ) ;
#3510 = PLANE ( 'NONE',  #2835 ) ;
#3511 = DIRECTION ( 'NONE',  ( -1.000000000000000000, -0.000000000000000000, -0.000000000000000000 ) ) ;
#3512 = DIRECTION ( 'NONE',  ( 1.000000000000000000, 0.000000000000000000, -1.606225440719266613E-16 ) ) ;
#3513 = PLANE ( 'NONE',  #420 ) ;
#3514 = EDGE_CURVE ( 'NONE', #1437, #2116, #4076, .T. ) ;
#3515 = PLANE ( 'NONE',  #2809 ) ;
#3516 = EDGE_CURVE ( 'NONE', #2860, #742, #487, .T. ) ;
#3517 = PLANE ( 'NONE',  #5749 ) ;
#3518 = CLOSED_SHELL ( 'NONE', ( #1691, #2577, #5025, #4938, #5647, #4661, #2011, #3443, #676, #3326, #504, #1026, #3719, #4199, #2869, #5619, #4549, #326 ) ) ;
#3519 = LINE ( 'NONE', #1244, #538 ) ;
#3520 = ORIENTED_EDGE ( 'NONE', *, *, #3339, .T. ) ;
#3521 = ORIENTED_EDGE ( 'NONE', *, *, #2532, .T. ) ;
#3522 = CARTESIAN_POINT ( 'NONE',  ( 2.130000000000000782, 0.03499999999999999639, 1.564999999999999503 ) ) ;
#3523 = EDGE_CURVE ( 'NONE', #3182, #4394, #1713, .T. ) ;
#3524 = CARTESIAN_POINT ( 'NONE',  ( -1.454999999999999849, 0.6299999999999997824, 0.9749999999999995337 ) ) ;
#3525 = EDGE_LOOP ( 'NONE', ( #2645, #2689, #426, #2141, #1629, #3177, #416, #4409 ) ) ;
#3526 = PLANE ( 'NONE',  #4145 ) ;
#3527 = LINE ( 'NONE', #3496, #4129 ) ;
#3528 = ORIENTED_EDGE ( 'NONE', *, *, #86, .T. ) ;
#3529 = ORIENTED_EDGE ( 'NONE', *, *, #3808, .T. ) ;
#3530 = CARTESIAN_POINT ( 'NONE',  ( 1.680000000000000160, -1.084202172485504434E-16, -1.349999999999999645 ) ) ;
#3531 = CARTESIAN_POINT ( 'NONE',  ( -1.454999999999999849, 0.6650000000000000355, 1.349999999999999645 ) ) ;
#3532 = CARTESIAN_POINT ( 'NONE',  ( 1.680000000000000160, -1.084202172485504434E-16, 1.349999999999999645 ) ) ;
#3533 = LINE ( 'NONE', #2158, #547 ) ;
#3534 = ORIENTED_EDGE ( 'NONE', *, *, #5636, .T. ) ;
#3535 = ORIENTED_EDGE ( 'NONE', *, *, #4103, .T. ) ;
#3536 = ADVANCED_FACE ( 'NONE', ( #3089 ), #4895, .F. ) ;
#3537 = UNCERTAINTY_MEASURE_WITH_UNIT (LENGTH_MEASURE( 1.000000000000000082E-05 ), #1021, 'distance_accuracy_value', 'NONE');
#3538 = DIRECTION ( 'NONE',  ( -1.000000000000000000, 0.000000000000000000, -0.000000000000000000 ) ) ;
#3539 = CARTESIAN_POINT ( 'NONE',  ( -2.540000000000000924, 0.03499999999999999639, -1.349999999999999423 ) ) ;
#3540 = CARTESIAN_POINT ( 'NONE',  ( -2.130000000000000338, -1.084202172485504434E-16, -1.349999999999999645 ) ) ;
#3541 = LINE ( 'NONE', #5339, #5075 ) ;
#3542 = ORIENTED_EDGE ( 'NONE', *, *, #4955, .T. ) ;
#3543 = DIRECTION ( 'NONE',  ( -0.000000000000000000, 0.000000000000000000, -1.000000000000000000 ) ) ;
#3544 = EDGE_CURVE ( 'NONE', #4711, #2097, #1984, .T. ) ;
#3545 = DIRECTION ( 'NONE',  ( 0.000000000000000000, 0.000000000000000000, 1.000000000000000000 ) ) ;
#3546 = ORIENTED_EDGE ( 'NONE', *, *, #1218, .T. ) ;
#3547 = VERTEX_POINT ( 'NONE', #2884 ) ;
#3548 = CARTESIAN_POINT ( 'NONE',  ( -0.8599999999999998757, 0.6649999999999998135, -1.349999999999999645 ) ) ;
#3549 = CARTESIAN_POINT ( 'NONE',  ( 2.130000000000000338, 0.6299999999999995604, -1.350000000000000089 ) ) ;
#3550 = ORIENTED_EDGE ( 'NONE', *, *, #1956, .T. ) ;
#3551 = CARTESIAN_POINT ( 'NONE',  ( 2.130000000000000338, -1.084202172485504434E-16, -1.350000000000000089 ) ) ;
#3552 = CARTESIAN_POINT ( 'NONE',  ( 1.680000000000000160, -1.084202172485504434E-16, 1.349999999999999645 ) ) ;
#3553 = EDGE_CURVE ( 'NONE', #1112, #5633, #102, .T. ) ;
#3554 = ADVANCED_FACE ( 'NONE', ( #1901 ), #5039, .F. ) ;
#3555 = ORIENTED_EDGE ( 'NONE', *, *, #3076, .F. ) ;
#3556 = ORIENTED_EDGE ( 'NONE', *, *, #4196, .T. ) ;
#3557 = CARTESIAN_POINT ( 'NONE',  ( 2.540000000000001812, 6.596850090290522495, 1.564999999999999503 ) ) ;
#3558 = CIRCLE ( 'NONE', #501, 0.02333333333333332399 ) ;
#3559 = DIRECTION ( 'NONE',  ( 0.000000000000000000, -1.224646799147352961E-16, 1.000000000000000000 ) ) ;
#3560 = DIRECTION ( 'NONE',  ( -0.000000000000000000, 1.000000000000000000, -0.000000000000000000 ) ) ;
#3561 = LINE ( 'NONE', #252, #738 ) ;
#3562 = EDGE_LOOP ( 'NONE', ( #2905, #661, #871, #3050 ) ) ;
#3563 = ORIENTED_EDGE ( 'NONE', *, *, #3889, .T. ) ;
#3564 = VECTOR ( 'NONE', #36, 1000.000000000000000 ) ;
#3565 = AXIS2_PLACEMENT_3D ( 'NONE', #3162, #4959, #4993 ) ;
#3566 = MANIFOLD_SOLID_BREP ( 'Boss-Extrude4[1]', #5784 ) ;
#3567 = DIRECTION ( 'NONE',  ( -0.000000000000000000, 1.224646799147353207E-16, -1.000000000000000000 ) ) ;
#3568 = CARTESIAN_POINT ( 'NONE',  ( 0.4100000000000000866, -1.084202172485504434E-16, 1.349999999999999645 ) ) ;
#3569 = CARTESIAN_POINT ( 'NONE',  ( 2.130000000000000338, -1.084202172485504434E-16, -1.350000000000000089 ) ) ;
#3570 = VERTEX_POINT ( 'NONE', #5067 ) ;
#3571 = VECTOR ( 'NONE', #1959, 1000.000000000000000 ) ;
#3572 = VECTOR ( 'NONE', #4221, 1000.000000000000000 ) ;
#3573 = ADVANCED_FACE ( 'NONE', ( #4165 ), #1509, .F. ) ;
#3574 = VECTOR ( 'NONE', #1369, 1000.000000000000000 ) ;
#3575 = PRODUCT ( 'YC324-FK-07100KL', 'YC324-FK-07100KL', '', ( #1778 ) ) ;
#3576 = DIRECTION ( 'NONE',  ( 0.000000000000000000, 0.000000000000000000, -1.000000000000000000 ) ) ;
#3577 = EDGE_CURVE ( 'NONE', #3356, #1415, #5521, .T. ) ;
#3578 = VECTOR ( 'NONE', #2709, 1000.000000000000000 ) ;
#3579 = VECTOR ( 'NONE', #922, 1000.000000000000000 ) ;
#3580 = CARTESIAN_POINT ( 'NONE',  ( 0.4100000000000000866, -1.084202172485504434E-16, -1.349999999999999645 ) ) ;
#3581 = ORIENTED_EDGE ( 'NONE', *, *, #1498, .F. ) ;
#3582 = ORIENTED_EDGE ( 'NONE', *, *, #4619, .F. ) ;
#3583 = FACE_OUTER_BOUND ( 'NONE', #3437, .T. ) ;
#3584 = CARTESIAN_POINT ( 'NONE',  ( 1.085000000000000187, -8.572527594031470725E-17, 1.099999999999999645 ) ) ;
#3585 = EDGE_CURVE ( 'NONE', #2476, #4678, #999, .T. ) ;
#3586 = ORIENTED_EDGE ( 'NONE', *, *, #2300, .F. ) ;
#3587 = DIRECTION ( 'NONE',  ( 1.000000000000000000, 0.000000000000000000, -9.637352644315618416E-16 ) ) ;
#3588 = DIRECTION ( 'NONE',  ( 0.000000000000000000, -1.000000000000000000, 0.000000000000000000 ) ) ;
#3589 = EDGE_LOOP ( 'NONE', ( #3604, #1261, #1287, #3521, #1286, #177, #3146, #2269 ) ) ;
#3590 = ORIENTED_EDGE ( 'NONE', *, *, #4270, .F. ) ;
#3591 = CARTESIAN_POINT ( 'NONE',  ( -1.454999999999999849, 0.6650000000000000355, 1.099999999999999645 ) ) ;
#3592 = ORIENTED_EDGE ( 'NONE', *, *, #2338, .F. ) ;
#3593 = PLANE ( 'NONE',  #4057 ) ;
#3594 = ADVANCED_FACE ( 'NONE', ( #3360 ), #4634, .F. ) ;
#3595 = VECTOR ( 'NONE', #2882, 1000.000000000000000 ) ;
#3596 = DIRECTION ( 'NONE',  ( -0.000000000000000000, 1.000000000000000000, -0.000000000000000000 ) ) ;
#3597 = CARTESIAN_POINT ( 'NONE',  ( -0.8599999999999998757, -1.084202172485504434E-16, 1.349999999999999645 ) ) ;
#3598 = VERTEX_POINT ( 'NONE', #4250 ) ;
#3599 = VECTOR ( 'NONE', #4442, 1000.000000000000000 ) ;
#3600 = CARTESIAN_POINT ( 'NONE',  ( 2.130000000000000338, -1.084202172485504434E-16, -1.350000000000000089 ) ) ;
#3601 = FACE_OUTER_BOUND ( 'NONE', #2308, .T. ) ;
#3602 = SHAPE_DEFINITION_REPRESENTATION ( #4049, #3415 ) ;
#3603 = PLANE ( 'NONE',  #1753 ) ;
#3604 = ORIENTED_EDGE ( 'NONE', *, *, #2454, .T. ) ;
#3605 = VECTOR ( 'NONE', #4860, 1000.000000000000000 ) ;
#3606 = LINE ( 'NONE', #5375, #5361 ) ;
#3607 = LINE ( 'NONE', #4987, #3480 ) ;
#3608 = MANIFOLD_SOLID_BREP ( 'Boss-Extrude5[2]', #3518 ) ;
#3609 = CARTESIAN_POINT ( 'NONE',  ( -2.130000000000000338, 0.6650000000000000355, -0.9749999999999995337 ) ) ;
#3610 = EDGE_LOOP ( 'NONE', ( #76, #5042, #4855, #940, #4761, #60, #3854, #1224 ) ) ;
#3611 = ORIENTED_EDGE ( 'NONE', *, *, #3577, .F. ) ;
#3612 = LINE ( 'NONE', #2806, #2227 ) ;
#3613 = EDGE_CURVE ( 'NONE', #1437, #1296, #4600, .T. ) ;
#3614 = LINE ( 'NONE', #4557, #543 ) ;
#3615 = LINE ( 'NONE', #2751, #5743 ) ;
#3616 = ORIENTED_EDGE ( 'NONE', *, *, #4385, .T. ) ;
#3617 = LINE ( 'NONE', #2146, #5178 ) ;
#3618 = CARTESIAN_POINT ( 'NONE',  ( -0.8599999999999998757, -1.084202172485504434E-16, 1.099999999999999645 ) ) ;
#3619 = ORIENTED_EDGE ( 'NONE', *, *, #2883, .F. ) ;
#3620 = ORIENTED_EDGE ( 'NONE', *, *, #4251, .F. ) ;
#3621 = MANIFOLD_SOLID_BREP ( 'Cut-Extrude3', #2481 ) ;
#3622 = CARTESIAN_POINT ( 'NONE',  ( -0.4099999999999997535, 0.6649999999999998135, 1.349999999999999645 ) ) ;
#3623 = ORIENTED_EDGE ( 'NONE', *, *, #4568, .F. ) ;
#3624 = LINE ( 'NONE', #4005, #1966 ) ;
#3625 = CARTESIAN_POINT ( 'NONE',  ( 1.680000000000000160, -1.084202172485504434E-16, -1.349999999999999645 ) ) ;
#3626 = CARTESIAN_POINT ( 'NONE',  ( 0.8600000000000003197, 0.03499999999999999639, -1.099999999999999645 ) ) ;
#3627 = EDGE_CURVE ( 'NONE', #4120, #5529, #2073, .T. ) ;
#3628 = VERTEX_POINT ( 'NONE', #2040 ) ;
#3629 = CARTESIAN_POINT ( 'NONE',  ( -0.4099999999999997535, 0.03499999999999999639, 1.099999999999999645 ) ) ;
#3630 = CARTESIAN_POINT ( 'NONE',  ( -1.455000000000000071, 0.03499999999999999639, 1.349999999999998979 ) ) ;
#3631 = FACE_OUTER_BOUND ( 'NONE', #292, .T. ) ;
#3632 = ORIENTED_EDGE ( 'NONE', *, *, #5465, .T. ) ;
#3633 = AXIS2_PLACEMENT_3D ( 'NONE', #3926, #2173, #714 ) ;
#3634 = EDGE_CURVE ( 'NONE', #1220, #5553, #3832, .T. ) ;
#3635 = ADVANCED_FACE ( 'NONE', ( #3470 ), #4806, .F. ) ;
#3636 = CARTESIAN_POINT ( 'NONE',  ( -0.1849999999999998312, -1.084202172485504434E-16, -1.099999999999999867 ) ) ;
#3637 = CARTESIAN_POINT ( 'NONE',  ( -2.505000000000001226, 0.6650000000000000355, 1.099999999999999645 ) ) ;
#3638 = LINE ( 'NONE', #1990, #3118 ) ;
#3639 = ORIENTED_EDGE ( 'NONE', *, *, #5055, .T. ) ;
#3640 = EDGE_LOOP ( 'NONE', ( #1646, #975, #2021, #2865 ) ) ;
#3641 = PLANE ( 'NONE',  #3188 ) ;
#3642 = LINE ( 'NONE', #5858, #2841 ) ;
#3643 = DIRECTION ( 'NONE',  ( -0.000000000000000000, 1.000000000000000000, -0.000000000000000000 ) ) ;
#3644 = CARTESIAN_POINT ( 'NONE',  ( 0.4100000000000000866, -1.084202172485504434E-16, 1.349999999999999645 ) ) ;
#3645 = LINE ( 'NONE', #5443, #309 ) ;
#3646 = EDGE_CURVE ( 'NONE', #3298, #1275, #3503, .T. ) ;
#3647 = CARTESIAN_POINT ( 'NONE',  ( 2.355000000000000426, 0.03499999999999999639, -1.099999999999999645 ) ) ;
#3648 = VERTEX_POINT ( 'NONE', #4389 ) ;
#3649 = ORIENTED_EDGE ( 'NONE', *, *, #4114, .T. ) ;
#3650 = LINE ( 'NONE', #4034, #2831 ) ;
#3651 = LINE ( 'NONE', #4569, #5077 ) ;
#3652 = CARTESIAN_POINT ( 'NONE',  ( -1.454999999999999849, 0.03499999999999999639, -1.564999999999999503 ) ) ;
#3653 = DIRECTION ( 'NONE',  ( 1.000000000000000000, 0.000000000000000000, 0.000000000000000000 ) ) ;
#3654 = VERTEX_POINT ( 'NONE', #5637 ) ;
#3655 = VECTOR ( 'NONE', #4445, 1000.000000000000000 ) ;
#3656 = CARTESIAN_POINT ( 'NONE',  ( -0.8599999999999998757, 0.6650000000000000355, 0.9749999999999995337 ) ) ;
#3657 = PLANE ( 'NONE',  #635 ) ;
#3658 = EDGE_CURVE ( 'NONE', #96, #2825, #2121, .T. ) ;
#3659 = LINE ( 'NONE', #2678, #5651 ) ;
#3660 = ORIENTED_EDGE ( 'NONE', *, *, #2949, .T. ) ;
#3661 = CARTESIAN_POINT ( 'NONE',  ( 2.540000000000001812, 0.6300000000000003375, 1.564999999999999503 ) ) ;
#3662 = CARTESIAN_POINT ( 'NONE',  ( -1.454999999999999849, -1.469576158976823553E-16, 1.599999999999999645 ) ) ;
#3663 = AXIS2_PLACEMENT_3D ( 'NONE', #1610, #5232, #1633 ) ;
#3664 = EDGE_CURVE ( 'NONE', #5767, #1119, #5721, .T. ) ;
#3665 = VECTOR ( 'NONE', #5211, 1000.000000000000000 ) ;
#3666 = VECTOR ( 'NONE', #4617, 1000.000000000000000 ) ;
#3667 = DIRECTION ( 'NONE',  ( -0.000000000000000000, -1.000000000000000000, 0.000000000000000000 ) ) ;
#3668 = VERTEX_POINT ( 'NONE', #5276 ) ;
#3669 = ORIENTED_EDGE ( 'NONE', *, *, #477, .F. ) ;
#3670 = AXIS2_PLACEMENT_3D ( 'NONE', #356, #2599, #2275 ) ;
#3671 = LINE ( 'NONE', #1406, #3665 ) ;
#3672 = DIRECTION ( 'NONE',  ( -1.000000000000000000, -0.000000000000000000, -0.000000000000000000 ) ) ;
#3673 = DIRECTION ( 'NONE',  ( 0.000000000000000000, -1.000000000000000000, 0.000000000000000000 ) ) ;
#3674 = STYLED_ITEM ( 'NONE', ( #3902 ), #5507 ) ;
#3675 = LINE ( 'NONE', #1851, #1097 ) ;
#3676 = VECTOR ( 'NONE', #4972, 1000.000000000000000 ) ;
#3677 = DIRECTION ( 'NONE',  ( 1.000000000000000000, -0.000000000000000000, 1.707404996040163525E-16 ) ) ;
#3678 = DIRECTION ( 'NONE',  ( 0.000000000000000000, 2.017120320903262963E-15, -1.000000000000000000 ) ) ;
#3679 = ORIENTED_EDGE ( 'NONE', *, *, #123, .T. ) ;
#3680 = VERTEX_POINT ( 'NONE', #3940 ) ;
#3681 = LINE ( 'NONE', #4123, #5472 ) ;
#3682 =( GEOMETRIC_REPRESENTATION_CONTEXT ( 3 ) GLOBAL_UNCERTAINTY_ASSIGNED_CONTEXT ( ( #3791 ) ) GLOBAL_UNIT_ASSIGNED_CONTEXT ( ( #167, #644, #4306 ) ) REPRESENTATION_CONTEXT ( 'NONE', 'WORKASPACE' ) );
#3683 = CARTESIAN_POINT ( 'NONE',  ( 2.540000000000001812, 0.6300000000000003375, 1.564999999999999503 ) ) ;
#3684 = CARTESIAN_POINT ( 'NONE',  ( -2.130000000000000338, 0.03499999999999998251, -1.349999999999999645 ) ) ;
#3685 = VECTOR ( 'NONE', #5445, 1000.000000000000000 ) ;
#3686 = CARTESIAN_POINT ( 'NONE',  ( -0.1849999999999998312, 0.6650000000000000355, 1.599999999999999645 ) ) ;
#3687 = ORIENTED_EDGE ( 'NONE', *, *, #3833, .T. ) ;
#3688 = VECTOR ( 'NONE', #1447, 1000.000000000000000 ) ;
#3689 = CARTESIAN_POINT ( 'NONE',  ( 1.455000000000000071, 0.000000000000000000, -1.349999999999999645 ) ) ;
#3690 = EDGE_CURVE ( 'NONE', #5133, #3218, #4775, .T. ) ;
#3691 = VECTOR ( 'NONE', #1177, 1000.000000000000000 ) ;
#3692 =( NAMED_UNIT ( * ) PLANE_ANGLE_UNIT ( ) SI_UNIT ( $, .RADIAN. ) );
#3693 = LINE ( 'NONE', #5040, #5173 ) ;
#3694 = ORIENTED_EDGE ( 'NONE', *, *, #2280, .T. ) ;
#3695 = AXIS2_PLACEMENT_3D ( 'NONE', #3530, #2667, #2694 ) ;
#3696 = CARTESIAN_POINT ( 'NONE',  ( -1.454999999999999849, 0.03499999999999999639, -1.349999999999999645 ) ) ;
#3697 = LINE ( 'NONE', #2681, #1385 ) ;
#3698 = AXIS2_PLACEMENT_3D ( 'NONE', #3083, #2187, #4007 ) ;
#3699 = CARTESIAN_POINT ( 'NONE',  ( -2.540000000000000924, 0.03499999999999999639, -1.564999999999999503 ) ) ;
#3700 = EDGE_CURVE ( 'NONE', #5020, #4008, #2523, .T. ) ;
#3701 = ORIENTED_EDGE ( 'NONE', *, *, #5609, .F. ) ;
#3702 = ORIENTED_EDGE ( 'NONE', *, *, #5510, .T. ) ;
#3703 = CARTESIAN_POINT ( 'NONE',  ( 1.455000000000000071, 0.000000000000000000, -1.349999999999999645 ) ) ;
#3704 = LINE ( 'NONE', #1340, #4169 ) ;
#3705 = CARTESIAN_POINT ( 'NONE',  ( -2.540000000000000924, 0.6299999999999998934, -1.349999999999999423 ) ) ;
#3706 = FACE_OUTER_BOUND ( 'NONE', #5736, .T. ) ;
#3707 = ORIENTED_EDGE ( 'NONE', *, *, #784, .T. ) ;
#3708 = ORIENTED_EDGE ( 'NONE', *, *, #1211, .F. ) ;
#3709 = EDGE_CURVE ( 'NONE', #189, #2848, #4337, .T. ) ;
#3710 = ORIENTED_EDGE ( 'NONE', *, *, #5609, .T. ) ;
#3711 = DIRECTION ( 'NONE',  ( 4.336808689942020201E-16, -0.000000000000000000, 1.000000000000000000 ) ) ;
#3712 = CARTESIAN_POINT ( 'NONE',  ( 1.455000000000000071, 0.03499999999999999639, 1.564999999999999503 ) ) ;
#3713 = LINE ( 'NONE', #5008, #2247 ) ;
#3714 = ORIENTED_EDGE ( 'NONE', *, *, #5051, .T. ) ;
#3715 = PLANE ( 'NONE',  #3879 ) ;
#3716 = PRESENTATION_STYLE_ASSIGNMENT (( #971 ) ) ;
#3717 = CARTESIAN_POINT ( 'NONE',  ( 1.455000000000000071, 0.03499999999999999639, -1.349999999999999645 ) ) ;
#3718 = EDGE_LOOP ( 'NONE', ( #5134, #3397, #3669, #3885 ) ) ;
#3719 = ADVANCED_FACE ( 'NONE', ( #3444 ), #2999, .F. ) ;
#3720 = ORIENTED_EDGE ( 'NONE', *, *, #335, .T. ) ;
#3721 = DIRECTION ( 'NONE',  ( 0.000000000000000000, 1.000000000000000000, 0.000000000000000000 ) ) ;
#3722 = DIRECTION ( 'NONE',  ( 1.606225440719266613E-16, 0.000000000000000000, 1.000000000000000000 ) ) ;
#3723 = ORIENTED_EDGE ( 'NONE', *, *, #1475, .T. ) ;
#3724 = VERTEX_POINT ( 'NONE', #727 ) ;
#3725 = LINE ( 'NONE', #865, #4325 ) ;
#3726 = DIRECTION ( 'NONE',  ( -1.000000000000000000, 0.000000000000000000, 0.000000000000000000 ) ) ;
#3727 = CARTESIAN_POINT ( 'NONE',  ( 0.8600000000000003197, -1.084202172485504434E-16, 1.099999999999999645 ) ) ;
#3728 = EDGE_CURVE ( 'NONE', #2404, #4144, #4504, .T. ) ;
#3729 = SURFACE_STYLE_FILL_AREA ( #1999 ) ;
#3730 = CARTESIAN_POINT ( 'NONE',  ( -0.8599999999999998757, -1.084202172485504434E-16, -1.349999999999999645 ) ) ;
#3731 = ORIENTED_EDGE ( 'NONE', *, *, #3403, .T. ) ;
#3732 = AXIS2_PLACEMENT_3D ( 'NONE', #3580, #5379, #1637 ) ;
#3733 = CARTESIAN_POINT ( 'NONE',  ( -1.454999999999999849, 0.6300000000000003375, 1.564999999999999503 ) ) ;
#3734 = ORIENTED_EDGE ( 'NONE', *, *, #4815, .T. ) ;
#3735 = LINE ( 'NONE', #1921, #1198 ) ;
#3736 = LINE ( 'NONE', #5125, #4916 ) ;
#3737 = ADVANCED_FACE ( 'NONE', ( #3206 ), #4885, .F. ) ;
#3738 = EDGE_CURVE ( 'NONE', #4225, #2665, #4917, .T. ) ;
#3739 = CARTESIAN_POINT ( 'NONE',  ( 2.505000000000002114, 0.6300000000000003375, 0.9749999999999997558 ) ) ;
#3740 = VERTEX_POINT ( 'NONE', #874 ) ;
#3741 = CARTESIAN_POINT ( 'NONE',  ( 1.085000000000000187, 0.000000000000000000, 0.000000000000000000 ) ) ;
#3742 = DIRECTION ( 'NONE',  ( 1.000000000000000000, -0.000000000000000000, 0.000000000000000000 ) ) ;
#3743 = CARTESIAN_POINT ( 'NONE',  ( 0.1850000000000002753, 0.000000000000000000, 0.000000000000000000 ) ) ;
#3744 = DIRECTION ( 'NONE',  ( -1.000000000000000000, 0.000000000000000000, 0.000000000000000000 ) ) ;
#3745 = ORIENTED_EDGE ( 'NONE', *, *, #477, .T. ) ;
#3746 = ORIENTED_EDGE ( 'NONE', *, *, #2764, .F. ) ;
#3747 = DIRECTION ( 'NONE',  ( 0.000000000000000000, 0.000000000000000000, -1.000000000000000000 ) ) ;
#3748 = CARTESIAN_POINT ( 'NONE',  ( 0.1850000000000002753, 0.6300000000000003375, 1.564999999999999503 ) ) ;
#3749 = VECTOR ( 'NONE', #1469, 1000.000000000000000 ) ;
#3750 = VERTEX_POINT ( 'NONE', #2696 ) ;
#3751 = VERTEX_POINT ( 'NONE', #2249 ) ;
#3752 = AXIS2_PLACEMENT_3D ( 'NONE', #2029, #1141, #2875 ) ;
#3753 = DIRECTION ( 'NONE',  ( 0.000000000000000000, 0.000000000000000000, 1.000000000000000000 ) ) ;
#3754 = VECTOR ( 'NONE', #2641, 1000.000000000000000 ) ;
#3755 = PLANE ( 'NONE',  #4912 ) ;
#3756 = VECTOR ( 'NONE', #2135, 1000.000000000000000 ) ;
#3757 = DIRECTION ( 'NONE',  ( -1.000000000000000000, 0.000000000000000000, -1.707404996040163525E-16 ) ) ;
#3758 = EDGE_CURVE ( 'NONE', #1048, #3724, #3650, .T. ) ;
#3759 = CARTESIAN_POINT ( 'NONE',  ( -0.4099999999999997535, -1.084202172485504434E-16, 1.349999999999999645 ) ) ;
#3760 = VECTOR ( 'NONE', #4090, 1000.000000000000000 ) ;
#3761 = DIRECTION ( 'NONE',  ( 0.000000000000000000, 0.000000000000000000, -1.000000000000000000 ) ) ;
#3762 = ORIENTED_EDGE ( 'NONE', *, *, #2118, .F. ) ;
#3763 = VECTOR ( 'NONE', #4986, 1000.000000000000000 ) ;
#3764 = EDGE_CURVE ( 'NONE', #2034, #3751, #4416, .T. ) ;
#3765 = FACE_OUTER_BOUND ( 'NONE', #2803, .T. ) ;
#3766 = VECTOR ( 'NONE', #2485, 1000.000000000000000 ) ;
#3767 = ORIENTED_EDGE ( 'NONE', *, *, #4954, .T. ) ;
#3768 = FACE_OUTER_BOUND ( 'NONE', #2433, .T. ) ;
#3769 = PLANE ( 'NONE',  #3129 ) ;
#3770 = VECTOR ( 'NONE', #4551, 1000.000000000000000 ) ;
#3771 = VERTEX_POINT ( 'NONE', #4539 ) ;
#3772 = ORIENTED_EDGE ( 'NONE', *, *, #3646, .T. ) ;
#3773 = ORIENTED_EDGE ( 'NONE', *, *, #5810, .F. ) ;
#3774 = EDGE_CURVE ( 'NONE', #2293, #1135, #5870, .T. ) ;
#3775 = VECTOR ( 'NONE', #299, 1000.000000000000000 ) ;
#3776 = CARTESIAN_POINT ( 'NONE',  ( 2.130000000000000338, -1.084202172485504434E-16, -1.350000000000000089 ) ) ;
#3777 = CARTESIAN_POINT ( 'NONE',  ( -0.1849999999999998312, 0.03499999999999944128, -1.564999999999998170 ) ) ;
#3778 = CARTESIAN_POINT ( 'NONE',  ( 1.455000000000000515, -1.084202172485504434E-16, -1.099999999999999867 ) ) ;
#3779 = ORIENTED_EDGE ( 'NONE', *, *, #273, .T. ) ;
#3780 = AXIS2_PLACEMENT_3D ( 'NONE', #5012, #942, #2257 ) ;
#3781 = ORIENTED_EDGE ( 'NONE', *, *, #1033, .T. ) ;
#3782 = EDGE_CURVE ( 'NONE', #3971, #2515, #3624, .T. ) ;
#3783 = LINE ( 'NONE', #4667, #3572 ) ;
#3784 = LINE ( 'NONE', #1065, #811 ) ;
#3785 = DIRECTION ( 'NONE',  ( 0.000000000000000000, 0.000000000000000000, -1.000000000000000000 ) ) ;
#3786 = VECTOR ( 'NONE', #605, 1000.000000000000000 ) ;
#3787 = EDGE_LOOP ( 'NONE', ( #2936, #692, #4410, #5126 ) ) ;
#3788 = ORIENTED_EDGE ( 'NONE', *, *, #5400, .F. ) ;
#3789 = PLANE ( 'NONE',  #1856 ) ;
#3790 = CARTESIAN_POINT ( 'NONE',  ( 2.505000000000002114, 0.6766666666666666385, 1.099999999999999645 ) ) ;
#3791 = UNCERTAINTY_MEASURE_WITH_UNIT (LENGTH_MEASURE( 1.000000000000000082E-05 ), #167, 'distance_accuracy_value', 'NONE');
#3792 =( LENGTH_UNIT ( ) NAMED_UNIT ( * ) SI_UNIT ( .MILLI., .METRE. ) );
#3793 = DIRECTION ( 'NONE',  ( 0.000000000000000000, 0.000000000000000000, -1.000000000000000000 ) ) ;
#3794 = ORIENTED_EDGE ( 'NONE', *, *, #3906, .T. ) ;
#3795 = EDGE_CURVE ( 'NONE', #3201, #4380, #5421, .T. ) ;
#3796 = FILL_AREA_STYLE ('',( #1500 ) ) ;
#3797 = ORIENTED_EDGE ( 'NONE', *, *, #5848, .F. ) ;
#3798 = DIRECTION ( 'NONE',  ( -1.000000000000000000, 0.000000000000000000, 0.000000000000000000 ) ) ;
#3799 = CARTESIAN_POINT ( 'NONE',  ( 1.455000000000000071, 0.6650000000000000355, 1.349999999999999645 ) ) ;
#3800 = VERTEX_POINT ( 'NONE', #4969 ) ;
#3801 = EDGE_LOOP ( 'NONE', ( #3414, #1824, #2896, #3639 ) ) ;
#3802 = ORIENTED_EDGE ( 'NONE', *, *, #1389, .T. ) ;
#3803 = LINE ( 'NONE', #3243, #926 ) ;
#3804 = CARTESIAN_POINT ( 'NONE',  ( -0.1849999999999998312, 0.6650000000000000355, 1.599999999999999645 ) ) ;
#3805 = PLANE ( 'NONE',  #3383 ) ;
#3806 = CARTESIAN_POINT ( 'NONE',  ( -1.679999999999999938, 0.6650000000000000355, -0.9749999999999995337 ) ) ;
#3807 = VERTEX_POINT ( 'NONE', #3531 ) ;
#3808 = EDGE_CURVE ( 'NONE', #4143, #2167, #2605, .T. ) ;
#3809 = VERTEX_POINT ( 'NONE', #452 ) ;
#3810 = CARTESIAN_POINT ( 'NONE',  ( 0.4100000000000000866, -1.084202172485504434E-16, 1.349999999999999645 ) ) ;
#3811 = LINE ( 'NONE', #3398, #5559 ) ;
#3812 = LINE ( 'NONE', #4259, #2622 ) ;
#3813 = DIRECTION ( 'NONE',  ( 1.000000000000000000, 0.000000000000000000, -0.000000000000000000 ) ) ;
#3814 = EDGE_CURVE ( 'NONE', #2372, #1088, #331, .T. ) ;
#3815 = EDGE_CURVE ( 'NONE', #5574, #4711, #3978, .T. ) ;
#3816 = ORIENTED_EDGE ( 'NONE', *, *, #1861, .T. ) ;
#3817 = ORIENTED_EDGE ( 'NONE', *, *, #3728, .T. ) ;
#3818 = DIRECTION ( 'NONE',  ( -1.000000000000000000, -0.000000000000000000, -0.000000000000000000 ) ) ;
#3819 = FACE_OUTER_BOUND ( 'NONE', #1995, .T. ) ;
#3820 = DIRECTION ( 'NONE',  ( 0.000000000000000000, 1.000000000000000000, 0.000000000000000000 ) ) ;
#3821 = DIRECTION ( 'NONE',  ( 0.000000000000000000, 1.000000000000000000, 0.000000000000000000 ) ) ;
#3822 = ORIENTED_EDGE ( 'NONE', *, *, #821, .T. ) ;
#3823 = CARTESIAN_POINT ( 'NONE',  ( 0.4100000000000000866, -1.084202172485504434E-16, 1.099999999999999645 ) ) ;
#3824 = ORIENTED_EDGE ( 'NONE', *, *, #4382, .F. ) ;
#3825 = CARTESIAN_POINT ( 'NONE',  ( 0.1850000000000006917, 6.596850090290522495, -1.564999999999998170 ) ) ;
#3826 = EDGE_CURVE ( 'NONE', #5244, #1151, #4098, .T. ) ;
#3827 = CARTESIAN_POINT ( 'NONE',  ( -0.1849999999999998312, 0.6300000000000003375, -1.564999999999999503 ) ) ;
#3828 = ORIENTED_EDGE ( 'NONE', *, *, #4787, .T. ) ;
#3829 = ORIENTED_EDGE ( 'NONE', *, *, #1498, .T. ) ;
#3830 = ORIENTED_EDGE ( 'NONE', *, *, #593, .T. ) ;
#3831 = DIRECTION ( 'NONE',  ( 0.000000000000000000, -0.000000000000000000, -1.000000000000000000 ) ) ;
#3832 = LINE ( 'NONE', #1600, #4525 ) ;
#3833 = EDGE_CURVE ( 'NONE', #4503, #3343, #5778, .T. ) ;
#3834 = FACE_OUTER_BOUND ( 'NONE', #5356, .T. ) ;
#3835 = CARTESIAN_POINT ( 'NONE',  ( -2.540000000000000924, 0.03499999999999998251, 1.349999999999999867 ) ) ;
#3836 = VERTEX_POINT ( 'NONE', #1292 ) ;
#3837 = ORIENTED_EDGE ( 'NONE', *, *, #1004, .F. ) ;
#3838 = ADVANCED_FACE ( 'NONE', ( #1706 ), #3081, .F. ) ;
#3839 = LINE ( 'NONE', #137, #2233 ) ;
#3840 = PLANE ( 'NONE',  #4894 ) ;
#3841 = DIRECTION ( 'NONE',  ( -0.000000000000000000, 0.000000000000000000, -1.000000000000000000 ) ) ;
#3842 = VERTEX_POINT ( 'NONE', #4452 ) ;
#3843 = ORIENTED_EDGE ( 'NONE', *, *, #1434, .F. ) ;
#3844 = CARTESIAN_POINT ( 'NONE',  ( -0.1849999999999998312, 0.6650000000000000355, 1.349999999999999645 ) ) ;
#3845 = EDGE_CURVE ( 'NONE', #274, #1845, #362, .T. ) ;
#3846 = VECTOR ( 'NONE', #3677, 1000.000000000000000 ) ;
#3847 = ADVANCED_FACE ( 'NONE', ( #5836 ), #3593, .F. ) ;
#3848 = DIRECTION ( 'NONE',  ( 0.000000000000000000, -1.000000000000000000, 0.000000000000000000 ) ) ;
#3849 = LINE ( 'NONE', #659, #2708 ) ;
#3850 = STYLED_ITEM ( 'NONE', ( #5535 ), #1601 ) ;
#3851 = FACE_OUTER_BOUND ( 'NONE', #6, .T. ) ;
#3852 = EDGE_LOOP ( 'NONE', ( #3883, #3021, #5000, #1235 ) ) ;
#3853 = VECTOR ( 'NONE', #1221, 1000.000000000000000 ) ;
#3854 = ORIENTED_EDGE ( 'NONE', *, *, #4807, .F. ) ;
#3855 = CARTESIAN_POINT ( 'NONE',  ( -1.084999999999999742, 0.6299999999999997824, 1.349999999999999645 ) ) ;
#3856 = AXIS2_PLACEMENT_3D ( 'NONE', #4724, #2473, #3303 ) ;
#3857 = CARTESIAN_POINT ( 'NONE',  ( 2.355000000000000426, 0.03499999999999999639, 1.099999999999999645 ) ) ;
#3858 = VECTOR ( 'NONE', #5615, 1000.000000000000000 ) ;
#3859 = VERTEX_POINT ( 'NONE', #4943 ) ;
#3860 = ORIENTED_EDGE ( 'NONE', *, *, #2928, .T. ) ;
#3861 = ORIENTED_EDGE ( 'NONE', *, *, #4786, .F. ) ;
#3862 = AXIS2_PLACEMENT_3D ( 'NONE', #4970, #1862, #4158 ) ;
#3863 = PLANE ( 'NONE',  #3214 ) ;
#3864 = DIRECTION ( 'NONE',  ( 0.000000000000000000, 0.000000000000000000, 1.000000000000000000 ) ) ;
#3865 = AXIS2_PLACEMENT_3D ( 'NONE', #3540, #3512, #1264 ) ;
#3866 = LINE ( 'NONE', #1707, #5835 ) ;
#3867 = LINE ( 'NONE', #5672, #5868 ) ;
#3868 = ORIENTED_EDGE ( 'NONE', *, *, #4552, .T. ) ;
#3869 = VECTOR ( 'NONE', #887, 1000.000000000000000 ) ;
#3870 = VERTEX_POINT ( 'NONE', #5091 ) ;
#3871 = ADVANCED_FACE ( 'NONE', ( #2849 ), #989, .F. ) ;
#3872 = CARTESIAN_POINT ( 'NONE',  ( -1.454999999999999627, 0.6650000000000000355, -1.350000000000000311 ) ) ;
#3873 = LINE ( 'NONE', #4313, #1573 ) ;
#3874 = CARTESIAN_POINT ( 'NONE',  ( -0.8599999999999998757, 0.03499999999999999639, -1.564999999999999503 ) ) ;
#3875 = STYLED_ITEM ( 'NONE', ( #250 ), #3621 ) ;
#3876 = ORIENTED_EDGE ( 'NONE', *, *, #3690, .F. ) ;
#3877 = DIRECTION ( 'NONE',  ( -0.000000000000000000, -1.165808787618822693E-15, -1.000000000000000000 ) ) ;
#3878 = CARTESIAN_POINT ( 'NONE',  ( 2.355000000000000426, 0.6300000000000003375, 1.564999999999999503 ) ) ;
#3879 = AXIS2_PLACEMENT_3D ( 'NONE', #1983, #2826, #3330 ) ;
#3880 = VECTOR ( 'NONE', #1428, 1000.000000000000000 ) ;
#3881 = EDGE_CURVE ( 'NONE', #5394, #2930, #1977, .T. ) ;
#3882 = DIRECTION ( 'NONE',  ( -1.000000000000000000, -0.000000000000000000, 0.000000000000000000 ) ) ;
#3883 = ORIENTED_EDGE ( 'NONE', *, *, #875, .T. ) ;
#3884 = AXIS2_PLACEMENT_3D ( 'NONE', #361, #5804, #5275 ) ;
#3885 = ORIENTED_EDGE ( 'NONE', *, *, #563, .F. ) ;
#3886 = CARTESIAN_POINT ( 'NONE',  ( -0.1849999999999998312, 0.6300000000000003375, -1.564999999999999503 ) ) ;
#3887 = VECTOR ( 'NONE', #2608, 1000.000000000000000 ) ;
#3888 = DIRECTION ( 'NONE',  ( -0.000000000000000000, 0.000000000000000000, -1.000000000000000000 ) ) ;
#3889 = EDGE_CURVE ( 'NONE', #1260, #2404, #1502, .T. ) ;
#3890 = ORIENTED_EDGE ( 'NONE', *, *, #1273, .T. ) ;
#3891 = VERTEX_POINT ( 'NONE', #3324 ) ;
#3892 = CARTESIAN_POINT ( 'NONE',  ( 0.4100000000000000866, -1.084202172485504434E-16, 1.349999999999999645 ) ) ;
#3893 = CARTESIAN_POINT ( 'NONE',  ( -1.455000000000000293, 0.6299999999999997824, -1.350000000000000311 ) ) ;
#3894 = EDGE_LOOP ( 'NONE', ( #2491, #633, #675, #463, #4685, #2879, #2578, #254 ) ) ;
#3895 = ORIENTED_EDGE ( 'NONE', *, *, #4063, .F. ) ;
#3896 = DIRECTION ( 'NONE',  ( 0.000000000000000000, 1.000000000000000000, -1.224646799147352961E-16 ) ) ;
#3897 = LINE ( 'NONE', #4428, #2339 ) ;
#3898 = DIRECTION ( 'NONE',  ( -1.000000000000000000, -0.000000000000000000, -0.000000000000000000 ) ) ;
#3899 = CARTESIAN_POINT ( 'NONE',  ( 1.455000000000000071, 0.6300000000000001155, -1.349999999999999645 ) ) ;
#3900 = EDGE_CURVE ( 'NONE', #1022, #2866, #4626, .T. ) ;
#3901 = PLANE ( 'NONE',  #3471 ) ;
#3902 = PRESENTATION_STYLE_ASSIGNMENT (( #5763 ) ) ;
#3903 = FACE_OUTER_BOUND ( 'NONE', #4200, .T. ) ;
#3904 = ORIENTED_EDGE ( 'NONE', *, *, #4927, .F. ) ;
#3905 = CARTESIAN_POINT ( 'NONE',  ( -1.084999999999999742, -1.469576158976823553E-16, 1.599999999999999645 ) ) ;
#3906 = EDGE_CURVE ( 'NONE', #5490, #4769, #3681, .T. ) ;
#3907 = ORIENTED_EDGE ( 'NONE', *, *, #2350, .F. ) ;
#3908 = CARTESIAN_POINT ( 'NONE',  ( -1.084999999999999742, 0.6650000000000000355, -1.599999999999999645 ) ) ;
#3909 = LINE ( 'NONE', #3463, #1558 ) ;
#3910 = ORIENTED_EDGE ( 'NONE', *, *, #4869, .T. ) ;
#3911 = EDGE_LOOP ( 'NONE', ( #2326, #2651, #5874, #3092 ) ) ;
#3912 = ORIENTED_EDGE ( 'NONE', *, *, #1222, .F. ) ;
#3913 = LINE ( 'NONE', #3467, #1308 ) ;
#3914 = EDGE_CURVE ( 'NONE', #2991, #1129, #5004, .T. ) ;
#3915 = ADVANCED_FACE ( 'NONE', ( #1416 ), #3238, .F. ) ;
#3916 = DIRECTION ( 'NONE',  ( -0.000000000000000000, -1.000000000000000000, 0.000000000000000000 ) ) ;
#3917 = DIRECTION ( 'NONE',  ( 0.000000000000000000, 0.000000000000000000, -1.000000000000000000 ) ) ;
#3918 = EDGE_LOOP ( 'NONE', ( #1109, #3004, #2747, #3363 ) ) ;
#3919 = VERTEX_POINT ( 'NONE', #570 ) ;
#3920 = CARTESIAN_POINT ( 'NONE',  ( 0.8600000000000003197, 0.6299999999999997824, -0.9749999999999995337 ) ) ;
#3921 = DIRECTION ( 'NONE',  ( 0.000000000000000000, 1.000000000000000000, -0.000000000000000000 ) ) ;
#3922 =( LENGTH_UNIT ( ) NAMED_UNIT ( * ) SI_UNIT ( .MILLI., .METRE. ) );
#3923 = DIRECTION ( 'NONE',  ( -1.000000000000000000, 0.000000000000000000, 0.000000000000000000 ) ) ;
#3924 = DIRECTION ( 'NONE',  ( -0.000000000000000000, 0.000000000000000000, 1.000000000000000000 ) ) ;
#3925 = CARTESIAN_POINT ( 'NONE',  ( -2.130000000000000338, 0.6650000000000000355, -0.9749999999999995337 ) ) ;
#3926 = CARTESIAN_POINT ( 'NONE',  ( 2.130000000000000338, -1.084202172485504434E-16, -1.350000000000000089 ) ) ;
#3927 = ORIENTED_EDGE ( 'NONE', *, *, #4133, .F. ) ;
#3928 = AXIS2_PLACEMENT_3D ( 'NONE', #2821, #2493, #4300 ) ;
#3929 = LINE ( 'NONE', #745, #614 ) ;
#3930 = EDGE_CURVE ( 'NONE', #1580, #269, #4210, .T. ) ;
#3931 = ORIENTED_EDGE ( 'NONE', *, *, #3377, .F. ) ;
#3932 = LINE ( 'NONE', #4743, #5092 ) ;
#3933 = CARTESIAN_POINT ( 'NONE',  ( -1.084999999999999742, 0.000000000000000000, 0.000000000000000000 ) ) ;
#3934 = ADVANCED_FACE ( 'NONE', ( #3768 ), #1945, .F. ) ;
#3935 = ORIENTED_EDGE ( 'NONE', *, *, #1530, .F. ) ;
#3936 = ORIENTED_EDGE ( 'NONE', *, *, #961, .T. ) ;
#3937 = DIRECTION ( 'NONE',  ( -0.000000000000000000, 0.000000000000000000, 1.000000000000000000 ) ) ;
#3938 = VECTOR ( 'NONE', #3204, 1000.000000000000000 ) ;
#3939 = AXIS2_PLACEMENT_3D ( 'NONE', #130, #5638, #1086 ) ;
#3940 = CARTESIAN_POINT ( 'NONE',  ( -1.454999999999999849, 0.03499999999999999639, -1.564999999999999503 ) ) ;
#3941 = VECTOR ( 'NONE', #1936, 1000.000000000000000 ) ;
#3942 = CARTESIAN_POINT ( 'NONE',  ( 1.455000000000000515, 0.6300000000000000044, 0.000000000000000000 ) ) ;
#3943 = LINE ( 'NONE', #817, #3887 ) ;
#3944 = ORIENTED_EDGE ( 'NONE', *, *, #5616, .F. ) ;
#3945 = VECTOR ( 'NONE', #3434, 1000.000000000000000 ) ;
#3946 = ADVANCED_FACE ( 'NONE', ( #4592 ), #5123, .F. ) ;
#3947 = ORIENTED_EDGE ( 'NONE', *, *, #106, .T. ) ;
#3948 = VECTOR ( 'NONE', #2957, 1000.000000000000000 ) ;
#3949 = EDGE_CURVE ( 'NONE', #1606, #183, #2788, .T. ) ;
#3950 = DIRECTION ( 'NONE',  ( 0.000000000000000000, 0.000000000000000000, 1.000000000000000000 ) ) ;
#3951 = VECTOR ( 'NONE', #1783, 1000.000000000000000 ) ;
#3952 = LINE ( 'NONE', #2955, #2914 ) ;
#3953 = FACE_OUTER_BOUND ( 'NONE', #5620, .T. ) ;
#3954 = DIRECTION ( 'NONE',  ( 1.000000000000000000, 0.000000000000000000, -9.637352644315618416E-16 ) ) ;
#3955 = PRODUCT_DEFINITION_FORMATION_WITH_SPECIFIED_SOURCE ( 'ANY', '', #3575, .NOT_KNOWN. ) ;
#3956 = EDGE_CURVE ( 'NONE', #552, #3836, #3735, .T. ) ;
#3957 = DIRECTION ( 'NONE',  ( 0.000000000000000000, -0.000000000000000000, -1.000000000000000000 ) ) ;
#3958 = VECTOR ( 'NONE', #906, 1000.000000000000000 ) ;
#3959 = FACE_OUTER_BOUND ( 'NONE', #1944, .T. ) ;
#3960 = VECTOR ( 'NONE', #2783, 1000.000000000000000 ) ;
#3961 = PLANE ( 'NONE',  #3633 ) ;
#3962 = VECTOR ( 'NONE', #5812, 1000.000000000000000 ) ;
#3963 = ORIENTED_EDGE ( 'NONE', *, *, #5528, .F. ) ;
#3964 = ORIENTED_EDGE ( 'NONE', *, *, #1772, .F. ) ;
#3965 = LINE ( 'NONE', #4904, #4882 ) ;
#3966 = VECTOR ( 'NONE', #2235, 1000.000000000000000 ) ;
#3967 = DIRECTION ( 'NONE',  ( 0.000000000000000000, -1.224646799147352961E-16, -1.000000000000000000 ) ) ;
#3968 = ORIENTED_EDGE ( 'NONE', *, *, #5144, .T. ) ;
#3969 = DIRECTION ( 'NONE',  ( -0.000000000000000000, 0.000000000000000000, 1.000000000000000000 ) ) ;
#3970 = LINE ( 'NONE', #3025, #700 ) ;
#3971 = VERTEX_POINT ( 'NONE', #5059 ) ;
#3972 = EDGE_CURVE ( 'NONE', #5808, #4021, #5541, .T. ) ;
#3973 = VECTOR ( 'NONE', #1, 1000.000000000000000 ) ;
#3974 = ORIENTED_EDGE ( 'NONE', *, *, #2410, .T. ) ;
#3975 = ORIENTED_EDGE ( 'NONE', *, *, #5624, .T. ) ;
#3976 = CARTESIAN_POINT ( 'NONE',  ( -1.679999999999999938, -1.084202172485504434E-16, 1.349999999999999645 ) ) ;
#3977 = AXIS2_PLACEMENT_3D ( 'NONE', #3857, #159, #4656 ) ;
#3978 = LINE ( 'NONE', #2730, #1489 ) ;
#3979 = PLANE ( 'NONE',  #5456 ) ;
#3980 = DIRECTION ( 'NONE',  ( -1.000000000000000000, 0.000000000000000000, 0.000000000000000000 ) ) ;
#3981 = ORIENTED_EDGE ( 'NONE', *, *, #5658, .F. ) ;
#3982 = VERTEX_POINT ( 'NONE', #598 ) ;
#3983 = DIRECTION ( 'NONE',  ( -0.000000000000000000, -1.000000000000000000, -0.000000000000000000 ) ) ;
#3984 = FACE_OUTER_BOUND ( 'NONE', #5551, .T. ) ;
#3985 = EDGE_CURVE ( 'NONE', #3432, #2665, #541, .T. ) ;
#3986 = CARTESIAN_POINT ( 'NONE',  ( 4.741113354645781541, 0.6766666666666666385, 1.076666666666666217 ) ) ;
#3987 = LINE ( 'NONE', #5255, #4329 ) ;
#3988 = VERTEX_POINT ( 'NONE', #2425 ) ;
#3989 = CARTESIAN_POINT ( 'NONE',  ( 2.355000000000000426, 0.6650000000000000355, -1.350000000000000089 ) ) ;
#3990 = DIRECTION ( 'NONE',  ( -1.000000000000000000, 0.000000000000000000, -0.000000000000000000 ) ) ;
#3991 = EDGE_CURVE ( 'NONE', #4402, #2467, #5516, .T. ) ;
#3992 = ADVANCED_FACE ( 'NONE', ( #97 ), #2759, .F. ) ;
#3993 = CARTESIAN_POINT ( 'NONE',  ( 1.455000000000000959, -1.084202172485504434E-16, 1.100000000000000311 ) ) ;
#3994 = ORIENTED_EDGE ( 'NONE', *, *, #2980, .F. ) ;
#3995 = ORIENTED_EDGE ( 'NONE', *, *, #394, .F. ) ;
#3996 = CARTESIAN_POINT ( 'NONE',  ( 1.680000000000000160, 0.6299999999999995604, 1.349999999999999645 ) ) ;
#3997 = CARTESIAN_POINT ( 'NONE',  ( -0.1849999999999998312, -8.572527594031470725E-17, -1.099999999999999645 ) ) ;
#3998 = ORIENTED_EDGE ( 'NONE', *, *, #1673, .T. ) ;
#3999 = CARTESIAN_POINT ( 'NONE',  ( -0.8599999999999998757, 0.6299999999999997824, -0.9749999999999995337 ) ) ;
#4000 = CARTESIAN_POINT ( 'NONE',  ( -1.454999999999999849, 0.6650000000000000355, -1.349999999999999645 ) ) ;
#4001 = EDGE_LOOP ( 'NONE', ( #88, #280, #2071, #1195 ) ) ;
#4002 = VERTEX_POINT ( 'NONE', #2114 ) ;
#4003 = CARTESIAN_POINT ( 'NONE',  ( -0.1849999999999998312, 0.000000000000000000, -1.349999999999999645 ) ) ;
#4004 = ADVANCED_FACE ( 'NONE', ( #5715 ), #5630, .F. ) ;
#4005 = CARTESIAN_POINT ( 'NONE',  ( 0.000000000000000000, 0.6300000000000000044, -1.099999999999999867 ) ) ;
#4006 = DIRECTION ( 'NONE',  ( -1.000000000000000000, -0.000000000000000000, -0.000000000000000000 ) ) ;
#4007 = DIRECTION ( 'NONE',  ( 0.000000000000000000, 0.000000000000000000, 1.000000000000000000 ) ) ;
#4008 = VERTEX_POINT ( 'NONE', #3439 ) ;
#4009 = ORIENTED_EDGE ( 'NONE', *, *, #2677, .F. ) ;
#4010 = LINE ( 'NONE', #5811, #1781 ) ;
#4011 = EDGE_CURVE ( 'NONE', #5281, #1491, #2093, .T. ) ;
#4012 = FACE_OUTER_BOUND ( 'NONE', #4094, .T. ) ;
#4013 = SHAPE_DEFINITION_REPRESENTATION ( #2673, #5256 ) ;
#4014 = CARTESIAN_POINT ( 'NONE',  ( 1.455000000000000071, -1.084202172485504434E-16, -1.349999999999999645 ) ) ;
#4015 = ORIENTED_EDGE ( 'NONE', *, *, #2185, .T. ) ;
#4016 = EDGE_CURVE ( 'NONE', #5503, #2476, #2550, .T. ) ;
#4017 = LINE ( 'NONE', #4050, #5652 ) ;
#4018 = CARTESIAN_POINT ( 'NONE',  ( -1.454999999999999405, -1.084202172485504434E-16, 1.600000000000000089 ) ) ;
#4019 = CARTESIAN_POINT ( 'NONE',  ( 2.540000000000001812, 0.6300000000000003375, 1.564999999999999503 ) ) ;
#4020 = ORIENTED_EDGE ( 'NONE', *, *, #585, .F. ) ;
#4021 = VERTEX_POINT ( 'NONE', #1591 ) ;
#4022 = EDGE_CURVE ( 'NONE', #3919, #3201, #4299, .T. ) ;
#4023 = DIRECTION ( 'NONE',  ( 0.000000000000000000, 1.000000000000000000, -0.000000000000000000 ) ) ;
#4024 = PLANE ( 'NONE',  #1400 ) ;
#4025 = ORIENTED_EDGE ( 'NONE', *, *, #949, .T. ) ;
#4026 = AXIS2_PLACEMENT_3D ( 'NONE', #4267, #3761, #150 ) ;
#4027 = DIRECTION ( 'NONE',  ( -1.000000000000000000, -0.000000000000000000, -0.000000000000000000 ) ) ;
#4028 = CARTESIAN_POINT ( 'NONE',  ( 1.085000000000000187, 0.03499999999999999639, 0.000000000000000000 ) ) ;
#4029 = VERTEX_POINT ( 'NONE', #3908 ) ;
#4030 = EDGE_LOOP ( 'NONE', ( #1547, #385, #5228, #5102 ) ) ;
#4031 = FACE_OUTER_BOUND ( 'NONE', #4074, .T. ) ;
#4032 = VERTEX_POINT ( 'NONE', #5241 ) ;
#4033 = VECTOR ( 'NONE', #5631, 1000.000000000000000 ) ;
#4034 = CARTESIAN_POINT ( 'NONE',  ( -1.454999999999999849, 0.000000000000000000, 1.349999999999999645 ) ) ;
#4035 = LINE ( 'NONE', #5838, #2134 ) ;
#4036 = DIRECTION ( 'NONE',  ( 0.000000000000000000, 1.000000000000000000, 0.000000000000000000 ) ) ;
#4037 = ORIENTED_EDGE ( 'NONE', *, *, #837, .F. ) ;
#4038 = COLOUR_RGB ( '',0.7921568627450980005, 0.8196078431372548767, 0.9333333333333333481 ) ;
#4039 = AXIS2_PLACEMENT_3D ( 'NONE', #5257, #3543, #1635 ) ;
#4040 = LINE ( 'NONE', #3689, #2359 ) ;
#4041 = DIRECTION ( 'NONE',  ( 0.000000000000000000, -1.000000000000000000, 0.000000000000000000 ) ) ;
#4042 = CARTESIAN_POINT ( 'NONE',  ( 0.000000000000000000, 0.000000000000000000, 0.000000000000000000 ) ) ;
#4043 = LINE ( 'NONE', #882, #513 ) ;
#4044 = ORIENTED_EDGE ( 'NONE', *, *, #1269, .T. ) ;
#4045 = VECTOR ( 'NONE', #3954, 1000.000000000000000 ) ;
#4046 = VECTOR ( 'NONE', #4518, 1000.000000000000000 ) ;
#4047 = EDGE_CURVE ( 'NONE', #1146, #3598, #3932, .T. ) ;
#4048 = AXIS2_PLACEMENT_3D ( 'NONE', #983, #5050, #2274 ) ;
#4049 = PRODUCT_DEFINITION_SHAPE ( 'NONE', 'NONE',  #1116 ) ;
#4050 = CARTESIAN_POINT ( 'NONE',  ( 1.085000000000000187, -1.469576158976823553E-16, 1.599999999999999645 ) ) ;
#4051 = DIRECTION ( 'NONE',  ( 4.336808689942020201E-16, 0.000000000000000000, 1.000000000000000000 ) ) ;
#4052 = COLOUR_RGB ( '',0.7921568627450980005, 0.8196078431372548767, 0.9333333333333333481 ) ;
#4053 = VECTOR ( 'NONE', #3241, 1000.000000000000000 ) ;
#4054 = LINE ( 'NONE', #3699, #5568 ) ;
#4055 = ORIENTED_EDGE ( 'NONE', *, *, #5136, .F. ) ;
#4056 = EDGE_LOOP ( 'NONE', ( #4935, #5470, #4990, #2014, #493, #648, #1793, #4832 ) ) ;
#4057 = AXIS2_PLACEMENT_3D ( 'NONE', #5395, #1323, #3147 ) ;
#4058 = PLANE ( 'NONE',  #1849 ) ;
#4059 = PLANE ( 'NONE',  #4261 ) ;
#4060 = LINE ( 'NONE', #4995, #4980 ) ;
#4061 = ORIENTED_EDGE ( 'NONE', *, *, #2793, .F. ) ;
#4062 = DIRECTION ( 'NONE',  ( 1.000000000000000000, 0.000000000000000000, 0.000000000000000000 ) ) ;
#4063 = EDGE_CURVE ( 'NONE', #1681, #2839, #5185, .T. ) ;
#4064 = LINE ( 'NONE', #4028, #5064 ) ;
#4065 = DIRECTION ( 'NONE',  ( 0.000000000000000000, 1.000000000000000000, -0.000000000000000000 ) ) ;
#4066 = VERTEX_POINT ( 'NONE', #5694 ) ;
#4067 = ORIENTED_EDGE ( 'NONE', *, *, #5789, .F. ) ;
#4068 = DIRECTION ( 'NONE',  ( -0.000000000000000000, -0.000000000000000000, 1.000000000000000000 ) ) ;
#4069 = VECTOR ( 'NONE', #4599, 1000.000000000000000 ) ;
#4070 = CARTESIAN_POINT ( 'NONE',  ( -1.679999999999999938, -1.084202172485504434E-16, 1.099999999999999645 ) ) ;
#4071 = LINE ( 'NONE', #1325, #1411 ) ;
#4072 = ADVANCED_FACE ( 'NONE', ( #5152 ), #5744, .F. ) ;
#4073 = ADVANCED_FACE ( 'NONE', ( #2992 ), #270, .F. ) ;
#4074 = EDGE_LOOP ( 'NONE', ( #350, #4890, #4214, #5725 ) ) ;
#4075 = CARTESIAN_POINT ( 'NONE',  ( 1.085000000000000409, -1.084202172485504434E-16, 1.100000000000000311 ) ) ;
#4076 = LINE ( 'NONE', #5876, #1398 ) ;
#4077 = APPLICATION_PROTOCOL_DEFINITION ( 'draft international standard', 'automotive_design', 1998, #2263 ) ;
#4078 = DIRECTION ( 'NONE',  ( -1.000000000000000000, 0.000000000000000000, 4.336808689942020201E-16 ) ) ;
#4079 = VERTEX_POINT ( 'NONE', #3855 ) ;
#4080 = VECTOR ( 'NONE', #3446, 1000.000000000000000 ) ;
#4081 = DIRECTION ( 'NONE',  ( -0.000000000000000000, 0.000000000000000000, 1.000000000000000000 ) ) ;
#4082 = DIRECTION ( 'NONE',  ( -1.000000000000000000, -0.000000000000000000, 0.000000000000000000 ) ) ;
#4083 = EDGE_CURVE ( 'NONE', #1275, #4262, #2516, .T. ) ;
#4084 = DIRECTION ( 'NONE',  ( -0.000000000000000000, 1.000000000000000000, -0.000000000000000000 ) ) ;
#4085 = ORIENTED_EDGE ( 'NONE', *, *, #226, .T. ) ;
#4086 = ORIENTED_EDGE ( 'NONE', *, *, #1464, .F. ) ;
#4087 = FACE_OUTER_BOUND ( 'NONE', #786, .T. ) ;
#4088 = LINE ( 'NONE', #3163, #1785 ) ;
#4089 = DIRECTION ( 'NONE',  ( 0.000000000000000000, 0.000000000000000000, 1.000000000000000000 ) ) ;
#4090 = DIRECTION ( 'NONE',  ( -1.606225440719266613E-16, 0.000000000000000000, -1.000000000000000000 ) ) ;
#4091 =( REPRESENTATION_RELATIONSHIP ('NONE','NONE', #5256, #3415 ) REPRESENTATION_RELATIONSHIP_WITH_TRANSFORMATION ( #855 )SHAPE_REPRESENTATION_RELATIONSHIP( ) );
#4092 = PLANE ( 'NONE',  #2898 ) ;
#4093 = PLANE ( 'NONE',  #64 ) ;
#4094 = EDGE_LOOP ( 'NONE', ( #4086, #3534, #4067, #289 ) ) ;
#4095 = EDGE_CURVE ( 'NONE', #4529, #403, #5663, .T. ) ;
#4096 = LINE ( 'NONE', #5002, #5734 ) ;
#4097 = EDGE_LOOP ( 'NONE', ( #995, #3963, #3474, #630 ) ) ;
#4098 = LINE ( 'NONE', #8, #4814 ) ;
#4099 = LINE ( 'NONE', #848, #3754 ) ;
#4100 = DIRECTION ( 'NONE',  ( 1.707404996040163525E-16, 0.000000000000000000, -1.000000000000000000 ) ) ;
#4101 = DIRECTION ( 'NONE',  ( -0.000000000000000000, 1.000000000000000000, 0.000000000000000000 ) ) ;
#4102 = ORIENTED_EDGE ( 'NONE', *, *, #5657, .F. ) ;
#4103 = EDGE_CURVE ( 'NONE', #4718, #5020, #4770, .T. ) ;
#4104 = LINE ( 'NONE', #4977, #537 ) ;
#4105 = FACE_OUTER_BOUND ( 'NONE', #5420, .T. ) ;
#4106 = CARTESIAN_POINT ( 'NONE',  ( 1.085000000000000631, -1.084202172485504434E-16, 1.600000000000000089 ) ) ;
#4107 = ORIENTED_EDGE ( 'NONE', *, *, #3658, .T. ) ;
#4108 = CARTESIAN_POINT ( 'NONE',  ( 0.1850000000000002753, -8.572527594031470725E-17, 1.099999999999999645 ) ) ;
#4109 = FACE_OUTER_BOUND ( 'NONE', #1254, .T. ) ;
#4110 = DIRECTION ( 'NONE',  ( 1.707404996040163525E-16, 0.000000000000000000, -1.000000000000000000 ) ) ;
#4111 = ORIENTED_EDGE ( 'NONE', *, *, #1175, .T. ) ;
#4112 = ORIENTED_EDGE ( 'NONE', *, *, #1530, .T. ) ;
#4113 = CARTESIAN_POINT ( 'NONE',  ( 1.085000000000000187, -1.084202172485504434E-16, -1.599999999999999645 ) ) ;
#4114 = EDGE_CURVE ( 'NONE', #3668, #5454, #1620, .T. ) ;
#4115 = DIRECTION ( 'NONE',  ( 0.000000000000000000, 0.000000000000000000, -1.000000000000000000 ) ) ;
#4116 = DIRECTION ( 'NONE',  ( -0.000000000000000000, -0.000000000000000000, -1.000000000000000000 ) ) ;
#4117 = DIRECTION ( 'NONE',  ( -0.000000000000000000, -1.165808787618822693E-15, 1.000000000000000000 ) ) ;
#4118 = DIRECTION ( 'NONE',  ( 4.336808689942020201E-16, -0.000000000000000000, 1.000000000000000000 ) ) ;
#4119 = LINE ( 'NONE', #3647, #823 ) ;
#4120 = VERTEX_POINT ( 'NONE', #1196 ) ;
#4121 = ADVANCED_FACE ( 'NONE', ( #3024 ), #4272, .F. ) ;
#4122 = ORIENTED_EDGE ( 'NONE', *, *, #3339, .F. ) ;
#4123 = CARTESIAN_POINT ( 'NONE',  ( -0.4099999999999997535, -1.084202172485504434E-16, -1.349999999999999645 ) ) ;
#4124 = PLANE ( 'NONE',  #3285 ) ;
#4125 = CARTESIAN_POINT ( 'NONE',  ( -0.4099999999999997535, -1.084202172485504434E-16, 1.349999999999999645 ) ) ;
#4126 = ADVANCED_FACE ( 'NONE', ( #1143 ), #747, .F. ) ;
#4127 = DIRECTION ( 'NONE',  ( 1.000000000000000000, 0.000000000000000000, -0.000000000000000000 ) ) ;
#4128 = EDGE_LOOP ( 'NONE', ( #2076, #1815, #3143, #756 ) ) ;
#4129 = VECTOR ( 'NONE', #1167, 1000.000000000000000 ) ;
#4130 = CARTESIAN_POINT ( 'NONE',  ( 1.680000000000000160, 0.6299999999999997824, -0.9749999999999995337 ) ) ;
#4131 = PLANE ( 'NONE',  #1091 ) ;
#4132 = ORIENTED_EDGE ( 'NONE', *, *, #1267, .F. ) ;
#4133 = EDGE_CURVE ( 'NONE', #2866, #4861, #634, .T. ) ;
#4134 = EDGE_CURVE ( 'NONE', #2116, #1553, #2066, .T. ) ;
#4135 = VECTOR ( 'NONE', #5622, 1000.000000000000000 ) ;
#4136 = CARTESIAN_POINT ( 'NONE',  ( 0.1850000000000003864, 0.6300000000000000044, -1.099999999999999867 ) ) ;
#4137 = CARTESIAN_POINT ( 'NONE',  ( 1.455000000000000071, 0.6300000000000003375, 1.564999999999999503 ) ) ;
#4138 = VECTOR ( 'NONE', #1836, 1000.000000000000000 ) ;
#4139 = VECTOR ( 'NONE', #5106, 1000.000000000000000 ) ;
#4140 = ADVANCED_FACE ( 'NONE', ( #5386 ), #4444, .F. ) ;
#4141 = AXIS2_PLACEMENT_3D ( 'NONE', #2081, #5203, #5759 ) ;
#4142 = CARTESIAN_POINT ( 'NONE',  ( 0.4100000000000000866, -1.084202172485504434E-16, -1.349999999999999645 ) ) ;
#4143 = VERTEX_POINT ( 'NONE', #3140 ) ;
#4144 = VERTEX_POINT ( 'NONE', #1759 ) ;
#4145 = AXIS2_PLACEMENT_3D ( 'NONE', #322, #3969, #5772 ) ;
#4146 = LINE ( 'NONE', #4556, #5457 ) ;
#4147 = DIRECTION ( 'NONE',  ( 1.707404996040163525E-16, -0.000000000000000000, 1.000000000000000000 ) ) ;
#4148 = LINE ( 'NONE', #4528, #517 ) ;
#4149 = VECTOR ( 'NONE', #5204, 1000.000000000000000 ) ;
#4150 = AXIS2_PLACEMENT_3D ( 'NONE', #4253, #608, #3362 ) ;
#4151 = CARTESIAN_POINT ( 'NONE',  ( -1.084999999999999076, 0.6300000000000003375, 1.564999999999998836 ) ) ;
#4152 = DIRECTION ( 'NONE',  ( 0.000000000000000000, 0.000000000000000000, -1.000000000000000000 ) ) ;
#4153 = EDGE_LOOP ( 'NONE', ( #469, #2145, #107, #2298 ) ) ;
#4154 = CARTESIAN_POINT ( 'NONE',  ( -1.454999999999999849, 0.000000000000000000, -1.349999999999999645 ) ) ;
#4155 = ORIENTED_EDGE ( 'NONE', *, *, #5304, .T. ) ;
#4156 = CARTESIAN_POINT ( 'NONE',  ( 1.680000000000000160, -1.084202172485504434E-16, -1.349999999999999645 ) ) ;
#4157 = EDGE_CURVE ( 'NONE', #2625, #4384, #806, .T. ) ;
#4158 = DIRECTION ( 'NONE',  ( 1.000000000000000000, 0.000000000000000000, 0.000000000000000000 ) ) ;
#4159 = LINE ( 'NONE', #74, #4736 ) ;
#4160 = AXIS2_PLACEMENT_3D ( 'NONE', #684, #4323, #1073 ) ;
#4161 = FACE_OUTER_BOUND ( 'NONE', #4686, .T. ) ;
#4162 = EDGE_LOOP ( 'NONE', ( #2403, #2431, #5482, #1142, #2610, #1811, #4932, #2735 ) ) ;
#4163 = FACE_OUTER_BOUND ( 'NONE', #5519, .T. ) ;
#4164 = VECTOR ( 'NONE', #2219, 1000.000000000000000 ) ;
#4165 = FACE_OUTER_BOUND ( 'NONE', #4614, .T. ) ;
#4166 = CARTESIAN_POINT ( 'NONE',  ( 0.4100000000000000866, -1.084202172485504434E-16, 1.349999999999999645 ) ) ;
#4167 = ORIENTED_EDGE ( 'NONE', *, *, #1253, .F. ) ;
#4168 = ORIENTED_EDGE ( 'NONE', *, *, #2785, .T. ) ;
#4169 = VECTOR ( 'NONE', #2272, 1000.000000000000000 ) ;
#4170 = ADVANCED_FACE ( 'NONE', ( #4936 ), #5862, .F. ) ;
#4171 = CARTESIAN_POINT ( 'NONE',  ( 1.085000000000000187, 0.6650000000000000355, -1.349999999999999645 ) ) ;
#4172 = CARTESIAN_POINT ( 'NONE',  ( -1.454999999999999849, 0.6300000000000000044, 0.000000000000000000 ) ) ;
#4173 = VECTOR ( 'NONE', #636, 1000.000000000000000 ) ;
#4174 = VERTEX_POINT ( 'NONE', #382 ) ;
#4175 = EDGE_LOOP ( 'NONE', ( #5208, #2522, #1228, #3824 ) ) ;
#4176 = LINE ( 'NONE', #470, #5832 ) ;
#4177 = ADVANCED_FACE ( 'NONE', ( #2690 ), #5825, .F. ) ;
#4178 = DIRECTION ( 'NONE',  ( -1.000000000000000000, 0.000000000000000000, 0.000000000000000000 ) ) ;
#4179 = EDGE_CURVE ( 'NONE', #161, #4461, #1728, .T. ) ;
#4180 = CARTESIAN_POINT ( 'NONE',  ( -1.679999999999999938, 0.03499999999999999639, 1.099999999999999645 ) ) ;
#4181 = UNCERTAINTY_MEASURE_WITH_UNIT (LENGTH_MEASURE( 1.000000000000000082E-05 ), #5258, 'distance_accuracy_value', 'NONE');
#4182 = ORIENTED_EDGE ( 'NONE', *, *, #2532, .F. ) ;
#4183 = ORIENTED_EDGE ( 'NONE', *, *, #3845, .T. ) ;
#4184 = VERTEX_POINT ( 'NONE', #2631 ) ;
#4185 = EDGE_CURVE ( 'NONE', #3654, #5574, #3617, .T. ) ;
#4186 = CARTESIAN_POINT ( 'NONE',  ( -1.455000000000000071, 0.6300000000000000044, 6.310056643865639750E-16 ) ) ;
#4187 = CARTESIAN_POINT ( 'NONE',  ( -2.505000000000001226, 0.6650000000000000355, 1.099999999999999645 ) ) ;
#4188 = DIRECTION ( 'NONE',  ( 0.000000000000000000, -0.000000000000000000, 1.000000000000000000 ) ) ;
#4189 = VERTEX_POINT ( 'NONE', #5351 ) ;
#4190 = FACE_OUTER_BOUND ( 'NONE', #212, .T. ) ;
#4191 = CARTESIAN_POINT ( 'NONE',  ( -2.540000000000000924, 6.596850090290522495, 1.564999999999998614 ) ) ;
#4192 = FACE_OUTER_BOUND ( 'NONE', #1420, .T. ) ;
#4193 = CARTESIAN_POINT ( 'NONE',  ( 2.505000000000002114, 0.6300000000000005596, -0.9749999999999995337 ) ) ;
#4194 = ORIENTED_EDGE ( 'NONE', *, *, #4854, .F. ) ;
#4195 = EDGE_LOOP ( 'NONE', ( #5181, #4208, #4652, #2149 ) ) ;
#4196 = EDGE_CURVE ( 'NONE', #3751, #4503, #1670, .T. ) ;
#4197 = CARTESIAN_POINT ( 'NONE',  ( -1.679999999999999938, 0.6299999999999995604, 1.349999999999999645 ) ) ;
#4198 = DIRECTION ( 'NONE',  ( -0.000000000000000000, -1.000000000000000000, -0.000000000000000000 ) ) ;
#4199 = ADVANCED_FACE ( 'NONE', ( #896 ), #2723, .F. ) ;
#4200 = EDGE_LOOP ( 'NONE', ( #2254, #5742, #3861, #5298, #3271, #527, #1568, #1331 ) ) ;
#4201 = EDGE_LOOP ( 'NONE', ( #4271, #3364, #5365, #1445 ) ) ;
#4202 = DIRECTION ( 'NONE',  ( 1.000000000000000000, 0.000000000000000000, 0.000000000000000000 ) ) ;
#4203 = DIRECTION ( 'NONE',  ( 9.637352644315618416E-16, 0.000000000000000000, 1.000000000000000000 ) ) ;
#4204 = CARTESIAN_POINT ( 'NONE',  ( 4.741113354645781541, 0.6650000000000000355, 1.099999999999999645 ) ) ;
#4205 = DIRECTION ( 'NONE',  ( -1.000000000000000000, 0.000000000000000000, 0.000000000000000000 ) ) ;
#4206 = ADVANCED_FACE ( 'NONE', ( #5800 ), #4530, .F. ) ;
#4207 = CARTESIAN_POINT ( 'NONE',  ( 1.085000000000000187, 0.6650000000000000355, -0.9749999999999995337 ) ) ;
#4208 = ORIENTED_EDGE ( 'NONE', *, *, #4157, .F. ) ;
#4209 = ORIENTED_EDGE ( 'NONE', *, *, #3066, .T. ) ;
#4210 = LINE ( 'NONE', #1440, #1298 ) ;
#4211 = CARTESIAN_POINT ( 'NONE',  ( -1.454999999999999627, -1.084202172485504434E-16, 1.100000000000000311 ) ) ;
#4212 = CARTESIAN_POINT ( 'NONE',  ( 1.085000000000000187, 0.6300000000000000044, 0.000000000000000000 ) ) ;
#4213 = EDGE_LOOP ( 'NONE', ( #904, #2777, #4827, #5782 ) ) ;
#4214 = ORIENTED_EDGE ( 'NONE', *, *, #2949, .F. ) ;
#4215 = DIRECTION ( 'NONE',  ( 0.000000000000000000, 0.000000000000000000, 1.000000000000000000 ) ) ;
#4216 = CARTESIAN_POINT ( 'NONE',  ( -2.540000000000000924, 0.6650000000000000355, 1.599999999999999645 ) ) ;
#4217 = DIRECTION ( 'NONE',  ( 0.000000000000000000, 0.000000000000000000, -1.000000000000000000 ) ) ;
#4218 = DIRECTION ( 'NONE',  ( -1.000000000000000000, -0.000000000000000000, -0.000000000000000000 ) ) ;
#4219 = EDGE_LOOP ( 'NONE', ( #3494, #1520, #5325, #3128, #5119, #1928, #974, #1209 ) ) ;
#4220 = ORIENTED_EDGE ( 'NONE', *, *, #202, .F. ) ;
#4221 = DIRECTION ( 'NONE',  ( -0.000000000000000000, 0.000000000000000000, 1.000000000000000000 ) ) ;
#4222 = DIRECTION ( 'NONE',  ( -1.000000000000000000, 0.000000000000000000, 0.000000000000000000 ) ) ;
#4223 = CARTESIAN_POINT ( 'NONE',  ( -1.084999999999999742, 0.03499999999999999639, 1.564999999999999503 ) ) ;
#4224 = ADVANCED_FACE ( 'NONE', ( #1250 ), #3495, .F. ) ;
#4225 = VERTEX_POINT ( 'NONE', #5326 ) ;
#4226 = ORIENTED_EDGE ( 'NONE', *, *, #1033, .F. ) ;
#4227 = MECHANICAL_DESIGN_GEOMETRIC_PRESENTATION_REPRESENTATION (  '', ( #507 ), #3277 ) ;
#4228 = CARTESIAN_POINT ( 'NONE',  ( -1.084999999999999742, 0.6300000000000003375, -1.564999999999999503 ) ) ;
#4229 = VECTOR ( 'NONE', #1779, 1000.000000000000000 ) ;
#4230 = VECTOR ( 'NONE', #317, 1000.000000000000000 ) ;
#4231 = CARTESIAN_POINT ( 'NONE',  ( -0.8599999999999998757, 0.6650000000000000355, -0.9749999999999995337 ) ) ;
#4232 = VECTOR ( 'NONE', #3921, 1000.000000000000000 ) ;
#4233 = PLANE ( 'NONE',  #1268 ) ;
#4234 = AXIS2_PLACEMENT_3D ( 'NONE', #3644, #5139, #3312 ) ;
#4235 = DIRECTION ( 'NONE',  ( -0.000000000000000000, -1.000000000000000000, 0.000000000000000000 ) ) ;
#4236 = ORIENTED_EDGE ( 'NONE', *, *, #1253, .T. ) ;
#4237 = PRESENTATION_STYLE_ASSIGNMENT (( #2990 ) ) ;
#4238 = VECTOR ( 'NONE', #525, 1000.000000000000000 ) ;
#4239 = ADVANCED_FACE ( 'NONE', ( #773 ), #3526, .F. ) ;
#4240 = ORIENTED_EDGE ( 'NONE', *, *, #5674, .F. ) ;
#4241 = CARTESIAN_POINT ( 'NONE',  ( -1.679999999999999938, 0.6299999999999997824, 0.9749999999999995337 ) ) ;
#4242 = CARTESIAN_POINT ( 'NONE',  ( -0.1849999999999998312, 0.6300000000000000044, 0.000000000000000000 ) ) ;
#4243 = LINE ( 'NONE', #3703, #5263 ) ;
#4244 = ORIENTED_EDGE ( 'NONE', *, *, #1831, .T. ) ;
#4245 = ORIENTED_EDGE ( 'NONE', *, *, #2095, .F. ) ;
#4246 = EDGE_LOOP ( 'NONE', ( #4613, #2389, #3904, #1379 ) ) ;
#4247 = VECTOR ( 'NONE', #3462, 1000.000000000000000 ) ;
#4248 = CARTESIAN_POINT ( 'NONE',  ( -1.084999999999999076, 6.596850090290522495, 1.564999999999998836 ) ) ;
#4249 = EDGE_CURVE ( 'NONE', #1028, #5244, #1699, .T. ) ;
#4250 = CARTESIAN_POINT ( 'NONE',  ( -1.084999999999999742, 0.6300000000000003375, 1.564999999999999503 ) ) ;
#4251 = EDGE_CURVE ( 'NONE', #1867, #224, #4878, .T. ) ;
#4252 = DIRECTION ( 'NONE',  ( 0.000000000000000000, 0.000000000000000000, -1.000000000000000000 ) ) ;
#4253 = CARTESIAN_POINT ( 'NONE',  ( 0.8600000000000003197, -1.084202172485504434E-16, 1.349999999999999645 ) ) ;
#4254 = ORIENTED_EDGE ( 'NONE', *, *, #4558, .T. ) ;
#4255 = PRESENTATION_LAYER_ASSIGNMENT (  '', '', ( #158 ) ) ;
#4256 = ORIENTED_EDGE ( 'NONE', *, *, #3332, .F. ) ;
#4257 = DIRECTION ( 'NONE',  ( 1.000000000000000000, 0.000000000000000000, 0.000000000000000000 ) ) ;
#4258 = DIRECTION ( 'NONE',  ( -0.000000000000000000, -0.000000000000000000, 1.000000000000000000 ) ) ;
#4259 = CARTESIAN_POINT ( 'NONE',  ( 2.540000000000001812, 0.03499999999999999639, 1.564999999999999503 ) ) ;
#4260 = DIRECTION ( 'NONE',  ( 0.000000000000000000, 1.000000000000000000, -0.000000000000000000 ) ) ;
#4261 = AXIS2_PLACEMENT_3D ( 'NONE', #2203, #1726, #1280 ) ;
#4262 = VERTEX_POINT ( 'NONE', #3999 ) ;
#4263 = ORIENTED_EDGE ( 'NONE', *, *, #1686, .F. ) ;
#4264 = DIRECTION ( 'NONE',  ( 0.000000000000000000, 1.000000000000000000, 0.000000000000000000 ) ) ;
#4265 = EDGE_CURVE ( 'NONE', #4184, #4032, #2662, .T. ) ;
#4266 = CARTESIAN_POINT ( 'NONE',  ( -2.505000000000001226, 0.6650000000000002576, -0.9749999999999995337 ) ) ;
#4267 = CARTESIAN_POINT ( 'NONE',  ( -0.1849999999999998312, 0.03499999999999999639, -1.099999999999999645 ) ) ;
#4268 = ORIENTED_EDGE ( 'NONE', *, *, #3906, .F. ) ;
#4269 = FACE_OUTER_BOUND ( 'NONE', #5675, .T. ) ;
#4270 = EDGE_CURVE ( 'NONE', #4577, #3628, #2506, .T. ) ;
#4271 = ORIENTED_EDGE ( 'NONE', *, *, #5657, .T. ) ;
#4272 = PLANE ( 'NONE',  #140 ) ;
#4273 = CARTESIAN_POINT ( 'NONE',  ( -1.084999999999999742, 0.000000000000000000, -1.349999999999999645 ) ) ;
#4274 = ADVANCED_FACE ( 'NONE', ( #1822 ), #176, .F. ) ;
#4275 = ORIENTED_EDGE ( 'NONE', *, *, #1075, .T. ) ;
#4276 = ORIENTED_EDGE ( 'NONE', *, *, #3544, .T. ) ;
#4277 = ORIENTED_EDGE ( 'NONE', *, *, #5761, .F. ) ;
#4278 = PLANE ( 'NONE',  #2261 ) ;
#4279 = DIRECTION ( 'NONE',  ( -0.000000000000000000, 0.000000000000000000, 1.000000000000000000 ) ) ;
#4280 = VECTOR ( 'NONE', #3258, 1000.000000000000000 ) ;
#4281 = CARTESIAN_POINT ( 'NONE',  ( 2.355000000000000426, 0.6299999999999997824, -0.9749999999999995337 ) ) ;
#4282 = CARTESIAN_POINT ( 'NONE',  ( -1.454999999999999849, -1.469576158976823553E-16, 1.599999999999999645 ) ) ;
#4283 = VERTEX_POINT ( 'NONE', #1576 ) ;
#4284 = VERTEX_POINT ( 'NONE', #3401 ) ;
#4285 = EDGE_CURVE ( 'NONE', #4343, #3680, #5205, .T. ) ;
#4286 = CARTESIAN_POINT ( 'NONE',  ( 4.741113354645781541, 0.6650000000000000355, 0.9749999999999995337 ) ) ;
#4287 = LINE ( 'NONE', #200, #5843 ) ;
#4288 = CARTESIAN_POINT ( 'NONE',  ( -1.454999999999999849, 0.03499999999999999639, -1.349999999999999645 ) ) ;
#4289 = ORIENTED_EDGE ( 'NONE', *, *, #526, .T. ) ;
#4290 = VERTEX_POINT ( 'NONE', #1517 ) ;
#4291 = CARTESIAN_POINT ( 'NONE',  ( 2.355000000000000426, 0.6650000000000000355, 1.599999999999999645 ) ) ;
#4292 = CARTESIAN_POINT ( 'NONE',  ( -2.130000000000000338, -1.084202172485504434E-16, -1.349999999999999645 ) ) ;
#4293 = CARTESIAN_POINT ( 'NONE',  ( -2.540000000000000924, -1.084202172485504434E-16, -1.349999999999999423 ) ) ;
#4294 = DIRECTION ( 'NONE',  ( 1.000000000000000000, 0.000000000000000000, 0.000000000000000000 ) ) ;
#4295 = ORIENTED_EDGE ( 'NONE', *, *, #1518, .F. ) ;
#4296 = EDGE_CURVE ( 'NONE', #5820, #183, #619, .T. ) ;
#4297 = CARTESIAN_POINT ( 'NONE',  ( -1.454999999999999849, 0.6299999999999997824, 0.9749999999999995337 ) ) ;
#4298 = VERTEX_POINT ( 'NONE', #4223 ) ;
#4299 = LINE ( 'NONE', #1556, #3015 ) ;
#4300 = DIRECTION ( 'NONE',  ( 1.000000000000000000, 0.000000000000000000, 0.000000000000000000 ) ) ;
#4301 = ADVANCED_FACE ( 'NONE', ( #5167 ), #473, .F. ) ;
#4302 = ORIENTED_EDGE ( 'NONE', *, *, #455, .T. ) ;
#4303 = ORIENTED_EDGE ( 'NONE', *, *, #5418, .F. ) ;
#4304 = ORIENTED_EDGE ( 'NONE', *, *, #5696, .T. ) ;
#4305 = FACE_OUTER_BOUND ( 'NONE', #2022, .T. ) ;
#4306 =( NAMED_UNIT ( * ) SI_UNIT ( $, .STERADIAN. ) SOLID_ANGLE_UNIT ( ) );
#4307 = DIRECTION ( 'NONE',  ( 0.000000000000000000, 0.000000000000000000, 1.000000000000000000 ) ) ;
#4308 = FACE_OUTER_BOUND ( 'NONE', #1961, .T. ) ;
#4309 = VERTEX_POINT ( 'NONE', #4996 ) ;
#4310 = ORIENTED_EDGE ( 'NONE', *, *, #3017, .F. ) ;
#4311 = FACE_OUTER_BOUND ( 'NONE', #2634, .T. ) ;
#4312 = VECTOR ( 'NONE', #2935, 1000.000000000000000 ) ;
#4313 = CARTESIAN_POINT ( 'NONE',  ( 1.085000000000000187, 0.6650000000000000355, 1.099999999999999645 ) ) ;
#4314 = ADVANCED_FACE ( 'NONE', ( #680 ), #5618, .F. ) ;
#4315 = DIRECTION ( 'NONE',  ( -1.000000000000000000, -0.000000000000000000, -0.000000000000000000 ) ) ;
#4316 = LINE ( 'NONE', #3063, #5554 ) ;
#4317 = EDGE_LOOP ( 'NONE', ( #1650, #35, #253, #698, #878, #5250, #573, #1622 ) ) ;
#4318 = DIRECTION ( 'NONE',  ( 0.000000000000000000, 1.000000000000000000, 0.000000000000000000 ) ) ;
#4319 = VECTOR ( 'NONE', #2094, 1000.000000000000000 ) ;
#4320 = CARTESIAN_POINT ( 'NONE',  ( 0.1850000000000002753, 0.6650000000000000355, 1.349999999999999645 ) ) ;
#4321 = EDGE_CURVE ( 'NONE', #5095, #494, #2446, .T. ) ;
#4322 = VECTOR ( 'NONE', #5419, 1000.000000000000000 ) ;
#4323 = DIRECTION ( 'NONE',  ( -1.000000000000000000, 0.000000000000000000, 0.000000000000000000 ) ) ;
#4324 = EDGE_LOOP ( 'NONE', ( #685, #952, #120, #3620 ) ) ;
#4325 = VECTOR ( 'NONE', #953, 1000.000000000000000 ) ;
#4326 = CARTESIAN_POINT ( 'NONE',  ( -1.454999999999999849, 0.6650000000000000355, 0.9749999999999995337 ) ) ;
#4327 = ORIENTED_EDGE ( 'NONE', *, *, #124, .T. ) ;
#4328 = CARTESIAN_POINT ( 'NONE',  ( 2.540000000000001812, 6.596850090290522495, 1.564999999999999503 ) ) ;
#4329 = VECTOR ( 'NONE', #5682, 1000.000000000000000 ) ;
#4330 = DIRECTION ( 'NONE',  ( 1.000000000000000000, 0.000000000000000000, 0.000000000000000000 ) ) ;
#4331 = VECTOR ( 'NONE', #3747, 1000.000000000000000 ) ;
#4332 = ORIENTED_EDGE ( 'NONE', *, *, #821, .F. ) ;
#4333 = ORIENTED_EDGE ( 'NONE', *, *, #374, .T. ) ;
#4334 = ORIENTED_EDGE ( 'NONE', *, *, #1636, .F. ) ;
#4335 = VECTOR ( 'NONE', #1417, 1000.000000000000000 ) ;
#4336 = EDGE_CURVE ( 'NONE', #4491, #3654, #1066, .T. ) ;
#4337 = LINE ( 'NONE', #1625, #249 ) ;
#4338 = VECTOR ( 'NONE', #4697, 1000.000000000000000 ) ;
#4339 = CARTESIAN_POINT ( 'NONE',  ( -1.679999999999999938, 0.03499999999999999639, -1.564999999999999503 ) ) ;
#4340 = LINE ( 'NONE', #2583, #4360 ) ;
#4341 = ORIENTED_EDGE ( 'NONE', *, *, #3309, .F. ) ;
#4342 = VECTOR ( 'NONE', #3744, 1000.000000000000000 ) ;
#4343 = VERTEX_POINT ( 'NONE', #4288 ) ;
#4344 = LINE ( 'NONE', #677, #1210 ) ;
#4345 = DIRECTION ( 'NONE',  ( -1.000000000000000000, 0.000000000000000000, 0.000000000000000000 ) ) ;
#4346 = SURFACE_STYLE_USAGE ( .BOTH. , #3062 ) ;
#4347 = FACE_OUTER_BOUND ( 'NONE', #451, .T. ) ;
#4348 = VECTOR ( 'NONE', #1768, 1000.000000000000000 ) ;
#4349 = ADVANCED_FACE ( 'NONE', ( #5442 ), #2480, .F. ) ;
#4350 = DIRECTION ( 'NONE',  ( -1.000000000000000000, 0.000000000000000000, -0.000000000000000000 ) ) ;
#4351 = AXIS2_PLACEMENT_3D ( 'NONE', #305, #2128, #2563 ) ;
#4352 = PLANE ( 'NONE',  #2103 ) ;
#4353 = ORIENTED_EDGE ( 'NONE', *, *, #3664, .F. ) ;
#4354 = VECTOR ( 'NONE', #2719, 1000.000000000000000 ) ;
#4355 = EDGE_CURVE ( 'NONE', #4914, #5869, #1040, .T. ) ;
#4356 = EDGE_CURVE ( 'NONE', #4856, #1630, #3368, .T. ) ;
#4357 = CARTESIAN_POINT ( 'NONE',  ( 1.085000000000000187, -1.163414459189985436E-16, -1.349999999999999645 ) ) ;
#4358 = VERTEX_POINT ( 'NONE', #141 ) ;
#4359 = CARTESIAN_POINT ( 'NONE',  ( 1.680000000000000160, 0.6650000000000000355, -0.9749999999999995337 ) ) ;
#4360 = VECTOR ( 'NONE', #1708, 1000.000000000000000 ) ;
#4361 = FACE_OUTER_BOUND ( 'NONE', #4455, .T. ) ;
#4362 = VERTEX_POINT ( 'NONE', #2926 ) ;
#4363 = ORIENTED_EDGE ( 'NONE', *, *, #3475, .T. ) ;
#4364 = DIRECTION ( 'NONE',  ( 0.000000000000000000, 0.000000000000000000, -1.000000000000000000 ) ) ;
#4365 = CARTESIAN_POINT ( 'NONE',  ( -0.4099999999999997535, 0.03499999999999998251, -1.349999999999999645 ) ) ;
#4366 = LINE ( 'NONE', #5807, #1605 ) ;
#4367 = ORIENTED_EDGE ( 'NONE', *, *, #2477, .F. ) ;
#4368 = ORIENTED_EDGE ( 'NONE', *, *, #3815, .T. ) ;
#4369 = PLANE ( 'NONE',  #1499 ) ;
#4370 = LINE ( 'NONE', #282, #3666 ) ;
#4371 = CARTESIAN_POINT ( 'NONE',  ( 0.4100000000000000866, 0.6649999999999998135, -1.349999999999999645 ) ) ;
#4372 = CARTESIAN_POINT ( 'NONE',  ( 0.4100000000000000866, -1.084202172485504434E-16, 1.349999999999999645 ) ) ;
#4373 = EDGE_CURVE ( 'NONE', #1491, #1069, #1370, .T. ) ;
#4374 = DIRECTION ( 'NONE',  ( 0.000000000000000000, -1.000000000000000000, 0.000000000000000000 ) ) ;
#4375 = LINE ( 'NONE', #311, #4985 ) ;
#4376 = EDGE_CURVE ( 'NONE', #3388, #1694, #2414, .T. ) ;
#4377 = CARTESIAN_POINT ( 'NONE',  ( 4.741113354645781541, 0.6766666666666668606, -1.076666666666666217 ) ) ;
#4378 = EDGE_LOOP ( 'NONE', ( #2495, #1316, #2194, #540 ) ) ;
#4379 = PLANE ( 'NONE',  #41 ) ;
#4380 = VERTEX_POINT ( 'NONE', #30 ) ;
#4381 = CARTESIAN_POINT ( 'NONE',  ( -1.454999999999999627, -1.084202172485504434E-16, 1.100000000000000311 ) ) ;
#4382 = EDGE_CURVE ( 'NONE', #521, #4529, #3675, .T. ) ;
#4383 = CARTESIAN_POINT ( 'NONE',  ( -0.1849999999999998312, 0.03499999999999999639, -1.349999999999999645 ) ) ;
#4384 = VERTEX_POINT ( 'NONE', #1965 ) ;
#4385 = EDGE_CURVE ( 'NONE', #2880, #1996, #2864, .T. ) ;
#4386 = ORIENTED_EDGE ( 'NONE', *, *, #48, .T. ) ;
#4387 = ORIENTED_EDGE ( 'NONE', *, *, #5391, .T. ) ;
#4388 = FACE_OUTER_BOUND ( 'NONE', #1780, .T. ) ;
#4389 = CARTESIAN_POINT ( 'NONE',  ( 2.540000000000001812, -1.084202172485504434E-16, 1.349999999999999201 ) ) ;
#4390 = DIRECTION ( 'NONE',  ( 1.000000000000000000, 0.000000000000000000, -0.000000000000000000 ) ) ;
#4391 = CARTESIAN_POINT ( 'NONE',  ( 1.455000000000000071, -8.572527594031470725E-17, 1.099999999999999645 ) ) ;
#4392 = ADVANCED_FACE ( 'NONE', ( #2130 ), #5760, .T. ) ;
#4393 = ORIENTED_EDGE ( 'NONE', *, *, #5435, .F. ) ;
#4394 = VERTEX_POINT ( 'NONE', #4397 ) ;
#4395 = CARTESIAN_POINT ( 'NONE',  ( -2.540000000000000924, 6.596850090290522495, -1.564999999999997726 ) ) ;
#4396 = LINE ( 'NONE', #3399, #4612 ) ;
#4397 = CARTESIAN_POINT ( 'NONE',  ( 2.540000000000001812, 0.6649999999999998135, -1.350000000000000089 ) ) ;
#4398 = DIRECTION ( 'NONE',  ( 0.000000000000000000, 0.000000000000000000, 1.000000000000000000 ) ) ;
#4399 =( NAMED_UNIT ( * ) PLANE_ANGLE_UNIT ( ) SI_UNIT ( $, .RADIAN. ) );
#4400 = ADVANCED_FACE ( 'NONE', ( #761 ), #2537, .F. ) ;
#4401 = CARTESIAN_POINT ( 'NONE',  ( 1.680000000000000160, -1.084202172485504434E-16, -1.349999999999999645 ) ) ;
#4402 = VERTEX_POINT ( 'NONE', #2589 ) ;
#4403 = VECTOR ( 'NONE', #5664, 1000.000000000000000 ) ;
#4404 = PLANE ( 'NONE',  #796 ) ;
#4405 = CARTESIAN_POINT ( 'NONE',  ( 2.355000000000000426, 0.03499999999999999639, -1.564999999999999503 ) ) ;
#4406 = ORIENTED_EDGE ( 'NONE', *, *, #5001, .T. ) ;
#4407 = DIRECTION ( 'NONE',  ( -0.000000000000000000, 0.000000000000000000, 1.000000000000000000 ) ) ;
#4408 = CARTESIAN_POINT ( 'NONE',  ( 2.540000000000001812, 0.03499999999999999639, -1.564999999999999503 ) ) ;
#4409 = ORIENTED_EDGE ( 'NONE', *, *, #5588, .T. ) ;
#4410 = ORIENTED_EDGE ( 'NONE', *, *, #4016, .T. ) ;
#4411 = EDGE_LOOP ( 'NONE', ( #3103, #1101, #935, #4958 ) ) ;
#4412 = ADVANCED_FACE ( 'NONE', ( #4347 ), #3513, .F. ) ;
#4413 = LINE ( 'NONE', #2210, #4446 ) ;
#4414 = STYLED_ITEM ( 'NONE', ( #4237 ), #1689 ) ;
#4415 = VECTOR ( 'NONE', #4689, 1000.000000000000000 ) ;
#4416 = LINE ( 'NONE', #847, #2148 ) ;
#4417 = VECTOR ( 'NONE', #2867, 1000.000000000000000 ) ;
#4418 = CARTESIAN_POINT ( 'NONE',  ( 2.130000000000000338, -1.084202172485504434E-16, -1.350000000000000089 ) ) ;
#4419 = LINE ( 'NONE', #4391, #2845 ) ;
#4420 = ORIENTED_EDGE ( 'NONE', *, *, #2142, .T. ) ;
#4421 = VECTOR ( 'NONE', #658, 1000.000000000000000 ) ;
#4422 = EDGE_LOOP ( 'NONE', ( #2940, #4469, #819, #2475 ) ) ;
#4423 = VECTOR ( 'NONE', #4698, 1000.000000000000000 ) ;
#4424 = EDGE_CURVE ( 'NONE', #2362, #850, #3987, .T. ) ;
#4425 = EDGE_CURVE ( 'NONE', #3120, #2968, #4316, .T. ) ;
#4426 = DIRECTION ( 'NONE',  ( 1.000000000000000000, 0.000000000000000000, -9.637352644315618416E-16 ) ) ;
#4427 = AXIS2_PLACEMENT_3D ( 'NONE', #2295, #3186, #3222 ) ;
#4428 = CARTESIAN_POINT ( 'NONE',  ( -1.454999999999999849, 0.6650000000000000355, 0.9749999999999995337 ) ) ;
#4429 = LINE ( 'NONE', #1687, #2053 ) ;
#4430 = VECTOR ( 'NONE', #5469, 1000.000000000000000 ) ;
#4431 = CARTESIAN_POINT ( 'NONE',  ( 1.085000000000000187, 0.6300000000000001155, 1.349999999999999645 ) ) ;
#4432 = CARTESIAN_POINT ( 'NONE',  ( 2.540000000000001812, 0.6300000000000003375, -1.564999999999998614 ) ) ;
#4433 = AXIS2_PLACEMENT_3D ( 'NONE', #4751, #4279, #4858 ) ;
#4434 = AXIS2_PLACEMENT_3D ( 'NONE', #2903, #182, #1940 ) ;
#4435 = CARTESIAN_POINT ( 'NONE',  ( 2.505000000000002114, 0.6650000000000002576, -1.099999999999999645 ) ) ;
#4436 = PRESENTATION_LAYER_ASSIGNMENT (  '', '', ( #2931 ) ) ;
#4437 = VERTEX_POINT ( 'NONE', #1157 ) ;
#4438 = VERTEX_POINT ( 'NONE', #3899 ) ;
#4439 = EDGE_CURVE ( 'NONE', #4940, #3052, #308, .T. ) ;
#4440 = DIRECTION ( 'NONE',  ( 0.000000000000000000, 1.000000000000000000, 0.000000000000000000 ) ) ;
#4441 = VECTOR ( 'NONE', #165, 1000.000000000000000 ) ;
#4442 = DIRECTION ( 'NONE',  ( 1.000000000000000000, -0.000000000000000000, 0.000000000000000000 ) ) ;
#4443 = ORIENTED_EDGE ( 'NONE', *, *, #4628, .T. ) ;
#4444 = PLANE ( 'NONE',  #4709 ) ;
#4445 = DIRECTION ( 'NONE',  ( 1.000000000000000000, -0.000000000000000000, -0.000000000000000000 ) ) ;
#4446 = VECTOR ( 'NONE', #751, 1000.000000000000000 ) ;
#4447 = EDGE_LOOP ( 'NONE', ( #4327, #5154, #959, #3714, #2799, #5156, #3370, #1347, #5581, #4755 ) ) ;
#4448 = VERTEX_POINT ( 'NONE', #4431 ) ;
#4449 = ADVANCED_FACE ( 'NONE', ( #2166 ), #2615, .F. ) ;
#4450 = DIRECTION ( 'NONE',  ( -0.000000000000000000, -0.000000000000000000, 1.000000000000000000 ) ) ;
#4451 = VECTOR ( 'NONE', #3119, 1000.000000000000000 ) ;
#4452 = CARTESIAN_POINT ( 'NONE',  ( 2.130000000000000782, 0.6299999999999997824, 0.9749999999999995337 ) ) ;
#4453 = PLANE ( 'NONE',  #1853 ) ;
#4454 = CARTESIAN_POINT ( 'NONE',  ( 2.540000000000001812, 0.6650000000000000355, 1.349999999999999201 ) ) ;
#4455 = EDGE_LOOP ( 'NONE', ( #171, #1526, #1555, #5328 ) ) ;
#4456 = EDGE_CURVE ( 'NONE', #2007, #1374, #2985, .T. ) ;
#4457 = ORIENTED_EDGE ( 'NONE', *, *, #235, .F. ) ;
#4458 = CARTESIAN_POINT ( 'NONE',  ( -1.454999999999999849, -8.572527594031470725E-17, 1.099999999999999645 ) ) ;
#4459 = DIRECTION ( 'NONE',  ( 1.000000000000000000, 0.000000000000000000, -4.336808689942017736E-16 ) ) ;
#4460 = CARTESIAN_POINT ( 'NONE',  ( 0.1850000000000006917, 0.6300000000000003375, 1.564999999999999059 ) ) ;
#4461 = VERTEX_POINT ( 'NONE', #230 ) ;
#4462 = EDGE_CURVE ( 'NONE', #5574, #1952, #4819, .T. ) ;
#4463 = DIRECTION ( 'NONE',  ( -0.000000000000000000, 0.000000000000000000, 1.000000000000000000 ) ) ;
#4464 = FACE_OUTER_BOUND ( 'NONE', #945, .T. ) ;
#4465 = VERTEX_POINT ( 'NONE', #5314 ) ;
#4466 = ORIENTED_EDGE ( 'NONE', *, *, #5871, .F. ) ;
#4467 = CARTESIAN_POINT ( 'NONE',  ( -1.454999999999999849, 0.6650000000000000355, -1.599999999999999645 ) ) ;
#4468 = DIRECTION ( 'NONE',  ( 0.000000000000000000, 1.000000000000000000, -1.224646799147352961E-16 ) ) ;
#4469 = ORIENTED_EDGE ( 'NONE', *, *, #123, .F. ) ;
#4470 = CARTESIAN_POINT ( 'NONE',  ( 0.4100000000000000866, 0.03499999999999999639, 1.564999999999999503 ) ) ;
#4471 = DIRECTION ( 'NONE',  ( 0.000000000000000000, 1.000000000000000000, -0.000000000000000000 ) ) ;
#4472 = ORIENTED_EDGE ( 'NONE', *, *, #4845, .F. ) ;
#4473 = ORIENTED_EDGE ( 'NONE', *, *, #1905, .T. ) ;
#4474 = DIRECTION ( 'NONE',  ( -0.000000000000000000, 1.000000000000000000, -0.000000000000000000 ) ) ;
#4475 = ORIENTED_EDGE ( 'NONE', *, *, #3183, .T. ) ;
#4476 = DIRECTION ( 'NONE',  ( 1.000000000000000000, -0.000000000000000000, 0.000000000000000000 ) ) ;
#4477 = EDGE_CURVE ( 'NONE', #1135, #4143, #260, .T. ) ;
#4478 = LINE ( 'NONE', #389, #2534 ) ;
#4479 = FACE_OUTER_BOUND ( 'NONE', #5404, .T. ) ;
#4480 = ORIENTED_EDGE ( 'NONE', *, *, #4321, .F. ) ;
#4481 = ORIENTED_EDGE ( 'NONE', *, *, #601, .T. ) ;
#4482 = CARTESIAN_POINT ( 'NONE',  ( 1.085000000000000187, 0.6650000000000000355, 1.349999999999999645 ) ) ;
#4483 = CARTESIAN_POINT ( 'NONE',  ( -1.679999999999999938, -1.084202172485504434E-16, -1.349999999999999645 ) ) ;
#4484 = DIRECTION ( 'NONE',  ( 0.000000000000000000, 0.000000000000000000, 1.000000000000000000 ) ) ;
#4485 = ORIENTED_EDGE ( 'NONE', *, *, #4424, .T. ) ;
#4486 = ADVANCED_FACE ( 'NONE', ( #3431 ), #791, .F. ) ;
#4487 = CARTESIAN_POINT ( 'NONE',  ( 1.680000000000000160, -1.084202172485504434E-16, 1.349999999999999645 ) ) ;
#4488 = DIRECTION ( 'NONE',  ( 0.000000000000000000, -1.541495945965275489E-16, -1.000000000000000000 ) ) ;
#4489 = LINE ( 'NONE', #4988, #3869 ) ;
#4490 = ORIENTED_EDGE ( 'NONE', *, *, #3738, .T. ) ;
#4491 = VERTEX_POINT ( 'NONE', #1180 ) ;
#4492 = DIRECTION ( 'NONE',  ( 1.000000000000000000, 0.000000000000000000, 0.000000000000000000 ) ) ;
#4493 = EDGE_CURVE ( 'NONE', #2318, #1310, #3541, .T. ) ;
#4494 = FACE_OUTER_BOUND ( 'NONE', #320, .T. ) ;
#4495 = ADVANCED_FACE ( 'NONE', ( #1656 ), #4842, .F. ) ;
#4496 = ORIENTED_EDGE ( 'NONE', *, *, #3010, .F. ) ;
#4497 = VECTOR ( 'NONE', #2487, 1000.000000000000000 ) ;
#4498 = DIRECTION ( 'NONE',  ( 0.000000000000000000, 0.000000000000000000, -1.000000000000000000 ) ) ;
#4499 = CARTESIAN_POINT ( 'NONE',  ( -2.505000000000001226, 0.6766666666666668606, -1.076666666666666217 ) ) ;
#4500 = EDGE_LOOP ( 'NONE', ( #5656, #4913, #1743, #840 ) ) ;
#4501 = ORIENTED_EDGE ( 'NONE', *, *, #4822, .T. ) ;
#4502 = DIRECTION ( 'NONE',  ( 0.000000000000000000, 0.000000000000000000, -1.000000000000000000 ) ) ;
#4503 = VERTEX_POINT ( 'NONE', #1215 ) ;
#4504 = LINE ( 'NONE', #2184, #1586 ) ;
#4505 = DIRECTION ( 'NONE',  ( 0.000000000000000000, -1.000000000000000000, 0.000000000000000000 ) ) ;
#4506 = CARTESIAN_POINT ( 'NONE',  ( 1.085000000000000187, 0.6650000000000000355, -1.349999999999999645 ) ) ;
#4507 = ORIENTED_EDGE ( 'NONE', *, *, #1624, .T. ) ;
#4508 = ADVANCED_FACE ( 'NONE', ( #3038 ), #3091, .F. ) ;
#4509 = VECTOR ( 'NONE', #5461, 1000.000000000000000 ) ;
#4510 = AXIS2_PLACEMENT_3D ( 'NONE', #1663, #4350, #4463 ) ;
#4511 = CARTESIAN_POINT ( 'NONE',  ( -1.454999999999999849, 0.6300000000000000044, -1.564999999999998614 ) ) ;
#4512 = PLANE ( 'NONE',  #2736 ) ;
#4513 = CARTESIAN_POINT ( 'NONE',  ( -2.540000000000000924, 0.03499999999999999639, 1.564999999999998614 ) ) ;
#4514 = ORIENTED_EDGE ( 'NONE', *, *, #485, .F. ) ;
#4515 = VECTOR ( 'NONE', #4963, 1000.000000000000000 ) ;
#4516 = VECTOR ( 'NONE', #4640, 1000.000000000000000 ) ;
#4517 = AXIS2_PLACEMENT_3D ( 'NONE', #2342, #2050, #5312 ) ;
#4518 = DIRECTION ( 'NONE',  ( -1.000000000000000000, 0.000000000000000000, 0.000000000000000000 ) ) ;
#4519 = FACE_OUTER_BOUND ( 'NONE', #2222, .T. ) ;
#4520 = VECTOR ( 'NONE', #583, 1000.000000000000000 ) ;
#4521 = EDGE_CURVE ( 'NONE', #2776, #1867, #1330, .T. ) ;
#4522 = DIRECTION ( 'NONE',  ( 0.000000000000000000, -1.000000000000000000, 0.000000000000000000 ) ) ;
#4523 = ORIENTED_EDGE ( 'NONE', *, *, #5548, .F. ) ;
#4524 = ORIENTED_EDGE ( 'NONE', *, *, #4533, .T. ) ;
#4525 = VECTOR ( 'NONE', #3864, 1000.000000000000000 ) ;
#4526 = CARTESIAN_POINT ( 'NONE',  ( 1.084999999999999964, 0.6300000000000000044, -4.705437428587092202E-16 ) ) ;
#4527 = FACE_OUTER_BOUND ( 'NONE', #5161, .T. ) ;
#4528 = CARTESIAN_POINT ( 'NONE',  ( 1.455000000000000071, -8.572527594031470725E-17, -1.099999999999999645 ) ) ;
#4529 = VERTEX_POINT ( 'NONE', #396 ) ;
#4530 = PLANE ( 'NONE',  #3670 ) ;
#4531 = DIRECTION ( 'NONE',  ( 0.000000000000000000, 0.000000000000000000, 1.000000000000000000 ) ) ;
#4532 = AXIS2_PLACEMENT_3D ( 'NONE', #3804, #3302, #1479 ) ;
#4533 = EDGE_CURVE ( 'NONE', #3052, #1587, #488, .T. ) ;
#4534 = EDGE_CURVE ( 'NONE', #5350, #5820, #4043, .T. ) ;
#4535 = CARTESIAN_POINT ( 'NONE',  ( 0.8600000000000003197, 0.03499999999999999639, 1.099999999999999645 ) ) ;
#4536 = VERTEX_POINT ( 'NONE', #4576 ) ;
#4537 = DIRECTION ( 'NONE',  ( 0.000000000000000000, 0.000000000000000000, 1.000000000000000000 ) ) ;
#4538 = ORIENTED_EDGE ( 'NONE', *, *, #1459, .F. ) ;
#4539 = CARTESIAN_POINT ( 'NONE',  ( 0.4100000000000000866, -1.084202172485504434E-16, -1.099999999999999423 ) ) ;
#4540 = VECTOR ( 'NONE', #2080, 1000.000000000000000 ) ;
#4541 = PLANE ( 'NONE',  #996 ) ;
#4542 = CARTESIAN_POINT ( 'NONE',  ( 2.540000000000001812, 6.596850090290522495, 1.564999999999999503 ) ) ;
#4543 = DIRECTION ( 'NONE',  ( -1.000000000000000000, 0.000000000000000000, 0.000000000000000000 ) ) ;
#4544 = VERTEX_POINT ( 'NONE', #4513 ) ;
#4545 = DIRECTION ( 'NONE',  ( -0.000000000000000000, 1.000000000000000000, -0.000000000000000000 ) ) ;
#4546 = LINE ( 'NONE', #4979, #3020 ) ;
#4547 = DIRECTION ( 'NONE',  ( 0.000000000000000000, 0.000000000000000000, -1.000000000000000000 ) ) ;
#4548 = ORIENTED_EDGE ( 'NONE', *, *, #5636, .F. ) ;
#4549 = ADVANCED_FACE ( 'NONE', ( #5373 ), #4131, .F. ) ;
#4550 = CARTESIAN_POINT ( 'NONE',  ( 1.455000000000000071, 0.6650000000000000355, -1.349999999999999645 ) ) ;
#4551 = DIRECTION ( 'NONE',  ( -1.000000000000000000, -0.000000000000000000, -0.000000000000000000 ) ) ;
#4552 = EDGE_CURVE ( 'NONE', #4554, #3211, #1392, .T. ) ;
#4553 = LINE ( 'NONE', #1879, #2347 ) ;
#4554 = VERTEX_POINT ( 'NONE', #431 ) ;
#4555 = VERTEX_POINT ( 'NONE', #4460 ) ;
#4556 = CARTESIAN_POINT ( 'NONE',  ( -2.540000000000000924, -1.469576158976823553E-16, 1.599999999999999645 ) ) ;
#4557 = CARTESIAN_POINT ( 'NONE',  ( 1.085000000000000187, 0.6300000000000003375, 1.564999999999999503 ) ) ;
#4558 = EDGE_CURVE ( 'NONE', #3680, #5394, #2770, .T. ) ;
#4559 = CARTESIAN_POINT ( 'NONE',  ( 2.540000000000001812, -1.163414459189986175E-16, -1.350000000000000089 ) ) ;
#4560 = CARTESIAN_POINT ( 'NONE',  ( -1.454999999999999849, 0.03499999999999999639, -1.564999999999999503 ) ) ;
#4561 = LINE ( 'NONE', #3141, #405 ) ;
#4562 = CARTESIAN_POINT ( 'NONE',  ( 1.680000000000000160, -1.084202172485504434E-16, 1.349999999999999645 ) ) ;
#4563 = ORIENTED_EDGE ( 'NONE', *, *, #398, .T. ) ;
#4564 = LINE ( 'NONE', #3170, #133 ) ;
#4565 = EDGE_CURVE ( 'NONE', #1449, #5861, #5403, .T. ) ;
#4566 = ORIENTED_EDGE ( 'NONE', *, *, #3377, .T. ) ;
#4567 = CARTESIAN_POINT ( 'NONE',  ( -1.454999999999999849, -8.572527594031470725E-17, 1.099999999999999645 ) ) ;
#4568 = EDGE_CURVE ( 'NONE', #4380, #1112, #3693, .T. ) ;
#4569 = CARTESIAN_POINT ( 'NONE',  ( -1.679999999999999938, 0.6650000000000000355, -1.599999999999999645 ) ) ;
#4570 = CARTESIAN_POINT ( 'NONE',  ( 1.680000000000000160, 0.03499999999999999639, -1.099999999999999645 ) ) ;
#4571 = DIRECTION ( 'NONE',  ( 0.000000000000000000, 1.000000000000000000, 0.000000000000000000 ) ) ;
#4572 = ORIENTED_EDGE ( 'NONE', *, *, #3808, .F. ) ;
#4573 = CARTESIAN_POINT ( 'NONE',  ( 0.4100000000000000866, -1.084202172485504434E-16, -1.349999999999999645 ) ) ;
#4574 = ADVANCED_FACE ( 'NONE', ( #3631 ), #2650, .F. ) ;
#4575 = DIRECTION ( 'NONE',  ( 0.000000000000000000, 0.000000000000000000, 1.000000000000000000 ) ) ;
#4576 = CARTESIAN_POINT ( 'NONE',  ( 2.505000000000002114, 0.7000000000000000666, -1.076666666666665773 ) ) ;
#4577 = VERTEX_POINT ( 'NONE', #5846 ) ;
#4578 = CARTESIAN_POINT ( 'NONE',  ( 2.130000000000000782, 0.03499999999999999639, 1.099999999999999645 ) ) ;
#4579 = LINE ( 'NONE', #2801, #909 ) ;
#4580 = CARTESIAN_POINT ( 'NONE',  ( 0.1850000000000005529, 0.6300000000000000044, -1.564999999999998614 ) ) ;
#4581 = VERTEX_POINT ( 'NONE', #1302 ) ;
#4582 = ORIENTED_EDGE ( 'NONE', *, *, #4565, .T. ) ;
#4583 = CARTESIAN_POINT ( 'NONE',  ( -2.540000000000000924, 0.6300000000000003375, -1.564999999999997726 ) ) ;
#4584 = ADVANCED_FACE ( 'NONE', ( #1810 ), #3127, .F. ) ;
#4585 = DIRECTION ( 'NONE',  ( -1.000000000000000000, -0.000000000000000000, -0.000000000000000000 ) ) ;
#4586 = PLANE ( 'NONE',  #4048 ) ;
#4587 = DIRECTION ( 'NONE',  ( 0.000000000000000000, -1.000000000000000000, 0.000000000000000000 ) ) ;
#4588 = CARTESIAN_POINT ( 'NONE',  ( -2.505000000000001226, 0.7000000000000000666, -1.076666666666666217 ) ) ;
#4589 = VERTEX_POINT ( 'NONE', #2193 ) ;
#4590 = SURFACE_SIDE_STYLE ('',( #2371 ) ) ;
#4591 = ORIENTED_EDGE ( 'NONE', *, *, #1425, .F. ) ;
#4592 = FACE_OUTER_BOUND ( 'NONE', #5408, .T. ) ;
#4593 = LINE ( 'NONE', #508, #3389 ) ;
#4594 = PLANE ( 'NONE',  #2270 ) ;
#4595 = EDGE_CURVE ( 'NONE', #4309, #3218, #18, .T. ) ;
#4596 = CARTESIAN_POINT ( 'NONE',  ( 2.130000000000000782, 0.6650000000000000355, 1.599999999999999645 ) ) ;
#4597 = VERTEX_POINT ( 'NONE', #4014 ) ;
#4598 = COLOUR_RGB ( '',0.7921568627450980005, 0.8196078431372548767, 0.9333333333333333481 ) ;
#4599 = DIRECTION ( 'NONE',  ( -1.000000000000000000, 0.000000000000000000, 0.000000000000000000 ) ) ;
#4600 = LINE ( 'NONE', #695, #5850 ) ;
#4601 = DIRECTION ( 'NONE',  ( -1.000000000000000000, 0.000000000000000000, -0.000000000000000000 ) ) ;
#4602 = ORIENTED_EDGE ( 'NONE', *, *, #4521, .F. ) ;
#4603 =( GEOMETRIC_REPRESENTATION_CONTEXT ( 3 ) GLOBAL_UNCERTAINTY_ASSIGNED_CONTEXT ( ( #787 ) ) GLOBAL_UNIT_ASSIGNED_CONTEXT ( ( #3792, #181, #5147 ) ) REPRESENTATION_CONTEXT ( 'NONE', 'WORKASPACE' ) );
#4604 = ORIENTED_EDGE ( 'NONE', *, *, #1076, .F. ) ;
#4605 = ADVANCED_FACE ( 'NONE', ( #5813 ), #3603, .T. ) ;
#4606 = EDGE_CURVE ( 'NONE', #609, #1430, #2259, .T. ) ;
#4607 = AXIS2_PLACEMENT_3D ( 'NONE', #5595, #656, #5114 ) ;
#4608 = LINE ( 'NONE', #4487, #3288 ) ;
#4609 = LINE ( 'NONE', #1307, #4238 ) ;
#4610 = VECTOR ( 'NONE', #2607, 1000.000000000000000 ) ;
#4611 = VECTOR ( 'NONE', #84, 1000.000000000000000 ) ;
#4612 = VECTOR ( 'NONE', #3481, 1000.000000000000000 ) ;
#4613 = ORIENTED_EDGE ( 'NONE', *, *, #3098, .T. ) ;
#4614 = EDGE_LOOP ( 'NONE', ( #4898, #5621, #3411, #248 ) ) ;
#4615 = DIRECTION ( 'NONE',  ( -1.000000000000000000, -0.000000000000000000, -0.000000000000000000 ) ) ;
#4616 = CARTESIAN_POINT ( 'NONE',  ( 2.130000000000000338, 0.6299999999999997824, -0.9749999999999995337 ) ) ;
#4617 = DIRECTION ( 'NONE',  ( -1.000000000000000000, -0.000000000000000000, -0.000000000000000000 ) ) ;
#4618 = AXIS2_PLACEMENT_3D ( 'NONE', #4377, #288, #2110 ) ;
#4619 = EDGE_CURVE ( 'NONE', #1320, #3842, #3659, .T. ) ;
#4620 = LINE ( 'NONE', #2755, #532 ) ;
#4621 = VERTEX_POINT ( 'NONE', #5429 ) ;
#4622 =( GEOMETRIC_REPRESENTATION_CONTEXT ( 3 ) GLOBAL_UNCERTAINTY_ASSIGNED_CONTEXT ( ( #5534 ) ) GLOBAL_UNIT_ASSIGNED_CONTEXT ( ( #49, #3216, #2258 ) ) REPRESENTATION_CONTEXT ( 'NONE', 'WORKASPACE' ) );
#4623 = ADVANCED_FACE ( 'NONE', ( #3181 ), #4981, .F. ) ;
#4624 =( NAMED_UNIT ( * ) PLANE_ANGLE_UNIT ( ) SI_UNIT ( $, .RADIAN. ) );
#4625 = ORIENTED_EDGE ( 'NONE', *, *, #1518, .T. ) ;
#4626 = LINE ( 'NONE', #1023, #529 ) ;
#4627 = DIRECTION ( 'NONE',  ( 0.000000000000000000, -1.000000000000000000, -1.006998921813162393E-16 ) ) ;
#4628 = EDGE_CURVE ( 'NONE', #3809, #110, #577, .T. ) ;
#4629 = PLANE ( 'NONE',  #330 ) ;
#4630 = ORIENTED_EDGE ( 'NONE', *, *, #4756, .F. ) ;
#4631 = DIRECTION ( 'NONE',  ( 1.000000000000000000, -0.000000000000000000, 0.000000000000000000 ) ) ;
#4632 = VECTOR ( 'NONE', #2855, 1000.000000000000000 ) ;
#4633 = AXIS2_PLACEMENT_3D ( 'NONE', #1786, #4257, #1401 ) ;
#4634 = PLANE ( 'NONE',  #5288 ) ;
#4635 = EDGE_CURVE ( 'NONE', #1082, #3161, #1034, .T. ) ;
#4636 = DIRECTION ( 'NONE',  ( -1.000000000000000000, 0.000000000000000000, 0.000000000000000000 ) ) ;
#4637 = ORIENTED_EDGE ( 'NONE', *, *, #1874, .F. ) ;
#4638 = ORIENTED_EDGE ( 'NONE', *, *, #4905, .T. ) ;
#4639 = AXIS2_PLACEMENT_3D ( 'NONE', #3976, #5358, #1289 ) ;
#4640 = DIRECTION ( 'NONE',  ( 0.000000000000000000, 1.000000000000000000, -0.000000000000000000 ) ) ;
#4641 = CARTESIAN_POINT ( 'NONE',  ( -2.129999999999999893, -1.084202172485504434E-16, 1.349999999999999645 ) ) ;
#4642 = VECTOR ( 'NONE', #1080, 1000.000000000000000 ) ;
#4643 = EDGE_CURVE ( 'NONE', #5346, #3771, #2828, .T. ) ;
#4644 = EDGE_CURVE ( 'NONE', #755, #4491, #2407, .T. ) ;
#4645 = ORIENTED_EDGE ( 'NONE', *, *, #3224, .F. ) ;
#4646 = VERTEX_POINT ( 'NONE', #81 ) ;
#4647 = PLANE ( 'NONE',  #3379 ) ;
#4648 = LINE ( 'NONE', #2391, #3122 ) ;
#4649 = FACE_OUTER_BOUND ( 'NONE', #3077, .T. ) ;
#4650 = DIRECTION ( 'NONE',  ( -1.000000000000000000, -0.000000000000000000, -0.000000000000000000 ) ) ;
#4651 = PLANE ( 'NONE',  #2355 ) ;
#4652 = ORIENTED_EDGE ( 'NONE', *, *, #5817, .T. ) ;
#4653 = LINE ( 'NONE', #3733, #3938 ) ;
#4654 = ORIENTED_EDGE ( 'NONE', *, *, #1542, .F. ) ;
#4655 = DIRECTION ( 'NONE',  ( 0.000000000000000000, -1.000000000000000000, 0.000000000000000000 ) ) ;
#4656 = DIRECTION ( 'NONE',  ( 1.000000000000000000, 0.000000000000000000, 0.000000000000000000 ) ) ;
#4657 = CARTESIAN_POINT ( 'NONE',  ( 2.540000000000001812, 0.6300000000000003375, -1.564999999999998614 ) ) ;
#4658 = ORIENTED_EDGE ( 'NONE', *, *, #2202, .T. ) ;
#4659 = ORIENTED_EDGE ( 'NONE', *, *, #434, .F. ) ;
#4660 = DIRECTION ( 'NONE',  ( -1.000000000000000000, 0.000000000000000000, 0.000000000000000000 ) ) ;
#4661 = ADVANCED_FACE ( 'NONE', ( #5158 ), #5584, .F. ) ;
#4662 = PRESENTATION_STYLE_ASSIGNMENT (( #2856 ) ) ;
#4663 = DIRECTION ( 'NONE',  ( 1.000000000000000000, 0.000000000000000000, 0.000000000000000000 ) ) ;
#4664 = CARTESIAN_POINT ( 'NONE',  ( -2.129999999999999893, -1.084202172485504434E-16, 1.099999999999999423 ) ) ;
#4665 = ORIENTED_EDGE ( 'NONE', *, *, #4265, .T. ) ;
#4666 = VERTEX_POINT ( 'NONE', #3361 ) ;
#4667 = CARTESIAN_POINT ( 'NONE',  ( 1.680000000000000160, 0.03499999999999999639, 1.564999999999999503 ) ) ;
#4668 = DIRECTION ( 'NONE',  ( 0.000000000000000000, -1.000000000000000000, 0.000000000000000000 ) ) ;
#4669 = DIRECTION ( 'NONE',  ( 0.000000000000000000, 1.000000000000000000, 0.000000000000000000 ) ) ;
#4670 = ADVANCED_FACE ( 'NONE', ( #518 ), #3270, .F. ) ;
#4671 = EDGE_LOOP ( 'NONE', ( #4507, #378, #5580, #1229, #5824, #3051, #240, #2409 ) ) ;
#4672 = ORIENTED_EDGE ( 'NONE', *, *, #3826, .F. ) ;
#4673 = CARTESIAN_POINT ( 'NONE',  ( -0.4099999999999997535, -1.084202172485504434E-16, 1.099999999999999645 ) ) ;
#4674 = DIRECTION ( 'NONE',  ( 1.000000000000000000, 0.000000000000000000, -1.707404996040163525E-16 ) ) ;
#4675 = PLANE ( 'NONE',  #50 ) ;
#4676 = SURFACE_STYLE_USAGE ( .BOTH. , #5052 ) ;
#4677 = CARTESIAN_POINT ( 'NONE',  ( 0.4100000000000000866, 0.6650000000000000355, -0.9749999999999995337 ) ) ;
#4678 = VERTEX_POINT ( 'NONE', #2857 ) ;
#4679 = ADVANCED_FACE ( 'NONE', ( #4192 ), #973, .T. ) ;
#4680 = EDGE_CURVE ( 'NONE', #2974, #3570, #5549, .T. ) ;
#4681 = CARTESIAN_POINT ( 'NONE',  ( 2.130000000000000338, 0.03499999999999999639, -1.099999999999999645 ) ) ;
#4682 = ORIENTED_EDGE ( 'NONE', *, *, #2470, .T. ) ;
#4683 = CARTESIAN_POINT ( 'NONE',  ( -0.1849999999999998312, 0.6650000000000000355, -1.099999999999999645 ) ) ;
#4684 = CARTESIAN_POINT ( 'NONE',  ( 1.085000000000000187, 0.03499999999999999639, -1.349999999999999645 ) ) ;
#4685 = ORIENTED_EDGE ( 'NONE', *, *, #2020, .T. ) ;
#4686 = EDGE_LOOP ( 'NONE', ( #5096, #2686, #3649, #82 ) ) ;
#4687 = ORIENTED_EDGE ( 'NONE', *, *, #3634, .F. ) ;
#4688 = CARTESIAN_POINT ( 'NONE',  ( -2.505000000000001226, 0.6300000000000005596, -0.9749999999999995337 ) ) ;
#4689 = DIRECTION ( 'NONE',  ( 0.000000000000000000, 6.303501002822710316E-17, 1.000000000000000000 ) ) ;
#4690 = CARTESIAN_POINT ( 'NONE',  ( 2.355000000000000426, 0.6650000000000000355, -1.599999999999999645 ) ) ;
#4691 = ORIENTED_EDGE ( 'NONE', *, *, #3144, .T. ) ;
#4692 = ADVANCED_FACE ( 'NONE', ( #2351 ), #550, .F. ) ;
#4693 = EDGE_LOOP ( 'NONE', ( #4025, #611, #889, #4902, #5627, #4926, #3394, #1003 ) ) ;
#4694 = CARTESIAN_POINT ( 'NONE',  ( -2.129999999999999893, 0.6650000000000000355, 0.9749999999999995337 ) ) ;
#4695 = VECTOR ( 'NONE', #1318, 1000.000000000000000 ) ;
#4696 = DIRECTION ( 'NONE',  ( -1.000000000000000000, -0.000000000000000000, -0.000000000000000000 ) ) ;
#4697 = DIRECTION ( 'NONE',  ( -0.000000000000000000, 1.000000000000000000, -0.000000000000000000 ) ) ;
#4698 = DIRECTION ( 'NONE',  ( -1.000000000000000000, 0.000000000000000000, 1.707404996040163525E-16 ) ) ;
#4699 = ORIENTED_EDGE ( 'NONE', *, *, #4133, .T. ) ;
#4700 = ORIENTED_EDGE ( 'NONE', *, *, #3514, .F. ) ;
#4701 = MECHANICAL_DESIGN_GEOMETRIC_PRESENTATION_REPRESENTATION (  '', ( #3850 ), #4603 ) ;
#4702 = LINE ( 'NONE', #4291, #3000 ) ;
#4703 = VECTOR ( 'NONE', #3916, 1000.000000000000000 ) ;
#4704 = AXIS2_PLACEMENT_3D ( 'NONE', #4874, #4440, #1667 ) ;
#4705 = DIRECTION ( 'NONE',  ( 0.000000000000000000, 0.000000000000000000, -1.000000000000000000 ) ) ;
#4706 = ADVANCED_FACE ( 'NONE', ( #1985 ), #1926, .F. ) ;
#4707 = VECTOR ( 'NONE', #3848, 1000.000000000000000 ) ;
#4708 = CARTESIAN_POINT ( 'NONE',  ( -0.8599999999999998757, -1.084202172485504434E-16, -1.099999999999999423 ) ) ;
#4709 = AXIS2_PLACEMENT_3D ( 'NONE', #411, #4062, #4498 ) ;
#4710 = FACE_OUTER_BOUND ( 'NONE', #1200, .T. ) ;
#4711 = VERTEX_POINT ( 'NONE', #2012 ) ;
#4712 = DIRECTION ( 'NONE',  ( 0.000000000000000000, -0.000000000000000000, 1.000000000000000000 ) ) ;
#4713 = AXIS2_PLACEMENT_3D ( 'NONE', #4731, #1544, #5527 ) ;
#4714 = ORIENTED_EDGE ( 'NONE', *, *, #5791, .F. ) ;
#4715 = DIRECTION ( 'NONE',  ( 0.000000000000000000, 0.000000000000000000, -1.000000000000000000 ) ) ;
#4716 = CARTESIAN_POINT ( 'NONE',  ( -1.454999999999999849, 0.03499999999999999639, -1.099999999999999645 ) ) ;
#4717 = ADVANCED_FACE ( 'NONE', ( #2918 ), #3805, .F. ) ;
#4718 = VERTEX_POINT ( 'NONE', #3777 ) ;
#4719 = ORIENTED_EDGE ( 'NONE', *, *, #2477, .T. ) ;
#4720 = ORIENTED_EDGE ( 'NONE', *, *, #3156, .F. ) ;
#4721 = VECTOR ( 'NONE', #1166, 1000.000000000000000 ) ;
#4722 = CARTESIAN_POINT ( 'NONE',  ( -1.454999999999999627, 0.03499999999999999639, 1.100000000000000311 ) ) ;
#4723 = VECTOR ( 'NONE', #5053, 1000.000000000000000 ) ;
#4724 = CARTESIAN_POINT ( 'NONE',  ( -0.4099999999999997535, -1.084202172485504434E-16, 1.349999999999999645 ) ) ;
#4725 = CARTESIAN_POINT ( 'NONE',  ( -1.454999999999999849, 0.03499999999999999639, 0.000000000000000000 ) ) ;
#4726 = ORIENTED_EDGE ( 'NONE', *, *, #346, .F. ) ;
#4727 = VECTOR ( 'NONE', #5608, 1000.000000000000000 ) ;
#4728 = VERTEX_POINT ( 'NONE', #103 ) ;
#4729 = AXIS2_PLACEMENT_3D ( 'NONE', #4750, #2038, #4908 ) ;
#4730 = CARTESIAN_POINT ( 'NONE',  ( 1.455000000000000071, 0.6650000000000000355, -1.599999999999999645 ) ) ;
#4731 = CARTESIAN_POINT ( 'NONE',  ( -0.1849999999999998312, -1.469576158976823553E-16, 1.599999999999999645 ) ) ;
#4732 = CARTESIAN_POINT ( 'NONE',  ( -0.8599999999999998757, -1.084202172485504434E-16, 1.349999999999999645 ) ) ;
#4733 = AXIS2_PLACEMENT_3D ( 'NONE', #2328, #4147, #4674 ) ;
#4734 = ORIENTED_EDGE ( 'NONE', *, *, #1908, .F. ) ;
#4735 = ORIENTED_EDGE ( 'NONE', *, *, #5424, .F. ) ;
#4736 = VECTOR ( 'NONE', #1895, 1000.000000000000000 ) ;
#4737 = CARTESIAN_POINT ( 'NONE',  ( -1.454999999999999849, -8.572527594031470725E-17, -1.099999999999999645 ) ) ;
#4738 = CARTESIAN_POINT ( 'NONE',  ( 1.085000000000000187, 0.6299999999999997824, -1.349999999999999645 ) ) ;
#4739 = ADVANCED_FACE ( 'NONE', ( #3834 ), #1565, .F. ) ;
#4740 = LINE ( 'NONE', #4207, #1110 ) ;
#4741 = VERTEX_POINT ( 'NONE', #3717 ) ;
#4742 = ORIENTED_EDGE ( 'NONE', *, *, #2902, .F. ) ;
#4743 = CARTESIAN_POINT ( 'NONE',  ( -0.1849999999999998312, 0.6300000000000003375, 1.564999999999999503 ) ) ;
#4744 = PLANE ( 'NONE',  #3928 ) ;
#4745 = ORIENTED_EDGE ( 'NONE', *, *, #2338, .T. ) ;
#4746 = VERTEX_POINT ( 'NONE', #5522 ) ;
#4747 = ORIENTED_EDGE ( 'NONE', *, *, #645, .F. ) ;
#4748 = EDGE_CURVE ( 'NONE', #1924, #3047, #1001, .T. ) ;
#4749 = EDGE_CURVE ( 'NONE', #1158, #670, #5131, .T. ) ;
#4750 = CARTESIAN_POINT ( 'NONE',  ( 1.680000000000000160, -1.084202172485504434E-16, 1.349999999999999645 ) ) ;
#4751 = CARTESIAN_POINT ( 'NONE',  ( 2.130000000000000782, -1.084202172485504434E-16, 1.349999999999999201 ) ) ;
#4752 = FACE_OUTER_BOUND ( 'NONE', #1042, .T. ) ;
#4753 = LINE ( 'NONE', #4690, #1581 ) ;
#4754 = VERTEX_POINT ( 'NONE', #2498 ) ;
#4755 = ORIENTED_EDGE ( 'NONE', *, *, #4839, .T. ) ;
#4756 = EDGE_CURVE ( 'NONE', #4021, #4029, #5196, .T. ) ;
#4757 = FACE_OUTER_BOUND ( 'NONE', #2384, .T. ) ;
#4758 = DIRECTION ( 'NONE',  ( -1.000000000000000000, 0.000000000000000000, 9.637352644315618416E-16 ) ) ;
#4759 = LINE ( 'NONE', #2445, #4338 ) ;
#4760 = CARTESIAN_POINT ( 'NONE',  ( -1.084999999999999520, 0.03499999999999999639, 0.000000000000000000 ) ) ;
#4761 = ORIENTED_EDGE ( 'NONE', *, *, #265, .F. ) ;
#4762 = ORIENTED_EDGE ( 'NONE', *, *, #4376, .T. ) ;
#4763 = DIRECTION ( 'NONE',  ( 0.000000000000000000, 0.000000000000000000, -1.000000000000000000 ) ) ;
#4764 = CARTESIAN_POINT ( 'NONE',  ( -1.454999999999999849, 0.6650000000000000355, 1.599999999999999645 ) ) ;
#4765 = CARTESIAN_POINT ( 'NONE',  ( -2.540000000000000924, -1.469576158976823553E-16, -1.599999999999999645 ) ) ;
#4766 = ORIENTED_EDGE ( 'NONE', *, *, #581, .F. ) ;
#4767 = EDGE_CURVE ( 'NONE', #1028, #1553, #5752, .T. ) ;
#4768 = PLANE ( 'NONE',  #1181 ) ;
#4769 = VERTEX_POINT ( 'NONE', #4365 ) ;
#4770 = LINE ( 'NONE', #2573, #4721 ) ;
#4771 = CARTESIAN_POINT ( 'NONE',  ( -1.454999999999999849, 0.000000000000000000, 1.349999999999999645 ) ) ;
#4772 = ORIENTED_EDGE ( 'NONE', *, *, #3232, .T. ) ;
#4773 = ORIENTED_EDGE ( 'NONE', *, *, #2469, .F. ) ;
#4774 = ORIENTED_EDGE ( 'NONE', *, *, #3782, .F. ) ;
#4775 = LINE ( 'NONE', #1231, #1872 ) ;
#4776 = PLANE ( 'NONE',  #2132 ) ;
#4777 = LINE ( 'NONE', #5248, #2168 ) ;
#4778 = ORIENTED_EDGE ( 'NONE', *, *, #1886, .F. ) ;
#4779 = ADVANCED_FACE ( 'NONE', ( #4752 ), #2950, .F. ) ;
#4780 = EDGE_LOOP ( 'NONE', ( #4825, #567, #1234, #2045 ) ) ;
#4781 = CARTESIAN_POINT ( 'NONE',  ( -0.1849999999999998312, 0.6650000000000000355, -1.349999999999999645 ) ) ;
#4782 = VECTOR ( 'NONE', #3349, 1000.000000000000000 ) ;
#4783 = DIRECTION ( 'NONE',  ( -1.000000000000000000, -0.000000000000000000, 0.000000000000000000 ) ) ;
#4784 = DIRECTION ( 'NONE',  ( 0.000000000000000000, 0.000000000000000000, -1.000000000000000000 ) ) ;
#4785 = DIRECTION ( 'NONE',  ( -1.000000000000000000, 0.000000000000000000, 0.000000000000000000 ) ) ;
#4786 = EDGE_CURVE ( 'NONE', #189, #3182, #3866, .T. ) ;
#4787 = EDGE_CURVE ( 'NONE', #5612, #1681, #4835, .T. ) ;
#4788 = ORIENTED_EDGE ( 'NONE', *, *, #2861, .T. ) ;
#4789 = DIRECTION ( 'NONE',  ( 1.707404996040163525E-16, -0.000000000000000000, 1.000000000000000000 ) ) ;
#4790 = VECTOR ( 'NONE', #4330, 1000.000000000000000 ) ;
#4791 = VECTOR ( 'NONE', #4650, 1000.000000000000000 ) ;
#4792 = CYLINDRICAL_SURFACE ( 'NONE', #4618, 0.02333333333333332399 ) ;
#4793 = ORIENTED_EDGE ( 'NONE', *, *, #1395, .F. ) ;
#4794 = VECTOR ( 'NONE', #1423, 1000.000000000000000 ) ;
#4795 = VECTOR ( 'NONE', #980, 1000.000000000000000 ) ;
#4796 = LINE ( 'NONE', #1725, #3853 ) ;
#4797 = ORIENTED_EDGE ( 'NONE', *, *, #2519, .T. ) ;
#4798 = DIRECTION ( 'NONE',  ( -0.000000000000000000, 1.000000000000000000, 0.000000000000000000 ) ) ;
#4799 = VECTOR ( 'NONE', #2976, 1000.000000000000000 ) ;
#4800 = DIRECTION ( 'NONE',  ( 1.000000000000000000, -0.000000000000000000, 1.707404996040163525E-16 ) ) ;
#4801 = VECTOR ( 'NONE', #1840, 1000.000000000000000 ) ;
#4802 = EDGE_CURVE ( 'NONE', #1151, #1845, #1679, .T. ) ;
#4803 = ORIENTED_EDGE ( 'NONE', *, *, #5168, .T. ) ;
#4804 = ORIENTED_EDGE ( 'NONE', *, *, #2717, .F. ) ;
#4805 = VECTOR ( 'NONE', #4505, 1000.000000000000000 ) ;
#4806 = PLANE ( 'NONE',  #4433 ) ;
#4807 = EDGE_CURVE ( 'NONE', #4298, #3598, #5780, .T. ) ;
#4808 =( GEOMETRIC_REPRESENTATION_CONTEXT ( 3 ) GLOBAL_UNCERTAINTY_ASSIGNED_CONTEXT ( ( #534 ) ) GLOBAL_UNIT_ASSIGNED_CONTEXT ( ( #5733, #4399, #5792 ) ) REPRESENTATION_CONTEXT ( 'NONE', 'WORKASPACE' ) );
#4809 = LINE ( 'NONE', #3055, #4610 ) ;
#4810 = LINE ( 'NONE', #278, #1128 ) ;
#4811 = VERTEX_POINT ( 'NONE', #1602 ) ;
#4812 = VECTOR ( 'NONE', #1832, 1000.000000000000000 ) ;
#4813 = ORIENTED_EDGE ( 'NONE', *, *, #1839, .T. ) ;
#4814 = VECTOR ( 'NONE', #5805, 1000.000000000000000 ) ;
#4815 = EDGE_CURVE ( 'NONE', #476, #3547, #3425, .T. ) ;
#4816 = DIRECTION ( 'NONE',  ( 0.000000000000000000, 0.000000000000000000, -1.000000000000000000 ) ) ;
#4817 = DIRECTION ( 'NONE',  ( 0.000000000000000000, 0.000000000000000000, -1.000000000000000000 ) ) ;
#4818 =( NAMED_UNIT ( * ) PLANE_ANGLE_UNIT ( ) SI_UNIT ( $, .RADIAN. ) );
#4819 = LINE ( 'NONE', #284, #4045 ) ;
#4820 = AXIS2_PLACEMENT_3D ( 'NONE', #4191, #3742, #1058 ) ;
#4821 = DIRECTION ( 'NONE',  ( 0.000000000000000000, 1.224646799147353700E-16, -1.000000000000000000 ) ) ;
#4822 = EDGE_CURVE ( 'NONE', #3771, #2888, #5722, .T. ) ;
#4823 = VECTOR ( 'NONE', #2436, 1000.000000000000000 ) ;
#4824 = FACE_OUTER_BOUND ( 'NONE', #1061, .T. ) ;
#4825 = ORIENTED_EDGE ( 'NONE', *, *, #632, .T. ) ;
#4826 = PLANE ( 'NONE',  #1564 ) ;
#4827 = ORIENTED_EDGE ( 'NONE', *, *, #406, .T. ) ;
#4828 = DIRECTION ( 'NONE',  ( -1.000000000000000000, 0.000000000000000000, -0.000000000000000000 ) ) ;
#4829 = VECTOR ( 'NONE', #3056, 1000.000000000000000 ) ;
#4830 = LINE ( 'NONE', #4879, #1842 ) ;
#4831 = ORIENTED_EDGE ( 'NONE', *, *, #5465, .F. ) ;
#4832 = ORIENTED_EDGE ( 'NONE', *, *, #4756, .T. ) ;
#4833 = PLANE ( 'NONE',  #1123 ) ;
#4834 = SURFACE_SIDE_STYLE ('',( #5224 ) ) ;
#4835 = LINE ( 'NONE', #2122, #898 ) ;
#4836 = CARTESIAN_POINT ( 'NONE',  ( 2.355000000000000426, -1.469576158976823553E-16, -1.599999999999999645 ) ) ;
#4837 = VERTEX_POINT ( 'NONE', #2582 ) ;
#4838 = ORIENTED_EDGE ( 'NONE', *, *, #5791, .T. ) ;
#4839 = EDGE_CURVE ( 'NONE', #1415, #1430, #1149, .T. ) ;
#4840 = CARTESIAN_POINT ( 'NONE',  ( 1.455000000000000515, 0.03499999999999999639, 0.000000000000000000 ) ) ;
#4841 = LINE ( 'NONE', #1238, #1953 ) ;
#4842 = PLANE ( 'NONE',  #4884 ) ;
#4843 = DIRECTION ( 'NONE',  ( -1.000000000000000000, 0.000000000000000000, 0.000000000000000000 ) ) ;
#4844 = SURFACE_STYLE_USAGE ( .BOTH. , #5377 ) ;
#4845 = EDGE_CURVE ( 'NONE', #1730, #5335, #3505, .T. ) ;
#4846 = PLANE ( 'NONE',  #2872 ) ;
#4847 = ORIENTED_EDGE ( 'NONE', *, *, #1611, .T. ) ;
#4848 = DIRECTION ( 'NONE',  ( 1.000000000000000000, 0.000000000000000000, 0.000000000000000000 ) ) ;
#4849 = LINE ( 'NONE', #4405, #442 ) ;
#4850 = ORIENTED_EDGE ( 'NONE', *, *, #3553, .T. ) ;
#4851 = CARTESIAN_POINT ( 'NONE',  ( -0.8599999999999998757, -1.084202172485504434E-16, 1.349999999999999645 ) ) ;
#4852 = LINE ( 'NONE', #324, #5444 ) ;
#4853 = ADVANCED_FACE ( 'NONE', ( #1206 ), #4776, .F. ) ;
#4854 = EDGE_CURVE ( 'NONE', #3161, #4728, #696, .T. ) ;
#4855 = ORIENTED_EDGE ( 'NONE', *, *, #1843, .F. ) ;
#4856 = VERTEX_POINT ( 'NONE', #1627 ) ;
#4857 = PLANE ( 'NONE',  #4639 ) ;
#4858 = DIRECTION ( 'NONE',  ( 1.000000000000000000, 0.000000000000000000, 0.000000000000000000 ) ) ;
#4859 = DIRECTION ( 'NONE',  ( 0.000000000000000000, -1.008560160451634637E-15, 1.000000000000000000 ) ) ;
#4860 = DIRECTION ( 'NONE',  ( -1.000000000000000000, 0.000000000000000000, 9.637352644315618416E-16 ) ) ;
#4861 = VERTEX_POINT ( 'NONE', #5306 ) ;
#4862 = VERTEX_POINT ( 'NONE', #1232 ) ;
#4863 = CARTESIAN_POINT ( 'NONE',  ( -0.8599999999999998757, 0.03499999999999999639, 1.564999999999999503 ) ) ;
#4864 = CARTESIAN_POINT ( 'NONE',  ( 2.355000000000000426, -1.469576158976823553E-16, 1.599999999999999645 ) ) ;
#4865 = CARTESIAN_POINT ( 'NONE',  ( 1.085000000000000631, 6.596850090290522495, 1.564999999999999281 ) ) ;
#4866 = EDGE_CURVE ( 'NONE', #2432, #3466, #4809, .T. ) ;
#4867 = LINE ( 'NONE', #310, #3087 ) ;
#4868 = DIRECTION ( 'NONE',  ( -0.000000000000000000, 0.000000000000000000, 1.000000000000000000 ) ) ;
#4869 = EDGE_CURVE ( 'NONE', #4283, #933, #782, .T. ) ;
#4870 = CARTESIAN_POINT ( 'NONE',  ( 2.540000000000001812, 0.6299999999999998934, 1.349999999999999201 ) ) ;
#4871 = VERTEX_POINT ( 'NONE', #277 ) ;
#4872 = ORIENTED_EDGE ( 'NONE', *, *, #2542, .T. ) ;
#4873 = VECTOR ( 'NONE', #3820, 1000.000000000000000 ) ;
#4874 = CARTESIAN_POINT ( 'NONE',  ( 1.085000000000000187, 0.6299999999999997824, 0.9749999999999995337 ) ) ;
#4875 = CARTESIAN_POINT ( 'NONE',  ( -0.4099999999999997535, 0.6650000000000000355, -1.599999999999999645 ) ) ;
#4876 = EDGE_CURVE ( 'NONE', #4358, #274, #332, .T. ) ;
#4877 = ORIENTED_EDGE ( 'NONE', *, *, #1099, .F. ) ;
#4878 = LINE ( 'NONE', #2179, #5745 ) ;
#4879 = CARTESIAN_POINT ( 'NONE',  ( 2.355000000000000426, 0.6650000000000000355, -1.349999999999999645 ) ) ;
#4880 = ORIENTED_EDGE ( 'NONE', *, *, #1089, .T. ) ;
#4881 = ORIENTED_EDGE ( 'NONE', *, *, #3544, .F. ) ;
#4882 = VECTOR ( 'NONE', #4023, 1000.000000000000000 ) ;
#4883 = LINE ( 'NONE', #5777, #348 ) ;
#4884 = AXIS2_PLACEMENT_3D ( 'NONE', #1265, #3483, #5287 ) ;
#4885 = PLANE ( 'NONE',  #433 ) ;
#4886 = ADVANCED_FACE ( 'NONE', ( #2157 ), #3979, .F. ) ;
#4887 = AXIS2_PLACEMENT_3D ( 'NONE', #3636, #4081, #464 ) ;
#4888 = CARTESIAN_POINT ( 'NONE',  ( 0.4100000000000000866, 0.6299999999999995604, 1.349999999999999645 ) ) ;
#4889 = LINE ( 'NONE', #364, #5491 ) ;
#4890 = ORIENTED_EDGE ( 'NONE', *, *, #2764, .T. ) ;
#4891 = VECTOR ( 'NONE', #3407, 1000.000000000000000 ) ;
#4892 = ORIENTED_EDGE ( 'NONE', *, *, #3700, .T. ) ;
#4893 = DIRECTION ( 'NONE',  ( 0.000000000000000000, -1.000000000000000000, 0.000000000000000000 ) ) ;
#4894 = AXIS2_PLACEMENT_3D ( 'NONE', #5166, #5590, #4222 ) ;
#4895 = PLANE ( 'NONE',  #3490 ) ;
#4896 = VECTOR ( 'NONE', #647, 1000.000000000000000 ) ;
#4897 = DIRECTION ( 'NONE',  ( -1.000000000000000000, 0.000000000000000000, 0.000000000000000000 ) ) ;
#4898 = ORIENTED_EDGE ( 'NONE', *, *, #2025, .F. ) ;
#4899 = CARTESIAN_POINT ( 'NONE',  ( 1.085000000000000187, -1.084202172485504434E-16, -1.099999999999999867 ) ) ;
#4900 = VECTOR ( 'NONE', #2212, 1000.000000000000000 ) ;
#4901 = DIRECTION ( 'NONE',  ( -1.000000000000000000, 0.000000000000000000, 0.000000000000000000 ) ) ;
#4902 = ORIENTED_EDGE ( 'NONE', *, *, #3195, .T. ) ;
#4903 = EDGE_LOOP ( 'NONE', ( #852, #1145, #2666, #3110 ) ) ;
#4904 = CARTESIAN_POINT ( 'NONE',  ( -2.540000000000000924, 0.03499999999999998251, 1.349999999999999867 ) ) ;
#4905 = EDGE_CURVE ( 'NONE', #552, #5127, #2310, .T. ) ;
#4906 = VECTOR ( 'NONE', #4893, 1000.000000000000000 ) ;
#4907 = VECTOR ( 'NONE', #2858, 1000.000000000000000 ) ;
#4908 = DIRECTION ( 'NONE',  ( 1.000000000000000000, 0.000000000000000000, -0.000000000000000000 ) ) ;
#4909 = VERTEX_POINT ( 'NONE', #3208 ) ;
#4910 = DIRECTION ( 'NONE',  ( 0.000000000000000000, 0.000000000000000000, -1.000000000000000000 ) ) ;
#4911 = CARTESIAN_POINT ( 'NONE',  ( -2.505000000000001226, 0.6300000000000005596, -0.9749999999999995337 ) ) ;
#4912 = AXIS2_PLACEMENT_3D ( 'NONE', #1045, #1937, #5115 ) ;
#4913 = ORIENTED_EDGE ( 'NONE', *, *, #1745, .F. ) ;
#4914 = VERTEX_POINT ( 'NONE', #363 ) ;
#4915 = CARTESIAN_POINT ( 'NONE',  ( -2.129999999999999893, -1.084202172485504434E-16, 1.349999999999999645 ) ) ;
#4916 = VECTOR ( 'NONE', #5577, 1000.000000000000000 ) ;
#4917 = LINE ( 'NONE', #1381, #3306 ) ;
#4918 = DIRECTION ( 'NONE',  ( -1.000000000000000000, 0.000000000000000000, -0.000000000000000000 ) ) ;
#4919 = CARTESIAN_POINT ( 'NONE',  ( -0.1849999999999998312, 0.03499999999999999639, 1.349999999999999645 ) ) ;
#4920 = EDGE_LOOP ( 'NONE', ( #3611, #87, #5272, #2784 ) ) ;
#4921 = ADVANCED_FACE ( 'NONE', ( #2284 ), #4453, .F. ) ;
#4922 = ORIENTED_EDGE ( 'NONE', *, *, #3845, .F. ) ;
#4923 = DIRECTION ( 'NONE',  ( -0.000000000000000000, -1.000000000000000000, -0.000000000000000000 ) ) ;
#4924 = LINE ( 'NONE', #3630, #1677 ) ;
#4925 = CARTESIAN_POINT ( 'NONE',  ( 0.000000000000000000, 0.6300000000000000044, 0.000000000000000000 ) ) ;
#4926 = ORIENTED_EDGE ( 'NONE', *, *, #466, .F. ) ;
#4927 = EDGE_CURVE ( 'NONE', #3448, #2866, #4099, .T. ) ;
#4928 = DIRECTION ( 'NONE',  ( 0.000000000000000000, -1.000000000000000000, 0.000000000000000000 ) ) ;
#4929 = CARTESIAN_POINT ( 'NONE',  ( 1.085000000000000187, 0.6650000000000000355, -1.099999999999999645 ) ) ;
#4930 = DIRECTION ( 'NONE',  ( 0.000000000000000000, -1.000000000000000000, 0.000000000000000000 ) ) ;
#4931 = VERTEX_POINT ( 'NONE', #4070 ) ;
#4932 = ORIENTED_EDGE ( 'NONE', *, *, #1476, .T. ) ;
#4933 = DIRECTION ( 'NONE',  ( 0.000000000000000000, 1.000000000000000000, 0.000000000000000000 ) ) ;
#4934 = DIRECTION ( 'NONE',  ( -0.000000000000000000, 1.000000000000000000, -0.000000000000000000 ) ) ;
#4935 = ORIENTED_EDGE ( 'NONE', *, *, #891, .F. ) ;
#4936 = FACE_OUTER_BOUND ( 'NONE', #5128, .T. ) ;
#4937 = LINE ( 'NONE', #2276, #1081 ) ;
#4938 = ADVANCED_FACE ( 'NONE', ( #5806 ), #4541, .F. ) ;
#4939 = VERTEX_POINT ( 'NONE', #1734 ) ;
#4940 = VERTEX_POINT ( 'NONE', #2670 ) ;
#4941 = DIRECTION ( 'NONE',  ( 0.000000000000000000, 0.000000000000000000, 1.000000000000000000 ) ) ;
#4942 = ORIENTED_EDGE ( 'NONE', *, *, #1216, .T. ) ;
#4943 = CARTESIAN_POINT ( 'NONE',  ( -1.454999999999999849, 0.03499999999999999639, 1.564999999999999503 ) ) ;
#4944 = CARTESIAN_POINT ( 'NONE',  ( -0.1849999999999998312, 0.03499999999999999639, 1.564999999999999503 ) ) ;
#4945 = PLANE ( 'NONE',  #5210 ) ;
#4946 = ORIENTED_EDGE ( 'NONE', *, *, #4439, .F. ) ;
#4947 = CARTESIAN_POINT ( 'NONE',  ( 1.680000000000000160, 0.03499999999999999639, -1.099999999999999645 ) ) ;
#4948 = FACE_OUTER_BOUND ( 'NONE', #559, .T. ) ;
#4949 = ADVANCED_FACE ( 'NONE', ( #3117 ), #4124, .F. ) ;
#4950 = DIRECTION ( 'NONE',  ( 0.000000000000000000, -0.000000000000000000, 1.000000000000000000 ) ) ;
#4951 = VERTEX_POINT ( 'NONE', #39 ) ;
#4952 = CARTESIAN_POINT ( 'NONE',  ( -1.084999999999999742, 0.6650000000000000355, 1.349999999999999645 ) ) ;
#4953 = CARTESIAN_POINT ( 'NONE',  ( -0.4099999999999997535, 0.6299999999999997824, 0.9749999999999995337 ) ) ;
#4954 = EDGE_CURVE ( 'NONE', #1774, #1788, #1829, .T. ) ;
#4955 = EDGE_CURVE ( 'NONE', #4555, #1533, #5332, .T. ) ;
#4956 = FACE_OUTER_BOUND ( 'NONE', #2853, .T. ) ;
#4957 = ORIENTED_EDGE ( 'NONE', *, *, #2202, .F. ) ;
#4958 = ORIENTED_EDGE ( 'NONE', *, *, #4635, .F. ) ;
#4959 = DIRECTION ( 'NONE',  ( -0.000000000000000000, 1.000000000000000000, 1.224646799147352961E-16 ) ) ;
#4960 = DIRECTION ( 'NONE',  ( 0.000000000000000000, 0.000000000000000000, -1.000000000000000000 ) ) ;
#4961 = CARTESIAN_POINT ( 'NONE',  ( 1.680000000000000160, -1.084202172485504434E-16, 1.099999999999999645 ) ) ;
#4962 = ORIENTED_EDGE ( 'NONE', *, *, #5418, .T. ) ;
#4963 = DIRECTION ( 'NONE',  ( -0.000000000000000000, -1.000000000000000000, -0.000000000000000000 ) ) ;
#4964 = DIRECTION ( 'NONE',  ( 0.000000000000000000, 8.673617379884050263E-16, -1.000000000000000000 ) ) ;
#4965 = CARTESIAN_POINT ( 'NONE',  ( 0.1850000000000005806, -1.084202172485504434E-16, -1.599999999999999867 ) ) ;
#4966 = VERTEX_POINT ( 'NONE', #1770 ) ;
#4967 =( NAMED_UNIT ( * ) SI_UNIT ( $, .STERADIAN. ) SOLID_ANGLE_UNIT ( ) );
#4968 = EDGE_LOOP ( 'NONE', ( #1709, #5309, #5319, #3192, #1846, #1473, #5438, #2792 ) ) ;
#4969 = CARTESIAN_POINT ( 'NONE',  ( 2.505000000000002114, 0.6650000000000000355, 0.9749999999999995337 ) ) ;
#4970 = CARTESIAN_POINT ( 'NONE',  ( 2.355000000000000426, 0.03499999999999999639, -1.099999999999999645 ) ) ;
#4971 = CARTESIAN_POINT ( 'NONE',  ( 0.1850000000000006917, 0.03499999999999999639, 1.100000000000000311 ) ) ;
#4972 = DIRECTION ( 'NONE',  ( 1.000000000000000000, -0.000000000000000000, 0.000000000000000000 ) ) ;
#4973 = VERTEX_POINT ( 'NONE', #3625 ) ;
#4974 = COLOUR_RGB ( '',0.7921568627450980005, 0.8196078431372548767, 0.9333333333333333481 ) ;
#4975 = VECTOR ( 'NONE', #2439, 1000.000000000000000 ) ;
#4976 = VECTOR ( 'NONE', #662, 1000.000000000000000 ) ;
#4977 = CARTESIAN_POINT ( 'NONE',  ( -0.8599999999999998757, -1.084202172485504434E-16, 1.349999999999999645 ) ) ;
#4978 = EDGE_CURVE ( 'NONE', #4871, #4298, #937, .T. ) ;
#4979 = CARTESIAN_POINT ( 'NONE',  ( -0.8599999999999998757, 0.6650000000000000355, -1.599999999999999645 ) ) ;
#4980 = VECTOR ( 'NONE', #4116, 1000.000000000000000 ) ;
#4981 = PLANE ( 'NONE',  #5262 ) ;
#4982 = ORIENTED_EDGE ( 'NONE', *, *, #394, .T. ) ;
#4983 = AXIS2_PLACEMENT_3D ( 'NONE', #4381, #689, #293 ) ;
#4984 = EDGE_CURVE ( 'NONE', #749, #5613, #3651, .T. ) ;
#4985 = VECTOR ( 'NONE', #287, 1000.000000000000000 ) ;
#4986 = DIRECTION ( 'NONE',  ( 0.000000000000000000, -1.000000000000000000, 0.000000000000000000 ) ) ;
#4987 = CARTESIAN_POINT ( 'NONE',  ( 1.085000000000000187, 0.6650000000000000355, -1.599999999999999645 ) ) ;
#4988 = CARTESIAN_POINT ( 'NONE',  ( 2.540000000000001812, 0.03499999999999999639, -1.564999999999998614 ) ) ;
#4989 = ADVANCED_FACE ( 'NONE', ( #1383 ), #1294, .F. ) ;
#4990 = ORIENTED_EDGE ( 'NONE', *, *, #3499, .T. ) ;
#4991 = VERTEX_POINT ( 'NONE', #4888 ) ;
#4992 = EDGE_CURVE ( 'NONE', #1069, #71, #4478, .T. ) ;
#4993 = DIRECTION ( 'NONE',  ( 0.000000000000000000, -1.224646799147352961E-16, 1.000000000000000000 ) ) ;
#4994 = LINE ( 'NONE', #3229, #5864 ) ;
#4995 = CARTESIAN_POINT ( 'NONE',  ( 1.455000000000000071, 0.6299999999999997824, 0.9749999999999995337 ) ) ;
#4996 = CARTESIAN_POINT ( 'NONE',  ( 1.085000000000000187, 0.03499999999999999639, 1.564999999999999503 ) ) ;
#4997 = DIRECTION ( 'NONE',  ( 0.000000000000000000, 0.000000000000000000, -1.000000000000000000 ) ) ;
#4998 = MECHANICAL_DESIGN_GEOMETRIC_PRESENTATION_REPRESENTATION (  '', ( #158 ), #3682 ) ;
#4999 = DIRECTION ( 'NONE',  ( 1.000000000000000000, 0.000000000000000000, -0.000000000000000000 ) ) ;
#5000 = ORIENTED_EDGE ( 'NONE', *, *, #2387, .F. ) ;
#5001 = EDGE_CURVE ( 'NONE', #4973, #1929, #4035, .T. ) ;
#5002 = CARTESIAN_POINT ( 'NONE',  ( -0.1849999999999998312, 0.03499999999999999639, 1.349999999999999645 ) ) ;
#5003 = VERTEX_POINT ( 'NONE', #453 ) ;
#5004 = LINE ( 'NONE', #5485, #3488 ) ;
#5005 = VECTOR ( 'NONE', #5635, 1000.000000000000000 ) ;
#5006 = DIRECTION ( 'NONE',  ( 1.000000000000000000, 0.000000000000000000, -0.000000000000000000 ) ) ;
#5007 = DIRECTION ( 'NONE',  ( -1.000000000000000000, -0.000000000000000000, 0.000000000000000000 ) ) ;
#5008 = CARTESIAN_POINT ( 'NONE',  ( -1.454999999999999849, 0.6650000000000000355, -0.9749999999999995337 ) ) ;
#5009 = ORIENTED_EDGE ( 'NONE', *, *, #4807, .T. ) ;
#5010 = VECTOR ( 'NONE', #599, 1000.000000000000000 ) ;
#5011 = DIRECTION ( 'NONE',  ( 0.000000000000000000, 0.000000000000000000, -1.000000000000000000 ) ) ;
#5012 = CARTESIAN_POINT ( 'NONE',  ( -0.1849999999999998312, 0.000000000000000000, 0.000000000000000000 ) ) ;
#5013 = CARTESIAN_POINT ( 'NONE',  ( -0.8599999999999998757, 0.03499999999999999639, 1.099999999999999645 ) ) ;
#5014 = ORIENTED_EDGE ( 'NONE', *, *, #5223, .F. ) ;
#5015 = EDGE_CURVE ( 'NONE', #5808, #4678, #876, .T. ) ;
#5016 = LINE ( 'NONE', #3221, #4801 ) ;
#5017 = CARTESIAN_POINT ( 'NONE',  ( -2.130000000000000338, -1.084202172485504434E-16, -1.349999999999999645 ) ) ;
#5018 = APPLICATION_CONTEXT ( 'automotive_design' ) ;
#5019 = CARTESIAN_POINT ( 'NONE',  ( 2.505000000000002114, 0.6766666666666668606, -1.076666666666666217 ) ) ;
#5020 = VERTEX_POINT ( 'NONE', #2252 ) ;
#5021 = ORIENTED_EDGE ( 'NONE', *, *, #4179, .F. ) ;
#5022 = CARTESIAN_POINT ( 'NONE',  ( -1.454999999999999849, -1.469576158976823553E-16, -1.599999999999999645 ) ) ;
#5023 = DIRECTION ( 'NONE',  ( 1.606225440719266613E-16, -0.000000000000000000, 1.000000000000000000 ) ) ;
#5024 = CARTESIAN_POINT ( 'NONE',  ( -2.540000000000000924, -1.084202172485504434E-16, -1.349999999999999423 ) ) ;
#5025 = ADVANCED_FACE ( 'NONE', ( #5872 ), #1802, .F. ) ;
#5026 = CARTESIAN_POINT ( 'NONE',  ( 2.540000000000001812, 0.6650000000000000355, -1.599999999999999645 ) ) ;
#5027 = CARTESIAN_POINT ( 'NONE',  ( 0.1850000000000002753, 0.000000000000000000, -1.349999999999999645 ) ) ;
#5028 = ORIENTED_EDGE ( 'NONE', *, *, #375, .T. ) ;
#5029 = SURFACE_SIDE_STYLE ('',( #1465 ) ) ;
#5030 = ORIENTED_EDGE ( 'NONE', *, *, #1916, .F. ) ;
#5031 = DIRECTION ( 'NONE',  ( 0.000000000000000000, -1.224646799147352961E-16, 1.000000000000000000 ) ) ;
#5032 = CARTESIAN_POINT ( 'NONE',  ( 0.1849999999999998868, 0.6300000000000000044, 8.023096076392727881E-17 ) ) ;
#5033 = DIRECTION ( 'NONE',  ( 0.000000000000000000, -1.000000000000000000, 0.000000000000000000 ) ) ;
#5034 = EDGE_CURVE ( 'NONE', #2340, #403, #3239, .T. ) ;
#5035 = EDGE_CURVE ( 'NONE', #371, #2362, #965, .T. ) ;
#5036 = FACE_OUTER_BOUND ( 'NONE', #2078, .T. ) ;
#5037 = ORIENTED_EDGE ( 'NONE', *, *, #5239, .T. ) ;
#5038 = CARTESIAN_POINT ( 'NONE',  ( -1.679999999999999938, 0.6299999999999995604, -1.349999999999999645 ) ) ;
#5039 = PLANE ( 'NONE',  #4532 ) ;
#5040 = CARTESIAN_POINT ( 'NONE',  ( 1.455000000000000071, 0.03499999999999999639, 1.564999999999999503 ) ) ;
#5041 = ORIENTED_EDGE ( 'NONE', *, *, #5177, .T. ) ;
#5042 = ORIENTED_EDGE ( 'NONE', *, *, #1443, .F. ) ;
#5043 = CARTESIAN_POINT ( 'NONE',  ( 0.1850000000000002753, 0.000000000000000000, 1.349999999999999645 ) ) ;
#5044 = LINE ( 'NONE', #2357, #4520 ) ;
#5045 = EDGE_CURVE ( 'NONE', #110, #5667, #4593, .T. ) ;
#5046 = ORIENTED_EDGE ( 'NONE', *, *, #4595, .F. ) ;
#5047 = EDGE_LOOP ( 'NONE', ( #2549, #2096, #5693, #4881, #2382, #3387, #1669, #2895 ) ) ;
#5048 = DIRECTION ( 'NONE',  ( -1.000000000000000000, -0.000000000000000000, -0.000000000000000000 ) ) ;
#5049 = CARTESIAN_POINT ( 'NONE',  ( -1.679999999999999938, 0.6299999999999997824, -0.9749999999999995337 ) ) ;
#5050 = DIRECTION ( 'NONE',  ( 0.000000000000000000, 0.000000000000000000, -1.000000000000000000 ) ) ;
#5051 = EDGE_CURVE ( 'NONE', #267, #5200, #5266, .T. ) ;
#5052 = SURFACE_SIDE_STYLE ('',( #3257 ) ) ;
#5053 = DIRECTION ( 'NONE',  ( 1.000000000000000000, -0.000000000000000000, -0.000000000000000000 ) ) ;
#5054 = EDGE_LOOP ( 'NONE', ( #1463, #958, #19, #5841 ) ) ;
#5055 = EDGE_CURVE ( 'NONE', #224, #3988, #5253, .T. ) ;
#5056 = FILL_AREA_STYLE ('',( #1892 ) ) ;
#5057 = VECTOR ( 'NONE', #3793, 1000.000000000000000 ) ;
#5058 = ORIENTED_EDGE ( 'NONE', *, *, #2397, .F. ) ;
#5059 = CARTESIAN_POINT ( 'NONE',  ( -1.454999999999999849, 0.6300000000000000044, -1.099999999999999867 ) ) ;
#5060 = LINE ( 'NONE', #2943, #4173 ) ;
#5061 = DIRECTION ( 'NONE',  ( 0.000000000000000000, -0.000000000000000000, 1.000000000000000000 ) ) ;
#5062 = ORIENTED_EDGE ( 'NONE', *, *, #4845, .T. ) ;
#5063 = EDGE_CURVE ( 'NONE', #2182, #5335, #2164, .T. ) ;
#5064 = VECTOR ( 'NONE', #1371, 1000.000000000000000 ) ;
#5065 = EDGE_CURVE ( 'NONE', #3859, #4491, #4841, .T. ) ;
#5066 = FACE_OUTER_BOUND ( 'NONE', #3589, .T. ) ;
#5067 = CARTESIAN_POINT ( 'NONE',  ( -0.8599999999999998757, 0.03499999999999998251, 1.349999999999999645 ) ) ;
#5068 = DIRECTION ( 'NONE',  ( 0.000000000000000000, 0.000000000000000000, -1.000000000000000000 ) ) ;
#5069 = ORIENTED_EDGE ( 'NONE', *, *, #3369, .F. ) ;
#5070 = PRESENTATION_LAYER_ASSIGNMENT (  '', '', ( #507 ) ) ;
#5071 = EDGE_LOOP ( 'NONE', ( #3822, #2388, #4523, #2483 ) ) ;
#5072 = AXIS2_PLACEMENT_3D ( 'NONE', #1247, #5382, #5713 ) ;
#5073 = CARTESIAN_POINT ( 'NONE',  ( -0.1849999999999998312, 6.596850090290522495, -1.564999999999998170 ) ) ;
#5074 = CARTESIAN_POINT ( 'NONE',  ( -0.1849999999999998312, 0.6300000000000001155, 1.349999999999999645 ) ) ;
#5075 = VECTOR ( 'NONE', #3923, 1000.000000000000000 ) ;
#5076 = VECTOR ( 'NONE', #1543, 1000.000000000000000 ) ;
#5077 = VECTOR ( 'NONE', #3082, 1000.000000000000000 ) ;
#5078 = ORIENTED_EDGE ( 'NONE', *, *, #455, .F. ) ;
#5079 = ORIENTED_EDGE ( 'NONE', *, *, #2850, .F. ) ;
#5080 = PLANE ( 'NONE',  #4607 ) ;
#5081 = LINE ( 'NONE', #1408, #2555 ) ;
#5082 = CARTESIAN_POINT ( 'NONE',  ( 1.680000000000000160, -1.084202172485504434E-16, 1.349999999999999645 ) ) ;
#5083 = AXIS2_PLACEMENT_3D ( 'NONE', #3090, #4784, #3482 ) ;
#5084 = VECTOR ( 'NONE', #2013, 1000.000000000000000 ) ;
#5085 = UNCERTAINTY_MEASURE_WITH_UNIT (LENGTH_MEASURE( 1.000000000000000082E-05 ), #752, 'distance_accuracy_value', 'NONE');
#5086 = DIRECTION ( 'NONE',  ( -1.000000000000000000, 0.000000000000000000, 0.000000000000000000 ) ) ;
#5087 = EDGE_LOOP ( 'NONE', ( #5037, #5830, #2913, #1988 ) ) ;
#5088 = EDGE_CURVE ( 'NONE', #5661, #1069, #3952, .T. ) ;
#5089 = CARTESIAN_POINT ( 'NONE',  ( 0.8600000000000003197, 0.6650000000000000355, 0.9749999999999995337 ) ) ;
#5090 = ORIENTED_EDGE ( 'NONE', *, *, #1760, .F. ) ;
#5091 = CARTESIAN_POINT ( 'NONE',  ( -0.4099999999999997535, 0.6649999999999998135, -1.349999999999999645 ) ) ;
#5092 = VECTOR ( 'NONE', #1113, 1000.000000000000000 ) ;
#5093 = CARTESIAN_POINT ( 'NONE',  ( -1.679999999999999938, 0.6650000000000000355, 0.9749999999999995337 ) ) ;
#5094 = FACE_OUTER_BOUND ( 'NONE', #4693, .T. ) ;
#5095 = VERTEX_POINT ( 'NONE', #258 ) ;
#5096 = ORIENTED_EDGE ( 'NONE', *, *, #5285, .F. ) ;
#5097 = CARTESIAN_POINT ( 'NONE',  ( 2.540000000000001812, 0.6300000000000003375, 1.564999999999999503 ) ) ;
#5098 = VECTOR ( 'NONE', #4923, 1000.000000000000000 ) ;
#5099 = DIRECTION ( 'NONE',  ( -0.000000000000000000, -1.165808787618822693E-15, 1.000000000000000000 ) ) ;
#5100 = DIRECTION ( 'NONE',  ( -0.000000000000000000, 0.000000000000000000, 1.000000000000000000 ) ) ;
#5101 = FACE_OUTER_BOUND ( 'NONE', #4903, .T. ) ;
#5102 = ORIENTED_EDGE ( 'NONE', *, *, #601, .F. ) ;
#5103 = ADVANCED_FACE ( 'NONE', ( #3984 ), #3430, .F. ) ;
#5104 = ORIENTED_EDGE ( 'NONE', *, *, #2706, .T. ) ;
#5105 = VECTOR ( 'NONE', #3255, 1000.000000000000000 ) ;
#5106 = DIRECTION ( 'NONE',  ( 0.000000000000000000, -1.000000000000000000, 0.000000000000000000 ) ) ;
#5107 = CARTESIAN_POINT ( 'NONE',  ( 0.4100000000000000866, 0.6650000000000000355, 0.9749999999999995337 ) ) ;
#5108 = VECTOR ( 'NONE', #5153, 1000.000000000000000 ) ;
#5109 = DIRECTION ( 'NONE',  ( 1.000000000000000000, 0.000000000000000000, 0.000000000000000000 ) ) ;
#5110 = EDGE_CURVE ( 'NONE', #5380, #4066, #2618, .T. ) ;
#5111 = EDGE_CURVE ( 'NONE', #162, #1587, #2504, .T. ) ;
#5112 = ORIENTED_EDGE ( 'NONE', *, *, #4606, .F. ) ;
#5113 = ORIENTED_EDGE ( 'NONE', *, *, #1099, .T. ) ;
#5114 = DIRECTION ( 'NONE',  ( 1.000000000000000000, 0.000000000000000000, 0.000000000000000000 ) ) ;
#5115 = DIRECTION ( 'NONE',  ( 1.000000000000000000, 0.000000000000000000, 0.000000000000000000 ) ) ;
#5116 = FACE_OUTER_BOUND ( 'NONE', #1897, .T. ) ;
#5117 = PRESENTATION_STYLE_ASSIGNMENT (( #4676 ) ) ;
#5118 = FACE_OUTER_BOUND ( 'NONE', #4317, .T. ) ;
#5119 = ORIENTED_EDGE ( 'NONE', *, *, #4285, .F. ) ;
#5120 = CLOSED_SHELL ( 'NONE', ( #2568, #5432, #5859, #1252, #369, #2160, #686, #32, #554, #1571, #2085, #3378 ) ) ;
#5121 =( LENGTH_UNIT ( ) NAMED_UNIT ( * ) SI_UNIT ( .MILLI., .METRE. ) );
#5122 = ORIENTED_EDGE ( 'NONE', *, *, #5431, .F. ) ;
#5123 = PLANE ( 'NONE',  #5571 ) ;
#5124 = EDGE_CURVE ( 'NONE', #397, #2854, #3873, .T. ) ;
#5125 = CARTESIAN_POINT ( 'NONE',  ( 2.540000000000001812, 0.6300000000000003375, -1.564999999999999503 ) ) ;
#5126 = ORIENTED_EDGE ( 'NONE', *, *, #1222, .T. ) ;
#5127 = VERTEX_POINT ( 'NONE', #3037 ) ;
#5128 = EDGE_LOOP ( 'NONE', ( #809, #1695, #2231, #4572 ) ) ;
#5129 = DIRECTION ( 'NONE',  ( -0.000000000000000000, 0.000000000000000000, -1.000000000000000000 ) ) ;
#5130 = SURFACE_STYLE_FILL_AREA ( #3244 ) ;
#5131 = LINE ( 'NONE', #3472, #2812 ) ;
#5132 = LINE ( 'NONE', #2886, #2560 ) ;
#5133 = VERTEX_POINT ( 'NONE', #1654 ) ;
#5134 = ORIENTED_EDGE ( 'NONE', *, *, #5015, .F. ) ;
#5135 = DIRECTION ( 'NONE',  ( -1.000000000000000000, -0.000000000000000000, 0.000000000000000000 ) ) ;
#5136 = EDGE_CURVE ( 'NONE', #5515, #4711, #1608, .T. ) ;
#5137 = CARTESIAN_POINT ( 'NONE',  ( 2.355000000000000426, 0.6650000000000000355, 1.349999999999999645 ) ) ;
#5138 = CARTESIAN_POINT ( 'NONE',  ( 2.130000000000000782, 0.6299999999999995604, 1.349999999999999201 ) ) ;
#5139 = DIRECTION ( 'NONE',  ( 0.000000000000000000, 0.000000000000000000, 1.000000000000000000 ) ) ;
#5140 = AXIS2_PLACEMENT_3D ( 'NONE', #1720, #2988, #3545 ) ;
#5141 = ORIENTED_EDGE ( 'NONE', *, *, #2837, .T. ) ;
#5142 = ORIENTED_EDGE ( 'NONE', *, *, #2469, .T. ) ;
#5143 = PLANE ( 'NONE',  #5555 ) ;
#5144 = EDGE_CURVE ( 'NONE', #2904, #4856, #3061, .T. ) ;
#5145 = ADVANCED_FACE ( 'NONE', ( #5231 ), #3009, .F. ) ;
#5146 = CARTESIAN_POINT ( 'NONE',  ( 2.540000000000001812, -1.469576158976823553E-16, 1.599999999999999645 ) ) ;
#5147 =( NAMED_UNIT ( * ) SI_UNIT ( $, .STERADIAN. ) SOLID_ANGLE_UNIT ( ) );
#5148 = LINE ( 'NONE', #5260, #2216 ) ;
#5149 = VERTEX_POINT ( 'NONE', #2587 ) ;
#5150 = DIRECTION ( 'NONE',  ( -0.000000000000000000, 0.000000000000000000, 1.000000000000000000 ) ) ;
#5151 = ORIENTED_EDGE ( 'NONE', *, *, #4521, .T. ) ;
#5152 = FACE_OUTER_BOUND ( 'NONE', #4378, .T. ) ;
#5153 = DIRECTION ( 'NONE',  ( -0.000000000000000000, 1.000000000000000000, -0.000000000000000000 ) ) ;
#5154 = ORIENTED_EDGE ( 'NONE', *, *, #3634, .T. ) ;
#5155 = ORIENTED_EDGE ( 'NONE', *, *, #5168, .F. ) ;
#5156 = ORIENTED_EDGE ( 'NONE', *, *, #1434, .T. ) ;
#5157 = CARTESIAN_POINT ( 'NONE',  ( 2.355000000000000426, 0.6299999999999997824, -1.349999999999999645 ) ) ;
#5158 = FACE_OUTER_BOUND ( 'NONE', #5446, .T. ) ;
#5159 = DIRECTION ( 'NONE',  ( -0.000000000000000000, 0.000000000000000000, 1.000000000000000000 ) ) ;
#5160 = ORIENTED_EDGE ( 'NONE', *, *, #1106, .T. ) ;
#5161 = EDGE_LOOP ( 'NONE', ( #1881, #4009, #844, #5640 ) ) ;
#5162 = FACE_OUTER_BOUND ( 'NONE', #4920, .T. ) ;
#5163 = AXIS2_PLACEMENT_3D ( 'NONE', #2067, #3888, #5695 ) ;
#5164 = EDGE_CURVE ( 'NONE', #3724, #3982, #4396, .T. ) ;
#5165 = DIRECTION ( 'NONE',  ( -1.000000000000000000, -0.000000000000000000, 0.000000000000000000 ) ) ;
#5166 = CARTESIAN_POINT ( 'NONE',  ( -0.8599999999999998757, -1.084202172485504434E-16, -1.349999999999999645 ) ) ;
#5167 = FACE_OUTER_BOUND ( 'NONE', #2585, .T. ) ;
#5168 = EDGE_CURVE ( 'NONE', #5530, #3447, #1155, .T. ) ;
#5169 = VECTOR ( 'NONE', #3877, 1000.000000000000000 ) ;
#5170 = ORIENTED_EDGE ( 'NONE', *, *, #2169, .T. ) ;
#5171 = ORIENTED_EDGE ( 'NONE', *, *, #4083, .F. ) ;
#5172 = FACE_OUTER_BOUND ( 'NONE', #1201, .T. ) ;
#5173 = VECTOR ( 'NONE', #944, 1000.000000000000000 ) ;
#5174 = VECTOR ( 'NONE', #441, 1000.000000000000000 ) ;
#5175 = LINE ( 'NONE', #4231, #1378 ) ;
#5176 = AXIS2_PLACEMENT_3D ( 'NONE', #3374, #2058, #3757 ) ;
#5177 = EDGE_CURVE ( 'NONE', #489, #4991, #2983, .T. ) ;
#5178 = VECTOR ( 'NONE', #3107, 1000.000000000000000 ) ;
#5179 = EDGE_CURVE ( 'NONE', #1506, #2318, #2535, .T. ) ;
#5180 = DIRECTION ( 'NONE',  ( -0.000000000000000000, 1.000000000000000000, -0.000000000000000000 ) ) ;
#5181 = ORIENTED_EDGE ( 'NONE', *, *, #5810, .T. ) ;
#5182 = VECTOR ( 'NONE', #1399, 1000.000000000000000 ) ;
#5183 = ORIENTED_EDGE ( 'NONE', *, *, #1216, .F. ) ;
#5184 = VECTOR ( 'NONE', #4188, 1000.000000000000000 ) ;
#5185 = LINE ( 'NONE', #4359, #2546 ) ;
#5186 = FACE_OUTER_BOUND ( 'NONE', #3787, .T. ) ;
#5187 = MECHANICAL_DESIGN_GEOMETRIC_PRESENTATION_REPRESENTATION (  '', ( #3486 ), #2251 ) ;
#5188 = EDGE_CURVE ( 'NONE', #1162, #494, #3897, .T. ) ;
#5189 = ORIENTED_EDGE ( 'NONE', *, *, #4439, .T. ) ;
#5190 = ORIENTED_EDGE ( 'NONE', *, *, #4802, .F. ) ;
#5191 = ORIENTED_EDGE ( 'NONE', *, *, #2396, .T. ) ;
#5192 = VECTOR ( 'NONE', #3711, 1000.000000000000000 ) ;
#5193 = FACE_OUTER_BOUND ( 'NONE', #1855, .T. ) ;
#5194 = SURFACE_STYLE_USAGE ( .BOTH. , #4834 ) ;
#5195 = VECTOR ( 'NONE', #5180, 1000.000000000000000 ) ;
#5196 = LINE ( 'NONE', #2074, #135 ) ;
#5197 = CARTESIAN_POINT ( 'NONE',  ( -0.4099999999999997535, -1.084202172485504434E-16, 1.349999999999999645 ) ) ;
#5198 = ORIENTED_EDGE ( 'NONE', *, *, #1163, .T. ) ;
#5199 = MECHANICAL_DESIGN_GEOMETRIC_PRESENTATION_REPRESENTATION (  '', ( #2931 ), #344 ) ;
#5200 = VERTEX_POINT ( 'NONE', #5705 ) ;
#5201 = AXIS2_PLACEMENT_3D ( 'NONE', #1607, #3538, #1262 ) ;
#5202 = CARTESIAN_POINT ( 'NONE',  ( -1.679999999999999938, 0.6650000000000000355, 1.599999999999999645 ) ) ;
#5203 = DIRECTION ( 'NONE',  ( -0.000000000000000000, 0.000000000000000000, 1.000000000000000000 ) ) ;
#5204 = DIRECTION ( 'NONE',  ( 0.000000000000000000, 1.006998921813162269E-16, -1.000000000000000000 ) ) ;
#5205 = LINE ( 'NONE', #4560, #5558 ) ;
#5206 = EDGE_CURVE ( 'NONE', #521, #2340, #1632, .T. ) ;
#5207 = VECTOR ( 'NONE', #3079, 1000.000000000000000 ) ;
#5208 = ORIENTED_EDGE ( 'NONE', *, *, #5206, .T. ) ;
#5209 = ORIENTED_EDGE ( 'NONE', *, *, #4477, .F. ) ;
#5210 = AXIS2_PLACEMENT_3D ( 'NONE', #3209, #938, #5839 ) ;
#5211 = DIRECTION ( 'NONE',  ( -0.000000000000000000, -1.165808787618822693E-15, -1.000000000000000000 ) ) ;
#5212 = DIRECTION ( 'NONE',  ( -0.000000000000000000, -0.000000000000000000, 1.000000000000000000 ) ) ;
#5213 = LINE ( 'NONE', #628, #1589 ) ;
#5214 = ORIENTED_EDGE ( 'NONE', *, *, #981, .F. ) ;
#5215 =( NAMED_UNIT ( * ) SI_UNIT ( $, .STERADIAN. ) SOLID_ANGLE_UNIT ( ) );
#5216 = EDGE_CURVE ( 'NONE', #5572, #1088, #4370, .T. ) ;
#5217 = ORIENTED_EDGE ( 'NONE', *, *, #4114, .F. ) ;
#5218 = DIRECTION ( 'NONE',  ( -1.000000000000000000, -0.000000000000000000, -0.000000000000000000 ) ) ;
#5219 = CARTESIAN_POINT ( 'NONE',  ( -0.4099999999999997535, 0.6299999999999997824, -0.9749999999999995337 ) ) ;
#5220 = ORIENTED_EDGE ( 'NONE', *, *, #4534, .F. ) ;
#5221 = ORIENTED_EDGE ( 'NONE', *, *, #784, .F. ) ;
#5222 = ORIENTED_EDGE ( 'NONE', *, *, #1057, .F. ) ;
#5223 = EDGE_CURVE ( 'NONE', #269, #4120, #499, .T. ) ;
#5224 = SURFACE_STYLE_FILL_AREA ( #2472 ) ;
#5225 = EDGE_CURVE ( 'NONE', #1867, #5149, #1433, .T. ) ;
#5226 = DIRECTION ( 'NONE',  ( -0.000000000000000000, 0.000000000000000000, -1.000000000000000000 ) ) ;
#5227 = DIRECTION ( 'NONE',  ( 1.000000000000000000, -0.000000000000000000, -9.637352644315616444E-16 ) ) ;
#5228 = ORIENTED_EDGE ( 'NONE', *, *, #822, .F. ) ;
#5229 = ORIENTED_EDGE ( 'NONE', *, *, #2816, .T. ) ;
#5230 = LINE ( 'NONE', #2104, #2068 ) ;
#5231 = FACE_OUTER_BOUND ( 'NONE', #4195, .T. ) ;
#5232 = DIRECTION ( 'NONE',  ( 0.000000000000000000, 0.000000000000000000, 1.000000000000000000 ) ) ;
#5233 = ORIENTED_EDGE ( 'NONE', *, *, #2109, .T. ) ;
#5234 = LINE ( 'NONE', #4432, #2041 ) ;
#5235 = LINE ( 'NONE', #114, #4421 ) ;
#5236 = CARTESIAN_POINT ( 'NONE',  ( -1.679999999999999938, -1.084202172485504434E-16, 1.349999999999999645 ) ) ;
#5237 = ORIENTED_EDGE ( 'NONE', *, *, #1067, .T. ) ;
#5238 = CARTESIAN_POINT ( 'NONE',  ( 2.540000000000001812, 0.6650000000000000355, 1.349999999999999201 ) ) ;
#5239 = EDGE_CURVE ( 'NONE', #4746, #5612, #3164, .T. ) ;
#5240 = ORIENTED_EDGE ( 'NONE', *, *, #20, .T. ) ;
#5241 = CARTESIAN_POINT ( 'NONE',  ( 0.4100000000000000866, 0.03499999999999998251, 1.349999999999999645 ) ) ;
#5242 = LINE ( 'NONE', #3049, #4403 ) ;
#5243 = EDGE_CURVE ( 'NONE', #3211, #5413, #3282, .T. ) ;
#5244 = VERTEX_POINT ( 'NONE', #928 ) ;
#5245 = ORIENTED_EDGE ( 'NONE', *, *, #1717, .F. ) ;
#5246 = DIRECTION ( 'NONE',  ( -0.000000000000000000, 0.000000000000000000, -1.000000000000000000 ) ) ;
#5247 = DIRECTION ( 'NONE',  ( -1.000000000000000000, -0.000000000000000000, 0.000000000000000000 ) ) ;
#5248 = CARTESIAN_POINT ( 'NONE',  ( -1.454999999999999627, 0.03499999999999999639, -1.350000000000000311 ) ) ;
#5249 = ORIENTED_EDGE ( 'NONE', *, *, #4955, .F. ) ;
#5250 = ORIENTED_EDGE ( 'NONE', *, *, #2242, .F. ) ;
#5251 = ADVANCED_FACE ( 'NONE', ( #2843 ), #4586, .F. ) ;
#5252 = DIRECTION ( 'NONE',  ( -1.000000000000000000, 0.000000000000000000, 9.637352644315618416E-16 ) ) ;
#5253 = LINE ( 'NONE', #306, #4232 ) ;
#5254 = CARTESIAN_POINT ( 'NONE',  ( -1.084999999999999298, 0.03499999999999999639, 1.100000000000000311 ) ) ;
#5255 = CARTESIAN_POINT ( 'NONE',  ( 2.540000000000001812, 0.03499999999999999639, 1.564999999999999503 ) ) ;
#5256 = SHAPE_REPRESENTATION ( 'YC324-FK-07100KL', ( #3203, #153 ), #4622 ) ;
#5257 = CARTESIAN_POINT ( 'NONE',  ( 0.4100000000000000866, -1.084202172485504434E-16, -1.349999999999999645 ) ) ;
#5258 =( LENGTH_UNIT ( ) NAMED_UNIT ( * ) SI_UNIT ( .MILLI., .METRE. ) );
#5259 = AXIS2_PLACEMENT_3D ( 'NONE', #2786, #1377, #4537 ) ;
#5260 = CARTESIAN_POINT ( 'NONE',  ( -1.084999999999999742, 0.000000000000000000, 1.349999999999999645 ) ) ;
#5261 = ORIENTED_EDGE ( 'NONE', *, *, #1004, .T. ) ;
#5262 = AXIS2_PLACEMENT_3D ( 'NONE', #915, #4663, #5610 ) ;
#5263 = VECTOR ( 'NONE', #1431, 1000.000000000000000 ) ;
#5264 = CARTESIAN_POINT ( 'NONE',  ( 1.455000000000000515, -1.084202172485504434E-16, -1.599999999999999867 ) ) ;
#5265 = ORIENTED_EDGE ( 'NONE', *, *, #5088, .T. ) ;
#5266 = CIRCLE ( 'NONE', #4517, 0.02333333333333332399 ) ;
#5267 = CARTESIAN_POINT ( 'NONE',  ( 4.741113354645781541, 0.6650000000000002576, -0.9749999999999995337 ) ) ;
#5268 = VECTOR ( 'NONE', #4027, 1000.000000000000000 ) ;
#5269 = DIRECTION ( 'NONE',  ( -1.000000000000000000, -0.000000000000000000, -0.000000000000000000 ) ) ;
#5270 = ORIENTED_EDGE ( 'NONE', *, *, #2706, .F. ) ;
#5271 = EDGE_CURVE ( 'NONE', #3047, #2554, #533, .T. ) ;
#5272 = ORIENTED_EDGE ( 'NONE', *, *, #4606, .T. ) ;
#5273 = ORIENTED_EDGE ( 'NONE', *, *, #3833, .F. ) ;
#5274 = VECTOR ( 'NONE', #2720, 1000.000000000000000 ) ;
#5275 = DIRECTION ( 'NONE',  ( -1.000000000000000000, 0.000000000000000000, 0.000000000000000000 ) ) ;
#5276 = CARTESIAN_POINT ( 'NONE',  ( 2.505000000000002114, 0.6650000000000002576, -0.9749999999999995337 ) ) ;
#5277 =( GEOMETRIC_REPRESENTATION_CONTEXT ( 3 ) GLOBAL_UNCERTAINTY_ASSIGNED_CONTEXT ( ( #4181 ) ) GLOBAL_UNIT_ASSIGNED_CONTEXT ( ( #5258, #831, #1242 ) ) REPRESENTATION_CONTEXT ( 'NONE', 'WORKASPACE' ) );
#5278 = CARTESIAN_POINT ( 'NONE',  ( 0.4100000000000000866, -1.084202172485504434E-16, 1.349999999999999645 ) ) ;
#5279 = DIRECTION ( 'NONE',  ( -1.000000000000000000, -0.000000000000000000, -0.000000000000000000 ) ) ;
#5280 = ORIENTED_EDGE ( 'NONE', *, *, #5391, .F. ) ;
#5281 = VERTEX_POINT ( 'NONE', #3727 ) ;
#5282 = VECTOR ( 'NONE', #388, 1000.000000000000000 ) ;
#5283 = PLANE ( 'NONE',  #4351 ) ;
#5284 = DIRECTION ( 'NONE',  ( 0.000000000000000000, 0.000000000000000000, -1.000000000000000000 ) ) ;
#5285 = EDGE_CURVE ( 'NONE', #303, #2092, #1458, .T. ) ;
#5286 =( LENGTH_UNIT ( ) NAMED_UNIT ( * ) SI_UNIT ( .MILLI., .METRE. ) );
#5287 = DIRECTION ( 'NONE',  ( 1.000000000000000000, 0.000000000000000000, 0.000000000000000000 ) ) ;
#5288 = AXIS2_PLACEMENT_3D ( 'NONE', #2796, #1032, #2437 ) ;
#5289 = LINE ( 'NONE', #1217, #236 ) ;
#5290 = CARTESIAN_POINT ( 'NONE',  ( -1.455000000000000071, 0.03499999999999944128, -1.564999999999997948 ) ) ;
#5291 = VECTOR ( 'NONE', #5368, 1000.000000000000000 ) ;
#5292 = EDGE_CURVE ( 'NONE', #4914, #3106, #2780, .T. ) ;
#5293 = EDGE_CURVE ( 'NONE', #609, #3800, #3198, .T. ) ;
#5294 = LINE ( 'NONE', #4401, #1103 ) ;
#5295 = ORIENTED_EDGE ( 'NONE', *, *, #2396, .F. ) ;
#5296 = DIRECTION ( 'NONE',  ( 0.000000000000000000, 0.000000000000000000, -1.000000000000000000 ) ) ;
#5297 = FACE_OUTER_BOUND ( 'NONE', #1055, .T. ) ;
#5298 = ORIENTED_EDGE ( 'NONE', *, *, #1199, .F. ) ;
#5299 = DIRECTION ( 'NONE',  ( 1.000000000000000000, 0.000000000000000000, 0.000000000000000000 ) ) ;
#5300 = CARTESIAN_POINT ( 'NONE',  ( 2.130000000000000782, 0.6650000000000000355, 0.9749999999999995337 ) ) ;
#5301 = ORIENTED_EDGE ( 'NONE', *, *, #592, .T. ) ;
#5302 = ORIENTED_EDGE ( 'NONE', *, *, #1957, .F. ) ;
#5303 = LINE ( 'NONE', #4003, #832 ) ;
#5304 = EDGE_CURVE ( 'NONE', #384, #4597, #4148, .T. ) ;
#5305 = DIRECTION ( 'NONE',  ( -1.000000000000000000, -0.000000000000000000, 0.000000000000000000 ) ) ;
#5306 = CARTESIAN_POINT ( 'NONE',  ( -2.130000000000000338, -1.084202172485504434E-16, -1.349999999999999645 ) ) ;
#5307 = CARTESIAN_POINT ( 'NONE',  ( 1.085000000000000187, 0.03499999999999999639, -1.564999999999999503 ) ) ;
#5308 = ORIENTED_EDGE ( 'NONE', *, *, #115, .F. ) ;
#5309 = ORIENTED_EDGE ( 'NONE', *, *, #964, .T. ) ;
#5310 = CLOSED_SHELL ( 'NONE', ( #5689, #1989, #3504, #2890, #4449, #663, #3359, #3554, #4508, #1644, #2590, #1117, #4140, #3044, #4779, #2266, #4989, #561 ) ) ;
#5311 = DIRECTION ( 'NONE',  ( -0.000000000000000000, 1.000000000000000000, -0.000000000000000000 ) ) ;
#5312 = DIRECTION ( 'NONE',  ( 0.000000000000000000, 0.000000000000000000, -1.000000000000000000 ) ) ;
#5313 = CARTESIAN_POINT ( 'NONE',  ( 0.000000000000000000, 0.000000000000000000, 0.000000000000000000 ) ) ;
#5314 = CARTESIAN_POINT ( 'NONE',  ( 1.680000000000000160, 0.03499999999999999639, 1.099999999999999645 ) ) ;
#5315 = EDGE_CURVE ( 'NONE', #132, #4931, #65, .T. ) ;
#5316 = CARTESIAN_POINT ( 'NONE',  ( 1.085000000000000187, 0.03499999999999999639, 1.564999999999999503 ) ) ;
#5317 = SURFACE_SIDE_STYLE ('',( #2087 ) ) ;
#5318 = DIRECTION ( 'NONE',  ( -1.000000000000000000, 0.000000000000000000, 0.000000000000000000 ) ) ;
#5319 = ORIENTED_EDGE ( 'NONE', *, *, #57, .T. ) ;
#5320 = VERTEX_POINT ( 'NONE', #472 ) ;
#5321 = EDGE_CURVE ( 'NONE', #5633, #2776, #4060, .T. ) ;
#5322 = ADVANCED_FACE ( 'NONE', ( #3230 ), #5860, .F. ) ;
#5323 = PLANE ( 'NONE',  #5072 ) ;
#5324 = LINE ( 'NONE', #2497, #2156 ) ;
#5325 = ORIENTED_EDGE ( 'NONE', *, *, #3881, .F. ) ;
#5326 = CARTESIAN_POINT ( 'NONE',  ( -1.454999999999999183, 0.03499999999999944128, 1.564999999999998836 ) ) ;
#5327 = CARTESIAN_POINT ( 'NONE',  ( 2.540000000000001812, 0.03499999999999998251, -1.350000000000000089 ) ) ;
#5328 = ORIENTED_EDGE ( 'NONE', *, *, #1153, .F. ) ;
#5329 = ORIENTED_EDGE ( 'NONE', *, *, #3930, .F. ) ;
#5330 = CARTESIAN_POINT ( 'NONE',  ( -0.1849999999999998312, 0.6650000000000000355, 0.9749999999999995337 ) ) ;
#5331 = CARTESIAN_POINT ( 'NONE',  ( -0.1850000000000001088, 0.03499999999999999639, 8.023096076392742672E-17 ) ) ;
#5332 = LINE ( 'NONE', #3148, #2334 ) ;
#5333 = LINE ( 'NONE', #3032, #262 ) ;
#5334 = VERTEX_POINT ( 'NONE', #4961 ) ;
#5335 = VERTEX_POINT ( 'NONE', #2 ) ;
#5336 = EDGE_CURVE ( 'NONE', #2904, #5869, #5508, .T. ) ;
#5337 = CARTESIAN_POINT ( 'NONE',  ( 2.355000000000000426, 0.6299999999999997824, -0.9749999999999995337 ) ) ;
#5338 = CARTESIAN_POINT ( 'NONE',  ( 2.540000000000001812, 0.6649999999999998135, -1.350000000000000089 ) ) ;
#5339 = CARTESIAN_POINT ( 'NONE',  ( 0.000000000000000000, 0.03499999999999999639, 1.100000000000000311 ) ) ;
#5340 = ORIENTED_EDGE ( 'NONE', *, *, #2902, .T. ) ;
#5341 = EDGE_CURVE ( 'NONE', #2092, #5454, #3615, .T. ) ;
#5342 = DIRECTION ( 'NONE',  ( -1.000000000000000000, 0.000000000000000000, 1.707404996040163525E-16 ) ) ;
#5343 = DIRECTION ( 'NONE',  ( -1.000000000000000000, -0.000000000000000000, -0.000000000000000000 ) ) ;
#5344 = DIRECTION ( 'NONE',  ( 1.000000000000000000, -0.000000000000000000, 1.707404996040163525E-16 ) ) ;
#5345 = ORIENTED_EDGE ( 'NONE', *, *, #4425, .F. ) ;
#5346 = VERTEX_POINT ( 'NONE', #5412 ) ;
#5347 = AXIS2_PLACEMENT_3D ( 'NONE', #3552, #3200, #897 ) ;
#5348 = PLANE ( 'NONE',  #4704 ) ;
#5349 = DIRECTION ( 'NONE',  ( 0.000000000000000000, 0.000000000000000000, -1.000000000000000000 ) ) ;
#5350 = VERTEX_POINT ( 'NONE', #1341 ) ;
#5351 = CARTESIAN_POINT ( 'NONE',  ( 1.455000000000000515, 0.03499999999999999639, -1.099999999999999867 ) ) ;
#5352 = EDGE_CURVE ( 'NONE', #742, #1619, #1850, .T. ) ;
#5353 = DIRECTION ( 'NONE',  ( -0.000000000000000000, 1.224646799147353207E-16, -1.000000000000000000 ) ) ;
#5354 = PRESENTATION_LAYER_ASSIGNMENT (  '', '', ( #4414 ) ) ;
#5355 = EDGE_LOOP ( 'NONE', ( #68, #127, #4167, #3315 ) ) ;
#5356 = EDGE_LOOP ( 'NONE', ( #5795, #638, #1597, #3086 ) ) ;
#5357 = VECTOR ( 'NONE', #1696, 1000.000000000000000 ) ;
#5358 = DIRECTION ( 'NONE',  ( -1.000000000000000000, 0.000000000000000000, -0.000000000000000000 ) ) ;
#5359 = VECTOR ( 'NONE', #5731, 1000.000000000000000 ) ;
#5360 = DIRECTION ( 'NONE',  ( 0.000000000000000000, 1.000000000000000000, 0.000000000000000000 ) ) ;
#5361 = VECTOR ( 'NONE', #1306, 1000.000000000000000 ) ;
#5362 = CARTESIAN_POINT ( 'NONE',  ( 2.355000000000000426, 0.03499999999999999639, -1.564999999999999503 ) ) ;
#5363 = LINE ( 'NONE', #333, #5768 ) ;
#5364 = ADVANCED_FACE ( 'NONE', ( #1821 ), #5477, .F. ) ;
#5365 = ORIENTED_EDGE ( 'NONE', *, *, #3251, .F. ) ;
#5366 = VECTOR ( 'NONE', #2330, 1000.000000000000000 ) ;
#5367 = ORIENTED_EDGE ( 'NONE', *, *, #2126, .F. ) ;
#5368 = DIRECTION ( 'NONE',  ( -1.000000000000000000, -0.000000000000000000, -0.000000000000000000 ) ) ;
#5369 = AXIS2_PLACEMENT_3D ( 'NONE', #3986, #3898, #2536 ) ;
#5370 = CARTESIAN_POINT ( 'NONE',  ( -0.1849999999999998312, 0.03499999999999999639, -1.564999999999999503 ) ) ;
#5371 = DIRECTION ( 'NONE',  ( 0.000000000000000000, 0.000000000000000000, 1.000000000000000000 ) ) ;
#5372 = VECTOR ( 'NONE', #2474, 1000.000000000000000 ) ;
#5373 = FACE_OUTER_BOUND ( 'NONE', #1282, .T. ) ;
#5374 = ORIENTED_EDGE ( 'NONE', *, *, #4296, .T. ) ;
#5375 = CARTESIAN_POINT ( 'NONE',  ( -2.130000000000000338, -1.084202172485504434E-16, -1.349999999999999645 ) ) ;
#5376 = VECTOR ( 'NONE', #2492, 1000.000000000000000 ) ;
#5377 = SURFACE_SIDE_STYLE ('',( #3456 ) ) ;
#5378 = ADVANCED_FACE ( 'NONE', ( #1971 ), #1523, .F. ) ;
#5379 = DIRECTION ( 'NONE',  ( -0.000000000000000000, 0.000000000000000000, -1.000000000000000000 ) ) ;
#5380 = VERTEX_POINT ( 'NONE', #3790 ) ;
#5381 = ORIENTED_EDGE ( 'NONE', *, *, #1273, .F. ) ;
#5382 = DIRECTION ( 'NONE',  ( -0.000000000000000000, 0.000000000000000000, 1.000000000000000000 ) ) ;
#5383 = VECTOR ( 'NONE', #2982, 1000.000000000000000 ) ;
#5384 = DIRECTION ( 'NONE',  ( 0.000000000000000000, -1.000000000000000000, 0.000000000000000000 ) ) ;
#5385 = ORIENTED_EDGE ( 'NONE', *, *, #2717, .T. ) ;
#5386 = FACE_OUTER_BOUND ( 'NONE', #1604, .T. ) ;
#5387 = DIRECTION ( 'NONE',  ( 1.000000000000000000, 0.000000000000000000, 0.000000000000000000 ) ) ;
#5388 = VECTOR ( 'NONE', #1885, 1000.000000000000000 ) ;
#5389 = ORIENTED_EDGE ( 'NONE', *, *, #265, .T. ) ;
#5390 = ORIENTED_EDGE ( 'NONE', *, *, #726, .F. ) ;
#5391 = EDGE_CURVE ( 'NONE', #3628, #4589, #3346, .T. ) ;
#5392 = LINE ( 'NONE', #1256, #5207 ) ;
#5393 = VECTOR ( 'NONE', #2851, 1000.000000000000000 ) ;
#5394 = VERTEX_POINT ( 'NONE', #2392 ) ;
#5395 = CARTESIAN_POINT ( 'NONE',  ( 1.085000000000000187, 0.6299999999999997824, -0.9749999999999995337 ) ) ;
#5396 = DIRECTION ( 'NONE',  ( -1.000000000000000000, 0.000000000000000000, 0.000000000000000000 ) ) ;
#5397 = DIRECTION ( 'NONE',  ( 0.000000000000000000, 0.000000000000000000, -1.000000000000000000 ) ) ;
#5398 = ORIENTED_EDGE ( 'NONE', *, *, #115, .T. ) ;
#5399 = EDGE_CURVE ( 'NONE', #4931, #5448, #5596, .T. ) ;
#5400 = EDGE_CURVE ( 'NONE', #4951, #4262, #5175, .T. ) ;
#5401 = DIRECTION ( 'NONE',  ( 1.606225440719266613E-16, 0.000000000000000000, 1.000000000000000000 ) ) ;
#5402 = DIRECTION ( 'NONE',  ( -0.000000000000000000, 1.000000000000000000, -0.000000000000000000 ) ) ;
#5403 = LINE ( 'NONE', #5013, #315 ) ;
#5404 = EDGE_LOOP ( 'NONE', ( #3720, #1068, #3746, #3307 ) ) ;
#5405 = CARTESIAN_POINT ( 'NONE',  ( 2.130000000000000782, 0.03499999999999998251, 1.349999999999999201 ) ) ;
#5406 = LINE ( 'NONE', #1813, #2438 ) ;
#5407 = DIRECTION ( 'NONE',  ( 0.000000000000000000, -1.000000000000000000, 0.000000000000000000 ) ) ;
#5408 = EDGE_LOOP ( 'NONE', ( #2661, #4604, #186, #5122 ) ) ;
#5409 = ORIENTED_EDGE ( 'NONE', *, *, #4992, .T. ) ;
#5410 = DIRECTION ( 'NONE',  ( -1.000000000000000000, -0.000000000000000000, 0.000000000000000000 ) ) ;
#5411 = DIRECTION ( 'NONE',  ( -0.000000000000000000, 1.000000000000000000, -0.000000000000000000 ) ) ;
#5412 = CARTESIAN_POINT ( 'NONE',  ( 0.8600000000000003197, -1.084202172485504434E-16, -1.099999999999999423 ) ) ;
#5413 = VERTEX_POINT ( 'NONE', #146 ) ;
#5414 = CARTESIAN_POINT ( 'NONE',  ( -0.1849999999999998312, -1.469576158976823553E-16, 1.599999999999999645 ) ) ;
#5415 = CARTESIAN_POINT ( 'NONE',  ( 1.455000000000000959, 0.03499999999999944128, 1.564999999999999281 ) ) ;
#5416 = ORIENTED_EDGE ( 'NONE', *, *, #4748, .F. ) ;
#5417 = VERTEX_POINT ( 'NONE', #4320 ) ;
#5418 = EDGE_CURVE ( 'NONE', #3648, #2625, #1160, .T. ) ;
#5419 = DIRECTION ( 'NONE',  ( 0.000000000000000000, 0.000000000000000000, -1.000000000000000000 ) ) ;
#5420 = EDGE_LOOP ( 'NONE', ( #216, #5814, #2978, #2200, #3151, #3731, #857, #2036 ) ) ;
#5421 = LINE ( 'NONE', #1828, #4348 ) ;
#5422 = CARTESIAN_POINT ( 'NONE',  ( 1.085000000000000187, -1.469576158976823553E-16, 1.599999999999999645 ) ) ;
#5423 = LINE ( 'NONE', #4506, #649 ) ;
#5424 = EDGE_CURVE ( 'NONE', #183, #3432, #207, .T. ) ;
#5425 = CARTESIAN_POINT ( 'NONE',  ( -1.679999999999999938, -1.084202172485504434E-16, 1.349999999999999645 ) ) ;
#5426 = ORIENTED_EDGE ( 'NONE', *, *, #5035, .T. ) ;
#5427 = CARTESIAN_POINT ( 'NONE',  ( -2.540000000000001368, 0.03499999999999999639, -1.564999999999999503 ) ) ;
#5428 = DIRECTION ( 'NONE',  ( -1.000000000000000000, 0.000000000000000000, 0.000000000000000000 ) ) ;
#5429 = CARTESIAN_POINT ( 'NONE',  ( 0.8600000000000003197, -1.084202172485504434E-16, -1.349999999999999645 ) ) ;
#5430 = ORIENTED_EDGE ( 'NONE', *, *, #5321, .T. ) ;
#5431 = EDGE_CURVE ( 'NONE', #1694, #1774, #5566, .T. ) ;
#5432 = ADVANCED_FACE ( 'NONE', ( #5116 ), #2453, .F. ) ;
#5433 = CARTESIAN_POINT ( 'NONE',  ( -0.4099999999999997535, 0.6650000000000000355, 0.9749999999999995337 ) ) ;
#5434 = DIRECTION ( 'NONE',  ( -1.000000000000000000, -0.000000000000000000, -0.000000000000000000 ) ) ;
#5435 = EDGE_CURVE ( 'NONE', #1606, #798, #5235, .T. ) ;
#5436 = CARTESIAN_POINT ( 'NONE',  ( 1.085000000000000187, 0.03499999999999999639, -1.564999999999999503 ) ) ;
#5437 = ORIENTED_EDGE ( 'NONE', *, *, #667, .T. ) ;
#5438 = ORIENTED_EDGE ( 'NONE', *, *, #255, .T. ) ;
#5439 = DIRECTION ( 'NONE',  ( 0.000000000000000000, -1.224646799147352961E-16, -1.000000000000000000 ) ) ;
#5440 = LINE ( 'NONE', #562, #5105 ) ;
#5441 = CARTESIAN_POINT ( 'NONE',  ( 1.085000000000000187, 0.6299999999999997824, -1.349999999999999645 ) ) ;
#5442 = FACE_OUTER_BOUND ( 'NONE', #4780, .T. ) ;
#5443 = CARTESIAN_POINT ( 'NONE',  ( 1.084999999999999964, 0.03499999999999999639, -4.705437428587092202E-16 ) ) ;
#5444 = VECTOR ( 'NONE', #1700, 1000.000000000000000 ) ;
#5445 = DIRECTION ( 'NONE',  ( 0.000000000000000000, 0.000000000000000000, -1.000000000000000000 ) ) ;
#5446 = EDGE_LOOP ( 'NONE', ( #4475, #4691, #5699, #126, #924, #1322, #1546, #1674 ) ) ;
#5447 = CARTESIAN_POINT ( 'NONE',  ( 2.355000000000000426, 0.03499999999999999639, 1.349999999999999201 ) ) ;
#5448 = VERTEX_POINT ( 'NONE', #237 ) ;
#5449 = CARTESIAN_POINT ( 'NONE',  ( 0.1850000000000004696, 0.03499999999999999639, -4.011548038196376883E-17 ) ) ;
#5450 = ADVANCED_FACE ( 'NONE', ( #4649 ), #2933, .F. ) ;
#5451 = DIRECTION ( 'NONE',  ( 0.000000000000000000, 0.000000000000000000, 1.000000000000000000 ) ) ;
#5452 = CARTESIAN_POINT ( 'NONE',  ( -1.084999999999999742, 0.6299999999999997824, -0.9749999999999995337 ) ) ;
#5453 = LINE ( 'NONE', #5197, #55 ) ;
#5454 = VERTEX_POINT ( 'NONE', #4266 ) ;
#5455 = PRODUCT_DEFINITION_SHAPE ( 'NONE', 'NONE',  #5886 ) ;
#5456 = AXIS2_PLACEMENT_3D ( 'NONE', #1324, #907, #5396 ) ;
#5457 = VECTOR ( 'NONE', #925, 1000.000000000000000 ) ;
#5458 = LINE ( 'NONE', #4573, #1593 ) ;
#5459 = CARTESIAN_POINT ( 'NONE',  ( -1.454999999999999849, -1.084202172485504434E-16, -1.599999999999999645 ) ) ;
#5460 = VECTOR ( 'NONE', #4758, 1000.000000000000000 ) ;
#5461 = DIRECTION ( 'NONE',  ( 0.000000000000000000, -1.000000000000000000, 0.000000000000000000 ) ) ;
#5462 = ORIENTED_EDGE ( 'NONE', *, *, #4095, .T. ) ;
#5463 = VECTOR ( 'NONE', #2019, 1000.000000000000000 ) ;
#5464 = AXIS2_PLACEMENT_3D ( 'NONE', #1964, #229, #556 ) ;
#5465 = EDGE_CURVE ( 'NONE', #569, #799, #2024, .T. ) ;
#5466 = CARTESIAN_POINT ( 'NONE',  ( -0.1850000000000001088, 0.6300000000000000044, 8.023096076392742672E-17 ) ) ;
#5467 = VECTOR ( 'NONE', #457, 1000.000000000000000 ) ;
#5468 = CARTESIAN_POINT ( 'NONE',  ( -1.084999999999999742, -1.084202172485504434E-16, -1.349999999999999645 ) ) ;
#5469 = DIRECTION ( 'NONE',  ( 0.000000000000000000, 1.000000000000000000, -0.000000000000000000 ) ) ;
#5470 = ORIENTED_EDGE ( 'NONE', *, *, #2350, .T. ) ;
#5471 = EDGE_LOOP ( 'NONE', ( #5586, #1800, #603, #3275, #3438, #2348, #4638, #3477 ) ) ;
#5472 = VECTOR ( 'NONE', #1860, 1000.000000000000000 ) ;
#5473 = DIRECTION ( 'NONE',  ( 0.000000000000000000, 1.000000000000000000, -1.224646799147352961E-16 ) ) ;
#5474 = EDGE_CURVE ( 'NONE', #888, #371, #1998, .T. ) ;
#5475 = DIRECTION ( 'NONE',  ( -1.000000000000000000, 0.000000000000000000, 9.637352644315618416E-16 ) ) ;
#5476 = EDGE_CURVE ( 'NONE', #1102, #2092, #1105, .T. ) ;
#5477 = PLANE ( 'NONE',  #1758 ) ;
#5478 = DIRECTION ( 'NONE',  ( 0.000000000000000000, 0.000000000000000000, 1.000000000000000000 ) ) ;
#5479 = FACE_OUTER_BOUND ( 'NONE', #2973, .T. ) ;
#5480 = AXIS2_PLACEMENT_3D ( 'NONE', #16, #4041, #4575 ) ;
#5481 = CARTESIAN_POINT ( 'NONE',  ( 1.455000000000000071, 0.03499999999999999639, -1.564999999999999503 ) ) ;
#5482 = ORIENTED_EDGE ( 'NONE', *, *, #2677, .T. ) ;
#5483 = VECTOR ( 'NONE', #227, 1000.000000000000000 ) ;
#5484 = ORIENTED_EDGE ( 'NONE', *, *, #3664, .T. ) ;
#5485 = CARTESIAN_POINT ( 'NONE',  ( 2.540000000000001812, 0.6300000000000003375, 1.564999999999999503 ) ) ;
#5486 = AXIS2_PLACEMENT_3D ( 'NONE', #5565, #4203, #1494 ) ;
#5487 = DIRECTION ( 'NONE',  ( 0.000000000000000000, 1.224646799147353207E-16, 1.000000000000000000 ) ) ;
#5488 = DIRECTION ( 'NONE',  ( 0.000000000000000000, -1.000000000000000000, 0.000000000000000000 ) ) ;
#5489 = CARTESIAN_POINT ( 'NONE',  ( 0.4100000000000000866, -1.084202172485504434E-16, 1.349999999999999645 ) ) ;
#5490 = VERTEX_POINT ( 'NONE', #564 ) ;
#5491 = VECTOR ( 'NONE', #1173, 1000.000000000000000 ) ;
#5492 = ADVANCED_FACE ( 'NONE', ( #3819 ), #4675, .F. ) ;
#5493 = DIRECTION ( 'NONE',  ( 0.000000000000000000, 1.000000000000000000, -0.000000000000000000 ) ) ;
#5494 = DIRECTION ( 'NONE',  ( -0.000000000000000000, 1.000000000000000000, -0.000000000000000000 ) ) ;
#5495 = CONTEXT_DEPENDENT_SHAPE_REPRESENTATION ( #4091, #5455 ) ;
#5496 = DIRECTION ( 'NONE',  ( 0.000000000000000000, 0.000000000000000000, -1.000000000000000000 ) ) ;
#5497 = VERTEX_POINT ( 'NONE', #4764 ) ;
#5498 = ADVANCED_FACE ( 'NONE', ( #1550 ), #683, .F. ) ;
#5499 = LINE ( 'NONE', #1875, #3385 ) ;
#5500 = LINE ( 'NONE', #4172, #1578 ) ;
#5501 = ADVANCED_FACE ( 'NONE', ( #794 ), #5816, .F. ) ;
#5502 = DIRECTION ( 'NONE',  ( -0.000000000000000000, 1.000000000000000000, -0.000000000000000000 ) ) ;
#5503 = VERTEX_POINT ( 'NONE', #2592 ) ;
#5504 = ORIENTED_EDGE ( 'NONE', *, *, #2283, .T. ) ;
#5505 = CARTESIAN_POINT ( 'NONE',  ( -1.084999999999999742, 0.000000000000000000, 1.349999999999999645 ) ) ;
#5506 = LINE ( 'NONE', #1457, #2072 ) ;
#5507 = MANIFOLD_SOLID_BREP ( 'Boss-Extrude4[2]', #1804 ) ;
#5508 = LINE ( 'NONE', #1792, #3574 ) ;
#5509 = LINE ( 'NONE', #565, #2604 ) ;
#5510 = EDGE_CURVE ( 'NONE', #1616, #5714, #2655, .T. ) ;
#5511 = EDGE_CURVE ( 'NONE', #2848, #4438, #5709, .T. ) ;
#5512 = DIRECTION ( 'NONE',  ( 1.000000000000000000, 0.000000000000000000, 4.336808689942017736E-16 ) ) ;
#5513 = EDGE_LOOP ( 'NONE', ( #4386, #3907, #4942, #2787 ) ) ;
#5514 = LINE ( 'NONE', #5089, #5827 ) ;
#5515 = VERTEX_POINT ( 'NONE', #2621 ) ;
#5516 = LINE ( 'NONE', #4241, #2633 ) ;
#5517 = DIRECTION ( 'NONE',  ( 0.000000000000000000, 0.000000000000000000, 1.000000000000000000 ) ) ;
#5518 = DIRECTION ( 'NONE',  ( -1.000000000000000000, 0.000000000000000000, 0.000000000000000000 ) ) ;
#5519 = EDGE_LOOP ( 'NONE', ( #810, #52, #3078, #2314 ) ) ;
#5520 = DIRECTION ( 'NONE',  ( -0.000000000000000000, 1.000000000000000000, -0.000000000000000000 ) ) ;
#5521 = LINE ( 'NONE', #606, #3688 ) ;
#5522 = CARTESIAN_POINT ( 'NONE',  ( 1.680000000000000160, 0.6299999999999995604, -1.349999999999999645 ) ) ;
#5523 = ORIENTED_EDGE ( 'NONE', *, *, #1281, .T. ) ;
#5524 = ORIENTED_EDGE ( 'NONE', *, *, #3233, .T. ) ;
#5525 = MANIFOLD_SOLID_BREP ( 'Cut-Extrude2[5]', #5879 ) ;
#5526 = DIRECTION ( 'NONE',  ( -1.000000000000000000, -0.000000000000000000, -0.000000000000000000 ) ) ;
#5527 = DIRECTION ( 'NONE',  ( -1.000000000000000000, 0.000000000000000000, -0.000000000000000000 ) ) ;
#5528 = EDGE_CURVE ( 'NONE', #1062, #5540, #4375, .T. ) ;
#5529 = VERTEX_POINT ( 'NONE', #3925 ) ;
#5530 = VERTEX_POINT ( 'NONE', #5290 ) ;
#5531 = CARTESIAN_POINT ( 'NONE',  ( 1.680000000000000160, 0.03499999999999998251, -1.349999999999999645 ) ) ;
#5532 = CARTESIAN_POINT ( 'NONE',  ( -0.4099999999999997535, 0.03499999999999999639, -1.564999999999999503 ) ) ;
#5533 = DIRECTION ( 'NONE',  ( 0.000000000000000000, 1.224646799147353207E-16, 1.000000000000000000 ) ) ;
#5534 = UNCERTAINTY_MEASURE_WITH_UNIT (LENGTH_MEASURE( 1.000000000000000082E-05 ), #49, 'distance_accuracy_value', 'NONE');
#5535 = PRESENTATION_STYLE_ASSIGNMENT (( #591 ) ) ;
#5536 = LINE ( 'NONE', #2305, #5670 ) ;
#5537 = ORIENTED_EDGE ( 'NONE', *, *, #2961, .T. ) ;
#5538 = SURFACE_STYLE_USAGE ( .BOTH. , #4590 ) ;
#5539 = ADVANCED_FACE ( 'NONE', ( #2137 ), #1271, .F. ) ;
#5540 = VERTEX_POINT ( 'NONE', #3041 ) ;
#5541 = LINE ( 'NONE', #4683, #3299 ) ;
#5542 = CARTESIAN_POINT ( 'NONE',  ( -1.454999999999999849, -8.572527594031470725E-17, -1.099999999999999645 ) ) ;
#5543 = LINE ( 'NONE', #5425, #4812 ) ;
#5544 = ORIENTED_EDGE ( 'NONE', *, *, #1611, .F. ) ;
#5545 = AXIS2_PLACEMENT_3D ( 'NONE', #957, #2782, #4531 ) ;
#5546 = DIRECTION ( 'NONE',  ( -1.000000000000000000, 0.000000000000000000, 0.000000000000000000 ) ) ;
#5547 = ADVANCED_FACE ( 'NONE', ( #3959 ), #3517, .F. ) ;
#5548 = EDGE_CURVE ( 'NONE', #132, #2174, #2745, .T. ) ;
#5549 = LINE ( 'NONE', #1059, #1569 ) ;
#5550 = CARTESIAN_POINT ( 'NONE',  ( -2.540000000000000924, 0.03499999999999999639, -1.349999999999999423 ) ) ;
#5551 = EDGE_LOOP ( 'NONE', ( #3058, #3441, #3500, #2996 ) ) ;
#5552 =( GEOMETRIC_REPRESENTATION_CONTEXT ( 3 ) GLOBAL_UNCERTAINTY_ASSIGNED_CONTEXT ( ( #762 ) ) GLOBAL_UNIT_ASSIGNED_CONTEXT ( ( #5121, #1111, #5215 ) ) REPRESENTATION_CONTEXT ( 'NONE', 'WORKASPACE' ) );
#5553 = VERTEX_POINT ( 'NONE', #3637 ) ;
#5554 = VECTOR ( 'NONE', #342, 1000.000000000000000 ) ;
#5555 = AXIS2_PLACEMENT_3D ( 'NONE', #5650, #4202, #4763 ) ;
#5556 = CARTESIAN_POINT ( 'NONE',  ( 0.4100000000000000866, 0.03499999999999999639, -1.099999999999999645 ) ) ;
#5557 = DIRECTION ( 'NONE',  ( 0.000000000000000000, 1.000000000000000000, 0.000000000000000000 ) ) ;
#5558 = VECTOR ( 'NONE', #5592, 1000.000000000000000 ) ;
#5559 = VECTOR ( 'NONE', #4696, 1000.000000000000000 ) ;
#5560 = VECTOR ( 'NONE', #180, 1000.000000000000000 ) ;
#5561 = EDGE_LOOP ( 'NONE', ( #4466, #776, #2199, #1327 ) ) ;
#5562 = ORIENTED_EDGE ( 'NONE', *, *, #643, .F. ) ;
#5563 = CARTESIAN_POINT ( 'NONE',  ( 0.4100000000000000866, 0.03499999999999998251, -1.349999999999999645 ) ) ;
#5564 = EDGE_CURVE ( 'NONE', #2553, #4358, #1907, .T. ) ;
#5565 = CARTESIAN_POINT ( 'NONE',  ( -2.129999999999999893, -1.084202172485504434E-16, 1.349999999999999645 ) ) ;
#5566 = LINE ( 'NONE', #4738, #3766 ) ;
#5567 = VECTOR ( 'NONE', #1189, 1000.000000000000000 ) ;
#5568 = VECTOR ( 'NONE', #4522, 1000.000000000000000 ) ;
#5569 = CARTESIAN_POINT ( 'NONE',  ( 2.505000000000002114, 0.6766666666666668606, -1.099999999999999645 ) ) ;
#5570 = FACE_OUTER_BOUND ( 'NONE', #2159, .T. ) ;
#5571 = AXIS2_PLACEMENT_3D ( 'NONE', #4156, #963, #1467 ) ;
#5572 = VERTEX_POINT ( 'NONE', #4953 ) ;
#5573 = DIRECTION ( 'NONE',  ( 0.000000000000000000, 0.000000000000000000, -1.000000000000000000 ) ) ;
#5574 = VERTEX_POINT ( 'NONE', #977 ) ;
#5575 = DIRECTION ( 'NONE',  ( 0.000000000000000000, 0.000000000000000000, 1.000000000000000000 ) ) ;
#5576 = VECTOR ( 'NONE', #5402, 1000.000000000000000 ) ;
#5577 = DIRECTION ( 'NONE',  ( 0.000000000000000000, 1.000000000000000000, 0.000000000000000000 ) ) ;
#5578 = ADVANCED_FACE ( 'NONE', ( #948 ), #56, .F. ) ;
#5579 = ORIENTED_EDGE ( 'NONE', *, *, #2967, .T. ) ;
#5580 = ORIENTED_EDGE ( 'NONE', *, *, #5719, .T. ) ;
#5581 = ORIENTED_EDGE ( 'NONE', *, *, #2939, .T. ) ;
#5582 = DIRECTION ( 'NONE',  ( -1.000000000000000000, -0.000000000000000000, 0.000000000000000000 ) ) ;
#5583 = VECTOR ( 'NONE', #5349, 1000.000000000000000 ) ;
#5584 = PLANE ( 'NONE',  #2616 ) ;
#5585 = DIRECTION ( 'NONE',  ( 0.000000000000000000, -1.000000000000000000, 0.000000000000000000 ) ) ;
#5586 = ORIENTED_EDGE ( 'NONE', *, *, #4866, .T. ) ;
#5587 = ORIENTED_EDGE ( 'NONE', *, *, #2837, .F. ) ;
#5588 = EDGE_CURVE ( 'NONE', #4358, #4856, #3607, .T. ) ;
#5589 = CARTESIAN_POINT ( 'NONE',  ( 0.1850000000000002753, 0.6650000000000000355, 1.599999999999999645 ) ) ;
#5590 = DIRECTION ( 'NONE',  ( -0.000000000000000000, 0.000000000000000000, -1.000000000000000000 ) ) ;
#5591 = VECTOR ( 'NONE', #4036, 1000.000000000000000 ) ;
#5592 = DIRECTION ( 'NONE',  ( 0.000000000000000000, 0.000000000000000000, -1.000000000000000000 ) ) ;
#5593 = ORIENTED_EDGE ( 'NONE', *, *, #858, .T. ) ;
#5594 = ORIENTED_EDGE ( 'NONE', *, *, #711, .F. ) ;
#5595 = CARTESIAN_POINT ( 'NONE',  ( 1.085000000000000187, 0.6300000000000003375, 1.564999999999999503 ) ) ;
#5596 = LINE ( 'NONE', #590, #2434 ) ;
#5597 = LINE ( 'NONE', #1525, #4782 ) ;
#5598 = VERTEX_POINT ( 'NONE', #861 ) ;
#5599 = DIRECTION ( 'NONE',  ( -1.000000000000000000, 0.000000000000000000, 0.000000000000000000 ) ) ;
#5600 = ORIENTED_EDGE ( 'NONE', *, *, #2850, .T. ) ;
#5601 = CARTESIAN_POINT ( 'NONE',  ( 2.540000000000001812, 6.596850090290522495, 1.564999999999999503 ) ) ;
#5602 = LINE ( 'NONE', #4242, #836 ) ;
#5603 = EDGE_CURVE ( 'NONE', #4811, #3648, #5406, .T. ) ;
#5604 = ORIENTED_EDGE ( 'NONE', *, *, #3369, .T. ) ;
#5605 = ORIENTED_EDGE ( 'NONE', *, *, #2576, .F. ) ;
#5606 = ORIENTED_EDGE ( 'NONE', *, *, #993, .T. ) ;
#5607 = CARTESIAN_POINT ( 'NONE',  ( -1.454999999999999849, 0.6300000000000001155, -1.349999999999999645 ) ) ;
#5608 = DIRECTION ( 'NONE',  ( 0.000000000000000000, 8.673617379884043361E-16, 1.000000000000000000 ) ) ;
#5609 = EDGE_CURVE ( 'NONE', #2035, #4448, #4579, .T. ) ;
#5610 = DIRECTION ( 'NONE',  ( 0.000000000000000000, 0.000000000000000000, -1.000000000000000000 ) ) ;
#5611 = LINE ( 'NONE', #2408, #3417 ) ;
#5612 = VERTEX_POINT ( 'NONE', #1335 ) ;
#5613 = VERTEX_POINT ( 'NONE', #465 ) ;
#5614 = DIRECTION ( 'NONE',  ( 0.000000000000000000, -1.112002228190261445E-16, 1.000000000000000000 ) ) ;
#5615 = DIRECTION ( 'NONE',  ( -1.000000000000000000, 0.000000000000000000, 0.000000000000000000 ) ) ;
#5616 = EDGE_CURVE ( 'NONE', #3800, #94, #491, .T. ) ;
#5617 = FACE_OUTER_BOUND ( 'NONE', #5513, .T. ) ;
#5618 = PLANE ( 'NONE',  #4234 ) ;
#5619 = ADVANCED_FACE ( 'NONE', ( #4519 ), #1361, .F. ) ;
#5620 = EDGE_LOOP ( 'NONE', ( #468, #5058, #3927, #2685 ) ) ;
#5621 = ORIENTED_EDGE ( 'NONE', *, *, #2576, .T. ) ;
#5622 = DIRECTION ( 'NONE',  ( -1.000000000000000000, -0.000000000000000000, 0.000000000000000000 ) ) ;
#5623 = CARTESIAN_POINT ( 'NONE',  ( 2.540000000000001812, 6.596850090290522495, -1.564999999999998614 ) ) ;
#5624 = EDGE_CURVE ( 'NONE', #274, #1630, #4609, .T. ) ;
#5625 =( LENGTH_UNIT ( ) NAMED_UNIT ( * ) SI_UNIT ( .MILLI., .METRE. ) );
#5626 = CARTESIAN_POINT ( 'NONE',  ( 2.130000000000000338, 0.03499999999999999639, -1.099999999999999645 ) ) ;
#5627 = ORIENTED_EDGE ( 'NONE', *, *, #197, .T. ) ;
#5628 = LINE ( 'NONE', #2490, #1749 ) ;
#5629 = EDGE_LOOP ( 'NONE', ( #365, #4665, #3357, #2008, #5046, #2181, #5265, #5409 ) ) ;
#5630 = PLANE ( 'NONE',  #61 ) ;
#5631 = DIRECTION ( 'NONE',  ( -1.000000000000000000, -0.000000000000000000, 0.000000000000000000 ) ) ;
#5632 = ORIENTED_EDGE ( 'NONE', *, *, #4251, .T. ) ;
#5633 = VERTEX_POINT ( 'NONE', #4137 ) ;
#5634 = ORIENTED_EDGE ( 'NONE', *, *, #4385, .F. ) ;
#5635 = DIRECTION ( 'NONE',  ( -0.000000000000000000, 1.000000000000000000, -0.000000000000000000 ) ) ;
#5636 = EDGE_CURVE ( 'NONE', #2880, #3971, #5500, .T. ) ;
#5637 = CARTESIAN_POINT ( 'NONE',  ( -2.540000000000001368, 0.6300000000000003375, 1.564999999999999503 ) ) ;
#5638 = DIRECTION ( 'NONE',  ( 0.000000000000000000, 1.000000000000000000, 0.000000000000000000 ) ) ;
#5639 = CARTESIAN_POINT ( 'NONE',  ( 0.1850000000000002753, 0.000000000000000000, -1.349999999999999645 ) ) ;
#5640 = ORIENTED_EDGE ( 'NONE', *, *, #964, .F. ) ;
#5641 = ORIENTED_EDGE ( 'NONE', *, *, #86, .F. ) ;
#5642 = VECTOR ( 'NONE', #4800, 1000.000000000000000 ) ;
#5643 = PLANE ( 'NONE',  #2531 ) ;
#5644 = CARTESIAN_POINT ( 'NONE',  ( 1.085000000000000187, 0.6650000000000000355, 1.349999999999999645 ) ) ;
#5645 = CARTESIAN_POINT ( 'NONE',  ( 1.085000000000000187, 0.6300000000000003375, -1.564999999999999503 ) ) ;
#5646 = VECTOR ( 'NONE', #2002, 1000.000000000000000 ) ;
#5647 = ADVANCED_FACE ( 'NONE', ( #4109 ), #437, .F. ) ;
#5648 = ORIENTED_EDGE ( 'NONE', *, *, #2312, .F. ) ;
#5649 = ORIENTED_EDGE ( 'NONE', *, *, #3738, .F. ) ;
#5650 = CARTESIAN_POINT ( 'NONE',  ( 0.4100000000000000866, -1.084202172485504434E-16, 1.349999999999999645 ) ) ;
#5651 = VECTOR ( 'NONE', #5877, 1000.000000000000000 ) ;
#5652 = VECTOR ( 'NONE', #5815, 1000.000000000000000 ) ;
#5653 = DIRECTION ( 'NONE',  ( 1.707404996040163525E-16, -0.000000000000000000, 1.000000000000000000 ) ) ;
#5654 = VECTOR ( 'NONE', #2810, 1000.000000000000000 ) ;
#5655 = LINE ( 'NONE', #5236, #5195 ) ;
#5656 = ORIENTED_EDGE ( 'NONE', *, *, #2429, .F. ) ;
#5657 = EDGE_CURVE ( 'NONE', #3218, #5714, #1841, .T. ) ;
#5658 = EDGE_CURVE ( 'NONE', #2028, #1449, #2265, .T. ) ;
#5659 = DIRECTION ( 'NONE',  ( -1.000000000000000000, -0.000000000000000000, -0.000000000000000000 ) ) ;
#5660 = VECTOR ( 'NONE', #4198, 1000.000000000000000 ) ;
#5661 = VERTEX_POINT ( 'NONE', #23 ) ;
#5662 = CIRCLE ( 'NONE', #3100, 0.02333333333333332399 ) ;
#5663 = LINE ( 'NONE', #3825, #3207 ) ;
#5664 = DIRECTION ( 'NONE',  ( -1.606225440719266613E-16, 0.000000000000000000, -1.000000000000000000 ) ) ;
#5665 = ORIENTED_EDGE ( 'NONE', *, *, #1005, .F. ) ;
#5666 = VERTEX_POINT ( 'NONE', #3662 ) ;
#5667 = VERTEX_POINT ( 'NONE', #5468 ) ;
#5668 =( GEOMETRIC_REPRESENTATION_CONTEXT ( 3 ) GLOBAL_UNCERTAINTY_ASSIGNED_CONTEXT ( ( #5085 ) ) GLOBAL_UNIT_ASSIGNED_CONTEXT ( ( #752, #1124, #2581 ) ) REPRESENTATION_CONTEXT ( 'NONE', 'WORKASPACE' ) );
#5669 = CARTESIAN_POINT ( 'NONE',  ( 1.085000000000000187, 0.6299999999999997824, -0.9749999999999995337 ) ) ;
#5670 = VECTOR ( 'NONE', #3678, 1000.000000000000000 ) ;
#5671 = CARTESIAN_POINT ( 'NONE',  ( -1.084999999999999742, 0.6300000000000003375, 1.564999999999999503 ) ) ;
#5672 = CARTESIAN_POINT ( 'NONE',  ( -2.129999999999999893, -1.084202172485504434E-16, 1.349999999999999645 ) ) ;
#5673 = ORIENTED_EDGE ( 'NONE', *, *, #1826, .T. ) ;
#5674 = EDGE_CURVE ( 'NONE', #4143, #1825, #3697, .T. ) ;
#5675 = EDGE_LOOP ( 'NONE', ( #4209, #190, #1539, #3550 ) ) ;
#5676 = AXIS2_PLACEMENT_3D ( 'NONE', #3600, #1421, #5401 ) ;
#5677 = EDGE_CURVE ( 'NONE', #1619, #198, #3131, .T. ) ;
#5678 = VECTOR ( 'NONE', #4084, 1000.000000000000000 ) ;
#5679 = PLANE ( 'NONE',  #2552 ) ;
#5680 = DIRECTION ( 'NONE',  ( -0.000000000000000000, -0.000000000000000000, 1.000000000000000000 ) ) ;
#5681 = CARTESIAN_POINT ( 'NONE',  ( 2.540000000000001812, -1.084202172485504434E-16, 1.349999999999999201 ) ) ;
#5682 = DIRECTION ( 'NONE',  ( 0.000000000000000000, -1.000000000000000000, 0.000000000000000000 ) ) ;
#5683 = VECTOR ( 'NONE', #4585, 1000.000000000000000 ) ;
#5684 = EDGE_CURVE ( 'NONE', #1716, #3547, #5044, .T. ) ;
#5685 = ORIENTED_EDGE ( 'NONE', *, *, #1831, .F. ) ;
#5686 = VECTOR ( 'NONE', #104, 1000.000000000000000 ) ;
#5687 = DIRECTION ( 'NONE',  ( 0.000000000000000000, 1.006998921813162393E-16, -1.000000000000000000 ) ) ;
#5688 = DIRECTION ( 'NONE',  ( 1.000000000000000000, 0.000000000000000000, 0.000000000000000000 ) ) ;
#5689 = ADVANCED_FACE ( 'NONE', ( #1516 ), #652, .F. ) ;
#5690 = CARTESIAN_POINT ( 'NONE',  ( -1.084999999999999742, -1.469576158976823553E-16, -1.599999999999999645 ) ) ;
#5691 = ORIENTED_EDGE ( 'NONE', *, *, #2830, .T. ) ;
#5692 = CARTESIAN_POINT ( 'NONE',  ( -0.4099999999999997535, 0.6650000000000000355, 1.599999999999999645 ) ) ;
#5693 = ORIENTED_EDGE ( 'NONE', *, *, #1905, .F. ) ;
#5694 = CARTESIAN_POINT ( 'NONE',  ( 2.505000000000002114, 0.6999999999999998446, 1.076666666666666217 ) ) ;
#5695 = DIRECTION ( 'NONE',  ( -1.000000000000000000, 0.000000000000000000, 0.000000000000000000 ) ) ;
#5696 = EDGE_CURVE ( 'NONE', #1129, #1967, #3784, .T. ) ;
#5697 = EDGE_CURVE ( 'NONE', #5809, #4581, #1096, .T. ) ;
#5698 = ORIENTED_EDGE ( 'NONE', *, *, #5474, .F. ) ;
#5699 = ORIENTED_EDGE ( 'NONE', *, *, #2682, .T. ) ;
#5700 = DIRECTION ( 'NONE',  ( -0.000000000000000000, 0.000000000000000000, 1.000000000000000000 ) ) ;
#5701 = DIRECTION ( 'NONE',  ( -0.000000000000000000, 1.000000000000000000, -0.000000000000000000 ) ) ;
#5702 = ORIENTED_EDGE ( 'NONE', *, *, #1333, .T. ) ;
#5703 = ORIENTED_EDGE ( 'NONE', *, *, #2883, .T. ) ;
#5704 = LINE ( 'NONE', #3451, #2640 ) ;
#5705 = CARTESIAN_POINT ( 'NONE',  ( -2.505000000000001226, 0.6999999999999998446, 1.076666666666666217 ) ) ;
#5706 = DIRECTION ( 'NONE',  ( -0.000000000000000000, 1.000000000000000000, -0.000000000000000000 ) ) ;
#5707 = DIRECTION ( 'NONE',  ( -0.000000000000000000, 0.000000000000000000, 1.000000000000000000 ) ) ;
#5708 = CARTESIAN_POINT ( 'NONE',  ( -0.1849999999999998312, 0.6299999999999997824, -0.9749999999999995337 ) ) ;
#5709 = LINE ( 'NONE', #3097, #5567 ) ;
#5710 = EDGE_CURVE ( 'NONE', #1560, #303, #3367, .T. ) ;
#5711 = LINE ( 'NONE', #2656, #399 ) ;
#5712 = EDGE_LOOP ( 'NONE', ( #4268, #5078, #580, #1641 ) ) ;
#5713 = DIRECTION ( 'NONE',  ( 1.000000000000000000, 0.000000000000000000, 0.000000000000000000 ) ) ;
#5714 = VERTEX_POINT ( 'NONE', #3748 ) ;
#5715 = FACE_OUTER_BOUND ( 'NONE', #3191, .T. ) ;
#5716 = LINE ( 'NONE', #4383, #4790 ) ;
#5717 = ORIENTED_EDGE ( 'NONE', *, *, #3523, .T. ) ;
#5718 = ORIENTED_EDGE ( 'NONE', *, *, #2459, .F. ) ;
#5719 = EDGE_CURVE ( 'NONE', #4284, #4465, #4287, .T. ) ;
#5720 = DIRECTION ( 'NONE',  ( -0.000000000000000000, 1.000000000000000000, -0.000000000000000000 ) ) ;
#5721 = LINE ( 'NONE', #3424, #3402 ) ;
#5722 = LINE ( 'NONE', #5278, #234 ) ;
#5723 = CARTESIAN_POINT ( 'NONE',  ( 2.130000000000000338, 0.6649999999999998135, -1.350000000000000089 ) ) ;
#5724 = ORIENTED_EDGE ( 'NONE', *, *, #4356, .F. ) ;
#5725 = ORIENTED_EDGE ( 'NONE', *, *, #2429, .T. ) ;
#5726 = EDGE_CURVE ( 'NONE', #569, #1596, #3340, .T. ) ;
#5727 = EDGE_CURVE ( 'NONE', #5200, #100, #2413, .T. ) ;
#5728 = LINE ( 'NONE', #4840, #1974 ) ;
#5729 = CARTESIAN_POINT ( 'NONE',  ( -0.1849999999999998312, -8.572527594031470725E-17, -1.099999999999999645 ) ) ;
#5730 = PLANE ( 'NONE',  #3865 ) ;
#5731 = DIRECTION ( 'NONE',  ( 0.000000000000000000, 1.000000000000000000, 0.000000000000000000 ) ) ;
#5732 = FACE_OUTER_BOUND ( 'NONE', #4500, .T. ) ;
#5733 =( LENGTH_UNIT ( ) NAMED_UNIT ( * ) SI_UNIT ( .MILLI., .METRE. ) );
#5734 = VECTOR ( 'NONE', #2817, 1000.000000000000000 ) ;
#5735 = CARTESIAN_POINT ( 'NONE',  ( -1.084999999999999742, 0.6300000000000001155, -1.349999999999999645 ) ) ;
#5736 = EDGE_LOOP ( 'NONE', ( #5112, #3422, #4847, #1951 ) ) ;
#5737 = ADVANCED_FACE ( 'NONE', ( #5617 ), #3840, .F. ) ;
#5738 = AXIS2_PLACEMENT_3D ( 'NONE', #4166, #1448, #5068 ) ;
#5739 = AXIS2_PLACEMENT_3D ( 'NONE', #4297, #2514, #4712 ) ;
#5740 = DIRECTION ( 'NONE',  ( -0.000000000000000000, -1.000000000000000000, 0.000000000000000000 ) ) ;
#5741 = DIRECTION ( 'NONE',  ( -1.000000000000000000, -0.000000000000000000, 0.000000000000000000 ) ) ;
#5742 = ORIENTED_EDGE ( 'NONE', *, *, #3523, .F. ) ;
#5743 = VECTOR ( 'NONE', #4089, 1000.000000000000000 ) ;
#5744 = PLANE ( 'NONE',  #725 ) ;
#5745 = VECTOR ( 'NONE', #841, 1000.000000000000000 ) ;
#5746 = LINE ( 'NONE', #4771, #4319 ) ;
#5747 = ORIENTED_EDGE ( 'NONE', *, *, #3914, .T. ) ;
#5748 = EDGE_LOOP ( 'NONE', ( #4850, #1540, #4485, #5524 ) ) ;
#5749 = AXIS2_PLACEMENT_3D ( 'NONE', #4018, #1748, #4051 ) ;
#5750 = LINE ( 'NONE', #3591, #1883 ) ;
#5751 = DIRECTION ( 'NONE',  ( -0.000000000000000000, -0.000000000000000000, 1.000000000000000000 ) ) ;
#5752 = LINE ( 'NONE', #3445, #414 ) ;
#5753 = LINE ( 'NONE', #4836, #2464 ) ;
#5754 = EDGE_LOOP ( 'NONE', ( #867, #1973, #986, #3464 ) ) ;
#5755 = ADVANCED_FACE ( 'NONE', ( #139 ), #2925, .F. ) ;
#5756 = VERTEX_POINT ( 'NONE', #1993 ) ;
#5757 = VECTOR ( 'NONE', #1257, 1000.000000000000000 ) ;
#5758 = FACE_OUTER_BOUND ( 'NONE', #5712, .T. ) ;
#5759 = DIRECTION ( 'NONE',  ( 1.000000000000000000, 0.000000000000000000, 0.000000000000000000 ) ) ;
#5760 = PLANE ( 'NONE',  #1859 ) ;
#5761 = EDGE_CURVE ( 'NONE', #397, #1062, #2051, .T. ) ;
#5762 = FACE_OUTER_BOUND ( 'NONE', #5629, .T. ) ;
#5763 = SURFACE_STYLE_USAGE ( .BOTH. , #5317 ) ;
#5764 = AXIS2_PLACEMENT_3D ( 'NONE', #3105, #5384, #2596 ) ;
#5765 = CARTESIAN_POINT ( 'NONE',  ( -2.505000000000001226, 0.6766666666666666385, 1.099999999999999645 ) ) ;
#5766 = ORIENTED_EDGE ( 'NONE', *, *, #2597, .T. ) ;
#5767 = VERTEX_POINT ( 'NONE', #5138 ) ;
#5768 = VECTOR ( 'NONE', #3980, 1000.000000000000000 ) ;
#5769 = LINE ( 'NONE', #5822, #5357 ) ;
#5770 = PLANE ( 'NONE',  #3219 ) ;
#5771 = EDGE_LOOP ( 'NONE', ( #1227, #1472, #5381, #587 ) ) ;
#5772 = DIRECTION ( 'NONE',  ( 1.000000000000000000, 0.000000000000000000, 0.000000000000000000 ) ) ;
#5773 = CARTESIAN_POINT ( 'NONE',  ( 1.085000000000000409, 0.03499999999999999639, 1.100000000000000311 ) ) ;
#5774 = ORIENTED_EDGE ( 'NONE', *, *, #4249, .T. ) ;
#5775 = ORIENTED_EDGE ( 'NONE', *, *, #1148, .F. ) ;
#5776 = ORIENTED_EDGE ( 'NONE', *, *, #79, .F. ) ;
#5777 = CARTESIAN_POINT ( 'NONE',  ( 2.130000000000000338, -1.084202172485504434E-16, -1.350000000000000089 ) ) ;
#5778 = LINE ( 'NONE', #1733, #5282 ) ;
#5779 = EDGE_CURVE ( 'NONE', #2553, #1694, #2892, .T. ) ;
#5780 = LINE ( 'NONE', #5671, #1277 ) ;
#5781 = CARTESIAN_POINT ( 'NONE',  ( -1.084999999999999742, 0.6650000000000000355, -1.599999999999999645 ) ) ;
#5782 = ORIENTED_EDGE ( 'NONE', *, *, #4063, .T. ) ;
#5783 = EDGE_LOOP ( 'NONE', ( #366, #2766, #2920, #1337, #688, #3507, #2150, #3556 ) ) ;
#5784 = CLOSED_SHELL ( 'NONE', ( #5251, #3915, #4400, #220, #1884, #1738, #1724, #4004, #5364, #4949, #5501, #2541, #4301, #3294, #5578, #3459, #4177, #3992 ) ) ;
#5785 = CARTESIAN_POINT ( 'NONE',  ( -1.454999999999999405, 0.6300000000000000044, 1.564999999999999503 ) ) ;
#5786 = LINE ( 'NONE', #4483, #5576 ) ;
#5787 = CARTESIAN_POINT ( 'NONE',  ( 0.000000000000000000, 0.03499999999999999639, 1.100000000000000311 ) ) ;
#5788 = VERTEX_POINT ( 'NONE', #2956 ) ;
#5789 = EDGE_CURVE ( 'NONE', #1483, #3971, #4759, .T. ) ;
#5790 = FACE_OUTER_BOUND ( 'NONE', #3028, .T. ) ;
#5791 = EDGE_CURVE ( 'NONE', #4544, #4225, #3812, .T. ) ;
#5792 =( NAMED_UNIT ( * ) SI_UNIT ( $, .STERADIAN. ) SOLID_ANGLE_UNIT ( ) );
#5793 = DIRECTION ( 'NONE',  ( 0.000000000000000000, 0.000000000000000000, -1.000000000000000000 ) ) ;
#5794 = ORIENTED_EDGE ( 'NONE', *, *, #4927, .T. ) ;
#5795 = ORIENTED_EDGE ( 'NONE', *, *, #2774, .F. ) ;
#5796 = CARTESIAN_POINT ( 'NONE',  ( 0.8600000000000003197, 0.6299999999999995604, -1.349999999999999645 ) ) ;
#5797 = ADVANCED_FACE ( 'NONE', ( #679 ), #2505, .F. ) ;
#5798 = DIRECTION ( 'NONE',  ( -1.000000000000000000, -0.000000000000000000, -0.000000000000000000 ) ) ;
#5799 = EDGE_LOOP ( 'NONE', ( #304, #355, #558, #3057 ) ) ;
#5800 = FACE_OUTER_BOUND ( 'NONE', #715, .T. ) ;
#5801 = CARTESIAN_POINT ( 'NONE',  ( 0.1850000000000006917, 0.6300000000000000044, 1.100000000000000311 ) ) ;
#5802 = VERTEX_POINT ( 'NONE', #5074 ) ;
#5803 = EDGE_LOOP ( 'NONE', ( #2995, #2657, #1342, #4182, #3371, #4778, #4102, #3876 ) ) ;
#5804 = DIRECTION ( 'NONE',  ( 0.000000000000000000, 0.000000000000000000, 1.000000000000000000 ) ) ;
#5805 = DIRECTION ( 'NONE',  ( 1.000000000000000000, 0.000000000000000000, 0.000000000000000000 ) ) ;
#5806 = FACE_OUTER_BOUND ( 'NONE', #105, .T. ) ;
#5807 = CARTESIAN_POINT ( 'NONE',  ( -0.8599999999999998757, -1.084202172485504434E-16, -1.349999999999999645 ) ) ;
#5808 = VERTEX_POINT ( 'NONE', #1009 ) ;
#5809 = VERTEX_POINT ( 'NONE', #1039 ) ;
#5810 = EDGE_CURVE ( 'NONE', #670, #4384, #2834, .T. ) ;
#5811 = CARTESIAN_POINT ( 'NONE',  ( 2.355000000000000426, 0.03499999999999999639, -1.349999999999999645 ) ) ;
#5812 = DIRECTION ( 'NONE',  ( -1.000000000000000000, -0.000000000000000000, 0.000000000000000000 ) ) ;
#5813 = FACE_OUTER_BOUND ( 'NONE', #900, .T. ) ;
#5814 = ORIENTED_EDGE ( 'NONE', *, *, #5015, .T. ) ;
#5815 = DIRECTION ( 'NONE',  ( -0.000000000000000000, -1.000000000000000000, -0.000000000000000000 ) ) ;
#5816 = PLANE ( 'NONE',  #1857 ) ;
#5817 = EDGE_CURVE ( 'NONE', #2625, #1404, #109, .T. ) ;
#5818 = DIRECTION ( 'NONE',  ( 1.000000000000000000, -0.000000000000000000, 1.707404996040163525E-16 ) ) ;
#5819 = ORIENTED_EDGE ( 'NONE', *, *, #1326, .T. ) ;
#5820 = VERTEX_POINT ( 'NONE', #5254 ) ;
#5821 = AXIS2_PLACEMENT_3D ( 'NONE', #3933, #2754, #3108 ) ;
#5822 = CARTESIAN_POINT ( 'NONE',  ( -2.130000000000000338, 0.03499999999999999639, -1.564999999999999281 ) ) ;
#5823 = LINE ( 'NONE', #1756, #637 ) ;
#5824 = ORIENTED_EDGE ( 'NONE', *, *, #3795, .T. ) ;
#5825 = PLANE ( 'NONE',  #2435 ) ;
#5826 = LINE ( 'NONE', #2691, #1744 ) ;
#5827 = VECTOR ( 'NONE', #3260, 1000.000000000000000 ) ;
#5828 = ADVANCED_FACE ( 'NONE', ( #2082 ), #283, .F. ) ;
#5829 = ADVANCED_FACE ( 'NONE', ( #3953 ), #5730, .F. ) ;
#5830 = ORIENTED_EDGE ( 'NONE', *, *, #1281, .F. ) ;
#5831 = ORIENTED_EDGE ( 'NONE', *, *, #2793, .T. ) ;
#5832 = VECTOR ( 'NONE', #4933, 1000.000000000000000 ) ;
#5833 = PLANE ( 'NONE',  #3412 ) ;
#5834 = ORIENTED_EDGE ( 'NONE', *, *, #497, .T. ) ;
#5835 = VECTOR ( 'NONE', #4859, 1000.000000000000000 ) ;
#5836 = FACE_OUTER_BOUND ( 'NONE', #2189, .T. ) ;
#5837 = VECTOR ( 'NONE', #1906, 1000.000000000000000 ) ;
#5838 = CARTESIAN_POINT ( 'NONE',  ( 1.680000000000000160, -1.084202172485504434E-16, -1.349999999999999645 ) ) ;
#5839 = DIRECTION ( 'NONE',  ( 0.000000000000000000, 0.000000000000000000, -1.000000000000000000 ) ) ;
#5840 = VECTOR ( 'NONE', #2129, 1000.000000000000000 ) ;
#5841 = ORIENTED_EDGE ( 'NONE', *, *, #5292, .F. ) ;
#5842 = DIRECTION ( 'NONE',  ( 0.000000000000000000, -1.000000000000000000, 0.000000000000000000 ) ) ;
#5843 = VECTOR ( 'NONE', #4315, 1000.000000000000000 ) ;
#5844 = CARTESIAN_POINT ( 'NONE',  ( -1.679999999999999938, -1.084202172485504434E-16, -1.099999999999999423 ) ) ;
#5845 = VECTOR ( 'NONE', #5407, 1000.000000000000000 ) ;
#5846 = CARTESIAN_POINT ( 'NONE',  ( -1.084999999999999520, 0.03499999999999999639, -1.099999999999999867 ) ) ;
#5847 = ORIENTED_EDGE ( 'NONE', *, *, #4565, .F. ) ;
#5848 = EDGE_CURVE ( 'NONE', #4290, #3648, #2106, .T. ) ;
#5849 = LINE ( 'NONE', #1360, #1188 ) ;
#5850 = VECTOR ( 'NONE', #4364, 1000.000000000000000 ) ;
#5851 = DIRECTION ( 'NONE',  ( 1.000000000000000000, 0.000000000000000000, 0.000000000000000000 ) ) ;
#5852 = EDGE_CURVE ( 'NONE', #4066, #5200, #735, .T. ) ;
#5853 = LINE ( 'NONE', #4142, #1766 ) ;
#5854 = ORIENTED_EDGE ( 'NONE', *, *, #485, .T. ) ;
#5855 = ORIENTED_EDGE ( 'NONE', *, *, #744, .F. ) ;
#5856 = LINE ( 'NONE', #5505, #5174 ) ;
#5857 = VECTOR ( 'NONE', #4631, 1000.000000000000000 ) ;
#5858 = CARTESIAN_POINT ( 'NONE',  ( 2.540000000000001812, 0.03499999999999999639, 1.349999999999999201 ) ) ;
#5859 = ADVANCED_FACE ( 'NONE', ( #1655 ), #760, .T. ) ;
#5860 = PLANE ( 'NONE',  #3008 ) ;
#5861 = VERTEX_POINT ( 'NONE', #2984 ) ;
#5862 = PLANE ( 'NONE',  #1187 ) ;
#5863 = CARTESIAN_POINT ( 'NONE',  ( 2.540000000000001812, 0.6650000000000000355, 1.599999999999999645 ) ) ;
#5864 = VECTOR ( 'NONE', #5023, 1000.000000000000000 ) ;
#5865 = DIRECTION ( 'NONE',  ( -1.000000000000000000, -0.000000000000000000, 0.000000000000000000 ) ) ;
#5866 = ORIENTED_EDGE ( 'NONE', *, *, #2597, .F. ) ;
#5867 = LINE ( 'NONE', #2757, #4322 ) ;
#5868 = VECTOR ( 'NONE', #5227, 1000.000000000000000 ) ;
#5869 = VERTEX_POINT ( 'NONE', #4371 ) ;
#5870 = LINE ( 'NONE', #5449, #1672 ) ;
#5871 = EDGE_CURVE ( 'NONE', #3466, #4032, #4429, .T. ) ;
#5872 = FACE_OUTER_BOUND ( 'NONE', #1338, .T. ) ;
#5873 = CARTESIAN_POINT ( 'NONE',  ( -2.130000000000000338, 0.03499999999999999639, -1.099999999999999645 ) ) ;
#5874 = ORIENTED_EDGE ( 'NONE', *, *, #837, .T. ) ;
#5875 = LINE ( 'NONE', #3656, #3408 ) ;
#5876 = CARTESIAN_POINT ( 'NONE',  ( 1.085000000000000187, 0.03499999999999999639, -1.349999999999999645 ) ) ;
#5877 = DIRECTION ( 'NONE',  ( 0.000000000000000000, -1.000000000000000000, 0.000000000000000000 ) ) ;
#5878 = ORIENTED_EDGE ( 'NONE', *, *, #585, .T. ) ;
#5879 = CLOSED_SHELL ( 'NONE', ( #3308, #1991, #318, #1020, #4274, #3847, #1712, #970, #2981, #4679, #2243, #1414, #2062, #358, #4717, #712, #4670, #3946 ) ) ;
#5880 = LINE ( 'NONE', #5433, #3763 ) ;
#5881 = DIRECTION ( 'NONE',  ( -1.606225440719266613E-16, 0.000000000000000000, -1.000000000000000000 ) ) ;
#5882 = CARTESIAN_POINT ( 'NONE',  ( 0.1850000000000003864, 0.03499999999999999639, -1.099999999999999867 ) ) ;
#5883 = ORIENTED_EDGE ( 'NONE', *, *, #4680, .F. ) ;
#5884 = ORIENTED_EDGE ( 'NONE', *, *, #4196, .F. ) ;
#5885 = ADVANCED_FACE ( 'NONE', ( #259 ), #2588, .F. ) ;
#5886 = NEXT_ASSEMBLY_USAGE_OCCURRENCE ( 'NAUO1', ' ', ' ', #743, #1116, $ ) ;
ENDSEC;
END-ISO-10303-21;
