ISO-10303-21;
HEADER;
FILE_DESCRIPTION (( 'STEP AP214' ),
    '1' );
FILE_NAME ('RS_SMDCHIP_0075_L0.31W0.16T0.14B10.11B20.11.STEP',
    '2024-01-29T20:04:28',
    ( '' ),
    ( '' ),
    'SwSTEP 2.0',
    'SolidWorks 2021',
    '' );
FILE_SCHEMA (( 'AUTOMOTIVE_DESIGN' ));
ENDSEC;

DATA;
#1 = ORIENTED_EDGE ( 'NONE', *, *, #362, .F. ) ;
#2 = ADVANCED_FACE ( 'NONE', ( #3092 ), #146, .F. ) ;
#3 = ORIENTED_EDGE ( 'NONE', *, *, #3357, .T. ) ;
#4 = FACE_OUTER_BOUND ( 'NONE', #2220, .T. ) ;
#5 = MECHANICAL_DESIGN_GEOMETRIC_PRESENTATION_REPRESENTATION (  '', ( #1501 ), #3273 ) ;
#6 = PLANE ( 'NONE',  #1623 ) ;
#7 = VECTOR ( 'NONE', #3372, 1000.000000000000000 ) ;
#8 = DIRECTION ( 'NONE',  ( 0.000000000000000000, 1.000000000000000000, 0.000000000000000000 ) ) ;
#9 = LINE ( 'NONE', #3164, #941 ) ;
#10 = MECHANICAL_DESIGN_GEOMETRIC_PRESENTATION_REPRESENTATION (  '', ( #1665 ), #2834 ) ;
#11 = AXIS2_PLACEMENT_3D ( 'NONE', #1001, #142, #950 ) ;
#12 = CARTESIAN_POINT ( 'NONE',  ( 0.3019999999999998797, 0.000000000000000000, -0.1600000000000000033 ) ) ;
#13 = DIRECTION ( 'NONE',  ( -0.4685492141443864389, 0.000000000000000000, 0.8834373967207171940 ) ) ;
#14 = EDGE_CURVE ( 'NONE', #1081, #2032, #3111, .T. ) ;
#15 = COLOUR_RGB ( '',0.8509803921568627194, 0.8509803921568627194, 0.8509803921568627194 ) ;
#16 = ORIENTED_EDGE ( 'NONE', *, *, #2238, .T. ) ;
#17 = AXIS2_PLACEMENT_3D ( 'NONE', #1574, #2629, #829 ) ;
#18 =( GEOMETRIC_REPRESENTATION_CONTEXT ( 3 ) GLOBAL_UNCERTAINTY_ASSIGNED_CONTEXT ( ( #2076 ) ) GLOBAL_UNIT_ASSIGNED_CONTEXT ( ( #854, #340, #1653 ) ) REPRESENTATION_CONTEXT ( 'NONE', 'WORKASPACE' ) );
#19 = ORIENTED_EDGE ( 'NONE', *, *, #240, .T. ) ;
#20 = VECTOR ( 'NONE', #3161, 1000.000000000000227 ) ;
#21 = COLOUR_RGB ( '',0.8980392156862745390, 0.9215686274509803377, 0.9294117647058823817 ) ;
#22 = CARTESIAN_POINT ( 'NONE',  ( 0.1718797238673397954, 0.1360999999999999432, -0.07161294565237698306 ) ) ;
#23 = DIRECTION ( 'NONE',  ( 1.000000000000000000, 0.000000000000000000, 0.000000000000000000 ) ) ;
#24 = VECTOR ( 'NONE', #749, 1000.000000000000000 ) ;
#25 = VERTEX_POINT ( 'NONE', #958 ) ;
#26 = VERTEX_POINT ( 'NONE', #1472 ) ;
#27 = MECHANICAL_DESIGN_GEOMETRIC_PRESENTATION_REPRESENTATION (  '', ( #1524 ), #2115 ) ;
#28 = LINE ( 'NONE', #2705, #2508 ) ;
#29 = FACE_OUTER_BOUND ( 'NONE', #2802, .T. ) ;
#30 = SURFACE_STYLE_USAGE ( .BOTH. , #2402 ) ;
#31 = LINE ( 'NONE', #1883, #68 ) ;
#32 = SURFACE_STYLE_FILL_AREA ( #2121 ) ;
#33 = ADVANCED_FACE ( 'NONE', ( #3130 ), #1585, .T. ) ;
#34 = ORIENTED_EDGE ( 'NONE', *, *, #1764, .T. ) ;
#35 = PRESENTATION_STYLE_ASSIGNMENT (( #1082 ) ) ;
#36 = CARTESIAN_POINT ( 'NONE',  ( 0.1551683411967554049, 0.1359999999999999543, -0.07848945205393094426 ) ) ;
#37 = EDGE_CURVE ( 'NONE', #859, #2468, #3401, .T. ) ;
#38 = VERTEX_POINT ( 'NONE', #451 ) ;
#39 = SURFACE_SIDE_STYLE ('',( #1098 ) ) ;
#40 = CARTESIAN_POINT ( 'NONE',  ( 0.1718797238673397954, 0.1359999999999999543, -0.06700000000000000400 ) ) ;
#41 = ORIENTED_EDGE ( 'NONE', *, *, #3253, .T. ) ;
#42 = ORIENTED_EDGE ( 'NONE', *, *, #2872, .F. ) ;
#43 = DIRECTION ( 'NONE',  ( -1.000000000000000000, 0.000000000000000000, 0.000000000000000000 ) ) ;
#44 = DIRECTION ( 'NONE',  ( 0.000000000000000000, 0.000000000000000000, -1.000000000000000000 ) ) ;
#45 =( NAMED_UNIT ( * ) SI_UNIT ( $, .STERADIAN. ) SOLID_ANGLE_UNIT ( ) );
#46 = EDGE_CURVE ( 'NONE', #360, #3069, #1308, .T. ) ;
#47 = SURFACE_STYLE_USAGE ( .BOTH. , #301 ) ;
#48 = UNCERTAINTY_MEASURE_WITH_UNIT (LENGTH_MEASURE( 1.000000000000000082E-05 ), #795, 'distance_accuracy_value', 'NONE');
#49 = SURFACE_SIDE_STYLE ('',( #2975 ) ) ;
#50 = CARTESIAN_POINT ( 'NONE',  ( 0.1356424480955796819, 0.1360999999999999432, -0.06964114473501427371 ) ) ;
#51 = ORIENTED_EDGE ( 'NONE', *, *, #2422, .F. ) ;
#52 = EDGE_CURVE ( 'NONE', #368, #2790, #2887, .T. ) ;
#53 = DIRECTION ( 'NONE',  ( 0.000000000000000000, 1.000000000000000000, 0.000000000000000000 ) ) ;
#54 = CARTESIAN_POINT ( 'NONE',  ( 0.1632206811371139377, 0.1359999999999999543, -0.07161294565237698306 ) ) ;
#55 = ORIENTED_EDGE ( 'NONE', *, *, #863, .T. ) ;
#56 = PRESENTATION_STYLE_ASSIGNMENT (( #571 ) ) ;
#57 = VERTEX_POINT ( 'NONE', #2853 ) ;
#58 = EDGE_LOOP ( 'NONE', ( #2417, #1, #2054, #1537 ) ) ;
#59 = PRESENTATION_STYLE_ASSIGNMENT (( #2657 ) ) ;
#60 = DIRECTION ( 'NONE',  ( 0.000000000000000000, 1.000000000000000000, 0.000000000000000000 ) ) ;
#61 = AXIS2_PLACEMENT_3D ( 'NONE', #2401, #2938, #861 ) ;
#62 = MECHANICAL_DESIGN_GEOMETRIC_PRESENTATION_REPRESENTATION (  '', ( #499 ), #2156 ) ;
#63 = STYLED_ITEM ( 'NONE', ( #2732 ), #3016 ) ;
#64 = DIRECTION ( 'NONE',  ( 0.000000000000000000, 1.000000000000000000, 0.000000000000000000 ) ) ;
#65 = FILL_AREA_STYLE ('',( #1929 ) ) ;
#66 = VECTOR ( 'NONE', #1593, 1000.000000000000227 ) ;
#67 = ORIENTED_EDGE ( 'NONE', *, *, #1615, .T. ) ;
#68 = VECTOR ( 'NONE', #2941, 1000.000000000000000 ) ;
#69 = LINE ( 'NONE', #2154, #500 ) ;
#70 = PRESENTATION_LAYER_ASSIGNMENT (  '', '', ( #3002 ) ) ;
#71 = EDGE_CURVE ( 'NONE', #925, #1624, #3127, .T. ) ;
#72 = ORIENTED_EDGE ( 'NONE', *, *, #122, .T. ) ;
#73 = COLOUR_RGB ( '',0.8980392156862745390, 0.9215686274509803377, 0.9294117647058823817 ) ;
#74 = VECTOR ( 'NONE', #1672, 1000.000000000000000 ) ;
#75 = VERTEX_POINT ( 'NONE', #2374 ) ;
#76 = DIRECTION ( 'NONE',  ( 0.000000000000000000, -1.000000000000000000, 0.000000000000000000 ) ) ;
#77 = CIRCLE ( 'NONE', #665, 0.009313039765817670082 ) ;
#78 = DIRECTION ( 'NONE',  ( 0.000000000000000000, 1.000000000000000000, -0.000000000000000000 ) ) ;
#79 = CARTESIAN_POINT ( 'NONE',  ( 0.1396562859911263943, 0.1360999999999999432, -0.07631303976581767234 ) ) ;
#80 = EDGE_CURVE ( 'NONE', #2259, #147, #197, .T. ) ;
#81 = UNCERTAINTY_MEASURE_WITH_UNIT (LENGTH_MEASURE( 1.000000000000000082E-05 ), #2068, 'distance_accuracy_value', 'NONE');
#82 = PLANE ( 'NONE',  #389 ) ;
#83 = FACE_OUTER_BOUND ( 'NONE', #1088, .T. ) ;
#84 = ADVANCED_FACE ( 'NONE', ( #212 ), #6, .T. ) ;
#85 = ORIENTED_EDGE ( 'NONE', *, *, #1244, .F. ) ;
#86 = CARTESIAN_POINT ( 'NONE',  ( 0.1577658759179219050, 0.1359999999999999543, -0.08562607953163535457 ) ) ;
#87 = ORIENTED_EDGE ( 'NONE', *, *, #2437, .F. ) ;
#88 = DIRECTION ( 'NONE',  ( 0.000000000000000000, 1.000000000000000000, 0.000000000000000000 ) ) ;
#89 = ORIENTED_EDGE ( 'NONE', *, *, #80, .T. ) ;
#90 =( NAMED_UNIT ( * ) PLANE_ANGLE_UNIT ( ) SI_UNIT ( $, .RADIAN. ) );
#91 = ADVANCED_FACE ( 'NONE', ( #1055 ), #232, .F. ) ;
#92 = DIRECTION ( 'NONE',  ( -3.388131789017233542E-14, -1.000000000000000000, -0.000000000000000000 ) ) ;
#93 = CARTESIAN_POINT ( 'NONE',  ( 0.1489693257569440488, 0.1360999999999999432, -0.08562607953163535457 ) ) ;
#94 =( LENGTH_UNIT ( ) NAMED_UNIT ( * ) SI_UNIT ( .MILLI., .METRE. ) );
#95 = PLANE ( 'NONE',  #2715 ) ;
#96 = ORIENTED_EDGE ( 'NONE', *, *, #1490, .F. ) ;
#97 = FILL_AREA_STYLE_COLOUR ( '', #1172 ) ;
#98 = CARTESIAN_POINT ( 'NONE',  ( 0.1419872734518713431, 0.1359999999999999543, -0.06700000000000000400 ) ) ;
#99 = EDGE_LOOP ( 'NONE', ( #1105, #2227, #1344, #1736 ) ) ;
#100 = FACE_OUTER_BOUND ( 'NONE', #58, .T. ) ;
#101 = VERTEX_POINT ( 'NONE', #2093 ) ;
#102 = CARTESIAN_POINT ( 'NONE',  ( 0.1483267548520222079, 0.1359999999999999543, -0.07402959655194116251 ) ) ;
#103 = CARTESIAN_POINT ( 'NONE',  ( 0.1356424480955796819, 0.1359999999999999543, -0.06964114473501427371 ) ) ;
#104 = DIRECTION ( 'NONE',  ( 0.000000000000000000, 0.000000000000000000, -1.000000000000000000 ) ) ;
#105 = UNCERTAINTY_MEASURE_WITH_UNIT (LENGTH_MEASURE( 1.000000000000000082E-05 ), #272, 'distance_accuracy_value', 'NONE');
#106 = EDGE_CURVE ( 'NONE', #1976, #2641, #756, .T. ) ;
#107 = DIRECTION ( 'NONE',  ( 0.000000000000000000, 0.000000000000000000, -1.000000000000000000 ) ) ;
#108 = COLOUR_RGB ( '',0.8509803921568627194, 0.8509803921568627194, 0.8509803921568627194 ) ;
#109 =( LENGTH_UNIT ( ) NAMED_UNIT ( * ) SI_UNIT ( .MILLI., .METRE. ) );
#110 = SURFACE_STYLE_USAGE ( .BOTH. , #2172 ) ;
#111 = DIRECTION ( 'NONE',  ( 1.244079641279754017E-15, -1.000000000000000000, 0.000000000000000000 ) ) ;
#112 = VECTOR ( 'NONE', #769, 1000.000000000000000 ) ;
#113 = VERTEX_POINT ( 'NONE', #1570 ) ;
#114 = CARTESIAN_POINT ( 'NONE',  ( 0.1489693257569440488, 0.1359999999999999543, -0.08562607953163535457 ) ) ;
#115 = DIRECTION ( 'NONE',  ( 0.000000000000000000, 0.000000000000000000, 1.000000000000000000 ) ) ;
#116 = VECTOR ( 'NONE', #2647, 1000.000000000000000 ) ;
#117 = AXIS2_PLACEMENT_3D ( 'NONE', #420, #1486, #3337 ) ;
#118 = PRESENTATION_LAYER_ASSIGNMENT (  '', '', ( #444 ) ) ;
#119 = MECHANICAL_DESIGN_GEOMETRIC_PRESENTATION_REPRESENTATION (  '', ( #2162 ), #2835 ) ;
#120 = EDGE_LOOP ( 'NONE', ( #485, #869, #1583, #1029 ) ) ;
#121 = AXIS2_PLACEMENT_3D ( 'NONE', #2933, #224, #818 ) ;
#122 = EDGE_CURVE ( 'NONE', #3084, #2259, #2626, .T. ) ;
#123 = ORIENTED_EDGE ( 'NONE', *, *, #2157, .F. ) ;
#124 = DIRECTION ( 'NONE',  ( 0.000000000000000000, 1.000000000000000000, -0.000000000000000000 ) ) ;
#125 = LINE ( 'NONE', #2548, #435 ) ;
#126 = LINE ( 'NONE', #2746, #505 ) ;
#127 = PRESENTATION_LAYER_ASSIGNMENT (  '', '', ( #3114 ) ) ;
#128 = LINE ( 'NONE', #3355, #707 ) ;
#129 = LINE ( 'NONE', #2577, #1497 ) ;
#130 = CARTESIAN_POINT ( 'NONE',  ( 0.1551683411967554049, 0.1359999999999999543, -0.06700000000000000400 ) ) ;
#131 = ORIENTED_EDGE ( 'NONE', *, *, #1250, .T. ) ;
#132 = PLANE ( 'NONE',  #387 ) ;
#133 = CARTESIAN_POINT ( 'NONE',  ( 0.1326093839537346719, 0.1359999999999998987, -0.07712108569941829306 ) ) ;
#134 = EDGE_CURVE ( 'NONE', #2091, #3321, #77, .T. ) ;
#135 = ORIENTED_EDGE ( 'NONE', *, *, #1374, .F. ) ;
#136 = EDGE_CURVE ( 'NONE', #26, #3183, #2692, .T. ) ;
#137 = CARTESIAN_POINT ( 'NONE',  ( 0.1312846670572519747, 0.1360999999999999432, -0.07417052299939663751 ) ) ;
#138 = CARTESIAN_POINT ( 'NONE',  ( 0.1149772394933445824, 0.1360999999999999432, -0.08562607953163535457 ) ) ;
#139 = ORIENTED_EDGE ( 'NONE', *, *, #1476, .F. ) ;
#140 = CARTESIAN_POINT ( 'NONE',  ( 0.3020000000000000462, 0.1280000000000000027, -0.1600000000000000033 ) ) ;
#141 = FILL_AREA_STYLE ('',( #2513 ) ) ;
#142 = DIRECTION ( 'NONE',  ( 0.000000000000000000, 0.000000000000000000, 1.000000000000000000 ) ) ;
#143 =( LENGTH_UNIT ( ) NAMED_UNIT ( * ) SI_UNIT ( .MILLI., .METRE. ) );
#144 = LINE ( 'NONE', #1997, #1776 ) ;
#145 = PLANE ( 'NONE',  #762 ) ;
#146 = PLANE ( 'NONE',  #2060 ) ;
#147 = VERTEX_POINT ( 'NONE', #138 ) ;
#148 = EDGE_CURVE ( 'NONE', #599, #3037, #1128, .T. ) ;
#149 = LINE ( 'NONE', #3043, #2122 ) ;
#150 = EDGE_CURVE ( 'NONE', #2790, #328, #2112, .T. ) ;
#151 = EDGE_LOOP ( 'NONE', ( #308, #2546, #761, #1556 ) ) ;
#152 = FACE_OUTER_BOUND ( 'NONE', #947, .T. ) ;
#153 = CYLINDRICAL_SURFACE ( 'NONE', #2847, 0.004303621594454012586 ) ;
#154 = ORIENTED_EDGE ( 'NONE', *, *, #2480, .T. ) ;
#155 = FACE_OUTER_BOUND ( 'NONE', #1218, .T. ) ;
#156 = FILL_AREA_STYLE_COLOUR ( '', #108 ) ;
#157 = EDGE_CURVE ( 'NONE', #750, #2078, #3213, .T. ) ;
#158 = CARTESIAN_POINT ( 'NONE',  ( 0.3019999999999998797, -0.003999999999999927225, -0.1600000000000000033 ) ) ;
#159 = LINE ( 'NONE', #403, #1355 ) ;
#160 = LINE ( 'NONE', #3392, #1109 ) ;
#161 = EDGE_LOOP ( 'NONE', ( #189, #2371, #2539, #980, #424, #2955, #3124, #1628, #2623 ) ) ;
#162 =( NAMED_UNIT ( * ) PLANE_ANGLE_UNIT ( ) SI_UNIT ( $, .RADIAN. ) );
#163 = FILL_AREA_STYLE ('',( #2271 ) ) ;
#164 = AXIS2_PLACEMENT_3D ( 'NONE', #972, #3436, #2351 ) ;
#165 = VERTEX_POINT ( 'NONE', #2147 ) ;
#166 =( GEOMETRIC_REPRESENTATION_CONTEXT ( 3 ) GLOBAL_UNCERTAINTY_ASSIGNED_CONTEXT ( ( #81 ) ) GLOBAL_UNIT_ASSIGNED_CONTEXT ( ( #2068, #1817, #3131 ) ) REPRESENTATION_CONTEXT ( 'NONE', 'WORKASPACE' ) );
#167 = VECTOR ( 'NONE', #635, 1000.000000000000000 ) ;
#168 = LINE ( 'NONE', #1203, #1566 ) ;
#169 = DIRECTION ( 'NONE',  ( -1.000000000000000000, 0.000000000000000000, 0.000000000000000000 ) ) ;
#170 = EDGE_CURVE ( 'NONE', #2086, #1081, #1108, .T. ) ;
#171 = EDGE_CURVE ( 'NONE', #2242, #2356, #3186, .T. ) ;
#172 = PRESENTATION_LAYER_ASSIGNMENT (  '', '', ( #1665 ) ) ;
#173 = STYLED_ITEM ( 'NONE', ( #1077 ), #3293 ) ;
#174 = ORIENTED_EDGE ( 'NONE', *, *, #1591, .T. ) ;
#175 = DIRECTION ( 'NONE',  ( 0.000000000000000000, 0.000000000000000000, 1.000000000000000000 ) ) ;
#176 = AXIS2_PLACEMENT_3D ( 'NONE', #2209, #2777, #896 ) ;
#177 = PLANE ( 'NONE',  #1711 ) ;
#178 = EDGE_CURVE ( 'NONE', #1280, #2722, #560, .T. ) ;
#179 = UNCERTAINTY_MEASURE_WITH_UNIT (LENGTH_MEASURE( 1.000000000000000082E-05 ), #455, 'distance_accuracy_value', 'NONE');
#180 =( GEOMETRIC_REPRESENTATION_CONTEXT ( 3 ) GLOBAL_UNCERTAINTY_ASSIGNED_CONTEXT ( ( #248 ) ) GLOBAL_UNIT_ASSIGNED_CONTEXT ( ( #1768, #2020, #2796 ) ) REPRESENTATION_CONTEXT ( 'NONE', 'WORKASPACE' ) );
#181 = ORIENTED_EDGE ( 'NONE', *, *, #2594, .T. ) ;
#182 =( NAMED_UNIT ( * ) PLANE_ANGLE_UNIT ( ) SI_UNIT ( $, .RADIAN. ) );
#183 = EDGE_CURVE ( 'NONE', #218, #2538, #2399, .T. ) ;
#184 = PRESENTATION_LAYER_ASSIGNMENT (  '', '', ( #3286 ) ) ;
#185 = SURFACE_STYLE_FILL_AREA ( #744 ) ;
#186 = FILL_AREA_STYLE_COLOUR ( '', #3176 ) ;
#187 = MECHANICAL_DESIGN_GEOMETRIC_PRESENTATION_REPRESENTATION (  '', ( #400 ), #1518 ) ;
#188 = VECTOR ( 'NONE', #2922, 1000.000000000000000 ) ;
#189 = ORIENTED_EDGE ( 'NONE', *, *, #2123, .F. ) ;
#190 = AXIS2_PLACEMENT_3D ( 'NONE', #2030, #202, #1257 ) ;
#191 = DIRECTION ( 'NONE',  ( -0.4095838309161413116, 0.000000000000000000, 0.9122724842129448231 ) ) ;
#192 = LINE ( 'NONE', #2293, #3012 ) ;
#193 = ORIENTED_EDGE ( 'NONE', *, *, #592, .T. ) ;
#194 = CARTESIAN_POINT ( 'NONE',  ( 0.1350374711091243962, 0.1359999999999999543, -0.08562607953163534069 ) ) ;
#195 = ORIENTED_EDGE ( 'NONE', *, *, #1816, .F. ) ;
#196 = EDGE_CURVE ( 'NONE', #57, #1012, #792, .T. ) ;
#197 = LINE ( 'NONE', #1534, #1063 ) ;
#198 = DIRECTION ( 'NONE',  ( 0.4761675951869322465, 0.000000000000000000, 0.8793545481169093847 ) ) ;
#199 = CARTESIAN_POINT ( 'NONE',  ( 0.1228695781172337576, 0.1360999999999999432, -0.08562607953163535457 ) ) ;
#200 = SURFACE_STYLE_FILL_AREA ( #985 ) ;
#201 = FILL_AREA_STYLE ('',( #3079 ) ) ;
#202 = DIRECTION ( 'NONE',  ( 0.000000000000000000, -1.000000000000000000, 0.000000000000000000 ) ) ;
#203 = ORIENTED_EDGE ( 'NONE', *, *, #627, .F. ) ;
#204 = CARTESIAN_POINT ( 'NONE',  ( 0.1368166233709348922, 0.1359999999999999543, -0.06700000000000000400 ) ) ;
#205 = VERTEX_POINT ( 'NONE', #1898 ) ;
#206 = DIRECTION ( 'NONE',  ( 0.000000000000000000, 0.000000000000000000, 1.000000000000000000 ) ) ;
#207 = CARTESIAN_POINT ( 'NONE',  ( 0.000000000000000000, 0.000000000000000000, 0.000000000000000000 ) ) ;
#208 = APPLICATION_PROTOCOL_DEFINITION ( 'draft international standard', 'automotive_design', 1998, #2944 ) ;
#209 = UNCERTAINTY_MEASURE_WITH_UNIT (LENGTH_MEASURE( 1.000000000000000082E-05 ), #404, 'distance_accuracy_value', 'NONE');
#210 = ORIENTED_EDGE ( 'NONE', *, *, #1878, .F. ) ;
#211 =( NAMED_UNIT ( * ) PLANE_ANGLE_UNIT ( ) SI_UNIT ( $, .RADIAN. ) );
#212 = FACE_OUTER_BOUND ( 'NONE', #2926, .T. ) ;
#213 = CARTESIAN_POINT ( 'NONE',  ( 0.1709311383708822241, 0.1359999999999999543, -0.07837098428968064523 ) ) ;
#214 = PRESENTATION_STYLE_ASSIGNMENT (( #1999 ) ) ;
#215 = EDGE_CURVE ( 'NONE', #2999, #1519, #2972, .T. ) ;
#216 = ORIENTED_EDGE ( 'NONE', *, *, #2158, .T. ) ;
#217 = FACE_OUTER_BOUND ( 'NONE', #2165, .T. ) ;
#218 = VERTEX_POINT ( 'NONE', #847 ) ;
#219 = PRESENTATION_STYLE_ASSIGNMENT (( #241 ) ) ;
#220 = CIRCLE ( 'NONE', #2707, 0.004303621594454012586 ) ;
#221 = PRESENTATION_LAYER_ASSIGNMENT (  '', '', ( #499 ) ) ;
#222 = EDGE_LOOP ( 'NONE', ( #1746, #501, #1568, #853, #2089, #3347, #2316, #3419, #872, #1003, #3352, #1313, #460 ) ) ;
#223 = FILL_AREA_STYLE_COLOUR ( '', #2436 ) ;
#224 = DIRECTION ( 'NONE',  ( -0.000000000000000000, 0.000000000000000000, 1.000000000000000000 ) ) ;
#225 =( LENGTH_UNIT ( ) NAMED_UNIT ( * ) SI_UNIT ( .MILLI., .METRE. ) );
#226 = VECTOR ( 'NONE', #2619, 1000.000000000000000 ) ;
#227 = VERTEX_POINT ( 'NONE', #587 ) ;
#228 = AXIS2_PLACEMENT_3D ( 'NONE', #930, #1178, #335 ) ;
#229 = ORIENTED_EDGE ( 'NONE', *, *, #2126, .F. ) ;
#230 = VECTOR ( 'NONE', #365, 1000.000000000000000 ) ;
#231 = LINE ( 'NONE', #1267, #1112 ) ;
#232 = PLANE ( 'NONE',  #2455 ) ;
#233 = PLANE ( 'NONE',  #1552 ) ;
#234 = CARTESIAN_POINT ( 'NONE',  ( 0.1551683411967553772, 0.1359999999999999543, -0.08562607953163534069 ) ) ;
#235 = VECTOR ( 'NONE', #1017, 1000.000000000000000 ) ;
#236 = DIRECTION ( 'NONE',  ( 0.000000000000000000, 1.000000000000000000, 0.000000000000000000 ) ) ;
#237 = VECTOR ( 'NONE', #361, 1000.000000000000000 ) ;
#238 = PRESENTATION_LAYER_ASSIGNMENT (  '', '', ( #1463 ) ) ;
#239 = EDGE_LOOP ( 'NONE', ( #772, #2186, #790, #350 ) ) ;
#240 = EDGE_CURVE ( 'NONE', #464, #113, #28, .T. ) ;
#241 = SURFACE_STYLE_USAGE ( .BOTH. , #1606 ) ;
#242 = CARTESIAN_POINT ( 'NONE',  ( 0.1718797238673397954, 0.1359999999999999543, -0.08081564401866496439 ) ) ;
#243 = VECTOR ( 'NONE', #2021, 1000.000000000000000 ) ;
#244 = ORIENTED_EDGE ( 'NONE', *, *, #1551, .T. ) ;
#245 = ADVANCED_FACE ( 'NONE', ( #329 ), #2166, .T. ) ;
#246 = DIRECTION ( 'NONE',  ( 0.000000000000000000, 1.000000000000000000, 0.000000000000000000 ) ) ;
#247 = CARTESIAN_POINT ( 'NONE',  ( 0.1200000000000000233, 0.1319999999999999507, -0.1600000000000000033 ) ) ;
#248 = UNCERTAINTY_MEASURE_WITH_UNIT (LENGTH_MEASURE( 1.000000000000000082E-05 ), #1768, 'distance_accuracy_value', 'NONE');
#249 = ORIENTED_EDGE ( 'NONE', *, *, #136, .F. ) ;
#250 = ORIENTED_EDGE ( 'NONE', *, *, #781, .F. ) ;
#251 = CARTESIAN_POINT ( 'NONE',  ( 0.000000000000000000, 0.000000000000000000, -0.1600000000000000033 ) ) ;
#252 =( NAMED_UNIT ( * ) SI_UNIT ( $, .STERADIAN. ) SOLID_ANGLE_UNIT ( ) );
#253 = CARTESIAN_POINT ( 'NONE',  ( 0.1489744008276670528, 0.1359999999999999543, -0.07633893873314903655 ) ) ;
#254 = CARTESIAN_POINT ( 'NONE',  ( 0.1632206811371139377, 0.1360999999999999432, -0.07161294565237698306 ) ) ;
#255 =( NAMED_UNIT ( * ) SI_UNIT ( $, .STERADIAN. ) SOLID_ANGLE_UNIT ( ) );
#256 = ORIENTED_EDGE ( 'NONE', *, *, #1689, .F. ) ;
#257 =( LENGTH_UNIT ( ) NAMED_UNIT ( * ) SI_UNIT ( .MILLI., .METRE. ) );
#258 = ADVANCED_FACE ( 'NONE', ( #1075 ), #2774, .F. ) ;
#259 = ORIENTED_EDGE ( 'NONE', *, *, #2640, .T. ) ;
#260 =( LENGTH_UNIT ( ) NAMED_UNIT ( * ) SI_UNIT ( .MILLI., .METRE. ) );
#261 = LINE ( 'NONE', #207, #1607 ) ;
#262 = VERTEX_POINT ( 'NONE', #1243 ) ;
#263 = ORIENTED_EDGE ( 'NONE', *, *, #768, .F. ) ;
#264 = PRESENTATION_STYLE_ASSIGNMENT (( #1569 ) ) ;
#265 = CARTESIAN_POINT ( 'NONE',  ( 0.3019999999999998797, -0.003999999999999927225, 0.000000000000000000 ) ) ;
#266 = CARTESIAN_POINT ( 'NONE',  ( 0.1160000000000000336, 0.1359999999999999543, -0.06700000000000000400 ) ) ;
#267 = LINE ( 'NONE', #1571, #1555 ) ;
#268 = SURFACE_SIDE_STYLE ('',( #32 ) ) ;
#269 = ORIENTED_EDGE ( 'NONE', *, *, #831, .F. ) ;
#270 = DIRECTION ( 'NONE',  ( 0.000000000000000000, 1.000000000000000000, 0.000000000000000000 ) ) ;
#271 = ORIENTED_EDGE ( 'NONE', *, *, #1651, .F. ) ;
#272 =( LENGTH_UNIT ( ) NAMED_UNIT ( * ) SI_UNIT ( .MILLI., .METRE. ) );
#273 = VECTOR ( 'NONE', #398, 1000.000000000000000 ) ;
#274 =( NAMED_UNIT ( * ) SI_UNIT ( $, .STERADIAN. ) SOLID_ANGLE_UNIT ( ) );
#275 = EDGE_CURVE ( 'NONE', #566, #550, #2597, .T. ) ;
#276 = CARTESIAN_POINT ( 'NONE',  ( 0.1368166233709348922, 0.1360999999999999432, -0.06700000000000000400 ) ) ;
#277 = EDGE_LOOP ( 'NONE', ( #2757, #2861, #2833, #1753 ) ) ;
#278 = ORIENTED_EDGE ( 'NONE', *, *, #2471, .T. ) ;
#279 = EDGE_CURVE ( 'NONE', #1081, #3318, #3068, .T. ) ;
#280 = PRESENTATION_LAYER_ASSIGNMENT (  '', '', ( #822 ) ) ;
#281 = CARTESIAN_POINT ( 'NONE',  ( 0.1093691522809981942, 0.1359999999999999543, -0.08562607953163535457 ) ) ;
#282 = COLOUR_RGB ( '',0.8980392156862745390, 0.9215686274509803377, 0.9294117647058823817 ) ;
#283 = LINE ( 'NONE', #1141, #1271 ) ;
#284 = SURFACE_STYLE_FILL_AREA ( #3187 ) ;
#285 = VECTOR ( 'NONE', #3159, 1000.000000000000000 ) ;
#286 = STYLED_ITEM ( 'NONE', ( #1914 ), #3351 ) ;
#287 = EDGE_CURVE ( 'NONE', #3147, #1949, #1788, .T. ) ;
#288 = CARTESIAN_POINT ( 'NONE',  ( 0.000000000000000000, 0.000000000000000000, 0.000000000000000000 ) ) ;
#289 = PRESENTATION_STYLE_ASSIGNMENT (( #1329 ) ) ;
#290 = AXIS2_PLACEMENT_3D ( 'NONE', #3278, #3018, #626 ) ;
#291 = ORIENTED_EDGE ( 'NONE', *, *, #466, .T. ) ;
#292 = DIRECTION ( 'NONE',  ( 0.8793545481169097178, 0.000000000000000000, 0.4761675951869317469 ) ) ;
#293 = AXIS2_PLACEMENT_3D ( 'NONE', #2405, #3146, #13 ) ;
#294 = ORIENTED_EDGE ( 'NONE', *, *, #2302, .F. ) ;
#295 = VECTOR ( 'NONE', #2914, 1000.000000000000000 ) ;
#296 = VERTEX_POINT ( 'NONE', #2241 ) ;
#297 = EDGE_LOOP ( 'NONE', ( #2203, #1614, #3158, #1255 ) ) ;
#298 = COLOUR_RGB ( '',0.8980392156862745390, 0.9215686274509803377, 0.9294117647058823817 ) ;
#299 = LINE ( 'NONE', #616, #1670 ) ;
#300 =( NAMED_UNIT ( * ) SI_UNIT ( $, .STERADIAN. ) SOLID_ANGLE_UNIT ( ) );
#301 = SURFACE_SIDE_STYLE ('',( #1039 ) ) ;
#302 = EDGE_CURVE ( 'NONE', #1133, #1770, #3312, .T. ) ;
#303 = DIRECTION ( 'NONE',  ( 0.000000000000000000, 1.000000000000000000, 0.000000000000000000 ) ) ;
#304 = FILL_AREA_STYLE_COLOUR ( '', #1792 ) ;
#305 = ORIENTED_EDGE ( 'NONE', *, *, #240, .F. ) ;
#306 = DIRECTION ( 'NONE',  ( 1.000000000000000000, 0.000000000000000000, 0.000000000000000000 ) ) ;
#307 = CARTESIAN_POINT ( 'NONE',  ( 0.000000000000000000, 0.000000000000000000, 0.000000000000000000 ) ) ;
#308 = ORIENTED_EDGE ( 'NONE', *, *, #2798, .T. ) ;
#309 = DIRECTION ( 'NONE',  ( 0.000000000000000000, 0.000000000000000000, 1.000000000000000000 ) ) ;
#310 = CARTESIAN_POINT ( 'NONE',  ( 0.1775769342922963456, 0.1359999999999999543, -0.07631303976581767234 ) ) ;
#311 = ORIENTED_EDGE ( 'NONE', *, *, #3190, .F. ) ;
#312 = VERTEX_POINT ( 'NONE', #713 ) ;
#313 = CARTESIAN_POINT ( 'NONE',  ( 0.1819999999999998563, 0.1319999999999999507, -0.1600000000000000033 ) ) ;
#314 = DIRECTION ( 'NONE',  ( -0.000000000000000000, -1.000000000000000000, -0.000000000000000000 ) ) ;
#315 = LINE ( 'NONE', #3251, #1388 ) ;
#316 = FACE_OUTER_BOUND ( 'NONE', #2595, .T. ) ;
#317 = UNCERTAINTY_MEASURE_WITH_UNIT (LENGTH_MEASURE( 1.000000000000000082E-05 ), #825, 'distance_accuracy_value', 'NONE');
#318 = CARTESIAN_POINT ( 'NONE',  ( 0.1959999999999998965, 0.1319999999999999507, 0.000000000000000000 ) ) ;
#319 =( NAMED_UNIT ( * ) PLANE_ANGLE_UNIT ( ) SI_UNIT ( $, .RADIAN. ) );
#320 = ADVANCED_FACE ( 'NONE', ( #694 ), #2528, .F. ) ;
#321 = ADVANCED_FACE ( 'NONE', ( #2276 ), #3363, .T. ) ;
#322 = ORIENTED_EDGE ( 'NONE', *, *, #148, .F. ) ;
#323 = SURFACE_SIDE_STYLE ('',( #594 ) ) ;
#324 = CARTESIAN_POINT ( 'NONE',  ( 0.1577658759179219050, 0.1359999999999999543, -0.08562607953163535457 ) ) ;
#325 = EDGE_LOOP ( 'NONE', ( #1286, #1613, #2884, #3232 ) ) ;
#326 = CARTESIAN_POINT ( 'NONE',  ( 0.1218468176105782924, 0.1359999999999999543, -0.06700000000000000400 ) ) ;
#327 = VECTOR ( 'NONE', #662, 1000.000000000000000 ) ;
#328 = VERTEX_POINT ( 'NONE', #462 ) ;
#329 = FACE_OUTER_BOUND ( 'NONE', #1223, .T. ) ;
#330 = CARTESIAN_POINT ( 'NONE',  ( 0.1229184579531664018, 0.1359999999999999543, -0.06700000000000000400 ) ) ;
#331 = VECTOR ( 'NONE', #2877, 1000.000000000000000 ) ;
#332 = DIRECTION ( 'NONE',  ( 0.000000000000000000, 1.000000000000000000, 0.000000000000000000 ) ) ;
#333 = MECHANICAL_DESIGN_GEOMETRIC_PRESENTATION_REPRESENTATION (  '', ( #1836 ), #166 ) ;
#334 = PRESENTATION_LAYER_ASSIGNMENT (  '', '', ( #1781 ) ) ;
#335 = DIRECTION ( 'NONE',  ( -1.868455030708017455E-16, 1.000000000000000000, 0.000000000000000000 ) ) ;
#336 =( GEOMETRIC_REPRESENTATION_CONTEXT ( 3 ) GLOBAL_UNCERTAINTY_ASSIGNED_CONTEXT ( ( #3243 ) ) GLOBAL_UNIT_ASSIGNED_CONTEXT ( ( #143, #2197, #1195 ) ) REPRESENTATION_CONTEXT ( 'NONE', 'WORKASPACE' ) );
#337 =( GEOMETRIC_REPRESENTATION_CONTEXT ( 3 ) GLOBAL_UNCERTAINTY_ASSIGNED_CONTEXT ( ( #1284 ) ) GLOBAL_UNIT_ASSIGNED_CONTEXT ( ( #1130, #3252, #875 ) ) REPRESENTATION_CONTEXT ( 'NONE', 'WORKASPACE' ) );
#338 = VERTEX_POINT ( 'NONE', #1493 ) ;
#339 = VECTOR ( 'NONE', #206, 1000.000000000000000 ) ;
#340 =( NAMED_UNIT ( * ) PLANE_ANGLE_UNIT ( ) SI_UNIT ( $, .RADIAN. ) );
#341 = LINE ( 'NONE', #1409, #1068 ) ;
#342 = VECTOR ( 'NONE', #124, 1000.000000000000000 ) ;
#343 = ADVANCED_FACE ( 'NONE', ( #1188 ), #153, .F. ) ;
#344 = ORIENTED_EDGE ( 'NONE', *, *, #3340, .F. ) ;
#345 = FILL_AREA_STYLE ('',( #1657 ) ) ;
#346 = LINE ( 'NONE', #1924, #2392 ) ;
#347 = COLOUR_RGB ( '',0.8980392156862745390, 0.9215686274509803377, 0.9294117647058823817 ) ;
#348 = PRESENTATION_LAYER_ASSIGNMENT (  '', '', ( #3231 ) ) ;
#349 = EDGE_CURVE ( 'NONE', #1770, #1084, #1527, .T. ) ;
#350 = ORIENTED_EDGE ( 'NONE', *, *, #2897, .F. ) ;
#351 = FACE_OUTER_BOUND ( 'NONE', #2931, .T. ) ;
#352 = CARTESIAN_POINT ( 'NONE',  ( 0.1339341008502173969, 0.1359999999999999543, -0.07417052299939663751 ) ) ;
#353 = CARTESIAN_POINT ( 'NONE',  ( 0.1551683411967554049, 0.1360999999999999432, -0.07848945205393094426 ) ) ;
#354 = FACE_OUTER_BOUND ( 'NONE', #2876, .T. ) ;
#355 = CARTESIAN_POINT ( 'NONE',  ( 0.1632206811371139377, 0.1359999999999999543, -0.07423398105064507591 ) ) ;
#356 = ORIENTED_EDGE ( 'NONE', *, *, #906, .F. ) ;
#357 = LINE ( 'NONE', #3204, #3323 ) ;
#358 = DIRECTION ( 'NONE',  ( -1.000000000000000000, 0.000000000000000000, 0.000000000000000000 ) ) ;
#359 = UNCERTAINTY_MEASURE_WITH_UNIT (LENGTH_MEASURE( 1.000000000000000082E-05 ), #2817, 'distance_accuracy_value', 'NONE');
#360 = VERTEX_POINT ( 'NONE', #3345 ) ;
#361 = DIRECTION ( 'NONE',  ( 0.000000000000000000, 0.000000000000000000, 1.000000000000000000 ) ) ;
#362 = EDGE_CURVE ( 'NONE', #675, #731, #1509, .T. ) ;
#363 = ORIENTED_EDGE ( 'NONE', *, *, #2075, .T. ) ;
#364 = LINE ( 'NONE', #102, #2446 ) ;
#365 = DIRECTION ( 'NONE',  ( 0.000000000000000000, 1.000000000000000000, 0.000000000000000000 ) ) ;
#366 = DIRECTION ( 'NONE',  ( -1.000000000000000000, 0.000000000000000000, 0.000000000000000000 ) ) ;
#367 = EDGE_CURVE ( 'NONE', #3297, #734, #962, .T. ) ;
#368 = VERTEX_POINT ( 'NONE', #2564 ) ;
#369 = CARTESIAN_POINT ( 'NONE',  ( 0.1718797238673397954, 0.1360999999999999432, -0.07161294565237698306 ) ) ;
#370 = CYLINDRICAL_SURFACE ( 'NONE', #1957, 0.009313039765817670082 ) ;
#371 = EDGE_CURVE ( 'NONE', #3242, #709, #192, .T. ) ;
#372 = VERTEX_POINT ( 'NONE', #1261 ) ;
#373 = EDGE_LOOP ( 'NONE', ( #135, #1341, #3432, #2050 ) ) ;
#374 = CARTESIAN_POINT ( 'NONE',  ( 0.1551683411967554049, 0.1360999999999999432, -0.07848945205393094426 ) ) ;
#375 = CARTESIAN_POINT ( 'NONE',  ( 0.1489744008276670528, 0.1359999999999999543, -0.07633893873314903655 ) ) ;
#376 = DIRECTION ( 'NONE',  ( 0.000000000000000000, -0.000000000000000000, 1.000000000000000000 ) ) ;
#377 = EDGE_CURVE ( 'NONE', #2137, #2631, #1541, .T. ) ;
#378 = CARTESIAN_POINT ( 'NONE',  ( 0.1819999999999998841, 0.1280000000000000027, -0.1600000000000000033 ) ) ;
#379 = VECTOR ( 'NONE', #3144, 1000.000000000000000 ) ;
#380 = PLANE ( 'NONE',  #931 ) ;
#381 = SURFACE_STYLE_USAGE ( .BOTH. , #2765 ) ;
#382 = AXIS2_PLACEMENT_3D ( 'NONE', #1263, #2296, #3366 ) ;
#383 = ADVANCED_FACE ( 'NONE', ( #1479 ), #1204, .T. ) ;
#384 = VERTEX_POINT ( 'NONE', #2308 ) ;
#385 = DIRECTION ( 'NONE',  ( 1.000000000000000000, 0.000000000000000000, 0.000000000000000000 ) ) ;
#386 = SURFACE_STYLE_USAGE ( .BOTH. , #2769 ) ;
#387 = AXIS2_PLACEMENT_3D ( 'NONE', #2177, #939, #840 ) ;
#388 = AXIS2_PLACEMENT_3D ( 'NONE', #2646, #562, #1899 ) ;
#389 = AXIS2_PLACEMENT_3D ( 'NONE', #1649, #2481, #1402 ) ;
#390 = AXIS2_PLACEMENT_3D ( 'NONE', #1648, #332, #2585 ) ;
#391 = ORIENTED_EDGE ( 'NONE', *, *, #608, .F. ) ;
#392 = LINE ( 'NONE', #3362, #3281 ) ;
#393 = SURFACE_STYLE_USAGE ( .BOTH. , #2448 ) ;
#394 = STYLED_ITEM ( 'NONE', ( #1808 ), #2484 ) ;
#395 = ORIENTED_EDGE ( 'NONE', *, *, #2126, .T. ) ;
#396 = VECTOR ( 'NONE', #3192, 1000.000000000000000 ) ;
#397 = LINE ( 'NONE', #3249, #3110 ) ;
#398 = DIRECTION ( 'NONE',  ( 0.000000000000000000, 1.000000000000000000, 0.000000000000000000 ) ) ;
#399 = PLANE ( 'NONE',  #11 ) ;
#400 = STYLED_ITEM ( 'NONE', ( #289 ), #846 ) ;
#401 =( GEOMETRIC_REPRESENTATION_CONTEXT ( 3 ) GLOBAL_UNCERTAINTY_ASSIGNED_CONTEXT ( ( #3264 ) ) GLOBAL_UNIT_ASSIGNED_CONTEXT ( ( #3107, #1006, #252 ) ) REPRESENTATION_CONTEXT ( 'NONE', 'WORKASPACE' ) );
#402 = PRESENTATION_STYLE_ASSIGNMENT (( #2451 ) ) ;
#403 = CARTESIAN_POINT ( 'NONE',  ( 0.1200000000000000233, 0.1280000000000000027, 0.000000000000000000 ) ) ;
#404 =( LENGTH_UNIT ( ) NAMED_UNIT ( * ) SI_UNIT ( .MILLI., .METRE. ) );
#405 = EDGE_CURVE ( 'NONE', #660, #1920, #3379, .T. ) ;
#406 = VECTOR ( 'NONE', #905, 1000.000000000000000 ) ;
#407 = SURFACE_SIDE_STYLE ('',( #200 ) ) ;
#408 = ORIENTED_EDGE ( 'NONE', *, *, #2674, .F. ) ;
#409 = CARTESIAN_POINT ( 'NONE',  ( 0.1200000000000000233, 0.1280000000000000027, -0.1600000000000000033 ) ) ;
#410 = SURFACE_STYLE_FILL_AREA ( #2305 ) ;
#411 = VERTEX_POINT ( 'NONE', #3118 ) ;
#412 = CARTESIAN_POINT ( 'NONE',  ( 0.1718797238673397954, 0.1359999999999999543, -0.08562607953163535457 ) ) ;
#413 = VERTEX_POINT ( 'NONE', #1806 ) ;
#414 = SURFACE_SIDE_STYLE ('',( #1772 ) ) ;
#415 = PRESENTATION_STYLE_ASSIGNMENT (( #3035 ) ) ;
#416 = ORIENTED_EDGE ( 'NONE', *, *, #52, .T. ) ;
#417 = LINE ( 'NONE', #558, #2716 ) ;
#418 = FACE_OUTER_BOUND ( 'NONE', #3019, .T. ) ;
#419 = PLANE ( 'NONE',  #951 ) ;
#420 = CARTESIAN_POINT ( 'NONE',  ( 0.1483267548520222079, 0.1359999999999999543, -0.07848945205393094426 ) ) ;
#421 = VERTEX_POINT ( 'NONE', #2860 ) ;
#422 = LINE ( 'NONE', #1891, #2256 ) ;
#423 = DIRECTION ( 'NONE',  ( -1.000000000000000000, 2.117582368135755532E-16, 0.000000000000000000 ) ) ;
#424 = ORIENTED_EDGE ( 'NONE', *, *, #738, .F. ) ;
#425 = ADVANCED_FACE ( 'NONE', ( #1278 ), #1578, .T. ) ;
#426 = DIRECTION ( 'NONE',  ( -1.868455030708017455E-16, 1.000000000000000000, 0.000000000000000000 ) ) ;
#427 = CARTESIAN_POINT ( 'NONE',  ( 0.1200000000000001482, 0.1319999999999999507, -0.1600000000000000033 ) ) ;
#428 = ORIENTED_EDGE ( 'NONE', *, *, #1615, .F. ) ;
#429 = EDGE_CURVE ( 'NONE', #1864, #338, #1067, .T. ) ;
#430 = SURFACE_STYLE_FILL_AREA ( #141 ) ;
#431 = SHAPE_DEFINITION_REPRESENTATION ( #2191, #979 ) ;
#432 = EDGE_LOOP ( 'NONE', ( #2859, #3003, #2673, #2899, #2655, #3233, #2521, #2697 ) ) ;
#433 = FILL_AREA_STYLE_COLOUR ( '', #1851 ) ;
#434 = ORIENTED_EDGE ( 'NONE', *, *, #2422, .T. ) ;
#435 = VECTOR ( 'NONE', #2281, 1000.000000000000000 ) ;
#436 = LINE ( 'NONE', #1201, #2406 ) ;
#437 = VECTOR ( 'NONE', #2571, 1000.000000000000000 ) ;
#438 = ORIENTED_EDGE ( 'NONE', *, *, #2138, .T. ) ;
#439 = AXIS2_PLACEMENT_3D ( 'NONE', #1916, #527, #2909 ) ;
#440 = PRESENTATION_LAYER_ASSIGNMENT (  '', '', ( #1662 ) ) ;
#441 = PRESENTATION_STYLE_ASSIGNMENT (( #693 ) ) ;
#442 = DIRECTION ( 'NONE',  ( 0.000000000000000000, 0.000000000000000000, -1.000000000000000000 ) ) ;
#443 = EDGE_CURVE ( 'NONE', #1949, #372, #1557, .T. ) ;
#444 = STYLED_ITEM ( 'NONE', ( #264 ), #2330 ) ;
#445 = ORIENTED_EDGE ( 'NONE', *, *, #3210, .F. ) ;
#446 = SURFACE_STYLE_USAGE ( .BOTH. , #414 ) ;
#447 = CARTESIAN_POINT ( 'NONE',  ( 0.1551683411967553772, 0.1360999999999999432, -0.08064256032760304393 ) ) ;
#448 = FILL_AREA_STYLE ('',( #2831 ) ) ;
#449 =( GEOMETRIC_REPRESENTATION_CONTEXT ( 3 ) GLOBAL_UNCERTAINTY_ASSIGNED_CONTEXT ( ( #2881 ) ) GLOBAL_UNIT_ASSIGNED_CONTEXT ( ( #1660, #1937, #598 ) ) REPRESENTATION_CONTEXT ( 'NONE', 'WORKASPACE' ) );
#450 = FACE_OUTER_BOUND ( 'NONE', #1165, .T. ) ;
#451 = CARTESIAN_POINT ( 'NONE',  ( 0.1819999999999998841, 0.1280000000000000027, 0.000000000000000000 ) ) ;
#452 = PLANE ( 'NONE',  #1291 ) ;
#453 = VECTOR ( 'NONE', #812, 1000.000000000000000 ) ;
#454 = FACE_OUTER_BOUND ( 'NONE', #297, .T. ) ;
#455 =( LENGTH_UNIT ( ) NAMED_UNIT ( * ) SI_UNIT ( .MILLI., .METRE. ) );
#456 = PRESENTATION_LAYER_ASSIGNMENT (  '', '', ( #2958 ) ) ;
#457 = PRESENTATION_STYLE_ASSIGNMENT (( #1010 ) ) ;
#458 = DIRECTION ( 'NONE',  ( 2.117582368135755532E-16, 1.000000000000000000, -0.000000000000000000 ) ) ;
#459 = COLOUR_RGB ( '',0.7921568627450980005, 0.8196078431372548767, 0.9333333333333333481 ) ;
#460 = ORIENTED_EDGE ( 'NONE', *, *, #2782, .F. ) ;
#461 = VECTOR ( 'NONE', #1982, 1000.000000000000000 ) ;
#462 = CARTESIAN_POINT ( 'NONE',  ( 0.3059999999999998277, 0.1319999999999999507, 0.000000000000000000 ) ) ;
#463 = MANIFOLD_SOLID_BREP ( 'Scale1[4]', #2400 ) ;
#464 = VERTEX_POINT ( 'NONE', #2928 ) ;
#465 = SURFACE_STYLE_FILL_AREA ( #2476 ) ;
#466 = EDGE_CURVE ( 'NONE', #1994, #2383, #568, .T. ) ;
#467 = CARTESIAN_POINT ( 'NONE',  ( 0.1718797238673397954, 0.1359999999999999543, -0.08562607953163535457 ) ) ;
#468 = CARTESIAN_POINT ( 'NONE',  ( 0.000000000000000000, 0.000000000000000000, 0.000000000000000000 ) ) ;
#469 = CARTESIAN_POINT ( 'NONE',  ( 0.1632206811371139377, 0.1359999999999999543, -0.07423398105064507591 ) ) ;
#470 = DIRECTION ( 'NONE',  ( -0.9316771101772794994, 0.000000000000000000, -0.3632874376739629319 ) ) ;
#471 = CARTESIAN_POINT ( 'NONE',  ( 0.1218468176105782924, 0.1359999999999999543, -0.07338067232939633755 ) ) ;
#472 = DIRECTION ( 'NONE',  ( 1.000000000000000000, 0.000000000000000000, 0.000000000000000000 ) ) ;
#473 = LINE ( 'NONE', #1538, #2891 ) ;
#474 = FACE_OUTER_BOUND ( 'NONE', #2701, .T. ) ;
#475 = ORIENTED_EDGE ( 'NONE', *, *, #3077, .T. ) ;
#476 =( NAMED_UNIT ( * ) PLANE_ANGLE_UNIT ( ) SI_UNIT ( $, .RADIAN. ) );
#477 = CARTESIAN_POINT ( 'NONE',  ( 0.1218468176105782924, 0.1359999999999999543, -0.06700000000000000400 ) ) ;
#478 = EDGE_CURVE ( 'NONE', #2410, #2383, #497, .T. ) ;
#479 = ORIENTED_EDGE ( 'NONE', *, *, #3250, .F. ) ;
#480 = SURFACE_STYLE_FILL_AREA ( #3195 ) ;
#481 = LINE ( 'NONE', #1737, #2557 ) ;
#482 = DIRECTION ( 'NONE',  ( 0.000000000000000000, 1.000000000000000000, 0.000000000000000000 ) ) ;
#483 = UNCERTAINTY_MEASURE_WITH_UNIT (LENGTH_MEASURE( 1.000000000000000082E-05 ), #1214, 'distance_accuracy_value', 'NONE');
#484 = ORIENTED_EDGE ( 'NONE', *, *, #3403, .T. ) ;
#485 = ORIENTED_EDGE ( 'NONE', *, *, #1377, .F. ) ;
#486 = DIRECTION ( 'NONE',  ( 0.000000000000000000, 0.000000000000000000, 1.000000000000000000 ) ) ;
#487 = DIRECTION ( 'NONE',  ( 0.000000000000000000, 1.000000000000000000, 0.000000000000000000 ) ) ;
#488 = DIRECTION ( 'NONE',  ( 0.000000000000000000, 0.000000000000000000, -1.000000000000000000 ) ) ;
#489 = DIRECTION ( 'NONE',  ( 0.000000000000000000, 1.000000000000000000, 0.000000000000000000 ) ) ;
#490 = EDGE_CURVE ( 'NONE', #218, #566, #2125, .T. ) ;
#491 = CARTESIAN_POINT ( 'NONE',  ( 0.1718797238673397954, 0.1360999999999999432, -0.06700000000000000400 ) ) ;
#492 = EDGE_CURVE ( 'NONE', #296, #2200, #2331, .T. ) ;
#493 = VECTOR ( 'NONE', #1799, 1000.000000000000000 ) ;
#494 = EDGE_CURVE ( 'NONE', #1300, #262, #1315, .T. ) ;
#495 = VERTEX_POINT ( 'NONE', #2366 ) ;
#496 = DIRECTION ( 'NONE',  ( -1.000000000000000000, 0.000000000000000000, 0.000000000000000000 ) ) ;
#497 = LINE ( 'NONE', #1627, #730 ) ;
#498 = VECTOR ( 'NONE', #697, 1000.000000000000000 ) ;
#499 = STYLED_ITEM ( 'NONE', ( #3152 ), #1685 ) ;
#500 = VECTOR ( 'NONE', #306, 1000.000000000000000 ) ;
#501 = ORIENTED_EDGE ( 'NONE', *, *, #1510, .F. ) ;
#502 = SURFACE_STYLE_USAGE ( .BOTH. , #1317 ) ;
#503 = PLANE ( 'NONE',  #935 ) ;
#504 = VECTOR ( 'NONE', #2968, 1000.000000000000000 ) ;
#505 = VECTOR ( 'NONE', #913, 1000.000000000000000 ) ;
#506 = ORIENTED_EDGE ( 'NONE', *, *, #785, .F. ) ;
#507 = VECTOR ( 'NONE', #1484, 1000.000000000000000 ) ;
#508 = VERTEX_POINT ( 'NONE', #2348 ) ;
#509 = FILL_AREA_STYLE_COLOUR ( '', #1941 ) ;
#510 = DIRECTION ( 'NONE',  ( -1.000000000000000000, -0.000000000000000000, -0.000000000000000000 ) ) ;
#511 = FACE_OUTER_BOUND ( 'NONE', #1545, .T. ) ;
#512 = FILL_AREA_STYLE ('',( #3145 ) ) ;
#513 = COLOUR_RGB ( '',0.8980392156862745390, 0.9215686274509803377, 0.9294117647058823817 ) ;
#514 = EDGE_CURVE ( 'NONE', #147, #312, #3434, .T. ) ;
#515 =( GEOMETRIC_REPRESENTATION_CONTEXT ( 3 ) GLOBAL_UNCERTAINTY_ASSIGNED_CONTEXT ( ( #1400 ) ) GLOBAL_UNIT_ASSIGNED_CONTEXT ( ( #2505, #1011, #255 ) ) REPRESENTATION_CONTEXT ( 'NONE', 'WORKASPACE' ) );
#516 = ORIENTED_EDGE ( 'NONE', *, *, #1757, .F. ) ;
#517 = ORIENTED_EDGE ( 'NONE', *, *, #1412, .T. ) ;
#518 = CARTESIAN_POINT ( 'NONE',  ( 0.1959999999999998410, 0.000000000000000000, -0.1600000000000000033 ) ) ;
#519 = FACE_OUTER_BOUND ( 'NONE', #1491, .T. ) ;
#520 = DIRECTION ( 'NONE',  ( 0.000000000000000000, 0.000000000000000000, -1.000000000000000000 ) ) ;
#521 = ORIENTED_EDGE ( 'NONE', *, *, #279, .F. ) ;
#522 = ORIENTED_EDGE ( 'NONE', *, *, #674, .F. ) ;
#523 = CARTESIAN_POINT ( 'NONE',  ( 0.1229184579531664018, 0.1359999999999999543, -0.06700000000000000400 ) ) ;
#524 = CARTESIAN_POINT ( 'NONE',  ( 0.1819999999999998841, 0.1280000000000000027, -0.1600000000000000033 ) ) ;
#525 = EDGE_CURVE ( 'NONE', #3069, #1477, #3149, .T. ) ;
#526 = CARTESIAN_POINT ( 'NONE',  ( 0.1718797238673397954, 0.1359999999999999543, -0.07161294565237698306 ) ) ;
#527 = DIRECTION ( 'NONE',  ( 1.000000000000000000, -1.244079641279754017E-15, 0.000000000000000000 ) ) ;
#528 = FILL_AREA_STYLE_COLOUR ( '', #1351 ) ;
#529 = MANIFOLD_SOLID_BREP ( 'Scale1[5]', #2173 ) ;
#530 = ADVANCED_FACE ( 'NONE', ( #855 ), #549, .T. ) ;
#531 = ORIENTED_EDGE ( 'NONE', *, *, #1147, .F. ) ;
#532 = ADVANCED_FACE ( 'NONE', ( #1387 ), #1921, .T. ) ;
#533 =( NAMED_UNIT ( * ) SI_UNIT ( $, .STERADIAN. ) SOLID_ANGLE_UNIT ( ) );
#534 =( NAMED_UNIT ( * ) PLANE_ANGLE_UNIT ( ) SI_UNIT ( $, .RADIAN. ) );
#535 = EDGE_CURVE ( 'NONE', #372, #963, #2980, .T. ) ;
#536 = ORIENTED_EDGE ( 'NONE', *, *, #3138, .F. ) ;
#537 = CARTESIAN_POINT ( 'NONE',  ( 0.1149772394933445824, 0.1359999999999999543, -0.08562607953163535457 ) ) ;
#538 = FACE_OUTER_BOUND ( 'NONE', #1698, .T. ) ;
#539 = DIRECTION ( 'NONE',  ( 0.000000000000000000, 1.000000000000000000, 0.000000000000000000 ) ) ;
#540 = ADVANCED_FACE ( 'NONE', ( #1934 ), #370, .T. ) ;
#541 = ORIENTED_EDGE ( 'NONE', *, *, #302, .T. ) ;
#542 = EDGE_LOOP ( 'NONE', ( #1813, #2635, #34, #475 ) ) ;
#543 =( NAMED_UNIT ( * ) PLANE_ANGLE_UNIT ( ) SI_UNIT ( $, .RADIAN. ) );
#544 = CARTESIAN_POINT ( 'NONE',  ( 0.3059999999999998277, 7.473820122832050430E-19, 0.000000000000000000 ) ) ;
#545 = CARTESIAN_POINT ( 'NONE',  ( 0.1632206811371139377, 0.1359999999999999543, -0.08081564401866496439 ) ) ;
#546 = LINE ( 'NONE', #3216, #710 ) ;
#547 = ORIENTED_EDGE ( 'NONE', *, *, #1893, .F. ) ;
#548 = DIRECTION ( 'NONE',  ( 0.000000000000000000, 0.000000000000000000, 1.000000000000000000 ) ) ;
#549 = PLANE ( 'NONE',  #2063 ) ;
#550 = VERTEX_POINT ( 'NONE', #324 ) ;
#551 = DIRECTION ( 'NONE',  ( 0.000000000000000000, 0.000000000000000000, 1.000000000000000000 ) ) ;
#552 = AXIS2_PLACEMENT_3D ( 'NONE', #375, #2229, #1192 ) ;
#553 = FILL_AREA_STYLE_COLOUR ( '', #15 ) ;
#554 = EDGE_CURVE ( 'NONE', #1949, #495, #1150, .T. ) ;
#555 = VECTOR ( 'NONE', #23, 1000.000000000000000 ) ;
#556 = ORIENTED_EDGE ( 'NONE', *, *, #405, .T. ) ;
#557 = ORIENTED_EDGE ( 'NONE', *, *, #71, .F. ) ;
#558 = CARTESIAN_POINT ( 'NONE',  ( 0.1718797238673397954, 0.1359999999999999543, -0.08562607953163535457 ) ) ;
#559 = VECTOR ( 'NONE', #3188, 1000.000000000000000 ) ;
#560 = LINE ( 'NONE', #1365, #1738 ) ;
#561 = FILL_AREA_STYLE_COLOUR ( '', #1209 ) ;
#562 = DIRECTION ( 'NONE',  ( 0.000000000000000000, -1.000000000000000000, 0.000000000000000000 ) ) ;
#563 = MECHANICAL_DESIGN_GEOMETRIC_PRESENTATION_REPRESENTATION (  '', ( #444 ), #3170 ) ;
#564 = DIRECTION ( 'NONE',  ( -1.000000000000000000, 0.000000000000000000, 0.000000000000000000 ) ) ;
#565 = CARTESIAN_POINT ( 'NONE',  ( 0.000000000000000000, 0.000000000000000000, 0.000000000000000000 ) ) ;
#566 = VERTEX_POINT ( 'NONE', #2201 ) ;
#567 = PRESENTATION_STYLE_ASSIGNMENT (( #2486 ) ) ;
#568 = LINE ( 'NONE', #2668, #1234 ) ;
#569 = EDGE_LOOP ( 'NONE', ( #3099, #977 ) ) ;
#570 = CLOSED_SHELL ( 'NONE', ( #996, #2416, #1143, #2, #3055, #3351, #2444, #743, #2484, #3016 ) ) ;
#571 = SURFACE_STYLE_USAGE ( .BOTH. , #39 ) ;
#572 =( LENGTH_UNIT ( ) NAMED_UNIT ( * ) SI_UNIT ( .MILLI., .METRE. ) );
#573 = VECTOR ( 'NONE', #2812, 1000.000000000000000 ) ;
#574 = ORIENTED_EDGE ( 'NONE', *, *, #371, .T. ) ;
#575 = ADVANCED_FACE ( 'NONE', ( #2470 ), #1677, .T. ) ;
#576 = VERTEX_POINT ( 'NONE', #2737 ) ;
#577 = CARTESIAN_POINT ( 'NONE',  ( 0.1060000000000001358, 0.1319999999999999507, -0.1600000000000000033 ) ) ;
#578 = CARTESIAN_POINT ( 'NONE',  ( 0.1718797238673397954, 0.1359999999999999543, -0.08081564401866496439 ) ) ;
#579 = PLANE ( 'NONE',  #986 ) ;
#580 = DIRECTION ( 'NONE',  ( 0.000000000000000000, 1.000000000000000000, 0.000000000000000000 ) ) ;
#581 = VERTEX_POINT ( 'NONE', #2714 ) ;
#582 = DIRECTION ( 'NONE',  ( -1.000000000000000000, 0.000000000000000000, 0.000000000000000000 ) ) ;
#583 = ORIENTED_EDGE ( 'NONE', *, *, #608, .T. ) ;
#584 = DIRECTION ( 'NONE',  ( 0.000000000000000000, 1.000000000000000000, 0.000000000000000000 ) ) ;
#585 = ORIENTED_EDGE ( 'NONE', *, *, #1258, .T. ) ;
#586 = CARTESIAN_POINT ( 'NONE',  ( 0.1551683411967554049, 0.1360999999999999432, -0.06700000000000000400 ) ) ;
#587 = CARTESIAN_POINT ( 'NONE',  ( -1.592421940838084637E-16, 0.1280000000000000027, 0.000000000000000000 ) ) ;
#588 = DIRECTION ( 'NONE',  ( -0.3632874376739628763, 0.000000000000000000, 0.9316771101772793884 ) ) ;
#589 = CYLINDRICAL_SURFACE ( 'NONE', #1839, 0.009313039765817670082 ) ;
#590 = PRESENTATION_STYLE_ASSIGNMENT (( #110 ) ) ;
#591 = SURFACE_STYLE_USAGE ( .BOTH. , #2234 ) ;
#592 = EDGE_CURVE ( 'NONE', #1084, #1920, #2685, .T. ) ;
#593 = ORIENTED_EDGE ( 'NONE', *, *, #14, .F. ) ;
#594 = SURFACE_STYLE_FILL_AREA ( #2418 ) ;
#595 = DIRECTION ( 'NONE',  ( 0.000000000000000000, 1.000000000000000000, 0.000000000000000000 ) ) ;
#596 = EDGE_LOOP ( 'NONE', ( #2423, #3042, #3013, #517 ) ) ;
#597 = DIRECTION ( 'NONE',  ( 0.000000000000000000, 1.000000000000000000, 0.000000000000000000 ) ) ;
#598 =( NAMED_UNIT ( * ) SI_UNIT ( $, .STERADIAN. ) SOLID_ANGLE_UNIT ( ) );
#599 = VERTEX_POINT ( 'NONE', #54 ) ;
#600 = SURFACE_SIDE_STYLE ('',( #1175 ) ) ;
#601 = CARTESIAN_POINT ( 'NONE',  ( -0.003999999999999990542, -0.003999999999999926358, -0.1600000000000000033 ) ) ;
#602 = STYLED_ITEM ( 'NONE', ( #2026 ), #1595 ) ;
#603 = LINE ( 'NONE', #1177, #230 ) ;
#604 = CARTESIAN_POINT ( 'NONE',  ( 0.1060000000000001358, 0.1359999999999999543, 0.000000000000000000 ) ) ;
#605 = SURFACE_STYLE_FILL_AREA ( #1692 ) ;
#606 =( GEOMETRIC_REPRESENTATION_CONTEXT ( 3 ) GLOBAL_UNCERTAINTY_ASSIGNED_CONTEXT ( ( #2601 ) ) GLOBAL_UNIT_ASSIGNED_CONTEXT ( ( #808, #2212, #2168 ) ) REPRESENTATION_CONTEXT ( 'NONE', 'WORKASPACE' ) );
#607 = ORIENTED_EDGE ( 'NONE', *, *, #1342, .F. ) ;
#608 = EDGE_CURVE ( 'NONE', #1596, #1442, #341, .T. ) ;
#609 = PRESENTATION_LAYER_ASSIGNMENT (  '', '', ( #3332 ) ) ;
#610 = FACE_OUTER_BOUND ( 'NONE', #3121, .T. ) ;
#611 = DIRECTION ( 'NONE',  ( 0.000000000000000000, 0.000000000000000000, -1.000000000000000000 ) ) ;
#612 = AXIS2_PLACEMENT_3D ( 'NONE', #3117, #548, #496 ) ;
#613 = ORIENTED_EDGE ( 'NONE', *, *, #1024, .F. ) ;
#614 = CARTESIAN_POINT ( 'NONE',  ( 0.000000000000000000, 0.000000000000000000, 0.000000000000000000 ) ) ;
#615 = EDGE_LOOP ( 'NONE', ( #2642, #2038, #2346, #3424 ) ) ;
#616 = CARTESIAN_POINT ( 'NONE',  ( 0.3019999999999998797, 0.000000000000000000, -0.1600000000000000033 ) ) ;
#617 = PRESENTATION_LAYER_ASSIGNMENT (  '', '', ( #2119 ) ) ;
#618 = DIRECTION ( 'NONE',  ( 1.000000000000000000, 0.000000000000000000, 0.000000000000000000 ) ) ;
#619 = VECTOR ( 'NONE', #2004, 1000.000000000000000 ) ;
#620 = SURFACE_STYLE_FILL_AREA ( #1236 ) ;
#621 = FILL_AREA_STYLE ('',( #2709 ) ) ;
#622 = ORIENTED_EDGE ( 'NONE', *, *, #1893, .T. ) ;
#623 = CARTESIAN_POINT ( 'NONE',  ( 0.1551683411967554049, 0.1360999999999999432, -0.07848945205393094426 ) ) ;
#624 = ADVANCED_FACE ( 'NONE', ( #1952 ), #3296, .T. ) ;
#625 = ORIENTED_EDGE ( 'NONE', *, *, #183, .T. ) ;
#626 = DIRECTION ( 'NONE',  ( 0.000000000000000000, 0.000000000000000000, -1.000000000000000000 ) ) ;
#627 = EDGE_CURVE ( 'NONE', #113, #2061, #2755, .T. ) ;
#628 = EDGE_LOOP ( 'NONE', ( #2101, #1072, #1782, #2598, #3017, #843, #1241, #1384, #2767, #2323, #1473, #2141, #583 ) ) ;
#629 = DIRECTION ( 'NONE',  ( 1.000000000000000000, 0.000000000000000000, 0.000000000000000000 ) ) ;
#630 = CARTESIAN_POINT ( 'NONE',  ( 0.1229184579531664018, 0.1360999999999999432, -0.06700000000000000400 ) ) ;
#631 = ADVANCED_FACE ( 'NONE', ( #2458 ), #2699, .T. ) ;
#632 = DIRECTION ( 'NONE',  ( 0.000000000000000000, 0.000000000000000000, 1.000000000000000000 ) ) ;
#633 = DIRECTION ( 'NONE',  ( 0.000000000000000000, 1.000000000000000000, 0.000000000000000000 ) ) ;
#634 = ORIENTED_EDGE ( 'NONE', *, *, #891, .T. ) ;
#635 = DIRECTION ( 'NONE',  ( 0.000000000000000000, 0.000000000000000000, 1.000000000000000000 ) ) ;
#636 = DIRECTION ( 'NONE',  ( 0.000000000000000000, 1.000000000000000000, 0.000000000000000000 ) ) ;
#637 = ORIENTED_EDGE ( 'NONE', *, *, #627, .T. ) ;
#638 = DIRECTION ( 'NONE',  ( 1.000000000000000000, 0.000000000000000000, 0.000000000000000000 ) ) ;
#639 =( NAMED_UNIT ( * ) PLANE_ANGLE_UNIT ( ) SI_UNIT ( $, .RADIAN. ) );
#640 = VERTEX_POINT ( 'NONE', #307 ) ;
#641 = CARTESIAN_POINT ( 'NONE',  ( 0.000000000000000000, 0.1319999999999999507, -0.1600000000000000033 ) ) ;
#642 = EDGE_CURVE ( 'NONE', #1576, #368, #1373, .T. ) ;
#643 = SURFACE_STYLE_FILL_AREA ( #2726 ) ;
#644 = ORIENTED_EDGE ( 'NONE', *, *, #514, .T. ) ;
#645 = CARTESIAN_POINT ( 'NONE',  ( 0.1218468176105782924, 0.1359999999999999543, -0.07338067232939633755 ) ) ;
#646 = AXIS2_PLACEMENT_3D ( 'NONE', #776, #1850, #1867 ) ;
#647 = CARTESIAN_POINT ( 'NONE',  ( 0.1160000000000000336, 0.1359999999999999543, -0.06700000000000000400 ) ) ;
#648 = DIRECTION ( 'NONE',  ( 1.000000000000000000, -1.868455030708017455E-16, 0.000000000000000000 ) ) ;
#649 = DIRECTION ( 'NONE',  ( 1.000000000000000000, 0.000000000000000000, 0.000000000000000000 ) ) ;
#650 = AXIS2_PLACEMENT_3D ( 'NONE', #1071, #539, #1594 ) ;
#651 = ORIENTED_EDGE ( 'NONE', *, *, #642, .T. ) ;
#652 = DIRECTION ( 'NONE',  ( 0.000000000000000000, 0.000000000000000000, -1.000000000000000000 ) ) ;
#653 = CARTESIAN_POINT ( 'NONE',  ( 0.1819999999999998563, 0.1280000000000000027, -0.1600000000000000033 ) ) ;
#654 = AXIS2_PLACEMENT_3D ( 'NONE', #2687, #1907, #652 ) ;
#655 = VECTOR ( 'NONE', #2988, 1000.000000000000000 ) ;
#656 = AXIS2_PLACEMENT_3D ( 'NONE', #468, #2257, #3072 ) ;
#657 = EDGE_LOOP ( 'NONE', ( #1605, #2806, #2935, #2372 ) ) ;
#658 = SURFACE_STYLE_USAGE ( .BOTH. , #3311 ) ;
#659 = DIRECTION ( 'NONE',  ( 0.000000000000000000, 0.000000000000000000, 1.000000000000000000 ) ) ;
#660 = VERTEX_POINT ( 'NONE', #1904 ) ;
#661 = CARTESIAN_POINT ( 'NONE',  ( 0.1489693257569440488, 0.1359999999999999543, -0.06700000000000000400 ) ) ;
#662 = DIRECTION ( 'NONE',  ( 1.000000000000000000, 0.000000000000000000, 0.000000000000000000 ) ) ;
#663 = EDGE_CURVE ( 'NONE', #1073, #859, #3294, .T. ) ;
#664 = EDGE_CURVE ( 'NONE', #1567, #1596, #1684, .T. ) ;
#665 = AXIS2_PLACEMENT_3D ( 'NONE', #775, #3089, #1777 ) ;
#666 = LINE ( 'NONE', #684, #507 ) ;
#667 = LINE ( 'NONE', #3335, #888 ) ;
#668 = DIRECTION ( 'NONE',  ( 0.000000000000000000, 0.000000000000000000, 1.000000000000000000 ) ) ;
#669 = VECTOR ( 'NONE', #813, 1000.000000000000000 ) ;
#670 = ORIENTED_EDGE ( 'NONE', *, *, #171, .T. ) ;
#671 = ORIENTED_EDGE ( 'NONE', *, *, #525, .F. ) ;
#672 = DIRECTION ( 'NONE',  ( 0.000000000000000000, 1.000000000000000000, 0.000000000000000000 ) ) ;
#673 = LINE ( 'NONE', #2792, #619 ) ;
#674 = EDGE_CURVE ( 'NONE', #844, #368, #149, .T. ) ;
#675 = VERTEX_POINT ( 'NONE', #653 ) ;
#676 = DIRECTION ( 'NONE',  ( 0.000000000000000000, 0.000000000000000000, 1.000000000000000000 ) ) ;
#677 = DIRECTION ( 'NONE',  ( -1.000000000000000000, 0.000000000000000000, 0.000000000000000000 ) ) ;
#678 = EDGE_CURVE ( 'NONE', #296, #1097, #2821, .T. ) ;
#679 = VERTEX_POINT ( 'NONE', #1504 ) ;
#680 = FILL_AREA_STYLE_COLOUR ( '', #2721 ) ;
#681 = DIRECTION ( 'NONE',  ( 0.000000000000000000, 0.000000000000000000, 1.000000000000000000 ) ) ;
#682 = PRODUCT_CONTEXT ( 'NONE', #2944, 'mechanical' ) ;
#683 = EDGE_LOOP ( 'NONE', ( #929, #1378, #2823, #637 ) ) ;
#684 = CARTESIAN_POINT ( 'NONE',  ( 0.1339341008502173969, 0.1359999999999999543, -0.07417052299939663751 ) ) ;
#685 = DIRECTION ( 'NONE',  ( -1.000000000000000000, 0.000000000000000000, 0.000000000000000000 ) ) ;
#686 = DIRECTION ( 'NONE',  ( 0.000000000000000000, 0.000000000000000000, -1.000000000000000000 ) ) ;
#687 = DIRECTION ( 'NONE',  ( 0.000000000000000000, 0.000000000000000000, 1.000000000000000000 ) ) ;
#688 = SURFACE_STYLE_USAGE ( .BOTH. , #407 ) ;
#689 = SURFACE_SIDE_STYLE ('',( #2892 ) ) ;
#690 = SURFACE_SIDE_STYLE ('',( #410 ) ) ;
#691 = EDGE_CURVE ( 'NONE', #2364, #1890, #1783, .T. ) ;
#692 = ORIENTED_EDGE ( 'NONE', *, *, #2244, .F. ) ;
#693 = SURFACE_STYLE_USAGE ( .BOTH. , #2275 ) ;
#694 = FACE_OUTER_BOUND ( 'NONE', #2866, .T. ) ;
#695 = ORIENTED_EDGE ( 'NONE', *, *, #3248, .F. ) ;
#696 = DIRECTION ( 'NONE',  ( 0.000000000000000000, 1.000000000000000000, 0.000000000000000000 ) ) ;
#697 = DIRECTION ( 'NONE',  ( 0.000000000000000000, 1.000000000000000000, 0.000000000000000000 ) ) ;
#698 =( NAMED_UNIT ( * ) SI_UNIT ( $, .STERADIAN. ) SOLID_ANGLE_UNIT ( ) );
#699 = VERTEX_POINT ( 'NONE', #1748 ) ;
#700 = CARTESIAN_POINT ( 'NONE',  ( 0.1632206811371139377, 0.1360999999999999432, -0.07837098428968064523 ) ) ;
#701 = CARTESIAN_POINT ( 'NONE',  ( 0.1911000423702176876, 0.1360999999999999432, -0.07631303976581767234 ) ) ;
#702 = DIRECTION ( 'NONE',  ( 1.000000000000000000, 0.000000000000000000, 0.000000000000000000 ) ) ;
#703 = CARTESIAN_POINT ( 'NONE',  ( 0.000000000000000000, 0.1280000000000000027, -0.1600000000000000033 ) ) ;
#704 = COLOUR_RGB ( '',0.1019607843137254888, 0.1019607843137254888, 0.1019607843137254888 ) ;
#705 = CARTESIAN_POINT ( 'NONE',  ( 0.1295763198118896620, 0.1359999999999999543, -0.06964114473501427371 ) ) ;
#706 = CARTESIAN_POINT ( 'NONE',  ( 0.1632206811371139377, 0.1360999999999999432, -0.07423398105064507591 ) ) ;
#707 = VECTOR ( 'NONE', #1179, 1000.000000000000000 ) ;
#708 = EDGE_CURVE ( 'NONE', #1519, #1133, #673, .T. ) ;
#709 = VERTEX_POINT ( 'NONE', #706 ) ;
#710 = VECTOR ( 'NONE', #2415, 1000.000000000000000 ) ;
#711 = AXIS2_PLACEMENT_3D ( 'NONE', #2768, #385, #2221 ) ;
#712 = PLANE ( 'NONE',  #1002 ) ;
#713 = CARTESIAN_POINT ( 'NONE',  ( 0.1093691522809981942, 0.1360999999999999432, -0.08562607953163535457 ) ) ;
#714 = MECHANICAL_DESIGN_GEOMETRIC_PRESENTATION_REPRESENTATION (  '', ( #2210 ), #336 ) ;
#715 = VECTOR ( 'NONE', #3052, 1000.000000000000000 ) ;
#716 = ORIENTED_EDGE ( 'NONE', *, *, #2530, .F. ) ;
#717 = DIRECTION ( 'NONE',  ( 0.000000000000000000, 0.000000000000000000, 1.000000000000000000 ) ) ;
#718 =( GEOMETRIC_REPRESENTATION_CONTEXT ( 3 ) GLOBAL_UNCERTAINTY_ASSIGNED_CONTEXT ( ( #2851 ) ) GLOBAL_UNIT_ASSIGNED_CONTEXT ( ( #2814, #1529, #1988 ) ) REPRESENTATION_CONTEXT ( 'NONE', 'WORKASPACE' ) );
#719 =( NAMED_UNIT ( * ) SI_UNIT ( $, .STERADIAN. ) SOLID_ANGLE_UNIT ( ) );
#720 = UNCERTAINTY_MEASURE_WITH_UNIT (LENGTH_MEASURE( 1.000000000000000082E-05 ), #2079, 'distance_accuracy_value', 'NONE');
#721 = STYLED_ITEM ( 'NONE', ( #441 ), #2763 ) ;
#722 = ORIENTED_EDGE ( 'NONE', *, *, #3430, .T. ) ;
#723 = DIRECTION ( 'NONE',  ( 1.000000000000000000, 0.000000000000000000, 0.000000000000000000 ) ) ;
#724 = FACE_OUTER_BOUND ( 'NONE', #2686, .T. ) ;
#725 = PLANE ( 'NONE',  #3103 ) ;
#726 = SURFACE_SIDE_STYLE ('',( #2856 ) ) ;
#727 = CLOSED_SHELL ( 'NONE', ( #540, #343, #3119, #2181, #2890, #3230, #3376, #3150, #425, #1163, #530, #2081, #2613, #1875, #1558 ) ) ;
#728 = EDGE_CURVE ( 'NONE', #675, #508, #436, .T. ) ;
#729 = LINE ( 'NONE', #2910, #837 ) ;
#730 = VECTOR ( 'NONE', #1860, 1000.000000000000000 ) ;
#731 = VERTEX_POINT ( 'NONE', #2046 ) ;
#732 =( LENGTH_UNIT ( ) NAMED_UNIT ( * ) SI_UNIT ( .MILLI., .METRE. ) );
#733 = DIRECTION ( 'NONE',  ( -1.000000000000000000, 0.000000000000000000, 0.000000000000000000 ) ) ;
#734 = VERTEX_POINT ( 'NONE', #133 ) ;
#735 = DIRECTION ( 'NONE',  ( 1.868455030708017455E-16, 1.000000000000000000, 0.000000000000000000 ) ) ;
#736 = SURFACE_STYLE_USAGE ( .BOTH. , #3365 ) ;
#737 = DIRECTION ( 'NONE',  ( 1.000000000000000000, 0.000000000000000000, 0.000000000000000000 ) ) ;
#738 = EDGE_CURVE ( 'NONE', #660, #1266, #3064, .T. ) ;
#739 =( NAMED_UNIT ( * ) SI_UNIT ( $, .STERADIAN. ) SOLID_ANGLE_UNIT ( ) );
#740 = ORIENTED_EDGE ( 'NONE', *, *, #148, .T. ) ;
#741 = ORIENTED_EDGE ( 'NONE', *, *, #1059, .T. ) ;
#742 = CARTESIAN_POINT ( 'NONE',  ( 0.1499042334625250439, 0.1360999999999999432, -0.07402959655194116251 ) ) ;
#743 = ADVANCED_FACE ( 'NONE', ( #3080 ), #2808, .F. ) ;
#744 = FILL_AREA_STYLE ('',( #1761 ) ) ;
#745 = DIRECTION ( 'NONE',  ( 1.000000000000000000, 0.000000000000000000, 0.000000000000000000 ) ) ;
#746 = CARTESIAN_POINT ( 'NONE',  ( 0.3019999999999998797, 0.000000000000000000, -0.1600000000000000033 ) ) ;
#747 = VERTEX_POINT ( 'NONE', #1489 ) ;
#748 = DIRECTION ( 'NONE',  ( 0.4761675951869316914, 0.000000000000000000, -0.8793545481169096067 ) ) ;
#749 = DIRECTION ( 'NONE',  ( 0.000000000000000000, 1.000000000000000000, 0.000000000000000000 ) ) ;
#750 = VERTEX_POINT ( 'NONE', #3113 ) ;
#751 = CARTESIAN_POINT ( 'NONE',  ( 0.3019999999999998797, 0.000000000000000000, 0.000000000000000000 ) ) ;
#752 =( NAMED_UNIT ( * ) PLANE_ANGLE_UNIT ( ) SI_UNIT ( $, .RADIAN. ) );
#753 = ORIENTED_EDGE ( 'NONE', *, *, #2761, .T. ) ;
#754 = ADVANCED_FACE ( 'NONE', ( #2540 ), #2581, .T. ) ;
#755 = VERTEX_POINT ( 'NONE', #3132 ) ;
#756 = LINE ( 'NONE', #1829, #2274 ) ;
#757 = FILL_AREA_STYLE ('',( #2041 ) ) ;
#758 = LINE ( 'NONE', #1294, #2549 ) ;
#759 = DIRECTION ( 'NONE',  ( 1.000000000000000000, 0.000000000000000000, 0.000000000000000000 ) ) ;
#760 = CIRCLE ( 'NONE', #2252, 0.004210068312103684013 ) ;
#761 = ORIENTED_EDGE ( 'NONE', *, *, #2196, .F. ) ;
#762 = AXIS2_PLACEMENT_3D ( 'NONE', #933, #648, #3057 ) ;
#763 = DIRECTION ( 'NONE',  ( 0.000000000000000000, 0.000000000000000000, -1.000000000000000000 ) ) ;
#764 = VECTOR ( 'NONE', #816, 1000.000000000000000 ) ;
#765 = MECHANICAL_DESIGN_GEOMETRIC_PRESENTATION_REPRESENTATION (  '', ( #1781 ), #936 ) ;
#766 = ORIENTED_EDGE ( 'NONE', *, *, #663, .T. ) ;
#767 = LINE ( 'NONE', #2335, #331 ) ;
#768 = EDGE_CURVE ( 'NONE', #755, #421, #2345, .T. ) ;
#769 = DIRECTION ( 'NONE',  ( 0.000000000000000000, 1.000000000000000000, 0.000000000000000000 ) ) ;
#770 = AXIS2_PLACEMENT_3D ( 'NONE', #2025, #3369, #981 ) ;
#771 = VECTOR ( 'NONE', #3284, 1000.000000000000000 ) ;
#772 = ORIENTED_EDGE ( 'NONE', *, *, #1080, .T. ) ;
#773 = ORIENTED_EDGE ( 'NONE', *, *, #1478, .F. ) ;
#774 = SURFACE_STYLE_FILL_AREA ( #1036 ) ;
#775 = CARTESIAN_POINT ( 'NONE',  ( 0.1489693257569440488, 0.1360999999999999432, -0.07631303976581767234 ) ) ;
#776 = CARTESIAN_POINT ( 'NONE',  ( 0.1200000000000000233, 0.000000000000000000, -0.1600000000000000033 ) ) ;
#777 = DIRECTION ( 'NONE',  ( -1.000000000000000000, -0.000000000000000000, -0.000000000000000000 ) ) ;
#778 = EDGE_CURVE ( 'NONE', #1519, #2584, #729, .T. ) ;
#779 = LINE ( 'NONE', #2150, #116 ) ;
#780 = DIRECTION ( 'NONE',  ( -1.000000000000000000, 0.000000000000000000, 0.000000000000000000 ) ) ;
#781 = EDGE_CURVE ( 'NONE', #963, #1194, #3431, .T. ) ;
#782 = VERTEX_POINT ( 'NONE', #2858 ) ;
#783 = PRESENTATION_LAYER_ASSIGNMENT (  '', '', ( #2795 ) ) ;
#784 =( NAMED_UNIT ( * ) SI_UNIT ( $, .STERADIAN. ) SOLID_ANGLE_UNIT ( ) );
#785 = EDGE_CURVE ( 'NONE', #1194, #791, #1312, .T. ) ;
#786 = VECTOR ( 'NONE', #2658, 1000.000000000000227 ) ;
#787 = EDGE_LOOP ( 'NONE', ( #644, #2690, #3136, #1118, #193, #3125, #2873, #72, #89 ) ) ;
#788 = CARTESIAN_POINT ( 'NONE',  ( 0.1959999999999998965, 0.1319999999999999507, 0.000000000000000000 ) ) ;
#789 = LINE ( 'NONE', #1863, #2489 ) ;
#790 = ORIENTED_EDGE ( 'NONE', *, *, #2379, .F. ) ;
#791 = VERTEX_POINT ( 'NONE', #2097 ) ;
#792 = LINE ( 'NONE', #909, #188 ) ;
#793 = PLANE ( 'NONE',  #2775 ) ;
#794 = LINE ( 'NONE', #2120, #2381 ) ;
#795 =( LENGTH_UNIT ( ) NAMED_UNIT ( * ) SI_UNIT ( .MILLI., .METRE. ) );
#796 = ORIENTED_EDGE ( 'NONE', *, *, #2480, .F. ) ;
#797 = ADVANCED_FACE ( 'NONE', ( #2648 ), #1603, .T. ) ;
#798 = CARTESIAN_POINT ( 'NONE',  ( 0.1284021445365344516, 0.1359999999999999543, -0.06700000000000000400 ) ) ;
#799 = DIRECTION ( 'NONE',  ( -1.000000000000000000, 0.000000000000000000, 0.000000000000000000 ) ) ;
#800 = VERTEX_POINT ( 'NONE', #3169 ) ;
#801 = LINE ( 'NONE', #2862, #2606 ) ;
#802 = PLANE ( 'NONE',  #1511 ) ;
#803 = ORIENTED_EDGE ( 'NONE', *, *, #3093, .T. ) ;
#804 = ORIENTED_EDGE ( 'NONE', *, *, #2640, .F. ) ;
#805 = DIRECTION ( 'NONE',  ( 0.000000000000000000, 0.000000000000000000, -1.000000000000000000 ) ) ;
#806 = CARTESIAN_POINT ( 'NONE',  ( 0.1632206811371139377, 0.1359999999999999543, -0.07161294565237698306 ) ) ;
#807 = CARTESIAN_POINT ( 'NONE',  ( 0.1709311383708822241, 0.1359999999999999543, -0.07423398105064507591 ) ) ;
#808 =( LENGTH_UNIT ( ) NAMED_UNIT ( * ) SI_UNIT ( .MILLI., .METRE. ) );
#809 = DIRECTION ( 'NONE',  ( -1.000000000000000000, 0.000000000000000000, 0.000000000000000000 ) ) ;
#810 = CARTESIAN_POINT ( 'NONE',  ( 0.000000000000000000, 0.000000000000000000, -0.1600000000000000033 ) ) ;
#811 = ORIENTED_EDGE ( 'NONE', *, *, #1403, .F. ) ;
#812 = DIRECTION ( 'NONE',  ( 0.000000000000000000, 1.000000000000000000, 0.000000000000000000 ) ) ;
#813 = DIRECTION ( 'NONE',  ( 1.000000000000000000, 0.000000000000000000, 0.000000000000000000 ) ) ;
#814 = ADVANCED_FACE ( 'NONE', ( #474 ), #2871, .T. ) ;
#815 = ORIENTED_EDGE ( 'NONE', *, *, #2157, .T. ) ;
#816 = DIRECTION ( 'NONE',  ( 1.000000000000000000, 0.000000000000000000, 0.000000000000000000 ) ) ;
#817 = AXIS2_PLACEMENT_3D ( 'NONE', #2959, #1366, #1398 ) ;
#818 = DIRECTION ( 'NONE',  ( 1.000000000000000000, 0.000000000000000000, 0.000000000000000000 ) ) ;
#819 = VECTOR ( 'NONE', #551, 1000.000000000000000 ) ;
#820 = EDGE_LOOP ( 'NONE', ( #557, #1954, #1104, #1360 ) ) ;
#821 = ORIENTED_EDGE ( 'NONE', *, *, #1744, .F. ) ;
#822 = STYLED_ITEM ( 'NONE', ( #56 ), #1790 ) ;
#823 = FILL_AREA_STYLE ('',( #1396 ) ) ;
#824 = AXIS2_PLACEMENT_3D ( 'NONE', #2042, #2015, #3076 ) ;
#825 =( LENGTH_UNIT ( ) NAMED_UNIT ( * ) SI_UNIT ( .MILLI., .METRE. ) );
#826 = UNCERTAINTY_MEASURE_WITH_UNIT (LENGTH_MEASURE( 1.000000000000000082E-05 ), #94, 'distance_accuracy_value', 'NONE');
#827 = AXIS2_PLACEMENT_3D ( 'NONE', #1211, #1021, #3074 ) ;
#828 = LINE ( 'NONE', #1854, #2043 ) ;
#829 = DIRECTION ( 'NONE',  ( 0.000000000000000000, 0.000000000000000000, -1.000000000000000000 ) ) ;
#830 = MECHANICAL_DESIGN_GEOMETRIC_PRESENTATION_REPRESENTATION (  '', ( #3002 ), #1944 ) ;
#831 = EDGE_CURVE ( 'NONE', #2799, #1885, #2218, .T. ) ;
#832 = VECTOR ( 'NONE', #2365, 1000.000000000000000 ) ;
#833 = ORIENTED_EDGE ( 'NONE', *, *, #1258, .F. ) ;
#834 = DIRECTION ( 'NONE',  ( 0.000000000000000000, 1.000000000000000000, 0.000000000000000000 ) ) ;
#835 = DIRECTION ( 'NONE',  ( 0.000000000000000000, -1.000000000000000000, 0.000000000000000000 ) ) ;
#836 =( GEOMETRIC_REPRESENTATION_CONTEXT ( 3 ) GLOBAL_UNCERTAINTY_ASSIGNED_CONTEXT ( ( #1635 ) ) GLOBAL_UNIT_ASSIGNED_CONTEXT ( ( #3305, #2265, #3317 ) ) REPRESENTATION_CONTEXT ( 'NONE', 'WORKASPACE' ) );
#837 = VECTOR ( 'NONE', #1804, 1000.000000000000000 ) ;
#838 = ORIENTED_EDGE ( 'NONE', *, *, #2349, .T. ) ;
#839 = COLOUR_RGB ( '',0.8980392156862745390, 0.9215686274509803377, 0.9294117647058823817 ) ;
#840 = DIRECTION ( 'NONE',  ( 1.000000000000000000, 0.000000000000000000, -0.000000000000000000 ) ) ;
#841 = DIRECTION ( 'NONE',  ( -0.3495804821831114406, -0.000000000000000000, -0.9369063381558603298 ) ) ;
#842 = VECTOR ( 'NONE', #3205, 1000.000000000000000 ) ;
#843 = ORIENTED_EDGE ( 'NONE', *, *, #2118, .T. ) ;
#844 = VERTEX_POINT ( 'NONE', #2612 ) ;
#845 = PLANE ( 'NONE',  #2104 ) ;
#846 = ADVANCED_FACE ( 'NONE', ( #2083 ), #1855, .T. ) ;
#847 = CARTESIAN_POINT ( 'NONE',  ( 0.1718797238673397954, 0.1359999999999999543, -0.08081564401866496439 ) ) ;
#848 = FACE_OUTER_BOUND ( 'NONE', #3387, .T. ) ;
#849 = SURFACE_SIDE_STYLE ('',( #643 ) ) ;
#850 = EDGE_CURVE ( 'NONE', #550, #1012, #2483, .T. ) ;
#851 = CARTESIAN_POINT ( 'NONE',  ( 0.1312846670572519747, 0.1360999999999999432, -0.07417052299939663751 ) ) ;
#852 = CARTESIAN_POINT ( 'NONE',  ( 0.1229184579531664018, 0.1360999999999999432, -0.06700000000000000400 ) ) ;
#853 = ORIENTED_EDGE ( 'NONE', *, *, #1080, .F. ) ;
#854 =( LENGTH_UNIT ( ) NAMED_UNIT ( * ) SI_UNIT ( .MILLI., .METRE. ) );
#855 = FACE_OUTER_BOUND ( 'NONE', #1120, .T. ) ;
#856 = ORIENTED_EDGE ( 'NONE', *, *, #952, .T. ) ;
#857 = CARTESIAN_POINT ( 'NONE',  ( 0.1284021445365344516, 0.1359999999999999543, -0.06700000000000000400 ) ) ;
#858 = DIRECTION ( 'NONE',  ( 0.4062347190576025002, 0.000000000000000000, 0.9137687634364565215 ) ) ;
#859 = VERTEX_POINT ( 'NONE', #3217 ) ;
#860 = CARTESIAN_POINT ( 'NONE',  ( 0.3019999999999998797, 0.1319999999999999507, -0.1600000000000000033 ) ) ;
#861 = DIRECTION ( 'NONE',  ( 0.4761675951869322465, 0.000000000000000000, 0.8793545481169092737 ) ) ;
#862 = DIRECTION ( 'NONE',  ( 0.000000000000000000, -1.000000000000000000, 0.000000000000000000 ) ) ;
#863 = EDGE_CURVE ( 'NONE', #3271, #599, #2431, .T. ) ;
#864 = FACE_OUTER_BOUND ( 'NONE', #1430, .T. ) ;
#865 = SURFACE_STYLE_USAGE ( .BOTH. , #1369 ) ;
#866 = EDGE_LOOP ( 'NONE', ( #2132, #2463, #1494, #1796 ) ) ;
#867 = LINE ( 'NONE', #885, #2843 ) ;
#868 = CARTESIAN_POINT ( 'NONE',  ( 0.1817870026044000331, 0.1359999999999999543, -0.07631303976581767234 ) ) ;
#869 = ORIENTED_EDGE ( 'NONE', *, *, #2995, .T. ) ;
#870 = DIRECTION ( 'NONE',  ( -1.000000000000000000, 0.000000000000000000, 0.000000000000000000 ) ) ;
#871 = PRESENTATION_LAYER_ASSIGNMENT (  '', '', ( #1986 ) ) ;
#872 = ORIENTED_EDGE ( 'NONE', *, *, #2664, .F. ) ;
#873 = SURFACE_STYLE_USAGE ( .BOTH. , #2465 ) ;
#874 = MECHANICAL_DESIGN_GEOMETRIC_PRESENTATION_REPRESENTATION (  '', ( #2660 ), #2828 ) ;
#875 =( NAMED_UNIT ( * ) SI_UNIT ( $, .STERADIAN. ) SOLID_ANGLE_UNIT ( ) );
#876 = VECTOR ( 'NONE', #1183, 1000.000000000000000 ) ;
#877 = VECTOR ( 'NONE', #934, 1000.000000000000000 ) ;
#878 = DIRECTION ( 'NONE',  ( -1.000000000000000000, 0.000000000000000000, -1.530367056084788066E-15 ) ) ;
#879 =( LENGTH_UNIT ( ) NAMED_UNIT ( * ) SI_UNIT ( .MILLI., .METRE. ) );
#880 = ADVANCED_FACE ( 'NONE', ( #2467 ), #1440, .T. ) ;
#881 = SURFACE_SIDE_STYLE ('',( #3268 ) ) ;
#882 = VECTOR ( 'NONE', #3333, 1000.000000000000000 ) ;
#883 = VERTEX_POINT ( 'NONE', #50 ) ;
#884 = PRESENTATION_LAYER_ASSIGNMENT (  '', '', ( #394 ) ) ;
#885 = CARTESIAN_POINT ( 'NONE',  ( 0.000000000000000000, 0.000000000000000000, -0.1600000000000000033 ) ) ;
#886 = DIRECTION ( 'NONE',  ( -1.000000000000000000, 0.000000000000000000, 0.000000000000000000 ) ) ;
#887 = EDGE_CURVE ( 'NONE', #384, #3151, #3202, .T. ) ;
#888 = VECTOR ( 'NONE', #3290, 1000.000000000000000 ) ;
#889 = CIRCLE ( 'NONE', #2107, 0.004210068312103684013 ) ;
#890 = ORIENTED_EDGE ( 'NONE', *, *, #71, .T. ) ;
#891 = EDGE_CURVE ( 'NONE', #731, #3049, #1404, .T. ) ;
#892 = CARTESIAN_POINT ( 'NONE',  ( -0.003999999999999990542, -0.003999999999999926358, 0.000000000000000000 ) ) ;
#893 = STYLED_ITEM ( 'NONE', ( #1220 ), #754 ) ;
#894 =( GEOMETRIC_REPRESENTATION_CONTEXT ( 3 ) GLOBAL_UNCERTAINTY_ASSIGNED_CONTEXT ( ( #1411 ) ) GLOBAL_UNIT_ASSIGNED_CONTEXT ( ( #732, #2896, #1590 ) ) REPRESENTATION_CONTEXT ( 'NONE', 'WORKASPACE' ) );
#895 = ORIENTED_EDGE ( 'NONE', *, *, #2798, .F. ) ;
#896 = DIRECTION ( 'NONE',  ( 1.000000000000000000, 0.000000000000000000, 0.000000000000000000 ) ) ;
#897 = AXIS2_PLACEMENT_3D ( 'NONE', #36, #763, #1083 ) ;
#898 = DIRECTION ( 'NONE',  ( -0.3632874376739628763, 0.000000000000000000, 0.9316771101772793884 ) ) ;
#899 = CARTESIAN_POINT ( 'NONE',  ( 0.1200000000000001482, 0.1319999999999999507, -0.1600000000000000033 ) ) ;
#900 = AXIS2_PLACEMENT_3D ( 'NONE', #86, #358, #115 ) ;
#901 = LINE ( 'NONE', #1964, #2213 ) ;
#902 = FILL_AREA_STYLE_COLOUR ( '', #282 ) ;
#903 = ORIENTED_EDGE ( 'NONE', *, *, #781, .T. ) ;
#904 = CARTESIAN_POINT ( 'NONE',  ( 0.1093691522809981942, 0.1359999999999999543, -0.08562607953163535457 ) ) ;
#905 = DIRECTION ( 'NONE',  ( 0.000000000000000000, 1.000000000000000000, 0.000000000000000000 ) ) ;
#906 = EDGE_CURVE ( 'NONE', #2131, #1389, #2751, .T. ) ;
#907 = ORIENTED_EDGE ( 'NONE', *, *, #183, .F. ) ;
#908 = PRESENTATION_STYLE_ASSIGNMENT (( #2969 ) ) ;
#909 = CARTESIAN_POINT ( 'NONE',  ( 0.1718797238673397954, 0.1360999999999999432, -0.08562607953163535457 ) ) ;
#910 = ORIENTED_EDGE ( 'NONE', *, *, #1752, .F. ) ;
#911 = FACE_OUTER_BOUND ( 'NONE', #2511, .T. ) ;
#912 = FACE_OUTER_BOUND ( 'NONE', #2829, .T. ) ;
#913 = DIRECTION ( 'NONE',  ( -1.000000000000000000, 0.000000000000000000, 0.000000000000000000 ) ) ;
#914 = ORIENTED_EDGE ( 'NONE', *, *, #1254, .F. ) ;
#915 = FACE_OUTER_BOUND ( 'NONE', #1042, .T. ) ;
#916 = SURFACE_SIDE_STYLE ('',( #2287 ) ) ;
#917 = DIRECTION ( 'NONE',  ( 0.000000000000000000, -1.000000000000000000, 0.000000000000000000 ) ) ;
#918 = PLANE ( 'NONE',  #2997 ) ;
#919 = ORIENTED_EDGE ( 'NONE', *, *, #2912, .F. ) ;
#920 = FILL_AREA_STYLE_COLOUR ( '', #1275 ) ;
#921 = VERTEX_POINT ( 'NONE', #2731 ) ;
#922 = CARTESIAN_POINT ( 'NONE',  ( 0.1312846670572519747, 0.1359999999999999543, -0.07417052299939663751 ) ) ;
#923 = EDGE_CURVE ( 'NONE', #750, #2424, #1161, .T. ) ;
#924 = ADVANCED_FACE ( 'NONE', ( #354 ), #2976, .F. ) ;
#925 = VERTEX_POINT ( 'NONE', #2288 ) ;
#926 = LINE ( 'NONE', #140, #339 ) ;
#927 =( NAMED_UNIT ( * ) SI_UNIT ( $, .STERADIAN. ) SOLID_ANGLE_UNIT ( ) );
#928 = VECTOR ( 'NONE', #2645, 1000.000000000000000 ) ;
#929 = ORIENTED_EDGE ( 'NONE', *, *, #3423, .T. ) ;
#930 = CARTESIAN_POINT ( 'NONE',  ( 0.3059999999999998277, 7.473820122832050430E-19, -0.1600000000000000033 ) ) ;
#931 = AXIS2_PLACEMENT_3D ( 'NONE', #647, #632, #2764 ) ;
#932 = ADVANCED_FACE ( 'NONE', ( #956 ), #419, .T. ) ;
#933 = CARTESIAN_POINT ( 'NONE',  ( -0.003999999999999989675, 7.473820122832050430E-19, -0.1600000000000000033 ) ) ;
#934 = DIRECTION ( 'NONE',  ( 0.000000000000000000, 0.000000000000000000, 1.000000000000000000 ) ) ;
#935 = AXIS2_PLACEMENT_3D ( 'NONE', #467, #2353, #3180 ) ;
#936 =( GEOMETRIC_REPRESENTATION_CONTEXT ( 3 ) GLOBAL_UNCERTAINTY_ASSIGNED_CONTEXT ( ( #209 ) ) GLOBAL_UNIT_ASSIGNED_CONTEXT ( ( #404, #2199, #1441 ) ) REPRESENTATION_CONTEXT ( 'NONE', 'WORKASPACE' ) );
#937 =( LENGTH_UNIT ( ) NAMED_UNIT ( * ) SI_UNIT ( .MILLI., .METRE. ) );
#938 = ORIENTED_EDGE ( 'NONE', *, *, #2738, .T. ) ;
#939 = DIRECTION ( 'NONE',  ( 0.000000000000000000, -0.000000000000000000, 1.000000000000000000 ) ) ;
#940 = AXIS2_PLACEMENT_3D ( 'NONE', #2580, #2045, #1763 ) ;
#941 = VECTOR ( 'NONE', #777, 1000.000000000000000 ) ;
#942 = VECTOR ( 'NONE', #2111, 1000.000000000000000 ) ;
#943 = EDGE_LOOP ( 'NONE', ( #2964, #1262, #670, #3373 ) ) ;
#944 = FILL_AREA_STYLE_COLOUR ( '', #2727 ) ;
#945 = DIRECTION ( 'NONE',  ( -0.4095838309161413671, 0.000000000000000000, 0.9122724842129449341 ) ) ;
#946 = STYLED_ITEM ( 'NONE', ( #2228 ), #2416 ) ;
#947 = EDGE_LOOP ( 'NONE', ( #2223, #3410, #1936, #1487 ) ) ;
#948 = STYLED_ITEM ( 'NONE', ( #219 ), #2809 ) ;
#949 = LINE ( 'NONE', #2477, #2430 ) ;
#950 = DIRECTION ( 'NONE',  ( 1.000000000000000000, 0.000000000000000000, 0.000000000000000000 ) ) ;
#951 = AXIS2_PLACEMENT_3D ( 'NONE', #1778, #686, #1197 ) ;
#952 = EDGE_CURVE ( 'NONE', #3318, #411, #2014, .T. ) ;
#953 = VECTOR ( 'NONE', #1646, 1000.000000000000000 ) ;
#954 = SURFACE_STYLE_FILL_AREA ( #1005 ) ;
#955 = FILL_AREA_STYLE ('',( #1701 ) ) ;
#956 = FACE_OUTER_BOUND ( 'NONE', #3203, .T. ) ;
#957 = CARTESIAN_POINT ( 'NONE',  ( 0.3019999999999998797, 0.000000000000000000, -0.1600000000000000033 ) ) ;
#958 = CARTESIAN_POINT ( 'NONE',  ( 0.1959999999999998410, 0.000000000000000000, -0.1600000000000000033 ) ) ;
#959 = DIRECTION ( 'NONE',  ( -1.000000000000000000, 0.000000000000000000, 0.000000000000000000 ) ) ;
#960 = ORIENTED_EDGE ( 'NONE', *, *, #1184, .T. ) ;
#961 = CARTESIAN_POINT ( 'NONE',  ( 0.1160000000000000336, 0.1359999999999999543, -0.07338067232939633755 ) ) ;
#962 = LINE ( 'NONE', #2846, #1356 ) ;
#963 = VERTEX_POINT ( 'NONE', #2498 ) ;
#964 = FILL_AREA_STYLE ('',( #680 ) ) ;
#965 = DIRECTION ( 'NONE',  ( 0.000000000000000000, 0.000000000000000000, 1.000000000000000000 ) ) ;
#966 = ORIENTED_EDGE ( 'NONE', *, *, #2244, .T. ) ;
#967 = CARTESIAN_POINT ( 'NONE',  ( 0.1709311383708822241, 0.1359999999999999543, -0.07837098428968064523 ) ) ;
#968 = CARTESIAN_POINT ( 'NONE',  ( 0.3019999999999998797, 0.1280000000000000027, 0.000000000000000000 ) ) ;
#969 = DIRECTION ( 'NONE',  ( 0.000000000000000000, 0.000000000000000000, 1.000000000000000000 ) ) ;
#970 =( NAMED_UNIT ( * ) PLANE_ANGLE_UNIT ( ) SI_UNIT ( $, .RADIAN. ) );
#971 = ADVANCED_FACE ( 'NONE', ( #1978, #2518 ), #452, .T. ) ;
#972 = CARTESIAN_POINT ( 'NONE',  ( 0.1200000000000000233, 0.1280000000000000027, -0.1600000000000000033 ) ) ;
#973 = DIRECTION ( 'NONE',  ( 0.000000000000000000, 0.000000000000000000, 1.000000000000000000 ) ) ;
#974 = DIRECTION ( 'NONE',  ( 0.000000000000000000, 0.000000000000000000, 1.000000000000000000 ) ) ;
#975 = VERTEX_POINT ( 'NONE', #701 ) ;
#976 = DIRECTION ( 'NONE',  ( -1.000000000000000000, 0.000000000000000000, 0.000000000000000000 ) ) ;
#977 = ORIENTED_EDGE ( 'NONE', *, *, #2031, .T. ) ;
#978 = CARTESIAN_POINT ( 'NONE',  ( 0.1160000000000000336, 0.1359999999999999543, -0.07338067232939633755 ) ) ;
#979 = ADVANCED_BREP_SHAPE_REPRESENTATION ( 'RS_SMDCHIP_0075_L0.31W0.16T0.14B10.11B20.11', ( #2763, #1685, #2839, #2824, #1697, #1595, #2758, #463, #529, #656 ), #1725 ) ;
#980 = ORIENTED_EDGE ( 'NONE', *, *, #2075, .F. ) ;
#981 = DIRECTION ( 'NONE',  ( 1.244079641279753820E-15, -1.000000000000000000, 0.000000000000000000 ) ) ;
#982 = DIRECTION ( 'NONE',  ( -1.000000000000000000, 0.000000000000000000, 0.000000000000000000 ) ) ;
#983 = LINE ( 'NONE', #3108, #493 ) ;
#984 = CARTESIAN_POINT ( 'NONE',  ( 0.1301812967983449754, 0.1359999999999999543, -0.08562607953163534069 ) ) ;
#985 = FILL_AREA_STYLE ('',( #2788 ) ) ;
#986 = AXIS2_PLACEMENT_3D ( 'NONE', #1687, #1091, #2426 ) ;
#987 = DIRECTION ( 'NONE',  ( 0.000000000000000000, 0.000000000000000000, -1.000000000000000000 ) ) ;
#988 = DIRECTION ( 'NONE',  ( 0.000000000000000000, 1.000000000000000000, 0.000000000000000000 ) ) ;
#989 = ORIENTED_EDGE ( 'NONE', *, *, #287, .T. ) ;
#990 = EDGE_CURVE ( 'NONE', #2468, #2410, #1760, .T. ) ;
#991 = AXIS2_PLACEMENT_3D ( 'NONE', #1869, #303, #809 ) ;
#992 = PLANE ( 'NONE',  #1789 ) ;
#993 = CARTESIAN_POINT ( 'NONE',  ( 0.1218468176105782924, 0.1359999999999999543, -0.07338067232939633755 ) ) ;
#994 = VECTOR ( 'NONE', #1350, 1000.000000000000000 ) ;
#995 = ORIENTED_EDGE ( 'NONE', *, *, #275, .F. ) ;
#996 = ADVANCED_FACE ( 'NONE', ( #1180 ), #145, .F. ) ;
#997 = CARTESIAN_POINT ( 'NONE',  ( 0.1284776653295801041, 0.1360999999999999432, -0.08562607953163535457 ) ) ;
#998 = PLANE ( 'NONE',  #2388 ) ;
#999 = VECTOR ( 'NONE', #2073, 1000.000000000000000 ) ;
#1000 = CARTESIAN_POINT ( 'NONE',  ( 0.1284021445365344516, 0.1360999999999999432, -0.06700000000000000400 ) ) ;
#1001 = CARTESIAN_POINT ( 'NONE',  ( 0.1483267548520222079, 0.1359999999999999543, -0.07402959655194116251 ) ) ;
#1002 = AXIS2_PLACEMENT_3D ( 'NONE', #1461, #2825, #2033 ) ;
#1003 = ORIENTED_EDGE ( 'NONE', *, *, #3000, .F. ) ;
#1004 = ORIENTED_EDGE ( 'NONE', *, *, #2373, .F. ) ;
#1005 = FILL_AREA_STYLE ('',( #2317 ) ) ;
#1006 =( NAMED_UNIT ( * ) PLANE_ANGLE_UNIT ( ) SI_UNIT ( $, .RADIAN. ) );
#1007 = AXIS2_PLACEMENT_3D ( 'NONE', #3397, #759, #1818 ) ;
#1008 =( NAMED_UNIT ( * ) SI_UNIT ( $, .STERADIAN. ) SOLID_ANGLE_UNIT ( ) );
#1009 = VECTOR ( 'NONE', #1502, 1000.000000000000000 ) ;
#1010 = SURFACE_STYLE_USAGE ( .BOTH. , #1503 ) ;
#1011 =( NAMED_UNIT ( * ) PLANE_ANGLE_UNIT ( ) SI_UNIT ( $, .RADIAN. ) );
#1012 = VERTEX_POINT ( 'NONE', #2555 ) ;
#1013 = LINE ( 'NONE', #2103, #832 ) ;
#1014 = FILL_AREA_STYLE ('',( #2875 ) ) ;
#1015 = EDGE_CURVE ( 'NONE', #1525, #2137, #129, .T. ) ;
#1016 = ORIENTED_EDGE ( 'NONE', *, *, #1015, .F. ) ;
#1017 = DIRECTION ( 'NONE',  ( 0.000000000000000000, 1.000000000000000000, 0.000000000000000000 ) ) ;
#1018 = PLANE ( 'NONE',  #1212 ) ;
#1019 = ORIENTED_EDGE ( 'NONE', *, *, #367, .T. ) ;
#1020 = ORIENTED_EDGE ( 'NONE', *, *, #1102, .F. ) ;
#1021 = DIRECTION ( 'NONE',  ( 0.000000000000000000, 0.000000000000000000, 1.000000000000000000 ) ) ;
#1022 =( NAMED_UNIT ( * ) PLANE_ANGLE_UNIT ( ) SI_UNIT ( $, .RADIAN. ) );
#1023 = FACE_OUTER_BOUND ( 'NONE', #1786, .T. ) ;
#1024 = EDGE_CURVE ( 'NONE', #312, #2584, #1237, .T. ) ;
#1025 = SURFACE_STYLE_USAGE ( .BOTH. , #689 ) ;
#1026 =( NAMED_UNIT ( * ) SI_UNIT ( $, .STERADIAN. ) SOLID_ANGLE_UNIT ( ) );
#1027 = ORIENTED_EDGE ( 'NONE', *, *, #691, .T. ) ;
#1028 = SURFACE_STYLE_USAGE ( .BOTH. , #3418 ) ;
#1029 = ORIENTED_EDGE ( 'NONE', *, *, #2031, .F. ) ;
#1030 = FILL_AREA_STYLE_COLOUR ( '', #2772 ) ;
#1031 = CARTESIAN_POINT ( 'NONE',  ( 0.1284776653295801041, 0.1360999999999999432, -0.08562607953163535457 ) ) ;
#1032 = SURFACE_STYLE_USAGE ( .BOTH. , #1773 ) ;
#1033 = UNCERTAINTY_MEASURE_WITH_UNIT (LENGTH_MEASURE( 1.000000000000000082E-05 ), #2292, 'distance_accuracy_value', 'NONE');
#1034 = ORIENTED_EDGE ( 'NONE', *, *, #887, .T. ) ;
#1035 = ORIENTED_EDGE ( 'NONE', *, *, #2403, .T. ) ;
#1036 = FILL_AREA_STYLE ('',( #2398 ) ) ;
#1037 = DIRECTION ( 'NONE',  ( 0.000000000000000000, 1.000000000000000000, 0.000000000000000000 ) ) ;
#1038 = CARTESIAN_POINT ( 'NONE',  ( 0.3059999999999998277, -0.003999999999999926358, -0.1600000000000000033 ) ) ;
#1039 = SURFACE_STYLE_FILL_AREA ( #512 ) ;
#1040 = EDGE_CURVE ( 'NONE', #411, #262, #159, .T. ) ;
#1041 = CYLINDRICAL_SURFACE ( 'NONE', #1780, 0.004210068312103684013 ) ;
#1042 = EDGE_LOOP ( 'NONE', ( #2332, #2502, #3212, #3244 ) ) ;
#1043 =( LENGTH_UNIT ( ) NAMED_UNIT ( * ) SI_UNIT ( .MILLI., .METRE. ) );
#1044 = COLOUR_RGB ( '',0.1019607843137254888, 0.1019607843137254888, 0.1019607843137254888 ) ;
#1045 = VECTOR ( 'NONE', #198, 1000.000000000000227 ) ;
#1046 = COLOUR_RGB ( '',0.8980392156862745390, 0.9215686274509803377, 0.9294117647058823817 ) ;
#1047 = CIRCLE ( 'NONE', #3162, 0.009313039765817670082 ) ;
#1048 = ORIENTED_EDGE ( 'NONE', *, *, #3165, .T. ) ;
#1049 = LINE ( 'NONE', #2106, #2328 ) ;
#1050 = PRESENTATION_STYLE_ASSIGNMENT (( #1032 ) ) ;
#1051 = VECTOR ( 'NONE', #1977, 1000.000000000000000 ) ;
#1052 = ORIENTED_EDGE ( 'NONE', *, *, #3360, .F. ) ;
#1053 = COLOUR_RGB ( '',0.8980392156862745390, 0.9215686274509803377, 0.9294117647058823817 ) ;
#1054 = ORIENTED_EDGE ( 'NONE', *, *, #1059, .F. ) ;
#1055 = FACE_OUTER_BOUND ( 'NONE', #2844, .T. ) ;
#1056 = SURFACE_SIDE_STYLE ('',( #2627 ) ) ;
#1057 = PLANE ( 'NONE',  #1784 ) ;
#1058 = COLOUR_RGB ( '',0.7921568627450980005, 0.8196078431372548767, 0.9333333333333333481 ) ;
#1059 = EDGE_CURVE ( 'NONE', #550, #750, #667, .T. ) ;
#1060 =( NAMED_UNIT ( * ) SI_UNIT ( $, .STERADIAN. ) SOLID_ANGLE_UNIT ( ) );
#1061 = AXIS2_PLACEMENT_3D ( 'NONE', #1933, #2698, #1951 ) ;
#1062 = DIRECTION ( 'NONE',  ( -1.000000000000000000, 0.000000000000000000, 0.000000000000000000 ) ) ;
#1063 = VECTOR ( 'NONE', #2588, 1000.000000000000227 ) ;
#1064 = EDGE_LOOP ( 'NONE', ( #1004, #2604, #2153, #2329 ) ) ;
#1065 = COLOUR_RGB ( '',0.7921568627450980005, 0.8196078431372548767, 0.9333333333333333481 ) ;
#1066 =( NAMED_UNIT ( * ) PLANE_ANGLE_UNIT ( ) SI_UNIT ( $, .RADIAN. ) );
#1067 = LINE ( 'NONE', #3135, #24 ) ;
#1068 = VECTOR ( 'NONE', #1095, 1000.000000000000000 ) ;
#1069 = EDGE_LOOP ( 'NONE', ( #1138, #3400, #256, #1375 ) ) ;
#1070 = DIRECTION ( 'NONE',  ( 1.530367056084788460E-15, 0.000000000000000000, -1.000000000000000000 ) ) ;
#1071 = CARTESIAN_POINT ( 'NONE',  ( 0.1489744008276670806, 0.1360999999999999432, -0.07633893873314903655 ) ) ;
#1072 = ORIENTED_EDGE ( 'NONE', *, *, #2067, .T. ) ;
#1073 = VERTEX_POINT ( 'NONE', #1471 ) ;
#1074 =( LENGTH_UNIT ( ) NAMED_UNIT ( * ) SI_UNIT ( .MILLI., .METRE. ) );
#1075 = FACE_OUTER_BOUND ( 'NONE', #1274, .T. ) ;
#1076 = DIRECTION ( 'NONE',  ( -1.000000000000000000, -0.000000000000000000, -0.000000000000000000 ) ) ;
#1077 = PRESENTATION_STYLE_ASSIGNMENT (( #30 ) ) ;
#1078 = CARTESIAN_POINT ( 'NONE',  ( 0.1817870026044000331, 0.1359999999999999543, -0.07631303976581767234 ) ) ;
#1079 = EDGE_CURVE ( 'NONE', #101, #925, #901, .T. ) ;
#1080 = EDGE_CURVE ( 'NONE', #2356, #165, #220, .T. ) ;
#1081 = VERTEX_POINT ( 'NONE', #1535 ) ;
#1082 = SURFACE_STYLE_USAGE ( .BOTH. , #3173 ) ;
#1083 = DIRECTION ( 'NONE',  ( -1.000000000000000000, 0.000000000000000000, 0.000000000000000000 ) ) ;
#1084 = VERTEX_POINT ( 'NONE', #2114 ) ;
#1085 = LINE ( 'NONE', #2002, #764 ) ;
#1086 = SURFACE_STYLE_USAGE ( .BOTH. , #2409 ) ;
#1087 = ORIENTED_EDGE ( 'NONE', *, *, #3032, .T. ) ;
#1088 = EDGE_LOOP ( 'NONE', ( #2445, #1233, #1542, #2303, #263, #895, #1186, #2978 ) ) ;
#1089 = LINE ( 'NONE', #2885, #1724 ) ;
#1090 = DIRECTION ( 'NONE',  ( 0.000000000000000000, 0.000000000000000000, 1.000000000000000000 ) ) ;
#1091 = DIRECTION ( 'NONE',  ( -2.117582368135755532E-16, 1.000000000000000000, 0.000000000000000000 ) ) ;
#1092 = CARTESIAN_POINT ( 'NONE',  ( 0.1368166233709348922, 0.1359999999999999543, -0.06700000000000000400 ) ) ;
#1093 = VERTEX_POINT ( 'NONE', #1038 ) ;
#1094 = PLANE ( 'NONE',  #3274 ) ;
#1095 = DIRECTION ( 'NONE',  ( 1.000000000000000000, 0.000000000000000000, 0.000000000000000000 ) ) ;
#1096 = ADVANCED_FACE ( 'NONE', ( #511 ), #233, .T. ) ;
#1097 = VERTEX_POINT ( 'NONE', #213 ) ;
#1098 = SURFACE_STYLE_FILL_AREA ( #1629 ) ;
#1099 = STYLED_ITEM ( 'NONE', ( #3391 ), #1143 ) ;
#1100 =( NAMED_UNIT ( * ) PLANE_ANGLE_UNIT ( ) SI_UNIT ( $, .RADIAN. ) );
#1101 = VECTOR ( 'NONE', #2784, 1000.000000000000000 ) ;
#1102 = EDGE_CURVE ( 'NONE', #2071, #2970, #2923, .T. ) ;
#1103 = EDGE_CURVE ( 'NONE', #1861, #2895, #1309, .T. ) ;
#1104 = ORIENTED_EDGE ( 'NONE', *, *, #2530, .T. ) ;
#1105 = ORIENTED_EDGE ( 'NONE', *, *, #768, .T. ) ;
#1106 =( NAMED_UNIT ( * ) SI_UNIT ( $, .STERADIAN. ) SOLID_ANGLE_UNIT ( ) );
#1107 = VECTOR ( 'NONE', #2390, 1000.000000000000000 ) ;
#1108 = LINE ( 'NONE', #1462, #2903 ) ;
#1109 = VECTOR ( 'NONE', #668, 1000.000000000000000 ) ;
#1110 = LINE ( 'NONE', #1913, #3098 ) ;
#1111 = UNCERTAINTY_MEASURE_WITH_UNIT (LENGTH_MEASURE( 1.000000000000000082E-05 ), #225, 'distance_accuracy_value', 'NONE');
#1112 = VECTOR ( 'NONE', #2340, 1000.000000000000000 ) ;
#1113 = CIRCLE ( 'NONE', #390, 0.009313039765817670082 ) ;
#1114 = LINE ( 'NONE', #2170, #1401 ) ;
#1115 = DIRECTION ( 'NONE',  ( 0.000000000000000000, 1.000000000000000000, 0.000000000000000000 ) ) ;
#1116 = VECTOR ( 'NONE', #2724, 1000.000000000000000 ) ;
#1117 = AXIS2_PLACEMENT_3D ( 'NONE', #1956, #2442, #3030 ) ;
#1118 = ORIENTED_EDGE ( 'NONE', *, *, #1931, .T. ) ;
#1119 = DIRECTION ( 'NONE',  ( 0.000000000000000000, 0.000000000000000000, -1.000000000000000000 ) ) ;
#1120 = EDGE_LOOP ( 'NONE', ( #1716, #2440, #1465, #291 ) ) ;
#1121 = VECTOR ( 'NONE', #2133, 1000.000000000000000 ) ;
#1122 =( LENGTH_UNIT ( ) NAMED_UNIT ( * ) SI_UNIT ( .MILLI., .METRE. ) );
#1123 = DIRECTION ( 'NONE',  ( 0.000000000000000000, 0.000000000000000000, -1.000000000000000000 ) ) ;
#1124 = EDGE_CURVE ( 'NONE', #2799, #205, #1269, .T. ) ;
#1125 = VECTOR ( 'NONE', #169, 1000.000000000000000 ) ;
#1126 = ORIENTED_EDGE ( 'NONE', *, *, #1079, .T. ) ;
#1127 = DIRECTION ( 'NONE',  ( 0.000000000000000000, 0.000000000000000000, 1.000000000000000000 ) ) ;
#1128 = LINE ( 'NONE', #806, #2622 ) ;
#1129 = FACE_OUTER_BOUND ( 'NONE', #1822, .T. ) ;
#1130 =( LENGTH_UNIT ( ) NAMED_UNIT ( * ) SI_UNIT ( .MILLI., .METRE. ) );
#1131 = DIRECTION ( 'NONE',  ( 0.000000000000000000, 0.000000000000000000, -1.000000000000000000 ) ) ;
#1132 = SURFACE_STYLE_FILL_AREA ( #621 ) ;
#1133 = VERTEX_POINT ( 'NONE', #266 ) ;
#1134 = LINE ( 'NONE', #114, #453 ) ;
#1135 = CARTESIAN_POINT ( 'NONE',  ( 0.1551683411967554049, 0.1359999999999999543, -0.06700000000000000400 ) ) ;
#1136 = ADVANCED_FACE ( 'NONE', ( #1252 ), #1549, .T. ) ;
#1137 = ORIENTED_EDGE ( 'NONE', *, *, #170, .F. ) ;
#1138 = ORIENTED_EDGE ( 'NONE', *, *, #2010, .T. ) ;
#1139 = LINE ( 'NONE', #2193, #2838 ) ;
#1140 = EDGE_CURVE ( 'NONE', #699, #2411, #2342, .T. ) ;
#1141 = CARTESIAN_POINT ( 'NONE',  ( 0.1819999999999998841, 0.1319999999999999507, 0.000000000000000000 ) ) ;
#1142 = UNCERTAINTY_MEASURE_WITH_UNIT (LENGTH_MEASURE( 1.000000000000000082E-05 ), #2750, 'distance_accuracy_value', 'NONE');
#1143 = ADVANCED_FACE ( 'NONE', ( #724 ), #2094, .T. ) ;
#1144 = SURFACE_SIDE_STYLE ('',( #1469 ) ) ;
#1145 = CARTESIAN_POINT ( 'NONE',  ( 0.1577658759179219050, 0.1359999999999999543, -0.08562607953163535457 ) ) ;
#1146 = FACE_OUTER_BOUND ( 'NONE', #99, .T. ) ;
#1147 = EDGE_CURVE ( 'NONE', #2078, #3271, #2908, .T. ) ;
#1148 = ORIENTED_EDGE ( 'NONE', *, *, #1254, .T. ) ;
#1149 = CARTESIAN_POINT ( 'NONE',  ( 0.1446707792332130593, 0.1359999999999999543, -0.07633893873314903655 ) ) ;
#1150 = LINE ( 'NONE', #2419, #406 ) ;
#1151 = UNCERTAINTY_MEASURE_WITH_UNIT (LENGTH_MEASURE( 1.000000000000000082E-05 ), #1074, 'distance_accuracy_value', 'NONE');
#1152 = ORIENTED_EDGE ( 'NONE', *, *, #2929, .T. ) ;
#1153 = SURFACE_SIDE_STYLE ('',( #2490 ) ) ;
#1154 = PRESENTATION_LAYER_ASSIGNMENT (  '', '', ( #2660 ) ) ;
#1155 = EDGE_LOOP ( 'NONE', ( #1632, #51, #1322, #2507 ) ) ;
#1156 = CARTESIAN_POINT ( 'NONE',  ( 0.1489744008276670806, 0.1359999999999999543, -0.08064256032760304393 ) ) ;
#1157 = MECHANICAL_DESIGN_GEOMETRIC_PRESENTATION_REPRESENTATION (  '', ( #2662 ), #2940 ) ;
#1158 = CARTESIAN_POINT ( 'NONE',  ( 0.000000000000000000, 0.000000000000000000, -0.1600000000000000033 ) ) ;
#1159 = LINE ( 'NONE', #1814, #2047 ) ;
#1160 =( NAMED_UNIT ( * ) SI_UNIT ( $, .STERADIAN. ) SOLID_ANGLE_UNIT ( ) );
#1161 = LINE ( 'NONE', #2695, #3339 ) ;
#1162 = FACE_OUTER_BOUND ( 'NONE', #1560, .T. ) ;
#1163 = ADVANCED_FACE ( 'NONE', ( #2659 ), #2300, .T. ) ;
#1164 = VECTOR ( 'NONE', #1498, 1000.000000000000000 ) ;
#1165 = EDGE_LOOP ( 'NONE', ( #391, #1297, #3194, #3081 ) ) ;
#1166 = LINE ( 'NONE', #3027, #167 ) ;
#1167 =( NAMED_UNIT ( * ) SI_UNIT ( $, .STERADIAN. ) SOLID_ANGLE_UNIT ( ) );
#1168 =( GEOMETRIC_REPRESENTATION_CONTEXT ( 3 ) GLOBAL_UNCERTAINTY_ASSIGNED_CONTEXT ( ( #1565 ) ) GLOBAL_UNIT_ASSIGNED_CONTEXT ( ( #3298, #1100, #1391 ) ) REPRESENTATION_CONTEXT ( 'NONE', 'WORKASPACE' ) );
#1169 = ORIENTED_EDGE ( 'NONE', *, *, #1717, .F. ) ;
#1170 = CARTESIAN_POINT ( 'NONE',  ( -0.003999999999999965389, 0.1319999999999999507, 0.000000000000000000 ) ) ;
#1171 = VECTOR ( 'NONE', #2680, 1000.000000000000000 ) ;
#1172 = COLOUR_RGB ( '',0.7921568627450980005, 0.8196078431372548767, 0.9333333333333333481 ) ;
#1173 = CLOSED_SHELL ( 'NONE', ( #2207, #3293, #754, #1304, #2330, #2630 ) ) ;
#1174 = ORIENTED_EDGE ( 'NONE', *, *, #2674, .T. ) ;
#1175 = SURFACE_STYLE_FILL_AREA ( #3034 ) ;
#1176 = LINE ( 'NONE', #2800, #498 ) ;
#1177 = CARTESIAN_POINT ( 'NONE',  ( 0.1718797238673397954, 0.1359999999999999543, -0.07161294565237698306 ) ) ;
#1178 = DIRECTION ( 'NONE',  ( -1.000000000000000000, -1.868455030708017455E-16, 0.000000000000000000 ) ) ;
#1179 = DIRECTION ( 'NONE',  ( 0.000000000000000000, 0.000000000000000000, -1.000000000000000000 ) ) ;
#1180 = FACE_OUTER_BOUND ( 'NONE', #1069, .T. ) ;
#1181 =( NAMED_UNIT ( * ) SI_UNIT ( $, .STERADIAN. ) SOLID_ANGLE_UNIT ( ) );
#1182 = EDGE_LOOP ( 'NONE', ( #1819, #1897, #740, #1362 ) ) ;
#1183 = DIRECTION ( 'NONE',  ( 1.244079641279753623E-15, -1.000000000000000000, -0.000000000000000000 ) ) ;
#1184 = EDGE_CURVE ( 'NONE', #1093, #2790, #983, .T. ) ;
#1185 = DIRECTION ( 'NONE',  ( 0.4761675951869316914, 0.000000000000000000, -0.8793545481169097178 ) ) ;
#1186 = ORIENTED_EDGE ( 'NONE', *, *, #2369, .T. ) ;
#1187 = CARTESIAN_POINT ( 'NONE',  ( 0.000000000000000000, 0.1319999999999999507, -0.1600000000000000033 ) ) ;
#1188 = FACE_OUTER_BOUND ( 'NONE', #239, .T. ) ;
#1189 = ORIENTED_EDGE ( 'NONE', *, *, #2333, .T. ) ;
#1190 = EDGE_CURVE ( 'NONE', #205, #2459, #760, .T. ) ;
#1191 = SURFACE_STYLE_USAGE ( .BOTH. , #3327 ) ;
#1192 = DIRECTION ( 'NONE',  ( 1.000000000000000000, 0.000000000000000000, 0.000000000000000000 ) ) ;
#1193 = CARTESIAN_POINT ( 'NONE',  ( -8.470329472542864724E-19, -0.003999999999999927225, 0.000000000000000000 ) ) ;
#1194 = VERTEX_POINT ( 'NONE', #2706 ) ;
#1195 =( NAMED_UNIT ( * ) SI_UNIT ( $, .STERADIAN. ) SOLID_ANGLE_UNIT ( ) );
#1196 = FILL_AREA_STYLE_COLOUR ( '', #1044 ) ;
#1197 = DIRECTION ( 'NONE',  ( -1.000000000000000000, 0.000000000000000000, 0.000000000000000000 ) ) ;
#1198 = CARTESIAN_POINT ( 'NONE',  ( 0.000000000000000000, 0.000000000000000000, -0.1600000000000000033 ) ) ;
#1199 = PRESENTATION_STYLE_ASSIGNMENT (( #1802 ) ) ;
#1200 = ORIENTED_EDGE ( 'NONE', *, *, #1919, .F. ) ;
#1201 = CARTESIAN_POINT ( 'NONE',  ( 0.1819999999999998563, 0.000000000000000000, -0.1600000000000000033 ) ) ;
#1202 = VERTEX_POINT ( 'NONE', #2677 ) ;
#1203 = CARTESIAN_POINT ( 'NONE',  ( 0.3019999999999998797, 0.000000000000000000, -0.1600000000000000033 ) ) ;
#1204 = PLANE ( 'NONE',  #1955 ) ;
#1205 = ADVANCED_FACE ( 'NONE', ( #2725 ), #579, .F. ) ;
#1206 = ORIENTED_EDGE ( 'NONE', *, *, #2523, .F. ) ;
#1207 = SURFACE_STYLE_FILL_AREA ( #1974 ) ;
#1208 =( LENGTH_UNIT ( ) NAMED_UNIT ( * ) SI_UNIT ( .MILLI., .METRE. ) );
#1209 = COLOUR_RGB ( '',0.8980392156862745390, 0.9215686274509803377, 0.9294117647058823817 ) ;
#1210 = ORIENTED_EDGE ( 'NONE', *, *, #1837, .F. ) ;
#1211 = CARTESIAN_POINT ( 'NONE',  ( 0.1551683411967553772, 0.1359999999999999543, -0.08064256032760304393 ) ) ;
#1212 = AXIS2_PLACEMENT_3D ( 'NONE', #3140, #2621, #1303 ) ;
#1213 = CARTESIAN_POINT ( 'NONE',  ( 0.1368166233709348922, 0.1360999999999999432, -0.06700000000000000400 ) ) ;
#1214 =( LENGTH_UNIT ( ) NAMED_UNIT ( * ) SI_UNIT ( .MILLI., .METRE. ) );
#1215 = EDGE_CURVE ( 'NONE', #800, #975, #2314, .T. ) ;
#1216 = STYLED_ITEM ( 'NONE', ( #3395 ), #1871 ) ;
#1217 = AXIS2_PLACEMENT_3D ( 'NONE', #2766, #1456, #3241 ) ;
#1218 = EDGE_LOOP ( 'NONE', ( #1528, #123, #428, #210, #2567, #3280, #1589, #2905 ) ) ;
#1219 = FILL_AREA_STYLE_COLOUR ( '', #1046 ) ;
#1220 = PRESENTATION_STYLE_ASSIGNMENT (( #386 ) ) ;
#1221 = VECTOR ( 'NONE', #2516, 1000.000000000000000 ) ;
#1222 = AXIS2_PLACEMENT_3D ( 'NONE', #1892, #2902, #1581 ) ;
#1223 = EDGE_LOOP ( 'NONE', ( #2163, #2005, #1644, #1906 ) ) ;
#1224 = FILL_AREA_STYLE ('',( #944 ) ) ;
#1225 = CARTESIAN_POINT ( 'NONE',  ( 0.1160000000000000336, 0.1359999999999999543, -0.06700000000000000400 ) ) ;
#1226 = STYLED_ITEM ( 'NONE', ( #908 ), #2632 ) ;
#1227 = EDGE_LOOP ( 'NONE', ( #2618, #773, #3141, #1966 ) ) ;
#1228 = PRESENTATION_LAYER_ASSIGNMENT (  '', '', ( #1513 ) ) ;
#1229 =( LENGTH_UNIT ( ) NAMED_UNIT ( * ) SI_UNIT ( .MILLI., .METRE. ) );
#1230 = ADVANCED_FACE ( 'NONE', ( #848 ), #2414, .T. ) ;
#1231 = CARTESIAN_POINT ( 'NONE',  ( 0.1483267548520222079, 0.1360999999999999432, -0.07402959655194116251 ) ) ;
#1232 = PRESENTATION_LAYER_ASSIGNMENT (  '', '', ( #893 ) ) ;
#1233 = ORIENTED_EDGE ( 'NONE', *, *, #3423, .F. ) ;
#1234 = VECTOR ( 'NONE', #2633, 1000.000000000000000 ) ;
#1235 = LINE ( 'NONE', #1533, #3275 ) ;
#1236 = FILL_AREA_STYLE ('',( #1196 ) ) ;
#1237 = LINE ( 'NONE', #2785, #1045 ) ;
#1238 = VECTOR ( 'NONE', #835, 1000.000000000000000 ) ;
#1239 = EDGE_CURVE ( 'NONE', #2032, #411, #1110, .T. ) ;
#1240 =( LENGTH_UNIT ( ) NAMED_UNIT ( * ) SI_UNIT ( .MILLI., .METRE. ) );
#1241 = ORIENTED_EDGE ( 'NONE', *, *, #2865, .T. ) ;
#1242 = PRESENTATION_STYLE_ASSIGNMENT (( #658 ) ) ;
#1243 = CARTESIAN_POINT ( 'NONE',  ( 0.1200000000000000233, 0.1280000000000000027, 0.000000000000000000 ) ) ;
#1244 = EDGE_CURVE ( 'NONE', #360, #2794, #1647, .T. ) ;
#1245 = ORIENTED_EDGE ( 'NONE', *, *, #1244, .T. ) ;
#1246 = DIRECTION ( 'NONE',  ( 0.000000000000000000, 1.000000000000000000, 0.000000000000000000 ) ) ;
#1247 = PLANE ( 'NONE',  #382 ) ;
#1248 = PRESENTATION_STYLE_ASSIGNMENT (( #2572 ) ) ;
#1249 = UNCERTAINTY_MEASURE_WITH_UNIT (LENGTH_MEASURE( 1.000000000000000082E-05 ), #257, 'distance_accuracy_value', 'NONE');
#1250 = EDGE_CURVE ( 'NONE', #1656, #227, #3006, .T. ) ;
#1251 = DIRECTION ( 'NONE',  ( 0.000000000000000000, 1.000000000000000000, 0.000000000000000000 ) ) ;
#1252 = FACE_OUTER_BOUND ( 'NONE', #615, .T. ) ;
#1253 = CARTESIAN_POINT ( 'NONE',  ( 0.1356424480955796819, 0.1359999999999999543, -0.06964114473501427371 ) ) ;
#1254 = EDGE_CURVE ( 'NONE', #3318, #1300, #315, .T. ) ;
#1255 = ORIENTED_EDGE ( 'NONE', *, *, #136, .T. ) ;
#1256 = PLANE ( 'NONE',  #2321 ) ;
#1257 = DIRECTION ( 'NONE',  ( 1.000000000000000000, 0.000000000000000000, 0.000000000000000000 ) ) ;
#1258 = EDGE_CURVE ( 'NONE', #3142, #1525, #1381, .T. ) ;
#1259 = EDGE_LOOP ( 'NONE', ( #1210, #3258, #2541, #434 ) ) ;
#1260 = DIRECTION ( 'NONE',  ( 1.000000000000000000, 0.000000000000000000, 0.000000000000000000 ) ) ;
#1261 = CARTESIAN_POINT ( 'NONE',  ( 0.1419872734518713431, 0.1359999999999999543, -0.06700000000000000400 ) ) ;
#1262 = ORIENTED_EDGE ( 'NONE', *, *, #1765, .F. ) ;
#1263 = CARTESIAN_POINT ( 'NONE',  ( 0.1577658759179219050, 0.1359999999999999543, -0.06700000000000000400 ) ) ;
#1264 = DIRECTION ( 'NONE',  ( 0.000000000000000000, 1.000000000000000000, 0.000000000000000000 ) ) ;
#1265 = ORIENTED_EDGE ( 'NONE', *, *, #362, .T. ) ;
#1266 = VERTEX_POINT ( 'NONE', #2986 ) ;
#1267 = CARTESIAN_POINT ( 'NONE',  ( 0.1577658759179219050, 0.1360999999999999432, -0.08562607953163535457 ) ) ;
#1268 = FILL_AREA_STYLE_COLOUR ( '', #347 ) ;
#1269 = LINE ( 'NONE', #3163, #928 ) ;
#1270 = ORIENTED_EDGE ( 'NONE', *, *, #1015, .T. ) ;
#1271 = VECTOR ( 'NONE', #3263, 1000.000000000000000 ) ;
#1272 = CARTESIAN_POINT ( 'NONE',  ( 0.1819999999999998841, 0.1280000000000000027, -0.1600000000000000033 ) ) ;
#1273 = ADVANCED_FACE ( 'NONE', ( #1129 ), #2134, .T. ) ;
#1274 = EDGE_LOOP ( 'NONE', ( #2981, #408, #259, #1048 ) ) ;
#1275 = COLOUR_RGB ( '',0.1019607843137254888, 0.1019607843137254888, 0.1019607843137254888 ) ;
#1276 = COLOUR_RGB ( '',0.8980392156862745390, 0.9215686274509803377, 0.9294117647058823817 ) ;
#1277 =( LENGTH_UNIT ( ) NAMED_UNIT ( * ) SI_UNIT ( .MILLI., .METRE. ) );
#1278 = FACE_OUTER_BOUND ( 'NONE', #2624, .T. ) ;
#1279 = VECTOR ( 'NONE', #1264, 1000.000000000000000 ) ;
#1280 = VERTEX_POINT ( 'NONE', #1927 ) ;
#1281 = DIRECTION ( 'NONE',  ( -1.000000000000000000, 0.000000000000000000, 0.000000000000000000 ) ) ;
#1282 = AXIS2_PLACEMENT_3D ( 'NONE', #251, #805, #1881 ) ;
#1283 = DIRECTION ( 'NONE',  ( 0.000000000000000000, 0.000000000000000000, 1.000000000000000000 ) ) ;
#1284 = UNCERTAINTY_MEASURE_WITH_UNIT (LENGTH_MEASURE( 1.000000000000000082E-05 ), #1130, 'distance_accuracy_value', 'NONE');
#1285 = MECHANICAL_DESIGN_GEOMETRIC_PRESENTATION_REPRESENTATION (  '', ( #3004 ), #1168 ) ;
#1286 = ORIENTED_EDGE ( 'NONE', *, *, #2067, .F. ) ;
#1287 = VERTEX_POINT ( 'NONE', #601 ) ;
#1288 = CARTESIAN_POINT ( 'NONE',  ( 0.1709311383708822241, 0.1360999999999999432, -0.07423398105064507591 ) ) ;
#1289 = SURFACE_STYLE_FILL_AREA ( #1548 ) ;
#1290 = DIRECTION ( 'NONE',  ( -0.4685492141443864389, 0.000000000000000000, -0.8834373967207171940 ) ) ;
#1291 = AXIS2_PLACEMENT_3D ( 'NONE', #3075, #917, #2818 ) ;
#1292 =( LENGTH_UNIT ( ) NAMED_UNIT ( * ) SI_UNIT ( .MILLI., .METRE. ) );
#1293 = CLOSED_SHELL ( 'NONE', ( #2048, #3083, #846, #2632, #1905, #924, #91, #1205, #2479, #2809 ) ) ;
#1294 = CARTESIAN_POINT ( 'NONE',  ( 0.3019999999999998797, 0.000000000000000000, -0.1600000000000000033 ) ) ;
#1295 = PRESENTATION_LAYER_ASSIGNMENT (  '', '', ( #2733 ) ) ;
#1296 = PRODUCT_RELATED_PRODUCT_CATEGORY ( 'part', '', ( #2504 ) ) ;
#1297 = ORIENTED_EDGE ( 'NONE', *, *, #2524, .F. ) ;
#1298 = EDGE_CURVE ( 'NONE', #3299, #1681, #283, .T. ) ;
#1299 = CARTESIAN_POINT ( 'NONE',  ( 0.1200000000000000233, 0.1280000000000000027, -0.1600000000000000033 ) ) ;
#1300 = VERTEX_POINT ( 'NONE', #1942 ) ;
#1301 = LINE ( 'NONE', #409, #1392 ) ;
#1302 = CARTESIAN_POINT ( 'NONE',  ( 0.1160000000000000336, 0.1360999999999999432, -0.07338067232939633755 ) ) ;
#1303 = DIRECTION ( 'NONE',  ( -0.3495804821831114406, 0.000000000000000000, -0.9369063381558603298 ) ) ;
#1304 = ADVANCED_FACE ( 'NONE', ( #29 ), #177, .T. ) ;
#1305 = ORIENTED_EDGE ( 'NONE', *, *, #1744, .T. ) ;
#1306 = ORIENTED_EDGE ( 'NONE', *, *, #3328, .T. ) ;
#1307 = DIRECTION ( 'NONE',  ( 0.000000000000000000, 1.000000000000000000, 0.000000000000000000 ) ) ;
#1308 = LINE ( 'NONE', #523, #2793 ) ;
#1309 = LINE ( 'NONE', #2869, #2939 ) ;
#1310 = DIRECTION ( 'NONE',  ( -0.4095838309161413116, 0.000000000000000000, -0.9122724842129448231 ) ) ;
#1311 = SURFACE_STYLE_USAGE ( .BOTH. , #49 ) ;
#1312 = LINE ( 'NONE', #2136, #2452 ) ;
#1313 = ORIENTED_EDGE ( 'NONE', *, *, #663, .F. ) ;
#1314 = CARTESIAN_POINT ( 'NONE',  ( 0.3059999999999998277, -0.003999999999999926358, 0.000000000000000000 ) ) ;
#1315 = LINE ( 'NONE', #1299, #3181 ) ;
#1316 = ORIENTED_EDGE ( 'NONE', *, *, #3077, .F. ) ;
#1317 = SURFACE_SIDE_STYLE ('',( #2901 ) ) ;
#1318 = LINE ( 'NONE', #3209, #999 ) ;
#1319 = CARTESIAN_POINT ( 'NONE',  ( 0.1093691522809981942, 0.1359999999999999543, -0.08562607953163535457 ) ) ;
#1320 = EDGE_CURVE ( 'NONE', #3183, #3314, #2815, .T. ) ;
#1321 = UNCERTAINTY_MEASURE_WITH_UNIT (LENGTH_MEASURE( 1.000000000000000082E-05 ), #572, 'distance_accuracy_value', 'NONE');
#1322 = ORIENTED_EDGE ( 'NONE', *, *, #106, .T. ) ;
#1323 = ORIENTED_EDGE ( 'NONE', *, *, #1522, .F. ) ;
#1324 = CARTESIAN_POINT ( 'NONE',  ( -1.592421940838084637E-16, 0.1280000000000000027, -0.1600000000000000033 ) ) ;
#1325 = DIRECTION ( 'NONE',  ( 0.000000000000000000, 0.000000000000000000, -1.000000000000000000 ) ) ;
#1326 = DIRECTION ( 'NONE',  ( 0.000000000000000000, 0.000000000000000000, -1.000000000000000000 ) ) ;
#1327 = CARTESIAN_POINT ( 'NONE',  ( 0.1093691522809981942, 0.1359999999999999543, -0.08562607953163535457 ) ) ;
#1328 =( LENGTH_UNIT ( ) NAMED_UNIT ( * ) SI_UNIT ( .MILLI., .METRE. ) );
#1329 = SURFACE_STYLE_USAGE ( .BOTH. , #268 ) ;
#1330 = VECTOR ( 'NONE', #2009, 1000.000000000000000 ) ;
#1331 = ORIENTED_EDGE ( 'NONE', *, *, #785, .T. ) ;
#1332 = CARTESIAN_POINT ( 'NONE',  ( 0.3019999999999998797, 0.1280000000000000027, -0.1600000000000000033 ) ) ;
#1333 = FILL_AREA_STYLE_COLOUR ( '', #1065 ) ;
#1334 = VECTOR ( 'NONE', #482, 1000.000000000000000 ) ;
#1335 =( GEOMETRIC_REPRESENTATION_CONTEXT ( 3 ) GLOBAL_UNCERTAINTY_ASSIGNED_CONTEXT ( ( #2183 ) ) GLOBAL_UNIT_ASSIGNED_CONTEXT ( ( #3341, #162, #2857 ) ) REPRESENTATION_CONTEXT ( 'NONE', 'WORKASPACE' ) );
#1336 = MECHANICAL_DESIGN_GEOMETRIC_PRESENTATION_REPRESENTATION (  '', ( #63 ), #1993 ) ;
#1337 = ORIENTED_EDGE ( 'NONE', *, *, #3248, .T. ) ;
#1338 = LINE ( 'NONE', #1361, #2049 ) ;
#1339 = PLANE ( 'NONE',  #650 ) ;
#1340 = CIRCLE ( 'NONE', #2384, 0.009313039765817670082 ) ;
#1341 = ORIENTED_EDGE ( 'NONE', *, *, #3100, .F. ) ;
#1342 = EDGE_CURVE ( 'NONE', #734, #413, #125, .T. ) ;
#1343 = PRESENTATION_LAYER_ASSIGNMENT (  '', '', ( #946 ) ) ;
#1344 = ORIENTED_EDGE ( 'NONE', *, *, #2929, .F. ) ;
#1345 =( NAMED_UNIT ( * ) SI_UNIT ( $, .STERADIAN. ) SOLID_ANGLE_UNIT ( ) );
#1346 = CARTESIAN_POINT ( 'NONE',  ( 0.1499042334625250439, 0.1359999999999999543, -0.07402959655194116251 ) ) ;
#1347 = SURFACE_STYLE_FILL_AREA ( #2167 ) ;
#1348 = CARTESIAN_POINT ( 'NONE',  ( 0.1499042334625250439, 0.1359999999999999543, -0.07402959655194116251 ) ) ;
#1349 = AXIS2_PLACEMENT_3D ( 'NONE', #3344, #676, #1260 ) ;
#1350 = DIRECTION ( 'NONE',  ( 1.244079641279753623E-15, -1.000000000000000000, -0.000000000000000000 ) ) ;
#1351 = COLOUR_RGB ( '',0.8980392156862745390, 0.9215686274509803377, 0.9294117647058823817 ) ;
#1352 = AXIS2_PLACEMENT_3D ( 'NONE', #2684, #1408, #2457 ) ;
#1353 =( GEOMETRIC_REPRESENTATION_CONTEXT ( 3 ) GLOBAL_UNCERTAINTY_ASSIGNED_CONTEXT ( ( #179 ) ) GLOBAL_UNIT_ASSIGNED_CONTEXT ( ( #455, #2805, #1008 ) ) REPRESENTATION_CONTEXT ( 'NONE', 'WORKASPACE' ) );
#1354 = EDGE_LOOP ( 'NONE', ( #766, #1371, #2278, #42 ) ) ;
#1355 = VECTOR ( 'NONE', #2215, 1000.000000000000000 ) ;
#1356 = VECTOR ( 'NONE', #2034, 1000.000000000000227 ) ;
#1357 = FILL_AREA_STYLE_COLOUR ( '', #1058 ) ;
#1358 = SURFACE_STYLE_FILL_AREA ( #1014 ) ;
#1359 = AXIS2_PLACEMENT_3D ( 'NONE', #2155, #1641, #1119 ) ;
#1360 = ORIENTED_EDGE ( 'NONE', *, *, #2475, .T. ) ;
#1361 = CARTESIAN_POINT ( 'NONE',  ( 0.1632206811371139377, 0.1359999999999999543, -0.08081564401866496439 ) ) ;
#1362 = ORIENTED_EDGE ( 'NONE', *, *, #3100, .T. ) ;
#1363 = ORIENTED_EDGE ( 'NONE', *, *, #52, .F. ) ;
#1364 = CARTESIAN_POINT ( 'NONE',  ( 0.1189234088052891630, 0.1360999999999999432, -0.07818567959343546148 ) ) ;
#1365 = CARTESIAN_POINT ( 'NONE',  ( 0.1228695781172337576, 0.1359999999999999543, -0.08562607953163535457 ) ) ;
#1366 = DIRECTION ( 'NONE',  ( 0.000000000000000000, 1.000000000000000000, 0.000000000000000000 ) ) ;
#1367 = CARTESIAN_POINT ( 'NONE',  ( 0.1228695781172337576, 0.1360999999999999432, -0.08562607953163535457 ) ) ;
#1368 = CARTESIAN_POINT ( 'NONE',  ( 0.1632206811371139377, 0.1359999999999999543, -0.07161294565237698306 ) ) ;
#1369 = SURFACE_SIDE_STYLE ('',( #605 ) ) ;
#1370 = ADVANCED_FACE ( 'NONE', ( #2024, #1990 ), #1482, .F. ) ;
#1371 = ORIENTED_EDGE ( 'NONE', *, *, #1419, .T. ) ;
#1372 = FACE_OUTER_BOUND ( 'NONE', #2919, .T. ) ;
#1373 = LINE ( 'NONE', #3224, #1238 ) ;
#1374 = EDGE_CURVE ( 'NONE', #709, #2200, #1496, .T. ) ;
#1375 = ORIENTED_EDGE ( 'NONE', *, *, #2363, .T. ) ;
#1376 = CARTESIAN_POINT ( 'NONE',  ( -1.592421940838084637E-16, 0.1280000000000000027, -0.1600000000000000033 ) ) ;
#1377 = EDGE_CURVE ( 'NONE', #2291, #975, #1176, .T. ) ;
#1378 = ORIENTED_EDGE ( 'NONE', *, *, #2363, .F. ) ;
#1379 = ORIENTED_EDGE ( 'NONE', *, *, #490, .T. ) ;
#1380 = DIRECTION ( 'NONE',  ( 0.000000000000000000, 1.000000000000000000, 0.000000000000000000 ) ) ;
#1381 = LINE ( 'NONE', #2449, #2543 ) ;
#1382 = PLANE ( 'NONE',  #1397 ) ;
#1383 = DIRECTION ( 'NONE',  ( 1.000000000000000000, 0.000000000000000000, 0.000000000000000000 ) ) ;
#1384 = ORIENTED_EDGE ( 'NONE', *, *, #2682, .T. ) ;
#1385 = EDGE_CURVE ( 'NONE', #165, #2337, #2376, .T. ) ;
#1386 = DIRECTION ( 'NONE',  ( 0.000000000000000000, 0.000000000000000000, 1.000000000000000000 ) ) ;
#1387 = FACE_OUTER_BOUND ( 'NONE', #1610, .T. ) ;
#1388 = VECTOR ( 'NONE', #92, 1000.000000000000000 ) ;
#1389 = VERTEX_POINT ( 'NONE', #1435 ) ;
#1390 = DIRECTION ( 'NONE',  ( 0.000000000000000000, 0.000000000000000000, 1.000000000000000000 ) ) ;
#1391 =( NAMED_UNIT ( * ) SI_UNIT ( $, .STERADIAN. ) SOLID_ANGLE_UNIT ( ) );
#1392 = VECTOR ( 'NONE', #1390, 1000.000000000000000 ) ;
#1393 = PRESENTATION_LAYER_ASSIGNMENT (  '', '', ( #63 ) ) ;
#1394 = ORIENTED_EDGE ( 'NONE', *, *, #1040, .F. ) ;
#1395 = DIRECTION ( 'NONE',  ( 0.000000000000000000, 1.000000000000000000, -0.000000000000000000 ) ) ;
#1396 = FILL_AREA_STYLE_COLOUR ( '', #2277 ) ;
#1397 = AXIS2_PLACEMENT_3D ( 'NONE', #3007, #104, #2427 ) ;
#1398 = DIRECTION ( 'NONE',  ( -1.000000000000000000, 0.000000000000000000, 0.000000000000000000 ) ) ;
#1399 = LINE ( 'NONE', #1715, #771 ) ;
#1400 = UNCERTAINTY_MEASURE_WITH_UNIT (LENGTH_MEASURE( 1.000000000000000082E-05 ), #2505, 'distance_accuracy_value', 'NONE');
#1401 = VECTOR ( 'NONE', #1131, 1000.000000000000000 ) ;
#1402 = DIRECTION ( 'NONE',  ( 1.000000000000000000, 0.000000000000000000, 0.000000000000000000 ) ) ;
#1403 = EDGE_CURVE ( 'NONE', #3157, #360, #949, .T. ) ;
#1404 = LINE ( 'NONE', #3255, #74 ) ;
#1405 = AXIS2_PLACEMENT_3D ( 'NONE', #3407, #1070, #3196 ) ;
#1406 = VECTOR ( 'NONE', #2811, 1000.000000000000227 ) ;
#1407 = ORIENTED_EDGE ( 'NONE', *, *, #1837, .T. ) ;
#1408 = DIRECTION ( 'NONE',  ( 0.000000000000000000, 1.000000000000000000, 0.000000000000000000 ) ) ;
#1409 = CARTESIAN_POINT ( 'NONE',  ( 0.1551683411967553772, 0.1360999999999999432, -0.08064256032760304393 ) ) ;
#1410 = VECTOR ( 'NONE', #2027, 1000.000000000000000 ) ;
#1411 = UNCERTAINTY_MEASURE_WITH_UNIT (LENGTH_MEASURE( 1.000000000000000082E-05 ), #732, 'distance_accuracy_value', 'NONE');
#1412 = EDGE_CURVE ( 'NONE', #3147, #883, #3330, .T. ) ;
#1413 = ADVANCED_FACE ( 'NONE', ( #912 ), #3071, .T. ) ;
#1414 = VERTEX_POINT ( 'NONE', #1450 ) ;
#1415 = CLOSED_SHELL ( 'NONE', ( #1659, #1856, #2313, #33, #1424, #245, #1871, #3206, #1790, #880 ) ) ;
#1416 = SURFACE_STYLE_FILL_AREA ( #345 ) ;
#1417 = DIRECTION ( 'NONE',  ( 0.000000000000000000, 0.000000000000000000, -1.000000000000000000 ) ) ;
#1418 = VECTOR ( 'NONE', #799, 1000.000000000000000 ) ;
#1419 = EDGE_CURVE ( 'NONE', #859, #3321, #1714, .T. ) ;
#1420 = ORIENTED_EDGE ( 'NONE', *, *, #196, .T. ) ;
#1421 = DIRECTION ( 'NONE',  ( 1.000000000000000000, 0.000000000000000000, 0.000000000000000000 ) ) ;
#1422 = CARTESIAN_POINT ( 'NONE',  ( -1.592421940838084637E-16, 0.1280000000000000027, 0.000000000000000000 ) ) ;
#1423 = LINE ( 'NONE', #3036, #2717 ) ;
#1424 = ADVANCED_FACE ( 'NONE', ( #1467 ), #1755, .T. ) ;
#1425 = CARTESIAN_POINT ( 'NONE',  ( 0.1551683411967553772, 0.1360999999999999432, -0.08562607953163534069 ) ) ;
#1426 = PRESENTATION_STYLE_ASSIGNMENT (( #591 ) ) ;
#1427 = ORIENTED_EDGE ( 'NONE', *, *, #1453, .F. ) ;
#1428 = CYLINDRICAL_SURFACE ( 'NONE', #1352, 0.004303621594454012586 ) ;
#1429 = DIRECTION ( 'NONE',  ( 1.000000000000000000, 0.000000000000000000, 0.000000000000000000 ) ) ;
#1430 = EDGE_LOOP ( 'NONE', ( #2740, #2934, #938, #722 ) ) ;
#1431 = DIRECTION ( 'NONE',  ( -0.9137687634364565215, 0.000000000000000000, 0.4062347190576025002 ) ) ;
#1432 = EDGE_LOOP ( 'NONE', ( #671, #2144, #1245, #2472 ) ) ;
#1433 = SURFACE_STYLE_USAGE ( .BOTH. , #600 ) ;
#1434 = ADVANCED_FACE ( 'NONE', ( #3383 ), #2074, .T. ) ;
#1435 = CARTESIAN_POINT ( 'NONE',  ( 0.1339341008502173969, 0.1360999999999998877, -0.07417052299939663751 ) ) ;
#1436 = FACE_OUTER_BOUND ( 'NONE', #2582, .T. ) ;
#1437 = UNCERTAINTY_MEASURE_WITH_UNIT (LENGTH_MEASURE( 1.000000000000000082E-05 ), #109, 'distance_accuracy_value', 'NONE');
#1438 = CARTESIAN_POINT ( 'NONE',  ( 0.1060000000000001358, 0.1359999999999999543, -0.1600000000000000033 ) ) ;
#1439 = CARTESIAN_POINT ( 'NONE',  ( 0.1551683411967554049, 0.1359999999999999543, -0.07848945205393094426 ) ) ;
#1440 = PLANE ( 'NONE',  #2055 ) ;
#1441 =( NAMED_UNIT ( * ) SI_UNIT ( $, .STERADIAN. ) SOLID_ANGLE_UNIT ( ) );
#1442 = VERTEX_POINT ( 'NONE', #447 ) ;
#1443 = LINE ( 'NONE', #1676, #2395 ) ;
#1444 = DIRECTION ( 'NONE',  ( 0.000000000000000000, 0.000000000000000000, 1.000000000000000000 ) ) ;
#1445 = ORIENTED_EDGE ( 'NONE', *, *, #1989, .T. ) ;
#1446 = LINE ( 'NONE', #3228, #2898 ) ;
#1447 = AXIS2_PLACEMENT_3D ( 'NONE', #2319, #2359, #1290 ) ;
#1448 = ORIENTED_EDGE ( 'NONE', *, *, #2544, .T. ) ;
#1449 = FILL_AREA_STYLE_COLOUR ( '', #1053 ) ;
#1450 = CARTESIAN_POINT ( 'NONE',  ( 0.1160000000000000336, 0.1360999999999999432, -0.06700000000000000400 ) ) ;
#1451 = VECTOR ( 'NONE', #1843, 1000.000000000000000 ) ;
#1452 = CARTESIAN_POINT ( 'NONE',  ( 0.000000000000000000, 0.000000000000000000, -0.1600000000000000033 ) ) ;
#1453 = EDGE_CURVE ( 'NONE', #921, #2364, #1810, .T. ) ;
#1454 = STYLED_ITEM ( 'NONE', ( #3214 ), #3206 ) ;
#1455 = FILL_AREA_STYLE ('',( #3288 ) ) ;
#1456 = DIRECTION ( 'NONE',  ( 0.9122724842129449341, 0.000000000000000000, -0.4095838309161413671 ) ) ;
#1457 = ORIENTED_EDGE ( 'NONE', *, *, #2264, .T. ) ;
#1458 = CARTESIAN_POINT ( 'NONE',  ( 0.1817870026044000331, 0.1359999999999999543, -0.07631303976581767234 ) ) ;
#1459 =( GEOMETRIC_REPRESENTATION_CONTEXT ( 3 ) GLOBAL_UNCERTAINTY_ASSIGNED_CONTEXT ( ( #1033 ) ) GLOBAL_UNIT_ASSIGNED_CONTEXT ( ( #2292, #476, #533 ) ) REPRESENTATION_CONTEXT ( 'NONE', 'WORKASPACE' ) );
#1460 = ORIENTED_EDGE ( 'NONE', *, *, #2700, .F. ) ;
#1461 = CARTESIAN_POINT ( 'NONE',  ( 0.1632206811371139377, 0.1359999999999999543, -0.08081564401866496439 ) ) ;
#1462 = CARTESIAN_POINT ( 'NONE',  ( 0.1060000000000001358, 0.1319999999999999507, -0.1600000000000000033 ) ) ;
#1463 = STYLED_ITEM ( 'NONE', ( #590 ), #924 ) ;
#1464 = ADVANCED_FACE ( 'NONE', ( #1582 ), #503, .T. ) ;
#1465 = ORIENTED_EDGE ( 'NONE', *, *, #3000, .T. ) ;
#1466 = MECHANICAL_DESIGN_GEOMETRIC_PRESENTATION_REPRESENTATION (  '', ( #2733 ), #2224 ) ;
#1467 = FACE_OUTER_BOUND ( 'NONE', #3026, .T. ) ;
#1468 = CARTESIAN_POINT ( 'NONE',  ( 0.1819999999999998563, 0.1319999999999999507, 0.000000000000000000 ) ) ;
#1469 = SURFACE_STYLE_FILL_AREA ( #1455 ) ;
#1470 = CARTESIAN_POINT ( 'NONE',  ( 0.1489744008276670806, 0.1360999999999999432, -0.08064256032760304393 ) ) ;
#1471 = CARTESIAN_POINT ( 'NONE',  ( 0.1489693257569440488, 0.1359999999999999543, -0.08562607953163535457 ) ) ;
#1472 = CARTESIAN_POINT ( 'NONE',  ( 0.1483267548520222079, 0.1359999999999999543, -0.07402959655194116251 ) ) ;
#1473 = ORIENTED_EDGE ( 'NONE', *, *, #2379, .T. ) ;
#1474 = CARTESIAN_POINT ( 'NONE',  ( 0.04058796283216820067, 0.1359999999999999543, -0.02434558517244060638 ) ) ;
#1475 = CARTESIAN_POINT ( 'NONE',  ( -8.470329472542864724E-19, -0.003999999999999927225, -0.1600000000000000033 ) ) ;
#1476 = EDGE_CURVE ( 'NONE', #1477, #338, #1825, .T. ) ;
#1477 = VERTEX_POINT ( 'NONE', #1514 ) ;
#1478 = EDGE_CURVE ( 'NONE', #2086, #2110, #2638, .T. ) ;
#1479 = FACE_OUTER_BOUND ( 'NONE', #3062, .T. ) ;
#1480 = ORIENTED_EDGE ( 'NONE', *, *, #906, .T. ) ;
#1481 = FILL_AREA_STYLE ('',( #3085 ) ) ;
#1482 = PLANE ( 'NONE',  #1831 ) ;
#1483 = CARTESIAN_POINT ( 'NONE',  ( 0.1301812967983449754, 0.1359999999999999543, -0.08562607953163534069 ) ) ;
#1484 = DIRECTION ( 'NONE',  ( 0.000000000000000000, 1.000000000000000000, 0.000000000000000000 ) ) ;
#1485 = DIRECTION ( 'NONE',  ( 0.000000000000000000, 0.000000000000000000, -1.000000000000000000 ) ) ;
#1486 = DIRECTION ( 'NONE',  ( -1.000000000000000000, 0.000000000000000000, 0.000000000000000000 ) ) ;
#1487 = ORIENTED_EDGE ( 'NONE', *, *, #3210, .T. ) ;
#1488 = DIRECTION ( 'NONE',  ( 0.000000000000000000, 1.000000000000000000, 0.000000000000000000 ) ) ;
#1489 = CARTESIAN_POINT ( 'NONE',  ( 0.1312846670572519747, 0.1359999999999999543, -0.07417052299939663751 ) ) ;
#1490 = EDGE_CURVE ( 'NONE', #640, #2294, #261, .T. ) ;
#1491 = EDGE_LOOP ( 'NONE', ( #139, #344, #2683, #1939 ) ) ;
#1492 = DIRECTION ( 'NONE',  ( -1.000000000000000000, 0.000000000000000000, 0.000000000000000000 ) ) ;
#1493 = CARTESIAN_POINT ( 'NONE',  ( 0.1295763198118896620, 0.1360999999999999432, -0.06964114473501427371 ) ) ;
#1494 = ORIENTED_EDGE ( 'NONE', *, *, #2123, .T. ) ;
#1495 = PRESENTATION_STYLE_ASSIGNMENT (( #1191 ) ) ;
#1496 = LINE ( 'NONE', #3349, #327 ) ;
#1497 = VECTOR ( 'NONE', #1722, 1000.000000000000000 ) ;
#1498 = DIRECTION ( 'NONE',  ( 1.000000000000000000, 2.117582368135755038E-16, 0.000000000000000000 ) ) ;
#1499 = PLANE ( 'NONE',  #164 ) ;
#1500 =( NAMED_UNIT ( * ) SI_UNIT ( $, .STERADIAN. ) SOLID_ANGLE_UNIT ( ) );
#1501 = STYLED_ITEM ( 'NONE', ( #1573 ), #1905 ) ;
#1502 = DIRECTION ( 'NONE',  ( 0.000000000000000000, 0.000000000000000000, 1.000000000000000000 ) ) ;
#1503 = SURFACE_SIDE_STYLE ('',( #1416 ) ) ;
#1504 = CARTESIAN_POINT ( 'NONE',  ( 0.1350374711091243962, 0.1359999999999999543, -0.08562607953163534069 ) ) ;
#1505 = AXIS2_PLACEMENT_3D ( 'NONE', #577, #43, #2691 ) ;
#1506 = VECTOR ( 'NONE', #588, 1000.000000000000227 ) ;
#1507 = EDGE_LOOP ( 'NONE', ( #1480, #229, #2945, #1305 ) ) ;
#1508 = LINE ( 'NONE', #3378, #2216 ) ;
#1509 = LINE ( 'NONE', #1984, #3343 ) ;
#1510 = EDGE_CURVE ( 'NONE', #2337, #2389, #3408, .T. ) ;
#1511 = AXIS2_PLACEMENT_3D ( 'NONE', #614, #1123, #2983 ) ;
#1512 = EDGE_LOOP ( 'NONE', ( #2035, #294, #1847, #1087 ) ) ;
#1513 = STYLED_ITEM ( 'NONE', ( #35 ), #2824 ) ;
#1514 = CARTESIAN_POINT ( 'NONE',  ( 0.1284021445365344516, 0.1360999999999999432, -0.06700000000000000400 ) ) ;
#1515 = ADVANCED_FACE ( 'NONE', ( #1530 ), #1247, .T. ) ;
#1516 = SURFACE_STYLE_FILL_AREA ( #448 ) ;
#1517 = AXIS2_PLACEMENT_3D ( 'NONE', #2576, #487, #982 ) ;
#1518 =( GEOMETRIC_REPRESENTATION_CONTEXT ( 3 ) GLOBAL_UNCERTAINTY_ASSIGNED_CONTEXT ( ( #48 ) ) GLOBAL_UNIT_ASSIGNED_CONTEXT ( ( #795, #1870, #1026 ) ) REPRESENTATION_CONTEXT ( 'NONE', 'WORKASPACE' ) );
#1519 = VERTEX_POINT ( 'NONE', #978 ) ;
#1520 = VECTOR ( 'NONE', #1769, 1000.000000000000000 ) ;
#1521 = DIRECTION ( 'NONE',  ( -1.000000000000000000, 0.000000000000000000, 0.000000000000000000 ) ) ;
#1522 = EDGE_CURVE ( 'NONE', #3151, #1976, #3123, .T. ) ;
#1523 = LINE ( 'NONE', #2837, #877 ) ;
#1524 = STYLED_ITEM ( 'NONE', ( #2248 ), #743 ) ;
#1525 = VERTEX_POINT ( 'NONE', #247 ) ;
#1526 = ORIENTED_EDGE ( 'NONE', *, *, #1385, .T. ) ;
#1527 = LINE ( 'NONE', #477, #1520 ) ;
#1528 = ORIENTED_EDGE ( 'NONE', *, *, #2738, .F. ) ;
#1529 =( NAMED_UNIT ( * ) PLANE_ANGLE_UNIT ( ) SI_UNIT ( $, .RADIAN. ) );
#1530 = FACE_OUTER_BOUND ( 'NONE', #1064, .T. ) ;
#1531 = UNCERTAINTY_MEASURE_WITH_UNIT (LENGTH_MEASURE( 1.000000000000000082E-05 ), #1674, 'distance_accuracy_value', 'NONE');
#1532 = EDGE_CURVE ( 'NONE', #1812, #2631, #1544, .T. ) ;
#1533 = CARTESIAN_POINT ( 'NONE',  ( 0.1312846670572519747, 0.1359999999999999543, -0.07417052299939663751 ) ) ;
#1534 = CARTESIAN_POINT ( 'NONE',  ( 0.1149772394933445824, 0.1360999999999999432, -0.08562607953163535457 ) ) ;
#1535 = CARTESIAN_POINT ( 'NONE',  ( 0.1060000000000001358, 0.1319999999999999507, -0.1600000000000000033 ) ) ;
#1536 = CARTESIAN_POINT ( 'NONE',  ( 0.1483267548520222079, 0.1360999999999999432, -0.07402959655194116251 ) ) ;
#1537 = ORIENTED_EDGE ( 'NONE', *, *, #2462, .T. ) ;
#1538 = CARTESIAN_POINT ( 'NONE',  ( 0.1149772394933445824, 0.1359999999999999543, -0.08562607953163535457 ) ) ;
#1539 = ORIENTED_EDGE ( 'NONE', *, *, #1403, .T. ) ;
#1540 = CARTESIAN_POINT ( 'NONE',  ( 0.3059999999999998277, 0.1319999999999999507, -0.1600000000000000033 ) ) ;
#1541 = LINE ( 'NONE', #1733, #3239 ) ;
#1542 = ORIENTED_EDGE ( 'NONE', *, *, #1963, .F. ) ;
#1543 = FILL_AREA_STYLE ('',( #223 ) ) ;
#1544 = LINE ( 'NONE', #2600, #3270 ) ;
#1545 = EDGE_LOOP ( 'NONE', ( #2689, #3261, #3172, #556 ) ) ;
#1546 = ORIENTED_EDGE ( 'NONE', *, *, #952, .F. ) ;
#1547 = DIRECTION ( 'NONE',  ( -1.000000000000000000, 0.000000000000000000, 0.000000000000000000 ) ) ;
#1548 = FILL_AREA_STYLE ('',( #1268 ) ) ;
#1549 = PLANE ( 'NONE',  #1447 ) ;
#1550 = ADVANCED_FACE ( 'NONE', ( #1564 ), #1018, .T. ) ;
#1551 = EDGE_CURVE ( 'NONE', #495, #963, #3422, .T. ) ;
#1552 = AXIS2_PLACEMENT_3D ( 'NONE', #471, #2589, #1326 ) ;
#1553 = CARTESIAN_POINT ( 'NONE',  ( 0.1817870026044000331, 0.1359999999999999543, -0.07631303976581767234 ) ) ;
#1554 = AXIS2_PLACEMENT_3D ( 'NONE', #2830, #737, #2310 ) ;
#1555 = VECTOR ( 'NONE', #1310, 1000.000000000000227 ) ;
#1556 = ORIENTED_EDGE ( 'NONE', *, *, #1752, .T. ) ;
#1557 = LINE ( 'NONE', #2650, #295 ) ;
#1558 = ADVANCED_FACE ( 'NONE', ( #2653 ), #1339, .T. ) ;
#1559 = PRESENTATION_LAYER_ASSIGNMENT (  '', '', ( #2210 ) ) ;
#1560 = EDGE_LOOP ( 'NONE', ( #1693, #607, #1749, #395 ) ) ;
#1561 =( NAMED_UNIT ( * ) SI_UNIT ( $, .STERADIAN. ) SOLID_ANGLE_UNIT ( ) );
#1562 = DIRECTION ( 'NONE',  ( 0.000000000000000000, 1.000000000000000000, 0.000000000000000000 ) ) ;
#1563 = MECHANICAL_DESIGN_GEOMETRIC_PRESENTATION_REPRESENTATION (  '', ( #3332 ), #718 ) ;
#1564 = FACE_OUTER_BOUND ( 'NONE', #1958, .T. ) ;
#1565 = UNCERTAINTY_MEASURE_WITH_UNIT (LENGTH_MEASURE( 1.000000000000000082E-05 ), #3298, 'distance_accuracy_value', 'NONE');
#1566 = VECTOR ( 'NONE', #2250, 1000.000000000000000 ) ;
#1567 = VERTEX_POINT ( 'NONE', #2130 ) ;
#1568 = ORIENTED_EDGE ( 'NONE', *, *, #1385, .F. ) ;
#1569 = SURFACE_STYLE_USAGE ( .BOTH. , #1633 ) ;
#1570 = CARTESIAN_POINT ( 'NONE',  ( 0.1060000000000000248, -0.004000000000000019165, -0.1600000000000000033 ) ) ;
#1571 = CARTESIAN_POINT ( 'NONE',  ( 0.1339341008502173969, 0.1360999999999999432, -0.07417052299939663751 ) ) ;
#1572 = PRESENTATION_LAYER_ASSIGNMENT (  '', '', ( #1735 ) ) ;
#1573 = PRESENTATION_STYLE_ASSIGNMENT (( #1311 ) ) ;
#1574 = CARTESIAN_POINT ( 'NONE',  ( 0.1819999999999998563, 0.000000000000000000, -0.1600000000000000033 ) ) ;
#1575 = AXIS2_PLACEMENT_3D ( 'NONE', #1970, #3031, #1710 ) ;
#1576 = VERTEX_POINT ( 'NONE', #2393 ) ;
#1577 = EDGE_CURVE ( 'NONE', #2239, #800, #789, .T. ) ;
#1578 = PLANE ( 'NONE',  #897 ) ;
#1579 = ORIENTED_EDGE ( 'NONE', *, *, #3269, .F. ) ;
#1580 = SURFACE_SIDE_STYLE ('',( #480 ) ) ;
#1581 = DIRECTION ( 'NONE',  ( 0.4062347190576025002, 0.000000000000000000, -0.9137687634364565215 ) ) ;
#1582 = FACE_OUTER_BOUND ( 'NONE', #2743, .T. ) ;
#1583 = ORIENTED_EDGE ( 'NONE', *, *, #1577, .T. ) ;
#1584 = ORIENTED_EDGE ( 'NONE', *, *, #46, .T. ) ;
#1585 = PLANE ( 'NONE',  #3116 ) ;
#1586 = DIRECTION ( 'NONE',  ( 0.000000000000000000, 1.000000000000000000, 0.000000000000000000 ) ) ;
#1587 = DIRECTION ( 'NONE',  ( -1.000000000000000000, 0.000000000000000000, 0.000000000000000000 ) ) ;
#1588 = DIRECTION ( 'NONE',  ( 0.000000000000000000, 1.000000000000000000, 0.000000000000000000 ) ) ;
#1589 = ORIENTED_EDGE ( 'NONE', *, *, #728, .T. ) ;
#1590 =( NAMED_UNIT ( * ) SI_UNIT ( $, .STERADIAN. ) SOLID_ANGLE_UNIT ( ) );
#1591 = EDGE_CURVE ( 'NONE', #699, #782, #3289, .T. ) ;
#1592 = ORIENTED_EDGE ( 'NONE', *, *, #2654, .F. ) ;
#1593 = DIRECTION ( 'NONE',  ( 0.4761675951869316914, 0.000000000000000000, -0.8793545481169097178 ) ) ;
#1594 = DIRECTION ( 'NONE',  ( 0.000000000000000000, 0.000000000000000000, 1.000000000000000000 ) ) ;
#1595 = MANIFOLD_SOLID_BREP ( 'Scale1[2]', #2506 ) ;
#1596 = VERTEX_POINT ( 'NONE', #1470 ) ;
#1597 = ORIENTED_EDGE ( 'NONE', *, *, #1816, .T. ) ;
#1598 = FACE_OUTER_BOUND ( 'NONE', #1227, .T. ) ;
#1599 = DIRECTION ( 'NONE',  ( 0.000000000000000000, 1.000000000000000000, 0.000000000000000000 ) ) ;
#1600 = CARTESIAN_POINT ( 'NONE',  ( 0.1718797238673397954, 0.1359999999999999543, -0.06700000000000000400 ) ) ;
#1601 = EDGE_CURVE ( 'NONE', #883, #495, #3334, .T. ) ;
#1602 = CARTESIAN_POINT ( 'NONE',  ( 0.3019999999999998797, 0.1280000000000000027, -0.1600000000000000033 ) ) ;
#1603 = PLANE ( 'NONE',  #1007 ) ;
#1604 = VECTOR ( 'NONE', #2182, 1000.000000000000000 ) ;
#1605 = ORIENTED_EDGE ( 'NONE', *, *, #2253, .F. ) ;
#1606 = SURFACE_SIDE_STYLE ('',( #2913 ) ) ;
#1607 = VECTOR ( 'NONE', #2370, 1000.000000000000000 ) ;
#1608 = AXIS2_PLACEMENT_3D ( 'NONE', #3429, #2096, #3168 ) ;
#1609 = COLOUR_RGB ( '',0.1019607843137254888, 0.1019607843137254888, 0.1019607843137254888 ) ;
#1610 = EDGE_LOOP ( 'NONE', ( #3066, #2954, #2338, #1758 ) ) ;
#1611 = FILL_AREA_STYLE ('',( #553 ) ) ;
#1612 = VECTOR ( 'NONE', #366, 1000.000000000000000 ) ;
#1613 = ORIENTED_EDGE ( 'NONE', *, *, #3032, .F. ) ;
#1614 = ORIENTED_EDGE ( 'NONE', *, *, #2535, .F. ) ;
#1615 = EDGE_CURVE ( 'NONE', #25, #844, #144, .T. ) ;
#1616 = CARTESIAN_POINT ( 'NONE',  ( 0.1483267548520222079, 0.1359999999999999543, -0.07402959655194116251 ) ) ;
#1617 = DIRECTION ( 'NONE',  ( -1.000000000000000000, 0.000000000000000000, 0.000000000000000000 ) ) ;
#1618 =( NAMED_UNIT ( * ) PLANE_ANGLE_UNIT ( ) SI_UNIT ( $, .RADIAN. ) );
#1619 = STYLED_ITEM ( 'NONE', ( #1242 ), #2758 ) ;
#1620 = EDGE_CURVE ( 'NONE', #2389, #1202, #3039, .T. ) ;
#1621 = DIRECTION ( 'NONE',  ( -1.000000000000000000, 0.000000000000000000, 0.000000000000000000 ) ) ;
#1622 = SURFACE_STYLE_FILL_AREA ( #65 ) ;
#1623 = AXIS2_PLACEMENT_3D ( 'NONE', #2299, #470, #2341 ) ;
#1624 = VERTEX_POINT ( 'NONE', #2232 ) ;
#1625 = MECHANICAL_DESIGN_GEOMETRIC_PRESENTATION_REPRESENTATION (  '', ( #2795 ), #2906 ) ;
#1626 = DIRECTION ( 'NONE',  ( 0.000000000000000000, 0.000000000000000000, 1.000000000000000000 ) ) ;
#1627 = CARTESIAN_POINT ( 'NONE',  ( 0.1551683411967554049, 0.1360999999999999432, -0.06700000000000000400 ) ) ;
#1628 = ORIENTED_EDGE ( 'NONE', *, *, #708, .F. ) ;
#1629 = FILL_AREA_STYLE ('',( #920 ) ) ;
#1630 = PLANE ( 'NONE',  #1730 ) ;
#1631 = ORIENTED_EDGE ( 'NONE', *, *, #490, .F. ) ;
#1632 = ORIENTED_EDGE ( 'NONE', *, *, #1250, .F. ) ;
#1633 = SURFACE_SIDE_STYLE ('',( #2643 ) ) ;
#1634 = DIRECTION ( 'NONE',  ( 0.000000000000000000, 0.000000000000000000, 1.000000000000000000 ) ) ;
#1635 = UNCERTAINTY_MEASURE_WITH_UNIT (LENGTH_MEASURE( 1.000000000000000082E-05 ), #3305, 'distance_accuracy_value', 'NONE');
#1636 = ADVANCED_FACE ( 'NONE', ( #418 ), #380, .T. ) ;
#1637 = LINE ( 'NONE', #318, #559 ) ;
#1638 = DIRECTION ( 'NONE',  ( 0.000000000000000000, -0.000000000000000000, 1.000000000000000000 ) ) ;
#1639 = ORIENTED_EDGE ( 'NONE', *, *, #349, .T. ) ;
#1640 = LINE ( 'NONE', #2139, #3219 ) ;
#1641 = DIRECTION ( 'NONE',  ( 0.000000000000000000, -1.000000000000000000, 0.000000000000000000 ) ) ;
#1642 = ORIENTED_EDGE ( 'NONE', *, *, #2264, .F. ) ;
#1643 = LINE ( 'NONE', #1981, #876 ) ;
#1644 = ORIENTED_EDGE ( 'NONE', *, *, #1651, .T. ) ;
#1645 = CARTESIAN_POINT ( 'NONE',  ( 0.1499042334625250439, 0.1359999999999999543, -0.07213696656529688944 ) ) ;
#1646 = DIRECTION ( 'NONE',  ( 1.000000000000000000, 0.000000000000000000, 0.000000000000000000 ) ) ;
#1647 = LINE ( 'NONE', #330, #1604 ) ;
#1648 = CARTESIAN_POINT ( 'NONE',  ( 0.1817870026044000331, 0.1359999999999999543, -0.07631303976581767234 ) ) ;
#1649 = CARTESIAN_POINT ( 'NONE',  ( 0.1229184579531664018, 0.1359999999999999543, -0.06700000000000000400 ) ) ;
#1650 = EDGE_CURVE ( 'NONE', #1442, #3104, #128, .T. ) ;
#1651 = EDGE_CURVE ( 'NONE', #2970, #921, #3304, .T. ) ;
#1652 = ORIENTED_EDGE ( 'NONE', *, *, #2591, .F. ) ;
#1653 =( NAMED_UNIT ( * ) SI_UNIT ( $, .STERADIAN. ) SOLID_ANGLE_UNIT ( ) );
#1654 = CARTESIAN_POINT ( 'NONE',  ( 0.1218468176105782924, 0.1360999999999999432, -0.07338067232939633755 ) ) ;
#1655 = VECTOR ( 'NONE', #1586, 1000.000000000000000 ) ;
#1656 = VERTEX_POINT ( 'NONE', #968 ) ;
#1657 = FILL_AREA_STYLE_COLOUR ( '', #2942 ) ;
#1658 = VECTOR ( 'NONE', #2849, 1000.000000000000000 ) ;
#1659 = ADVANCED_FACE ( 'NONE', ( #2536 ), #1499, .T. ) ;
#1660 =( LENGTH_UNIT ( ) NAMED_UNIT ( * ) SI_UNIT ( .MILLI., .METRE. ) );
#1661 = VECTOR ( 'NONE', #246, 1000.000000000000000 ) ;
#1662 = STYLED_ITEM ( 'NONE', ( #214 ), #3083 ) ;
#1663 = ORIENTED_EDGE ( 'NONE', *, *, #443, .F. ) ;
#1664 = DIRECTION ( 'NONE',  ( 0.000000000000000000, 1.000000000000000000, 0.000000000000000000 ) ) ;
#1665 = STYLED_ITEM ( 'NONE', ( #59 ), #2313 ) ;
#1666 = MECHANICAL_DESIGN_GEOMETRIC_PRESENTATION_REPRESENTATION (  '', ( #286 ), #337 ) ;
#1667 = EDGE_CURVE ( 'NONE', #782, #26, #2056, .T. ) ;
#1668 = CARTESIAN_POINT ( 'NONE',  ( -1.592421940838084637E-16, 0.1280000000000000027, -0.1600000000000000033 ) ) ;
#1669 = UNCERTAINTY_MEASURE_WITH_UNIT (LENGTH_MEASURE( 1.000000000000000082E-05 ), #1328, 'distance_accuracy_value', 'NONE');
#1670 = VECTOR ( 'NONE', #3282, 1000.000000000000000 ) ;
#1671 = LINE ( 'NONE', #1996, #1051 ) ;
#1672 = DIRECTION ( 'NONE',  ( 1.000000000000000000, 0.000000000000000000, 0.000000000000000000 ) ) ;
#1673 = VECTOR ( 'NONE', #584, 1000.000000000000000 ) ;
#1674 =( LENGTH_UNIT ( ) NAMED_UNIT ( * ) SI_UNIT ( .MILLI., .METRE. ) );
#1675 = ORIENTED_EDGE ( 'NONE', *, *, #1190, .F. ) ;
#1676 = CARTESIAN_POINT ( 'NONE',  ( 0.1499042334625250439, 0.1359999999999999543, -0.07213696656529688944 ) ) ;
#1677 = PLANE ( 'NONE',  #2681 ) ;
#1678 = VECTOR ( 'NONE', #1849, 1000.000000000000000 ) ;
#1679 = PRESENTATION_LAYER_ASSIGNMENT (  '', '', ( #400 ) ) ;
#1680 = EDGE_CURVE ( 'NONE', #25, #1576, #2087, .T. ) ;
#1681 = VERTEX_POINT ( 'NONE', #788 ) ;
#1682 = VECTOR ( 'NONE', #270, 1000.000000000000000 ) ;
#1683 = CARTESIAN_POINT ( 'NONE',  ( 0.1483267548520222079, 0.1360999999999999432, -0.07848945205393094426 ) ) ;
#1684 = CIRCLE ( 'NONE', #190, 0.004303621594454012586 ) ;
#1685 = MANIFOLD_SOLID_BREP ( 'Lead1', #570 ) ;
#1686 = ORIENTED_EDGE ( 'NONE', *, *, #2524, .T. ) ;
#1687 = CARTESIAN_POINT ( 'NONE',  ( 0.3019999999999998797, -0.003999999999999927225, -0.1600000000000000033 ) ) ;
#1688 = LINE ( 'NONE', #1452, #2261 ) ;
#1689 = EDGE_CURVE ( 'NONE', #1287, #1812, #801, .T. ) ;
#1690 = CARTESIAN_POINT ( 'NONE',  ( 0.1489693257569440765, 0.1359999999999999543, -0.07631303976581767234 ) ) ;
#1691 = PRESENTATION_STYLE_ASSIGNMENT (( #2245 ) ) ;
#1692 = FILL_AREA_STYLE ('',( #304 ) ) ;
#1693 = ORIENTED_EDGE ( 'NONE', *, *, #3250, .T. ) ;
#1694 = CARTESIAN_POINT ( 'NONE',  ( 0.1489693257569440765, 0.1359999999999999543, -0.07631303976581767234 ) ) ;
#1695 = ORIENTED_EDGE ( 'NONE', *, *, #1878, .T. ) ;
#1696 = EDGE_CURVE ( 'NONE', #1890, #2110, #767, .T. ) ;
#1697 = MANIFOLD_SOLID_BREP ( 'Scale1[1]', #1953 ) ;
#1698 = EDGE_LOOP ( 'NONE', ( #1445, #3094, #1407, #131 ) ) ;
#1699 = CARTESIAN_POINT ( 'NONE',  ( -0.003999999999999990542, -0.003999999999999926358, -0.1600000000000000033 ) ) ;
#1700 = CARTESIAN_POINT ( 'NONE',  ( 0.1060000000000001358, 0.1319999999999999507, 0.000000000000000000 ) ) ;
#1701 = FILL_AREA_STYLE_COLOUR ( '', #1991 ) ;
#1702 = EDGE_CURVE ( 'NONE', #576, #147, #2072, .T. ) ;
#1703 = CARTESIAN_POINT ( 'NONE',  ( 0.3019999999999998797, 0.000000000000000000, -0.1600000000000000033 ) ) ;
#1704 = PLANE ( 'NONE',  #1217 ) ;
#1705 = ORIENTED_EDGE ( 'NONE', *, *, #150, .T. ) ;
#1706 = PLANE ( 'NONE',  #711 ) ;
#1707 = SURFACE_STYLE_FILL_AREA ( #163 ) ;
#1708 = ORIENTED_EDGE ( 'NONE', *, *, #664, .F. ) ;
#1709 = DIRECTION ( 'NONE',  ( 0.000000000000000000, 0.000000000000000000, 1.000000000000000000 ) ) ;
#1710 = DIRECTION ( 'NONE',  ( 0.000000000000000000, -0.000000000000000000, -1.000000000000000000 ) ) ;
#1711 = AXIS2_PLACEMENT_3D ( 'NONE', #2495, #2532, #3301 ) ;
#1712 = ORIENTED_EDGE ( 'NONE', *, *, #1765, .T. ) ;
#1713 = CARTESIAN_POINT ( 'NONE',  ( 0.3019999999999998797, 0.1280000000000000027, -0.1600000000000000033 ) ) ;
#1714 = LINE ( 'NONE', #2779, #273 ) ;
#1715 = CARTESIAN_POINT ( 'NONE',  ( 0.1295763198118896620, 0.1359999999999999543, -0.06964114473501427371 ) ) ;
#1716 = ORIENTED_EDGE ( 'NONE', *, *, #478, .F. ) ;
#1717 = EDGE_CURVE ( 'NONE', #1920, #2616, #2636, .T. ) ;
#1718 = PRESENTATION_LAYER_ASSIGNMENT (  '', '', ( #1836 ) ) ;
#1719 = COLOUR_RGB ( '',0.8980392156862745390, 0.9215686274509803377, 0.9294117647058823817 ) ;
#1720 = LINE ( 'NONE', #353, #2946 ) ;
#1721 = CARTESIAN_POINT ( 'NONE',  ( 0.1819999999999998841, 0.1319999999999999507, -0.1600000000000000033 ) ) ;
#1722 = DIRECTION ( 'NONE',  ( 0.000000000000000000, 0.000000000000000000, 1.000000000000000000 ) ) ;
#1723 = LINE ( 'NONE', #130, #2258 ) ;
#1724 = VECTOR ( 'NONE', #1380, 1000.000000000000000 ) ;
#1725 =( GEOMETRIC_REPRESENTATION_CONTEXT ( 3 ) GLOBAL_UNCERTAINTY_ASSIGNED_CONTEXT ( ( #2756 ) ) GLOBAL_UNIT_ASSIGNED_CONTEXT ( ( #1208, #2282, #698 ) ) REPRESENTATION_CONTEXT ( 'NONE', 'WORKASPACE' ) );
#1726 = EDGE_CURVE ( 'NONE', #3049, #1872, #3137, .T. ) ;
#1727 = ORIENTED_EDGE ( 'NONE', *, *, #2196, .T. ) ;
#1728 = CARTESIAN_POINT ( 'NONE',  ( -0.003999999999999965389, 0.1319999999999999507, -0.1600000000000000033 ) ) ;
#1729 = CARTESIAN_POINT ( 'NONE',  ( 0.1709311383708822241, 0.1359999999999999543, -0.07423398105064507591 ) ) ;
#1730 = AXIS2_PLACEMENT_3D ( 'NONE', #2178, #1431, #858 ) ;
#1731 = ORIENTED_EDGE ( 'NONE', *, *, #1190, .T. ) ;
#1732 = FILL_AREA_STYLE ('',( #2240 ) ) ;
#1733 = CARTESIAN_POINT ( 'NONE',  ( 0.000000000000000000, 0.1319999999999999507, 0.000000000000000000 ) ) ;
#1734 = MECHANICAL_DESIGN_GEOMETRIC_PRESENTATION_REPRESENTATION (  '', ( #1463 ), #2394 ) ;
#1735 = STYLED_ITEM ( 'NONE', ( #1199 ), #33 ) ;
#1736 = ORIENTED_EDGE ( 'NONE', *, *, #2285, .T. ) ;
#1737 = CARTESIAN_POINT ( 'NONE',  ( 0.1632206811371139377, 0.1359999999999999543, -0.08081564401866496439 ) ) ;
#1738 = VECTOR ( 'NONE', #2957, 1000.000000000000227 ) ;
#1739 = DIRECTION ( 'NONE',  ( 0.000000000000000000, 1.000000000000000000, 0.000000000000000000 ) ) ;
#1740 = LINE ( 'NONE', #3385, #2327 ) ;
#1741 = SURFACE_STYLE_USAGE ( .BOTH. , #3088 ) ;
#1742 = DIRECTION ( 'NONE',  ( 0.000000000000000000, -1.000000000000000000, -0.000000000000000000 ) ) ;
#1743 = PLANE ( 'NONE',  #2550 ) ;
#1744 = EDGE_CURVE ( 'NONE', #747, #2131, #2652, .T. ) ;
#1745 = CARTESIAN_POINT ( 'NONE',  ( 0.1060000000000001358, 0.1319999999999999507, -0.1600000000000000033 ) ) ;
#1746 = ORIENTED_EDGE ( 'NONE', *, *, #1620, .F. ) ;
#1747 = CARTESIAN_POINT ( 'NONE',  ( 0.1709311383708822241, 0.1359999999999999543, -0.07837098428968064523 ) ) ;
#1748 = CARTESIAN_POINT ( 'NONE',  ( 0.1551683411967554049, 0.1359999999999999543, -0.07848945205393094426 ) ) ;
#1749 = ORIENTED_EDGE ( 'NONE', *, *, #367, .F. ) ;
#1750 = DIRECTION ( 'NONE',  ( -1.000000000000000000, 0.000000000000000000, 0.000000000000000000 ) ) ;
#1751 = DIRECTION ( 'NONE',  ( 0.000000000000000000, 1.000000000000000000, 0.000000000000000000 ) ) ;
#1752 = EDGE_CURVE ( 'NONE', #3142, #3310, #1301, .T. ) ;
#1753 = ORIENTED_EDGE ( 'NONE', *, *, #1478, .T. ) ;
#1754 = CARTESIAN_POINT ( 'NONE',  ( 0.1060000000000000248, 0.000000000000000000, -0.1600000000000000033 ) ) ;
#1755 = PLANE ( 'NONE',  #1554 ) ;
#1756 = APPLICATION_PROTOCOL_DEFINITION ( 'draft international standard', 'automotive_design', 1998, #2748 ) ;
#1757 = EDGE_CURVE ( 'NONE', #1097, #2124, #2791, .T. ) ;
#1758 = ORIENTED_EDGE ( 'NONE', *, *, #1577, .F. ) ;
#1759 = PRESENTATION_STYLE_ASSIGNMENT (( #1741 ) ) ;
#1760 = LINE ( 'NONE', #2233, #1410 ) ;
#1761 = FILL_AREA_STYLE_COLOUR ( '', #1276 ) ;
#1762 = ORIENTED_EDGE ( 'NONE', *, *, #157, .F. ) ;
#1763 = DIRECTION ( 'NONE',  ( 0.000000000000000000, -0.000000000000000000, -1.000000000000000000 ) ) ;
#1764 = EDGE_CURVE ( 'NONE', #2641, #384, #1643, .T. ) ;
#1765 = EDGE_CURVE ( 'NONE', #2242, #3314, #422, .T. ) ;
#1766 = EDGE_LOOP ( 'NONE', ( #1363, #522, #815, #960 ) ) ;
#1767 = ADVANCED_FACE ( 'NONE', ( #2247 ), #2441, .F. ) ;
#1768 =( LENGTH_UNIT ( ) NAMED_UNIT ( * ) SI_UNIT ( .MILLI., .METRE. ) );
#1769 = DIRECTION ( 'NONE',  ( 0.000000000000000000, 1.000000000000000000, 0.000000000000000000 ) ) ;
#1770 = VERTEX_POINT ( 'NONE', #326 ) ;
#1771 = EDGE_CURVE ( 'NONE', #2071, #38, #2236, .T. ) ;
#1772 = SURFACE_STYLE_FILL_AREA ( #964 ) ;
#1773 = SURFACE_SIDE_STYLE ('',( #430 ) ) ;
#1774 = VERTEX_POINT ( 'NONE', #3308 ) ;
#1775 = CARTESIAN_POINT ( 'NONE',  ( 0.1483267548520222079, 0.1360999999999999432, -0.07848945205393094426 ) ) ;
#1776 = VECTOR ( 'NONE', #3024, 1000.000000000000000 ) ;
#1777 = DIRECTION ( 'NONE',  ( -1.000000000000000000, 0.000000000000000000, 0.000000000000000000 ) ) ;
#1778 = CARTESIAN_POINT ( 'NONE',  ( 0.1709311383708822241, 0.1359999999999999543, -0.07837098428968064523 ) ) ;
#1779 = LINE ( 'NONE', #2537, #2382 ) ;
#1780 = AXIS2_PLACEMENT_3D ( 'NONE', #1078, #2694, #1587 ) ;
#1781 = STYLED_ITEM ( 'NONE', ( #1426 ), #3055 ) ;
#1782 = ORIENTED_EDGE ( 'NONE', *, *, #134, .T. ) ;
#1783 = LINE ( 'NONE', #2017, #2570 ) ;
#1784 = AXIS2_PLACEMENT_3D ( 'NONE', #1668, #3022, #376 ) ;
#1785 = VECTOR ( 'NONE', #1246, 1000.000000000000000 ) ;
#1786 = EDGE_LOOP ( 'NONE', ( #536, #2810, #1597, #2992 ) ) ;
#1787 = LINE ( 'NONE', #2006, #3336 ) ;
#1788 = LINE ( 'NONE', #204, #573 ) ;
#1789 = AXIS2_PLACEMENT_3D ( 'NONE', #961, #1492, #1709 ) ;
#1790 = ADVANCED_FACE ( 'NONE', ( #3227 ), #132, .F. ) ;
#1791 = ORIENTED_EDGE ( 'NONE', *, *, #1374, .T. ) ;
#1792 = COLOUR_RGB ( '',0.1019607843137254888, 0.1019607843137254888, 0.1019607843137254888 ) ;
#1793 = VECTOR ( 'NONE', #1626, 1000.000000000000000 ) ;
#1794 = CARTESIAN_POINT ( 'NONE',  ( 0.1189234088052891630, 0.1359999999999999543, -0.07818567959343546148 ) ) ;
#1795 = CARTESIAN_POINT ( 'NONE',  ( 0.1551683411967553772, 0.1359999999999999543, -0.08064256032760304393 ) ) ;
#1796 = ORIENTED_EDGE ( 'NONE', *, *, #3257, .T. ) ;
#1797 = VECTOR ( 'NONE', #1751, 1000.000000000000000 ) ;
#1798 = LINE ( 'NONE', #967, #1841 ) ;
#1799 = DIRECTION ( 'NONE',  ( 0.000000000000000000, 0.000000000000000000, 1.000000000000000000 ) ) ;
#1800 = CARTESIAN_POINT ( 'NONE',  ( 0.1295763198118896620, 0.1359999999999999543, -0.06964114473501427371 ) ) ;
#1801 = AXIS2_PLACEMENT_3D ( 'NONE', #2966, #3260, #959 ) ;
#1802 = SURFACE_STYLE_USAGE ( .BOTH. , #726 ) ;
#1803 = CARTESIAN_POINT ( 'NONE',  ( 0.3019999999999998797, 0.000000000000000000, 0.000000000000000000 ) ) ;
#1804 = DIRECTION ( 'NONE',  ( 0.000000000000000000, 1.000000000000000000, 0.000000000000000000 ) ) ;
#1805 = ORIENTED_EDGE ( 'NONE', *, *, #3399, .F. ) ;
#1806 = CARTESIAN_POINT ( 'NONE',  ( 0.1326093839537346719, 0.1360999999999999432, -0.07712108569941829306 ) ) ;
#1807 = ORIENTED_EDGE ( 'NONE', *, *, #2361, .F. ) ;
#1808 = PRESENTATION_STYLE_ASSIGNMENT (( #736 ) ) ;
#1809 = ADVANCED_FACE ( 'NONE', ( #3245 ), #3208, .T. ) ;
#1810 = LINE ( 'NONE', #2108, #112 ) ;
#1811 = UNCERTAINTY_MEASURE_WITH_UNIT (LENGTH_MEASURE( 1.000000000000000082E-05 ), #1292, 'distance_accuracy_value', 'NONE');
#1812 = VERTEX_POINT ( 'NONE', #1728 ) ;
#1813 = ORIENTED_EDGE ( 'NONE', *, *, #1989, .F. ) ;
#1814 = CARTESIAN_POINT ( 'NONE',  ( 0.1093691522809981942, 0.1359999999999999543, -0.08562607953163535457 ) ) ;
#1815 = SURFACE_SIDE_STYLE ('',( #185 ) ) ;
#1816 = EDGE_CURVE ( 'NONE', #1300, #2071, #1085, .T. ) ;
#1817 =( NAMED_UNIT ( * ) PLANE_ANGLE_UNIT ( ) SI_UNIT ( $, .RADIAN. ) );
#1818 = DIRECTION ( 'NONE',  ( 0.000000000000000000, 0.000000000000000000, -1.000000000000000000 ) ) ;
#1819 = ORIENTED_EDGE ( 'NONE', *, *, #371, .F. ) ;
#1820 = LINE ( 'NONE', #1332, #2561 ) ;
#1821 = CARTESIAN_POINT ( 'NONE',  ( 0.1709311383708822241, 0.1359999999999999543, -0.07423398105064507591 ) ) ;
#1822 = EDGE_LOOP ( 'NONE', ( #613, #2408, #3425, #2161 ) ) ;
#1823 =( NAMED_UNIT ( * ) SI_UNIT ( $, .STERADIAN. ) SOLID_ANGLE_UNIT ( ) );
#1824 = CARTESIAN_POINT ( 'NONE',  ( 0.1718797238673397954, 0.1360999999999999432, -0.08081564401866496439 ) ) ;
#1825 = LINE ( 'NONE', #1000, #3381 ) ;
#1826 = ORIENTED_EDGE ( 'NONE', *, *, #1911, .T. ) ;
#1827 = EDGE_LOOP ( 'NONE', ( #1394, #1546, #1148, #2315 ) ) ;
#1828 = PLANE ( 'NONE',  #1282 ) ;
#1829 = CARTESIAN_POINT ( 'NONE',  ( -1.592421940838084637E-16, 0.1280000000000000027, -0.1600000000000000033 ) ) ;
#1830 = CARTESIAN_POINT ( 'NONE',  ( 0.1551683411967554049, 0.1359999999999999543, -0.07848945205393094426 ) ) ;
#1831 = AXIS2_PLACEMENT_3D ( 'NONE', #3051, #1739, #965 ) ;
#1832 =( NAMED_UNIT ( * ) SI_UNIT ( $, .STERADIAN. ) SOLID_ANGLE_UNIT ( ) );
#1833 = EDGE_CURVE ( 'NONE', #2794, #1864, #2719, .T. ) ;
#1834 = CARTESIAN_POINT ( 'NONE',  ( 0.1775769342922963456, 0.1359999999999999543, -0.07631303976581767234 ) ) ;
#1835 = DIRECTION ( 'NONE',  ( 1.000000000000000000, 0.000000000000000000, 0.000000000000000000 ) ) ;
#1836 = STYLED_ITEM ( 'NONE', ( #457 ), #1856 ) ;
#1837 = EDGE_CURVE ( 'NONE', #2294, #1656, #3063, .T. ) ;
#1838 = ORIENTED_EDGE ( 'NONE', *, *, #2700, .T. ) ;
#1839 = AXIS2_PLACEMENT_3D ( 'NONE', #1690, #2749, #1962 ) ;
#1840 = FILL_AREA_STYLE ('',( #1333 ) ) ;
#1841 = VECTOR ( 'NONE', #1521, 1000.000000000000000 ) ;
#1842 = ORIENTED_EDGE ( 'NONE', *, *, #2437, .T. ) ;
#1843 = DIRECTION ( 'NONE',  ( 0.000000000000000000, 0.000000000000000000, 1.000000000000000000 ) ) ;
#1844 = LINE ( 'NONE', #2951, #235 ) ;
#1845 = VECTOR ( 'NONE', #2494, 1000.000000000000000 ) ;
#1846 = COLOUR_RGB ( '',0.7921568627450980005, 0.8196078431372548767, 0.9333333333333333481 ) ;
#1847 = ORIENTED_EDGE ( 'NONE', *, *, #1620, .T. ) ;
#1848 = ORIENTED_EDGE ( 'NONE', *, *, #850, .F. ) ;
#1849 = DIRECTION ( 'NONE',  ( 1.000000000000000000, 2.117582368135755038E-16, 0.000000000000000000 ) ) ;
#1850 = DIRECTION ( 'NONE',  ( 1.000000000000000000, -0.000000000000000000, 0.000000000000000000 ) ) ;
#1851 = COLOUR_RGB ( '',0.8980392156862745390, 0.9215686274509803377, 0.9294117647058823817 ) ;
#1852 = CARTESIAN_POINT ( 'NONE',  ( 0.1819999999999998563, 0.000000000000000000, 0.000000000000000000 ) ) ;
#1853 =( GEOMETRIC_REPRESENTATION_CONTEXT ( 3 ) GLOBAL_UNCERTAINTY_ASSIGNED_CONTEXT ( ( #2283 ) ) GLOBAL_UNIT_ASSIGNED_CONTEXT ( ( #937, #3078, #3059 ) ) REPRESENTATION_CONTEXT ( 'NONE', 'WORKASPACE' ) );
#1854 = CARTESIAN_POINT ( 'NONE',  ( 0.1709311383708822241, 0.1360999999999999432, -0.07837098428968064523 ) ) ;
#1855 = PLANE ( 'NONE',  #17 ) ;
#1856 = ADVANCED_FACE ( 'NONE', ( #2982 ), #2142, .T. ) ;
#1857 = AXIS2_PLACEMENT_3D ( 'NONE', #922, #2052, #945 ) ;
#1858 = ORIENTED_EDGE ( 'NONE', *, *, #1476, .T. ) ;
#1859 = CARTESIAN_POINT ( 'NONE',  ( 0.1859970709165037206, 0.1359999999999999543, -0.07631303976581767234 ) ) ;
#1860 = DIRECTION ( 'NONE',  ( 1.000000000000000000, 0.000000000000000000, 0.000000000000000000 ) ) ;
#1861 = VERTEX_POINT ( 'NONE', #491 ) ;
#1862 = LINE ( 'NONE', #2879, #2949 ) ;
#1863 = CARTESIAN_POINT ( 'NONE',  ( 0.1724739628385823231, 0.1359999999999999543, -0.07631303976581767234 ) ) ;
#1864 = VERTEX_POINT ( 'NONE', #705 ) ;
#1865 = ORIENTED_EDGE ( 'NONE', *, *, #2995, .F. ) ;
#1866 = PLANE ( 'NONE',  #1505 ) ;
#1867 = DIRECTION ( 'NONE',  ( 0.000000000000000000, 0.000000000000000000, -1.000000000000000000 ) ) ;
#1868 = LINE ( 'NONE', #2693, #3046 ) ;
#1869 = CARTESIAN_POINT ( 'NONE',  ( 0.1489693257569440488, 0.1360999999999999432, -0.07631303976581767234 ) ) ;
#1870 =( NAMED_UNIT ( * ) PLANE_ANGLE_UNIT ( ) SI_UNIT ( $, .RADIAN. ) );
#1871 = ADVANCED_FACE ( 'NONE', ( #3112 ), #1256, .T. ) ;
#1872 = VERTEX_POINT ( 'NONE', #1803 ) ;
#1873 = PLANE ( 'NONE',  #612 ) ;
#1874 = CARTESIAN_POINT ( 'NONE',  ( 0.1229184579531664018, 0.1360999999999999432, -0.06700000000000000400 ) ) ;
#1875 = ADVANCED_FACE ( 'NONE', ( #3415 ), #2559, .F. ) ;
#1876 = ORIENTED_EDGE ( 'NONE', *, *, #2664, .T. ) ;
#1877 = CARTESIAN_POINT ( 'NONE',  ( 0.1817870026044000331, 0.1359999999999999543, -0.07631303976581767234 ) ) ;
#1878 = EDGE_CURVE ( 'NONE', #1969, #25, #758, .T. ) ;
#1879 = EDGE_LOOP ( 'NONE', ( #995, #1631, #1206, #716, #2273, #3226, #2515, #322, #2579, #531, #1762, #1054 ) ) ;
#1880 = EDGE_LOOP ( 'NONE', ( #1169, #2235, #2603, #1842 ) ) ;
#1881 = DIRECTION ( 'NONE',  ( -1.000000000000000000, 0.000000000000000000, -0.000000000000000000 ) ) ;
#1882 = PRESENTATION_STYLE_ASSIGNMENT (( #873 ) ) ;
#1883 = CARTESIAN_POINT ( 'NONE',  ( -0.003999999999999989675, 7.473820122832050430E-19, 0.000000000000000000 ) ) ;
#1884 = VECTOR ( 'NONE', #8, 1000.000000000000000 ) ;
#1885 = VERTEX_POINT ( 'NONE', #1834 ) ;
#1886 = DIRECTION ( 'NONE',  ( 1.244079641279753820E-15, -1.000000000000000000, 0.000000000000000000 ) ) ;
#1887 = PRESENTATION_STYLE_ASSIGNMENT (( #2617 ) ) ;
#1888 = AXIS2_PLACEMENT_3D ( 'NONE', #1319, #520, #2880 ) ;
#1889 = PRESENTATION_LAYER_ASSIGNMENT (  '', '', ( #1216 ) ) ;
#1890 = VERTEX_POINT ( 'NONE', #2029 ) ;
#1891 = CARTESIAN_POINT ( 'NONE',  ( 0.1499042334625250439, 0.1359999999999999543, -0.07402959655194116251 ) ) ;
#1892 = CARTESIAN_POINT ( 'NONE',  ( 0.1284021445365344516, 0.1359999999999999543, -0.06700000000000000400 ) ) ;
#1893 = EDGE_CURVE ( 'NONE', #2538, #57, #2304, .T. ) ;
#1894 = EDGE_CURVE ( 'NONE', #2722, #576, #473, .T. ) ;
#1895 = ORIENTED_EDGE ( 'NONE', *, *, #2956, .T. ) ;
#1896 = AXIS2_PLACEMENT_3D ( 'NONE', #1754, #3101, #717 ) ;
#1897 = ORIENTED_EDGE ( 'NONE', *, *, #2012, .F. ) ;
#1898 = CARTESIAN_POINT ( 'NONE',  ( 0.1859970709165037206, 0.1360999999999999432, -0.07631303976581767234 ) ) ;
#1899 = DIRECTION ( 'NONE',  ( 0.000000000000000000, -0.000000000000000000, -1.000000000000000000 ) ) ;
#1900 = MECHANICAL_DESIGN_GEOMETRIC_PRESENTATION_REPRESENTATION (  '', ( #1619 ), #180 ) ;
#1901 = MECHANICAL_DESIGN_GEOMETRIC_PRESENTATION_REPRESENTATION (  '', ( #2958 ), #1353 ) ;
#1902 = ORIENTED_EDGE ( 'NONE', *, *, #3315, .F. ) ;
#1903 = DIRECTION ( 'NONE',  ( 1.000000000000000000, 0.000000000000000000, 0.000000000000000000 ) ) ;
#1904 = CARTESIAN_POINT ( 'NONE',  ( 0.1218468176105782924, 0.1359999999999999543, -0.07338067232939633755 ) ) ;
#1905 = ADVANCED_FACE ( 'NONE', ( #217 ), #2324, .F. ) ;
#1906 = ORIENTED_EDGE ( 'NONE', *, *, #2974, .T. ) ;
#1907 = DIRECTION ( 'NONE',  ( 1.000000000000000000, 0.000000000000000000, 0.000000000000000000 ) ) ;
#1908 = EDGE_LOOP ( 'NONE', ( #2915, #593, #2586, #856 ) ) ;
#1909 = ADVANCED_FACE ( 'NONE', ( #2135 ), #1041, .F. ) ;
#1910 = DIRECTION ( 'NONE',  ( 1.000000000000000000, 0.000000000000000000, 0.000000000000000000 ) ) ;
#1911 = EDGE_CURVE ( 'NONE', #1872, #1576, #794, .T. ) ;
#1912 = DIRECTION ( 'NONE',  ( 0.000000000000000000, 1.000000000000000000, 0.000000000000000000 ) ) ;
#1913 = CARTESIAN_POINT ( 'NONE',  ( 0.1200000000000001482, 0.1319999999999999507, 0.000000000000000000 ) ) ;
#1914 = PRESENTATION_STYLE_ASSIGNMENT (( #2478 ) ) ;
#1915 = UNCERTAINTY_MEASURE_WITH_UNIT (LENGTH_MEASURE( 1.000000000000000082E-05 ), #1122, 'distance_accuracy_value', 'NONE');
#1916 = CARTESIAN_POINT ( 'NONE',  ( 0.3019999999999998797, 0.000000000000000000, -0.1600000000000000033 ) ) ;
#1917 = DIRECTION ( 'NONE',  ( 0.000000000000000000, 1.000000000000000000, 0.000000000000000000 ) ) ;
#1918 = LINE ( 'NONE', #2977, #2160 ) ;
#1919 = EDGE_CURVE ( 'NONE', #2124, #925, #828, .T. ) ;
#1920 = VERTEX_POINT ( 'NONE', #3201 ) ;
#1921 = CYLINDRICAL_SURFACE ( 'NONE', #2961, 0.009313039765817697838 ) ;
#1922 = ORIENTED_EDGE ( 'NONE', *, *, #122, .F. ) ;
#1923 = DIRECTION ( 'NONE',  ( 0.000000000000000000, 0.000000000000000000, 1.000000000000000000 ) ) ;
#1924 = CARTESIAN_POINT ( 'NONE',  ( 0.1551683411967554049, 0.1359999999999999543, -0.07848945205393094426 ) ) ;
#1925 = ORIENTED_EDGE ( 'NONE', *, *, #1124, .T. ) ;
#1926 = LINE ( 'NONE', #1699, #1845 ) ;
#1927 = CARTESIAN_POINT ( 'NONE',  ( 0.1228695781172337576, 0.1359999999999999543, -0.08562607953163535457 ) ) ;
#1928 = LINE ( 'NONE', #3254, #1612 ) ;
#1929 = FILL_AREA_STYLE_COLOUR ( '', #21 ) ;
#1930 = CARTESIAN_POINT ( 'NONE',  ( -1.592421940838084637E-16, 0.1280000000000000027, -0.1600000000000000033 ) ) ;
#1931 = EDGE_CURVE ( 'NONE', #1414, #1084, #546, .T. ) ;
#1932 = ORIENTED_EDGE ( 'NONE', *, *, #1919, .T. ) ;
#1933 = CARTESIAN_POINT ( 'NONE',  ( 0.1817870026044000331, 0.1360999999999999432, -0.07631303976581767234 ) ) ;
#1934 = FACE_OUTER_BOUND ( 'NONE', #1354, .T. ) ;
#1935 = AXIS2_PLACEMENT_3D ( 'NONE', #807, #618, #2194 ) ;
#1936 = ORIENTED_EDGE ( 'NONE', *, *, #708, .T. ) ;
#1937 =( NAMED_UNIT ( * ) PLANE_ANGLE_UNIT ( ) SI_UNIT ( $, .RADIAN. ) );
#1938 = VECTOR ( 'NONE', #489, 1000.000000000000000 ) ;
#1939 = ORIENTED_EDGE ( 'NONE', *, *, #429, .T. ) ;
#1940 = CARTESIAN_POINT ( 'NONE',  ( 0.1577658759179219050, 0.1360999999999999432, -0.06700000000000000400 ) ) ;
#1941 = COLOUR_RGB ( '',0.8509803921568627194, 0.8509803921568627194, 0.8509803921568627194 ) ;
#1942 = CARTESIAN_POINT ( 'NONE',  ( 0.1200000000000000233, 0.1280000000000000027, -0.1600000000000000033 ) ) ;
#1943 = UNCERTAINTY_MEASURE_WITH_UNIT (LENGTH_MEASURE( 1.000000000000000082E-05 ), #2065, 'distance_accuracy_value', 'NONE');
#1944 =( GEOMETRIC_REPRESENTATION_CONTEXT ( 3 ) GLOBAL_UNCERTAINTY_ASSIGNED_CONTEXT ( ( #2639 ) ) GLOBAL_UNIT_ASSIGNED_CONTEXT ( ( #1229, #2279, #2243 ) ) REPRESENTATION_CONTEXT ( 'NONE', 'WORKASPACE' ) );
#1945 = CARTESIAN_POINT ( 'NONE',  ( 0.1160000000000000336, 0.1360999999999999432, -0.07338067232939633755 ) ) ;
#1946 = COLOUR_RGB ( '',0.8980392156862745390, 0.9215686274509803377, 0.9294117647058823817 ) ;
#1947 = DIRECTION ( 'NONE',  ( -1.000000000000000000, -1.244079641279754017E-15, 0.000000000000000000 ) ) ;
#1948 = VECTOR ( 'NONE', #1115, 1000.000000000000000 ) ;
#1949 = VERTEX_POINT ( 'NONE', #1092 ) ;
#1950 = ADVANCED_FACE ( 'NONE', ( #3240, #2429 ), #2963, .F. ) ;
#1951 = DIRECTION ( 'NONE',  ( 0.000000000000000000, 0.000000000000000000, 1.000000000000000000 ) ) ;
#1952 = FACE_OUTER_BOUND ( 'NONE', #161, .T. ) ;
#1953 = CLOSED_SHELL ( 'NONE', ( #1909, #532, #2569, #1370, #2854, #258 ) ) ;
#1954 = ORIENTED_EDGE ( 'NONE', *, *, #1079, .F. ) ;
#1955 = AXIS2_PLACEMENT_3D ( 'NONE', #2251, #3325, #976 ) ;
#1956 = CARTESIAN_POINT ( 'NONE',  ( 0.3019999999999998797, 0.1280000000000000027, -0.1600000000000000033 ) ) ;
#1957 = AXIS2_PLACEMENT_3D ( 'NONE', #1694, #595, #1968 ) ;
#1958 = EDGE_LOOP ( 'NONE', ( #250, #2254, #2008, #154 ) ) ;
#1959 = CARTESIAN_POINT ( 'NONE',  ( -8.470329472542864724E-19, -0.003999999999999927225, -0.1600000000000000033 ) ) ;
#1960 = DIRECTION ( 'NONE',  ( 1.000000000000000000, 0.000000000000000000, 0.000000000000000000 ) ) ;
#1961 = LINE ( 'NONE', #630, #1506 ) ;
#1962 = DIRECTION ( 'NONE',  ( -1.000000000000000000, 0.000000000000000000, 0.000000000000000000 ) ) ;
#1963 = EDGE_CURVE ( 'NONE', #1774, #2061, #779, .T. ) ;
#1964 = CARTESIAN_POINT ( 'NONE',  ( 0.1632206811371139377, 0.1359999999999999543, -0.07837098428968064523 ) ) ;
#1965 = SURFACE_STYLE_USAGE ( .BOTH. , #881 ) ;
#1966 = ORIENTED_EDGE ( 'NONE', *, *, #14, .T. ) ;
#1967 = FACE_OUTER_BOUND ( 'NONE', #820, .T. ) ;
#1968 = DIRECTION ( 'NONE',  ( -1.000000000000000000, 0.000000000000000000, 0.000000000000000000 ) ) ;
#1969 = VERTEX_POINT ( 'NONE', #12 ) ;
#1970 = CARTESIAN_POINT ( 'NONE',  ( 0.1819999999999998841, 0.1319999999999999507, -0.1600000000000000033 ) ) ;
#1971 = EDGE_CURVE ( 'NONE', #1681, #1890, #1637, .T. ) ;
#1972 = ORIENTED_EDGE ( 'NONE', *, *, #2544, .F. ) ;
#1973 = LINE ( 'NONE', #860, #3225 ) ;
#1974 = FILL_AREA_STYLE ('',( #156 ) ) ;
#1975 = EDGE_CURVE ( 'NONE', #3321, #2410, #2491, .T. ) ;
#1976 = VERTEX_POINT ( 'NONE', #1602 ) ;
#1977 = DIRECTION ( 'NONE',  ( 1.000000000000000000, 0.000000000000000000, 0.000000000000000000 ) ) ;
#1978 = FACE_BOUND ( 'NONE', #2574, .T. ) ;
#1979 = FILL_AREA_STYLE ('',( #902 ) ) ;
#1980 = ORIENTED_EDGE ( 'NONE', *, *, #1140, .T. ) ;
#1981 = CARTESIAN_POINT ( 'NONE',  ( 0.000000000000000000, 0.000000000000000000, -0.1600000000000000033 ) ) ;
#1982 = DIRECTION ( 'NONE',  ( 0.000000000000000000, 0.000000000000000000, -1.000000000000000000 ) ) ;
#1983 = EDGE_LOOP ( 'NONE', ( #1460, #3435, #3197, #625 ) ) ;
#1984 = CARTESIAN_POINT ( 'NONE',  ( 0.1819999999999998563, 0.1280000000000000027, -0.1600000000000000033 ) ) ;
#1985 = PRESENTATION_LAYER_ASSIGNMENT (  '', '', ( #1099 ) ) ;
#1986 = STYLED_ITEM ( 'NONE', ( #415 ), #1304 ) ;
#1987 = EDGE_LOOP ( 'NONE', ( #479, #356, #3416 ) ) ;
#1988 =( NAMED_UNIT ( * ) SI_UNIT ( $, .STERADIAN. ) SOLID_ANGLE_UNIT ( ) );
#1989 = EDGE_CURVE ( 'NONE', #227, #640, #2663, .T. ) ;
#1990 = FACE_OUTER_BOUND ( 'NONE', #2084, .T. ) ;
#1991 = COLOUR_RGB ( '',0.7921568627450980005, 0.8196078431372548767, 0.9333333333333333481 ) ;
#1992 = LINE ( 'NONE', #1483, #1279 ) ;
#1993 =( GEOMETRIC_REPRESENTATION_CONTEXT ( 3 ) GLOBAL_UNCERTAINTY_ASSIGNED_CONTEXT ( ( #1531 ) ) GLOBAL_UNIT_ASSIGNED_CONTEXT ( ( #1674, #2752, #1181 ) ) REPRESENTATION_CONTEXT ( 'NONE', 'WORKASPACE' ) );
#1994 = VERTEX_POINT ( 'NONE', #2404 ) ;
#1995 = MECHANICAL_DESIGN_GEOMETRIC_PRESENTATION_REPRESENTATION (  '', ( #822 ), #3218 ) ;
#1996 = CARTESIAN_POINT ( 'NONE',  ( 0.1632206811371139377, 0.1359999999999999543, -0.07423398105064507591 ) ) ;
#1997 = CARTESIAN_POINT ( 'NONE',  ( 0.1959999999999998410, 0.000000000000000000, -0.1600000000000000033 ) ) ;
#1998 = FILL_AREA_STYLE ('',( #433 ) ) ;
#1999 = SURFACE_STYLE_USAGE ( .BOTH. , #1815 ) ;
#2000 = COLOUR_RGB ( '',0.8980392156862745390, 0.9215686274509803377, 0.9294117647058823817 ) ;
#2001 = ORIENTED_EDGE ( 'NONE', *, *, #2712, .T. ) ;
#2002 = CARTESIAN_POINT ( 'NONE',  ( 0.1200000000000000233, 0.1280000000000000027, -0.1600000000000000033 ) ) ;
#2003 = MECHANICAL_DESIGN_GEOMETRIC_PRESENTATION_REPRESENTATION (  '', ( #946 ), #3279 ) ;
#2004 = DIRECTION ( 'NONE',  ( 0.000000000000000000, 0.000000000000000000, 1.000000000000000000 ) ) ;
#2005 = ORIENTED_EDGE ( 'NONE', *, *, #2893, .F. ) ;
#2006 = CARTESIAN_POINT ( 'NONE',  ( 0.1632206811371139377, 0.1360999999999999432, -0.08081564401866496439 ) ) ;
#2007 = DIRECTION ( 'NONE',  ( 1.000000000000000000, 0.000000000000000000, 0.000000000000000000 ) ) ;
#2008 = ORIENTED_EDGE ( 'NONE', *, *, #2654, .T. ) ;
#2009 = DIRECTION ( 'NONE',  ( 0.000000000000000000, 1.000000000000000000, 0.000000000000000000 ) ) ;
#2010 = EDGE_CURVE ( 'NONE', #2649, #2631, #31, .T. ) ;
#2011 = ORIENTED_EDGE ( 'NONE', *, *, #1412, .F. ) ;
#2012 = EDGE_CURVE ( 'NONE', #599, #3242, #2679, .T. ) ;
#2013 = SURFACE_SIDE_STYLE ('',( #620 ) ) ;
#2014 = LINE ( 'NONE', #3090, #2789 ) ;
#2015 = DIRECTION ( 'NONE',  ( 0.000000000000000000, 1.000000000000000000, 0.000000000000000000 ) ) ;
#2016 = EDGE_CURVE ( 'NONE', #2200, #2124, #1114, .T. ) ;
#2017 = CARTESIAN_POINT ( 'NONE',  ( 0.1959999999999998965, 0.1359999999999999543, -0.1600000000000000033 ) ) ;
#2018 = EDGE_CURVE ( 'NONE', #2584, #1414, #2184, .T. ) ;
#2019 = ORIENTED_EDGE ( 'NONE', *, *, #2730, .T. ) ;
#2020 =( NAMED_UNIT ( * ) PLANE_ANGLE_UNIT ( ) SI_UNIT ( $, .RADIAN. ) );
#2021 = DIRECTION ( 'NONE',  ( 1.000000000000000000, -0.000000000000000000, -0.000000000000000000 ) ) ;
#2022 = VERTEX_POINT ( 'NONE', #2214 ) ;
#2023 = FACE_OUTER_BOUND ( 'NONE', #2848, .T. ) ;
#2024 = FACE_BOUND ( 'NONE', #2883, .T. ) ;
#2025 = CARTESIAN_POINT ( 'NONE',  ( 0.000000000000000000, 0.000000000000000000, -0.1600000000000000033 ) ) ;
#2026 = PRESENTATION_STYLE_ASSIGNMENT (( #2804 ) ) ;
#2027 = DIRECTION ( 'NONE',  ( 0.000000000000000000, 1.000000000000000000, 0.000000000000000000 ) ) ;
#2028 = CARTESIAN_POINT ( 'NONE',  ( 0.1060000000000001358, 0.1319999999999999507, 0.000000000000000000 ) ) ;
#2029 = CARTESIAN_POINT ( 'NONE',  ( 0.1959999999999998965, 0.1359999999999999543, 0.000000000000000000 ) ) ;
#2030 = CARTESIAN_POINT ( 'NONE',  ( 0.1489744008276670528, 0.1360999999999999432, -0.07633893873314903655 ) ) ;
#2031 = EDGE_CURVE ( 'NONE', #975, #800, #1340, .T. ) ;
#2032 = VERTEX_POINT ( 'NONE', #1700 ) ;
#2033 = DIRECTION ( 'NONE',  ( 1.000000000000000000, 0.000000000000000000, 0.000000000000000000 ) ) ;
#2034 = DIRECTION ( 'NONE',  ( -0.4095838309161413116, 0.000000000000000000, -0.9122724842129448231 ) ) ;
#2035 = ORIENTED_EDGE ( 'NONE', *, *, #1650, .F. ) ;
#2036 = UNCERTAINTY_MEASURE_WITH_UNIT (LENGTH_MEASURE( 1.000000000000000082E-05 ), #1043, 'distance_accuracy_value', 'NONE');
#2037 = VECTOR ( 'NONE', #2255, 1000.000000000000000 ) ;
#2038 = ORIENTED_EDGE ( 'NONE', *, *, #2471, .F. ) ;
#2039 = LINE ( 'NONE', #742, #2552 ) ;
#2040 = PRESENTATION_STYLE_ASSIGNMENT (( #3412 ) ) ;
#2041 = FILL_AREA_STYLE_COLOUR ( '', #2152 ) ;
#2042 = CARTESIAN_POINT ( 'NONE',  ( 0.1817870026044000331, 0.1360999999999999432, -0.07631303976581767234 ) ) ;
#2043 = VECTOR ( 'NONE', #1621, 1000.000000000000000 ) ;
#2044 = PRESENTATION_LAYER_ASSIGNMENT (  '', '', ( #1454 ) ) ;
#2045 = DIRECTION ( 'NONE',  ( 0.000000000000000000, -1.000000000000000000, 0.000000000000000000 ) ) ;
#2046 = CARTESIAN_POINT ( 'NONE',  ( 0.1819999999999998563, 0.1280000000000000027, 0.000000000000000000 ) ) ;
#2047 = VECTOR ( 'NONE', #1547, 1000.000000000000000 ) ;
#2048 = ADVANCED_FACE ( 'NONE', ( #864 ), #3265, .F. ) ;
#2049 = VECTOR ( 'NONE', #2391, 1000.000000000000000 ) ;
#2050 = ORIENTED_EDGE ( 'NONE', *, *, #492, .T. ) ;
#2051 = LINE ( 'NONE', #1187, #2169 ) ;
#2052 = DIRECTION ( 'NONE',  ( -0.9122724842129449341, 0.000000000000000000, -0.4095838309161413671 ) ) ;
#2053 = MECHANICAL_DESIGN_GEOMETRIC_PRESENTATION_REPRESENTATION (  '', ( #721 ), #1459 ) ;
#2054 = ORIENTED_EDGE ( 'NONE', *, *, #2841, .T. ) ;
#2055 = AXIS2_PLACEMENT_3D ( 'NONE', #565, #1638, #2453 ) ;
#2056 = LINE ( 'NONE', #3420, #1451 ) ;
#2057 = DIRECTION ( 'NONE',  ( -1.000000000000000000, 0.000000000000000000, 0.000000000000000000 ) ) ;
#2058 = DIRECTION ( 'NONE',  ( 0.4062347190576025002, 0.000000000000000000, -0.9137687634364565215 ) ) ;
#2059 = DIRECTION ( 'NONE',  ( -1.000000000000000000, 2.117582368135755038E-16, 0.000000000000000000 ) ) ;
#2060 = AXIS2_PLACEMENT_3D ( 'NONE', #703, #2820, #3394 ) ;
#2061 = VERTEX_POINT ( 'NONE', #3303 ) ;
#2062 = EDGE_LOOP ( 'NONE', ( #2208, #2011, #989, #2675 ) ) ;
#2063 = AXIS2_PLACEMENT_3D ( 'NONE', #1135, #3028, #1429 ) ;
#2064 = CARTESIAN_POINT ( 'NONE',  ( 0.1959999999999998410, 0.000000000000000000, -0.1600000000000000033 ) ) ;
#2065 =( LENGTH_UNIT ( ) NAMED_UNIT ( * ) SI_UNIT ( .MILLI., .METRE. ) );
#2066 = LINE ( 'NONE', #2578, #1938 ) ;
#2067 = EDGE_CURVE ( 'NONE', #3104, #2091, #3009, .T. ) ;
#2068 =( LENGTH_UNIT ( ) NAMED_UNIT ( * ) SI_UNIT ( .MILLI., .METRE. ) );
#2069 = ORIENTED_EDGE ( 'NONE', *, *, #1971, .F. ) ;
#2070 =( NAMED_UNIT ( * ) SI_UNIT ( $, .STERADIAN. ) SOLID_ANGLE_UNIT ( ) );
#2071 = VERTEX_POINT ( 'NONE', #378 ) ;
#2072 = LINE ( 'NONE', #537, #226 ) ;
#2073 = DIRECTION ( 'NONE',  ( 0.000000000000000000, 0.000000000000000000, -1.000000000000000000 ) ) ;
#2074 = PLANE ( 'NONE',  #1888 ) ;
#2075 = EDGE_CURVE ( 'NONE', #1266, #1280, #1928, .T. ) ;
#2076 = UNCERTAINTY_MEASURE_WITH_UNIT (LENGTH_MEASURE( 1.000000000000000082E-05 ), #854, 'distance_accuracy_value', 'NONE');
#2077 = ORIENTED_EDGE ( 'NONE', *, *, #2369, .F. ) ;
#2078 = VERTEX_POINT ( 'NONE', #2231 ) ;
#2079 =( LENGTH_UNIT ( ) NAMED_UNIT ( * ) SI_UNIT ( .MILLI., .METRE. ) );
#2080 = DIRECTION ( 'NONE',  ( 1.000000000000000000, 0.000000000000000000, -0.000000000000000000 ) ) ;
#2081 = ADVANCED_FACE ( 'NONE', ( #915 ), #589, .T. ) ;
#2082 = DIRECTION ( 'NONE',  ( -1.000000000000000000, 0.000000000000000000, 0.000000000000000000 ) ) ;
#2083 = FACE_OUTER_BOUND ( 'NONE', #2433, .T. ) ;
#2084 = EDGE_LOOP ( 'NONE', ( #1052, #1865 ) ) ;
#2085 = PRESENTATION_STYLE_ASSIGNMENT (( #1028 ) ) ;
#2086 = VERTEX_POINT ( 'NONE', #1438 ) ;
#2087 = LINE ( 'NONE', #518, #819 ) ;
#2088 = DIRECTION ( 'NONE',  ( 0.000000000000000000, 1.000000000000000000, 0.000000000000000000 ) ) ;
#2089 = ORIENTED_EDGE ( 'NONE', *, *, #171, .F. ) ;
#2090 = EDGE_CURVE ( 'NONE', #3037, #296, #1671, .T. ) ;
#2091 = VERTEX_POINT ( 'NONE', #93 ) ;
#2092 = LINE ( 'NONE', #1324, #942 ) ;
#2093 = CARTESIAN_POINT ( 'NONE',  ( 0.1632206811371139377, 0.1359999999999999543, -0.07837098428968064523 ) ) ;
#2094 = PLANE ( 'NONE',  #646 ) ;
#2095 = DIRECTION ( 'NONE',  ( 0.000000000000000000, 1.000000000000000000, 0.000000000000000000 ) ) ;
#2096 = DIRECTION ( 'NONE',  ( 0.000000000000000000, -1.000000000000000000, 0.000000000000000000 ) ) ;
#2097 = CARTESIAN_POINT ( 'NONE',  ( 0.1301812967983449754, 0.1360999999999999432, -0.08562607953163534069 ) ) ;
#2098 = MECHANICAL_DESIGN_GEOMETRIC_PRESENTATION_REPRESENTATION (  '', ( #1216 ), #1335 ) ;
#2099 = MECHANICAL_DESIGN_GEOMETRIC_PRESENTATION_REPRESENTATION (  '', ( #1662 ), #2492 ) ;
#2100 = EDGE_CURVE ( 'NONE', #1770, #660, #3038, .T. ) ;
#2101 = ORIENTED_EDGE ( 'NONE', *, *, #1650, .T. ) ;
#2102 = MECHANICAL_DESIGN_GEOMETRIC_PRESENTATION_REPRESENTATION (  '', ( #173 ), #606 ) ;
#2103 = CARTESIAN_POINT ( 'NONE',  ( 0.000000000000000000, 0.1280000000000000027, 0.000000000000000000 ) ) ;
#2104 = AXIS2_PLACEMENT_3D ( 'NONE', #641, #1395, #1127 ) ;
#2105 = ORIENTED_EDGE ( 'NONE', *, *, #492, .F. ) ;
#2106 = CARTESIAN_POINT ( 'NONE',  ( 0.1295763198118896620, 0.1360999999999999432, -0.06964114473501427371 ) ) ;
#2107 = AXIS2_PLACEMENT_3D ( 'NONE', #2461, #88, #870 ) ;
#2108 = CARTESIAN_POINT ( 'NONE',  ( 0.1959999999999998965, 0.1319999999999999507, -0.1600000000000000033 ) ) ;
#2109 = ORIENTED_EDGE ( 'NONE', *, *, #377, .F. ) ;
#2110 = VERTEX_POINT ( 'NONE', #604 ) ;
#2111 = DIRECTION ( 'NONE',  ( 0.000000000000000000, 0.000000000000000000, 1.000000000000000000 ) ) ;
#2112 = LINE ( 'NONE', #544, #1121 ) ;
#2113 = VECTOR ( 'NONE', #1912, 1000.000000000000000 ) ;
#2114 = CARTESIAN_POINT ( 'NONE',  ( 0.1218468176105782924, 0.1360999999999999432, -0.06700000000000000400 ) ) ;
#2115 =( GEOMETRIC_REPRESENTATION_CONTEXT ( 3 ) GLOBAL_UNCERTAINTY_ASSIGNED_CONTEXT ( ( #2678 ) ) GLOBAL_UNIT_ASSIGNED_CONTEXT ( ( #1240, #3375, #3359 ) ) REPRESENTATION_CONTEXT ( 'NONE', 'WORKASPACE' ) );
#2116 = FILL_AREA_STYLE_COLOUR ( '', #2553 ) ;
#2117 = ADVANCED_FACE ( 'NONE', ( #2728 ), #82, .T. ) ;
#2118 = EDGE_CURVE ( 'NONE', #2383, #2411, #1720, .T. ) ;
#2119 = STYLED_ITEM ( 'NONE', ( #2085 ), #529 ) ;
#2120 = CARTESIAN_POINT ( 'NONE',  ( 0.3019999999999998797, 0.000000000000000000, 0.000000000000000000 ) ) ;
#2121 = FILL_AREA_STYLE ('',( #528 ) ) ;
#2122 = VECTOR ( 'NONE', #974, 1000.000000000000000 ) ;
#2123 = EDGE_CURVE ( 'NONE', #576, #2999, #1159, .T. ) ;
#2124 = VERTEX_POINT ( 'NONE', #3354 ) ;
#2125 = LINE ( 'NONE', #242, #842 ) ;
#2126 = EDGE_CURVE ( 'NONE', #3297, #1389, #666, .T. ) ;
#2127 = ORIENTED_EDGE ( 'NONE', *, *, #275, .T. ) ;
#2128 = CARTESIAN_POINT ( 'NONE',  ( 0.1312846670572519747, 0.1359999999999999543, -0.07417052299939663751 ) ) ;
#2129 = DIRECTION ( 'NONE',  ( -1.000000000000000000, 0.000000000000000000, 0.000000000000000000 ) ) ;
#2130 = CARTESIAN_POINT ( 'NONE',  ( 0.1446707792332130316, 0.1360999999999999432, -0.07633893873314903655 ) ) ;
#2131 = VERTEX_POINT ( 'NONE', #3390 ) ;
#2132 = ORIENTED_EDGE ( 'NONE', *, *, #514, .F. ) ;
#2133 = DIRECTION ( 'NONE',  ( -1.868455030708017455E-16, 1.000000000000000000, 0.000000000000000000 ) ) ;
#2134 = PLANE ( 'NONE',  #61 ) ;
#2135 = FACE_OUTER_BOUND ( 'NONE', #2656, .T. ) ;
#2136 = CARTESIAN_POINT ( 'NONE',  ( 0.1301812967983449754, 0.1360999999999999432, -0.08562607953163534069 ) ) ;
#2137 = VERTEX_POINT ( 'NONE', #2534 ) ;
#2138 = EDGE_CURVE ( 'NONE', #747, #3297, #1235, .T. ) ;
#2139 = CARTESIAN_POINT ( 'NONE',  ( -0.000000000000000000, 0.000000000000000000, -0.1600000000000000033 ) ) ;
#2140 = SURFACE_STYLE_FILL_AREA ( #1840 ) ;
#2141 = ORIENTED_EDGE ( 'NONE', *, *, #664, .T. ) ;
#2142 = PLANE ( 'NONE',  #940 ) ;
#2143 =( NAMED_UNIT ( * ) PLANE_ANGLE_UNIT ( ) SI_UNIT ( $, .RADIAN. ) );
#2144 = ORIENTED_EDGE ( 'NONE', *, *, #46, .F. ) ;
#2145 = ORIENTED_EDGE ( 'NONE', *, *, #3093, .F. ) ;
#2146 = SURFACE_SIDE_STYLE ('',( #774 ) ) ;
#2147 = CARTESIAN_POINT ( 'NONE',  ( 0.1446707792332130316, 0.1359999999999999543, -0.07633893873314903655 ) ) ;
#2148 = DIRECTION ( 'NONE',  ( 1.000000000000000000, -0.000000000000000000, -0.000000000000000000 ) ) ;
#2149 = UNCERTAINTY_MEASURE_WITH_UNIT (LENGTH_MEASURE( 1.000000000000000082E-05 ), #879, 'distance_accuracy_value', 'NONE');
#2150 = CARTESIAN_POINT ( 'NONE',  ( 0.1060000000000000248, 0.000000000000000000, 0.000000000000000000 ) ) ;
#2151 = PRESENTATION_STYLE_ASSIGNMENT (( #865 ) ) ;
#2152 = COLOUR_RGB ( '',0.8980392156862745390, 0.9215686274509803377, 0.9294117647058823817 ) ;
#2153 = ORIENTED_EDGE ( 'NONE', *, *, #157, .T. ) ;
#2154 = CARTESIAN_POINT ( 'NONE',  ( 0.3019999999999998797, 0.1319999999999999507, 0.000000000000000000 ) ) ;
#2155 = CARTESIAN_POINT ( 'NONE',  ( 0.04058796283216820067, 0.1359999999999999543, -0.02434558517244060638 ) ) ;
#2156 =( GEOMETRIC_REPRESENTATION_CONTEXT ( 3 ) GLOBAL_UNCERTAINTY_ASSIGNED_CONTEXT ( ( #3238 ) ) GLOBAL_UNIT_ASSIGNED_CONTEXT ( ( #260, #3178, #1561 ) ) REPRESENTATION_CONTEXT ( 'NONE', 'WORKASPACE' ) );
#2157 = EDGE_CURVE ( 'NONE', #844, #1093, #2262, .T. ) ;
#2158 = EDGE_CURVE ( 'NONE', #1097, #101, #1798, .T. ) ;
#2159 = AXIS2_PLACEMENT_3D ( 'NONE', #1474, #2522, #1923 ) ;
#2160 = VECTOR ( 'NONE', #2454, 1000.000000000000000 ) ;
#2161 = ORIENTED_EDGE ( 'NONE', *, *, #778, .T. ) ;
#2162 = STYLED_ITEM ( 'NONE', ( #1248 ), #979 ) ;
#2163 = ORIENTED_EDGE ( 'NONE', *, *, #1298, .F. ) ;
#2164 = MECHANICAL_DESIGN_GEOMETRIC_PRESENTATION_REPRESENTATION (  '', ( #394 ), #2781 ) ;
#2165 = EDGE_LOOP ( 'NONE', ( #3087, #2529, #1189, #484 ) ) ;
#2166 = PLANE ( 'NONE',  #1575 ) ;
#2167 = FILL_AREA_STYLE ('',( #561 ) ) ;
#2168 =( NAMED_UNIT ( * ) SI_UNIT ( $, .STERADIAN. ) SOLID_ANGLE_UNIT ( ) );
#2169 = VECTOR ( 'NONE', #1750, 1000.000000000000000 ) ;
#2170 = CARTESIAN_POINT ( 'NONE',  ( 0.1709311383708822241, 0.1360999999999999432, -0.07423398105064507591 ) ) ;
#2171 = MECHANICAL_DESIGN_GEOMETRIC_PRESENTATION_REPRESENTATION (  '', ( #3231 ), #836 ) ;
#2172 = SURFACE_SIDE_STYLE ('',( #1622 ) ) ;
#2173 = CLOSED_SHELL ( 'NONE', ( #1434, #1136, #814, #383, #2822, #1096, #1636, #2742, #1273, #624, #2688 ) ) ;
#2174 = ORIENTED_EDGE ( 'NONE', *, *, #2850, .T. ) ;
#2175 = AXIS2_PLACEMENT_3D ( 'NONE', #2510, #2583, #677 ) ;
#2176 = ORIENTED_EDGE ( 'NONE', *, *, #1680, .F. ) ;
#2177 = CARTESIAN_POINT ( 'NONE',  ( 0.000000000000000000, 0.000000000000000000, -0.1600000000000000033 ) ) ;
#2178 = CARTESIAN_POINT ( 'NONE',  ( 0.1368166233709348922, 0.1359999999999999543, -0.06700000000000000400 ) ) ;
#2179 = ORIENTED_EDGE ( 'NONE', *, *, #3253, .F. ) ;
#2180 = DIRECTION ( 'NONE',  ( 0.000000000000000000, 0.000000000000000000, 1.000000000000000000 ) ) ;
#2181 = ADVANCED_FACE ( 'NONE', ( #450 ), #2554, .T. ) ;
#2182 = DIRECTION ( 'NONE',  ( 1.000000000000000000, 0.000000000000000000, 0.000000000000000000 ) ) ;
#2183 = UNCERTAINTY_MEASURE_WITH_UNIT (LENGTH_MEASURE( 1.000000000000000082E-05 ), #3341, 'distance_accuracy_value', 'NONE');
#2184 = LINE ( 'NONE', #1945, #1221 ) ;
#2185 = DIRECTION ( 'NONE',  ( 1.000000000000000000, 0.000000000000000000, 0.000000000000000000 ) ) ;
#2186 = ORIENTED_EDGE ( 'NONE', *, *, #2912, .T. ) ;
#2187 = FACE_OUTER_BOUND ( 'NONE', #569, .T. ) ;
#2188 = CARTESIAN_POINT ( 'NONE',  ( 0.1060000000000000248, -0.004000000000000019165, -0.1600000000000000033 ) ) ;
#2189 = VERTEX_POINT ( 'NONE', #1775 ) ;
#2190 = FACE_OUTER_BOUND ( 'NONE', #2062, .T. ) ;
#2191 = PRODUCT_DEFINITION_SHAPE ( 'NONE', 'NONE',  #2780 ) ;
#2192 = ORIENTED_EDGE ( 'NONE', *, *, #2956, .F. ) ;
#2193 = CARTESIAN_POINT ( 'NONE',  ( 0.1577658759179219050, 0.1360999999999999432, -0.06700000000000000400 ) ) ;
#2194 = DIRECTION ( 'NONE',  ( 0.000000000000000000, 0.000000000000000000, -1.000000000000000000 ) ) ;
#2195 = FILL_AREA_STYLE_COLOUR ( '', #2947 ) ;
#2196 = EDGE_CURVE ( 'NONE', #3142, #3033, #2298, .T. ) ;
#2197 =( NAMED_UNIT ( * ) PLANE_ANGLE_UNIT ( ) SI_UNIT ( $, .RADIAN. ) );
#2198 =( NAMED_UNIT ( * ) PLANE_ANGLE_UNIT ( ) SI_UNIT ( $, .RADIAN. ) );
#2199 =( NAMED_UNIT ( * ) PLANE_ANGLE_UNIT ( ) SI_UNIT ( $, .RADIAN. ) );
#2200 = VERTEX_POINT ( 'NONE', #1288 ) ;
#2201 = CARTESIAN_POINT ( 'NONE',  ( 0.1718797238673397954, 0.1359999999999999543, -0.08562607953163535457 ) ) ;
#2202 = PRESENTATION_LAYER_ASSIGNMENT (  '', '', ( #2878 ) ) ;
#2203 = ORIENTED_EDGE ( 'NONE', *, *, #2682, .F. ) ;
#2204 = VECTOR ( 'NONE', #1485, 1000.000000000000000 ) ;
#2205 = PLANE ( 'NONE',  #290 ) ;
#2206 = CIRCLE ( 'NONE', #824, 0.004210068312103684013 ) ;
#2207 = ADVANCED_FACE ( 'NONE', ( #2286 ), #3126, .T. ) ;
#2208 = ORIENTED_EDGE ( 'NONE', *, *, #1601, .F. ) ;
#2209 = CARTESIAN_POINT ( 'NONE',  ( 0.1489744008276670528, 0.1360999999999999432, -0.07633893873314903655 ) ) ;
#2210 = STYLED_ITEM ( 'NONE', ( #402 ), #2048 ) ;
#2211 = PRESENTATION_LAYER_ASSIGNMENT (  '', '', ( #173 ) ) ;
#2212 =( NAMED_UNIT ( * ) PLANE_ANGLE_UNIT ( ) SI_UNIT ( $, .RADIAN. ) );
#2213 = VECTOR ( 'NONE', #3025, 1000.000000000000000 ) ;
#2214 = CARTESIAN_POINT ( 'NONE',  ( 0.000000000000000000, 0.000000000000000000, -0.1600000000000000033 ) ) ;
#2215 = DIRECTION ( 'NONE',  ( -3.388131789017233542E-14, -1.000000000000000000, -0.000000000000000000 ) ) ;
#2216 = VECTOR ( 'NONE', #191, 1000.000000000000227 ) ;
#2217 = DIRECTION ( 'NONE',  ( 1.000000000000000000, 0.000000000000000000, 0.000000000000000000 ) ) ;
#2218 = CIRCLE ( 'NONE', #3177, 0.004210068312103684013 ) ;
#2219 = MECHANICAL_DESIGN_GEOMETRIC_PRESENTATION_REPRESENTATION (  '', ( #3286 ), #18 ) ;
#2220 = EDGE_LOOP ( 'NONE', ( #3382, #3409, #1323, #2734 ) ) ;
#2221 = DIRECTION ( 'NONE',  ( 0.000000000000000000, 0.000000000000000000, -1.000000000000000000 ) ) ;
#2222 = EDGE_CURVE ( 'NONE', #3314, #75, #2039, .T. ) ;
#2223 = ORIENTED_EDGE ( 'NONE', *, *, #2018, .F. ) ;
#2224 =( GEOMETRIC_REPRESENTATION_CONTEXT ( 3 ) GLOBAL_UNCERTAINTY_ASSIGNED_CONTEXT ( ( #1249 ) ) GLOBAL_UNIT_ASSIGNED_CONTEXT ( ( #257, #534, #784 ) ) REPRESENTATION_CONTEXT ( 'NONE', 'WORKASPACE' ) );
#2225 = ADVANCED_FACE ( 'NONE', ( #3106 ), #2867, .T. ) ;
#2226 = PRESENTATION_LAYER_ASSIGNMENT (  '', '', ( #1524 ) ) ;
#2227 = ORIENTED_EDGE ( 'NONE', *, *, #3313, .F. ) ;
#2228 = PRESENTATION_STYLE_ASSIGNMENT (( #1433 ) ) ;
#2229 = DIRECTION ( 'NONE',  ( 0.000000000000000000, -1.000000000000000000, 0.000000000000000000 ) ) ;
#2230 = PLANE ( 'NONE',  #2998 ) ;
#2231 = CARTESIAN_POINT ( 'NONE',  ( 0.1718797238673397954, 0.1359999999999999543, -0.06700000000000000400 ) ) ;
#2232 = CARTESIAN_POINT ( 'NONE',  ( 0.1632206811371139377, 0.1360999999999999432, -0.08081564401866496439 ) ) ;
#2233 = CARTESIAN_POINT ( 'NONE',  ( 0.1489693257569440488, 0.1359999999999999543, -0.06700000000000000400 ) ) ;
#2234 = SURFACE_SIDE_STYLE ('',( #1132 ) ) ;
#2235 = ORIENTED_EDGE ( 'NONE', *, *, #405, .F. ) ;
#2236 = LINE ( 'NONE', #2421, #2996 ) ;
#2237 = CARTESIAN_POINT ( 'NONE',  ( 0.1284776653295801041, 0.1359999999999999543, -0.08562607953163535457 ) ) ;
#2238 = EDGE_CURVE ( 'NONE', #1012, #2424, #231, .T. ) ;
#2239 = VERTEX_POINT ( 'NONE', #3411 ) ;
#2240 = FILL_AREA_STYLE_COLOUR ( '', #1846 ) ;
#2241 = CARTESIAN_POINT ( 'NONE',  ( 0.1709311383708822241, 0.1359999999999999543, -0.07423398105064507591 ) ) ;
#2242 = VERTEX_POINT ( 'NONE', #2803 ) ;
#2243 =( NAMED_UNIT ( * ) SI_UNIT ( $, .STERADIAN. ) SOLID_ANGLE_UNIT ( ) );
#2244 = EDGE_CURVE ( 'NONE', #566, #57, #417, .T. ) ;
#2245 = SURFACE_STYLE_USAGE ( .BOTH. , #2013 ) ;
#2246 = ORIENTED_EDGE ( 'NONE', *, *, #2535, .T. ) ;
#2247 = FACE_OUTER_BOUND ( 'NONE', #1879, .T. ) ;
#2248 = PRESENTATION_STYLE_ASSIGNMENT (( #2525 ) ) ;
#2249 = ORIENTED_EDGE ( 'NONE', *, *, #1963, .T. ) ;
#2250 = DIRECTION ( 'NONE',  ( 0.000000000000000000, 0.000000000000000000, 1.000000000000000000 ) ) ;
#2251 = CARTESIAN_POINT ( 'NONE',  ( 0.1228695781172337576, 0.1359999999999999543, -0.08562607953163535457 ) ) ;
#2252 = AXIS2_PLACEMENT_3D ( 'NONE', #3200, #60, #1617 ) ;
#2253 = EDGE_CURVE ( 'NONE', #38, #3299, #1089, .T. ) ;
#2254 = ORIENTED_EDGE ( 'NONE', *, *, #535, .F. ) ;
#2255 = DIRECTION ( 'NONE',  ( 1.000000000000000000, 0.000000000000000000, 0.000000000000000000 ) ) ;
#2256 = VECTOR ( 'NONE', #597, 1000.000000000000000 ) ;
#2257 = DIRECTION ( 'NONE',  ( 0.000000000000000000, 0.000000000000000000, 1.000000000000000000 ) ) ;
#2258 = VECTOR ( 'NONE', #2217, 1000.000000000000000 ) ;
#2259 = VERTEX_POINT ( 'NONE', #1364 ) ;
#2260 = MECHANICAL_DESIGN_GEOMETRIC_PRESENTATION_REPRESENTATION (  '', ( #3221 ), #3329 ) ;
#2261 = VECTOR ( 'NONE', #3302, 1000.000000000000000 ) ;
#2262 = LINE ( 'NONE', #158, #1164 ) ;
#2263 = CARTESIAN_POINT ( 'NONE',  ( 0.1551683411967553772, 0.1359999999999999543, -0.08562607953163534069 ) ) ;
#2264 = EDGE_CURVE ( 'NONE', #508, #3405, #2357, .T. ) ;
#2265 =( NAMED_UNIT ( * ) PLANE_ANGLE_UNIT ( ) SI_UNIT ( $, .RADIAN. ) );
#2266 = CARTESIAN_POINT ( 'NONE',  ( 0.1200000000000000233, 0.1280000000000000027, -0.1600000000000000033 ) ) ;
#2267 = COLOUR_RGB ( '',0.8980392156862745390, 0.9215686274509803377, 0.9294117647058823817 ) ;
#2268 = PRESENTATION_STYLE_ASSIGNMENT (( #688 ) ) ;
#2269 = FILL_AREA_STYLE ('',( #1219 ) ) ;
#2270 = VECTOR ( 'NONE', #2180, 1000.000000000000000 ) ;
#2271 = FILL_AREA_STYLE_COLOUR ( '', #2842 ) ;
#2272 = MECHANICAL_DESIGN_GEOMETRIC_PRESENTATION_REPRESENTATION (  '', ( #948 ), #2723 ) ;
#2273 = ORIENTED_EDGE ( 'NONE', *, *, #2158, .F. ) ;
#2274 = VECTOR ( 'NONE', #510, 1000.000000000000000 ) ;
#2275 = SURFACE_SIDE_STYLE ('',( #3096 ) ) ;
#2276 = FACE_OUTER_BOUND ( 'NONE', #2753, .T. ) ;
#2277 = COLOUR_RGB ( '',0.1019607843137254888, 0.1019607843137254888, 0.1019607843137254888 ) ;
#2278 = ORIENTED_EDGE ( 'NONE', *, *, #134, .F. ) ;
#2279 =( NAMED_UNIT ( * ) PLANE_ANGLE_UNIT ( ) SI_UNIT ( $, .RADIAN. ) );
#2280 = VECTOR ( 'NONE', #1599, 1000.000000000000000 ) ;
#2281 = DIRECTION ( 'NONE',  ( 0.000000000000000000, 1.000000000000000000, 0.000000000000000000 ) ) ;
#2282 =( NAMED_UNIT ( * ) PLANE_ANGLE_UNIT ( ) SI_UNIT ( $, .RADIAN. ) );
#2283 = UNCERTAINTY_MEASURE_WITH_UNIT (LENGTH_MEASURE( 1.000000000000000082E-05 ), #937, 'distance_accuracy_value', 'NONE');
#2284 = ORIENTED_EDGE ( 'NONE', *, *, #443, .T. ) ;
#2285 = EDGE_CURVE ( 'NONE', #3033, #755, #2092, .T. ) ;
#2286 = FACE_OUTER_BOUND ( 'NONE', #542, .T. ) ;
#2287 = SURFACE_STYLE_FILL_AREA ( #955 ) ;
#2288 = CARTESIAN_POINT ( 'NONE',  ( 0.1632206811371139377, 0.1360999999999999432, -0.07837098428968064523 ) ) ;
#2289 = FACE_OUTER_BOUND ( 'NONE', #3044, .T. ) ;
#2290 = DIRECTION ( 'NONE',  ( 0.000000000000000000, 0.000000000000000000, 1.000000000000000000 ) ) ;
#2291 = VERTEX_POINT ( 'NONE', #3426 ) ;
#2292 =( LENGTH_UNIT ( ) NAMED_UNIT ( * ) SI_UNIT ( .MILLI., .METRE. ) );
#2293 = CARTESIAN_POINT ( 'NONE',  ( 0.1632206811371139377, 0.1360999999999999432, -0.07161294565237698306 ) ) ;
#2294 = VERTEX_POINT ( 'NONE', #2676 ) ;
#2295 = SURFACE_STYLE_FILL_AREA ( #1481 ) ;
#2296 = DIRECTION ( 'NONE',  ( 0.000000000000000000, 0.000000000000000000, 1.000000000000000000 ) ) ;
#2297 = EDGE_LOOP ( 'NONE', ( #914, #521, #1137, #1579, #1427, #271, #1020, #195 ) ) ;
#2298 = LINE ( 'NONE', #2852, #882 ) ;
#2299 = CARTESIAN_POINT ( 'NONE',  ( 0.1229184579531664018, 0.1359999999999999543, -0.06700000000000000400 ) ) ;
#2300 = PLANE ( 'NONE',  #2602 ) ;
#2301 = PLANE ( 'NONE',  #117 ) ;
#2302 = EDGE_CURVE ( 'NONE', #2389, #1442, #2412, .T. ) ;
#2303 = ORIENTED_EDGE ( 'NONE', *, *, #2930, .F. ) ;
#2304 = LINE ( 'NONE', #3374, #3048 ) ;
#2305 = FILL_AREA_STYLE ('',( #3309 ) ) ;
#2306 = EDGE_LOOP ( 'NONE', ( #1705, #2192, #2179, #634, #3342, #1826, #651, #416 ) ) ;
#2307 = PLANE ( 'NONE',  #1349 ) ;
#2308 = CARTESIAN_POINT ( 'NONE',  ( 0.000000000000000000, 0.000000000000000000, -0.1600000000000000033 ) ) ;
#2309 = ORIENTED_EDGE ( 'NONE', *, *, #535, .T. ) ;
#2310 = DIRECTION ( 'NONE',  ( 0.000000000000000000, 0.000000000000000000, -1.000000000000000000 ) ) ;
#2311 = SURFACE_SIDE_STYLE ('',( #1516 ) ) ;
#2312 = PRODUCT_DEFINITION_CONTEXT ( 'detailed design', #2748, 'design' ) ;
#2313 = ADVANCED_FACE ( 'NONE', ( #1598 ), #1866, .T. ) ;
#2314 = CIRCLE ( 'NONE', #817, 0.009313039765817670082 ) ;
#2315 = ORIENTED_EDGE ( 'NONE', *, *, #494, .T. ) ;
#2316 = ORIENTED_EDGE ( 'NONE', *, *, #1667, .F. ) ;
#2317 = FILL_AREA_STYLE_COLOUR ( '', #2778 ) ;
#2318 =( GEOMETRIC_REPRESENTATION_CONTEXT ( 3 ) GLOBAL_UNCERTAINTY_ASSIGNED_CONTEXT ( ( #1437 ) ) GLOBAL_UNIT_ASSIGNED_CONTEXT ( ( #109, #182, #2482 ) ) REPRESENTATION_CONTEXT ( 'NONE', 'WORKASPACE' ) );
#2319 = CARTESIAN_POINT ( 'NONE',  ( 0.1149772394933445824, 0.1359999999999999543, -0.08562607953163535457 ) ) ;
#2320 = DIRECTION ( 'NONE',  ( 0.000000000000000000, 1.000000000000000000, 0.000000000000000000 ) ) ;
#2321 = AXIS2_PLACEMENT_3D ( 'NONE', #1272, #745, #2611 ) ;
#2322 = VECTOR ( 'NONE', #580, 1000.000000000000000 ) ;
#2323 = ORIENTED_EDGE ( 'NONE', *, *, #2222, .T. ) ;
#2324 = PLANE ( 'NONE',  #439 ) ;
#2325 = DIRECTION ( 'NONE',  ( -0.3495804821831114406, -0.000000000000000000, -0.9369063381558603298 ) ) ;
#2326 = VECTOR ( 'NONE', #2907, 1000.000000000000000 ) ;
#2327 = VECTOR ( 'NONE', #2801, 1000.000000000000000 ) ;
#2328 = VECTOR ( 'NONE', #2352, 1000.000000000000000 ) ;
#2329 = ORIENTED_EDGE ( 'NONE', *, *, #2591, .T. ) ;
#2330 = ADVANCED_FACE ( 'NONE', ( #4 ), #1828, .T. ) ;
#2331 = LINE ( 'NONE', #1821, #1682 ) ;
#2332 = ORIENTED_EDGE ( 'NONE', *, *, #1419, .F. ) ;
#2333 = EDGE_CURVE ( 'NONE', #581, #1969, #299, .T. ) ;
#2334 = VECTOR ( 'NONE', #2925, 1000.000000000000000 ) ;
#2335 = CARTESIAN_POINT ( 'NONE',  ( 0.1060000000000001358, 0.1359999999999999543, 0.000000000000000000 ) ) ;
#2336 = MECHANICAL_DESIGN_GEOMETRIC_PRESENTATION_REPRESENTATION (  '', ( #2563 ), #401 ) ;
#2337 = VERTEX_POINT ( 'NONE', #1156 ) ;
#2338 = ORIENTED_EDGE ( 'NONE', *, *, #1215, .F. ) ;
#2339 = AXIS2_PLACEMENT_3D ( 'NONE', #2826, #2007, #442 ) ;
#2340 = DIRECTION ( 'NONE',  ( 0.000000000000000000, 0.000000000000000000, 1.000000000000000000 ) ) ;
#2341 = DIRECTION ( 'NONE',  ( -0.3632874376739629319, 0.000000000000000000, 0.9316771101772794994 ) ) ;
#2342 = LINE ( 'NONE', #2375, #1884 ) ;
#2343 = DIRECTION ( 'NONE',  ( 0.000000000000000000, 1.000000000000000000, 0.000000000000000000 ) ) ;
#2344 = DIRECTION ( 'NONE',  ( -1.000000000000000000, 0.000000000000000000, 0.000000000000000000 ) ) ;
#2345 = LINE ( 'NONE', #2593, #2334 ) ;
#2346 = ORIENTED_EDGE ( 'NONE', *, *, #1894, .T. ) ;
#2347 = FILL_AREA_STYLE ('',( #1357 ) ) ;
#2348 = CARTESIAN_POINT ( 'NONE',  ( 0.1819999999999998563, 0.1319999999999999507, -0.1600000000000000033 ) ) ;
#2349 = EDGE_CURVE ( 'NONE', #26, #2242, #364, .T. ) ;
#2350 = ORIENTED_EDGE ( 'NONE', *, *, #2865, .F. ) ;
#2351 = DIRECTION ( 'NONE',  ( -3.388131789017233542E-14, -1.000000000000000000, 0.000000000000000000 ) ) ;
#2352 = DIRECTION ( 'NONE',  ( 1.000000000000000000, 0.000000000000000000, 0.000000000000000000 ) ) ;
#2353 = DIRECTION ( 'NONE',  ( 0.000000000000000000, 0.000000000000000000, -1.000000000000000000 ) ) ;
#2354 = UNCERTAINTY_MEASURE_WITH_UNIT (LENGTH_MEASURE( 1.000000000000000082E-05 ), #3300, 'distance_accuracy_value', 'NONE');
#2355 = ORIENTED_EDGE ( 'NONE', *, *, #2016, .T. ) ;
#2356 = VERTEX_POINT ( 'NONE', #1645 ) ;
#2357 = LINE ( 'NONE', #313, #285 ) ;
#2358 = CARTESIAN_POINT ( 'NONE',  ( 0.1228695781172337576, 0.1360999999999999432, -0.08562607953163535457 ) ) ;
#2359 = DIRECTION ( 'NONE',  ( 0.8834373967207173051, 0.000000000000000000, -0.4685492141443864944 ) ) ;
#2360 = LINE ( 'NONE', #1852, #3222 ) ;
#2361 = EDGE_CURVE ( 'NONE', #508, #2771, #1973, .T. ) ;
#2362 = DIRECTION ( 'NONE',  ( 0.000000000000000000, 0.000000000000000000, -1.000000000000000000 ) ) ;
#2363 = EDGE_CURVE ( 'NONE', #1287, #2649, #1926, .T. ) ;
#2364 = VERTEX_POINT ( 'NONE', #2512 ) ;
#2365 = DIRECTION ( 'NONE',  ( -1.000000000000000000, 0.000000000000000000, -0.000000000000000000 ) ) ;
#2366 = CARTESIAN_POINT ( 'NONE',  ( 0.1368166233709348922, 0.1360999999999999432, -0.06700000000000000400 ) ) ;
#2367 = ORIENTED_EDGE ( 'NONE', *, *, #1601, .T. ) ;
#2368 = LINE ( 'NONE', #22, #2894 ) ;
#2369 = EDGE_CURVE ( 'NONE', #3310, #2137, #2985, .T. ) ;
#2370 = DIRECTION ( 'NONE',  ( 1.000000000000000000, 0.000000000000000000, 0.000000000000000000 ) ) ;
#2371 = ORIENTED_EDGE ( 'NONE', *, *, #1894, .F. ) ;
#2372 = ORIENTED_EDGE ( 'NONE', *, *, #2893, .T. ) ;
#2373 = EDGE_CURVE ( 'NONE', #2424, #1861, #1139, .T. ) ;
#2374 = CARTESIAN_POINT ( 'NONE',  ( 0.1499042334625250439, 0.1360999999999999432, -0.07213696656529688944 ) ) ;
#2375 = CARTESIAN_POINT ( 'NONE',  ( 0.1551683411967554049, 0.1359999999999999543, -0.07848945205393094426 ) ) ;
#2376 = CIRCLE ( 'NONE', #552, 0.004303621594454012586 ) ;
#2377 = FACE_OUTER_BOUND ( 'NONE', #1155, .T. ) ;
#2378 = VECTOR ( 'NONE', #685, 1000.000000000000000 ) ;
#2379 = EDGE_CURVE ( 'NONE', #75, #1567, #2497, .T. ) ;
#2380 =( NAMED_UNIT ( * ) PLANE_ANGLE_UNIT ( ) SI_UNIT ( $, .RADIAN. ) );
#2381 = VECTOR ( 'NONE', #564, 1000.000000000000000 ) ;
#2382 = VECTOR ( 'NONE', #702, 1000.000000000000000 ) ;
#2383 = VERTEX_POINT ( 'NONE', #586 ) ;
#2384 = AXIS2_PLACEMENT_3D ( 'NONE', #2783, #3023, #2466 ) ;
#2385 = PRESENTATION_LAYER_ASSIGNMENT (  '', '', ( #2162 ) ) ;
#2386 = FACE_OUTER_BOUND ( 'NONE', #2306, .T. ) ;
#2387 = CARTESIAN_POINT ( 'NONE',  ( 0.1093691522809981942, 0.1360999999999999432, -0.08562607953163535457 ) ) ;
#2388 = AXIS2_PLACEMENT_3D ( 'NONE', #2568, #175, #2057 ) ;
#2389 = VERTEX_POINT ( 'NONE', #2464 ) ;
#2390 = DIRECTION ( 'NONE',  ( -1.244079641279753820E-15, -1.000000000000000000, 0.000000000000000000 ) ) ;
#2391 = DIRECTION ( 'NONE',  ( 1.000000000000000000, 0.000000000000000000, 0.000000000000000000 ) ) ;
#2392 = VECTOR ( 'NONE', #1417, 1000.000000000000000 ) ;
#2393 = CARTESIAN_POINT ( 'NONE',  ( 0.1959999999999998410, 0.000000000000000000, 0.000000000000000000 ) ) ;
#2394 =( GEOMETRIC_REPRESENTATION_CONTEXT ( 3 ) GLOBAL_UNCERTAINTY_ASSIGNED_CONTEXT ( ( #826 ) ) GLOBAL_UNIT_ASSIGNED_CONTEXT ( ( #94, #2198, #3011 ) ) REPRESENTATION_CONTEXT ( 'NONE', 'WORKASPACE' ) );
#2395 = VECTOR ( 'NONE', #2736, 1000.000000000000000 ) ;
#2396 = ORIENTED_EDGE ( 'NONE', *, *, #674, .T. ) ;
#2397 = ORIENTED_EDGE ( 'NONE', *, *, #642, .F. ) ;
#2398 = FILL_AREA_STYLE_COLOUR ( '', #3105 ) ;
#2399 = LINE ( 'NONE', #578, #2280 ) ;
#2400 = CLOSED_SHELL ( 'NONE', ( #2117, #84, #575, #1550, #1413, #2634, #3171, #2500, #971, #1950, #2696, #320, #3060 ) ) ;
#2401 = CARTESIAN_POINT ( 'NONE',  ( 0.1093691522809981942, 0.1359999999999999543, -0.08562607953163535457 ) ) ;
#2402 = SURFACE_SIDE_STYLE ('',( #284 ) ) ;
#2403 = EDGE_CURVE ( 'NONE', #113, #1287, #2971, .T. ) ;
#2404 = CARTESIAN_POINT ( 'NONE',  ( 0.1551683411967554049, 0.1359999999999999543, -0.06700000000000000400 ) ) ;
#2405 = CARTESIAN_POINT ( 'NONE',  ( 0.1228695781172337576, 0.1359999999999999543, -0.08562607953163535457 ) ) ;
#2406 = VECTOR ( 'NONE', #988, 1000.000000000000000 ) ;
#2407 = ORIENTED_EDGE ( 'NONE', *, *, #1453, .T. ) ;
#2408 = ORIENTED_EDGE ( 'NONE', *, *, #3257, .F. ) ;
#2409 = SURFACE_SIDE_STYLE ('',( #2671 ) ) ;
#2410 = VERTEX_POINT ( 'NONE', #3020 ) ;
#2411 = VERTEX_POINT ( 'NONE', #374 ) ;
#2412 = LINE ( 'NONE', #2425, #2326 ) ;
#2413 = PRESENTATION_STYLE_ASSIGNMENT (( #393 ) ) ;
#2414 = PLANE ( 'NONE',  #1935 ) ;
#2415 = DIRECTION ( 'NONE',  ( 1.000000000000000000, 0.000000000000000000, 0.000000000000000000 ) ) ;
#2416 = ADVANCED_FACE ( 'NONE', ( #911 ), #845, .T. ) ;
#2417 = ORIENTED_EDGE ( 'NONE', *, *, #891, .F. ) ;
#2418 = FILL_AREA_STYLE ('',( #97 ) ) ;
#2419 = CARTESIAN_POINT ( 'NONE',  ( 0.1368166233709348922, 0.1359999999999999543, -0.06700000000000000400 ) ) ;
#2420 = ORIENTED_EDGE ( 'NONE', *, *, #3313, .T. ) ;
#2421 = CARTESIAN_POINT ( 'NONE',  ( 0.1819999999999998841, 0.1280000000000000027, -0.1600000000000000033 ) ) ;
#2422 = EDGE_CURVE ( 'NONE', #1976, #1656, #2447, .T. ) ;
#2423 = ORIENTED_EDGE ( 'NONE', *, *, #2594, .F. ) ;
#2424 = VERTEX_POINT ( 'NONE', #1940 ) ;
#2425 = CARTESIAN_POINT ( 'NONE',  ( 0.1551683411967553772, 0.1359999999999999543, -0.08064256032760304393 ) ) ;
#2426 = DIRECTION ( 'NONE',  ( 1.000000000000000000, 2.117582368135755532E-16, 0.000000000000000000 ) ) ;
#2427 = DIRECTION ( 'NONE',  ( -1.000000000000000000, 0.000000000000000000, 0.000000000000000000 ) ) ;
#2428 = UNCERTAINTY_MEASURE_WITH_UNIT (LENGTH_MEASURE( 1.000000000000000082E-05 ), #3021, 'distance_accuracy_value', 'NONE');
#2429 = FACE_OUTER_BOUND ( 'NONE', #3316, .T. ) ;
#2430 = VECTOR ( 'NONE', #898, 1000.000000000000227 ) ;
#2431 = LINE ( 'NONE', #2708, #1171 ) ;
#2432 = PRESENTATION_LAYER_ASSIGNMENT (  '', '', ( #2882 ) ) ;
#2433 = EDGE_LOOP ( 'NONE', ( #41, #1642, #2711, #1265 ) ) ;
#2434 = CARTESIAN_POINT ( 'NONE',  ( 0.1819999999999998841, 0.1319999999999999507, -0.1600000000000000033 ) ) ;
#2435 = DIRECTION ( 'NONE',  ( 0.000000000000000000, 0.000000000000000000, -1.000000000000000000 ) ) ;
#2436 = COLOUR_RGB ( '',0.7921568627450980005, 0.8196078431372548767, 0.9333333333333333481 ) ;
#2437 = EDGE_CURVE ( 'NONE', #1266, #2616, #397, .T. ) ;
#2438 = PRESENTATION_LAYER_ASSIGNMENT (  '', '', ( #1501 ) ) ;
#2439 = PRESENTATION_LAYER_ASSIGNMENT (  '', '', ( #286 ) ) ;
#2440 = ORIENTED_EDGE ( 'NONE', *, *, #990, .F. ) ;
#2441 = PLANE ( 'NONE',  #2159 ) ;
#2442 = DIRECTION ( 'NONE',  ( 0.000000000000000000, 1.000000000000000000, 0.000000000000000000 ) ) ;
#2443 = PRESENTATION_LAYER_ASSIGNMENT (  '', '', ( #3221 ) ) ;
#2444 = ADVANCED_FACE ( 'NONE', ( #351 ), #3005, .F. ) ;
#2445 = ORIENTED_EDGE ( 'NONE', *, *, #2010, .F. ) ;
#2446 = VECTOR ( 'NONE', #629, 1000.000000000000000 ) ;
#2447 = LINE ( 'NONE', #1713, #2270 ) ;
#2448 = SURFACE_SIDE_STYLE ('',( #3199 ) ) ;
#2449 = CARTESIAN_POINT ( 'NONE',  ( 0.1200000000000000233, 0.000000000000000000, -0.1600000000000000033 ) ) ;
#2450 = CARTESIAN_POINT ( 'NONE',  ( 0.1200000000000000233, 0.1280000000000000027, 0.000000000000000000 ) ) ;
#2451 = SURFACE_STYLE_USAGE ( .BOTH. , #1144 ) ;
#2452 = VECTOR ( 'NONE', #1062, 1000.000000000000000 ) ;
#2453 = DIRECTION ( 'NONE',  ( 1.000000000000000000, 0.000000000000000000, -0.000000000000000000 ) ) ;
#2454 = DIRECTION ( 'NONE',  ( 0.000000000000000000, 0.000000000000000000, 1.000000000000000000 ) ) ;
#2455 = AXIS2_PLACEMENT_3D ( 'NONE', #2064, #2080, #3143 ) ;
#2456 = EDGE_LOOP ( 'NONE', ( #85, #811, #2488, #1592, #1663, #3029, #1902, #2651 ) ) ;
#2457 = DIRECTION ( 'NONE',  ( -1.000000000000000000, 0.000000000000000000, 0.000000000000000000 ) ) ;
#2458 = FACE_OUTER_BOUND ( 'NONE', #2967, .T. ) ;
#2459 = VERTEX_POINT ( 'NONE', #3050 ) ;
#2460 =( NAMED_UNIT ( * ) PLANE_ANGLE_UNIT ( ) SI_UNIT ( $, .RADIAN. ) );
#2461 = CARTESIAN_POINT ( 'NONE',  ( 0.1817870026044000331, 0.1359999999999999543, -0.07631303976581767234 ) ) ;
#2462 = EDGE_CURVE ( 'NONE', #581, #3049, #926, .T. ) ;
#2463 = ORIENTED_EDGE ( 'NONE', *, *, #1702, .F. ) ;
#2464 = CARTESIAN_POINT ( 'NONE',  ( 0.1551683411967553772, 0.1359999999999999543, -0.08064256032760304393 ) ) ;
#2465 = SURFACE_SIDE_STYLE ('',( #1347 ) ) ;
#2466 = DIRECTION ( 'NONE',  ( -1.000000000000000000, 0.000000000000000000, 0.000000000000000000 ) ) ;
#2467 = FACE_OUTER_BOUND ( 'NONE', #432, .T. ) ;
#2468 = VERTEX_POINT ( 'NONE', #661 ) ;
#2469 = LINE ( 'NONE', #1149, #2832 ) ;
#2470 = FACE_OUTER_BOUND ( 'NONE', #2493, .T. ) ;
#2471 = EDGE_CURVE ( 'NONE', #2722, #2259, #2547, .T. ) ;
#2472 = ORIENTED_EDGE ( 'NONE', *, *, #3340, .T. ) ;
#2473 = FACE_OUTER_BOUND ( 'NONE', #787, .T. ) ;
#2474 = ORIENTED_EDGE ( 'NONE', *, *, #3403, .F. ) ;
#2475 = EDGE_CURVE ( 'NONE', #3211, #1624, #481, .T. ) ;
#2476 = FILL_AREA_STYLE ('',( #2744 ) ) ;
#2477 = CARTESIAN_POINT ( 'NONE',  ( 0.1229184579531664018, 0.1359999999999999543, -0.06700000000000000400 ) ) ;
#2478 = SURFACE_STYLE_USAGE ( .BOTH. , #849 ) ;
#2479 = ADVANCED_FACE ( 'NONE', ( #155 ), #998, .F. ) ;
#2480 = EDGE_CURVE ( 'NONE', #679, #1194, #3070, .T. ) ;
#2481 = DIRECTION ( 'NONE',  ( 0.000000000000000000, 0.000000000000000000, 1.000000000000000000 ) ) ;
#2482 =( NAMED_UNIT ( * ) SI_UNIT ( $, .STERADIAN. ) SOLID_ANGLE_UNIT ( ) );
#2483 = LINE ( 'NONE', #1145, #1948 ) ;
#2484 = ADVANCED_FACE ( 'NONE', ( #2023 ), #3122, .F. ) ;
#2485 = ORIENTED_EDGE ( 'NONE', *, *, #1103, .T. ) ;
#2486 = SURFACE_STYLE_USAGE ( .BOTH. , #323 ) ;
#2487 =( NAMED_UNIT ( * ) PLANE_ANGLE_UNIT ( ) SI_UNIT ( $, .RADIAN. ) );
#2488 = ORIENTED_EDGE ( 'NONE', *, *, #3328, .F. ) ;
#2489 = VECTOR ( 'NONE', #2918, 1000.000000000000000 ) ;
#2490 = SURFACE_STYLE_FILL_AREA ( #3246 ) ;
#2491 = CIRCLE ( 'NONE', #991, 0.009313039765817670082 ) ;
#2492 =( GEOMETRIC_REPRESENTATION_CONTEXT ( 3 ) GLOBAL_UNCERTAINTY_ASSIGNED_CONTEXT ( ( #483 ) ) GLOBAL_UNIT_ASSIGNED_CONTEXT ( ( #1214, #970, #1500 ) ) REPRESENTATION_CONTEXT ( 'NONE', 'WORKASPACE' ) );
#2493 = EDGE_LOOP ( 'NONE', ( #506, #796, #1306, #2920 ) ) ;
#2494 = DIRECTION ( 'NONE',  ( 0.000000000000000000, 0.000000000000000000, 1.000000000000000000 ) ) ;
#2495 = CARTESIAN_POINT ( 'NONE',  ( 0.000000000000000000, 0.000000000000000000, -0.1600000000000000033 ) ) ;
#2496 = CARTESIAN_POINT ( 'NONE',  ( 0.1499042334625250439, 0.1360999999999999432, -0.07402959655194116251 ) ) ;
#2497 = CIRCLE ( 'NONE', #176, 0.004303621594454012586 ) ;
#2498 = CARTESIAN_POINT ( 'NONE',  ( 0.1419872734518713431, 0.1360999999999999432, -0.06700000000000000400 ) ) ;
#2499 = PRESENTATION_LAYER_ASSIGNMENT (  '', '', ( #3004 ) ) ;
#2500 = ADVANCED_FACE ( 'NONE', ( #519 ), #2637, .T. ) ;
#2501 =( GEOMETRIC_REPRESENTATION_CONTEXT ( 3 ) GLOBAL_UNCERTAINTY_ASSIGNED_CONTEXT ( ( #2149 ) ) GLOBAL_UNIT_ASSIGNED_CONTEXT ( ( #879, #319, #3267 ) ) REPRESENTATION_CONTEXT ( 'NONE', 'WORKASPACE' ) );
#2502 = ORIENTED_EDGE ( 'NONE', *, *, #37, .T. ) ;
#2503 = DIRECTION ( 'NONE',  ( 0.000000000000000000, 1.000000000000000000, 0.000000000000000000 ) ) ;
#2504 = PRODUCT ( 'RS_SMDCHIP_0075_L0.31W0.16T0.14B10.11B20.11', 'RS_SMDCHIP_0075_L0.31W0.16T0.14B10.11B20.11', '', ( #682 ) ) ;
#2505 =( LENGTH_UNIT ( ) NAMED_UNIT ( * ) SI_UNIT ( .MILLI., .METRE. ) );
#2506 = CLOSED_SHELL ( 'NONE', ( #1464, #321, #2747, #2990, #932, #1230, #2225, #797, #3353, #1809, #1515, #631, #1767, #2962 ) ) ;
#2507 = ORIENTED_EDGE ( 'NONE', *, *, #3139, .T. ) ;
#2508 = VECTOR ( 'NONE', #76, 1000.000000000000000 ) ;
#2509 = SURFACE_STYLE_FILL_AREA ( #1732 ) ;
#2510 = CARTESIAN_POINT ( 'NONE',  ( 0.1817870026044000331, 0.1359999999999999543, -0.07631303976581767234 ) ) ;
#2511 = EDGE_LOOP ( 'NONE', ( #2109, #1016, #2001, #2558 ) ) ;
#2512 = CARTESIAN_POINT ( 'NONE',  ( 0.1959999999999998965, 0.1359999999999999543, -0.1600000000000000033 ) ) ;
#2513 = FILL_AREA_STYLE_COLOUR ( '', #704 ) ;
#2514 =( NAMED_UNIT ( * ) PLANE_ANGLE_UNIT ( ) SI_UNIT ( $, .RADIAN. ) );
#2515 = ORIENTED_EDGE ( 'NONE', *, *, #2090, .F. ) ;
#2516 = DIRECTION ( 'NONE',  ( 0.000000000000000000, 0.000000000000000000, 1.000000000000000000 ) ) ;
#2517 = DIRECTION ( 'NONE',  ( 0.4062347190576025002, 0.000000000000000000, 0.9137687634364565215 ) ) ;
#2518 = FACE_OUTER_BOUND ( 'NONE', #2456, .T. ) ;
#2519 = CARTESIAN_POINT ( 'NONE',  ( 0.3020000000000000462, 0.1280000000000000027, 0.000000000000000000 ) ) ;
#2520 = FILL_AREA_STYLE ('',( #186 ) ) ;
#2521 = ORIENTED_EDGE ( 'NONE', *, *, #3095, .T. ) ;
#2522 = DIRECTION ( 'NONE',  ( 0.000000000000000000, 1.000000000000000000, 0.000000000000000000 ) ) ;
#2523 = EDGE_CURVE ( 'NONE', #3211, #218, #1338, .T. ) ;
#2524 = EDGE_CURVE ( 'NONE', #2337, #1596, #1844, .T. ) ;
#2525 = SURFACE_STYLE_USAGE ( .BOTH. , #690 ) ;
#2526 = ORIENTED_EDGE ( 'NONE', *, *, #1551, .F. ) ;
#2527 = FACE_OUTER_BOUND ( 'NONE', #1507, .T. ) ;
#2528 = PLANE ( 'NONE',  #1857 ) ;
#2529 = ORIENTED_EDGE ( 'NONE', *, *, #2462, .F. ) ;
#2530 = EDGE_CURVE ( 'NONE', #101, #3211, #1318, .T. ) ;
#2531 = PRESENTATION_STYLE_ASSIGNMENT (( #446 ) ) ;
#2532 = DIRECTION ( 'NONE',  ( 0.000000000000000000, -1.000000000000000000, 0.000000000000000000 ) ) ;
#2533 = FACE_OUTER_BOUND ( 'NONE', #2911, .T. ) ;
#2534 = CARTESIAN_POINT ( 'NONE',  ( 0.1200000000000000233, 0.1319999999999999507, 0.000000000000000000 ) ) ;
#2535 = EDGE_CURVE ( 'NONE', #782, #2189, #1862, .T. ) ;
#2536 = FACE_OUTER_BOUND ( 'NONE', #1827, .T. ) ;
#2537 = CARTESIAN_POINT ( 'NONE',  ( 0.1200000000000000233, 0.1280000000000000027, 0.000000000000000000 ) ) ;
#2538 = VERTEX_POINT ( 'NONE', #1824 ) ;
#2539 = ORIENTED_EDGE ( 'NONE', *, *, #178, .F. ) ;
#2540 = FACE_OUTER_BOUND ( 'NONE', #1259, .T. ) ;
#2541 = ORIENTED_EDGE ( 'NONE', *, *, #1522, .T. ) ;
#2542 = CARTESIAN_POINT ( 'NONE',  ( 0.1489744008276670806, 0.1359999999999999543, -0.07633893873314903655 ) ) ;
#2543 = VECTOR ( 'NONE', #78, 1000.000000000000000 ) ;
#2544 = EDGE_CURVE ( 'NONE', #2895, #3242, #2368, .T. ) ;
#2545 = PRESENTATION_LAYER_ASSIGNMENT (  '', '', ( #602 ) ) ;
#2546 = ORIENTED_EDGE ( 'NONE', *, *, #2285, .F. ) ;
#2547 = LINE ( 'NONE', #1794, #1785 ) ;
#2548 = CARTESIAN_POINT ( 'NONE',  ( 0.1326093839537346719, 0.1359999999999999543, -0.07712108569941829306 ) ) ;
#2549 = VECTOR ( 'NONE', #2344, 1000.000000000000000 ) ;
#2550 = AXIS2_PLACEMENT_3D ( 'NONE', #3129, #2320, #687 ) ;
#2551 = ORIENTED_EDGE ( 'NONE', *, *, #1320, .F. ) ;
#2552 = VECTOR ( 'NONE', #2605, 1000.000000000000000 ) ;
#2553 = COLOUR_RGB ( '',0.8509803921568627194, 0.8509803921568627194, 0.8509803921568627194 ) ;
#2554 = PLANE ( 'NONE',  #827 ) ;
#2555 = CARTESIAN_POINT ( 'NONE',  ( 0.1577658759179219050, 0.1360999999999999432, -0.08562607953163535457 ) ) ;
#2556 = DIRECTION ( 'NONE',  ( 1.000000000000000000, 0.000000000000000000, 0.000000000000000000 ) ) ;
#2557 = VECTOR ( 'NONE', #696, 1000.000000000000000 ) ;
#2558 = ORIENTED_EDGE ( 'NONE', *, *, #1532, .T. ) ;
#2559 = PLANE ( 'NONE',  #3160 ) ;
#2560 = AXIS2_PLACEMENT_3D ( 'NONE', #3148, #292, #748 ) ;
#2561 = VECTOR ( 'NONE', #2979, 1000.000000000000000 ) ;
#2562 = ORIENTED_EDGE ( 'NONE', *, *, #2118, .F. ) ;
#2563 = STYLED_ITEM ( 'NONE', ( #2040 ), #91 ) ;
#2564 = CARTESIAN_POINT ( 'NONE',  ( 0.1959999999999998410, -0.004000000000000019165, 0.000000000000000000 ) ) ;
#2565 = MECHANICAL_DESIGN_GEOMETRIC_PRESENTATION_REPRESENTATION (  '', ( #3114 ), #2501 ) ;
#2566 = MECHANICAL_DESIGN_GEOMETRIC_PRESENTATION_REPRESENTATION (  '', ( #2119 ), #3120 ) ;
#2567 = ORIENTED_EDGE ( 'NONE', *, *, #2333, .F. ) ;
#2568 = CARTESIAN_POINT ( 'NONE',  ( 0.3019999999999998797, 0.000000000000000000, -0.1600000000000000033 ) ) ;
#2569 = ADVANCED_FACE ( 'NONE', ( #2917 ), #3438, .T. ) ;
#2570 = VECTOR ( 'NONE', #2290, 1000.000000000000000 ) ;
#2571 = DIRECTION ( 'NONE',  ( 0.000000000000000000, 0.000000000000000000, 1.000000000000000000 ) ) ;
#2572 = SURFACE_STYLE_USAGE ( .BOTH. , #2311 ) ;
#2573 = UNCERTAINTY_MEASURE_WITH_UNIT (LENGTH_MEASURE( 1.000000000000000082E-05 ), #2937, 'distance_accuracy_value', 'NONE');
#2574 = EDGE_LOOP ( 'NONE', ( #438, #1019, #3207 ) ) ;
#2575 =( NAMED_UNIT ( * ) SI_UNIT ( $, .STERADIAN. ) SOLID_ANGLE_UNIT ( ) );
#2576 = CARTESIAN_POINT ( 'NONE',  ( 0.1489693257569440488, 0.1359999999999999543, -0.07631303976581767234 ) ) ;
#2577 = CARTESIAN_POINT ( 'NONE',  ( 0.1200000000000000233, 0.1319999999999999507, -0.1600000000000000033 ) ) ;
#2578 = CARTESIAN_POINT ( 'NONE',  ( 0.1632206811371139377, 0.1359999999999999543, -0.07423398105064507591 ) ) ;
#2579 = ORIENTED_EDGE ( 'NONE', *, *, #863, .F. ) ;
#2580 = CARTESIAN_POINT ( 'NONE',  ( 0.1200000000000001482, 0.1319999999999999507, -0.1600000000000000033 ) ) ;
#2581 = PLANE ( 'NONE',  #3285 ) ;
#2582 = EDGE_LOOP ( 'NONE', ( #1972, #3277, #55, #3247 ) ) ;
#2583 = DIRECTION ( 'NONE',  ( 0.000000000000000000, 1.000000000000000000, 0.000000000000000000 ) ) ;
#2584 = VERTEX_POINT ( 'NONE', #1302 ) ;
#2585 = DIRECTION ( 'NONE',  ( -1.000000000000000000, 0.000000000000000000, 0.000000000000000000 ) ) ;
#2586 = ORIENTED_EDGE ( 'NONE', *, *, #279, .T. ) ;
#2587 = DIRECTION ( 'NONE',  ( 1.000000000000000000, 0.000000000000000000, 0.000000000000000000 ) ) ;
#2588 = DIRECTION ( 'NONE',  ( -0.4685492141443864389, -0.000000000000000000, -0.8834373967207171940 ) ) ;
#2589 = DIRECTION ( 'NONE',  ( 1.000000000000000000, 0.000000000000000000, 0.000000000000000000 ) ) ;
#2590 = LINE ( 'NONE', #1367, #2943 ) ;
#2591 = EDGE_CURVE ( 'NONE', #2078, #1861, #3154, .T. ) ;
#2592 = DIRECTION ( 'NONE',  ( -0.4685492141443864389, -0.000000000000000000, -0.8834373967207171940 ) ) ;
#2593 = CARTESIAN_POINT ( 'NONE',  ( -0.000000000000000000, 0.000000000000000000, 0.000000000000000000 ) ) ;
#2594 = EDGE_CURVE ( 'NONE', #338, #883, #1049, .T. ) ;
#2595 = EDGE_LOOP ( 'NONE', ( #2984, #2145, #3377, #2420 ) ) ;
#2596 = CARTESIAN_POINT ( 'NONE',  ( 0.1551683411967553772, 0.1359999999999999543, -0.08562607953163534069 ) ) ;
#2597 = LINE ( 'NONE', #412, #1125 ) ;
#2598 = ORIENTED_EDGE ( 'NONE', *, *, #1975, .T. ) ;
#2599 = PRESENTATION_STYLE_ASSIGNMENT (( #1086 ) ) ;
#2600 = CARTESIAN_POINT ( 'NONE',  ( -0.003999999999999965389, 0.1319999999999999507, -0.1600000000000000033 ) ) ;
#2601 = UNCERTAINTY_MEASURE_WITH_UNIT (LENGTH_MEASURE( 1.000000000000000082E-05 ), #808, 'distance_accuracy_value', 'NONE');
#2602 = AXIS2_PLACEMENT_3D ( 'NONE', #1830, #2888, #3371 ) ;
#2603 = ORIENTED_EDGE ( 'NONE', *, *, #738, .T. ) ;
#2604 = ORIENTED_EDGE ( 'NONE', *, *, #923, .F. ) ;
#2605 = DIRECTION ( 'NONE',  ( 0.000000000000000000, 0.000000000000000000, 1.000000000000000000 ) ) ;
#2606 = VECTOR ( 'NONE', #735, 1000.000000000000000 ) ;
#2607 = MECHANICAL_DESIGN_GEOMETRIC_PRESENTATION_REPRESENTATION (  '', ( #1454 ), #3386 ) ;
#2608 = DIRECTION ( 'NONE',  ( 1.000000000000000000, 0.000000000000000000, 0.000000000000000000 ) ) ;
#2609 = CARTESIAN_POINT ( 'NONE',  ( 0.1551683411967553772, 0.1360999999999999432, -0.08562607953163534069 ) ) ;
#2610 = AXIS2_PLACEMENT_3D ( 'NONE', #234, #2556, #3091 ) ;
#2611 = DIRECTION ( 'NONE',  ( 0.000000000000000000, 0.000000000000000000, -1.000000000000000000 ) ) ;
#2612 = CARTESIAN_POINT ( 'NONE',  ( 0.1959999999999998410, -0.004000000000000019165, -0.1600000000000000033 ) ) ;
#2613 = ADVANCED_FACE ( 'NONE', ( #3179 ), #3421, .T. ) ;
#2614 = VECTOR ( 'NONE', #64, 1000.000000000000000 ) ;
#2615 = PRODUCT_DEFINITION_FORMATION_WITH_SPECIFIED_SOURCE ( 'ANY', '', #2504, .NOT_KNOWN. ) ;
#2616 = VERTEX_POINT ( 'NONE', #1031 ) ;
#2617 = SURFACE_STYLE_USAGE ( .BOTH. , #3193 ) ;
#2618 = ORIENTED_EDGE ( 'NONE', *, *, #3095, .F. ) ;
#2619 = DIRECTION ( 'NONE',  ( 0.000000000000000000, 1.000000000000000000, 0.000000000000000000 ) ) ;
#2620 = DIRECTION ( 'NONE',  ( 0.000000000000000000, 1.000000000000000000, 0.000000000000000000 ) ) ;
#2621 = DIRECTION ( 'NONE',  ( 0.9369063381558603298, 0.000000000000000000, -0.3495804821831114406 ) ) ;
#2622 = VECTOR ( 'NONE', #44, 1000.000000000000000 ) ;
#2623 = ORIENTED_EDGE ( 'NONE', *, *, #215, .F. ) ;
#2624 = EDGE_LOOP ( 'NONE', ( #2350, #3326, #174, #2246 ) ) ;
#2625 = VECTOR ( 'NONE', #1090, 1000.000000000000000 ) ;
#2626 = LINE ( 'NONE', #2358, #20 ) ;
#2627 = SURFACE_STYLE_FILL_AREA ( #757 ) ;
#2628 = PLANE ( 'NONE',  #388 ) ;
#2629 = DIRECTION ( 'NONE',  ( -1.000000000000000000, 0.000000000000000000, 0.000000000000000000 ) ) ;
#2630 = ADVANCED_FACE ( 'NONE', ( #538 ), #802, .F. ) ;
#2631 = VERTEX_POINT ( 'NONE', #1170 ) ;
#2632 = ADVANCED_FACE ( 'NONE', ( #100 ), #2703, .F. ) ;
#2633 = DIRECTION ( 'NONE',  ( 0.000000000000000000, 1.000000000000000000, 0.000000000000000000 ) ) ;
#2634 = ADVANCED_FACE ( 'NONE', ( #2190 ), #1630, .T. ) ;
#2635 = ORIENTED_EDGE ( 'NONE', *, *, #3139, .F. ) ;
#2636 = LINE ( 'NONE', #997, #66 ) ;
#2637 = PLANE ( 'NONE',  #1222 ) ;
#2638 = LINE ( 'NONE', #3102, #437 ) ;
#2639 = UNCERTAINTY_MEASURE_WITH_UNIT (LENGTH_MEASURE( 1.000000000000000082E-05 ), #1229, 'distance_accuracy_value', 'NONE');
#2640 = EDGE_CURVE ( 'NONE', #1885, #2459, #2720, .T. ) ;
#2641 = VERTEX_POINT ( 'NONE', #1376 ) ;
#2642 = ORIENTED_EDGE ( 'NONE', *, *, #80, .F. ) ;
#2643 = SURFACE_STYLE_FILL_AREA ( #2921 ) ;
#2644 = CARTESIAN_POINT ( 'NONE',  ( 0.1060000000000001358, 0.1359999999999999543, -0.1600000000000000033 ) ) ;
#2645 = DIRECTION ( 'NONE',  ( 0.000000000000000000, 1.000000000000000000, 0.000000000000000000 ) ) ;
#2646 = CARTESIAN_POINT ( 'NONE',  ( 0.1200000000000000233, 0.1280000000000000027, -0.1600000000000000033 ) ) ;
#2647 = DIRECTION ( 'NONE',  ( 0.000000000000000000, -1.000000000000000000, 0.000000000000000000 ) ) ;
#2648 = FACE_OUTER_BOUND ( 'NONE', #1182, .T. ) ;
#2649 = VERTEX_POINT ( 'NONE', #892 ) ;
#2650 = CARTESIAN_POINT ( 'NONE',  ( 0.1368166233709348922, 0.1359999999999999543, -0.06700000000000000400 ) ) ;
#2651 = ORIENTED_EDGE ( 'NONE', *, *, #1833, .F. ) ;
#2652 = LINE ( 'NONE', #2128, #1661 ) ;
#2653 = FACE_OUTER_BOUND ( 'NONE', #628, .T. ) ;
#2654 = EDGE_CURVE ( 'NONE', #372, #679, #1446, .T. ) ;
#2655 = ORIENTED_EDGE ( 'NONE', *, *, #1971, .T. ) ;
#2656 = EDGE_LOOP ( 'NONE', ( #269, #1925, #1731, #804 ) ) ;
#2657 = SURFACE_STYLE_USAGE ( .BOTH. , #2146 ) ;
#2658 = DIRECTION ( 'NONE',  ( 0.4761675951869322465, 0.000000000000000000, 0.8793545481169093847 ) ) ;
#2659 = FACE_OUTER_BOUND ( 'NONE', #3338, .T. ) ;
#2660 = STYLED_ITEM ( 'NONE', ( #1050 ), #1424 ) ;
#2661 = DIRECTION ( 'NONE',  ( -1.000000000000000000, 0.000000000000000000, 0.000000000000000000 ) ) ;
#2662 = STYLED_ITEM ( 'NONE', ( #1691 ), #1659 ) ;
#2663 = LINE ( 'NONE', #288, #994 ) ;
#2664 = EDGE_CURVE ( 'NONE', #1994, #699, #346, .T. ) ;
#2665 = VECTOR ( 'NONE', #633, 1000.000000000000000 ) ;
#2666 = EDGE_LOOP ( 'NONE', ( #3182, #1652, #2670, #2864 ) ) ;
#2667 = AXIS2_PLACEMENT_3D ( 'NONE', #469, #486, #2587 ) ;
#2668 = CARTESIAN_POINT ( 'NONE',  ( 0.1551683411967554049, 0.1359999999999999543, -0.06700000000000000400 ) ) ;
#2669 = VECTOR ( 'NONE', #3348, 1000.000000000000000 ) ;
#2670 = ORIENTED_EDGE ( 'NONE', *, *, #1147, .T. ) ;
#2671 = SURFACE_STYLE_FILL_AREA ( #1611 ) ;
#2672 = PRESENTATION_LAYER_ASSIGNMENT (  '', '', ( #721 ) ) ;
#2673 = ORIENTED_EDGE ( 'NONE', *, *, #2253, .T. ) ;
#2674 = EDGE_CURVE ( 'NONE', #1885, #2799, #889, .T. ) ;
#2675 = ORIENTED_EDGE ( 'NONE', *, *, #554, .T. ) ;
#2676 = CARTESIAN_POINT ( 'NONE',  ( 0.3019999999999998797, 0.000000000000000000, 0.000000000000000000 ) ) ;
#2677 = CARTESIAN_POINT ( 'NONE',  ( 0.1551683411967553772, 0.1359999999999999543, -0.08562607953163534069 ) ) ;
#2678 = UNCERTAINTY_MEASURE_WITH_UNIT (LENGTH_MEASURE( 1.000000000000000082E-05 ), #1240, 'distance_accuracy_value', 'NONE');
#2679 = LINE ( 'NONE', #1368, #2614 ) ;
#2680 = DIRECTION ( 'NONE',  ( -1.000000000000000000, 0.000000000000000000, 0.000000000000000000 ) ) ;
#2681 = AXIS2_PLACEMENT_3D ( 'NONE', #3272, #611, #886 ) ;
#2682 = EDGE_CURVE ( 'NONE', #2189, #3183, #3001, .T. ) ;
#2683 = ORIENTED_EDGE ( 'NONE', *, *, #1833, .T. ) ;
#2684 = CARTESIAN_POINT ( 'NONE',  ( 0.1489744008276670806, 0.1359999999999999543, -0.07633893873314903655 ) ) ;
#2685 = LINE ( 'NONE', #1654, #2735 ) ;
#2686 = EDGE_LOOP ( 'NONE', ( #2077, #910, #585, #1270 ) ) ;
#2687 = CARTESIAN_POINT ( 'NONE',  ( 0.1718797238673397954, 0.1359999999999999543, -0.06700000000000000400 ) ) ;
#2688 = ADVANCED_FACE ( 'NONE', ( #2473 ), #2205, .F. ) ;
#2689 = ORIENTED_EDGE ( 'NONE', *, *, #592, .F. ) ;
#2690 = ORIENTED_EDGE ( 'NONE', *, *, #1024, .T. ) ;
#2691 = DIRECTION ( 'NONE',  ( 0.000000000000000000, 0.000000000000000000, 1.000000000000000000 ) ) ;
#2692 = LINE ( 'NONE', #1616, #2113 ) ;
#2693 = CARTESIAN_POINT ( 'NONE',  ( 0.1228695781172337576, 0.1359999999999999543, -0.08562607953163535457 ) ) ;
#2694 = DIRECTION ( 'NONE',  ( 0.000000000000000000, 1.000000000000000000, 0.000000000000000000 ) ) ;
#2695 = CARTESIAN_POINT ( 'NONE',  ( 0.1577658759179219050, 0.1359999999999999543, -0.06700000000000000400 ) ) ;
#2696 = ADVANCED_FACE ( 'NONE', ( #2527 ), #2307, .F. ) ;
#2697 = ORIENTED_EDGE ( 'NONE', *, *, #1239, .T. ) ;
#2698 = DIRECTION ( 'NONE',  ( 0.000000000000000000, 1.000000000000000000, 0.000000000000000000 ) ) ;
#2699 = PLANE ( 'NONE',  #900 ) ;
#2700 = EDGE_CURVE ( 'NONE', #1624, #2538, #1787, .T. ) ;
#2701 = EDGE_LOOP ( 'NONE', ( #1922, #695, #2813, #278 ) ) ;
#2702 = CARTESIAN_POINT ( 'NONE',  ( 0.3019999999999998797, 0.000000000000000000, 0.000000000000000000 ) ) ;
#2703 = PLANE ( 'NONE',  #1117 ) ;
#2704 = ORIENTED_EDGE ( 'NONE', *, *, #678, .T. ) ;
#2705 = CARTESIAN_POINT ( 'NONE',  ( 0.1060000000000000248, 0.000000000000000000, -0.1600000000000000033 ) ) ;
#2706 = CARTESIAN_POINT ( 'NONE',  ( 0.1350374711091243962, 0.1360999999999999432, -0.08562607953163534069 ) ) ;
#2707 = AXIS2_PLACEMENT_3D ( 'NONE', #253, #3128, #2608 ) ;
#2708 = CARTESIAN_POINT ( 'NONE',  ( 0.1718797238673397954, 0.1359999999999999543, -0.07161294565237698306 ) ) ;
#2709 = FILL_AREA_STYLE_COLOUR ( '', #1719 ) ;
#2710 =( GEOMETRIC_REPRESENTATION_CONTEXT ( 3 ) GLOBAL_UNCERTAINTY_ASSIGNED_CONTEXT ( ( #105 ) ) GLOBAL_UNIT_ASSIGNED_CONTEXT ( ( #272, #2916, #1823 ) ) REPRESENTATION_CONTEXT ( 'NONE', 'WORKASPACE' ) );
#2711 = ORIENTED_EDGE ( 'NONE', *, *, #728, .F. ) ;
#2712 = EDGE_CURVE ( 'NONE', #1525, #1812, #2051, .T. ) ;
#2713 = FACE_BOUND ( 'NONE', #2816, .T. ) ;
#2714 = CARTESIAN_POINT ( 'NONE',  ( 0.3020000000000000462, 0.1280000000000000027, -0.1600000000000000033 ) ) ;
#2715 = AXIS2_PLACEMENT_3D ( 'NONE', #1198, #1947, #111 ) ;
#2716 = VECTOR ( 'NONE', #1307, 1000.000000000000000 ) ;
#2717 = VECTOR ( 'NONE', #2987, 1000.000000000000000 ) ;
#2718 = ORIENTED_EDGE ( 'NONE', *, *, #2712, .F. ) ;
#2719 = LINE ( 'NONE', #857, #504 ) ;
#2720 = LINE ( 'NONE', #310, #1673 ) ;
#2721 = COLOUR_RGB ( '',0.8980392156862745390, 0.9215686274509803377, 0.9294117647058823817 ) ;
#2722 = VERTEX_POINT ( 'NONE', #2773 ) ;
#2723 =( GEOMETRIC_REPRESENTATION_CONTEXT ( 3 ) GLOBAL_UNCERTAINTY_ASSIGNED_CONTEXT ( ( #3155 ) ) GLOBAL_UNIT_ASSIGNED_CONTEXT ( ( #1277, #1066, #2070 ) ) REPRESENTATION_CONTEXT ( 'NONE', 'WORKASPACE' ) );
#2724 = DIRECTION ( 'NONE',  ( -1.000000000000000000, 2.117582368135755038E-16, 0.000000000000000000 ) ) ;
#2725 = FACE_OUTER_BOUND ( 'NONE', #1766, .T. ) ;
#2726 = FILL_AREA_STYLE ('',( #2195 ) ) ;
#2727 = COLOUR_RGB ( '',0.7921568627450980005, 0.8196078431372548767, 0.9333333333333333481 ) ;
#2728 = FACE_OUTER_BOUND ( 'NONE', #1432, .T. ) ;
#2729 = MECHANICAL_DESIGN_GEOMETRIC_PRESENTATION_REPRESENTATION (  '', ( #893 ), #515 ) ;
#2730 = EDGE_CURVE ( 'NONE', #413, #2131, #2845, .T. ) ;
#2731 = CARTESIAN_POINT ( 'NONE',  ( 0.1959999999999998965, 0.1319999999999999507, -0.1600000000000000033 ) ) ;
#2732 = PRESENTATION_STYLE_ASSIGNMENT (( #1965 ) ) ;
#2733 = STYLED_ITEM ( 'NONE', ( #1887 ), #463 ) ;
#2734 = ORIENTED_EDGE ( 'NONE', *, *, #887, .F. ) ;
#2735 = VECTOR ( 'NONE', #2435, 1000.000000000000000 ) ;
#2736 = DIRECTION ( 'NONE',  ( 0.000000000000000000, 1.000000000000000000, 0.000000000000000000 ) ) ;
#2737 = CARTESIAN_POINT ( 'NONE',  ( 0.1149772394933445824, 0.1359999999999999543, -0.08562607953163535457 ) ) ;
#2738 = EDGE_CURVE ( 'NONE', #1093, #2771, #392, .T. ) ;
#2739 = EDGE_CURVE ( 'NONE', #734, #747, #1508, .T. ) ;
#2740 = ORIENTED_EDGE ( 'NONE', *, *, #150, .F. ) ;
#2741 = FILL_AREA_STYLE_COLOUR ( '', #1946 ) ;
#2742 = ADVANCED_FACE ( 'NONE', ( #152 ), #992, .T. ) ;
#2743 = EDGE_LOOP ( 'NONE', ( #3073, #692, #2127, #3133 ) ) ;
#2744 = FILL_AREA_STYLE_COLOUR ( '', #2267 ) ;
#2745 =( NAMED_UNIT ( * ) PLANE_ANGLE_UNIT ( ) SI_UNIT ( $, .RADIAN. ) );
#2746 = CARTESIAN_POINT ( 'NONE',  ( 0.1301812967983449754, 0.1359999999999999543, -0.08562607953163534069 ) ) ;
#2747 = ADVANCED_FACE ( 'NONE', ( #3067 ), #712, .T. ) ;
#2748 = APPLICATION_CONTEXT ( 'automotive_design' ) ;
#2749 = DIRECTION ( 'NONE',  ( 0.000000000000000000, 1.000000000000000000, 0.000000000000000000 ) ) ;
#2750 =( LENGTH_UNIT ( ) NAMED_UNIT ( * ) SI_UNIT ( .MILLI., .METRE. ) );
#2751 = LINE ( 'NONE', #851, #3010 ) ;
#2752 =( NAMED_UNIT ( * ) PLANE_ANGLE_UNIT ( ) SI_UNIT ( $, .RADIAN. ) );
#2753 = EDGE_LOOP ( 'NONE', ( #547, #907, #1379, #966 ) ) ;
#2754 = CARTESIAN_POINT ( 'NONE',  ( 0.1819999999999998841, 0.1319999999999999507, -0.1600000000000000033 ) ) ;
#2755 = LINE ( 'NONE', #2188, #3184 ) ;
#2756 = UNCERTAINTY_MEASURE_WITH_UNIT (LENGTH_MEASURE( 1.000000000000000082E-05 ), #1208, 'distance_accuracy_value', 'NONE');
#2757 = ORIENTED_EDGE ( 'NONE', *, *, #1696, .F. ) ;
#2758 = MANIFOLD_SOLID_BREP ( 'Scale1[3]', #727 ) ;
#2759 = ORIENTED_EDGE ( 'NONE', *, *, #3357, .F. ) ;
#2760 = CARTESIAN_POINT ( 'NONE',  ( 0.1200000000000000233, 0.000000000000000000, 0.000000000000000000 ) ) ;
#2761 = EDGE_CURVE ( 'NONE', #3151, #2294, #168, .T. ) ;
#2762 = SURFACE_SIDE_STYLE ('',( #1207 ) ) ;
#2763 = MANIFOLD_SOLID_BREP ( 'Base', #1173 ) ;
#2764 = DIRECTION ( 'NONE',  ( 1.000000000000000000, 0.000000000000000000, 0.000000000000000000 ) ) ;
#2765 = SURFACE_SIDE_STYLE ('',( #3040 ) ) ;
#2766 = CARTESIAN_POINT ( 'NONE',  ( 0.1339341008502173969, 0.1359999999999999543, -0.07417052299939663751 ) ) ;
#2767 = ORIENTED_EDGE ( 'NONE', *, *, #1320, .T. ) ;
#2768 = CARTESIAN_POINT ( 'NONE',  ( 0.1632206811371139377, 0.1359999999999999543, -0.07837098428968064523 ) ) ;
#2769 = SURFACE_SIDE_STYLE ('',( #1707 ) ) ;
#2770 = VECTOR ( 'NONE', #1076, 1000.000000000000000 ) ;
#2771 = VERTEX_POINT ( 'NONE', #1540 ) ;
#2772 = COLOUR_RGB ( '',0.7921568627450980005, 0.8196078431372548767, 0.9333333333333333481 ) ;
#2773 = CARTESIAN_POINT ( 'NONE',  ( 0.1189234088052891630, 0.1359999999999999543, -0.07818567959343546148 ) ) ;
#2774 = CYLINDRICAL_SURFACE ( 'NONE', #2175, 0.004210068312103684013 ) ;
#2775 = AXIS2_PLACEMENT_3D ( 'NONE', #1348, #2661, #1634 ) ;
#2776 = ORIENTED_EDGE ( 'NONE', *, *, #1689, .T. ) ;
#2777 = DIRECTION ( 'NONE',  ( 0.000000000000000000, -1.000000000000000000, 0.000000000000000000 ) ) ;
#2778 = COLOUR_RGB ( '',0.8509803921568627194, 0.8509803921568627194, 0.8509803921568627194 ) ;
#2779 = CARTESIAN_POINT ( 'NONE',  ( 0.1396562859911264221, 0.1359999999999999543, -0.07631303976581767234 ) ) ;
#2780 = PRODUCT_DEFINITION ( 'UNKNOWN', '', #2615, #2312 ) ;
#2781 =( GEOMETRIC_REPRESENTATION_CONTEXT ( 3 ) GLOBAL_UNCERTAINTY_ASSIGNED_CONTEXT ( ( #1321 ) ) GLOBAL_UNIT_ASSIGNED_CONTEXT ( ( #572, #2143, #274 ) ) REPRESENTATION_CONTEXT ( 'NONE', 'WORKASPACE' ) );
#2782 = EDGE_CURVE ( 'NONE', #1202, #1073, #3324, .T. ) ;
#2783 = CARTESIAN_POINT ( 'NONE',  ( 0.1817870026044000331, 0.1360999999999999432, -0.07631303976581767234 ) ) ;
#2784 = DIRECTION ( 'NONE',  ( 1.000000000000000000, 0.000000000000000000, 0.000000000000000000 ) ) ;
#2785 = CARTESIAN_POINT ( 'NONE',  ( 0.1093691522809981942, 0.1360999999999999432, -0.08562607953163535457 ) ) ;
#2786 = PRESENTATION_LAYER_ASSIGNMENT (  '', '', ( #948 ) ) ;
#2787 = CARTESIAN_POINT ( 'NONE',  ( 0.1551683411967553772, 0.1359999999999999543, -0.08562607953163534069 ) ) ;
#2788 = FILL_AREA_STYLE_COLOUR ( '', #839 ) ;
#2789 = VECTOR ( 'NONE', #969, 1000.000000000000000 ) ;
#2790 = VERTEX_POINT ( 'NONE', #1314 ) ;
#2791 = LINE ( 'NONE', #1747, #3384 ) ;
#2792 = CARTESIAN_POINT ( 'NONE',  ( 0.1160000000000000336, 0.1359999999999999543, -0.07338067232939633755 ) ) ;
#2793 = VECTOR ( 'NONE', #1251, 1000.000000000000000 ) ;
#2794 = VERTEX_POINT ( 'NONE', #798 ) ;
#2795 = STYLED_ITEM ( 'NONE', ( #2413 ), #245 ) ;
#2796 =( NAMED_UNIT ( * ) SI_UNIT ( $, .STERADIAN. ) SOLID_ANGLE_UNIT ( ) );
#2797 = DIRECTION ( 'NONE',  ( -1.000000000000000000, 0.000000000000000000, 0.000000000000000000 ) ) ;
#2798 = EDGE_CURVE ( 'NONE', #3310, #755, #1013, .T. ) ;
#2799 = VERTEX_POINT ( 'NONE', #1859 ) ;
#2800 = CARTESIAN_POINT ( 'NONE',  ( 0.1911000423702177153, 0.1359999999999999543, -0.07631303976581767234 ) ) ;
#2801 = DIRECTION ( 'NONE',  ( 0.000000000000000000, 0.000000000000000000, 1.000000000000000000 ) ) ;
#2802 = EDGE_LOOP ( 'NONE', ( #96, #1316, #1034, #753 ) ) ;
#2803 = CARTESIAN_POINT ( 'NONE',  ( 0.1499042334625250439, 0.1359999999999999543, -0.07402959655194116251 ) ) ;
#2804 = SURFACE_STYLE_USAGE ( .BOTH. , #916 ) ;
#2805 =( NAMED_UNIT ( * ) PLANE_ANGLE_UNIT ( ) SI_UNIT ( $, .RADIAN. ) );
#2806 = ORIENTED_EDGE ( 'NONE', *, *, #1771, .F. ) ;
#2807 =( NAMED_UNIT ( * ) SI_UNIT ( $, .STERADIAN. ) SOLID_ANGLE_UNIT ( ) );
#2808 = PLANE ( 'NONE',  #2900 ) ;
#2809 = ADVANCED_FACE ( 'NONE', ( #2386 ), #1873, .T. ) ;
#2810 = ORIENTED_EDGE ( 'NONE', *, *, #494, .F. ) ;
#2811 = DIRECTION ( 'NONE',  ( -0.4095838309161413116, 0.000000000000000000, 0.9122724842129448231 ) ) ;
#2812 = DIRECTION ( 'NONE',  ( 0.4062347190576025002, 0.000000000000000000, 0.9137687634364565215 ) ) ;
#2813 = ORIENTED_EDGE ( 'NONE', *, *, #178, .T. ) ;
#2814 =( LENGTH_UNIT ( ) NAMED_UNIT ( * ) SI_UNIT ( .MILLI., .METRE. ) );
#2815 = LINE ( 'NONE', #1231, #2037 ) ;
#2816 = EDGE_LOOP ( 'NONE', ( #2950, #1675 ) ) ;
#2817 =( LENGTH_UNIT ( ) NAMED_UNIT ( * ) SI_UNIT ( .MILLI., .METRE. ) );
#2818 = DIRECTION ( 'NONE',  ( 0.000000000000000000, 0.000000000000000000, -1.000000000000000000 ) ) ;
#2819 = PLANE ( 'NONE',  #2610 ) ;
#2820 = DIRECTION ( 'NONE',  ( 0.000000000000000000, 1.000000000000000000, -0.000000000000000000 ) ) ;
#2821 = LINE ( 'NONE', #1729, #461 ) ;
#2822 = ADVANCED_FACE ( 'NONE', ( #2927 ), #3134, .T. ) ;
#2823 = ORIENTED_EDGE ( 'NONE', *, *, #2403, .F. ) ;
#2824 = MANIFOLD_SOLID_BREP ( 'Boss-Extrude4', #1415 ) ;
#2825 = DIRECTION ( 'NONE',  ( 0.000000000000000000, 0.000000000000000000, 1.000000000000000000 ) ) ;
#2826 = CARTESIAN_POINT ( 'NONE',  ( 0.1718797238673397954, 0.1359999999999999543, -0.08081564401866496439 ) ) ;
#2827 =( GEOMETRIC_REPRESENTATION_CONTEXT ( 3 ) GLOBAL_UNCERTAINTY_ASSIGNED_CONTEXT ( ( #317 ) ) GLOBAL_UNIT_ASSIGNED_CONTEXT ( ( #825, #3236, #45 ) ) REPRESENTATION_CONTEXT ( 'NONE', 'WORKASPACE' ) );
#2828 =( GEOMETRIC_REPRESENTATION_CONTEXT ( 3 ) GLOBAL_UNCERTAINTY_ASSIGNED_CONTEXT ( ( #1111 ) ) GLOBAL_UNIT_ASSIGNED_CONTEXT ( ( #225, #752, #719 ) ) REPRESENTATION_CONTEXT ( 'NONE', 'WORKASPACE' ) );
#2829 = EDGE_LOOP ( 'NONE', ( #2526, #3191, #2284, #2309 ) ) ;
#2830 = CARTESIAN_POINT ( 'NONE',  ( 0.1959999999999998965, 0.1319999999999999507, -0.1600000000000000033 ) ) ;
#2831 = FILL_AREA_STYLE_COLOUR ( '', #3167 ) ;
#2832 = VECTOR ( 'NONE', #53, 1000.000000000000000 ) ;
#2833 = ORIENTED_EDGE ( 'NONE', *, *, #3269, .T. ) ;
#2834 =( GEOMETRIC_REPRESENTATION_CONTEXT ( 3 ) GLOBAL_UNCERTAINTY_ASSIGNED_CONTEXT ( ( #1151 ) ) GLOBAL_UNIT_ASSIGNED_CONTEXT ( ( #1074, #2936, #3185 ) ) REPRESENTATION_CONTEXT ( 'NONE', 'WORKASPACE' ) );
#2835 =( GEOMETRIC_REPRESENTATION_CONTEXT ( 3 ) GLOBAL_UNCERTAINTY_ASSIGNED_CONTEXT ( ( #3439 ) ) GLOBAL_UNIT_ASSIGNED_CONTEXT ( ( #3367, #2514, #739 ) ) REPRESENTATION_CONTEXT ( 'NONE', 'WORKASPACE' ) );
#2836 = PRESENTATION_STYLE_ASSIGNMENT (( #381 ) ) ;
#2837 = CARTESIAN_POINT ( 'NONE',  ( -1.592421940838084637E-16, 0.1280000000000000027, -0.1600000000000000033 ) ) ;
#2838 = VECTOR ( 'NONE', #1910, 1000.000000000000000 ) ;
#2839 = MANIFOLD_SOLID_BREP ( 'Lead2', #1293 ) ;
#2840 = ORIENTED_EDGE ( 'NONE', *, *, #2016, .F. ) ;
#2841 = EDGE_CURVE ( 'NONE', #675, #581, #1820, .T. ) ;
#2842 = COLOUR_RGB ( '',0.8509803921568627194, 0.8509803921568627194, 0.8509803921568627194 ) ;
#2843 = VECTOR ( 'NONE', #1903, 1000.000000000000000 ) ;
#2844 = EDGE_LOOP ( 'NONE', ( #2397, #2176, #67, #2396 ) ) ;
#2845 = LINE ( 'NONE', #137, #1406 ) ;
#2846 = CARTESIAN_POINT ( 'NONE',  ( 0.1339341008502173969, 0.1359999999999999543, -0.07417052299939663751 ) ) ;
#2847 = AXIS2_PLACEMENT_3D ( 'NONE', #2542, #3097, #733 ) ;
#2848 = EDGE_LOOP ( 'NONE', ( #2776, #2718, #833, #1727, #1152, #2174, #19, #1035 ) ) ;
#2849 = DIRECTION ( 'NONE',  ( 1.000000000000000000, 0.000000000000000000, 0.000000000000000000 ) ) ;
#2850 = EDGE_CURVE ( 'NONE', #2022, #464, #867, .T. ) ;
#2851 = UNCERTAINTY_MEASURE_WITH_UNIT (LENGTH_MEASURE( 1.000000000000000082E-05 ), #2814, 'distance_accuracy_value', 'NONE');
#2852 = CARTESIAN_POINT ( 'NONE',  ( 0.000000000000000000, 0.1280000000000000027, -0.1600000000000000033 ) ) ;
#2853 = CARTESIAN_POINT ( 'NONE',  ( 0.1718797238673397954, 0.1360999999999999432, -0.08562607953163535457 ) ) ;
#2854 = ADVANCED_FACE ( 'NONE', ( #2713, #2187 ), #2965, .T. ) ;
#2855 = DIRECTION ( 'NONE',  ( 0.000000000000000000, 0.000000000000000000, 1.000000000000000000 ) ) ;
#2856 = SURFACE_STYLE_FILL_AREA ( #2520 ) ;
#2857 =( NAMED_UNIT ( * ) SI_UNIT ( $, .STERADIAN. ) SOLID_ANGLE_UNIT ( ) );
#2858 = CARTESIAN_POINT ( 'NONE',  ( 0.1483267548520222079, 0.1359999999999999543, -0.07848945205393094426 ) ) ;
#2859 = ORIENTED_EDGE ( 'NONE', *, *, #1040, .T. ) ;
#2860 = CARTESIAN_POINT ( 'NONE',  ( 0.000000000000000000, 0.000000000000000000, 0.000000000000000000 ) ) ;
#2861 = ORIENTED_EDGE ( 'NONE', *, *, #691, .F. ) ;
#2862 = CARTESIAN_POINT ( 'NONE',  ( -0.003999999999999989675, 7.473820122832050430E-19, -0.1600000000000000033 ) ) ;
#2863 = CARTESIAN_POINT ( 'NONE',  ( 0.3019999999999998797, 0.000000000000000000, -0.1600000000000000033 ) ) ;
#2864 = ORIENTED_EDGE ( 'NONE', *, *, #3346, .T. ) ;
#2865 = EDGE_CURVE ( 'NONE', #2411, #2189, #3015, .T. ) ;
#2866 = EDGE_LOOP ( 'NONE', ( #2019, #821, #3198, #3054 ) ) ;
#2867 = PLANE ( 'NONE',  #2667 ) ;
#2868 = DIRECTION ( 'NONE',  ( 0.000000000000000000, -0.000000000000000000, 1.000000000000000000 ) ) ;
#2869 = CARTESIAN_POINT ( 'NONE',  ( 0.1718797238673397954, 0.1360999999999999432, -0.06700000000000000400 ) ) ;
#2870 = LINE ( 'NONE', #2028, #7 ) ;
#2871 = PLANE ( 'NONE',  #293 ) ;
#2872 = EDGE_CURVE ( 'NONE', #1073, #2091, #1134, .T. ) ;
#2873 = ORIENTED_EDGE ( 'NONE', *, *, #3190, .T. ) ;
#2874 = FILL_AREA_STYLE_COLOUR ( '', #73 ) ;
#2875 = FILL_AREA_STYLE_COLOUR ( '', #459 ) ;
#2876 = EDGE_LOOP ( 'NONE', ( #3292, #2474, #1695, #3115 ) ) ;
#2877 = DIRECTION ( 'NONE',  ( -1.000000000000000000, -0.000000000000000000, -0.000000000000000000 ) ) ;
#2878 = STYLED_ITEM ( 'NONE', ( #1882 ), #1205 ) ;
#2879 = CARTESIAN_POINT ( 'NONE',  ( 0.1483267548520222079, 0.1359999999999999543, -0.07848945205393094426 ) ) ;
#2880 = DIRECTION ( 'NONE',  ( -1.000000000000000000, 0.000000000000000000, 0.000000000000000000 ) ) ;
#2881 = UNCERTAINTY_MEASURE_WITH_UNIT (LENGTH_MEASURE( 1.000000000000000082E-05 ), #1660, 'distance_accuracy_value', 'NONE');
#2882 = STYLED_ITEM ( 'NONE', ( #3406 ), #1697 ) ;
#2883 = EDGE_LOOP ( 'NONE', ( #1174, #3388 ) ) ;
#2884 = ORIENTED_EDGE ( 'NONE', *, *, #2782, .T. ) ;
#2885 = CARTESIAN_POINT ( 'NONE',  ( 0.1819999999999998841, 0.1280000000000000027, 0.000000000000000000 ) ) ;
#2886 = COLOUR_RGB ( '',0.1019607843137254888, 0.1019607843137254888, 0.1019607843137254888 ) ;
#2887 = LINE ( 'NONE', #265, #1678 ) ;
#2888 = DIRECTION ( 'NONE',  ( 1.000000000000000000, 0.000000000000000000, 0.000000000000000000 ) ) ;
#2889 = FACE_OUTER_BOUND ( 'NONE', #943, .T. ) ;
#2890 = ADVANCED_FACE ( 'NONE', ( #610 ), #1428, .F. ) ;
#2891 = VECTOR ( 'NONE', #2592, 1000.000000000000227 ) ;
#2892 = SURFACE_STYLE_FILL_AREA ( #201 ) ;
#2893 = EDGE_CURVE ( 'NONE', #2970, #3299, #3259, .T. ) ;
#2894 = VECTOR ( 'NONE', #2129, 1000.000000000000000 ) ;
#2895 = VERTEX_POINT ( 'NONE', #369 ) ;
#2896 =( NAMED_UNIT ( * ) PLANE_ANGLE_UNIT ( ) SI_UNIT ( $, .RADIAN. ) );
#2897 = EDGE_CURVE ( 'NONE', #2356, #75, #1443, .T. ) ;
#2898 = VECTOR ( 'NONE', #841, 1000.000000000000114 ) ;
#2899 = ORIENTED_EDGE ( 'NONE', *, *, #1298, .T. ) ;
#2900 = AXIS2_PLACEMENT_3D ( 'NONE', #1475, #458, #423 ) ;
#2901 = SURFACE_STYLE_FILL_AREA ( #1543 ) ;
#2902 = DIRECTION ( 'NONE',  ( 0.9137687634364565215, 0.000000000000000000, 0.4062347190576025002 ) ) ;
#2903 = VECTOR ( 'NONE', #314, 1000.000000000000000 ) ;
#2904 = ORIENTED_EDGE ( 'NONE', *, *, #2974, .F. ) ;
#2905 = ORIENTED_EDGE ( 'NONE', *, *, #2361, .T. ) ;
#2906 =( GEOMETRIC_REPRESENTATION_CONTEXT ( 3 ) GLOBAL_UNCERTAINTY_ASSIGNED_CONTEXT ( ( #2573 ) ) GLOBAL_UNIT_ASSIGNED_CONTEXT ( ( #2937, #639, #300 ) ) REPRESENTATION_CONTEXT ( 'NONE', 'WORKASPACE' ) );
#2907 = DIRECTION ( 'NONE',  ( 0.000000000000000000, 1.000000000000000000, 0.000000000000000000 ) ) ;
#2908 = LINE ( 'NONE', #1600, #379 ) ;
#2909 = DIRECTION ( 'NONE',  ( -1.244079641279754017E-15, -1.000000000000000000, 0.000000000000000000 ) ) ;
#2910 = CARTESIAN_POINT ( 'NONE',  ( 0.1160000000000000336, 0.1359999999999999543, -0.07338067232939633755 ) ) ;
#2911 = EDGE_LOOP ( 'NONE', ( #2551, #249, #838, #1712 ) ) ;
#2912 = EDGE_CURVE ( 'NONE', #165, #1567, #2469, .T. ) ;
#2913 = SURFACE_STYLE_FILL_AREA ( #3433 ) ;
#2914 = DIRECTION ( 'NONE',  ( 1.000000000000000000, 0.000000000000000000, 0.000000000000000000 ) ) ;
#2915 = ORIENTED_EDGE ( 'NONE', *, *, #1239, .F. ) ;
#2916 =( NAMED_UNIT ( * ) PLANE_ANGLE_UNIT ( ) SI_UNIT ( $, .RADIAN. ) );
#2917 = FACE_OUTER_BOUND ( 'NONE', #120, .T. ) ;
#2918 = DIRECTION ( 'NONE',  ( 0.000000000000000000, 1.000000000000000000, 0.000000000000000000 ) ) ;
#2919 = EDGE_LOOP ( 'NONE', ( #1420, #16, #3262, #2485, #1448, #574, #1791, #2355, #1932, #890, #1838, #622 ) ) ;
#2920 = ORIENTED_EDGE ( 'NONE', *, *, #3399, .T. ) ;
#2921 = FILL_AREA_STYLE ('',( #509 ) ) ;
#2922 = DIRECTION ( 'NONE',  ( -1.000000000000000000, 0.000000000000000000, 0.000000000000000000 ) ) ;
#2923 = LINE ( 'NONE', #524, #1655 ) ;
#2924 = CARTESIAN_POINT ( 'NONE',  ( 0.1160000000000000336, 0.1359999999999999543, -0.06700000000000000400 ) ) ;
#2925 = DIRECTION ( 'NONE',  ( 1.244079641279753820E-15, -1.000000000000000000, 0.000000000000000000 ) ) ;
#2926 = EDGE_LOOP ( 'NONE', ( #2759, #1805, #1539, #1584 ) ) ;
#2927 = FACE_OUTER_BOUND ( 'NONE', #1880, .T. ) ;
#2928 = CARTESIAN_POINT ( 'NONE',  ( 0.1060000000000000248, 0.000000000000000000, -0.1600000000000000033 ) ) ;
#2929 = EDGE_CURVE ( 'NONE', #3033, #2022, #1640, .T. ) ;
#2930 = EDGE_CURVE ( 'NONE', #421, #1774, #357, .T. ) ;
#2931 = EDGE_LOOP ( 'NONE', ( #2249, #203, #305, #803 ) ) ;
#2932 = SURFACE_STYLE_USAGE ( .BOTH. , #1580 ) ;
#2933 = CARTESIAN_POINT ( 'NONE',  ( 0.000000000000000000, 0.000000000000000000, -0.1600000000000000033 ) ) ;
#2934 = ORIENTED_EDGE ( 'NONE', *, *, #1184, .F. ) ;
#2935 = ORIENTED_EDGE ( 'NONE', *, *, #1102, .T. ) ;
#2936 =( NAMED_UNIT ( * ) PLANE_ANGLE_UNIT ( ) SI_UNIT ( $, .RADIAN. ) );
#2937 =( LENGTH_UNIT ( ) NAMED_UNIT ( * ) SI_UNIT ( .MILLI., .METRE. ) );
#2938 = DIRECTION ( 'NONE',  ( -0.8793545481169093847, 0.000000000000000000, 0.4761675951869323020 ) ) ;
#2939 = VECTOR ( 'NONE', #488, 1000.000000000000000 ) ;
#2940 =( GEOMETRIC_REPRESENTATION_CONTEXT ( 3 ) GLOBAL_UNCERTAINTY_ASSIGNED_CONTEXT ( ( #1142 ) ) GLOBAL_UNIT_ASSIGNED_CONTEXT ( ( #2750, #3056, #1160 ) ) REPRESENTATION_CONTEXT ( 'NONE', 'WORKASPACE' ) );
#2941 = DIRECTION ( 'NONE',  ( 1.868455030708017455E-16, 1.000000000000000000, 0.000000000000000000 ) ) ;
#2942 = COLOUR_RGB ( '',0.1019607843137254888, 0.1019607843137254888, 0.1019607843137254888 ) ;
#2943 = VECTOR ( 'NONE', #2082, 1000.000000000000000 ) ;
#2944 = APPLICATION_CONTEXT ( 'automotive_design' ) ;
#2945 = ORIENTED_EDGE ( 'NONE', *, *, #2138, .F. ) ;
#2946 = VECTOR ( 'NONE', #107, 1000.000000000000000 ) ;
#2947 = COLOUR_RGB ( '',0.8980392156862745390, 0.9215686274509803377, 0.9294117647058823817 ) ;
#2948 = DIRECTION ( 'NONE',  ( 1.000000000000000000, 0.000000000000000000, 0.000000000000000000 ) ) ;
#2949 = VECTOR ( 'NONE', #1562, 1000.000000000000000 ) ;
#2950 = ORIENTED_EDGE ( 'NONE', *, *, #3165, .F. ) ;
#2951 = CARTESIAN_POINT ( 'NONE',  ( 0.1489744008276670806, 0.1359999999999999543, -0.08064256032760304393 ) ) ;
#2952 = PRESENTATION_LAYER_ASSIGNMENT (  '', '', ( #1619 ) ) ;
#2953 = AXIS2_PLACEMENT_3D ( 'NONE', #1703, #1742, #3356 ) ;
#2954 = ORIENTED_EDGE ( 'NONE', *, *, #1377, .T. ) ;
#2955 = ORIENTED_EDGE ( 'NONE', *, *, #2100, .F. ) ;
#2956 = EDGE_CURVE ( 'NONE', #3405, #328, #69, .T. ) ;
#2957 = DIRECTION ( 'NONE',  ( -0.4685492141443864389, 0.000000000000000000, 0.8834373967207171940 ) ) ;
#2958 = STYLED_ITEM ( 'NONE', ( #2268 ), #2 ) ;
#2959 = CARTESIAN_POINT ( 'NONE',  ( 0.1817870026044000331, 0.1360999999999999432, -0.07631303976581767234 ) ) ;
#2960 = LINE ( 'NONE', #2924, #2322 ) ;
#2961 = AXIS2_PLACEMENT_3D ( 'NONE', #868, #2994, #582 ) ;
#2962 = ADVANCED_FACE ( 'NONE', ( #1372 ), #1094, .T. ) ;
#2963 = PLANE ( 'NONE',  #1608 ) ;
#2964 = ORIENTED_EDGE ( 'NONE', *, *, #2222, .F. ) ;
#2965 = PLANE ( 'NONE',  #1061 ) ;
#2966 = CARTESIAN_POINT ( 'NONE',  ( 0.1489693257569440488, 0.1359999999999999543, -0.07631303976581767234 ) ) ;
#2967 = EDGE_LOOP ( 'NONE', ( #3220, #1848, #741, #3175 ) ) ;
#2968 = DIRECTION ( 'NONE',  ( 0.4062347190576025002, 0.000000000000000000, -0.9137687634364565215 ) ) ;
#2969 = SURFACE_STYLE_USAGE ( .BOTH. , #1153 ) ;
#2970 = VERTEX_POINT ( 'NONE', #2434 ) ;
#2971 = LINE ( 'NONE', #1959, #1116 ) ;
#2972 = LINE ( 'NONE', #281, #786 ) ;
#2973 = DIRECTION ( 'NONE',  ( 0.000000000000000000, -0.000000000000000000, -1.000000000000000000 ) ) ;
#2974 = EDGE_CURVE ( 'NONE', #921, #1681, #1166, .T. ) ;
#2975 = SURFACE_STYLE_FILL_AREA ( #2269 ) ;
#2976 = PLANE ( 'NONE',  #2953 ) ;
#2977 = CARTESIAN_POINT ( 'NONE',  ( 0.000000000000000000, 0.000000000000000000, -0.1600000000000000033 ) ) ;
#2978 = ORIENTED_EDGE ( 'NONE', *, *, #377, .T. ) ;
#2979 = DIRECTION ( 'NONE',  ( 1.000000000000000000, 0.000000000000000000, 0.000000000000000000 ) ) ;
#2980 = LINE ( 'NONE', #98, #3404 ) ;
#2981 = ORIENTED_EDGE ( 'NONE', *, *, #1124, .F. ) ;
#2982 = FACE_OUTER_BOUND ( 'NONE', #1908, .T. ) ;
#2983 = DIRECTION ( 'NONE',  ( -1.000000000000000000, 0.000000000000000000, -0.000000000000000000 ) ) ;
#2984 = ORIENTED_EDGE ( 'NONE', *, *, #2930, .T. ) ;
#2985 = LINE ( 'NONE', #2760, #342 ) ;
#2986 = CARTESIAN_POINT ( 'NONE',  ( 0.1284776653295801041, 0.1359999999999999543, -0.08562607953163535457 ) ) ;
#2987 = DIRECTION ( 'NONE',  ( 0.000000000000000000, 1.000000000000000000, 0.000000000000000000 ) ) ;
#2988 = DIRECTION ( 'NONE',  ( 0.000000000000000000, 0.000000000000000000, -1.000000000000000000 ) ) ;
#2989 = MECHANICAL_DESIGN_GEOMETRIC_PRESENTATION_REPRESENTATION (  '', ( #1099 ), #3380 ) ;
#2990 = ADVANCED_FACE ( 'NONE', ( #1967 ), #1706, .T. ) ;
#2991 = MECHANICAL_DESIGN_GEOMETRIC_PRESENTATION_REPRESENTATION (  '', ( #2882 ), #2710 ) ;
#2992 = ORIENTED_EDGE ( 'NONE', *, *, #1771, .T. ) ;
#2993 = DIRECTION ( 'NONE',  ( -1.000000000000000000, 0.000000000000000000, 0.000000000000000000 ) ) ;
#2994 = DIRECTION ( 'NONE',  ( 0.000000000000000000, 1.000000000000000000, 0.000000000000000000 ) ) ;
#2995 = EDGE_CURVE ( 'NONE', #2291, #2239, #1047, .T. ) ;
#2996 = VECTOR ( 'NONE', #309, 1000.000000000000000 ) ;
#2997 = AXIS2_PLACEMENT_3D ( 'NONE', #3256, #3041, #649 ) ;
#2998 = AXIS2_PLACEMENT_3D ( 'NONE', #1158, #862, #2973 ) ;
#2999 = VERTEX_POINT ( 'NONE', #904 ) ;
#3000 = EDGE_CURVE ( 'NONE', #2468, #1994, #1723, .T. ) ;
#3001 = LINE ( 'NONE', #1683, #237 ) ;
#3002 = STYLED_ITEM ( 'NONE', ( #2531 ), #2479 ) ;
#3003 = ORIENTED_EDGE ( 'NONE', *, *, #3138, .T. ) ;
#3004 = STYLED_ITEM ( 'NONE', ( #2599 ), #2630 ) ;
#3005 = PLANE ( 'NONE',  #1896 ) ;
#3006 = LINE ( 'NONE', #1422, #2770 ) ;
#3007 = CARTESIAN_POINT ( 'NONE',  ( 0.1718797238673397954, 0.1359999999999999543, -0.07161294565237698306 ) ) ;
#3008 = VECTOR ( 'NONE', #2993, 1000.000000000000000 ) ;
#3009 = LINE ( 'NONE', #1425, #3166 ) ;
#3010 = VECTOR ( 'NONE', #2185, 1000.000000000000000 ) ;
#3011 =( NAMED_UNIT ( * ) SI_UNIT ( $, .STERADIAN. ) SOLID_ANGLE_UNIT ( ) );
#3012 = VECTOR ( 'NONE', #3047, 1000.000000000000000 ) ;
#3013 = ORIENTED_EDGE ( 'NONE', *, *, #3315, .T. ) ;
#3014 = VECTOR ( 'NONE', #1185, 1000.000000000000227 ) ;
#3015 = LINE ( 'NONE', #623, #3008 ) ;
#3016 = ADVANCED_FACE ( 'NONE', ( #83 ), #918, .T. ) ;
#3017 = ORIENTED_EDGE ( 'NONE', *, *, #478, .T. ) ;
#3018 = DIRECTION ( 'NONE',  ( 0.000000000000000000, -1.000000000000000000, 0.000000000000000000 ) ) ;
#3019 = EDGE_LOOP ( 'NONE', ( #3307, #445, #541, #1639 ) ) ;
#3020 = CARTESIAN_POINT ( 'NONE',  ( 0.1489693257569440488, 0.1360999999999999432, -0.06700000000000000400 ) ) ;
#3021 =( LENGTH_UNIT ( ) NAMED_UNIT ( * ) SI_UNIT ( .MILLI., .METRE. ) );
#3022 = DIRECTION ( 'NONE',  ( 0.000000000000000000, 1.000000000000000000, 0.000000000000000000 ) ) ;
#3023 = DIRECTION ( 'NONE',  ( 0.000000000000000000, 1.000000000000000000, 0.000000000000000000 ) ) ;
#3024 = DIRECTION ( 'NONE',  ( 0.000000000000000000, -1.000000000000000000, 0.000000000000000000 ) ) ;
#3025 = DIRECTION ( 'NONE',  ( 0.000000000000000000, 1.000000000000000000, 0.000000000000000000 ) ) ;
#3026 = EDGE_LOOP ( 'NONE', ( #2069, #2904, #2407, #1027 ) ) ;
#3027 = CARTESIAN_POINT ( 'NONE',  ( 0.1959999999999998965, 0.1319999999999999507, -0.1600000000000000033 ) ) ;
#3028 = DIRECTION ( 'NONE',  ( 0.000000000000000000, 0.000000000000000000, 1.000000000000000000 ) ) ;
#3029 = ORIENTED_EDGE ( 'NONE', *, *, #287, .F. ) ;
#3030 = DIRECTION ( 'NONE',  ( 0.000000000000000000, 0.000000000000000000, 1.000000000000000000 ) ) ;
#3031 = DIRECTION ( 'NONE',  ( 0.000000000000000000, -1.000000000000000000, 0.000000000000000000 ) ) ;
#3032 = EDGE_CURVE ( 'NONE', #1202, #3104, #3306, .T. ) ;
#3033 = VERTEX_POINT ( 'NONE', #1930 ) ;
#3034 = FILL_AREA_STYLE ('',( #1449 ) ) ;
#3035 = SURFACE_STYLE_USAGE ( .BOTH. , #2762 ) ;
#3036 = CARTESIAN_POINT ( 'NONE',  ( 0.1284021445365344516, 0.1359999999999999543, -0.06700000000000000400 ) ) ;
#3037 = VERTEX_POINT ( 'NONE', #355 ) ;
#3038 = LINE ( 'NONE', #645, #655 ) ;
#3039 = LINE ( 'NONE', #2263, #2204 ) ;
#3040 = SURFACE_STYLE_FILL_AREA ( #1998 ) ;
#3041 = DIRECTION ( 'NONE',  ( -0.000000000000000000, 0.000000000000000000, 1.000000000000000000 ) ) ;
#3042 = ORIENTED_EDGE ( 'NONE', *, *, #429, .F. ) ;
#3043 = CARTESIAN_POINT ( 'NONE',  ( 0.1959999999999998410, -0.004000000000000019165, -0.1600000000000000033 ) ) ;
#3044 = EDGE_LOOP ( 'NONE', ( #1895, #3364, #1807, #1457 ) ) ;
#3045 = PRESENTATION_LAYER_ASSIGNMENT (  '', '', ( #2662 ) ) ;
#3046 = VECTOR ( 'NONE', #2343, 1000.000000000000000 ) ;
#3047 = DIRECTION ( 'NONE',  ( 0.000000000000000000, 0.000000000000000000, -1.000000000000000000 ) ) ;
#3048 = VECTOR ( 'NONE', #987, 1000.000000000000000 ) ;
#3049 = VERTEX_POINT ( 'NONE', #2519 ) ;
#3050 = CARTESIAN_POINT ( 'NONE',  ( 0.1775769342922963456, 0.1360999999999999432, -0.07631303976581767234 ) ) ;
#3051 = CARTESIAN_POINT ( 'NONE',  ( 0.1817870026044000331, 0.1359999999999999543, -0.07631303976581767234 ) ) ;
#3052 = DIRECTION ( 'NONE',  ( 0.000000000000000000, 0.000000000000000000, 1.000000000000000000 ) ) ;
#3053 = VECTOR ( 'NONE', #2088, 1000.000000000000000 ) ;
#3054 = ORIENTED_EDGE ( 'NONE', *, *, #1342, .T. ) ;
#3055 = ADVANCED_FACE ( 'NONE', ( #1146 ), #95, .F. ) ;
#3056 =( NAMED_UNIT ( * ) PLANE_ANGLE_UNIT ( ) SI_UNIT ( $, .RADIAN. ) );
#3057 = DIRECTION ( 'NONE',  ( 1.868455030708017455E-16, 1.000000000000000000, 0.000000000000000000 ) ) ;
#3058 = FACE_OUTER_BOUND ( 'NONE', #1512, .T. ) ;
#3059 =( NAMED_UNIT ( * ) SI_UNIT ( $, .STERADIAN. ) SOLID_ANGLE_UNIT ( ) );
#3060 = ADVANCED_FACE ( 'NONE', ( #1162 ), #1704, .F. ) ;
#3061 = VECTOR ( 'NONE', #1383, 1000.000000000000000 ) ;
#3062 = EDGE_LOOP ( 'NONE', ( #311, #87, #363, #1337 ) ) ;
#3063 = LINE ( 'NONE', #2702, #3322 ) ;
#3064 = LINE ( 'NONE', #2237, #3014 ) ;
#3065 = PRESENTATION_LAYER_ASSIGNMENT (  '', '', ( #2563 ) ) ;
#3066 = ORIENTED_EDGE ( 'NONE', *, *, #3360, .T. ) ;
#3067 = FACE_OUTER_BOUND ( 'NONE', #1983, .T. ) ;
#3068 = LINE ( 'NONE', #427, #243 ) ;
#3069 = VERTEX_POINT ( 'NONE', #852 ) ;
#3070 = LINE ( 'NONE', #194, #2669 ) ;
#3071 = PLANE ( 'NONE',  #3266 ) ;
#3072 = DIRECTION ( 'NONE',  ( 1.000000000000000000, 0.000000000000000000, 0.000000000000000000 ) ) ;
#3073 = ORIENTED_EDGE ( 'NONE', *, *, #196, .F. ) ;
#3074 = DIRECTION ( 'NONE',  ( 1.000000000000000000, 0.000000000000000000, 0.000000000000000000 ) ) ;
#3075 = CARTESIAN_POINT ( 'NONE',  ( 0.04058796283216820067, 0.1359999999999998987, -0.02434558517244060638 ) ) ;
#3076 = DIRECTION ( 'NONE',  ( -1.000000000000000000, 0.000000000000000000, 0.000000000000000000 ) ) ;
#3077 = EDGE_CURVE ( 'NONE', #384, #640, #1918, .T. ) ;
#3078 =( NAMED_UNIT ( * ) PLANE_ANGLE_UNIT ( ) SI_UNIT ( $, .RADIAN. ) );
#3079 = FILL_AREA_STYLE_COLOUR ( '', #2886 ) ;
#3080 = FACE_OUTER_BOUND ( 'NONE', #683, .T. ) ;
#3081 = ORIENTED_EDGE ( 'NONE', *, *, #2302, .T. ) ;
#3082 = DIRECTION ( 'NONE',  ( 1.000000000000000000, 0.000000000000000000, 0.000000000000000000 ) ) ;
#3083 = ADVANCED_FACE ( 'NONE', ( #2289 ), #1743, .T. ) ;
#3084 = VERTEX_POINT ( 'NONE', #199 ) ;
#3085 = FILL_AREA_STYLE_COLOUR ( '', #513 ) ;
#3086 = LINE ( 'NONE', #3331, #715 ) ;
#3087 = ORIENTED_EDGE ( 'NONE', *, *, #1726, .F. ) ;
#3088 = SURFACE_SIDE_STYLE ('',( #954 ) ) ;
#3089 = DIRECTION ( 'NONE',  ( 0.000000000000000000, 1.000000000000000000, 0.000000000000000000 ) ) ;
#3090 = CARTESIAN_POINT ( 'NONE',  ( 0.1200000000000001482, 0.1319999999999999507, -0.1600000000000000033 ) ) ;
#3091 = DIRECTION ( 'NONE',  ( 0.000000000000000000, 0.000000000000000000, -1.000000000000000000 ) ) ;
#3092 = FACE_OUTER_BOUND ( 'NONE', #151, .T. ) ;
#3093 = EDGE_CURVE ( 'NONE', #464, #1774, #160, .T. ) ;
#3094 = ORIENTED_EDGE ( 'NONE', *, *, #1490, .T. ) ;
#3095 = EDGE_CURVE ( 'NONE', #2110, #2032, #2870, .T. ) ;
#3096 = SURFACE_STYLE_FILL_AREA ( #1224 ) ;
#3097 = DIRECTION ( 'NONE',  ( 0.000000000000000000, 1.000000000000000000, 0.000000000000000000 ) ) ;
#3098 = VECTOR ( 'NONE', #2148, 1000.000000000000000 ) ;
#3099 = ORIENTED_EDGE ( 'NONE', *, *, #1215, .T. ) ;
#3100 = EDGE_CURVE ( 'NONE', #3037, #709, #2066, .T. ) ;
#3101 = DIRECTION ( 'NONE',  ( -1.000000000000000000, 0.000000000000000000, 0.000000000000000000 ) ) ;
#3102 = CARTESIAN_POINT ( 'NONE',  ( 0.1060000000000001358, 0.1359999999999999543, -0.1600000000000000033 ) ) ;
#3103 = AXIS2_PLACEMENT_3D ( 'NONE', #1800, #2855, #472 ) ;
#3104 = VERTEX_POINT ( 'NONE', #2609 ) ;
#3105 = COLOUR_RGB ( '',0.1019607843137254888, 0.1019607843137254888, 0.1019607843137254888 ) ;
#3106 = FACE_OUTER_BOUND ( 'NONE', #373, .T. ) ;
#3107 =( LENGTH_UNIT ( ) NAMED_UNIT ( * ) SI_UNIT ( .MILLI., .METRE. ) );
#3108 = CARTESIAN_POINT ( 'NONE',  ( 0.3059999999999998277, -0.003999999999999926358, -0.1600000000000000033 ) ) ;
#3109 = FACE_OUTER_BOUND ( 'NONE', #596, .T. ) ;
#3110 = VECTOR ( 'NONE', #1664, 1000.000000000000000 ) ;
#3111 = LINE ( 'NONE', #1745, #1009 ) ;
#3112 = FACE_OUTER_BOUND ( 'NONE', #657, .T. ) ;
#3113 = CARTESIAN_POINT ( 'NONE',  ( 0.1577658759179219050, 0.1359999999999999543, -0.06700000000000000400 ) ) ;
#3114 = STYLED_ITEM ( 'NONE', ( #2151 ), #880 ) ;
#3115 = ORIENTED_EDGE ( 'NONE', *, *, #1680, .T. ) ;
#3116 = AXIS2_PLACEMENT_3D ( 'NONE', #2644, #1037, #2868 ) ;
#3117 = CARTESIAN_POINT ( 'NONE',  ( 0.3019999999999998797, 0.000000000000000000, 0.000000000000000000 ) ) ;
#3118 = CARTESIAN_POINT ( 'NONE',  ( 0.1200000000000001482, 0.1319999999999999507, 0.000000000000000000 ) ) ;
#3119 = ADVANCED_FACE ( 'NONE', ( #3058 ), #2819, .T. ) ;
#3120 =( GEOMETRIC_REPRESENTATION_CONTEXT ( 3 ) GLOBAL_UNCERTAINTY_ASSIGNED_CONTEXT ( ( #2036 ) ) GLOBAL_UNIT_ASSIGNED_CONTEXT ( ( #1043, #2487, #1167 ) ) REPRESENTATION_CONTEXT ( 'NONE', 'WORKASPACE' ) );
#3121 = EDGE_LOOP ( 'NONE', ( #919, #1526, #1686, #1708 ) ) ;
#3122 = PLANE ( 'NONE',  #121 ) ;
#3123 = LINE ( 'NONE', #2863, #1334 ) ;
#3124 = ORIENTED_EDGE ( 'NONE', *, *, #302, .F. ) ;
#3125 = ORIENTED_EDGE ( 'NONE', *, *, #1717, .T. ) ;
#3126 = PLANE ( 'NONE',  #770 ) ;
#3127 = LINE ( 'NONE', #700, #3235 ) ;
#3128 = DIRECTION ( 'NONE',  ( 0.000000000000000000, -1.000000000000000000, 0.000000000000000000 ) ) ;
#3129 = CARTESIAN_POINT ( 'NONE',  ( 0.3019999999999998797, 0.1319999999999999507, -0.1600000000000000033 ) ) ;
#3130 = FACE_OUTER_BOUND ( 'NONE', #277, .T. ) ;
#3131 =( NAMED_UNIT ( * ) SI_UNIT ( $, .STERADIAN. ) SOLID_ANGLE_UNIT ( ) );
#3132 = CARTESIAN_POINT ( 'NONE',  ( -1.592421940838084637E-16, 0.1280000000000000027, 0.000000000000000000 ) ) ;
#3133 = ORIENTED_EDGE ( 'NONE', *, *, #850, .T. ) ;
#3134 = PLANE ( 'NONE',  #2560 ) ;
#3135 = CARTESIAN_POINT ( 'NONE',  ( 0.1295763198118896620, 0.1359999999999999543, -0.06964114473501427371 ) ) ;
#3136 = ORIENTED_EDGE ( 'NONE', *, *, #2018, .T. ) ;
#3137 = LINE ( 'NONE', #751, #1107 ) ;
#3138 = EDGE_CURVE ( 'NONE', #262, #38, #1779, .T. ) ;
#3139 = EDGE_CURVE ( 'NONE', #2641, #227, #1523, .T. ) ;
#3140 = CARTESIAN_POINT ( 'NONE',  ( 0.1350374711091243962, 0.1359999999999999543, -0.08562607953163534069 ) ) ;
#3141 = ORIENTED_EDGE ( 'NONE', *, *, #170, .T. ) ;
#3142 = VERTEX_POINT ( 'NONE', #2266 ) ;
#3143 = DIRECTION ( 'NONE',  ( 0.000000000000000000, 0.000000000000000000, 1.000000000000000000 ) ) ;
#3144 = DIRECTION ( 'NONE',  ( 0.000000000000000000, 0.000000000000000000, -1.000000000000000000 ) ) ;
#3145 = FILL_AREA_STYLE_COLOUR ( '', #1609 ) ;
#3146 = DIRECTION ( 'NONE',  ( -0.8834373967207173051, 0.000000000000000000, -0.4685492141443864944 ) ) ;
#3147 = VERTEX_POINT ( 'NONE', #1253 ) ;
#3148 = CARTESIAN_POINT ( 'NONE',  ( 0.1284776653295801041, 0.1359999999999999543, -0.08562607953163535457 ) ) ;
#3149 = LINE ( 'NONE', #1874, #669 ) ;
#3150 = ADVANCED_FACE ( 'NONE', ( #454 ), #2301, .T. ) ;
#3151 = VERTEX_POINT ( 'NONE', #957 ) ;
#3152 = PRESENTATION_STYLE_ASSIGNMENT (( #2932 ) ) ;
#3153 = MECHANICAL_DESIGN_GEOMETRIC_PRESENTATION_REPRESENTATION (  '', ( #2878 ), #2827 ) ;
#3154 = LINE ( 'NONE', #40, #3053 ) ;
#3155 = UNCERTAINTY_MEASURE_WITH_UNIT (LENGTH_MEASURE( 1.000000000000000082E-05 ), #1277, 'distance_accuracy_value', 'NONE');
#3156 = VECTOR ( 'NONE', #2517, 1000.000000000000000 ) ;
#3157 = VERTEX_POINT ( 'NONE', #984 ) ;
#3158 = ORIENTED_EDGE ( 'NONE', *, *, #1667, .T. ) ;
#3159 = DIRECTION ( 'NONE',  ( 0.000000000000000000, 0.000000000000000000, 1.000000000000000000 ) ) ;
#3160 = AXIS2_PLACEMENT_3D ( 'NONE', #3358, #236, #973 ) ;
#3161 = DIRECTION ( 'NONE',  ( -0.4685492141443864389, 0.000000000000000000, 0.8834373967207171940 ) ) ;
#3162 = AXIS2_PLACEMENT_3D ( 'NONE', #1458, #2503, #3295 ) ;
#3163 = CARTESIAN_POINT ( 'NONE',  ( 0.1859970709165037206, 0.1359999999999999543, -0.07631303976581767234 ) ) ;
#3164 = CARTESIAN_POINT ( 'NONE',  ( 0.1060000000000001358, 0.1359999999999999543, -0.1600000000000000033 ) ) ;
#3165 = EDGE_CURVE ( 'NONE', #2459, #205, #2206, .T. ) ;
#3166 = VECTOR ( 'NONE', #878, 1000.000000000000000 ) ;
#3167 = COLOUR_RGB ( '',0.7921568627450980005, 0.8196078431372548767, 0.9333333333333333481 ) ;
#3168 = DIRECTION ( 'NONE',  ( 0.000000000000000000, 0.000000000000000000, -1.000000000000000000 ) ) ;
#3169 = CARTESIAN_POINT ( 'NONE',  ( 0.1724739628385823509, 0.1360999999999999432, -0.07631303976581767234 ) ) ;
#3170 =( GEOMETRIC_REPRESENTATION_CONTEXT ( 3 ) GLOBAL_UNCERTAINTY_ASSIGNED_CONTEXT ( ( #720 ) ) GLOBAL_UNIT_ASSIGNED_CONTEXT ( ( #2079, #543, #1345 ) ) REPRESENTATION_CONTEXT ( 'NONE', 'WORKASPACE' ) );
#3171 = ADVANCED_FACE ( 'NONE', ( #3109 ), #725, .T. ) ;
#3172 = ORIENTED_EDGE ( 'NONE', *, *, #2100, .T. ) ;
#3173 = SURFACE_SIDE_STYLE ('',( #3417 ) ) ;
#3174 = MECHANICAL_DESIGN_GEOMETRIC_PRESENTATION_REPRESENTATION (  '', ( #1513 ), #894 ) ;
#3175 = ORIENTED_EDGE ( 'NONE', *, *, #923, .T. ) ;
#3176 = COLOUR_RGB ( '',0.1019607843137254888, 0.1019607843137254888, 0.1019607843137254888 ) ;
#3177 = AXIS2_PLACEMENT_3D ( 'NONE', #1553, #1588, #780 ) ;
#3178 =( NAMED_UNIT ( * ) PLANE_ANGLE_UNIT ( ) SI_UNIT ( $, .RADIAN. ) );
#3179 = FACE_OUTER_BOUND ( 'NONE', #325, .T. ) ;
#3180 = DIRECTION ( 'NONE',  ( -1.000000000000000000, 0.000000000000000000, 0.000000000000000000 ) ) ;
#3181 = VECTOR ( 'NONE', #3402, 1000.000000000000000 ) ;
#3182 = ORIENTED_EDGE ( 'NONE', *, *, #1103, .F. ) ;
#3183 = VERTEX_POINT ( 'NONE', #1536 ) ;
#3184 = VECTOR ( 'NONE', #1444, 1000.000000000000000 ) ;
#3185 =( NAMED_UNIT ( * ) SI_UNIT ( $, .STERADIAN. ) SOLID_ANGLE_UNIT ( ) );
#3186 = LINE ( 'NONE', #1346, #2625 ) ;
#3187 = FILL_AREA_STYLE ('',( #2116 ) ) ;
#3188 = DIRECTION ( 'NONE',  ( 0.000000000000000000, 1.000000000000000000, 0.000000000000000000 ) ) ;
#3189 = CARTESIAN_POINT ( 'NONE',  ( 0.1350374711091243962, 0.1360999999999999432, -0.08562607953163534069 ) ) ;
#3190 = EDGE_CURVE ( 'NONE', #2616, #3084, #2590, .T. ) ;
#3191 = ORIENTED_EDGE ( 'NONE', *, *, #554, .F. ) ;
#3192 = DIRECTION ( 'NONE',  ( -1.000000000000000000, 0.000000000000000000, -1.530367056084788066E-15 ) ) ;
#3193 = SURFACE_SIDE_STYLE ('',( #2140 ) ) ;
#3194 = ORIENTED_EDGE ( 'NONE', *, *, #1510, .T. ) ;
#3195 = FILL_AREA_STYLE ('',( #1030 ) ) ;
#3196 = DIRECTION ( 'NONE',  ( -1.000000000000000000, 0.000000000000000000, -1.530367056084788460E-15 ) ) ;
#3197 = ORIENTED_EDGE ( 'NONE', *, *, #2523, .T. ) ;
#3198 = ORIENTED_EDGE ( 'NONE', *, *, #2739, .F. ) ;
#3199 = SURFACE_STYLE_FILL_AREA ( #823 ) ;
#3200 = CARTESIAN_POINT ( 'NONE',  ( 0.1817870026044000331, 0.1360999999999999432, -0.07631303976581767234 ) ) ;
#3201 = CARTESIAN_POINT ( 'NONE',  ( 0.1218468176105782924, 0.1360999999999999432, -0.07338067232939633755 ) ) ;
#3202 = LINE ( 'NONE', #810, #3061 ) ;
#3203 = EDGE_LOOP ( 'NONE', ( #1200, #516, #216, #1126 ) ) ;
#3204 = CARTESIAN_POINT ( 'NONE',  ( 0.000000000000000000, 0.000000000000000000, 0.000000000000000000 ) ) ;
#3205 = DIRECTION ( 'NONE',  ( 0.000000000000000000, 0.000000000000000000, -1.000000000000000000 ) ) ;
#3206 = ADVANCED_FACE ( 'NONE', ( #1023 ), #2628, .T. ) ;
#3207 = ORIENTED_EDGE ( 'NONE', *, *, #2739, .T. ) ;
#3208 = PLANE ( 'NONE',  #654 ) ;
#3209 = CARTESIAN_POINT ( 'NONE',  ( 0.1632206811371139377, 0.1359999999999999543, -0.07837098428968064523 ) ) ;
#3210 = EDGE_CURVE ( 'NONE', #1133, #1414, #2960, .T. ) ;
#3211 = VERTEX_POINT ( 'NONE', #545 ) ;
#3212 = ORIENTED_EDGE ( 'NONE', *, *, #990, .T. ) ;
#3213 = LINE ( 'NONE', #3234, #953 ) ;
#3214 = PRESENTATION_STYLE_ASSIGNMENT (( #47 ) ) ;
#3215 = MECHANICAL_DESIGN_GEOMETRIC_PRESENTATION_REPRESENTATION (  '', ( #602 ), #2318 ) ;
#3216 = CARTESIAN_POINT ( 'NONE',  ( 0.1160000000000000336, 0.1360999999999999432, -0.06700000000000000400 ) ) ;
#3217 = CARTESIAN_POINT ( 'NONE',  ( 0.1396562859911263943, 0.1359999999999999543, -0.07631303976581767234 ) ) ;
#3218 =( GEOMETRIC_REPRESENTATION_CONTEXT ( 3 ) GLOBAL_UNCERTAINTY_ASSIGNED_CONTEXT ( ( #1915 ) ) GLOBAL_UNIT_ASSIGNED_CONTEXT ( ( #1122, #2460, #2807 ) ) REPRESENTATION_CONTEXT ( 'NONE', 'WORKASPACE' ) );
#3219 = VECTOR ( 'NONE', #1886, 1000.000000000000000 ) ;
#3220 = ORIENTED_EDGE ( 'NONE', *, *, #2238, .F. ) ;
#3221 = STYLED_ITEM ( 'NONE', ( #1759 ), #2207 ) ;
#3222 = VECTOR ( 'NONE', #3414, 1000.000000000000000 ) ;
#3223 = CARTESIAN_POINT ( 'NONE',  ( 0.04058796283216820067, 0.1360999999999999432, -0.02434558517244060638 ) ) ;
#3224 = CARTESIAN_POINT ( 'NONE',  ( 0.1959999999999998410, 0.000000000000000000, 0.000000000000000000 ) ) ;
#3225 = VECTOR ( 'NONE', #1421, 1000.000000000000000 ) ;
#3226 = ORIENTED_EDGE ( 'NONE', *, *, #678, .F. ) ;
#3227 = FACE_OUTER_BOUND ( 'NONE', #2297, .T. ) ;
#3228 = CARTESIAN_POINT ( 'NONE',  ( 0.1350374711091243962, 0.1359999999999999543, -0.08562607953163534069 ) ) ;
#3229 = PRESENTATION_LAYER_ASSIGNMENT (  '', '', ( #1226 ) ) ;
#3230 = ADVANCED_FACE ( 'NONE', ( #2889 ), #793, .T. ) ;
#3231 = STYLED_ITEM ( 'NONE', ( #2836 ), #996 ) ;
#3232 = ORIENTED_EDGE ( 'NONE', *, *, #2872, .T. ) ;
#3233 = ORIENTED_EDGE ( 'NONE', *, *, #1696, .T. ) ;
#3234 = CARTESIAN_POINT ( 'NONE',  ( 0.1577658759179219050, 0.1359999999999999543, -0.06700000000000000400 ) ) ;
#3235 = VECTOR ( 'NONE', #1325, 1000.000000000000000 ) ;
#3236 =( NAMED_UNIT ( * ) PLANE_ANGLE_UNIT ( ) SI_UNIT ( $, .RADIAN. ) );
#3237 = CARTESIAN_POINT ( 'NONE',  ( 0.1819999999999998841, 0.1319999999999999507, 0.000000000000000000 ) ) ;
#3238 = UNCERTAINTY_MEASURE_WITH_UNIT (LENGTH_MEASURE( 1.000000000000000082E-05 ), #260, 'distance_accuracy_value', 'NONE');
#3239 = VECTOR ( 'NONE', #2797, 1000.000000000000000 ) ;
#3240 = FACE_BOUND ( 'NONE', #1987, .T. ) ;
#3241 = DIRECTION ( 'NONE',  ( -0.4095838309161413671, 0.000000000000000000, -0.9122724842129449341 ) ) ;
#3242 = VERTEX_POINT ( 'NONE', #254 ) ;
#3243 = UNCERTAINTY_MEASURE_WITH_UNIT (LENGTH_MEASURE( 1.000000000000000082E-05 ), #143, 'distance_accuracy_value', 'NONE');
#3244 = ORIENTED_EDGE ( 'NONE', *, *, #1975, .F. ) ;
#3245 = FACE_OUTER_BOUND ( 'NONE', #2666, .T. ) ;
#3246 = FILL_AREA_STYLE ('',( #2741 ) ) ;
#3247 = ORIENTED_EDGE ( 'NONE', *, *, #2012, .T. ) ;
#3248 = EDGE_CURVE ( 'NONE', #1280, #3084, #1868, .T. ) ;
#3249 = CARTESIAN_POINT ( 'NONE',  ( 0.1284776653295801041, 0.1359999999999999543, -0.08562607953163535457 ) ) ;
#3250 = EDGE_CURVE ( 'NONE', #1389, #413, #267, .T. ) ;
#3251 = CARTESIAN_POINT ( 'NONE',  ( 0.1200000000000000233, 0.1280000000000000027, -0.1600000000000000033 ) ) ;
#3252 =( NAMED_UNIT ( * ) PLANE_ANGLE_UNIT ( ) SI_UNIT ( $, .RADIAN. ) );
#3253 = EDGE_CURVE ( 'NONE', #731, #3405, #2360, .T. ) ;
#3254 = CARTESIAN_POINT ( 'NONE',  ( 0.1228695781172337576, 0.1359999999999999543, -0.08562607953163535457 ) ) ;
#3255 = CARTESIAN_POINT ( 'NONE',  ( 0.3019999999999998797, 0.1280000000000000027, 0.000000000000000000 ) ) ;
#3256 = CARTESIAN_POINT ( 'NONE',  ( 0.000000000000000000, 0.000000000000000000, 0.000000000000000000 ) ) ;
#3257 = EDGE_CURVE ( 'NONE', #2999, #312, #3428, .T. ) ;
#3258 = ORIENTED_EDGE ( 'NONE', *, *, #2761, .F. ) ;
#3259 = LINE ( 'NONE', #2754, #1793 ) ;
#3260 = DIRECTION ( 'NONE',  ( 0.000000000000000000, 1.000000000000000000, 0.000000000000000000 ) ) ;
#3261 = ORIENTED_EDGE ( 'NONE', *, *, #349, .F. ) ;
#3262 = ORIENTED_EDGE ( 'NONE', *, *, #2373, .T. ) ;
#3263 = DIRECTION ( 'NONE',  ( 1.000000000000000000, 0.000000000000000000, 0.000000000000000000 ) ) ;
#3264 = UNCERTAINTY_MEASURE_WITH_UNIT (LENGTH_MEASURE( 1.000000000000000082E-05 ), #3107, 'distance_accuracy_value', 'NONE');
#3265 = PLANE ( 'NONE',  #228 ) ;
#3266 = AXIS2_PLACEMENT_3D ( 'NONE', #3283, #681, #1960 ) ;
#3267 =( NAMED_UNIT ( * ) SI_UNIT ( $, .STERADIAN. ) SOLID_ANGLE_UNIT ( ) );
#3268 = SURFACE_STYLE_FILL_AREA ( #1979 ) ;
#3269 = EDGE_CURVE ( 'NONE', #2364, #2086, #9, .T. ) ;
#3270 = VECTOR ( 'NONE', #1283, 1000.000000000000000 ) ;
#3271 = VERTEX_POINT ( 'NONE', #526 ) ;
#3272 = CARTESIAN_POINT ( 'NONE',  ( 0.1301812967983449754, 0.1359999999999999543, -0.08562607953163534069 ) ) ;
#3273 =( GEOMETRIC_REPRESENTATION_CONTEXT ( 3 ) GLOBAL_UNCERTAINTY_ASSIGNED_CONTEXT ( ( #1669 ) ) GLOBAL_UNIT_ASSIGNED_CONTEXT ( ( #1328, #2380, #1060 ) ) REPRESENTATION_CONTEXT ( 'NONE', 'WORKASPACE' ) );
#3274 = AXIS2_PLACEMENT_3D ( 'NONE', #3223, #834, #1386 ) ;
#3275 = VECTOR ( 'NONE', #723, 1000.000000000000000 ) ;
#3276 = VECTOR ( 'NONE', #2095, 1000.000000000000000 ) ;
#3277 = ORIENTED_EDGE ( 'NONE', *, *, #3346, .F. ) ;
#3278 = CARTESIAN_POINT ( 'NONE',  ( 0.04058796283216820067, 0.1360999999999999432, -0.02434558517244060638 ) ) ;
#3279 =( GEOMETRIC_REPRESENTATION_CONTEXT ( 3 ) GLOBAL_UNCERTAINTY_ASSIGNED_CONTEXT ( ( #2354 ) ) GLOBAL_UNIT_ASSIGNED_CONTEXT ( ( #3300, #90, #1106 ) ) REPRESENTATION_CONTEXT ( 'NONE', 'WORKASPACE' ) );
#3280 = ORIENTED_EDGE ( 'NONE', *, *, #2841, .F. ) ;
#3281 = VECTOR ( 'NONE', #426, 1000.000000000000000 ) ;
#3282 = DIRECTION ( 'NONE',  ( -1.244079641279753820E-15, -1.000000000000000000, 0.000000000000000000 ) ) ;
#3283 = CARTESIAN_POINT ( 'NONE',  ( 0.1368166233709348922, 0.1359999999999999543, -0.06700000000000000400 ) ) ;
#3284 = DIRECTION ( 'NONE',  ( 1.000000000000000000, 0.000000000000000000, 0.000000000000000000 ) ) ;
#3285 = AXIS2_PLACEMENT_3D ( 'NONE', #746, #1835, #2362 ) ;
#3286 = STYLED_ITEM ( 'NONE', ( #567 ), #2839 ) ;
#3287 = MECHANICAL_DESIGN_GEOMETRIC_PRESENTATION_REPRESENTATION (  '', ( #1735 ), #1853 ) ;
#3288 = FILL_AREA_STYLE_COLOUR ( '', #2000 ) ;
#3289 = LINE ( 'NONE', #1439, #2378 ) ;
#3290 = DIRECTION ( 'NONE',  ( 0.000000000000000000, 0.000000000000000000, 1.000000000000000000 ) ) ;
#3291 = VECTOR ( 'NONE', #3082, 1000.000000000000000 ) ;
#3292 = ORIENTED_EDGE ( 'NONE', *, *, #1911, .F. ) ;
#3293 = ADVANCED_FACE ( 'NONE', ( #2377 ), #1057, .T. ) ;
#3294 = CIRCLE ( 'NONE', #1801, 0.009313039765817670082 ) ;
#3295 = DIRECTION ( 'NONE',  ( -1.000000000000000000, 0.000000000000000000, 0.000000000000000000 ) ) ;
#3296 = PLANE ( 'NONE',  #1359 ) ;
#3297 = VERTEX_POINT ( 'NONE', #352 ) ;
#3298 =( LENGTH_UNIT ( ) NAMED_UNIT ( * ) SI_UNIT ( .MILLI., .METRE. ) );
#3299 = VERTEX_POINT ( 'NONE', #3237 ) ;
#3300 =( LENGTH_UNIT ( ) NAMED_UNIT ( * ) SI_UNIT ( .MILLI., .METRE. ) );
#3301 = DIRECTION ( 'NONE',  ( 0.000000000000000000, -0.000000000000000000, -1.000000000000000000 ) ) ;
#3302 = DIRECTION ( 'NONE',  ( 0.000000000000000000, 0.000000000000000000, 1.000000000000000000 ) ) ;
#3303 = CARTESIAN_POINT ( 'NONE',  ( 0.1060000000000000248, -0.004000000000000019165, 0.000000000000000000 ) ) ;
#3304 = LINE ( 'NONE', #1721, #1101 ) ;
#3305 =( LENGTH_UNIT ( ) NAMED_UNIT ( * ) SI_UNIT ( .MILLI., .METRE. ) );
#3306 = LINE ( 'NONE', #2787, #2665 ) ;
#3307 = ORIENTED_EDGE ( 'NONE', *, *, #1931, .F. ) ;
#3308 = CARTESIAN_POINT ( 'NONE',  ( 0.1060000000000000248, 0.000000000000000000, 0.000000000000000000 ) ) ;
#3309 = FILL_AREA_STYLE_COLOUR ( '', #298 ) ;
#3310 = VERTEX_POINT ( 'NONE', #2450 ) ;
#3311 = SURFACE_SIDE_STYLE ('',( #2509 ) ) ;
#3312 = LINE ( 'NONE', #1225, #3291 ) ;
#3313 = EDGE_CURVE ( 'NONE', #2022, #421, #1688, .T. ) ;
#3314 = VERTEX_POINT ( 'NONE', #2496 ) ;
#3315 = EDGE_CURVE ( 'NONE', #1864, #3147, #1399, .T. ) ;
#3316 = EDGE_LOOP ( 'NONE', ( #3368, #1858, #181, #2367, #244, #903, #1331, #3 ) ) ;
#3317 =( NAMED_UNIT ( * ) SI_UNIT ( $, .STERADIAN. ) SOLID_ANGLE_UNIT ( ) );
#3318 = VERTEX_POINT ( 'NONE', #899 ) ;
#3319 = MECHANICAL_DESIGN_GEOMETRIC_PRESENTATION_REPRESENTATION (  '', ( #1986 ), #3437 ) ;
#3320 = ORIENTED_EDGE ( 'NONE', *, *, #1757, .T. ) ;
#3321 = VERTEX_POINT ( 'NONE', #79 ) ;
#3322 = VECTOR ( 'NONE', #672, 1000.000000000000000 ) ;
#3323 = VECTOR ( 'NONE', #2948, 1000.000000000000000 ) ;
#3324 = LINE ( 'NONE', #2596, #396 ) ;
#3325 = DIRECTION ( 'NONE',  ( 0.000000000000000000, 0.000000000000000000, -1.000000000000000000 ) ) ;
#3326 = ORIENTED_EDGE ( 'NONE', *, *, #1140, .F. ) ;
#3327 = SURFACE_SIDE_STYLE ('',( #465 ) ) ;
#3328 = EDGE_CURVE ( 'NONE', #679, #3157, #126, .T. ) ;
#3329 =( GEOMETRIC_REPRESENTATION_CONTEXT ( 3 ) GLOBAL_UNCERTAINTY_ASSIGNED_CONTEXT ( ( #359 ) ) GLOBAL_UNIT_ASSIGNED_CONTEXT ( ( #2817, #211, #2575 ) ) REPRESENTATION_CONTEXT ( 'NONE', 'WORKASPACE' ) );
#3330 = LINE ( 'NONE', #103, #1330 ) ;
#3331 = CARTESIAN_POINT ( 'NONE',  ( 0.3059999999999998277, 0.1319999999999999507, -0.1600000000000000033 ) ) ;
#3332 = STYLED_ITEM ( 'NONE', ( #1495 ), #2444 ) ;
#3333 = DIRECTION ( 'NONE',  ( -1.000000000000000000, 0.000000000000000000, -0.000000000000000000 ) ) ;
#3334 = LINE ( 'NONE', #1213, #3156 ) ;
#3335 = CARTESIAN_POINT ( 'NONE',  ( 0.1577658759179219050, 0.1359999999999999543, -0.08562607953163535457 ) ) ;
#3336 = VECTOR ( 'NONE', #638, 1000.000000000000000 ) ;
#3337 = DIRECTION ( 'NONE',  ( 0.000000000000000000, 0.000000000000000000, 1.000000000000000000 ) ) ;
#3338 = EDGE_LOOP ( 'NONE', ( #2562, #3361, #1876, #1980 ) ) ;
#3339 = VECTOR ( 'NONE', #1917, 1000.000000000000000 ) ;
#3340 = EDGE_CURVE ( 'NONE', #2794, #1477, #1423, .T. ) ;
#3341 =( LENGTH_UNIT ( ) NAMED_UNIT ( * ) SI_UNIT ( .MILLI., .METRE. ) );
#3342 = ORIENTED_EDGE ( 'NONE', *, *, #1726, .T. ) ;
#3343 = VECTOR ( 'NONE', #659, 1000.000000000000000 ) ;
#3344 = CARTESIAN_POINT ( 'NONE',  ( 0.1312846670572519747, 0.1359999999999999543, -0.07417052299939663751 ) ) ;
#3345 = CARTESIAN_POINT ( 'NONE',  ( 0.1229184579531664018, 0.1359999999999999543, -0.06700000000000000400 ) ) ;
#3346 = EDGE_CURVE ( 'NONE', #3271, #2895, #603, .T. ) ;
#3347 = ORIENTED_EDGE ( 'NONE', *, *, #2349, .F. ) ;
#3348 = DIRECTION ( 'NONE',  ( 0.000000000000000000, 1.000000000000000000, 0.000000000000000000 ) ) ;
#3349 = CARTESIAN_POINT ( 'NONE',  ( 0.1632206811371139377, 0.1360999999999999432, -0.07423398105064507591 ) ) ;
#3350 = LINE ( 'NONE', #1193, #3389 ) ;
#3351 = ADVANCED_FACE ( 'NONE', ( #316 ), #2230, .F. ) ;
#3352 = ORIENTED_EDGE ( 'NONE', *, *, #37, .F. ) ;
#3353 = ADVANCED_FACE ( 'NONE', ( #1436 ), #1382, .T. ) ;
#3354 = CARTESIAN_POINT ( 'NONE',  ( 0.1709311383708822241, 0.1360999999999999432, -0.07837098428968064523 ) ) ;
#3355 = CARTESIAN_POINT ( 'NONE',  ( 0.1551683411967553772, 0.1360999999999999432, -0.08562607953163534069 ) ) ;
#3356 = DIRECTION ( 'NONE',  ( -0.000000000000000000, 0.000000000000000000, -1.000000000000000000 ) ) ;
#3357 = EDGE_CURVE ( 'NONE', #791, #3069, #1961, .T. ) ;
#3358 = CARTESIAN_POINT ( 'NONE',  ( 0.1489744008276670806, 0.1359999999999999543, -0.07633893873314903655 ) ) ;
#3359 =( NAMED_UNIT ( * ) SI_UNIT ( $, .STERADIAN. ) SOLID_ANGLE_UNIT ( ) );
#3360 = EDGE_CURVE ( 'NONE', #2239, #2291, #1113, .T. ) ;
#3361 = ORIENTED_EDGE ( 'NONE', *, *, #466, .F. ) ;
#3362 = CARTESIAN_POINT ( 'NONE',  ( 0.3059999999999998277, 7.473820122832050430E-19, -0.1600000000000000033 ) ) ;
#3363 = PLANE ( 'NONE',  #2339 ) ;
#3364 = ORIENTED_EDGE ( 'NONE', *, *, #3430, .F. ) ;
#3365 = SURFACE_SIDE_STYLE ('',( #2295 ) ) ;
#3366 = DIRECTION ( 'NONE',  ( 1.000000000000000000, 0.000000000000000000, 0.000000000000000000 ) ) ;
#3367 =( LENGTH_UNIT ( ) NAMED_UNIT ( * ) SI_UNIT ( .MILLI., .METRE. ) );
#3368 = ORIENTED_EDGE ( 'NONE', *, *, #525, .T. ) ;
#3369 = DIRECTION ( 'NONE',  ( -1.000000000000000000, -1.244079641279753820E-15, 0.000000000000000000 ) ) ;
#3370 = SURFACE_SIDE_STYLE ('',( #1289 ) ) ;
#3371 = DIRECTION ( 'NONE',  ( 0.000000000000000000, 0.000000000000000000, -1.000000000000000000 ) ) ;
#3372 = DIRECTION ( 'NONE',  ( -0.000000000000000000, -1.000000000000000000, -0.000000000000000000 ) ) ;
#3373 = ORIENTED_EDGE ( 'NONE', *, *, #2897, .T. ) ;
#3374 = CARTESIAN_POINT ( 'NONE',  ( 0.1718797238673397954, 0.1360999999999999432, -0.08081564401866496439 ) ) ;
#3375 =( NAMED_UNIT ( * ) PLANE_ANGLE_UNIT ( ) SI_UNIT ( $, .RADIAN. ) );
#3376 = ADVANCED_FACE ( 'NONE', ( #2533 ), #399, .T. ) ;
#3377 = ORIENTED_EDGE ( 'NONE', *, *, #2850, .F. ) ;
#3378 = CARTESIAN_POINT ( 'NONE',  ( 0.1312846670572519747, 0.1359999999999999543, -0.07417052299939663751 ) ) ;
#3379 = LINE ( 'NONE', #993, #1797 ) ;
#3380 =( GEOMETRIC_REPRESENTATION_CONTEXT ( 3 ) GLOBAL_UNCERTAINTY_ASSIGNED_CONTEXT ( ( #1943 ) ) GLOBAL_UNIT_ASSIGNED_CONTEXT ( ( #2065, #1022, #3427 ) ) REPRESENTATION_CONTEXT ( 'NONE', 'WORKASPACE' ) );
#3381 = VECTOR ( 'NONE', #2058, 1000.000000000000000 ) ;
#3382 = ORIENTED_EDGE ( 'NONE', *, *, #1764, .F. ) ;
#3383 = FACE_OUTER_BOUND ( 'NONE', #866, .T. ) ;
#3384 = VECTOR ( 'NONE', #1488, 1000.000000000000000 ) ;
#3385 = CARTESIAN_POINT ( 'NONE',  ( 0.3019999999999998797, 0.000000000000000000, -0.1600000000000000033 ) ) ;
#3386 =( GEOMETRIC_REPRESENTATION_CONTEXT ( 3 ) GLOBAL_UNCERTAINTY_ASSIGNED_CONTEXT ( ( #1811 ) ) GLOBAL_UNIT_ASSIGNED_CONTEXT ( ( #1292, #1618, #1832 ) ) REPRESENTATION_CONTEXT ( 'NONE', 'WORKASPACE' ) );
#3387 = EDGE_LOOP ( 'NONE', ( #2840, #2105, #2704, #3320 ) ) ;
#3388 = ORIENTED_EDGE ( 'NONE', *, *, #831, .T. ) ;
#3389 = VECTOR ( 'NONE', #2059, 1000.000000000000000 ) ;
#3390 = CARTESIAN_POINT ( 'NONE',  ( 0.1312846670572519747, 0.1360999999999999432, -0.07417052299939663751 ) ) ;
#3391 = PRESENTATION_STYLE_ASSIGNMENT (( #3413 ) ) ;
#3392 = CARTESIAN_POINT ( 'NONE',  ( 0.1060000000000000248, 0.000000000000000000, -0.1600000000000000033 ) ) ;
#3393 = AXIS2_PLACEMENT_3D ( 'NONE', #1877, #2620, #1281 ) ;
#3394 = DIRECTION ( 'NONE',  ( 0.000000000000000000, 0.000000000000000000, 1.000000000000000000 ) ) ;
#3395 = PRESENTATION_STYLE_ASSIGNMENT (( #1025 ) ) ;
#3396 = MECHANICAL_DESIGN_GEOMETRIC_PRESENTATION_REPRESENTATION (  '', ( #1226 ), #449 ) ;
#3397 = CARTESIAN_POINT ( 'NONE',  ( 0.1632206811371139377, 0.1359999999999999543, -0.07161294565237698306 ) ) ;
#3398 = VECTOR ( 'NONE', #2325, 1000.000000000000114 ) ;
#3399 = EDGE_CURVE ( 'NONE', #3157, #791, #1992, .T. ) ;
#3400 = ORIENTED_EDGE ( 'NONE', *, *, #1532, .F. ) ;
#3401 = CIRCLE ( 'NONE', #1517, 0.009313039765817670082 ) ;
#3402 = DIRECTION ( 'NONE',  ( 0.000000000000000000, 0.000000000000000000, 1.000000000000000000 ) ) ;
#3403 = EDGE_CURVE ( 'NONE', #1969, #1872, #1740, .T. ) ;
#3404 = VECTOR ( 'NONE', #636, 1000.000000000000000 ) ;
#3405 = VERTEX_POINT ( 'NONE', #1468 ) ;
#3406 = PRESENTATION_STYLE_ASSIGNMENT (( #502 ) ) ;
#3407 = CARTESIAN_POINT ( 'NONE',  ( 0.1551683411967553772, 0.1359999999999999543, -0.08562607953163534069 ) ) ;
#3408 = LINE ( 'NONE', #1795, #1658 ) ;
#3409 = ORIENTED_EDGE ( 'NONE', *, *, #106, .F. ) ;
#3410 = ORIENTED_EDGE ( 'NONE', *, *, #778, .F. ) ;
#3411 = CARTESIAN_POINT ( 'NONE',  ( 0.1724739628385823509, 0.1359999999999999543, -0.07631303976581767234 ) ) ;
#3412 = SURFACE_STYLE_USAGE ( .BOTH. , #3370 ) ;
#3413 = SURFACE_STYLE_USAGE ( .BOTH. , #1056 ) ;
#3414 = DIRECTION ( 'NONE',  ( 0.000000000000000000, 1.000000000000000000, 0.000000000000000000 ) ) ;
#3415 = FACE_OUTER_BOUND ( 'NONE', #222, .T. ) ;
#3416 = ORIENTED_EDGE ( 'NONE', *, *, #2730, .F. ) ;
#3417 = SURFACE_STYLE_FILL_AREA ( #2347 ) ;
#3418 = SURFACE_SIDE_STYLE ('',( #1358 ) ) ;
#3419 = ORIENTED_EDGE ( 'NONE', *, *, #1591, .F. ) ;
#3420 = CARTESIAN_POINT ( 'NONE',  ( 0.1483267548520222079, 0.1359999999999999543, -0.07848945205393094426 ) ) ;
#3421 = PLANE ( 'NONE',  #1405 ) ;
#3422 = LINE ( 'NONE', #276, #555 ) ;
#3423 = EDGE_CURVE ( 'NONE', #2061, #2649, #3350, .T. ) ;
#3424 = ORIENTED_EDGE ( 'NONE', *, *, #1702, .T. ) ;
#3425 = ORIENTED_EDGE ( 'NONE', *, *, #215, .T. ) ;
#3426 = CARTESIAN_POINT ( 'NONE',  ( 0.1911000423702176876, 0.1359999999999999543, -0.07631303976581767234 ) ) ;
#3427 =( NAMED_UNIT ( * ) SI_UNIT ( $, .STERADIAN. ) SOLID_ANGLE_UNIT ( ) );
#3428 = LINE ( 'NONE', #1327, #3276 ) ;
#3429 = CARTESIAN_POINT ( 'NONE',  ( 0.04058796283216820067, 0.1360999999999998877, -0.02434558517244060638 ) ) ;
#3430 = EDGE_CURVE ( 'NONE', #2771, #328, #3086, .T. ) ;
#3431 = LINE ( 'NONE', #3189, #3398 ) ;
#3432 = ORIENTED_EDGE ( 'NONE', *, *, #2090, .T. ) ;
#3433 = FILL_AREA_STYLE ('',( #2874 ) ) ;
#3434 = LINE ( 'NONE', #2387, #1418 ) ;
#3435 = ORIENTED_EDGE ( 'NONE', *, *, #2475, .F. ) ;
#3436 = DIRECTION ( 'NONE',  ( -1.000000000000000000, 3.388131789017233542E-14, 0.000000000000000000 ) ) ;
#3437 =( GEOMETRIC_REPRESENTATION_CONTEXT ( 3 ) GLOBAL_UNCERTAINTY_ASSIGNED_CONTEXT ( ( #2428 ) ) GLOBAL_UNIT_ASSIGNED_CONTEXT ( ( #3021, #2745, #927 ) ) REPRESENTATION_CONTEXT ( 'NONE', 'WORKASPACE' ) );
#3438 = CYLINDRICAL_SURFACE ( 'NONE', #3393, 0.009313039765817697838 ) ;
#3439 = UNCERTAINTY_MEASURE_WITH_UNIT (LENGTH_MEASURE( 1.000000000000000082E-05 ), #3367, 'distance_accuracy_value', 'NONE');
ENDSEC;
END-ISO-10303-21;
