ISO-10303-21;
HEADER;
/* Generated by software containing ST-Developer
 * from STEP Tools, Inc. (www.steptools.com) 
 */
/* OPTION: strings as raw bytes, not using required /X/ escapes */

FILE_DESCRIPTION(
/* description */ ('Unknown'),
/* implementation_level */ '2;1');

FILE_NAME(
/* name */ '72971',
/* time_stamp */ '2024-12-04T14:15:08+02:00',
/* author */ ('Unknown'),
/* organization */ ('Unknown'),
/* preprocessor_version */ 'ST-DEVELOPER v19.4',
/* originating_system */ 'Solid Edge',
/* authorisation */ 'Unknown');

FILE_SCHEMA (('AUTOMOTIVE_DESIGN {1 0 10303 214 3 1 1}'));
ENDSEC;

DATA;
#10=PROPERTY_DEFINITION_REPRESENTATION(#14,#12);
#11=PROPERTY_DEFINITION_REPRESENTATION(#15,#13);
#12=REPRESENTATION('',(#16),#4506);
#13=REPRESENTATION('',(#17),#4506);
#14=PROPERTY_DEFINITION('pmi validation property','',#4511);
#15=PROPERTY_DEFINITION('pmi validation property','',#4511);
#16=VALUE_REPRESENTATION_ITEM('number of annotations',COUNT_MEASURE(0.));
#17=VALUE_REPRESENTATION_ITEM('number of views',COUNT_MEASURE(0.));
#18=SHAPE_REPRESENTATION_RELATIONSHIP('','',#2241,#19);
#19=ADVANCED_BREP_SHAPE_REPRESENTATION('',(#2239),#4506);
#20=VERTEX_LOOP('',#914);
#21=(
BOUNDED_SURFACE()
B_SPLINE_SURFACE(1,2,((#3681,#3682,#3683,#3684,#3685,#3686,#3687,#3688,
#3689,#3690,#3691,#3692,#3693,#3694,#3695,#3696,#3697,#3698,#3699,#3700,
#3701,#3702,#3703,#3704,#3705,#3706,#3707,#3708,#3709,#3710,#3711,#3712,
#3713,#3714,#3715,#3716,#3717,#3718,#3719,#3720,#3721,#3722,#3723,#3724,
#3725,#3726,#3727,#3728,#3729,#3730,#3731,#3732,#3733,#3734,#3735,#3736,
#3737,#3738,#3739,#3740,#3741,#3742,#3743,#3744,#3745,#3746,#3747,#3748,
#3749,#3750,#3751,#3752,#3753,#3754,#3755,#3756,#3757,#3758,#3759,#3760,
#3761,#3762,#3763,#3764,#3765,#3766,#3767,#3768,#3769,#3770,#3771,#3772,
#3773,#3774,#3775,#3776,#3777,#3778,#3779,#3780,#3781,#3782,#3783),(#3784,
#3785,#3786,#3787,#3788,#3789,#3790,#3791,#3792,#3793,#3794,#3795,#3796,
#3797,#3798,#3799,#3800,#3801,#3802,#3803,#3804,#3805,#3806,#3807,#3808,
#3809,#3810,#3811,#3812,#3813,#3814,#3815,#3816,#3817,#3818,#3819,#3820,
#3821,#3822,#3823,#3824,#3825,#3826,#3827,#3828,#3829,#3830,#3831,#3832,
#3833,#3834,#3835,#3836,#3837,#3838,#3839,#3840,#3841,#3842,#3843,#3844,
#3845,#3846,#3847,#3848,#3849,#3850,#3851,#3852,#3853,#3854,#3855,#3856,
#3857,#3858,#3859,#3860,#3861,#3862,#3863,#3864,#3865,#3866,#3867,#3868,
#3869,#3870,#3871,#3872,#3873,#3874,#3875,#3876,#3877,#3878,#3879,#3880,
#3881,#3882,#3883,#3884,#3885,#3886)),.UNSPECIFIED.,.F.,.F.,.F.)
B_SPLINE_SURFACE_WITH_KNOTS((2,2),(3,2,2,2,2,2,2,2,2,2,2,2,2,2,2,2,2,2,
2,2,2,2,2,2,2,2,2,2,2,2,2,2,2,2,2,2,2,2,2,2,2,2,2,2,2,2,2,2,2,2,2,3),(0.,
1.),(0.067203631861634,0.0729166666666667,0.0833333333333333,0.09375,0.104166666666667,
0.114583333333333,0.125,0.135416666666667,0.145833333333333,0.15625,0.166666666666667,
0.177083333333333,0.1875,0.197916666666667,0.208333333333333,0.21875,0.229166666666667,
0.239583333333333,0.25,0.260416666666667,0.270833333333333,0.28125,0.291666666666667,
0.302083333333333,0.3125,0.322916666666667,0.333333333333333,0.34375,0.354166666666667,
0.364583333333333,0.375,0.385416666666667,0.395833333333333,0.40625,0.416666666666667,
0.427083333333333,0.4375,0.447916666666667,0.458333333333333,0.46875,0.479166666666667,
0.489583333333333,0.5,0.510416666666667,0.520833333333333,0.53125,0.541666666666667,
0.552083333333333,0.5625,0.572916666666667,0.583333333333333,0.584843181869407),
 .PIECEWISE_BEZIER_KNOTS.)
GEOMETRIC_REPRESENTATION_ITEM()
RATIONAL_B_SPLINE_SURFACE(((0.983122893603029,0.981311973725125,1.,0.965925826289068,
1.,0.965925826289068,1.,0.965925826289068,1.,0.965925826289068,1.,0.965925826289068,
1.,0.965925826289068,1.,0.965925826289068,1.,0.965925826289068,1.,0.965925826289068,
1.,0.965925826289068,1.,0.965925826289068,1.,0.965925826289068,1.,0.965925826289068,
1.,0.965925826289068,1.,0.965925826289068,1.,0.965925826289068,1.,0.965925826289068,
1.,0.965925826289068,1.,0.965925826289068,1.,0.965925826289068,1.,0.965925826289068,
1.,0.965925826289068,1.,0.965925826289068,1.,0.965925826289068,1.,0.965925826289068,
1.,0.965925826289068,1.,0.965925826289068,1.,0.965925826289068,1.,0.965925826289068,
1.,0.965925826289068,1.,0.965925826289068,1.,0.965925826289068,1.,0.965925826289068,
1.,0.965925826289068,1.,0.965925826289068,1.,0.965925826289068,1.,0.965925826289068,
1.,0.965925826289068,1.,0.965925826289068,1.,0.965925826289068,1.,0.965925826289068,
1.,0.965925826289068,1.,0.965925826289068,1.,0.965925826289068,1.,0.965925826289068,
1.,0.965925826289068,1.,0.965925826289068,1.,0.965925826289068,1.,0.965925826289068,
1.,0.995061103235643,0.991553947792787),(0.983122893603029,0.981311973725125,
1.,0.965925826289068,1.,0.965925826289068,1.,0.965925826289068,1.,0.965925826289068,
1.,0.965925826289068,1.,0.965925826289068,1.,0.965925826289068,1.,0.965925826289068,
1.,0.965925826289068,1.,0.965925826289068,1.,0.965925826289068,1.,0.965925826289068,
1.,0.965925826289068,1.,0.965925826289068,1.,0.965925826289068,1.,0.965925826289068,
1.,0.965925826289068,1.,0.965925826289068,1.,0.965925826289068,1.,0.965925826289068,
1.,0.965925826289068,1.,0.965925826289068,1.,0.965925826289068,1.,0.965925826289068,
1.,0.965925826289068,1.,0.965925826289068,1.,0.965925826289068,1.,0.965925826289068,
1.,0.965925826289068,1.,0.965925826289068,1.,0.965925826289068,1.,0.965925826289068,
1.,0.965925826289068,1.,0.965925826289068,1.,0.965925826289068,1.,0.965925826289068,
1.,0.965925826289068,1.,0.965925826289068,1.,0.965925826289068,1.,0.965925826289068,
1.,0.965925826289068,1.,0.965925826289068,1.,0.965925826289068,1.,0.965925826289068,
1.,0.965925826289068,1.,0.965925826289068,1.,0.965925826289068,1.,0.965925826289068,
1.,0.965925826289068,1.,0.995061103235643,0.991553947792787)))
REPRESENTATION_ITEM('')
SURFACE()
);
#22=(
BOUNDED_SURFACE()
B_SPLINE_SURFACE(1,2,((#4282,#4283,#4284,#4285,#4286,#4287,#4288,#4289,
#4290,#4291,#4292,#4293,#4294,#4295,#4296,#4297,#4298,#4299,#4300,#4301,
#4302,#4303,#4304,#4305,#4306,#4307,#4308,#4309,#4310,#4311,#4312,#4313,
#4314,#4315,#4316,#4317,#4318,#4319,#4320,#4321,#4322,#4323,#4324,#4325,
#4326,#4327,#4328,#4329,#4330,#4331,#4332,#4333,#4334,#4335,#4336,#4337,
#4338,#4339,#4340,#4341,#4342,#4343,#4344,#4345,#4346,#4347,#4348,#4349,
#4350,#4351,#4352,#4353,#4354,#4355,#4356,#4357,#4358,#4359,#4360,#4361,
#4362,#4363,#4364,#4365,#4366,#4367,#4368,#4369,#4370,#4371,#4372,#4373,
#4374,#4375,#4376,#4377,#4378,#4379,#4380,#4381,#4382),(#4383,#4384,#4385,
#4386,#4387,#4388,#4389,#4390,#4391,#4392,#4393,#4394,#4395,#4396,#4397,
#4398,#4399,#4400,#4401,#4402,#4403,#4404,#4405,#4406,#4407,#4408,#4409,
#4410,#4411,#4412,#4413,#4414,#4415,#4416,#4417,#4418,#4419,#4420,#4421,
#4422,#4423,#4424,#4425,#4426,#4427,#4428,#4429,#4430,#4431,#4432,#4433,
#4434,#4435,#4436,#4437,#4438,#4439,#4440,#4441,#4442,#4443,#4444,#4445,
#4446,#4447,#4448,#4449,#4450,#4451,#4452,#4453,#4454,#4455,#4456,#4457,
#4458,#4459,#4460,#4461,#4462,#4463,#4464,#4465,#4466,#4467,#4468,#4469,
#4470,#4471,#4472,#4473,#4474,#4475,#4476,#4477,#4478,#4479,#4480,#4481,
#4482,#4483)),.UNSPECIFIED.,.F.,.F.,.F.)
B_SPLINE_SURFACE_WITH_KNOTS((2,2),(3,2,2,2,2,2,2,2,2,2,2,2,2,2,2,2,2,2,
2,2,2,2,2,2,2,2,2,2,2,2,2,2,2,2,2,2,2,2,2,2,2,2,2,2,2,2,2,2,2,2,3),(0.,
1.),(0.,0.0104166666666667,0.0208333333333333,0.03125,0.0416666666666667,
0.0520833333333333,0.0625,0.0729166666666667,0.0833333333333333,0.09375,
0.104166666666667,0.114583333333333,0.125,0.135416666666667,0.145833333333333,
0.15625,0.166666666666667,0.177083333333333,0.1875,0.197916666666667,0.208333333333333,
0.21875,0.229166666666667,0.239583333333333,0.25,0.260416666666667,0.270833333333333,
0.28125,0.291666666666667,0.302083333333333,0.3125,0.322916666666667,0.333333333333333,
0.34375,0.354166666666667,0.364583333333333,0.375,0.385416666666667,0.395833333333333,
0.40625,0.416666666666667,0.427083333333333,0.4375,0.447916666666667,0.458333333333333,
0.46875,0.479166666666667,0.489583333333333,0.5,0.510416666666667,0.514595853699898),
 .PIECEWISE_BEZIER_KNOTS.)
GEOMETRIC_REPRESENTATION_ITEM()
RATIONAL_B_SPLINE_SURFACE(((1.,0.965925826289068,1.,0.965925826289068,1.,
0.965925826289068,1.,0.965925826289068,1.,0.965925826289068,1.,0.965925826289068,
1.,0.965925826289068,1.,0.965925826289068,1.,0.965925826289068,1.,0.965925826289068,
1.,0.965925826289068,1.,0.965925826289068,1.,0.965925826289068,1.,0.965925826289068,
1.,0.965925826289068,1.,0.965925826289068,1.,0.965925826289068,1.,0.965925826289068,
1.,0.965925826289068,1.,0.965925826289068,1.,0.965925826289068,1.,0.965925826289068,
1.,0.965925826289068,1.,0.965925826289068,1.,0.965925826289068,1.,0.965925826289068,
1.,0.965925826289068,1.,0.965925826289068,1.,0.965925826289068,1.,0.965925826289068,
1.,0.965925826289068,1.,0.965925826289068,1.,0.965925826289068,1.,0.965925826289068,
1.,0.965925826289068,1.,0.965925826289068,1.,0.965925826289068,1.,0.965925826289068,
1.,0.965925826289068,1.,0.965925826289068,1.,0.965925826289068,1.,0.965925826289068,
1.,0.965925826289068,1.,0.965925826289068,1.,0.965925826289068,1.,0.965925826289068,
1.,0.965925826289068,1.,0.965925826289068,1.,0.965925826289068,1.,0.986329374885682,
0.983628112820439),(1.,0.965925826289068,1.,0.965925826289068,1.,0.965925826289068,
1.,0.965925826289068,1.,0.965925826289068,1.,0.965925826289068,1.,0.965925826289068,
1.,0.965925826289068,1.,0.965925826289068,1.,0.965925826289068,1.,0.965925826289068,
1.,0.965925826289068,1.,0.965925826289068,1.,0.965925826289068,1.,0.965925826289068,
1.,0.965925826289068,1.,0.965925826289068,1.,0.965925826289068,1.,0.965925826289068,
1.,0.965925826289068,1.,0.965925826289068,1.,0.965925826289068,1.,0.965925826289068,
1.,0.965925826289068,1.,0.965925826289068,1.,0.965925826289068,1.,0.965925826289068,
1.,0.965925826289068,1.,0.965925826289068,1.,0.965925826289068,1.,0.965925826289068,
1.,0.965925826289068,1.,0.965925826289068,1.,0.965925826289068,1.,0.965925826289068,
1.,0.965925826289068,1.,0.965925826289068,1.,0.965925826289068,1.,0.965925826289068,
1.,0.965925826289068,1.,0.965925826289068,1.,0.965925826289068,1.,0.965925826289068,
1.,0.965925826289068,1.,0.965925826289068,1.,0.965925826289068,1.,0.965925826289068,
1.,0.965925826289068,1.,0.965925826289068,1.,0.986329374885682,0.983628112820439)))
REPRESENTATION_ITEM('')
SURFACE()
);
#23=(
BOUNDED_CURVE()
B_SPLINE_CURVE(2,(#3208,#3209,#3210,#3211,#3212,#3213,#3214,#3215,#3216,
#3217,#3218,#3219,#3220,#3221,#3222,#3223,#3224,#3225,#3226,#3227,#3228,
#3229,#3230,#3231,#3232,#3233,#3234,#3235,#3236,#3237,#3238,#3239,#3240,
#3241,#3242,#3243,#3244,#3245,#3246,#3247,#3248,#3249,#3250,#3251,#3252,
#3253,#3254,#3255,#3256,#3257,#3258,#3259,#3260,#3261,#3262,#3263,#3264,
#3265,#3266,#3267,#3268,#3269,#3270,#3271,#3272,#3273,#3274,#3275,#3276,
#3277,#3278,#3279,#3280,#3281,#3282,#3283,#3284,#3285,#3286,#3287,#3288,
#3289,#3290,#3291,#3292,#3293,#3294,#3295,#3296,#3297,#3298,#3299,#3300,
#3301,#3302,#3303,#3304,#3305,#3306,#3307,#3308,#3309,#3310,#3311,#3312,
#3313,#3314,#3315,#3316,#3317,#3318,#3319,#3320,#3321,#3322,#3323,#3324,
#3325,#3326,#3327,#3328,#3329,#3330,#3331,#3332,#3333,#3334,#3335,#3336,
#3337,#3338,#3339,#3340,#3341,#3342,#3343,#3344,#3345,#3346,#3347,#3348,
#3349,#3350,#3351,#3352,#3353,#3354,#3355,#3356,#3357,#3358,#3359,#3360,
#3361,#3362,#3363,#3364,#3365,#3366,#3367,#3368,#3369,#3370,#3371,#3372,
#3373,#3374,#3375,#3376,#3377,#3378,#3379,#3380,#3381,#3382,#3383,#3384,
#3385,#3386,#3387,#3388,#3389,#3390,#3391,#3392,#3393,#3394,#3395,#3396,
#3397,#3398,#3399,#3400),.UNSPECIFIED.,.F.,.F.)
B_SPLINE_CURVE_WITH_KNOTS((3,2,2,2,2,2,2,2,2,2,2,2,2,2,2,2,2,2,2,2,2,2,
2,2,2,2,2,2,2,2,2,2,2,2,2,2,2,2,2,2,2,2,2,2,2,2,2,2,2,2,2,2,2,2,2,2,2,2,
2,2,2,2,2,2,2,2,2,2,2,2,2,2,2,2,2,2,2,2,2,2,2,2,2,2,2,2,2,2,2,2,2,2,2,2,
2,2,3),(0.,0.0104166666666667,0.0208333333333333,0.03125,0.0416666666666667,
0.0520833333333333,0.0625,0.0729166666666667,0.0833333333333333,0.09375,
0.104166666666667,0.114583333333333,0.125,0.135416666666667,0.145833333333333,
0.15625,0.166666666666667,0.177083333333333,0.1875,0.197916666666667,0.208333333333333,
0.21875,0.229166666666667,0.239583333333333,0.25,0.260416666666667,0.270833333333333,
0.28125,0.291666666666667,0.302083333333333,0.3125,0.322916666666667,0.333333333333333,
0.34375,0.354166666666667,0.364583333333333,0.375,0.385416666666667,0.395833333333333,
0.40625,0.416666666666667,0.427083333333333,0.4375,0.447916666666667,0.458333333333333,
0.46875,0.479166666666667,0.489583333333333,0.5,0.510416666666667,0.520833333333333,
0.53125,0.541666666666667,0.552083333333333,0.5625,0.572916666666667,0.583333333333333,
0.59375,0.604166666666667,0.614583333333333,0.625,0.635416666666667,0.645833333333333,
0.65625,0.666666666666667,0.677083333333333,0.6875,0.697916666666667,0.708333333333333,
0.71875,0.729166666666667,0.739583333333333,0.75,0.760416666666667,0.770833333333333,
0.78125,0.791666666666667,0.802083333333333,0.8125,0.822916666666667,0.833333333333333,
0.84375,0.854166666666667,0.864583333333333,0.875,0.885416666666667,0.895833333333333,
0.90625,0.916666666666667,0.927083333333333,0.9375,0.947916666666667,0.958333333333333,
0.96875,0.979166666666667,0.989583333333333,1.),
 .PIECEWISE_BEZIER_KNOTS.)
CURVE()
GEOMETRIC_REPRESENTATION_ITEM()
RATIONAL_B_SPLINE_CURVE((1.,0.965925826289068,1.,0.965925826289068,1.,0.965925826289068,
1.,0.965925826289068,1.,0.965925826289068,1.,0.965925826289068,1.,0.965925826289068,
1.,0.965925826289068,1.,0.965925826289068,1.,0.965925826289068,1.,0.965925826289068,
1.,0.965925826289068,1.,0.965925826289068,1.,0.965925826289068,1.,0.965925826289068,
1.,0.965925826289068,1.,0.965925826289068,1.,0.965925826289068,1.,0.965925826289068,
1.,0.965925826289068,1.,0.965925826289068,1.,0.965925826289068,1.,0.965925826289068,
1.,0.965925826289068,1.,0.965925826289068,1.,0.965925826289068,1.,0.965925826289068,
1.,0.965925826289068,1.,0.965925826289068,1.,0.965925826289068,1.,0.965925826289068,
1.,0.965925826289068,1.,0.965925826289068,1.,0.965925826289068,1.,0.965925826289068,
1.,0.965925826289068,1.,0.965925826289068,1.,0.965925826289068,1.,0.965925826289068,
1.,0.965925826289068,1.,0.965925826289068,1.,0.965925826289068,1.,0.965925826289068,
1.,0.965925826289068,1.,0.965925826289068,1.,0.965925826289068,1.,0.965925826289068,
1.,0.965925826289068,1.,0.965925826289068,1.,0.965925826289068,1.,0.965925826289068,
1.,0.965925826289068,1.,0.965925826289068,1.,0.965925826289068,1.,0.965925826289068,
1.,0.965925826289068,1.,0.965925826289068,1.,0.965925826289068,1.,0.965925826289068,
1.,0.965925826289068,1.,0.965925826289068,1.,0.965925826289068,1.,0.965925826289068,
1.,0.965925826289068,1.,0.965925826289068,1.,0.965925826289068,1.,0.965925826289068,
1.,0.965925826289068,1.,0.965925826289068,1.,0.965925826289068,1.,0.965925826289068,
1.,0.965925826289068,1.,0.965925826289068,1.,0.965925826289068,1.,0.965925826289068,
1.,0.965925826289068,1.,0.965925826289068,1.,0.965925826289068,1.,0.965925826289068,
1.,0.965925826289068,1.,0.965925826289068,1.,0.965925826289068,1.,0.965925826289068,
1.,0.965925826289068,1.,0.965925826289068,1.,0.965925826289068,1.,0.965925826289068,
1.,0.965925826289068,1.,0.965925826289068,1.,0.965925826289068,1.,0.965925826289068,
1.,0.965925826289068,1.,0.965925826289068,1.,0.965925826289068,1.,0.965925826289068,
1.,0.965925826289068,1.))
REPRESENTATION_ITEM('')
);
#24=(
BOUNDED_CURVE()
B_SPLINE_CURVE(2,(#3404,#3405,#3406,#3407,#3408,#3409,#3410,#3411,#3412,
#3413,#3414,#3415,#3416,#3417,#3418,#3419,#3420,#3421,#3422,#3423,#3424,
#3425,#3426,#3427,#3428,#3429,#3430,#3431,#3432,#3433,#3434,#3435,#3436,
#3437,#3438,#3439,#3440,#3441,#3442,#3443,#3444,#3445,#3446,#3447,#3448,
#3449,#3450,#3451,#3452,#3453,#3454,#3455,#3456,#3457,#3458,#3459,#3460,
#3461,#3462,#3463,#3464,#3465,#3466,#3467,#3468,#3469,#3470,#3471,#3472,
#3473,#3474,#3475,#3476,#3477,#3478,#3479,#3480,#3481,#3482,#3483,#3484,
#3485,#3486,#3487,#3488,#3489,#3490,#3491,#3492,#3493,#3494,#3495,#3496,
#3497,#3498,#3499,#3500,#3501,#3502,#3503,#3504,#3505,#3506,#3507,#3508,
#3509,#3510,#3511,#3512,#3513,#3514,#3515,#3516,#3517,#3518,#3519,#3520,
#3521,#3522,#3523,#3524,#3525,#3526,#3527,#3528,#3529,#3530,#3531,#3532,
#3533,#3534,#3535,#3536,#3537,#3538,#3539,#3540,#3541,#3542,#3543,#3544,
#3545,#3546,#3547,#3548,#3549,#3550,#3551,#3552,#3553,#3554,#3555,#3556,
#3557,#3558,#3559,#3560,#3561,#3562,#3563,#3564,#3565,#3566,#3567,#3568,
#3569,#3570,#3571,#3572,#3573,#3574,#3575,#3576,#3577,#3578,#3579,#3580,
#3581,#3582,#3583,#3584,#3585,#3586,#3587,#3588,#3589,#3590,#3591,#3592,
#3593,#3594,#3595,#3596),.UNSPECIFIED.,.F.,.F.)
B_SPLINE_CURVE_WITH_KNOTS((3,2,2,2,2,2,2,2,2,2,2,2,2,2,2,2,2,2,2,2,2,2,
2,2,2,2,2,2,2,2,2,2,2,2,2,2,2,2,2,2,2,2,2,2,2,2,2,2,2,2,2,2,2,2,2,2,2,2,
2,2,2,2,2,2,2,2,2,2,2,2,2,2,2,2,2,2,2,2,2,2,2,2,2,2,2,2,2,2,2,2,2,2,2,2,
2,2,3),(0.,0.0104166666666667,0.0208333333333333,0.03125,0.0416666666666667,
0.0520833333333333,0.0625,0.0729166666666667,0.0833333333333333,0.09375,
0.104166666666667,0.114583333333333,0.125,0.135416666666667,0.145833333333333,
0.15625,0.166666666666667,0.177083333333333,0.1875,0.197916666666667,0.208333333333333,
0.21875,0.229166666666667,0.239583333333333,0.25,0.260416666666667,0.270833333333333,
0.28125,0.291666666666667,0.302083333333333,0.3125,0.322916666666667,0.333333333333333,
0.34375,0.354166666666667,0.364583333333333,0.375,0.385416666666667,0.395833333333333,
0.40625,0.416666666666667,0.427083333333333,0.4375,0.447916666666667,0.458333333333333,
0.46875,0.479166666666667,0.489583333333333,0.5,0.510416666666667,0.520833333333333,
0.53125,0.541666666666667,0.552083333333333,0.5625,0.572916666666667,0.583333333333333,
0.59375,0.604166666666667,0.614583333333333,0.625,0.635416666666667,0.645833333333333,
0.65625,0.666666666666667,0.677083333333333,0.6875,0.697916666666667,0.708333333333333,
0.71875,0.729166666666667,0.739583333333333,0.75,0.760416666666667,0.770833333333333,
0.78125,0.791666666666667,0.802083333333333,0.8125,0.822916666666667,0.833333333333333,
0.84375,0.854166666666667,0.864583333333333,0.875,0.885416666666667,0.895833333333333,
0.90625,0.916666666666667,0.927083333333333,0.9375,0.947916666666667,0.958333333333333,
0.96875,0.979166666666667,0.989583333333333,1.),
 .PIECEWISE_BEZIER_KNOTS.)
CURVE()
GEOMETRIC_REPRESENTATION_ITEM()
RATIONAL_B_SPLINE_CURVE((1.,0.965925826289068,1.,0.965925826289068,1.,0.965925826289068,
1.,0.965925826289068,1.,0.965925826289068,1.,0.965925826289068,1.,0.965925826289068,
1.,0.965925826289068,1.,0.965925826289068,1.,0.965925826289068,1.,0.965925826289068,
1.,0.965925826289068,1.,0.965925826289068,1.,0.965925826289068,1.,0.965925826289068,
1.,0.965925826289068,1.,0.965925826289068,1.,0.965925826289068,1.,0.965925826289068,
1.,0.965925826289068,1.,0.965925826289068,1.,0.965925826289068,1.,0.965925826289068,
1.,0.965925826289068,1.,0.965925826289068,1.,0.965925826289068,1.,0.965925826289068,
1.,0.965925826289068,1.,0.965925826289068,1.,0.965925826289068,1.,0.965925826289068,
1.,0.965925826289068,1.,0.965925826289068,1.,0.965925826289068,1.,0.965925826289068,
1.,0.965925826289068,1.,0.965925826289068,1.,0.965925826289068,1.,0.965925826289068,
1.,0.965925826289068,1.,0.965925826289068,1.,0.965925826289068,1.,0.965925826289068,
1.,0.965925826289068,1.,0.965925826289068,1.,0.965925826289068,1.,0.965925826289068,
1.,0.965925826289068,1.,0.965925826289068,1.,0.965925826289068,1.,0.965925826289068,
1.,0.965925826289068,1.,0.965925826289068,1.,0.965925826289068,1.,0.965925826289068,
1.,0.965925826289068,1.,0.965925826289068,1.,0.965925826289068,1.,0.965925826289068,
1.,0.965925826289068,1.,0.965925826289068,1.,0.965925826289068,1.,0.965925826289068,
1.,0.965925826289068,1.,0.965925826289068,1.,0.965925826289068,1.,0.965925826289068,
1.,0.965925826289068,1.,0.965925826289068,1.,0.965925826289068,1.,0.965925826289068,
1.,0.965925826289068,1.,0.965925826289068,1.,0.965925826289068,1.,0.965925826289068,
1.,0.965925826289068,1.,0.965925826289068,1.,0.965925826289068,1.,0.965925826289068,
1.,0.965925826289068,1.,0.965925826289068,1.,0.965925826289068,1.,0.965925826289068,
1.,0.965925826289068,1.,0.965925826289068,1.,0.965925826289068,1.,0.965925826289068,
1.,0.965925826289068,1.,0.965925826289068,1.,0.965925826289068,1.,0.965925826289068,
1.,0.965925826289068,1.,0.965925826289068,1.,0.965925826289068,1.,0.965925826289068,
1.,0.965925826289068,1.))
REPRESENTATION_ITEM('')
);
#25=(
BOUNDED_CURVE()
B_SPLINE_CURVE(2,(#3887,#3888,#3889,#3890,#3891,#3892,#3893,#3894,#3895,
#3896,#3897,#3898,#3899,#3900,#3901,#3902,#3903,#3904,#3905,#3906,#3907,
#3908,#3909,#3910,#3911,#3912,#3913,#3914,#3915,#3916,#3917,#3918,#3919,
#3920,#3921,#3922,#3923,#3924,#3925,#3926,#3927,#3928,#3929,#3930,#3931,
#3932,#3933,#3934,#3935,#3936,#3937,#3938,#3939,#3940,#3941,#3942,#3943,
#3944,#3945,#3946,#3947,#3948,#3949,#3950,#3951,#3952,#3953,#3954,#3955,
#3956,#3957,#3958,#3959,#3960,#3961,#3962,#3963,#3964,#3965,#3966,#3967,
#3968,#3969,#3970,#3971,#3972,#3973,#3974,#3975,#3976,#3977,#3978,#3979,
#3980,#3981,#3982,#3983,#3984,#3985,#3986,#3987,#3988,#3989,#3990,#3991,
#3992,#3993,#3994,#3995,#3996,#3997,#3998,#3999,#4000,#4001,#4002,#4003,
#4004,#4005,#4006,#4007,#4008,#4009,#4010,#4011,#4012,#4013,#4014,#4015,
#4016,#4017,#4018,#4019,#4020,#4021,#4022,#4023,#4024,#4025,#4026,#4027,
#4028,#4029,#4030,#4031,#4032,#4033,#4034,#4035,#4036,#4037,#4038,#4039,
#4040,#4041,#4042,#4043,#4044,#4045,#4046,#4047,#4048,#4049,#4050,#4051,
#4052,#4053,#4054,#4055,#4056,#4057,#4058,#4059,#4060,#4061,#4062,#4063,
#4064,#4065,#4066,#4067,#4068,#4069,#4070,#4071,#4072,#4073,#4074,#4075,
#4076,#4077,#4078,#4079),.UNSPECIFIED.,.F.,.F.)
B_SPLINE_CURVE_WITH_KNOTS((3,2,2,2,2,2,2,2,2,2,2,2,2,2,2,2,2,2,2,2,2,2,
2,2,2,2,2,2,2,2,2,2,2,2,2,2,2,2,2,2,2,2,2,2,2,2,2,2,2,2,2,2,2,2,2,2,2,2,
2,2,2,2,2,2,2,2,2,2,2,2,2,2,2,2,2,2,2,2,2,2,2,2,2,2,2,2,2,2,2,2,2,2,2,2,
2,2,3),(0.,0.0104166666666667,0.0208333333333333,0.03125,0.0416666666666667,
0.0520833333333333,0.0625,0.0729166666666667,0.0833333333333333,0.09375,
0.104166666666667,0.114583333333333,0.125,0.135416666666667,0.145833333333333,
0.15625,0.166666666666667,0.177083333333333,0.1875,0.197916666666667,0.208333333333333,
0.21875,0.229166666666667,0.239583333333333,0.25,0.260416666666667,0.270833333333333,
0.28125,0.291666666666667,0.302083333333333,0.3125,0.322916666666667,0.333333333333333,
0.34375,0.354166666666667,0.364583333333333,0.375,0.385416666666667,0.395833333333333,
0.40625,0.416666666666667,0.427083333333333,0.4375,0.447916666666667,0.458333333333333,
0.46875,0.479166666666667,0.489583333333333,0.5,0.510416666666667,0.520833333333333,
0.53125,0.541666666666667,0.552083333333333,0.5625,0.572916666666667,0.583333333333333,
0.59375,0.604166666666667,0.614583333333333,0.625,0.635416666666667,0.645833333333333,
0.65625,0.666666666666667,0.677083333333333,0.6875,0.697916666666667,0.708333333333333,
0.71875,0.729166666666667,0.739583333333333,0.75,0.760416666666667,0.770833333333333,
0.78125,0.791666666666667,0.802083333333333,0.8125,0.822916666666667,0.833333333333333,
0.84375,0.854166666666667,0.864583333333333,0.875,0.885416666666667,0.895833333333333,
0.90625,0.916666666666667,0.927083333333333,0.9375,0.947916666666667,0.958333333333333,
0.96875,0.979166666666667,0.989583333333333,1.),.UNSPECIFIED.)
CURVE()
GEOMETRIC_REPRESENTATION_ITEM()
RATIONAL_B_SPLINE_CURVE((1.,0.965925826289068,1.,0.965925826289068,1.,0.965925826289068,
1.,0.965925826289068,1.,0.965925826289068,1.,0.965925826289068,1.,0.965925826289068,
1.,0.965925826289068,1.,0.965925826289068,1.,0.965925826289068,1.,0.965925826289068,
1.,0.965925826289068,1.,0.965925826289068,1.,0.965925826289068,1.,0.965925826289068,
1.,0.965925826289068,1.,0.965925826289068,1.,0.965925826289068,1.,0.965925826289068,
1.,0.965925826289068,1.,0.965925826289068,1.,0.965925826289068,1.,0.965925826289068,
1.,0.965925826289068,1.,0.965925826289068,1.,0.965925826289068,1.,0.965925826289068,
1.,0.965925826289068,1.,0.965925826289068,1.,0.965925826289068,1.,0.965925826289068,
1.,0.965925826289068,1.,0.965925826289068,1.,0.965925826289068,1.,0.965925826289068,
1.,0.965925826289068,1.,0.965925826289068,1.,0.965925826289068,1.,0.965925826289068,
1.,0.965925826289068,1.,0.965925826289068,1.,0.965925826289068,1.,0.965925826289068,
1.,0.965925826289068,1.,0.965925826289068,1.,0.965925826289068,1.,0.965925826289068,
1.,0.965925826289068,1.,0.965925826289068,1.,0.965925826289068,1.,0.965925826289068,
1.,0.965925826289068,1.,0.965925826289068,1.,0.965925826289068,1.,0.965925826289068,
1.,0.965925826289068,1.,0.965925826289068,1.,0.965925826289068,1.,0.965925826289068,
1.,0.965925826289068,1.,0.965925826289068,1.,0.965925826289068,1.,0.965925826289068,
1.,0.965925826289068,1.,0.965925826289068,1.,0.965925826289068,1.,0.965925826289068,
1.,0.965925826289068,1.,0.965925826289068,1.,0.965925826289068,1.,0.965925826289068,
1.,0.965925826289068,1.,0.965925826289068,1.,0.965925826289068,1.,0.965925826289068,
1.,0.965925826289068,1.,0.965925826289068,1.,0.965925826289068,1.,0.965925826289068,
1.,0.965925826289068,1.,0.965925826289068,1.,0.965925826289068,1.,0.965925826289068,
1.,0.965925826289068,1.,0.965925826289068,1.,0.965925826289068,1.,0.965925826289068,
1.,0.965925826289068,1.,0.965925826289068,1.,0.965925826289068,1.,0.965925826289068,
1.,0.965925826289068,1.,0.965925826289068,1.,0.965925826289068,1.,0.965925826289068,
1.,0.965925826289068,1.))
REPRESENTATION_ITEM('')
);
#26=(
BOUNDED_CURVE()
B_SPLINE_CURVE(2,(#4087,#4088,#4089,#4090,#4091,#4092,#4093,#4094,#4095,
#4096,#4097,#4098,#4099,#4100,#4101,#4102,#4103,#4104,#4105,#4106,#4107,
#4108,#4109,#4110,#4111,#4112,#4113,#4114,#4115,#4116,#4117,#4118,#4119,
#4120,#4121,#4122,#4123,#4124,#4125,#4126,#4127,#4128,#4129,#4130,#4131,
#4132,#4133,#4134,#4135,#4136,#4137,#4138,#4139,#4140,#4141,#4142,#4143,
#4144,#4145,#4146,#4147,#4148,#4149,#4150,#4151,#4152,#4153,#4154,#4155,
#4156,#4157,#4158,#4159,#4160,#4161,#4162,#4163,#4164,#4165,#4166,#4167,
#4168,#4169,#4170,#4171,#4172,#4173,#4174,#4175,#4176,#4177,#4178,#4179,
#4180,#4181,#4182,#4183,#4184,#4185,#4186,#4187,#4188,#4189,#4190,#4191,
#4192,#4193,#4194,#4195,#4196,#4197,#4198,#4199,#4200,#4201,#4202,#4203,
#4204,#4205,#4206,#4207,#4208,#4209,#4210,#4211,#4212,#4213,#4214,#4215,
#4216,#4217,#4218,#4219,#4220,#4221,#4222,#4223,#4224,#4225,#4226,#4227,
#4228,#4229,#4230,#4231,#4232,#4233,#4234,#4235,#4236,#4237,#4238,#4239,
#4240,#4241,#4242,#4243,#4244,#4245,#4246,#4247,#4248,#4249,#4250,#4251,
#4252,#4253,#4254,#4255,#4256,#4257,#4258,#4259,#4260,#4261,#4262,#4263,
#4264,#4265,#4266,#4267,#4268,#4269,#4270,#4271,#4272,#4273,#4274,#4275,
#4276,#4277,#4278,#4279),.UNSPECIFIED.,.F.,.F.)
B_SPLINE_CURVE_WITH_KNOTS((3,2,2,2,2,2,2,2,2,2,2,2,2,2,2,2,2,2,2,2,2,2,
2,2,2,2,2,2,2,2,2,2,2,2,2,2,2,2,2,2,2,2,2,2,2,2,2,2,2,2,2,2,2,2,2,2,2,2,
2,2,2,2,2,2,2,2,2,2,2,2,2,2,2,2,2,2,2,2,2,2,2,2,2,2,2,2,2,2,2,2,2,2,2,2,
2,2,3),(0.,0.0104166666666667,0.0208333333333333,0.03125,0.0416666666666667,
0.0520833333333333,0.0625,0.0729166666666667,0.0833333333333333,0.09375,
0.104166666666667,0.114583333333333,0.125,0.135416666666667,0.145833333333333,
0.15625,0.166666666666667,0.177083333333333,0.1875,0.197916666666667,0.208333333333333,
0.21875,0.229166666666667,0.239583333333333,0.25,0.260416666666667,0.270833333333333,
0.28125,0.291666666666667,0.302083333333333,0.3125,0.322916666666667,0.333333333333333,
0.34375,0.354166666666667,0.364583333333333,0.375,0.385416666666667,0.395833333333333,
0.40625,0.416666666666667,0.427083333333333,0.4375,0.447916666666667,0.458333333333333,
0.46875,0.479166666666667,0.489583333333333,0.5,0.510416666666667,0.520833333333333,
0.53125,0.541666666666667,0.552083333333333,0.5625,0.572916666666667,0.583333333333333,
0.59375,0.604166666666667,0.614583333333333,0.625,0.635416666666667,0.645833333333333,
0.65625,0.666666666666667,0.677083333333333,0.6875,0.697916666666667,0.708333333333333,
0.71875,0.729166666666667,0.739583333333333,0.75,0.760416666666667,0.770833333333333,
0.78125,0.791666666666667,0.802083333333333,0.8125,0.822916666666667,0.833333333333333,
0.84375,0.854166666666667,0.864583333333333,0.875,0.885416666666667,0.895833333333333,
0.90625,0.916666666666667,0.927083333333333,0.9375,0.947916666666667,0.958333333333333,
0.96875,0.979166666666667,0.989583333333333,1.),.UNSPECIFIED.)
CURVE()
GEOMETRIC_REPRESENTATION_ITEM()
RATIONAL_B_SPLINE_CURVE((1.,0.965925826289068,1.,0.965925826289068,1.,0.965925826289068,
1.,0.965925826289068,1.,0.965925826289068,1.,0.965925826289068,1.,0.965925826289068,
1.,0.965925826289068,1.,0.965925826289068,1.,0.965925826289068,1.,0.965925826289068,
1.,0.965925826289068,1.,0.965925826289068,1.,0.965925826289068,1.,0.965925826289068,
1.,0.965925826289068,1.,0.965925826289068,1.,0.965925826289068,1.,0.965925826289068,
1.,0.965925826289068,1.,0.965925826289068,1.,0.965925826289068,1.,0.965925826289068,
1.,0.965925826289068,1.,0.965925826289068,1.,0.965925826289068,1.,0.965925826289068,
1.,0.965925826289068,1.,0.965925826289068,1.,0.965925826289068,1.,0.965925826289068,
1.,0.965925826289068,1.,0.965925826289068,1.,0.965925826289068,1.,0.965925826289068,
1.,0.965925826289068,1.,0.965925826289068,1.,0.965925826289068,1.,0.965925826289068,
1.,0.965925826289068,1.,0.965925826289068,1.,0.965925826289068,1.,0.965925826289068,
1.,0.965925826289068,1.,0.965925826289068,1.,0.965925826289068,1.,0.965925826289068,
1.,0.965925826289068,1.,0.965925826289068,1.,0.965925826289068,1.,0.965925826289068,
1.,0.965925826289068,1.,0.965925826289068,1.,0.965925826289068,1.,0.965925826289068,
1.,0.965925826289068,1.,0.965925826289068,1.,0.965925826289068,1.,0.965925826289068,
1.,0.965925826289068,1.,0.965925826289068,1.,0.965925826289068,1.,0.965925826289068,
1.,0.965925826289068,1.,0.965925826289068,1.,0.965925826289068,1.,0.965925826289068,
1.,0.965925826289068,1.,0.965925826289068,1.,0.965925826289068,1.,0.965925826289068,
1.,0.965925826289068,1.,0.965925826289068,1.,0.965925826289068,1.,0.965925826289068,
1.,0.965925826289068,1.,0.965925826289068,1.,0.965925826289068,1.,0.965925826289068,
1.,0.965925826289068,1.,0.965925826289068,1.,0.965925826289068,1.,0.965925826289068,
1.,0.965925826289068,1.,0.965925826289068,1.,0.965925826289068,1.,0.965925826289068,
1.,0.965925826289068,1.,0.965925826289068,1.,0.965925826289068,1.,0.965925826289068,
1.,0.965925826289068,1.,0.965925826289068,1.,0.965925826289068,1.,0.965925826289068,
1.,0.965925826289068,1.))
REPRESENTATION_ITEM('')
);
#27=CONICAL_SURFACE('',#2281,4.95,1.23918376891597);
#28=CONICAL_SURFACE('',#2283,4.95,1.23918376891597);
#29=CONICAL_SURFACE('',#2336,2.675,0.523598775598299);
#30=CONICAL_SURFACE('',#2357,0.55,0.785398163397451);
#31=CONICAL_SURFACE('',#2358,0.55,0.785398163397451);
#32=CONICAL_SURFACE('',#2359,0.55,0.785398163397451);
#33=CONICAL_SURFACE('',#2360,0.55,0.785398163397451);
#34=CONICAL_SURFACE('',#2361,3.1242,0.785398163397449);
#35=CONICAL_SURFACE('',#2363,2.7242,0.785398163397449);
#36=CONICAL_SURFACE('',#2377,2.5,0.785398163397446);
#37=CONICAL_SURFACE('',#2378,0.65,0.785398163397452);
#38=CONICAL_SURFACE('',#2379,0.45,0.785398163397447);
#39=B_SPLINE_CURVE_WITH_KNOTS('',3,(#2835,#2836,#2837,#2838),
 .UNSPECIFIED.,.F.,.F.,(4,4),(0.,0.00014151083741101),.UNSPECIFIED.);
#40=B_SPLINE_CURVE_WITH_KNOTS('',3,(#2847,#2848,#2849,#2850),
 .UNSPECIFIED.,.F.,.F.,(4,4),(0.,0.00014151083741101),.UNSPECIFIED.);
#41=B_SPLINE_CURVE_WITH_KNOTS('',3,(#2883,#2884,#2885,#2886),
 .UNSPECIFIED.,.F.,.F.,(4,4),(0.,0.00014151083741101),.UNSPECIFIED.);
#42=B_SPLINE_CURVE_WITH_KNOTS('',3,(#2893,#2894,#2895,#2896),
 .UNSPECIFIED.,.F.,.F.,(4,4),(0.,0.00014151083741101),.UNSPECIFIED.);
#43=B_SPLINE_CURVE_WITH_KNOTS('',3,(#2929,#2930,#2931,#2932),
 .UNSPECIFIED.,.F.,.F.,(4,4),(0.,0.00014151083741101),.UNSPECIFIED.);
#44=B_SPLINE_CURVE_WITH_KNOTS('',3,(#2939,#2940,#2941,#2942),
 .UNSPECIFIED.,.F.,.F.,(4,4),(0.,0.00014151083741101),.UNSPECIFIED.);
#45=B_SPLINE_CURVE_WITH_KNOTS('',3,(#2951,#2952,#2953,#2954,#2955),
 .UNSPECIFIED.,.F.,.F.,(4,1,4),(0.,0.0035042204378942,0.00700844087578839),
 .UNSPECIFIED.);
#46=B_SPLINE_CURVE_WITH_KNOTS('',3,(#2960,#2961,#2962,#2963,#2964),
 .UNSPECIFIED.,.F.,.F.,(4,1,4),(0.,0.0035042204378942,0.00700844087578839),
 .UNSPECIFIED.);
#47=B_SPLINE_CURVE_WITH_KNOTS('',3,(#2971,#2972,#2973,#2974,#2975),
 .UNSPECIFIED.,.F.,.F.,(4,1,4),(0.,0.0035042204378942,0.00700844087578839),
 .UNSPECIFIED.);
#48=B_SPLINE_CURVE_WITH_KNOTS('',3,(#2979,#2980,#2981,#2982,#2983),
 .UNSPECIFIED.,.F.,.F.,(4,1,4),(0.,0.0035042204378942,0.00700844087578839),
 .UNSPECIFIED.);
#49=B_SPLINE_CURVE_WITH_KNOTS('',3,(#2987,#2988,#2989,#2990,#2991),
 .UNSPECIFIED.,.F.,.F.,(4,1,4),(0.,0.0035042204378942,0.00700844087578839),
 .UNSPECIFIED.);
#50=B_SPLINE_CURVE_WITH_KNOTS('',3,(#2992,#2993,#2994,#2995,#2996),
 .UNSPECIFIED.,.F.,.F.,(4,1,4),(0.,0.0035042204378942,0.00700844087578839),
 .UNSPECIFIED.);
#51=B_SPLINE_CURVE_WITH_KNOTS('',3,(#2998,#2999,#3000,#3001,#3002),
 .UNSPECIFIED.,.F.,.F.,(4,1,4),(0.,0.0035042204378942,0.00700844087578839),
 .UNSPECIFIED.);
#52=B_SPLINE_CURVE_WITH_KNOTS('',3,(#3003,#3004,#3005,#3006,#3007),
 .UNSPECIFIED.,.F.,.F.,(4,1,4),(0.,0.0035042204378942,0.00700844087578839),
 .UNSPECIFIED.);
#53=B_SPLINE_CURVE_WITH_KNOTS('',3,(#3640,#3641,#3642,#3643),
 .UNSPECIFIED.,.F.,.F.,(4,4),(0.,0.00014151083741101),.UNSPECIFIED.);
#54=B_SPLINE_CURVE_WITH_KNOTS('',3,(#3648,#3649,#3650,#3651),
 .UNSPECIFIED.,.F.,.F.,(4,4),(0.,0.00014151083741101),.UNSPECIFIED.);
#55=B_SPLINE_CURVE_WITH_KNOTS('',3,(#3667,#3668,#3669,#3670,#3671),
 .UNSPECIFIED.,.F.,.F.,(4,1,4),(2.31644050487673E-17,0.00284786644323592,
0.00569573288647182),.UNSPECIFIED.);
#56=B_SPLINE_CURVE_WITH_KNOTS('',3,(#3673,#3674,#3675,#3676,#3677,#3678),
 .UNSPECIFIED.,.F.,.F.,(4,1,1,4),(2.96018962875772E-17,0.00284964327940568,
0.0042744649191085,0.00569928655881132),.UNSPECIFIED.);
#57=B_SPLINE_CURVE_WITH_KNOTS('',3,(#4081,#4082,#4083,#4084,#4085),
 .UNSPECIFIED.,.F.,.F.,(4,1,4),(2.07544730098193E-17,0.00285326117788484,
0.00570652235576966),.UNSPECIFIED.);
#58=B_SPLINE_CURVE_WITH_KNOTS('',3,(#4484,#4485,#4486,#4487,#4488),
 .UNSPECIFIED.,.F.,.F.,(4,1,4),(1.8075476412979E-19,0.00284690024641206,
0.00569380049282412),.UNSPECIFIED.);
#59=DRAUGHTING_PRE_DEFINED_COLOUR('white');
#60=CYLINDRICAL_SURFACE('',#2246,0.625);
#61=CYLINDRICAL_SURFACE('',#2256,0.625);
#62=CYLINDRICAL_SURFACE('',#2266,0.625);
#63=CYLINDRICAL_SURFACE('',#2288,3.15);
#64=CYLINDRICAL_SURFACE('',#2324,2.675);
#65=CYLINDRICAL_SURFACE('',#2328,3.1242);
#66=CYLINDRICAL_SURFACE('',#2334,2.675);
#67=CYLINDRICAL_SURFACE('',#2337,2.25);
#68=CYLINDRICAL_SURFACE('',#2341,1.9);
#69=CYLINDRICAL_SURFACE('',#2345,0.625);
#70=CYLINDRICAL_SURFACE('',#2346,0.45);
#71=CYLINDRICAL_SURFACE('',#2367,2.69460887652243);
#72=CYLINDRICAL_SURFACE('',#2375,0.65);
#73=CIRCLE('',#2244,0.55);
#74=CIRCLE('',#2245,0.625);
#75=CIRCLE('',#2247,0.625);
#76=CIRCLE('',#2249,0.45);
#77=CIRCLE('',#2254,0.55);
#78=CIRCLE('',#2255,0.625);
#79=CIRCLE('',#2257,0.625);
#80=CIRCLE('',#2259,0.45);
#81=CIRCLE('',#2264,0.55);
#82=CIRCLE('',#2265,0.625);
#83=CIRCLE('',#2267,0.625);
#84=CIRCLE('',#2269,0.45);
#85=CIRCLE('',#2274,0.55);
#86=CIRCLE('',#2275,0.625);
#87=CIRCLE('',#2279,2.81933756729741);
#88=CIRCLE('',#2282,3.49779019215341);
#89=CIRCLE('',#2284,3.49779019215341);
#90=CIRCLE('',#2287,3.15);
#91=CIRCLE('',#2289,3.15);
#92=CIRCLE('',#2295,2.5);
#93=CIRCLE('',#2322,2.25);
#94=CIRCLE('',#2323,2.675);
#95=CIRCLE('',#2325,2.675);
#96=CIRCLE('',#2327,2.7242);
#97=CIRCLE('',#2329,3.1242);
#98=CIRCLE('',#2330,3.1242);
#99=CIRCLE('',#2332,2.7242);
#100=CIRCLE('',#2333,2.675);
#101=CIRCLE('',#2335,2.675);
#102=CIRCLE('',#2338,2.25);
#103=CIRCLE('',#2340,1.9);
#104=CIRCLE('',#2342,1.9);
#105=CIRCLE('',#2344,0.625);
#106=CIRCLE('',#2347,0.45);
#107=CIRCLE('',#2348,0.45);
#108=CIRCLE('',#2349,0.45);
#109=CIRCLE('',#2350,0.45);
#110=CIRCLE('',#2351,0.45);
#111=CIRCLE('',#2352,0.45);
#112=CIRCLE('',#2362,3.1242);
#113=CIRCLE('',#2364,3.1242);
#114=CIRCLE('',#2366,2.69460887652243);
#115=CIRCLE('',#2368,2.69460887652243);
#116=CIRCLE('',#2371,2.4);
#117=CIRCLE('',#2372,0.65);
#118=CIRCLE('',#2374,0.55);
#119=CIRCLE('',#2376,0.65);
#120=ORIENTED_EDGE('',*,*,#550,.F.);
#121=ORIENTED_EDGE('',*,*,#551,.T.);
#122=ORIENTED_EDGE('',*,*,#552,.F.);
#123=ORIENTED_EDGE('',*,*,#553,.F.);
#124=ORIENTED_EDGE('',*,*,#554,.F.);
#125=ORIENTED_EDGE('',*,*,#555,.F.);
#126=ORIENTED_EDGE('',*,*,#553,.T.);
#127=ORIENTED_EDGE('',*,*,#556,.F.);
#128=ORIENTED_EDGE('',*,*,#557,.T.);
#129=ORIENTED_EDGE('',*,*,#558,.T.);
#130=ORIENTED_EDGE('',*,*,#559,.T.);
#131=ORIENTED_EDGE('',*,*,#560,.F.);
#132=ORIENTED_EDGE('',*,*,#561,.T.);
#133=ORIENTED_EDGE('',*,*,#562,.F.);
#134=ORIENTED_EDGE('',*,*,#558,.F.);
#135=ORIENTED_EDGE('',*,*,#563,.T.);
#136=ORIENTED_EDGE('',*,*,#564,.T.);
#137=ORIENTED_EDGE('',*,*,#565,.T.);
#138=ORIENTED_EDGE('',*,*,#566,.T.);
#139=ORIENTED_EDGE('',*,*,#559,.F.);
#140=ORIENTED_EDGE('',*,*,#562,.T.);
#141=ORIENTED_EDGE('',*,*,#567,.F.);
#142=ORIENTED_EDGE('',*,*,#568,.T.);
#143=ORIENTED_EDGE('',*,*,#569,.T.);
#144=ORIENTED_EDGE('',*,*,#570,.T.);
#145=ORIENTED_EDGE('',*,*,#550,.T.);
#146=ORIENTED_EDGE('',*,*,#555,.T.);
#147=ORIENTED_EDGE('',*,*,#571,.F.);
#148=ORIENTED_EDGE('',*,*,#563,.F.);
#149=ORIENTED_EDGE('',*,*,#557,.F.);
#150=ORIENTED_EDGE('',*,*,#572,.F.);
#151=ORIENTED_EDGE('',*,*,#573,.T.);
#152=ORIENTED_EDGE('',*,*,#574,.F.);
#153=ORIENTED_EDGE('',*,*,#575,.F.);
#154=ORIENTED_EDGE('',*,*,#576,.F.);
#155=ORIENTED_EDGE('',*,*,#577,.F.);
#156=ORIENTED_EDGE('',*,*,#575,.T.);
#157=ORIENTED_EDGE('',*,*,#578,.F.);
#158=ORIENTED_EDGE('',*,*,#579,.T.);
#159=ORIENTED_EDGE('',*,*,#580,.T.);
#160=ORIENTED_EDGE('',*,*,#581,.T.);
#161=ORIENTED_EDGE('',*,*,#582,.F.);
#162=ORIENTED_EDGE('',*,*,#583,.T.);
#163=ORIENTED_EDGE('',*,*,#584,.F.);
#164=ORIENTED_EDGE('',*,*,#580,.F.);
#165=ORIENTED_EDGE('',*,*,#585,.T.);
#166=ORIENTED_EDGE('',*,*,#552,.T.);
#167=ORIENTED_EDGE('',*,*,#586,.T.);
#168=ORIENTED_EDGE('',*,*,#587,.T.);
#169=ORIENTED_EDGE('',*,*,#581,.F.);
#170=ORIENTED_EDGE('',*,*,#584,.T.);
#171=ORIENTED_EDGE('',*,*,#588,.F.);
#172=ORIENTED_EDGE('',*,*,#556,.T.);
#173=ORIENTED_EDGE('',*,*,#589,.T.);
#174=ORIENTED_EDGE('',*,*,#590,.T.);
#175=ORIENTED_EDGE('',*,*,#572,.T.);
#176=ORIENTED_EDGE('',*,*,#577,.T.);
#177=ORIENTED_EDGE('',*,*,#591,.F.);
#178=ORIENTED_EDGE('',*,*,#585,.F.);
#179=ORIENTED_EDGE('',*,*,#579,.F.);
#180=ORIENTED_EDGE('',*,*,#592,.F.);
#181=ORIENTED_EDGE('',*,*,#593,.T.);
#182=ORIENTED_EDGE('',*,*,#594,.F.);
#183=ORIENTED_EDGE('',*,*,#595,.F.);
#184=ORIENTED_EDGE('',*,*,#596,.F.);
#185=ORIENTED_EDGE('',*,*,#597,.F.);
#186=ORIENTED_EDGE('',*,*,#595,.T.);
#187=ORIENTED_EDGE('',*,*,#598,.F.);
#188=ORIENTED_EDGE('',*,*,#599,.T.);
#189=ORIENTED_EDGE('',*,*,#600,.T.);
#190=ORIENTED_EDGE('',*,*,#601,.T.);
#191=ORIENTED_EDGE('',*,*,#602,.F.);
#192=ORIENTED_EDGE('',*,*,#603,.T.);
#193=ORIENTED_EDGE('',*,*,#604,.F.);
#194=ORIENTED_EDGE('',*,*,#600,.F.);
#195=ORIENTED_EDGE('',*,*,#605,.T.);
#196=ORIENTED_EDGE('',*,*,#574,.T.);
#197=ORIENTED_EDGE('',*,*,#606,.T.);
#198=ORIENTED_EDGE('',*,*,#607,.T.);
#199=ORIENTED_EDGE('',*,*,#601,.F.);
#200=ORIENTED_EDGE('',*,*,#604,.T.);
#201=ORIENTED_EDGE('',*,*,#608,.F.);
#202=ORIENTED_EDGE('',*,*,#578,.T.);
#203=ORIENTED_EDGE('',*,*,#609,.T.);
#204=ORIENTED_EDGE('',*,*,#610,.T.);
#205=ORIENTED_EDGE('',*,*,#592,.T.);
#206=ORIENTED_EDGE('',*,*,#597,.T.);
#207=ORIENTED_EDGE('',*,*,#611,.F.);
#208=ORIENTED_EDGE('',*,*,#605,.F.);
#209=ORIENTED_EDGE('',*,*,#599,.F.);
#210=ORIENTED_EDGE('',*,*,#612,.F.);
#211=ORIENTED_EDGE('',*,*,#613,.T.);
#212=ORIENTED_EDGE('',*,*,#564,.F.);
#213=ORIENTED_EDGE('',*,*,#614,.F.);
#214=ORIENTED_EDGE('',*,*,#615,.F.);
#215=ORIENTED_EDGE('',*,*,#616,.T.);
#216=ORIENTED_EDGE('',*,*,#617,.T.);
#217=ORIENTED_EDGE('',*,*,#618,.T.);
#218=ORIENTED_EDGE('',*,*,#619,.F.);
#219=ORIENTED_EDGE('',*,*,#620,.T.);
#220=ORIENTED_EDGE('',*,*,#621,.F.);
#221=ORIENTED_EDGE('',*,*,#622,.F.);
#222=ORIENTED_EDGE('',*,*,#623,.F.);
#223=ORIENTED_EDGE('',*,*,#621,.T.);
#224=ORIENTED_EDGE('',*,*,#624,.T.);
#225=ORIENTED_EDGE('',*,*,#618,.F.);
#226=ORIENTED_EDGE('',*,*,#625,.F.);
#227=ORIENTED_EDGE('',*,*,#616,.F.);
#228=ORIENTED_EDGE('',*,*,#626,.T.);
#229=ORIENTED_EDGE('',*,*,#619,.T.);
#230=ORIENTED_EDGE('',*,*,#627,.F.);
#231=ORIENTED_EDGE('',*,*,#628,.T.);
#232=ORIENTED_EDGE('',*,*,#625,.T.);
#233=ORIENTED_EDGE('',*,*,#617,.F.);
#234=ORIENTED_EDGE('',*,*,#627,.T.);
#235=ORIENTED_EDGE('',*,*,#622,.T.);
#236=ORIENTED_EDGE('',*,*,#629,.F.);
#237=ORIENTED_EDGE('',*,*,#624,.F.);
#238=ORIENTED_EDGE('',*,*,#620,.F.);
#239=ORIENTED_EDGE('',*,*,#626,.F.);
#240=ORIENTED_EDGE('',*,*,#615,.T.);
#241=ORIENTED_EDGE('',*,*,#629,.T.);
#242=ORIENTED_EDGE('',*,*,#630,.F.);
#243=ORIENTED_EDGE('',*,*,#628,.F.);
#244=ORIENTED_EDGE('',*,*,#630,.T.);
#245=ORIENTED_EDGE('',*,*,#631,.T.);
#246=ORIENTED_EDGE('',*,*,#632,.T.);
#247=ORIENTED_EDGE('',*,*,#633,.F.);
#248=ORIENTED_EDGE('',*,*,#634,.F.);
#249=ORIENTED_EDGE('',*,*,#635,.T.);
#250=ORIENTED_EDGE('',*,*,#636,.F.);
#251=ORIENTED_EDGE('',*,*,#637,.F.);
#252=ORIENTED_EDGE('',*,*,#638,.F.);
#253=ORIENTED_EDGE('',*,*,#639,.T.);
#254=ORIENTED_EDGE('',*,*,#640,.T.);
#255=ORIENTED_EDGE('',*,*,#641,.F.);
#256=ORIENTED_EDGE('',*,*,#642,.F.);
#257=ORIENTED_EDGE('',*,*,#643,.T.);
#258=ORIENTED_EDGE('',*,*,#644,.F.);
#259=ORIENTED_EDGE('',*,*,#645,.F.);
#260=ORIENTED_EDGE('',*,*,#646,.F.);
#261=ORIENTED_EDGE('',*,*,#633,.T.);
#262=ORIENTED_EDGE('',*,*,#647,.T.);
#263=ORIENTED_EDGE('',*,*,#648,.F.);
#264=ORIENTED_EDGE('',*,*,#649,.F.);
#265=ORIENTED_EDGE('',*,*,#650,.T.);
#266=ORIENTED_EDGE('',*,*,#651,.F.);
#267=ORIENTED_EDGE('',*,*,#652,.F.);
#268=ORIENTED_EDGE('',*,*,#653,.F.);
#269=ORIENTED_EDGE('',*,*,#641,.T.);
#270=ORIENTED_EDGE('',*,*,#654,.T.);
#271=ORIENTED_EDGE('',*,*,#639,.F.);
#272=ORIENTED_EDGE('',*,*,#655,.F.);
#273=ORIENTED_EDGE('',*,*,#656,.T.);
#274=ORIENTED_EDGE('',*,*,#657,.F.);
#275=ORIENTED_EDGE('',*,*,#658,.F.);
#276=ORIENTED_EDGE('',*,*,#659,.F.);
#277=ORIENTED_EDGE('',*,*,#648,.T.);
#278=ORIENTED_EDGE('',*,*,#660,.T.);
#279=ORIENTED_EDGE('',*,*,#661,.F.);
#280=ORIENTED_EDGE('',*,*,#662,.F.);
#281=ORIENTED_EDGE('',*,*,#657,.T.);
#282=ORIENTED_EDGE('',*,*,#663,.F.);
#283=ORIENTED_EDGE('',*,*,#664,.F.);
#284=ORIENTED_EDGE('',*,*,#636,.T.);
#285=ORIENTED_EDGE('',*,*,#665,.F.);
#286=ORIENTED_EDGE('',*,*,#666,.F.);
#287=ORIENTED_EDGE('',*,*,#644,.T.);
#288=ORIENTED_EDGE('',*,*,#667,.F.);
#289=ORIENTED_EDGE('',*,*,#668,.F.);
#290=ORIENTED_EDGE('',*,*,#651,.T.);
#291=ORIENTED_EDGE('',*,*,#631,.F.);
#292=ORIENTED_EDGE('',*,*,#632,.F.);
#293=ORIENTED_EDGE('',*,*,#654,.F.);
#294=ORIENTED_EDGE('',*,*,#647,.F.);
#295=ORIENTED_EDGE('',*,*,#640,.F.);
#296=ORIENTED_EDGE('',*,*,#669,.F.);
#297=ORIENTED_EDGE('',*,*,#670,.F.);
#298=ORIENTED_EDGE('',*,*,#671,.T.);
#299=ORIENTED_EDGE('',*,*,#655,.T.);
#300=ORIENTED_EDGE('',*,*,#638,.T.);
#301=ORIENTED_EDGE('',*,*,#672,.T.);
#302=ORIENTED_EDGE('',*,*,#664,.T.);
#303=ORIENTED_EDGE('',*,*,#673,.F.);
#304=ORIENTED_EDGE('',*,*,#674,.F.);
#305=ORIENTED_EDGE('',*,*,#675,.T.);
#306=ORIENTED_EDGE('',*,*,#672,.F.);
#307=ORIENTED_EDGE('',*,*,#637,.T.);
#308=ORIENTED_EDGE('',*,*,#663,.T.);
#309=ORIENTED_EDGE('',*,*,#656,.F.);
#310=ORIENTED_EDGE('',*,*,#671,.F.);
#311=ORIENTED_EDGE('',*,*,#676,.F.);
#312=ORIENTED_EDGE('',*,*,#677,.F.);
#313=ORIENTED_EDGE('',*,*,#673,.T.);
#314=ORIENTED_EDGE('',*,*,#678,.F.);
#315=ORIENTED_EDGE('',*,*,#679,.F.);
#316=ORIENTED_EDGE('',*,*,#680,.T.);
#317=ORIENTED_EDGE('',*,*,#634,.T.);
#318=ORIENTED_EDGE('',*,*,#646,.T.);
#319=ORIENTED_EDGE('',*,*,#681,.T.);
#320=ORIENTED_EDGE('',*,*,#665,.T.);
#321=ORIENTED_EDGE('',*,*,#635,.F.);
#322=ORIENTED_EDGE('',*,*,#680,.F.);
#323=ORIENTED_EDGE('',*,*,#682,.F.);
#324=ORIENTED_EDGE('',*,*,#683,.F.);
#325=ORIENTED_EDGE('',*,*,#684,.T.);
#326=ORIENTED_EDGE('',*,*,#666,.T.);
#327=ORIENTED_EDGE('',*,*,#684,.F.);
#328=ORIENTED_EDGE('',*,*,#685,.F.);
#329=ORIENTED_EDGE('',*,*,#686,.T.);
#330=ORIENTED_EDGE('',*,*,#681,.F.);
#331=ORIENTED_EDGE('',*,*,#645,.T.);
#332=ORIENTED_EDGE('',*,*,#687,.F.);
#333=ORIENTED_EDGE('',*,*,#688,.F.);
#334=ORIENTED_EDGE('',*,*,#689,.T.);
#335=ORIENTED_EDGE('',*,*,#642,.T.);
#336=ORIENTED_EDGE('',*,*,#653,.T.);
#337=ORIENTED_EDGE('',*,*,#690,.T.);
#338=ORIENTED_EDGE('',*,*,#668,.T.);
#339=ORIENTED_EDGE('',*,*,#691,.F.);
#340=ORIENTED_EDGE('',*,*,#692,.F.);
#341=ORIENTED_EDGE('',*,*,#693,.T.);
#342=ORIENTED_EDGE('',*,*,#690,.F.);
#343=ORIENTED_EDGE('',*,*,#652,.T.);
#344=ORIENTED_EDGE('',*,*,#667,.T.);
#345=ORIENTED_EDGE('',*,*,#643,.F.);
#346=ORIENTED_EDGE('',*,*,#689,.F.);
#347=ORIENTED_EDGE('',*,*,#694,.F.);
#348=ORIENTED_EDGE('',*,*,#695,.F.);
#349=ORIENTED_EDGE('',*,*,#691,.T.);
#350=ORIENTED_EDGE('',*,*,#696,.F.);
#351=ORIENTED_EDGE('',*,*,#697,.F.);
#352=ORIENTED_EDGE('',*,*,#698,.T.);
#353=ORIENTED_EDGE('',*,*,#649,.T.);
#354=ORIENTED_EDGE('',*,*,#659,.T.);
#355=ORIENTED_EDGE('',*,*,#699,.T.);
#356=ORIENTED_EDGE('',*,*,#662,.T.);
#357=ORIENTED_EDGE('',*,*,#700,.F.);
#358=ORIENTED_EDGE('',*,*,#701,.F.);
#359=ORIENTED_EDGE('',*,*,#702,.T.);
#360=ORIENTED_EDGE('',*,*,#699,.F.);
#361=ORIENTED_EDGE('',*,*,#658,.T.);
#362=ORIENTED_EDGE('',*,*,#661,.T.);
#363=ORIENTED_EDGE('',*,*,#650,.F.);
#364=ORIENTED_EDGE('',*,*,#698,.F.);
#365=ORIENTED_EDGE('',*,*,#703,.F.);
#366=ORIENTED_EDGE('',*,*,#704,.F.);
#367=ORIENTED_EDGE('',*,*,#700,.T.);
#368=ORIENTED_EDGE('',*,*,#705,.T.);
#369=ORIENTED_EDGE('',*,*,#701,.T.);
#370=ORIENTED_EDGE('',*,*,#704,.T.);
#371=ORIENTED_EDGE('',*,*,#706,.T.);
#372=ORIENTED_EDGE('',*,*,#697,.T.);
#373=ORIENTED_EDGE('',*,*,#707,.F.);
#374=ORIENTED_EDGE('',*,*,#706,.F.);
#375=ORIENTED_EDGE('',*,*,#703,.T.);
#376=ORIENTED_EDGE('',*,*,#696,.T.);
#377=ORIENTED_EDGE('',*,*,#702,.F.);
#378=ORIENTED_EDGE('',*,*,#705,.F.);
#379=ORIENTED_EDGE('',*,*,#707,.T.);
#380=ORIENTED_EDGE('',*,*,#692,.T.);
#381=ORIENTED_EDGE('',*,*,#695,.T.);
#382=ORIENTED_EDGE('',*,*,#708,.T.);
#383=ORIENTED_EDGE('',*,*,#709,.T.);
#384=ORIENTED_EDGE('',*,*,#688,.T.);
#385=ORIENTED_EDGE('',*,*,#710,.F.);
#386=ORIENTED_EDGE('',*,*,#708,.F.);
#387=ORIENTED_EDGE('',*,*,#694,.T.);
#388=ORIENTED_EDGE('',*,*,#687,.T.);
#389=ORIENTED_EDGE('',*,*,#693,.F.);
#390=ORIENTED_EDGE('',*,*,#709,.F.);
#391=ORIENTED_EDGE('',*,*,#710,.T.);
#392=ORIENTED_EDGE('',*,*,#683,.T.);
#393=ORIENTED_EDGE('',*,*,#711,.T.);
#394=ORIENTED_EDGE('',*,*,#712,.T.);
#395=ORIENTED_EDGE('',*,*,#685,.T.);
#396=ORIENTED_EDGE('',*,*,#679,.T.);
#397=ORIENTED_EDGE('',*,*,#713,.F.);
#398=ORIENTED_EDGE('',*,*,#711,.F.);
#399=ORIENTED_EDGE('',*,*,#682,.T.);
#400=ORIENTED_EDGE('',*,*,#678,.T.);
#401=ORIENTED_EDGE('',*,*,#686,.F.);
#402=ORIENTED_EDGE('',*,*,#712,.F.);
#403=ORIENTED_EDGE('',*,*,#713,.T.);
#404=ORIENTED_EDGE('',*,*,#674,.T.);
#405=ORIENTED_EDGE('',*,*,#677,.T.);
#406=ORIENTED_EDGE('',*,*,#714,.T.);
#407=ORIENTED_EDGE('',*,*,#715,.T.);
#408=ORIENTED_EDGE('',*,*,#670,.T.);
#409=ORIENTED_EDGE('',*,*,#716,.F.);
#410=ORIENTED_EDGE('',*,*,#714,.F.);
#411=ORIENTED_EDGE('',*,*,#676,.T.);
#412=ORIENTED_EDGE('',*,*,#669,.T.);
#413=ORIENTED_EDGE('',*,*,#675,.F.);
#414=ORIENTED_EDGE('',*,*,#715,.F.);
#415=ORIENTED_EDGE('',*,*,#716,.T.);
#416=ORIENTED_EDGE('',*,*,#717,.T.);
#417=ORIENTED_EDGE('',*,*,#718,.F.);
#418=ORIENTED_EDGE('',*,*,#719,.F.);
#419=ORIENTED_EDGE('',*,*,#718,.T.);
#420=ORIENTED_EDGE('',*,*,#720,.T.);
#421=ORIENTED_EDGE('',*,*,#719,.T.);
#422=ORIENTED_EDGE('',*,*,#721,.T.);
#423=ORIENTED_EDGE('',*,*,#722,.F.);
#424=ORIENTED_EDGE('',*,*,#723,.T.);
#425=ORIENTED_EDGE('',*,*,#724,.T.);
#426=ORIENTED_EDGE('',*,*,#725,.T.);
#427=ORIENTED_EDGE('',*,*,#726,.F.);
#428=ORIENTED_EDGE('',*,*,#727,.F.);
#429=ORIENTED_EDGE('',*,*,#726,.T.);
#430=ORIENTED_EDGE('',*,*,#623,.T.);
#431=ORIENTED_EDGE('',*,*,#727,.T.);
#432=ORIENTED_EDGE('',*,*,#728,.T.);
#433=ORIENTED_EDGE('',*,*,#717,.F.);
#434=ORIENTED_EDGE('',*,*,#729,.T.);
#435=ORIENTED_EDGE('',*,*,#728,.F.);
#436=ORIENTED_EDGE('',*,*,#730,.T.);
#437=ORIENTED_EDGE('',*,*,#729,.F.);
#438=ORIENTED_EDGE('',*,*,#731,.T.);
#439=ORIENTED_EDGE('',*,*,#567,.T.);
#440=ORIENTED_EDGE('',*,*,#561,.F.);
#441=ORIENTED_EDGE('',*,*,#571,.T.);
#442=ORIENTED_EDGE('',*,*,#554,.T.);
#443=ORIENTED_EDGE('',*,*,#588,.T.);
#444=ORIENTED_EDGE('',*,*,#583,.F.);
#445=ORIENTED_EDGE('',*,*,#591,.T.);
#446=ORIENTED_EDGE('',*,*,#576,.T.);
#447=ORIENTED_EDGE('',*,*,#608,.T.);
#448=ORIENTED_EDGE('',*,*,#603,.F.);
#449=ORIENTED_EDGE('',*,*,#611,.T.);
#450=ORIENTED_EDGE('',*,*,#596,.T.);
#451=ORIENTED_EDGE('',*,*,#732,.T.);
#452=ORIENTED_EDGE('',*,*,#733,.F.);
#453=ORIENTED_EDGE('',*,*,#734,.T.);
#454=ORIENTED_EDGE('',*,*,#730,.F.);
#455=ORIENTED_EDGE('',*,*,#731,.F.);
#456=ORIENTED_EDGE('',*,*,#735,.F.);
#457=ORIENTED_EDGE('',*,*,#614,.T.);
#458=ORIENTED_EDGE('',*,*,#568,.F.);
#459=ORIENTED_EDGE('',*,*,#736,.T.);
#460=ORIENTED_EDGE('',*,*,#566,.F.);
#461=ORIENTED_EDGE('',*,*,#737,.T.);
#462=ORIENTED_EDGE('',*,*,#738,.F.);
#463=ORIENTED_EDGE('',*,*,#739,.T.);
#464=ORIENTED_EDGE('',*,*,#740,.F.);
#465=ORIENTED_EDGE('',*,*,#741,.T.);
#466=ORIENTED_EDGE('',*,*,#609,.F.);
#467=ORIENTED_EDGE('',*,*,#602,.T.);
#468=ORIENTED_EDGE('',*,*,#607,.F.);
#469=ORIENTED_EDGE('',*,*,#742,.T.);
#470=ORIENTED_EDGE('',*,*,#589,.F.);
#471=ORIENTED_EDGE('',*,*,#582,.T.);
#472=ORIENTED_EDGE('',*,*,#587,.F.);
#473=ORIENTED_EDGE('',*,*,#743,.T.);
#474=ORIENTED_EDGE('',*,*,#569,.F.);
#475=ORIENTED_EDGE('',*,*,#560,.T.);
#476=ORIENTED_EDGE('',*,*,#594,.T.);
#477=ORIENTED_EDGE('',*,*,#744,.T.);
#478=ORIENTED_EDGE('',*,*,#740,.T.);
#479=ORIENTED_EDGE('',*,*,#745,.F.);
#480=ORIENTED_EDGE('',*,*,#746,.T.);
#481=ORIENTED_EDGE('',*,*,#732,.F.);
#482=ORIENTED_EDGE('',*,*,#598,.T.);
#483=ORIENTED_EDGE('',*,*,#738,.T.);
#484=ORIENTED_EDGE('',*,*,#747,.T.);
#485=ORIENTED_EDGE('',*,*,#612,.T.);
#486=ORIENTED_EDGE('',*,*,#735,.T.);
#487=ORIENTED_EDGE('',*,*,#734,.F.);
#488=ORIENTED_EDGE('',*,*,#748,.F.);
#489=ORIENTED_EDGE('',*,*,#749,.F.);
#490=ORIENTED_EDGE('',*,*,#749,.T.);
#491=ORIENTED_EDGE('',*,*,#750,.T.);
#492=ORIENTED_EDGE('',*,*,#745,.T.);
#493=ORIENTED_EDGE('',*,*,#739,.F.);
#494=ORIENTED_EDGE('',*,*,#733,.T.);
#495=ORIENTED_EDGE('',*,*,#746,.F.);
#496=ORIENTED_EDGE('',*,*,#750,.F.);
#497=ORIENTED_EDGE('',*,*,#748,.T.);
#498=ORIENTED_EDGE('',*,*,#747,.F.);
#499=ORIENTED_EDGE('',*,*,#737,.F.);
#500=ORIENTED_EDGE('',*,*,#565,.F.);
#501=ORIENTED_EDGE('',*,*,#613,.F.);
#502=ORIENTED_EDGE('',*,*,#570,.F.);
#503=ORIENTED_EDGE('',*,*,#743,.F.);
#504=ORIENTED_EDGE('',*,*,#586,.F.);
#505=ORIENTED_EDGE('',*,*,#551,.F.);
#506=ORIENTED_EDGE('',*,*,#590,.F.);
#507=ORIENTED_EDGE('',*,*,#742,.F.);
#508=ORIENTED_EDGE('',*,*,#606,.F.);
#509=ORIENTED_EDGE('',*,*,#573,.F.);
#510=ORIENTED_EDGE('',*,*,#610,.F.);
#511=ORIENTED_EDGE('',*,*,#741,.F.);
#512=ORIENTED_EDGE('',*,*,#744,.F.);
#513=ORIENTED_EDGE('',*,*,#593,.F.);
#514=ORIENTED_EDGE('',*,*,#721,.F.);
#515=ORIENTED_EDGE('',*,*,#751,.F.);
#516=ORIENTED_EDGE('',*,*,#725,.F.);
#517=ORIENTED_EDGE('',*,*,#720,.F.);
#518=ORIENTED_EDGE('',*,*,#723,.F.);
#519=ORIENTED_EDGE('',*,*,#752,.T.);
#520=ORIENTED_EDGE('',*,*,#753,.T.);
#521=ORIENTED_EDGE('',*,*,#751,.T.);
#522=ORIENTED_EDGE('',*,*,#754,.T.);
#523=ORIENTED_EDGE('',*,*,#755,.T.);
#524=ORIENTED_EDGE('',*,*,#756,.F.);
#525=ORIENTED_EDGE('',*,*,#757,.T.);
#526=ORIENTED_EDGE('',*,*,#722,.T.);
#527=ORIENTED_EDGE('',*,*,#753,.F.);
#528=ORIENTED_EDGE('',*,*,#758,.F.);
#529=ORIENTED_EDGE('',*,*,#759,.T.);
#530=ORIENTED_EDGE('',*,*,#756,.T.);
#531=ORIENTED_EDGE('',*,*,#755,.F.);
#532=ORIENTED_EDGE('',*,*,#724,.F.);
#533=ORIENTED_EDGE('',*,*,#760,.T.);
#534=ORIENTED_EDGE('',*,*,#758,.T.);
#535=ORIENTED_EDGE('',*,*,#754,.F.);
#536=ORIENTED_EDGE('',*,*,#759,.F.);
#537=ORIENTED_EDGE('',*,*,#760,.F.);
#538=ORIENTED_EDGE('',*,*,#752,.F.);
#539=ORIENTED_EDGE('',*,*,#757,.F.);
#540=ORIENTED_EDGE('',*,*,#761,.T.);
#541=ORIENTED_EDGE('',*,*,#762,.F.);
#542=ORIENTED_EDGE('',*,*,#763,.T.);
#543=ORIENTED_EDGE('',*,*,#764,.T.);
#544=ORIENTED_EDGE('',*,*,#762,.T.);
#545=ORIENTED_EDGE('',*,*,#761,.F.);
#546=ORIENTED_EDGE('',*,*,#660,.F.);
#547=ORIENTED_EDGE('',*,*,#763,.F.);
#548=ORIENTED_EDGE('',*,*,#764,.F.);
#549=ORIENTED_EDGE('',*,*,#736,.F.);
#550=EDGE_CURVE('',#765,#766,#915,.T.);
#551=EDGE_CURVE('',#765,#767,#73,.T.);
#552=EDGE_CURVE('',#768,#767,#916,.T.);
#553=EDGE_CURVE('',#766,#768,#74,.T.);
#554=EDGE_CURVE('',#769,#770,#75,.T.);
#555=EDGE_CURVE('',#766,#769,#917,.T.);
#556=EDGE_CURVE('',#770,#768,#918,.F.);
#557=EDGE_CURVE('',#771,#772,#919,.T.);
#558=EDGE_CURVE('',#772,#773,#920,.T.);
#559=EDGE_CURVE('',#773,#774,#921,.T.);
#560=EDGE_CURVE('',#771,#774,#76,.T.);
#561=EDGE_CURVE('',#775,#776,#922,.T.);
#562=EDGE_CURVE('',#773,#776,#923,.T.);
#563=EDGE_CURVE('',#772,#775,#924,.T.);
#564=EDGE_CURVE('',#777,#778,#925,.T.);
#565=EDGE_CURVE('',#778,#779,#39,.T.);
#566=EDGE_CURVE('',#779,#774,#926,.F.);
#567=EDGE_CURVE('',#780,#776,#927,.T.);
#568=EDGE_CURVE('',#780,#777,#928,.F.);
#569=EDGE_CURVE('',#771,#781,#929,.T.);
#570=EDGE_CURVE('',#781,#765,#40,.T.);
#571=EDGE_CURVE('',#775,#769,#930,.T.);
#572=EDGE_CURVE('',#782,#783,#931,.T.);
#573=EDGE_CURVE('',#782,#784,#77,.T.);
#574=EDGE_CURVE('',#785,#784,#932,.T.);
#575=EDGE_CURVE('',#783,#785,#78,.T.);
#576=EDGE_CURVE('',#786,#787,#79,.T.);
#577=EDGE_CURVE('',#783,#786,#933,.T.);
#578=EDGE_CURVE('',#787,#785,#934,.F.);
#579=EDGE_CURVE('',#788,#789,#935,.T.);
#580=EDGE_CURVE('',#789,#790,#936,.T.);
#581=EDGE_CURVE('',#790,#791,#937,.T.);
#582=EDGE_CURVE('',#788,#791,#80,.T.);
#583=EDGE_CURVE('',#792,#793,#938,.T.);
#584=EDGE_CURVE('',#790,#793,#939,.T.);
#585=EDGE_CURVE('',#789,#792,#940,.T.);
#586=EDGE_CURVE('',#767,#794,#41,.T.);
#587=EDGE_CURVE('',#794,#791,#941,.F.);
#588=EDGE_CURVE('',#770,#793,#942,.T.);
#589=EDGE_CURVE('',#788,#795,#943,.T.);
#590=EDGE_CURVE('',#795,#782,#42,.T.);
#591=EDGE_CURVE('',#792,#786,#944,.T.);
#592=EDGE_CURVE('',#796,#797,#945,.T.);
#593=EDGE_CURVE('',#796,#798,#81,.T.);
#594=EDGE_CURVE('',#799,#798,#946,.T.);
#595=EDGE_CURVE('',#797,#799,#82,.T.);
#596=EDGE_CURVE('',#800,#801,#83,.T.);
#597=EDGE_CURVE('',#797,#800,#947,.T.);
#598=EDGE_CURVE('',#801,#799,#948,.F.);
#599=EDGE_CURVE('',#802,#803,#949,.T.);
#600=EDGE_CURVE('',#803,#804,#950,.T.);
#601=EDGE_CURVE('',#804,#805,#951,.T.);
#602=EDGE_CURVE('',#802,#805,#84,.T.);
#603=EDGE_CURVE('',#806,#807,#952,.T.);
#604=EDGE_CURVE('',#804,#807,#953,.T.);
#605=EDGE_CURVE('',#803,#806,#954,.T.);
#606=EDGE_CURVE('',#784,#808,#43,.T.);
#607=EDGE_CURVE('',#808,#805,#955,.F.);
#608=EDGE_CURVE('',#787,#807,#956,.T.);
#609=EDGE_CURVE('',#802,#809,#957,.T.);
#610=EDGE_CURVE('',#809,#796,#44,.T.);
#611=EDGE_CURVE('',#806,#800,#958,.T.);
#612=EDGE_CURVE('',#810,#811,#959,.T.);
#613=EDGE_CURVE('',#810,#778,#85,.T.);
#614=EDGE_CURVE('',#811,#777,#86,.T.);
#615=EDGE_CURVE('',#812,#813,#45,.T.);
#616=EDGE_CURVE('',#812,#814,#960,.T.);
#617=EDGE_CURVE('',#814,#815,#46,.T.);
#618=EDGE_CURVE('',#815,#813,#961,.T.);
#619=EDGE_CURVE('',#816,#817,#962,.T.);
#620=EDGE_CURVE('',#816,#818,#47,.T.);
#621=EDGE_CURVE('',#819,#818,#963,.T.);
#622=EDGE_CURVE('',#817,#819,#48,.T.);
#623=EDGE_CURVE('',#820,#820,#87,.F.);
#624=EDGE_CURVE('',#818,#813,#49,.T.);
#625=EDGE_CURVE('',#819,#815,#50,.T.);
#626=EDGE_CURVE('',#812,#816,#51,.T.);
#627=EDGE_CURVE('',#814,#817,#52,.T.);
#628=EDGE_CURVE('',#821,#821,#88,.T.);
#629=EDGE_CURVE('',#822,#822,#89,.F.);
#630=EDGE_CURVE('',#823,#823,#90,.F.);
#631=EDGE_CURVE('',#824,#824,#91,.T.);
#632=EDGE_CURVE('',#825,#826,#964,.T.);
#633=EDGE_CURVE('',#827,#826,#965,.T.);
#634=EDGE_CURVE('',#828,#827,#966,.T.);
#635=EDGE_CURVE('',#828,#829,#967,.T.);
#636=EDGE_CURVE('',#830,#829,#968,.T.);
#637=EDGE_CURVE('',#831,#830,#969,.T.);
#638=EDGE_CURVE('',#832,#831,#970,.T.);
#639=EDGE_CURVE('',#832,#825,#971,.T.);
#640=EDGE_CURVE('',#826,#833,#972,.T.);
#641=EDGE_CURVE('',#834,#833,#973,.T.);
#642=EDGE_CURVE('',#835,#834,#974,.T.);
#643=EDGE_CURVE('',#835,#836,#975,.T.);
#644=EDGE_CURVE('',#837,#836,#976,.T.);
#645=EDGE_CURVE('',#838,#837,#977,.T.);
#646=EDGE_CURVE('',#827,#838,#978,.T.);
#647=EDGE_CURVE('',#833,#839,#979,.T.);
#648=EDGE_CURVE('',#840,#839,#980,.T.);
#649=EDGE_CURVE('',#841,#840,#981,.T.);
#650=EDGE_CURVE('',#841,#842,#982,.T.);
#651=EDGE_CURVE('',#843,#842,#983,.T.);
#652=EDGE_CURVE('',#844,#843,#984,.T.);
#653=EDGE_CURVE('',#834,#844,#985,.T.);
#654=EDGE_CURVE('',#839,#825,#986,.T.);
#655=EDGE_CURVE('',#845,#832,#987,.T.);
#656=EDGE_CURVE('',#845,#846,#988,.T.);
#657=EDGE_CURVE('',#847,#846,#989,.T.);
#658=EDGE_CURVE('',#848,#847,#990,.T.);
#659=EDGE_CURVE('',#840,#848,#991,.T.);
#660=EDGE_CURVE('',#849,#849,#92,.T.);
#661=EDGE_CURVE('',#850,#842,#992,.T.);
#662=EDGE_CURVE('',#847,#850,#993,.T.);
#663=EDGE_CURVE('',#851,#846,#994,.T.);
#664=EDGE_CURVE('',#830,#851,#995,.T.);
#665=EDGE_CURVE('',#852,#829,#996,.T.);
#666=EDGE_CURVE('',#837,#852,#997,.T.);
#667=EDGE_CURVE('',#853,#836,#998,.T.);
#668=EDGE_CURVE('',#843,#853,#999,.T.);
#669=EDGE_CURVE('',#854,#855,#1000,.T.);
#670=EDGE_CURVE('',#856,#854,#1001,.T.);
#671=EDGE_CURVE('',#856,#845,#1002,.T.);
#672=EDGE_CURVE('',#831,#855,#1003,.T.);
#673=EDGE_CURVE('',#857,#851,#1004,.T.);
#674=EDGE_CURVE('',#858,#857,#1005,.T.);
#675=EDGE_CURVE('',#858,#855,#1006,.T.);
#676=EDGE_CURVE('',#859,#856,#1007,.T.);
#677=EDGE_CURVE('',#857,#859,#1008,.T.);
#678=EDGE_CURVE('',#860,#861,#1009,.T.);
#679=EDGE_CURVE('',#862,#860,#1010,.T.);
#680=EDGE_CURVE('',#862,#828,#1011,.T.);
#681=EDGE_CURVE('',#838,#861,#1012,.T.);
#682=EDGE_CURVE('',#863,#862,#1013,.T.);
#683=EDGE_CURVE('',#864,#863,#1014,.T.);
#684=EDGE_CURVE('',#864,#852,#1015,.T.);
#685=EDGE_CURVE('',#865,#864,#1016,.T.);
#686=EDGE_CURVE('',#865,#861,#1017,.T.);
#687=EDGE_CURVE('',#866,#867,#1018,.T.);
#688=EDGE_CURVE('',#868,#866,#1019,.T.);
#689=EDGE_CURVE('',#868,#835,#1020,.T.);
#690=EDGE_CURVE('',#844,#867,#1021,.T.);
#691=EDGE_CURVE('',#869,#853,#1022,.T.);
#692=EDGE_CURVE('',#870,#869,#1023,.T.);
#693=EDGE_CURVE('',#870,#867,#1024,.T.);
#694=EDGE_CURVE('',#871,#868,#1025,.T.);
#695=EDGE_CURVE('',#869,#871,#1026,.T.);
#696=EDGE_CURVE('',#872,#873,#1027,.T.);
#697=EDGE_CURVE('',#874,#872,#1028,.T.);
#698=EDGE_CURVE('',#874,#841,#1029,.T.);
#699=EDGE_CURVE('',#848,#873,#1030,.T.);
#700=EDGE_CURVE('',#875,#850,#1031,.T.);
#701=EDGE_CURVE('',#876,#875,#1032,.T.);
#702=EDGE_CURVE('',#876,#873,#1033,.T.);
#703=EDGE_CURVE('',#877,#874,#1034,.T.);
#704=EDGE_CURVE('',#875,#877,#1035,.T.);
#705=EDGE_CURVE('',#878,#876,#1036,.T.);
#706=EDGE_CURVE('',#877,#878,#1037,.T.);
#707=EDGE_CURVE('',#878,#872,#1038,.T.);
#708=EDGE_CURVE('',#871,#879,#1039,.T.);
#709=EDGE_CURVE('',#879,#870,#1040,.T.);
#710=EDGE_CURVE('',#879,#866,#1041,.T.);
#711=EDGE_CURVE('',#863,#880,#1042,.T.);
#712=EDGE_CURVE('',#880,#865,#1043,.T.);
#713=EDGE_CURVE('',#880,#860,#1044,.T.);
#714=EDGE_CURVE('',#859,#881,#1045,.T.);
#715=EDGE_CURVE('',#881,#858,#1046,.T.);
#716=EDGE_CURVE('',#881,#854,#1047,.T.);
#717=EDGE_CURVE('',#882,#882,#93,.T.);
#718=EDGE_CURVE('',#883,#883,#94,.T.);
#719=EDGE_CURVE('',#884,#884,#95,.T.);
#720=EDGE_CURVE('',#885,#885,#96,.F.);
#721=EDGE_CURVE('',#886,#887,#97,.T.);
#722=EDGE_CURVE('',#888,#887,#23,.T.);
#723=EDGE_CURVE('',#888,#889,#98,.T.);
#724=EDGE_CURVE('',#889,#886,#24,.T.);
#725=EDGE_CURVE('',#890,#890,#99,.F.);
#726=EDGE_CURVE('',#891,#891,#100,.T.);
#727=EDGE_CURVE('',#892,#892,#101,.T.);
#728=EDGE_CURVE('',#893,#893,#102,.T.);
#729=EDGE_CURVE('',#894,#894,#103,.T.);
#730=EDGE_CURVE('',#895,#895,#104,.T.);
#731=EDGE_CURVE('',#896,#780,#105,.T.);
#732=EDGE_CURVE('',#801,#897,#1048,.T.);
#733=EDGE_CURVE('',#898,#897,#1049,.T.);
#734=EDGE_CURVE('',#898,#896,#1050,.T.);
#735=EDGE_CURVE('',#811,#896,#1051,.T.);
#736=EDGE_CURVE('',#899,#899,#106,.T.);
#737=EDGE_CURVE('',#779,#900,#107,.F.);
#738=EDGE_CURVE('',#901,#900,#1052,.T.);
#739=EDGE_CURVE('',#901,#902,#108,.T.);
#740=EDGE_CURVE('',#903,#902,#1053,.F.);
#741=EDGE_CURVE('',#903,#809,#109,.F.);
#742=EDGE_CURVE('',#808,#795,#110,.F.);
#743=EDGE_CURVE('',#794,#781,#111,.F.);
#744=EDGE_CURVE('',#798,#903,#53,.T.);
#745=EDGE_CURVE('',#904,#902,#1054,.T.);
#746=EDGE_CURVE('',#904,#897,#1055,.T.);
#747=EDGE_CURVE('',#900,#810,#54,.T.);
#748=EDGE_CURVE('',#905,#898,#1056,.T.);
#749=EDGE_CURVE('',#901,#905,#1057,.T.);
#750=EDGE_CURVE('',#905,#904,#1058,.T.);
#751=EDGE_CURVE('',#887,#886,#112,.F.);
#752=EDGE_CURVE('',#888,#889,#113,.F.);
#753=EDGE_CURVE('',#906,#887,#55,.T.);
#754=EDGE_CURVE('',#886,#907,#56,.T.);
#755=EDGE_CURVE('',#907,#906,#114,.T.);
#756=EDGE_CURVE('',#908,#906,#25,.T.);
#757=EDGE_CURVE('',#908,#888,#57,.T.);
#758=EDGE_CURVE('',#909,#907,#26,.T.);
#759=EDGE_CURVE('',#909,#908,#115,.T.);
#760=EDGE_CURVE('',#889,#909,#58,.T.);
#761=EDGE_CURVE('',#910,#910,#116,.F.);
#762=EDGE_CURVE('',#911,#911,#117,.T.);
#763=EDGE_CURVE('',#912,#912,#118,.F.);
#764=EDGE_CURVE('',#913,#913,#119,.T.);
#765=VERTEX_POINT('',#2803);
#766=VERTEX_POINT('',#2804);
#767=VERTEX_POINT('',#2806);
#768=VERTEX_POINT('',#2808);
#769=VERTEX_POINT('',#2812);
#770=VERTEX_POINT('',#2813);
#771=VERTEX_POINT('',#2818);
#772=VERTEX_POINT('',#2819);
#773=VERTEX_POINT('',#2821);
#774=VERTEX_POINT('',#2823);
#775=VERTEX_POINT('',#2827);
#776=VERTEX_POINT('',#2828);
#777=VERTEX_POINT('',#2833);
#778=VERTEX_POINT('',#2834);
#779=VERTEX_POINT('',#2839);
#780=VERTEX_POINT('',#2842);
#781=VERTEX_POINT('',#2846);
#782=VERTEX_POINT('',#2854);
#783=VERTEX_POINT('',#2855);
#784=VERTEX_POINT('',#2857);
#785=VERTEX_POINT('',#2859);
#786=VERTEX_POINT('',#2863);
#787=VERTEX_POINT('',#2864);
#788=VERTEX_POINT('',#2869);
#789=VERTEX_POINT('',#2870);
#790=VERTEX_POINT('',#2872);
#791=VERTEX_POINT('',#2874);
#792=VERTEX_POINT('',#2878);
#793=VERTEX_POINT('',#2879);
#794=VERTEX_POINT('',#2887);
#795=VERTEX_POINT('',#2892);
#796=VERTEX_POINT('',#2900);
#797=VERTEX_POINT('',#2901);
#798=VERTEX_POINT('',#2903);
#799=VERTEX_POINT('',#2905);
#800=VERTEX_POINT('',#2909);
#801=VERTEX_POINT('',#2910);
#802=VERTEX_POINT('',#2915);
#803=VERTEX_POINT('',#2916);
#804=VERTEX_POINT('',#2918);
#805=VERTEX_POINT('',#2920);
#806=VERTEX_POINT('',#2924);
#807=VERTEX_POINT('',#2925);
#808=VERTEX_POINT('',#2933);
#809=VERTEX_POINT('',#2938);
#810=VERTEX_POINT('',#2946);
#811=VERTEX_POINT('',#2947);
#812=VERTEX_POINT('',#2956);
#813=VERTEX_POINT('',#2957);
#814=VERTEX_POINT('',#2959);
#815=VERTEX_POINT('',#2965);
#816=VERTEX_POINT('',#2969);
#817=VERTEX_POINT('',#2970);
#818=VERTEX_POINT('',#2976);
#819=VERTEX_POINT('',#2978);
#820=VERTEX_POINT('',#2986);
#821=VERTEX_POINT('',#3010);
#822=VERTEX_POINT('',#3013);
#823=VERTEX_POINT('',#3017);
#824=VERTEX_POINT('',#3020);
#825=VERTEX_POINT('',#3023);
#826=VERTEX_POINT('',#3024);
#827=VERTEX_POINT('',#3026);
#828=VERTEX_POINT('',#3028);
#829=VERTEX_POINT('',#3030);
#830=VERTEX_POINT('',#3032);
#831=VERTEX_POINT('',#3034);
#832=VERTEX_POINT('',#3036);
#833=VERTEX_POINT('',#3040);
#834=VERTEX_POINT('',#3042);
#835=VERTEX_POINT('',#3044);
#836=VERTEX_POINT('',#3046);
#837=VERTEX_POINT('',#3048);
#838=VERTEX_POINT('',#3050);
#839=VERTEX_POINT('',#3054);
#840=VERTEX_POINT('',#3056);
#841=VERTEX_POINT('',#3058);
#842=VERTEX_POINT('',#3060);
#843=VERTEX_POINT('',#3062);
#844=VERTEX_POINT('',#3064);
#845=VERTEX_POINT('',#3069);
#846=VERTEX_POINT('',#3071);
#847=VERTEX_POINT('',#3073);
#848=VERTEX_POINT('',#3075);
#849=VERTEX_POINT('',#3079);
#850=VERTEX_POINT('',#3081);
#851=VERTEX_POINT('',#3084);
#852=VERTEX_POINT('',#3087);
#853=VERTEX_POINT('',#3090);
#854=VERTEX_POINT('',#3095);
#855=VERTEX_POINT('',#3096);
#856=VERTEX_POINT('',#3098);
#857=VERTEX_POINT('',#3103);
#858=VERTEX_POINT('',#3105);
#859=VERTEX_POINT('',#3109);
#860=VERTEX_POINT('',#3113);
#861=VERTEX_POINT('',#3114);
#862=VERTEX_POINT('',#3116);
#863=VERTEX_POINT('',#3121);
#864=VERTEX_POINT('',#3123);
#865=VERTEX_POINT('',#3127);
#866=VERTEX_POINT('',#3131);
#867=VERTEX_POINT('',#3132);
#868=VERTEX_POINT('',#3134);
#869=VERTEX_POINT('',#3139);
#870=VERTEX_POINT('',#3141);
#871=VERTEX_POINT('',#3145);
#872=VERTEX_POINT('',#3149);
#873=VERTEX_POINT('',#3150);
#874=VERTEX_POINT('',#3152);
#875=VERTEX_POINT('',#3157);
#876=VERTEX_POINT('',#3159);
#877=VERTEX_POINT('',#3163);
#878=VERTEX_POINT('',#3167);
#879=VERTEX_POINT('',#3174);
#880=VERTEX_POINT('',#3181);
#881=VERTEX_POINT('',#3188);
#882=VERTEX_POINT('',#3195);
#883=VERTEX_POINT('',#3197);
#884=VERTEX_POINT('',#3200);
#885=VERTEX_POINT('',#3203);
#886=VERTEX_POINT('',#3206);
#887=VERTEX_POINT('',#3207);
#888=VERTEX_POINT('',#3401);
#889=VERTEX_POINT('',#3403);
#890=VERTEX_POINT('',#3599);
#891=VERTEX_POINT('',#3601);
#892=VERTEX_POINT('',#3604);
#893=VERTEX_POINT('',#3608);
#894=VERTEX_POINT('',#3611);
#895=VERTEX_POINT('',#3614);
#896=VERTEX_POINT('',#3617);
#897=VERTEX_POINT('',#3619);
#898=VERTEX_POINT('',#3621);
#899=VERTEX_POINT('',#3627);
#900=VERTEX_POINT('',#3629);
#901=VERTEX_POINT('',#3631);
#902=VERTEX_POINT('',#3633);
#903=VERTEX_POINT('',#3635);
#904=VERTEX_POINT('',#3645);
#905=VERTEX_POINT('',#3653);
#906=VERTEX_POINT('',#3672);
#907=VERTEX_POINT('',#3679);
#908=VERTEX_POINT('',#4080);
#909=VERTEX_POINT('',#4280);
#910=VERTEX_POINT('',#4492);
#911=VERTEX_POINT('',#4494);
#912=VERTEX_POINT('',#4497);
#913=VERTEX_POINT('',#4500);
#914=VERTEX_POINT('',#4504);
#915=LINE('',#2802,#1059);
#916=LINE('',#2807,#1060);
#917=LINE('',#2814,#1061);
#918=LINE('',#2815,#1062);
#919=LINE('',#2817,#1063);
#920=LINE('',#2820,#1064);
#921=LINE('',#2822,#1065);
#922=LINE('',#2826,#1066);
#923=LINE('',#2829,#1067);
#924=LINE('',#2830,#1068);
#925=LINE('',#2832,#1069);
#926=LINE('',#2840,#1070);
#927=LINE('',#2841,#1071);
#928=LINE('',#2843,#1072);
#929=LINE('',#2845,#1073);
#930=LINE('',#2851,#1074);
#931=LINE('',#2853,#1075);
#932=LINE('',#2858,#1076);
#933=LINE('',#2865,#1077);
#934=LINE('',#2866,#1078);
#935=LINE('',#2868,#1079);
#936=LINE('',#2871,#1080);
#937=LINE('',#2873,#1081);
#938=LINE('',#2877,#1082);
#939=LINE('',#2880,#1083);
#940=LINE('',#2881,#1084);
#941=LINE('',#2888,#1085);
#942=LINE('',#2889,#1086);
#943=LINE('',#2891,#1087);
#944=LINE('',#2897,#1088);
#945=LINE('',#2899,#1089);
#946=LINE('',#2904,#1090);
#947=LINE('',#2911,#1091);
#948=LINE('',#2912,#1092);
#949=LINE('',#2914,#1093);
#950=LINE('',#2917,#1094);
#951=LINE('',#2919,#1095);
#952=LINE('',#2923,#1096);
#953=LINE('',#2926,#1097);
#954=LINE('',#2927,#1098);
#955=LINE('',#2934,#1099);
#956=LINE('',#2935,#1100);
#957=LINE('',#2937,#1101);
#958=LINE('',#2943,#1102);
#959=LINE('',#2945,#1103);
#960=LINE('',#2958,#1104);
#961=LINE('',#2966,#1105);
#962=LINE('',#2968,#1106);
#963=LINE('',#2977,#1107);
#964=LINE('',#3022,#1108);
#965=LINE('',#3025,#1109);
#966=LINE('',#3027,#1110);
#967=LINE('',#3029,#1111);
#968=LINE('',#3031,#1112);
#969=LINE('',#3033,#1113);
#970=LINE('',#3035,#1114);
#971=LINE('',#3037,#1115);
#972=LINE('',#3039,#1116);
#973=LINE('',#3041,#1117);
#974=LINE('',#3043,#1118);
#975=LINE('',#3045,#1119);
#976=LINE('',#3047,#1120);
#977=LINE('',#3049,#1121);
#978=LINE('',#3051,#1122);
#979=LINE('',#3053,#1123);
#980=LINE('',#3055,#1124);
#981=LINE('',#3057,#1125);
#982=LINE('',#3059,#1126);
#983=LINE('',#3061,#1127);
#984=LINE('',#3063,#1128);
#985=LINE('',#3065,#1129);
#986=LINE('',#3067,#1130);
#987=LINE('',#3068,#1131);
#988=LINE('',#3070,#1132);
#989=LINE('',#3072,#1133);
#990=LINE('',#3074,#1134);
#991=LINE('',#3076,#1135);
#992=LINE('',#3080,#1136);
#993=LINE('',#3082,#1137);
#994=LINE('',#3083,#1138);
#995=LINE('',#3085,#1139);
#996=LINE('',#3086,#1140);
#997=LINE('',#3088,#1141);
#998=LINE('',#3089,#1142);
#999=LINE('',#3091,#1143);
#1000=LINE('',#3094,#1144);
#1001=LINE('',#3097,#1145);
#1002=LINE('',#3099,#1146);
#1003=LINE('',#3100,#1147);
#1004=LINE('',#3102,#1148);
#1005=LINE('',#3104,#1149);
#1006=LINE('',#3106,#1150);
#1007=LINE('',#3108,#1151);
#1008=LINE('',#3110,#1152);
#1009=LINE('',#3112,#1153);
#1010=LINE('',#3115,#1154);
#1011=LINE('',#3117,#1155);
#1012=LINE('',#3118,#1156);
#1013=LINE('',#3120,#1157);
#1014=LINE('',#3122,#1158);
#1015=LINE('',#3124,#1159);
#1016=LINE('',#3126,#1160);
#1017=LINE('',#3128,#1161);
#1018=LINE('',#3130,#1162);
#1019=LINE('',#3133,#1163);
#1020=LINE('',#3135,#1164);
#1021=LINE('',#3136,#1165);
#1022=LINE('',#3138,#1166);
#1023=LINE('',#3140,#1167);
#1024=LINE('',#3142,#1168);
#1025=LINE('',#3144,#1169);
#1026=LINE('',#3146,#1170);
#1027=LINE('',#3148,#1171);
#1028=LINE('',#3151,#1172);
#1029=LINE('',#3153,#1173);
#1030=LINE('',#3154,#1174);
#1031=LINE('',#3156,#1175);
#1032=LINE('',#3158,#1176);
#1033=LINE('',#3160,#1177);
#1034=LINE('',#3162,#1178);
#1035=LINE('',#3164,#1179);
#1036=LINE('',#3166,#1180);
#1037=LINE('',#3168,#1181);
#1038=LINE('',#3170,#1182);
#1039=LINE('',#3173,#1183);
#1040=LINE('',#3175,#1184);
#1041=LINE('',#3177,#1185);
#1042=LINE('',#3180,#1186);
#1043=LINE('',#3182,#1187);
#1044=LINE('',#3184,#1188);
#1045=LINE('',#3187,#1189);
#1046=LINE('',#3189,#1190);
#1047=LINE('',#3191,#1191);
#1048=LINE('',#3618,#1192);
#1049=LINE('',#3620,#1193);
#1050=LINE('',#3622,#1194);
#1051=LINE('',#3624,#1195);
#1052=LINE('',#3630,#1196);
#1053=LINE('',#3634,#1197);
#1054=LINE('',#3644,#1198);
#1055=LINE('',#3646,#1199);
#1056=LINE('',#3652,#1200);
#1057=LINE('',#3654,#1201);
#1058=LINE('',#3656,#1202);
#1059=VECTOR('',#2384,1000.);
#1060=VECTOR('',#2387,1000.);
#1061=VECTOR('',#2394,1000.);
#1062=VECTOR('',#2395,1000.);
#1063=VECTOR('',#2398,1000.);
#1064=VECTOR('',#2399,1000.);
#1065=VECTOR('',#2400,1000.);
#1066=VECTOR('',#2405,1000.);
#1067=VECTOR('',#2406,1000.);
#1068=VECTOR('',#2407,1000.);
#1069=VECTOR('',#2410,1000.);
#1070=VECTOR('',#2411,1000.);
#1071=VECTOR('',#2412,1000.);
#1072=VECTOR('',#2413,1000.);
#1073=VECTOR('',#2416,1000.);
#1074=VECTOR('',#2417,1000.);
#1075=VECTOR('',#2420,1000.);
#1076=VECTOR('',#2423,1000.);
#1077=VECTOR('',#2430,1000.);
#1078=VECTOR('',#2431,1000.);
#1079=VECTOR('',#2434,1000.);
#1080=VECTOR('',#2435,1000.);
#1081=VECTOR('',#2436,1000.);
#1082=VECTOR('',#2441,1000.);
#1083=VECTOR('',#2442,1000.);
#1084=VECTOR('',#2443,1000.);
#1085=VECTOR('',#2446,1000.);
#1086=VECTOR('',#2447,1000.);
#1087=VECTOR('',#2450,1000.);
#1088=VECTOR('',#2451,1000.);
#1089=VECTOR('',#2454,1000.);
#1090=VECTOR('',#2457,1000.);
#1091=VECTOR('',#2464,1000.);
#1092=VECTOR('',#2465,1000.);
#1093=VECTOR('',#2468,1000.);
#1094=VECTOR('',#2469,1000.);
#1095=VECTOR('',#2470,1000.);
#1096=VECTOR('',#2475,1000.);
#1097=VECTOR('',#2476,1000.);
#1098=VECTOR('',#2477,1000.);
#1099=VECTOR('',#2480,1000.);
#1100=VECTOR('',#2481,1000.);
#1101=VECTOR('',#2484,1000.);
#1102=VECTOR('',#2485,1000.);
#1103=VECTOR('',#2488,1000.);
#1104=VECTOR('',#2495,1000.);
#1105=VECTOR('',#2496,1000.);
#1106=VECTOR('',#2499,1000.);
#1107=VECTOR('',#2500,1000.);
#1108=VECTOR('',#2527,1000.);
#1109=VECTOR('',#2528,1000.);
#1110=VECTOR('',#2529,1000.);
#1111=VECTOR('',#2530,1000.);
#1112=VECTOR('',#2531,1000.);
#1113=VECTOR('',#2532,1000.);
#1114=VECTOR('',#2533,1000.);
#1115=VECTOR('',#2534,1000.);
#1116=VECTOR('',#2537,1000.);
#1117=VECTOR('',#2538,1000.);
#1118=VECTOR('',#2539,1000.);
#1119=VECTOR('',#2540,1000.);
#1120=VECTOR('',#2541,1000.);
#1121=VECTOR('',#2542,1000.);
#1122=VECTOR('',#2543,1000.);
#1123=VECTOR('',#2546,1000.);
#1124=VECTOR('',#2547,1000.);
#1125=VECTOR('',#2548,1000.);
#1126=VECTOR('',#2549,1000.);
#1127=VECTOR('',#2550,1000.);
#1128=VECTOR('',#2551,1000.);
#1129=VECTOR('',#2552,1000.);
#1130=VECTOR('',#2555,1000.);
#1131=VECTOR('',#2556,1000.);
#1132=VECTOR('',#2557,1000.);
#1133=VECTOR('',#2558,1000.);
#1134=VECTOR('',#2559,1000.);
#1135=VECTOR('',#2560,1000.);
#1136=VECTOR('',#2565,1000.);
#1137=VECTOR('',#2566,1000.);
#1138=VECTOR('',#2567,1000.);
#1139=VECTOR('',#2568,1000.);
#1140=VECTOR('',#2569,1000.);
#1141=VECTOR('',#2570,1000.);
#1142=VECTOR('',#2571,1000.);
#1143=VECTOR('',#2572,1000.);
#1144=VECTOR('',#2577,1000.);
#1145=VECTOR('',#2578,1000.);
#1146=VECTOR('',#2579,1000.);
#1147=VECTOR('',#2580,1000.);
#1148=VECTOR('',#2583,1000.);
#1149=VECTOR('',#2584,1000.);
#1150=VECTOR('',#2585,1000.);
#1151=VECTOR('',#2588,1000.);
#1152=VECTOR('',#2589,1000.);
#1153=VECTOR('',#2592,1000.);
#1154=VECTOR('',#2593,1000.);
#1155=VECTOR('',#2594,1000.);
#1156=VECTOR('',#2595,1000.);
#1157=VECTOR('',#2598,1000.);
#1158=VECTOR('',#2599,1000.);
#1159=VECTOR('',#2600,1000.);
#1160=VECTOR('',#2603,1000.);
#1161=VECTOR('',#2604,1000.);
#1162=VECTOR('',#2607,1000.);
#1163=VECTOR('',#2608,1000.);
#1164=VECTOR('',#2609,1000.);
#1165=VECTOR('',#2610,1000.);
#1166=VECTOR('',#2613,1000.);
#1167=VECTOR('',#2614,1000.);
#1168=VECTOR('',#2615,1000.);
#1169=VECTOR('',#2618,1000.);
#1170=VECTOR('',#2619,1000.);
#1171=VECTOR('',#2622,1000.);
#1172=VECTOR('',#2623,1000.);
#1173=VECTOR('',#2624,1000.);
#1174=VECTOR('',#2625,1000.);
#1175=VECTOR('',#2628,1000.);
#1176=VECTOR('',#2629,1000.);
#1177=VECTOR('',#2630,1000.);
#1178=VECTOR('',#2633,1000.);
#1179=VECTOR('',#2634,1000.);
#1180=VECTOR('',#2637,1000.);
#1181=VECTOR('',#2638,1000.);
#1182=VECTOR('',#2641,1000.);
#1183=VECTOR('',#2646,1000.);
#1184=VECTOR('',#2647,1000.);
#1185=VECTOR('',#2650,1000.);
#1186=VECTOR('',#2655,1000.);
#1187=VECTOR('',#2656,1000.);
#1188=VECTOR('',#2659,1000.);
#1189=VECTOR('',#2664,1000.);
#1190=VECTOR('',#2665,1000.);
#1191=VECTOR('',#2668,1000.);
#1192=VECTOR('',#2719,1000.);
#1193=VECTOR('',#2720,1000.);
#1194=VECTOR('',#2721,1000.);
#1195=VECTOR('',#2724,1000.);
#1196=VECTOR('',#2731,1000.);
#1197=VECTOR('',#2734,1000.);
#1198=VECTOR('',#2743,1000.);
#1199=VECTOR('',#2744,1000.);
#1200=VECTOR('',#2747,1000.);
#1201=VECTOR('',#2748,1000.);
#1202=VECTOR('',#2751,1000.);
#1203=EDGE_LOOP('',(#120,#121,#122,#123));
#1204=EDGE_LOOP('',(#124,#125,#126,#127));
#1205=EDGE_LOOP('',(#128,#129,#130,#131));
#1206=EDGE_LOOP('',(#132,#133,#134,#135));
#1207=EDGE_LOOP('',(#136,#137,#138,#139,#140,#141,#142));
#1208=EDGE_LOOP('',(#143,#144,#145,#146,#147,#148,#149));
#1209=EDGE_LOOP('',(#150,#151,#152,#153));
#1210=EDGE_LOOP('',(#154,#155,#156,#157));
#1211=EDGE_LOOP('',(#158,#159,#160,#161));
#1212=EDGE_LOOP('',(#162,#163,#164,#165));
#1213=EDGE_LOOP('',(#166,#167,#168,#169,#170,#171,#172));
#1214=EDGE_LOOP('',(#173,#174,#175,#176,#177,#178,#179));
#1215=EDGE_LOOP('',(#180,#181,#182,#183));
#1216=EDGE_LOOP('',(#184,#185,#186,#187));
#1217=EDGE_LOOP('',(#188,#189,#190,#191));
#1218=EDGE_LOOP('',(#192,#193,#194,#195));
#1219=EDGE_LOOP('',(#196,#197,#198,#199,#200,#201,#202));
#1220=EDGE_LOOP('',(#203,#204,#205,#206,#207,#208,#209));
#1221=EDGE_LOOP('',(#210,#211,#212,#213));
#1222=EDGE_LOOP('',(#214,#215,#216,#217));
#1223=EDGE_LOOP('',(#218,#219,#220,#221));
#1224=EDGE_LOOP('',(#222));
#1225=EDGE_LOOP('',(#223,#224,#225,#226));
#1226=EDGE_LOOP('',(#227,#228,#229,#230));
#1227=EDGE_LOOP('',(#231));
#1228=EDGE_LOOP('',(#232,#233,#234,#235));
#1229=EDGE_LOOP('',(#236));
#1230=EDGE_LOOP('',(#237,#238,#239,#240));
#1231=EDGE_LOOP('',(#241));
#1232=EDGE_LOOP('',(#242));
#1233=EDGE_LOOP('',(#243));
#1234=EDGE_LOOP('',(#244));
#1235=EDGE_LOOP('',(#245));
#1236=EDGE_LOOP('',(#246,#247,#248,#249,#250,#251,#252,#253));
#1237=EDGE_LOOP('',(#254,#255,#256,#257,#258,#259,#260,#261));
#1238=EDGE_LOOP('',(#262,#263,#264,#265,#266,#267,#268,#269));
#1239=EDGE_LOOP('',(#270,#271,#272,#273,#274,#275,#276,#277));
#1240=EDGE_LOOP('',(#278));
#1241=EDGE_LOOP('',(#279,#280,#281,#282,#283,#284,#285,#286,#287,#288,#289,
#290));
#1242=EDGE_LOOP('',(#291));
#1243=EDGE_LOOP('',(#292,#293,#294,#295));
#1244=EDGE_LOOP('',(#296,#297,#298,#299,#300,#301));
#1245=EDGE_LOOP('',(#302,#303,#304,#305,#306,#307));
#1246=EDGE_LOOP('',(#308,#309,#310,#311,#312,#313));
#1247=EDGE_LOOP('',(#314,#315,#316,#317,#318,#319));
#1248=EDGE_LOOP('',(#320,#321,#322,#323,#324,#325));
#1249=EDGE_LOOP('',(#326,#327,#328,#329,#330,#331));
#1250=EDGE_LOOP('',(#332,#333,#334,#335,#336,#337));
#1251=EDGE_LOOP('',(#338,#339,#340,#341,#342,#343));
#1252=EDGE_LOOP('',(#344,#345,#346,#347,#348,#349));
#1253=EDGE_LOOP('',(#350,#351,#352,#353,#354,#355));
#1254=EDGE_LOOP('',(#356,#357,#358,#359,#360,#361));
#1255=EDGE_LOOP('',(#362,#363,#364,#365,#366,#367));
#1256=EDGE_LOOP('',(#368,#369,#370,#371));
#1257=EDGE_LOOP('',(#372,#373,#374,#375));
#1258=EDGE_LOOP('',(#376,#377,#378,#379));
#1259=EDGE_LOOP('',(#380,#381,#382,#383));
#1260=EDGE_LOOP('',(#384,#385,#386,#387));
#1261=EDGE_LOOP('',(#388,#389,#390,#391));
#1262=EDGE_LOOP('',(#392,#393,#394,#395));
#1263=EDGE_LOOP('',(#396,#397,#398,#399));
#1264=EDGE_LOOP('',(#400,#401,#402,#403));
#1265=EDGE_LOOP('',(#404,#405,#406,#407));
#1266=EDGE_LOOP('',(#408,#409,#410,#411));
#1267=EDGE_LOOP('',(#412,#413,#414,#415));
#1268=EDGE_LOOP('',(#416));
#1269=EDGE_LOOP('',(#417));
#1270=EDGE_LOOP('',(#418));
#1271=EDGE_LOOP('',(#419));
#1272=EDGE_LOOP('',(#420));
#1273=EDGE_LOOP('',(#421));
#1274=EDGE_LOOP('',(#422,#423,#424,#425));
#1275=EDGE_LOOP('',(#426));
#1276=EDGE_LOOP('',(#427));
#1277=EDGE_LOOP('',(#428));
#1278=EDGE_LOOP('',(#429));
#1279=EDGE_LOOP('',(#430));
#1280=EDGE_LOOP('',(#431));
#1281=EDGE_LOOP('',(#432));
#1282=EDGE_LOOP('',(#433));
#1283=EDGE_LOOP('',(#434));
#1284=EDGE_LOOP('',(#435));
#1285=EDGE_LOOP('',(#436));
#1286=EDGE_LOOP('',(#437));
#1287=EDGE_LOOP('',(#438,#439,#440,#441,#442,#443,#444,#445,#446,#447,#448,
#449,#450,#451,#452,#453));
#1288=EDGE_LOOP('',(#454));
#1289=EDGE_LOOP('',(#455,#456,#457,#458));
#1290=EDGE_LOOP('',(#459));
#1291=EDGE_LOOP('',(#460,#461,#462,#463,#464,#465,#466,#467,#468,#469,#470,
#471,#472,#473,#474,#475));
#1292=EDGE_LOOP('',(#476,#477,#478,#479,#480,#481,#482));
#1293=EDGE_LOOP('',(#483,#484,#485,#486,#487,#488,#489));
#1294=EDGE_LOOP('',(#490,#491,#492,#493));
#1295=EDGE_LOOP('',(#494,#495,#496,#497));
#1296=EDGE_LOOP('',(#498,#499,#500,#501));
#1297=EDGE_LOOP('',(#502,#503,#504,#505));
#1298=EDGE_LOOP('',(#506,#507,#508,#509));
#1299=EDGE_LOOP('',(#510,#511,#512,#513));
#1300=EDGE_LOOP('',(#514,#515));
#1301=EDGE_LOOP('',(#516));
#1302=EDGE_LOOP('',(#517));
#1303=EDGE_LOOP('',(#518,#519));
#1304=EDGE_LOOP('',(#520,#521,#522,#523));
#1305=EDGE_LOOP('',(#524,#525,#526,#527));
#1306=EDGE_LOOP('',(#528,#529,#530,#531));
#1307=EDGE_LOOP('',(#532,#533,#534,#535));
#1308=EDGE_LOOP('',(#536,#537,#538,#539));
#1309=EDGE_LOOP('',(#540));
#1310=EDGE_LOOP('',(#541));
#1311=EDGE_LOOP('',(#542));
#1312=EDGE_LOOP('',(#543));
#1313=EDGE_LOOP('',(#544));
#1314=EDGE_LOOP('',(#545));
#1315=EDGE_LOOP('',(#546));
#1316=EDGE_LOOP('',(#547));
#1317=EDGE_LOOP('',(#548));
#1318=EDGE_LOOP('',(#549));
#1319=FACE_BOUND('',#1203,.T.);
#1320=FACE_BOUND('',#1204,.T.);
#1321=FACE_BOUND('',#1205,.T.);
#1322=FACE_BOUND('',#1206,.T.);
#1323=FACE_BOUND('',#1207,.T.);
#1324=FACE_BOUND('',#1208,.T.);
#1325=FACE_BOUND('',#1209,.T.);
#1326=FACE_BOUND('',#1210,.T.);
#1327=FACE_BOUND('',#1211,.T.);
#1328=FACE_BOUND('',#1212,.T.);
#1329=FACE_BOUND('',#1213,.T.);
#1330=FACE_BOUND('',#1214,.T.);
#1331=FACE_BOUND('',#1215,.T.);
#1332=FACE_BOUND('',#1216,.T.);
#1333=FACE_BOUND('',#1217,.T.);
#1334=FACE_BOUND('',#1218,.T.);
#1335=FACE_BOUND('',#1219,.T.);
#1336=FACE_BOUND('',#1220,.T.);
#1337=FACE_BOUND('',#1221,.T.);
#1338=FACE_BOUND('',#1222,.T.);
#1339=FACE_BOUND('',#1223,.T.);
#1340=FACE_BOUND('',#1224,.T.);
#1341=FACE_BOUND('',#1225,.T.);
#1342=FACE_BOUND('',#1226,.T.);
#1343=FACE_BOUND('',#1227,.T.);
#1344=FACE_BOUND('',#1228,.T.);
#1345=FACE_BOUND('',#1229,.T.);
#1346=FACE_BOUND('',#1230,.T.);
#1347=FACE_BOUND('',#1231,.T.);
#1348=FACE_BOUND('',#1232,.T.);
#1349=FACE_BOUND('',#1233,.T.);
#1350=FACE_BOUND('',#1234,.T.);
#1351=FACE_BOUND('',#1235,.T.);
#1352=FACE_BOUND('',#1236,.T.);
#1353=FACE_BOUND('',#1237,.T.);
#1354=FACE_BOUND('',#1238,.T.);
#1355=FACE_BOUND('',#1239,.T.);
#1356=FACE_BOUND('',#1240,.T.);
#1357=FACE_BOUND('',#1241,.T.);
#1358=FACE_BOUND('',#1242,.T.);
#1359=FACE_BOUND('',#1243,.T.);
#1360=FACE_BOUND('',#1244,.T.);
#1361=FACE_BOUND('',#1245,.T.);
#1362=FACE_BOUND('',#1246,.T.);
#1363=FACE_BOUND('',#1247,.T.);
#1364=FACE_BOUND('',#1248,.T.);
#1365=FACE_BOUND('',#1249,.T.);
#1366=FACE_BOUND('',#1250,.T.);
#1367=FACE_BOUND('',#1251,.T.);
#1368=FACE_BOUND('',#1252,.T.);
#1369=FACE_BOUND('',#1253,.T.);
#1370=FACE_BOUND('',#1254,.T.);
#1371=FACE_BOUND('',#1255,.T.);
#1372=FACE_BOUND('',#1256,.T.);
#1373=FACE_BOUND('',#1257,.T.);
#1374=FACE_BOUND('',#1258,.T.);
#1375=FACE_BOUND('',#1259,.T.);
#1376=FACE_BOUND('',#1260,.T.);
#1377=FACE_BOUND('',#1261,.T.);
#1378=FACE_BOUND('',#1262,.T.);
#1379=FACE_BOUND('',#1263,.T.);
#1380=FACE_BOUND('',#1264,.T.);
#1381=FACE_BOUND('',#1265,.T.);
#1382=FACE_BOUND('',#1266,.T.);
#1383=FACE_BOUND('',#1267,.T.);
#1384=FACE_BOUND('',#1268,.T.);
#1385=FACE_BOUND('',#1269,.T.);
#1386=FACE_BOUND('',#1270,.T.);
#1387=FACE_BOUND('',#1271,.T.);
#1388=FACE_BOUND('',#1272,.T.);
#1389=FACE_BOUND('',#1273,.T.);
#1390=FACE_BOUND('',#1274,.T.);
#1391=FACE_BOUND('',#1275,.T.);
#1392=FACE_BOUND('',#1276,.T.);
#1393=FACE_BOUND('',#1277,.T.);
#1394=FACE_BOUND('',#1278,.T.);
#1395=FACE_BOUND('',#1279,.T.);
#1396=FACE_BOUND('',#1280,.T.);
#1397=FACE_BOUND('',#1281,.T.);
#1398=FACE_BOUND('',#1282,.T.);
#1399=FACE_BOUND('',#1283,.T.);
#1400=FACE_BOUND('',#1284,.T.);
#1401=FACE_BOUND('',#1285,.T.);
#1402=FACE_BOUND('',#1286,.T.);
#1403=FACE_BOUND('',#1287,.T.);
#1404=FACE_BOUND('',#1288,.T.);
#1405=FACE_BOUND('',#1289,.T.);
#1406=FACE_BOUND('',#1290,.T.);
#1407=FACE_BOUND('',#1291,.T.);
#1408=FACE_BOUND('',#1292,.T.);
#1409=FACE_BOUND('',#1293,.T.);
#1410=FACE_BOUND('',#1294,.T.);
#1411=FACE_BOUND('',#1295,.T.);
#1412=FACE_BOUND('',#1296,.T.);
#1413=FACE_BOUND('',#1297,.T.);
#1414=FACE_BOUND('',#1298,.T.);
#1415=FACE_BOUND('',#1299,.T.);
#1416=FACE_BOUND('',#1300,.T.);
#1417=FACE_BOUND('',#1301,.T.);
#1418=FACE_BOUND('',#1302,.T.);
#1419=FACE_BOUND('',#1303,.T.);
#1420=FACE_BOUND('',#1304,.T.);
#1421=FACE_BOUND('',#1305,.T.);
#1422=FACE_BOUND('',#1306,.T.);
#1423=FACE_BOUND('',#1307,.T.);
#1424=FACE_BOUND('',#1308,.T.);
#1425=FACE_BOUND('',#1309,.T.);
#1426=FACE_BOUND('',#1310,.T.);
#1427=FACE_BOUND('',#1311,.T.);
#1428=FACE_BOUND('',#1312,.T.);
#1429=FACE_BOUND('',#1313,.T.);
#1430=FACE_BOUND('',#1314,.T.);
#1431=FACE_BOUND('',#1315,.T.);
#1432=FACE_BOUND('',#1316,.T.);
#1433=FACE_BOUND('',#1317,.T.);
#1434=FACE_BOUND('',#20,.T.);
#1435=FACE_BOUND('',#1318,.T.);
#1436=PLANE('',#2243);
#1437=PLANE('',#2248);
#1438=PLANE('',#2250);
#1439=PLANE('',#2251);
#1440=PLANE('',#2252);
#1441=PLANE('',#2253);
#1442=PLANE('',#2258);
#1443=PLANE('',#2260);
#1444=PLANE('',#2261);
#1445=PLANE('',#2262);
#1446=PLANE('',#2263);
#1447=PLANE('',#2268);
#1448=PLANE('',#2270);
#1449=PLANE('',#2271);
#1450=PLANE('',#2272);
#1451=PLANE('',#2273);
#1452=PLANE('',#2276);
#1453=PLANE('',#2277);
#1454=PLANE('',#2278);
#1455=PLANE('',#2280);
#1456=PLANE('',#2285);
#1457=PLANE('',#2286);
#1458=PLANE('',#2290);
#1459=PLANE('',#2291);
#1460=PLANE('',#2292);
#1461=PLANE('',#2293);
#1462=PLANE('',#2294);
#1463=PLANE('',#2296);
#1464=PLANE('',#2297);
#1465=PLANE('',#2298);
#1466=PLANE('',#2299);
#1467=PLANE('',#2300);
#1468=PLANE('',#2301);
#1469=PLANE('',#2302);
#1470=PLANE('',#2303);
#1471=PLANE('',#2304);
#1472=PLANE('',#2305);
#1473=PLANE('',#2306);
#1474=PLANE('',#2307);
#1475=PLANE('',#2308);
#1476=PLANE('',#2309);
#1477=PLANE('',#2310);
#1478=PLANE('',#2311);
#1479=PLANE('',#2312);
#1480=PLANE('',#2313);
#1481=PLANE('',#2314);
#1482=PLANE('',#2315);
#1483=PLANE('',#2316);
#1484=PLANE('',#2317);
#1485=PLANE('',#2318);
#1486=PLANE('',#2319);
#1487=PLANE('',#2320);
#1488=PLANE('',#2321);
#1489=PLANE('',#2326);
#1490=PLANE('',#2331);
#1491=PLANE('',#2339);
#1492=PLANE('',#2343);
#1493=PLANE('',#2353);
#1494=PLANE('',#2354);
#1495=PLANE('',#2355);
#1496=PLANE('',#2356);
#1497=PLANE('',#2365);
#1498=PLANE('',#2369);
#1499=PLANE('',#2370);
#1500=PLANE('',#2373);
#1501=STYLED_ITEM('',(#1593),#2146);
#1502=STYLED_ITEM('',(#1594),#2147);
#1503=STYLED_ITEM('',(#1595),#2148);
#1504=STYLED_ITEM('',(#1596),#2149);
#1505=STYLED_ITEM('',(#1597),#2150);
#1506=STYLED_ITEM('',(#1598),#2151);
#1507=STYLED_ITEM('',(#1599),#2152);
#1508=STYLED_ITEM('',(#1600),#2153);
#1509=STYLED_ITEM('',(#1601),#2154);
#1510=STYLED_ITEM('',(#1602),#2155);
#1511=STYLED_ITEM('',(#1603),#2156);
#1512=STYLED_ITEM('',(#1604),#2157);
#1513=STYLED_ITEM('',(#1605),#2158);
#1514=STYLED_ITEM('',(#1606),#2159);
#1515=STYLED_ITEM('',(#1607),#2160);
#1516=STYLED_ITEM('',(#1608),#2161);
#1517=STYLED_ITEM('',(#1609),#2162);
#1518=STYLED_ITEM('',(#1610),#2163);
#1519=STYLED_ITEM('',(#1611),#2164);
#1520=STYLED_ITEM('',(#1612),#2165);
#1521=STYLED_ITEM('',(#1613),#2166);
#1522=STYLED_ITEM('',(#1614),#2167);
#1523=STYLED_ITEM('',(#1615),#2168);
#1524=STYLED_ITEM('',(#1616),#2169);
#1525=STYLED_ITEM('',(#1617),#2170);
#1526=STYLED_ITEM('',(#1618),#2171);
#1527=STYLED_ITEM('',(#1619),#2172);
#1528=STYLED_ITEM('',(#1620),#2173);
#1529=STYLED_ITEM('',(#1621),#2174);
#1530=STYLED_ITEM('',(#1622),#2175);
#1531=STYLED_ITEM('',(#1623),#2176);
#1532=STYLED_ITEM('',(#1624),#2177);
#1533=STYLED_ITEM('',(#1625),#2178);
#1534=STYLED_ITEM('',(#1626),#2179);
#1535=STYLED_ITEM('',(#1627),#2180);
#1536=STYLED_ITEM('',(#1628),#2181);
#1537=STYLED_ITEM('',(#1629),#2182);
#1538=STYLED_ITEM('',(#1630),#2183);
#1539=STYLED_ITEM('',(#1631),#2184);
#1540=STYLED_ITEM('',(#1632),#2185);
#1541=STYLED_ITEM('',(#1633),#2186);
#1542=STYLED_ITEM('',(#1634),#2187);
#1543=STYLED_ITEM('',(#1635),#2188);
#1544=STYLED_ITEM('',(#1636),#2189);
#1545=STYLED_ITEM('',(#1637),#2190);
#1546=STYLED_ITEM('',(#1638),#2191);
#1547=STYLED_ITEM('',(#1639),#2192);
#1548=STYLED_ITEM('',(#1640),#2193);
#1549=STYLED_ITEM('',(#1641),#2194);
#1550=STYLED_ITEM('',(#1642),#2195);
#1551=STYLED_ITEM('',(#1643),#2196);
#1552=STYLED_ITEM('',(#1644),#2197);
#1553=STYLED_ITEM('',(#1645),#2198);
#1554=STYLED_ITEM('',(#1646),#2199);
#1555=STYLED_ITEM('',(#1647),#2200);
#1556=STYLED_ITEM('',(#1648),#2201);
#1557=STYLED_ITEM('',(#1649),#2202);
#1558=STYLED_ITEM('',(#1650),#2203);
#1559=STYLED_ITEM('',(#1651),#2204);
#1560=STYLED_ITEM('',(#1652),#2205);
#1561=STYLED_ITEM('',(#1653),#2206);
#1562=STYLED_ITEM('',(#1654),#2207);
#1563=STYLED_ITEM('',(#1655),#2208);
#1564=STYLED_ITEM('',(#1656),#2209);
#1565=STYLED_ITEM('',(#1657),#2210);
#1566=STYLED_ITEM('',(#1658),#2211);
#1567=STYLED_ITEM('',(#1659),#2212);
#1568=STYLED_ITEM('',(#1660),#2213);
#1569=STYLED_ITEM('',(#1661),#2214);
#1570=STYLED_ITEM('',(#1662),#2215);
#1571=STYLED_ITEM('',(#1663),#2216);
#1572=STYLED_ITEM('',(#1664),#2217);
#1573=STYLED_ITEM('',(#1665),#2218);
#1574=STYLED_ITEM('',(#1666),#2219);
#1575=STYLED_ITEM('',(#1667),#2220);
#1576=STYLED_ITEM('',(#1668),#2221);
#1577=STYLED_ITEM('',(#1669),#2222);
#1578=STYLED_ITEM('',(#1670),#2223);
#1579=STYLED_ITEM('',(#1671),#2224);
#1580=STYLED_ITEM('',(#1672),#2225);
#1581=STYLED_ITEM('',(#1673),#2226);
#1582=STYLED_ITEM('',(#1674),#2227);
#1583=STYLED_ITEM('',(#1675),#2228);
#1584=STYLED_ITEM('',(#1676),#2229);
#1585=STYLED_ITEM('',(#1677),#2230);
#1586=STYLED_ITEM('',(#1678),#2231);
#1587=STYLED_ITEM('',(#1679),#2232);
#1588=STYLED_ITEM('',(#1680),#2233);
#1589=STYLED_ITEM('',(#1681),#2234);
#1590=STYLED_ITEM('',(#1682),#2235);
#1591=STYLED_ITEM('',(#1683),#2236);
#1592=STYLED_ITEM('',(#1684),#2237);
#1593=PRESENTATION_STYLE_ASSIGNMENT((#1685));
#1594=PRESENTATION_STYLE_ASSIGNMENT((#1686));
#1595=PRESENTATION_STYLE_ASSIGNMENT((#1687));
#1596=PRESENTATION_STYLE_ASSIGNMENT((#1688));
#1597=PRESENTATION_STYLE_ASSIGNMENT((#1689));
#1598=PRESENTATION_STYLE_ASSIGNMENT((#1690));
#1599=PRESENTATION_STYLE_ASSIGNMENT((#1691));
#1600=PRESENTATION_STYLE_ASSIGNMENT((#1692));
#1601=PRESENTATION_STYLE_ASSIGNMENT((#1693));
#1602=PRESENTATION_STYLE_ASSIGNMENT((#1694));
#1603=PRESENTATION_STYLE_ASSIGNMENT((#1695));
#1604=PRESENTATION_STYLE_ASSIGNMENT((#1696));
#1605=PRESENTATION_STYLE_ASSIGNMENT((#1697));
#1606=PRESENTATION_STYLE_ASSIGNMENT((#1698));
#1607=PRESENTATION_STYLE_ASSIGNMENT((#1699));
#1608=PRESENTATION_STYLE_ASSIGNMENT((#1700));
#1609=PRESENTATION_STYLE_ASSIGNMENT((#1701));
#1610=PRESENTATION_STYLE_ASSIGNMENT((#1702));
#1611=PRESENTATION_STYLE_ASSIGNMENT((#1703));
#1612=PRESENTATION_STYLE_ASSIGNMENT((#1704));
#1613=PRESENTATION_STYLE_ASSIGNMENT((#1705));
#1614=PRESENTATION_STYLE_ASSIGNMENT((#1706));
#1615=PRESENTATION_STYLE_ASSIGNMENT((#1707));
#1616=PRESENTATION_STYLE_ASSIGNMENT((#1708));
#1617=PRESENTATION_STYLE_ASSIGNMENT((#1709));
#1618=PRESENTATION_STYLE_ASSIGNMENT((#1710));
#1619=PRESENTATION_STYLE_ASSIGNMENT((#1711));
#1620=PRESENTATION_STYLE_ASSIGNMENT((#1712));
#1621=PRESENTATION_STYLE_ASSIGNMENT((#1713));
#1622=PRESENTATION_STYLE_ASSIGNMENT((#1714));
#1623=PRESENTATION_STYLE_ASSIGNMENT((#1715));
#1624=PRESENTATION_STYLE_ASSIGNMENT((#1716));
#1625=PRESENTATION_STYLE_ASSIGNMENT((#1717));
#1626=PRESENTATION_STYLE_ASSIGNMENT((#1718));
#1627=PRESENTATION_STYLE_ASSIGNMENT((#1719));
#1628=PRESENTATION_STYLE_ASSIGNMENT((#1720));
#1629=PRESENTATION_STYLE_ASSIGNMENT((#1721));
#1630=PRESENTATION_STYLE_ASSIGNMENT((#1722));
#1631=PRESENTATION_STYLE_ASSIGNMENT((#1723));
#1632=PRESENTATION_STYLE_ASSIGNMENT((#1724));
#1633=PRESENTATION_STYLE_ASSIGNMENT((#1725));
#1634=PRESENTATION_STYLE_ASSIGNMENT((#1726));
#1635=PRESENTATION_STYLE_ASSIGNMENT((#1727));
#1636=PRESENTATION_STYLE_ASSIGNMENT((#1728));
#1637=PRESENTATION_STYLE_ASSIGNMENT((#1729));
#1638=PRESENTATION_STYLE_ASSIGNMENT((#1730));
#1639=PRESENTATION_STYLE_ASSIGNMENT((#1731));
#1640=PRESENTATION_STYLE_ASSIGNMENT((#1732));
#1641=PRESENTATION_STYLE_ASSIGNMENT((#1733));
#1642=PRESENTATION_STYLE_ASSIGNMENT((#1734));
#1643=PRESENTATION_STYLE_ASSIGNMENT((#1735));
#1644=PRESENTATION_STYLE_ASSIGNMENT((#1736));
#1645=PRESENTATION_STYLE_ASSIGNMENT((#1737));
#1646=PRESENTATION_STYLE_ASSIGNMENT((#1738));
#1647=PRESENTATION_STYLE_ASSIGNMENT((#1739));
#1648=PRESENTATION_STYLE_ASSIGNMENT((#1740));
#1649=PRESENTATION_STYLE_ASSIGNMENT((#1741));
#1650=PRESENTATION_STYLE_ASSIGNMENT((#1742));
#1651=PRESENTATION_STYLE_ASSIGNMENT((#1743));
#1652=PRESENTATION_STYLE_ASSIGNMENT((#1744));
#1653=PRESENTATION_STYLE_ASSIGNMENT((#1745));
#1654=PRESENTATION_STYLE_ASSIGNMENT((#1746));
#1655=PRESENTATION_STYLE_ASSIGNMENT((#1747));
#1656=PRESENTATION_STYLE_ASSIGNMENT((#1748));
#1657=PRESENTATION_STYLE_ASSIGNMENT((#1749));
#1658=PRESENTATION_STYLE_ASSIGNMENT((#1750));
#1659=PRESENTATION_STYLE_ASSIGNMENT((#1751));
#1660=PRESENTATION_STYLE_ASSIGNMENT((#1752));
#1661=PRESENTATION_STYLE_ASSIGNMENT((#1753));
#1662=PRESENTATION_STYLE_ASSIGNMENT((#1754));
#1663=PRESENTATION_STYLE_ASSIGNMENT((#1755));
#1664=PRESENTATION_STYLE_ASSIGNMENT((#1756));
#1665=PRESENTATION_STYLE_ASSIGNMENT((#1757));
#1666=PRESENTATION_STYLE_ASSIGNMENT((#1758));
#1667=PRESENTATION_STYLE_ASSIGNMENT((#1759));
#1668=PRESENTATION_STYLE_ASSIGNMENT((#1760));
#1669=PRESENTATION_STYLE_ASSIGNMENT((#1761));
#1670=PRESENTATION_STYLE_ASSIGNMENT((#1762));
#1671=PRESENTATION_STYLE_ASSIGNMENT((#1763));
#1672=PRESENTATION_STYLE_ASSIGNMENT((#1764));
#1673=PRESENTATION_STYLE_ASSIGNMENT((#1765));
#1674=PRESENTATION_STYLE_ASSIGNMENT((#1766));
#1675=PRESENTATION_STYLE_ASSIGNMENT((#1767));
#1676=PRESENTATION_STYLE_ASSIGNMENT((#1768));
#1677=PRESENTATION_STYLE_ASSIGNMENT((#1769));
#1678=PRESENTATION_STYLE_ASSIGNMENT((#1770));
#1679=PRESENTATION_STYLE_ASSIGNMENT((#1771));
#1680=PRESENTATION_STYLE_ASSIGNMENT((#1772));
#1681=PRESENTATION_STYLE_ASSIGNMENT((#1773));
#1682=PRESENTATION_STYLE_ASSIGNMENT((#1774));
#1683=PRESENTATION_STYLE_ASSIGNMENT((#1775));
#1684=PRESENTATION_STYLE_ASSIGNMENT((#1776));
#1685=SURFACE_STYLE_USAGE(.BOTH.,#1777);
#1686=SURFACE_STYLE_USAGE(.BOTH.,#1778);
#1687=SURFACE_STYLE_USAGE(.BOTH.,#1779);
#1688=SURFACE_STYLE_USAGE(.BOTH.,#1780);
#1689=SURFACE_STYLE_USAGE(.BOTH.,#1781);
#1690=SURFACE_STYLE_USAGE(.BOTH.,#1782);
#1691=SURFACE_STYLE_USAGE(.BOTH.,#1783);
#1692=SURFACE_STYLE_USAGE(.BOTH.,#1784);
#1693=SURFACE_STYLE_USAGE(.BOTH.,#1785);
#1694=SURFACE_STYLE_USAGE(.BOTH.,#1786);
#1695=SURFACE_STYLE_USAGE(.BOTH.,#1787);
#1696=SURFACE_STYLE_USAGE(.BOTH.,#1788);
#1697=SURFACE_STYLE_USAGE(.BOTH.,#1789);
#1698=SURFACE_STYLE_USAGE(.BOTH.,#1790);
#1699=SURFACE_STYLE_USAGE(.BOTH.,#1791);
#1700=SURFACE_STYLE_USAGE(.BOTH.,#1792);
#1701=SURFACE_STYLE_USAGE(.BOTH.,#1793);
#1702=SURFACE_STYLE_USAGE(.BOTH.,#1794);
#1703=SURFACE_STYLE_USAGE(.BOTH.,#1795);
#1704=SURFACE_STYLE_USAGE(.BOTH.,#1796);
#1705=SURFACE_STYLE_USAGE(.BOTH.,#1797);
#1706=SURFACE_STYLE_USAGE(.BOTH.,#1798);
#1707=SURFACE_STYLE_USAGE(.BOTH.,#1799);
#1708=SURFACE_STYLE_USAGE(.BOTH.,#1800);
#1709=SURFACE_STYLE_USAGE(.BOTH.,#1801);
#1710=SURFACE_STYLE_USAGE(.BOTH.,#1802);
#1711=SURFACE_STYLE_USAGE(.BOTH.,#1803);
#1712=SURFACE_STYLE_USAGE(.BOTH.,#1804);
#1713=SURFACE_STYLE_USAGE(.BOTH.,#1805);
#1714=SURFACE_STYLE_USAGE(.BOTH.,#1806);
#1715=SURFACE_STYLE_USAGE(.BOTH.,#1807);
#1716=SURFACE_STYLE_USAGE(.BOTH.,#1808);
#1717=SURFACE_STYLE_USAGE(.BOTH.,#1809);
#1718=SURFACE_STYLE_USAGE(.BOTH.,#1810);
#1719=SURFACE_STYLE_USAGE(.BOTH.,#1811);
#1720=SURFACE_STYLE_USAGE(.BOTH.,#1812);
#1721=SURFACE_STYLE_USAGE(.BOTH.,#1813);
#1722=SURFACE_STYLE_USAGE(.BOTH.,#1814);
#1723=SURFACE_STYLE_USAGE(.BOTH.,#1815);
#1724=SURFACE_STYLE_USAGE(.BOTH.,#1816);
#1725=SURFACE_STYLE_USAGE(.BOTH.,#1817);
#1726=SURFACE_STYLE_USAGE(.BOTH.,#1818);
#1727=SURFACE_STYLE_USAGE(.BOTH.,#1819);
#1728=SURFACE_STYLE_USAGE(.BOTH.,#1820);
#1729=SURFACE_STYLE_USAGE(.BOTH.,#1821);
#1730=SURFACE_STYLE_USAGE(.BOTH.,#1822);
#1731=SURFACE_STYLE_USAGE(.BOTH.,#1823);
#1732=SURFACE_STYLE_USAGE(.BOTH.,#1824);
#1733=SURFACE_STYLE_USAGE(.BOTH.,#1825);
#1734=SURFACE_STYLE_USAGE(.BOTH.,#1826);
#1735=SURFACE_STYLE_USAGE(.BOTH.,#1827);
#1736=SURFACE_STYLE_USAGE(.BOTH.,#1828);
#1737=SURFACE_STYLE_USAGE(.BOTH.,#1829);
#1738=SURFACE_STYLE_USAGE(.BOTH.,#1830);
#1739=SURFACE_STYLE_USAGE(.BOTH.,#1831);
#1740=SURFACE_STYLE_USAGE(.BOTH.,#1832);
#1741=SURFACE_STYLE_USAGE(.BOTH.,#1833);
#1742=SURFACE_STYLE_USAGE(.BOTH.,#1834);
#1743=SURFACE_STYLE_USAGE(.BOTH.,#1835);
#1744=SURFACE_STYLE_USAGE(.BOTH.,#1836);
#1745=SURFACE_STYLE_USAGE(.BOTH.,#1837);
#1746=SURFACE_STYLE_USAGE(.BOTH.,#1838);
#1747=SURFACE_STYLE_USAGE(.BOTH.,#1839);
#1748=SURFACE_STYLE_USAGE(.BOTH.,#1840);
#1749=SURFACE_STYLE_USAGE(.BOTH.,#1841);
#1750=SURFACE_STYLE_USAGE(.BOTH.,#1842);
#1751=SURFACE_STYLE_USAGE(.BOTH.,#1843);
#1752=SURFACE_STYLE_USAGE(.BOTH.,#1844);
#1753=SURFACE_STYLE_USAGE(.BOTH.,#1845);
#1754=SURFACE_STYLE_USAGE(.BOTH.,#1846);
#1755=SURFACE_STYLE_USAGE(.BOTH.,#1847);
#1756=SURFACE_STYLE_USAGE(.BOTH.,#1848);
#1757=SURFACE_STYLE_USAGE(.BOTH.,#1849);
#1758=SURFACE_STYLE_USAGE(.BOTH.,#1850);
#1759=SURFACE_STYLE_USAGE(.BOTH.,#1851);
#1760=SURFACE_STYLE_USAGE(.BOTH.,#1852);
#1761=SURFACE_STYLE_USAGE(.BOTH.,#1853);
#1762=SURFACE_STYLE_USAGE(.BOTH.,#1854);
#1763=SURFACE_STYLE_USAGE(.BOTH.,#1855);
#1764=SURFACE_STYLE_USAGE(.BOTH.,#1856);
#1765=SURFACE_STYLE_USAGE(.BOTH.,#1857);
#1766=SURFACE_STYLE_USAGE(.BOTH.,#1858);
#1767=SURFACE_STYLE_USAGE(.BOTH.,#1859);
#1768=SURFACE_STYLE_USAGE(.BOTH.,#1860);
#1769=SURFACE_STYLE_USAGE(.BOTH.,#1861);
#1770=SURFACE_STYLE_USAGE(.BOTH.,#1862);
#1771=SURFACE_STYLE_USAGE(.BOTH.,#1863);
#1772=SURFACE_STYLE_USAGE(.BOTH.,#1864);
#1773=SURFACE_STYLE_USAGE(.BOTH.,#1865);
#1774=SURFACE_STYLE_USAGE(.BOTH.,#1866);
#1775=SURFACE_STYLE_USAGE(.BOTH.,#1867);
#1776=SURFACE_STYLE_USAGE(.BOTH.,#1868);
#1777=SURFACE_SIDE_STYLE('',(#1869));
#1778=SURFACE_SIDE_STYLE('',(#1870));
#1779=SURFACE_SIDE_STYLE('',(#1871));
#1780=SURFACE_SIDE_STYLE('',(#1872));
#1781=SURFACE_SIDE_STYLE('',(#1873));
#1782=SURFACE_SIDE_STYLE('',(#1874));
#1783=SURFACE_SIDE_STYLE('',(#1875));
#1784=SURFACE_SIDE_STYLE('',(#1876));
#1785=SURFACE_SIDE_STYLE('',(#1877));
#1786=SURFACE_SIDE_STYLE('',(#1878));
#1787=SURFACE_SIDE_STYLE('',(#1879));
#1788=SURFACE_SIDE_STYLE('',(#1880));
#1789=SURFACE_SIDE_STYLE('',(#1881));
#1790=SURFACE_SIDE_STYLE('',(#1882));
#1791=SURFACE_SIDE_STYLE('',(#1883));
#1792=SURFACE_SIDE_STYLE('',(#1884));
#1793=SURFACE_SIDE_STYLE('',(#1885));
#1794=SURFACE_SIDE_STYLE('',(#1886));
#1795=SURFACE_SIDE_STYLE('',(#1887));
#1796=SURFACE_SIDE_STYLE('',(#1888));
#1797=SURFACE_SIDE_STYLE('',(#1889));
#1798=SURFACE_SIDE_STYLE('',(#1890));
#1799=SURFACE_SIDE_STYLE('',(#1891));
#1800=SURFACE_SIDE_STYLE('',(#1892));
#1801=SURFACE_SIDE_STYLE('',(#1893));
#1802=SURFACE_SIDE_STYLE('',(#1894));
#1803=SURFACE_SIDE_STYLE('',(#1895));
#1804=SURFACE_SIDE_STYLE('',(#1896));
#1805=SURFACE_SIDE_STYLE('',(#1897));
#1806=SURFACE_SIDE_STYLE('',(#1898));
#1807=SURFACE_SIDE_STYLE('',(#1899));
#1808=SURFACE_SIDE_STYLE('',(#1900));
#1809=SURFACE_SIDE_STYLE('',(#1901));
#1810=SURFACE_SIDE_STYLE('',(#1902));
#1811=SURFACE_SIDE_STYLE('',(#1903));
#1812=SURFACE_SIDE_STYLE('',(#1904));
#1813=SURFACE_SIDE_STYLE('',(#1905));
#1814=SURFACE_SIDE_STYLE('',(#1906));
#1815=SURFACE_SIDE_STYLE('',(#1907));
#1816=SURFACE_SIDE_STYLE('',(#1908));
#1817=SURFACE_SIDE_STYLE('',(#1909));
#1818=SURFACE_SIDE_STYLE('',(#1910));
#1819=SURFACE_SIDE_STYLE('',(#1911));
#1820=SURFACE_SIDE_STYLE('',(#1912));
#1821=SURFACE_SIDE_STYLE('',(#1913));
#1822=SURFACE_SIDE_STYLE('',(#1914));
#1823=SURFACE_SIDE_STYLE('',(#1915));
#1824=SURFACE_SIDE_STYLE('',(#1916));
#1825=SURFACE_SIDE_STYLE('',(#1917));
#1826=SURFACE_SIDE_STYLE('',(#1918));
#1827=SURFACE_SIDE_STYLE('',(#1919));
#1828=SURFACE_SIDE_STYLE('',(#1920));
#1829=SURFACE_SIDE_STYLE('',(#1921));
#1830=SURFACE_SIDE_STYLE('',(#1922));
#1831=SURFACE_SIDE_STYLE('',(#1923));
#1832=SURFACE_SIDE_STYLE('',(#1924));
#1833=SURFACE_SIDE_STYLE('',(#1925));
#1834=SURFACE_SIDE_STYLE('',(#1926));
#1835=SURFACE_SIDE_STYLE('',(#1927));
#1836=SURFACE_SIDE_STYLE('',(#1928));
#1837=SURFACE_SIDE_STYLE('',(#1929));
#1838=SURFACE_SIDE_STYLE('',(#1930));
#1839=SURFACE_SIDE_STYLE('',(#1931));
#1840=SURFACE_SIDE_STYLE('',(#1932));
#1841=SURFACE_SIDE_STYLE('',(#1933));
#1842=SURFACE_SIDE_STYLE('',(#1934));
#1843=SURFACE_SIDE_STYLE('',(#1935));
#1844=SURFACE_SIDE_STYLE('',(#1936));
#1845=SURFACE_SIDE_STYLE('',(#1937));
#1846=SURFACE_SIDE_STYLE('',(#1938));
#1847=SURFACE_SIDE_STYLE('',(#1939));
#1848=SURFACE_SIDE_STYLE('',(#1940));
#1849=SURFACE_SIDE_STYLE('',(#1941));
#1850=SURFACE_SIDE_STYLE('',(#1942));
#1851=SURFACE_SIDE_STYLE('',(#1943));
#1852=SURFACE_SIDE_STYLE('',(#1944));
#1853=SURFACE_SIDE_STYLE('',(#1945));
#1854=SURFACE_SIDE_STYLE('',(#1946));
#1855=SURFACE_SIDE_STYLE('',(#1947));
#1856=SURFACE_SIDE_STYLE('',(#1948));
#1857=SURFACE_SIDE_STYLE('',(#1949));
#1858=SURFACE_SIDE_STYLE('',(#1950));
#1859=SURFACE_SIDE_STYLE('',(#1951));
#1860=SURFACE_SIDE_STYLE('',(#1952));
#1861=SURFACE_SIDE_STYLE('',(#1953));
#1862=SURFACE_SIDE_STYLE('',(#1954));
#1863=SURFACE_SIDE_STYLE('',(#1955));
#1864=SURFACE_SIDE_STYLE('',(#1956));
#1865=SURFACE_SIDE_STYLE('',(#1957));
#1866=SURFACE_SIDE_STYLE('',(#1958));
#1867=SURFACE_SIDE_STYLE('',(#1959));
#1868=SURFACE_SIDE_STYLE('',(#1960));
#1869=SURFACE_STYLE_FILL_AREA(#1961);
#1870=SURFACE_STYLE_FILL_AREA(#1962);
#1871=SURFACE_STYLE_FILL_AREA(#1963);
#1872=SURFACE_STYLE_FILL_AREA(#1964);
#1873=SURFACE_STYLE_FILL_AREA(#1965);
#1874=SURFACE_STYLE_FILL_AREA(#1966);
#1875=SURFACE_STYLE_FILL_AREA(#1967);
#1876=SURFACE_STYLE_FILL_AREA(#1968);
#1877=SURFACE_STYLE_FILL_AREA(#1969);
#1878=SURFACE_STYLE_FILL_AREA(#1970);
#1879=SURFACE_STYLE_FILL_AREA(#1971);
#1880=SURFACE_STYLE_FILL_AREA(#1972);
#1881=SURFACE_STYLE_FILL_AREA(#1973);
#1882=SURFACE_STYLE_FILL_AREA(#1974);
#1883=SURFACE_STYLE_FILL_AREA(#1975);
#1884=SURFACE_STYLE_FILL_AREA(#1976);
#1885=SURFACE_STYLE_FILL_AREA(#1977);
#1886=SURFACE_STYLE_FILL_AREA(#1978);
#1887=SURFACE_STYLE_FILL_AREA(#1979);
#1888=SURFACE_STYLE_FILL_AREA(#1980);
#1889=SURFACE_STYLE_FILL_AREA(#1981);
#1890=SURFACE_STYLE_FILL_AREA(#1982);
#1891=SURFACE_STYLE_FILL_AREA(#1983);
#1892=SURFACE_STYLE_FILL_AREA(#1984);
#1893=SURFACE_STYLE_FILL_AREA(#1985);
#1894=SURFACE_STYLE_FILL_AREA(#1986);
#1895=SURFACE_STYLE_FILL_AREA(#1987);
#1896=SURFACE_STYLE_FILL_AREA(#1988);
#1897=SURFACE_STYLE_FILL_AREA(#1989);
#1898=SURFACE_STYLE_FILL_AREA(#1990);
#1899=SURFACE_STYLE_FILL_AREA(#1991);
#1900=SURFACE_STYLE_FILL_AREA(#1992);
#1901=SURFACE_STYLE_FILL_AREA(#1993);
#1902=SURFACE_STYLE_FILL_AREA(#1994);
#1903=SURFACE_STYLE_FILL_AREA(#1995);
#1904=SURFACE_STYLE_FILL_AREA(#1996);
#1905=SURFACE_STYLE_FILL_AREA(#1997);
#1906=SURFACE_STYLE_FILL_AREA(#1998);
#1907=SURFACE_STYLE_FILL_AREA(#1999);
#1908=SURFACE_STYLE_FILL_AREA(#2000);
#1909=SURFACE_STYLE_FILL_AREA(#2001);
#1910=SURFACE_STYLE_FILL_AREA(#2002);
#1911=SURFACE_STYLE_FILL_AREA(#2003);
#1912=SURFACE_STYLE_FILL_AREA(#2004);
#1913=SURFACE_STYLE_FILL_AREA(#2005);
#1914=SURFACE_STYLE_FILL_AREA(#2006);
#1915=SURFACE_STYLE_FILL_AREA(#2007);
#1916=SURFACE_STYLE_FILL_AREA(#2008);
#1917=SURFACE_STYLE_FILL_AREA(#2009);
#1918=SURFACE_STYLE_FILL_AREA(#2010);
#1919=SURFACE_STYLE_FILL_AREA(#2011);
#1920=SURFACE_STYLE_FILL_AREA(#2012);
#1921=SURFACE_STYLE_FILL_AREA(#2013);
#1922=SURFACE_STYLE_FILL_AREA(#2014);
#1923=SURFACE_STYLE_FILL_AREA(#2015);
#1924=SURFACE_STYLE_FILL_AREA(#2016);
#1925=SURFACE_STYLE_FILL_AREA(#2017);
#1926=SURFACE_STYLE_FILL_AREA(#2018);
#1927=SURFACE_STYLE_FILL_AREA(#2019);
#1928=SURFACE_STYLE_FILL_AREA(#2020);
#1929=SURFACE_STYLE_FILL_AREA(#2021);
#1930=SURFACE_STYLE_FILL_AREA(#2022);
#1931=SURFACE_STYLE_FILL_AREA(#2023);
#1932=SURFACE_STYLE_FILL_AREA(#2024);
#1933=SURFACE_STYLE_FILL_AREA(#2025);
#1934=SURFACE_STYLE_FILL_AREA(#2026);
#1935=SURFACE_STYLE_FILL_AREA(#2027);
#1936=SURFACE_STYLE_FILL_AREA(#2028);
#1937=SURFACE_STYLE_FILL_AREA(#2029);
#1938=SURFACE_STYLE_FILL_AREA(#2030);
#1939=SURFACE_STYLE_FILL_AREA(#2031);
#1940=SURFACE_STYLE_FILL_AREA(#2032);
#1941=SURFACE_STYLE_FILL_AREA(#2033);
#1942=SURFACE_STYLE_FILL_AREA(#2034);
#1943=SURFACE_STYLE_FILL_AREA(#2035);
#1944=SURFACE_STYLE_FILL_AREA(#2036);
#1945=SURFACE_STYLE_FILL_AREA(#2037);
#1946=SURFACE_STYLE_FILL_AREA(#2038);
#1947=SURFACE_STYLE_FILL_AREA(#2039);
#1948=SURFACE_STYLE_FILL_AREA(#2040);
#1949=SURFACE_STYLE_FILL_AREA(#2041);
#1950=SURFACE_STYLE_FILL_AREA(#2042);
#1951=SURFACE_STYLE_FILL_AREA(#2043);
#1952=SURFACE_STYLE_FILL_AREA(#2044);
#1953=SURFACE_STYLE_FILL_AREA(#2045);
#1954=SURFACE_STYLE_FILL_AREA(#2046);
#1955=SURFACE_STYLE_FILL_AREA(#2047);
#1956=SURFACE_STYLE_FILL_AREA(#2048);
#1957=SURFACE_STYLE_FILL_AREA(#2049);
#1958=SURFACE_STYLE_FILL_AREA(#2050);
#1959=SURFACE_STYLE_FILL_AREA(#2051);
#1960=SURFACE_STYLE_FILL_AREA(#2052);
#1961=FILL_AREA_STYLE('',(#2053));
#1962=FILL_AREA_STYLE('',(#2054));
#1963=FILL_AREA_STYLE('',(#2055));
#1964=FILL_AREA_STYLE('',(#2056));
#1965=FILL_AREA_STYLE('',(#2057));
#1966=FILL_AREA_STYLE('',(#2058));
#1967=FILL_AREA_STYLE('',(#2059));
#1968=FILL_AREA_STYLE('',(#2060));
#1969=FILL_AREA_STYLE('',(#2061));
#1970=FILL_AREA_STYLE('',(#2062));
#1971=FILL_AREA_STYLE('',(#2063));
#1972=FILL_AREA_STYLE('',(#2064));
#1973=FILL_AREA_STYLE('',(#2065));
#1974=FILL_AREA_STYLE('',(#2066));
#1975=FILL_AREA_STYLE('',(#2067));
#1976=FILL_AREA_STYLE('',(#2068));
#1977=FILL_AREA_STYLE('',(#2069));
#1978=FILL_AREA_STYLE('',(#2070));
#1979=FILL_AREA_STYLE('',(#2071));
#1980=FILL_AREA_STYLE('',(#2072));
#1981=FILL_AREA_STYLE('',(#2073));
#1982=FILL_AREA_STYLE('',(#2074));
#1983=FILL_AREA_STYLE('',(#2075));
#1984=FILL_AREA_STYLE('',(#2076));
#1985=FILL_AREA_STYLE('',(#2077));
#1986=FILL_AREA_STYLE('',(#2078));
#1987=FILL_AREA_STYLE('',(#2079));
#1988=FILL_AREA_STYLE('',(#2080));
#1989=FILL_AREA_STYLE('',(#2081));
#1990=FILL_AREA_STYLE('',(#2082));
#1991=FILL_AREA_STYLE('',(#2083));
#1992=FILL_AREA_STYLE('',(#2084));
#1993=FILL_AREA_STYLE('',(#2085));
#1994=FILL_AREA_STYLE('',(#2086));
#1995=FILL_AREA_STYLE('',(#2087));
#1996=FILL_AREA_STYLE('',(#2088));
#1997=FILL_AREA_STYLE('',(#2089));
#1998=FILL_AREA_STYLE('',(#2090));
#1999=FILL_AREA_STYLE('',(#2091));
#2000=FILL_AREA_STYLE('',(#2092));
#2001=FILL_AREA_STYLE('',(#2093));
#2002=FILL_AREA_STYLE('',(#2094));
#2003=FILL_AREA_STYLE('',(#2095));
#2004=FILL_AREA_STYLE('',(#2096));
#2005=FILL_AREA_STYLE('',(#2097));
#2006=FILL_AREA_STYLE('',(#2098));
#2007=FILL_AREA_STYLE('',(#2099));
#2008=FILL_AREA_STYLE('',(#2100));
#2009=FILL_AREA_STYLE('',(#2101));
#2010=FILL_AREA_STYLE('',(#2102));
#2011=FILL_AREA_STYLE('',(#2103));
#2012=FILL_AREA_STYLE('',(#2104));
#2013=FILL_AREA_STYLE('',(#2105));
#2014=FILL_AREA_STYLE('',(#2106));
#2015=FILL_AREA_STYLE('',(#2107));
#2016=FILL_AREA_STYLE('',(#2108));
#2017=FILL_AREA_STYLE('',(#2109));
#2018=FILL_AREA_STYLE('',(#2110));
#2019=FILL_AREA_STYLE('',(#2111));
#2020=FILL_AREA_STYLE('',(#2112));
#2021=FILL_AREA_STYLE('',(#2113));
#2022=FILL_AREA_STYLE('',(#2114));
#2023=FILL_AREA_STYLE('',(#2115));
#2024=FILL_AREA_STYLE('',(#2116));
#2025=FILL_AREA_STYLE('',(#2117));
#2026=FILL_AREA_STYLE('',(#2118));
#2027=FILL_AREA_STYLE('',(#2119));
#2028=FILL_AREA_STYLE('',(#2120));
#2029=FILL_AREA_STYLE('',(#2121));
#2030=FILL_AREA_STYLE('',(#2122));
#2031=FILL_AREA_STYLE('',(#2123));
#2032=FILL_AREA_STYLE('',(#2124));
#2033=FILL_AREA_STYLE('',(#2125));
#2034=FILL_AREA_STYLE('',(#2126));
#2035=FILL_AREA_STYLE('',(#2127));
#2036=FILL_AREA_STYLE('',(#2128));
#2037=FILL_AREA_STYLE('',(#2129));
#2038=FILL_AREA_STYLE('',(#2130));
#2039=FILL_AREA_STYLE('',(#2131));
#2040=FILL_AREA_STYLE('',(#2132));
#2041=FILL_AREA_STYLE('',(#2133));
#2042=FILL_AREA_STYLE('',(#2134));
#2043=FILL_AREA_STYLE('',(#2135));
#2044=FILL_AREA_STYLE('',(#2136));
#2045=FILL_AREA_STYLE('',(#2137));
#2046=FILL_AREA_STYLE('',(#2138));
#2047=FILL_AREA_STYLE('',(#2139));
#2048=FILL_AREA_STYLE('',(#2140));
#2049=FILL_AREA_STYLE('',(#2141));
#2050=FILL_AREA_STYLE('',(#2142));
#2051=FILL_AREA_STYLE('',(#2143));
#2052=FILL_AREA_STYLE('',(#2144));
#2053=FILL_AREA_STYLE_COLOUR('',#2145);
#2054=FILL_AREA_STYLE_COLOUR('',#2145);
#2055=FILL_AREA_STYLE_COLOUR('',#2145);
#2056=FILL_AREA_STYLE_COLOUR('',#59);
#2057=FILL_AREA_STYLE_COLOUR('',#2145);
#2058=FILL_AREA_STYLE_COLOUR('',#2145);
#2059=FILL_AREA_STYLE_COLOUR('',#2145);
#2060=FILL_AREA_STYLE_COLOUR('',#2145);
#2061=FILL_AREA_STYLE_COLOUR('',#2145);
#2062=FILL_AREA_STYLE_COLOUR('',#59);
#2063=FILL_AREA_STYLE_COLOUR('',#2145);
#2064=FILL_AREA_STYLE_COLOUR('',#2145);
#2065=FILL_AREA_STYLE_COLOUR('',#2145);
#2066=FILL_AREA_STYLE_COLOUR('',#2145);
#2067=FILL_AREA_STYLE_COLOUR('',#2145);
#2068=FILL_AREA_STYLE_COLOUR('',#59);
#2069=FILL_AREA_STYLE_COLOUR('',#2145);
#2070=FILL_AREA_STYLE_COLOUR('',#2145);
#2071=FILL_AREA_STYLE_COLOUR('',#2145);
#2072=FILL_AREA_STYLE_COLOUR('',#2145);
#2073=FILL_AREA_STYLE_COLOUR('',#2145);
#2074=FILL_AREA_STYLE_COLOUR('',#2145);
#2075=FILL_AREA_STYLE_COLOUR('',#2145);
#2076=FILL_AREA_STYLE_COLOUR('',#2145);
#2077=FILL_AREA_STYLE_COLOUR('',#2145);
#2078=FILL_AREA_STYLE_COLOUR('',#2145);
#2079=FILL_AREA_STYLE_COLOUR('',#2145);
#2080=FILL_AREA_STYLE_COLOUR('',#2145);
#2081=FILL_AREA_STYLE_COLOUR('',#2145);
#2082=FILL_AREA_STYLE_COLOUR('',#2145);
#2083=FILL_AREA_STYLE_COLOUR('',#2145);
#2084=FILL_AREA_STYLE_COLOUR('',#2145);
#2085=FILL_AREA_STYLE_COLOUR('',#2145);
#2086=FILL_AREA_STYLE_COLOUR('',#2145);
#2087=FILL_AREA_STYLE_COLOUR('',#2145);
#2088=FILL_AREA_STYLE_COLOUR('',#2145);
#2089=FILL_AREA_STYLE_COLOUR('',#2145);
#2090=FILL_AREA_STYLE_COLOUR('',#2145);
#2091=FILL_AREA_STYLE_COLOUR('',#2145);
#2092=FILL_AREA_STYLE_COLOUR('',#2145);
#2093=FILL_AREA_STYLE_COLOUR('',#2145);
#2094=FILL_AREA_STYLE_COLOUR('',#2145);
#2095=FILL_AREA_STYLE_COLOUR('',#2145);
#2096=FILL_AREA_STYLE_COLOUR('',#2145);
#2097=FILL_AREA_STYLE_COLOUR('',#2145);
#2098=FILL_AREA_STYLE_COLOUR('',#2145);
#2099=FILL_AREA_STYLE_COLOUR('',#2145);
#2100=FILL_AREA_STYLE_COLOUR('',#2145);
#2101=FILL_AREA_STYLE_COLOUR('',#2145);
#2102=FILL_AREA_STYLE_COLOUR('',#2145);
#2103=FILL_AREA_STYLE_COLOUR('',#2145);
#2104=FILL_AREA_STYLE_COLOUR('',#2145);
#2105=FILL_AREA_STYLE_COLOUR('',#2145);
#2106=FILL_AREA_STYLE_COLOUR('',#2145);
#2107=FILL_AREA_STYLE_COLOUR('',#2145);
#2108=FILL_AREA_STYLE_COLOUR('',#2145);
#2109=FILL_AREA_STYLE_COLOUR('',#2145);
#2110=FILL_AREA_STYLE_COLOUR('',#2145);
#2111=FILL_AREA_STYLE_COLOUR('',#2145);
#2112=FILL_AREA_STYLE_COLOUR('',#2145);
#2113=FILL_AREA_STYLE_COLOUR('',#2145);
#2114=FILL_AREA_STYLE_COLOUR('',#2145);
#2115=FILL_AREA_STYLE_COLOUR('',#2145);
#2116=FILL_AREA_STYLE_COLOUR('',#2145);
#2117=FILL_AREA_STYLE_COLOUR('',#2145);
#2118=FILL_AREA_STYLE_COLOUR('',#2145);
#2119=FILL_AREA_STYLE_COLOUR('',#2145);
#2120=FILL_AREA_STYLE_COLOUR('',#2145);
#2121=FILL_AREA_STYLE_COLOUR('',#59);
#2122=FILL_AREA_STYLE_COLOUR('',#2145);
#2123=FILL_AREA_STYLE_COLOUR('',#2145);
#2124=FILL_AREA_STYLE_COLOUR('',#2145);
#2125=FILL_AREA_STYLE_COLOUR('',#2145);
#2126=FILL_AREA_STYLE_COLOUR('',#2145);
#2127=FILL_AREA_STYLE_COLOUR('',#59);
#2128=FILL_AREA_STYLE_COLOUR('',#2145);
#2129=FILL_AREA_STYLE_COLOUR('',#2145);
#2130=FILL_AREA_STYLE_COLOUR('',#2145);
#2131=FILL_AREA_STYLE_COLOUR('',#2145);
#2132=FILL_AREA_STYLE_COLOUR('',#2145);
#2133=FILL_AREA_STYLE_COLOUR('',#2145);
#2134=FILL_AREA_STYLE_COLOUR('',#2145);
#2135=FILL_AREA_STYLE_COLOUR('',#2145);
#2136=FILL_AREA_STYLE_COLOUR('',#2145);
#2137=FILL_AREA_STYLE_COLOUR('',#2145);
#2138=FILL_AREA_STYLE_COLOUR('',#2145);
#2139=FILL_AREA_STYLE_COLOUR('',#59);
#2140=FILL_AREA_STYLE_COLOUR('',#2145);
#2141=FILL_AREA_STYLE_COLOUR('',#2145);
#2142=FILL_AREA_STYLE_COLOUR('',#2145);
#2143=FILL_AREA_STYLE_COLOUR('',#2145);
#2144=FILL_AREA_STYLE_COLOUR('',#2145);
#2145=COLOUR_RGB('',0.87058824300766,0.633254885673523,0.172549024224281);
#2146=ADVANCED_FACE('',(#1319),#1436,.F.);
#2147=ADVANCED_FACE('',(#1320),#60,.T.);
#2148=ADVANCED_FACE('',(#1321),#1437,.T.);
#2149=ADVANCED_FACE('',(#1322),#1438,.F.);
#2150=ADVANCED_FACE('',(#1323),#1439,.F.);
#2151=ADVANCED_FACE('',(#1324),#1440,.F.);
#2152=ADVANCED_FACE('',(#1325),#1441,.F.);
#2153=ADVANCED_FACE('',(#1326),#61,.T.);
#2154=ADVANCED_FACE('',(#1327),#1442,.T.);
#2155=ADVANCED_FACE('',(#1328),#1443,.F.);
#2156=ADVANCED_FACE('',(#1329),#1444,.F.);
#2157=ADVANCED_FACE('',(#1330),#1445,.F.);
#2158=ADVANCED_FACE('',(#1331),#1446,.F.);
#2159=ADVANCED_FACE('',(#1332),#62,.T.);
#2160=ADVANCED_FACE('',(#1333),#1447,.T.);
#2161=ADVANCED_FACE('',(#1334),#1448,.F.);
#2162=ADVANCED_FACE('',(#1335),#1449,.F.);
#2163=ADVANCED_FACE('',(#1336),#1450,.F.);
#2164=ADVANCED_FACE('',(#1337),#1451,.F.);
#2165=ADVANCED_FACE('',(#1338),#1452,.T.);
#2166=ADVANCED_FACE('',(#1339),#1453,.F.);
#2167=ADVANCED_FACE('',(#1340,#1341),#1454,.F.);
#2168=ADVANCED_FACE('',(#1342),#1455,.F.);
#2169=ADVANCED_FACE('',(#1343,#1344),#27,.T.);
#2170=ADVANCED_FACE('',(#1345,#1346),#28,.T.);
#2171=ADVANCED_FACE('',(#1347),#1456,.F.);
#2172=ADVANCED_FACE('',(#1348,#1349),#1457,.F.);
#2173=ADVANCED_FACE('',(#1350,#1351),#63,.T.);
#2174=ADVANCED_FACE('',(#1352),#1458,.F.);
#2175=ADVANCED_FACE('',(#1353),#1459,.F.);
#2176=ADVANCED_FACE('',(#1354),#1460,.F.);
#2177=ADVANCED_FACE('',(#1355),#1461,.F.);
#2178=ADVANCED_FACE('',(#1356,#1357),#1462,.T.);
#2179=ADVANCED_FACE('',(#1358,#1359),#1463,.F.);
#2180=ADVANCED_FACE('',(#1360),#1464,.T.);
#2181=ADVANCED_FACE('',(#1361),#1465,.F.);
#2182=ADVANCED_FACE('',(#1362),#1466,.F.);
#2183=ADVANCED_FACE('',(#1363),#1467,.T.);
#2184=ADVANCED_FACE('',(#1364),#1468,.F.);
#2185=ADVANCED_FACE('',(#1365),#1469,.F.);
#2186=ADVANCED_FACE('',(#1366),#1470,.T.);
#2187=ADVANCED_FACE('',(#1367),#1471,.F.);
#2188=ADVANCED_FACE('',(#1368),#1472,.F.);
#2189=ADVANCED_FACE('',(#1369),#1473,.T.);
#2190=ADVANCED_FACE('',(#1370),#1474,.F.);
#2191=ADVANCED_FACE('',(#1371),#1475,.F.);
#2192=ADVANCED_FACE('',(#1372),#1476,.T.);
#2193=ADVANCED_FACE('',(#1373),#1477,.F.);
#2194=ADVANCED_FACE('',(#1374),#1478,.F.);
#2195=ADVANCED_FACE('',(#1375),#1479,.T.);
#2196=ADVANCED_FACE('',(#1376),#1480,.F.);
#2197=ADVANCED_FACE('',(#1377),#1481,.F.);
#2198=ADVANCED_FACE('',(#1378),#1482,.T.);
#2199=ADVANCED_FACE('',(#1379),#1483,.F.);
#2200=ADVANCED_FACE('',(#1380),#1484,.F.);
#2201=ADVANCED_FACE('',(#1381),#1485,.T.);
#2202=ADVANCED_FACE('',(#1382),#1486,.F.);
#2203=ADVANCED_FACE('',(#1383),#1487,.F.);
#2204=ADVANCED_FACE('',(#1384,#1385),#1488,.F.);
#2205=ADVANCED_FACE('',(#1386,#1387),#64,.T.);
#2206=ADVANCED_FACE('',(#1388,#1389),#1489,.F.);
#2207=ADVANCED_FACE('',(#1390),#65,.T.);
#2208=ADVANCED_FACE('',(#1391,#1392),#1490,.F.);
#2209=ADVANCED_FACE('',(#1393,#1394),#66,.T.);
#2210=ADVANCED_FACE('',(#1395,#1396),#29,.T.);
#2211=ADVANCED_FACE('',(#1397,#1398),#67,.F.);
#2212=ADVANCED_FACE('',(#1399,#1400),#1491,.F.);
#2213=ADVANCED_FACE('',(#1401,#1402),#68,.F.);
#2214=ADVANCED_FACE('',(#1403,#1404),#1492,.F.);
#2215=ADVANCED_FACE('',(#1405),#69,.T.);
#2216=ADVANCED_FACE('',(#1406,#1407),#70,.F.);
#2217=ADVANCED_FACE('',(#1408),#1493,.F.);
#2218=ADVANCED_FACE('',(#1409),#1494,.F.);
#2219=ADVANCED_FACE('',(#1410),#1495,.T.);
#2220=ADVANCED_FACE('',(#1411),#1496,.F.);
#2221=ADVANCED_FACE('',(#1412),#30,.F.);
#2222=ADVANCED_FACE('',(#1413),#31,.F.);
#2223=ADVANCED_FACE('',(#1414),#32,.F.);
#2224=ADVANCED_FACE('',(#1415),#33,.F.);
#2225=ADVANCED_FACE('',(#1416,#1417),#34,.T.);
#2226=ADVANCED_FACE('',(#1418,#1419),#35,.T.);
#2227=ADVANCED_FACE('',(#1420),#1497,.F.);
#2228=ADVANCED_FACE('',(#1421),#21,.F.);
#2229=ADVANCED_FACE('',(#1422),#71,.T.);
#2230=ADVANCED_FACE('',(#1423),#22,.F.);
#2231=ADVANCED_FACE('',(#1424),#1498,.T.);
#2232=ADVANCED_FACE('',(#1425,#1426),#1499,.F.);
#2233=ADVANCED_FACE('',(#1427),#1500,.F.);
#2234=ADVANCED_FACE('',(#1428,#1429),#72,.T.);
#2235=ADVANCED_FACE('',(#1430,#1431),#36,.F.);
#2236=ADVANCED_FACE('',(#1432,#1433),#37,.T.);
#2237=ADVANCED_FACE('',(#1434,#1435),#38,.F.);
#2238=CLOSED_SHELL('',(#2146,#2147,#2148,#2149,#2150,#2151,#2152,#2153,
#2154,#2155,#2156,#2157,#2158,#2159,#2160,#2161,#2162,#2163,#2164,#2165,
#2166,#2167,#2168,#2169,#2170,#2171,#2172,#2173,#2174,#2175,#2176,#2177,
#2178,#2179,#2180,#2181,#2182,#2183,#2184,#2185,#2186,#2187,#2188,#2189,
#2190,#2191,#2192,#2193,#2194,#2195,#2196,#2197,#2198,#2199,#2200,#2201,
#2202,#2203,#2204,#2205,#2206,#2207,#2208,#2209,#2210,#2211,#2212,#2213,
#2214,#2215,#2216,#2217,#2218,#2219,#2220,#2221,#2222,#2223,#2224,#2225,
#2226,#2227,#2228,#2229,#2230,#2231,#2232,#2233,#2234,#2235,#2236,#2237));
#2239=MANIFOLD_SOLID_BREP('',#2238);
#2240=SHAPE_DEFINITION_REPRESENTATION(#4511,#2241);
#2241=SHAPE_REPRESENTATION('72971',(#2242),#4506);
#2242=AXIS2_PLACEMENT_3D('',#2800,#2380,#2381);
#2243=AXIS2_PLACEMENT_3D('',#2801,#2382,#2383);
#2244=AXIS2_PLACEMENT_3D('',#2805,#2385,#2386);
#2245=AXIS2_PLACEMENT_3D('',#2809,#2388,#2389);
#2246=AXIS2_PLACEMENT_3D('',#2810,#2390,#2391);
#2247=AXIS2_PLACEMENT_3D('',#2811,#2392,#2393);
#2248=AXIS2_PLACEMENT_3D('',#2816,#2396,#2397);
#2249=AXIS2_PLACEMENT_3D('',#2824,#2401,#2402);
#2250=AXIS2_PLACEMENT_3D('',#2825,#2403,#2404);
#2251=AXIS2_PLACEMENT_3D('',#2831,#2408,#2409);
#2252=AXIS2_PLACEMENT_3D('',#2844,#2414,#2415);
#2253=AXIS2_PLACEMENT_3D('',#2852,#2418,#2419);
#2254=AXIS2_PLACEMENT_3D('',#2856,#2421,#2422);
#2255=AXIS2_PLACEMENT_3D('',#2860,#2424,#2425);
#2256=AXIS2_PLACEMENT_3D('',#2861,#2426,#2427);
#2257=AXIS2_PLACEMENT_3D('',#2862,#2428,#2429);
#2258=AXIS2_PLACEMENT_3D('',#2867,#2432,#2433);
#2259=AXIS2_PLACEMENT_3D('',#2875,#2437,#2438);
#2260=AXIS2_PLACEMENT_3D('',#2876,#2439,#2440);
#2261=AXIS2_PLACEMENT_3D('',#2882,#2444,#2445);
#2262=AXIS2_PLACEMENT_3D('',#2890,#2448,#2449);
#2263=AXIS2_PLACEMENT_3D('',#2898,#2452,#2453);
#2264=AXIS2_PLACEMENT_3D('',#2902,#2455,#2456);
#2265=AXIS2_PLACEMENT_3D('',#2906,#2458,#2459);
#2266=AXIS2_PLACEMENT_3D('',#2907,#2460,#2461);
#2267=AXIS2_PLACEMENT_3D('',#2908,#2462,#2463);
#2268=AXIS2_PLACEMENT_3D('',#2913,#2466,#2467);
#2269=AXIS2_PLACEMENT_3D('',#2921,#2471,#2472);
#2270=AXIS2_PLACEMENT_3D('',#2922,#2473,#2474);
#2271=AXIS2_PLACEMENT_3D('',#2928,#2478,#2479);
#2272=AXIS2_PLACEMENT_3D('',#2936,#2482,#2483);
#2273=AXIS2_PLACEMENT_3D('',#2944,#2486,#2487);
#2274=AXIS2_PLACEMENT_3D('',#2948,#2489,#2490);
#2275=AXIS2_PLACEMENT_3D('',#2949,#2491,#2492);
#2276=AXIS2_PLACEMENT_3D('',#2950,#2493,#2494);
#2277=AXIS2_PLACEMENT_3D('',#2967,#2497,#2498);
#2278=AXIS2_PLACEMENT_3D('',#2984,#2501,#2502);
#2279=AXIS2_PLACEMENT_3D('',#2985,#2503,#2504);
#2280=AXIS2_PLACEMENT_3D('',#2997,#2505,#2506);
#2281=AXIS2_PLACEMENT_3D('',#3008,#2507,#2508);
#2282=AXIS2_PLACEMENT_3D('',#3009,#2509,#2510);
#2283=AXIS2_PLACEMENT_3D('',#3011,#2511,#2512);
#2284=AXIS2_PLACEMENT_3D('',#3012,#2513,#2514);
#2285=AXIS2_PLACEMENT_3D('',#3014,#2515,#2516);
#2286=AXIS2_PLACEMENT_3D('',#3015,#2517,#2518);
#2287=AXIS2_PLACEMENT_3D('',#3016,#2519,#2520);
#2288=AXIS2_PLACEMENT_3D('',#3018,#2521,#2522);
#2289=AXIS2_PLACEMENT_3D('',#3019,#2523,#2524);
#2290=AXIS2_PLACEMENT_3D('',#3021,#2525,#2526);
#2291=AXIS2_PLACEMENT_3D('',#3038,#2535,#2536);
#2292=AXIS2_PLACEMENT_3D('',#3052,#2544,#2545);
#2293=AXIS2_PLACEMENT_3D('',#3066,#2553,#2554);
#2294=AXIS2_PLACEMENT_3D('',#3077,#2561,#2562);
#2295=AXIS2_PLACEMENT_3D('',#3078,#2563,#2564);
#2296=AXIS2_PLACEMENT_3D('',#3092,#2573,#2574);
#2297=AXIS2_PLACEMENT_3D('',#3093,#2575,#2576);
#2298=AXIS2_PLACEMENT_3D('',#3101,#2581,#2582);
#2299=AXIS2_PLACEMENT_3D('',#3107,#2586,#2587);
#2300=AXIS2_PLACEMENT_3D('',#3111,#2590,#2591);
#2301=AXIS2_PLACEMENT_3D('',#3119,#2596,#2597);
#2302=AXIS2_PLACEMENT_3D('',#3125,#2601,#2602);
#2303=AXIS2_PLACEMENT_3D('',#3129,#2605,#2606);
#2304=AXIS2_PLACEMENT_3D('',#3137,#2611,#2612);
#2305=AXIS2_PLACEMENT_3D('',#3143,#2616,#2617);
#2306=AXIS2_PLACEMENT_3D('',#3147,#2620,#2621);
#2307=AXIS2_PLACEMENT_3D('',#3155,#2626,#2627);
#2308=AXIS2_PLACEMENT_3D('',#3161,#2631,#2632);
#2309=AXIS2_PLACEMENT_3D('',#3165,#2635,#2636);
#2310=AXIS2_PLACEMENT_3D('',#3169,#2639,#2640);
#2311=AXIS2_PLACEMENT_3D('',#3171,#2642,#2643);
#2312=AXIS2_PLACEMENT_3D('',#3172,#2644,#2645);
#2313=AXIS2_PLACEMENT_3D('',#3176,#2648,#2649);
#2314=AXIS2_PLACEMENT_3D('',#3178,#2651,#2652);
#2315=AXIS2_PLACEMENT_3D('',#3179,#2653,#2654);
#2316=AXIS2_PLACEMENT_3D('',#3183,#2657,#2658);
#2317=AXIS2_PLACEMENT_3D('',#3185,#2660,#2661);
#2318=AXIS2_PLACEMENT_3D('',#3186,#2662,#2663);
#2319=AXIS2_PLACEMENT_3D('',#3190,#2666,#2667);
#2320=AXIS2_PLACEMENT_3D('',#3192,#2669,#2670);
#2321=AXIS2_PLACEMENT_3D('',#3193,#2671,#2672);
#2322=AXIS2_PLACEMENT_3D('',#3194,#2673,#2674);
#2323=AXIS2_PLACEMENT_3D('',#3196,#2675,#2676);
#2324=AXIS2_PLACEMENT_3D('',#3198,#2677,#2678);
#2325=AXIS2_PLACEMENT_3D('',#3199,#2679,#2680);
#2326=AXIS2_PLACEMENT_3D('',#3201,#2681,#2682);
#2327=AXIS2_PLACEMENT_3D('',#3202,#2683,#2684);
#2328=AXIS2_PLACEMENT_3D('',#3204,#2685,#2686);
#2329=AXIS2_PLACEMENT_3D('',#3205,#2687,#2688);
#2330=AXIS2_PLACEMENT_3D('',#3402,#2689,#2690);
#2331=AXIS2_PLACEMENT_3D('',#3597,#2691,#2692);
#2332=AXIS2_PLACEMENT_3D('',#3598,#2693,#2694);
#2333=AXIS2_PLACEMENT_3D('',#3600,#2695,#2696);
#2334=AXIS2_PLACEMENT_3D('',#3602,#2697,#2698);
#2335=AXIS2_PLACEMENT_3D('',#3603,#2699,#2700);
#2336=AXIS2_PLACEMENT_3D('',#3605,#2701,#2702);
#2337=AXIS2_PLACEMENT_3D('',#3606,#2703,#2704);
#2338=AXIS2_PLACEMENT_3D('',#3607,#2705,#2706);
#2339=AXIS2_PLACEMENT_3D('',#3609,#2707,#2708);
#2340=AXIS2_PLACEMENT_3D('',#3610,#2709,#2710);
#2341=AXIS2_PLACEMENT_3D('',#3612,#2711,#2712);
#2342=AXIS2_PLACEMENT_3D('',#3613,#2713,#2714);
#2343=AXIS2_PLACEMENT_3D('',#3615,#2715,#2716);
#2344=AXIS2_PLACEMENT_3D('',#3616,#2717,#2718);
#2345=AXIS2_PLACEMENT_3D('',#3623,#2722,#2723);
#2346=AXIS2_PLACEMENT_3D('',#3625,#2725,#2726);
#2347=AXIS2_PLACEMENT_3D('',#3626,#2727,#2728);
#2348=AXIS2_PLACEMENT_3D('',#3628,#2729,#2730);
#2349=AXIS2_PLACEMENT_3D('',#3632,#2732,#2733);
#2350=AXIS2_PLACEMENT_3D('',#3636,#2735,#2736);
#2351=AXIS2_PLACEMENT_3D('',#3637,#2737,#2738);
#2352=AXIS2_PLACEMENT_3D('',#3638,#2739,#2740);
#2353=AXIS2_PLACEMENT_3D('',#3639,#2741,#2742);
#2354=AXIS2_PLACEMENT_3D('',#3647,#2745,#2746);
#2355=AXIS2_PLACEMENT_3D('',#3655,#2749,#2750);
#2356=AXIS2_PLACEMENT_3D('',#3657,#2752,#2753);
#2357=AXIS2_PLACEMENT_3D('',#3658,#2754,#2755);
#2358=AXIS2_PLACEMENT_3D('',#3659,#2756,#2757);
#2359=AXIS2_PLACEMENT_3D('',#3660,#2758,#2759);
#2360=AXIS2_PLACEMENT_3D('',#3661,#2760,#2761);
#2361=AXIS2_PLACEMENT_3D('',#3662,#2762,#2763);
#2362=AXIS2_PLACEMENT_3D('',#3663,#2764,#2765);
#2363=AXIS2_PLACEMENT_3D('',#3664,#2766,#2767);
#2364=AXIS2_PLACEMENT_3D('',#3665,#2768,#2769);
#2365=AXIS2_PLACEMENT_3D('',#3666,#2770,#2771);
#2366=AXIS2_PLACEMENT_3D('',#3680,#2772,#2773);
#2367=AXIS2_PLACEMENT_3D('',#4086,#2774,#2775);
#2368=AXIS2_PLACEMENT_3D('',#4281,#2776,#2777);
#2369=AXIS2_PLACEMENT_3D('',#4489,#2778,#2779);
#2370=AXIS2_PLACEMENT_3D('',#4490,#2780,#2781);
#2371=AXIS2_PLACEMENT_3D('',#4491,#2782,#2783);
#2372=AXIS2_PLACEMENT_3D('',#4493,#2784,#2785);
#2373=AXIS2_PLACEMENT_3D('',#4495,#2786,#2787);
#2374=AXIS2_PLACEMENT_3D('',#4496,#2788,#2789);
#2375=AXIS2_PLACEMENT_3D('',#4498,#2790,#2791);
#2376=AXIS2_PLACEMENT_3D('',#4499,#2792,#2793);
#2377=AXIS2_PLACEMENT_3D('',#4501,#2794,#2795);
#2378=AXIS2_PLACEMENT_3D('',#4502,#2796,#2797);
#2379=AXIS2_PLACEMENT_3D('',#4503,#2798,#2799);
#2380=DIRECTION('',(0.,0.,1.));
#2381=DIRECTION('',(1.,0.,0.));
#2382=DIRECTION('',(0.,0.,-1.));
#2383=DIRECTION('',(-1.,0.,0.));
#2384=DIRECTION('',(1.,-1.83697019872103E-16,0.));
#2385=DIRECTION('',(0.,0.,-1.));
#2386=DIRECTION('',(-1.,0.,0.));
#2387=DIRECTION('',(1.22464679914735E-16,1.,0.));
#2388=DIRECTION('',(0.,0.,-1.));
#2389=DIRECTION('',(1.,0.,0.));
#2390=DIRECTION('',(0.,0.,-1.));
#2391=DIRECTION('',(-1.,0.,0.));
#2392=DIRECTION('',(0.,0.,-1.));
#2393=DIRECTION('',(1.,0.,0.));
#2394=DIRECTION('',(0.,0.,-1.));
#2395=DIRECTION('',(0.,0.,-1.));
#2396=DIRECTION('',(0.,0.,1.));
#2397=DIRECTION('',(-1.83697019872103E-16,-1.,0.));
#2398=DIRECTION('',(1.,-1.83697019872103E-16,0.));
#2399=DIRECTION('',(1.83697019872103E-16,1.,0.));
#2400=DIRECTION('',(-1.,1.83697019872103E-16,0.));
#2401=DIRECTION('',(0.,0.,1.));
#2402=DIRECTION('',(-1.83697019872103E-16,-1.,0.));
#2403=DIRECTION('',(1.,-1.83697019872103E-16,0.));
#2404=DIRECTION('',(0.,0.,1.));
#2405=DIRECTION('',(1.83697019872103E-16,1.,0.));
#2406=DIRECTION('',(0.,0.,1.));
#2407=DIRECTION('',(0.,0.,1.));
#2408=DIRECTION('',(1.83697019872103E-16,1.,0.));
#2409=DIRECTION('',(0.,0.,1.));
#2410=DIRECTION('',(-1.,1.83697019872103E-16,0.));
#2411=DIRECTION('',(0.,0.,1.));
#2412=DIRECTION('',(-1.,1.83697019872103E-16,0.));
#2413=DIRECTION('',(0.,0.,-1.));
#2414=DIRECTION('',(-1.83697019872103E-16,-1.,0.));
#2415=DIRECTION('',(0.,0.,-1.));
#2416=DIRECTION('',(0.,0.,1.));
#2417=DIRECTION('',(1.,-1.83697019872103E-16,0.));
#2418=DIRECTION('',(0.,0.,-1.));
#2419=DIRECTION('',(-1.,0.,0.));
#2420=DIRECTION('',(-1.22464679914735E-16,-1.,0.));
#2421=DIRECTION('',(0.,0.,-1.));
#2422=DIRECTION('',(-1.,0.,0.));
#2423=DIRECTION('',(1.,-6.12323399573677E-17,0.));
#2424=DIRECTION('',(0.,0.,-1.));
#2425=DIRECTION('',(1.,0.,0.));
#2426=DIRECTION('',(0.,0.,-1.));
#2427=DIRECTION('',(-1.,0.,0.));
#2428=DIRECTION('',(0.,0.,-1.));
#2429=DIRECTION('',(1.,0.,0.));
#2430=DIRECTION('',(0.,0.,-1.));
#2431=DIRECTION('',(0.,0.,-1.));
#2432=DIRECTION('',(0.,0.,1.));
#2433=DIRECTION('',(-1.,1.22464679914735E-16,0.));
#2434=DIRECTION('',(-1.22464679914735E-16,-1.,0.));
#2435=DIRECTION('',(1.,-1.22464679914735E-16,0.));
#2436=DIRECTION('',(1.22464679914735E-16,1.,0.));
#2437=DIRECTION('',(0.,0.,1.));
#2438=DIRECTION('',(-1.,1.22464679914735E-16,0.));
#2439=DIRECTION('',(-1.22464679914735E-16,-1.,0.));
#2440=DIRECTION('',(0.,0.,1.));
#2441=DIRECTION('',(1.,-1.22464679914735E-16,0.));
#2442=DIRECTION('',(0.,0.,1.));
#2443=DIRECTION('',(0.,0.,1.));
#2444=DIRECTION('',(1.,-1.22464679914735E-16,0.));
#2445=DIRECTION('',(0.,0.,1.));
#2446=DIRECTION('',(0.,0.,1.));
#2447=DIRECTION('',(1.22464679914735E-16,1.,0.));
#2448=DIRECTION('',(-1.,1.22464679914735E-16,0.));
#2449=DIRECTION('',(0.,0.,-1.));
#2450=DIRECTION('',(0.,0.,1.));
#2451=DIRECTION('',(-1.22464679914735E-16,-1.,0.));
#2452=DIRECTION('',(0.,0.,-1.));
#2453=DIRECTION('',(-1.,0.,0.));
#2454=DIRECTION('',(-1.,6.12323399573677E-17,0.));
#2455=DIRECTION('',(0.,0.,-1.));
#2456=DIRECTION('',(-1.,0.,0.));
#2457=DIRECTION('',(0.,-1.,0.));
#2458=DIRECTION('',(0.,0.,-1.));
#2459=DIRECTION('',(1.,0.,0.));
#2460=DIRECTION('',(0.,0.,-1.));
#2461=DIRECTION('',(-1.,0.,0.));
#2462=DIRECTION('',(0.,0.,-1.));
#2463=DIRECTION('',(1.,0.,0.));
#2464=DIRECTION('',(0.,0.,-1.));
#2465=DIRECTION('',(0.,0.,-1.));
#2466=DIRECTION('',(0.,0.,1.));
#2467=DIRECTION('',(6.12323399573677E-17,1.,0.));
#2468=DIRECTION('',(-1.,6.12323399573677E-17,0.));
#2469=DIRECTION('',(-6.12323399573677E-17,-1.,0.));
#2470=DIRECTION('',(1.,-6.12323399573677E-17,0.));
#2471=DIRECTION('',(0.,0.,1.));
#2472=DIRECTION('',(6.12323399573677E-17,1.,0.));
#2473=DIRECTION('',(-1.,6.12323399573677E-17,0.));
#2474=DIRECTION('',(0.,0.,1.));
#2475=DIRECTION('',(-6.12323399573677E-17,-1.,0.));
#2476=DIRECTION('',(0.,0.,1.));
#2477=DIRECTION('',(0.,0.,1.));
#2478=DIRECTION('',(-6.12323399573677E-17,-1.,0.));
#2479=DIRECTION('',(0.,0.,1.));
#2480=DIRECTION('',(0.,0.,1.));
#2481=DIRECTION('',(1.,-6.12323399573677E-17,0.));
#2482=DIRECTION('',(6.12323399573677E-17,1.,0.));
#2483=DIRECTION('',(0.,0.,-1.));
#2484=DIRECTION('',(0.,0.,1.));
#2485=DIRECTION('',(-1.,6.12323399573677E-17,0.));
#2486=DIRECTION('',(0.,0.,-1.));
#2487=DIRECTION('',(-1.,0.,0.));
#2488=DIRECTION('',(0.,1.,0.));
#2489=DIRECTION('',(0.,0.,-1.));
#2490=DIRECTION('',(-1.,0.,0.));
#2491=DIRECTION('',(0.,0.,-1.));
#2492=DIRECTION('',(1.,0.,0.));
#2493=DIRECTION('',(1.,0.,0.));
#2494=DIRECTION('',(0.,0.,-1.));
#2495=DIRECTION('',(0.,1.,0.));
#2496=DIRECTION('',(0.,-1.,0.));
#2497=DIRECTION('',(1.,0.,0.));
#2498=DIRECTION('',(0.,0.,-1.));
#2499=DIRECTION('',(0.,1.,0.));
#2500=DIRECTION('',(0.,-1.,0.));
#2501=DIRECTION('',(0.,0.,-1.));
#2502=DIRECTION('',(-1.,0.,0.));
#2503=DIRECTION('',(0.,0.,-1.));
#2504=DIRECTION('',(-1.,0.,0.));
#2505=DIRECTION('',(0.,0.,1.));
#2506=DIRECTION('',(1.,0.,0.));
#2507=DIRECTION('',(0.,-1.,0.));
#2508=DIRECTION('',(1.,0.,0.));
#2509=DIRECTION('',(0.,-1.,0.));
#2510=DIRECTION('',(0.,0.,-1.));
#2511=DIRECTION('',(0.,1.,0.));
#2512=DIRECTION('',(1.,0.,0.));
#2513=DIRECTION('',(0.,1.,0.));
#2514=DIRECTION('',(0.,0.,1.));
#2515=DIRECTION('',(0.,1.,0.));
#2516=DIRECTION('',(0.,0.,1.));
#2517=DIRECTION('',(0.,-1.,0.));
#2518=DIRECTION('',(0.,0.,-1.));
#2519=DIRECTION('',(0.,-1.,0.));
#2520=DIRECTION('',(0.,0.,-1.));
#2521=DIRECTION('',(-6.12303176911189E-17,-1.,9.89334482393023E-16));
#2522=DIRECTION('',(0.,-9.89334482393023E-16,-1.));
#2523=DIRECTION('',(-6.12303176911189E-17,-1.,9.89334482393023E-16));
#2524=DIRECTION('',(0.,-9.89334482393023E-16,-1.));
#2525=DIRECTION('',(0.,9.89334482393023E-16,1.));
#2526=DIRECTION('',(0.,-1.,9.89334482393023E-16));
#2527=DIRECTION('',(-1.,6.12303176911189E-17,-6.05772646597034E-32));
#2528=DIRECTION('',(-6.12303176911189E-17,-1.,9.89334482393023E-16));
#2529=DIRECTION('',(-1.,-2.95900302103541E-31,-2.9909025447876E-16));
#2530=DIRECTION('',(0.,-1.,9.89334482393023E-16));
#2531=DIRECTION('',(-1.,6.12303176911189E-17,-6.05772646597034E-32));
#2532=DIRECTION('',(0.,-1.,9.89334482393023E-16));
#2533=DIRECTION('',(-1.,2.95900302103541E-31,2.9909025447876E-16));
#2534=DIRECTION('',(-6.12303176911189E-17,-1.,9.89334482393023E-16));
#2535=DIRECTION('',(1.,-6.12303176911189E-17,6.05772646597034E-32));
#2536=DIRECTION('',(6.12303176911189E-17,1.,0.));
#2537=DIRECTION('',(0.,9.89334482393023E-16,1.));
#2538=DIRECTION('',(-6.12303176911189E-17,-1.,9.89334482393023E-16));
#2539=DIRECTION('',(0.,9.89334482393023E-16,1.));
#2540=DIRECTION('',(0.,-1.,9.89334482393023E-16));
#2541=DIRECTION('',(0.,9.89334482393023E-16,1.));
#2542=DIRECTION('',(0.,-1.,9.89334482393023E-16));
#2543=DIRECTION('',(0.,9.89334482393023E-16,1.));
#2544=DIRECTION('',(0.,-9.89334482393023E-16,-1.));
#2545=DIRECTION('',(0.,1.,-9.89334482393023E-16));
#2546=DIRECTION('',(1.,-6.12303176911189E-17,6.05772646597034E-32));
#2547=DIRECTION('',(-6.12303176911189E-17,-1.,9.89334482393023E-16));
#2548=DIRECTION('',(1.,2.95900302103541E-31,2.9909025447876E-16));
#2549=DIRECTION('',(0.,-1.,9.89334482393023E-16));
#2550=DIRECTION('',(1.,-6.12303176911189E-17,6.05772646597034E-32));
#2551=DIRECTION('',(0.,-1.,9.89334482393023E-16));
#2552=DIRECTION('',(1.,-2.95900302103541E-31,-2.9909025447876E-16));
#2553=DIRECTION('',(-1.,6.12303176911189E-17,-6.05772646597034E-32));
#2554=DIRECTION('',(-6.12303176911189E-17,-1.,0.));
#2555=DIRECTION('',(0.,-9.89334482393023E-16,-1.));
#2556=DIRECTION('',(0.,-9.89334482393023E-16,-1.));
#2557=DIRECTION('',(0.,-1.,9.89334482393023E-16));
#2558=DIRECTION('',(0.,-9.89334482393023E-16,-1.));
#2559=DIRECTION('',(0.,-1.,9.89334482393023E-16));
#2560=DIRECTION('',(0.,-9.89334482393023E-16,-1.));
#2561=DIRECTION('',(6.12303176911189E-17,1.,-9.89334482393023E-16));
#2562=DIRECTION('',(0.,9.89334482393023E-16,1.));
#2563=DIRECTION('',(0.,-1.,9.89334482393023E-16));
#2564=DIRECTION('',(-1.,0.,0.));
#2565=DIRECTION('',(0.,9.89334482393023E-16,1.));
#2566=DIRECTION('',(-1.,2.95900302103541E-31,2.9909025447876E-16));
#2567=DIRECTION('',(1.,2.95900302103541E-31,2.9909025447876E-16));
#2568=DIRECTION('',(0.,9.89334482393023E-16,1.));
#2569=DIRECTION('',(0.,-9.89334482393023E-16,-1.));
#2570=DIRECTION('',(1.,-2.95900302103541E-31,-2.9909025447876E-16));
#2571=DIRECTION('',(-1.,-2.95900302103541E-31,-2.9909025447876E-16));
#2572=DIRECTION('',(0.,-9.89334482393023E-16,-1.));
#2573=DIRECTION('',(6.12303176911189E-17,1.,-9.89334482393023E-16));
#2574=DIRECTION('',(0.,9.89334482393023E-16,1.));
#2575=DIRECTION('',(0.,1.,-9.89334482393023E-16));
#2576=DIRECTION('',(0.,9.89334482393023E-16,1.));
#2577=DIRECTION('',(-1.,0.,-2.9909025447876E-16));
#2578=DIRECTION('',(1.16645199246716E-15,-9.89334482393023E-16,-1.));
#2579=DIRECTION('',(1.,2.95900302103541E-31,2.9909025447876E-16));
#2580=DIRECTION('',(0.,9.89334482393023E-16,1.));
#2581=DIRECTION('',(1.,0.,0.));
#2582=DIRECTION('',(0.,0.,-1.));
#2583=DIRECTION('',(0.,-1.,9.89334482393023E-16));
#2584=DIRECTION('',(-2.03381373045557E-15,9.89334482393023E-16,1.));
#2585=DIRECTION('',(-2.95900302103541E-31,-1.,9.89334482393023E-16));
#2586=DIRECTION('',(2.9909025447876E-16,-9.89334482393023E-16,-1.));
#2587=DIRECTION('',(0.,1.,-9.89334482393023E-16));
#2588=DIRECTION('',(-2.95900302103541E-31,-1.,9.89334482393023E-16));
#2589=DIRECTION('',(1.,0.,2.9909025447876E-16));
#2590=DIRECTION('',(0.,1.,-9.89334482393023E-16));
#2591=DIRECTION('',(0.,9.89334482393023E-16,1.));
#2592=DIRECTION('',(1.3272130042495E-15,9.89334482393023E-16,1.));
#2593=DIRECTION('',(-1.,1.71622175220054E-30,1.43563322149805E-15));
#2594=DIRECTION('',(0.,-9.89334482393023E-16,-1.));
#2595=DIRECTION('',(1.,-2.95900302103541E-31,-2.9909025447876E-16));
#2596=DIRECTION('',(-1.,0.,0.));
#2597=DIRECTION('',(0.,0.,1.));
#2598=DIRECTION('',(-2.95900302103541E-31,-1.,9.89334482393023E-16));
#2599=DIRECTION('',(-7.85111918006742E-16,-9.89334482393023E-16,-1.));
#2600=DIRECTION('',(0.,-1.,9.89334482393023E-16));
#2601=DIRECTION('',(-2.9909025447876E-16,-9.89334482393023E-16,-1.));
#2602=DIRECTION('',(0.,1.,-9.89334482393023E-16));
#2603=DIRECTION('',(1.,-1.71622175220053E-30,-1.43563322149804E-15));
#2604=DIRECTION('',(-2.95900302103541E-31,-1.,9.89334482393023E-16));
#2605=DIRECTION('',(0.,1.,-9.89334482393023E-16));
#2606=DIRECTION('',(0.,9.89334482393023E-16,1.));
#2607=DIRECTION('',(1.,-3.21791578537601E-31,-2.61703972668915E-17));
#2608=DIRECTION('',(2.61703972668915E-17,9.89334482393023E-16,1.));
#2609=DIRECTION('',(-1.,-2.95900302103541E-31,-2.9909025447876E-16));
#2610=DIRECTION('',(0.,-9.89334482393023E-16,-1.));
#2611=DIRECTION('',(-1.,0.,0.));
#2612=DIRECTION('',(0.,0.,1.));
#2613=DIRECTION('',(0.,-1.,9.89334482393023E-16));
#2614=DIRECTION('',(8.2249819981659E-17,-9.89334482393023E-16,-1.));
#2615=DIRECTION('',(-2.95900302103541E-31,-1.,9.89334482393023E-16));
#2616=DIRECTION('',(-2.9909025447876E-16,9.89334482393023E-16,1.));
#2617=DIRECTION('',(0.,-1.,9.89334482393023E-16));
#2618=DIRECTION('',(-2.95900302103541E-31,-1.,9.89334482393023E-16));
#2619=DIRECTION('',(-1.,1.07263859512534E-30,7.85111918006746E-16));
#2620=DIRECTION('',(0.,1.,-9.89334482393023E-16));
#2621=DIRECTION('',(0.,9.89334482393023E-16,1.));
#2622=DIRECTION('',(-5.68271483509644E-16,-9.89334482393023E-16,-1.));
#2623=DIRECTION('',(1.,-1.17990245463787E-30,-8.93532135255295E-16));
#2624=DIRECTION('',(0.,9.89334482393023E-16,1.));
#2625=DIRECTION('',(-1.,2.95900302103541E-31,2.9909025447876E-16));
#2626=DIRECTION('',(2.9909025447876E-16,9.89334482393023E-16,1.));
#2627=DIRECTION('',(0.,-1.,9.89334482393023E-16));
#2628=DIRECTION('',(0.,-1.,9.89334482393023E-16));
#2629=DIRECTION('',(-1.,1.07263859512533E-30,7.8511191800674E-16));
#2630=DIRECTION('',(-2.95900302103541E-31,-1.,9.89334482393023E-16));
#2631=DIRECTION('',(1.,0.,0.));
#2632=DIRECTION('',(0.,0.,-1.));
#2633=DIRECTION('',(-2.95900302103541E-31,-1.,9.89334482393023E-16));
#2634=DIRECTION('',(-2.9909025447876E-16,9.89334482393023E-16,1.));
#2635=DIRECTION('',(2.95900302103541E-31,1.,-9.89334482393023E-16));
#2636=DIRECTION('',(0.,9.89334482393023E-16,1.));
#2637=DIRECTION('',(-5.68271483509644E-16,-9.89334482393023E-16,-1.));
#2638=DIRECTION('',(1.,-1.17990245463787E-30,-8.93532135255295E-16));
#2639=DIRECTION('',(-8.93532135255295E-16,-9.89334482393023E-16,-1.));
#2640=DIRECTION('',(0.,1.,-9.89334482393023E-16));
#2641=DIRECTION('',(-2.95900302103541E-31,-1.,9.89334482393023E-16));
#2642=DIRECTION('',(-1.,8.5811087610027E-31,5.68271483509644E-16));
#2643=DIRECTION('',(5.68271483509644E-16,0.,1.));
#2644=DIRECTION('',(2.95900302103541E-31,1.,-9.89334482393023E-16));
#2645=DIRECTION('',(0.,9.89334482393023E-16,1.));
#2646=DIRECTION('',(2.61703972668915E-17,9.89334482393023E-16,1.));
#2647=DIRECTION('',(1.,-3.21791578537601E-31,-2.61703972668915E-17));
#2648=DIRECTION('',(1.,-3.21791578537601E-31,-2.61703972668915E-17));
#2649=DIRECTION('',(-2.61703972668915E-17,0.,-1.));
#2650=DIRECTION('',(-2.95900302103541E-31,-1.,9.89334482393023E-16));
#2651=DIRECTION('',(-2.61703972668915E-17,-9.89334482393023E-16,-1.));
#2652=DIRECTION('',(0.,1.,-9.89334482393023E-16));
#2653=DIRECTION('',(2.95900302103541E-31,1.,-9.89334482393023E-16));
#2654=DIRECTION('',(0.,9.89334482393023E-16,1.));
#2655=DIRECTION('',(-1.,1.71622175220054E-30,1.43563322149805E-15));
#2656=DIRECTION('',(1.3272130042495E-15,9.89334482393023E-16,1.));
#2657=DIRECTION('',(1.43563322149805E-15,9.89334482393023E-16,1.));
#2658=DIRECTION('',(1.,0.,-1.43563322149805E-15));
#2659=DIRECTION('',(-2.95900302103541E-31,-1.,9.89334482393023E-16));
#2660=DIRECTION('',(1.,-1.60895789268801E-30,-1.3272130042495E-15));
#2661=DIRECTION('',(-1.3272130042495E-15,0.,-1.));
#2662=DIRECTION('',(2.95900302103541E-31,1.,-9.89334482393023E-16));
#2663=DIRECTION('',(0.,9.89334482393023E-16,1.));
#2664=DIRECTION('',(1.16645199246716E-15,-9.89334482393023E-16,-1.));
#2665=DIRECTION('',(-1.,0.,-2.9909025447876E-16));
#2666=DIRECTION('',(-1.,-8.58110876100269E-31,-1.16645199246716E-15));
#2667=DIRECTION('',(-1.16645199246716E-15,0.,1.));
#2668=DIRECTION('',(-2.95900302103541E-31,-1.,9.89334482393023E-16));
#2669=DIRECTION('',(-2.9909025447876E-16,9.89334482393023E-16,1.));
#2670=DIRECTION('',(0.,-1.,9.89334482393023E-16));
#2671=DIRECTION('',(0.,0.,-1.));
#2672=DIRECTION('',(-1.,0.,0.));
#2673=DIRECTION('',(0.,0.,-1.));
#2674=DIRECTION('',(1.,0.,0.));
#2675=DIRECTION('',(0.,0.,-1.));
#2676=DIRECTION('',(-1.,0.,0.));
#2677=DIRECTION('',(0.,0.,-1.));
#2678=DIRECTION('',(-1.,0.,0.));
#2679=DIRECTION('',(0.,0.,-1.));
#2680=DIRECTION('',(-1.,0.,0.));
#2681=DIRECTION('',(0.,0.,-1.));
#2682=DIRECTION('',(-1.,0.,0.));
#2683=DIRECTION('',(0.,0.,-1.));
#2684=DIRECTION('',(-1.,0.,0.));
#2685=DIRECTION('',(0.,0.,-1.));
#2686=DIRECTION('',(-1.,0.,0.));
#2687=DIRECTION('',(0.,0.,1.));
#2688=DIRECTION('',(1.,0.,0.));
#2689=DIRECTION('',(0.,0.,-1.));
#2690=DIRECTION('',(-1.,0.,0.));
#2691=DIRECTION('',(0.,0.,1.));
#2692=DIRECTION('',(1.,0.,0.));
#2693=DIRECTION('',(0.,0.,1.));
#2694=DIRECTION('',(1.,0.,0.));
#2695=DIRECTION('',(0.,0.,-1.));
#2696=DIRECTION('',(-1.,0.,0.));
#2697=DIRECTION('',(0.,0.,-1.));
#2698=DIRECTION('',(-1.,0.,0.));
#2699=DIRECTION('',(0.,0.,-1.));
#2700=DIRECTION('',(-1.,0.,0.));
#2701=DIRECTION('',(0.,0.,-1.));
#2702=DIRECTION('',(-1.,0.,0.));
#2703=DIRECTION('',(0.,0.,1.));
#2704=DIRECTION('',(1.,0.,0.));
#2705=DIRECTION('',(0.,0.,-1.));
#2706=DIRECTION('',(1.,0.,0.));
#2707=DIRECTION('',(0.,0.,-1.));
#2708=DIRECTION('',(-1.,0.,0.));
#2709=DIRECTION('',(0.,0.,-1.));
#2710=DIRECTION('',(1.,0.,0.));
#2711=DIRECTION('',(0.,0.,1.));
#2712=DIRECTION('',(1.,0.,0.));
#2713=DIRECTION('',(0.,0.,-1.));
#2714=DIRECTION('',(1.,0.,0.));
#2715=DIRECTION('',(0.,0.,-1.));
#2716=DIRECTION('',(-1.,0.,0.));
#2717=DIRECTION('',(0.,0.,-1.));
#2718=DIRECTION('',(1.,0.,0.));
#2719=DIRECTION('',(0.,-1.,0.));
#2720=DIRECTION('',(-1.,0.,0.));
#2721=DIRECTION('',(0.,1.,0.));
#2722=DIRECTION('',(0.,0.,-1.));
#2723=DIRECTION('',(-1.,0.,0.));
#2724=DIRECTION('',(0.,0.,-1.));
#2725=DIRECTION('',(0.,0.,1.));
#2726=DIRECTION('',(1.,0.,0.));
#2727=DIRECTION('',(0.,0.,-1.));
#2728=DIRECTION('',(-1.,0.,0.));
#2729=DIRECTION('',(0.,0.,-1.));
#2730=DIRECTION('',(-1.,0.,0.));
#2731=DIRECTION('',(0.,0.,1.));
#2732=DIRECTION('',(0.,0.,1.));
#2733=DIRECTION('',(1.,0.,0.));
#2734=DIRECTION('',(0.,0.,1.));
#2735=DIRECTION('',(0.,0.,-1.));
#2736=DIRECTION('',(-1.,0.,0.));
#2737=DIRECTION('',(0.,0.,-1.));
#2738=DIRECTION('',(-1.,0.,0.));
#2739=DIRECTION('',(0.,0.,-1.));
#2740=DIRECTION('',(-1.,0.,0.));
#2741=DIRECTION('',(-1.,0.,0.));
#2742=DIRECTION('',(0.,0.,1.));
#2743=DIRECTION('',(0.,-1.,0.));
#2744=DIRECTION('',(0.,0.,1.));
#2745=DIRECTION('',(1.,0.,0.));
#2746=DIRECTION('',(0.,0.,-1.));
#2747=DIRECTION('',(0.,0.,1.));
#2748=DIRECTION('',(0.,1.,0.));
#2749=DIRECTION('',(0.,0.,1.));
#2750=DIRECTION('',(1.,0.,0.));
#2751=DIRECTION('',(-1.,0.,0.));
#2752=DIRECTION('',(0.,1.,0.));
#2753=DIRECTION('',(0.,0.,1.));
#2754=DIRECTION('',(0.,0.,1.));
#2755=DIRECTION('',(1.,0.,0.));
#2756=DIRECTION('',(0.,0.,1.));
#2757=DIRECTION('',(1.,0.,0.));
#2758=DIRECTION('',(0.,0.,1.));
#2759=DIRECTION('',(1.,0.,0.));
#2760=DIRECTION('',(0.,0.,1.));
#2761=DIRECTION('',(1.,0.,0.));
#2762=DIRECTION('',(0.,0.,1.));
#2763=DIRECTION('',(1.,0.,0.));
#2764=DIRECTION('',(0.,0.,-1.));
#2765=DIRECTION('',(-1.,0.,0.));
#2766=DIRECTION('',(0.,0.,-1.));
#2767=DIRECTION('',(-1.,0.,0.));
#2768=DIRECTION('',(0.,0.,-1.));
#2769=DIRECTION('',(-1.,0.,0.));
#2770=DIRECTION('',(0.,0.,-1.));
#2771=DIRECTION('',(-1.,0.,0.));
#2772=DIRECTION('',(0.,0.,-1.));
#2773=DIRECTION('',(-1.,0.,0.));
#2774=DIRECTION('',(0.,0.,-1.));
#2775=DIRECTION('',(-1.,0.,0.));
#2776=DIRECTION('',(0.,0.,-1.));
#2777=DIRECTION('',(-1.,0.,0.));
#2778=DIRECTION('',(0.,0.,-1.));
#2779=DIRECTION('',(-1.,0.,0.));
#2780=DIRECTION('',(0.,-1.,9.89334482393023E-16));
#2781=DIRECTION('',(0.,-9.89334482393023E-16,-1.));
#2782=DIRECTION('',(0.,-1.,9.89334482393023E-16));
#2783=DIRECTION('',(0.,-9.89334482393023E-16,-1.));
#2784=DIRECTION('',(0.,1.,-9.89334482393023E-16));
#2785=DIRECTION('',(-1.,0.,0.));
#2786=DIRECTION('',(0.,-1.,9.89334482393023E-16));
#2787=DIRECTION('',(0.,-9.89334482393023E-16,-1.));
#2788=DIRECTION('',(0.,-1.,9.89334482393023E-16));
#2789=DIRECTION('',(0.,-9.89334482393023E-16,-1.));
#2790=DIRECTION('',(0.,-1.,9.89334482393023E-16));
#2791=DIRECTION('',(0.,-9.89334482393023E-16,-1.));
#2792=DIRECTION('',(0.,-1.,9.89334482393023E-16));
#2793=DIRECTION('',(0.,-9.89334482393023E-16,-1.));
#2794=DIRECTION('',(0.,1.,-9.89334482393022E-16));
#2795=DIRECTION('',(0.,9.89334482393022E-16,1.));
#2796=DIRECTION('',(0.,-1.,9.89334482393023E-16));
#2797=DIRECTION('',(0.,-9.89334482393023E-16,-1.));
#2798=DIRECTION('',(0.,0.,1.));
#2799=DIRECTION('',(1.,0.,0.));
#2800=CARTESIAN_POINT('',(0.,0.,0.));
#2801=CARTESIAN_POINT('',(0.,0.,9.65));
#2802=CARTESIAN_POINT('',(0.62449979983984,-0.0250000000000001,9.65));
#2803=CARTESIAN_POINT('',(0.549431524395898,-0.0250000000000001,9.65));
#2804=CARTESIAN_POINT('',(0.62449979983984,-0.0250000000000001,9.65));
#2805=CARTESIAN_POINT('',(0.,0.,9.65));
#2806=CARTESIAN_POINT('',(0.0249999999999999,-0.549431524395898,9.65));
#2807=CARTESIAN_POINT('',(0.0249999999999999,-0.449305018890286,9.65));
#2808=CARTESIAN_POINT('',(0.0249999999999999,-0.62449979983984,9.65));
#2809=CARTESIAN_POINT('',(0.,0.,9.65));
#2810=CARTESIAN_POINT('',(0.,0.,9.65));
#2811=CARTESIAN_POINT('',(0.,0.,9.54704541809271));
#2812=CARTESIAN_POINT('',(0.62449979983984,-0.0250000000000001,9.54704541809271));
#2813=CARTESIAN_POINT('',(0.0249999999999999,-0.62449979983984,9.54704541809271));
#2814=CARTESIAN_POINT('',(0.62449979983984,-0.0250000000000001,9.65));
#2815=CARTESIAN_POINT('',(0.0249999999999999,-0.62449979983984,9.65));
#2816=CARTESIAN_POINT('',(0.449305018890286,-9.60885201397932E-17,8.04704541809271));
#2817=CARTESIAN_POINT('',(0.536902409365063,-0.0250000000000001,8.04704541809271));
#2818=CARTESIAN_POINT('',(0.449305018890286,-0.0250000000000001,8.04704541809271));
#2819=CARTESIAN_POINT('',(0.536902409365063,-0.0250000000000001,8.04704541809271));
#2820=CARTESIAN_POINT('',(0.536902409365063,0.0249999999999999,8.04704541809271));
#2821=CARTESIAN_POINT('',(0.536902409365063,0.0249999999999999,8.04704541809271));
#2822=CARTESIAN_POINT('',(0.449305018890286,0.0249999999999999,8.04704541809271));
#2823=CARTESIAN_POINT('',(0.449305018890286,0.0249999999999999,8.04704541809271));
#2824=CARTESIAN_POINT('',(0.,0.,8.04704541809271));
#2825=CARTESIAN_POINT('',(0.536902409365063,0.0249999999999999,8.04704541809271));
#2826=CARTESIAN_POINT('',(0.536902409365063,0.0249999999999999,9.54704541809271));
#2827=CARTESIAN_POINT('',(0.536902409365063,-0.0250000000000001,9.54704541809271));
#2828=CARTESIAN_POINT('',(0.536902409365063,0.0249999999999999,9.54704541809271));
#2829=CARTESIAN_POINT('',(0.536902409365063,0.0249999999999999,8.04704541809271));
#2830=CARTESIAN_POINT('',(0.536902409365063,-0.0250000000000001,8.04704541809271));
#2831=CARTESIAN_POINT('',(0.449305018890286,0.0249999999999999,9.54704541809271));
#2832=CARTESIAN_POINT('',(0.449305018890286,0.0249999999999999,9.65));
#2833=CARTESIAN_POINT('',(0.62449979983984,0.0249999999999999,9.65));
#2834=CARTESIAN_POINT('',(0.549431524395898,0.0249999999999999,9.65));
#2835=CARTESIAN_POINT('',(0.549431524395898,0.0249999999999999,9.65));
#2836=CARTESIAN_POINT('',(0.516059858041772,0.0249999999999999,9.61666282633349));
#2837=CARTESIAN_POINT('',(0.482685209733155,0.0249999999999999,9.58332863839382));
#2838=CARTESIAN_POINT('',(0.449305018890286,0.0249999999999999,9.55));
#2839=CARTESIAN_POINT('',(0.449305018890286,0.0249999999999999,9.55));
#2840=CARTESIAN_POINT('',(0.449305018890286,0.0249999999999999,7.54704541809271));
#2841=CARTESIAN_POINT('',(0.714985804468658,0.0249999999999999,9.54704541809271));
#2842=CARTESIAN_POINT('',(0.62449979983984,0.0249999999999999,9.54704541809271));
#2843=CARTESIAN_POINT('',(0.62449979983984,0.0249999999999999,9.65));
#2844=CARTESIAN_POINT('',(0.62449979983984,-0.0250000000000001,9.54704541809271));
#2845=CARTESIAN_POINT('',(0.449305018890286,-0.0250000000000001,7.54704541809271));
#2846=CARTESIAN_POINT('',(0.449305018890286,-0.0250000000000001,9.55));
#2847=CARTESIAN_POINT('',(0.449305018890286,-0.0250000000000001,9.55));
#2848=CARTESIAN_POINT('',(0.482685209733155,-0.0250000000000001,9.58332863839382));
#2849=CARTESIAN_POINT('',(0.516059858041772,-0.0250000000000001,9.6166628263335));
#2850=CARTESIAN_POINT('',(0.549431524395898,-0.0250000000000001,9.65));
#2851=CARTESIAN_POINT('',(0.185014201588103,-0.025,9.54704541809271));
#2852=CARTESIAN_POINT('',(0.,0.,9.65));
#2853=CARTESIAN_POINT('',(-0.0250000000000001,-0.62449979983984,9.65));
#2854=CARTESIAN_POINT('',(-0.0250000000000001,-0.549431524395898,9.65));
#2855=CARTESIAN_POINT('',(-0.0250000000000001,-0.62449979983984,9.65));
#2856=CARTESIAN_POINT('',(0.,0.,9.65));
#2857=CARTESIAN_POINT('',(-0.549431524395898,-0.025,9.65));
#2858=CARTESIAN_POINT('',(-0.449305018890286,-0.025,9.65));
#2859=CARTESIAN_POINT('',(-0.62449979983984,-0.0249999999999999,9.65));
#2860=CARTESIAN_POINT('',(0.,0.,9.65));
#2861=CARTESIAN_POINT('',(0.,0.,9.65));
#2862=CARTESIAN_POINT('',(0.,0.,9.54704541809271));
#2863=CARTESIAN_POINT('',(-0.0250000000000001,-0.62449979983984,9.54704541809271));
#2864=CARTESIAN_POINT('',(-0.62449979983984,-0.0249999999999999,9.54704541809271));
#2865=CARTESIAN_POINT('',(-0.0250000000000001,-0.62449979983984,9.65));
#2866=CARTESIAN_POINT('',(-0.62449979983984,-0.0249999999999999,9.65));
#2867=CARTESIAN_POINT('',(-6.85765224785518E-17,-0.449305018890286,8.04704541809271));
#2868=CARTESIAN_POINT('',(-0.0250000000000001,-0.536902409365063,8.04704541809271));
#2869=CARTESIAN_POINT('',(-0.0250000000000001,-0.449305018890286,8.04704541809271));
#2870=CARTESIAN_POINT('',(-0.0250000000000001,-0.536902409365063,8.04704541809271));
#2871=CARTESIAN_POINT('',(0.0249999999999999,-0.536902409365063,8.04704541809271));
#2872=CARTESIAN_POINT('',(0.0249999999999999,-0.536902409365063,8.04704541809271));
#2873=CARTESIAN_POINT('',(0.0249999999999999,-0.449305018890286,8.04704541809271));
#2874=CARTESIAN_POINT('',(0.0249999999999999,-0.449305018890286,8.04704541809271));
#2875=CARTESIAN_POINT('',(0.,0.,8.04704541809271));
#2876=CARTESIAN_POINT('',(0.0249999999999999,-0.536902409365063,8.04704541809271));
#2877=CARTESIAN_POINT('',(0.0249999999999999,-0.536902409365063,9.54704541809271));
#2878=CARTESIAN_POINT('',(-0.0250000000000001,-0.536902409365063,9.54704541809271));
#2879=CARTESIAN_POINT('',(0.0249999999999999,-0.536902409365063,9.54704541809271));
#2880=CARTESIAN_POINT('',(0.0249999999999999,-0.536902409365063,8.04704541809271));
#2881=CARTESIAN_POINT('',(-0.0250000000000001,-0.536902409365063,8.04704541809271));
#2882=CARTESIAN_POINT('',(0.0249999999999999,-0.449305018890286,9.54704541809271));
#2883=CARTESIAN_POINT('',(0.0249999999999999,-0.549431524395898,9.65));
#2884=CARTESIAN_POINT('',(0.0249999999999999,-0.516059858041772,9.61666282633349));
#2885=CARTESIAN_POINT('',(0.0249999999999999,-0.482685209733155,9.58332863839382));
#2886=CARTESIAN_POINT('',(0.0249999999999999,-0.449305018890286,9.55));
#2887=CARTESIAN_POINT('',(0.0249999999999999,-0.449305018890286,9.55));
#2888=CARTESIAN_POINT('',(0.0249999999999999,-0.449305018890286,7.54704541809271));
#2889=CARTESIAN_POINT('',(0.0249999999999999,-0.714985804468658,9.54704541809271));
#2890=CARTESIAN_POINT('',(-0.0250000000000001,-0.62449979983984,9.54704541809271));
#2891=CARTESIAN_POINT('',(-0.0250000000000001,-0.449305018890286,7.54704541809271));
#2892=CARTESIAN_POINT('',(-0.0250000000000001,-0.449305018890286,9.55));
#2893=CARTESIAN_POINT('',(-0.0250000000000001,-0.449305018890286,9.55));
#2894=CARTESIAN_POINT('',(-0.0250000000000001,-0.482685209733155,9.58332863839382));
#2895=CARTESIAN_POINT('',(-0.0250000000000001,-0.516059858041772,9.6166628263335));
#2896=CARTESIAN_POINT('',(-0.0250000000000001,-0.549431524395898,9.65));
#2897=CARTESIAN_POINT('',(-0.025,-0.185014201588103,9.54704541809271));
#2898=CARTESIAN_POINT('',(0.,0.,9.65));
#2899=CARTESIAN_POINT('',(-0.62449979983984,0.0250000000000001,9.65));
#2900=CARTESIAN_POINT('',(-0.549431524395898,0.025,9.65));
#2901=CARTESIAN_POINT('',(-0.62449979983984,0.0250000000000001,9.65));
#2902=CARTESIAN_POINT('',(0.,0.,9.65));
#2903=CARTESIAN_POINT('',(-0.025,0.549431524395898,9.65));
#2904=CARTESIAN_POINT('',(-0.025,0.449305018890286,9.65));
#2905=CARTESIAN_POINT('',(-0.025,0.62449979983984,9.65));
#2906=CARTESIAN_POINT('',(0.,0.,9.65));
#2907=CARTESIAN_POINT('',(0.,0.,9.65));
#2908=CARTESIAN_POINT('',(0.,0.,9.54704541809271));
#2909=CARTESIAN_POINT('',(-0.62449979983984,0.0250000000000001,9.54704541809271));
#2910=CARTESIAN_POINT('',(-0.025,0.62449979983984,9.54704541809271));
#2911=CARTESIAN_POINT('',(-0.62449979983984,0.0250000000000001,9.65));
#2912=CARTESIAN_POINT('',(-0.025,0.62449979983984,9.65));
#2913=CARTESIAN_POINT('',(-0.449305018890286,4.10645248173103E-17,8.04704541809271));
#2914=CARTESIAN_POINT('',(-0.536902409365063,0.025,8.04704541809271));
#2915=CARTESIAN_POINT('',(-0.449305018890286,0.025,8.04704541809271));
#2916=CARTESIAN_POINT('',(-0.536902409365063,0.025,8.04704541809271));
#2917=CARTESIAN_POINT('',(-0.536902409365063,-0.025,8.04704541809271));
#2918=CARTESIAN_POINT('',(-0.536902409365063,-0.025,8.04704541809271));
#2919=CARTESIAN_POINT('',(-0.449305018890286,-0.025,8.04704541809271));
#2920=CARTESIAN_POINT('',(-0.449305018890286,-0.025,8.04704541809271));
#2921=CARTESIAN_POINT('',(0.,0.,8.04704541809271));
#2922=CARTESIAN_POINT('',(-0.536902409365063,-0.025,8.04704541809271));
#2923=CARTESIAN_POINT('',(-0.536902409365063,-0.025,9.54704541809271));
#2924=CARTESIAN_POINT('',(-0.536902409365063,0.025,9.54704541809271));
#2925=CARTESIAN_POINT('',(-0.536902409365063,-0.025,9.54704541809271));
#2926=CARTESIAN_POINT('',(-0.536902409365063,-0.025,8.04704541809271));
#2927=CARTESIAN_POINT('',(-0.536902409365063,0.025,8.04704541809271));
#2928=CARTESIAN_POINT('',(-0.449305018890286,-0.025,9.54704541809271));
#2929=CARTESIAN_POINT('',(-0.549431524395898,-0.025,9.65));
#2930=CARTESIAN_POINT('',(-0.516059858041772,-0.025,9.61666282633349));
#2931=CARTESIAN_POINT('',(-0.482685209733155,-0.025,9.58332863839382));
#2932=CARTESIAN_POINT('',(-0.449305018890286,-0.025,9.55));
#2933=CARTESIAN_POINT('',(-0.449305018890286,-0.025,9.55));
#2934=CARTESIAN_POINT('',(-0.449305018890286,-0.025,7.54704541809271));
#2935=CARTESIAN_POINT('',(-0.714985804468658,-0.0249999999999999,9.54704541809271));
#2936=CARTESIAN_POINT('',(-0.62449979983984,0.0250000000000001,9.54704541809271));
#2937=CARTESIAN_POINT('',(-0.449305018890286,0.025,7.54704541809271));
#2938=CARTESIAN_POINT('',(-0.449305018890286,0.025,9.55));
#2939=CARTESIAN_POINT('',(-0.449305018890286,0.025,9.55));
#2940=CARTESIAN_POINT('',(-0.482685209733155,0.025,9.58332863839382));
#2941=CARTESIAN_POINT('',(-0.516059858041772,0.0250000000000001,9.6166628263335));
#2942=CARTESIAN_POINT('',(-0.549431524395898,0.0250000000000001,9.65));
#2943=CARTESIAN_POINT('',(-0.185014201588103,0.025,9.54704541809271));
#2944=CARTESIAN_POINT('',(0.,0.,9.65));
#2945=CARTESIAN_POINT('',(0.025,0.62449979983984,9.65));
#2946=CARTESIAN_POINT('',(0.025,0.549431524395898,9.65));
#2947=CARTESIAN_POINT('',(0.025,0.62449979983984,9.65));
#2948=CARTESIAN_POINT('',(0.,0.,9.65));
#2949=CARTESIAN_POINT('',(0.,0.,9.65));
#2950=CARTESIAN_POINT('',(3.5,0.,0.));
#2951=CARTESIAN_POINT('',(3.5,-3.00005101650387,-3.5));
#2952=CARTESIAN_POINT('',(3.5,-3.28025501288999,-2.34915331612679));
#2953=CARTESIAN_POINT('',(3.5,-3.71685003106919,-0.0400562750928473));
#2954=CARTESIAN_POINT('',(3.5,-3.28289955754114,2.33829171000635));
#2955=CARTESIAN_POINT('',(3.5,-3.00005101650388,3.5));
#2956=CARTESIAN_POINT('',(3.5,-3.00005101650387,-3.5));
#2957=CARTESIAN_POINT('',(3.5,-3.00005101650387,3.5));
#2958=CARTESIAN_POINT('',(3.5,-3.5,-3.5));
#2959=CARTESIAN_POINT('',(3.5,3.00005101650387,-3.5));
#2960=CARTESIAN_POINT('',(3.5,3.00005101650387,-3.5));
#2961=CARTESIAN_POINT('',(3.5,3.28025501288999,-2.34915331612679));
#2962=CARTESIAN_POINT('',(3.5,3.71685003106919,-0.0400562750928473));
#2963=CARTESIAN_POINT('',(3.5,3.28289955754114,2.33829171000635));
#2964=CARTESIAN_POINT('',(3.5,3.00005101650388,3.5));
#2965=CARTESIAN_POINT('',(3.5,3.00005101650387,3.5));
#2966=CARTESIAN_POINT('',(3.5,3.5,3.5));
#2967=CARTESIAN_POINT('',(-3.5,0.,0.));
#2968=CARTESIAN_POINT('',(-3.5,-3.5,-3.5));
#2969=CARTESIAN_POINT('',(-3.5,-3.00005101650387,-3.5));
#2970=CARTESIAN_POINT('',(-3.5,3.00005101650387,-3.5));
#2971=CARTESIAN_POINT('',(-3.5,-3.00005101650387,-3.5));
#2972=CARTESIAN_POINT('',(-3.5,-3.28025501288999,-2.34915331612679));
#2973=CARTESIAN_POINT('',(-3.5,-3.71685003106919,-0.0400562750928473));
#2974=CARTESIAN_POINT('',(-3.5,-3.28289955754114,2.33829171000635));
#2975=CARTESIAN_POINT('',(-3.5,-3.00005101650388,3.5));
#2976=CARTESIAN_POINT('',(-3.5,-3.00005101650387,3.5));
#2977=CARTESIAN_POINT('',(-3.5,3.5,3.5));
#2978=CARTESIAN_POINT('',(-3.5,3.00005101650387,3.5));
#2979=CARTESIAN_POINT('',(-3.5,3.00005101650387,-3.5));
#2980=CARTESIAN_POINT('',(-3.5,3.28025501288999,-2.34915331612679));
#2981=CARTESIAN_POINT('',(-3.5,3.71685003106919,-0.0400562750928473));
#2982=CARTESIAN_POINT('',(-3.5,3.28289955754114,2.33829171000635));
#2983=CARTESIAN_POINT('',(-3.5,3.00005101650388,3.5));
#2984=CARTESIAN_POINT('',(3.5,3.5,3.5));
#2985=CARTESIAN_POINT('',(0.,0.,3.5));
#2986=CARTESIAN_POINT('',(-2.81933756729741,0.,3.5));
#2987=CARTESIAN_POINT('',(-3.5,-3.00005101650387,3.5));
#2988=CARTESIAN_POINT('',(-2.34915331612679,-3.28025501288999,3.5));
#2989=CARTESIAN_POINT('',(-0.0400562750928473,-3.71685003106919,3.5));
#2990=CARTESIAN_POINT('',(2.33829171000635,-3.28289955754114,3.5));
#2991=CARTESIAN_POINT('',(3.5,-3.00005101650388,3.5));
#2992=CARTESIAN_POINT('',(-3.5,3.00005101650387,3.5));
#2993=CARTESIAN_POINT('',(-2.34915331612679,3.28025501288999,3.5));
#2994=CARTESIAN_POINT('',(-0.0400562750928473,3.71685003106919,3.5));
#2995=CARTESIAN_POINT('',(2.33829171000635,3.28289955754114,3.5));
#2996=CARTESIAN_POINT('',(3.5,3.00005101650388,3.5));
#2997=CARTESIAN_POINT('',(3.5,-3.5,-3.5));
#2998=CARTESIAN_POINT('',(3.5,-3.00005101650387,-3.5));
#2999=CARTESIAN_POINT('',(2.34915331612679,-3.28025501288999,-3.5));
#3000=CARTESIAN_POINT('',(0.0400562750928473,-3.71685003106919,-3.5));
#3001=CARTESIAN_POINT('',(-2.33829171000635,-3.28289955754114,-3.5));
#3002=CARTESIAN_POINT('',(-3.5,-3.00005101650388,-3.5));
#3003=CARTESIAN_POINT('',(3.5,3.00005101650387,-3.5));
#3004=CARTESIAN_POINT('',(2.34915331612679,3.28025501288999,-3.5));
#3005=CARTESIAN_POINT('',(0.0400562750928473,3.71685003106919,-3.5));
#3006=CARTESIAN_POINT('',(-2.33829171000635,3.28289955754114,-3.5));
#3007=CARTESIAN_POINT('',(-3.5,3.00005101650388,-3.5));
#3008=CARTESIAN_POINT('',(0.,2.99996406286834,0.));
#3009=CARTESIAN_POINT('',(0.,3.5,0.));
#3010=CARTESIAN_POINT('',(0.,3.5,-3.49779019215341));
#3011=CARTESIAN_POINT('',(0.,-2.99996406286834,0.));
#3012=CARTESIAN_POINT('',(0.,-3.5,0.));
#3013=CARTESIAN_POINT('',(0.,-3.5,3.49779019215341));
#3014=CARTESIAN_POINT('',(3.5,-3.5,3.5));
#3015=CARTESIAN_POINT('',(3.5,3.5,-3.5));
#3016=CARTESIAN_POINT('',(2.14306111918916E-16,3.5,-7.70371977754894E-31));
#3017=CARTESIAN_POINT('',(2.14306111918916E-16,3.5,-3.15));
#3018=CARTESIAN_POINT('',(5.90741865828682E-17,0.964786543830665,2.50817409241512E-15));
#3019=CARTESIAN_POINT('',(2.75536429610035E-16,4.5,-9.89334482393021E-16));
#3020=CARTESIAN_POINT('',(2.75536429610035E-16,4.49999999999999,-3.15));
#3021=CARTESIAN_POINT('',(3.5,5.69999999999999,-3.50000000000001));
#3022=CARTESIAN_POINT('',(3.5,4.5,-3.50000000000001));
#3023=CARTESIAN_POINT('',(3.5,4.5,-3.50000000000001));
#3024=CARTESIAN_POINT('',(-3.5,4.5,-3.50000000000001));
#3025=CARTESIAN_POINT('',(-3.5,5.69999999999999,-3.50000000000001));
#3026=CARTESIAN_POINT('',(-3.5,6.5,-3.50000000000001));
#3027=CARTESIAN_POINT('',(-2.05,6.5,-3.50000000000001));
#3028=CARTESIAN_POINT('',(-2.05,6.5,-3.50000000000001));
#3029=CARTESIAN_POINT('',(-2.05,6.5,-3.50000000000001));
#3030=CARTESIAN_POINT('',(-2.05,5.99999999999999,-3.50000000000001));
#3031=CARTESIAN_POINT('',(3.5,5.99999999999999,-3.50000000000001));
#3032=CARTESIAN_POINT('',(2.05,5.99999999999999,-3.50000000000001));
#3033=CARTESIAN_POINT('',(2.05,6.5,-3.50000000000001));
#3034=CARTESIAN_POINT('',(2.05,6.5,-3.50000000000001));
#3035=CARTESIAN_POINT('',(3.5,6.5,-3.50000000000001));
#3036=CARTESIAN_POINT('',(3.5,6.5,-3.50000000000001));
#3037=CARTESIAN_POINT('',(3.5,5.69999999999999,-3.50000000000001));
#3038=CARTESIAN_POINT('',(-3.5,5.69999999999999,-3.50000000000001));
#3039=CARTESIAN_POINT('',(-3.5,4.5,-3.50000000000001));
#3040=CARTESIAN_POINT('',(-3.5,4.5,3.5));
#3041=CARTESIAN_POINT('',(-3.5,5.7,3.5));
#3042=CARTESIAN_POINT('',(-3.5,6.5,3.5));
#3043=CARTESIAN_POINT('',(-3.5,6.5,2.05));
#3044=CARTESIAN_POINT('',(-3.5,6.5,2.05));
#3045=CARTESIAN_POINT('',(-3.5,6.5,2.05));
#3046=CARTESIAN_POINT('',(-3.5,6.,2.05));
#3047=CARTESIAN_POINT('',(-3.5,5.99999999999999,-3.50000000000001));
#3048=CARTESIAN_POINT('',(-3.5,6.,-2.05000000000001));
#3049=CARTESIAN_POINT('',(-3.5,6.5,-2.05000000000001));
#3050=CARTESIAN_POINT('',(-3.5,6.5,-2.05000000000001));
#3051=CARTESIAN_POINT('',(-3.5,6.5,-3.50000000000001));
#3052=CARTESIAN_POINT('',(-3.5,5.7,3.5));
#3053=CARTESIAN_POINT('',(-3.5,4.5,3.5));
#3054=CARTESIAN_POINT('',(3.5,4.5,3.5));
#3055=CARTESIAN_POINT('',(3.5,5.7,3.5));
#3056=CARTESIAN_POINT('',(3.5,6.5,3.5));
#3057=CARTESIAN_POINT('',(2.05,6.5,3.5));
#3058=CARTESIAN_POINT('',(2.05,6.5,3.5));
#3059=CARTESIAN_POINT('',(2.05,6.5,3.5));
#3060=CARTESIAN_POINT('',(2.05,6.,3.5));
#3061=CARTESIAN_POINT('',(-3.5,6.,3.5));
#3062=CARTESIAN_POINT('',(-2.05,6.,3.5));
#3063=CARTESIAN_POINT('',(-2.05,6.5,3.5));
#3064=CARTESIAN_POINT('',(-2.05,6.5,3.5));
#3065=CARTESIAN_POINT('',(-3.5,6.5,3.5));
#3066=CARTESIAN_POINT('',(3.5,5.7,3.5));
#3067=CARTESIAN_POINT('',(3.5,4.5,3.5));
#3068=CARTESIAN_POINT('',(3.5,6.5,-2.05000000000001));
#3069=CARTESIAN_POINT('',(3.5,6.5,-2.05000000000001));
#3070=CARTESIAN_POINT('',(3.5,6.5,-2.05000000000001));
#3071=CARTESIAN_POINT('',(3.5,6.,-2.05000000000001));
#3072=CARTESIAN_POINT('',(3.5,6.,3.5));
#3073=CARTESIAN_POINT('',(3.5,6.,2.05));
#3074=CARTESIAN_POINT('',(3.5,6.5,2.05));
#3075=CARTESIAN_POINT('',(3.5,6.5,2.05));
#3076=CARTESIAN_POINT('',(3.5,6.5,3.5));
#3077=CARTESIAN_POINT('',(3.49012810839377E-16,6.,-5.63920654964023E-15));
#3078=CARTESIAN_POINT('',(0.,6.,-5.93600689435814E-15));
#3079=CARTESIAN_POINT('',(-2.5,6.,-5.93600689435814E-15));
#3080=CARTESIAN_POINT('',(2.05,6.,3.5));
#3081=CARTESIAN_POINT('',(2.05,6.,2.05));
#3082=CARTESIAN_POINT('',(2.05,6.,2.05));
#3083=CARTESIAN_POINT('',(2.05,6.,-2.05000000000001));
#3084=CARTESIAN_POINT('',(2.05,6.,-2.05000000000001));
#3085=CARTESIAN_POINT('',(2.05,6.,-3.50000000000001));
#3086=CARTESIAN_POINT('',(-2.05,6.,-3.50000000000001));
#3087=CARTESIAN_POINT('',(-2.05,6.,-2.05000000000001));
#3088=CARTESIAN_POINT('',(-2.05,6.,-2.05000000000001));
#3089=CARTESIAN_POINT('',(-2.05,6.,2.05));
#3090=CARTESIAN_POINT('',(-2.05,6.,2.05));
#3091=CARTESIAN_POINT('',(-2.05,6.,3.5));
#3092=CARTESIAN_POINT('',(2.75536429610035E-16,4.5,-4.4520051707686E-15));
#3093=CARTESIAN_POINT('',(0.,6.5,-6.13387379083674E-15));
#3094=CARTESIAN_POINT('',(3.05,6.5,-3.05));
#3095=CARTESIAN_POINT('',(3.05,6.5,-3.05));
#3096=CARTESIAN_POINT('',(2.05,6.5,-3.05000000000001));
#3097=CARTESIAN_POINT('',(3.05,6.5,-2.05));
#3098=CARTESIAN_POINT('',(3.05,6.5,-2.05000000000001));
#3099=CARTESIAN_POINT('',(2.05,6.5,-2.05000000000001));
#3100=CARTESIAN_POINT('',(2.05,6.5,-3.50000000000001));
#3101=CARTESIAN_POINT('',(2.05,6.5,-3.50000000000001));
#3102=CARTESIAN_POINT('',(2.05,6.5,-2.05000000000001));
#3103=CARTESIAN_POINT('',(2.05,10.4,-2.05000000000001));
#3104=CARTESIAN_POINT('',(2.05,10.4,-3.05000000000001));
#3105=CARTESIAN_POINT('',(2.05,10.4,-3.05000000000001));
#3106=CARTESIAN_POINT('',(2.05,10.4,-3.05000000000001));
#3107=CARTESIAN_POINT('',(2.05,6.5,-2.05000000000001));
#3108=CARTESIAN_POINT('',(3.05,10.4,-2.05000000000001));
#3109=CARTESIAN_POINT('',(3.05,10.4,-2.05000000000001));
#3110=CARTESIAN_POINT('',(2.05,10.4,-2.05000000000001));
#3111=CARTESIAN_POINT('',(0.,6.5,-6.13387379083674E-15));
#3112=CARTESIAN_POINT('',(-3.05,6.5,-2.05000000000001));
#3113=CARTESIAN_POINT('',(-3.05,6.5,-3.05));
#3114=CARTESIAN_POINT('',(-3.05,6.5,-2.05000000000001));
#3115=CARTESIAN_POINT('',(-3.05,6.5,-3.05));
#3116=CARTESIAN_POINT('',(-2.05,6.5,-3.05000000000001));
#3117=CARTESIAN_POINT('',(-2.05,6.5,-3.50000000000001));
#3118=CARTESIAN_POINT('',(-2.05,6.5,-2.05000000000001));
#3119=CARTESIAN_POINT('',(-2.05,6.5,-3.50000000000001));
#3120=CARTESIAN_POINT('',(-2.05,10.4,-3.05000000000001));
#3121=CARTESIAN_POINT('',(-2.05,10.4,-3.05000000000001));
#3122=CARTESIAN_POINT('',(-2.05,10.4,-2.05000000000001));
#3123=CARTESIAN_POINT('',(-2.05,10.4,-2.05000000000001));
#3124=CARTESIAN_POINT('',(-2.05,6.5,-2.05000000000001));
#3125=CARTESIAN_POINT('',(-2.05,6.5,-2.05000000000001));
#3126=CARTESIAN_POINT('',(-3.05,10.4,-2.05000000000001));
#3127=CARTESIAN_POINT('',(-3.05,10.4,-2.05000000000001));
#3128=CARTESIAN_POINT('',(-3.05,10.4,-2.05000000000001));
#3129=CARTESIAN_POINT('',(0.,6.5,-6.13387379083674E-15));
#3130=CARTESIAN_POINT('',(-3.05,6.5,3.04999999999999));
#3131=CARTESIAN_POINT('',(-3.05,6.5,3.04999999999999));
#3132=CARTESIAN_POINT('',(-2.05,6.5,3.04999999999999));
#3133=CARTESIAN_POINT('',(-3.05,6.5,2.04999999999999));
#3134=CARTESIAN_POINT('',(-3.05,6.5,2.05));
#3135=CARTESIAN_POINT('',(-2.05,6.5,2.05));
#3136=CARTESIAN_POINT('',(-2.05,6.5,3.5));
#3137=CARTESIAN_POINT('',(-2.05,6.5,3.5));
#3138=CARTESIAN_POINT('',(-2.05,6.5,2.05));
#3139=CARTESIAN_POINT('',(-2.05,10.4,2.04999999999999));
#3140=CARTESIAN_POINT('',(-2.05,10.4,3.04999999999999));
#3141=CARTESIAN_POINT('',(-2.05,10.4,3.04999999999999));
#3142=CARTESIAN_POINT('',(-2.05,10.4,3.04999999999999));
#3143=CARTESIAN_POINT('',(-2.05,6.5,2.05));
#3144=CARTESIAN_POINT('',(-3.05,10.4,2.04999999999999));
#3145=CARTESIAN_POINT('',(-3.05,10.4,2.04999999999999));
#3146=CARTESIAN_POINT('',(-2.05,10.4,2.04999999999999));
#3147=CARTESIAN_POINT('',(0.,6.5,-6.13387379083674E-15));
#3148=CARTESIAN_POINT('',(3.05,6.5,2.04999999999999));
#3149=CARTESIAN_POINT('',(3.05,6.5,3.04999999999999));
#3150=CARTESIAN_POINT('',(3.05,6.5,2.05));
#3151=CARTESIAN_POINT('',(3.05,6.5,3.04999999999999));
#3152=CARTESIAN_POINT('',(2.05,6.5,3.04999999999999));
#3153=CARTESIAN_POINT('',(2.05,6.5,3.5));
#3154=CARTESIAN_POINT('',(2.05,6.5,2.05));
#3155=CARTESIAN_POINT('',(2.05,6.5,2.05));
#3156=CARTESIAN_POINT('',(2.05,6.5,2.05));
#3157=CARTESIAN_POINT('',(2.05,10.4,2.04999999999999));
#3158=CARTESIAN_POINT('',(3.05,10.4,2.04999999999999));
#3159=CARTESIAN_POINT('',(3.05,10.4,2.04999999999999));
#3160=CARTESIAN_POINT('',(3.05,10.4,2.04999999999999));
#3161=CARTESIAN_POINT('',(2.05,6.5,3.5));
#3162=CARTESIAN_POINT('',(2.05,10.4,3.04999999999999));
#3163=CARTESIAN_POINT('',(2.05,10.4,3.04999999999999));
#3164=CARTESIAN_POINT('',(2.05,10.4,2.04999999999999));
#3165=CARTESIAN_POINT('',(2.98859305124577E-30,10.4,-9.99227827216953E-15));
#3166=CARTESIAN_POINT('',(3.05,10.4,2.04999999999999));
#3167=CARTESIAN_POINT('',(3.05,10.4,3.04999999999999));
#3168=CARTESIAN_POINT('',(3.05,10.4,3.04999999999999));
#3169=CARTESIAN_POINT('',(3.05,10.4,3.04999999999999));
#3170=CARTESIAN_POINT('',(3.05,10.4,3.04999999999999));
#3171=CARTESIAN_POINT('',(3.05,10.4,2.04999999999999));
#3172=CARTESIAN_POINT('',(2.98859305124577E-30,10.4,-9.99227827216953E-15));
#3173=CARTESIAN_POINT('',(-3.05,10.4,2.04999999999999));
#3174=CARTESIAN_POINT('',(-3.05,10.4,3.04999999999999));
#3175=CARTESIAN_POINT('',(-3.05,10.4,3.04999999999999));
#3176=CARTESIAN_POINT('',(-3.05,10.4,2.04999999999999));
#3177=CARTESIAN_POINT('',(-3.05,10.4,3.04999999999999));
#3178=CARTESIAN_POINT('',(-3.05,10.4,3.04999999999999));
#3179=CARTESIAN_POINT('',(2.98859305124577E-30,10.4,-9.99227827216953E-15));
#3180=CARTESIAN_POINT('',(-3.05,10.4,-3.05000000000001));
#3181=CARTESIAN_POINT('',(-3.05,10.4,-3.05000000000001));
#3182=CARTESIAN_POINT('',(-3.05,10.4,-2.05000000000001));
#3183=CARTESIAN_POINT('',(-3.05,10.4,-3.05000000000001));
#3184=CARTESIAN_POINT('',(-3.05,10.4,-3.05000000000001));
#3185=CARTESIAN_POINT('',(-3.05,10.4,-2.05000000000001));
#3186=CARTESIAN_POINT('',(2.98859305124577E-30,10.4,-9.99227827216953E-15));
#3187=CARTESIAN_POINT('',(3.05,10.4,-2.05000000000001));
#3188=CARTESIAN_POINT('',(3.05,10.4,-3.05000000000001));
#3189=CARTESIAN_POINT('',(3.05,10.4,-3.05000000000001));
#3190=CARTESIAN_POINT('',(3.05,10.4,-2.05000000000001));
#3191=CARTESIAN_POINT('',(3.05,10.4,-3.05000000000001));
#3192=CARTESIAN_POINT('',(3.05,10.4,-3.05000000000001));
#3193=CARTESIAN_POINT('',(0.,0.,11.6));
#3194=CARTESIAN_POINT('',(0.,0.,11.6));
#3195=CARTESIAN_POINT('',(2.25,0.,11.6));
#3196=CARTESIAN_POINT('',(0.,0.,11.6));
#3197=CARTESIAN_POINT('',(-2.675,0.,11.6));
#3198=CARTESIAN_POINT('',(0.,0.,7.82265734609818));
#3199=CARTESIAN_POINT('',(0.,0.,10.85));
#3200=CARTESIAN_POINT('',(-2.675,0.,10.85));
#3201=CARTESIAN_POINT('',(-1.94406258669302E-16,-3.175,10.85));
#3202=CARTESIAN_POINT('',(0.,0.,10.85));
#3203=CARTESIAN_POINT('',(-2.7242,0.,10.85));
#3204=CARTESIAN_POINT('',(0.,0.,7.82265734609818));
#3205=CARTESIAN_POINT('',(0.,0.,7.45));
#3206=CARTESIAN_POINT('',(0.57875042437428,3.07012598866668,7.45));
#3207=CARTESIAN_POINT('',(-1.76775799950125,2.57597695936885,7.45));
#3208=CARTESIAN_POINT('',(3.1242,0.,11.1444687421875));
#3209=CARTESIAN_POINT('',(3.1242,-0.837126866993313,11.1113958255208));
#3210=CARTESIAN_POINT('',(2.70563656650334,-1.5621,11.0783229088542));
#3211=CARTESIAN_POINT('',(2.28707313300669,-2.28707313300669,11.0452499921875));
#3212=CARTESIAN_POINT('',(1.5621,-2.70563656650334,11.0121770755208));
#3213=CARTESIAN_POINT('',(0.837126866993314,-3.1242,10.9791041588542));
#3214=CARTESIAN_POINT('',(1.91302076494808E-16,-3.1242,10.9460312421875));
#3215=CARTESIAN_POINT('',(-0.837126866993313,-3.1242,10.9129583255208));
#3216=CARTESIAN_POINT('',(-1.5621,-2.70563656650334,10.8798854088542));
#3217=CARTESIAN_POINT('',(-2.28707313300669,-2.28707313300669,10.8468124921875));
#3218=CARTESIAN_POINT('',(-2.70563656650334,-1.5621,10.8137395755208));
#3219=CARTESIAN_POINT('',(-3.1242,-0.837126866993314,10.7806666588542));
#3220=CARTESIAN_POINT('',(-3.1242,-3.82604152989616E-16,10.7475937421875));
#3221=CARTESIAN_POINT('',(-3.1242,0.837126866993312,10.7145208255208));
#3222=CARTESIAN_POINT('',(-2.70563656650334,1.5621,10.6814479088542));
#3223=CARTESIAN_POINT('',(-2.28707313300669,2.28707313300668,10.6483749921875));
#3224=CARTESIAN_POINT('',(-1.5621,2.70563656650334,10.6153020755208));
#3225=CARTESIAN_POINT('',(-0.837126866993316,3.1242,10.5822291588542));
#3226=CARTESIAN_POINT('',(-5.73906229484424E-16,3.1242,10.5491562421875));
#3227=CARTESIAN_POINT('',(0.837126866993312,3.1242,10.5160833255208));
#3228=CARTESIAN_POINT('',(1.5621,2.70563656650334,10.4830104088542));
#3229=CARTESIAN_POINT('',(2.28707313300669,2.28707313300669,10.4499374921875));
#3230=CARTESIAN_POINT('',(2.70563656650334,1.5621,10.4168645755208));
#3231=CARTESIAN_POINT('',(3.1242,0.837126866993316,10.3837916588542));
#3232=CARTESIAN_POINT('',(3.1242,0.,10.3507187421875));
#3233=CARTESIAN_POINT('',(3.1242,-0.837126866993313,10.3176458255208));
#3234=CARTESIAN_POINT('',(2.70563656650334,-1.5621,10.2845729088542));
#3235=CARTESIAN_POINT('',(2.28707313300669,-2.28707313300669,10.2514999921875));
#3236=CARTESIAN_POINT('',(1.5621,-2.70563656650334,10.2184270755208));
#3237=CARTESIAN_POINT('',(0.837126866993314,-3.1242,10.1853541588542));
#3238=CARTESIAN_POINT('',(1.91302076494808E-16,-3.1242,10.1522812421875));
#3239=CARTESIAN_POINT('',(-0.837126866993313,-3.1242,10.1192083255208));
#3240=CARTESIAN_POINT('',(-1.5621,-2.70563656650334,10.0861354088542));
#3241=CARTESIAN_POINT('',(-2.28707313300669,-2.28707313300669,10.0530624921875));
#3242=CARTESIAN_POINT('',(-2.70563656650334,-1.5621,10.0199895755208));
#3243=CARTESIAN_POINT('',(-3.1242,-0.837126866993314,9.98691665885417));
#3244=CARTESIAN_POINT('',(-3.1242,-3.82604152989616E-16,9.9538437421875));
#3245=CARTESIAN_POINT('',(-3.1242,0.837126866993312,9.92077082552083));
#3246=CARTESIAN_POINT('',(-2.70563656650334,1.5621,9.88769790885417));
#3247=CARTESIAN_POINT('',(-2.28707313300669,2.28707313300668,9.8546249921875));
#3248=CARTESIAN_POINT('',(-1.5621,2.70563656650334,9.82155207552083));
#3249=CARTESIAN_POINT('',(-0.837126866993316,3.1242,9.78847915885417));
#3250=CARTESIAN_POINT('',(-5.73906229484424E-16,3.1242,9.7554062421875));
#3251=CARTESIAN_POINT('',(0.837126866993312,3.1242,9.72233332552083));
#3252=CARTESIAN_POINT('',(1.5621,2.70563656650334,9.68926040885417));
#3253=CARTESIAN_POINT('',(2.28707313300669,2.28707313300669,9.6561874921875));
#3254=CARTESIAN_POINT('',(2.70563656650334,1.5621,9.62311457552083));
#3255=CARTESIAN_POINT('',(3.1242,0.837126866993316,9.59004165885417));
#3256=CARTESIAN_POINT('',(3.1242,0.,9.5569687421875));
#3257=CARTESIAN_POINT('',(3.1242,-0.837126866993313,9.52389582552083));
#3258=CARTESIAN_POINT('',(2.70563656650334,-1.5621,9.49082290885417));
#3259=CARTESIAN_POINT('',(2.28707313300669,-2.28707313300669,9.4577499921875));
#3260=CARTESIAN_POINT('',(1.5621,-2.70563656650334,9.42467707552083));
#3261=CARTESIAN_POINT('',(0.837126866993314,-3.1242,9.39160415885417));
#3262=CARTESIAN_POINT('',(1.91302076494808E-16,-3.1242,9.3585312421875));
#3263=CARTESIAN_POINT('',(-0.837126866993313,-3.1242,9.32545832552083));
#3264=CARTESIAN_POINT('',(-1.5621,-2.70563656650334,9.29238540885417));
#3265=CARTESIAN_POINT('',(-2.28707313300669,-2.28707313300669,9.2593124921875));
#3266=CARTESIAN_POINT('',(-2.70563656650334,-1.5621,9.22623957552083));
#3267=CARTESIAN_POINT('',(-3.1242,-0.837126866993314,9.19316665885417));
#3268=CARTESIAN_POINT('',(-3.1242,-3.82604152989616E-16,9.1600937421875));
#3269=CARTESIAN_POINT('',(-3.1242,0.837126866993312,9.12702082552083));
#3270=CARTESIAN_POINT('',(-2.70563656650334,1.5621,9.09394790885417));
#3271=CARTESIAN_POINT('',(-2.28707313300669,2.28707313300668,9.0608749921875));
#3272=CARTESIAN_POINT('',(-1.5621,2.70563656650334,9.02780207552083));
#3273=CARTESIAN_POINT('',(-0.837126866993316,3.1242,8.99472915885417));
#3274=CARTESIAN_POINT('',(-5.73906229484424E-16,3.1242,8.9616562421875));
#3275=CARTESIAN_POINT('',(0.837126866993312,3.1242,8.92858332552083));
#3276=CARTESIAN_POINT('',(1.5621,2.70563656650334,8.89551040885417));
#3277=CARTESIAN_POINT('',(2.28707313300669,2.28707313300669,8.8624374921875));
#3278=CARTESIAN_POINT('',(2.70563656650334,1.5621,8.82936457552083));
#3279=CARTESIAN_POINT('',(3.1242,0.837126866993316,8.79629165885417));
#3280=CARTESIAN_POINT('',(3.1242,0.,8.7632187421875));
#3281=CARTESIAN_POINT('',(3.1242,-0.837126866993313,8.73014582552083));
#3282=CARTESIAN_POINT('',(2.70563656650334,-1.5621,8.69707290885417));
#3283=CARTESIAN_POINT('',(2.28707313300669,-2.28707313300669,8.6639999921875));
#3284=CARTESIAN_POINT('',(1.5621,-2.70563656650334,8.63092707552083));
#3285=CARTESIAN_POINT('',(0.837126866993314,-3.1242,8.59785415885417));
#3286=CARTESIAN_POINT('',(1.91302076494808E-16,-3.1242,8.5647812421875));
#3287=CARTESIAN_POINT('',(-0.837126866993313,-3.1242,8.53170832552083));
#3288=CARTESIAN_POINT('',(-1.5621,-2.70563656650334,8.49863540885417));
#3289=CARTESIAN_POINT('',(-2.28707313300669,-2.28707313300669,8.4655624921875));
#3290=CARTESIAN_POINT('',(-2.70563656650334,-1.5621,8.43248957552083));
#3291=CARTESIAN_POINT('',(-3.1242,-0.837126866993314,8.39941665885417));
#3292=CARTESIAN_POINT('',(-3.1242,-3.82604152989616E-16,8.3663437421875));
#3293=CARTESIAN_POINT('',(-3.1242,0.837126866993312,8.33327082552084));
#3294=CARTESIAN_POINT('',(-2.70563656650334,1.5621,8.30019790885417));
#3295=CARTESIAN_POINT('',(-2.28707313300669,2.28707313300668,8.2671249921875));
#3296=CARTESIAN_POINT('',(-1.5621,2.70563656650334,8.23405207552083));
#3297=CARTESIAN_POINT('',(-0.837126866993316,3.1242,8.20097915885417));
#3298=CARTESIAN_POINT('',(-5.73906229484424E-16,3.1242,8.1679062421875));
#3299=CARTESIAN_POINT('',(0.837126866993312,3.1242,8.13483332552083));
#3300=CARTESIAN_POINT('',(1.5621,2.70563656650334,8.10176040885417));
#3301=CARTESIAN_POINT('',(2.28707313300669,2.28707313300669,8.0686874921875));
#3302=CARTESIAN_POINT('',(2.70563656650334,1.5621,8.03561457552083));
#3303=CARTESIAN_POINT('',(3.1242,0.837126866993316,8.00254165885417));
#3304=CARTESIAN_POINT('',(3.1242,0.,7.9694687421875));
#3305=CARTESIAN_POINT('',(3.1242,-0.837126866993313,7.93639582552083));
#3306=CARTESIAN_POINT('',(2.70563656650334,-1.5621,7.90332290885417));
#3307=CARTESIAN_POINT('',(2.28707313300669,-2.28707313300669,7.8702499921875));
#3308=CARTESIAN_POINT('',(1.5621,-2.70563656650334,7.83717707552083));
#3309=CARTESIAN_POINT('',(0.837126866993314,-3.1242,7.80410415885417));
#3310=CARTESIAN_POINT('',(1.91302076494808E-16,-3.1242,7.7710312421875));
#3311=CARTESIAN_POINT('',(-0.837126866993313,-3.1242,7.73795832552083));
#3312=CARTESIAN_POINT('',(-1.5621,-2.70563656650334,7.70488540885417));
#3313=CARTESIAN_POINT('',(-2.28707313300669,-2.28707313300669,7.6718124921875));
#3314=CARTESIAN_POINT('',(-2.70563656650334,-1.5621,7.63873957552083));
#3315=CARTESIAN_POINT('',(-3.1242,-0.837126866993314,7.60566665885417));
#3316=CARTESIAN_POINT('',(-3.1242,-3.82604152989616E-16,7.5725937421875));
#3317=CARTESIAN_POINT('',(-3.1242,0.837126866993312,7.53952082552083));
#3318=CARTESIAN_POINT('',(-2.70563656650334,1.5621,7.50644790885417));
#3319=CARTESIAN_POINT('',(-2.28707313300669,2.28707313300668,7.4733749921875));
#3320=CARTESIAN_POINT('',(-1.5621,2.70563656650334,7.44030207552083));
#3321=CARTESIAN_POINT('',(-0.837126866993316,3.1242,7.40722915885417));
#3322=CARTESIAN_POINT('',(-5.73906229484424E-16,3.1242,7.3741562421875));
#3323=CARTESIAN_POINT('',(0.837126866993312,3.1242,7.34108332552083));
#3324=CARTESIAN_POINT('',(1.5621,2.70563656650334,7.30801040885417));
#3325=CARTESIAN_POINT('',(2.28707313300669,2.28707313300669,7.2749374921875));
#3326=CARTESIAN_POINT('',(2.70563656650334,1.5621,7.24186457552083));
#3327=CARTESIAN_POINT('',(3.1242,0.837126866993316,7.20879165885417));
#3328=CARTESIAN_POINT('',(3.1242,0.,7.1757187421875));
#3329=CARTESIAN_POINT('',(3.1242,-0.837126866993313,7.14264582552083));
#3330=CARTESIAN_POINT('',(2.70563656650334,-1.5621,7.10957290885417));
#3331=CARTESIAN_POINT('',(2.28707313300669,-2.28707313300669,7.0764999921875));
#3332=CARTESIAN_POINT('',(1.5621,-2.70563656650334,7.04342707552083));
#3333=CARTESIAN_POINT('',(0.837126866993314,-3.1242,7.01035415885417));
#3334=CARTESIAN_POINT('',(1.91302076494808E-16,-3.1242,6.9772812421875));
#3335=CARTESIAN_POINT('',(-0.837126866993313,-3.1242,6.94420832552083));
#3336=CARTESIAN_POINT('',(-1.5621,-2.70563656650334,6.91113540885417));
#3337=CARTESIAN_POINT('',(-2.28707313300669,-2.28707313300669,6.8780624921875));
#3338=CARTESIAN_POINT('',(-2.70563656650334,-1.5621,6.84498957552083));
#3339=CARTESIAN_POINT('',(-3.1242,-0.837126866993314,6.81191665885417));
#3340=CARTESIAN_POINT('',(-3.1242,-3.82604152989616E-16,6.7788437421875));
#3341=CARTESIAN_POINT('',(-3.1242,0.837126866993312,6.74577082552083));
#3342=CARTESIAN_POINT('',(-2.70563656650334,1.5621,6.71269790885417));
#3343=CARTESIAN_POINT('',(-2.28707313300669,2.28707313300668,6.6796249921875));
#3344=CARTESIAN_POINT('',(-1.5621,2.70563656650334,6.64655207552083));
#3345=CARTESIAN_POINT('',(-0.837126866993316,3.1242,6.61347915885417));
#3346=CARTESIAN_POINT('',(-5.73906229484424E-16,3.1242,6.5804062421875));
#3347=CARTESIAN_POINT('',(0.837126866993312,3.1242,6.54733332552083));
#3348=CARTESIAN_POINT('',(1.5621,2.70563656650334,6.51426040885417));
#3349=CARTESIAN_POINT('',(2.28707313300669,2.28707313300669,6.4811874921875));
#3350=CARTESIAN_POINT('',(2.70563656650334,1.5621,6.44811457552083));
#3351=CARTESIAN_POINT('',(3.1242,0.837126866993316,6.41504165885417));
#3352=CARTESIAN_POINT('',(3.1242,0.,6.3819687421875));
#3353=CARTESIAN_POINT('',(3.1242,-0.837126866993313,6.34889582552083));
#3354=CARTESIAN_POINT('',(2.70563656650334,-1.5621,6.31582290885417));
#3355=CARTESIAN_POINT('',(2.28707313300669,-2.28707313300669,6.2827499921875));
#3356=CARTESIAN_POINT('',(1.5621,-2.70563656650334,6.24967707552083));
#3357=CARTESIAN_POINT('',(0.837126866993314,-3.1242,6.21660415885417));
#3358=CARTESIAN_POINT('',(1.91302076494808E-16,-3.1242,6.1835312421875));
#3359=CARTESIAN_POINT('',(-0.837126866993313,-3.1242,6.15045832552083));
#3360=CARTESIAN_POINT('',(-1.5621,-2.70563656650334,6.11738540885417));
#3361=CARTESIAN_POINT('',(-2.28707313300669,-2.28707313300669,6.0843124921875));
#3362=CARTESIAN_POINT('',(-2.70563656650334,-1.5621,6.05123957552083));
#3363=CARTESIAN_POINT('',(-3.1242,-0.837126866993314,6.01816665885417));
#3364=CARTESIAN_POINT('',(-3.1242,-3.82604152989616E-16,5.9850937421875));
#3365=CARTESIAN_POINT('',(-3.1242,0.837126866993312,5.95202082552083));
#3366=CARTESIAN_POINT('',(-2.70563656650334,1.5621,5.91894790885417));
#3367=CARTESIAN_POINT('',(-2.28707313300669,2.28707313300668,5.8858749921875));
#3368=CARTESIAN_POINT('',(-1.5621,2.70563656650334,5.85280207552083));
#3369=CARTESIAN_POINT('',(-0.837126866993316,3.1242,5.81972915885417));
#3370=CARTESIAN_POINT('',(-5.73906229484424E-16,3.1242,5.7866562421875));
#3371=CARTESIAN_POINT('',(0.837126866993312,3.1242,5.75358332552083));
#3372=CARTESIAN_POINT('',(1.5621,2.70563656650334,5.72051040885417));
#3373=CARTESIAN_POINT('',(2.28707313300669,2.28707313300669,5.6874374921875));
#3374=CARTESIAN_POINT('',(2.70563656650334,1.5621,5.65436457552083));
#3375=CARTESIAN_POINT('',(3.1242,0.837126866993316,5.62129165885417));
#3376=CARTESIAN_POINT('',(3.1242,0.,5.5882187421875));
#3377=CARTESIAN_POINT('',(3.1242,-0.837126866993313,5.55514582552083));
#3378=CARTESIAN_POINT('',(2.70563656650334,-1.5621,5.52207290885417));
#3379=CARTESIAN_POINT('',(2.28707313300669,-2.28707313300669,5.4889999921875));
#3380=CARTESIAN_POINT('',(1.5621,-2.70563656650334,5.45592707552083));
#3381=CARTESIAN_POINT('',(0.837126866993314,-3.1242,5.42285415885417));
#3382=CARTESIAN_POINT('',(1.91302076494808E-16,-3.1242,5.3897812421875));
#3383=CARTESIAN_POINT('',(-0.837126866993313,-3.1242,5.35670832552083));
#3384=CARTESIAN_POINT('',(-1.5621,-2.70563656650334,5.32363540885417));
#3385=CARTESIAN_POINT('',(-2.28707313300669,-2.28707313300669,5.2905624921875));
#3386=CARTESIAN_POINT('',(-2.70563656650334,-1.5621,5.25748957552083));
#3387=CARTESIAN_POINT('',(-3.1242,-0.837126866993314,5.22441665885417));
#3388=CARTESIAN_POINT('',(-3.1242,-3.82604152989616E-16,5.1913437421875));
#3389=CARTESIAN_POINT('',(-3.1242,0.837126866993312,5.15827082552083));
#3390=CARTESIAN_POINT('',(-2.70563656650334,1.5621,5.12519790885417));
#3391=CARTESIAN_POINT('',(-2.28707313300669,2.28707313300668,5.0921249921875));
#3392=CARTESIAN_POINT('',(-1.5621,2.70563656650334,5.05905207552083));
#3393=CARTESIAN_POINT('',(-0.837126866993316,3.1242,5.02597915885417));
#3394=CARTESIAN_POINT('',(-5.73906229484424E-16,3.1242,4.9929062421875));
#3395=CARTESIAN_POINT('',(0.837126866993312,3.1242,4.95983332552083));
#3396=CARTESIAN_POINT('',(1.5621,2.70563656650334,4.92676040885417));
#3397=CARTESIAN_POINT('',(2.28707313300669,2.28707313300669,4.8936874921875));
#3398=CARTESIAN_POINT('',(2.70563656650334,1.5621,4.86061457552083));
#3399=CARTESIAN_POINT('',(3.1242,0.837126866993316,4.82754165885417));
#3400=CARTESIAN_POINT('',(3.1242,0.,4.7944687421875));
#3401=CARTESIAN_POINT('',(2.2080620994198,2.21022338353069,10.45));
#3402=CARTESIAN_POINT('',(0.,0.,10.45));
#3403=CARTESIAN_POINT('',(3.1242,1.91302076494808E-16,10.45));
#3404=CARTESIAN_POINT('',(3.1242,0.,10.45));
#3405=CARTESIAN_POINT('',(3.1242,-0.837126866993313,10.4169270833333));
#3406=CARTESIAN_POINT('',(2.70563656650334,-1.5621,10.3838541666667));
#3407=CARTESIAN_POINT('',(2.28707313300669,-2.28707313300669,10.35078125));
#3408=CARTESIAN_POINT('',(1.5621,-2.70563656650334,10.3177083333333));
#3409=CARTESIAN_POINT('',(0.837126866993314,-3.1242,10.2846354166667));
#3410=CARTESIAN_POINT('',(1.91302076494808E-16,-3.1242,10.2515625));
#3411=CARTESIAN_POINT('',(-0.837126866993313,-3.1242,10.2184895833333));
#3412=CARTESIAN_POINT('',(-1.5621,-2.70563656650334,10.1854166666667));
#3413=CARTESIAN_POINT('',(-2.28707313300669,-2.28707313300669,10.15234375));
#3414=CARTESIAN_POINT('',(-2.70563656650334,-1.5621,10.1192708333333));
#3415=CARTESIAN_POINT('',(-3.1242,-0.837126866993314,10.0861979166667));
#3416=CARTESIAN_POINT('',(-3.1242,-3.82604152989616E-16,10.053125));
#3417=CARTESIAN_POINT('',(-3.1242,0.837126866993312,10.0200520833333));
#3418=CARTESIAN_POINT('',(-2.70563656650334,1.5621,9.98697916666667));
#3419=CARTESIAN_POINT('',(-2.28707313300669,2.28707313300668,9.95390625));
#3420=CARTESIAN_POINT('',(-1.5621,2.70563656650334,9.92083333333333));
#3421=CARTESIAN_POINT('',(-0.837126866993316,3.1242,9.88776041666667));
#3422=CARTESIAN_POINT('',(-5.73906229484424E-16,3.1242,9.8546875));
#3423=CARTESIAN_POINT('',(0.837126866993312,3.1242,9.82161458333333));
#3424=CARTESIAN_POINT('',(1.5621,2.70563656650334,9.78854166666667));
#3425=CARTESIAN_POINT('',(2.28707313300669,2.28707313300669,9.75546875));
#3426=CARTESIAN_POINT('',(2.70563656650334,1.5621,9.72239583333334));
#3427=CARTESIAN_POINT('',(3.1242,0.837126866993316,9.68932291666667));
#3428=CARTESIAN_POINT('',(3.1242,0.,9.65625));
#3429=CARTESIAN_POINT('',(3.1242,-0.837126866993313,9.62317708333333));
#3430=CARTESIAN_POINT('',(2.70563656650334,-1.5621,9.59010416666667));
#3431=CARTESIAN_POINT('',(2.28707313300669,-2.28707313300669,9.55703125));
#3432=CARTESIAN_POINT('',(1.5621,-2.70563656650334,9.52395833333333));
#3433=CARTESIAN_POINT('',(0.837126866993314,-3.1242,9.49088541666667));
#3434=CARTESIAN_POINT('',(1.91302076494808E-16,-3.1242,9.4578125));
#3435=CARTESIAN_POINT('',(-0.837126866993313,-3.1242,9.42473958333333));
#3436=CARTESIAN_POINT('',(-1.5621,-2.70563656650334,9.39166666666667));
#3437=CARTESIAN_POINT('',(-2.28707313300669,-2.28707313300669,9.35859375));
#3438=CARTESIAN_POINT('',(-2.70563656650334,-1.5621,9.32552083333334));
#3439=CARTESIAN_POINT('',(-3.1242,-0.837126866993314,9.29244791666667));
#3440=CARTESIAN_POINT('',(-3.1242,-3.82604152989616E-16,9.259375));
#3441=CARTESIAN_POINT('',(-3.1242,0.837126866993312,9.22630208333333));
#3442=CARTESIAN_POINT('',(-2.70563656650334,1.5621,9.19322916666667));
#3443=CARTESIAN_POINT('',(-2.28707313300669,2.28707313300668,9.16015625));
#3444=CARTESIAN_POINT('',(-1.5621,2.70563656650334,9.12708333333333));
#3445=CARTESIAN_POINT('',(-0.837126866993316,3.1242,9.09401041666667));
#3446=CARTESIAN_POINT('',(-5.73906229484424E-16,3.1242,9.0609375));
#3447=CARTESIAN_POINT('',(0.837126866993312,3.1242,9.02786458333333));
#3448=CARTESIAN_POINT('',(1.5621,2.70563656650334,8.99479166666667));
#3449=CARTESIAN_POINT('',(2.28707313300669,2.28707313300669,8.96171875));
#3450=CARTESIAN_POINT('',(2.70563656650334,1.5621,8.92864583333334));
#3451=CARTESIAN_POINT('',(3.1242,0.837126866993316,8.89557291666667));
#3452=CARTESIAN_POINT('',(3.1242,0.,8.8625));
#3453=CARTESIAN_POINT('',(3.1242,-0.837126866993313,8.82942708333333));
#3454=CARTESIAN_POINT('',(2.70563656650334,-1.5621,8.79635416666667));
#3455=CARTESIAN_POINT('',(2.28707313300669,-2.28707313300669,8.76328125));
#3456=CARTESIAN_POINT('',(1.5621,-2.70563656650334,8.73020833333334));
#3457=CARTESIAN_POINT('',(0.837126866993314,-3.1242,8.69713541666667));
#3458=CARTESIAN_POINT('',(1.91302076494808E-16,-3.1242,8.6640625));
#3459=CARTESIAN_POINT('',(-0.837126866993313,-3.1242,8.63098958333333));
#3460=CARTESIAN_POINT('',(-1.5621,-2.70563656650334,8.59791666666667));
#3461=CARTESIAN_POINT('',(-2.28707313300669,-2.28707313300669,8.56484375));
#3462=CARTESIAN_POINT('',(-2.70563656650334,-1.5621,8.53177083333333));
#3463=CARTESIAN_POINT('',(-3.1242,-0.837126866993314,8.49869791666667));
#3464=CARTESIAN_POINT('',(-3.1242,-3.82604152989616E-16,8.465625));
#3465=CARTESIAN_POINT('',(-3.1242,0.837126866993312,8.43255208333333));
#3466=CARTESIAN_POINT('',(-2.70563656650334,1.5621,8.39947916666667));
#3467=CARTESIAN_POINT('',(-2.28707313300669,2.28707313300668,8.36640625));
#3468=CARTESIAN_POINT('',(-1.5621,2.70563656650334,8.33333333333334));
#3469=CARTESIAN_POINT('',(-0.837126866993316,3.1242,8.30026041666667));
#3470=CARTESIAN_POINT('',(-5.73906229484424E-16,3.1242,8.2671875));
#3471=CARTESIAN_POINT('',(0.837126866993312,3.1242,8.23411458333333));
#3472=CARTESIAN_POINT('',(1.5621,2.70563656650334,8.20104166666667));
#3473=CARTESIAN_POINT('',(2.28707313300669,2.28707313300669,8.16796875));
#3474=CARTESIAN_POINT('',(2.70563656650334,1.5621,8.13489583333333));
#3475=CARTESIAN_POINT('',(3.1242,0.837126866993316,8.10182291666667));
#3476=CARTESIAN_POINT('',(3.1242,0.,8.06875));
#3477=CARTESIAN_POINT('',(3.1242,-0.837126866993313,8.03567708333333));
#3478=CARTESIAN_POINT('',(2.70563656650334,-1.5621,8.00260416666667));
#3479=CARTESIAN_POINT('',(2.28707313300669,-2.28707313300669,7.96953125));
#3480=CARTESIAN_POINT('',(1.5621,-2.70563656650334,7.93645833333333));
#3481=CARTESIAN_POINT('',(0.837126866993314,-3.1242,7.90338541666667));
#3482=CARTESIAN_POINT('',(1.91302076494808E-16,-3.1242,7.8703125));
#3483=CARTESIAN_POINT('',(-0.837126866993313,-3.1242,7.83723958333333));
#3484=CARTESIAN_POINT('',(-1.5621,-2.70563656650334,7.80416666666667));
#3485=CARTESIAN_POINT('',(-2.28707313300669,-2.28707313300669,7.77109375));
#3486=CARTESIAN_POINT('',(-2.70563656650334,-1.5621,7.73802083333333));
#3487=CARTESIAN_POINT('',(-3.1242,-0.837126866993314,7.70494791666667));
#3488=CARTESIAN_POINT('',(-3.1242,-3.82604152989616E-16,7.671875));
#3489=CARTESIAN_POINT('',(-3.1242,0.837126866993312,7.63880208333333));
#3490=CARTESIAN_POINT('',(-2.70563656650334,1.5621,7.60572916666667));
#3491=CARTESIAN_POINT('',(-2.28707313300669,2.28707313300668,7.57265625));
#3492=CARTESIAN_POINT('',(-1.5621,2.70563656650334,7.53958333333333));
#3493=CARTESIAN_POINT('',(-0.837126866993316,3.1242,7.50651041666667));
#3494=CARTESIAN_POINT('',(-5.73906229484424E-16,3.1242,7.4734375));
#3495=CARTESIAN_POINT('',(0.837126866993312,3.1242,7.44036458333333));
#3496=CARTESIAN_POINT('',(1.5621,2.70563656650334,7.40729166666667));
#3497=CARTESIAN_POINT('',(2.28707313300669,2.28707313300669,7.37421875));
#3498=CARTESIAN_POINT('',(2.70563656650334,1.5621,7.34114583333333));
#3499=CARTESIAN_POINT('',(3.1242,0.837126866993316,7.30807291666667));
#3500=CARTESIAN_POINT('',(3.1242,0.,7.275));
#3501=CARTESIAN_POINT('',(3.1242,-0.837126866993313,7.24192708333333));
#3502=CARTESIAN_POINT('',(2.70563656650334,-1.5621,7.20885416666667));
#3503=CARTESIAN_POINT('',(2.28707313300669,-2.28707313300669,7.17578125));
#3504=CARTESIAN_POINT('',(1.5621,-2.70563656650334,7.14270833333333));
#3505=CARTESIAN_POINT('',(0.837126866993314,-3.1242,7.10963541666667));
#3506=CARTESIAN_POINT('',(1.91302076494808E-16,-3.1242,7.0765625));
#3507=CARTESIAN_POINT('',(-0.837126866993313,-3.1242,7.04348958333333));
#3508=CARTESIAN_POINT('',(-1.5621,-2.70563656650334,7.01041666666667));
#3509=CARTESIAN_POINT('',(-2.28707313300669,-2.28707313300669,6.97734375));
#3510=CARTESIAN_POINT('',(-2.70563656650334,-1.5621,6.94427083333334));
#3511=CARTESIAN_POINT('',(-3.1242,-0.837126866993314,6.91119791666667));
#3512=CARTESIAN_POINT('',(-3.1242,-3.82604152989616E-16,6.878125));
#3513=CARTESIAN_POINT('',(-3.1242,0.837126866993312,6.84505208333333));
#3514=CARTESIAN_POINT('',(-2.70563656650334,1.5621,6.81197916666667));
#3515=CARTESIAN_POINT('',(-2.28707313300669,2.28707313300668,6.77890625));
#3516=CARTESIAN_POINT('',(-1.5621,2.70563656650334,6.74583333333333));
#3517=CARTESIAN_POINT('',(-0.837126866993316,3.1242,6.71276041666667));
#3518=CARTESIAN_POINT('',(-5.73906229484424E-16,3.1242,6.6796875));
#3519=CARTESIAN_POINT('',(0.837126866993312,3.1242,6.64661458333333));
#3520=CARTESIAN_POINT('',(1.5621,2.70563656650334,6.61354166666667));
#3521=CARTESIAN_POINT('',(2.28707313300669,2.28707313300669,6.58046875));
#3522=CARTESIAN_POINT('',(2.70563656650334,1.5621,6.54739583333333));
#3523=CARTESIAN_POINT('',(3.1242,0.837126866993316,6.51432291666667));
#3524=CARTESIAN_POINT('',(3.1242,0.,6.48125));
#3525=CARTESIAN_POINT('',(3.1242,-0.837126866993313,6.44817708333333));
#3526=CARTESIAN_POINT('',(2.70563656650334,-1.5621,6.41510416666667));
#3527=CARTESIAN_POINT('',(2.28707313300669,-2.28707313300669,6.38203125));
#3528=CARTESIAN_POINT('',(1.5621,-2.70563656650334,6.34895833333333));
#3529=CARTESIAN_POINT('',(0.837126866993314,-3.1242,6.31588541666667));
#3530=CARTESIAN_POINT('',(1.91302076494808E-16,-3.1242,6.2828125));
#3531=CARTESIAN_POINT('',(-0.837126866993313,-3.1242,6.24973958333333));
#3532=CARTESIAN_POINT('',(-1.5621,-2.70563656650334,6.21666666666667));
#3533=CARTESIAN_POINT('',(-2.28707313300669,-2.28707313300669,6.18359375));
#3534=CARTESIAN_POINT('',(-2.70563656650334,-1.5621,6.15052083333333));
#3535=CARTESIAN_POINT('',(-3.1242,-0.837126866993314,6.11744791666667));
#3536=CARTESIAN_POINT('',(-3.1242,-3.82604152989616E-16,6.084375));
#3537=CARTESIAN_POINT('',(-3.1242,0.837126866993312,6.05130208333333));
#3538=CARTESIAN_POINT('',(-2.70563656650334,1.5621,6.01822916666667));
#3539=CARTESIAN_POINT('',(-2.28707313300669,2.28707313300668,5.98515625));
#3540=CARTESIAN_POINT('',(-1.5621,2.70563656650334,5.95208333333333));
#3541=CARTESIAN_POINT('',(-0.837126866993316,3.1242,5.91901041666667));
#3542=CARTESIAN_POINT('',(-5.73906229484424E-16,3.1242,5.8859375));
#3543=CARTESIAN_POINT('',(0.837126866993312,3.1242,5.85286458333333));
#3544=CARTESIAN_POINT('',(1.5621,2.70563656650334,5.81979166666667));
#3545=CARTESIAN_POINT('',(2.28707313300669,2.28707313300669,5.78671875));
#3546=CARTESIAN_POINT('',(2.70563656650334,1.5621,5.75364583333333));
#3547=CARTESIAN_POINT('',(3.1242,0.837126866993316,5.72057291666667));
#3548=CARTESIAN_POINT('',(3.1242,0.,5.6875));
#3549=CARTESIAN_POINT('',(3.1242,-0.837126866993313,5.65442708333333));
#3550=CARTESIAN_POINT('',(2.70563656650334,-1.5621,5.62135416666667));
#3551=CARTESIAN_POINT('',(2.28707313300669,-2.28707313300669,5.58828125));
#3552=CARTESIAN_POINT('',(1.5621,-2.70563656650334,5.55520833333333));
#3553=CARTESIAN_POINT('',(0.837126866993314,-3.1242,5.52213541666667));
#3554=CARTESIAN_POINT('',(1.91302076494808E-16,-3.1242,5.4890625));
#3555=CARTESIAN_POINT('',(-0.837126866993313,-3.1242,5.45598958333334));
#3556=CARTESIAN_POINT('',(-1.5621,-2.70563656650334,5.42291666666667));
#3557=CARTESIAN_POINT('',(-2.28707313300669,-2.28707313300669,5.38984375));
#3558=CARTESIAN_POINT('',(-2.70563656650334,-1.5621,5.35677083333333));
#3559=CARTESIAN_POINT('',(-3.1242,-0.837126866993314,5.32369791666667));
#3560=CARTESIAN_POINT('',(-3.1242,-3.82604152989616E-16,5.290625));
#3561=CARTESIAN_POINT('',(-3.1242,0.837126866993312,5.25755208333333));
#3562=CARTESIAN_POINT('',(-2.70563656650334,1.5621,5.22447916666667));
#3563=CARTESIAN_POINT('',(-2.28707313300669,2.28707313300668,5.19140625));
#3564=CARTESIAN_POINT('',(-1.5621,2.70563656650334,5.15833333333333));
#3565=CARTESIAN_POINT('',(-0.837126866993316,3.1242,5.12526041666667));
#3566=CARTESIAN_POINT('',(-5.73906229484424E-16,3.1242,5.0921875));
#3567=CARTESIAN_POINT('',(0.837126866993312,3.1242,5.05911458333333));
#3568=CARTESIAN_POINT('',(1.5621,2.70563656650334,5.02604166666667));
#3569=CARTESIAN_POINT('',(2.28707313300669,2.28707313300669,4.99296875));
#3570=CARTESIAN_POINT('',(2.70563656650334,1.5621,4.95989583333334));
#3571=CARTESIAN_POINT('',(3.1242,0.837126866993316,4.92682291666667));
#3572=CARTESIAN_POINT('',(3.1242,0.,4.89375));
#3573=CARTESIAN_POINT('',(3.1242,-0.837126866993313,4.86067708333333));
#3574=CARTESIAN_POINT('',(2.70563656650334,-1.5621,4.82760416666667));
#3575=CARTESIAN_POINT('',(2.28707313300669,-2.28707313300669,4.79453125));
#3576=CARTESIAN_POINT('',(1.5621,-2.70563656650334,4.76145833333333));
#3577=CARTESIAN_POINT('',(0.837126866993314,-3.1242,4.72838541666667));
#3578=CARTESIAN_POINT('',(1.91302076494808E-16,-3.1242,4.6953125));
#3579=CARTESIAN_POINT('',(-0.837126866993313,-3.1242,4.66223958333333));
#3580=CARTESIAN_POINT('',(-1.5621,-2.70563656650334,4.62916666666667));
#3581=CARTESIAN_POINT('',(-2.28707313300669,-2.28707313300669,4.59609375));
#3582=CARTESIAN_POINT('',(-2.70563656650334,-1.5621,4.56302083333333));
#3583=CARTESIAN_POINT('',(-3.1242,-0.837126866993314,4.52994791666667));
#3584=CARTESIAN_POINT('',(-3.1242,-3.82604152989616E-16,4.496875));
#3585=CARTESIAN_POINT('',(-3.1242,0.837126866993312,4.46380208333334));
#3586=CARTESIAN_POINT('',(-2.70563656650334,1.5621,4.43072916666667));
#3587=CARTESIAN_POINT('',(-2.28707313300669,2.28707313300668,4.39765625));
#3588=CARTESIAN_POINT('',(-1.5621,2.70563656650334,4.36458333333333));
#3589=CARTESIAN_POINT('',(-0.837126866993316,3.1242,4.33151041666667));
#3590=CARTESIAN_POINT('',(-5.73906229484424E-16,3.1242,4.2984375));
#3591=CARTESIAN_POINT('',(0.837126866993312,3.1242,4.26536458333333));
#3592=CARTESIAN_POINT('',(1.5621,2.70563656650334,4.23229166666667));
#3593=CARTESIAN_POINT('',(2.28707313300669,2.28707313300669,4.19921875));
#3594=CARTESIAN_POINT('',(2.70563656650334,1.5621,4.16614583333333));
#3595=CARTESIAN_POINT('',(3.1242,0.837126866993316,4.13307291666667));
#3596=CARTESIAN_POINT('',(3.1242,0.,4.1));
#3597=CARTESIAN_POINT('',(-1.94406258669302E-16,-3.175,7.05));
#3598=CARTESIAN_POINT('',(0.,0.,7.05));
#3599=CARTESIAN_POINT('',(2.7242,0.,7.05));
#3600=CARTESIAN_POINT('',(0.,0.,7.05));
#3601=CARTESIAN_POINT('',(-2.675,0.,7.05));
#3602=CARTESIAN_POINT('',(0.,0.,7.82265734609818));
#3603=CARTESIAN_POINT('',(0.,0.,3.75));
#3604=CARTESIAN_POINT('',(-2.675,0.,3.75));
#3605=CARTESIAN_POINT('',(0.,0.,3.75));
#3606=CARTESIAN_POINT('',(0.,0.,9.65));
#3607=CARTESIAN_POINT('',(0.,0.,9.65));
#3608=CARTESIAN_POINT('',(2.25,0.,9.65));
#3609=CARTESIAN_POINT('',(0.,0.,9.65));
#3610=CARTESIAN_POINT('',(0.,0.,9.65));
#3611=CARTESIAN_POINT('',(1.9,0.,9.65));
#3612=CARTESIAN_POINT('',(0.,0.,9.50704541809271));
#3613=CARTESIAN_POINT('',(0.,0.,9.54704541809271));
#3614=CARTESIAN_POINT('',(1.9,0.,9.54704541809271));
#3615=CARTESIAN_POINT('',(0.,0.,9.54704541809271));
#3616=CARTESIAN_POINT('',(0.,0.,9.54704541809271));
#3617=CARTESIAN_POINT('',(0.025,0.62449979983984,9.54704541809271));
#3618=CARTESIAN_POINT('',(-0.025,0.714985804468658,9.54704541809271));
#3619=CARTESIAN_POINT('',(-0.025,0.536902409365063,9.54704541809271));
#3620=CARTESIAN_POINT('',(-0.025,0.536902409365063,9.54704541809271));
#3621=CARTESIAN_POINT('',(0.025,0.536902409365063,9.54704541809271));
#3622=CARTESIAN_POINT('',(0.025,0.185014201588103,9.54704541809271));
#3623=CARTESIAN_POINT('',(0.,0.,9.65));
#3624=CARTESIAN_POINT('',(0.025,0.62449979983984,9.65));
#3625=CARTESIAN_POINT('',(0.,0.,7.54704541809271));
#3626=CARTESIAN_POINT('',(0.,0.,7.99704541809271));
#3627=CARTESIAN_POINT('',(-0.45,0.,7.99704541809271));
#3628=CARTESIAN_POINT('',(0.,0.,9.55));
#3629=CARTESIAN_POINT('',(0.025,0.449305018890286,9.55));
#3630=CARTESIAN_POINT('',(0.025,0.449305018890286,7.54704541809271));
#3631=CARTESIAN_POINT('',(0.025,0.449305018890286,8.04704541809271));
#3632=CARTESIAN_POINT('',(0.,0.,8.04704541809271));
#3633=CARTESIAN_POINT('',(-0.025,0.449305018890286,8.04704541809271));
#3634=CARTESIAN_POINT('',(-0.025,0.449305018890286,7.54704541809271));
#3635=CARTESIAN_POINT('',(-0.025,0.449305018890286,9.55));
#3636=CARTESIAN_POINT('',(0.,0.,9.55));
#3637=CARTESIAN_POINT('',(0.,0.,9.55));
#3638=CARTESIAN_POINT('',(0.,0.,9.55));
#3639=CARTESIAN_POINT('',(-0.025,0.449305018890286,9.54704541809271));
#3640=CARTESIAN_POINT('',(-0.025,0.549431524395898,9.65));
#3641=CARTESIAN_POINT('',(-0.025,0.516059858041772,9.61666282633349));
#3642=CARTESIAN_POINT('',(-0.025,0.482685209733155,9.58332863839382));
#3643=CARTESIAN_POINT('',(-0.025,0.449305018890286,9.55));
#3644=CARTESIAN_POINT('',(-0.025,0.449305018890286,8.04704541809271));
#3645=CARTESIAN_POINT('',(-0.025,0.536902409365063,8.04704541809271));
#3646=CARTESIAN_POINT('',(-0.025,0.536902409365063,8.04704541809271));
#3647=CARTESIAN_POINT('',(0.025,0.62449979983984,9.54704541809271));
#3648=CARTESIAN_POINT('',(0.025,0.449305018890286,9.55));
#3649=CARTESIAN_POINT('',(0.025,0.482685209733155,9.58332863839382));
#3650=CARTESIAN_POINT('',(0.025,0.516059858041772,9.6166628263335));
#3651=CARTESIAN_POINT('',(0.025,0.549431524395898,9.65));
#3652=CARTESIAN_POINT('',(0.025,0.536902409365063,8.04704541809271));
#3653=CARTESIAN_POINT('',(0.025,0.536902409365063,8.04704541809271));
#3654=CARTESIAN_POINT('',(0.025,0.536902409365063,8.04704541809271));
#3655=CARTESIAN_POINT('',(1.35525271560688E-17,0.449305018890286,8.04704541809271));
#3656=CARTESIAN_POINT('',(-0.025,0.536902409365063,8.04704541809271));
#3657=CARTESIAN_POINT('',(-0.025,0.536902409365063,8.04704541809271));
#3658=CARTESIAN_POINT('',(0.,0.,9.65));
#3659=CARTESIAN_POINT('',(0.,0.,9.65));
#3660=CARTESIAN_POINT('',(0.,0.,9.65));
#3661=CARTESIAN_POINT('',(0.,0.,9.65));
#3662=CARTESIAN_POINT('',(0.,0.,7.45));
#3663=CARTESIAN_POINT('',(0.,0.,7.45));
#3664=CARTESIAN_POINT('',(0.,0.,10.85));
#3665=CARTESIAN_POINT('',(0.,0.,10.45));
#3666=CARTESIAN_POINT('',(0.,0.,7.45));
#3667=CARTESIAN_POINT('',(-1.47401275723535,-2.25570463246874,7.45));
#3668=CARTESIAN_POINT('',(-2.31973825304323,-1.79523487260212,7.45));
#3669=CARTESIAN_POINT('',(-3.41212368023302,0.0534994126261457,7.45));
#3670=CARTESIAN_POINT('',(-2.52116269036352,1.97789613939459,7.45));
#3671=CARTESIAN_POINT('',(-1.76775799950152,2.57597695936864,7.45));
#3672=CARTESIAN_POINT('',(-1.47401275723533,-2.25570463246875,7.45));
#3673=CARTESIAN_POINT('',(0.57875042437431,3.07012598866668,7.45));
#3674=CARTESIAN_POINT('',(1.51049375051787,2.82540413957755,7.45));
#3675=CARTESIAN_POINT('',(2.69407955090621,1.78249420787512,7.45000000000001));
#3676=CARTESIAN_POINT('',(2.92618527674111,-0.186243317692413,7.44999999999999));
#3677=CARTESIAN_POINT('',(2.55078294183012,-1.09320456702744,7.45));
#3678=CARTESIAN_POINT('',(2.25549412525078,-1.47433484948049,7.45));
#3679=CARTESIAN_POINT('',(2.25549412525078,-1.47433484948049,7.45));
#3680=CARTESIAN_POINT('',(0.,0.,7.45));
#3681=CARTESIAN_POINT('',(-3.03739143271277,0.731354171713734,10.717780697065));
#3682=CARTESIAN_POINT('',(-2.93159890876306,1.17072174260891,10.6993023918723));
#3683=CARTESIAN_POINT('',(-2.70563656650334,1.5621,10.6814479088542));
#3684=CARTESIAN_POINT('',(-2.28707313300669,2.28707313300668,10.6483749921875));
#3685=CARTESIAN_POINT('',(-1.5621,2.70563656650334,10.6153020755208));
#3686=CARTESIAN_POINT('',(-0.837126866993316,3.1242,10.5822291588542));
#3687=CARTESIAN_POINT('',(-5.73906229484424E-16,3.1242,10.5491562421875));
#3688=CARTESIAN_POINT('',(0.837126866993312,3.1242,10.5160833255208));
#3689=CARTESIAN_POINT('',(1.5621,2.70563656650334,10.4830104088542));
#3690=CARTESIAN_POINT('',(2.28707313300669,2.28707313300669,10.4499374921875));
#3691=CARTESIAN_POINT('',(2.70563656650334,1.5621,10.4168645755208));
#3692=CARTESIAN_POINT('',(3.1242,0.837126866993316,10.3837916588542));
#3693=CARTESIAN_POINT('',(3.1242,0.,10.3507187421875));
#3694=CARTESIAN_POINT('',(3.1242,-0.837126866993313,10.3176458255208));
#3695=CARTESIAN_POINT('',(2.70563656650334,-1.5621,10.2845729088542));
#3696=CARTESIAN_POINT('',(2.28707313300669,-2.28707313300669,10.2514999921875));
#3697=CARTESIAN_POINT('',(1.5621,-2.70563656650334,10.2184270755208));
#3698=CARTESIAN_POINT('',(0.837126866993314,-3.1242,10.1853541588542));
#3699=CARTESIAN_POINT('',(1.91302076494808E-16,-3.1242,10.1522812421875));
#3700=CARTESIAN_POINT('',(-0.837126866993313,-3.1242,10.1192083255208));
#3701=CARTESIAN_POINT('',(-1.5621,-2.70563656650334,10.0861354088542));
#3702=CARTESIAN_POINT('',(-2.28707313300669,-2.28707313300669,10.0530624921875));
#3703=CARTESIAN_POINT('',(-2.70563656650334,-1.5621,10.0199895755208));
#3704=CARTESIAN_POINT('',(-3.1242,-0.837126866993314,9.98691665885417));
#3705=CARTESIAN_POINT('',(-3.1242,-3.82604152989616E-16,9.9538437421875));
#3706=CARTESIAN_POINT('',(-3.1242,0.837126866993312,9.92077082552083));
#3707=CARTESIAN_POINT('',(-2.70563656650334,1.5621,9.88769790885417));
#3708=CARTESIAN_POINT('',(-2.28707313300669,2.28707313300668,9.8546249921875));
#3709=CARTESIAN_POINT('',(-1.5621,2.70563656650334,9.82155207552083));
#3710=CARTESIAN_POINT('',(-0.837126866993316,3.1242,9.78847915885417));
#3711=CARTESIAN_POINT('',(-5.73906229484424E-16,3.1242,9.7554062421875));
#3712=CARTESIAN_POINT('',(0.837126866993312,3.1242,9.72233332552083));
#3713=CARTESIAN_POINT('',(1.5621,2.70563656650334,9.68926040885417));
#3714=CARTESIAN_POINT('',(2.28707313300669,2.28707313300669,9.6561874921875));
#3715=CARTESIAN_POINT('',(2.70563656650334,1.5621,9.62311457552083));
#3716=CARTESIAN_POINT('',(3.1242,0.837126866993316,9.59004165885417));
#3717=CARTESIAN_POINT('',(3.1242,0.,9.5569687421875));
#3718=CARTESIAN_POINT('',(3.1242,-0.837126866993313,9.52389582552083));
#3719=CARTESIAN_POINT('',(2.70563656650334,-1.5621,9.49082290885417));
#3720=CARTESIAN_POINT('',(2.28707313300669,-2.28707313300669,9.4577499921875));
#3721=CARTESIAN_POINT('',(1.5621,-2.70563656650334,9.42467707552083));
#3722=CARTESIAN_POINT('',(0.837126866993314,-3.1242,9.39160415885417));
#3723=CARTESIAN_POINT('',(1.91302076494808E-16,-3.1242,9.3585312421875));
#3724=CARTESIAN_POINT('',(-0.837126866993313,-3.1242,9.32545832552083));
#3725=CARTESIAN_POINT('',(-1.5621,-2.70563656650334,9.29238540885417));
#3726=CARTESIAN_POINT('',(-2.28707313300669,-2.28707313300669,9.2593124921875));
#3727=CARTESIAN_POINT('',(-2.70563656650334,-1.5621,9.22623957552083));
#3728=CARTESIAN_POINT('',(-3.1242,-0.837126866993314,9.19316665885417));
#3729=CARTESIAN_POINT('',(-3.1242,-3.82604152989616E-16,9.1600937421875));
#3730=CARTESIAN_POINT('',(-3.1242,0.837126866993312,9.12702082552083));
#3731=CARTESIAN_POINT('',(-2.70563656650334,1.5621,9.09394790885417));
#3732=CARTESIAN_POINT('',(-2.28707313300669,2.28707313300668,9.0608749921875));
#3733=CARTESIAN_POINT('',(-1.5621,2.70563656650334,9.02780207552083));
#3734=CARTESIAN_POINT('',(-0.837126866993316,3.1242,8.99472915885417));
#3735=CARTESIAN_POINT('',(-5.73906229484424E-16,3.1242,8.9616562421875));
#3736=CARTESIAN_POINT('',(0.837126866993312,3.1242,8.92858332552083));
#3737=CARTESIAN_POINT('',(1.5621,2.70563656650334,8.89551040885417));
#3738=CARTESIAN_POINT('',(2.28707313300669,2.28707313300669,8.8624374921875));
#3739=CARTESIAN_POINT('',(2.70563656650334,1.5621,8.82936457552083));
#3740=CARTESIAN_POINT('',(3.1242,0.837126866993316,8.79629165885417));
#3741=CARTESIAN_POINT('',(3.1242,0.,8.7632187421875));
#3742=CARTESIAN_POINT('',(3.1242,-0.837126866993313,8.73014582552083));
#3743=CARTESIAN_POINT('',(2.70563656650334,-1.5621,8.69707290885417));
#3744=CARTESIAN_POINT('',(2.28707313300669,-2.28707313300669,8.6639999921875));
#3745=CARTESIAN_POINT('',(1.5621,-2.70563656650334,8.63092707552083));
#3746=CARTESIAN_POINT('',(0.837126866993314,-3.1242,8.59785415885417));
#3747=CARTESIAN_POINT('',(1.91302076494808E-16,-3.1242,8.5647812421875));
#3748=CARTESIAN_POINT('',(-0.837126866993313,-3.1242,8.53170832552083));
#3749=CARTESIAN_POINT('',(-1.5621,-2.70563656650334,8.49863540885417));
#3750=CARTESIAN_POINT('',(-2.28707313300669,-2.28707313300669,8.4655624921875));
#3751=CARTESIAN_POINT('',(-2.70563656650334,-1.5621,8.43248957552083));
#3752=CARTESIAN_POINT('',(-3.1242,-0.837126866993314,8.39941665885417));
#3753=CARTESIAN_POINT('',(-3.1242,-3.82604152989616E-16,8.3663437421875));
#3754=CARTESIAN_POINT('',(-3.1242,0.837126866993312,8.33327082552084));
#3755=CARTESIAN_POINT('',(-2.70563656650334,1.5621,8.30019790885417));
#3756=CARTESIAN_POINT('',(-2.28707313300669,2.28707313300668,8.2671249921875));
#3757=CARTESIAN_POINT('',(-1.5621,2.70563656650334,8.23405207552083));
#3758=CARTESIAN_POINT('',(-0.837126866993316,3.1242,8.20097915885417));
#3759=CARTESIAN_POINT('',(-5.73906229484424E-16,3.1242,8.1679062421875));
#3760=CARTESIAN_POINT('',(0.837126866993312,3.1242,8.13483332552083));
#3761=CARTESIAN_POINT('',(1.5621,2.70563656650334,8.10176040885417));
#3762=CARTESIAN_POINT('',(2.28707313300669,2.28707313300669,8.0686874921875));
#3763=CARTESIAN_POINT('',(2.70563656650334,1.5621,8.03561457552083));
#3764=CARTESIAN_POINT('',(3.1242,0.837126866993316,8.00254165885417));
#3765=CARTESIAN_POINT('',(3.1242,0.,7.9694687421875));
#3766=CARTESIAN_POINT('',(3.1242,-0.837126866993313,7.93639582552083));
#3767=CARTESIAN_POINT('',(2.70563656650334,-1.5621,7.90332290885417));
#3768=CARTESIAN_POINT('',(2.28707313300669,-2.28707313300669,7.8702499921875));
#3769=CARTESIAN_POINT('',(1.5621,-2.70563656650334,7.83717707552083));
#3770=CARTESIAN_POINT('',(0.837126866993314,-3.1242,7.80410415885417));
#3771=CARTESIAN_POINT('',(1.91302076494808E-16,-3.1242,7.7710312421875));
#3772=CARTESIAN_POINT('',(-0.837126866993313,-3.1242,7.73795832552083));
#3773=CARTESIAN_POINT('',(-1.5621,-2.70563656650334,7.70488540885417));
#3774=CARTESIAN_POINT('',(-2.28707313300669,-2.28707313300669,7.6718124921875));
#3775=CARTESIAN_POINT('',(-2.70563656650334,-1.5621,7.63873957552083));
#3776=CARTESIAN_POINT('',(-3.1242,-0.837126866993314,7.60566665885417));
#3777=CARTESIAN_POINT('',(-3.1242,-3.82604152989616E-16,7.5725937421875));
#3778=CARTESIAN_POINT('',(-3.1242,0.837126866993312,7.53952082552083));
#3779=CARTESIAN_POINT('',(-2.70563656650334,1.5621,7.50644790885417));
#3780=CARTESIAN_POINT('',(-2.28707313300669,2.28707313300668,7.4733749921875));
#3781=CARTESIAN_POINT('',(-1.5621,2.70563656650334,7.44030207552083));
#3782=CARTESIAN_POINT('',(-1.46009521248378,2.76452905803447,7.43564866743779));
#3783=CARTESIAN_POINT('',(-1.35394569237423,2.81557395607028,7.43091458566818));
#3784=CARTESIAN_POINT('',(-2.61973686577716,0.63078978393878,10.4697561462838));
#3785=CARTESIAN_POINT('',(-2.52849127519249,1.00974239791684,10.451277841091));
#3786=CARTESIAN_POINT('',(-2.33359974033147,1.34730443826121,10.4334233580729));
#3787=CARTESIAN_POINT('',(-1.97259060414051,1.97259060414051,10.4003504414063));
#3788=CARTESIAN_POINT('',(-1.34730443826122,2.33359974033147,10.3672775247396));
#3789=CARTESIAN_POINT('',(-0.722018272381921,2.69460887652243,10.3342046080729));
#3790=CARTESIAN_POINT('',(-4.94991620338086E-16,2.69460887652243,10.3011316914062));
#3791=CARTESIAN_POINT('',(0.722018272381918,2.69460887652243,10.2680587747396));
#3792=CARTESIAN_POINT('',(1.34730443826121,2.33359974033147,10.2349858580729));
#3793=CARTESIAN_POINT('',(1.97259060414051,1.97259060414051,10.2019129414063));
#3794=CARTESIAN_POINT('',(2.33359974033147,1.34730443826122,10.1688400247396));
#3795=CARTESIAN_POINT('',(2.69460887652243,0.722018272381922,10.1357671080729));
#3796=CARTESIAN_POINT('',(2.69460887652243,0.,10.1026941914063));
#3797=CARTESIAN_POINT('',(2.69460887652243,-0.722018272381919,10.0696212747396));
#3798=CARTESIAN_POINT('',(2.33359974033147,-1.34730443826121,10.0365483580729));
#3799=CARTESIAN_POINT('',(1.97259060414051,-1.97259060414051,10.0034754414063));
#3800=CARTESIAN_POINT('',(1.34730443826121,-2.33359974033147,9.97040252473958));
#3801=CARTESIAN_POINT('',(0.72201827238192,-2.69460887652243,9.93732960807292));
#3802=CARTESIAN_POINT('',(1.64997206779362E-16,-2.69460887652243,9.90425669140625));
#3803=CARTESIAN_POINT('',(-0.722018272381919,-2.69460887652243,9.87118377473958));
#3804=CARTESIAN_POINT('',(-1.34730443826121,-2.33359974033147,9.83811085807292));
#3805=CARTESIAN_POINT('',(-1.97259060414051,-1.97259060414051,9.80503794140625));
#3806=CARTESIAN_POINT('',(-2.33359974033147,-1.34730443826121,9.77196502473958));
#3807=CARTESIAN_POINT('',(-2.69460887652243,-0.72201827238192,9.73889210807292));
#3808=CARTESIAN_POINT('',(-2.69460887652243,-3.29994413558724E-16,9.70581919140625));
#3809=CARTESIAN_POINT('',(-2.69460887652243,0.722018272381918,9.67274627473958));
#3810=CARTESIAN_POINT('',(-2.33359974033147,1.34730443826121,9.63967335807292));
#3811=CARTESIAN_POINT('',(-1.97259060414051,1.97259060414051,9.60660044140625));
#3812=CARTESIAN_POINT('',(-1.34730443826122,2.33359974033147,9.57352752473958));
#3813=CARTESIAN_POINT('',(-0.722018272381921,2.69460887652243,9.54045460807292));
#3814=CARTESIAN_POINT('',(-4.94991620338086E-16,2.69460887652243,9.50738169140625));
#3815=CARTESIAN_POINT('',(0.722018272381918,2.69460887652243,9.47430877473958));
#3816=CARTESIAN_POINT('',(1.34730443826121,2.33359974033147,9.44123585807292));
#3817=CARTESIAN_POINT('',(1.97259060414051,1.97259060414051,9.40816294140625));
#3818=CARTESIAN_POINT('',(2.33359974033147,1.34730443826122,9.37509002473958));
#3819=CARTESIAN_POINT('',(2.69460887652243,0.722018272381922,9.34201710807292));
#3820=CARTESIAN_POINT('',(2.69460887652243,0.,9.30894419140625));
#3821=CARTESIAN_POINT('',(2.69460887652243,-0.722018272381919,9.27587127473958));
#3822=CARTESIAN_POINT('',(2.33359974033147,-1.34730443826121,9.24279835807292));
#3823=CARTESIAN_POINT('',(1.97259060414051,-1.97259060414051,9.20972544140625));
#3824=CARTESIAN_POINT('',(1.34730443826121,-2.33359974033147,9.17665252473958));
#3825=CARTESIAN_POINT('',(0.72201827238192,-2.69460887652243,9.14357960807292));
#3826=CARTESIAN_POINT('',(1.64997206779362E-16,-2.69460887652243,9.11050669140625));
#3827=CARTESIAN_POINT('',(-0.722018272381919,-2.69460887652243,9.07743377473958));
#3828=CARTESIAN_POINT('',(-1.34730443826121,-2.33359974033147,9.04436085807292));
#3829=CARTESIAN_POINT('',(-1.97259060414051,-1.97259060414051,9.01128794140625));
#3830=CARTESIAN_POINT('',(-2.33359974033147,-1.34730443826121,8.97821502473958));
#3831=CARTESIAN_POINT('',(-2.69460887652243,-0.72201827238192,8.94514210807292));
#3832=CARTESIAN_POINT('',(-2.69460887652243,-3.29994413558724E-16,8.91206919140625));
#3833=CARTESIAN_POINT('',(-2.69460887652243,0.722018272381918,8.87899627473958));
#3834=CARTESIAN_POINT('',(-2.33359974033147,1.34730443826121,8.84592335807292));
#3835=CARTESIAN_POINT('',(-1.97259060414051,1.97259060414051,8.81285044140625));
#3836=CARTESIAN_POINT('',(-1.34730443826122,2.33359974033147,8.77977752473958));
#3837=CARTESIAN_POINT('',(-0.722018272381921,2.69460887652243,8.74670460807292));
#3838=CARTESIAN_POINT('',(-4.94991620338086E-16,2.69460887652243,8.71363169140625));
#3839=CARTESIAN_POINT('',(0.722018272381918,2.69460887652243,8.68055877473958));
#3840=CARTESIAN_POINT('',(1.34730443826121,2.33359974033147,8.64748585807292));
#3841=CARTESIAN_POINT('',(1.97259060414051,1.97259060414051,8.61441294140625));
#3842=CARTESIAN_POINT('',(2.33359974033147,1.34730443826122,8.58134002473958));
#3843=CARTESIAN_POINT('',(2.69460887652243,0.722018272381922,8.54826710807292));
#3844=CARTESIAN_POINT('',(2.69460887652243,0.,8.51519419140625));
#3845=CARTESIAN_POINT('',(2.69460887652243,-0.722018272381919,8.48212127473959));
#3846=CARTESIAN_POINT('',(2.33359974033147,-1.34730443826121,8.44904835807292));
#3847=CARTESIAN_POINT('',(1.97259060414051,-1.97259060414051,8.41597544140625));
#3848=CARTESIAN_POINT('',(1.34730443826121,-2.33359974033147,8.38290252473958));
#3849=CARTESIAN_POINT('',(0.72201827238192,-2.69460887652243,8.34982960807292));
#3850=CARTESIAN_POINT('',(1.64997206779362E-16,-2.69460887652243,8.31675669140625));
#3851=CARTESIAN_POINT('',(-0.722018272381919,-2.69460887652243,8.28368377473958));
#3852=CARTESIAN_POINT('',(-1.34730443826121,-2.33359974033147,8.25061085807292));
#3853=CARTESIAN_POINT('',(-1.97259060414051,-1.97259060414051,8.21753794140625));
#3854=CARTESIAN_POINT('',(-2.33359974033147,-1.34730443826121,8.18446502473958));
#3855=CARTESIAN_POINT('',(-2.69460887652243,-0.72201827238192,8.15139210807292));
#3856=CARTESIAN_POINT('',(-2.69460887652243,-3.29994413558724E-16,8.11831919140625));
#3857=CARTESIAN_POINT('',(-2.69460887652243,0.722018272381918,8.08524627473958));
#3858=CARTESIAN_POINT('',(-2.33359974033147,1.34730443826121,8.05217335807292));
#3859=CARTESIAN_POINT('',(-1.97259060414051,1.97259060414051,8.01910044140625));
#3860=CARTESIAN_POINT('',(-1.34730443826122,2.33359974033147,7.98602752473959));
#3861=CARTESIAN_POINT('',(-0.722018272381921,2.69460887652243,7.95295460807292));
#3862=CARTESIAN_POINT('',(-4.94991620338086E-16,2.69460887652243,7.91988169140625));
#3863=CARTESIAN_POINT('',(0.722018272381918,2.69460887652243,7.88680877473958));
#3864=CARTESIAN_POINT('',(1.34730443826121,2.33359974033147,7.85373585807292));
#3865=CARTESIAN_POINT('',(1.97259060414051,1.97259060414051,7.82066294140625));
#3866=CARTESIAN_POINT('',(2.33359974033147,1.34730443826122,7.78759002473958));
#3867=CARTESIAN_POINT('',(2.69460887652243,0.722018272381922,7.75451710807292));
#3868=CARTESIAN_POINT('',(2.69460887652243,0.,7.72144419140625));
#3869=CARTESIAN_POINT('',(2.69460887652243,-0.722018272381919,7.68837127473958));
#3870=CARTESIAN_POINT('',(2.33359974033147,-1.34730443826121,7.65529835807292));
#3871=CARTESIAN_POINT('',(1.97259060414051,-1.97259060414051,7.62222544140625));
#3872=CARTESIAN_POINT('',(1.34730443826121,-2.33359974033147,7.58915252473958));
#3873=CARTESIAN_POINT('',(0.72201827238192,-2.69460887652243,7.55607960807292));
#3874=CARTESIAN_POINT('',(1.64997206779362E-16,-2.69460887652243,7.52300669140625));
#3875=CARTESIAN_POINT('',(-0.722018272381919,-2.69460887652243,7.48993377473958));
#3876=CARTESIAN_POINT('',(-1.34730443826121,-2.33359974033147,7.45686085807292));
#3877=CARTESIAN_POINT('',(-1.97259060414051,-1.97259060414051,7.42378794140625));
#3878=CARTESIAN_POINT('',(-2.33359974033147,-1.34730443826121,7.39071502473958));
#3879=CARTESIAN_POINT('',(-2.69460887652243,-0.72201827238192,7.35764210807292));
#3880=CARTESIAN_POINT('',(-2.69460887652243,-3.29994413558724E-16,7.32456919140625));
#3881=CARTESIAN_POINT('',(-2.69460887652243,0.722018272381918,7.29149627473958));
#3882=CARTESIAN_POINT('',(-2.33359974033147,1.34730443826121,7.25842335807292));
#3883=CARTESIAN_POINT('',(-1.97259060414051,1.97259060414051,7.22535044140625));
#3884=CARTESIAN_POINT('',(-1.34730443826122,2.33359974033147,7.19227752473958));
#3885=CARTESIAN_POINT('',(-1.25932575383352,2.38439425746875,7.18762411665654));
#3886=CARTESIAN_POINT('',(-1.16777225561773,2.42842025943677,7.18289003488693));
#3887=CARTESIAN_POINT('',(2.69460887652243,0.,10.8964441914062));
#3888=CARTESIAN_POINT('',(2.69460887652243,-0.722018272381919,10.8633712747396));
#3889=CARTESIAN_POINT('',(2.33359974033147,-1.34730443826121,10.8302983580729));
#3890=CARTESIAN_POINT('',(1.97259060414051,-1.97259060414051,10.7972254414063));
#3891=CARTESIAN_POINT('',(1.34730443826121,-2.33359974033147,10.7641525247396));
#3892=CARTESIAN_POINT('',(0.72201827238192,-2.69460887652243,10.7310796080729));
#3893=CARTESIAN_POINT('',(1.64997206779362E-16,-2.69460887652243,10.6980066914062));
#3894=CARTESIAN_POINT('',(-0.722018272381919,-2.69460887652243,10.6649337747396));
#3895=CARTESIAN_POINT('',(-1.34730443826121,-2.33359974033147,10.6318608580729));
#3896=CARTESIAN_POINT('',(-1.97259060414051,-1.97259060414051,10.5987879414063));
#3897=CARTESIAN_POINT('',(-2.33359974033147,-1.34730443826121,10.5657150247396));
#3898=CARTESIAN_POINT('',(-2.69460887652243,-0.72201827238192,10.5326421080729));
#3899=CARTESIAN_POINT('',(-2.69460887652243,-3.29994413558724E-16,10.4995691914063));
#3900=CARTESIAN_POINT('',(-2.69460887652243,0.722018272381918,10.4664962747396));
#3901=CARTESIAN_POINT('',(-2.33359974033147,1.34730443826121,10.4334233580729));
#3902=CARTESIAN_POINT('',(-1.97259060414051,1.97259060414051,10.4003504414063));
#3903=CARTESIAN_POINT('',(-1.34730443826122,2.33359974033147,10.3672775247396));
#3904=CARTESIAN_POINT('',(-0.722018272381921,2.69460887652243,10.3342046080729));
#3905=CARTESIAN_POINT('',(-4.94991620338086E-16,2.69460887652243,10.3011316914062));
#3906=CARTESIAN_POINT('',(0.722018272381918,2.69460887652243,10.2680587747396));
#3907=CARTESIAN_POINT('',(1.34730443826121,2.33359974033147,10.2349858580729));
#3908=CARTESIAN_POINT('',(1.97259060414051,1.97259060414051,10.2019129414063));
#3909=CARTESIAN_POINT('',(2.33359974033147,1.34730443826122,10.1688400247396));
#3910=CARTESIAN_POINT('',(2.69460887652243,0.722018272381922,10.1357671080729));
#3911=CARTESIAN_POINT('',(2.69460887652243,6.59988827117447E-16,10.1026941914063));
#3912=CARTESIAN_POINT('',(2.69460887652243,-0.722018272381918,10.0696212747396));
#3913=CARTESIAN_POINT('',(2.33359974033147,-1.34730443826121,10.0365483580729));
#3914=CARTESIAN_POINT('',(1.97259060414051,-1.97259060414051,10.0034754414063));
#3915=CARTESIAN_POINT('',(1.34730443826122,-2.33359974033147,9.97040252473958));
#3916=CARTESIAN_POINT('',(0.722018272381922,-2.69460887652243,9.93732960807292));
#3917=CARTESIAN_POINT('',(3.21827948755643E-15,-2.69460887652243,9.90425669140625));
#3918=CARTESIAN_POINT('',(-0.722018272381918,-2.69460887652243,9.87118377473958));
#3919=CARTESIAN_POINT('',(-1.34730443826121,-2.33359974033147,9.83811085807292));
#3920=CARTESIAN_POINT('',(-1.97259060414051,-1.97259060414051,9.80503794140625));
#3921=CARTESIAN_POINT('',(-2.33359974033147,-1.34730443826122,9.77196502473958));
#3922=CARTESIAN_POINT('',(-2.69460887652243,-0.722018272381924,9.73889210807292));
#3923=CARTESIAN_POINT('',(-2.69460887652243,-9.89983240676171E-16,9.70581919140625));
#3924=CARTESIAN_POINT('',(-2.69460887652243,0.722018272381918,9.67274627473958));
#3925=CARTESIAN_POINT('',(-2.33359974033147,1.34730443826121,9.63967335807292));
#3926=CARTESIAN_POINT('',(-1.97259060414051,1.97259060414051,9.60660044140625));
#3927=CARTESIAN_POINT('',(-1.34730443826122,2.33359974033147,9.57352752473958));
#3928=CARTESIAN_POINT('',(-0.722018272381925,2.69460887652243,9.54045460807292));
#3929=CARTESIAN_POINT('',(-1.15498044745553E-15,2.69460887652243,9.50738169140625));
#3930=CARTESIAN_POINT('',(0.722018272381917,2.69460887652243,9.47430877473958));
#3931=CARTESIAN_POINT('',(1.34730443826121,2.33359974033147,9.44123585807292));
#3932=CARTESIAN_POINT('',(1.97259060414051,1.97259060414051,9.40816294140625));
#3933=CARTESIAN_POINT('',(2.33359974033147,1.34730443826122,9.37509002473958));
#3934=CARTESIAN_POINT('',(2.69460887652243,0.722018272381925,9.34201710807292));
#3935=CARTESIAN_POINT('',(2.69460887652243,1.31997765423489E-15,9.30894419140625));
#3936=CARTESIAN_POINT('',(2.69460887652243,-0.722018272381917,9.27587127473958));
#3937=CARTESIAN_POINT('',(2.33359974033147,-1.34730443826121,9.24279835807292));
#3938=CARTESIAN_POINT('',(1.97259060414051,-1.97259060414051,9.20972544140625));
#3939=CARTESIAN_POINT('',(1.34730443826122,-2.33359974033147,9.17665252473958));
#3940=CARTESIAN_POINT('',(0.722018272381925,-2.69460887652243,9.14357960807292));
#3941=CARTESIAN_POINT('',(6.2715617683335E-15,-2.69460887652243,9.11050669140625));
#3942=CARTESIAN_POINT('',(-0.722018272381917,-2.69460887652243,9.07743377473958));
#3943=CARTESIAN_POINT('',(-1.34730443826121,-2.33359974033147,9.04436085807292));
#3944=CARTESIAN_POINT('',(-1.97259060414051,-1.97259060414051,9.01128794140625));
#3945=CARTESIAN_POINT('',(-2.33359974033147,-1.34730443826122,8.97821502473958));
#3946=CARTESIAN_POINT('',(-2.69460887652243,-0.722018272381925,8.94514210807292));
#3947=CARTESIAN_POINT('',(-2.69460887652243,-6.43655897511286E-15,8.91206919140625));
#3948=CARTESIAN_POINT('',(-2.69460887652243,0.722018272381917,8.87899627473958));
#3949=CARTESIAN_POINT('',(-2.33359974033147,1.34730443826121,8.84592335807292));
#3950=CARTESIAN_POINT('',(-1.97259060414052,1.9725906041405,8.81285044140625));
#3951=CARTESIAN_POINT('',(-1.34730443826122,2.33359974033147,8.77977752473958));
#3952=CARTESIAN_POINT('',(-0.72201827238192,2.69460887652243,8.74670460807292));
#3953=CARTESIAN_POINT('',(-6.60155618189222E-15,2.69460887652243,8.71363169140625));
#3954=CARTESIAN_POINT('',(0.722018272381917,2.69460887652243,8.68055877473958));
#3955=CARTESIAN_POINT('',(1.34730443826121,2.33359974033147,8.64748585807292));
#3956=CARTESIAN_POINT('',(1.97259060414051,1.97259060414051,8.61441294140625));
#3957=CARTESIAN_POINT('',(2.33359974033146,1.34730443826122,8.58134002473958));
#3958=CARTESIAN_POINT('',(2.69460887652243,0.722018272381925,8.54826710807292));
#3959=CARTESIAN_POINT('',(2.69460887652243,1.97996648135234E-15,8.51519419140625));
#3960=CARTESIAN_POINT('',(2.69460887652243,-0.722018272381912,8.48212127473959));
#3961=CARTESIAN_POINT('',(2.33359974033147,-1.34730443826121,8.44904835807292));
#3962=CARTESIAN_POINT('',(1.97259060414052,-1.9725906041405,8.41597544140625));
#3963=CARTESIAN_POINT('',(1.34730443826122,-2.33359974033147,8.38290252473958));
#3964=CARTESIAN_POINT('',(0.722018272381921,-2.69460887652243,8.34982960807292));
#3965=CARTESIAN_POINT('',(6.93155059545094E-15,-2.69460887652243,8.31675669140625));
#3966=CARTESIAN_POINT('',(-0.722018272381916,-2.69460887652243,8.28368377473958));
#3967=CARTESIAN_POINT('',(-1.34730443826121,-2.33359974033147,8.25061085807292));
#3968=CARTESIAN_POINT('',(-1.97259060414051,-1.97259060414051,8.21753794140625));
#3969=CARTESIAN_POINT('',(-2.33359974033146,-1.34730443826122,8.18446502473958));
#3970=CARTESIAN_POINT('',(-2.69460887652243,-0.722018272381926,8.15139210807292));
#3971=CARTESIAN_POINT('',(-2.69460887652243,-2.30996089491107E-15,8.11831919140625));
#3972=CARTESIAN_POINT('',(-2.69460887652243,0.722018272381911,8.08524627473958));
#3973=CARTESIAN_POINT('',(-2.33359974033147,1.34730443826121,8.05217335807292));
#3974=CARTESIAN_POINT('',(-1.97259060414052,1.9725906041405,8.01910044140625));
#3975=CARTESIAN_POINT('',(-1.34730443826122,2.33359974033147,7.98602752473959));
#3976=CARTESIAN_POINT('',(-0.722018272381931,2.69460887652242,7.95295460807292));
#3977=CARTESIAN_POINT('',(-7.26154500900967E-15,2.69460887652243,7.91988169140625));
#3978=CARTESIAN_POINT('',(0.722018272381916,2.69460887652243,7.88680877473958));
#3979=CARTESIAN_POINT('',(1.34730443826121,2.33359974033147,7.85373585807292));
#3980=CARTESIAN_POINT('',(1.9725906041405,1.97259060414051,7.82066294140625));
#3981=CARTESIAN_POINT('',(2.33359974033146,1.34730443826122,7.78759002473958));
#3982=CARTESIAN_POINT('',(2.69460887652243,0.722018272381926,7.75451710807292));
#3983=CARTESIAN_POINT('',(2.69460887652243,2.63995530846979E-15,7.72144419140625));
#3984=CARTESIAN_POINT('',(2.69460887652243,-0.722018272381911,7.68837127473958));
#3985=CARTESIAN_POINT('',(2.33359974033147,-1.34730443826121,7.65529835807292));
#3986=CARTESIAN_POINT('',(1.97259060414052,-1.9725906041405,7.62222544140625));
#3987=CARTESIAN_POINT('',(1.34730443826122,-2.33359974033147,7.58915252473958));
#3988=CARTESIAN_POINT('',(0.722018272381931,-2.69460887652242,7.55607960807292));
#3989=CARTESIAN_POINT('',(7.59153942256839E-15,-2.69460887652243,7.52300669140625));
#3990=CARTESIAN_POINT('',(-0.722018272381916,-2.69460887652243,7.48993377473958));
#3991=CARTESIAN_POINT('',(-1.34730443826121,-2.33359974033147,7.45686085807292));
#3992=CARTESIAN_POINT('',(-1.9725906041405,-1.97259060414051,7.42378794140625));
#3993=CARTESIAN_POINT('',(-2.33359974033146,-1.34730443826122,7.39071502473958));
#3994=CARTESIAN_POINT('',(-2.69460887652243,-0.722018272381926,7.35764210807292));
#3995=CARTESIAN_POINT('',(-2.69460887652243,-1.2543123536667E-14,7.32456919140625));
#3996=CARTESIAN_POINT('',(-2.69460887652243,0.722018272381911,7.29149627473958));
#3997=CARTESIAN_POINT('',(-2.33359974033147,1.34730443826121,7.25842335807292));
#3998=CARTESIAN_POINT('',(-1.97259060414052,1.9725906041405,7.22535044140625));
#3999=CARTESIAN_POINT('',(-1.34730443826122,2.33359974033147,7.19227752473958));
#4000=CARTESIAN_POINT('',(-0.722018272381931,2.69460887652242,7.15920460807292));
#4001=CARTESIAN_POINT('',(-7.92153383612712E-15,2.69460887652243,7.12613169140625));
#4002=CARTESIAN_POINT('',(0.722018272381906,2.69460887652243,7.09305877473958));
#4003=CARTESIAN_POINT('',(1.34730443826121,2.33359974033147,7.05998585807292));
#4004=CARTESIAN_POINT('',(1.9725906041405,1.97259060414051,7.02691294140625));
#4005=CARTESIAN_POINT('',(2.33359974033146,1.34730443826122,6.99384002473958));
#4006=CARTESIAN_POINT('',(2.69460887652243,0.722018272381927,6.96076710807292));
#4007=CARTESIAN_POINT('',(2.69460887652243,1.28731179502257E-14,6.92769419140625));
#4008=CARTESIAN_POINT('',(2.69460887652243,-0.722018272381911,6.89462127473958));
#4009=CARTESIAN_POINT('',(2.33359974033147,-1.34730443826121,6.86154835807292));
#4010=CARTESIAN_POINT('',(1.97259060414052,-1.9725906041405,6.82847544140625));
#4011=CARTESIAN_POINT('',(1.34730443826122,-2.33359974033146,6.79540252473958));
#4012=CARTESIAN_POINT('',(0.722018272381922,-2.69460887652243,6.76232960807292));
#4013=CARTESIAN_POINT('',(1.78247020643243E-14,-2.69460887652243,6.72925669140625));
#4014=CARTESIAN_POINT('',(-0.722018272381905,-2.69460887652243,6.69618377473958));
#4015=CARTESIAN_POINT('',(-1.34730443826121,-2.33359974033147,6.66311085807292));
#4016=CARTESIAN_POINT('',(-1.9725906041405,-1.97259060414051,6.63003794140625));
#4017=CARTESIAN_POINT('',(-2.33359974033147,-1.34730443826122,6.59696502473958));
#4018=CARTESIAN_POINT('',(-2.69460887652242,-0.722018272381936,6.56389210807292));
#4019=CARTESIAN_POINT('',(-2.69460887652243,-1.32031123637844E-14,6.53081919140625));
#4020=CARTESIAN_POINT('',(-2.69460887652243,0.72201827238191,6.49774627473958));
#4021=CARTESIAN_POINT('',(-2.33359974033147,1.34730443826121,6.46467335807292));
#4022=CARTESIAN_POINT('',(-1.97259060414051,1.97259060414051,6.43160044140625));
#4023=CARTESIAN_POINT('',(-1.34730443826123,2.33359974033146,6.39852752473958));
#4024=CARTESIAN_POINT('',(-0.722018272381932,2.69460887652242,6.36545460807292));
#4025=CARTESIAN_POINT('',(-8.58152266324456E-15,2.69460887652243,6.33238169140625));
#4026=CARTESIAN_POINT('',(0.722018272381915,2.69460887652243,6.29930877473958));
#4027=CARTESIAN_POINT('',(1.3473044382612,2.33359974033148,6.26623585807292));
#4028=CARTESIAN_POINT('',(1.9725906041405,1.97259060414052,6.23316294140625));
#4029=CARTESIAN_POINT('',(2.33359974033146,1.34730443826122,6.20009002473958));
#4030=CARTESIAN_POINT('',(2.69460887652243,0.722018272381927,6.16701710807292));
#4031=CARTESIAN_POINT('',(2.69460887652243,3.95993296270468E-15,6.13394419140625));
#4032=CARTESIAN_POINT('',(2.69460887652243,-0.7220182723819,6.10087127473958));
#4033=CARTESIAN_POINT('',(2.33359974033148,-1.3473044382612,6.06779835807292));
#4034=CARTESIAN_POINT('',(1.97259060414052,-1.9725906041405,6.03472544140625));
#4035=CARTESIAN_POINT('',(1.34730443826122,-2.33359974033146,6.00165252473958));
#4036=CARTESIAN_POINT('',(0.722018272381923,-2.69460887652243,5.96857960807292));
#4037=CARTESIAN_POINT('',(1.84846908914418E-14,-2.69460887652243,5.93550669140625));
#4038=CARTESIAN_POINT('',(-0.722018272381905,-2.69460887652243,5.90243377473958));
#4039=CARTESIAN_POINT('',(-1.3473044382612,-2.33359974033147,5.86936085807292));
#4040=CARTESIAN_POINT('',(-1.9725906041405,-1.97259060414051,5.83628794140625));
#4041=CARTESIAN_POINT('',(-2.33359974033147,-1.34730443826122,5.80321502473958));
#4042=CARTESIAN_POINT('',(-2.69460887652242,-0.722018272381937,5.77014210807292));
#4043=CARTESIAN_POINT('',(-2.69460887652243,-1.38631011909019E-14,5.73706919140625));
#4044=CARTESIAN_POINT('',(-2.69460887652243,0.722018272381909,5.70399627473958));
#4045=CARTESIAN_POINT('',(-2.33359974033147,1.34730443826121,5.67092335807292));
#4046=CARTESIAN_POINT('',(-1.97259060414052,1.97259060414049,5.63785044140625));
#4047=CARTESIAN_POINT('',(-1.34730443826123,2.33359974033146,5.60477752473958));
#4048=CARTESIAN_POINT('',(-0.722018272381933,2.69460887652242,5.57170460807292));
#4049=CARTESIAN_POINT('',(-9.24151149036201E-15,2.69460887652243,5.53863169140625));
#4050=CARTESIAN_POINT('',(0.722018272381914,2.69460887652243,5.50555877473958));
#4051=CARTESIAN_POINT('',(1.3473044382612,2.33359974033148,5.47248585807292));
#4052=CARTESIAN_POINT('',(1.9725906041405,1.97259060414052,5.43941294140625));
#4053=CARTESIAN_POINT('',(2.33359974033146,1.34730443826122,5.40634002473958));
#4054=CARTESIAN_POINT('',(2.69460887652242,0.722018272381928,5.37326710807292));
#4055=CARTESIAN_POINT('',(2.69460887652243,4.61992178982213E-15,5.34019419140625));
#4056=CARTESIAN_POINT('',(2.69460887652243,-0.722018272381899,5.30712127473958));
#4057=CARTESIAN_POINT('',(2.33359974033148,-1.3473044382612,5.27404835807292));
#4058=CARTESIAN_POINT('',(1.97259060414052,-1.9725906041405,5.24097544140625));
#4059=CARTESIAN_POINT('',(1.34730443826122,-2.33359974033146,5.20790252473958));
#4060=CARTESIAN_POINT('',(0.722018272381923,-2.69460887652243,5.17482960807292));
#4061=CARTESIAN_POINT('',(1.91446797185592E-14,-2.69460887652243,5.14175669140625));
#4062=CARTESIAN_POINT('',(-0.722018272381904,-2.69460887652243,5.10868377473958));
#4063=CARTESIAN_POINT('',(-1.3473044382612,-2.33359974033147,5.07561085807292));
#4064=CARTESIAN_POINT('',(-1.9725906041405,-1.97259060414051,5.04253794140625));
#4065=CARTESIAN_POINT('',(-2.33359974033146,-1.34730443826123,5.00946502473958));
#4066=CARTESIAN_POINT('',(-2.69460887652242,-0.722018272381938,4.97639210807292));
#4067=CARTESIAN_POINT('',(-2.69460887652243,-1.45230900180193E-14,4.94331919140625));
#4068=CARTESIAN_POINT('',(-2.69460887652243,0.722018272381909,4.91024627473958));
#4069=CARTESIAN_POINT('',(-2.33359974033147,1.34730443826121,4.87717335807292));
#4070=CARTESIAN_POINT('',(-1.97259060414052,1.97259060414049,4.84410044140625));
#4071=CARTESIAN_POINT('',(-1.34730443826123,2.33359974033146,4.81102752473958));
#4072=CARTESIAN_POINT('',(-0.722018272381933,2.69460887652242,4.77795460807292));
#4073=CARTESIAN_POINT('',(-9.90150031747946E-15,2.69460887652243,4.74488169140625));
#4074=CARTESIAN_POINT('',(0.722018272381913,2.69460887652243,4.71180877473958));
#4075=CARTESIAN_POINT('',(1.3473044382612,2.33359974033148,4.67873585807292));
#4076=CARTESIAN_POINT('',(1.9725906041405,1.97259060414052,4.64566294140625));
#4077=CARTESIAN_POINT('',(2.33359974033146,1.34730443826123,4.61259002473958));
#4078=CARTESIAN_POINT('',(2.69460887652242,0.722018272381929,4.57951710807292));
#4079=CARTESIAN_POINT('',(2.69460887652243,5.27991061693958E-15,4.54644419140625));
#4080=CARTESIAN_POINT('',(-2.49097974959659,1.02758789625666,10.45));
#4081=CARTESIAN_POINT('',(-2.49097974959658,1.02758789625668,10.45));
#4082=CARTESIAN_POINT('',(-2.19670423431337,1.94630607984385,10.45));
#4083=CARTESIAN_POINT('',(-0.575297674619826,3.36610973734705,10.45));
#4084=CARTESIAN_POINT('',(1.48015548776762,2.84119469085716,10.45));
#4085=CARTESIAN_POINT('',(2.20806209941987,2.21022338353061,10.45));
#4086=CARTESIAN_POINT('',(0.,0.,12.0375));
#4087=CARTESIAN_POINT('',(2.69460887652243,0.,10.6980245507813));
#4088=CARTESIAN_POINT('',(2.69460887652243,-0.722018272381919,10.6649516341146));
#4089=CARTESIAN_POINT('',(2.33359974033147,-1.34730443826121,10.6318787174479));
#4090=CARTESIAN_POINT('',(1.97259060414051,-1.97259060414051,10.5988058007813));
#4091=CARTESIAN_POINT('',(1.34730443826121,-2.33359974033147,10.5657328841146));
#4092=CARTESIAN_POINT('',(0.72201827238192,-2.69460887652243,10.5326599674479));
#4093=CARTESIAN_POINT('',(1.64997206779362E-16,-2.69460887652243,10.4995870507812));
#4094=CARTESIAN_POINT('',(-0.722018272381919,-2.69460887652243,10.4665141341146));
#4095=CARTESIAN_POINT('',(-1.34730443826121,-2.33359974033147,10.4334412174479));
#4096=CARTESIAN_POINT('',(-1.97259060414051,-1.97259060414051,10.4003683007813));
#4097=CARTESIAN_POINT('',(-2.33359974033147,-1.34730443826121,10.3672953841146));
#4098=CARTESIAN_POINT('',(-2.69460887652243,-0.72201827238192,10.3342224674479));
#4099=CARTESIAN_POINT('',(-2.69460887652243,-3.29994413558724E-16,10.3011495507813));
#4100=CARTESIAN_POINT('',(-2.69460887652243,0.722018272381918,10.2680766341146));
#4101=CARTESIAN_POINT('',(-2.33359974033147,1.34730443826121,10.2350037174479));
#4102=CARTESIAN_POINT('',(-1.97259060414051,1.97259060414051,10.2019308007813));
#4103=CARTESIAN_POINT('',(-1.34730443826122,2.33359974033147,10.1688578841146));
#4104=CARTESIAN_POINT('',(-0.722018272381921,2.69460887652243,10.1357849674479));
#4105=CARTESIAN_POINT('',(-4.94991620338086E-16,2.69460887652243,10.1027120507812));
#4106=CARTESIAN_POINT('',(0.722018272381918,2.69460887652243,10.0696391341146));
#4107=CARTESIAN_POINT('',(1.34730443826121,2.33359974033147,10.0365662174479));
#4108=CARTESIAN_POINT('',(1.97259060414051,1.97259060414051,10.0034933007813));
#4109=CARTESIAN_POINT('',(2.33359974033147,1.34730443826122,9.97042038411458));
#4110=CARTESIAN_POINT('',(2.69460887652243,0.722018272381922,9.93734746744792));
#4111=CARTESIAN_POINT('',(2.69460887652243,6.59988827117447E-16,9.90427455078125));
#4112=CARTESIAN_POINT('',(2.69460887652243,-0.722018272381918,9.87120163411459));
#4113=CARTESIAN_POINT('',(2.33359974033147,-1.34730443826121,9.83812871744792));
#4114=CARTESIAN_POINT('',(1.97259060414051,-1.97259060414051,9.80505580078125));
#4115=CARTESIAN_POINT('',(1.34730443826122,-2.33359974033147,9.77198288411458));
#4116=CARTESIAN_POINT('',(0.722018272381922,-2.69460887652243,9.73890996744792));
#4117=CARTESIAN_POINT('',(3.21827948755643E-15,-2.69460887652243,9.70583705078125));
#4118=CARTESIAN_POINT('',(-0.722018272381918,-2.69460887652243,9.67276413411459));
#4119=CARTESIAN_POINT('',(-1.34730443826121,-2.33359974033147,9.63969121744792));
#4120=CARTESIAN_POINT('',(-1.97259060414051,-1.97259060414051,9.60661830078125));
#4121=CARTESIAN_POINT('',(-2.33359974033147,-1.34730443826122,9.57354538411458));
#4122=CARTESIAN_POINT('',(-2.69460887652243,-0.722018272381924,9.54047246744792));
#4123=CARTESIAN_POINT('',(-2.69460887652243,-9.89983240676171E-16,9.50739955078125));
#4124=CARTESIAN_POINT('',(-2.69460887652243,0.722018272381918,9.47432663411458));
#4125=CARTESIAN_POINT('',(-2.33359974033147,1.34730443826121,9.44125371744792));
#4126=CARTESIAN_POINT('',(-1.97259060414051,1.97259060414051,9.40818080078125));
#4127=CARTESIAN_POINT('',(-1.34730443826122,2.33359974033147,9.37510788411458));
#4128=CARTESIAN_POINT('',(-0.722018272381925,2.69460887652243,9.34203496744792));
#4129=CARTESIAN_POINT('',(-1.15498044745553E-15,2.69460887652243,9.30896205078125));
#4130=CARTESIAN_POINT('',(0.722018272381917,2.69460887652243,9.27588913411459));
#4131=CARTESIAN_POINT('',(1.34730443826121,2.33359974033147,9.24281621744792));
#4132=CARTESIAN_POINT('',(1.97259060414051,1.97259060414051,9.20974330078125));
#4133=CARTESIAN_POINT('',(2.33359974033147,1.34730443826122,9.17667038411459));
#4134=CARTESIAN_POINT('',(2.69460887652243,0.722018272381925,9.14359746744792));
#4135=CARTESIAN_POINT('',(2.69460887652243,1.31997765423489E-15,9.11052455078125));
#4136=CARTESIAN_POINT('',(2.69460887652243,-0.722018272381917,9.07745163411458));
#4137=CARTESIAN_POINT('',(2.33359974033147,-1.34730443826121,9.04437871744792));
#4138=CARTESIAN_POINT('',(1.97259060414051,-1.97259060414051,9.01130580078125));
#4139=CARTESIAN_POINT('',(1.34730443826122,-2.33359974033147,8.97823288411458));
#4140=CARTESIAN_POINT('',(0.722018272381925,-2.69460887652243,8.94515996744792));
#4141=CARTESIAN_POINT('',(6.2715617683335E-15,-2.69460887652243,8.91208705078125));
#4142=CARTESIAN_POINT('',(-0.722018272381917,-2.69460887652243,8.87901413411459));
#4143=CARTESIAN_POINT('',(-1.34730443826121,-2.33359974033147,8.84594121744792));
#4144=CARTESIAN_POINT('',(-1.97259060414051,-1.97259060414051,8.81286830078125));
#4145=CARTESIAN_POINT('',(-2.33359974033147,-1.34730443826122,8.77979538411458));
#4146=CARTESIAN_POINT('',(-2.69460887652243,-0.722018272381925,8.74672246744792));
#4147=CARTESIAN_POINT('',(-2.69460887652243,-6.43655897511286E-15,8.71364955078125));
#4148=CARTESIAN_POINT('',(-2.69460887652243,0.722018272381917,8.68057663411459));
#4149=CARTESIAN_POINT('',(-2.33359974033147,1.34730443826121,8.64750371744792));
#4150=CARTESIAN_POINT('',(-1.97259060414052,1.9725906041405,8.61443080078125));
#4151=CARTESIAN_POINT('',(-1.34730443826122,2.33359974033147,8.58135788411458));
#4152=CARTESIAN_POINT('',(-0.72201827238192,2.69460887652243,8.54828496744792));
#4153=CARTESIAN_POINT('',(-6.60155618189222E-15,2.69460887652243,8.51521205078125));
#4154=CARTESIAN_POINT('',(0.722018272381917,2.69460887652243,8.48213913411458));
#4155=CARTESIAN_POINT('',(1.34730443826121,2.33359974033147,8.44906621744792));
#4156=CARTESIAN_POINT('',(1.97259060414051,1.97259060414051,8.41599330078125));
#4157=CARTESIAN_POINT('',(2.33359974033146,1.34730443826122,8.38292038411458));
#4158=CARTESIAN_POINT('',(2.69460887652243,0.722018272381925,8.34984746744792));
#4159=CARTESIAN_POINT('',(2.69460887652243,1.97996648135234E-15,8.31677455078125));
#4160=CARTESIAN_POINT('',(2.69460887652243,-0.722018272381912,8.28370163411459));
#4161=CARTESIAN_POINT('',(2.33359974033147,-1.34730443826121,8.25062871744792));
#4162=CARTESIAN_POINT('',(1.97259060414052,-1.9725906041405,8.21755580078125));
#4163=CARTESIAN_POINT('',(1.34730443826122,-2.33359974033147,8.18448288411458));
#4164=CARTESIAN_POINT('',(0.722018272381921,-2.69460887652243,8.15140996744792));
#4165=CARTESIAN_POINT('',(6.93155059545094E-15,-2.69460887652243,8.11833705078125));
#4166=CARTESIAN_POINT('',(-0.722018272381916,-2.69460887652243,8.08526413411458));
#4167=CARTESIAN_POINT('',(-1.34730443826121,-2.33359974033147,8.05219121744792));
#4168=CARTESIAN_POINT('',(-1.97259060414051,-1.97259060414051,8.01911830078125));
#4169=CARTESIAN_POINT('',(-2.33359974033146,-1.34730443826122,7.98604538411458));
#4170=CARTESIAN_POINT('',(-2.69460887652243,-0.722018272381926,7.95297246744792));
#4171=CARTESIAN_POINT('',(-2.69460887652243,-2.30996089491107E-15,7.91989955078125));
#4172=CARTESIAN_POINT('',(-2.69460887652243,0.722018272381911,7.88682663411458));
#4173=CARTESIAN_POINT('',(-2.33359974033147,1.34730443826121,7.85375371744792));
#4174=CARTESIAN_POINT('',(-1.97259060414052,1.9725906041405,7.82068080078125));
#4175=CARTESIAN_POINT('',(-1.34730443826122,2.33359974033147,7.78760788411458));
#4176=CARTESIAN_POINT('',(-0.722018272381931,2.69460887652242,7.75453496744792));
#4177=CARTESIAN_POINT('',(-7.26154500900967E-15,2.69460887652243,7.72146205078125));
#4178=CARTESIAN_POINT('',(0.722018272381916,2.69460887652243,7.68838913411458));
#4179=CARTESIAN_POINT('',(1.34730443826121,2.33359974033147,7.65531621744792));
#4180=CARTESIAN_POINT('',(1.9725906041405,1.97259060414051,7.62224330078125));
#4181=CARTESIAN_POINT('',(2.33359974033146,1.34730443826122,7.58917038411458));
#4182=CARTESIAN_POINT('',(2.69460887652243,0.722018272381926,7.55609746744792));
#4183=CARTESIAN_POINT('',(2.69460887652243,2.63995530846979E-15,7.52302455078125));
#4184=CARTESIAN_POINT('',(2.69460887652243,-0.722018272381911,7.48995163411458));
#4185=CARTESIAN_POINT('',(2.33359974033147,-1.34730443826121,7.45687871744792));
#4186=CARTESIAN_POINT('',(1.97259060414052,-1.9725906041405,7.42380580078125));
#4187=CARTESIAN_POINT('',(1.34730443826122,-2.33359974033147,7.39073288411458));
#4188=CARTESIAN_POINT('',(0.722018272381931,-2.69460887652242,7.35765996744792));
#4189=CARTESIAN_POINT('',(7.59153942256839E-15,-2.69460887652243,7.32458705078125));
#4190=CARTESIAN_POINT('',(-0.722018272381916,-2.69460887652243,7.29151413411458));
#4191=CARTESIAN_POINT('',(-1.34730443826121,-2.33359974033147,7.25844121744792));
#4192=CARTESIAN_POINT('',(-1.9725906041405,-1.97259060414051,7.22536830078125));
#4193=CARTESIAN_POINT('',(-2.33359974033146,-1.34730443826122,7.19229538411459));
#4194=CARTESIAN_POINT('',(-2.69460887652243,-0.722018272381926,7.15922246744792));
#4195=CARTESIAN_POINT('',(-2.69460887652243,-1.2543123536667E-14,7.12614955078125));
#4196=CARTESIAN_POINT('',(-2.69460887652243,0.722018272381911,7.09307663411458));
#4197=CARTESIAN_POINT('',(-2.33359974033147,1.34730443826121,7.06000371744792));
#4198=CARTESIAN_POINT('',(-1.97259060414052,1.9725906041405,7.02693080078125));
#4199=CARTESIAN_POINT('',(-1.34730443826122,2.33359974033147,6.99385788411458));
#4200=CARTESIAN_POINT('',(-0.722018272381931,2.69460887652242,6.96078496744792));
#4201=CARTESIAN_POINT('',(-7.92153383612712E-15,2.69460887652243,6.92771205078125));
#4202=CARTESIAN_POINT('',(0.722018272381906,2.69460887652243,6.89463913411458));
#4203=CARTESIAN_POINT('',(1.34730443826121,2.33359974033147,6.86156621744792));
#4204=CARTESIAN_POINT('',(1.9725906041405,1.97259060414051,6.82849330078125));
#4205=CARTESIAN_POINT('',(2.33359974033146,1.34730443826122,6.79542038411458));
#4206=CARTESIAN_POINT('',(2.69460887652243,0.722018272381927,6.76234746744792));
#4207=CARTESIAN_POINT('',(2.69460887652243,1.28731179502257E-14,6.72927455078125));
#4208=CARTESIAN_POINT('',(2.69460887652243,-0.722018272381911,6.69620163411458));
#4209=CARTESIAN_POINT('',(2.33359974033147,-1.34730443826121,6.66312871744792));
#4210=CARTESIAN_POINT('',(1.97259060414052,-1.9725906041405,6.63005580078125));
#4211=CARTESIAN_POINT('',(1.34730443826122,-2.33359974033146,6.59698288411458));
#4212=CARTESIAN_POINT('',(0.722018272381922,-2.69460887652243,6.56390996744792));
#4213=CARTESIAN_POINT('',(1.78247020643243E-14,-2.69460887652243,6.53083705078125));
#4214=CARTESIAN_POINT('',(-0.722018272381905,-2.69460887652243,6.49776413411458));
#4215=CARTESIAN_POINT('',(-1.34730443826121,-2.33359974033147,6.46469121744792));
#4216=CARTESIAN_POINT('',(-1.9725906041405,-1.97259060414051,6.43161830078125));
#4217=CARTESIAN_POINT('',(-2.33359974033147,-1.34730443826122,6.39854538411458));
#4218=CARTESIAN_POINT('',(-2.69460887652242,-0.722018272381936,6.36547246744792));
#4219=CARTESIAN_POINT('',(-2.69460887652243,-1.32031123637844E-14,6.33239955078125));
#4220=CARTESIAN_POINT('',(-2.69460887652243,0.72201827238191,6.29932663411458));
#4221=CARTESIAN_POINT('',(-2.33359974033147,1.34730443826121,6.26625371744792));
#4222=CARTESIAN_POINT('',(-1.97259060414051,1.97259060414051,6.23318080078125));
#4223=CARTESIAN_POINT('',(-1.34730443826123,2.33359974033146,6.20010788411458));
#4224=CARTESIAN_POINT('',(-0.722018272381932,2.69460887652242,6.16703496744792));
#4225=CARTESIAN_POINT('',(-8.58152266324456E-15,2.69460887652243,6.13396205078125));
#4226=CARTESIAN_POINT('',(0.722018272381915,2.69460887652243,6.10088913411458));
#4227=CARTESIAN_POINT('',(1.3473044382612,2.33359974033148,6.06781621744792));
#4228=CARTESIAN_POINT('',(1.9725906041405,1.97259060414052,6.03474330078125));
#4229=CARTESIAN_POINT('',(2.33359974033146,1.34730443826122,6.00167038411458));
#4230=CARTESIAN_POINT('',(2.69460887652243,0.722018272381927,5.96859746744792));
#4231=CARTESIAN_POINT('',(2.69460887652243,3.95993296270468E-15,5.93552455078125));
#4232=CARTESIAN_POINT('',(2.69460887652243,-0.7220182723819,5.90245163411458));
#4233=CARTESIAN_POINT('',(2.33359974033148,-1.3473044382612,5.86937871744792));
#4234=CARTESIAN_POINT('',(1.97259060414052,-1.9725906041405,5.83630580078125));
#4235=CARTESIAN_POINT('',(1.34730443826122,-2.33359974033146,5.80323288411458));
#4236=CARTESIAN_POINT('',(0.722018272381923,-2.69460887652243,5.77015996744792));
#4237=CARTESIAN_POINT('',(1.84846908914418E-14,-2.69460887652243,5.73708705078125));
#4238=CARTESIAN_POINT('',(-0.722018272381905,-2.69460887652243,5.70401413411459));
#4239=CARTESIAN_POINT('',(-1.3473044382612,-2.33359974033147,5.67094121744792));
#4240=CARTESIAN_POINT('',(-1.9725906041405,-1.97259060414051,5.63786830078125));
#4241=CARTESIAN_POINT('',(-2.33359974033147,-1.34730443826122,5.60479538411458));
#4242=CARTESIAN_POINT('',(-2.69460887652242,-0.722018272381937,5.57172246744792));
#4243=CARTESIAN_POINT('',(-2.69460887652243,-1.38631011909019E-14,5.53864955078125));
#4244=CARTESIAN_POINT('',(-2.69460887652243,0.722018272381909,5.50557663411458));
#4245=CARTESIAN_POINT('',(-2.33359974033147,1.34730443826121,5.47250371744792));
#4246=CARTESIAN_POINT('',(-1.97259060414052,1.97259060414049,5.43943080078125));
#4247=CARTESIAN_POINT('',(-1.34730443826123,2.33359974033146,5.40635788411458));
#4248=CARTESIAN_POINT('',(-0.722018272381933,2.69460887652242,5.37328496744792));
#4249=CARTESIAN_POINT('',(-9.24151149036201E-15,2.69460887652243,5.34021205078125));
#4250=CARTESIAN_POINT('',(0.722018272381914,2.69460887652243,5.30713913411458));
#4251=CARTESIAN_POINT('',(1.3473044382612,2.33359974033148,5.27406621744792));
#4252=CARTESIAN_POINT('',(1.9725906041405,1.97259060414052,5.24099330078125));
#4253=CARTESIAN_POINT('',(2.33359974033146,1.34730443826122,5.20792038411459));
#4254=CARTESIAN_POINT('',(2.69460887652242,0.722018272381928,5.17484746744792));
#4255=CARTESIAN_POINT('',(2.69460887652243,4.61992178982213E-15,5.14177455078125));
#4256=CARTESIAN_POINT('',(2.69460887652243,-0.722018272381899,5.10870163411458));
#4257=CARTESIAN_POINT('',(2.33359974033148,-1.3473044382612,5.07562871744792));
#4258=CARTESIAN_POINT('',(1.97259060414052,-1.9725906041405,5.04255580078125));
#4259=CARTESIAN_POINT('',(1.34730443826122,-2.33359974033146,5.00948288411458));
#4260=CARTESIAN_POINT('',(0.722018272381923,-2.69460887652243,4.97640996744792));
#4261=CARTESIAN_POINT('',(1.91446797185592E-14,-2.69460887652243,4.94333705078125));
#4262=CARTESIAN_POINT('',(-0.722018272381904,-2.69460887652243,4.91026413411458));
#4263=CARTESIAN_POINT('',(-1.3473044382612,-2.33359974033147,4.87719121744792));
#4264=CARTESIAN_POINT('',(-1.9725906041405,-1.97259060414051,4.84411830078125));
#4265=CARTESIAN_POINT('',(-2.33359974033146,-1.34730443826123,4.81104538411458));
#4266=CARTESIAN_POINT('',(-2.69460887652242,-0.722018272381938,4.77797246744792));
#4267=CARTESIAN_POINT('',(-2.69460887652243,-1.45230900180193E-14,4.74489955078125));
#4268=CARTESIAN_POINT('',(-2.69460887652243,0.722018272381909,4.71182663411459));
#4269=CARTESIAN_POINT('',(-2.33359974033147,1.34730443826121,4.67875371744792));
#4270=CARTESIAN_POINT('',(-1.97259060414052,1.97259060414049,4.64568080078125));
#4271=CARTESIAN_POINT('',(-1.34730443826123,2.33359974033146,4.61260788411458));
#4272=CARTESIAN_POINT('',(-0.722018272381933,2.69460887652242,4.57953496744792));
#4273=CARTESIAN_POINT('',(-9.90150031747946E-15,2.69460887652243,4.54646205078125));
#4274=CARTESIAN_POINT('',(0.722018272381913,2.69460887652243,4.51338913411458));
#4275=CARTESIAN_POINT('',(1.3473044382612,2.33359974033148,4.48031621744792));
#4276=CARTESIAN_POINT('',(1.9725906041405,1.97259060414052,4.44724330078125));
#4277=CARTESIAN_POINT('',(2.33359974033146,1.34730443826123,4.41417038411458));
#4278=CARTESIAN_POINT('',(2.69460887652242,0.722018272381929,4.38109746744792));
#4279=CARTESIAN_POINT('',(2.69460887652243,5.27991061693958E-15,4.34802455078125));
#4280=CARTESIAN_POINT('',(-1.02793897207374,-2.49083489358999,10.45));
#4281=CARTESIAN_POINT('',(0.,0.,10.45));
#4282=CARTESIAN_POINT('',(2.69460887652243,0.,10.6980245507813));
#4283=CARTESIAN_POINT('',(2.69460887652243,-0.722018272381919,10.6649516341146));
#4284=CARTESIAN_POINT('',(2.33359974033147,-1.34730443826121,10.6318787174479));
#4285=CARTESIAN_POINT('',(1.97259060414051,-1.97259060414051,10.5988058007813));
#4286=CARTESIAN_POINT('',(1.34730443826121,-2.33359974033147,10.5657328841146));
#4287=CARTESIAN_POINT('',(0.72201827238192,-2.69460887652243,10.5326599674479));
#4288=CARTESIAN_POINT('',(1.64997206779362E-16,-2.69460887652243,10.4995870507812));
#4289=CARTESIAN_POINT('',(-0.722018272381919,-2.69460887652243,10.4665141341146));
#4290=CARTESIAN_POINT('',(-1.34730443826121,-2.33359974033147,10.4334412174479));
#4291=CARTESIAN_POINT('',(-1.97259060414051,-1.97259060414051,10.4003683007813));
#4292=CARTESIAN_POINT('',(-2.33359974033147,-1.34730443826121,10.3672953841146));
#4293=CARTESIAN_POINT('',(-2.69460887652243,-0.72201827238192,10.3342224674479));
#4294=CARTESIAN_POINT('',(-2.69460887652243,-3.29994413558724E-16,10.3011495507813));
#4295=CARTESIAN_POINT('',(-2.69460887652243,0.722018272381918,10.2680766341146));
#4296=CARTESIAN_POINT('',(-2.33359974033147,1.34730443826121,10.2350037174479));
#4297=CARTESIAN_POINT('',(-1.97259060414051,1.97259060414051,10.2019308007813));
#4298=CARTESIAN_POINT('',(-1.34730443826122,2.33359974033147,10.1688578841146));
#4299=CARTESIAN_POINT('',(-0.722018272381921,2.69460887652243,10.1357849674479));
#4300=CARTESIAN_POINT('',(-4.94991620338086E-16,2.69460887652243,10.1027120507812));
#4301=CARTESIAN_POINT('',(0.722018272381918,2.69460887652243,10.0696391341146));
#4302=CARTESIAN_POINT('',(1.34730443826121,2.33359974033147,10.0365662174479));
#4303=CARTESIAN_POINT('',(1.97259060414051,1.97259060414051,10.0034933007813));
#4304=CARTESIAN_POINT('',(2.33359974033147,1.34730443826122,9.97042038411458));
#4305=CARTESIAN_POINT('',(2.69460887652243,0.722018272381922,9.93734746744792));
#4306=CARTESIAN_POINT('',(2.69460887652243,0.,9.90427455078125));
#4307=CARTESIAN_POINT('',(2.69460887652243,-0.722018272381919,9.87120163411459));
#4308=CARTESIAN_POINT('',(2.33359974033147,-1.34730443826121,9.83812871744792));
#4309=CARTESIAN_POINT('',(1.97259060414051,-1.97259060414051,9.80505580078125));
#4310=CARTESIAN_POINT('',(1.34730443826121,-2.33359974033147,9.77198288411458));
#4311=CARTESIAN_POINT('',(0.72201827238192,-2.69460887652243,9.73890996744792));
#4312=CARTESIAN_POINT('',(1.64997206779362E-16,-2.69460887652243,9.70583705078125));
#4313=CARTESIAN_POINT('',(-0.722018272381919,-2.69460887652243,9.67276413411459));
#4314=CARTESIAN_POINT('',(-1.34730443826121,-2.33359974033147,9.63969121744792));
#4315=CARTESIAN_POINT('',(-1.97259060414051,-1.97259060414051,9.60661830078125));
#4316=CARTESIAN_POINT('',(-2.33359974033147,-1.34730443826121,9.57354538411458));
#4317=CARTESIAN_POINT('',(-2.69460887652243,-0.72201827238192,9.54047246744792));
#4318=CARTESIAN_POINT('',(-2.69460887652243,-3.29994413558724E-16,9.50739955078125));
#4319=CARTESIAN_POINT('',(-2.69460887652243,0.722018272381918,9.47432663411458));
#4320=CARTESIAN_POINT('',(-2.33359974033147,1.34730443826121,9.44125371744792));
#4321=CARTESIAN_POINT('',(-1.97259060414051,1.97259060414051,9.40818080078125));
#4322=CARTESIAN_POINT('',(-1.34730443826122,2.33359974033147,9.37510788411458));
#4323=CARTESIAN_POINT('',(-0.722018272381921,2.69460887652243,9.34203496744792));
#4324=CARTESIAN_POINT('',(-4.94991620338086E-16,2.69460887652243,9.30896205078125));
#4325=CARTESIAN_POINT('',(0.722018272381918,2.69460887652243,9.27588913411459));
#4326=CARTESIAN_POINT('',(1.34730443826121,2.33359974033147,9.24281621744792));
#4327=CARTESIAN_POINT('',(1.97259060414051,1.97259060414051,9.20974330078125));
#4328=CARTESIAN_POINT('',(2.33359974033147,1.34730443826122,9.17667038411459));
#4329=CARTESIAN_POINT('',(2.69460887652243,0.722018272381922,9.14359746744792));
#4330=CARTESIAN_POINT('',(2.69460887652243,0.,9.11052455078125));
#4331=CARTESIAN_POINT('',(2.69460887652243,-0.722018272381919,9.07745163411458));
#4332=CARTESIAN_POINT('',(2.33359974033147,-1.34730443826121,9.04437871744792));
#4333=CARTESIAN_POINT('',(1.97259060414051,-1.97259060414051,9.01130580078125));
#4334=CARTESIAN_POINT('',(1.34730443826121,-2.33359974033147,8.97823288411458));
#4335=CARTESIAN_POINT('',(0.72201827238192,-2.69460887652243,8.94515996744792));
#4336=CARTESIAN_POINT('',(1.64997206779362E-16,-2.69460887652243,8.91208705078125));
#4337=CARTESIAN_POINT('',(-0.722018272381919,-2.69460887652243,8.87901413411459));
#4338=CARTESIAN_POINT('',(-1.34730443826121,-2.33359974033147,8.84594121744792));
#4339=CARTESIAN_POINT('',(-1.97259060414051,-1.97259060414051,8.81286830078125));
#4340=CARTESIAN_POINT('',(-2.33359974033147,-1.34730443826121,8.77979538411458));
#4341=CARTESIAN_POINT('',(-2.69460887652243,-0.72201827238192,8.74672246744792));
#4342=CARTESIAN_POINT('',(-2.69460887652243,-3.29994413558724E-16,8.71364955078125));
#4343=CARTESIAN_POINT('',(-2.69460887652243,0.722018272381918,8.68057663411459));
#4344=CARTESIAN_POINT('',(-2.33359974033147,1.34730443826121,8.64750371744792));
#4345=CARTESIAN_POINT('',(-1.97259060414051,1.97259060414051,8.61443080078125));
#4346=CARTESIAN_POINT('',(-1.34730443826122,2.33359974033147,8.58135788411458));
#4347=CARTESIAN_POINT('',(-0.722018272381921,2.69460887652243,8.54828496744792));
#4348=CARTESIAN_POINT('',(-4.94991620338086E-16,2.69460887652243,8.51521205078125));
#4349=CARTESIAN_POINT('',(0.722018272381918,2.69460887652243,8.48213913411458));
#4350=CARTESIAN_POINT('',(1.34730443826121,2.33359974033147,8.44906621744792));
#4351=CARTESIAN_POINT('',(1.97259060414051,1.97259060414051,8.41599330078125));
#4352=CARTESIAN_POINT('',(2.33359974033147,1.34730443826122,8.38292038411458));
#4353=CARTESIAN_POINT('',(2.69460887652243,0.722018272381922,8.34984746744792));
#4354=CARTESIAN_POINT('',(2.69460887652243,0.,8.31677455078125));
#4355=CARTESIAN_POINT('',(2.69460887652243,-0.722018272381919,8.28370163411459));
#4356=CARTESIAN_POINT('',(2.33359974033147,-1.34730443826121,8.25062871744792));
#4357=CARTESIAN_POINT('',(1.97259060414051,-1.97259060414051,8.21755580078125));
#4358=CARTESIAN_POINT('',(1.34730443826121,-2.33359974033147,8.18448288411458));
#4359=CARTESIAN_POINT('',(0.72201827238192,-2.69460887652243,8.15140996744792));
#4360=CARTESIAN_POINT('',(1.64997206779362E-16,-2.69460887652243,8.11833705078125));
#4361=CARTESIAN_POINT('',(-0.722018272381919,-2.69460887652243,8.08526413411458));
#4362=CARTESIAN_POINT('',(-1.34730443826121,-2.33359974033147,8.05219121744792));
#4363=CARTESIAN_POINT('',(-1.97259060414051,-1.97259060414051,8.01911830078125));
#4364=CARTESIAN_POINT('',(-2.33359974033147,-1.34730443826121,7.98604538411458));
#4365=CARTESIAN_POINT('',(-2.69460887652243,-0.72201827238192,7.95297246744792));
#4366=CARTESIAN_POINT('',(-2.69460887652243,-3.29994413558724E-16,7.91989955078125));
#4367=CARTESIAN_POINT('',(-2.69460887652243,0.722018272381918,7.88682663411458));
#4368=CARTESIAN_POINT('',(-2.33359974033147,1.34730443826121,7.85375371744792));
#4369=CARTESIAN_POINT('',(-1.97259060414051,1.97259060414051,7.82068080078125));
#4370=CARTESIAN_POINT('',(-1.34730443826122,2.33359974033147,7.78760788411458));
#4371=CARTESIAN_POINT('',(-0.722018272381921,2.69460887652243,7.75453496744792));
#4372=CARTESIAN_POINT('',(-4.94991620338086E-16,2.69460887652243,7.72146205078125));
#4373=CARTESIAN_POINT('',(0.722018272381918,2.69460887652243,7.68838913411458));
#4374=CARTESIAN_POINT('',(1.34730443826121,2.33359974033147,7.65531621744792));
#4375=CARTESIAN_POINT('',(1.97259060414051,1.97259060414051,7.62224330078125));
#4376=CARTESIAN_POINT('',(2.33359974033147,1.34730443826122,7.58917038411458));
#4377=CARTESIAN_POINT('',(2.69460887652243,0.722018272381922,7.55609746744792));
#4378=CARTESIAN_POINT('',(2.69460887652243,0.,7.52302455078125));
#4379=CARTESIAN_POINT('',(2.69460887652243,-0.722018272381919,7.48995163411458));
#4380=CARTESIAN_POINT('',(2.33359974033147,-1.34730443826121,7.45687871744792));
#4381=CARTESIAN_POINT('',(2.1917583288518,-1.59298096956129,7.44388428403483));
#4382=CARTESIAN_POINT('',(2.00186504982253,-1.80373316200942,7.43044965217231));
#4383=CARTESIAN_POINT('',(3.1242,0.,10.45));
#4384=CARTESIAN_POINT('',(3.1242,-0.837126866993313,10.4169270833333));
#4385=CARTESIAN_POINT('',(2.70563656650334,-1.5621,10.3838541666667));
#4386=CARTESIAN_POINT('',(2.28707313300669,-2.28707313300669,10.35078125));
#4387=CARTESIAN_POINT('',(1.5621,-2.70563656650334,10.3177083333333));
#4388=CARTESIAN_POINT('',(0.837126866993314,-3.1242,10.2846354166667));
#4389=CARTESIAN_POINT('',(1.91302076494808E-16,-3.1242,10.2515625));
#4390=CARTESIAN_POINT('',(-0.837126866993313,-3.1242,10.2184895833333));
#4391=CARTESIAN_POINT('',(-1.5621,-2.70563656650334,10.1854166666667));
#4392=CARTESIAN_POINT('',(-2.28707313300669,-2.28707313300669,10.15234375));
#4393=CARTESIAN_POINT('',(-2.70563656650334,-1.5621,10.1192708333333));
#4394=CARTESIAN_POINT('',(-3.1242,-0.837126866993314,10.0861979166667));
#4395=CARTESIAN_POINT('',(-3.1242,-3.82604152989616E-16,10.053125));
#4396=CARTESIAN_POINT('',(-3.1242,0.837126866993312,10.0200520833333));
#4397=CARTESIAN_POINT('',(-2.70563656650334,1.5621,9.98697916666667));
#4398=CARTESIAN_POINT('',(-2.28707313300669,2.28707313300668,9.95390625));
#4399=CARTESIAN_POINT('',(-1.5621,2.70563656650334,9.92083333333333));
#4400=CARTESIAN_POINT('',(-0.837126866993316,3.1242,9.88776041666667));
#4401=CARTESIAN_POINT('',(-5.73906229484424E-16,3.1242,9.8546875));
#4402=CARTESIAN_POINT('',(0.837126866993312,3.1242,9.82161458333333));
#4403=CARTESIAN_POINT('',(1.5621,2.70563656650334,9.78854166666667));
#4404=CARTESIAN_POINT('',(2.28707313300669,2.28707313300669,9.75546875));
#4405=CARTESIAN_POINT('',(2.70563656650334,1.5621,9.72239583333334));
#4406=CARTESIAN_POINT('',(3.1242,0.837126866993316,9.68932291666667));
#4407=CARTESIAN_POINT('',(3.1242,0.,9.65625));
#4408=CARTESIAN_POINT('',(3.1242,-0.837126866993313,9.62317708333333));
#4409=CARTESIAN_POINT('',(2.70563656650334,-1.5621,9.59010416666667));
#4410=CARTESIAN_POINT('',(2.28707313300669,-2.28707313300669,9.55703125));
#4411=CARTESIAN_POINT('',(1.5621,-2.70563656650334,9.52395833333333));
#4412=CARTESIAN_POINT('',(0.837126866993314,-3.1242,9.49088541666667));
#4413=CARTESIAN_POINT('',(1.91302076494808E-16,-3.1242,9.4578125));
#4414=CARTESIAN_POINT('',(-0.837126866993313,-3.1242,9.42473958333333));
#4415=CARTESIAN_POINT('',(-1.5621,-2.70563656650334,9.39166666666667));
#4416=CARTESIAN_POINT('',(-2.28707313300669,-2.28707313300669,9.35859375));
#4417=CARTESIAN_POINT('',(-2.70563656650334,-1.5621,9.32552083333334));
#4418=CARTESIAN_POINT('',(-3.1242,-0.837126866993314,9.29244791666667));
#4419=CARTESIAN_POINT('',(-3.1242,-3.82604152989616E-16,9.259375));
#4420=CARTESIAN_POINT('',(-3.1242,0.837126866993312,9.22630208333333));
#4421=CARTESIAN_POINT('',(-2.70563656650334,1.5621,9.19322916666667));
#4422=CARTESIAN_POINT('',(-2.28707313300669,2.28707313300668,9.16015625));
#4423=CARTESIAN_POINT('',(-1.5621,2.70563656650334,9.12708333333333));
#4424=CARTESIAN_POINT('',(-0.837126866993316,3.1242,9.09401041666667));
#4425=CARTESIAN_POINT('',(-5.73906229484424E-16,3.1242,9.0609375));
#4426=CARTESIAN_POINT('',(0.837126866993312,3.1242,9.02786458333333));
#4427=CARTESIAN_POINT('',(1.5621,2.70563656650334,8.99479166666667));
#4428=CARTESIAN_POINT('',(2.28707313300669,2.28707313300669,8.96171875));
#4429=CARTESIAN_POINT('',(2.70563656650334,1.5621,8.92864583333334));
#4430=CARTESIAN_POINT('',(3.1242,0.837126866993316,8.89557291666667));
#4431=CARTESIAN_POINT('',(3.1242,0.,8.8625));
#4432=CARTESIAN_POINT('',(3.1242,-0.837126866993313,8.82942708333333));
#4433=CARTESIAN_POINT('',(2.70563656650334,-1.5621,8.79635416666667));
#4434=CARTESIAN_POINT('',(2.28707313300669,-2.28707313300669,8.76328125));
#4435=CARTESIAN_POINT('',(1.5621,-2.70563656650334,8.73020833333334));
#4436=CARTESIAN_POINT('',(0.837126866993314,-3.1242,8.69713541666667));
#4437=CARTESIAN_POINT('',(1.91302076494808E-16,-3.1242,8.6640625));
#4438=CARTESIAN_POINT('',(-0.837126866993313,-3.1242,8.63098958333333));
#4439=CARTESIAN_POINT('',(-1.5621,-2.70563656650334,8.59791666666667));
#4440=CARTESIAN_POINT('',(-2.28707313300669,-2.28707313300669,8.56484375));
#4441=CARTESIAN_POINT('',(-2.70563656650334,-1.5621,8.53177083333333));
#4442=CARTESIAN_POINT('',(-3.1242,-0.837126866993314,8.49869791666667));
#4443=CARTESIAN_POINT('',(-3.1242,-3.82604152989616E-16,8.465625));
#4444=CARTESIAN_POINT('',(-3.1242,0.837126866993312,8.43255208333333));
#4445=CARTESIAN_POINT('',(-2.70563656650334,1.5621,8.39947916666667));
#4446=CARTESIAN_POINT('',(-2.28707313300669,2.28707313300668,8.36640625));
#4447=CARTESIAN_POINT('',(-1.5621,2.70563656650334,8.33333333333334));
#4448=CARTESIAN_POINT('',(-0.837126866993316,3.1242,8.30026041666667));
#4449=CARTESIAN_POINT('',(-5.73906229484424E-16,3.1242,8.2671875));
#4450=CARTESIAN_POINT('',(0.837126866993312,3.1242,8.23411458333333));
#4451=CARTESIAN_POINT('',(1.5621,2.70563656650334,8.20104166666667));
#4452=CARTESIAN_POINT('',(2.28707313300669,2.28707313300669,8.16796875));
#4453=CARTESIAN_POINT('',(2.70563656650334,1.5621,8.13489583333333));
#4454=CARTESIAN_POINT('',(3.1242,0.837126866993316,8.10182291666667));
#4455=CARTESIAN_POINT('',(3.1242,0.,8.06875));
#4456=CARTESIAN_POINT('',(3.1242,-0.837126866993313,8.03567708333333));
#4457=CARTESIAN_POINT('',(2.70563656650334,-1.5621,8.00260416666667));
#4458=CARTESIAN_POINT('',(2.28707313300669,-2.28707313300669,7.96953125));
#4459=CARTESIAN_POINT('',(1.5621,-2.70563656650334,7.93645833333333));
#4460=CARTESIAN_POINT('',(0.837126866993314,-3.1242,7.90338541666667));
#4461=CARTESIAN_POINT('',(1.91302076494808E-16,-3.1242,7.8703125));
#4462=CARTESIAN_POINT('',(-0.837126866993313,-3.1242,7.83723958333333));
#4463=CARTESIAN_POINT('',(-1.5621,-2.70563656650334,7.80416666666667));
#4464=CARTESIAN_POINT('',(-2.28707313300669,-2.28707313300669,7.77109375));
#4465=CARTESIAN_POINT('',(-2.70563656650334,-1.5621,7.73802083333333));
#4466=CARTESIAN_POINT('',(-3.1242,-0.837126866993314,7.70494791666667));
#4467=CARTESIAN_POINT('',(-3.1242,-3.82604152989616E-16,7.671875));
#4468=CARTESIAN_POINT('',(-3.1242,0.837126866993312,7.63880208333333));
#4469=CARTESIAN_POINT('',(-2.70563656650334,1.5621,7.60572916666667));
#4470=CARTESIAN_POINT('',(-2.28707313300669,2.28707313300668,7.57265625));
#4471=CARTESIAN_POINT('',(-1.5621,2.70563656650334,7.53958333333333));
#4472=CARTESIAN_POINT('',(-0.837126866993316,3.1242,7.50651041666667));
#4473=CARTESIAN_POINT('',(-5.73906229484424E-16,3.1242,7.4734375));
#4474=CARTESIAN_POINT('',(0.837126866993312,3.1242,7.44036458333333));
#4475=CARTESIAN_POINT('',(1.5621,2.70563656650334,7.40729166666667));
#4476=CARTESIAN_POINT('',(2.28707313300669,2.28707313300669,7.37421875));
#4477=CARTESIAN_POINT('',(2.70563656650334,1.5621,7.34114583333333));
#4478=CARTESIAN_POINT('',(3.1242,0.837126866993316,7.30807291666667));
#4479=CARTESIAN_POINT('',(3.1242,0.,7.275));
#4480=CARTESIAN_POINT('',(3.1242,-0.837126866993313,7.24192708333333));
#4481=CARTESIAN_POINT('',(2.70563656650334,-1.5621,7.20885416666667));
#4482=CARTESIAN_POINT('',(2.54118192464204,-1.84694379524432,7.19585973325358));
#4483=CARTESIAN_POINT('',(2.32101469090647,-2.09129539869343,7.18242510139106));
#4484=CARTESIAN_POINT('',(3.1242,0.,10.45));
#4485=CARTESIAN_POINT('',(3.05848149349176,-0.960386047189715,10.45));
#4486=CARTESIAN_POINT('',(1.97760579932433,-2.78087906081193,10.45));
#4487=CARTESIAN_POINT('',(-0.169698751451937,-2.92967393788444,10.45));
#4488=CARTESIAN_POINT('',(-1.02793897207376,-2.49083489358998,10.45));
#4489=CARTESIAN_POINT('',(0.,0.,10.45));
#4490=CARTESIAN_POINT('',(0.,5.9,-5.83707344611883E-15));
#4491=CARTESIAN_POINT('',(0.,5.9,-5.83707344611883E-15));
#4492=CARTESIAN_POINT('',(0.,5.9,-2.40000000000001));
#4493=CARTESIAN_POINT('',(0.,5.9,-5.54027310140093E-15));
#4494=CARTESIAN_POINT('',(-0.65,5.9,-5.54027310140093E-15));
#4495=CARTESIAN_POINT('',(0.,10.4,-9.99227827216953E-15));
#4496=CARTESIAN_POINT('',(0.,10.4,-9.99227827216953E-15));
#4497=CARTESIAN_POINT('',(0.,10.4,-0.55000000000001));
#4498=CARTESIAN_POINT('',(0.,10.4,-9.99227827216953E-15));
#4499=CARTESIAN_POINT('',(0.,10.3,-9.89334482393023E-15));
#4500=CARTESIAN_POINT('',(0.,10.3,-0.65000000000001));
#4501=CARTESIAN_POINT('',(0.,6.,-5.93600689435814E-15));
#4502=CARTESIAN_POINT('',(0.,10.3,-9.89334482393023E-15));
#4503=CARTESIAN_POINT('',(0.,0.,7.99704541809271));
#4504=CARTESIAN_POINT('',(0.,0.,7.54704541809271));
#4505=MECHANICAL_DESIGN_GEOMETRIC_PRESENTATION_REPRESENTATION('',(#1501,
#1502,#1503,#1504,#1505,#1506,#1507,#1508,#1509,#1510,#1511,#1512,#1513,
#1514,#1515,#1516,#1517,#1518,#1519,#1520,#1521,#1522,#1523,#1524,#1525,
#1526,#1527,#1528,#1529,#1530,#1531,#1532,#1533,#1534,#1535,#1536,#1537,
#1538,#1539,#1540,#1541,#1542,#1543,#1544,#1545,#1546,#1547,#1548,#1549,
#1550,#1551,#1552,#1553,#1554,#1555,#1556,#1557,#1558,#1559,#1560,#1561,
#1562,#1563,#1564,#1565,#1566,#1567,#1568,#1569,#1570,#1571,#1572,#1573,
#1574,#1575,#1576,#1577,#1578,#1579,#1580,#1581,#1582,#1583,#1584,#1585,
#1586,#1587,#1588,#1589,#1590,#1591,#1592),#4506);
#4506=(
GEOMETRIC_REPRESENTATION_CONTEXT(3)
GLOBAL_UNCERTAINTY_ASSIGNED_CONTEXT((#4507))
GLOBAL_UNIT_ASSIGNED_CONTEXT((#4510,#4509,#4508))
REPRESENTATION_CONTEXT('72971','TOP_LEVEL_ASSEMBLY_PART')
);
#4507=UNCERTAINTY_MEASURE_WITH_UNIT(LENGTH_MEASURE(0.005),#4510,
'DISTANCE_ACCURACY_VALUE','Maximum Tolerance applied to model');
#4508=(
NAMED_UNIT(*)
SI_UNIT($,.STERADIAN.)
SOLID_ANGLE_UNIT()
);
#4509=(
NAMED_UNIT(*)
PLANE_ANGLE_UNIT()
SI_UNIT($,.RADIAN.)
);
#4510=(
LENGTH_UNIT()
NAMED_UNIT(*)
SI_UNIT(.MILLI.,.METRE.)
);
#4511=PRODUCT_DEFINITION_SHAPE('','',#4512);
#4512=PRODUCT_DEFINITION('','',#4514,#4513);
#4513=PRODUCT_DEFINITION_CONTEXT('',#4520,'design');
#4514=PRODUCT_DEFINITION_FORMATION_WITH_SPECIFIED_SOURCE('','',#4516,
 .NOT_KNOWN.);
#4515=PRODUCT_RELATED_PRODUCT_CATEGORY('','',(#4516));
#4516=PRODUCT('72971','72971','72971',(#4518));
#4517=PRODUCT_CATEGORY('','');
#4518=PRODUCT_CONTEXT('',#4520,'mechanical');
#4519=APPLICATION_PROTOCOL_DEFINITION('international standard',
'automotive_design',2010,#4520);
#4520=APPLICATION_CONTEXT(
'core data for automotive mechanical design processes');
ENDSEC;
END-ISO-10303-21;
