ISO-10303-21;
HEADER;
FILE_DESCRIPTION (( 'STEP AP214' ),
    '1' );
FILE_NAME ('AVX-TAJ-JN-P.STEP',
    '2026-04-06T17:17:06',
    ( '' ),
    ( '' ),
    'SwSTEP 2.0',
    'SolidWorks 2021',
    '' );
FILE_SCHEMA (( 'AUTOMOTIVE_DESIGN' ));
ENDSEC;

DATA;
#1 = LINE ( 'NONE', #1470, #1865 ) ;
#2 = DIRECTION ( 'NONE',  ( 0.000000000000000000, -0.000000000000000000, -1.000000000000000000 ) ) ;
#3 = LINE ( 'NONE', #1621, #1199 ) ;
#4 = DIRECTION ( 'NONE',  ( -0.9961946980917455452, 0.08715574274765837404, 0.000000000000000000 ) ) ;
#5 = EDGE_CURVE ( 'NONE', #1360, #499, #435, .T. ) ;
#6 = ORIENTED_EDGE ( 'NONE', *, *, #1860, .T. ) ;
#7 = DIRECTION ( 'NONE',  ( 0.08715574274765777729, 0.9961946980917456562, 2.400169901976921941E-16 ) ) ;
#8 = PLANE ( 'NONE',  #696 ) ;
#9 = EDGE_CURVE ( 'NONE', #73, #1317, #1622, .T. ) ;
#10 = DIRECTION ( 'NONE',  ( 0.000000000000000000, -1.000000000000000000, 0.000000000000000000 ) ) ;
#11 = VERTEX_POINT ( 'NONE', #894 ) ;
#12 = ADVANCED_FACE ( 'NONE', ( #443 ), #623, .T. ) ;
#13 = VERTEX_POINT ( 'NONE', #747 ) ;
#14 = CARTESIAN_POINT ( 'NONE',  ( 0.8999999999999999112, 0.6250000000000000000, 0.5000000000000000000 ) ) ;
#15 = CARTESIAN_POINT ( 'NONE',  ( 0.8999999999999999112, 0.6250000000000002220, -0.2500000000000000000 ) ) ;
#16 = CARTESIAN_POINT ( 'NONE',  ( 0.8999999999999999112, 0.7500000000000000000, -0.5000000000000000000 ) ) ;
#17 = VERTEX_POINT ( 'NONE', #286 ) ;
#18 = PRODUCT ( 'AVX-TAJ-JN-P', 'AVX-TAJ-JN-P', '', ( #914 ) ) ;
#19 = LINE ( 'NONE', #604, #1408 ) ;
#20 = VECTOR ( 'NONE', #7, 999.9999999999998863 ) ;
#21 = ORIENTED_EDGE ( 'NONE', *, *, #1935, .F. ) ;
#22 = LINE ( 'NONE', #1159, #638 ) ;
#23 = VECTOR ( 'NONE', #1331, 1000.000000000000000 ) ;
#24 = VECTOR ( 'NONE', #121, 1000.000000000000000 ) ;
#25 = CARTESIAN_POINT ( 'NONE',  ( 1.024999999999999911, 0.5250000000000000222, -0.2500000000000000000 ) ) ;
#26 = VERTEX_POINT ( 'NONE', #881 ) ;
#27 = ADVANCED_FACE ( 'NONE', ( #1438 ), #1329, .T. ) ;
#28 = EDGE_LOOP ( 'NONE', ( #800, #1109, #170, #569 ) ) ;
#29 = CARTESIAN_POINT ( 'NONE',  ( -0.8999999999999999112, 0.6250000000000000000, 0.5000000000000000000 ) ) ;
#30 = CYLINDRICAL_SURFACE ( 'NONE', #327, 0.1249999999999998890 ) ;
#31 = ORIENTED_EDGE ( 'NONE', *, *, #474, .T. ) ;
#32 = DIRECTION ( 'NONE',  ( 1.000000000000000000, 0.000000000000000000, 0.000000000000000000 ) ) ;
#33 = DIRECTION ( 'NONE',  ( 1.000000000000000000, 0.000000000000000000, 0.000000000000000000 ) ) ;
#34 = ORIENTED_EDGE ( 'NONE', *, *, #400, .F. ) ;
#35 = ORIENTED_EDGE ( 'NONE', *, *, #1570, .T. ) ;
#36 = DIRECTION ( 'NONE',  ( 1.000000000000000000, 0.000000000000000000, 0.000000000000000000 ) ) ;
#37 = DIRECTION ( 'NONE',  ( 8.910515885848802584E-17, 0.000000000000000000, 1.000000000000000000 ) ) ;
#38 = EDGE_LOOP ( 'NONE', ( #313, #754, #318, #575, #1802, #961, #1203, #971, #953, #519 ) ) ;
#39 = DIRECTION ( 'NONE',  ( -1.000000000000000000, 1.445602896647338917E-16, 0.000000000000000000 ) ) ;
#40 = ORIENTED_EDGE ( 'NONE', *, *, #706, .T. ) ;
#41 = APPLICATION_CONTEXT ( 'automotive_design' ) ;
#42 = CARTESIAN_POINT ( 'NONE',  ( -1.024999999999999911, 0.5250000000000000222, -0.2500000000000000000 ) ) ;
#43 = ORIENTED_EDGE ( 'NONE', *, *, #1026, .F. ) ;
#44 = LINE ( 'NONE', #641, #891 ) ;
#45 = VECTOR ( 'NONE', #1090, 1000.000000000000000 ) ;
#46 = ORIENTED_EDGE ( 'NONE', *, *, #1557, .F. ) ;
#47 = AXIS2_PLACEMENT_3D ( 'NONE', #1368, #1047, #1379 ) ;
#48 = EDGE_CURVE ( 'NONE', #1317, #658, #886, .T. ) ;
#49 = VECTOR ( 'NONE', #1354, 1000.000000000000000 ) ;
#50 = PLANE ( 'NONE',  #1630 ) ;
#51 = ORIENTED_EDGE ( 'NONE', *, *, #1419, .F. ) ;
#52 = AXIS2_PLACEMENT_3D ( 'NONE', #863, #1746, #403 ) ;
#53 = CARTESIAN_POINT ( 'NONE',  ( 0.8229442452020757637, 0.1550000000000000544, -0.6750000000000000444 ) ) ;
#54 = ORIENTED_EDGE ( 'NONE', *, *, #1518, .T. ) ;
#55 = ADVANCED_FACE ( 'NONE', ( #1000 ), #108, .F. ) ;
#56 = CARTESIAN_POINT ( 'NONE',  ( 0.8749999999999998890, 0.7500000000000000000, 0.6750000000000000444 ) ) ;
#57 = ORIENTED_EDGE ( 'NONE', *, *, #858, .T. ) ;
#58 = LINE ( 'NONE', #1387, #821 ) ;
#59 = ORIENTED_EDGE ( 'NONE', *, *, #1728, .F. ) ;
#60 = LINE ( 'NONE', #143, #390 ) ;
#61 = FACE_OUTER_BOUND ( 'NONE', #1754, .T. ) ;
#62 = CARTESIAN_POINT ( 'NONE',  ( -0.8999999999999999112, 0.6250000000000000000, 0.2500000000000000000 ) ) ;
#63 = FACE_OUTER_BOUND ( 'NONE', #686, .T. ) ;
#64 = DIRECTION ( 'NONE',  ( -1.000000000000000000, 4.037111266668676546E-18, 0.000000000000000000 ) ) ;
#65 = EDGE_CURVE ( 'NONE', #1350, #478, #58, .T. ) ;
#66 = CARTESIAN_POINT ( 'NONE',  ( 0.8640639170592594454, 0.6250000000000000000, 0.5000000000000000000 ) ) ;
#67 = EDGE_LOOP ( 'NONE', ( #160, #1489, #621, #1451 ) ) ;
#68 = EDGE_LOOP ( 'NONE', ( #182, #1273, #1420, #1059 ) ) ;
#69 = LINE ( 'NONE', #517, #824 ) ;
#70 = EDGE_CURVE ( 'NONE', #925, #1120, #1834, .T. ) ;
#71 = VERTEX_POINT ( 'NONE', #1862 ) ;
#72 = CARTESIAN_POINT ( 'NONE',  ( -0.8999999999999999112, 0.7500000000000000000, 0.5000000000000000000 ) ) ;
#73 = VERTEX_POINT ( 'NONE', #1853 ) ;
#74 =( GEOMETRIC_REPRESENTATION_CONTEXT ( 3 ) GLOBAL_UNCERTAINTY_ASSIGNED_CONTEXT ( ( #1685 ) ) GLOBAL_UNIT_ASSIGNED_CONTEXT ( ( #903, #1172, #437 ) ) REPRESENTATION_CONTEXT ( 'NONE', 'WORKASPACE' ) );
#75 = FACE_OUTER_BOUND ( 'NONE', #692, .T. ) ;
#76 = ORIENTED_EDGE ( 'NONE', *, *, #1278, .F. ) ;
#77 = AXIS2_PLACEMENT_3D ( 'NONE', #619, #469, #1054 ) ;
#78 = DIRECTION ( 'NONE',  ( -0.000000000000000000, -0.000000000000000000, -1.000000000000000000 ) ) ;
#79 = AXIS2_PLACEMENT_3D ( 'NONE', #531, #1008, #1795 ) ;
#80 = DIRECTION ( 'NONE',  ( 0.000000000000000000, 0.08715574274765837404, 0.9961946980917455452 ) ) ;
#81 = VECTOR ( 'NONE', #803, 1000.000000000000000 ) ;
#82 = EDGE_CURVE ( 'NONE', #1463, #90, #261, .T. ) ;
#83 = ORIENTED_EDGE ( 'NONE', *, *, #1649, .T. ) ;
#84 = DIRECTION ( 'NONE',  ( 0.000000000000000000, 0.000000000000000000, -1.000000000000000000 ) ) ;
#85 = VERTEX_POINT ( 'NONE', #814 ) ;
#86 = ORIENTED_EDGE ( 'NONE', *, *, #681, .T. ) ;
#87 = DIRECTION ( 'NONE',  ( -1.000000000000000000, -4.037111266668676546E-18, 0.000000000000000000 ) ) ;
#88 = CARTESIAN_POINT ( 'NONE',  ( -0.8640639170592594454, 0.6250000000000000000, 0.5000000000000000000 ) ) ;
#89 = DIRECTION ( 'NONE',  ( -2.168404344971008868E-16, 1.000000000000000000, 0.000000000000000000 ) ) ;
#90 = VERTEX_POINT ( 'NONE', #1403 ) ;
#91 = DIRECTION ( 'NONE',  ( 8.910515885848802584E-17, 0.000000000000000000, 1.000000000000000000 ) ) ;
#92 = ORIENTED_EDGE ( 'NONE', *, *, #564, .F. ) ;
#93 = PLANE ( 'NONE',  #1161 ) ;
#94 = DIRECTION ( 'NONE',  ( 1.000000000000000000, -2.271727064378607731E-16, 1.987503647581555311E-17 ) ) ;
#95 = CARTESIAN_POINT ( 'NONE',  ( -0.4649999999999998579, 0.1549999999999999711, 0.6229442452020750309 ) ) ;
#96 = DIRECTION ( 'NONE',  ( 0.08715574274765777729, 0.9961946980917456562, 0.000000000000000000 ) ) ;
#97 = ORIENTED_EDGE ( 'NONE', *, *, #767, .T. ) ;
#98 = ADVANCED_FACE ( 'NONE', ( #341 ), #50, .F. ) ;
#99 = CARTESIAN_POINT ( 'NONE',  ( -0.8083835023555567822, 1.450000000000000178, -0.6083835023555569377 ) ) ;
#100 = ORIENTED_EDGE ( 'NONE', *, *, #506, .T. ) ;
#101 = CARTESIAN_POINT ( 'NONE',  ( 0.8640639170592594454, 0.6250000000000000000, -0.2500000000000000000 ) ) ;
#102 = CARTESIAN_POINT ( 'NONE',  ( -0.8749999999999998890, 0.7499999999999993339, 0.2500000000000000000 ) ) ;
#103 = COLOUR_RGB ( '',0.7921568627450980005, 0.8196078431372548767, 0.9333333333333333481 ) ;
#104 = DIRECTION ( 'NONE',  ( -0.08715574274765777729, -0.9961946980917456562, 0.000000000000000000 ) ) ;
#105 = AXIS2_PLACEMENT_3D ( 'NONE', #835, #1855, #249 ) ;
#106 = PLANE ( 'NONE',  #1348 ) ;
#107 = AXIS2_PLACEMENT_3D ( 'NONE', #14, #315, #599 ) ;
#108 = PLANE ( 'NONE',  #605 ) ;
#109 = PRESENTATION_LAYER_ASSIGNMENT (  '', '', ( #1383 ) ) ;
#110 = ORIENTED_EDGE ( 'NONE', *, *, #936, .F. ) ;
#111 = DIRECTION ( 'NONE',  ( 1.000000000000000000, -0.000000000000000000, -0.000000000000000000 ) ) ;
#112 = CARTESIAN_POINT ( 'NONE',  ( -0.8999999999999999112, 0.6250000000000000000, -0.5000000000000000000 ) ) ;
#113 = CARTESIAN_POINT ( 'NONE',  ( 0.8749999999999998890, 0.7500000000000000000, 0.5000000000000000000 ) ) ;
#114 = LINE ( 'NONE', #123, #198 ) ;
#115 = CARTESIAN_POINT ( 'NONE',  ( -0.8640639170592594454, 0.6250000000000002220, -0.2500000000000000000 ) ) ;
#116 = DIRECTION ( 'NONE',  ( -0.000000000000000000, 1.000000000000000000, -0.000000000000000000 ) ) ;
#117 = ORIENTED_EDGE ( 'NONE', *, *, #1449, .T. ) ;
#118 = ORIENTED_EDGE ( 'NONE', *, *, #1895, .T. ) ;
#119 = EDGE_CURVE ( 'NONE', #1208, #1281, #1841, .T. ) ;
#120 = DIRECTION ( 'NONE',  ( 0.08715574274765837404, -0.9961946980917455452, 0.000000000000000000 ) ) ;
#121 = DIRECTION ( 'NONE',  ( 1.000000000000000000, 2.271727064378607731E-16, -1.987503647581555311E-17 ) ) ;
#122 = LINE ( 'NONE', #1016, #578 ) ;
#123 = CARTESIAN_POINT ( 'NONE',  ( 0.8640639170592594454, 0.6250000000000000000, 0.2500000000000000000 ) ) ;
#124 = ORIENTED_EDGE ( 'NONE', *, *, #1276, .F. ) ;
#125 = DIRECTION ( 'NONE',  ( 1.000000000000000000, 1.445602896647338917E-16, 0.000000000000000000 ) ) ;
#126 = EDGE_LOOP ( 'NONE', ( #1661, #440, #6, #956 ) ) ;
#127 = ADVANCED_FACE ( 'NONE', ( #75 ), #485, .F. ) ;
#128 = ADVANCED_FACE ( 'NONE', ( #1261 ), #632, .F. ) ;
#129 = ORIENTED_EDGE ( 'NONE', *, *, #1316, .F. ) ;
#130 = SURFACE_SIDE_STYLE ('',( #1467 ) ) ;
#131 = FACE_OUTER_BOUND ( 'NONE', #1819, .T. ) ;
#132 = CLOSED_SHELL ( 'NONE', ( #819, #776, #252, #320, #1564, #1515, #1805, #972, #1873, #647, #598, #1371, #1789, #1220, #989, #1821, #98, #128, #756 ) ) ;
#133 = DIRECTION ( 'NONE',  ( 0.000000000000000000, 1.000000000000000000, 0.000000000000000000 ) ) ;
#134 = ORIENTED_EDGE ( 'NONE', *, *, #351, .T. ) ;
#135 = DIRECTION ( 'NONE',  ( -0.000000000000000000, -0.000000000000000000, -1.000000000000000000 ) ) ;
#136 = VERTEX_POINT ( 'NONE', #1071 ) ;
#137 = VECTOR ( 'NONE', #1582, 1000.000000000000000 ) ;
#138 = EDGE_CURVE ( 'NONE', #215, #71, #1234, .T. ) ;
#139 = VECTOR ( 'NONE', #1772, 1000.000000000000000 ) ;
#140 = ORIENTED_EDGE ( 'NONE', *, *, #1375, .T. ) ;
#141 = LINE ( 'NONE', #1803, #420 ) ;
#142 = VECTOR ( 'NONE', #177, 1000.000000000000000 ) ;
#143 = CARTESIAN_POINT ( 'NONE',  ( 0.8999999999999999112, 0.6250000000000000000, 0.2500000000000000000 ) ) ;
#144 = CARTESIAN_POINT ( 'NONE',  ( -0.9000000000000000222, 0.1250000000000000000, 0.5000000000000000000 ) ) ;
#145 = VECTOR ( 'NONE', #1083, 1000.000000000000000 ) ;
#146 = EDGE_CURVE ( 'NONE', #335, #248, #928, .T. ) ;
#147 = DIRECTION ( 'NONE',  ( 0.000000000000000000, 1.000000000000000000, 0.000000000000000000 ) ) ;
#148 = EDGE_LOOP ( 'NONE', ( #841, #1876, #1485, #1811 ) ) ;
#149 = SURFACE_SIDE_STYLE ('',( #1019 ) ) ;
#150 = EDGE_LOOP ( 'NONE', ( #723, #1297, #676, #586 ) ) ;
#151 = EDGE_CURVE ( 'NONE', #1529, #1516, #1522, .T. ) ;
#152 = EDGE_LOOP ( 'NONE', ( #1286, #1816, #769, #458 ) ) ;
#153 = FACE_OUTER_BOUND ( 'NONE', #1194, .T. ) ;
#154 = LINE ( 'NONE', #784, #1868 ) ;
#155 = DIRECTION ( 'NONE',  ( -1.000000000000000000, -3.614007241618361097E-16, 0.000000000000000000 ) ) ;
#156 = EDGE_CURVE ( 'NONE', #217, #1265, #645, .T. ) ;
#157 = ORIENTED_EDGE ( 'NONE', *, *, #348, .T. ) ;
#158 = DIRECTION ( 'NONE',  ( -1.000000000000000000, 2.168404344971008868E-16, 0.000000000000000000 ) ) ;
#159 =( LENGTH_UNIT ( ) NAMED_UNIT ( * ) SI_UNIT ( .MILLI., .METRE. ) );
#160 = ORIENTED_EDGE ( 'NONE', *, *, #1187, .T. ) ;
#161 = PLANE ( 'NONE',  #450 ) ;
#162 = ADVANCED_FACE ( 'NONE', ( #1395 ), #938, .F. ) ;
#163 = ADVANCED_FACE ( 'NONE', ( #955 ), #202, .F. ) ;
#164 = ORIENTED_EDGE ( 'NONE', *, *, #505, .F. ) ;
#165 = VECTOR ( 'NONE', #523, 1000.000000000000000 ) ;
#166 = ORIENTED_EDGE ( 'NONE', *, *, #1217, .T. ) ;
#167 = AXIS2_PLACEMENT_3D ( 'NONE', #1657, #1845, #924 ) ;
#168 = AXIS2_PLACEMENT_3D ( 'NONE', #1755, #1178, #125 ) ;
#169 = FACE_OUTER_BOUND ( 'NONE', #152, .T. ) ;
#170 = ORIENTED_EDGE ( 'NONE', *, *, #1464, .F. ) ;
#171 = CIRCLE ( 'NONE', #794, 0.1250000000000000000 ) ;
#172 = VECTOR ( 'NONE', #414, 1000.000000000000000 ) ;
#173 = CARTESIAN_POINT ( 'NONE',  ( -0.8749999999999998890, 0.7500000000000000000, 0.6750000000000000444 ) ) ;
#174 = ORIENTED_EDGE ( 'NONE', *, *, #201, .T. ) ;
#175 = DIRECTION ( 'NONE',  ( -1.000000000000000000, 0.000000000000000000, 0.000000000000000000 ) ) ;
#176 = EDGE_LOOP ( 'NONE', ( #651, #354, #1338, #43 ) ) ;
#177 = DIRECTION ( 'NONE',  ( -0.000000000000000000, -0.000000000000000000, 1.000000000000000000 ) ) ;
#178 = ORIENTED_EDGE ( 'NONE', *, *, #1107, .F. ) ;
#179 = FILL_AREA_STYLE ('',( #371 ) ) ;
#180 = UNCERTAINTY_MEASURE_WITH_UNIT (LENGTH_MEASURE( 1.000000000000000082E-05 ), #787, 'distance_accuracy_value', 'NONE');
#181 = DIRECTION ( 'NONE',  ( -1.000000000000000000, 0.000000000000000000, 0.000000000000000000 ) ) ;
#182 = ORIENTED_EDGE ( 'NONE', *, *, #751, .T. ) ;
#183 = EDGE_LOOP ( 'NONE', ( #1770, #415, #345, #1689 ) ) ;
#184 = EDGE_CURVE ( 'NONE', #1475, #603, #330, .T. ) ;
#185 = CARTESIAN_POINT ( 'NONE',  ( 0.000000000000000000, 1.500000000000000000, 0.000000000000000000 ) ) ;
#186 = VERTEX_POINT ( 'NONE', #799 ) ;
#187 = EDGE_CURVE ( 'NONE', #1113, #203, #781, .T. ) ;
#188 = DIRECTION ( 'NONE',  ( 8.707365561646629155E-32, 2.409338161078905097E-16, -1.000000000000000000 ) ) ;
#189 = EDGE_LOOP ( 'NONE', ( #1673, #529, #931, #1262 ) ) ;
#190 = EDGE_CURVE ( 'NONE', #1091, #939, #1562, .T. ) ;
#191 = LINE ( 'NONE', #495, #145 ) ;
#192 = EDGE_LOOP ( 'NONE', ( #1216, #1098, #461, #879 ) ) ;
#193 = DIRECTION ( 'NONE',  ( -0.000000000000000000, -0.000000000000000000, 1.000000000000000000 ) ) ;
#194 = ADVANCED_FACE ( 'NONE', ( #1446 ), #680, .F. ) ;
#195 = CARTESIAN_POINT ( 'NONE',  ( -0.8093835023555567831, 1.500000000000000000, 0.6750000000000000444 ) ) ;
#196 = VECTOR ( 'NONE', #32, 1000.000000000000000 ) ;
#197 = ORIENTED_EDGE ( 'NONE', *, *, #190, .F. ) ;
#198 = VECTOR ( 'NONE', #104, 999.9999999999998863 ) ;
#199 = UNCERTAINTY_MEASURE_WITH_UNIT (LENGTH_MEASURE( 1.000000000000000082E-05 ), #1196, 'distance_accuracy_value', 'NONE');
#200 = VECTOR ( 'NONE', #1517, 1000.000000000000000 ) ;
#201 = EDGE_CURVE ( 'NONE', #712, #17, #1125, .T. ) ;
#202 = PLANE ( 'NONE',  #357 ) ;
#203 = VERTEX_POINT ( 'NONE', #112 ) ;
#204 = VECTOR ( 'NONE', #664, 1000.000000000000000 ) ;
#205 = CARTESIAN_POINT ( 'NONE',  ( -1.024999999999999911, 0.5250000000000000222, 0.5000000000000000000 ) ) ;
#206 = VECTOR ( 'NONE', #850, 1000.000000000000000 ) ;
#207 = LINE ( 'NONE', #235, #1103 ) ;
#208 = CARTESIAN_POINT ( 'NONE',  ( 0.000000000000000000, 1.500000000000000000, 0.000000000000000000 ) ) ;
#209 = CARTESIAN_POINT ( 'NONE',  ( -0.8640639170592594454, 0.6250000000000000000, -0.5000000000000000000 ) ) ;
#210 = VERTEX_POINT ( 'NONE', #1727 ) ;
#211 = EDGE_CURVE ( 'NONE', #510, #527, #241, .T. ) ;
#212 = DIRECTION ( 'NONE',  ( -1.000000000000000000, -0.000000000000000000, -0.000000000000000000 ) ) ;
#213 = ORIENTED_EDGE ( 'NONE', *, *, #1342, .F. ) ;
#214 = DIRECTION ( 'NONE',  ( 1.000000000000000000, -0.000000000000000000, -0.000000000000000000 ) ) ;
#215 = VERTEX_POINT ( 'NONE', #705 ) ;
#216 = LINE ( 'NONE', #72, #734 ) ;
#217 = VERTEX_POINT ( 'NONE', #541 ) ;
#218 = PLANE ( 'NONE',  #1406 ) ;
#219 = DIRECTION ( 'NONE',  ( -1.000000000000000000, 0.000000000000000000, 0.000000000000000000 ) ) ;
#220 = ORIENTED_EDGE ( 'NONE', *, *, #1458, .T. ) ;
#221 = EDGE_CURVE ( 'NONE', #322, #1063, #836, .T. ) ;
#222 = DIRECTION ( 'NONE',  ( -2.168404344971008868E-16, -1.000000000000000000, 0.000000000000000000 ) ) ;
#223 = CARTESIAN_POINT ( 'NONE',  ( -0.8083835023555566712, 1.500000000000000000, 0.6083835023555569377 ) ) ;
#224 = DIRECTION ( 'NONE',  ( -0.000000000000000000, -0.000000000000000000, -1.000000000000000000 ) ) ;
#225 = ORIENTED_EDGE ( 'NONE', *, *, #156, .F. ) ;
#226 = EDGE_CURVE ( 'NONE', #476, #1750, #1137, .T. ) ;
#227 = CARTESIAN_POINT ( 'NONE',  ( -0.8083835023555566712, 1.450000000000000178, 0.6083835023555569377 ) ) ;
#228 = ORIENTED_EDGE ( 'NONE', *, *, #1187, .F. ) ;
#229 = LINE ( 'NONE', #1874, #1701 ) ;
#230 = VECTOR ( 'NONE', #845, 1000.000000000000000 ) ;
#231 = ORIENTED_EDGE ( 'NONE', *, *, #282, .F. ) ;
#232 = VECTOR ( 'NONE', #1335, 1000.000000000000000 ) ;
#233 = LINE ( 'NONE', #950, #1930 ) ;
#234 = VECTOR ( 'NONE', #222, 1000.000000000000000 ) ;
#235 = CARTESIAN_POINT ( 'NONE',  ( -0.5772739302539690032, 1.450000000000000178, -0.6083835023555569377 ) ) ;
#236 = CARTESIAN_POINT ( 'NONE',  ( -0.9000000000000000222, 0.1250000000000000555, 0.5000000000000000000 ) ) ;
#237 = AXIS2_PLACEMENT_3D ( 'NONE', #1709, #978, #1894 ) ;
#238 = DIRECTION ( 'NONE',  ( 0.000000000000000000, -0.000000000000000000, -1.000000000000000000 ) ) ;
#239 = ORIENTED_EDGE ( 'NONE', *, *, #1817, .T. ) ;
#240 = PLANE ( 'NONE',  #105 ) ;
#241 = LINE ( 'NONE', #1890, #791 ) ;
#242 = DIRECTION ( 'NONE',  ( 0.000000000000000000, 0.000000000000000000, -1.000000000000000000 ) ) ;
#243 =( NAMED_UNIT ( * ) SI_UNIT ( $, .STERADIAN. ) SOLID_ANGLE_UNIT ( ) );
#244 = PLANE ( 'NONE',  #643 ) ;
#245 = ORIENTED_EDGE ( 'NONE', *, *, #1532, .T. ) ;
#246 = LINE ( 'NONE', #528, #1897 ) ;
#247 = EDGE_CURVE ( 'NONE', #322, #499, #984, .T. ) ;
#248 = VERTEX_POINT ( 'NONE', #869 ) ;
#249 = DIRECTION ( 'NONE',  ( 0.000000000000000000, -0.000000000000000000, -1.000000000000000000 ) ) ;
#250 = SURFACE_SIDE_STYLE ('',( #964 ) ) ;
#251 = DIRECTION ( 'NONE',  ( 1.000000000000000000, -0.000000000000000000, -0.000000000000000000 ) ) ;
#252 = ADVANCED_FACE ( 'NONE', ( #716 ), #1310, .F. ) ;
#253 = DIRECTION ( 'NONE',  ( 0.000000000000000000, 0.000000000000000000, 1.000000000000000000 ) ) ;
#254 = CARTESIAN_POINT ( 'NONE',  ( -0.8640639170592594454, 0.6250000000000000000, 0.5000000000000000000 ) ) ;
#255 = DIRECTION ( 'NONE',  ( 0.000000000000000000, 1.000000000000000000, 4.336808689942017736E-16 ) ) ;
#256 = CARTESIAN_POINT ( 'NONE',  ( 0.9000000000000000222, 0.5250000000000000222, -0.2500000000000000000 ) ) ;
#257 = VERTEX_POINT ( 'NONE', #584 ) ;
#258 = CARTESIAN_POINT ( 'NONE',  ( -0.8749999999999998890, 1.500000000000000000, -0.6093835023555569386 ) ) ;
#259 = VECTOR ( 'NONE', #559, 1000.000000000000000 ) ;
#260 = PLANE ( 'NONE',  #1197 ) ;
#261 = CIRCLE ( 'NONE', #539, 0.1250000000000000000 ) ;
#262 = CARTESIAN_POINT ( 'NONE',  ( -0.8083835023555567822, 1.500000000000000000, -0.6083835023555569377 ) ) ;
#263 = ORIENTED_EDGE ( 'NONE', *, *, #497, .F. ) ;
#264 = VECTOR ( 'NONE', #323, 1000.000000000000114 ) ;
#265 = DIRECTION ( 'NONE',  ( 0.000000000000000000, -1.000000000000000000, -0.000000000000000000 ) ) ;
#266 = CARTESIAN_POINT ( 'NONE',  ( -0.5772739302539688921, 1.450000000000000178, 0.6083835023555569377 ) ) ;
#267 = EDGE_CURVE ( 'NONE', #1171, #356, #1794, .T. ) ;
#268 = VECTOR ( 'NONE', #1398, 1000.000000000000000 ) ;
#269 = DIRECTION ( 'NONE',  ( 1.000000000000000000, 0.000000000000000000, 0.000000000000000000 ) ) ;
#270 = AXIS2_PLACEMENT_3D ( 'NONE', #88, #683, #810 ) ;
#271 = ORIENTED_EDGE ( 'NONE', *, *, #1749, .T. ) ;
#272 = DIRECTION ( 'NONE',  ( 1.000000000000000000, -3.614007241618361097E-16, -0.000000000000000000 ) ) ;
#273 = DIRECTION ( 'NONE',  ( -1.000000000000000000, 0.000000000000000000, -0.000000000000000000 ) ) ;
#274 = DIRECTION ( 'NONE',  ( -0.000000000000000000, -0.000000000000000000, -1.000000000000000000 ) ) ;
#275 = ORIENTED_EDGE ( 'NONE', *, *, #1135, .T. ) ;
#276 = DIRECTION ( 'NONE',  ( -0.000000000000000000, -0.000000000000000000, -1.000000000000000000 ) ) ;
#277 = ADVANCED_FACE ( 'NONE', ( #1617 ), #571, .F. ) ;
#278 = VERTEX_POINT ( 'NONE', #1934 ) ;
#279 = LINE ( 'NONE', #583, #1537 ) ;
#280 =( NAMED_UNIT ( * ) SI_UNIT ( $, .STERADIAN. ) SOLID_ANGLE_UNIT ( ) );
#281 = CARTESIAN_POINT ( 'NONE',  ( -0.8749999999999998890, 0.7500000000000000000, -0.6750000000000000444 ) ) ;
#282 = EDGE_CURVE ( 'NONE', #1294, #1214, #303, .T. ) ;
#283 = DIRECTION ( 'NONE',  ( 0.000000000000000000, 0.08715574274765837404, -0.9961946980917455452 ) ) ;
#284 = ORIENTED_EDGE ( 'NONE', *, *, #882, .F. ) ;
#285 = CARTESIAN_POINT ( 'NONE',  ( -0.8083835023555566712, 1.450000000000000178, 0.6083835023555569377 ) ) ;
#286 = CARTESIAN_POINT ( 'NONE',  ( 0.5249999999999999112, 0.1250000000000000000, -0.5000000000000000000 ) ) ;
#287 = ORIENTED_EDGE ( 'NONE', *, *, #1720, .T. ) ;
#288 = FACE_OUTER_BOUND ( 'NONE', #642, .T. ) ;
#289 = EDGE_CURVE ( 'NONE', #1239, #1281, #1563, .T. ) ;
#290 = CARTESIAN_POINT ( 'NONE',  ( -0.5249999999999999112, 0.1250000000000000000, 0.5000000000000000000 ) ) ;
#291 = DIRECTION ( 'NONE',  ( -0.08682659386424777803, -0.9924325091389669673, 0.08682659386424777803 ) ) ;
#292 = VERTEX_POINT ( 'NONE', #1190 ) ;
#293 = DIRECTION ( 'NONE',  ( -0.000000000000000000, 1.000000000000000000, -0.000000000000000000 ) ) ;
#294 = AXIS2_PLACEMENT_3D ( 'NONE', #1882, #1715, #1268 ) ;
#295 = LINE ( 'NONE', #1788, #1541 ) ;
#296 = CIRCLE ( 'NONE', #77, 0.1250000000000000000 ) ;
#297 = DIRECTION ( 'NONE',  ( -0.000000000000000000, -0.000000000000000000, -1.000000000000000000 ) ) ;
#298 = VECTOR ( 'NONE', #238, 1000.000000000000000 ) ;
#299 = ORIENTED_EDGE ( 'NONE', *, *, #741, .F. ) ;
#300 = CARTESIAN_POINT ( 'NONE',  ( -0.5772739302539688921, 0.2114792783038975943, 0.6083835023555569377 ) ) ;
#301 = DIRECTION ( 'NONE',  ( -8.910515885848803817E-17, 0.000000000000000000, -1.000000000000000000 ) ) ;
#302 = ADVANCED_FACE ( 'NONE', ( #1643 ), #1807, .T. ) ;
#303 = LINE ( 'NONE', #1636, #321 ) ;
#304 = VERTEX_POINT ( 'NONE', #1069 ) ;
#305 = FACE_OUTER_BOUND ( 'NONE', #703, .T. ) ;
#306 = DIRECTION ( 'NONE',  ( -1.000000000000000000, -1.445602896647338917E-16, 0.000000000000000000 ) ) ;
#307 = MANIFOLD_SOLID_BREP ( 'Boss-Extrude3', #1435 ) ;
#308 = EDGE_LOOP ( 'NONE', ( #1808, #1652, #1863, #633 ) ) ;
#309 = EDGE_CURVE ( 'NONE', #658, #310, #1240, .T. ) ;
#310 = VERTEX_POINT ( 'NONE', #1079 ) ;
#311 = DIRECTION ( 'NONE',  ( -1.000000000000000000, -0.000000000000000000, -0.000000000000000000 ) ) ;
#312 =( NAMED_UNIT ( * ) PLANE_ANGLE_UNIT ( ) SI_UNIT ( $, .RADIAN. ) );
#313 = ORIENTED_EDGE ( 'NONE', *, *, #1361, .F. ) ;
#314 = CARTESIAN_POINT ( 'NONE',  ( 0.8999999999999999112, 0.6250000000000000000, -0.2500000000000000000 ) ) ;
#315 = DIRECTION ( 'NONE',  ( 0.000000000000000000, 0.000000000000000000, 1.000000000000000000 ) ) ;
#316 = ORIENTED_EDGE ( 'NONE', *, *, #650, .F. ) ;
#317 = DIRECTION ( 'NONE',  ( -8.910515885848803817E-17, 0.000000000000000000, -1.000000000000000000 ) ) ;
#318 = ORIENTED_EDGE ( 'NONE', *, *, #1601, .F. ) ;
#319 = FACE_OUTER_BOUND ( 'NONE', #367, .T. ) ;
#320 = ADVANCED_FACE ( 'NONE', ( #1087 ), #1684, .F. ) ;
#321 = VECTOR ( 'NONE', #155, 1000.000000000000000 ) ;
#322 = VERTEX_POINT ( 'NONE', #1544 ) ;
#323 = DIRECTION ( 'NONE',  ( -0.08682659386424777803, -0.9924325091389669673, -0.08682659386424777803 ) ) ;
#324 = AXIS2_PLACEMENT_3D ( 'NONE', #849, #265, #1168 ) ;
#325 = LINE ( 'NONE', #209, #482 ) ;
#326 = ORIENTED_EDGE ( 'NONE', *, *, #1381, .F. ) ;
#327 = AXIS2_PLACEMENT_3D ( 'NONE', #480, #1066, #659 ) ;
#328 = AXIS2_PLACEMENT_3D ( 'NONE', #513, #1607, #1320 ) ;
#329 = DIRECTION ( 'NONE',  ( 0.08682659386424777803, 0.9924325091389669673, 0.08682659386424777803 ) ) ;
#330 = LINE ( 'NONE', #922, #1439 ) ;
#331 = ORIENTED_EDGE ( 'NONE', *, *, #561, .F. ) ;
#332 = EDGE_CURVE ( 'NONE', #85, #136, #807, .T. ) ;
#333 = FACE_BOUND ( 'NONE', #407, .T. ) ;
#334 = ADVANCED_FACE ( 'NONE', ( #622 ), #218, .T. ) ;
#335 = VERTEX_POINT ( 'NONE', #693 ) ;
#336 = CARTESIAN_POINT ( 'NONE',  ( -0.8083835023555566712, 0.2114792783038975943, 0.6083835023555569377 ) ) ;
#337 = ORIENTED_EDGE ( 'NONE', *, *, #837, .T. ) ;
#338 = SURFACE_STYLE_USAGE ( .BOTH. , #1675 ) ;
#339 = EDGE_CURVE ( 'NONE', #1516, #1579, #866, .T. ) ;
#340 = CARTESIAN_POINT ( 'NONE',  ( -0.5772739302539688921, 1.500000000000000000, 0.6083835023555569377 ) ) ;
#341 = FACE_OUTER_BOUND ( 'NONE', #1051, .T. ) ;
#342 = ORIENTED_EDGE ( 'NONE', *, *, #958, .F. ) ;
#343 = ADVANCED_FACE ( 'NONE', ( #1641 ), #1791, .F. ) ;
#344 = CARTESIAN_POINT ( 'NONE',  ( -0.9000000000000000222, 1.513916725000754090E-18, 0.5000000000000000000 ) ) ;
#345 = ORIENTED_EDGE ( 'NONE', *, *, #1298, .F. ) ;
#346 = CARTESIAN_POINT ( 'NONE',  ( -1.024999999999999911, 0.6250000000000002220, -0.2500000000000000000 ) ) ;
#347 = LINE ( 'NONE', #1858, #1258 ) ;
#348 = EDGE_CURVE ( 'NONE', #1835, #939, #141, .T. ) ;
#349 = EDGE_LOOP ( 'NONE', ( #639, #1260, #761, #1170 ) ) ;
#350 = CARTESIAN_POINT ( 'NONE',  ( 0.8640639170592594454, 0.6250000000000000000, 0.5000000000000000000 ) ) ;
#351 = EDGE_CURVE ( 'NONE', #1717, #73, #1453, .T. ) ;
#352 = CARTESIAN_POINT ( 'NONE',  ( -0.8750000000000001110, 0.7500000000000000000, -0.2499999999999999445 ) ) ;
#353 = MANIFOLD_SOLID_BREP ( 'Mirror1', #602 ) ;
#354 = ORIENTED_EDGE ( 'NONE', *, *, #1458, .F. ) ;
#355 = FACE_OUTER_BOUND ( 'NONE', #1188, .T. ) ;
#356 = VERTEX_POINT ( 'NONE', #314 ) ;
#357 = AXIS2_PLACEMENT_3D ( 'NONE', #1513, #1058, #1667 ) ;
#358 = ORIENTED_EDGE ( 'NONE', *, *, #201, .F. ) ;
#359 = DIRECTION ( 'NONE',  ( 0.000000000000000000, 1.000000000000000000, 0.000000000000000000 ) ) ;
#360 = AXIS2_PLACEMENT_3D ( 'NONE', #53, #783, #1204 ) ;
#361 = VECTOR ( 'NONE', #1050, 1000.000000000000000 ) ;
#362 = DIRECTION ( 'NONE',  ( 0.000000000000000000, 1.000000000000000000, 2.409338161078905097E-16 ) ) ;
#363 = EDGE_LOOP ( 'NONE', ( #1267, #1923, #1691, #40, #796, #581, #1551 ) ) ;
#364 = VECTOR ( 'NONE', #1218, 1000.000000000000000 ) ;
#365 = CARTESIAN_POINT ( 'NONE',  ( -1.024999999999999911, 0.6250000000000000000, 0.5000000000000000000 ) ) ;
#366 = LINE ( 'NONE', #1548, #204 ) ;
#367 = EDGE_LOOP ( 'NONE', ( #806, #548, #608, #1378 ) ) ;
#368 = LINE ( 'NONE', #336, #200 ) ;
#369 = ORIENTED_EDGE ( 'NONE', *, *, #1758, .T. ) ;
#370 = EDGE_CURVE ( 'NONE', #248, #1239, #713, .T. ) ;
#371 = FILL_AREA_STYLE_COLOUR ( '', #726 ) ;
#372 = DIRECTION ( 'NONE',  ( -0.000000000000000000, 0.000000000000000000, -1.000000000000000000 ) ) ;
#373 = ORIENTED_EDGE ( 'NONE', *, *, #1399, .F. ) ;
#374 = DIRECTION ( 'NONE',  ( -0.000000000000000000, -0.000000000000000000, -1.000000000000000000 ) ) ;
#375 = DIRECTION ( 'NONE',  ( 1.000000000000000000, -1.445602896647338917E-16, 0.000000000000000000 ) ) ;
#376 = VERTEX_POINT ( 'NONE', #1681 ) ;
#377 = CARTESIAN_POINT ( 'NONE',  ( 1.024999999999999911, 0.6250000000000000000, -0.5000000000000000000 ) ) ;
#378 = ORIENTED_EDGE ( 'NONE', *, *, #70, .T. ) ;
#379 = CARTESIAN_POINT ( 'NONE',  ( 0.8640639170592594454, 0.6250000000000000000, 0.5000000000000000000 ) ) ;
#380 = CARTESIAN_POINT ( 'NONE',  ( -0.5772739302539690032, 0.2114792783038975943, -0.6083835023555569377 ) ) ;
#381 = ORIENTED_EDGE ( 'NONE', *, *, #1649, .F. ) ;
#382 = CARTESIAN_POINT ( 'NONE',  ( -0.8640639170592594454, 0.6250000000000000000, 0.5000000000000000000 ) ) ;
#383 = DIRECTION ( 'NONE',  ( -0.000000000000000000, 1.000000000000000000, -0.000000000000000000 ) ) ;
#384 = CARTESIAN_POINT ( 'NONE',  ( -0.8749999999999998890, 0.7500000000000000000, -0.5000000000000000000 ) ) ;
#385 = ORIENTED_EDGE ( 'NONE', *, *, #1049, .F. ) ;
#386 = EDGE_LOOP ( 'NONE', ( #1417, #1205, #929, #385 ) ) ;
#387 = VECTOR ( 'NONE', #64, 1000.000000000000000 ) ;
#388 = DIRECTION ( 'NONE',  ( -1.000000000000000000, 0.000000000000000000, -8.707365561646629155E-32 ) ) ;
#389 = PRODUCT_DEFINITION ( 'UNKNOWN', '', #765, #1386 ) ;
#390 = VECTOR ( 'NONE', #876, 1000.000000000000000 ) ;
#391 = DIRECTION ( 'NONE',  ( 8.910515885848802584E-17, 0.000000000000000000, 1.000000000000000000 ) ) ;
#392 = VECTOR ( 'NONE', #1575, 1000.000000000000000 ) ;
#393 = AXIS2_PLACEMENT_3D ( 'NONE', #1108, #224, #534 ) ;
#394 = LINE ( 'NONE', #1140, #1289 ) ;
#395 = FACE_OUTER_BOUND ( 'NONE', #38, .T. ) ;
#396 = ORIENTED_EDGE ( 'NONE', *, *, #1074, .F. ) ;
#397 = CARTESIAN_POINT ( 'NONE',  ( -1.024999999999999911, 0.1250000000000000278, 0.5000000000000000000 ) ) ;
#398 = EDGE_LOOP ( 'NONE', ( #1046, #535, #326, #1499 ) ) ;
#399 = CARTESIAN_POINT ( 'NONE',  ( 0.5249999999999999112, 0.1250000000000000000, -0.5000000000000000000 ) ) ;
#400 = EDGE_CURVE ( 'NONE', #444, #730, #507, .T. ) ;
#401 = CARTESIAN_POINT ( 'NONE',  ( -0.5772739302539690032, 1.450000000000000178, -0.6083835023555569377 ) ) ;
#402 = CARTESIAN_POINT ( 'NONE',  ( 0.5249999999999999112, 0.000000000000000000, 0.5000000000000000000 ) ) ;
#403 = DIRECTION ( 'NONE',  ( -0.08715574274765777729, 0.9961946980917456562, 0.000000000000000000 ) ) ;
#404 = EDGE_CURVE ( 'NONE', #304, #1627, #1206, .T. ) ;
#405 = ORIENTED_EDGE ( 'NONE', *, *, #552, .F. ) ;
#406 = DIRECTION ( 'NONE',  ( -1.000000000000000000, 0.000000000000000000, 8.910515885848802584E-17 ) ) ;
#407 = EDGE_LOOP ( 'NONE', ( #1559, #110, #486, #1623 ) ) ;
#408 = PLANE ( 'NONE',  #1504 ) ;
#409 = ADVANCED_FACE ( 'NONE', ( #770 ), #1353, .T. ) ;
#410 = CARTESIAN_POINT ( 'NONE',  ( -0.8749999999999998890, 0.7500000000000000000, 0.5000000000000000000 ) ) ;
#411 = CARTESIAN_POINT ( 'NONE',  ( -0.8640639170592594454, 0.6250000000000000000, 0.2500000000000000000 ) ) ;
#412 = EDGE_LOOP ( 'NONE', ( #433, #239, #97, #1900 ) ) ;
#413 = LINE ( 'NONE', #997, #1321 ) ;
#414 = DIRECTION ( 'NONE',  ( -0.000000000000000000, -0.000000000000000000, -1.000000000000000000 ) ) ;
#415 = ORIENTED_EDGE ( 'NONE', *, *, #1074, .T. ) ;
#416 = CARTESIAN_POINT ( 'NONE',  ( -0.5249999999999999112, 0.000000000000000000, 0.5000000000000000000 ) ) ;
#417 = ORIENTED_EDGE ( 'NONE', *, *, #1690, .T. ) ;
#418 = EDGE_CURVE ( 'NONE', #376, #1711, #296, .T. ) ;
#419 = CARTESIAN_POINT ( 'NONE',  ( -0.8083835023555567822, 1.500000000000000000, -0.6083835023555569377 ) ) ;
#420 = VECTOR ( 'NONE', #272, 1000.000000000000000 ) ;
#421 = LINE ( 'NONE', #1010, #512 ) ;
#422 = ORIENTED_EDGE ( 'NONE', *, *, #289, .T. ) ;
#423 = VECTOR ( 'NONE', #311, 1000.000000000000000 ) ;
#424 = CARTESIAN_POINT ( 'NONE',  ( 0.5249999999999999112, 0.1250000000000000000, 0.5000000000000000000 ) ) ;
#425 = AXIS2_PLACEMENT_3D ( 'NONE', #742, #1176, #1783 ) ;
#426 = EDGE_CURVE ( 'NONE', #927, #1265, #1659, .T. ) ;
#427 = VECTOR ( 'NONE', #1528, 1000.000000000000000 ) ;
#428 = ORIENTED_EDGE ( 'NONE', *, *, #1034, .F. ) ;
#429 = VECTOR ( 'NONE', #375, 1000.000000000000000 ) ;
#430 = FACE_OUTER_BOUND ( 'NONE', #468, .T. ) ;
#431 = DIRECTION ( 'NONE',  ( 0.08715574274765777729, -0.9961946980917456562, -0.000000000000000000 ) ) ;
#432 = CARTESIAN_POINT ( 'NONE',  ( 0.8999999999999999112, 0.6250000000000000000, -0.5000000000000000000 ) ) ;
#433 = ORIENTED_EDGE ( 'NONE', *, *, #1298, .T. ) ;
#434 = DIRECTION ( 'NONE',  ( 1.000000000000000000, -3.497426362856465614E-16, 0.000000000000000000 ) ) ;
#435 = LINE ( 'NONE', #1020, #1094 ) ;
#436 = ORIENTED_EDGE ( 'NONE', *, *, #1399, .T. ) ;
#437 =( NAMED_UNIT ( * ) SI_UNIT ( $, .STERADIAN. ) SOLID_ANGLE_UNIT ( ) );
#438 = CARTESIAN_POINT ( 'NONE',  ( 0.8749999999999998890, 0.7500000000000000000, 0.5000000000000000000 ) ) ;
#439 = DIRECTION ( 'NONE',  ( -8.910515885848802584E-17, -0.000000000000000000, -1.000000000000000000 ) ) ;
#440 = ORIENTED_EDGE ( 'NONE', *, *, #1311, .F. ) ;
#441 = CARTESIAN_POINT ( 'NONE',  ( -0.8640639170592594454, 0.6250000000000000000, 0.5000000000000000000 ) ) ;
#442 = CARTESIAN_POINT ( 'NONE',  ( 0.8999999999999999112, 0.7500000000000000000, 0.5000000000000000000 ) ) ;
#443 = FACE_OUTER_BOUND ( 'NONE', #618, .T. ) ;
#444 = VERTEX_POINT ( 'NONE', #1215 ) ;
#445 = DIRECTION ( 'NONE',  ( -0.08715574274765837404, 0.9961946980917455452, 0.000000000000000000 ) ) ;
#446 = LINE ( 'NONE', #411, #1097 ) ;
#447 = CARTESIAN_POINT ( 'NONE',  ( -0.8640639170592594454, 0.6250000000000000000, -0.2500000000000000000 ) ) ;
#448 = AXIS2_PLACEMENT_3D ( 'NONE', #752, #1340, #600 ) ;
#449 = DIRECTION ( 'NONE',  ( -0.000000000000000000, 1.000000000000000000, -0.000000000000000000 ) ) ;
#450 = AXIS2_PLACEMENT_3D ( 'NONE', #1478, #1501, #1033 ) ;
#451 = EDGE_CURVE ( 'NONE', #11, #1402, #1826, .T. ) ;
#452 = VECTOR ( 'NONE', #666, 1000.000000000000000 ) ;
#453 = ORIENTED_EDGE ( 'NONE', *, *, #1527, .T. ) ;
#454 = SURFACE_STYLE_USAGE ( .BOTH. , #1015 ) ;
#455 = CIRCLE ( 'NONE', #237, 0.1250000000000000000 ) ;
#456 = VECTOR ( 'NONE', #135, 1000.000000000000000 ) ;
#457 = CARTESIAN_POINT ( 'NONE',  ( -0.8083835023555567822, 0.2114792783038975943, -0.6083835023555569377 ) ) ;
#458 = ORIENTED_EDGE ( 'NONE', *, *, #932, .F. ) ;
#459 = DIRECTION ( 'NONE',  ( 0.08682659386424777803, 0.9924325091389669673, -0.08682659386424777803 ) ) ;
#460 = LINE ( 'NONE', #1639, #644 ) ;
#461 = ORIENTED_EDGE ( 'NONE', *, *, #1645, .T. ) ;
#462 = DIRECTION ( 'NONE',  ( -1.000000000000000000, -3.497426362856465614E-16, 0.000000000000000000 ) ) ;
#463 = CARTESIAN_POINT ( 'NONE',  ( -0.8083835023555567822, 1.500000000000000000, -0.6083835023555569377 ) ) ;
#464 = ORIENTED_EDGE ( 'NONE', *, *, #1295, .T. ) ;
#465 = CARTESIAN_POINT ( 'NONE',  ( -0.5772739302539690032, 1.450000000000000178, -0.6083835023555569377 ) ) ;
#466 = EDGE_CURVE ( 'NONE', #603, #1360, #889, .T. ) ;
#467 = VERTEX_POINT ( 'NONE', #1484 ) ;
#468 = EDGE_LOOP ( 'NONE', ( #1886, #626, #1043, #1128 ) ) ;
#469 = DIRECTION ( 'NONE',  ( 0.000000000000000000, 0.000000000000000000, 1.000000000000000000 ) ) ;
#470 = LINE ( 'NONE', #195, #142 ) ;
#471 = ORIENTED_EDGE ( 'NONE', *, *, #590, .F. ) ;
#472 = EDGE_CURVE ( 'NONE', #911, #478, #1177, .T. ) ;
#473 = LINE ( 'NONE', #1070, #1773 ) ;
#474 = EDGE_CURVE ( 'NONE', #658, #1549, #594, .T. ) ;
#475 = EDGE_LOOP ( 'NONE', ( #1032, #1650, #996, #1400 ) ) ;
#476 = VERTEX_POINT ( 'NONE', #1155 ) ;
#477 = VECTOR ( 'NONE', #1705, 1000.000000000000000 ) ;
#478 = VERTEX_POINT ( 'NONE', #707 ) ;
#479 = VECTOR ( 'NONE', #293, 1000.000000000000000 ) ;
#480 = CARTESIAN_POINT ( 'NONE',  ( -0.9000000000000000222, 0.1250000000000000000, 0.5000000000000000000 ) ) ;
#481 = ORIENTED_EDGE ( 'NONE', *, *, #426, .F. ) ;
#482 = VECTOR ( 'NONE', #805, 1000.000000000000000 ) ;
#483 = EDGE_CURVE ( 'NONE', #579, #1132, #1038, .T. ) ;
#484 = CARTESIAN_POINT ( 'NONE',  ( -0.8749999999999998890, 0.7500000000000000000, 0.5000000000000000000 ) ) ;
#485 = PLANE ( 'NONE',  #1533 ) ;
#486 = ORIENTED_EDGE ( 'NONE', *, *, #1527, .F. ) ;
#487 = DIRECTION ( 'NONE',  ( -0.000000000000000000, -0.000000000000000000, -1.000000000000000000 ) ) ;
#488 = ORIENTED_EDGE ( 'NONE', *, *, #1238, .F. ) ;
#489 = ADVANCED_FACE ( 'NONE', ( #1922 ), #1595, .T. ) ;
#490 = DIRECTION ( 'NONE',  ( 3.484117599643908227E-16, -0.9961946980917455452, -0.08715574274765837404 ) ) ;
#491 = ORIENTED_EDGE ( 'NONE', *, *, #309, .F. ) ;
#492 = CARTESIAN_POINT ( 'NONE',  ( -0.5249999999999999112, 0.1250000000000000000, -0.5000000000000000000 ) ) ;
#493 = EDGE_LOOP ( 'NONE', ( #1888, #1822, #864, #220 ) ) ;
#494 = CARTESIAN_POINT ( 'NONE',  ( -0.5772739302539690032, 1.450000000000000178, -0.6083835023555569377 ) ) ;
#495 = CARTESIAN_POINT ( 'NONE',  ( -0.8749999999999998890, 0.7500000000000000000, 0.5000000000000000000 ) ) ;
#496 = VERTEX_POINT ( 'NONE', #432 ) ;
#497 = EDGE_CURVE ( 'NONE', #1835, #476, #114, .T. ) ;
#498 = CARTESIAN_POINT ( 'NONE',  ( -0.4649999999999999134, 0.000000000000000000, 0.000000000000000000 ) ) ;
#499 = VERTEX_POINT ( 'NONE', #995 ) ;
#500 = DIRECTION ( 'NONE',  ( -0.000000000000000000, -0.000000000000000000, -1.000000000000000000 ) ) ;
#501 = ORIENTED_EDGE ( 'NONE', *, *, #1464, .T. ) ;
#502 = LINE ( 'NONE', #1152, #668 ) ;
#503 = LINE ( 'NONE', #1269, #268 ) ;
#504 = PLANE ( 'NONE',  #270 ) ;
#505 = EDGE_CURVE ( 'NONE', #136, #1334, #1, .T. ) ;
#506 = EDGE_CURVE ( 'NONE', #712, #1859, #1785, .T. ) ;
#507 = LINE ( 'NONE', #346, #1158 ) ;
#508 = LINE ( 'NONE', #1100, #49 ) ;
#509 = AXIS2_PLACEMENT_3D ( 'NONE', #1534, #1875, #372 ) ;
#510 = VERTEX_POINT ( 'NONE', #262 ) ;
#511 = STYLED_ITEM ( 'NONE', ( #763 ), #987 ) ;
#512 = VECTOR ( 'NONE', #133, 1000.000000000000000 ) ;
#513 = CARTESIAN_POINT ( 'NONE',  ( 0.9000000000000000222, 0.1250000000000000000, -0.5000000000000000000 ) ) ;
#514 = CARTESIAN_POINT ( 'NONE',  ( -1.024999999999999911, 0.1250000000000000278, 0.5000000000000000000 ) ) ;
#515 = VERTEX_POINT ( 'NONE', #1017 ) ;
#516 = CIRCLE ( 'NONE', #328, 0.1249999999999998890 ) ;
#517 = CARTESIAN_POINT ( 'NONE',  ( 0.8750000000000001110, 0.5250000000000005773, -0.2500000000000000000 ) ) ;
#518 = CARTESIAN_POINT ( 'NONE',  ( 0.5249999999999999112, 0.000000000000000000, 0.5000000000000000000 ) ) ;
#519 = ORIENTED_EDGE ( 'NONE', *, *, #1815, .F. ) ;
#520 = DIRECTION ( 'NONE',  ( -1.000000000000000000, 0.000000000000000000, -0.000000000000000000 ) ) ;
#521 = VERTEX_POINT ( 'NONE', #574 ) ;
#522 = FILL_AREA_STYLE_COLOUR ( '', #1837 ) ;
#523 = DIRECTION ( 'NONE',  ( 0.000000000000000000, -0.000000000000000000, -1.000000000000000000 ) ) ;
#524 = ORIENTED_EDGE ( 'NONE', *, *, #650, .T. ) ;
#525 = DIRECTION ( 'NONE',  ( -1.000000000000000000, -3.614007241618361097E-16, 0.000000000000000000 ) ) ;
#526 = CARTESIAN_POINT ( 'NONE',  ( 0.8999999999999999112, 0.6250000000000000000, 0.5000000000000000000 ) ) ;
#527 = VERTEX_POINT ( 'NONE', #1146 ) ;
#528 = CARTESIAN_POINT ( 'NONE',  ( 0.8640639170592594454, 0.6250000000000000000, -0.5000000000000000000 ) ) ;
#529 = ORIENTED_EDGE ( 'NONE', *, *, #1022, .F. ) ;
#530 = EDGE_CURVE ( 'NONE', #1465, #851, #446, .T. ) ;
#531 = CARTESIAN_POINT ( 'NONE',  ( -0.8229442452020757637, 0.1550000000000000544, -0.6750000000000000444 ) ) ;
#532 = ADVANCED_FACE ( 'NONE', ( #1753 ), #1619, .T. ) ;
#533 = CARTESIAN_POINT ( 'NONE',  ( 0.8640639170592594454, 0.6250000000000000000, -0.2500000000000000000 ) ) ;
#534 = DIRECTION ( 'NONE',  ( -1.000000000000000000, 0.000000000000000000, 0.000000000000000000 ) ) ;
#535 = ORIENTED_EDGE ( 'NONE', *, *, #82, .F. ) ;
#536 = LINE ( 'NONE', #685, #1287 ) ;
#537 = ADVANCED_FACE ( 'NONE', ( #1626 ), #556, .T. ) ;
#538 = VERTEX_POINT ( 'NONE', #1292 ) ;
#539 = AXIS2_PLACEMENT_3D ( 'NONE', #948, #500, #219 ) ;
#540 = DIRECTION ( 'NONE',  ( 0.000000000000000000, 0.000000000000000000, -1.000000000000000000 ) ) ;
#541 = CARTESIAN_POINT ( 'NONE',  ( 0.8749999999999998890, 0.7500000000000000000, -0.6750000000000000444 ) ) ;
#542 = ADVANCED_FACE ( 'NONE', ( #1905 ), #565, .T. ) ;
#543 = AXIS2_PLACEMENT_3D ( 'NONE', #99, #1580, #520 ) ;
#544 = LINE ( 'NONE', #1139, #944 ) ;
#545 = AXIS2_PLACEMENT_3D ( 'NONE', #113, #1145, #994 ) ;
#546 = LINE ( 'NONE', #1263, #1041 ) ;
#547 = DIRECTION ( 'NONE',  ( 0.9961946980917456562, -0.08715574274765777729, 0.000000000000000000 ) ) ;
#548 = ORIENTED_EDGE ( 'NONE', *, *, #404, .F. ) ;
#549 = DIRECTION ( 'NONE',  ( 1.000000000000000000, 4.037111266668676546E-18, -0.000000000000000000 ) ) ;
#550 = DIRECTION ( 'NONE',  ( -1.000000000000000000, -3.614007241618361097E-16, 0.000000000000000000 ) ) ;
#551 = ORIENTED_EDGE ( 'NONE', *, *, #348, .F. ) ;
#552 = EDGE_CURVE ( 'NONE', #1208, #1350, #421, .T. ) ;
#553 = CARTESIAN_POINT ( 'NONE',  ( -0.8749999999999998890, 1.500000000000000000, 0.6093835023555569386 ) ) ;
#554 = DIRECTION ( 'NONE',  ( 0.000000000000000000, 0.000000000000000000, 1.000000000000000000 ) ) ;
#555 = LINE ( 'NONE', #410, #768 ) ;
#556 = PLANE ( 'NONE',  #1256 ) ;
#557 = DIRECTION ( 'NONE',  ( 1.000000000000000000, 0.000000000000000000, -0.000000000000000000 ) ) ;
#558 = PLANE ( 'NONE',  #52 ) ;
#559 = DIRECTION ( 'NONE',  ( 1.000000000000000000, -3.614007241618361097E-16, -0.000000000000000000 ) ) ;
#560 = DIRECTION ( 'NONE',  ( 0.000000000000000000, 1.000000000000000000, 0.000000000000000000 ) ) ;
#561 = EDGE_CURVE ( 'NONE', #865, #875, #870, .T. ) ;
#562 = VERTEX_POINT ( 'NONE', #718 ) ;
#563 = CARTESIAN_POINT ( 'NONE',  ( 0.8618069995463826238, 0.9007966852151996218, -0.6618069995463827793 ) ) ;
#564 = EDGE_CURVE ( 'NONE', #1529, #210, #1312, .T. ) ;
#565 = PLANE ( 'NONE',  #1893 ) ;
#566 = ORIENTED_EDGE ( 'NONE', *, *, #1532, .F. ) ;
#567 = LINE ( 'NONE', #442, #456 ) ;
#568 = EDGE_CURVE ( 'NONE', #73, #1553, #1787, .T. ) ;
#569 = ORIENTED_EDGE ( 'NONE', *, *, #733, .F. ) ;
#570 = SURFACE_STYLE_FILL_AREA ( #739 ) ;
#571 = PLANE ( 'NONE',  #1600 ) ;
#572 = CARTESIAN_POINT ( 'NONE',  ( 1.024999999999999911, 0.1250000000000000278, 0.5000000000000000000 ) ) ;
#573 = MECHANICAL_DESIGN_GEOMETRIC_PRESENTATION_REPRESENTATION (  '', ( #1219 ), #74 ) ;
#574 = CARTESIAN_POINT ( 'NONE',  ( -0.8083835023555567822, 1.450000000000000178, -0.6083835023555569377 ) ) ;
#575 = ORIENTED_EDGE ( 'NONE', *, *, #451, .F. ) ;
#576 = VECTOR ( 'NONE', #388, 1000.000000000000000 ) ;
#577 = CARTESIAN_POINT ( 'NONE',  ( -0.4649999999999999134, -5.151205306855284021E-17, 0.6093835023555564945 ) ) ;
#578 = VECTOR ( 'NONE', #727, 1000.000000000000000 ) ;
#579 = VERTEX_POINT ( 'NONE', #985 ) ;
#580 = AXIS2_PLACEMENT_3D ( 'NONE', #1832, #1209, #1341 ) ;
#581 = ORIENTED_EDGE ( 'NONE', *, *, #1375, .F. ) ;
#582 = CARTESIAN_POINT ( 'NONE',  ( 0.8640639170592594454, 0.6250000000000002220, -0.2500000000000000000 ) ) ;
#583 = CARTESIAN_POINT ( 'NONE',  ( 0.8640639170592594454, 0.6250000000000000000, 0.5000000000000000000 ) ) ;
#584 = CARTESIAN_POINT ( 'NONE',  ( 0.8640639170592594454, 0.6250000000000000000, 0.5000000000000000000 ) ) ;
#585 = CARTESIAN_POINT ( 'NONE',  ( 1.024999999999999911, 0.6250000000000000000, 0.5000000000000000000 ) ) ;
#586 = ORIENTED_EDGE ( 'NONE', *, *, #741, .T. ) ;
#587 = DIRECTION ( 'NONE',  ( 0.000000000000000000, 1.000000000000000000, 0.000000000000000000 ) ) ;
#588 = ORIENTED_EDGE ( 'NONE', *, *, #755, .T. ) ;
#589 = ORIENTED_EDGE ( 'NONE', *, *, #184, .F. ) ;
#590 = EDGE_CURVE ( 'NONE', #1540, #1465, #732, .T. ) ;
#591 = CARTESIAN_POINT ( 'NONE',  ( -0.5772739302539690032, 0.2114792783038975943, -0.6083835023555569377 ) ) ;
#592 = CARTESIAN_POINT ( 'NONE',  ( -0.9000000000000000222, 0.5250000000000000222, 0.2500000000000000000 ) ) ;
#593 = ADVANCED_FACE ( 'NONE', ( #892 ), #1620, .T. ) ;
#594 = LINE ( 'NONE', #1797, #1731 ) ;
#595 = CARTESIAN_POINT ( 'NONE',  ( 0.8749999999999998890, 0.7500000000000000000, 0.5000000000000000000 ) ) ;
#596 = FILL_AREA_STYLE ('',( #1768 ) ) ;
#597 = ORIENTED_EDGE ( 'NONE', *, *, #733, .T. ) ;
#598 = ADVANCED_FACE ( 'NONE', ( #1906 ), #1486, .F. ) ;
#599 = DIRECTION ( 'NONE',  ( 1.000000000000000000, 0.000000000000000000, -0.000000000000000000 ) ) ;
#600 = DIRECTION ( 'NONE',  ( 1.000000000000000000, 0.000000000000000000, 0.000000000000000000 ) ) ;
#601 = DIRECTION ( 'NONE',  ( -2.168404344971008868E-16, -1.000000000000000000, 0.000000000000000000 ) ) ;
#602 = CLOSED_SHELL ( 'NONE', ( #409, #162, #1812, #127, #27, #635, #1716, #625, #748, #1520, #1355, #1013, #1044, #912, #1584, #1719, #277, #194, #163 ) ) ;
#603 = VERTEX_POINT ( 'NONE', #577 ) ;
#604 = CARTESIAN_POINT ( 'NONE',  ( 0.8648225425072093575, 0.6336711285482745648, -0.6648225425072095129 ) ) ;
#605 = AXIS2_PLACEMENT_3D ( 'NONE', #1599, #701, #269 ) ;
#606 = AXIS2_PLACEMENT_3D ( 'NONE', #1434, #587, #253 ) ;
#607 = AXIS2_PLACEMENT_3D ( 'NONE', #1405, #1707, #242 ) ;
#608 = ORIENTED_EDGE ( 'NONE', *, *, #1609, .T. ) ;
#609 = VECTOR ( 'NONE', #329, 1000.000000000000114 ) ;
#610 =( NAMED_UNIT ( * ) PLANE_ANGLE_UNIT ( ) SI_UNIT ( $, .RADIAN. ) );
#611 = PLANE ( 'NONE',  #916 ) ;
#612 = EDGE_CURVE ( 'NONE', #85, #527, #745, .T. ) ;
#613 = FACE_OUTER_BOUND ( 'NONE', #963, .T. ) ;
#614 = EDGE_LOOP ( 'NONE', ( #818, #51, #678, #909 ) ) ;
#615 = PLANE ( 'NONE',  #360 ) ;
#616 = CARTESIAN_POINT ( 'NONE',  ( -0.9000000000000000222, 0.1250000000000000555, -0.5000000000000000000 ) ) ;
#617 = EDGE_CURVE ( 'NONE', #744, #1872, #1586, .T. ) ;
#618 = EDGE_LOOP ( 'NONE', ( #624, #777, #1683, #331 ) ) ;
#619 = CARTESIAN_POINT ( 'NONE',  ( 0.8999999999999999112, 0.6250000000000000000, 0.5000000000000000000 ) ) ;
#620 = LINE ( 'NONE', #1818, #1410 ) ;
#621 = ORIENTED_EDGE ( 'NONE', *, *, #184, .T. ) ;
#622 = FACE_OUTER_BOUND ( 'NONE', #68, .T. ) ;
#623 = PLANE ( 'NONE',  #1694 ) ;
#624 = ORIENTED_EDGE ( 'NONE', *, *, #1112, .F. ) ;
#625 = ADVANCED_FACE ( 'NONE', ( #1328 ), #1597, .F. ) ;
#626 = ORIENTED_EDGE ( 'NONE', *, *, #564, .T. ) ;
#627 = CARTESIAN_POINT ( 'NONE',  ( -0.8648225425072093575, 0.8663288714517254352, -0.6648225425072095129 ) ) ;
#628 = EDGE_CURVE ( 'NONE', #744, #1294, #1147, .T. ) ;
#629 = CARTESIAN_POINT ( 'NONE',  ( 0.8750000000000001110, 0.5250000000000005773, 0.2500000000000000000 ) ) ;
#630 = ORIENTED_EDGE ( 'NONE', *, *, #1509, .F. ) ;
#631 = LINE ( 'NONE', #173, #364 ) ;
#632 = PLANE ( 'NONE',  #1662 ) ;
#633 = ORIENTED_EDGE ( 'NONE', *, *, #247, .T. ) ;
#634 = LINE ( 'NONE', #1223, #942 ) ;
#635 = ADVANCED_FACE ( 'NONE', ( #1924 ), #1778, .F. ) ;
#636 = VECTOR ( 'NONE', #1423, 1000.000000000000000 ) ;
#637 = DIRECTION ( 'NONE',  ( 0.000000000000000000, 1.000000000000000000, 0.000000000000000000 ) ) ;
#638 = VECTOR ( 'NONE', #1782, 1000.000000000000000 ) ;
#639 = ORIENTED_EDGE ( 'NONE', *, *, #1067, .F. ) ;
#640 = AXIS2_PLACEMENT_3D ( 'NONE', #185, #1372, #1550 ) ;
#641 = CARTESIAN_POINT ( 'NONE',  ( 0.4649999999999996914, 0.7500000000000004441, -0.6750000000000000444 ) ) ;
#642 = EDGE_LOOP ( 'NONE', ( #691, #378, #275, #630 ) ) ;
#643 = AXIS2_PLACEMENT_3D ( 'NONE', #998, #80, #1877 ) ;
#644 = VECTOR ( 'NONE', #449, 1000.000000000000000 ) ;
#645 = LINE ( 'NONE', #788, #1926 ) ;
#646 = ORIENTED_EDGE ( 'NONE', *, *, #895, .F. ) ;
#647 = ADVANCED_FACE ( 'NONE', ( #872 ), #880, .F. ) ;
#648 = ORIENTED_EDGE ( 'NONE', *, *, #1796, .T. ) ;
#649 = LINE ( 'NONE', #1077, #1323 ) ;
#650 = EDGE_CURVE ( 'NONE', #13, #1529, #413, .T. ) ;
#651 = ORIENTED_EDGE ( 'NONE', *, *, #466, .T. ) ;
#652 = DIRECTION ( 'NONE',  ( 0.000000000000000000, 1.000000000000000000, -0.000000000000000000 ) ) ;
#653 = DIRECTION ( 'NONE',  ( 0.08682659386424777803, -0.9924325091389669673, 0.08682659386424777803 ) ) ;
#654 = ORIENTED_EDGE ( 'NONE', *, *, #1088, .T. ) ;
#655 = PLANE ( 'NONE',  #1441 ) ;
#656 = ADVANCED_FACE ( 'NONE', ( #709 ), #1304, .F. ) ;
#657 = DIRECTION ( 'NONE',  ( -2.168404344971008868E-16, -1.000000000000000000, 0.000000000000000000 ) ) ;
#658 = VERTEX_POINT ( 'NONE', #1628 ) ;
#659 = DIRECTION ( 'NONE',  ( 1.000000000000000000, 0.000000000000000000, 0.000000000000000000 ) ) ;
#660 = ORIENTED_EDGE ( 'NONE', *, *, #1123, .F. ) ;
#661 = CARTESIAN_POINT ( 'NONE',  ( 1.024999999999999911, 0.6250000000000000000, 0.5000000000000000000 ) ) ;
#662 = CARTESIAN_POINT ( 'NONE',  ( 0.8229442452020757637, 0.1550000000000000544, -0.6750000000000000444 ) ) ;
#663 = ORIENTED_EDGE ( 'NONE', *, *, #1740, .T. ) ;
#664 = DIRECTION ( 'NONE',  ( -0.000000000000000000, -0.000000000000000000, 1.000000000000000000 ) ) ;
#665 = ORIENTED_EDGE ( 'NONE', *, *, #895, .T. ) ;
#666 = DIRECTION ( 'NONE',  ( 1.000000000000000000, -3.614007241618361097E-16, -0.000000000000000000 ) ) ;
#667 = ORIENTED_EDGE ( 'NONE', *, *, #617, .T. ) ;
#668 = VECTOR ( 'NONE', #1606, 1000.000000000000000 ) ;
#669 = VECTOR ( 'NONE', #431, 999.9999999999998863 ) ;
#670 = DIRECTION ( 'NONE',  ( 0.000000000000000000, 0.000000000000000000, 1.000000000000000000 ) ) ;
#671 = ORIENTED_EDGE ( 'NONE', *, *, #846, .T. ) ;
#672 = VECTOR ( 'NONE', #1324, 1000.000000000000114 ) ;
#673 = CARTESIAN_POINT ( 'NONE',  ( -0.8999999999999999112, 0.6250000000000000000, -0.5000000000000000000 ) ) ;
#674 = VECTOR ( 'NONE', #721, 1000.000000000000000 ) ;
#675 = CARTESIAN_POINT ( 'NONE',  ( 0.8749999999999998890, 0.7499999999999993339, 0.2500000000000000000 ) ) ;
#676 = ORIENTED_EDGE ( 'NONE', *, *, #505, .T. ) ;
#677 = DIRECTION ( 'NONE',  ( -0.08715574274765777729, -0.9961946980917456562, -0.000000000000000000 ) ) ;
#678 = ORIENTED_EDGE ( 'NONE', *, *, #1545, .T. ) ;
#679 = EDGE_CURVE ( 'NONE', #1113, #744, #1212, .T. ) ;
#680 = PLANE ( 'NONE',  #294 ) ;
#681 = EDGE_CURVE ( 'NONE', #1849, #1872, #1073, .T. ) ;
#682 = PLANE ( 'NONE',  #79 ) ;
#683 = DIRECTION ( 'NONE',  ( -0.9961946980917456562, -0.08715574274765777729, 0.000000000000000000 ) ) ;
#684 = LINE ( 'NONE', #1577, #1671 ) ;
#685 = CARTESIAN_POINT ( 'NONE',  ( -1.024999999999999911, 0.6250000000000000000, -0.5000000000000000000 ) ) ;
#686 = EDGE_LOOP ( 'NONE', ( #1869, #708, #1825, #1543 ) ) ;
#687 = ADVANCED_FACE ( 'NONE', ( #319 ), #615, .F. ) ;
#688 = DIRECTION ( 'NONE',  ( 1.000000000000000000, 0.000000000000000000, -8.910515885848802584E-17 ) ) ;
#689 = CARTESIAN_POINT ( 'NONE',  ( -0.8999999999999999112, 0.6250000000000000000, 0.2500000000000000000 ) ) ;
#690 = LINE ( 'NONE', #1305, #893 ) ;
#691 = ORIENTED_EDGE ( 'NONE', *, *, #1365, .F. ) ;
#692 = EDGE_LOOP ( 'NONE', ( #1181, #428, #980, #1581 ) ) ;
#693 = CARTESIAN_POINT ( 'NONE',  ( -0.5249999999999999112, 0.1250000000000000000, -0.5000000000000000000 ) ) ;
#694 = CARTESIAN_POINT ( 'NONE',  ( -0.8749999999999997780, 0.1549999999999996381, 0.6229442452020750309 ) ) ;
#695 = VECTOR ( 'NONE', #1824, 999.9999999999998863 ) ;
#696 = AXIS2_PLACEMENT_3D ( 'NONE', #591, #904, #301 ) ;
#697 = COLOUR_RGB ( '',1.000000000000000000, 0.7058823529411764053, 0.2352941176470588203 ) ;
#698 = DIRECTION ( 'NONE',  ( 1.000000000000000000, 0.000000000000000000, -0.000000000000000000 ) ) ;
#699 = CARTESIAN_POINT ( 'NONE',  ( 0.8999999999999999112, 0.6250000000000000000, -0.5000000000000000000 ) ) ;
#700 = MECHANICAL_DESIGN_GEOMETRIC_PRESENTATION_REPRESENTATION (  '', ( #511 ), #1290 ) ;
#701 = DIRECTION ( 'NONE',  ( -0.000000000000000000, 0.000000000000000000, 1.000000000000000000 ) ) ;
#702 = LINE ( 'NONE', #1899, #1225 ) ;
#703 = EDGE_LOOP ( 'NONE', ( #1761, #59, #1777, #1307, #1571, #1460, #1315, #213 ) ) ;
#704 = DIRECTION ( 'NONE',  ( 1.000000000000000000, 0.000000000000000000, -0.000000000000000000 ) ) ;
#705 = CARTESIAN_POINT ( 'NONE',  ( 0.8229442452020757637, 0.1550000000000000544, -0.6229442452020752530 ) ) ;
#706 = EDGE_CURVE ( 'NONE', #1214, #444, #731, .T. ) ;
#707 = CARTESIAN_POINT ( 'NONE',  ( -1.024999999999999911, 0.6250000000000000000, 0.2500000000000000000 ) ) ;
#708 = ORIENTED_EDGE ( 'NONE', *, *, #798, .T. ) ;
#709 = FACE_OUTER_BOUND ( 'NONE', #176, .T. ) ;
#710 = CYLINDRICAL_SURFACE ( 'NONE', #393, 0.1249999999999998890 ) ;
#711 = ORIENTED_EDGE ( 'NONE', *, *, #146, .T. ) ;
#712 = VERTEX_POINT ( 'NONE', #1236 ) ;
#713 = LINE ( 'NONE', #1085, #387 ) ;
#714 = LINE ( 'NONE', #399, #1284 ) ;
#715 = FILL_AREA_STYLE_COLOUR ( '', #697 ) ;
#716 = FACE_OUTER_BOUND ( 'NONE', #862, .T. ) ;
#717 = LINE ( 'NONE', #281, #1608 ) ;
#718 = CARTESIAN_POINT ( 'NONE',  ( 0.8640639170592594454, 0.6250000000000000000, -0.5000000000000000000 ) ) ;
#719 = VERTEX_POINT ( 'NONE', #1814 ) ;
#720 = DIRECTION ( 'NONE',  ( 1.000000000000000000, -0.000000000000000000, 0.000000000000000000 ) ) ;
#721 = DIRECTION ( 'NONE',  ( 0.000000000000000000, -0.000000000000000000, -1.000000000000000000 ) ) ;
#722 = ORIENTED_EDGE ( 'NONE', *, *, #483, .T. ) ;
#723 = ORIENTED_EDGE ( 'NONE', *, *, #1115, .T. ) ;
#724 = LINE ( 'NONE', #463, #361 ) ;
#725 = CARTESIAN_POINT ( 'NONE',  ( 0.8750000000000001110, 0.7500000000000000000, -0.2499999999999999445 ) ) ;
#726 = COLOUR_RGB ( '',0.7294117647058823151, 0.3568627450980392246, 0.02352941176470588203 ) ;
#727 = DIRECTION ( 'NONE',  ( -0.000000000000000000, -0.000000000000000000, -1.000000000000000000 ) ) ;
#728 = MECHANICAL_DESIGN_GEOMETRIC_PRESENTATION_REPRESENTATION (  '', ( #1828 ), #1319 ) ;
#729 = CARTESIAN_POINT ( 'NONE',  ( 0.000000000000000000, 1.450000000000000178, 0.000000000000000000 ) ) ;
#730 = VERTEX_POINT ( 'NONE', #42 ) ;
#731 = CIRCLE ( 'NONE', #47, 0.1250000000000000000 ) ;
#732 = LINE ( 'NONE', #1461, #1804 ) ;
#733 = EDGE_CURVE ( 'NONE', #786, #1171, #634, .T. ) ;
#734 = VECTOR ( 'NONE', #1723, 1000.000000000000000 ) ;
#735 = CARTESIAN_POINT ( 'NONE',  ( -0.8750000000000001110, 0.7500000000000000000, -0.2499999999999999445 ) ) ;
#736 = VECTOR ( 'NONE', #214, 1000.000000000000000 ) ;
#737 = CARTESIAN_POINT ( 'NONE',  ( 0.8999999999999999112, 0.7500000000000000000, 0.5000000000000000000 ) ) ;
#738 = ORIENTED_EDGE ( 'NONE', *, *, #1815, .T. ) ;
#739 = FILL_AREA_STYLE ('',( #1318 ) ) ;
#740 = CARTESIAN_POINT ( 'NONE',  ( 0.8640639170592594454, 0.6250000000000000000, -0.5000000000000000000 ) ) ;
#741 = EDGE_CURVE ( 'NONE', #1334, #521, #1656, .T. ) ;
#742 = CARTESIAN_POINT ( 'NONE',  ( 0.000000000000000000, 1.450000000000000178, 0.000000000000000000 ) ) ;
#743 = CARTESIAN_POINT ( 'NONE',  ( -0.4649999999999996358, 0.7499999999999998890, 0.6750000000000000444 ) ) ;
#744 = VERTEX_POINT ( 'NONE', #447 ) ;
#745 = LINE ( 'NONE', #285, #479 ) ;
#746 = SURFACE_STYLE_USAGE ( .BOTH. , #149 ) ;
#747 = CARTESIAN_POINT ( 'NONE',  ( -0.8083835023555567822, 1.450000000000000178, -0.6083835023555569377 ) ) ;
#748 = ADVANCED_FACE ( 'NONE', ( #305 ), #901, .F. ) ;
#749 = ORIENTED_EDGE ( 'NONE', *, *, #1574, .T. ) ;
#750 = PLANE ( 'NONE',  #107 ) ;
#751 = EDGE_CURVE ( 'NONE', #215, #217, #19, .T. ) ;
#752 = CARTESIAN_POINT ( 'NONE',  ( -0.9000000000000000222, 0.1250000000000000000, -0.5000000000000000000 ) ) ;
#753 = LINE ( 'NONE', #1665, #1445 ) ;
#754 = ORIENTED_EDGE ( 'NONE', *, *, #1247, .F. ) ;
#755 = EDGE_CURVE ( 'NONE', #278, #1674, #973, .T. ) ;
#756 = ADVANCED_FACE ( 'NONE', ( #974 ), #408, .F. ) ;
#757 = ORIENTED_EDGE ( 'NONE', *, *, #1247, .T. ) ;
#758 = DIRECTION ( 'NONE',  ( 3.497426362856465614E-16, -1.000000000000000000, 0.000000000000000000 ) ) ;
#759 = DIRECTION ( 'NONE',  ( 0.9961946980917455452, 0.08715574274765837404, 0.000000000000000000 ) ) ;
#760 = PRODUCT_DEFINITION_SHAPE ( 'NONE', 'NONE',  #389 ) ;
#761 = ORIENTED_EDGE ( 'NONE', *, *, #590, .T. ) ;
#762 = AXIS2_PLACEMENT_3D ( 'NONE', #1757, #1179, #33 ) ;
#763 = PRESENTATION_STYLE_ASSIGNMENT (( #746 ) ) ;
#764 = APPLICATION_CONTEXT ( 'automotive_design' ) ;
#765 = PRODUCT_DEFINITION_FORMATION_WITH_SPECIFIED_SOURCE ( 'ANY', '', #18, .NOT_KNOWN. ) ;
#766 = VECTOR ( 'NONE', #775, 1000.000000000000000 ) ;
#767 = EDGE_CURVE ( 'NONE', #1579, #210, #502, .T. ) ;
#768 = VECTOR ( 'NONE', #251, 1000.000000000000000 ) ;
#769 = ORIENTED_EDGE ( 'NONE', *, *, #1784, .F. ) ;
#770 = FACE_OUTER_BOUND ( 'NONE', #398, .T. ) ;
#771 = DIRECTION ( 'NONE',  ( 4.037111266668676546E-18, 1.000000000000000000, 0.000000000000000000 ) ) ;
#772 = ORIENTED_EDGE ( 'NONE', *, *, #1784, .T. ) ;
#773 = EDGE_CURVE ( 'NONE', #1344, #927, #1243, .T. ) ;
#774 = ORIENTED_EDGE ( 'NONE', *, *, #1034, .T. ) ;
#775 = DIRECTION ( 'NONE',  ( 1.000000000000000000, 0.000000000000000000, -8.707365561646629155E-32 ) ) ;
#776 = ADVANCED_FACE ( 'NONE', ( #1762 ), #240, .F. ) ;
#777 = ORIENTED_EDGE ( 'NONE', *, *, #426, .T. ) ;
#778 = CARTESIAN_POINT ( 'NONE',  ( 0.4649999999999998579, 0.1549999999999999711, -0.6750000000000000444 ) ) ;
#779 = CARTESIAN_POINT ( 'NONE',  ( -0.8999999999999999112, 0.6250000000000000000, -0.2500000000000000000 ) ) ;
#780 = ORIENTED_EDGE ( 'NONE', *, *, #65, .F. ) ;
#781 = LINE ( 'NONE', #1903, #165 ) ;
#782 = ORIENTED_EDGE ( 'NONE', *, *, #1198, .T. ) ;
#783 = DIRECTION ( 'NONE',  ( -2.271727064378607731E-16, 1.000000000000000000, 0.000000000000000000 ) ) ;
#784 = CARTESIAN_POINT ( 'NONE',  ( 0.8640639170592594454, 0.6250000000000000000, 0.5000000000000000000 ) ) ;
#785 = ORIENTED_EDGE ( 'NONE', *, *, #1578, .T. ) ;
#786 = VERTEX_POINT ( 'NONE', #1902 ) ;
#787 =( LENGTH_UNIT ( ) NAMED_UNIT ( * ) SI_UNIT ( .MILLI., .METRE. ) );
#788 = CARTESIAN_POINT ( 'NONE',  ( -0.8749999999999998890, 0.7500000000000000000, -0.6750000000000000444 ) ) ;
#789 = ORIENTED_EDGE ( 'NONE', *, *, #1449, .F. ) ;
#790 = DIRECTION ( 'NONE',  ( 0.000000000000000000, -0.000000000000000000, 1.000000000000000000 ) ) ;
#791 = VECTOR ( 'NONE', #391, 1000.000000000000000 ) ;
#792 = AXIS2_PLACEMENT_3D ( 'NONE', #1027, #283, #1638 ) ;
#793 = ORIENTED_EDGE ( 'NONE', *, *, #1690, .F. ) ;
#794 = AXIS2_PLACEMENT_3D ( 'NONE', #689, #374, #1698 ) ;
#795 = CARTESIAN_POINT ( 'NONE',  ( -0.8083835023555567822, 1.450000000000000178, -0.6083835023555569377 ) ) ;
#796 = ORIENTED_EDGE ( 'NONE', *, *, #400, .T. ) ;
#797 = CIRCLE ( 'NONE', #918, 0.1249999999999998890 ) ;
#798 = EDGE_CURVE ( 'NONE', #865, #925, #992, .T. ) ;
#799 = CARTESIAN_POINT ( 'NONE',  ( -0.8999999999999999112, 0.6250000000000000000, 0.2500000000000000000 ) ) ;
#800 = ORIENTED_EDGE ( 'NONE', *, *, #1238, .T. ) ;
#801 = CARTESIAN_POINT ( 'NONE',  ( -0.8749999999999998890, 0.7500000000000000000, 0.6750000000000000444 ) ) ;
#802 = DIRECTION ( 'NONE',  ( 2.168404344971008868E-16, 1.000000000000000000, 2.409338161078905097E-16 ) ) ;
#803 = DIRECTION ( 'NONE',  ( -0.000000000000000000, -0.000000000000000000, -1.000000000000000000 ) ) ;
#804 = ORIENTED_EDGE ( 'NONE', *, *, #506, .F. ) ;
#805 = DIRECTION ( 'NONE',  ( -1.000000000000000000, 0.000000000000000000, 0.000000000000000000 ) ) ;
#806 = ORIENTED_EDGE ( 'NONE', *, *, #830, .T. ) ;
#807 = LINE ( 'NONE', #1250, #196 ) ;
#808 = VERTEX_POINT ( 'NONE', #867 ) ;
#809 = CARTESIAN_POINT ( 'NONE',  ( 0.9000000000000000222, 1.513916725000754090E-18, 0.5000000000000000000 ) ) ;
#810 = DIRECTION ( 'NONE',  ( -0.08715574274765777729, 0.9961946980917456562, 0.000000000000000000 ) ) ;
#811 = EDGE_LOOP ( 'NONE', ( #369, #1560, #1696, #231 ) ) ;
#812 = ADVANCED_FACE ( 'NONE', ( #1455 ), #655, .T. ) ;
#813 = ORIENTED_EDGE ( 'NONE', *, *, #190, .T. ) ;
#814 = CARTESIAN_POINT ( 'NONE',  ( -0.8083835023555566712, 1.450000000000000178, 0.6083835023555569377 ) ) ;
#815 = ORIENTED_EDGE ( 'NONE', *, *, #1935, .T. ) ;
#816 = DIRECTION ( 'NONE',  ( -1.000000000000000000, -1.445602896647338917E-16, 0.000000000000000000 ) ) ;
#817 = PLANE ( 'NONE',  #1737 ) ;
#818 = ORIENTED_EDGE ( 'NONE', *, *, #146, .F. ) ;
#819 = ADVANCED_FACE ( 'NONE', ( #940 ), #1725, .T. ) ;
#820 = CARTESIAN_POINT ( 'NONE',  ( -0.8749999999999998890, 0.7500000000000000000, -0.6750000000000000444 ) ) ;
#821 = VECTOR ( 'NONE', #1366, 1000.000000000000000 ) ;
#822 = ORIENTED_EDGE ( 'NONE', *, *, #1153, .F. ) ;
#823 = VECTOR ( 'NONE', #147, 1000.000000000000000 ) ;
#824 = VECTOR ( 'NONE', #525, 1000.000000000000000 ) ;
#825 = ORIENTED_EDGE ( 'NONE', *, *, #1885, .T. ) ;
#826 = MECHANICAL_DESIGN_GEOMETRIC_PRESENTATION_REPRESENTATION (  '', ( #1508 ), #1572 ) ;
#827 = CARTESIAN_POINT ( 'NONE',  ( 1.024999999999999911, 0.5250000000000000222, 0.5000000000000000000 ) ) ;
#828 = CARTESIAN_POINT ( 'NONE',  ( -0.8749999999999998890, 0.7500000000000000000, -0.5000000000000000000 ) ) ;
#829 = DIRECTION ( 'NONE',  ( 1.000000000000000000, 2.168404344971008868E-16, -0.000000000000000000 ) ) ;
#830 = EDGE_CURVE ( 'NONE', #71, #1627, #1299, .T. ) ;
#831 = ORIENTED_EDGE ( 'NONE', *, *, #1067, .T. ) ;
#832 = LINE ( 'NONE', #737, #1836 ) ;
#833 = ORIENTED_EDGE ( 'NONE', *, *, #568, .T. ) ;
#834 = ADVANCED_FACE ( 'NONE', ( #355 ), #93, .F. ) ;
#835 = CARTESIAN_POINT ( 'NONE',  ( 0.8749999999999998890, 0.7500000000000000000, 0.5000000000000000000 ) ) ;
#836 = LINE ( 'NONE', #1006, #1730 ) ;
#837 = EDGE_CURVE ( 'NONE', #17, #11, #714, .T. ) ;
#838 = DIRECTION ( 'NONE',  ( 0.000000000000000000, -0.000000000000000000, -1.000000000000000000 ) ) ;
#839 = CARTESIAN_POINT ( 'NONE',  ( -0.8083835023555566712, 1.500000000000000000, 0.6083835023555569377 ) ) ;
#840 = CARTESIAN_POINT ( 'NONE',  ( 0.9000000000000000222, 5.421010862427522170E-17, 0.5000000000000000000 ) ) ;
#841 = ORIENTED_EDGE ( 'NONE', *, *, #1664, .T. ) ;
#842 = DIRECTION ( 'NONE',  ( -1.000000000000000000, 0.000000000000000000, 0.000000000000000000 ) ) ;
#843 = ORIENTED_EDGE ( 'NONE', *, *, #1654, .T. ) ;
#844 = DIRECTION ( 'NONE',  ( 0.000000000000000000, -1.000000000000000000, 0.000000000000000000 ) ) ;
#845 = DIRECTION ( 'NONE',  ( -0.000000000000000000, -0.000000000000000000, 1.000000000000000000 ) ) ;
#846 = EDGE_CURVE ( 'NONE', #1409, #917, #1843, .T. ) ;
#847 = CARTESIAN_POINT ( 'NONE',  ( -0.4649999999999999134, 0.000000000000000000, -0.6093835023555569386 ) ) ;
#848 = DIRECTION ( 'NONE',  ( 3.484117599643908227E-16, 0.9961946980917455452, 0.08715574274765837404 ) ) ;
#849 = CARTESIAN_POINT ( 'NONE',  ( -0.8749999999999998890, 0.7500000000000000000, 0.5000000000000000000 ) ) ;
#850 = DIRECTION ( 'NONE',  ( 1.000000000000000000, 0.000000000000000000, 0.000000000000000000 ) ) ;
#851 = VERTEX_POINT ( 'NONE', #1082 ) ;
#852 = DIRECTION ( 'NONE',  ( -1.000000000000000000, -0.000000000000000000, -0.000000000000000000 ) ) ;
#853 = ORIENTED_EDGE ( 'NONE', *, *, #958, .T. ) ;
#854 = VECTOR ( 'NONE', #935, 1000.000000000000000 ) ;
#855 = CARTESIAN_POINT ( 'NONE',  ( 0.8999999999999999112, 0.6250000000000000000, 0.5000000000000000000 ) ) ;
#856 = AXIS2_PLACEMENT_3D ( 'NONE', #855, #983, #1092 ) ;
#857 = CARTESIAN_POINT ( 'NONE',  ( 0.8999999999999999112, 0.6250000000000000000, 0.2500000000000000000 ) ) ;
#858 = EDGE_CURVE ( 'NONE', #356, #1717, #1134, .T. ) ;
#859 = VECTOR ( 'NONE', #852, 1000.000000000000000 ) ;
#860 =( GEOMETRIC_REPRESENTATION_CONTEXT ( 3 ) GLOBAL_UNCERTAINTY_ASSIGNED_CONTEXT ( ( #1663 ) ) GLOBAL_UNIT_ASSIGNED_CONTEXT ( ( #993, #1024, #280 ) ) REPRESENTATION_CONTEXT ( 'NONE', 'WORKASPACE' ) );
#861 = CARTESIAN_POINT ( 'NONE',  ( -1.024999999999999911, 0.6250000000000000000, 0.2500000000000000000 ) ) ;
#862 = EDGE_LOOP ( 'NONE', ( #1909, #134, #833, #1724 ) ) ;
#863 = CARTESIAN_POINT ( 'NONE',  ( -0.8640639170592594454, 0.6250000000000000000, 0.5000000000000000000 ) ) ;
#864 = ORIENTED_EDGE ( 'NONE', *, *, #221, .T. ) ;
#865 = VERTEX_POINT ( 'NONE', #1742 ) ;
#866 = LINE ( 'NONE', #300, #1801 ) ;
#867 = CARTESIAN_POINT ( 'NONE',  ( -0.9000000000000000222, 0.1250000000000000555, 0.5000000000000000000 ) ) ;
#868 = LINE ( 'NONE', #1456, #24 ) ;
#869 = CARTESIAN_POINT ( 'NONE',  ( -0.5249999999999999112, 0.000000000000000000, -0.5000000000000000000 ) ) ;
#870 = LINE ( 'NONE', #1459, #1927 ) ;
#871 = ORIENTED_EDGE ( 'NONE', *, *, #681, .F. ) ;
#872 = FACE_OUTER_BOUND ( 'NONE', #1535, .T. ) ;
#873 = CARTESIAN_POINT ( 'NONE',  ( -0.8083835023555566712, 1.450000000000000178, 0.6083835023555569377 ) ) ;
#874 = ORIENTED_EDGE ( 'NONE', *, *, #1381, .T. ) ;
#875 = VERTEX_POINT ( 'NONE', #1688 ) ;
#876 = DIRECTION ( 'NONE',  ( 2.168404344971008868E-16, -1.000000000000000000, 0.000000000000000000 ) ) ;
#877 = LINE ( 'NONE', #585, #1605 ) ;
#878 = DIRECTION ( 'NONE',  ( 0.000000000000000000, -0.08715574274765837404, -0.9961946980917455452 ) ) ;
#879 = ORIENTED_EDGE ( 'NONE', *, *, #119, .T. ) ;
#880 = PLANE ( 'NONE',  #168 ) ;
#881 = CARTESIAN_POINT ( 'NONE',  ( 1.024999999999999911, 0.1250000000000000278, -0.5000000000000000000 ) ) ;
#882 = EDGE_CURVE ( 'NONE', #730, #911, #1536, .T. ) ;
#883 = ORIENTED_EDGE ( 'NONE', *, *, #1545, .F. ) ;
#884 = ADVANCED_FACE ( 'NONE', ( #1144 ), #1288, .T. ) ;
#885 = CARTESIAN_POINT ( 'NONE',  ( -0.9000000000000000222, 0.5250000000000000222, -0.2500000000000000000 ) ) ;
#886 = CIRCLE ( 'NONE', #1129, 0.1250000000000000000 ) ;
#887 = DIRECTION ( 'NONE',  ( -0.000000000000000000, -0.000000000000000000, -1.000000000000000000 ) ) ;
#888 = AXIS2_PLACEMENT_3D ( 'NONE', #29, #1362, #36 ) ;
#889 = LINE ( 'NONE', #743, #1666 ) ;
#890 = ORIENTED_EDGE ( 'NONE', *, *, #755, .F. ) ;
#891 = VECTOR ( 'NONE', #1839, 1000.000000000000000 ) ;
#892 = FACE_OUTER_BOUND ( 'NONE', #183, .T. ) ;
#893 = VECTOR ( 'NONE', #1127, 1000.000000000000000 ) ;
#894 = CARTESIAN_POINT ( 'NONE',  ( 0.5249999999999999112, 0.000000000000000000, -0.5000000000000000000 ) ) ;
#895 = EDGE_CURVE ( 'NONE', #1750, #786, #60, .T. ) ;
#896 = ORIENTED_EDGE ( 'NONE', *, *, #932, .T. ) ;
#897 = CARTESIAN_POINT ( 'NONE',  ( 0.8640639170592594454, 0.6250000000000000000, 0.5000000000000000000 ) ) ;
#898 = CARTESIAN_POINT ( 'NONE',  ( -0.5772739302539690032, 1.500000000000000000, -0.6083835023555569377 ) ) ;
#899 = ADVANCED_FACE ( 'NONE', ( #288 ), #1616, .T. ) ;
#900 = EDGE_LOOP ( 'NONE', ( #157, #197, #1068, #488, #646, #1590, #263 ) ) ;
#901 = PLANE ( 'NONE',  #1833 ) ;
#902 = ORIENTED_EDGE ( 'NONE', *, *, #1937, .F. ) ;
#903 =( LENGTH_UNIT ( ) NAMED_UNIT ( * ) SI_UNIT ( .MILLI., .METRE. ) );
#904 = DIRECTION ( 'NONE',  ( 1.000000000000000000, 0.000000000000000000, -8.910515885848803817E-17 ) ) ;
#905 = CARTESIAN_POINT ( 'NONE',  ( -0.8999999999999999112, 0.6250000000000000000, 0.5000000000000000000 ) ) ;
#906 = VERTEX_POINT ( 'NONE', #1345 ) ;
#907 = CARTESIAN_POINT ( 'NONE',  ( 0.9000000000000000222, 0.1250000000000000000, 0.5000000000000000000 ) ) ;
#908 = EDGE_CURVE ( 'NONE', #496, #1132, #22, .T. ) ;
#909 = ORIENTED_EDGE ( 'NONE', *, *, #1123, .T. ) ;
#910 = PLANE ( 'NONE',  #1195 ) ;
#911 = VERTEX_POINT ( 'NONE', #1023 ) ;
#912 = ADVANCED_FACE ( 'NONE', ( #1792 ), #161, .F. ) ;
#913 = ORIENTED_EDGE ( 'NONE', *, *, #70, .F. ) ;
#914 = PRODUCT_CONTEXT ( 'NONE', #41, 'mechanical' ) ;
#915 = VECTOR ( 'NONE', #1422, 1000.000000000000000 ) ;
#916 = AXIS2_PLACEMENT_3D ( 'NONE', #897, #1651, #1490 ) ;
#917 = VERTEX_POINT ( 'NONE', #885 ) ;
#918 = AXIS2_PLACEMENT_3D ( 'NONE', #144, #959, #1255 ) ;
#919 = ORIENTED_EDGE ( 'NONE', *, *, #1793, .T. ) ;
#920 = UNCERTAINTY_MEASURE_WITH_UNIT (LENGTH_MEASURE( 1.000000000000000082E-05 ), #1119, 'distance_accuracy_value', 'NONE');
#921 = FACE_OUTER_BOUND ( 'NONE', #1655, .T. ) ;
#922 = CARTESIAN_POINT ( 'NONE',  ( -0.8749999999999998890, 0.000000000000000000, 0.6093835023555569386 ) ) ;
#923 = ORIENTED_EDGE ( 'NONE', *, *, #936, .T. ) ;
#924 = DIRECTION ( 'NONE',  ( 1.000000000000000000, 0.000000000000000000, 0.000000000000000000 ) ) ;
#925 = VERTEX_POINT ( 'NONE', #1642 ) ;
#926 = LINE ( 'NONE', #66, #1382 ) ;
#927 = VERTEX_POINT ( 'NONE', #1308 ) ;
#928 = LINE ( 'NONE', #492, #477 ) ;
#929 = ORIENTED_EDGE ( 'NONE', *, *, #1810, .F. ) ;
#930 = CARTESIAN_POINT ( 'NONE',  ( -0.8083835023555567822, 1.450000000000000178, -0.6083835023555569377 ) ) ;
#931 = ORIENTED_EDGE ( 'NONE', *, *, #1104, .T. ) ;
#932 = EDGE_CURVE ( 'NONE', #257, #538, #279, .T. ) ;
#933 = PLANE ( 'NONE',  #640 ) ;
#934 = VERTEX_POINT ( 'NONE', #1634 ) ;
#935 = DIRECTION ( 'NONE',  ( -0.000000000000000000, -0.000000000000000000, -1.000000000000000000 ) ) ;
#936 = EDGE_CURVE ( 'NONE', #719, #510, #724, .T. ) ;
#937 = UNCERTAINTY_MEASURE_WITH_UNIT (LENGTH_MEASURE( 1.000000000000000082E-05 ), #159, 'distance_accuracy_value', 'NONE');
#938 = PLANE ( 'NONE',  #509 ) ;
#939 = VERTEX_POINT ( 'NONE', #1182 ) ;
#940 = FACE_OUTER_BOUND ( 'NONE', #1078, .T. ) ;
#941 = AXIS2_PLACEMENT_3D ( 'NONE', #1201, #462, #758 ) ;
#942 = VECTOR ( 'NONE', #1679, 1000.000000000000000 ) ;
#943 = ORIENTED_EDGE ( 'NONE', *, *, #9, .F. ) ;
#944 = VECTOR ( 'NONE', #802, 1000.000000000000000 ) ;
#945 = ORIENTED_EDGE ( 'NONE', *, *, #1391, .T. ) ;
#946 = VECTOR ( 'NONE', #601, 1000.000000000000000 ) ;
#947 = DIRECTION ( 'NONE',  ( 0.000000000000000000, -0.000000000000000000, 1.000000000000000000 ) ) ;
#948 = CARTESIAN_POINT ( 'NONE',  ( -0.8999999999999999112, 0.6250000000000000000, -0.5000000000000000000 ) ) ;
#949 = ORIENTED_EDGE ( 'NONE', *, *, #1160, .F. ) ;
#950 = CARTESIAN_POINT ( 'NONE',  ( -0.8083835023555567822, 1.500000000000000000, -0.6083835023555569377 ) ) ;
#951 = EDGE_CURVE ( 'NONE', #562, #496, #1466, .T. ) ;
#952 = LINE ( 'NONE', #629, #1133 ) ;
#953 = ORIENTED_EDGE ( 'NONE', *, *, #1174, .F. ) ;
#954 =( NAMED_UNIT ( * ) PLANE_ANGLE_UNIT ( ) SI_UNIT ( $, .RADIAN. ) );
#955 = FACE_OUTER_BOUND ( 'NONE', #1838, .T. ) ;
#956 = ORIENTED_EDGE ( 'NONE', *, *, #1419, .T. ) ;
#957 = CARTESIAN_POINT ( 'NONE',  ( -0.9000000000000000222, 0.1250000000000000555, 0.5000000000000000000 ) ) ;
#958 = EDGE_CURVE ( 'NONE', #851, #186, #1931, .T. ) ;
#959 = DIRECTION ( 'NONE',  ( -0.000000000000000000, -0.000000000000000000, -1.000000000000000000 ) ) ;
#960 = CARTESIAN_POINT ( 'NONE',  ( -0.8640639170592594454, 0.6250000000000000000, -0.5000000000000000000 ) ) ;
#961 = ORIENTED_EDGE ( 'NONE', *, *, #1654, .F. ) ;
#962 = FACE_OUTER_BOUND ( 'NONE', #1546, .T. ) ;
#963 = EDGE_LOOP ( 'NONE', ( #436, #813, #124, #1028 ) ) ;
#964 = SURFACE_STYLE_FILL_AREA ( #1714 ) ;
#965 = EDGE_LOOP ( 'NONE', ( #1604, #648, #166, #342 ) ) ;
#966 = ADVANCED_FACE ( 'NONE', ( #430 ), #8, .T. ) ;
#967 = DIRECTION ( 'NONE',  ( 1.000000000000000000, 0.000000000000000000, 0.000000000000000000 ) ) ;
#968 = LINE ( 'NONE', #828, #736 ) ;
#969 = DIRECTION ( 'NONE',  ( -1.000000000000000000, -0.000000000000000000, -0.000000000000000000 ) ) ;
#970 = VECTOR ( 'NONE', #540, 1000.000000000000000 ) ;
#971 = ORIENTED_EDGE ( 'NONE', *, *, #951, .F. ) ;
#972 = ADVANCED_FACE ( 'NONE', ( #169 ), #611, .F. ) ;
#973 = CIRCLE ( 'NONE', #1131, 0.1249999999999998890 ) ;
#974 = FACE_OUTER_BOUND ( 'NONE', #900, .T. ) ;
#975 = CARTESIAN_POINT ( 'NONE',  ( -0.8999999999999999112, 0.6250000000000000000, 0.5000000000000000000 ) ) ;
#976 = VECTOR ( 'NONE', #1296, 1000.000000000000000 ) ;
#977 = VECTOR ( 'NONE', #657, 1000.000000000000000 ) ;
#978 = DIRECTION ( 'NONE',  ( -0.000000000000000000, -0.000000000000000000, -1.000000000000000000 ) ) ;
#979 = LINE ( 'NONE', #266, #1774 ) ;
#980 = ORIENTED_EDGE ( 'NONE', *, *, #617, .F. ) ;
#981 = CARTESIAN_POINT ( 'NONE',  ( 1.024999999999999911, 0.6250000000000000000, 0.5000000000000000000 ) ) ;
#982 = ORIENTED_EDGE ( 'NONE', *, *, #552, .T. ) ;
#983 = DIRECTION ( 'NONE',  ( -0.000000000000000000, -0.000000000000000000, -1.000000000000000000 ) ) ;
#984 = LINE ( 'NONE', #1583, #230 ) ;
#985 = CARTESIAN_POINT ( 'NONE',  ( 0.9000000000000000222, 0.1250000000000000555, 0.5000000000000000000 ) ) ;
#986 = LINE ( 'NONE', #1733, #1136 ) ;
#987 = ADVANCED_BREP_SHAPE_REPRESENTATION ( 'AVX-TAJ-JN-P', ( #1593, #307, #353, #1632, #167 ), #1004 ) ;
#988 = ORIENTED_EDGE ( 'NONE', *, *, #48, .T. ) ;
#989 = ADVANCED_FACE ( 'NONE', ( #153 ), #750, .T. ) ;
#990 = ORIENTED_EDGE ( 'NONE', *, *, #1153, .T. ) ;
#991 = DIRECTION ( 'NONE',  ( 0.9961946980917455452, -0.08715574274765837404, 0.000000000000000000 ) ) ;
#992 = LINE ( 'NONE', #553, #1769 ) ;
#993 =( LENGTH_UNIT ( ) NAMED_UNIT ( * ) SI_UNIT ( .MILLI., .METRE. ) );
#994 = DIRECTION ( 'NONE',  ( 0.000000000000000000, -0.000000000000000000, -1.000000000000000000 ) ) ;
#995 = CARTESIAN_POINT ( 'NONE',  ( -0.8229442452020757637, 0.1550000000000000544, 0.6229442452020748089 ) ) ;
#996 = ORIENTED_EDGE ( 'NONE', *, *, #1115, .F. ) ;
#997 = CARTESIAN_POINT ( 'NONE',  ( -0.8083835023555567822, 1.450000000000000178, -0.6083835023555569377 ) ) ;
#998 = CARTESIAN_POINT ( 'NONE',  ( -0.8749999999999998890, 0.7500000000000000000, 0.6750000000000000444 ) ) ;
#999 = PRESENTATION_STYLE_ASSIGNMENT (( #1672 ) ) ;
#1000 = FACE_OUTER_BOUND ( 'NONE', #148, .T. ) ;
#1001 = DIRECTION ( 'NONE',  ( 0.000000000000000000, 0.000000000000000000, 1.000000000000000000 ) ) ;
#1002 = ORIENTED_EDGE ( 'NONE', *, *, #1491, .T. ) ;
#1003 = AXIS2_PLACEMENT_3D ( 'NONE', #350, #359, #947 ) ;
#1004 =( GEOMETRIC_REPRESENTATION_CONTEXT ( 3 ) GLOBAL_UNCERTAINTY_ASSIGNED_CONTEXT ( ( #937 ) ) GLOBAL_UNIT_ASSIGNED_CONTEXT ( ( #159, #1030, #1186 ) ) REPRESENTATION_CONTEXT ( 'NONE', 'WORKASPACE' ) );
#1005 = VECTOR ( 'NONE', #10, 1000.000000000000000 ) ;
#1006 = CARTESIAN_POINT ( 'NONE',  ( -0.8750000000000000000, 0.1550000000000000822, -0.6229442452020751420 ) ) ;
#1007 = AXIS2_PLACEMENT_3D ( 'NONE', #809, #1856, #87 ) ;
#1008 = DIRECTION ( 'NONE',  ( 2.271727064378607731E-16, 1.000000000000000000, 0.000000000000000000 ) ) ;
#1009 = AXIS2_PLACEMENT_3D ( 'NONE', #208, #637, #1246 ) ;
#1010 = CARTESIAN_POINT ( 'NONE',  ( -1.024999999999999911, 0.6250000000000000000, 0.5000000000000000000 ) ) ;
#1011 = ORIENTED_EDGE ( 'NONE', *, *, #472, .F. ) ;
#1012 = DIRECTION ( 'NONE',  ( 0.000000000000000000, -0.000000000000000000, -1.000000000000000000 ) ) ;
#1013 = ADVANCED_FACE ( 'NONE', ( #1189 ), #910, .F. ) ;
#1014 = EDGE_LOOP ( 'NONE', ( #874, #1018, #1364, #982, #1713, #1011, #284, #34 ) ) ;
#1015 = SURFACE_SIDE_STYLE ('',( #570 ) ) ;
#1016 = CARTESIAN_POINT ( 'NONE',  ( 0.8999999999999999112, 0.6250000000000000000, 0.5000000000000000000 ) ) ;
#1017 = CARTESIAN_POINT ( 'NONE',  ( 0.4649999999999999134, -5.151205306855284021E-17, -0.6093835023555569386 ) ) ;
#1018 = ORIENTED_EDGE ( 'NONE', *, *, #1198, .F. ) ;
#1019 = SURFACE_STYLE_FILL_AREA ( #596 ) ;
#1020 = CARTESIAN_POINT ( 'NONE',  ( -0.8750000000000000000, 0.1550000000000000822, 0.6229442452020751420 ) ) ;
#1021 = ORIENTED_EDGE ( 'NONE', *, *, #1437, .F. ) ;
#1022 = EDGE_CURVE ( 'NONE', #515, #1475, #508, .T. ) ;
#1023 = CARTESIAN_POINT ( 'NONE',  ( -1.024999999999999911, 0.5250000000000000222, 0.2500000000000000000 ) ) ;
#1024 =( NAMED_UNIT ( * ) PLANE_ANGLE_UNIT ( ) SI_UNIT ( $, .RADIAN. ) );
#1025 = LINE ( 'NONE', #1036, #1506 ) ;
#1026 = EDGE_CURVE ( 'NONE', #603, #1442, #1850, .T. ) ;
#1027 = CARTESIAN_POINT ( 'NONE',  ( -0.8749999999999998890, 0.7500000000000000000, -0.6750000000000000444 ) ) ;
#1028 = ORIENTED_EDGE ( 'NONE', *, *, #418, .F. ) ;
#1029 = DIRECTION ( 'NONE',  ( 3.497426362856465614E-16, 1.000000000000000000, 0.000000000000000000 ) ) ;
#1030 =( NAMED_UNIT ( * ) PLANE_ANGLE_UNIT ( ) SI_UNIT ( $, .RADIAN. ) );
#1031 = EDGE_CURVE ( 'NONE', #210, #1404, #649, .T. ) ;
#1032 = ORIENTED_EDGE ( 'NONE', *, *, #211, .T. ) ;
#1033 = DIRECTION ( 'NONE',  ( 0.000000000000000000, 0.000000000000000000, 1.000000000000000000 ) ) ;
#1034 = EDGE_CURVE ( 'NONE', #1872, #203, #325, .T. ) ;
#1035 = DIRECTION ( 'NONE',  ( 0.000000000000000000, 1.000000000000000000, 2.409338161078905097E-16 ) ) ;
#1036 = CARTESIAN_POINT ( 'NONE',  ( -0.8750000000000001110, 0.5250000000000005773, -0.2500000000000000000 ) ) ;
#1037 = VECTOR ( 'NONE', #276, 1000.000000000000000 ) ;
#1038 = LINE ( 'NONE', #1166, #1193 ) ;
#1039 = AXIS2_PLACEMENT_3D ( 'NONE', #1440, #406, #91 ) ;
#1040 = CARTESIAN_POINT ( 'NONE',  ( 0.9000000000000000222, 0.1250000000000000555, 0.5000000000000000000 ) ) ;
#1041 = VECTOR ( 'NONE', #1883, 1000.000000000000114 ) ;
#1042 = COLOUR_RGB ( '',0.7921568627450980005, 0.8196078431372548767, 0.9333333333333333481 ) ;
#1043 = ORIENTED_EDGE ( 'NONE', *, *, #767, .F. ) ;
#1044 = ADVANCED_FACE ( 'NONE', ( #1393 ), #30, .T. ) ;
#1045 = DIRECTION ( 'NONE',  ( 0.000000000000000000, 0.000000000000000000, -1.000000000000000000 ) ) ;
#1046 = ORIENTED_EDGE ( 'NONE', *, *, #1232, .T. ) ;
#1047 = DIRECTION ( 'NONE',  ( 8.707365561646629155E-32, -2.409338161078905097E-16, 1.000000000000000000 ) ) ;
#1048 = ORIENTED_EDGE ( 'NONE', *, *, #1491, .F. ) ;
#1049 = EDGE_CURVE ( 'NONE', #1471, #257, #926, .T. ) ;
#1050 = DIRECTION ( 'NONE',  ( -1.000000000000000000, -0.000000000000000000, -0.000000000000000000 ) ) ;
#1051 = EDGE_LOOP ( 'NONE', ( #1052, #1735, #501, #1640, #1668, #943, #1227 ) ) ;
#1052 = ORIENTED_EDGE ( 'NONE', *, *, #858, .F. ) ;
#1053 = ORIENTED_EDGE ( 'NONE', *, *, #1895, .F. ) ;
#1054 = DIRECTION ( 'NONE',  ( 1.000000000000000000, 0.000000000000000000, 0.000000000000000000 ) ) ;
#1055 = DIRECTION ( 'NONE',  ( 1.000000000000000000, -4.037111266668676546E-18, 0.000000000000000000 ) ) ;
#1056 = ORIENTED_EDGE ( 'NONE', *, *, #1932, .T. ) ;
#1057 = DIRECTION ( 'NONE',  ( 1.000000000000000000, 4.037111266668676546E-18, -0.000000000000000000 ) ) ;
#1058 = DIRECTION ( 'NONE',  ( 0.000000000000000000, 0.000000000000000000, 1.000000000000000000 ) ) ;
#1059 = ORIENTED_EDGE ( 'NONE', *, *, #138, .F. ) ;
#1060 = VECTOR ( 'NONE', #1763, 1000.000000000000000 ) ;
#1061 = AXIS2_PLACEMENT_3D ( 'NONE', #729, #1776, #1327 ) ;
#1062 = VECTOR ( 'NONE', #1332, 1000.000000000000000 ) ;
#1063 = VERTEX_POINT ( 'NONE', #1248 ) ;
#1064 = CARTESIAN_POINT ( 'NONE',  ( 0.9000000000000000222, 1.513916725000754090E-18, -0.5000000000000000000 ) ) ;
#1065 = MECHANICAL_DESIGN_GEOMETRIC_PRESENTATION_REPRESENTATION (  '', ( #1383 ), #860 ) ;
#1066 = DIRECTION ( 'NONE',  ( 0.000000000000000000, -0.000000000000000000, -1.000000000000000000 ) ) ;
#1067 = EDGE_CURVE ( 'NONE', #292, #1081, #347, .T. ) ;
#1068 = ORIENTED_EDGE ( 'NONE', *, *, #1589, .F. ) ;
#1069 = CARTESIAN_POINT ( 'NONE',  ( 0.4649999999999998579, 0.1549999999999999711, -0.6229442452020750309 ) ) ;
#1070 = CARTESIAN_POINT ( 'NONE',  ( 0.9000000000000000222, 1.513916725000754090E-18, 0.5000000000000000000 ) ) ;
#1071 = CARTESIAN_POINT ( 'NONE',  ( -0.5772739302539688921, 1.450000000000000178, 0.6083835023555569377 ) ) ;
#1072 = ORIENTED_EDGE ( 'NONE', *, *, #568, .F. ) ;
#1073 = LINE ( 'NONE', #1524, #695 ) ;
#1074 = EDGE_CURVE ( 'NONE', #1252, #1687, #368, .T. ) ;
#1075 = LINE ( 'NONE', #344, #427 ) ;
#1076 = ORIENTED_EDGE ( 'NONE', *, *, #1361, .T. ) ;
#1077 = CARTESIAN_POINT ( 'NONE',  ( -0.8083835023555567822, 1.500000000000000000, -0.6083835023555569377 ) ) ;
#1078 = EDGE_LOOP ( 'NONE', ( #1678, #988, #1706, #1076 ) ) ;
#1079 = CARTESIAN_POINT ( 'NONE',  ( 1.024999999999999911, 0.6250000000000000000, -0.5000000000000000000 ) ) ;
#1080 = CARTESIAN_POINT ( 'NONE',  ( -0.8640639170592594454, 0.6250000000000000000, 0.5000000000000000000 ) ) ;
#1081 = VERTEX_POINT ( 'NONE', #1229 ) ;
#1082 = CARTESIAN_POINT ( 'NONE',  ( -0.8640639170592594454, 0.6250000000000000000, 0.2500000000000000000 ) ) ;
#1083 = DIRECTION ( 'NONE',  ( 0.000000000000000000, -0.000000000000000000, -1.000000000000000000 ) ) ;
#1084 = ORIENTED_EDGE ( 'NONE', *, *, #1796, .F. ) ;
#1085 = CARTESIAN_POINT ( 'NONE',  ( -0.9000000000000000222, 1.513916725000754090E-18, -0.5000000000000000000 ) ) ;
#1086 = ORIENTED_EDGE ( 'NONE', *, *, #830, .F. ) ;
#1087 = FACE_OUTER_BOUND ( 'NONE', #1722, .T. ) ;
#1088 = EDGE_CURVE ( 'NONE', #1409, #911, #952, .T. ) ;
#1089 = CARTESIAN_POINT ( 'NONE',  ( 0.8749999999999998890, 0.7500000000000000000, 0.5000000000000000000 ) ) ;
#1090 = DIRECTION ( 'NONE',  ( -0.000000000000000000, -0.000000000000000000, 1.000000000000000000 ) ) ;
#1091 = VERTEX_POINT ( 'NONE', #1207 ) ;
#1092 = DIRECTION ( 'NONE',  ( -1.000000000000000000, 0.000000000000000000, 0.000000000000000000 ) ) ;
#1093 = CARTESIAN_POINT ( 'NONE',  ( 0.8093835023555567831, 1.500000000000000000, -0.6093835023555569386 ) ) ;
#1094 = VECTOR ( 'NONE', #1629, 1000.000000000000000 ) ;
#1095 = PRESENTATION_LAYER_ASSIGNMENT (  '', '', ( #1219 ) ) ;
#1096 = FACE_OUTER_BOUND ( 'NONE', #1854, .T. ) ;
#1097 = VECTOR ( 'NONE', #1448, 999.9999999999998863 ) ;
#1098 = ORIENTED_EDGE ( 'NONE', *, *, #1793, .F. ) ;
#1099 = VECTOR ( 'NONE', #78, 1000.000000000000000 ) ;
#1100 = CARTESIAN_POINT ( 'NONE',  ( 0.4649999999999999134, 0.000000000000000000, 0.000000000000000000 ) ) ;
#1101 = ADVANCED_FACE ( 'NONE', ( #1530 ), #933, .T. ) ;
#1102 = EDGE_LOOP ( 'NONE', ( #1072, #1367, #1056, #738 ) ) ;
#1103 = VECTOR ( 'NONE', #383, 1000.000000000000000 ) ;
#1104 = EDGE_CURVE ( 'NONE', #515, #304, #44, .T. ) ;
#1105 = DIRECTION ( 'NONE',  ( 0.000000000000000000, 1.000000000000000000, 0.000000000000000000 ) ) ;
#1106 = ORIENTED_EDGE ( 'NONE', *, *, #418, .T. ) ;
#1107 = EDGE_CURVE ( 'NONE', #1627, #1475, #620, .T. ) ;
#1108 = CARTESIAN_POINT ( 'NONE',  ( 0.9000000000000000222, 0.1250000000000000000, 0.5000000000000000000 ) ) ;
#1109 = ORIENTED_EDGE ( 'NONE', *, *, #1391, .F. ) ;
#1110 = CARTESIAN_POINT ( 'NONE',  ( 0.8749999999999998890, 0.7500000000000000000, 0.6750000000000000444 ) ) ;
#1111 = EDGE_LOOP ( 'NONE', ( #1514, #551, #1151, #822 ) ) ;
#1112 = EDGE_CURVE ( 'NONE', #927, #865, #470, .T. ) ;
#1113 = VERTEX_POINT ( 'NONE', #779 ) ;
#1114 = LINE ( 'NONE', #827, #1351 ) ;
#1115 = EDGE_CURVE ( 'NONE', #521, #85, #1363, .T. ) ;
#1116 = DIRECTION ( 'NONE',  ( 1.000000000000000000, 0.000000000000000000, 0.000000000000000000 ) ) ;
#1117 = FACE_OUTER_BOUND ( 'NONE', #67, .T. ) ;
#1118 = LINE ( 'NONE', #840, #172 ) ;
#1119 =( LENGTH_UNIT ( ) NAMED_UNIT ( * ) SI_UNIT ( .MILLI., .METRE. ) );
#1120 = VERTEX_POINT ( 'NONE', #56 ) ;
#1121 = LINE ( 'NONE', #1418, #452 ) ;
#1122 = ORIENTED_EDGE ( 'NONE', *, *, #561, .T. ) ;
#1123 = EDGE_CURVE ( 'NONE', #934, #248, #1738, .T. ) ;
#1124 = PLANE ( 'NONE',  #1539 ) ;
#1125 = LINE ( 'NONE', #1610, #636 ) ;
#1126 = LINE ( 'NONE', #223, #1228 ) ;
#1127 = DIRECTION ( 'NONE',  ( -0.000000000000000000, -0.000000000000000000, -1.000000000000000000 ) ) ;
#1128 = ORIENTED_EDGE ( 'NONE', *, *, #339, .F. ) ;
#1129 = AXIS2_PLACEMENT_3D ( 'NONE', #1588, #1210, #255 ) ;
#1130 = PLANE ( 'NONE',  #543 ) ;
#1131 = AXIS2_PLACEMENT_3D ( 'NONE', #907, #1496, #175 ) ;
#1132 = VERTEX_POINT ( 'NONE', #1272 ) ;
#1133 = VECTOR ( 'NONE', #1511, 1000.000000000000000 ) ;
#1134 = LINE ( 'NONE', #101, #576 ) ;
#1135 = EDGE_CURVE ( 'NONE', #1120, #217, #1910, .T. ) ;
#1136 = VECTOR ( 'NONE', #969, 1000.000000000000000 ) ;
#1137 = LINE ( 'NONE', #1301, #1060 ) ;
#1138 = VECTOR ( 'NONE', #1779, 1000.000000000000000 ) ;
#1139 = CARTESIAN_POINT ( 'NONE',  ( -0.8999999999999999112, 0.6250000000000002220, -0.2500000000000000000 ) ) ;
#1140 = CARTESIAN_POINT ( 'NONE',  ( 0.9000000000000000222, 0.1250000000000000555, -0.5000000000000000000 ) ) ;
#1141 = LINE ( 'NONE', #254, #1481 ) ;
#1142 = CARTESIAN_POINT ( 'NONE',  ( -0.8999999999999999112, 0.6250000000000000000, 0.5000000000000000000 ) ) ;
#1143 = ORIENTED_EDGE ( 'NONE', *, *, #530, .T. ) ;
#1144 = FACE_OUTER_BOUND ( 'NONE', #1494, .T. ) ;
#1145 = DIRECTION ( 'NONE',  ( 0.000000000000000000, -1.000000000000000000, 0.000000000000000000 ) ) ;
#1146 = CARTESIAN_POINT ( 'NONE',  ( -0.8083835023555566712, 1.500000000000000000, 0.6083835023555569377 ) ) ;
#1147 = LINE ( 'NONE', #115, #1697 ) ;
#1148 = DIRECTION ( 'NONE',  ( 1.000000000000000000, 0.000000000000000000, -0.000000000000000000 ) ) ;
#1149 = CARTESIAN_POINT ( 'NONE',  ( -0.8749999999999998890, 0.7500000000000000000, 0.6750000000000000444 ) ) ;
#1150 = CARTESIAN_POINT ( 'NONE',  ( -0.8999999999999999112, 0.6250000000000000000, 0.5000000000000000000 ) ) ;
#1151 = ORIENTED_EDGE ( 'NONE', *, *, #1592, .F. ) ;
#1152 = CARTESIAN_POINT ( 'NONE',  ( -0.5772739302539690032, 1.500000000000000000, -0.6083835023555569377 ) ) ;
#1153 = EDGE_CURVE ( 'NONE', #1711, #1471, #1887, .T. ) ;
#1154 = CARTESIAN_POINT ( 'NONE',  ( -0.4649999999999998579, 0.1549999999999999711, -0.6750000000000000444 ) ) ;
#1155 = CARTESIAN_POINT ( 'NONE',  ( 0.8640639170592594454, 0.6250000000000000000, 0.2500000000000000000 ) ) ;
#1156 = DIRECTION ( 'NONE',  ( -3.484117599643908227E-16, -0.9961946980917455452, 0.08715574274765837404 ) ) ;
#1157 = ORIENTED_EDGE ( 'NONE', *, *, #1907, .F. ) ;
#1158 = VECTOR ( 'NONE', #1500, 1000.000000000000000 ) ;
#1159 = CARTESIAN_POINT ( 'NONE',  ( 0.8999999999999999112, 0.6250000000000000000, -0.5000000000000000000 ) ) ;
#1160 = EDGE_CURVE ( 'NONE', #1465, #1081, #702, .T. ) ;
#1161 = AXIS2_PLACEMENT_3D ( 'NONE', #494, #688, #1274 ) ;
#1162 = ADVANCED_FACE ( 'NONE', ( #962 ), #1130, .F. ) ;
#1163 = VECTOR ( 'NONE', #1759, 1000.000000000000000 ) ;
#1164 = PLANE ( 'NONE',  #425 ) ;
#1165 = PRESENTATION_LAYER_ASSIGNMENT (  '', '', ( #1508 ) ) ;
#1166 = CARTESIAN_POINT ( 'NONE',  ( 0.9000000000000000222, 0.1250000000000000555, 0.5000000000000000000 ) ) ;
#1167 = VERTEX_POINT ( 'NONE', #1142 ) ;
#1168 = DIRECTION ( 'NONE',  ( -0.000000000000000000, 0.000000000000000000, -1.000000000000000000 ) ) ;
#1169 = DIRECTION ( 'NONE',  ( -0.000000000000000000, 1.000000000000000000, -0.000000000000000000 ) ) ;
#1170 = ORIENTED_EDGE ( 'NONE', *, *, #1160, .T. ) ;
#1171 = VERTEX_POINT ( 'NONE', #256 ) ;
#1172 =( NAMED_UNIT ( * ) PLANE_ANGLE_UNIT ( ) SI_UNIT ( $, .RADIAN. ) );
#1173 = CARTESIAN_POINT ( 'NONE',  ( -0.8640639170592594454, 0.6250000000000000000, 0.2500000000000000000 ) ) ;
#1174 = EDGE_CURVE ( 'NONE', #1553, #562, #246, .T. ) ;
#1175 = DIRECTION ( 'NONE',  ( -2.168404344971008868E-16, 1.000000000000000000, 2.409338161078905097E-16 ) ) ;
#1176 = DIRECTION ( 'NONE',  ( 0.000000000000000000, 1.000000000000000000, 0.000000000000000000 ) ) ;
#1177 = LINE ( 'NONE', #861, #823 ) ;
#1178 = DIRECTION ( 'NONE',  ( 1.445602896647338917E-16, -1.000000000000000000, 0.000000000000000000 ) ) ;
#1179 = DIRECTION ( 'NONE',  ( 0.000000000000000000, -0.000000000000000000, -1.000000000000000000 ) ) ;
#1180 = ADVANCED_FACE ( 'NONE', ( #1748 ), #1266, .F. ) ;
#1181 = ORIENTED_EDGE ( 'NONE', *, *, #187, .T. ) ;
#1182 = CARTESIAN_POINT ( 'NONE',  ( 0.9000000000000000222, 0.7499999999999993339, 0.2500000000000000000 ) ) ;
#1183 = DIRECTION ( 'NONE',  ( 0.08715574274765777729, 0.9961946980917456562, 0.000000000000000000 ) ) ;
#1184 = CARTESIAN_POINT ( 'NONE',  ( -0.8640639170592594454, 0.6250000000000000000, 0.5000000000000000000 ) ) ;
#1185 = ORIENTED_EDGE ( 'NONE', *, *, #628, .F. ) ;
#1186 =( NAMED_UNIT ( * ) SI_UNIT ( $, .STERADIAN. ) SOLID_ANGLE_UNIT ( ) );
#1187 = EDGE_CURVE ( 'NONE', #1442, #515, #1558, .T. ) ;
#1188 = EDGE_LOOP ( 'NONE', ( #453, #793, #164, #1510 ) ) ;
#1189 = FACE_OUTER_BOUND ( 'NONE', #1556, .T. ) ;
#1190 = CARTESIAN_POINT ( 'NONE',  ( -0.8999999999999999112, 0.7500000000000000000, 0.5000000000000000000 ) ) ;
#1191 = VECTOR ( 'NONE', #1686, 1000.000000000000000 ) ;
#1192 = LINE ( 'NONE', #1202, #1413 ) ;
#1193 = VECTOR ( 'NONE', #274, 1000.000000000000000 ) ;
#1194 = EDGE_LOOP ( 'NONE', ( #1106, #990, #1502, #896, #118, #1473, #100, #749, #588, #815 ) ) ;
#1195 = AXIS2_PLACEMENT_3D ( 'NONE', #1827, #771, #1055 ) ;
#1196 =( LENGTH_UNIT ( ) NAMED_UNIT ( * ) SI_UNIT ( .MILLI., .METRE. ) );
#1197 = AXIS2_PLACEMENT_3D ( 'NONE', #1618, #1521, #39 ) ;
#1198 = EDGE_CURVE ( 'NONE', #1281, #1463, #536, .T. ) ;
#1199 = VECTOR ( 'NONE', #1169, 1000.000000000000000 ) ;
#1200 = ORIENTED_EDGE ( 'NONE', *, *, #1574, .F. ) ;
#1201 = CARTESIAN_POINT ( 'NONE',  ( 0.4649999999999998579, 0.1549999999999999711, -0.6750000000000000444 ) ) ;
#1202 = CARTESIAN_POINT ( 'NONE',  ( -0.8083835023555567822, 1.450000000000000178, -0.6083835023555569377 ) ) ;
#1203 = ORIENTED_EDGE ( 'NONE', *, *, #908, .F. ) ;
#1204 = DIRECTION ( 'NONE',  ( -1.000000000000000000, -2.271727064378607731E-16, 0.000000000000000000 ) ) ;
#1205 = ORIENTED_EDGE ( 'NONE', *, *, #497, .T. ) ;
#1206 = LINE ( 'NONE', #778, #1474 ) ;
#1207 = CARTESIAN_POINT ( 'NONE',  ( 1.024999999999999911, 0.6250000000000000000, 0.2500000000000000000 ) ) ;
#1208 = VERTEX_POINT ( 'NONE', #397 ) ;
#1209 = DIRECTION ( 'NONE',  ( -0.000000000000000000, -0.000000000000000000, -1.000000000000000000 ) ) ;
#1210 = DIRECTION ( 'NONE',  ( 8.707365561646629155E-32, 2.409338161078905097E-16, -1.000000000000000000 ) ) ;
#1211 = ORIENTED_EDGE ( 'NONE', *, *, #1760, .F. ) ;
#1212 = LINE ( 'NONE', #1647, #766 ) ;
#1213 = CARTESIAN_POINT ( 'NONE',  ( -0.5249999999999999112, 0.1250000000000000000, 0.5000000000000000000 ) ) ;
#1214 = VERTEX_POINT ( 'NONE', #1411 ) ;
#1215 = CARTESIAN_POINT ( 'NONE',  ( -1.024999999999999911, 0.6250000000000000000, -0.2500000000000000000 ) ) ;
#1216 = ORIENTED_EDGE ( 'NONE', *, *, #289, .F. ) ;
#1217 = EDGE_CURVE ( 'NONE', #1167, #186, #1879, .T. ) ;
#1218 = DIRECTION ( 'NONE',  ( 1.000000000000000000, 0.000000000000000000, 0.000000000000000000 ) ) ;
#1219 = STYLED_ITEM ( 'NONE', ( #1929 ), #353 ) ;
#1220 = ADVANCED_FACE ( 'NONE', ( #1712 ), #1401, .F. ) ;
#1221 = DIRECTION ( 'NONE',  ( 1.000000000000000000, -3.614007241618361097E-16, 0.000000000000000000 ) ) ;
#1222 = ORIENTED_EDGE ( 'NONE', *, *, #1601, .T. ) ;
#1223 = CARTESIAN_POINT ( 'NONE',  ( 0.8999999999999999112, 0.5250000000000000222, 0.5000000000000000000 ) ) ;
#1224 = AXIS2_PLACEMENT_3D ( 'NONE', #801, #1751, #1389 ) ;
#1225 = VECTOR ( 'NONE', #550, 1000.000000000000000 ) ;
#1226 = VECTOR ( 'NONE', #838, 1000.000000000000000 ) ;
#1227 = ORIENTED_EDGE ( 'NONE', *, *, #351, .F. ) ;
#1228 = VECTOR ( 'NONE', #1116, 1000.000000000000000 ) ;
#1229 = CARTESIAN_POINT ( 'NONE',  ( -0.9000000000000000222, 0.7499999999999993339, 0.2500000000000000000 ) ) ;
#1230 = ORIENTED_EDGE ( 'NONE', *, *, #1758, .F. ) ;
#1231 =( NAMED_UNIT ( * ) SI_UNIT ( $, .STERADIAN. ) SOLID_ANGLE_UNIT ( ) );
#1232 = EDGE_CURVE ( 'NONE', #1214, #90, #216, .T. ) ;
#1233 = CARTESIAN_POINT ( 'NONE',  ( 0.8618069995463826238, 0.5992033147848003782, 0.6618069995463827793 ) ) ;
#1234 = LINE ( 'NONE', #662, #45 ) ;
#1235 = ORIENTED_EDGE ( 'NONE', *, *, #1921, .F. ) ;
#1236 = CARTESIAN_POINT ( 'NONE',  ( 0.5249999999999999112, 0.1250000000000000000, 0.5000000000000000000 ) ) ;
#1237 = ORIENTED_EDGE ( 'NONE', *, *, #370, .F. ) ;
#1238 = EDGE_CURVE ( 'NONE', #786, #1829, #1121, .T. ) ;
#1239 = VERTEX_POINT ( 'NONE', #1259 ) ;
#1240 = LINE ( 'NONE', #661, #854 ) ;
#1241 = LINE ( 'NONE', #1089, #1898 ) ;
#1242 = ORIENTED_EDGE ( 'NONE', *, *, #1881, .T. ) ;
#1243 = LINE ( 'NONE', #258, #1831 ) ;
#1244 = DIRECTION ( 'NONE',  ( 8.910515885848802584E-17, 0.000000000000000000, 1.000000000000000000 ) ) ;
#1245 = LINE ( 'NONE', #402, #81 ) ;
#1246 = DIRECTION ( 'NONE',  ( 0.000000000000000000, -0.000000000000000000, 1.000000000000000000 ) ) ;
#1247 = EDGE_CURVE ( 'NONE', #26, #310, #1429, .T. ) ;
#1248 = CARTESIAN_POINT ( 'NONE',  ( -0.4649999999999998579, 0.1549999999999999711, -0.6229442452020751420 ) ) ;
#1249 = EDGE_LOOP ( 'NONE', ( #1370, #671, #140, #1488 ) ) ;
#1250 = CARTESIAN_POINT ( 'NONE',  ( -0.8083835023555566712, 1.450000000000000178, 0.6083835023555569377 ) ) ;
#1251 = CARTESIAN_POINT ( 'NONE',  ( -0.5772739302539690032, 1.450000000000000178, -0.6083835023555569377 ) ) ;
#1252 = VERTEX_POINT ( 'NONE', #227 ) ;
#1253 = FACE_OUTER_BOUND ( 'NONE', #614, .T. ) ;
#1254 = AXIS2_PLACEMENT_3D ( 'NONE', #857, #554, #1275 ) ;
#1255 = DIRECTION ( 'NONE',  ( 1.000000000000000000, 0.000000000000000000, 0.000000000000000000 ) ) ;
#1256 = AXIS2_PLACEMENT_3D ( 'NONE', #1303, #1914, #698 ) ;
#1257 = ORIENTED_EDGE ( 'NONE', *, *, #1708, .T. ) ;
#1258 = VECTOR ( 'NONE', #1703, 1000.000000000000000 ) ;
#1259 = CARTESIAN_POINT ( 'NONE',  ( -0.9000000000000000222, 5.421010862427522170E-17, -0.5000000000000000000 ) ) ;
#1260 = ORIENTED_EDGE ( 'NONE', *, *, #1437, .T. ) ;
#1261 = FACE_OUTER_BOUND ( 'NONE', #28, .T. ) ;
#1262 = ORIENTED_EDGE ( 'NONE', *, *, #404, .T. ) ;
#1263 = CARTESIAN_POINT ( 'NONE',  ( -0.8749999999999998890, 0.7500000000000000000, 0.6750000000000000444 ) ) ;
#1264 = PLANE ( 'NONE',  #1901 ) ;
#1265 = VERTEX_POINT ( 'NONE', #820 ) ;
#1266 = PLANE ( 'NONE',  #1039 ) ;
#1267 = ORIENTED_EDGE ( 'NONE', *, *, #679, .T. ) ;
#1268 = DIRECTION ( 'NONE',  ( -1.000000000000000000, -3.614007241618361097E-16, 0.000000000000000000 ) ) ;
#1269 = CARTESIAN_POINT ( 'NONE',  ( -1.024999999999999911, 0.6250000000000000000, 0.5000000000000000000 ) ) ;
#1270 = DIRECTION ( 'NONE',  ( -1.000000000000000000, 0.000000000000000000, 0.000000000000000000 ) ) ;
#1271 = PRODUCT_RELATED_PRODUCT_CATEGORY ( 'part', '', ( #18 ) ) ;
#1272 = CARTESIAN_POINT ( 'NONE',  ( 0.9000000000000000222, 0.1250000000000000555, -0.5000000000000000000 ) ) ;
#1273 = ORIENTED_EDGE ( 'NONE', *, *, #1135, .F. ) ;
#1274 = DIRECTION ( 'NONE',  ( -8.910515885848802584E-17, 0.000000000000000000, -1.000000000000000000 ) ) ;
#1275 = DIRECTION ( 'NONE',  ( 1.000000000000000000, 0.000000000000000000, 0.000000000000000000 ) ) ;
#1276 = EDGE_CURVE ( 'NONE', #1711, #939, #832, .T. ) ;
#1277 = LINE ( 'NONE', #673, #234 ) ;
#1278 = EDGE_CURVE ( 'NONE', #1063, #1442, #1799, .T. ) ;
#1279 = CARTESIAN_POINT ( 'NONE',  ( 1.024999999999999911, 0.1250000000000000278, 0.5000000000000000000 ) ) ;
#1280 = CARTESIAN_POINT ( 'NONE',  ( 0.8999999999999999112, 0.6250000000000000000, 0.5000000000000000000 ) ) ;
#1281 = VERTEX_POINT ( 'NONE', #1847 ) ;
#1282 = VECTOR ( 'NONE', #653, 1000.000000000000114 ) ;
#1283 = CARTESIAN_POINT ( 'NONE',  ( 0.8749999999999998890, 0.7500000000000000000, 0.5000000000000000000 ) ) ;
#1284 = VECTOR ( 'NONE', #844, 1000.000000000000000 ) ;
#1285 = ADVANCED_FACE ( 'NONE', ( #1117 ), #1576, .F. ) ;
#1286 = ORIENTED_EDGE ( 'NONE', *, *, #1810, .T. ) ;
#1287 = VECTOR ( 'NONE', #560, 1000.000000000000000 ) ;
#1288 = PLANE ( 'NONE',  #1224 ) ;
#1289 = VECTOR ( 'NONE', #816, 1000.000000000000000 ) ;
#1290 =( GEOMETRIC_REPRESENTATION_CONTEXT ( 3 ) GLOBAL_UNCERTAINTY_ASSIGNED_CONTEXT ( ( #199 ) ) GLOBAL_UNIT_ASSIGNED_CONTEXT ( ( #1196, #312, #1507 ) ) REPRESENTATION_CONTEXT ( 'NONE', 'WORKASPACE' ) );
#1291 = CARTESIAN_POINT ( 'NONE',  ( 0.4649999999999999134, 0.000000000000000000, 0.6093835023555569386 ) ) ;
#1292 = CARTESIAN_POINT ( 'NONE',  ( 0.8999999999999999112, 0.6250000000000000000, 0.5000000000000000000 ) ) ;
#1293 = DIRECTION ( 'NONE',  ( 0.000000000000000000, 0.000000000000000000, 1.000000000000000000 ) ) ;
#1294 = VERTEX_POINT ( 'NONE', #1844 ) ;
#1295 = EDGE_CURVE ( 'NONE', #906, #335, #1497, .T. ) ;
#1296 = DIRECTION ( 'NONE',  ( 1.000000000000000000, 0.000000000000000000, 0.000000000000000000 ) ) ;
#1297 = ORIENTED_EDGE ( 'NONE', *, *, #332, .T. ) ;
#1298 = EDGE_CURVE ( 'NONE', #1404, #1687, #233, .T. ) ;
#1299 = LINE ( 'NONE', #694, #915 ) ;
#1300 = PRESENTATION_STYLE_ASSIGNMENT (( #1624 ) ) ;
#1301 = CARTESIAN_POINT ( 'NONE',  ( 0.8640639170592594454, 0.6250000000000000000, 0.2500000000000000000 ) ) ;
#1302 = DIRECTION ( 'NONE',  ( 0.000000000000000000, -0.000000000000000000, -1.000000000000000000 ) ) ;
#1303 = CARTESIAN_POINT ( 'NONE',  ( -0.8083835023555566712, 0.2114792783038975943, 0.6083835023555569377 ) ) ;
#1304 = PLANE ( 'NONE',  #1603 ) ;
#1305 = CARTESIAN_POINT ( 'NONE',  ( 0.8640639170592594454, 0.6250000000000000000, 0.5000000000000000000 ) ) ;
#1306 = ORIENTED_EDGE ( 'NONE', *, *, #1589, .T. ) ;
#1307 = ORIENTED_EDGE ( 'NONE', *, *, #1557, .T. ) ;
#1308 = CARTESIAN_POINT ( 'NONE',  ( -0.8093835023555567831, 1.500000000000000000, -0.6093835023555569386 ) ) ;
#1309 = CARTESIAN_POINT ( 'NONE',  ( -0.9000000000000000222, 5.421010862427522170E-17, 0.5000000000000000000 ) ) ;
#1310 = PLANE ( 'NONE',  #1892 ) ;
#1311 = EDGE_CURVE ( 'NONE', #808, #906, #1547, .T. ) ;
#1312 = LINE ( 'NONE', #380, #232 ) ;
#1313 = DIRECTION ( 'NONE',  ( 8.910515885848803817E-17, 0.000000000000000000, 1.000000000000000000 ) ) ;
#1314 = LINE ( 'NONE', #1917, #674 ) ;
#1315 = ORIENTED_EDGE ( 'NONE', *, *, #187, .F. ) ;
#1316 = EDGE_CURVE ( 'NONE', #478, #1081, #171, .T. ) ;
#1317 = VERTEX_POINT ( 'NONE', #1554 ) ;
#1318 = FILL_AREA_STYLE_COLOUR ( '', #103 ) ;
#1319 =( GEOMETRIC_REPRESENTATION_CONTEXT ( 3 ) GLOBAL_UNCERTAINTY_ASSIGNED_CONTEXT ( ( #180 ) ) GLOBAL_UNIT_ASSIGNED_CONTEXT ( ( #787, #954, #1231 ) ) REPRESENTATION_CONTEXT ( 'NONE', 'WORKASPACE' ) );
#1320 = DIRECTION ( 'NONE',  ( -1.000000000000000000, 0.000000000000000000, 0.000000000000000000 ) ) ;
#1321 = VECTOR ( 'NONE', #720, 1000.000000000000000 ) ;
#1322 = DIRECTION ( 'NONE',  ( -8.707365561646629155E-32, 2.409338161078905097E-16, -1.000000000000000000 ) ) ;
#1323 = VECTOR ( 'NONE', #1660, 1000.000000000000000 ) ;
#1324 = DIRECTION ( 'NONE',  ( 0.08682659386424777803, -0.9924325091389669673, -0.08682659386424777803 ) ) ;
#1326 = EDGE_CURVE ( 'NONE', #203, #906, #1277, .T. ) ;
#1325 = AXIS2_PLACEMENT_3D ( 'NONE', #1745, #1732, #1700 ) ;
#1327 = DIRECTION ( 'NONE',  ( 0.000000000000000000, -0.000000000000000000, 1.000000000000000000 ) ) ;
#1328 = FACE_OUTER_BOUND ( 'NONE', #965, .T. ) ;
#1329 = CYLINDRICAL_SURFACE ( 'NONE', #762, 0.1250000000000000000 ) ;
#1330 = ORIENTED_EDGE ( 'NONE', *, *, #370, .T. ) ;
#1331 = DIRECTION ( 'NONE',  ( 1.000000000000000000, 0.000000000000000000, 0.000000000000000000 ) ) ;
#1332 = DIRECTION ( 'NONE',  ( -0.000000000000000000, -0.000000000000000000, 1.000000000000000000 ) ) ;
#1333 = CARTESIAN_POINT ( 'NONE',  ( 0.5249999999999999112, 0.1250000000000000000, 0.5000000000000000000 ) ) ;
#1334 = VERTEX_POINT ( 'NONE', #401 ) ;
#1335 = DIRECTION ( 'NONE',  ( 0.000000000000000000, 1.000000000000000000, 0.000000000000000000 ) ) ;
#1336 = DIRECTION ( 'NONE',  ( 0.000000000000000000, 1.000000000000000000, 0.000000000000000000 ) ) ;
#1337 = DIRECTION ( 'NONE',  ( -0.08715574274765837404, -0.9961946980917455452, 0.000000000000000000 ) ) ;
#1338 = ORIENTED_EDGE ( 'NONE', *, *, #1278, .T. ) ;
#1339 = DIRECTION ( 'NONE',  ( 1.000000000000000000, 0.000000000000000000, 0.000000000000000000 ) ) ;
#1340 = DIRECTION ( 'NONE',  ( -0.000000000000000000, -0.000000000000000000, -1.000000000000000000 ) ) ;
#1341 = DIRECTION ( 'NONE',  ( -1.000000000000000000, 0.000000000000000000, 0.000000000000000000 ) ) ;
#1342 = EDGE_CURVE ( 'NONE', #917, #1113, #544, .T. ) ;
#1343 = DIRECTION ( 'NONE',  ( 2.168404344971008868E-16, 1.000000000000000000, 0.000000000000000000 ) ) ;
#1344 = VERTEX_POINT ( 'NONE', #1093 ) ;
#1345 = CARTESIAN_POINT ( 'NONE',  ( -0.9000000000000000222, 0.1250000000000000555, -0.5000000000000000000 ) ) ;
#1346 = VECTOR ( 'NONE', #1175, 1000.000000000000000 ) ;
#1347 = LINE ( 'NONE', #898, #1933 ) ;
#1348 = AXIS2_PLACEMENT_3D ( 'NONE', #699, #1293, #1148 ) ;
#1349 = VECTOR ( 'NONE', #549, 1000.000000000000000 ) ;
#1350 = VERTEX_POINT ( 'NONE', #365 ) ;
#1351 = VECTOR ( 'NONE', #1718, 1000.000000000000000 ) ;
#1352 = ORIENTED_EDGE ( 'NONE', *, *, #1749, .F. ) ;
#1353 = CYLINDRICAL_SURFACE ( 'NONE', #888, 0.1250000000000000000 ) ;
#1354 = DIRECTION ( 'NONE',  ( 0.000000000000000000, 0.000000000000000000, 1.000000000000000000 ) ) ;
#1355 = ADVANCED_FACE ( 'NONE', ( #1253 ), #1891, .F. ) ;
#1356 = EDGE_LOOP ( 'NONE', ( #337, #1840, #804, #174 ) ) ;
#1357 = PRESENTATION_STYLE_ASSIGNMENT (( #338 ) ) ;
#1358 = DIRECTION ( 'NONE',  ( -8.910515885848802584E-17, -0.000000000000000000, -1.000000000000000000 ) ) ;
#1359 = ORIENTED_EDGE ( 'NONE', *, *, #1316, .T. ) ;
#1360 = VERTEX_POINT ( 'NONE', #95 ) ;
#1361 = EDGE_CURVE ( 'NONE', #310, #1567, #1699, .T. ) ;
#1362 = DIRECTION ( 'NONE',  ( 0.000000000000000000, -0.000000000000000000, -1.000000000000000000 ) ) ;
#1363 = LINE ( 'NONE', #795, #1806 ) ;
#1364 = ORIENTED_EDGE ( 'NONE', *, *, #119, .F. ) ;
#1365 = EDGE_CURVE ( 'NONE', #925, #1344, #1585, .T. ) ;
#1366 = DIRECTION ( 'NONE',  ( 0.000000000000000000, -0.000000000000000000, -1.000000000000000000 ) ) ;
#1367 = ORIENTED_EDGE ( 'NONE', *, *, #9, .T. ) ;
#1368 = CARTESIAN_POINT ( 'NONE',  ( -0.8999999999999999112, 0.6250000000000000000, -0.2500000000000000000 ) ) ;
#1369 = PLANE ( 'NONE',  #1009 ) ;
#1370 = ORIENTED_EDGE ( 'NONE', *, *, #1088, .F. ) ;
#1371 = ADVANCED_FACE ( 'NONE', ( #61 ), #1729, .F. ) ;
#1372 = DIRECTION ( 'NONE',  ( 0.000000000000000000, 1.000000000000000000, 0.000000000000000000 ) ) ;
#1373 = ORIENTED_EDGE ( 'NONE', *, *, #1645, .F. ) ;
#1374 = LINE ( 'NONE', #905, #946 ) ;
#1375 = EDGE_CURVE ( 'NONE', #917, #730, #69, .T. ) ;
#1376 = VECTOR ( 'NONE', #1695, 1000.000000000000000 ) ;
#1377 = DIRECTION ( 'NONE',  ( -3.614007241618361097E-16, -1.000000000000000000, 0.000000000000000000 ) ) ;
#1378 = ORIENTED_EDGE ( 'NONE', *, *, #138, .T. ) ;
#1379 = DIRECTION ( 'NONE',  ( 0.000000000000000000, 1.000000000000000000, 4.336808689942017736E-16 ) ) ;
#1380 = AXIS2_PLACEMENT_3D ( 'NONE', #1767, #1798, #1313 ) ;
#1381 = EDGE_CURVE ( 'NONE', #444, #1463, #503, .T. ) ;
#1382 = VECTOR ( 'NONE', #1682, 999.9999999999998863 ) ;
#1383 = STYLED_ITEM ( 'NONE', ( #1300 ), #1593 ) ;
#1384 = EDGE_LOOP ( 'NONE', ( #491, #31, #945, #1306, #373, #21, #117, #757 ) ) ;
#1385 = EDGE_LOOP ( 'NONE', ( #1842, #1122, #245, #913 ) ) ;
#1386 = PRODUCT_DEFINITION_CONTEXT ( 'detailed design', #764, 'design' ) ;
#1387 = CARTESIAN_POINT ( 'NONE',  ( -1.024999999999999911, 0.6250000000000000000, 0.5000000000000000000 ) ) ;
#1388 = ORIENTED_EDGE ( 'NONE', *, *, #151, .T. ) ;
#1389 = DIRECTION ( 'NONE',  ( 0.000000000000000000, -0.9961946980917455452, -0.08715574274765837404 ) ) ;
#1390 = CARTESIAN_POINT ( 'NONE',  ( 0.8093835023555567831, 1.500000000000000000, 0.6750000000000000444 ) ) ;
#1391 = EDGE_CURVE ( 'NONE', #1549, #1829, #1114, .T. ) ;
#1392 = LINE ( 'NONE', #62, #977 ) ;
#1393 = FACE_OUTER_BOUND ( 'NONE', #192, .T. ) ;
#1394 = VERTEX_POINT ( 'NONE', #382 ) ;
#1395 = FACE_OUTER_BOUND ( 'NONE', #811, .T. ) ;
#1396 = ORIENTED_EDGE ( 'NONE', *, *, #1509, .T. ) ;
#1397 = ADVANCED_FACE ( 'NONE', ( #1561 ), #682, .F. ) ;
#1398 = DIRECTION ( 'NONE',  ( 0.000000000000000000, -0.000000000000000000, -1.000000000000000000 ) ) ;
#1399 = EDGE_CURVE ( 'NONE', #376, #1091, #877, .T. ) ;
#1400 = ORIENTED_EDGE ( 'NONE', *, *, #1907, .T. ) ;
#1401 = PLANE ( 'NONE',  #1669 ) ;
#1402 = VERTEX_POINT ( 'NONE', #1594 ) ;
#1403 = CARTESIAN_POINT ( 'NONE',  ( -0.8999999999999999112, 0.7500000000000000000, -0.5000000000000000000 ) ) ;
#1404 = VERTEX_POINT ( 'NONE', #419 ) ;
#1405 = CARTESIAN_POINT ( 'NONE',  ( -0.5249999999999999112, 0.1250000000000000000, 0.5000000000000000000 ) ) ;
#1406 = AXIS2_PLACEMENT_3D ( 'NONE', #1421, #991, #1741 ) ;
#1407 = FACE_OUTER_BOUND ( 'NONE', #1918, .T. ) ;
#1408 = VECTOR ( 'NONE', #459, 1000.000000000000114 ) ;
#1409 = VERTEX_POINT ( 'NONE', #592 ) ;
#1410 = VECTOR ( 'NONE', #490, 1000.000000000000000 ) ;
#1411 = CARTESIAN_POINT ( 'NONE',  ( -0.9000000000000000222, 0.7499999999999993339, -0.2499999999999999445 ) ) ;
#1412 = ORIENTED_EDGE ( 'NONE', *, *, #472, .T. ) ;
#1413 = VECTOR ( 'NONE', #317, 1000.000000000000000 ) ;
#1414 = EDGE_LOOP ( 'NONE', ( #471, #1002, #825, #1704 ) ) ;
#1415 = CARTESIAN_POINT ( 'NONE',  ( 0.8999999999999999112, 0.7500000000000000000, 0.5000000000000000000 ) ) ;
#1416 = DIRECTION ( 'NONE',  ( 0.000000000000000000, -0.000000000000000000, -1.000000000000000000 ) ) ;
#1417 = ORIENTED_EDGE ( 'NONE', *, *, #1592, .T. ) ;
#1418 = CARTESIAN_POINT ( 'NONE',  ( -0.8750000000000001110, 0.5250000000000005773, 0.2500000000000000000 ) ) ;
#1419 = EDGE_CURVE ( 'NONE', #1739, #335, #1752, .T. ) ;
#1420 = ORIENTED_EDGE ( 'NONE', *, *, #1578, .F. ) ;
#1421 = CARTESIAN_POINT ( 'NONE',  ( 0.8749999999999998890, 0.7500000000000000000, 0.6750000000000000444 ) ) ;
#1422 = DIRECTION ( 'NONE',  ( -1.000000000000000000, -2.271727064378607731E-16, -1.987503647581555311E-17 ) ) ;
#1423 = DIRECTION ( 'NONE',  ( -0.000000000000000000, -0.000000000000000000, -1.000000000000000000 ) ) ;
#1424 = CARTESIAN_POINT ( 'NONE',  ( 0.8999999999999999112, 0.6250000000000000000, -0.5000000000000000000 ) ) ;
#1425 = PLANE ( 'NONE',  #1325 ) ;
#1426 = CARTESIAN_POINT ( 'NONE',  ( 0.000000000000000000, 0.000000000000000000, 0.000000000000000000 ) ) ;
#1427 = FACE_OUTER_BOUND ( 'NONE', #1385, .T. ) ;
#1428 = ORIENTED_EDGE ( 'NONE', *, *, #951, .T. ) ;
#1429 = LINE ( 'NONE', #377, #1771 ) ;
#1430 = ORIENTED_EDGE ( 'NONE', *, *, #908, .T. ) ;
#1431 = CARTESIAN_POINT ( 'NONE',  ( -0.8999999999999999112, 0.5250000000000000222, 0.5000000000000000000 ) ) ;
#1432 = CARTESIAN_POINT ( 'NONE',  ( -1.024999999999999911, 0.6250000000000000000, -0.5000000000000000000 ) ) ;
#1433 = DIRECTION ( 'NONE',  ( 0.000000000000000000, -1.000000000000000000, -2.409338161078905097E-16 ) ) ;
#1434 = CARTESIAN_POINT ( 'NONE',  ( -0.8640639170592594454, 0.6250000000000000000, 0.5000000000000000000 ) ) ;
#1435 = CLOSED_SHELL ( 'NONE', ( #593, #302, #966, #537, #1101, #1454 ) ) ;
#1436 = FACE_OUTER_BOUND ( 'NONE', #1823, .T. ) ;
#1437 = EDGE_CURVE ( 'NONE', #292, #1540, #555, .T. ) ;
#1438 = FACE_OUTER_BOUND ( 'NONE', #1519, .T. ) ;
#1439 = VECTOR ( 'NONE', #181, 1000.000000000000000 ) ;
#1440 = CARTESIAN_POINT ( 'NONE',  ( -0.8083835023555567822, 1.450000000000000178, -0.6083835023555569377 ) ) ;
#1441 = AXIS2_PLACEMENT_3D ( 'NONE', #1889, #1912, #120 ) ;
#1442 = VERTEX_POINT ( 'NONE', #847 ) ;
#1443 = VECTOR ( 'NONE', #1542, 1000.000000000000000 ) ;
#1444 = DIRECTION ( 'NONE',  ( 0.000000000000000000, 0.000000000000000000, 1.000000000000000000 ) ) ;
#1445 = VECTOR ( 'NONE', #1653, 1000.000000000000000 ) ;
#1446 = FACE_OUTER_BOUND ( 'NONE', #1249, .T. ) ;
#1447 = DIRECTION ( 'NONE',  ( -0.000000000000000000, -0.000000000000000000, -1.000000000000000000 ) ) ;
#1448 = DIRECTION ( 'NONE',  ( 0.08715574274765777729, -0.9961946980917456562, 0.000000000000000000 ) ) ;
#1449 = EDGE_CURVE ( 'NONE', #1674, #26, #1936, .T. ) ;
#1450 = LINE ( 'NONE', #1587, #206 ) ;
#1451 = ORIENTED_EDGE ( 'NONE', *, *, #1026, .T. ) ;
#1452 = ORIENTED_EDGE ( 'NONE', *, *, #1637, .F. ) ;
#1453 = LINE ( 'NONE', #582, #20 ) ;
#1454 = ADVANCED_FACE ( 'NONE', ( #131 ), #1164, .F. ) ;
#1455 = FACE_OUTER_BOUND ( 'NONE', #308, .T. ) ;
#1456 = CARTESIAN_POINT ( 'NONE',  ( -0.8749999999999997780, 0.1549999999999996381, -0.6229442452020750309 ) ) ;
#1457 = DIRECTION ( 'NONE',  ( 1.000000000000000000, -3.614007241618361097E-16, -0.000000000000000000 ) ) ;
#1458 = EDGE_CURVE ( 'NONE', #1063, #1360, #1482, .T. ) ;
#1459 = CARTESIAN_POINT ( 'NONE',  ( -0.8749999999999998890, 0.7500000000000000000, 0.6750000000000000444 ) ) ;
#1460 = ORIENTED_EDGE ( 'NONE', *, *, #1326, .F. ) ;
#1461 = CARTESIAN_POINT ( 'NONE',  ( -0.8749999999999998890, 0.7500000000000000000, 0.5000000000000000000 ) ) ;
#1462 = LINE ( 'NONE', #1040, #1864 ) ;
#1463 = VERTEX_POINT ( 'NONE', #1432 ) ;
#1464 = EDGE_CURVE ( 'NONE', #1171, #1549, #1025, .T. ) ;
#1465 = VERTEX_POINT ( 'NONE', #102 ) ;
#1466 = LINE ( 'NONE', #740, #23 ) ;
#1467 = SURFACE_STYLE_FILL_AREA ( #1920 ) ;
#1468 = DIRECTION ( 'NONE',  ( 0.9961946980917456562, -0.08715574274765777729, 0.000000000000000000 ) ) ;
#1469 = LINE ( 'NONE', #1184, #669 ) ;
#1470 = CARTESIAN_POINT ( 'NONE',  ( -0.5772739302539690032, 1.450000000000000178, -0.6083835023555569377 ) ) ;
#1471 = VERTEX_POINT ( 'NONE', #438 ) ;
#1472 = DIRECTION ( 'NONE',  ( -0.000000000000000000, 0.000000000000000000, -1.000000000000000000 ) ) ;
#1473 = ORIENTED_EDGE ( 'NONE', *, *, #1937, .T. ) ;
#1474 = VECTOR ( 'NONE', #193, 1000.000000000000000 ) ;
#1475 = VERTEX_POINT ( 'NONE', #1291 ) ;
#1476 = DIRECTION ( 'NONE',  ( 0.000000000000000000, 1.000000000000000000, 0.000000000000000000 ) ) ;
#1477 = AXIS2_PLACEMENT_3D ( 'NONE', #1919, #759, #445 ) ;
#1478 = CARTESIAN_POINT ( 'NONE',  ( -1.024999999999999911, 0.6250000000000000000, 0.5000000000000000000 ) ) ;
#1479 = CARTESIAN_POINT ( 'NONE',  ( 0.4649999999999998579, 0.1549999999999999711, 0.6229442452020745868 ) ) ;
#1480 = VECTOR ( 'NONE', #1302, 1000.000000000000000 ) ;
#1481 = VECTOR ( 'NONE', #1270, 1000.000000000000000 ) ;
#1482 = LINE ( 'NONE', #1154, #1062 ) ;
#1483 = VECTOR ( 'NONE', #1416, 1000.000000000000000 ) ;
#1484 = CARTESIAN_POINT ( 'NONE',  ( -0.5772739302539688921, 1.500000000000000000, 0.6083835023555569377 ) ) ;
#1485 = ORIENTED_EDGE ( 'NONE', *, *, #332, .F. ) ;
#1486 = PLANE ( 'NONE',  #1633 ) ;
#1487 = APPLICATION_PROTOCOL_DEFINITION ( 'draft international standard', 'automotive_design', 1998, #41 ) ;
#1488 = ORIENTED_EDGE ( 'NONE', *, *, #882, .T. ) ;
#1489 = ORIENTED_EDGE ( 'NONE', *, *, #1022, .T. ) ;
#1490 = DIRECTION ( 'NONE',  ( 0.000000000000000000, -0.000000000000000000, 1.000000000000000000 ) ) ;
#1491 = EDGE_CURVE ( 'NONE', #1540, #1394, #1469, .T. ) ;
#1492 = ORIENTED_EDGE ( 'NONE', *, *, #5, .F. ) ;
#1493 = CARTESIAN_POINT ( 'NONE',  ( -0.8999999999999999112, 0.6250000000000000000, 0.5000000000000000000 ) ) ;
#1494 = EDGE_LOOP ( 'NONE', ( #178, #1086, #785, #566, #1452, #1492, #1780, #589 ) ) ;
#1495 = ORIENTED_EDGE ( 'NONE', *, *, #1921, .T. ) ;
#1496 = DIRECTION ( 'NONE',  ( 0.000000000000000000, 0.000000000000000000, 1.000000000000000000 ) ) ;
#1497 = LINE ( 'NONE', #616, #392 ) ;
#1498 = EDGE_CURVE ( 'NONE', #356, #496, #122, .T. ) ;
#1499 = ORIENTED_EDGE ( 'NONE', *, *, #706, .F. ) ;
#1500 = DIRECTION ( 'NONE',  ( -0.000000000000000000, -1.000000000000000000, -2.409338161078905097E-16 ) ) ;
#1501 = DIRECTION ( 'NONE',  ( 1.000000000000000000, 0.000000000000000000, -0.000000000000000000 ) ) ;
#1502 = ORIENTED_EDGE ( 'NONE', *, *, #1049, .T. ) ;
#1503 = AXIS2_PLACEMENT_3D ( 'NONE', #457, #1045, #1852 ) ;
#1504 = AXIS2_PLACEMENT_3D ( 'NONE', #1591, #1444, #704 ) ;
#1505 = ORIENTED_EDGE ( 'NONE', *, *, #1031, .F. ) ;
#1506 = VECTOR ( 'NONE', #1457, 1000.000000000000000 ) ;
#1507 =( NAMED_UNIT ( * ) SI_UNIT ( $, .STERADIAN. ) SOLID_ANGLE_UNIT ( ) );
#1508 = STYLED_ITEM ( 'NONE', ( #999 ), #1632 ) ;
#1509 = EDGE_CURVE ( 'NONE', #1344, #217, #1913, .T. ) ;
#1510 = ORIENTED_EDGE ( 'NONE', *, *, #1846, .T. ) ;
#1511 = DIRECTION ( 'NONE',  ( -1.000000000000000000, -3.614007241618361097E-16, 0.000000000000000000 ) ) ;
#1512 = ORIENTED_EDGE ( 'NONE', *, *, #1760, .T. ) ;
#1513 = CARTESIAN_POINT ( 'NONE',  ( 0.8750000000000001110, 0.7500000000000000000, 0.2500000000000000000 ) ) ;
#1514 = ORIENTED_EDGE ( 'NONE', *, *, #1276, .T. ) ;
#1515 = ADVANCED_FACE ( 'NONE', ( #1904 ), #1764, .F. ) ;
#1516 = VERTEX_POINT ( 'NONE', #1611 ) ;
#1517 = DIRECTION ( 'NONE',  ( 0.000000000000000000, 1.000000000000000000, 0.000000000000000000 ) ) ;
#1518 = EDGE_CURVE ( 'NONE', #322, #1265, #717, .T. ) ;
#1519 = EDGE_LOOP ( 'NONE', ( #780, #83, #831, #129 ) ) ;
#1520 = ADVANCED_FACE ( 'NONE', ( #1775 ), #260, .F. ) ;
#1521 = DIRECTION ( 'NONE',  ( -1.445602896647338917E-16, -1.000000000000000000, 0.000000000000000000 ) ) ;
#1522 = LINE ( 'NONE', #1251, #1376 ) ;
#1523 = EDGE_LOOP ( 'NONE', ( #1631, #228, #76, #1925, #54, #225, #1596, #1680 ) ) ;
#1524 = CARTESIAN_POINT ( 'NONE',  ( -0.8640639170592594454, 0.6250000000000000000, -0.5000000000000000000 ) ) ;
#1525 = DIRECTION ( 'NONE',  ( 0.000000000000000000, 1.000000000000000000, 0.000000000000000000 ) ) ;
#1526 = APPLICATION_PROTOCOL_DEFINITION ( 'draft international standard', 'automotive_design', 1998, #764 ) ;
#1527 = EDGE_CURVE ( 'NONE', #467, #719, #1347, .T. ) ;
#1528 = DIRECTION ( 'NONE',  ( -1.000000000000000000, 4.037111266668676546E-18, 0.000000000000000000 ) ) ;
#1529 = VERTEX_POINT ( 'NONE', #465 ) ;
#1530 = FACE_OUTER_BOUND ( 'NONE', #412, .T. ) ;
#1531 = ORIENTED_EDGE ( 'NONE', *, *, #483, .F. ) ;
#1532 = EDGE_CURVE ( 'NONE', #875, #1120, #631, .T. ) ;
#1533 = AXIS2_PLACEMENT_3D ( 'NONE', #1080, #1105, #670 ) ;
#1534 = CARTESIAN_POINT ( 'NONE',  ( -0.8749999999999998890, 0.7500000000000000000, 0.5000000000000000000 ) ) ;
#1535 = EDGE_LOOP ( 'NONE', ( #843, #358, #902, #722 ) ) ;
#1536 = LINE ( 'NONE', #205, #137 ) ;
#1537 = VECTOR ( 'NONE', #1339, 1000.000000000000000 ) ;
#1538 = VECTOR ( 'NONE', #1156, 1000.000000000000000 ) ;
#1539 = AXIS2_PLACEMENT_3D ( 'NONE', #975, #1726, #1573 ) ;
#1540 = VERTEX_POINT ( 'NONE', #484 ) ;
#1541 = VECTOR ( 'NONE', #1809, 1000.000000000000000 ) ;
#1542 = DIRECTION ( 'NONE',  ( 0.000000000000000000, 0.000000000000000000, -1.000000000000000000 ) ) ;
#1543 = ORIENTED_EDGE ( 'NONE', *, *, #773, .T. ) ;
#1544 = CARTESIAN_POINT ( 'NONE',  ( -0.8229442452020757637, 0.1550000000000000544, -0.6229442452020751420 ) ) ;
#1545 = EDGE_CURVE ( 'NONE', #1739, #934, #753, .T. ) ;
#1546 = EDGE_LOOP ( 'NONE', ( #923, #1157, #299, #417 ) ) ;
#1547 = LINE ( 'NONE', #957, #1226 ) ;
#1548 = CARTESIAN_POINT ( 'NONE',  ( -0.8749999999999998890, 0.7500000000000000000, 0.6750000000000000444 ) ) ;
#1549 = VERTEX_POINT ( 'NONE', #25 ) ;
#1550 = DIRECTION ( 'NONE',  ( 0.000000000000000000, -0.000000000000000000, 1.000000000000000000 ) ) ;
#1551 = ORIENTED_EDGE ( 'NONE', *, *, #1342, .T. ) ;
#1552 = CARTESIAN_POINT ( 'NONE',  ( 0.8749999999999998890, 0.7500000000000000000, 0.6750000000000000444 ) ) ;
#1553 = VERTEX_POINT ( 'NONE', #1820 ) ;
#1554 = CARTESIAN_POINT ( 'NONE',  ( 0.9000000000000000222, 0.7499999999999993339, -0.2499999999999999445 ) ) ;
#1555 = FACE_OUTER_BOUND ( 'NONE', #1646, .T. ) ;
#1556 = EDGE_LOOP ( 'NONE', ( #1237, #660, #271, #919 ) ) ;
#1557 = EDGE_CURVE ( 'NONE', #1167, #808, #1374, .T. ) ;
#1558 = LINE ( 'NONE', #1569, #976 ) ;
#1559 = ORIENTED_EDGE ( 'NONE', *, *, #211, .F. ) ;
#1560 = ORIENTED_EDGE ( 'NONE', *, *, #1708, .F. ) ;
#1561 = FACE_OUTER_BOUND ( 'NONE', #493, .T. ) ;
#1562 = CIRCLE ( 'NONE', #1254, 0.1250000000000000000 ) ;
#1563 = CIRCLE ( 'NONE', #448, 0.1249999999999998890 ) ;
#1564 = ADVANCED_FACE ( 'NONE', ( #613 ), #1644, .T. ) ;
#1565 = DIRECTION ( 'NONE',  ( -0.000000000000000000, -0.000000000000000000, -1.000000000000000000 ) ) ;
#1566 = VECTOR ( 'NONE', #1012, 1000.000000000000000 ) ;
#1567 = VERTEX_POINT ( 'NONE', #16 ) ;
#1568 = AXIS2_PLACEMENT_3D ( 'NONE', #1424, #1743, #967 ) ;
#1569 = CARTESIAN_POINT ( 'NONE',  ( -0.8749999999999998890, 0.000000000000000000, -0.6093835023555569386 ) ) ;
#1570 = EDGE_CURVE ( 'NONE', #1252, #13, #1192, .T. ) ;
#1571 = ORIENTED_EDGE ( 'NONE', *, *, #1311, .T. ) ;
#1572 =( GEOMETRIC_REPRESENTATION_CONTEXT ( 3 ) GLOBAL_UNCERTAINTY_ASSIGNED_CONTEXT ( ( #920 ) ) GLOBAL_UNIT_ASSIGNED_CONTEXT ( ( #1119, #610, #243 ) ) REPRESENTATION_CONTEXT ( 'NONE', 'WORKASPACE' ) );
#1573 = DIRECTION ( 'NONE',  ( -1.000000000000000000, 0.000000000000000000, 0.000000000000000000 ) ) ;
#1574 = EDGE_CURVE ( 'NONE', #1859, #278, #473, .T. ) ;
#1575 = DIRECTION ( 'NONE',  ( 1.000000000000000000, -1.445602896647338917E-16, 0.000000000000000000 ) ) ;
#1576 = PLANE ( 'NONE',  #1635 ) ;
#1577 = CARTESIAN_POINT ( 'NONE',  ( -0.8083835023555567822, 0.2114792783038975943, -0.6083835023555569377 ) ) ;
#1578 = EDGE_CURVE ( 'NONE', #71, #1120, #1676, .T. ) ;
#1579 = VERTEX_POINT ( 'NONE', #340 ) ;
#1580 = DIRECTION ( 'NONE',  ( 0.000000000000000000, 0.000000000000000000, -1.000000000000000000 ) ) ;
#1581 = ORIENTED_EDGE ( 'NONE', *, *, #679, .F. ) ;
#1582 = DIRECTION ( 'NONE',  ( 0.000000000000000000, 0.000000000000000000, 1.000000000000000000 ) ) ;
#1583 = CARTESIAN_POINT ( 'NONE',  ( -0.8229442452020757637, 0.1550000000000000544, -0.6750000000000000444 ) ) ;
#1584 = ADVANCED_FACE ( 'NONE', ( #921 ), #1124, .T. ) ;
#1585 = LINE ( 'NONE', #1390, #1099 ) ;
#1586 = LINE ( 'NONE', #441, #1566 ) ;
#1587 = CARTESIAN_POINT ( 'NONE',  ( -0.8083835023555566712, 1.500000000000000000, 0.6083835023555569377 ) ) ;
#1588 = CARTESIAN_POINT ( 'NONE',  ( 0.8999999999999999112, 0.6250000000000000000, -0.2500000000000000000 ) ) ;
#1589 = EDGE_CURVE ( 'NONE', #1829, #1091, #229, .T. ) ;
#1590 = ORIENTED_EDGE ( 'NONE', *, *, #226, .F. ) ;
#1591 = CARTESIAN_POINT ( 'NONE',  ( -0.8750000000000001110, 0.7500000000000000000, 0.2500000000000000000 ) ) ;
#1592 = EDGE_CURVE ( 'NONE', #1471, #1835, #1241, .T. ) ;
#1593 = MANIFOLD_SOLID_BREP ( 'Cut-Extrude2', #132 ) ;
#1594 = CARTESIAN_POINT ( 'NONE',  ( 0.9000000000000000222, 5.421010862427522170E-17, -0.5000000000000000000 ) ) ;
#1595 = PLANE ( 'NONE',  #1061 ) ;
#1596 = ORIENTED_EDGE ( 'NONE', *, *, #751, .F. ) ;
#1597 = PLANE ( 'NONE',  #606 ) ;
#1598 = CARTESIAN_POINT ( 'NONE',  ( 0.8640639170592594454, 0.6250000000000000000, 0.5000000000000000000 ) ) ;
#1599 = CARTESIAN_POINT ( 'NONE',  ( -0.8083835023555566712, 1.450000000000000178, 0.6083835023555569377 ) ) ;
#1600 = AXIS2_PLACEMENT_3D ( 'NONE', #725, #1322, #1035 ) ;
#1601 = EDGE_CURVE ( 'NONE', #1402, #26, #516, .T. ) ;
#1602 = CARTESIAN_POINT ( 'NONE',  ( -0.4649999999999996358, 0.7499999999999998890, -0.6750000000000000444 ) ) ;
#1603 = AXIS2_PLACEMENT_3D ( 'NONE', #1916, #434, #1029 ) ;
#1604 = ORIENTED_EDGE ( 'NONE', *, *, #1885, .F. ) ;
#1605 = VECTOR ( 'NONE', #887, 1000.000000000000000 ) ;
#1606 = DIRECTION ( 'NONE',  ( -8.910515885848802584E-17, -0.000000000000000000, -1.000000000000000000 ) ) ;
#1607 = DIRECTION ( 'NONE',  ( 0.000000000000000000, 0.000000000000000000, 1.000000000000000000 ) ) ;
#1608 = VECTOR ( 'NONE', #1625, 1000.000000000000114 ) ;
#1609 = EDGE_CURVE ( 'NONE', #304, #215, #868, .T. ) ;
#1610 = CARTESIAN_POINT ( 'NONE',  ( 0.5249999999999999112, 0.1250000000000000000, 0.5000000000000000000 ) ) ;
#1611 = CARTESIAN_POINT ( 'NONE',  ( -0.5772739302539688921, 1.449999999999999734, 0.6083835023555569377 ) ) ;
#1612 = CARTESIAN_POINT ( 'NONE',  ( -0.8749999999999998890, 0.7500000000000000000, -0.6750000000000000444 ) ) ;
#1613 = DIRECTION ( 'NONE',  ( -0.08715574274765777729, 0.9961946980917456562, 2.400169901976921941E-16 ) ) ;
#1614 = ORIENTED_EDGE ( 'NONE', *, *, #1498, .T. ) ;
#1615 = VERTEX_POINT ( 'NONE', #1309 ) ;
#1616 = PLANE ( 'NONE',  #1477 ) ;
#1617 = FACE_OUTER_BOUND ( 'NONE', #363, .T. ) ;
#1618 = CARTESIAN_POINT ( 'NONE',  ( -0.9000000000000000222, 0.1250000000000000555, 0.5000000000000000000 ) ) ;
#1619 = PLANE ( 'NONE',  #792 ) ;
#1620 = PLANE ( 'NONE',  #1380 ) ;
#1621 = CARTESIAN_POINT ( 'NONE',  ( -0.8083835023555567822, 1.450000000000000178, -0.6083835023555569377 ) ) ;
#1622 = LINE ( 'NONE', #735, #259 ) ;
#1623 = ORIENTED_EDGE ( 'NONE', *, *, #1664, .F. ) ;
#1624 = SURFACE_STYLE_USAGE ( .BOTH. , #250 ) ;
#1625 = DIRECTION ( 'NONE',  ( -0.08682659386424777803, 0.9924325091389669673, -0.08682659386424777803 ) ) ;
#1626 = FACE_OUTER_BOUND ( 'NONE', #1658, .T. ) ;
#1627 = VERTEX_POINT ( 'NONE', #1479 ) ;
#1628 = CARTESIAN_POINT ( 'NONE',  ( 1.024999999999999911, 0.6250000000000000000, -0.2500000000000000000 ) ) ;
#1629 = DIRECTION ( 'NONE',  ( -1.000000000000000000, 2.271727064378607731E-16, 1.987503647581555311E-17 ) ) ;
#1630 = AXIS2_PLACEMENT_3D ( 'NONE', #352, #188, #362 ) ;
#1631 = ORIENTED_EDGE ( 'NONE', *, *, #1104, .F. ) ;
#1632 = MANIFOLD_SOLID_BREP ( 'Combine1', #1692 ) ;
#1633 = AXIS2_PLACEMENT_3D ( 'NONE', #424, #557, #1472 ) ;
#1634 = CARTESIAN_POINT ( 'NONE',  ( -0.5249999999999999112, 0.000000000000000000, 0.5000000000000000000 ) ) ;
#1635 = AXIS2_PLACEMENT_3D ( 'NONE', #1426, #1525, #790 ) ;
#1636 = CARTESIAN_POINT ( 'NONE',  ( 0.8750000000000001110, 0.7500000000000000000, -0.2499999999999999445 ) ) ;
#1637 = EDGE_CURVE ( 'NONE', #499, #875, #546, .T. ) ;
#1638 = DIRECTION ( 'NONE',  ( 0.000000000000000000, 0.9961946980917455452, 0.08715574274765837404 ) ) ;
#1639 = CARTESIAN_POINT ( 'NONE',  ( 1.024999999999999911, 0.6250000000000000000, 0.5000000000000000000 ) ) ;
#1640 = ORIENTED_EDGE ( 'NONE', *, *, #474, .F. ) ;
#1641 = FACE_OUTER_BOUND ( 'NONE', #189, .T. ) ;
#1642 = CARTESIAN_POINT ( 'NONE',  ( 0.8093835023555567831, 1.500000000000000000, 0.6093835023555569386 ) ) ;
#1643 = FACE_OUTER_BOUND ( 'NONE', #1766, .T. ) ;
#1644 = CYLINDRICAL_SURFACE ( 'NONE', #580, 0.1250000000000000000 ) ;
#1645 = EDGE_CURVE ( 'NONE', #1615, #1208, #797, .T. ) ;
#1646 = EDGE_LOOP ( 'NONE', ( #597, #1786, #1614, #1430, #1531, #1053, #772, #665 ) ) ;
#1647 = CARTESIAN_POINT ( 'NONE',  ( -0.8640639170592594454, 0.6250000000000000000, -0.2500000000000000000 ) ) ;
#1648 = LINE ( 'NONE', #873, #1138 ) ;
#1649 = EDGE_CURVE ( 'NONE', #1350, #292, #455, .T. ) ;
#1650 = ORIENTED_EDGE ( 'NONE', *, *, #612, .F. ) ;
#1651 = DIRECTION ( 'NONE',  ( 0.000000000000000000, 1.000000000000000000, 0.000000000000000000 ) ) ;
#1652 = ORIENTED_EDGE ( 'NONE', *, *, #1736, .F. ) ;
#1653 = DIRECTION ( 'NONE',  ( 0.000000000000000000, -1.000000000000000000, 0.000000000000000000 ) ) ;
#1654 = EDGE_CURVE ( 'NONE', #1132, #17, #394, .T. ) ;
#1655 = EDGE_LOOP ( 'NONE', ( #381, #405, #1373, #1352, #883, #1781, #46, #1084, #1048, #1021 ) ) ;
#1656 = LINE ( 'NONE', #930, #423 ) ;
#1657 = CARTESIAN_POINT ( 'NONE',  ( 0.000000000000000000, 0.000000000000000000, 0.000000000000000000 ) ) ;
#1658 = EDGE_LOOP ( 'NONE', ( #1235, #1915, #1928, #396 ) ) ;
#1659 = LINE ( 'NONE', #627, #264 ) ;
#1660 = DIRECTION ( 'NONE',  ( -1.000000000000000000, -0.000000000000000000, -0.000000000000000000 ) ) ;
#1661 = ORIENTED_EDGE ( 'NONE', *, *, #1295, .F. ) ;
#1662 = AXIS2_PLACEMENT_3D ( 'NONE', #1677, #1377, #1221 ) ;
#1663 = UNCERTAINTY_MEASURE_WITH_UNIT (LENGTH_MEASURE( 1.000000000000000082E-05 ), #993, 'distance_accuracy_value', 'NONE');
#1664 = EDGE_CURVE ( 'NONE', #527, #467, #1126, .T. ) ;
#1665 = CARTESIAN_POINT ( 'NONE',  ( -0.5249999999999999112, 0.1250000000000000000, 0.5000000000000000000 ) ) ;
#1666 = VECTOR ( 'NONE', #848, 1000.000000000000000 ) ;
#1667 = DIRECTION ( 'NONE',  ( -1.000000000000000000, 0.000000000000000000, 0.000000000000000000 ) ) ;
#1668 = ORIENTED_EDGE ( 'NONE', *, *, #48, .F. ) ;
#1669 = AXIS2_PLACEMENT_3D ( 'NONE', #981, #842, #1001 ) ;
#1670 = VECTOR ( 'NONE', #1565, 1000.000000000000000 ) ;
#1671 = VECTOR ( 'NONE', #1336, 1000.000000000000000 ) ;
#1672 = SURFACE_STYLE_USAGE ( .BOTH. , #130 ) ;
#1673 = ORIENTED_EDGE ( 'NONE', *, *, #1107, .T. ) ;
#1674 = VERTEX_POINT ( 'NONE', #1279 ) ;
#1675 = SURFACE_SIDE_STYLE ('',( #1830 ) ) ;
#1676 = LINE ( 'NONE', #1233, #609 ) ;
#1677 = CARTESIAN_POINT ( 'NONE',  ( -0.8750000000000001110, 0.5250000000000005773, 0.2500000000000000000 ) ) ;
#1678 = ORIENTED_EDGE ( 'NONE', *, *, #1932, .F. ) ;
#1679 = DIRECTION ( 'NONE',  ( 0.000000000000000000, 0.000000000000000000, -1.000000000000000000 ) ) ;
#1680 = ORIENTED_EDGE ( 'NONE', *, *, #1609, .F. ) ;
#1681 = CARTESIAN_POINT ( 'NONE',  ( 1.024999999999999911, 0.6250000000000000000, 0.5000000000000000000 ) ) ;
#1682 = DIRECTION ( 'NONE',  ( -0.08715574274765777729, -0.9961946980917456562, -0.000000000000000000 ) ) ;
#1683 = ORIENTED_EDGE ( 'NONE', *, *, #1736, .T. ) ;
#1684 = PLANE ( 'NONE',  #1003 ) ;
#1685 = UNCERTAINTY_MEASURE_WITH_UNIT (LENGTH_MEASURE( 1.000000000000000082E-05 ), #903, 'distance_accuracy_value', 'NONE');
#1686 = DIRECTION ( 'NONE',  ( 0.000000000000000000, -0.000000000000000000, -1.000000000000000000 ) ) ;
#1687 = VERTEX_POINT ( 'NONE', #839 ) ;
#1688 = CARTESIAN_POINT ( 'NONE',  ( -0.8749999999999998890, 0.7500000000000000000, 0.6750000000000000444 ) ) ;
#1689 = ORIENTED_EDGE ( 'NONE', *, *, #1881, .F. ) ;
#1690 = EDGE_CURVE ( 'NONE', #1334, #719, #207, .T. ) ;
#1691 = ORIENTED_EDGE ( 'NONE', *, *, #282, .T. ) ;
#1692 = CLOSED_SHELL ( 'NONE', ( #1800, #899, #532, #12, #1744, #884, #812, #542, #334, #1285, #1397, #656, #343, #687, #1180, #1162, #834, #55, #489 ) ) ;
#1693 = DIRECTION ( 'NONE',  ( -0.000000000000000000, -0.000000000000000000, -1.000000000000000000 ) ) ;
#1694 = AXIS2_PLACEMENT_3D ( 'NONE', #1149, #4, #1337 ) ;
#1695 = DIRECTION ( 'NONE',  ( 8.910515885848803817E-17, -0.000000000000000000, 1.000000000000000000 ) ) ;
#1696 = ORIENTED_EDGE ( 'NONE', *, *, #1232, .F. ) ;
#1697 = VECTOR ( 'NONE', #1613, 999.9999999999998863 ) ;
#1698 = DIRECTION ( 'NONE',  ( -1.000000000000000000, 0.000000000000000000, 0.000000000000000000 ) ) ;
#1699 = CIRCLE ( 'NONE', #1568, 0.1250000000000000000 ) ;
#1700 = DIRECTION ( 'NONE',  ( -1.000000000000000000, 0.000000000000000000, 0.000000000000000000 ) ) ;
#1701 = VECTOR ( 'NONE', #652, 1000.000000000000000 ) ;
#1702 = ORIENTED_EDGE ( 'NONE', *, *, #1498, .F. ) ;
#1703 = DIRECTION ( 'NONE',  ( 0.000000000000000000, -0.000000000000000000, -1.000000000000000000 ) ) ;
#1704 = ORIENTED_EDGE ( 'NONE', *, *, #530, .F. ) ;
#1705 = DIRECTION ( 'NONE',  ( 0.000000000000000000, -1.000000000000000000, 0.000000000000000000 ) ) ;
#1706 = ORIENTED_EDGE ( 'NONE', *, *, #309, .T. ) ;
#1707 = DIRECTION ( 'NONE',  ( -1.000000000000000000, 0.000000000000000000, 0.000000000000000000 ) ) ;
#1708 = EDGE_CURVE ( 'NONE', #90, #1849, #968, .T. ) ;
#1709 = CARTESIAN_POINT ( 'NONE',  ( -0.8999999999999999112, 0.6250000000000000000, 0.5000000000000000000 ) ) ;
#1710 = LINE ( 'NONE', #236, #429 ) ;
#1711 = VERTEX_POINT ( 'NONE', #1415 ) ;
#1712 = FACE_OUTER_BOUND ( 'NONE', #1384, .T. ) ;
#1713 = ORIENTED_EDGE ( 'NONE', *, *, #65, .T. ) ;
#1714 = FILL_AREA_STYLE ('',( #522 ) ) ;
#1715 = DIRECTION ( 'NONE',  ( 3.614007241618361097E-16, -1.000000000000000000, -0.000000000000000000 ) ) ;
#1716 = ADVANCED_FACE ( 'NONE', ( #1867 ), #504, .F. ) ;
#1717 = VERTEX_POINT ( 'NONE', #533 ) ;
#1718 = DIRECTION ( 'NONE',  ( 0.000000000000000000, 0.000000000000000000, 1.000000000000000000 ) ) ;
#1719 = ADVANCED_FACE ( 'NONE', ( #1096 ), #1425, .F. ) ;
#1720 = EDGE_CURVE ( 'NONE', #1859, #11, #1245, .T. ) ;
#1721 = CARTESIAN_POINT ( 'NONE',  ( -0.9000000000000000222, 5.421010862427522170E-17, 0.5000000000000000000 ) ) ;
#1722 = EDGE_LOOP ( 'NONE', ( #1702, #57, #663, #1428 ) ) ;
#1723 = DIRECTION ( 'NONE',  ( 0.000000000000000000, -0.000000000000000000, -1.000000000000000000 ) ) ;
#1724 = ORIENTED_EDGE ( 'NONE', *, *, #1174, .T. ) ;
#1725 = CYLINDRICAL_SURFACE ( 'NONE', #856, 0.1250000000000000000 ) ;
#1726 = DIRECTION ( 'NONE',  ( 0.000000000000000000, 0.000000000000000000, 1.000000000000000000 ) ) ;
#1727 = CARTESIAN_POINT ( 'NONE',  ( -0.5772739302539690032, 1.500000000000000000, -0.6083835023555569377 ) ) ;
#1728 = EDGE_CURVE ( 'NONE', #186, #1409, #1392, .T. ) ;
#1729 = PLANE ( 'NONE',  #1007 ) ;
#1730 = VECTOR ( 'NONE', #94, 1000.000000000000000 ) ;
#1731 = VECTOR ( 'NONE', #1433, 1000.000000000000000 ) ;
#1732 = DIRECTION ( 'NONE',  ( 0.000000000000000000, 0.000000000000000000, 1.000000000000000000 ) ) ;
#1733 = CARTESIAN_POINT ( 'NONE',  ( 0.8749999999999998890, 0.7500000000000000000, -0.5000000000000000000 ) ) ;
#1734 = VECTOR ( 'NONE', #84, 1000.000000000000000 ) ;
#1735 = ORIENTED_EDGE ( 'NONE', *, *, #267, .F. ) ;
#1736 = EDGE_CURVE ( 'NONE', #1265, #875, #366, .T. ) ;
#1737 = AXIS2_PLACEMENT_3D ( 'NONE', #1598, #547, #96 ) ;
#1738 = LINE ( 'NONE', #416, #298 ) ;
#1739 = VERTEX_POINT ( 'NONE', #1213 ) ;
#1740 = EDGE_CURVE ( 'NONE', #1717, #562, #154, .T. ) ;
#1741 = DIRECTION ( 'NONE',  ( 0.08715574274765837404, 0.9961946980917455452, 0.000000000000000000 ) ) ;
#1742 = CARTESIAN_POINT ( 'NONE',  ( -0.8093835023555567831, 1.500000000000000000, 0.6093835023555569386 ) ) ;
#1743 = DIRECTION ( 'NONE',  ( 0.000000000000000000, 0.000000000000000000, 1.000000000000000000 ) ) ;
#1744 = ADVANCED_FACE ( 'NONE', ( #333, #63 ), #1369, .T. ) ;
#1745 = CARTESIAN_POINT ( 'NONE',  ( -0.8999999999999999112, 0.6250000000000000000, -0.5000000000000000000 ) ) ;
#1746 = DIRECTION ( 'NONE',  ( -0.9961946980917456562, -0.08715574274765777729, 0.000000000000000000 ) ) ;
#1747 = ORIENTED_EDGE ( 'NONE', *, *, #1728, .T. ) ;
#1748 = FACE_OUTER_BOUND ( 'NONE', #475, .T. ) ;
#1749 = EDGE_CURVE ( 'NONE', #934, #1615, #1075, .T. ) ;
#1750 = VERTEX_POINT ( 'NONE', #1848 ) ;
#1751 = DIRECTION ( 'NONE',  ( 0.000000000000000000, -0.08715574274765837404, 0.9961946980917455452 ) ) ;
#1752 = LINE ( 'NONE', #290, #1480 ) ;
#1753 = FACE_OUTER_BOUND ( 'NONE', #1813, .T. ) ;
#1754 = EDGE_LOOP ( 'NONE', ( #1880, #1211, #1200, #287 ) ) ;
#1755 = CARTESIAN_POINT ( 'NONE',  ( 0.9000000000000000222, 0.1250000000000000555, 0.5000000000000000000 ) ) ;
#1756 = CARTESIAN_POINT ( 'NONE',  ( 1.024999999999999911, 0.5250000000000000222, 0.2500000000000000000 ) ) ;
#1757 = CARTESIAN_POINT ( 'NONE',  ( -0.8999999999999999112, 0.6250000000000000000, 0.5000000000000000000 ) ) ;
#1758 = EDGE_CURVE ( 'NONE', #1294, #1849, #191, .T. ) ;
#1759 = DIRECTION ( 'NONE',  ( 0.000000000000000000, -0.000000000000000000, -1.000000000000000000 ) ) ;
#1760 = EDGE_CURVE ( 'NONE', #278, #1402, #1118, .T. ) ;
#1761 = ORIENTED_EDGE ( 'NONE', *, *, #846, .F. ) ;
#1762 = FACE_OUTER_BOUND ( 'NONE', #1102, .T. ) ;
#1763 = DIRECTION ( 'NONE',  ( 1.000000000000000000, 0.000000000000000000, 0.000000000000000000 ) ) ;
#1764 = PLANE ( 'NONE',  #545 ) ;
#1765 = DIRECTION ( 'NONE',  ( 0.000000000000000000, 0.9961946980917455452, -0.08715574274765837404 ) ) ;
#1766 = EDGE_LOOP ( 'NONE', ( #316, #1242, #1505, #92 ) ) ;
#1767 = CARTESIAN_POINT ( 'NONE',  ( -0.8083835023555567822, 0.2114792783038975943, -0.6083835023555569377 ) ) ;
#1768 = FILL_AREA_STYLE_COLOUR ( '', #1042 ) ;
#1769 = VECTOR ( 'NONE', #111, 1000.000000000000000 ) ;
#1770 = ORIENTED_EDGE ( 'NONE', *, *, #1570, .F. ) ;
#1771 = VECTOR ( 'NONE', #1871, 1000.000000000000000 ) ;
#1772 = DIRECTION ( 'NONE',  ( -1.000000000000000000, 0.000000000000000000, 0.000000000000000000 ) ) ;
#1773 = VECTOR ( 'NONE', #1057, 1000.000000000000000 ) ;
#1774 = VECTOR ( 'NONE', #116, 1000.000000000000000 ) ;
#1775 = FACE_OUTER_BOUND ( 'NONE', #126, .T. ) ;
#1776 = DIRECTION ( 'NONE',  ( 0.000000000000000000, 1.000000000000000000, 0.000000000000000000 ) ) ;
#1777 = ORIENTED_EDGE ( 'NONE', *, *, #1217, .F. ) ;
#1778 = PLANE ( 'NONE',  #324 ) ;
#1779 = DIRECTION ( 'NONE',  ( -1.000000000000000000, 0.000000000000000000, 0.000000000000000000 ) ) ;
#1780 = ORIENTED_EDGE ( 'NONE', *, *, #466, .F. ) ;
#1781 = ORIENTED_EDGE ( 'NONE', *, *, #1860, .F. ) ;
#1782 = DIRECTION ( 'NONE',  ( 2.168404344971008868E-16, -1.000000000000000000, 0.000000000000000000 ) ) ;
#1783 = DIRECTION ( 'NONE',  ( 0.000000000000000000, -0.000000000000000000, 1.000000000000000000 ) ) ;
#1784 = EDGE_CURVE ( 'NONE', #538, #1750, #1908, .T. ) ;
#1785 = LINE ( 'NONE', #1333, #1005 ) ;
#1786 = ORIENTED_EDGE ( 'NONE', *, *, #267, .T. ) ;
#1787 = LINE ( 'NONE', #595, #1037 ) ;
#1788 = CARTESIAN_POINT ( 'NONE',  ( 0.8999999999999999112, 0.6250000000000000000, 0.5000000000000000000 ) ) ;
#1789 = ADVANCED_FACE ( 'NONE', ( #1407 ), #710, .T. ) ;
#1790 = ORIENTED_EDGE ( 'NONE', *, *, #773, .F. ) ;
#1791 = PLANE ( 'NONE',  #941 ) ;
#1792 = FACE_OUTER_BOUND ( 'NONE', #1014, .T. ) ;
#1793 = EDGE_CURVE ( 'NONE', #1615, #1239, #1896, .T. ) ;
#1794 = LINE ( 'NONE', #15, #1346 ) ;
#1795 = DIRECTION ( 'NONE',  ( -1.000000000000000000, 2.271727064378607731E-16, 0.000000000000000000 ) ) ;
#1796 = EDGE_CURVE ( 'NONE', #1394, #1167, #1141, .T. ) ;
#1797 = CARTESIAN_POINT ( 'NONE',  ( 1.024999999999999911, 0.6250000000000002220, -0.2500000000000000000 ) ) ;
#1798 = DIRECTION ( 'NONE',  ( -1.000000000000000000, 0.000000000000000000, 8.910515885848803817E-17 ) ) ;
#1799 = LINE ( 'NONE', #1602, #1538 ) ;
#1800 = ADVANCED_FACE ( 'NONE', ( #1427 ), #244, .T. ) ;
#1801 = VECTOR ( 'NONE', #1476, 1000.000000000000000 ) ;
#1802 = ORIENTED_EDGE ( 'NONE', *, *, #837, .F. ) ;
#1803 = CARTESIAN_POINT ( 'NONE',  ( -0.8750000000000001110, 0.7500000000000000000, 0.2500000000000000000 ) ) ;
#1804 = VECTOR ( 'NONE', #2, 1000.000000000000000 ) ;
#1805 = ADVANCED_FACE ( 'NONE', ( #1884 ), #817, .F. ) ;
#1806 = VECTOR ( 'NONE', #37, 1000.000000000000000 ) ;
#1807 = PLANE ( 'NONE',  #1503 ) ;
#1808 = ORIENTED_EDGE ( 'NONE', *, *, #1637, .T. ) ;
#1809 = DIRECTION ( 'NONE',  ( 2.168404344971008868E-16, -1.000000000000000000, 0.000000000000000000 ) ) ;
#1810 = EDGE_CURVE ( 'NONE', #257, #476, #690, .T. ) ;
#1811 = ORIENTED_EDGE ( 'NONE', *, *, #612, .T. ) ;
#1812 = ADVANCED_FACE ( 'NONE', ( #1436 ), #558, .F. ) ;
#1813 = EDGE_LOOP ( 'NONE', ( #1790, #1396, #1851, #481 ) ) ;
#1814 = CARTESIAN_POINT ( 'NONE',  ( -0.5772739302539690032, 1.500000000000000000, -0.6083835023555569377 ) ) ;
#1815 = EDGE_CURVE ( 'NONE', #1567, #1553, #986, .T. ) ;
#1816 = ORIENTED_EDGE ( 'NONE', *, *, #226, .T. ) ;
#1817 = EDGE_CURVE ( 'NONE', #1687, #1579, #1450, .T. ) ;
#1818 = CARTESIAN_POINT ( 'NONE',  ( 0.4649999999999996914, 0.7500000000000004441, 0.6750000000000000444 ) ) ;
#1819 = EDGE_LOOP ( 'NONE', ( #35, #524, #1388, #1495 ) ) ;
#1820 = CARTESIAN_POINT ( 'NONE',  ( 0.8749999999999998890, 0.7500000000000000000, -0.5000000000000000000 ) ) ;
#1821 = ADVANCED_FACE ( 'NONE', ( #395 ), #106, .F. ) ;
#1822 = ORIENTED_EDGE ( 'NONE', *, *, #247, .F. ) ;
#1823 = EDGE_LOOP ( 'NONE', ( #667, #871, #1230, #1185 ) ) ;
#1824 = DIRECTION ( 'NONE',  ( 0.08715574274765777729, -0.9961946980917456562, -0.000000000000000000 ) ) ;
#1825 = ORIENTED_EDGE ( 'NONE', *, *, #1365, .T. ) ;
#1826 = LINE ( 'NONE', #1064, #1349 ) ;
#1827 = CARTESIAN_POINT ( 'NONE',  ( -0.9000000000000000222, 1.513916725000754090E-18, 0.5000000000000000000 ) ) ;
#1828 = STYLED_ITEM ( 'NONE', ( #1357 ), #307 ) ;
#1829 = VERTEX_POINT ( 'NONE', #1756 ) ;
#1830 = SURFACE_STYLE_FILL_AREA ( #179 ) ;
#1831 = VECTOR ( 'NONE', #273, 1000.000000000000000 ) ;
#1832 = CARTESIAN_POINT ( 'NONE',  ( 0.8999999999999999112, 0.6250000000000000000, 0.5000000000000000000 ) ) ;
#1833 = AXIS2_PLACEMENT_3D ( 'NONE', #1493, #158, #1343 ) ;
#1834 = LINE ( 'NONE', #1552, #1282 ) ;
#1835 = VERTEX_POINT ( 'NONE', #675 ) ;
#1836 = VECTOR ( 'NONE', #297, 1000.000000000000000 ) ;
#1837 = COLOUR_RGB ( '',0.7921568627450980005, 0.8196078431372548767, 0.9333333333333333481 ) ;
#1838 = EDGE_LOOP ( 'NONE', ( #949, #1143, #853, #1747, #654, #1412, #1359 ) ) ;
#1839 = DIRECTION ( 'NONE',  ( -3.484117599643908227E-16, 0.9961946980917455452, -0.08715574274765837404 ) ) ;
#1840 = ORIENTED_EDGE ( 'NONE', *, *, #1720, .F. ) ;
#1841 = LINE ( 'NONE', #514, #1191 ) ;
#1842 = ORIENTED_EDGE ( 'NONE', *, *, #798, .F. ) ;
#1843 = LINE ( 'NONE', #1431, #970 ) ;
#1844 = CARTESIAN_POINT ( 'NONE',  ( -0.8749999999999998890, 0.7499999999999993339, -0.2499999999999999445 ) ) ;
#1845 = DIRECTION ( 'NONE',  ( 0.000000000000000000, 0.000000000000000000, 1.000000000000000000 ) ) ;
#1846 = EDGE_CURVE ( 'NONE', #136, #467, #979, .T. ) ;
#1847 = CARTESIAN_POINT ( 'NONE',  ( -1.024999999999999911, 0.1250000000000000278, -0.5000000000000000000 ) ) ;
#1848 = CARTESIAN_POINT ( 'NONE',  ( 0.8999999999999999112, 0.6250000000000000000, 0.2500000000000000000 ) ) ;
#1849 = VERTEX_POINT ( 'NONE', #384 ) ;
#1850 = LINE ( 'NONE', #498, #1443 ) ;
#1851 = ORIENTED_EDGE ( 'NONE', *, *, #156, .T. ) ;
#1852 = DIRECTION ( 'NONE',  ( -1.000000000000000000, 0.000000000000000000, -0.000000000000000000 ) ) ;
#1853 = CARTESIAN_POINT ( 'NONE',  ( 0.8749999999999998890, 0.7499999999999993339, -0.2499999999999999445 ) ) ;
#1854 = EDGE_LOOP ( 'NONE', ( #1878, #1257, #86, #774, #1911, #464, #711, #1330, #422, #782 ) ) ;
#1855 = DIRECTION ( 'NONE',  ( 0.000000000000000000, -1.000000000000000000, 0.000000000000000000 ) ) ;
#1856 = DIRECTION ( 'NONE',  ( -4.037111266668676546E-18, 1.000000000000000000, 0.000000000000000000 ) ) ;
#1857 = SHAPE_DEFINITION_REPRESENTATION ( #760, #987 ) ;
#1858 = CARTESIAN_POINT ( 'NONE',  ( -0.8999999999999999112, 0.7500000000000000000, 0.5000000000000000000 ) ) ;
#1859 = VERTEX_POINT ( 'NONE', #518 ) ;
#1860 = EDGE_CURVE ( 'NONE', #808, #1739, #1710, .T. ) ;
#1861 = PRESENTATION_LAYER_ASSIGNMENT (  '', '', ( #1828 ) ) ;
#1862 = CARTESIAN_POINT ( 'NONE',  ( 0.8229442452020757637, 0.1550000000000000544, 0.6229442452020748089 ) ) ;
#1863 = ORIENTED_EDGE ( 'NONE', *, *, #1518, .F. ) ;
#1864 = VECTOR ( 'NONE', #306, 1000.000000000000000 ) ;
#1865 = VECTOR ( 'NONE', #439, 1000.000000000000000 ) ;
#1866 = VECTOR ( 'NONE', #1447, 1000.000000000000000 ) ;
#1867 = FACE_OUTER_BOUND ( 'NONE', #1414, .T. ) ;
#1868 = VECTOR ( 'NONE', #487, 1000.000000000000000 ) ;
#1869 = ORIENTED_EDGE ( 'NONE', *, *, #1112, .T. ) ;
#1870 = PRESENTATION_LAYER_ASSIGNMENT (  '', '', ( #511 ) ) ;
#1871 = DIRECTION ( 'NONE',  ( -0.000000000000000000, 1.000000000000000000, -0.000000000000000000 ) ) ;
#1872 = VERTEX_POINT ( 'NONE', #960 ) ;
#1873 = ADVANCED_FACE ( 'NONE', ( #1555 ), #1264, .F. ) ;
#1874 = CARTESIAN_POINT ( 'NONE',  ( 1.024999999999999911, 0.6250000000000000000, 0.2500000000000000000 ) ) ;
#1875 = DIRECTION ( 'NONE',  ( 0.000000000000000000, -1.000000000000000000, -0.000000000000000000 ) ) ;
#1876 = ORIENTED_EDGE ( 'NONE', *, *, #1846, .F. ) ;
#1877 = DIRECTION ( 'NONE',  ( 0.000000000000000000, -0.9961946980917455452, 0.08715574274765837404 ) ) ;
#1878 = ORIENTED_EDGE ( 'NONE', *, *, #82, .T. ) ;
#1879 = LINE ( 'NONE', #1150, #1163 ) ;
#1880 = ORIENTED_EDGE ( 'NONE', *, *, #451, .T. ) ;
#1881 = EDGE_CURVE ( 'NONE', #13, #1404, #684, .T. ) ;
#1882 = CARTESIAN_POINT ( 'NONE',  ( 0.8750000000000001110, 0.5250000000000005773, 0.2500000000000000000 ) ) ;
#1883 = DIRECTION ( 'NONE',  ( -0.08682659386424777803, 0.9924325091389669673, 0.08682659386424777803 ) ) ;
#1884 = FACE_OUTER_BOUND ( 'NONE', #386, .T. ) ;
#1885 = EDGE_CURVE ( 'NONE', #1394, #851, #1314, .T. ) ;
#1886 = ORIENTED_EDGE ( 'NONE', *, *, #151, .F. ) ;
#1887 = LINE ( 'NONE', #1283, #859 ) ;
#1888 = ORIENTED_EDGE ( 'NONE', *, *, #5, .T. ) ;
#1889 = CARTESIAN_POINT ( 'NONE',  ( -0.8749999999999998890, 0.7500000000000000000, 0.6750000000000000444 ) ) ;
#1890 = CARTESIAN_POINT ( 'NONE',  ( -0.8083835023555567822, 1.500000000000000000, -0.6083835023555569377 ) ) ;
#1891 = PLANE ( 'NONE',  #607 ) ;
#1892 = AXIS2_PLACEMENT_3D ( 'NONE', #379, #1468, #1183 ) ;
#1893 = AXIS2_PLACEMENT_3D ( 'NONE', #1612, #878, #1765 ) ;
#1894 = DIRECTION ( 'NONE',  ( -1.000000000000000000, 0.000000000000000000, 0.000000000000000000 ) ) ;
#1895 = EDGE_CURVE ( 'NONE', #538, #579, #295, .T. ) ;
#1896 = LINE ( 'NONE', #1721, #1483 ) ;
#1897 = VECTOR ( 'NONE', #677, 999.9999999999998863 ) ;
#1898 = VECTOR ( 'NONE', #1693, 1000.000000000000000 ) ;
#1899 = CARTESIAN_POINT ( 'NONE',  ( 0.8750000000000001110, 0.7500000000000000000, 0.2500000000000000000 ) ) ;
#1900 = ORIENTED_EDGE ( 'NONE', *, *, #1031, .T. ) ;
#1901 = AXIS2_PLACEMENT_3D ( 'NONE', #526, #829, #89 ) ;
#1902 = CARTESIAN_POINT ( 'NONE',  ( 0.9000000000000000222, 0.5250000000000000222, 0.2500000000000000000 ) ) ;
#1903 = CARTESIAN_POINT ( 'NONE',  ( -0.8999999999999999112, 0.6250000000000000000, 0.5000000000000000000 ) ) ;
#1904 = FACE_OUTER_BOUND ( 'NONE', #1111, .T. ) ;
#1905 = FACE_OUTER_BOUND ( 'NONE', #1523, .T. ) ;
#1906 = FACE_OUTER_BOUND ( 'NONE', #1356, .T. ) ;
#1907 = EDGE_CURVE ( 'NONE', #521, #510, #3, .T. ) ;
#1908 = LINE ( 'NONE', #1280, #1670 ) ;
#1909 = ORIENTED_EDGE ( 'NONE', *, *, #1740, .F. ) ;
#1910 = LINE ( 'NONE', #1110, #1734 ) ;
#1911 = ORIENTED_EDGE ( 'NONE', *, *, #1326, .T. ) ;
#1912 = DIRECTION ( 'NONE',  ( -0.9961946980917455452, -0.08715574274765837404, 0.000000000000000000 ) ) ;
#1913 = LINE ( 'NONE', #563, #672 ) ;
#1914 = DIRECTION ( 'NONE',  ( 0.000000000000000000, 0.000000000000000000, 1.000000000000000000 ) ) ;
#1915 = ORIENTED_EDGE ( 'NONE', *, *, #339, .T. ) ;
#1916 = CARTESIAN_POINT ( 'NONE',  ( -0.4649999999999998579, 0.1549999999999999711, -0.6750000000000000444 ) ) ;
#1917 = CARTESIAN_POINT ( 'NONE',  ( -0.8640639170592594454, 0.6250000000000000000, 0.5000000000000000000 ) ) ;
#1918 = EDGE_LOOP ( 'NONE', ( #1222, #789, #890, #1512 ) ) ;
#1919 = CARTESIAN_POINT ( 'NONE',  ( 0.8749999999999998890, 0.7500000000000000000, 0.6750000000000000444 ) ) ;
#1920 = FILL_AREA_STYLE ('',( #715 ) ) ;
#1921 = EDGE_CURVE ( 'NONE', #1516, #1252, #1648, .T. ) ;
#1922 = FACE_OUTER_BOUND ( 'NONE', #150, .T. ) ;
#1923 = ORIENTED_EDGE ( 'NONE', *, *, #628, .T. ) ;
#1924 = FACE_OUTER_BOUND ( 'NONE', #349, .T. ) ;
#1925 = ORIENTED_EDGE ( 'NONE', *, *, #221, .F. ) ;
#1926 = VECTOR ( 'NONE', #212, 1000.000000000000000 ) ;
#1927 = VECTOR ( 'NONE', #291, 1000.000000000000114 ) ;
#1928 = ORIENTED_EDGE ( 'NONE', *, *, #1817, .F. ) ;
#1929 = PRESENTATION_STYLE_ASSIGNMENT (( #454 ) ) ;
#1930 = VECTOR ( 'NONE', #1244, 1000.000000000000000 ) ;
#1931 = LINE ( 'NONE', #1173, #139 ) ;
#1932 = EDGE_CURVE ( 'NONE', #1317, #1567, #567, .T. ) ;
#1933 = VECTOR ( 'NONE', #1358, 1000.000000000000000 ) ;
#1934 = CARTESIAN_POINT ( 'NONE',  ( 0.9000000000000000222, 5.421010862427522170E-17, 0.5000000000000000000 ) ) ;
#1935 = EDGE_CURVE ( 'NONE', #1674, #376, #460, .T. ) ;
#1936 = LINE ( 'NONE', #572, #1866 ) ;
#1937 = EDGE_CURVE ( 'NONE', #579, #712, #1462, .T. ) ;
ENDSEC;
END-ISO-10303-21;
