ISO-10303-21;
HEADER;
FILE_DESCRIPTION (( 'STEP AP214' ),
    '1' );
FILE_NAME ('SiT1602BI-83-33E-30.000000.STEP',
    '2025-10-06T09:56:16',
    ( '' ),
    ( '' ),
    'SwSTEP 2.0',
    'SolidWorks 2023',
    '' );
FILE_SCHEMA (( 'AUTOMOTIVE_DESIGN' ));
ENDSEC;

DATA;
#1 = AXIS2_PLACEMENT_3D ( 'NONE', #4162, #2606, #1970 ) ;
#2 = FILL_AREA_STYLE_COLOUR ( '', #983 ) ;
#3 = VERTEX_POINT ( 'NONE', #2898 ) ;
#4 = EDGE_LOOP ( 'NONE', ( #3594, #288, #863, #1530 ) ) ;
#5 = DIRECTION ( 'NONE',  ( 0.000000000000000000, 0.000000000000000000, -1.000000000000000000 ) ) ;
#6 = DIRECTION ( 'NONE',  ( 0.000000000000000000, 0.000000000000000000, 1.000000000000000000 ) ) ;
#7 = STYLED_ITEM ( 'NONE', ( #639 ), #3120 ) ;
#8 = CARTESIAN_POINT ( 'NONE',  ( -2.324999999999999734, -1.915000000000000036, 0.1200000000000000094 ) ) ;
#9 = CARTESIAN_POINT ( 'NONE',  ( 2.324999999999999734, -3.165000000000000036, 0.1200000000000000094 ) ) ;
#10 = EDGE_LOOP ( 'NONE', ( #3815, #2929, #2961, #3162 ) ) ;
#11 = VERTEX_POINT ( 'NONE', #3842 ) ;
#12 =( NAMED_UNIT ( * ) PLANE_ANGLE_UNIT ( ) SI_UNIT ( $, .RADIAN. ) );
#13 = EDGE_CURVE ( 'NONE', #2303, #1963, #868, .T. ) ;
#14 = CARTESIAN_POINT ( 'NONE',  ( -2.000000000000000000, -3.239999999999999769, 0.1200000000000000094 ) ) ;
#15 = ADVANCED_FACE ( 'NONE', ( #3480 ), #485, .T. ) ;
#16 = DIRECTION ( 'NONE',  ( 0.000000000000000000, 0.000000000000000000, -1.000000000000000000 ) ) ;
#17 =( GEOMETRIC_REPRESENTATION_CONTEXT ( 3 ) GLOBAL_UNCERTAINTY_ASSIGNED_CONTEXT ( ( #2603 ) ) GLOBAL_UNIT_ASSIGNED_CONTEXT ( ( #3068, #3666, #2640 ) ) REPRESENTATION_CONTEXT ( 'NONE', 'WORKASPACE' ) );
#18 = CARTESIAN_POINT ( 'NONE',  ( 1.949999999999999956, -2.949999999999999734, 1.050000000000000044 ) ) ;
#19 = PRESENTATION_STYLE_ASSIGNMENT (( #3988 ) ) ;
#20 = AXIS2_PLACEMENT_3D ( 'NONE', #3509, #3234, #3887 ) ;
#21 = FILL_AREA_STYLE ('',( #1712 ) ) ;
#22 = FILL_AREA_STYLE_COLOUR ( '', #1852 ) ;
#23 = DIRECTION ( 'NONE',  ( 1.000000000000000000, 1.334402673828316002E-15, 0.000000000000000000 ) ) ;
#24 = DIRECTION ( 'NONE',  ( -1.000000000000000000, 0.000000000000000000, 0.000000000000000000 ) ) ;
#25 = AXIS2_PLACEMENT_3D ( 'NONE', #1128, #1478, #785 ) ;
#26 = VERTEX_POINT ( 'NONE', #560 ) ;
#27 = VERTEX_POINT ( 'NONE', #1175 ) ;
#28 = CARTESIAN_POINT ( 'NONE',  ( 2.324999999999999734, -3.165000000000000036, 0.000000000000000000 ) ) ;
#29 = PRESENTATION_STYLE_ASSIGNMENT (( #2748 ) ) ;
#30 = MECHANICAL_DESIGN_GEOMETRIC_PRESENTATION_REPRESENTATION (  '', ( #522 ), #2068 ) ;
#31 = FACE_OUTER_BOUND ( 'NONE', #1091, .T. ) ;
#32 = EDGE_LOOP ( 'NONE', ( #1567, #1293 ) ) ;
#33 = STYLED_ITEM ( 'NONE', ( #2193 ), #1699 ) ;
#34 = EDGE_CURVE ( 'NONE', #3600, #3040, #888, .T. ) ;
#35 = FILL_AREA_STYLE_COLOUR ( '', #3194 ) ;
#36 = DIRECTION ( 'NONE',  ( -1.000000000000000000, 0.000000000000000000, 0.000000000000000000 ) ) ;
#37 = ADVANCED_FACE ( 'NONE', ( #197 ), #3883, .T. ) ;
#38 = CARTESIAN_POINT ( 'NONE',  ( 2.399999999999999911, -1.915000000000000036, 0.000000000000000000 ) ) ;
#39 = LINE ( 'NONE', #621, #593 ) ;
#40 = FACE_OUTER_BOUND ( 'NONE', #265, .T. ) ;
#41 = VECTOR ( 'NONE', #3984, 1000.000000000000000 ) ;
#42 = LINE ( 'NONE', #1945, #1869 ) ;
#43 = ORIENTED_EDGE ( 'NONE', *, *, #1777, .F. ) ;
#44 = ORIENTED_EDGE ( 'NONE', *, *, #2925, .F. ) ;
#45 = VECTOR ( 'NONE', #3378, 1000.000000000000000 ) ;
#46 = SURFACE_SIDE_STYLE ('',( #3096 ) ) ;
#47 = CARTESIAN_POINT ( 'NONE',  ( -2.324999999999999734, -1.915000000000000036, 0.000000000000000000 ) ) ;
#48 = VERTEX_POINT ( 'NONE', #1628 ) ;
#49 =( LENGTH_UNIT ( ) NAMED_UNIT ( * ) SI_UNIT ( .MILLI., .METRE. ) );
#50 = LINE ( 'NONE', #4158, #1769 ) ;
#51 = SURFACE_STYLE_USAGE ( .BOTH. , #3382 ) ;
#52 =( GEOMETRIC_REPRESENTATION_CONTEXT ( 3 ) GLOBAL_UNCERTAINTY_ASSIGNED_CONTEXT ( ( #809 ) ) GLOBAL_UNIT_ASSIGNED_CONTEXT ( ( #104, #1445, #1123 ) ) REPRESENTATION_CONTEXT ( 'NONE', 'WORKASPACE' ) );
#53 = CARTESIAN_POINT ( 'NONE',  ( 1.949999999999999956, -2.949999999999999734, 1.050000000000000044 ) ) ;
#54 = SURFACE_STYLE_FILL_AREA ( #1424 ) ;
#55 = AXIS2_PLACEMENT_3D ( 'NONE', #1019, #4283, #667 ) ;
#56 = SURFACE_STYLE_FILL_AREA ( #122 ) ;
#57 = DIRECTION ( 'NONE',  ( 1.000000000000000000, 0.000000000000000000, 0.000000000000000000 ) ) ;
#58 = EDGE_CURVE ( 'NONE', #1897, #2551, #3616, .T. ) ;
#59 = PRESENTATION_LAYER_ASSIGNMENT (  '', '', ( #910 ) ) ;
#60 = CARTESIAN_POINT ( 'NONE',  ( 2.000000000000000000, 2.540000000000000036, 0.1200000000000000094 ) ) ;
#61 = CARTESIAN_POINT ( 'NONE',  ( -2.500000000000000000, 3.449999999999999734, 0.06999999999999999278 ) ) ;
#62 = COLOUR_RGB ( '',0.2862745098039215508, 0.2862745098039215508, 0.2862745098039215508 ) ;
#63 = DIRECTION ( 'NONE',  ( -1.000000000000000000, -6.672013369141570147E-16, 0.000000000000000000 ) ) ;
#64 = PRESENTATION_STYLE_ASSIGNMENT (( #4033 ) ) ;
#65 =( LENGTH_UNIT ( ) NAMED_UNIT ( * ) SI_UNIT ( .MILLI., .METRE. ) );
#66 = ORIENTED_EDGE ( 'NONE', *, *, #557, .F. ) ;
#67 = VERTEX_POINT ( 'NONE', #3591 ) ;
#68 = DIRECTION ( 'NONE',  ( -1.000000000000000000, 0.000000000000000000, 0.000000000000000000 ) ) ;
#69 = EDGE_LOOP ( 'NONE', ( #1060, #2207, #770, #999 ) ) ;
#70 = CARTESIAN_POINT ( 'NONE',  ( 2.324999999999999734, 1.915000000000000036, 0.1200000000000000094 ) ) ;
#71 = DIRECTION ( 'NONE',  ( 0.000000000000000000, 0.000000000000000000, 1.000000000000000000 ) ) ;
#72 =( LENGTH_UNIT ( ) NAMED_UNIT ( * ) SI_UNIT ( .MILLI., .METRE. ) );
#73 = STYLED_ITEM ( 'NONE', ( #703 ), #3455 ) ;
#74 = FACE_OUTER_BOUND ( 'NONE', #1690, .T. ) ;
#75 = PRODUCT_DEFINITION_FORMATION_WITH_SPECIFIED_SOURCE ( 'ANY', '', #2504, .NOT_KNOWN. ) ;
#76 = SURFACE_STYLE_USAGE ( .BOTH. , #1403 ) ;
#77 = CIRCLE ( 'NONE', #3843, 0.07499999999999998335 ) ;
#78 = PRESENTATION_STYLE_ASSIGNMENT (( #523 ) ) ;
#79 = CARTESIAN_POINT ( 'NONE',  ( 2.399999999999999911, -1.915000000000000036, 0.02000000000000000042 ) ) ;
#80 = AXIS2_PLACEMENT_3D ( 'NONE', #2170, #3771, #429 ) ;
#81 =( NAMED_UNIT ( * ) PLANE_ANGLE_UNIT ( ) SI_UNIT ( $, .RADIAN. ) );
#82 = VECTOR ( 'NONE', #2435, 1000.000000000000000 ) ;
#83 = FACE_OUTER_BOUND ( 'NONE', #1006, .T. ) ;
#84 = DIRECTION ( 'NONE',  ( 0.000000000000000000, 0.000000000000000000, -1.000000000000000000 ) ) ;
#85 = AXIS2_PLACEMENT_3D ( 'NONE', #1319, #188, #4324 ) ;
#86 = EDGE_CURVE ( 'NONE', #3948, #3500, #4266, .T. ) ;
#87 = MECHANICAL_DESIGN_GEOMETRIC_PRESENTATION_REPRESENTATION (  '', ( #3852 ), #1837 ) ;
#88 = CYLINDRICAL_SURFACE ( 'NONE', #4123, 0.07499999999999998335 ) ;
#89 = ADVANCED_FACE ( 'NONE', ( #3909 ), #3277, .T. ) ;
#90 = VECTOR ( 'NONE', #2356, 1000.000000000000000 ) ;
#91 = SURFACE_STYLE_FILL_AREA ( #3727 ) ;
#92 = ORIENTED_EDGE ( 'NONE', *, *, #3541, .F. ) ;
#93 = ORIENTED_EDGE ( 'NONE', *, *, #2236, .T. ) ;
#94 = EDGE_CURVE ( 'NONE', #1117, #1325, #1637, .T. ) ;
#95 = STYLED_ITEM ( 'NONE', ( #1798 ), #2425 ) ;
#96 = SURFACE_SIDE_STYLE ('',( #2811 ) ) ;
#97 = DIRECTION ( 'NONE',  ( 1.000000000000000000, 0.000000000000000000, 0.000000000000000000 ) ) ;
#98 = EDGE_LOOP ( 'NONE', ( #1171, #3729, #3734 ) ) ;
#99 = DIRECTION ( 'NONE',  ( -1.000000000000000000, 8.673617379884029309E-17, 0.000000000000000000 ) ) ;
#100 = PRESENTATION_LAYER_ASSIGNMENT (  '', '', ( #522 ) ) ;
#101 = UNCERTAINTY_MEASURE_WITH_UNIT (LENGTH_MEASURE( 1.000000000000000082E-05 ), #3861, 'distance_accuracy_value', 'NONE');
#102 = DIRECTION ( 'NONE',  ( 1.000000000000000000, 8.673617379884011806E-15, 0.000000000000000000 ) ) ;
#103 = MECHANICAL_DESIGN_GEOMETRIC_PRESENTATION_REPRESENTATION (  '', ( #4150 ), #2145 ) ;
#104 =( LENGTH_UNIT ( ) NAMED_UNIT ( * ) SI_UNIT ( .MILLI., .METRE. ) );
#105 = CARTESIAN_POINT ( 'NONE',  ( 1.949999999999999956, -2.949999999999999734, 1.050000000000000044 ) ) ;
#106 = DIRECTION ( 'NONE',  ( 0.000000000000000000, 0.000000000000000000, -1.000000000000000000 ) ) ;
#107 = FILL_AREA_STYLE_COLOUR ( '', #3161 ) ;
#108 =( LENGTH_UNIT ( ) NAMED_UNIT ( * ) SI_UNIT ( .MILLI., .METRE. ) );
#109 = VERTEX_POINT ( 'NONE', #3556 ) ;
#110 =( GEOMETRIC_REPRESENTATION_CONTEXT ( 3 ) GLOBAL_UNCERTAINTY_ASSIGNED_CONTEXT ( ( #212 ) ) GLOBAL_UNIT_ASSIGNED_CONTEXT ( ( #989, #3889, #4247 ) ) REPRESENTATION_CONTEXT ( 'NONE', 'WORKASPACE' ) );
#111 = CARTESIAN_POINT ( 'NONE',  ( 1.300000000000000044, 2.540000000000000036, 0.000000000000000000 ) ) ;
#112 = AXIS2_PLACEMENT_3D ( 'NONE', #687, #2023, #4096 ) ;
#113 = FILL_AREA_STYLE_COLOUR ( '', #3505 ) ;
#114 = FILL_AREA_STYLE_COLOUR ( '', #2206 ) ;
#115 = EDGE_CURVE ( 'NONE', #3, #1021, #2980, .T. ) ;
#116 = ORIENTED_EDGE ( 'NONE', *, *, #717, .T. ) ;
#117 = AXIS2_PLACEMENT_3D ( 'NONE', #329, #3906, #954 ) ;
#118 = SURFACE_STYLE_FILL_AREA ( #160 ) ;
#119 =( NAMED_UNIT ( * ) PLANE_ANGLE_UNIT ( ) SI_UNIT ( $, .RADIAN. ) );
#120 = PLANE ( 'NONE',  #1191 ) ;
#121 = CARTESIAN_POINT ( 'NONE',  ( 2.000000000000000000, 2.540000000000000036, 0.000000000000000000 ) ) ;
#122 = FILL_AREA_STYLE ('',( #1426 ) ) ;
#123 = DIRECTION ( 'NONE',  ( 1.000000000000000000, 0.000000000000000000, 0.000000000000000000 ) ) ;
#124 = DIRECTION ( 'NONE',  ( 1.000000000000000000, -1.334402673828316002E-15, 0.000000000000000000 ) ) ;
#125 = DIRECTION ( 'NONE',  ( 0.000000000000000000, 0.000000000000000000, -1.000000000000000000 ) ) ;
#126 = SURFACE_STYLE_USAGE ( .BOTH. , #1085 ) ;
#127 = SURFACE_SIDE_STYLE ('',( #3453 ) ) ;
#128 =( NAMED_UNIT ( * ) PLANE_ANGLE_UNIT ( ) SI_UNIT ( $, .RADIAN. ) );
#129 = UNCERTAINTY_MEASURE_WITH_UNIT (LENGTH_MEASURE( 1.000000000000000082E-05 ), #300, 'distance_accuracy_value', 'NONE');
#130 = PRESENTATION_LAYER_ASSIGNMENT (  '', '', ( #4105 ) ) ;
#131 = DIRECTION ( 'NONE',  ( 1.000000000000000000, 0.000000000000000000, 0.000000000000000000 ) ) ;
#132 = DIRECTION ( 'NONE',  ( 0.000000000000000000, 0.000000000000000000, -1.000000000000000000 ) ) ;
#133 = MECHANICAL_DESIGN_GEOMETRIC_PRESENTATION_REPRESENTATION (  '', ( #1957 ), #1746 ) ;
#134 = VERTEX_POINT ( 'NONE', #1589 ) ;
#135 = PRESENTATION_STYLE_ASSIGNMENT (( #3181 ) ) ;
#136 = CIRCLE ( 'NONE', #1342, 0.04999999999999999584 ) ;
#137 = DIRECTION ( 'NONE',  ( 0.000000000000000000, 0.000000000000000000, -1.000000000000000000 ) ) ;
#138 = EDGE_LOOP ( 'NONE', ( #2305, #642, #4204, #1070 ) ) ;
#139 = FACE_OUTER_BOUND ( 'NONE', #2048, .T. ) ;
#140 = EDGE_CURVE ( 'NONE', #861, #678, #252, .T. ) ;
#141 =( NAMED_UNIT ( * ) PLANE_ANGLE_UNIT ( ) SI_UNIT ( $, .RADIAN. ) );
#142 = UNCERTAINTY_MEASURE_WITH_UNIT (LENGTH_MEASURE( 1.000000000000000082E-05 ), #3584, 'distance_accuracy_value', 'NONE');
#143 = EDGE_CURVE ( 'NONE', #27, #976, #990, .T. ) ;
#144 = FACE_OUTER_BOUND ( 'NONE', #1743, .T. ) ;
#145 = SURFACE_SIDE_STYLE ('',( #474 ) ) ;
#146 = LINE ( 'NONE', #1496, #1433 ) ;
#147 = VECTOR ( 'NONE', #2627, 1000.000000000000000 ) ;
#148 = CARTESIAN_POINT ( 'NONE',  ( -2.449999999999999734, 3.500000000000000000, 0.06999999999999999278 ) ) ;
#149 = DIRECTION ( 'NONE',  ( -1.000000000000000000, 8.673617379884029309E-17, 0.000000000000000000 ) ) ;
#150 = LINE ( 'NONE', #1132, #1353 ) ;
#151 = CARTESIAN_POINT ( 'NONE',  ( 2.324999999999999734, -1.840000000000000080, 0.1200000000000000094 ) ) ;
#152 = CARTESIAN_POINT ( 'NONE',  ( 2.500000000000000000, -3.449999999999999734, 1.050000000000000044 ) ) ;
#153 = PRESENTATION_LAYER_ASSIGNMENT (  '', '', ( #803 ) ) ;
#154 = COLOUR_RGB ( '',0.2862745098039215508, 0.2862745098039215508, 0.2862745098039215508 ) ;
#155 = DIRECTION ( 'NONE',  ( 0.000000000000000000, 0.000000000000000000, -1.000000000000000000 ) ) ;
#156 = VECTOR ( 'NONE', #802, 1000.000000000000000 ) ;
#157 = LINE ( 'NONE', #4132, #1161 ) ;
#158 = FILL_AREA_STYLE_COLOUR ( '', #1453 ) ;
#159 = ORIENTED_EDGE ( 'NONE', *, *, #1655, .F. ) ;
#160 = FILL_AREA_STYLE ('',( #1120 ) ) ;
#161 = PRESENTATION_LAYER_ASSIGNMENT (  '', '', ( #3707 ) ) ;
#162 = DIRECTION ( 'NONE',  ( -1.000000000000000000, 0.000000000000000000, 0.000000000000000000 ) ) ;
#163 = EDGE_CURVE ( 'NONE', #2649, #1887, #470, .T. ) ;
#164 =( GEOMETRIC_REPRESENTATION_CONTEXT ( 3 ) GLOBAL_UNCERTAINTY_ASSIGNED_CONTEXT ( ( #2382 ) ) GLOBAL_UNIT_ASSIGNED_CONTEXT ( ( #1870, #1217, #2589 ) ) REPRESENTATION_CONTEXT ( 'NONE', 'WORKASPACE' ) );
#165 = CARTESIAN_POINT ( 'NONE',  ( -2.324999999999999734, -3.165000000000000036, 0.000000000000000000 ) ) ;
#166 = FACE_OUTER_BOUND ( 'NONE', #4239, .T. ) ;
#167 = CARTESIAN_POINT ( 'NONE',  ( 2.449999999999999734, -3.449999999999999734, 1.000000000000000000 ) ) ;
#168 =( NAMED_UNIT ( * ) PLANE_ANGLE_UNIT ( ) SI_UNIT ( $, .RADIAN. ) );
#169 = AXIS2_PLACEMENT_3D ( 'NONE', #735, #3746, #3427 ) ;
#170 = EDGE_CURVE ( 'NONE', #3254, #1897, #2299, .T. ) ;
#171 = VERTEX_POINT ( 'NONE', #2631 ) ;
#172 = FILL_AREA_STYLE ('',( #4256 ) ) ;
#173 = EDGE_LOOP ( 'NONE', ( #242, #2612, #2584, #2520 ) ) ;
#174 = SURFACE_STYLE_FILL_AREA ( #3177 ) ;
#175 = LINE ( 'NONE', #2387, #379 ) ;
#176 = VERTEX_POINT ( 'NONE', #293 ) ;
#177 = LINE ( 'NONE', #1506, #622 ) ;
#178 = DIRECTION ( 'NONE',  ( -1.000000000000000000, 0.000000000000000000, 0.000000000000000000 ) ) ;
#179 = VECTOR ( 'NONE', #3555, 1000.000000000000000 ) ;
#180 = EDGE_LOOP ( 'NONE', ( #2932, #2522, #4285, #2291 ) ) ;
#181 = COLOUR_RGB ( '',0.8039215686274510109, 0.8039215686274510109, 0.8039215686274510109 ) ;
#182 =( NAMED_UNIT ( * ) PLANE_ANGLE_UNIT ( ) SI_UNIT ( $, .RADIAN. ) );
#183 = UNCERTAINTY_MEASURE_WITH_UNIT (LENGTH_MEASURE( 1.000000000000000082E-05 ), #2367, 'distance_accuracy_value', 'NONE');
#184 = VECTOR ( 'NONE', #721, 1000.000000000000000 ) ;
#185 = SURFACE_STYLE_FILL_AREA ( #2797 ) ;
#186 = FILL_AREA_STYLE_COLOUR ( '', #2839 ) ;
#187 = DIRECTION ( 'NONE',  ( -1.000000000000000000, 0.000000000000000000, 0.000000000000000000 ) ) ;
#188 = DIRECTION ( 'NONE',  ( 1.000000000000000000, 0.000000000000000000, 0.000000000000000000 ) ) ;
#189 = PLANE ( 'NONE',  #4297 ) ;
#190 = CARTESIAN_POINT ( 'NONE',  ( 2.324999999999999734, 1.840000000000000080, 0.1200000000000000094 ) ) ;
#191 = DIRECTION ( 'NONE',  ( 0.000000000000000000, 1.000000000000000000, 0.000000000000000000 ) ) ;
#192 = SURFACE_STYLE_FILL_AREA ( #3242 ) ;
#193 = EDGE_CURVE ( 'NONE', #266, #3996, #4231, .T. ) ;
#194 = EDGE_CURVE ( 'NONE', #3608, #684, #1252, .T. ) ;
#195 = ORIENTED_EDGE ( 'NONE', *, *, #876, .T. ) ;
#196 = PRESENTATION_LAYER_ASSIGNMENT (  '', '', ( #205 ) ) ;
#197 = FACE_OUTER_BOUND ( 'NONE', #1670, .T. ) ;
#198 = MECHANICAL_DESIGN_GEOMETRIC_PRESENTATION_REPRESENTATION (  '', ( #3682 ), #3890 ) ;
#199 =( LENGTH_UNIT ( ) NAMED_UNIT ( * ) SI_UNIT ( .MILLI., .METRE. ) );
#200 = ORIENTED_EDGE ( 'NONE', *, *, #3958, .F. ) ;
#201 = VECTOR ( 'NONE', #1442, 1000.000000000000000 ) ;
#202 = DIRECTION ( 'NONE',  ( -1.000000000000000000, 3.942553354492735149E-16, 0.000000000000000000 ) ) ;
#203 = PRESENTATION_LAYER_ASSIGNMENT (  '', '', ( #1277 ) ) ;
#204 = CARTESIAN_POINT ( 'NONE',  ( -2.449999999999999734, -3.449999999999999734, 1.050000000000000044 ) ) ;
#205 = STYLED_ITEM ( 'NONE', ( #2468 ), #1139 ) ;
#206 = DIRECTION ( 'NONE',  ( 0.000000000000000000, 0.000000000000000000, -1.000000000000000000 ) ) ;
#207 = CARTESIAN_POINT ( 'NONE',  ( 2.000000000000000000, 2.540000000000000036, 0.02000000000000000042 ) ) ;
#208 =( NAMED_UNIT ( * ) PLANE_ANGLE_UNIT ( ) SI_UNIT ( $, .RADIAN. ) );
#209 = FACE_OUTER_BOUND ( 'NONE', #1354, .T. ) ;
#210 = ORIENTED_EDGE ( 'NONE', *, *, #2879, .F. ) ;
#211 = FACE_OUTER_BOUND ( 'NONE', #573, .T. ) ;
#212 = UNCERTAINTY_MEASURE_WITH_UNIT (LENGTH_MEASURE( 1.000000000000000082E-05 ), #989, 'distance_accuracy_value', 'NONE');
#213 = DIRECTION ( 'NONE',  ( 6.195440985631419572E-17, -1.000000000000000000, 0.000000000000000000 ) ) ;
#214 = ADVANCED_FACE ( 'NONE', ( #3573 ), #3939, .T. ) ;
#215 = FILL_AREA_STYLE ('',( #3228 ) ) ;
#216 = EDGE_CURVE ( 'NONE', #3943, #1341, #3733, .T. ) ;
#217 = VECTOR ( 'NONE', #2069, 1000.000000000000000 ) ;
#218 = DIRECTION ( 'NONE',  ( 0.000000000000000000, 0.000000000000000000, -1.000000000000000000 ) ) ;
#219 = AXIS2_PLACEMENT_3D ( 'NONE', #3547, #1599, #555 ) ;
#220 = SURFACE_STYLE_USAGE ( .BOTH. , #2226 ) ;
#221 = PLANE ( 'NONE',  #3082 ) ;
#222 = AXIS2_PLACEMENT_3D ( 'NONE', #3391, #2410, #24 ) ;
#223 = ORIENTED_EDGE ( 'NONE', *, *, #1890, .F. ) ;
#224 = EDGE_CURVE ( 'NONE', #2186, #542, #2224, .T. ) ;
#225 =( LENGTH_UNIT ( ) NAMED_UNIT ( * ) SI_UNIT ( .MILLI., .METRE. ) );
#226 = AXIS2_PLACEMENT_3D ( 'NONE', #3835, #2674, #1210 ) ;
#227 =( NAMED_UNIT ( * ) PLANE_ANGLE_UNIT ( ) SI_UNIT ( $, .RADIAN. ) );
#228 = UNCERTAINTY_MEASURE_WITH_UNIT (LENGTH_MEASURE( 1.000000000000000082E-05 ), #1998, 'distance_accuracy_value', 'NONE');
#229 =( NAMED_UNIT ( * ) PLANE_ANGLE_UNIT ( ) SI_UNIT ( $, .RADIAN. ) );
#230 = AXIS2_PLACEMENT_3D ( 'NONE', #1331, #715, #2669 ) ;
#231 = SURFACE_STYLE_FILL_AREA ( #2197 ) ;
#232 = PRESENTATION_LAYER_ASSIGNMENT (  '', '', ( #2758 ) ) ;
#233 = SURFACE_SIDE_STYLE ('',( #920 ) ) ;
#234 = ORIENTED_EDGE ( 'NONE', *, *, #3335, .T. ) ;
#235 = ORIENTED_EDGE ( 'NONE', *, *, #874, .F. ) ;
#236 = PRESENTATION_STYLE_ASSIGNMENT (( #1602 ) ) ;
#237 = EDGE_LOOP ( 'NONE', ( #1049, #619, #994, #3343 ) ) ;
#238 = DIRECTION ( 'NONE',  ( 0.000000000000000000, 0.000000000000000000, -1.000000000000000000 ) ) ;
#239 = CARTESIAN_POINT ( 'NONE',  ( 1.949999999999999956, -2.949999999999999734, 1.039999999999999813 ) ) ;
#240 = SURFACE_SIDE_STYLE ('',( #1916 ) ) ;
#241 = PRESENTATION_LAYER_ASSIGNMENT (  '', '', ( #1375 ) ) ;
#242 = ORIENTED_EDGE ( 'NONE', *, *, #880, .F. ) ;
#243 = CARTESIAN_POINT ( 'NONE',  ( 2.000000000000000000, 1.840000000000000080, 0.000000000000000000 ) ) ;
#244 =( NAMED_UNIT ( * ) PLANE_ANGLE_UNIT ( ) SI_UNIT ( $, .RADIAN. ) );
#245 = EDGE_CURVE ( 'NONE', #903, #3763, #3708, .T. ) ;
#246 = CARTESIAN_POINT ( 'NONE',  ( -2.000000000000000000, 1.840000000000000080, 0.1200000000000000094 ) ) ;
#247 = SURFACE_STYLE_USAGE ( .BOTH. , #571 ) ;
#248 = FILL_AREA_STYLE_COLOUR ( '', #3830 ) ;
#249 = PRESENTATION_LAYER_ASSIGNMENT (  '', '', ( #1871 ) ) ;
#250 = SURFACE_SIDE_STYLE ('',( #665 ) ) ;
#251 = DIRECTION ( 'NONE',  ( 0.000000000000000000, 0.000000000000000000, -1.000000000000000000 ) ) ;
#252 = CIRCLE ( 'NONE', #1109, 0.07499999999999998335 ) ;
#253 = VERTEX_POINT ( 'NONE', #745 ) ;
#254 = CARTESIAN_POINT ( 'NONE',  ( 2.000000000000000000, 3.239999999999999769, 0.1200000000000000094 ) ) ;
#255 = ORIENTED_EDGE ( 'NONE', *, *, #1784, .T. ) ;
#256 = UNCERTAINTY_MEASURE_WITH_UNIT (LENGTH_MEASURE( 1.000000000000000082E-05 ), #1674, 'distance_accuracy_value', 'NONE');
#257 = FACE_OUTER_BOUND ( 'NONE', #3476, .T. ) ;
#258 =( NAMED_UNIT ( * ) SI_UNIT ( $, .STERADIAN. ) SOLID_ANGLE_UNIT ( ) );
#259 = DIRECTION ( 'NONE',  ( 0.000000000000000000, 0.000000000000000000, -1.000000000000000000 ) ) ;
#260 = ORIENTED_EDGE ( 'NONE', *, *, #3543, .F. ) ;
#261 = DIRECTION ( 'NONE',  ( -1.000000000000000000, 0.000000000000000000, 0.000000000000000000 ) ) ;
#262 = FILL_AREA_STYLE_COLOUR ( '', #757 ) ;
#263 = LINE ( 'NONE', #3232, #2762 ) ;
#264 = DIRECTION ( 'NONE',  ( -1.000000000000000000, 0.000000000000000000, 0.000000000000000000 ) ) ;
#265 = EDGE_LOOP ( 'NONE', ( #1683, #1788, #4240, #1596 ) ) ;
#266 = VERTEX_POINT ( 'NONE', #1701 ) ;
#267 =( NAMED_UNIT ( * ) SI_UNIT ( $, .STERADIAN. ) SOLID_ANGLE_UNIT ( ) );
#268 = UNCERTAINTY_MEASURE_WITH_UNIT (LENGTH_MEASURE( 1.000000000000000082E-05 ), #941, 'distance_accuracy_value', 'NONE');
#269 = MECHANICAL_DESIGN_GEOMETRIC_PRESENTATION_REPRESENTATION (  '', ( #3685 ), #2373 ) ;
#270 = DIRECTION ( 'NONE',  ( 0.000000000000000000, 0.000000000000000000, -1.000000000000000000 ) ) ;
#271 = EDGE_CURVE ( 'NONE', #395, #2649, #1415, .T. ) ;
#272 = AXIS2_PLACEMENT_3D ( 'NONE', #3788, #824, #2149 ) ;
#273 = FILL_AREA_STYLE ('',( #248 ) ) ;
#274 = EDGE_CURVE ( 'NONE', #1341, #871, #2715, .T. ) ;
#275 = STYLED_ITEM ( 'NONE', ( #3853 ), #1068 ) ;
#276 = MECHANICAL_DESIGN_GEOMETRIC_PRESENTATION_REPRESENTATION (  '', ( #7 ), #3691 ) ;
#277 = PLANE ( 'NONE',  #3946 ) ;
#278 = ORIENTED_EDGE ( 'NONE', *, *, #2791, .F. ) ;
#279 = EDGE_LOOP ( 'NONE', ( #3935, #1900, #2974, #3439 ) ) ;
#280 = COLOUR_RGB ( '',0.8039215686274510109, 0.8039215686274510109, 0.8039215686274510109 ) ;
#281 = DIRECTION ( 'NONE',  ( -1.734723475976805201E-14, 1.000000000000000000, 2.189528850507514850E-45 ) ) ;
#282 = EDGE_LOOP ( 'NONE', ( #1535, #1646, #1584, #747 ) ) ;
#283 = CARTESIAN_POINT ( 'NONE',  ( -2.399999999999999911, 3.165000000000000036, 0.02000000000000000042 ) ) ;
#284 = STYLED_ITEM ( 'NONE', ( #632 ), #3376 ) ;
#285 = CARTESIAN_POINT ( 'NONE',  ( -2.324999999999999734, -3.239999999999999769, 0.1200000000000000094 ) ) ;
#286 = ORIENTED_EDGE ( 'NONE', *, *, #1146, .T. ) ;
#287 = MECHANICAL_DESIGN_GEOMETRIC_PRESENTATION_REPRESENTATION (  '', ( #1287 ), #2681 ) ;
#288 = ORIENTED_EDGE ( 'NONE', *, *, #3511, .F. ) ;
#289 = AXIS2_PLACEMENT_3D ( 'NONE', #4265, #238, #261 ) ;
#290 = FILL_AREA_STYLE_COLOUR ( '', #1845 ) ;
#291 = PRESENTATION_LAYER_ASSIGNMENT (  '', '', ( #3435 ) ) ;
#292 =( LENGTH_UNIT ( ) NAMED_UNIT ( * ) SI_UNIT ( .MILLI., .METRE. ) );
#293 = CARTESIAN_POINT ( 'NONE',  ( 2.449999999999999734, 3.500000000000000000, 0.06999999999999999278 ) ) ;
#294 = AXIS2_PLACEMENT_3D ( 'NONE', #1023, #2348, #57 ) ;
#295 = ORIENTED_EDGE ( 'NONE', *, *, #4145, .T. ) ;
#296 =( NAMED_UNIT ( * ) SI_UNIT ( $, .STERADIAN. ) SOLID_ANGLE_UNIT ( ) );
#297 = MECHANICAL_DESIGN_GEOMETRIC_PRESENTATION_REPRESENTATION (  '', ( #2541 ), #3319 ) ;
#298 =( LENGTH_UNIT ( ) NAMED_UNIT ( * ) SI_UNIT ( .MILLI., .METRE. ) );
#299 = VECTOR ( 'NONE', #4274, 1000.000000000000000 ) ;
#300 =( LENGTH_UNIT ( ) NAMED_UNIT ( * ) SI_UNIT ( .MILLI., .METRE. ) );
#301 = EDGE_CURVE ( 'NONE', #3922, #388, #697, .T. ) ;
#302 = ORIENTED_EDGE ( 'NONE', *, *, #4089, .F. ) ;
#303 = EDGE_LOOP ( 'NONE', ( #3075, #3493, #3064, #1830, #2445, #2946 ) ) ;
#304 = CARTESIAN_POINT ( 'NONE',  ( -2.399999999999999911, 1.915000000000000036, 0.02000000000000000042 ) ) ;
#305 = UNCERTAINTY_MEASURE_WITH_UNIT (LENGTH_MEASURE( 1.000000000000000082E-05 ), #49, 'distance_accuracy_value', 'NONE');
#306 = DIRECTION ( 'NONE',  ( 0.000000000000000000, 0.000000000000000000, -1.000000000000000000 ) ) ;
#307 = EDGE_CURVE ( 'NONE', #27, #853, #3545, .T. ) ;
#308 = STYLED_ITEM ( 'NONE', ( #3761 ), #2110 ) ;
#309 = UNCERTAINTY_MEASURE_WITH_UNIT (LENGTH_MEASURE( 1.000000000000000082E-05 ), #2358, 'distance_accuracy_value', 'NONE');
#310 = CARTESIAN_POINT ( 'NONE',  ( -2.399999999999999911, 3.165000000000000036, 0.1200000000000000094 ) ) ;
#311 = SURFACE_STYLE_FILL_AREA ( #3358 ) ;
#312 =( GEOMETRIC_REPRESENTATION_CONTEXT ( 3 ) GLOBAL_UNCERTAINTY_ASSIGNED_CONTEXT ( ( #1162 ) ) GLOBAL_UNIT_ASSIGNED_CONTEXT ( ( #3632, #891, #1986 ) ) REPRESENTATION_CONTEXT ( 'NONE', 'WORKASPACE' ) );
#313 = ORIENTED_EDGE ( 'NONE', *, *, #1383, .T. ) ;
#314 = ORIENTED_EDGE ( 'NONE', *, *, #2185, .F. ) ;
#315 = CARTESIAN_POINT ( 'NONE',  ( 2.000000000000000000, -2.540000000000000036, 0.1200000000000000094 ) ) ;
#316 = SURFACE_SIDE_STYLE ('',( #2864 ) ) ;
#317 = CYLINDRICAL_SURFACE ( 'NONE', #1321, 0.07499999999999998335 ) ;
#318 = CARTESIAN_POINT ( 'NONE',  ( -2.324999999999999734, 3.165000000000000036, 0.02000000000000000042 ) ) ;
#319 = FACE_OUTER_BOUND ( 'NONE', #1738, .T. ) ;
#320 =( NAMED_UNIT ( * ) SI_UNIT ( $, .STERADIAN. ) SOLID_ANGLE_UNIT ( ) );
#321 = DIRECTION ( 'NONE',  ( 0.000000000000000000, 0.000000000000000000, -1.000000000000000000 ) ) ;
#322 = ORIENTED_EDGE ( 'NONE', *, *, #4060, .F. ) ;
#323 = ORIENTED_EDGE ( 'NONE', *, *, #1361, .F. ) ;
#324 = DIRECTION ( 'NONE',  ( 0.000000000000000000, 1.000000000000000000, 0.000000000000000000 ) ) ;
#325 = CLOSED_SHELL ( 'NONE', ( #1045, #2555, #1776, #1835, #2046, #3688, #3458, #1121 ) ) ;
#326 =( GEOMETRIC_REPRESENTATION_CONTEXT ( 3 ) GLOBAL_UNCERTAINTY_ASSIGNED_CONTEXT ( ( #480 ) ) GLOBAL_UNIT_ASSIGNED_CONTEXT ( ( #3184, #1156, #4181 ) ) REPRESENTATION_CONTEXT ( 'NONE', 'WORKASPACE' ) );
#327 = AXIS2_PLACEMENT_3D ( 'NONE', #3742, #2732, #425 ) ;
#328 = LINE ( 'NONE', #2991, #2462 ) ;
#329 = CARTESIAN_POINT ( 'NONE',  ( 2.449999999999999734, -3.449999999999999734, 1.000000000000000000 ) ) ;
#330 = PRESENTATION_LAYER_ASSIGNMENT (  '', '', ( #3003 ) ) ;
#331 = VECTOR ( 'NONE', #3100, 1000.000000000000000 ) ;
#332 = EDGE_CURVE ( 'NONE', #1657, #2651, #398, .T. ) ;
#333 = FACE_OUTER_BOUND ( 'NONE', #3058, .T. ) ;
#334 = EDGE_CURVE ( 'NONE', #1908, #2712, #3057, .T. ) ;
#335 = CYLINDRICAL_SURFACE ( 'NONE', #1850, 0.2499999999999997780 ) ;
#336 = ORIENTED_EDGE ( 'NONE', *, *, #1620, .F. ) ;
#337 = ORIENTED_EDGE ( 'NONE', *, *, #2701, .F. ) ;
#338 = CARTESIAN_POINT ( 'NONE',  ( 2.399999999999999911, 1.915000000000000036, 0.1200000000000000094 ) ) ;
#339 = CARTESIAN_POINT ( 'NONE',  ( 2.324999999999999734, 3.165000000000000036, 0.1200000000000000094 ) ) ;
#340 = CARTESIAN_POINT ( 'NONE',  ( 2.399999999999999911, 3.165000000000000036, 0.000000000000000000 ) ) ;
#341 = LINE ( 'NONE', #2634, #1033 ) ;
#342 = AXIS2_PLACEMENT_3D ( 'NONE', #2272, #2252, #587 ) ;
#343 =( LENGTH_UNIT ( ) NAMED_UNIT ( * ) SI_UNIT ( .MILLI., .METRE. ) );
#344 = PRESENTATION_LAYER_ASSIGNMENT (  '', '', ( #1536 ) ) ;
#345 = AXIS2_PLACEMENT_3D ( 'NONE', #4306, #943, #917 ) ;
#346 = ORIENTED_EDGE ( 'NONE', *, *, #3773, .F. ) ;
#347 = VERTEX_POINT ( 'NONE', #2418 ) ;
#348 = MECHANICAL_DESIGN_GEOMETRIC_PRESENTATION_REPRESENTATION (  '', ( #275 ), #4188 ) ;
#349 =( NAMED_UNIT ( * ) PLANE_ANGLE_UNIT ( ) SI_UNIT ( $, .RADIAN. ) );
#350 =( NAMED_UNIT ( * ) PLANE_ANGLE_UNIT ( ) SI_UNIT ( $, .RADIAN. ) );
#351 = AXIS2_PLACEMENT_3D ( 'NONE', #167, #843, #3470 ) ;
#352 = CARTESIAN_POINT ( 'NONE',  ( -2.324999999999999734, 1.840000000000000080, 0.1200000000000000094 ) ) ;
#353 = CARTESIAN_POINT ( 'NONE',  ( 2.449999999999999734, -3.449999999999999734, 0.06999999999999999278 ) ) ;
#354 = SPHERICAL_SURFACE ( 'NONE', #2814, 0.05000000000000000278 ) ;
#355 = AXIS2_PLACEMENT_3D ( 'NONE', #1222, #1610, #1987 ) ;
#356 = ORIENTED_EDGE ( 'NONE', *, *, #3739, .F. ) ;
#357 = EDGE_CURVE ( 'NONE', #817, #4182, #2652, .T. ) ;
#358 = ORIENTED_EDGE ( 'NONE', *, *, #3252, .T. ) ;
#359 = CARTESIAN_POINT ( 'NONE',  ( 2.449999999999999734, 3.449999999999999734, 1.050000000000000044 ) ) ;
#360 = AXIS2_PLACEMENT_3D ( 'NONE', #4221, #3206, #623 ) ;
#361 = EDGE_CURVE ( 'NONE', #1021, #3600, #1947, .T. ) ;
#362 = ORIENTED_EDGE ( 'NONE', *, *, #406, .F. ) ;
#363 = FACE_OUTER_BOUND ( 'NONE', #1704, .T. ) ;
#364 =( NAMED_UNIT ( * ) SI_UNIT ( $, .STERADIAN. ) SOLID_ANGLE_UNIT ( ) );
#365 = MECHANICAL_DESIGN_GEOMETRIC_PRESENTATION_REPRESENTATION (  '', ( #654 ), #2745 ) ;
#366 = VECTOR ( 'NONE', #1167, 1000.000000000000000 ) ;
#367 = CARTESIAN_POINT ( 'NONE',  ( -2.000000000000000000, -2.540000000000000036, 0.000000000000000000 ) ) ;
#368 = ORIENTED_EDGE ( 'NONE', *, *, #2107, .T. ) ;
#369 = CYLINDRICAL_SURFACE ( 'NONE', #2742, 0.05000000000000000278 ) ;
#370 = SURFACE_STYLE_USAGE ( .BOTH. , #1066 ) ;
#371 = COLOUR_RGB ( '',0.2862745098039215508, 0.2862745098039215508, 0.2862745098039215508 ) ;
#372 = VECTOR ( 'NONE', #2372, 1000.000000000000000 ) ;
#373 = CARTESIAN_POINT ( 'NONE',  ( -2.500000000000000000, 3.500000000000000000, 0.06999999999999999278 ) ) ;
#374 =( NAMED_UNIT ( * ) SI_UNIT ( $, .STERADIAN. ) SOLID_ANGLE_UNIT ( ) );
#375 = EDGE_LOOP ( 'NONE', ( #3304, #2594, #3530 ) ) ;
#376 = EDGE_LOOP ( 'NONE', ( #2032, #362, #2964, #422 ) ) ;
#377 = CARTESIAN_POINT ( 'NONE',  ( 1.449999999999999956, -1.840000000000000080, 0.1200000000000000094 ) ) ;
#378 = CYLINDRICAL_SURFACE ( 'NONE', #415, 0.05000000000000012768 ) ;
#379 = VECTOR ( 'NONE', #1043, 1000.000000000000000 ) ;
#380 = SURFACE_SIDE_STYLE ('',( #1053 ) ) ;
#381 = ORIENTED_EDGE ( 'NONE', *, *, #1075, .F. ) ;
#382 = DIRECTION ( 'NONE',  ( 0.000000000000000000, 0.000000000000000000, -1.000000000000000000 ) ) ;
#383 = DIRECTION ( 'NONE',  ( 6.672013369141570147E-16, -1.000000000000000000, 0.000000000000000000 ) ) ;
#384 = MECHANICAL_DESIGN_GEOMETRIC_PRESENTATION_REPRESENTATION (  '', ( #3185 ), #4076 ) ;
#385 = EDGE_CURVE ( 'NONE', #3054, #2420, #1093, .T. ) ;
#386 = LINE ( 'NONE', #3062, #1665 ) ;
#387 = AXIS2_PLACEMENT_3D ( 'NONE', #4252, #1666, #4328 ) ;
#388 = VERTEX_POINT ( 'NONE', #1723 ) ;
#389 = CARTESIAN_POINT ( 'NONE',  ( 2.449999999999999734, 3.449999999999999734, 0.06999999999999999278 ) ) ;
#390 = SURFACE_STYLE_USAGE ( .BOTH. , #3047 ) ;
#391 =( NAMED_UNIT ( * ) SI_UNIT ( $, .STERADIAN. ) SOLID_ANGLE_UNIT ( ) );
#392 = COLOUR_RGB ( '',0.2862745098039215508, 0.2862745098039215508, 0.2862745098039215508 ) ;
#393 = STYLED_ITEM ( 'NONE', ( #1707 ), #1463 ) ;
#394 = VERTEX_POINT ( 'NONE', #340 ) ;
#395 = VERTEX_POINT ( 'NONE', #3039 ) ;
#396 = FILL_AREA_STYLE_COLOUR ( '', #3368 ) ;
#397 = CARTESIAN_POINT ( 'NONE',  ( 2.399999999999999911, 1.915000000000000036, 0.000000000000000000 ) ) ;
#398 = LINE ( 'NONE', #4066, #3345 ) ;
#399 = VERTEX_POINT ( 'NONE', #3024 ) ;
#400 = CYLINDRICAL_SURFACE ( 'NONE', #1787, 0.07499999999999998335 ) ;
#401 = DIRECTION ( 'NONE',  ( 0.000000000000000000, 0.000000000000000000, -1.000000000000000000 ) ) ;
#402 = PRESENTATION_STYLE_ASSIGNMENT (( #3402 ) ) ;
#403 = UNCERTAINTY_MEASURE_WITH_UNIT (LENGTH_MEASURE( 1.000000000000000082E-05 ), #108, 'distance_accuracy_value', 'NONE');
#404 = MECHANICAL_DESIGN_GEOMETRIC_PRESENTATION_REPRESENTATION (  '', ( #486 ), #627 ) ;
#405 = DIRECTION ( 'NONE',  ( -1.000000000000000000, 0.000000000000000000, 0.000000000000000000 ) ) ;
#406 = EDGE_CURVE ( 'NONE', #3763, #3996, #2501, .T. ) ;
#407 = EDGE_CURVE ( 'NONE', #1887, #4128, #705, .T. ) ;
#408 = CARTESIAN_POINT ( 'NONE',  ( -2.324999999999999734, 3.165000000000000036, 0.1200000000000000094 ) ) ;
#409 =( NAMED_UNIT ( * ) SI_UNIT ( $, .STERADIAN. ) SOLID_ANGLE_UNIT ( ) );
#410 = LINE ( 'NONE', #3812, #156 ) ;
#411 = FILL_AREA_STYLE ('',( #755 ) ) ;
#412 = COLOUR_RGB ( '',0.2862745098039215508, 0.2862745098039215508, 0.2862745098039215508 ) ;
#413 = FILL_AREA_STYLE_COLOUR ( '', #946 ) ;
#414 = SURFACE_SIDE_STYLE ('',( #2089 ) ) ;
#415 = AXIS2_PLACEMENT_3D ( 'NONE', #204, #1554, #2882 ) ;
#416 = AXIS2_PLACEMENT_3D ( 'NONE', #2400, #281, #2933 ) ;
#417 = DIRECTION ( 'NONE',  ( -1.000000000000000000, 0.000000000000000000, 0.000000000000000000 ) ) ;
#418 = ORIENTED_EDGE ( 'NONE', *, *, #717, .F. ) ;
#419 = ORIENTED_EDGE ( 'NONE', *, *, #2242, .F. ) ;
#420 = FILL_AREA_STYLE_COLOUR ( '', #1413 ) ;
#421 = DIRECTION ( 'NONE',  ( -1.000000000000000000, 0.000000000000000000, 0.000000000000000000 ) ) ;
#422 = ORIENTED_EDGE ( 'NONE', *, *, #3543, .T. ) ;
#423 = CARTESIAN_POINT ( 'NONE',  ( 1.300000000000000044, -2.540000000000000036, 0.02000000000000000042 ) ) ;
#424 =( GEOMETRIC_REPRESENTATION_CONTEXT ( 3 ) GLOBAL_UNCERTAINTY_ASSIGNED_CONTEXT ( ( #895 ) ) GLOBAL_UNIT_ASSIGNED_CONTEXT ( ( #2524, #2204, #537 ) ) REPRESENTATION_CONTEXT ( 'NONE', 'WORKASPACE' ) );
#425 = DIRECTION ( 'NONE',  ( -1.734723475976806148E-14, 0.000000000000000000, -1.000000000000000000 ) ) ;
#426 = CIRCLE ( 'NONE', #1211, 0.07499999999999998335 ) ;
#427 = CARTESIAN_POINT ( 'NONE',  ( 2.500000000000000000, -3.449999999999999734, 0.06999999999999999278 ) ) ;
#428 = FILL_AREA_STYLE ('',( #3744 ) ) ;
#429 = DIRECTION ( 'NONE',  ( 0.000000000000000000, 0.000000000000000000, 1.000000000000000000 ) ) ;
#430 = SURFACE_SIDE_STYLE ('',( #2736 ) ) ;
#431 = AXIS2_PLACEMENT_3D ( 'NONE', #3866, #218, #2899 ) ;
#432 = CARTESIAN_POINT ( 'NONE',  ( 2.449999999999999734, -3.449999999999999734, 1.050000000000000044 ) ) ;
#433 = COLOUR_RGB ( '',0.8039215686274510109, 0.8039215686274510109, 0.8039215686274510109 ) ;
#434 = VECTOR ( 'NONE', #3804, 1000.000000000000000 ) ;
#435 = CARTESIAN_POINT ( 'NONE',  ( 2.399999999999999911, 1.915000000000000036, 0.000000000000000000 ) ) ;
#436 = ADVANCED_FACE ( 'NONE', ( #31 ), #1376, .T. ) ;
#437 = UNCERTAINTY_MEASURE_WITH_UNIT (LENGTH_MEASURE( 1.000000000000000082E-05 ), #773, 'distance_accuracy_value', 'NONE');
#438 = CARTESIAN_POINT ( 'NONE',  ( 2.399999999999999911, -1.915000000000000036, 0.1200000000000000094 ) ) ;
#439 = EDGE_CURVE ( 'NONE', #1325, #109, #1833, .T. ) ;
#440 = CARTESIAN_POINT ( 'NONE',  ( 2.399999999999999911, 1.915000000000000036, 0.1200000000000000094 ) ) ;
#441 = EDGE_LOOP ( 'NONE', ( #93, #1223, #2897, #1907, #1336, #2855 ) ) ;
#442 = ORIENTED_EDGE ( 'NONE', *, *, #3428, .F. ) ;
#443 =( GEOMETRIC_REPRESENTATION_CONTEXT ( 3 ) GLOBAL_UNCERTAINTY_ASSIGNED_CONTEXT ( ( #3295 ) ) GLOBAL_UNIT_ASSIGNED_CONTEXT ( ( #3374, #3451, #374 ) ) REPRESENTATION_CONTEXT ( 'NONE', 'WORKASPACE' ) );
#444 =( NAMED_UNIT ( * ) SI_UNIT ( $, .STERADIAN. ) SOLID_ANGLE_UNIT ( ) );
#445 = CARTESIAN_POINT ( 'NONE',  ( 2.449999999999999734, -3.449999999999999734, 0.06999999999999999278 ) ) ;
#446 = MECHANICAL_DESIGN_GEOMETRIC_PRESENTATION_REPRESENTATION (  '', ( #3657 ), #2480 ) ;
#447 = ORIENTED_EDGE ( 'NONE', *, *, #1468, .F. ) ;
#448 = SURFACE_STYLE_USAGE ( .BOTH. , #544 ) ;
#449 = FILL_AREA_STYLE ('',( #2126 ) ) ;
#450 = UNCERTAINTY_MEASURE_WITH_UNIT (LENGTH_MEASURE( 1.000000000000000082E-05 ), #823, 'distance_accuracy_value', 'NONE');
#451 = DIRECTION ( 'NONE',  ( 0.000000000000000000, 0.000000000000000000, -1.000000000000000000 ) ) ;
#452 = PRESENTATION_STYLE_ASSIGNMENT (( #3446 ) ) ;
#453 = DIRECTION ( 'NONE',  ( -1.000000000000000000, 0.000000000000000000, 0.000000000000000000 ) ) ;
#454 = VECTOR ( 'NONE', #2800, 1000.000000000000000 ) ;
#455 = PLANE ( 'NONE',  #1533 ) ;
#456 = CARTESIAN_POINT ( 'NONE',  ( -2.324999999999999734, -1.915000000000000036, 0.1200000000000000094 ) ) ;
#457 = DIRECTION ( 'NONE',  ( 1.000000000000000000, 1.334402673828316002E-15, 0.000000000000000000 ) ) ;
#458 = VECTOR ( 'NONE', #3349, 1000.000000000000000 ) ;
#459 = DIRECTION ( 'NONE',  ( 0.000000000000000000, 0.000000000000000000, 1.000000000000000000 ) ) ;
#460 = FILL_AREA_STYLE ('',( #756 ) ) ;
#461 = DIRECTION ( 'NONE',  ( 1.000000000000000000, -1.334402673828316002E-15, 0.000000000000000000 ) ) ;
#462 = CARTESIAN_POINT ( 'NONE',  ( 2.449999999999999734, 3.500000000000000000, 1.000000000000000000 ) ) ;
#463 = FILL_AREA_STYLE_COLOUR ( '', #2975 ) ;
#464 = ADVANCED_FACE ( 'NONE', ( #3123 ), #796, .T. ) ;
#465 = VERTEX_POINT ( 'NONE', #1180 ) ;
#466 = EDGE_CURVE ( 'NONE', #3254, #3922, #1810, .T. ) ;
#467 =( NAMED_UNIT ( * ) PLANE_ANGLE_UNIT ( ) SI_UNIT ( $, .RADIAN. ) );
#468 = VECTOR ( 'NONE', #2302, 1000.000000000000000 ) ;
#469 = ORIENTED_EDGE ( 'NONE', *, *, #3379, .F. ) ;
#470 = CIRCLE ( 'NONE', #1668, 0.7000000000000000666 ) ;
#471 = SPHERICAL_SURFACE ( 'NONE', #805, 0.05000000000000000278 ) ;
#472 = PRESENTATION_STYLE_ASSIGNMENT (( #2465 ) ) ;
#473 = FACE_OUTER_BOUND ( 'NONE', #3204, .T. ) ;
#474 = SURFACE_STYLE_FILL_AREA ( #2493 ) ;
#475 = CARTESIAN_POINT ( 'NONE',  ( -2.449999999999999734, 3.500000000000000000, 1.050000000000000044 ) ) ;
#476 = ORIENTED_EDGE ( 'NONE', *, *, #274, .T. ) ;
#477 = AXIS2_PLACEMENT_3D ( 'NONE', #432, #1774, #1574 ) ;
#478 = DIRECTION ( 'NONE',  ( 0.000000000000000000, 0.000000000000000000, -1.000000000000000000 ) ) ;
#479 = LINE ( 'NONE', #506, #3847 ) ;
#480 = UNCERTAINTY_MEASURE_WITH_UNIT (LENGTH_MEASURE( 1.000000000000000082E-05 ), #3184, 'distance_accuracy_value', 'NONE');
#481 = AXIS2_PLACEMENT_3D ( 'NONE', #151, #1501, #1803 ) ;
#482 = DIRECTION ( 'NONE',  ( 0.000000000000000000, 0.000000000000000000, -1.000000000000000000 ) ) ;
#483 = FACE_OUTER_BOUND ( 'NONE', #3606, .T. ) ;
#484 = VECTOR ( 'NONE', #3535, 1000.000000000000000 ) ;
#485 = CYLINDRICAL_SURFACE ( 'NONE', #3538, 0.2500000000000000000 ) ;
#486 = STYLED_ITEM ( 'NONE', ( #19 ), #1121 ) ;
#487 = DIRECTION ( 'NONE',  ( -1.000000000000000000, 0.000000000000000000, 0.000000000000000000 ) ) ;
#488 = PRESENTATION_STYLE_ASSIGNMENT (( #2837 ) ) ;
#489 = PLANE ( 'NONE',  #3330 ) ;
#490 = ADVANCED_FACE ( 'NONE', ( #2769 ), #2813, .T. ) ;
#491 = VERTEX_POINT ( 'NONE', #606 ) ;
#492 = UNCERTAINTY_MEASURE_WITH_UNIT (LENGTH_MEASURE( 1.000000000000000082E-05 ), #3431, 'distance_accuracy_value', 'NONE');
#493 = EDGE_CURVE ( 'NONE', #3943, #1282, #1961, .T. ) ;
#494 =( NAMED_UNIT ( * ) SI_UNIT ( $, .STERADIAN. ) SOLID_ANGLE_UNIT ( ) );
#495 = DIRECTION ( 'NONE',  ( 0.000000000000000000, 0.000000000000000000, 1.000000000000000000 ) ) ;
#496 = FACE_OUTER_BOUND ( 'NONE', #1606, .T. ) ;
#497 = CARTESIAN_POINT ( 'NONE',  ( 2.449999999999999734, -3.500000000000000000, 1.000000000000000000 ) ) ;
#498 = CARTESIAN_POINT ( 'NONE',  ( 1.449999999999999956, -1.840000000000000080, 0.1200000000000000094 ) ) ;
#499 = LINE ( 'NONE', #1534, #3044 ) ;
#500 = FILL_AREA_STYLE_COLOUR ( '', #2913 ) ;
#501 =( GEOMETRIC_REPRESENTATION_CONTEXT ( 3 ) GLOBAL_UNCERTAINTY_ASSIGNED_CONTEXT ( ( #1635 ) ) GLOBAL_UNIT_ASSIGNED_CONTEXT ( ( #1374, #3482, #3824 ) ) REPRESENTATION_CONTEXT ( 'NONE', 'WORKASPACE' ) );
#502 = VERTEX_POINT ( 'NONE', #909 ) ;
#503 =( NAMED_UNIT ( * ) SI_UNIT ( $, .STERADIAN. ) SOLID_ANGLE_UNIT ( ) );
#504 = CARTESIAN_POINT ( 'NONE',  ( -2.000000000000000000, -3.239999999999999769, 0.000000000000000000 ) ) ;
#505 = ORIENTED_EDGE ( 'NONE', *, *, #2791, .T. ) ;
#506 = CARTESIAN_POINT ( 'NONE',  ( 2.324999999999999734, 1.840000000000000080, 0.1200000000000000094 ) ) ;
#507 =( GEOMETRIC_REPRESENTATION_CONTEXT ( 3 ) GLOBAL_UNCERTAINTY_ASSIGNED_CONTEXT ( ( #3306 ) ) GLOBAL_UNIT_ASSIGNED_CONTEXT ( ( #578, #3248, #1266 ) ) REPRESENTATION_CONTEXT ( 'NONE', 'WORKASPACE' ) );
#508 = CARTESIAN_POINT ( 'NONE',  ( 1.699999999999999956, -2.949999999999999734, 1.039999999999999813 ) ) ;
#509 = PRESENTATION_LAYER_ASSIGNMENT (  '', '', ( #4055 ) ) ;
#510 = PRESENTATION_LAYER_ASSIGNMENT (  '', '', ( #3852 ) ) ;
#511 = DIRECTION ( 'NONE',  ( 0.000000000000000000, 0.000000000000000000, 1.000000000000000000 ) ) ;
#512 = PRESENTATION_LAYER_ASSIGNMENT (  '', '', ( #1562 ) ) ;
#513 = CARTESIAN_POINT ( 'NONE',  ( 1.449999999999999956, -1.840000000000000080, 0.02000000000000000042 ) ) ;
#514 = FACE_OUTER_BOUND ( 'NONE', #1150, .T. ) ;
#515 = CARTESIAN_POINT ( 'NONE',  ( 1.449999999999999956, -1.840000000000000080, 0.1200000000000000094 ) ) ;
#516 = VERTEX_POINT ( 'NONE', #3633 ) ;
#517 = PRESENTATION_LAYER_ASSIGNMENT (  '', '', ( #4073 ) ) ;
#518 = FILL_AREA_STYLE_COLOUR ( '', #433 ) ;
#519 = FACE_OUTER_BOUND ( 'NONE', #3375, .T. ) ;
#520 = CIRCLE ( 'NONE', #1304, 0.7000000000000000666 ) ;
#521 = ADVANCED_FACE ( 'NONE', ( #3955 ), #2944, .F. ) ;
#522 = STYLED_ITEM ( 'NONE', ( #4316 ), #2046 ) ;
#523 = SURFACE_STYLE_USAGE ( .BOTH. , #3516 ) ;
#524 = CARTESIAN_POINT ( 'NONE',  ( 1.449999999999999956, -1.840000000000000080, 0.02000000000000000042 ) ) ;
#525 = PRESENTATION_STYLE_ASSIGNMENT (( #2470 ) ) ;
#526 = ADVANCED_FACE ( 'NONE', ( #652 ), #221, .T. ) ;
#527 =( NAMED_UNIT ( * ) SI_UNIT ( $, .STERADIAN. ) SOLID_ANGLE_UNIT ( ) );
#528 = AXIS2_PLACEMENT_3D ( 'NONE', #3301, #3551, #1915 ) ;
#529 = PRESENTATION_STYLE_ASSIGNMENT (( #3267 ) ) ;
#530 = CARTESIAN_POINT ( 'NONE',  ( 2.399999999999999911, -3.165000000000000036, 0.000000000000000000 ) ) ;
#531 = ORIENTED_EDGE ( 'NONE', *, *, #1332, .F. ) ;
#532 = EDGE_LOOP ( 'NONE', ( #4036, #3360, #1095, #2335 ) ) ;
#533 = SURFACE_SIDE_STYLE ('',( #1263 ) ) ;
#534 = PRESENTATION_LAYER_ASSIGNMENT (  '', '', ( #33 ) ) ;
#535 = UNCERTAINTY_MEASURE_WITH_UNIT (LENGTH_MEASURE( 1.000000000000000082E-05 ), #1893, 'distance_accuracy_value', 'NONE');
#536 = ORIENTED_EDGE ( 'NONE', *, *, #4322, .T. ) ;
#537 =( NAMED_UNIT ( * ) SI_UNIT ( $, .STERADIAN. ) SOLID_ANGLE_UNIT ( ) );
#538 = CARTESIAN_POINT ( 'NONE',  ( 1.449999999999999956, -1.840000000000000080, 0.1200000000000000094 ) ) ;
#539 = DIRECTION ( 'NONE',  ( 0.000000000000000000, 0.000000000000000000, 1.000000000000000000 ) ) ;
#540 = DIRECTION ( 'NONE',  ( 0.000000000000000000, 0.000000000000000000, 1.000000000000000000 ) ) ;
#541 = PRESENTATION_LAYER_ASSIGNMENT (  '', '', ( #3874 ) ) ;
#542 = VERTEX_POINT ( 'NONE', #2918 ) ;
#543 = PRESENTATION_LAYER_ASSIGNMENT (  '', '', ( #4313 ) ) ;
#544 = SURFACE_SIDE_STYLE ('',( #1509 ) ) ;
#545 = UNCERTAINTY_MEASURE_WITH_UNIT (LENGTH_MEASURE( 1.000000000000000082E-05 ), #650, 'distance_accuracy_value', 'NONE');
#546 = COLOUR_RGB ( '',0.2862745098039215508, 0.2862745098039215508, 0.2862745098039215508 ) ;
#547 = CARTESIAN_POINT ( 'NONE',  ( -2.324999999999999734, 1.840000000000000080, 0.1200000000000000094 ) ) ;
#548 = CARTESIAN_POINT ( 'NONE',  ( -2.449999999999999734, 3.449999999999999734, 1.000000000000000000 ) ) ;
#549 = FILL_AREA_STYLE ('',( #2885 ) ) ;
#550 = EDGE_CURVE ( 'NONE', #3002, #3763, #2973, .T. ) ;
#551 = VERTEX_POINT ( 'NONE', #3885 ) ;
#552 = EDGE_CURVE ( 'NONE', #3362, #2529, #2247, .T. ) ;
#553 = PLANE ( 'NONE',  #55 ) ;
#554 = EDGE_LOOP ( 'NONE', ( #3053, #3757, #2562, #3676 ) ) ;
#555 = DIRECTION ( 'NONE',  ( -1.000000000000000000, 0.000000000000000000, 0.000000000000000000 ) ) ;
#556 = CARTESIAN_POINT ( 'NONE',  ( 2.449999999999999734, 1.517883041479705222E-16, 1.000000000000000000 ) ) ;
#557 = EDGE_CURVE ( 'NONE', #853, #399, #42, .T. ) ;
#558 = ORIENTED_EDGE ( 'NONE', *, *, #2510, .F. ) ;
#559 = AXIS2_PLACEMENT_3D ( 'NONE', #165, #1771, #3809 ) ;
#560 = CARTESIAN_POINT ( 'NONE',  ( -2.000000000000000000, -1.840000000000000080, 0.1200000000000000094 ) ) ;
#561 = COLOUR_RGB ( '',0.8039215686274510109, 0.8039215686274510109, 0.8039215686274510109 ) ;
#562 = SURFACE_SIDE_STYLE ('',( #907 ) ) ;
#563 = SURFACE_SIDE_STYLE ('',( #3954 ) ) ;
#564 = ORIENTED_EDGE ( 'NONE', *, *, #1067, .F. ) ;
#565 = LINE ( 'NONE', #985, #90 ) ;
#566 =( LENGTH_UNIT ( ) NAMED_UNIT ( * ) SI_UNIT ( .MILLI., .METRE. ) );
#567 = PRESENTATION_LAYER_ASSIGNMENT (  '', '', ( #7 ) ) ;
#568 = DIRECTION ( 'NONE',  ( 0.000000000000000000, 0.000000000000000000, -1.000000000000000000 ) ) ;
#569 = DIRECTION ( 'NONE',  ( 0.000000000000000000, -1.000000000000000000, 0.000000000000000000 ) ) ;
#570 = SURFACE_STYLE_USAGE ( .BOTH. , #1948 ) ;
#571 = SURFACE_SIDE_STYLE ('',( #2213 ) ) ;
#572 = VERTEX_POINT ( 'NONE', #1299 ) ;
#573 = EDGE_LOOP ( 'NONE', ( #3270, #2869, #2626, #1134 ) ) ;
#574 = DIRECTION ( 'NONE',  ( 0.000000000000000000, 0.000000000000000000, -1.000000000000000000 ) ) ;
#575 =( NAMED_UNIT ( * ) PLANE_ANGLE_UNIT ( ) SI_UNIT ( $, .RADIAN. ) );
#576 = ADVANCED_FACE ( 'NONE', ( #1571 ), #317, .T. ) ;
#577 = COLOUR_RGB ( '',0.2862745098039215508, 0.2862745098039215508, 0.2862745098039215508 ) ;
#578 =( LENGTH_UNIT ( ) NAMED_UNIT ( * ) SI_UNIT ( .MILLI., .METRE. ) );
#579 = VECTOR ( 'NONE', #1101, 1000.000000000000000 ) ;
#580 = CARTESIAN_POINT ( 'NONE',  ( 1.949999999999999956, -2.949999999999999734, 1.050000000000000044 ) ) ;
#581 = CARTESIAN_POINT ( 'NONE',  ( -2.399999999999999911, -1.915000000000000036, 0.1200000000000000094 ) ) ;
#582 =( GEOMETRIC_REPRESENTATION_CONTEXT ( 3 ) GLOBAL_UNCERTAINTY_ASSIGNED_CONTEXT ( ( #3938 ) ) GLOBAL_UNIT_ASSIGNED_CONTEXT ( ( #4300, #3553, #612 ) ) REPRESENTATION_CONTEXT ( 'NONE', 'WORKASPACE' ) );
#583 = ORIENTED_EDGE ( 'NONE', *, *, #1313, .T. ) ;
#584 =( NAMED_UNIT ( * ) SI_UNIT ( $, .STERADIAN. ) SOLID_ANGLE_UNIT ( ) );
#585 = COLOUR_RGB ( '',0.8039215686274510109, 0.8039215686274510109, 0.8039215686274510109 ) ;
#586 = UNCERTAINTY_MEASURE_WITH_UNIT (LENGTH_MEASURE( 1.000000000000000082E-05 ), #798, 'distance_accuracy_value', 'NONE');
#587 = DIRECTION ( 'NONE',  ( 1.000000000000000000, 0.000000000000000000, 0.000000000000000000 ) ) ;
#588 = SURFACE_SIDE_STYLE ('',( #4305 ) ) ;
#589 = FILL_AREA_STYLE_COLOUR ( '', #3289 ) ;
#590 = CARTESIAN_POINT ( 'NONE',  ( -2.500000000000000000, 3.449999999999999734, 0.06999999999999999278 ) ) ;
#591 = VECTOR ( 'NONE', #2454, 1000.000000000000000 ) ;
#592 = FILL_AREA_STYLE ('',( #4236 ) ) ;
#593 = VECTOR ( 'NONE', #306, 1000.000000000000000 ) ;
#594 =( LENGTH_UNIT ( ) NAMED_UNIT ( * ) SI_UNIT ( .MILLI., .METRE. ) );
#595 = ORIENTED_EDGE ( 'NONE', *, *, #3291, .F. ) ;
#596 = CARTESIAN_POINT ( 'NONE',  ( 2.324999999999999734, 1.840000000000000080, 0.1200000000000000094 ) ) ;
#597 = ORIENTED_EDGE ( 'NONE', *, *, #550, .T. ) ;
#598 = FILL_AREA_STYLE_COLOUR ( '', #1843 ) ;
#599 = MECHANICAL_DESIGN_GEOMETRIC_PRESENTATION_REPRESENTATION (  '', ( #2979 ), #1309 ) ;
#600 = DIRECTION ( 'NONE',  ( 0.000000000000000000, 0.000000000000000000, -1.000000000000000000 ) ) ;
#601 =( GEOMETRIC_REPRESENTATION_CONTEXT ( 3 ) GLOBAL_UNCERTAINTY_ASSIGNED_CONTEXT ( ( #926 ) ) GLOBAL_UNIT_ASSIGNED_CONTEXT ( ( #2070, #3013, #2706 ) ) REPRESENTATION_CONTEXT ( 'NONE', 'WORKASPACE' ) );
#602 = AXIS2_PLACEMENT_3D ( 'NONE', #590, #899, #3833 ) ;
#603 = SURFACE_SIDE_STYLE ('',( #3631 ) ) ;
#604 = SURFACE_STYLE_USAGE ( .BOTH. , #1314 ) ;
#605 =( NAMED_UNIT ( * ) SI_UNIT ( $, .STERADIAN. ) SOLID_ANGLE_UNIT ( ) );
#606 = CARTESIAN_POINT ( 'NONE',  ( 1.300000000000000044, -1.989999999999999991, 0.1200000000000000094 ) ) ;
#607 = EDGE_CURVE ( 'NONE', #893, #3976, #896, .T. ) ;
#608 = VERTEX_POINT ( 'NONE', #3571 ) ;
#609 = ADVANCED_FACE ( 'NONE', ( #3328 ), #2655, .F. ) ;
#610 = ORIENTED_EDGE ( 'NONE', *, *, #806, .T. ) ;
#611 = SURFACE_SIDE_STYLE ('',( #939 ) ) ;
#612 =( NAMED_UNIT ( * ) SI_UNIT ( $, .STERADIAN. ) SOLID_ANGLE_UNIT ( ) );
#613 = SURFACE_STYLE_USAGE ( .BOTH. , #898 ) ;
#614 =( LENGTH_UNIT ( ) NAMED_UNIT ( * ) SI_UNIT ( .MILLI., .METRE. ) );
#615 = SURFACE_SIDE_STYLE ('',( #2927 ) ) ;
#616 =( GEOMETRIC_REPRESENTATION_CONTEXT ( 3 ) GLOBAL_UNCERTAINTY_ASSIGNED_CONTEXT ( ( #129 ) ) GLOBAL_UNIT_ASSIGNED_CONTEXT ( ( #300, #2322, #3645 ) ) REPRESENTATION_CONTEXT ( 'NONE', 'WORKASPACE' ) );
#617 = CARTESIAN_POINT ( 'NONE',  ( 1.449999999999999956, -1.840000000000000080, 0.000000000000000000 ) ) ;
#618 = ORIENTED_EDGE ( 'NONE', *, *, #607, .F. ) ;
#619 = ORIENTED_EDGE ( 'NONE', *, *, #1752, .F. ) ;
#620 = UNCERTAINTY_MEASURE_WITH_UNIT (LENGTH_MEASURE( 1.000000000000000082E-05 ), #857, 'distance_accuracy_value', 'NONE');
#621 = CARTESIAN_POINT ( 'NONE',  ( -2.399999999999999911, 3.165000000000000036, 0.1200000000000000094 ) ) ;
#622 = VECTOR ( 'NONE', #3483, 1000.000000000000000 ) ;
#623 = DIRECTION ( 'NONE',  ( 0.000000000000000000, -1.000000000000000000, 0.000000000000000000 ) ) ;
#624 = VERTEX_POINT ( 'NONE', #1636 ) ;
#625 = DIRECTION ( 'NONE',  ( 0.000000000000000000, 0.000000000000000000, -1.000000000000000000 ) ) ;
#626 = PRESENTATION_STYLE_ASSIGNMENT (( #959 ) ) ;
#627 =( GEOMETRIC_REPRESENTATION_CONTEXT ( 3 ) GLOBAL_UNCERTAINTY_ASSIGNED_CONTEXT ( ( #4104 ) ) GLOBAL_UNIT_ASSIGNED_CONTEXT ( ( #1748, #2702, #2327 ) ) REPRESENTATION_CONTEXT ( 'NONE', 'WORKASPACE' ) );
#628 = DIRECTION ( 'NONE',  ( 1.000000000000000000, 0.000000000000000000, 0.000000000000000000 ) ) ;
#629 = SURFACE_SIDE_STYLE ('',( #4224 ) ) ;
#630 = EDGE_LOOP ( 'NONE', ( #3393, #3720, #1483, #4243 ) ) ;
#631 = EDGE_LOOP ( 'NONE', ( #3562, #3178, #356, #1318 ) ) ;
#632 = PRESENTATION_STYLE_ASSIGNMENT (( #966 ) ) ;
#633 = SURFACE_SIDE_STYLE ('',( #3519 ) ) ;
#634 = EDGE_CURVE ( 'NONE', #134, #2934, #1921, .T. ) ;
#635 = PRESENTATION_LAYER_ASSIGNMENT (  '', '', ( #1957 ) ) ;
#636 = EDGE_LOOP ( 'NONE', ( #1990, #984, #1301, #3364 ) ) ;
#637 = PRESENTATION_LAYER_ASSIGNMENT (  '', '', ( #1962 ) ) ;
#638 = FILL_AREA_STYLE ('',( #2319 ) ) ;
#639 = PRESENTATION_STYLE_ASSIGNMENT (( #3238 ) ) ;
#640 = EDGE_CURVE ( 'NONE', #2239, #3318, #4304, .T. ) ;
#641 = COLOUR_RGB ( '',0.8039215686274510109, 0.8039215686274510109, 0.8039215686274510109 ) ;
#642 = ORIENTED_EDGE ( 'NONE', *, *, #699, .F. ) ;
#643 =( GEOMETRIC_REPRESENTATION_CONTEXT ( 3 ) GLOBAL_UNCERTAINTY_ASSIGNED_CONTEXT ( ( #3410 ) ) GLOBAL_UNIT_ASSIGNED_CONTEXT ( ( #3932, #1292, #1583 ) ) REPRESENTATION_CONTEXT ( 'NONE', 'WORKASPACE' ) );
#644 =( NAMED_UNIT ( * ) PLANE_ANGLE_UNIT ( ) SI_UNIT ( $, .RADIAN. ) );
#645 = VERTEX_POINT ( 'NONE', #397 ) ;
#646 = CARTESIAN_POINT ( 'NONE',  ( 2.000000000000000000, 2.540000000000000036, 0.1200000000000000094 ) ) ;
#647 =( NAMED_UNIT ( * ) PLANE_ANGLE_UNIT ( ) SI_UNIT ( $, .RADIAN. ) );
#648 = STYLED_ITEM ( 'NONE', ( #2312 ), #521 ) ;
#649 = VERTEX_POINT ( 'NONE', #1052 ) ;
#650 =( LENGTH_UNIT ( ) NAMED_UNIT ( * ) SI_UNIT ( .MILLI., .METRE. ) );
#651 = STYLED_ITEM ( 'NONE', ( #3800 ), #3458 ) ;
#652 = FACE_OUTER_BOUND ( 'NONE', #1964, .T. ) ;
#653 = ORIENTED_EDGE ( 'NONE', *, *, #3463, .T. ) ;
#654 = STYLED_ITEM ( 'NONE', ( #2875 ), #3620 ) ;
#655 = EDGE_LOOP ( 'NONE', ( #1181, #1783, #447, #1867 ) ) ;
#656 =( NAMED_UNIT ( * ) SI_UNIT ( $, .STERADIAN. ) SOLID_ANGLE_UNIT ( ) );
#657 = DIRECTION ( 'NONE',  ( 0.000000000000000000, 0.000000000000000000, -1.000000000000000000 ) ) ;
#658 = CIRCLE ( 'NONE', #294, 0.07499999999999998335 ) ;
#659 = LINE ( 'NONE', #3977, #869 ) ;
#660 = PRESENTATION_LAYER_ASSIGNMENT (  '', '', ( #3776 ) ) ;
#661 = CARTESIAN_POINT ( 'NONE',  ( -2.324999999999999734, -1.840000000000000080, 0.1200000000000000094 ) ) ;
#662 = CIRCLE ( 'NONE', #3651, 0.05000000000000000278 ) ;
#663 = EDGE_LOOP ( 'NONE', ( #3625, #3580, #1055, #3001 ) ) ;
#664 = AXIS2_PLACEMENT_3D ( 'NONE', #1465, #202, #2790 ) ;
#665 = SURFACE_STYLE_FILL_AREA ( #592 ) ;
#666 = ADVANCED_FACE ( 'NONE', ( #1436 ), #3978, .T. ) ;
#667 = DIRECTION ( 'NONE',  ( 0.000000000000000000, -1.000000000000000000, 0.000000000000000000 ) ) ;
#668 = EDGE_CURVE ( 'NONE', #2783, #1631, #3023, .T. ) ;
#669 = AXIS2_PLACEMENT_3D ( 'NONE', #776, #1062, #2384 ) ;
#670 = EDGE_LOOP ( 'NONE', ( #2637, #2478, #1545, #2544, #3712, #1812, #2809 ) ) ;
#671 = FILL_AREA_STYLE_COLOUR ( '', #2095 ) ;
#672 = SURFACE_STYLE_FILL_AREA ( #3950 ) ;
#673 = COLOUR_RGB ( '',0.7921568627450980005, 0.8196078431372548767, 0.9333333333333333481 ) ;
#674 = DIRECTION ( 'NONE',  ( 1.000000000000000000, 0.000000000000000000, 0.000000000000000000 ) ) ;
#675 =( NAMED_UNIT ( * ) SI_UNIT ( $, .STERADIAN. ) SOLID_ANGLE_UNIT ( ) );
#676 = STYLED_ITEM ( 'NONE', ( #1096 ), #1593 ) ;
#677 = ORIENTED_EDGE ( 'NONE', *, *, #4318, .F. ) ;
#678 = VERTEX_POINT ( 'NONE', #3038 ) ;
#679 = DIRECTION ( 'NONE',  ( 0.000000000000000000, 0.000000000000000000, 1.000000000000000000 ) ) ;
#680 =( LENGTH_UNIT ( ) NAMED_UNIT ( * ) SI_UNIT ( .MILLI., .METRE. ) );
#681 =( GEOMETRIC_REPRESENTATION_CONTEXT ( 3 ) GLOBAL_UNCERTAINTY_ASSIGNED_CONTEXT ( ( #1624 ) ) GLOBAL_UNIT_ASSIGNED_CONTEXT ( ( #298, #3663, #2301 ) ) REPRESENTATION_CONTEXT ( 'NONE', 'WORKASPACE' ) );
#682 =( NAMED_UNIT ( * ) PLANE_ANGLE_UNIT ( ) SI_UNIT ( $, .RADIAN. ) );
#683 = DIRECTION ( 'NONE',  ( 0.000000000000000000, 0.000000000000000000, 1.000000000000000000 ) ) ;
#684 = VERTEX_POINT ( 'NONE', #2710 ) ;
#685 = PRESENTATION_STYLE_ASSIGNMENT (( #3941 ) ) ;
#686 = CARTESIAN_POINT ( 'NONE',  ( -2.324999999999999734, -1.840000000000000080, 0.1200000000000000094 ) ) ;
#687 = CARTESIAN_POINT ( 'NONE',  ( -2.449999999999999734, 3.449999999999999734, 0.06999999999999999278 ) ) ;
#688 = ORIENTED_EDGE ( 'NONE', *, *, #3338, .F. ) ;
#689 = DIRECTION ( 'NONE',  ( 0.000000000000000000, 1.000000000000000000, 0.000000000000000000 ) ) ;
#690 = STYLED_ITEM ( 'NONE', ( #626 ), #89 ) ;
#691 = AXIS2_PLACEMENT_3D ( 'NONE', #515, #3529, #540 ) ;
#692 = PRESENTATION_STYLE_ASSIGNMENT (( #2870 ) ) ;
#693 = ADVANCED_FACE ( 'NONE', ( #4020 ), #378, .T. ) ;
#694 = CARTESIAN_POINT ( 'NONE',  ( -2.500000000000000000, -3.449999999999999734, 0.06999999999999999278 ) ) ;
#695 = EDGE_CURVE ( 'NONE', #1193, #792, #1226, .T. ) ;
#696 = VECTOR ( 'NONE', #1366, 1000.000000000000000 ) ;
#697 = CIRCLE ( 'NONE', #3471, 0.7000000000000000666 ) ;
#698 = CARTESIAN_POINT ( 'NONE',  ( -2.449999999999999734, 3.449999999999999734, 1.000000000000000000 ) ) ;
#699 = EDGE_CURVE ( 'NONE', #3922, #2551, #1199, .T. ) ;
#700 = FILL_AREA_STYLE_COLOUR ( '', #2475 ) ;
#701 = ORIENTED_EDGE ( 'NONE', *, *, #3291, .T. ) ;
#702 = ORIENTED_EDGE ( 'NONE', *, *, #3063, .F. ) ;
#703 = PRESENTATION_STYLE_ASSIGNMENT (( #4064 ) ) ;
#704 = DIRECTION ( 'NONE',  ( 1.000000000000000000, -1.334402673828316002E-15, 0.000000000000000000 ) ) ;
#705 = LINE ( 'NONE', #2036, #184 ) ;
#706 = CIRCLE ( 'NONE', #2033, 0.7000000000000000666 ) ;
#707 = ORIENTED_EDGE ( 'NONE', *, *, #4322, .F. ) ;
#708 = DIRECTION ( 'NONE',  ( 1.000000000000000000, 0.000000000000000000, 0.000000000000000000 ) ) ;
#709 = PRESENTATION_LAYER_ASSIGNMENT (  '', '', ( #2930 ) ) ;
#710 = SURFACE_SIDE_STYLE ('',( #3405 ) ) ;
#711 = VECTOR ( 'NONE', #846, 1000.000000000000000 ) ;
#712 = FILL_AREA_STYLE ('',( #2739 ) ) ;
#713 = UNCERTAINTY_MEASURE_WITH_UNIT (LENGTH_MEASURE( 1.000000000000000082E-05 ), #719, 'distance_accuracy_value', 'NONE');
#714 = AXIS2_PLACEMENT_3D ( 'NONE', #3911, #892, #264 ) ;
#715 = DIRECTION ( 'NONE',  ( 0.000000000000000000, 0.000000000000000000, -1.000000000000000000 ) ) ;
#716 = EDGE_LOOP ( 'NONE', ( #4148, #1558, #3697, #1074 ) ) ;
#717 = EDGE_CURVE ( 'NONE', #1612, #26, #177, .T. ) ;
#718 = ORIENTED_EDGE ( 'NONE', *, *, #94, .F. ) ;
#719 =( LENGTH_UNIT ( ) NAMED_UNIT ( * ) SI_UNIT ( .MILLI., .METRE. ) );
#720 = FILL_AREA_STYLE ('',( #2376 ) ) ;
#721 = DIRECTION ( 'NONE',  ( 0.000000000000000000, 0.000000000000000000, -1.000000000000000000 ) ) ;
#722 = AXIS2_PLACEMENT_3D ( 'NONE', #3346, #2049, #68 ) ;
#723 = PRESENTATION_LAYER_ASSIGNMENT (  '', '', ( #3311 ) ) ;
#724 = EDGE_LOOP ( 'NONE', ( #1936, #653, #323 ) ) ;
#725 =( NAMED_UNIT ( * ) SI_UNIT ( $, .STERADIAN. ) SOLID_ANGLE_UNIT ( ) );
#726 = PRESENTATION_STYLE_ASSIGNMENT (( #1706 ) ) ;
#727 = PRESENTATION_LAYER_ASSIGNMENT (  '', '', ( #1491 ) ) ;
#728 = FILL_AREA_STYLE_COLOUR ( '', #371 ) ;
#729 = UNCERTAINTY_MEASURE_WITH_UNIT (LENGTH_MEASURE( 1.000000000000000082E-05 ), #3601, 'distance_accuracy_value', 'NONE');
#730 = VECTOR ( 'NONE', #2546, 1000.000000000000000 ) ;
#731 = DIRECTION ( 'NONE',  ( 0.000000000000000000, 0.000000000000000000, -1.000000000000000000 ) ) ;
#732 = PRESENTATION_LAYER_ASSIGNMENT (  '', '', ( #2262 ) ) ;
#733 = MECHANICAL_DESIGN_GEOMETRIC_PRESENTATION_REPRESENTATION (  '', ( #1632 ), #1767 ) ;
#734 = DIRECTION ( 'NONE',  ( 1.000000000000000000, 0.000000000000000000, 0.000000000000000000 ) ) ;
#735 = CARTESIAN_POINT ( 'NONE',  ( 2.449999999999999734, 3.500000000000000000, 0.06999999999999999278 ) ) ;
#736 = FILL_AREA_STYLE ('',( #3370 ) ) ;
#737 = SURFACE_STYLE_USAGE ( .BOTH. , #4146 ) ;
#738 = PLANE ( 'NONE',  #3985 ) ;
#739 = AXIS2_PLACEMENT_3D ( 'NONE', #60, #2804, #3774 ) ;
#740 = ORIENTED_EDGE ( 'NONE', *, *, #2031, .F. ) ;
#741 = PRESENTATION_LAYER_ASSIGNMENT (  '', '', ( #2697 ) ) ;
#742 = ORIENTED_EDGE ( 'NONE', *, *, #1861, .T. ) ;
#743 = ADVANCED_FACE ( 'NONE', ( #1528 ), #4131, .F. ) ;
#744 = STYLED_ITEM ( 'NONE', ( #960 ), #2215 ) ;
#745 = CARTESIAN_POINT ( 'NONE',  ( 1.300000000000000044, -1.989999999999999991, 0.1200000000000000094 ) ) ;
#746 = EDGE_CURVE ( 'NONE', #1928, #893, #1737, .T. ) ;
#747 = ORIENTED_EDGE ( 'NONE', *, *, #3196, .F. ) ;
#748 = FILL_AREA_STYLE ('',( #1076 ) ) ;
#749 = FACE_OUTER_BOUND ( 'NONE', #631, .T. ) ;
#750 = AXIS2_PLACEMENT_3D ( 'NONE', #105, #1749, #1493 ) ;
#751 = CYLINDRICAL_SURFACE ( 'NONE', #3894, 0.7000000000000000666 ) ;
#752 =( NAMED_UNIT ( * ) SI_UNIT ( $, .STERADIAN. ) SOLID_ANGLE_UNIT ( ) );
#753 =( NAMED_UNIT ( * ) PLANE_ANGLE_UNIT ( ) SI_UNIT ( $, .RADIAN. ) );
#754 = FILL_AREA_STYLE ('',( #1082 ) ) ;
#755 = FILL_AREA_STYLE_COLOUR ( '', #3661 ) ;
#756 = FILL_AREA_STYLE_COLOUR ( '', #3174 ) ;
#757 = COLOUR_RGB ( '',0.8039215686274510109, 0.8039215686274510109, 0.8039215686274510109 ) ;
#758 = FILL_AREA_STYLE_COLOUR ( '', #412 ) ;
#759 = VECTOR ( 'NONE', #3783, 1000.000000000000000 ) ;
#760 = AXIS2_PLACEMENT_3D ( 'NONE', #3027, #731, #405 ) ;
#761 = UNCERTAINTY_MEASURE_WITH_UNIT (LENGTH_MEASURE( 1.000000000000000082E-05 ), #958, 'distance_accuracy_value', 'NONE');
#762 = CARTESIAN_POINT ( 'NONE',  ( -2.324999999999999734, 1.915000000000000036, 0.1200000000000000094 ) ) ;
#763 = VECTOR ( 'NONE', #2575, 1000.000000000000000 ) ;
#764 = ORIENTED_EDGE ( 'NONE', *, *, #4062, .T. ) ;
#765 = ORIENTED_EDGE ( 'NONE', *, *, #1751, .F. ) ;
#766 = LINE ( 'NONE', #338, #2810 ) ;
#767 = DIRECTION ( 'NONE',  ( 3.942553354492735149E-16, 1.000000000000000000, 0.000000000000000000 ) ) ;
#768 =( NAMED_UNIT ( * ) SI_UNIT ( $, .STERADIAN. ) SOLID_ANGLE_UNIT ( ) );
#769 = DIRECTION ( 'NONE',  ( 1.000000000000000000, -7.434529182757750325E-16, 0.000000000000000000 ) ) ;
#770 = ORIENTED_EDGE ( 'NONE', *, *, #3564, .F. ) ;
#771 = CARTESIAN_POINT ( 'NONE',  ( -2.000000000000000000, 2.540000000000000036, 0.02000000000000000042 ) ) ;
#772 = EDGE_CURVE ( 'NONE', #388, #253, #2525, .T. ) ;
#773 =( LENGTH_UNIT ( ) NAMED_UNIT ( * ) SI_UNIT ( .MILLI., .METRE. ) );
#774 = UNCERTAINTY_MEASURE_WITH_UNIT (LENGTH_MEASURE( 1.000000000000000082E-05 ), #2065, 'distance_accuracy_value', 'NONE');
#775 = LINE ( 'NONE', #2284, #2083 ) ;
#776 = CARTESIAN_POINT ( 'NONE',  ( -2.000000000000000000, -2.540000000000000036, 0.1200000000000000094 ) ) ;
#777 = PRESENTATION_LAYER_ASSIGNMENT (  '', '', ( #1472 ) ) ;
#778 = EDGE_CURVE ( 'NONE', #67, #1716, #2096, .T. ) ;
#779 = STYLED_ITEM ( 'NONE', ( #3467 ), #2650 ) ;
#780 = CARTESIAN_POINT ( 'NONE',  ( 2.324999999999999734, 3.239999999999999769, 0.000000000000000000 ) ) ;
#781 = ADVANCED_FACE ( 'NONE', ( #3460, #3182, #2768, #4086, #3139 ), #1808, .F. ) ;
#782 = CARTESIAN_POINT ( 'NONE',  ( 2.324999999999999734, -1.840000000000000080, 0.000000000000000000 ) ) ;
#783 = SURFACE_STYLE_USAGE ( .BOTH. , #430 ) ;
#784 = CYLINDRICAL_SURFACE ( 'NONE', #1108, 0.7000000000000000666 ) ;
#786 = CIRCLE ( 'NONE', #1891, 0.04999999999999999584 ) ;
#785 = DIRECTION ( 'NONE',  ( 0.000000000000000000, 1.000000000000000000, 0.000000000000000000 ) ) ;
#787 = CARTESIAN_POINT ( 'NONE',  ( -2.399999999999999911, -1.915000000000000036, 0.02000000000000000042 ) ) ;
#788 = AXIS2_PLACEMENT_3D ( 'NONE', #3872, #2538, #2231 ) ;
#789 =( NAMED_UNIT ( * ) PLANE_ANGLE_UNIT ( ) SI_UNIT ( $, .RADIAN. ) );
#790 = FACE_OUTER_BOUND ( 'NONE', #173, .T. ) ;
#791 = ORIENTED_EDGE ( 'NONE', *, *, #406, .T. ) ;
#792 = VERTEX_POINT ( 'NONE', #3867 ) ;
#793 = CARTESIAN_POINT ( 'NONE',  ( -2.000000000000000000, -2.540000000000000036, 0.1200000000000000094 ) ) ;
#794 = SURFACE_STYLE_FILL_AREA ( #3759 ) ;
#795 = SURFACE_SIDE_STYLE ('',( #2854 ) ) ;
#796 = SPHERICAL_SURFACE ( 'NONE', #2646, 0.05000000000000000278 ) ;
#797 = ORIENTED_EDGE ( 'NONE', *, *, #1462, .F. ) ;
#798 =( LENGTH_UNIT ( ) NAMED_UNIT ( * ) SI_UNIT ( .MILLI., .METRE. ) );
#799 = PRESENTATION_STYLE_ASSIGNMENT (( #2844 ) ) ;
#800 = PRESENTATION_LAYER_ASSIGNMENT (  '', '', ( #1766 ) ) ;
#801 = CARTESIAN_POINT ( 'NONE',  ( -2.000000000000000000, -2.540000000000000036, 0.000000000000000000 ) ) ;
#802 = DIRECTION ( 'NONE',  ( 0.000000000000000000, 0.000000000000000000, 1.000000000000000000 ) ) ;
#803 = STYLED_ITEM ( 'NONE', ( #2587 ), #3797 ) ;
#804 = EDGE_CURVE ( 'NONE', #2461, #542, #2596, .T. ) ;
#805 = AXIS2_PLACEMENT_3D ( 'NONE', #3764, #2534, #2487 ) ;
#806 = EDGE_CURVE ( 'NONE', #2691, #2853, #2955, .T. ) ;
#807 = LINE ( 'NONE', #2135, #3655 ) ;
#808 = CARTESIAN_POINT ( 'NONE',  ( -2.449999999999999734, -3.449999999999999734, 0.06999999999999999278 ) ) ;
#809 = UNCERTAINTY_MEASURE_WITH_UNIT (LENGTH_MEASURE( 1.000000000000000082E-05 ), #104, 'distance_accuracy_value', 'NONE');
#810 = VECTOR ( 'NONE', #451, 1000.000000000000000 ) ;
#811 = CYLINDRICAL_SURFACE ( 'NONE', #4067, 0.05000000000000012768 ) ;
#812 = ORIENTED_EDGE ( 'NONE', *, *, #778, .T. ) ;
#813 = STYLED_ITEM ( 'NONE', ( #2757 ), #2370 ) ;
#814 = DIRECTION ( 'NONE',  ( -1.000000000000000000, 0.000000000000000000, 0.000000000000000000 ) ) ;
#815 =( NAMED_UNIT ( * ) SI_UNIT ( $, .STERADIAN. ) SOLID_ANGLE_UNIT ( ) );
#816 = FILL_AREA_STYLE ('',( #158 ) ) ;
#817 = VERTEX_POINT ( 'NONE', #4294 ) ;
#818 = DIRECTION ( 'NONE',  ( 0.7071067811865474617, 0.7071067811865474617, 0.000000000000000000 ) ) ;
#819 = STYLED_ITEM ( 'NONE', ( #1084 ), #2054 ) ;
#820 = FACE_OUTER_BOUND ( 'NONE', #655, .T. ) ;
#821 = AXIS2_PLACEMENT_3D ( 'NONE', #3265, #3577, #3517 ) ;
#822 = SURFACE_SIDE_STYLE ('',( #3424 ) ) ;
#823 =( LENGTH_UNIT ( ) NAMED_UNIT ( * ) SI_UNIT ( .MILLI., .METRE. ) );
#824 = DIRECTION ( 'NONE',  ( -1.334402673828316002E-15, -1.000000000000000000, 0.000000000000000000 ) ) ;
#825 = LINE ( 'NONE', #1773, #1418 ) ;
#826 = DIRECTION ( 'NONE',  ( 1.334402673828316002E-15, -1.000000000000000000, 0.000000000000000000 ) ) ;
#827 = CARTESIAN_POINT ( 'NONE',  ( 1.699999999999999956, -2.949999999999999734, 1.039999999999999813 ) ) ;
#828 = SURFACE_STYLE_USAGE ( .BOTH. , #127 ) ;
#829 = DIRECTION ( 'NONE',  ( 0.000000000000000000, 0.000000000000000000, -1.000000000000000000 ) ) ;
#830 = ADVANCED_FACE ( 'NONE', ( #3907 ), #3528, .F. ) ;
#831 = DIRECTION ( 'NONE',  ( 0.000000000000000000, 0.000000000000000000, -1.000000000000000000 ) ) ;
#832 = LINE ( 'NONE', #2457, #3587 ) ;
#833 = FILL_AREA_STYLE ('',( #2203 ) ) ;
#834 = EDGE_CURVE ( 'NONE', #2173, #551, #3008, .T. ) ;
#835 = CLOSED_SHELL ( 'NONE', ( #1650, #2370, #526, #576, #2719, #89, #3649, #2677 ) ) ;
#836 = STYLED_ITEM ( 'NONE', ( #3654 ), #1517 ) ;
#837 = CARTESIAN_POINT ( 'NONE',  ( 2.449999999999999734, -3.449999999999999734, 1.000000000000000000 ) ) ;
#838 = ORIENTED_EDGE ( 'NONE', *, *, #1549, .F. ) ;
#839 = SURFACE_STYLE_USAGE ( .BOTH. , #1159 ) ;
#840 = FILL_AREA_STYLE_COLOUR ( '', #546 ) ;
#841 =( LENGTH_UNIT ( ) NAMED_UNIT ( * ) SI_UNIT ( .MILLI., .METRE. ) );
#842 = PRESENTATION_LAYER_ASSIGNMENT (  '', '', ( #2437 ) ) ;
#843 = DIRECTION ( 'NONE',  ( 1.000000000000000000, -8.673617379884011806E-15, 0.000000000000000000 ) ) ;
#844 = DIRECTION ( 'NONE',  ( 1.000000000000000000, 0.000000000000000000, 0.000000000000000000 ) ) ;
#845 = DIRECTION ( 'NONE',  ( 0.000000000000000000, 1.000000000000000000, 0.000000000000000000 ) ) ;
#846 = DIRECTION ( 'NONE',  ( 0.000000000000000000, 0.000000000000000000, -1.000000000000000000 ) ) ;
#847 = LINE ( 'NONE', #152, #962 ) ;
#848 = MECHANICAL_DESIGN_GEOMETRIC_PRESENTATION_REPRESENTATION (  '', ( #3829 ), #1544 ) ;
#849 = VECTOR ( 'NONE', #1494, 1000.000000000000000 ) ;
#850 = AXIS2_PLACEMENT_3D ( 'NONE', #1672, #1064, #324 ) ;
#851 = SURFACE_STYLE_USAGE ( .BOTH. , #1831 ) ;
#852 = EDGE_CURVE ( 'NONE', #2573, #3650, #4245, .T. ) ;
#853 = VERTEX_POINT ( 'NONE', #3231 ) ;
#854 =( NAMED_UNIT ( * ) SI_UNIT ( $, .STERADIAN. ) SOLID_ANGLE_UNIT ( ) );
#855 = UNCERTAINTY_MEASURE_WITH_UNIT (LENGTH_MEASURE( 1.000000000000000082E-05 ), #3722, 'distance_accuracy_value', 'NONE');
#856 = CARTESIAN_POINT ( 'NONE',  ( -2.449999999999999734, 3.449999999999999734, 0.06999999999999999278 ) ) ;
#857 =( LENGTH_UNIT ( ) NAMED_UNIT ( * ) SI_UNIT ( .MILLI., .METRE. ) );
#858 = CARTESIAN_POINT ( 'NONE',  ( 2.324999999999999734, -3.239999999999999769, 0.1200000000000000094 ) ) ;
#859 =( LENGTH_UNIT ( ) NAMED_UNIT ( * ) SI_UNIT ( .MILLI., .METRE. ) );
#860 = MECHANICAL_DESIGN_GEOMETRIC_PRESENTATION_REPRESENTATION (  '', ( #2609 ), #1416 ) ;
#861 = VERTEX_POINT ( 'NONE', #3550 ) ;
#862 = CARTESIAN_POINT ( 'NONE',  ( -2.324999999999999734, 1.840000000000000080, 0.1200000000000000094 ) ) ;
#863 = ORIENTED_EDGE ( 'NONE', *, *, #193, .F. ) ;
#864 = AXIS2_PLACEMENT_3D ( 'NONE', #646, #1980, #3700 ) ;
#865 = FILL_AREA_STYLE ('',( #2283 ) ) ;
#866 = VECTOR ( 'NONE', #2471, 1000.000000000000000 ) ;
#867 =( GEOMETRIC_REPRESENTATION_CONTEXT ( 3 ) GLOBAL_UNCERTAINTY_ASSIGNED_CONTEXT ( ( #4208 ) ) GLOBAL_UNIT_ASSIGNED_CONTEXT ( ( #1182, #182, #1203 ) ) REPRESENTATION_CONTEXT ( 'NONE', 'WORKASPACE' ) );
#868 = LINE ( 'NONE', #3548, #1384 ) ;
#869 = VECTOR ( 'NONE', #1337, 1000.000000000000000 ) ;
#870 =( NAMED_UNIT ( * ) PLANE_ANGLE_UNIT ( ) SI_UNIT ( $, .RADIAN. ) );
#871 = VERTEX_POINT ( 'NONE', #3300 ) ;
#872 =( GEOMETRIC_REPRESENTATION_CONTEXT ( 3 ) GLOBAL_UNCERTAINTY_ASSIGNED_CONTEXT ( ( #1467 ) ) GLOBAL_UNIT_ASSIGNED_CONTEXT ( ( #3403, #753, #3084 ) ) REPRESENTATION_CONTEXT ( 'NONE', 'WORKASPACE' ) );
#873 = FACE_OUTER_BOUND ( 'NONE', #1411, .T. ) ;
#874 = EDGE_CURVE ( 'NONE', #2651, #1897, #3327, .T. ) ;
#875 = SURFACE_STYLE_USAGE ( .BOTH. , #4186 ) ;
#876 = EDGE_CURVE ( 'NONE', #26, #2660, #520, .T. ) ;
#877 = PRESENTATION_LAYER_ASSIGNMENT (  '', '', ( #3787 ) ) ;
#878 =( NAMED_UNIT ( * ) SI_UNIT ( $, .STERADIAN. ) SOLID_ANGLE_UNIT ( ) );
#879 = SURFACE_SIDE_STYLE ('',( #185 ) ) ;
#880 = EDGE_CURVE ( 'NONE', #2771, #2390, #1089, .T. ) ;
#881 = FACE_OUTER_BOUND ( 'NONE', #237, .T. ) ;
#882 = CYLINDRICAL_SURFACE ( 'NONE', #1394, 0.7000000000000000666 ) ;
#883 = ORIENTED_EDGE ( 'NONE', *, *, #3668, .F. ) ;
#884 = ORIENTED_EDGE ( 'NONE', *, *, #699, .T. ) ;
#885 = SURFACE_SIDE_STYLE ('',( #1868 ) ) ;
#886 = UNCERTAINTY_MEASURE_WITH_UNIT (LENGTH_MEASURE( 1.000000000000000082E-05 ), #936, 'distance_accuracy_value', 'NONE');
#887 = SURFACE_STYLE_USAGE ( .BOTH. , #1804 ) ;
#888 = LINE ( 'NONE', #3526, #4012 ) ;
#889 = FACE_OUTER_BOUND ( 'NONE', #1417, .T. ) ;
#890 = CARTESIAN_POINT ( 'NONE',  ( -2.449999999999999734, -3.449999999999999734, 1.000000000000000000 ) ) ;
#891 =( NAMED_UNIT ( * ) PLANE_ANGLE_UNIT ( ) SI_UNIT ( $, .RADIAN. ) );
#892 = DIRECTION ( 'NONE',  ( 0.000000000000000000, 0.000000000000000000, -1.000000000000000000 ) ) ;
#893 = VERTEX_POINT ( 'NONE', #1369 ) ;
#894 = PRESENTATION_STYLE_ASSIGNMENT (( #3828 ) ) ;
#895 = UNCERTAINTY_MEASURE_WITH_UNIT (LENGTH_MEASURE( 1.000000000000000082E-05 ), #2524, 'distance_accuracy_value', 'NONE');
#896 = LINE ( 'NONE', #4275, #179 ) ;
#897 = AXIS2_PLACEMENT_3D ( 'NONE', #359, #3363, #1438 ) ;
#898 = SURFACE_SIDE_STYLE ('',( #3263 ) ) ;
#899 = DIRECTION ( 'NONE',  ( -1.000000000000000000, 0.000000000000000000, 0.000000000000000000 ) ) ;
#900 = ADVANCED_FACE ( 'NONE', ( #40 ), #2689, .F. ) ;
#901 = CARTESIAN_POINT ( 'NONE',  ( -2.324999999999999734, -1.915000000000000036, 0.02000000000000000042 ) ) ;
#902 = ORIENTED_EDGE ( 'NONE', *, *, #4145, .F. ) ;
#903 = VERTEX_POINT ( 'NONE', #3322 ) ;
#904 = EDGE_LOOP ( 'NONE', ( #1317, #3921, #3020, #1284 ) ) ;
#905 = ORIENTED_EDGE ( 'NONE', *, *, #2498, .F. ) ;
#906 = SURFACE_STYLE_FILL_AREA ( #833 ) ;
#907 = SURFACE_STYLE_FILL_AREA ( #3882 ) ;
#908 = DIRECTION ( 'NONE',  ( -1.000000000000000000, 0.000000000000000000, 0.000000000000000000 ) ) ;
#909 = CARTESIAN_POINT ( 'NONE',  ( -2.000000000000000000, 1.840000000000000080, 0.000000000000000000 ) ) ;
#910 = STYLED_ITEM ( 'NONE', ( #3175 ), #2719 ) ;
#911 = VERTEX_POINT ( 'NONE', #310 ) ;
#912 = CARTESIAN_POINT ( 'NONE',  ( 2.449999999999999734, -3.449999999999999734, 0.06999999999999999278 ) ) ;
#913 = COLOUR_RGB ( '',0.2862745098039215508, 0.2862745098039215508, 0.2862745098039215508 ) ;
#914 = SURFACE_SIDE_STYLE ('',( #1633 ) ) ;
#915 = AXIS2_PLACEMENT_3D ( 'NONE', #1232, #2492, #1475 ) ;
#916 =( NAMED_UNIT ( * ) SI_UNIT ( $, .STERADIAN. ) SOLID_ANGLE_UNIT ( ) );
#917 = DIRECTION ( 'NONE',  ( 1.000000000000000000, 0.000000000000000000, 0.000000000000000000 ) ) ;
#918 = PRESENTATION_STYLE_ASSIGNMENT (( #3893 ) ) ;
#919 = SURFACE_SIDE_STYLE ('',( #231 ) ) ;
#920 = SURFACE_STYLE_FILL_AREA ( #3520 ) ;
#921 = EDGE_LOOP ( 'NONE', ( #2752, #1781, #2235, #3617 ) ) ;
#922 = VERTEX_POINT ( 'NONE', #2353 ) ;
#923 = VERTEX_POINT ( 'NONE', #3673 ) ;
#924 = FILL_AREA_STYLE ('',( #4241 ) ) ;
#925 = EDGE_CURVE ( 'NONE', #2420, #2260, #3032, .T. ) ;
#926 = UNCERTAINTY_MEASURE_WITH_UNIT (LENGTH_MEASURE( 1.000000000000000082E-05 ), #2070, 'distance_accuracy_value', 'NONE');
#927 = DIRECTION ( 'NONE',  ( 1.000000000000000000, 6.195440985631415874E-17, 0.000000000000000000 ) ) ;
#928 = PRESENTATION_LAYER_ASSIGNMENT (  '', '', ( #2609 ) ) ;
#929 = FILL_AREA_STYLE_COLOUR ( '', #3198 ) ;
#930 = EDGE_CURVE ( 'NONE', #678, #903, #3534, .T. ) ;
#931 = COLOUR_RGB ( '',0.8039215686274510109, 0.8039215686274510109, 0.8039215686274510109 ) ;
#932 = CARTESIAN_POINT ( 'NONE',  ( 1.300000000000000044, -2.540000000000000036, 0.1200000000000000094 ) ) ;
#933 = UNCERTAINTY_MEASURE_WITH_UNIT (LENGTH_MEASURE( 1.000000000000000082E-05 ), #2086, 'distance_accuracy_value', 'NONE');
#934 =( NAMED_UNIT ( * ) PLANE_ANGLE_UNIT ( ) SI_UNIT ( $, .RADIAN. ) );
#935 = AXIS2_PLACEMENT_3D ( 'NONE', #1931, #574, #3583 ) ;
#936 =( LENGTH_UNIT ( ) NAMED_UNIT ( * ) SI_UNIT ( .MILLI., .METRE. ) );
#937 = CIRCLE ( 'NONE', #3512, 0.7000000000000000666 ) ;
#938 = ORIENTED_EDGE ( 'NONE', *, *, #3956, .T. ) ;
#939 = SURFACE_STYLE_FILL_AREA ( #1879 ) ;
#940 = CIRCLE ( 'NONE', #3097, 0.7000000000000000666 ) ;
#941 =( LENGTH_UNIT ( ) NAMED_UNIT ( * ) SI_UNIT ( .MILLI., .METRE. ) );
#942 = ORIENTED_EDGE ( 'NONE', *, *, #2236, .F. ) ;
#943 = DIRECTION ( 'NONE',  ( 0.000000000000000000, 0.000000000000000000, 1.000000000000000000 ) ) ;
#944 = PRESENTATION_STYLE_ASSIGNMENT (( #1280 ) ) ;
#945 = CYLINDRICAL_SURFACE ( 'NONE', #1892, 0.7000000000000000666 ) ;
#946 = COLOUR_RGB ( '',0.8039215686274510109, 0.8039215686274510109, 0.8039215686274510109 ) ;
#947 =( GEOMETRIC_REPRESENTATION_CONTEXT ( 3 ) GLOBAL_UNCERTAINTY_ASSIGNED_CONTEXT ( ( #3465 ) ) GLOBAL_UNIT_ASSIGNED_CONTEXT ( ( #4219, #1239, #3839 ) ) REPRESENTATION_CONTEXT ( 'NONE', 'WORKASPACE' ) );
#948 = SURFACE_SIDE_STYLE ('',( #3605 ) ) ;
#949 = ORIENTED_EDGE ( 'NONE', *, *, #2417, .F. ) ;
#950 = FILL_AREA_STYLE_COLOUR ( '', #2868 ) ;
#951 = ORIENTED_EDGE ( 'NONE', *, *, #2531, .F. ) ;
#952 = COLOUR_RGB ( '',0.2862745098039215508, 0.2862745098039215508, 0.2862745098039215508 ) ;
#953 = PRESENTATION_STYLE_ASSIGNMENT (( #1561 ) ) ;
#954 = DIRECTION ( 'NONE',  ( 1.000000000000000000, 0.000000000000000000, 0.000000000000000000 ) ) ;
#955 = MECHANICAL_DESIGN_GEOMETRIC_PRESENTATION_REPRESENTATION (  '', ( #33 ), #2211 ) ;
#956 = ADVANCED_FACE ( 'NONE', ( #1469 ), #1398, .T. ) ;
#957 = CARTESIAN_POINT ( 'NONE',  ( 2.000000000000000000, 2.540000000000000036, 0.000000000000000000 ) ) ;
#958 =( LENGTH_UNIT ( ) NAMED_UNIT ( * ) SI_UNIT ( .MILLI., .METRE. ) );
#959 = SURFACE_STYLE_USAGE ( .BOTH. , #3931 ) ;
#960 = PRESENTATION_STYLE_ASSIGNMENT (( #220 ) ) ;
#961 = DIRECTION ( 'NONE',  ( 0.000000000000000000, 0.000000000000000000, -1.000000000000000000 ) ) ;
#962 = VECTOR ( 'NONE', #1107, 1000.000000000000000 ) ;
#963 = VERTEX_POINT ( 'NONE', #3269 ) ;
#964 = EDGE_CURVE ( 'NONE', #1631, #394, #1965, .T. ) ;
#965 = VERTEX_POINT ( 'NONE', #3652 ) ;
#966 = SURFACE_STYLE_USAGE ( .BOTH. , #914 ) ;
#967 = PRESENTATION_STYLE_ASSIGNMENT (( #3262 ) ) ;
#968 = STYLED_ITEM ( 'NONE', ( #2838 ), #464 ) ;
#969 = FACE_OUTER_BOUND ( 'NONE', #32, .T. ) ;
#970 =( NAMED_UNIT ( * ) PLANE_ANGLE_UNIT ( ) SI_UNIT ( $, .RADIAN. ) );
#971 = STYLED_ITEM ( 'NONE', ( #2307 ), #1519 ) ;
#972 = CARTESIAN_POINT ( 'NONE',  ( 2.324999999999999734, -1.840000000000000080, 0.1200000000000000094 ) ) ;
#973 =( LENGTH_UNIT ( ) NAMED_UNIT ( * ) SI_UNIT ( .MILLI., .METRE. ) );
#974 = VERTEX_POINT ( 'NONE', #4314 ) ;
#975 = CARTESIAN_POINT ( 'NONE',  ( 2.399999999999999911, 1.915000000000000036, 0.1200000000000000094 ) ) ;
#976 = VERTEX_POINT ( 'NONE', #2259 ) ;
#977 = LINE ( 'NONE', #1001, #2883 ) ;
#978 = UNCERTAINTY_MEASURE_WITH_UNIT (LENGTH_MEASURE( 1.000000000000000082E-05 ), #841, 'distance_accuracy_value', 'NONE');
#979 =( NAMED_UNIT ( * ) SI_UNIT ( $, .STERADIAN. ) SOLID_ANGLE_UNIT ( ) );
#980 = DIRECTION ( 'NONE',  ( 1.000000000000000000, 0.000000000000000000, 0.000000000000000000 ) ) ;
#981 = AXIS2_PLACEMENT_3D ( 'NONE', #1492, #2824, #2490 ) ;
#982 = VERTEX_POINT ( 'NONE', #1953 ) ;
#983 = COLOUR_RGB ( '',0.2862745098039215508, 0.2862745098039215508, 0.2862745098039215508 ) ;
#984 = ORIENTED_EDGE ( 'NONE', *, *, #925, .F. ) ;
#985 = CARTESIAN_POINT ( 'NONE',  ( 2.324999999999999734, 3.239999999999999769, 0.02000000000000000042 ) ) ;
#986 = SURFACE_SIDE_STYLE ('',( #3257 ) ) ;
#987 = PLANE ( 'NONE',  #2751 ) ;
#988 = EDGE_CURVE ( 'NONE', #3650, #817, #1978, .T. ) ;
#989 =( LENGTH_UNIT ( ) NAMED_UNIT ( * ) SI_UNIT ( .MILLI., .METRE. ) );
#990 = LINE ( 'NONE', #1968, #1458 ) ;
#991 = EDGE_CURVE ( 'NONE', #2315, #2783, #2638, .T. ) ;
#992 = MECHANICAL_DESIGN_GEOMETRIC_PRESENTATION_REPRESENTATION (  '', ( #1824 ), #3014 ) ;
#993 = AXIS2_PLACEMENT_3D ( 'NONE', #339, #2051, #1684 ) ;
#994 = ORIENTED_EDGE ( 'NONE', *, *, #407, .F. ) ;
#995 = DIRECTION ( 'NONE',  ( 0.000000000000000000, 0.000000000000000000, -1.000000000000000000 ) ) ;
#996 = PLANE ( 'NONE',  #2177 ) ;
#997 = FACE_OUTER_BOUND ( 'NONE', #670, .T. ) ;
#998 = DIRECTION ( 'NONE',  ( 0.000000000000000000, 0.000000000000000000, -1.000000000000000000 ) ) ;
#999 = ORIENTED_EDGE ( 'NONE', *, *, #3063, .T. ) ;
#1000 = FILL_AREA_STYLE ('',( #1732 ) ) ;
#1001 = CARTESIAN_POINT ( 'NONE',  ( 2.199999999999999734, -2.949999999999999734, 1.050000000000000044 ) ) ;
#1002 = PRESENTATION_STYLE_ASSIGNMENT (( #1713 ) ) ;
#1003 = FILL_AREA_STYLE_COLOUR ( '', #181 ) ;
#1004 = DIRECTION ( 'NONE',  ( 0.000000000000000000, 0.000000000000000000, -1.000000000000000000 ) ) ;
#1005 = ORIENTED_EDGE ( 'NONE', *, *, #143, .F. ) ;
#1006 = EDGE_LOOP ( 'NONE', ( #3499, #302, #2707, #1390 ) ) ;
#1007 = DIRECTION ( 'NONE',  ( 1.000000000000000000, 0.000000000000000000, 0.000000000000000000 ) ) ;
#1008 = PRESENTATION_STYLE_ASSIGNMENT (( #2673 ) ) ;
#1009 = VECTOR ( 'NONE', #1285, 1000.000000000000000 ) ;
#1010 = FILL_AREA_STYLE_COLOUR ( '', #585 ) ;
#1011 = SURFACE_STYLE_FILL_AREA ( #4038 ) ;
#1012 = DIRECTION ( 'NONE',  ( 0.000000000000000000, -1.000000000000000000, 0.000000000000000000 ) ) ;
#1013 = PRESENTATION_LAYER_ASSIGNMENT (  '', '', ( #2396 ) ) ;
#1014 = EDGE_CURVE ( 'NONE', #1193, #4269, #2103, .T. ) ;
#1015 = CYLINDRICAL_SURFACE ( 'NONE', #2557, 0.7000000000000000666 ) ;
#1016 = FILL_AREA_STYLE_COLOUR ( '', #2940 ) ;
#1017 = EDGE_CURVE ( 'NONE', #4194, #3552, #4044, .T. ) ;
#1018 =( LENGTH_UNIT ( ) NAMED_UNIT ( * ) SI_UNIT ( .MILLI., .METRE. ) );
#1019 = CARTESIAN_POINT ( 'NONE',  ( -2.324999999999999734, 3.165000000000000036, 0.1200000000000000094 ) ) ;
#1020 = EDGE_CURVE ( 'NONE', #3600, #3442, #4259, .T. ) ;
#1021 = VERTEX_POINT ( 'NONE', #975 ) ;
#1022 = DIRECTION ( 'NONE',  ( 0.000000000000000000, 0.000000000000000000, 1.000000000000000000 ) ) ;
#1023 = CARTESIAN_POINT ( 'NONE',  ( 2.324999999999999734, 3.165000000000000036, 0.02000000000000000042 ) ) ;
#1024 = SURFACE_SIDE_STYLE ('',( #672 ) ) ;
#1025 = COLOUR_RGB ( '',0.2862745098039215508, 0.2862745098039215508, 0.2862745098039215508 ) ;
#1026 = ADVANCED_FACE ( 'NONE', ( #3716 ), #751, .T. ) ;
#1027 = VECTOR ( 'NONE', #1168, 1000.000000000000000 ) ;
#1028 = EDGE_LOOP ( 'NONE', ( #3157, #1261, #4156, #2440 ) ) ;
#1029 = DIRECTION ( 'NONE',  ( 1.000000000000000000, 0.000000000000000000, 0.000000000000000000 ) ) ;
#1030 = EDGE_LOOP ( 'NONE', ( #2146, #1238, #4108, #469 ) ) ;
#1031 = APPLICATION_PROTOCOL_DEFINITION ( 'draft international standard', 'automotive_design', 1998, #1966 ) ;
#1032 =( NAMED_UNIT ( * ) SI_UNIT ( $, .STERADIAN. ) SOLID_ANGLE_UNIT ( ) );
#1033 = VECTOR ( 'NONE', #2983, 1000.000000000000000 ) ;
#1034 = CARTESIAN_POINT ( 'NONE',  ( -2.449999999999999734, -3.449999999999999734, 0.06999999999999999278 ) ) ;
#1035 = DIRECTION ( 'NONE',  ( 0.000000000000000000, 0.000000000000000000, -1.000000000000000000 ) ) ;
#1036 = CARTESIAN_POINT ( 'NONE',  ( -2.000000000000000000, -2.540000000000000036, 0.1200000000000000094 ) ) ;
#1037 =( LENGTH_UNIT ( ) NAMED_UNIT ( * ) SI_UNIT ( .MILLI., .METRE. ) );
#1038 = FILL_AREA_STYLE ('',( #2 ) ) ;
#1039 = SURFACE_STYLE_USAGE ( .BOTH. , #710 ) ;
#1040 =( GEOMETRIC_REPRESENTATION_CONTEXT ( 3 ) GLOBAL_UNCERTAINTY_ASSIGNED_CONTEXT ( ( #2114 ) ) GLOBAL_UNIT_ASSIGNED_CONTEXT ( ( #199, #4202, #3972 ) ) REPRESENTATION_CONTEXT ( 'NONE', 'WORKASPACE' ) );
#1041 = CIRCLE ( 'NONE', #2713, 0.05000000000000012768 ) ;
#1042 = DIRECTION ( 'NONE',  ( 0.000000000000000000, 0.000000000000000000, -1.000000000000000000 ) ) ;
#1043 = DIRECTION ( 'NONE',  ( 0.000000000000000000, 1.000000000000000000, 0.000000000000000000 ) ) ;
#1044 = ADVANCED_FACE ( 'NONE', ( #519 ), #1466, .T. ) ;
#1045 = ADVANCED_FACE ( 'NONE', ( #3464 ), #4159, .T. ) ;
#1046 = CARTESIAN_POINT ( 'NONE',  ( -2.449999999999999734, -3.500000000000000000, 1.000000000000000000 ) ) ;
#1047 = CARTESIAN_POINT ( 'NONE',  ( 2.324999999999999734, -1.840000000000000080, 0.1200000000000000094 ) ) ;
#1048 =( LENGTH_UNIT ( ) NAMED_UNIT ( * ) SI_UNIT ( .MILLI., .METRE. ) );
#1049 = ORIENTED_EDGE ( 'NONE', *, *, #2873, .T. ) ;
#1050 = ORIENTED_EDGE ( 'NONE', *, *, #493, .T. ) ;
#1051 = FILL_AREA_STYLE_COLOUR ( '', #1976 ) ;
#1052 = CARTESIAN_POINT ( 'NONE',  ( -2.324999999999999734, 3.239999999999999769, 0.000000000000000000 ) ) ;
#1053 = SURFACE_STYLE_FILL_AREA ( #4021 ) ;
#1054 = AXIS2_PLACEMENT_3D ( 'NONE', #1512, #3215, #453 ) ;
#1055 = ORIENTED_EDGE ( 'NONE', *, *, #4233, .T. ) ;
#1056 = CARTESIAN_POINT ( 'NONE',  ( -2.000000000000000000, 2.540000000000000036, 0.000000000000000000 ) ) ;
#1057 = CARTESIAN_POINT ( 'NONE',  ( -2.000000000000000000, -3.239999999999999769, 0.02000000000000000042 ) ) ;
#1058 = VECTOR ( 'NONE', #2583, 1000.000000000000000 ) ;
#1059 = PRESENTATION_STYLE_ASSIGNMENT (( #3767 ) ) ;
#1060 = ORIENTED_EDGE ( 'NONE', *, *, #3876, .T. ) ;
#1061 = STYLED_ITEM ( 'NONE', ( #525 ), #3065 ) ;
#1062 = DIRECTION ( 'NONE',  ( 0.000000000000000000, 0.000000000000000000, -1.000000000000000000 ) ) ;
#1063 = AXIS2_PLACEMENT_3D ( 'NONE', #3061, #2731, #3292 ) ;
#1064 = DIRECTION ( 'NONE',  ( 1.000000000000000000, 0.000000000000000000, 0.000000000000000000 ) ) ;
#1065 = DIRECTION ( 'NONE',  ( 0.000000000000000000, 0.000000000000000000, -1.000000000000000000 ) ) ;
#1066 = SURFACE_SIDE_STYLE ('',( #4029 ) ) ;
#1067 = EDGE_CURVE ( 'NONE', #2712, #1969, #3805, .T. ) ;
#1068 = ADVANCED_FACE ( 'NONE', ( #1836 ), #3164, .T. ) ;
#1069 = VERTEX_POINT ( 'NONE', #38 ) ;
#1070 = ORIENTED_EDGE ( 'NONE', *, *, #170, .T. ) ;
#1071 =( NAMED_UNIT ( * ) SI_UNIT ( $, .STERADIAN. ) SOLID_ANGLE_UNIT ( ) );
#1072 = CARTESIAN_POINT ( 'NONE',  ( 2.324999999999999734, -1.840000000000000080, 0.1200000000000000094 ) ) ;
#1073 = PRESENTATION_LAYER_ASSIGNMENT (  '', '', ( #3429 ) ) ;
#1074 = ORIENTED_EDGE ( 'NONE', *, *, #271, .T. ) ;
#1075 = EDGE_CURVE ( 'NONE', #792, #3318, #786, .T. ) ;
#1076 = FILL_AREA_STYLE_COLOUR ( '', #2765 ) ;
#1077 = DIRECTION ( 'NONE',  ( 0.000000000000000000, 1.000000000000000000, 0.000000000000000000 ) ) ;
#1078 = CARTESIAN_POINT ( 'NONE',  ( -2.399999999999999911, -3.165000000000000036, 0.1200000000000000094 ) ) ;
#1079 = CARTESIAN_POINT ( 'NONE',  ( 2.449999999999999734, 3.449999999999999734, 1.000000000000000000 ) ) ;
#1080 = VECTOR ( 'NONE', #3080, 1000.000000000000000 ) ;
#1081 = ORIENTED_EDGE ( 'NONE', *, *, #1382, .T. ) ;
#1082 = FILL_AREA_STYLE_COLOUR ( '', #3299 ) ;
#1083 = PRESENTATION_STYLE_ASSIGNMENT (( #4141 ) ) ;
#1084 = PRESENTATION_STYLE_ASSIGNMENT (( #783 ) ) ;
#1085 = SURFACE_SIDE_STYLE ('',( #1450 ) ) ;
#1086 = CARTESIAN_POINT ( 'NONE',  ( 2.399999999999999911, -1.915000000000000036, 0.1200000000000000094 ) ) ;
#1087 = LINE ( 'NONE', #373, #217 ) ;
#1088 = MECHANICAL_DESIGN_GEOMETRIC_PRESENTATION_REPRESENTATION (  '', ( #2697 ), #2403 ) ;
#1089 = CIRCLE ( 'NONE', #3522, 0.05000000000000012768 ) ;
#1090 = ORIENTED_EDGE ( 'NONE', *, *, #2344, .F. ) ;
#1091 = EDGE_LOOP ( 'NONE', ( #1050, #1234, #2248, #2988 ) ) ;
#1092 = VECTOR ( 'NONE', #1270, 1000.000000000000000 ) ;
#1093 = LINE ( 'NONE', #3347, #45 ) ;
#1094 = ADVANCED_FACE ( 'NONE', ( #3352 ), #3333, .T. ) ;
#1095 = ORIENTED_EDGE ( 'NONE', *, *, #1432, .F. ) ;
#1096 = PRESENTATION_STYLE_ASSIGNMENT (( #3714 ) ) ;
#1097 = CARTESIAN_POINT ( 'NONE',  ( 2.500000000000000000, 3.500000000000000000, 1.000000000000000000 ) ) ;
#1098 = DIRECTION ( 'NONE',  ( 0.000000000000000000, -1.000000000000000000, 0.000000000000000000 ) ) ;
#1099 = DIRECTION ( 'NONE',  ( 1.000000000000000000, 0.000000000000000000, 0.000000000000000000 ) ) ;
#1100 = CYLINDRICAL_SURFACE ( 'NONE', #821, 0.7000000000000000666 ) ;
#1101 = DIRECTION ( 'NONE',  ( 0.000000000000000000, 0.000000000000000000, -1.000000000000000000 ) ) ;
#1102 = STYLED_ITEM ( 'NONE', ( #3621 ), #609 ) ;
#1103 = CLOSED_SHELL ( 'NONE', ( #2675, #2215, #15, #37 ) ) ;
#1104 = FILL_AREA_STYLE ('',( #758 ) ) ;
#1105 = AXIS2_PLACEMENT_3D ( 'NONE', #1079, #1122, #3083 ) ;
#1106 = UNCERTAINTY_MEASURE_WITH_UNIT (LENGTH_MEASURE( 1.000000000000000082E-05 ), #2663, 'distance_accuracy_value', 'NONE');
#1107 = DIRECTION ( 'NONE',  ( 0.000000000000000000, 0.000000000000000000, -1.000000000000000000 ) ) ;
#1108 = AXIS2_PLACEMENT_3D ( 'NONE', #1881, #1443, #162 ) ;
#1109 = AXIS2_PLACEMENT_3D ( 'NONE', #2950, #1663, #1300 ) ;
#1110 = CARTESIAN_POINT ( 'NONE',  ( -2.000000000000000000, -1.840000000000000080, 0.02000000000000000042 ) ) ;
#1111 = ORIENTED_EDGE ( 'NONE', *, *, #2928, .T. ) ;
#1112 = ORIENTED_EDGE ( 'NONE', *, *, #4233, .F. ) ;
#1113 =( NAMED_UNIT ( * ) SI_UNIT ( $, .STERADIAN. ) SOLID_ANGLE_UNIT ( ) );
#1114 = DIRECTION ( 'NONE',  ( 0.7071067811865474617, 0.7071067811865474617, 0.000000000000000000 ) ) ;
#1115 =( NAMED_UNIT ( * ) PLANE_ANGLE_UNIT ( ) SI_UNIT ( $, .RADIAN. ) );
#1116 = FILL_AREA_STYLE_COLOUR ( '', #3945 ) ;
#1117 = VERTEX_POINT ( 'NONE', #4009 ) ;
#1118 = FILL_AREA_STYLE ('',( #1745 ) ) ;
#1119 = EDGE_CURVE ( 'NONE', #3, #394, #1326, .T. ) ;
#1120 = FILL_AREA_STYLE_COLOUR ( '', #3414 ) ;
#1121 = ADVANCED_FACE ( 'NONE', ( #1346 ), #4026, .T. ) ;
#1122 = DIRECTION ( 'NONE',  ( 0.000000000000000000, 0.000000000000000000, -1.000000000000000000 ) ) ;
#1123 =( NAMED_UNIT ( * ) SI_UNIT ( $, .STERADIAN. ) SOLID_ANGLE_UNIT ( ) );
#1124 = DIRECTION ( 'NONE',  ( 0.000000000000000000, 0.000000000000000000, -1.000000000000000000 ) ) ;
#1125 = DIRECTION ( 'NONE',  ( 0.000000000000000000, 0.000000000000000000, -1.000000000000000000 ) ) ;
#1126 = DIRECTION ( 'NONE',  ( 0.000000000000000000, 0.000000000000000000, -1.000000000000000000 ) ) ;
#1127 =( GEOMETRIC_REPRESENTATION_CONTEXT ( 3 ) GLOBAL_UNCERTAINTY_ASSIGNED_CONTEXT ( ( #729 ) ) GLOBAL_UNIT_ASSIGNED_CONTEXT ( ( #3601, #1253, #2951 ) ) REPRESENTATION_CONTEXT ( 'NONE', 'WORKASPACE' ) );
#1129 = VECTOR ( 'NONE', #3046, 1000.000000000000000 ) ;
#1128 = CARTESIAN_POINT ( 'NONE',  ( 2.399999999999999911, -1.915000000000000036, 0.1200000000000000094 ) ) ;
#1130 = DIRECTION ( 'NONE',  ( -8.673617379884020681E-17, -1.000000000000000000, 0.000000000000000000 ) ) ;
#1131 = VECTOR ( 'NONE', #4118, 1000.000000000000000 ) ;
#1132 = CARTESIAN_POINT ( 'NONE',  ( 2.324999999999999734, 3.239999999999999769, 0.1200000000000000094 ) ) ;
#1133 = CARTESIAN_POINT ( 'NONE',  ( -2.324999999999999734, 1.840000000000000080, 0.02000000000000000042 ) ) ;
#1134 = ORIENTED_EDGE ( 'NONE', *, *, #4030, .F. ) ;
#1135 = FACE_OUTER_BOUND ( 'NONE', #1215, .T. ) ;
#1136 = ORIENTED_EDGE ( 'NONE', *, *, #3713, .F. ) ;
#1137 = CARTESIAN_POINT ( 'NONE',  ( -2.399999999999999911, 1.915000000000000036, 0.1200000000000000094 ) ) ;
#1138 = DIRECTION ( 'NONE',  ( 0.000000000000000000, 0.000000000000000000, -1.000000000000000000 ) ) ;
#1139 = ADVANCED_FACE ( 'NONE', ( #1364 ), #2661, .T. ) ;
#1140 = CARTESIAN_POINT ( 'NONE',  ( -2.500000000000000000, -3.449999999999999734, 0.06999999999999999278 ) ) ;
#1141 = SURFACE_SIDE_STYLE ('',( #4165 ) ) ;
#1142 = CARTESIAN_POINT ( 'NONE',  ( -2.324999999999999734, 3.239999999999999769, 0.1200000000000000094 ) ) ;
#1143 = PRESENTATION_LAYER_ASSIGNMENT (  '', '', ( #2613 ) ) ;
#1144 = SURFACE_SIDE_STYLE ('',( #311 ) ) ;
#1145 = COLOUR_RGB ( '',0.8039215686274510109, 0.8039215686274510109, 0.8039215686274510109 ) ;
#1146 = EDGE_CURVE ( 'NONE', #2551, #3546, #3221, .T. ) ;
#1147 =( NAMED_UNIT ( * ) PLANE_ANGLE_UNIT ( ) SI_UNIT ( $, .RADIAN. ) );
#1148 = CARTESIAN_POINT ( 'NONE',  ( -2.992397996059990266E-16, -3.449999999999999734, 1.000000000000000000 ) ) ;
#1149 = MECHANICAL_DESIGN_GEOMETRIC_PRESENTATION_REPRESENTATION (  '', ( #2396 ), #2333 ) ;
#1150 = EDGE_LOOP ( 'NONE', ( #3886, #1081 ) ) ;
#1151 = CARTESIAN_POINT ( 'NONE',  ( -2.449999999999999734, 0.000000000000000000, 1.000000000000000000 ) ) ;
#1152 = CARTESIAN_POINT ( 'NONE',  ( 1.300000000000000044, -2.540000000000000036, 0.1200000000000000094 ) ) ;
#1153 = PRESENTATION_STYLE_ASSIGNMENT (( #2547 ) ) ;
#1154 = DIRECTION ( 'NONE',  ( -1.000000000000000000, -6.195440985631449154E-17, 0.000000000000000000 ) ) ;
#1155 = DIRECTION ( 'NONE',  ( 8.673617379884029309E-17, 1.000000000000000000, 0.000000000000000000 ) ) ;
#1156 =( NAMED_UNIT ( * ) PLANE_ANGLE_UNIT ( ) SI_UNIT ( $, .RADIAN. ) );
#1157 = MECHANICAL_DESIGN_GEOMETRIC_PRESENTATION_REPRESENTATION (  '', ( #3325 ), #4137 ) ;
#1158 = ORIENTED_EDGE ( 'NONE', *, *, #1227, .F. ) ;
#1159 = SURFACE_SIDE_STYLE ('',( #4134 ) ) ;
#1160 = DIRECTION ( 'NONE',  ( 0.000000000000000000, 0.000000000000000000, -1.000000000000000000 ) ) ;
#1161 = VECTOR ( 'NONE', #2507, 1000.000000000000000 ) ;
#1162 = UNCERTAINTY_MEASURE_WITH_UNIT (LENGTH_MEASURE( 1.000000000000000082E-05 ), #3632, 'distance_accuracy_value', 'NONE');
#1163 = PRESENTATION_LAYER_ASSIGNMENT (  '', '', ( #3794 ) ) ;
#1164 = AXIS2_PLACEMENT_3D ( 'NONE', #456, #3469, #2452 ) ;
#1165 = SURFACE_STYLE_USAGE ( .BOTH. , #822 ) ;
#1166 = PRESENTATION_STYLE_ASSIGNMENT (( #2169 ) ) ;
#1167 = DIRECTION ( 'NONE',  ( 0.000000000000000000, 0.000000000000000000, -1.000000000000000000 ) ) ;
#1168 = DIRECTION ( 'NONE',  ( 0.000000000000000000, 0.000000000000000000, 1.000000000000000000 ) ) ;
#1169 =( NAMED_UNIT ( * ) PLANE_ANGLE_UNIT ( ) SI_UNIT ( $, .RADIAN. ) );
#1170 = LINE ( 'NONE', #1086, #2309 ) ;
#1171 = ORIENTED_EDGE ( 'NONE', *, *, #357, .F. ) ;
#1172 = EDGE_CURVE ( 'NONE', #1969, #903, #1392, .T. ) ;
#1173 = CARTESIAN_POINT ( 'NONE',  ( -2.000000000000000000, 1.840000000000000080, 0.1200000000000000094 ) ) ;
#1174 = SURFACE_STYLE_USAGE ( .BOTH. , #3115 ) ;
#1175 = CARTESIAN_POINT ( 'NONE',  ( -2.324999999999999734, 1.840000000000000080, 0.1200000000000000094 ) ) ;
#1176 = FILL_AREA_STYLE_COLOUR ( '', #3028 ) ;
#1177 = PRESENTATION_LAYER_ASSIGNMENT (  '', '', ( #2999 ) ) ;
#1178 = DIRECTION ( 'NONE',  ( -6.195440985631449154E-17, 1.000000000000000000, 0.000000000000000000 ) ) ;
#1179 = CARTESIAN_POINT ( 'NONE',  ( -2.500000000000000000, 3.500000000000000000, 0.06999999999999999278 ) ) ;
#1180 = CARTESIAN_POINT ( 'NONE',  ( 2.324999999999999734, 1.840000000000000080, 0.1200000000000000094 ) ) ;
#1181 = ORIENTED_EDGE ( 'NONE', *, *, #1918, .T. ) ;
#1182 =( LENGTH_UNIT ( ) NAMED_UNIT ( * ) SI_UNIT ( .MILLI., .METRE. ) );
#1183 =( NAMED_UNIT ( * ) SI_UNIT ( $, .STERADIAN. ) SOLID_ANGLE_UNIT ( ) );
#1184 = FILL_AREA_STYLE ('',( #840 ) ) ;
#1185 = PRESENTATION_STYLE_ASSIGNMENT (( #2537 ) ) ;
#1186 = DIRECTION ( 'NONE',  ( -1.000000000000000000, 0.000000000000000000, 0.000000000000000000 ) ) ;
#1187 =( NAMED_UNIT ( * ) SI_UNIT ( $, .STERADIAN. ) SOLID_ANGLE_UNIT ( ) );
#1188 = FILL_AREA_STYLE ('',( #3937 ) ) ;
#1189 = SURFACE_STYLE_FILL_AREA ( #4167 ) ;
#1190 = ORIENTED_EDGE ( 'NONE', *, *, #1014, .T. ) ;
#1191 = AXIS2_PLACEMENT_3D ( 'NONE', #547, #3831, #3856 ) ;
#1192 = DIRECTION ( 'NONE',  ( 0.000000000000000000, 0.000000000000000000, -1.000000000000000000 ) ) ;
#1193 = VERTEX_POINT ( 'NONE', #427 ) ;
#1194 = PRESENTATION_LAYER_ASSIGNMENT (  '', '', ( #1399 ) ) ;
#1195 = EDGE_CURVE ( 'NONE', #792, #176, #2108, .T. ) ;
#1196 = CIRCLE ( 'NONE', #351, 0.05000000000000012768 ) ;
#1197 =( NAMED_UNIT ( * ) SI_UNIT ( $, .STERADIAN. ) SOLID_ANGLE_UNIT ( ) );
#1198 = ADVANCED_FACE ( 'NONE', ( #4138 ), #455, .T. ) ;
#1199 = LINE ( 'NONE', #3801, #2865 ) ;
#1200 = DIRECTION ( 'NONE',  ( 1.000000000000000000, 0.000000000000000000, 0.000000000000000000 ) ) ;
#1201 = ORIENTED_EDGE ( 'NONE', *, *, #13, .T. ) ;
#1202 = CARTESIAN_POINT ( 'NONE',  ( -2.000000000000000000, -2.540000000000000036, 0.1200000000000000094 ) ) ;
#1203 =( NAMED_UNIT ( * ) SI_UNIT ( $, .STERADIAN. ) SOLID_ANGLE_UNIT ( ) );
#1204 = UNCERTAINTY_MEASURE_WITH_UNIT (LENGTH_MEASURE( 1.000000000000000082E-05 ), #1048, 'distance_accuracy_value', 'NONE');
#1205 = EDGE_CURVE ( 'NONE', #3500, #2783, #3963, .T. ) ;
#1206 = LINE ( 'NONE', #2210, #484 ) ;
#1207 =( LENGTH_UNIT ( ) NAMED_UNIT ( * ) SI_UNIT ( .MILLI., .METRE. ) );
#1208 =( NAMED_UNIT ( * ) PLANE_ANGLE_UNIT ( ) SI_UNIT ( $, .RADIAN. ) );
#1209 =( GEOMETRIC_REPRESENTATION_CONTEXT ( 3 ) GLOBAL_UNCERTAINTY_ASSIGNED_CONTEXT ( ( #2297 ) ) GLOBAL_UNIT_ASSIGNED_CONTEXT ( ( #4177, #467, #1113 ) ) REPRESENTATION_CONTEXT ( 'NONE', 'WORKASPACE' ) );
#1210 = DIRECTION ( 'NONE',  ( 0.000000000000000000, 0.000000000000000000, -1.000000000000000000 ) ) ;
#1211 = AXIS2_PLACEMENT_3D ( 'NONE', #1605, #4199, #3588 ) ;
#1212 = DIRECTION ( 'NONE',  ( 0.000000000000000000, 0.000000000000000000, -1.000000000000000000 ) ) ;
#1213 =( NAMED_UNIT ( * ) SI_UNIT ( $, .STERADIAN. ) SOLID_ANGLE_UNIT ( ) );
#1214 = ORIENTED_EDGE ( 'NONE', *, *, #94, .T. ) ;
#1215 = EDGE_LOOP ( 'NONE', ( #3837, #1404, #66, #2217 ) ) ;
#1216 = SURFACE_STYLE_USAGE ( .BOTH. , #533 ) ;
#1217 =( NAMED_UNIT ( * ) PLANE_ANGLE_UNIT ( ) SI_UNIT ( $, .RADIAN. ) );
#1218 = AXIS2_PLACEMENT_3D ( 'NONE', #2600, #4227, #1274 ) ;
#1219 = AXIS2_PLACEMENT_3D ( 'NONE', #1036, #4043, #2754 ) ;
#1220 = AXIS2_PLACEMENT_3D ( 'NONE', #3849, #2880, #3869 ) ;
#1221 = CARTESIAN_POINT ( 'NONE',  ( 2.324999999999999734, 1.915000000000000036, 0.02000000000000000042 ) ) ;
#1222 = CARTESIAN_POINT ( 'NONE',  ( -2.399999999999999911, -1.915000000000000036, 0.1200000000000000094 ) ) ;
#1223 = ORIENTED_EDGE ( 'NONE', *, *, #2851, .T. ) ;
#1224 = MECHANICAL_DESIGN_GEOMETRIC_PRESENTATION_REPRESENTATION (  '', ( #3707 ), #4212 ) ;
#1225 = FILL_AREA_STYLE ('',( #1487 ) ) ;
#1226 = LINE ( 'NONE', #2554, #4184 ) ;
#1227 = EDGE_CURVE ( 'NONE', #347, #974, #2948, .T. ) ;
#1228 = EDGE_CURVE ( 'NONE', #502, #976, #1937, .T. ) ;
#1229 = CARTESIAN_POINT ( 'NONE',  ( -2.500000000000000000, 3.449999999999999734, 1.000000000000000000 ) ) ;
#1230 = COLOUR_RGB ( '',0.8039215686274510109, 0.8039215686274510109, 0.8039215686274510109 ) ;
#1231 =( NAMED_UNIT ( * ) SI_UNIT ( $, .STERADIAN. ) SOLID_ANGLE_UNIT ( ) );
#1232 = CARTESIAN_POINT ( 'NONE',  ( -2.324999999999999734, 3.239999999999999769, 0.1200000000000000094 ) ) ;
#1233 = PRESENTATION_LAYER_ASSIGNMENT (  '', '', ( #4150 ) ) ;
#1234 = ORIENTED_EDGE ( 'NONE', *, *, #3335, .F. ) ;
#1235 = PLANE ( 'NONE',  #4176 ) ;
#1236 = CARTESIAN_POINT ( 'NONE',  ( -2.449999999999999734, 0.000000000000000000, 0.02000000000000000042 ) ) ;
#1237 = EDGE_LOOP ( 'NONE', ( #1941, #1507, #346, #2293 ) ) ;
#1238 = ORIENTED_EDGE ( 'NONE', *, *, #4178, .F. ) ;
#1239 =( NAMED_UNIT ( * ) PLANE_ANGLE_UNIT ( ) SI_UNIT ( $, .RADIAN. ) );
#1240 = SURFACE_STYLE_FILL_AREA ( #215 ) ;
#1241 = DIRECTION ( 'NONE',  ( 0.000000000000000000, 0.000000000000000000, -1.000000000000000000 ) ) ;
#1242 = DIRECTION ( 'NONE',  ( -1.000000000000000000, 0.000000000000000000, 0.000000000000000000 ) ) ;
#1243 = CARTESIAN_POINT ( 'NONE',  ( 2.399999999999999911, -3.165000000000000036, 0.1200000000000000094 ) ) ;
#1244 =( NAMED_UNIT ( * ) PLANE_ANGLE_UNIT ( ) SI_UNIT ( $, .RADIAN. ) );
#1245 = EDGE_LOOP ( 'NONE', ( #2045, #2117, #3596, #4061, #688, #3670, #2334, #2257 ) ) ;
#1246 = CARTESIAN_POINT ( 'NONE',  ( 2.449999999999999734, 1.517883041479705222E-16, 0.02000000000000000042 ) ) ;
#1247 = MECHANICAL_DESIGN_GEOMETRIC_PRESENTATION_REPRESENTATION (  '', ( #690 ), #1040 ) ;
#1248 = VECTOR ( 'NONE', #4071, 1000.000000000000000 ) ;
#1249 = UNCERTAINTY_MEASURE_WITH_UNIT (LENGTH_MEASURE( 1.000000000000000082E-05 ), #2516, 'distance_accuracy_value', 'NONE');
#1250 = DIRECTION ( 'NONE',  ( 0.000000000000000000, 0.000000000000000000, -1.000000000000000000 ) ) ;
#1251 = CIRCLE ( 'NONE', #3344, 0.05000000000000000278 ) ;
#1252 = CIRCLE ( 'NONE', #2085, 0.07499999999999998335 ) ;
#1253 =( NAMED_UNIT ( * ) PLANE_ANGLE_UNIT ( ) SI_UNIT ( $, .RADIAN. ) );
#1254 = ADVANCED_FACE ( 'NONE', ( #3223, #209 ), #2172, .T. ) ;
#1255 = SURFACE_STYLE_FILL_AREA ( #2341 ) ;
#1256 = EDGE_CURVE ( 'NONE', #399, #982, #3288, .T. ) ;
#1257 = ADVANCED_BREP_SHAPE_REPRESENTATION ( 'SiT1602BI-83-33E-30.000000', ( #2014, #3449, #3387, #2028, #2007, #3434, #4046 ), #2543 ) ;
#1258 = COLOUR_RGB ( '',0.2862745098039215508, 0.2862745098039215508, 0.2862745098039215508 ) ;
#1259 = EDGE_LOOP ( 'NONE', ( #595, #1697, #3324, #3119, #1611, #1882 ) ) ;
#1260 = SURFACE_SIDE_STYLE ('',( #3836 ) ) ;
#1261 = ORIENTED_EDGE ( 'NONE', *, *, #1017, .F. ) ;
#1262 = EDGE_LOOP ( 'NONE', ( #2744, #2397, #3880, #2415 ) ) ;
#1263 = SURFACE_STYLE_FILL_AREA ( #924 ) ;
#1264 = COLOUR_RGB ( '',0.8039215686274510109, 0.8039215686274510109, 0.8039215686274510109 ) ;
#1265 = AXIS2_PLACEMENT_3D ( 'NONE', #2434, #4078, #2830 ) ;
#1266 =( NAMED_UNIT ( * ) SI_UNIT ( $, .STERADIAN. ) SOLID_ANGLE_UNIT ( ) );
#1267 = ORIENTED_EDGE ( 'NONE', *, *, #2137, .T. ) ;
#1268 = DIRECTION ( 'NONE',  ( 0.000000000000000000, 0.000000000000000000, -1.000000000000000000 ) ) ;
#1269 = DIRECTION ( 'NONE',  ( -1.000000000000000000, -1.334402673828316002E-15, 0.000000000000000000 ) ) ;
#1270 = DIRECTION ( 'NONE',  ( 0.000000000000000000, 0.000000000000000000, -1.000000000000000000 ) ) ;
#1271 = FILL_AREA_STYLE ('',( #4268 ) ) ;
#1272 = AXIS2_PLACEMENT_3D ( 'NONE', #1482, #2832, #4151 ) ;
#1273 = ORIENTED_EDGE ( 'NONE', *, *, #1435, .F. ) ;
#1274 = DIRECTION ( 'NONE',  ( 0.000000000000000000, -1.000000000000000000, 0.000000000000000000 ) ) ;
#1275 = MECHANICAL_DESIGN_GEOMETRIC_PRESENTATION_REPRESENTATION (  '', ( #1479 ), #2379 ) ;
#1276 = SURFACE_STYLE_FILL_AREA ( #2653 ) ;
#1277 = STYLED_ITEM ( 'NONE', ( #2438 ), #2957 ) ;
#1278 =( NAMED_UNIT ( * ) PLANE_ANGLE_UNIT ( ) SI_UNIT ( $, .RADIAN. ) );
#1279 = ORIENTED_EDGE ( 'NONE', *, *, #772, .T. ) ;
#1280 = SURFACE_STYLE_USAGE ( .BOTH. , #1997 ) ;
#1281 = EDGE_CURVE ( 'NONE', #26, #2934, #3313, .T. ) ;
#1282 = VERTEX_POINT ( 'NONE', #617 ) ;
#1283 = DIRECTION ( 'NONE',  ( -1.000000000000000000, -6.672013369141570147E-16, 0.000000000000000000 ) ) ;
#1284 = ORIENTED_EDGE ( 'NONE', *, *, #3019, .T. ) ;
#1285 = DIRECTION ( 'NONE',  ( 1.000000000000000000, -8.673617379884029309E-17, 0.000000000000000000 ) ) ;
#1286 = UNCERTAINTY_MEASURE_WITH_UNIT (LENGTH_MEASURE( 1.000000000000000082E-05 ), #2548, 'distance_accuracy_value', 'NONE');
#1287 = STYLED_ITEM ( 'NONE', ( #1008 ), #3449 ) ;
#1288 = ADVANCED_FACE ( 'NONE', ( #997 ), #277, .F. ) ;
#1289 = ORIENTED_EDGE ( 'NONE', *, *, #2580, .T. ) ;
#1290 =( GEOMETRIC_REPRESENTATION_CONTEXT ( 3 ) GLOBAL_UNCERTAINTY_ASSIGNED_CONTEXT ( ( #2209 ) ) GLOBAL_UNIT_ASSIGNED_CONTEXT ( ( #2615, #4195, #4261 ) ) REPRESENTATION_CONTEXT ( 'NONE', 'WORKASPACE' ) );
#1291 =( NAMED_UNIT ( * ) PLANE_ANGLE_UNIT ( ) SI_UNIT ( $, .RADIAN. ) );
#1292 =( NAMED_UNIT ( * ) PLANE_ANGLE_UNIT ( ) SI_UNIT ( $, .RADIAN. ) );
#1293 = ORIENTED_EDGE ( 'NONE', *, *, #224, .F. ) ;
#1294 = ORIENTED_EDGE ( 'NONE', *, *, #3203, .F. ) ;
#1295 = STYLED_ITEM ( 'NONE', ( #2194 ), #4205 ) ;
#1296 = LINE ( 'NONE', #4228, #147 ) ;
#1297 =( LENGTH_UNIT ( ) NAMED_UNIT ( * ) SI_UNIT ( .MILLI., .METRE. ) );
#1298 = UNCERTAINTY_MEASURE_WITH_UNIT (LENGTH_MEASURE( 1.000000000000000082E-05 ), #1902, 'distance_accuracy_value', 'NONE');
#1299 = CARTESIAN_POINT ( 'NONE',  ( -2.000000000000000000, 3.239999999999999769, 0.02000000000000000042 ) ) ;
#1300 = DIRECTION ( 'NONE',  ( 1.000000000000000000, 0.000000000000000000, 0.000000000000000000 ) ) ;
#1301 = ORIENTED_EDGE ( 'NONE', *, *, #385, .F. ) ;
#1302 =( LENGTH_UNIT ( ) NAMED_UNIT ( * ) SI_UNIT ( .MILLI., .METRE. ) );
#1303 = STYLED_ITEM ( 'NONE', ( #2495 ), #2474 ) ;
#1304 = AXIS2_PLACEMENT_3D ( 'NONE', #4222, #2245, #1242 ) ;
#1305 = LINE ( 'NONE', #972, #468 ) ;
#1306 = ORIENTED_EDGE ( 'NONE', *, *, #4229, .T. ) ;
#1307 = ORIENTED_EDGE ( 'NONE', *, *, #2993, .T. ) ;
#1308 = FILL_AREA_STYLE_COLOUR ( '', #2394 ) ;
#1309 =( GEOMETRIC_REPRESENTATION_CONTEXT ( 3 ) GLOBAL_UNCERTAINTY_ASSIGNED_CONTEXT ( ( #2935 ) ) GLOBAL_UNIT_ASSIGNED_CONTEXT ( ( #859, #168, #1844 ) ) REPRESENTATION_CONTEXT ( 'NONE', 'WORKASPACE' ) );
#1310 = SURFACE_SIDE_STYLE ('',( #2703 ) ) ;
#1311 = DIRECTION ( 'NONE',  ( -1.000000000000000000, 6.672013369141570147E-16, 0.000000000000000000 ) ) ;
#1312 =( NAMED_UNIT ( * ) SI_UNIT ( $, .STERADIAN. ) SOLID_ANGLE_UNIT ( ) );
#1313 = EDGE_CURVE ( 'NONE', #1341, #922, #1305, .T. ) ;
#1314 = SURFACE_SIDE_STYLE ('',( #2622 ) ) ;
#1315 = FILL_AREA_STYLE ('',( #2183 ) ) ;
#1316 = PRESENTATION_STYLE_ASSIGNMENT (( #2549 ) ) ;
#1317 = ORIENTED_EDGE ( 'NONE', *, *, #3315, .F. ) ;
#1318 = ORIENTED_EDGE ( 'NONE', *, *, #2234, .T. ) ;
#1319 = CARTESIAN_POINT ( 'NONE',  ( -2.500000000000000000, 3.500000000000000000, 1.050000000000000044 ) ) ;
#1320 = CARTESIAN_POINT ( 'NONE',  ( 0.000000000000000000, 3.449999999999999734, 0.02000000000000000042 ) ) ;
#1321 = AXIS2_PLACEMENT_3D ( 'NONE', #2229, #2604, #2298 ) ;
#1322 = VECTOR ( 'NONE', #1975, 1000.000000000000000 ) ;
#1323 = CARTESIAN_POINT ( 'NONE',  ( -2.000000000000000000, 1.840000000000000080, 0.02000000000000000042 ) ) ;
#1324 = VECTOR ( 'NONE', #2253, 1000.000000000000000 ) ;
#1325 = VERTEX_POINT ( 'NONE', #1669 ) ;
#1326 = LINE ( 'NONE', #3721, #1129 ) ;
#1327 = DIRECTION ( 'NONE',  ( 0.000000000000000000, 0.000000000000000000, -1.000000000000000000 ) ) ;
#1328 = CARTESIAN_POINT ( 'NONE',  ( 2.000000000000000000, 2.540000000000000036, 0.000000000000000000 ) ) ;
#1329 = VECTOR ( 'NONE', #1114, 1000.000000000000114 ) ;
#1330 = AXIS2_PLACEMENT_3D ( 'NONE', #408, #2062, #3386 ) ;
#1331 = CARTESIAN_POINT ( 'NONE',  ( 2.324999999999999734, -1.915000000000000036, 0.1200000000000000094 ) ) ;
#1332 = EDGE_CURVE ( 'NONE', #2649, #923, #1643, .T. ) ;
#1333 = MECHANICAL_DESIGN_GEOMETRIC_PRESENTATION_REPRESENTATION (  '', ( #1472 ), #2311 ) ;
#1334 = EDGE_LOOP ( 'NONE', ( #2614, #2724, #3233, #1439 ) ) ;
#1335 = EDGE_CURVE ( 'NONE', #2239, #2771, #4014, .T. ) ;
#1336 = ORIENTED_EDGE ( 'NONE', *, *, #2185, .T. ) ;
#1337 = DIRECTION ( 'NONE',  ( -1.000000000000000000, 1.334402673828316002E-15, 0.000000000000000000 ) ) ;
#1338 = SURFACE_SIDE_STYLE ('',( #1661 ) ) ;
#1339 = ADVANCED_FACE ( 'NONE', ( #74 ), #2776, .F. ) ;
#1340 = PRESENTATION_LAYER_ASSIGNMENT (  '', '', ( #1479 ) ) ;
#1341 = VERTEX_POINT ( 'NONE', #1747 ) ;
#1342 = AXIS2_PLACEMENT_3D ( 'NONE', #2500, #3436, #4081 ) ;
#1343 = DIRECTION ( 'NONE',  ( 1.000000000000000000, 1.334402673828316002E-15, 0.000000000000000000 ) ) ;
#1344 =( NAMED_UNIT ( * ) SI_UNIT ( $, .STERADIAN. ) SOLID_ANGLE_UNIT ( ) );
#1345 = ORIENTED_EDGE ( 'NONE', *, *, #4062, .F. ) ;
#1346 = FACE_OUTER_BOUND ( 'NONE', #1709, .T. ) ;
#1347 = CARTESIAN_POINT ( 'NONE',  ( 1.949999999999999956, -2.949999999999999734, 1.039999999999999813 ) ) ;
#1348 =( NAMED_UNIT ( * ) PLANE_ANGLE_UNIT ( ) SI_UNIT ( $, .RADIAN. ) );
#1349 = CYLINDRICAL_SURFACE ( 'NONE', #3398, 0.05000000000000012768 ) ;
#1350 = ORIENTED_EDGE ( 'NONE', *, *, #3430, .T. ) ;
#1351 = DIRECTION ( 'NONE',  ( -1.000000000000000000, 0.000000000000000000, 0.000000000000000000 ) ) ;
#1352 = VERTEX_POINT ( 'NONE', #3422 ) ;
#1353 = VECTOR ( 'NONE', #461, 1000.000000000000000 ) ;
#1354 = EDGE_LOOP ( 'NONE', ( #4170, #2221, #1214, #3862 ) ) ;
#1355 = DIRECTION ( 'NONE',  ( 0.000000000000000000, -1.000000000000000000, 0.000000000000000000 ) ) ;
#1356 = MECHANICAL_DESIGN_GEOMETRIC_PRESENTATION_REPRESENTATION (  '', ( #3435 ), #17 ) ;
#1357 = COLOUR_RGB ( '',0.2862745098039215508, 0.2862745098039215508, 0.2862745098039215508 ) ;
#1358 = DIRECTION ( 'NONE',  ( 1.000000000000000000, 0.000000000000000000, 0.000000000000000000 ) ) ;
#1359 = COLOUR_RGB ( '',0.2862745098039215508, 0.2862745098039215508, 0.2862745098039215508 ) ;
#1360 = CARTESIAN_POINT ( 'NONE',  ( 2.399999999999999911, -1.915000000000000036, 0.000000000000000000 ) ) ;
#1361 = EDGE_CURVE ( 'NONE', #2890, #3279, #1734, .T. ) ;
#1362 = DIRECTION ( 'NONE',  ( 0.000000000000000000, 0.000000000000000000, 1.000000000000000000 ) ) ;
#1363 = CIRCLE ( 'NONE', #230, 0.07499999999999998335 ) ;
#1364 = FACE_OUTER_BOUND ( 'NONE', #1721, .T. ) ;
#1365 = SPHERICAL_SURFACE ( 'NONE', #2195, 0.05000000000000000278 ) ;
#1366 = DIRECTION ( 'NONE',  ( 0.000000000000000000, 0.000000000000000000, -1.000000000000000000 ) ) ;
#1367 = MECHANICAL_DESIGN_GEOMETRIC_PRESENTATION_REPRESENTATION (  '', ( #3787 ), #947 ) ;
#1368 = VECTOR ( 'NONE', #3845, 1000.000000000000000 ) ;
#1369 = CARTESIAN_POINT ( 'NONE',  ( 2.200000000000000178, -2.949999999999999734, 1.039999999999999813 ) ) ;
#1370 = FILL_AREA_STYLE ('',( #2133 ) ) ;
#1371 = VECTOR ( 'NONE', #206, 1000.000000000000000 ) ;
#1372 = EDGE_LOOP ( 'NONE', ( #4213, #3117, #2919, #476 ) ) ;
#1373 = EDGE_LOOP ( 'NONE', ( #583, #1345, #3462, #2025 ) ) ;
#1374 =( LENGTH_UNIT ( ) NAMED_UNIT ( * ) SI_UNIT ( .MILLI., .METRE. ) );
#1375 = STYLED_ITEM ( 'NONE', ( #685 ), #1776 ) ;
#1376 = PLANE ( 'NONE',  #691 ) ;
#1377 = ORIENTED_EDGE ( 'NONE', *, *, #2029, .F. ) ;
#1378 =( NAMED_UNIT ( * ) PLANE_ANGLE_UNIT ( ) SI_UNIT ( $, .RADIAN. ) );
#1379 =( NAMED_UNIT ( * ) PLANE_ANGLE_UNIT ( ) SI_UNIT ( $, .RADIAN. ) );
#1380 = UNCERTAINTY_MEASURE_WITH_UNIT (LENGTH_MEASURE( 1.000000000000000082E-05 ), #2063, 'distance_accuracy_value', 'NONE');
#1381 = FILL_AREA_STYLE_COLOUR ( '', #392 ) ;
#1382 = EDGE_CURVE ( 'NONE', #3656, #2461, #4235, .T. ) ;
#1383 = EDGE_CURVE ( 'NONE', #624, #3392, #386, .T. ) ;
#1384 = VECTOR ( 'NONE', #1526, 1000.000000000000000 ) ;
#1385 = VECTOR ( 'NONE', #4155, 1000.000000000000000 ) ;
#1386 = DIRECTION ( 'NONE',  ( 1.000000000000000000, 0.000000000000000000, 0.000000000000000000 ) ) ;
#1387 =( NAMED_UNIT ( * ) SI_UNIT ( $, .STERADIAN. ) SOLID_ANGLE_UNIT ( ) );
#1388 = LINE ( 'NONE', #3408, #696 ) ;
#1389 = AXIS2_PLACEMENT_3D ( 'NONE', #2693, #2750, #421 ) ;
#1390 = ORIENTED_EDGE ( 'NONE', *, *, #1861, .F. ) ;
#1391 = ORIENTED_EDGE ( 'NONE', *, *, #34, .T. ) ;
#1392 = CIRCLE ( 'NONE', #559, 0.07499999999999998335 ) ;
#1393 = DIRECTION ( 'NONE',  ( 1.000000000000000000, 0.000000000000000000, 0.000000000000000000 ) ) ;
#1394 = AXIS2_PLACEMENT_3D ( 'NONE', #2909, #1212, #3860 ) ;
#1395 = ORIENTED_EDGE ( 'NONE', *, *, #2528, .T. ) ;
#1396 = DIRECTION ( 'NONE',  ( -1.000000000000000000, 0.000000000000000000, 0.000000000000000000 ) ) ;
#1397 = CARTESIAN_POINT ( 'NONE',  ( 2.500000000000000000, 3.449999999999999734, 1.050000000000000044 ) ) ;
#1398 = PLANE ( 'NONE',  #2316 ) ;
#1399 = STYLED_ITEM ( 'NONE', ( #4280 ), #2677 ) ;
#1400 = COLOUR_RGB ( '',0.2862745098039215508, 0.2862745098039215508, 0.2862745098039215508 ) ;
#1401 = CARTESIAN_POINT ( 'NONE',  ( 1.300000000000000044, 2.540000000000000036, 0.02000000000000000042 ) ) ;
#1402 = VECTOR ( 'NONE', #2657, 1000.000000000000000 ) ;
#1403 = SURFACE_SIDE_STYLE ('',( #54 ) ) ;
#1404 = ORIENTED_EDGE ( 'NONE', *, *, #1256, .F. ) ;
#1405 =( NAMED_UNIT ( * ) SI_UNIT ( $, .STERADIAN. ) SOLID_ANGLE_UNIT ( ) );
#1406 = CARTESIAN_POINT ( 'NONE',  ( 2.399999999999999911, 3.165000000000000036, 0.1200000000000000094 ) ) ;
#1407 = FACE_OUTER_BOUND ( 'NONE', #3136, .T. ) ;
#1408 = EDGE_CURVE ( 'NONE', #2890, #1325, #2154, .T. ) ;
#1409 = CARTESIAN_POINT ( 'NONE',  ( 1.699999999999999956, -2.949999999999999734, 1.050000000000000044 ) ) ;
#1410 = EDGE_CURVE ( 'NONE', #2659, #27, #3680, .T. ) ;
#1411 = EDGE_LOOP ( 'NONE', ( #195, #2355, #255, #2326, #3672, #116 ) ) ;
#1412 = VERTEX_POINT ( 'NONE', #1401 ) ;
#1413 = COLOUR_RGB ( '',0.2862745098039215508, 0.2862745098039215508, 0.2862745098039215508 ) ;
#1414 = FACE_OUTER_BOUND ( 'NONE', #279, .T. ) ;
#1415 = LINE ( 'NONE', #3662, #1590 ) ;
#1416 =( GEOMETRIC_REPRESENTATION_CONTEXT ( 3 ) GLOBAL_UNCERTAINTY_ASSIGNED_CONTEXT ( ( #3260 ) ) GLOBAL_UNIT_ASSIGNED_CONTEXT ( ( #680, #2375, #1032 ) ) REPRESENTATION_CONTEXT ( 'NONE', 'WORKASPACE' ) );
#1417 = EDGE_LOOP ( 'NONE', ( #3240, #1307, #322 ) ) ;
#1418 = VECTOR ( 'NONE', #2453, 1000.000000000000000 ) ;
#1419 = SURFACE_SIDE_STYLE ('',( #1744 ) ) ;
#1420 =( GEOMETRIC_REPRESENTATION_CONTEXT ( 3 ) GLOBAL_UNCERTAINTY_ASSIGNED_CONTEXT ( ( #1555 ) ) GLOBAL_UNIT_ASSIGNED_CONTEXT ( ( #2030, #3321, #3052 ) ) REPRESENTATION_CONTEXT ( 'NONE', 'WORKASPACE' ) );
#1421 = UNCERTAINTY_MEASURE_WITH_UNIT (LENGTH_MEASURE( 1.000000000000000082E-05 ), #2618, 'distance_accuracy_value', 'NONE');
#1422 = MECHANICAL_DESIGN_GEOMETRIC_PRESENTATION_REPRESENTATION (  '', ( #3166 ), #2199 ) ;
#1423 = VECTOR ( 'NONE', #3532, 1000.000000000000114 ) ;
#1424 = FILL_AREA_STYLE ('',( #4120 ) ) ;
#1425 =( NAMED_UNIT ( * ) PLANE_ANGLE_UNIT ( ) SI_UNIT ( $, .RADIAN. ) );
#1426 = FILL_AREA_STYLE_COLOUR ( '', #2985 ) ;
#1427 = SURFACE_STYLE_USAGE ( .BOTH. , #3086 ) ;
#1428 = COLOUR_RGB ( '',0.2862745098039215508, 0.2862745098039215508, 0.2862745098039215508 ) ;
#1429 = CARTESIAN_POINT ( 'NONE',  ( -2.324999999999999734, 1.915000000000000036, 0.02000000000000000042 ) ) ;
#1430 = SURFACE_SIDE_STYLE ('',( #91 ) ) ;
#1431 = ORIENTED_EDGE ( 'NONE', *, *, #3042, .F. ) ;
#1432 = EDGE_CURVE ( 'NONE', #2659, #502, #2040, .T. ) ;
#1433 = VECTOR ( 'NONE', #3813, 1000.000000000000000 ) ;
#1434 = ORIENTED_EDGE ( 'NONE', *, *, #4229, .F. ) ;
#1435 = EDGE_CURVE ( 'NONE', #3976, #2708, #2294, .T. ) ;
#1436 = FACE_OUTER_BOUND ( 'NONE', #3704, .T. ) ;
#1437 = CIRCLE ( 'NONE', #528, 0.07499999999999998335 ) ;
#1438 = DIRECTION ( 'NONE',  ( -1.000000000000000000, 0.000000000000000000, 0.000000000000000000 ) ) ;
#1439 = ORIENTED_EDGE ( 'NONE', *, *, #115, .T. ) ;
#1440 = DIRECTION ( 'NONE',  ( 0.000000000000000000, 0.000000000000000000, -1.000000000000000000 ) ) ;
#1441 = CIRCLE ( 'NONE', #3597, 0.7000000000000000666 ) ;
#1442 = DIRECTION ( 'NONE',  ( -1.000000000000000000, 1.334402673828316002E-15, 0.000000000000000000 ) ) ;
#1443 = DIRECTION ( 'NONE',  ( 0.000000000000000000, 0.000000000000000000, -1.000000000000000000 ) ) ;
#1444 = FILL_AREA_STYLE ('',( #35 ) ) ;
#1445 =( NAMED_UNIT ( * ) PLANE_ANGLE_UNIT ( ) SI_UNIT ( $, .RADIAN. ) );
#1446 = SURFACE_SIDE_STYLE ('',( #56 ) ) ;
#1447 = CARTESIAN_POINT ( 'NONE',  ( 2.324999999999999734, 3.239999999999999769, 0.1200000000000000094 ) ) ;
#1448 =( NAMED_UNIT ( * ) PLANE_ANGLE_UNIT ( ) SI_UNIT ( $, .RADIAN. ) );
#1449 = VECTOR ( 'NONE', #2572, 1000.000000000000000 ) ;
#1450 = SURFACE_STYLE_FILL_AREA ( #2088 ) ;
#1451 = STYLED_ITEM ( 'NONE', ( #1912 ), #37 ) ;
#1452 = FACE_OUTER_BOUND ( 'NONE', #2599, .T. ) ;
#1453 = COLOUR_RGB ( '',0.8039215686274510109, 0.8039215686274510109, 0.8039215686274510109 ) ;
#1454 = LINE ( 'NONE', #3795, #1983 ) ;
#1455 = UNCERTAINTY_MEASURE_WITH_UNIT (LENGTH_MEASURE( 1.000000000000000082E-05 ), #3533, 'distance_accuracy_value', 'NONE');
#1456 = DIRECTION ( 'NONE',  ( -1.000000000000000000, 0.000000000000000000, 0.000000000000000000 ) ) ;
#1457 = MECHANICAL_DESIGN_GEOMETRIC_PRESENTATION_REPRESENTATION (  '', ( #3735 ), #2431 ) ;
#1458 = VECTOR ( 'NONE', #270, 1000.000000000000000 ) ;
#1459 = EDGE_LOOP ( 'NONE', ( #812, #2265, #2092, #3276 ) ) ;
#1460 = ORIENTED_EDGE ( 'NONE', *, *, #3195, .T. ) ;
#1461 = DIRECTION ( 'NONE',  ( 1.000000000000000000, 6.672013369141570147E-16, 0.000000000000000000 ) ) ;
#1462 = EDGE_CURVE ( 'NONE', #3318, #176, #1041, .T. ) ;
#1463 = ADVANCED_FACE ( 'NONE', ( #1768 ), #2796, .T. ) ;
#1464 = ORIENTED_EDGE ( 'NONE', *, *, #3486, .F. ) ;
#1465 = CARTESIAN_POINT ( 'NONE',  ( 1.300000000000000044, -2.540000000000000036, 0.1200000000000000094 ) ) ;
#1466 = SPHERICAL_SURFACE ( 'NONE', #4034, 0.05000000000000000278 ) ;
#1467 = UNCERTAINTY_MEASURE_WITH_UNIT (LENGTH_MEASURE( 1.000000000000000082E-05 ), #3403, 'distance_accuracy_value', 'NONE');
#1468 = EDGE_CURVE ( 'NONE', #2910, #2690, #775, .T. ) ;
#1469 = FACE_OUTER_BOUND ( 'NONE', #2840, .T. ) ;
#1470 = PRESENTATION_LAYER_ASSIGNMENT (  '', '', ( #3353 ) ) ;
#1471 = VERTEX_POINT ( 'NONE', #2684 ) ;
#1472 = STYLED_ITEM ( 'NONE', ( #29 ), #666 ) ;
#1473 = VECTOR ( 'NONE', #3560, 1000.000000000000000 ) ;
#1474 = PRESENTATION_STYLE_ASSIGNMENT (( #1772 ) ) ;
#1475 = DIRECTION ( 'NONE',  ( 1.000000000000000000, 1.334402673828316002E-15, 0.000000000000000000 ) ) ;
#1476 = CARTESIAN_POINT ( 'NONE',  ( -2.000000000000000000, 3.239999999999999769, 0.1200000000000000094 ) ) ;
#1477 = FACE_OUTER_BOUND ( 'NONE', #1954, .T. ) ;
#1479 = STYLED_ITEM ( 'NONE', ( #2385 ), #1094 ) ;
#1478 = DIRECTION ( 'NONE',  ( 1.000000000000000000, 0.000000000000000000, 0.000000000000000000 ) ) ;
#1480 = COLOUR_RGB ( '',0.2862745098039215508, 0.2862745098039215508, 0.2862745098039215508 ) ;
#1481 =( LENGTH_UNIT ( ) NAMED_UNIT ( * ) SI_UNIT ( .MILLI., .METRE. ) );
#1482 = CARTESIAN_POINT ( 'NONE',  ( -2.324999999999999734, 3.165000000000000036, 0.000000000000000000 ) ) ;
#1483 = ORIENTED_EDGE ( 'NONE', *, *, #4008, .F. ) ;
#1484 = FILL_AREA_STYLE_COLOUR ( '', #1258 ) ;
#1485 =( NAMED_UNIT ( * ) PLANE_ANGLE_UNIT ( ) SI_UNIT ( $, .RADIAN. ) );
#1486 = ORIENTED_EDGE ( 'NONE', *, *, #1172, .F. ) ;
#1487 = FILL_AREA_STYLE_COLOUR ( '', #1357 ) ;
#1488 = CARTESIAN_POINT ( 'NONE',  ( 2.000000000000000000, 2.540000000000000036, 0.1200000000000000094 ) ) ;
#1489 = MECHANICAL_DESIGN_GEOMETRIC_PRESENTATION_REPRESENTATION (  '', ( #3311 ), #1839 ) ;
#1490 = CARTESIAN_POINT ( 'NONE',  ( 1.300000000000000044, -2.540000000000000036, 0.1200000000000000094 ) ) ;
#1491 = STYLED_ITEM ( 'NONE', ( #3671 ), #3688 ) ;
#1492 = CARTESIAN_POINT ( 'NONE',  ( 2.000000000000000000, -2.540000000000000036, 0.02000000000000000042 ) ) ;
#1493 = DIRECTION ( 'NONE',  ( 1.000000000000000000, 0.000000000000000000, 0.000000000000000000 ) ) ;
#1494 = DIRECTION ( 'NONE',  ( -1.000000000000000000, 1.334402673828316002E-15, 0.000000000000000000 ) ) ;
#1495 = LINE ( 'NONE', #782, #2536 ) ;
#1496 = CARTESIAN_POINT ( 'NONE',  ( 1.300000000000000044, -1.989999999999999991, 0.1200000000000000094 ) ) ;
#1497 = VECTOR ( 'NONE', #2208, 1000.000000000000000 ) ;
#1498 = FILL_AREA_STYLE_COLOUR ( '', #3826 ) ;
#1499 = SURFACE_STYLE_USAGE ( .BOTH. , #4172 ) ;
#1500 = UNCERTAINTY_MEASURE_WITH_UNIT (LENGTH_MEASURE( 1.000000000000000082E-05 ), #1037, 'distance_accuracy_value', 'NONE');
#1501 = DIRECTION ( 'NONE',  ( 7.434529182757750325E-16, 1.000000000000000000, 0.000000000000000000 ) ) ;
#1502 = DIRECTION ( 'NONE',  ( 0.000000000000000000, 0.000000000000000000, -1.000000000000000000 ) ) ;
#1503 = ORIENTED_EDGE ( 'NONE', *, *, #3956, .F. ) ;
#1504 = PRESENTATION_LAYER_ASSIGNMENT (  '', '', ( #1303 ) ) ;
#1505 = CARTESIAN_POINT ( 'NONE',  ( -2.399999999999999911, 1.915000000000000036, 0.1200000000000000094 ) ) ;
#1506 = CARTESIAN_POINT ( 'NONE',  ( -2.324999999999999734, -1.840000000000000080, 0.1200000000000000094 ) ) ;
#1507 = ORIENTED_EDGE ( 'NONE', *, *, #3090, .F. ) ;
#1508 = CARTESIAN_POINT ( 'NONE',  ( 2.449999999999999734, -3.449999999999999734, 0.02000000000000000042 ) ) ;
#1509 = SURFACE_STYLE_FILL_AREA ( #3163 ) ;
#1510 = SURFACE_STYLE_FILL_AREA ( #449 ) ;
#1511 = VECTOR ( 'NONE', #2205, 1000.000000000000000 ) ;
#1512 = CARTESIAN_POINT ( 'NONE',  ( 2.324999999999999734, 3.165000000000000036, 0.1200000000000000094 ) ) ;
#1513 =( GEOMETRIC_REPRESENTATION_CONTEXT ( 3 ) GLOBAL_UNCERTAINTY_ASSIGNED_CONTEXT ( ( #1933 ) ) GLOBAL_UNIT_ASSIGNED_CONTEXT ( ( #1791, #1531, #3492 ) ) REPRESENTATION_CONTEXT ( 'NONE', 'WORKASPACE' ) );
#1514 = LINE ( 'NONE', #2825, #1131 ) ;
#1515 = DIRECTION ( 'NONE',  ( -1.000000000000000000, 3.942553354492735149E-16, 0.000000000000000000 ) ) ;
#1516 = VECTOR ( 'NONE', #1035, 1000.000000000000000 ) ;
#1517 = ADVANCED_FACE ( 'NONE', ( #2590 ), #4242, .T. ) ;
#1518 = DIRECTION ( 'NONE',  ( -1.000000000000000000, 0.000000000000000000, 0.000000000000000000 ) ) ;
#1519 = ADVANCED_FACE ( 'NONE', ( #3010 ), #3337, .T. ) ;
#1520 =( NAMED_UNIT ( * ) SI_UNIT ( $, .STERADIAN. ) SOLID_ANGLE_UNIT ( ) );
#1521 = DIRECTION ( 'NONE',  ( 0.000000000000000000, 0.000000000000000000, -1.000000000000000000 ) ) ;
#1522 = ORIENTED_EDGE ( 'NONE', *, *, #4142, .F. ) ;
#1523 = SURFACE_STYLE_USAGE ( .BOTH. , #2155 ) ;
#1524 = SURFACE_STYLE_FILL_AREA ( #865 ) ;
#1525 = AXIS2_PLACEMENT_3D ( 'NONE', #53, #3366, #1099 ) ;
#1526 = DIRECTION ( 'NONE',  ( 0.000000000000000000, 0.000000000000000000, -1.000000000000000000 ) ) ;
#1527 =( GEOMETRIC_REPRESENTATION_CONTEXT ( 3 ) GLOBAL_UNCERTAINTY_ASSIGNED_CONTEXT ( ( #3765 ) ) GLOBAL_UNIT_ASSIGNED_CONTEXT ( ( #2642, #2263, #2006 ) ) REPRESENTATION_CONTEXT ( 'NONE', 'WORKASPACE' ) );
#1528 = FACE_OUTER_BOUND ( 'NONE', #3316, .T. ) ;
#1529 = SURFACE_STYLE_USAGE ( .BOTH. , #1877 ) ;
#1530 = ORIENTED_EDGE ( 'NONE', *, *, #2159, .T. ) ;
#1531 =( NAMED_UNIT ( * ) PLANE_ANGLE_UNIT ( ) SI_UNIT ( $, .RADIAN. ) );
#1532 = SURFACE_STYLE_USAGE ( .BOTH. , #633 ) ;
#1533 = AXIS2_PLACEMENT_3D ( 'NONE', #3832, #1794, #3128 ) ;
#1534 = CARTESIAN_POINT ( 'NONE',  ( 2.399999999999999911, 1.915000000000000036, 0.02000000000000000042 ) ) ;
#1535 = ORIENTED_EDGE ( 'NONE', *, *, #4060, .T. ) ;
#1536 = STYLED_ITEM ( 'NONE', ( #2278 ), #2616 ) ;
#1537 = SURFACE_STYLE_USAGE ( .BOTH. , #3561 ) ;
#1538 = ORIENTED_EDGE ( 'NONE', *, *, #2851, .F. ) ;
#1539 = SURFACE_SIDE_STYLE ('',( #192 ) ) ;
#1540 = ADVANCED_FACE ( 'NONE', ( #1935 ), #1349, .T. ) ;
#1541 = UNCERTAINTY_MEASURE_WITH_UNIT (LENGTH_MEASURE( 1.000000000000000082E-05 ), #3180, 'distance_accuracy_value', 'NONE');
#1542 =( GEOMETRIC_REPRESENTATION_CONTEXT ( 3 ) GLOBAL_UNCERTAINTY_ASSIGNED_CONTEXT ( ( #2424 ) ) GLOBAL_UNIT_ASSIGNED_CONTEXT ( ( #1302, #1901, #296 ) ) REPRESENTATION_CONTEXT ( 'NONE', 'WORKASPACE' ) );
#1543 = AXIS2_PLACEMENT_3D ( 'NONE', #2489, #4094, #1098 ) ;
#1544 =( GEOMETRIC_REPRESENTATION_CONTEXT ( 3 ) GLOBAL_UNCERTAINTY_ASSIGNED_CONTEXT ( ( #2588 ) ) GLOBAL_UNIT_ASSIGNED_CONTEXT ( ( #1297, #244, #3915 ) ) REPRESENTATION_CONTEXT ( 'NONE', 'WORKASPACE' ) );
#1545 = ORIENTED_EDGE ( 'NONE', *, *, #361, .F. ) ;
#1546 = EDGE_CURVE ( 'NONE', #2365, #1631, #1388, .T. ) ;
#1547 = STYLED_ITEM ( 'NONE', ( #78 ), #1198 ) ;
#1548 = DIRECTION ( 'NONE',  ( 0.000000000000000000, 0.000000000000000000, -1.000000000000000000 ) ) ;
#1549 = EDGE_CURVE ( 'NONE', #1352, #4269, #1251, .T. ) ;
#1550 = CARTESIAN_POINT ( 'NONE',  ( 2.399999999999999911, -3.165000000000000036, 0.1200000000000000094 ) ) ;
#1551 = EDGE_LOOP ( 'NONE', ( #2099, #1930, #4286, #2076 ) ) ;
#1552 = DIRECTION ( 'NONE',  ( 0.000000000000000000, -1.000000000000000000, 0.000000000000000000 ) ) ;
#1553 = LINE ( 'NONE', #1813, #434 ) ;
#1554 = DIRECTION ( 'NONE',  ( 0.000000000000000000, 0.000000000000000000, -1.000000000000000000 ) ) ;
#1555 = UNCERTAINTY_MEASURE_WITH_UNIT (LENGTH_MEASURE( 1.000000000000000082E-05 ), #2030, 'distance_accuracy_value', 'NONE');
#1556 = AXIS2_PLACEMENT_3D ( 'NONE', #28, #2337, #1355 ) ;
#1557 = FILL_AREA_STYLE_COLOUR ( '', #3965 ) ;
#1558 = ORIENTED_EDGE ( 'NONE', *, *, #1653, .F. ) ;
#1559 = ORIENTED_EDGE ( 'NONE', *, *, #2451, .F. ) ;
#1560 =( GEOMETRIC_REPRESENTATION_CONTEXT ( 3 ) GLOBAL_UNCERTAINTY_ASSIGNED_CONTEXT ( ( #2654 ) ) GLOBAL_UNIT_ASSIGNED_CONTEXT ( ( #2369, #2009, #2041 ) ) REPRESENTATION_CONTEXT ( 'NONE', 'WORKASPACE' ) );
#1561 = SURFACE_STYLE_USAGE ( .BOTH. , #3226 ) ;
#1562 = STYLED_ITEM ( 'NONE', ( #1898 ), #4255 ) ;
#1563 = MECHANICAL_DESIGN_GEOMETRIC_PRESENTATION_REPRESENTATION (  '', ( #2262 ), #867 ) ;
#1564 = ORIENTED_EDGE ( 'NONE', *, *, #3016, .F. ) ;
#1565 = DIRECTION ( 'NONE',  ( 0.000000000000000000, 0.000000000000000000, -1.000000000000000000 ) ) ;
#1566 = ADVANCED_FACE ( 'NONE', ( #2433 ), #784, .F. ) ;
#1567 = ORIENTED_EDGE ( 'NONE', *, *, #2137, .F. ) ;
#1568 = ADVANCED_FACE ( 'NONE', ( #3766 ), #2128, .T. ) ;
#1569 =( GEOMETRIC_REPRESENTATION_CONTEXT ( 3 ) GLOBAL_UNCERTAINTY_ASSIGNED_CONTEXT ( ( #492 ) ) GLOBAL_UNIT_ASSIGNED_CONTEXT ( ( #3431, #1147, #3151 ) ) REPRESENTATION_CONTEXT ( 'NONE', 'WORKASPACE' ) );
#1570 = LINE ( 'NONE', #1246, #2540 ) ;
#1571 = FACE_OUTER_BOUND ( 'NONE', #1680, .T. ) ;
#1572 = PRESENTATION_LAYER_ASSIGNMENT (  '', '', ( #3325 ) ) ;
#1573 = CARTESIAN_POINT ( 'NONE',  ( -2.000000000000000000, -1.840000000000000080, 0.1200000000000000094 ) ) ;
#1574 = DIRECTION ( 'NONE',  ( -1.000000000000000000, 0.000000000000000000, 0.000000000000000000 ) ) ;
#1575 = DIRECTION ( 'NONE',  ( -1.000000000000000000, 0.000000000000000000, 0.000000000000000000 ) ) ;
#1576 = ORIENTED_EDGE ( 'NONE', *, *, #1889, .F. ) ;
#1577 = ORIENTED_EDGE ( 'NONE', *, *, #778, .F. ) ;
#1578 = PRESENTATION_STYLE_ASSIGNMENT (( #2895 ) ) ;
#1579 = FILL_AREA_STYLE ('',( #1003 ) ) ;
#1580 = CARTESIAN_POINT ( 'NONE',  ( -2.000000000000000000, -1.840000000000000080, 0.1200000000000000094 ) ) ;
#1581 = CARTESIAN_POINT ( 'NONE',  ( 1.699999999999999956, -2.949999999999999734, 1.050000000000000044 ) ) ;
#1582 = FILL_AREA_STYLE_COLOUR ( '', #1651 ) ;
#1583 =( NAMED_UNIT ( * ) SI_UNIT ( $, .STERADIAN. ) SOLID_ANGLE_UNIT ( ) );
#1584 = ORIENTED_EDGE ( 'NONE', *, *, #1408, .F. ) ;
#1585 = SURFACE_STYLE_FILL_AREA ( #2841 ) ;
#1586 = MECHANICAL_DESIGN_GEOMETRIC_PRESENTATION_REPRESENTATION (  '', ( #393 ), #3395 ) ;
#1587 = UNCERTAINTY_MEASURE_WITH_UNIT (LENGTH_MEASURE( 1.000000000000000082E-05 ), #3055, 'distance_accuracy_value', 'NONE');
#1588 = EDGE_CURVE ( 'NONE', #608, #502, #1441, .T. ) ;
#1589 = CARTESIAN_POINT ( 'NONE',  ( -2.324999999999999734, -1.840000000000000080, 0.02000000000000000042 ) ) ;
#1590 = VECTOR ( 'NONE', #4002, 1000.000000000000000 ) ;
#1591 = ORIENTED_EDGE ( 'NONE', *, *, #3146, .F. ) ;
#1592 = LINE ( 'NONE', #858, #1371 ) ;
#1593 = ADVANCED_FACE ( 'NONE', ( #1725 ), #2398, .F. ) ;
#1594 = AXIS2_PLACEMENT_3D ( 'NONE', #4179, #1154, #1178 ) ;
#1595 = DIRECTION ( 'NONE',  ( 0.000000000000000000, 0.000000000000000000, -1.000000000000000000 ) ) ;
#1596 = ORIENTED_EDGE ( 'NONE', *, *, #2822, .T. ) ;
#1597 = ADVANCED_FACE ( 'NONE', ( #2730 ), #400, .F. ) ;
#1598 = ORIENTED_EDGE ( 'NONE', *, *, #2234, .F. ) ;
#1599 = DIRECTION ( 'NONE',  ( 0.000000000000000000, 0.000000000000000000, -1.000000000000000000 ) ) ;
#1600 =( LENGTH_UNIT ( ) NAMED_UNIT ( * ) SI_UNIT ( .MILLI., .METRE. ) );
#1601 = DIRECTION ( 'NONE',  ( 0.000000000000000000, 0.000000000000000000, -1.000000000000000000 ) ) ;
#1602 = SURFACE_STYLE_USAGE ( .BOTH. , #3244 ) ;
#1603 = MECHANICAL_DESIGN_GEOMETRIC_PRESENTATION_REPRESENTATION (  '', ( #1536 ), #2666 ) ;
#1604 = PRESENTATION_LAYER_ASSIGNMENT (  '', '', ( #3685 ) ) ;
#1605 = CARTESIAN_POINT ( 'NONE',  ( 2.324999999999999734, 3.165000000000000036, 0.1200000000000000094 ) ) ;
#1606 = EDGE_LOOP ( 'NONE', ( #536, #702, #1136, #3007 ) ) ;
#1607 = PRESENTATION_STYLE_ASSIGNMENT (( #604 ) ) ;
#1608 = FILL_AREA_STYLE ('',( #262 ) ) ;
#1609 = DIRECTION ( 'NONE',  ( 0.000000000000000000, 0.000000000000000000, -1.000000000000000000 ) ) ;
#1610 = DIRECTION ( 'NONE',  ( -1.000000000000000000, 0.000000000000000000, 0.000000000000000000 ) ) ;
#1611 = ORIENTED_EDGE ( 'NONE', *, *, #1918, .F. ) ;
#1612 = VERTEX_POINT ( 'NONE', #3067 ) ;
#1613 = VECTOR ( 'NONE', #3317, 1000.000000000000000 ) ;
#1614 = PLANE ( 'NONE',  #1556 ) ;
#1615 = PRESENTATION_LAYER_ASSIGNMENT (  '', '', ( #1826 ) ) ;
#1616 = SURFACE_STYLE_USAGE ( .BOTH. , #1338 ) ;
#1617 = FILL_AREA_STYLE_COLOUR ( '', #4238 ) ;
#1618 = FILL_AREA_STYLE_COLOUR ( '', #3760 ) ;
#1619 = CARTESIAN_POINT ( 'NONE',  ( 2.000000000000000000, 2.540000000000000036, 0.1200000000000000094 ) ) ;
#1620 = EDGE_CURVE ( 'NONE', #2303, #1612, #2277, .T. ) ;
#1621 = ORIENTED_EDGE ( 'NONE', *, *, #334, .T. ) ;
#1622 = VERTEX_POINT ( 'NONE', #1140 ) ;
#1623 =( NAMED_UNIT ( * ) SI_UNIT ( $, .STERADIAN. ) SOLID_ANGLE_UNIT ( ) );
#1624 = UNCERTAINTY_MEASURE_WITH_UNIT (LENGTH_MEASURE( 1.000000000000000082E-05 ), #298, 'distance_accuracy_value', 'NONE');
#1625 = COLOUR_RGB ( '',0.8039215686274510109, 0.8039215686274510109, 0.8039215686274510109 ) ;
#1626 = MECHANICAL_DESIGN_GEOMETRIC_PRESENTATION_REPRESENTATION (  '', ( #3094 ), #507 ) ;
#1627 = PRESENTATION_STYLE_ASSIGNMENT (( #3230 ) ) ;
#1628 = CARTESIAN_POINT ( 'NONE',  ( 2.399999999999999911, 3.165000000000000036, 0.02000000000000000042 ) ) ;
#1629 = FACE_OUTER_BOUND ( 'NONE', #716, .T. ) ;
#1630 = EDGE_LOOP ( 'NONE', ( #610, #2632, #295, #3018, #234, #764, #2900, #4226 ) ) ;
#1631 = VERTEX_POINT ( 'NONE', #780 ) ;
#1632 = STYLED_ITEM ( 'NONE', ( #1083 ), #4175 ) ;
#1633 = SURFACE_STYLE_FILL_AREA ( #3936 ) ;
#1634 = CARTESIAN_POINT ( 'NONE',  ( -2.449999999999999734, -3.500000000000000000, 1.050000000000000044 ) ) ;
#1635 = UNCERTAINTY_MEASURE_WITH_UNIT (LENGTH_MEASURE( 1.000000000000000082E-05 ), #1374, 'distance_accuracy_value', 'NONE');
#1636 = CARTESIAN_POINT ( 'NONE',  ( 2.399999999999999911, -1.915000000000000036, 0.1200000000000000094 ) ) ;
#1637 = LINE ( 'NONE', #3283, #763 ) ;
#1638 = EDGE_LOOP ( 'NONE', ( #1464, #1940, #3173, #3821, #210, #1158 ) ) ;
#1639 = PRESENTATION_STYLE_ASSIGNMENT (( #570 ) ) ;
#1640 =( NAMED_UNIT ( * ) SI_UNIT ( $, .STERADIAN. ) SOLID_ANGLE_UNIT ( ) );
#1641 = FACE_OUTER_BOUND ( 'NONE', #1245, .T. ) ;
#1642 = AXIS2_PLACEMENT_3D ( 'NONE', #1429, #1502, #1756 ) ;
#1643 = LINE ( 'NONE', #3006, #41 ) ;
#1644 = AXIS2_PLACEMENT_3D ( 'NONE', #2786, #1155, #2485 ) ;
#1645 =( NAMED_UNIT ( * ) PLANE_ANGLE_UNIT ( ) SI_UNIT ( $, .RADIAN. ) );
#1646 = ORIENTED_EDGE ( 'NONE', *, *, #439, .F. ) ;
#1647 = DIRECTION ( 'NONE',  ( 0.000000000000000000, -1.000000000000000000, 0.000000000000000000 ) ) ;
#1648 = EDGE_LOOP ( 'NONE', ( #3303, #3934, #4298, #618 ) ) ;
#1649 = CARTESIAN_POINT ( 'NONE',  ( 1.300000000000000044, 2.540000000000000036, 0.1200000000000000094 ) ) ;
#1650 = ADVANCED_FACE ( 'NONE', ( #144 ), #2430, .T. ) ;
#1651 = COLOUR_RGB ( '',0.2862745098039215508, 0.2862745098039215508, 0.2862745098039215508 ) ;
#1652 = FILL_AREA_STYLE_COLOUR ( '', #673 ) ;
#1653 = EDGE_CURVE ( 'NONE', #2853, #923, #4098, .T. ) ;
#1654 = SURFACE_SIDE_STYLE ('',( #3701 ) ) ;
#1655 = EDGE_CURVE ( 'NONE', #2708, #3976, #3259, .T. ) ;
#1656 = PRESENTATION_STYLE_ASSIGNMENT (( #2044 ) ) ;
#1657 = VERTEX_POINT ( 'NONE', #79 ) ;
#1658 = ORIENTED_EDGE ( 'NONE', *, *, #2740, .F. ) ;
#1659 = PRESENTATION_STYLE_ASSIGNMENT (( #3870 ) ) ;
#1660 =( LENGTH_UNIT ( ) NAMED_UNIT ( * ) SI_UNIT ( .MILLI., .METRE. ) );
#1661 = SURFACE_STYLE_FILL_AREA ( #1995 ) ;
#1662 = COLOUR_RGB ( '',0.8039215686274510109, 0.8039215686274510109, 0.8039215686274510109 ) ;
#1663 = DIRECTION ( 'NONE',  ( 0.000000000000000000, 0.000000000000000000, -1.000000000000000000 ) ) ;
#1664 = ORIENTED_EDGE ( 'NONE', *, *, #1811, .F. ) ;
#1665 = VECTOR ( 'NONE', #2402, 1000.000000000000000 ) ;
#1666 = DIRECTION ( 'NONE',  ( 1.000000000000000000, 0.000000000000000000, 0.000000000000000000 ) ) ;
#1667 = AXIS2_PLACEMENT_3D ( 'NONE', #1328, #2938, #2329 ) ;
#1668 = AXIS2_PLACEMENT_3D ( 'NONE', #3599, #3308, #4277 ) ;
#1669 = CARTESIAN_POINT ( 'NONE',  ( 2.449999999999999734, 3.449999999999999734, 1.050000000000000044 ) ) ;
#1670 = EDGE_LOOP ( 'NONE', ( #3351, #3419, #3457, #3093 ) ) ;
#1671 = ORIENTED_EDGE ( 'NONE', *, *, #804, .T. ) ;
#1672 = CARTESIAN_POINT ( 'NONE',  ( 2.399999999999999911, 1.915000000000000036, 0.1200000000000000094 ) ) ;
#1673 = DIRECTION ( 'NONE',  ( 0.000000000000000000, 0.000000000000000000, -1.000000000000000000 ) ) ;
#1674 =( LENGTH_UNIT ( ) NAMED_UNIT ( * ) SI_UNIT ( .MILLI., .METRE. ) );
#1675 = SURFACE_STYLE_FILL_AREA ( #1579 ) ;
#1676 = FILL_AREA_STYLE ('',( #3993 ) ) ;
#1677 = UNCERTAINTY_MEASURE_WITH_UNIT (LENGTH_MEASURE( 1.000000000000000082E-05 ), #2920, 'distance_accuracy_value', 'NONE');
#1678 = SURFACE_STYLE_FILL_AREA ( #1985 ) ;
#1679 =( GEOMETRIC_REPRESENTATION_CONTEXT ( 3 ) GLOBAL_UNCERTAINTY_ASSIGNED_CONTEXT ( ( #2894 ) ) GLOBAL_UNIT_ASSIGNED_CONTEXT ( ( #2904, #3637, #916 ) ) REPRESENTATION_CONTEXT ( 'NONE', 'WORKASPACE' ) );
#1680 = EDGE_LOOP ( 'NONE', ( #2639, #1486, #558, #3974 ) ) ;
#1681 = ADVANCED_FACE ( 'NONE', ( #2131 ), #1100, .F. ) ;
#1682 = PRESENTATION_LAYER_ASSIGNMENT (  '', '', ( #3823 ) ) ;
#1683 = ORIENTED_EDGE ( 'NONE', *, *, #332, .T. ) ;
#1684 = DIRECTION ( 'NONE',  ( -1.000000000000000000, 0.000000000000000000, 0.000000000000000000 ) ) ;
#1685 = AXIS2_PLACEMENT_3D ( 'NONE', #3521, #1521, #1575 ) ;
#1686 = DIRECTION ( 'NONE',  ( 0.000000000000000000, 1.000000000000000000, 0.000000000000000000 ) ) ;
#1687 = COLOUR_RGB ( '',0.8039215686274510109, 0.8039215686274510109, 0.8039215686274510109 ) ;
#1688 = MECHANICAL_DESIGN_GEOMETRIC_PRESENTATION_REPRESENTATION (  '', ( #4112 ), #1822 ) ;
#1689 = SURFACE_STYLE_FILL_AREA ( #2104 ) ;
#1690 = EDGE_LOOP ( 'NONE', ( #2458, #3611, #1090, #1927 ) ) ;
#1691 = DIRECTION ( 'NONE',  ( -6.672013369141570147E-16, -1.000000000000000000, 0.000000000000000000 ) ) ;
#1692 = CARTESIAN_POINT ( 'NONE',  ( 2.199999999999999734, -2.949999999999999734, 1.050000000000000044 ) ) ;
#1693 = MECHANICAL_DESIGN_GEOMETRIC_PRESENTATION_REPRESENTATION (  '', ( #73 ), #501 ) ;
#1694 = CARTESIAN_POINT ( 'NONE',  ( -2.324999999999999734, -3.239999999999999769, 0.1200000000000000094 ) ) ;
#1695 = ORIENTED_EDGE ( 'NONE', *, *, #301, .T. ) ;
#1696 = VECTOR ( 'NONE', #3775, 1000.000000000000000 ) ;
#1697 = ORIENTED_EDGE ( 'NONE', *, *, #194, .F. ) ;
#1698 = CIRCLE ( 'NONE', #3312, 0.2499999999999997780 ) ;
#1699 = ADVANCED_FACE ( 'NONE', ( #166 ), #3892, .T. ) ;
#1700 =( GEOMETRIC_REPRESENTATION_CONTEXT ( 3 ) GLOBAL_UNCERTAINTY_ASSIGNED_CONTEXT ( ( #1943 ) ) GLOBAL_UNIT_ASSIGNED_CONTEXT ( ( #4282, #970, #2078 ) ) REPRESENTATION_CONTEXT ( 'NONE', 'WORKASPACE' ) );
#1701 = CARTESIAN_POINT ( 'NONE',  ( -2.324999999999999734, -1.840000000000000080, 0.1200000000000000094 ) ) ;
#1702 = EDGE_CURVE ( 'NONE', #395, #2853, #1592, .T. ) ;
#1703 = COLOUR_RGB ( '',0.2862745098039215508, 0.2862745098039215508, 0.2862745098039215508 ) ;
#1704 = EDGE_LOOP ( 'NONE', ( #2003, #3959, #2269, #1979 ) ) ;
#1705 = LINE ( 'NONE', #2340, #458 ) ;
#1706 = SURFACE_STYLE_USAGE ( .BOTH. , #3381 ) ;
#1707 = PRESENTATION_STYLE_ASSIGNMENT (( #2428 ) ) ;
#1708 = DIRECTION ( 'NONE',  ( 0.000000000000000000, 0.000000000000000000, -1.000000000000000000 ) ) ;
#1709 = EDGE_LOOP ( 'NONE', ( #2914, #4279, #1377, #4133 ) ) ;
#1710 = AXIS2_PLACEMENT_3D ( 'NONE', #239, #2268, #628 ) ;
#1711 = CARTESIAN_POINT ( 'NONE',  ( 0.000000000000000000, 3.449999999999999734, 1.000000000000000000 ) ) ;
#1712 = FILL_AREA_STYLE_COLOUR ( '', #3235 ) ;
#1713 = SURFACE_STYLE_USAGE ( .BOTH. , #1310 ) ;
#1714 = PRESENTATION_STYLE_ASSIGNMENT (( #370 ) ) ;
#1715 = PRESENTATION_LAYER_ASSIGNMENT (  '', '', ( #3447 ) ) ;
#1716 = VERTEX_POINT ( 'NONE', #524 ) ;
#1717 = PRESENTATION_LAYER_ASSIGNMENT (  '', '', ( #744 ) ) ;
#1718 = UNCERTAINTY_MEASURE_WITH_UNIT (LENGTH_MEASURE( 1.000000000000000082E-05 ), #225, 'distance_accuracy_value', 'NONE');
#1719 = CARTESIAN_POINT ( 'NONE',  ( -2.399999999999999911, -1.915000000000000036, 0.1200000000000000094 ) ) ;
#1720 = EDGE_LOOP ( 'NONE', ( #2227, #3648, #4310, #2636, #1951, #1834, #3957 ) ) ;
#1721 = EDGE_LOOP ( 'NONE', ( #2729, #2093, #419, #3200 ) ) ;
#1722 =( GEOMETRIC_REPRESENTATION_CONTEXT ( 3 ) GLOBAL_UNCERTAINTY_ASSIGNED_CONTEXT ( ( #1815 ) ) GLOBAL_UNIT_ASSIGNED_CONTEXT ( ( #614, #3623, #1640 ) ) REPRESENTATION_CONTEXT ( 'NONE', 'WORKASPACE' ) );
#1723 = CARTESIAN_POINT ( 'NONE',  ( 1.300000000000000044, -2.540000000000000036, 0.1200000000000000094 ) ) ;
#1724 = ORIENTED_EDGE ( 'NONE', *, *, #3025, .F. ) ;
#1725 = FACE_OUTER_BOUND ( 'NONE', #3755, .T. ) ;
#1726 = DIRECTION ( 'NONE',  ( 0.000000000000000000, 0.000000000000000000, -1.000000000000000000 ) ) ;
#1727 = EDGE_CURVE ( 'NONE', #871, #1069, #4164, .T. ) ;
#1728 = DIRECTION ( 'NONE',  ( 0.000000000000000000, 0.000000000000000000, -1.000000000000000000 ) ) ;
#1729 = UNCERTAINTY_MEASURE_WITH_UNIT (LENGTH_MEASURE( 1.000000000000000082E-05 ), #3070, 'distance_accuracy_value', 'NONE');
#1730 = ORIENTED_EDGE ( 'NONE', *, *, #2391, .T. ) ;
#1731 = ADVANCED_FACE ( 'NONE', ( #496 ), #2558, .F. ) ;
#1732 = FILL_AREA_STYLE_COLOUR ( '', #1687 ) ;
#1733 = DIRECTION ( 'NONE',  ( -1.000000000000000000, 0.000000000000000000, 0.000000000000000000 ) ) ;
#1734 = CIRCLE ( 'NONE', #1105, 0.05000000000000012768 ) ;
#1735 = DIRECTION ( 'NONE',  ( 0.000000000000000000, 1.000000000000000000, 0.000000000000000000 ) ) ;
#1736 = CARTESIAN_POINT ( 'NONE',  ( 2.000000000000000000, 2.540000000000000036, 0.1200000000000000094 ) ) ;
#1737 = CIRCLE ( 'NONE', #4171, 0.2499999999999997780 ) ;
#1738 = EDGE_LOOP ( 'NONE', ( #2140, #1522, #3332, #2414 ) ) ;
#1739 = ORIENTED_EDGE ( 'NONE', *, *, #1172, .T. ) ;
#1740 = VECTOR ( 'NONE', #4263, 1000.000000000000000 ) ;
#1741 = PRESENTATION_STYLE_ASSIGNMENT (( #4039 ) ) ;
#1742 = PRESENTATION_LAYER_ASSIGNMENT (  '', '', ( #779 ) ) ;
#1743 = EDGE_LOOP ( 'NONE', ( #1289, #2766, #1739, #4326, #791, #3293 ) ) ;
#1744 = SURFACE_STYLE_FILL_AREA ( #748 ) ;
#1745 = FILL_AREA_STYLE_COLOUR ( '', #154 ) ;
#1746 =( GEOMETRIC_REPRESENTATION_CONTEXT ( 3 ) GLOBAL_UNCERTAINTY_ASSIGNED_CONTEXT ( ( #1729 ) ) GLOBAL_UNIT_ASSIGNED_CONTEXT ( ( #3070, #3409, #2737 ) ) REPRESENTATION_CONTEXT ( 'NONE', 'WORKASPACE' ) );
#1747 = CARTESIAN_POINT ( 'NONE',  ( 2.324999999999999734, -1.840000000000000080, 0.1200000000000000094 ) ) ;
#1748 =( LENGTH_UNIT ( ) NAMED_UNIT ( * ) SI_UNIT ( .MILLI., .METRE. ) );
#1749 = DIRECTION ( 'NONE',  ( 0.000000000000000000, 0.000000000000000000, 1.000000000000000000 ) ) ;
#1750 = SURFACE_STYLE_FILL_AREA ( #411 ) ;
#1751 = EDGE_CURVE ( 'NONE', #11, #684, #1705, .T. ) ;
#1752 = EDGE_CURVE ( 'NONE', #4128, #1758, #341, .T. ) ;
#1753 = LINE ( 'NONE', #3748, #4284 ) ;
#1754 = PRESENTATION_STYLE_ASSIGNMENT (( #2112 ) ) ;
#1755 = DIRECTION ( 'NONE',  ( 0.000000000000000000, 1.000000000000000000, 0.000000000000000000 ) ) ;
#1756 = DIRECTION ( 'NONE',  ( -1.000000000000000000, 0.000000000000000000, 0.000000000000000000 ) ) ;
#1757 = DIRECTION ( 'NONE',  ( 0.000000000000000000, -1.000000000000000000, 0.000000000000000000 ) ) ;
#1758 = VERTEX_POINT ( 'NONE', #3917 ) ;
#1759 = EDGE_LOOP ( 'NONE', ( #3227, #2002, #838, #2324 ) ) ;
#1760 = CIRCLE ( 'NONE', #3638, 0.07499999999999998335 ) ;
#1761 = SURFACE_STYLE_FILL_AREA ( #3731 ) ;
#1762 = CIRCLE ( 'NONE', #3642, 0.07499999999999998335 ) ;
#1763 = ORIENTED_EDGE ( 'NONE', *, *, #4117, .T. ) ;
#1764 = AXIS2_PLACEMENT_3D ( 'NONE', #3524, #6, #1386 ) ;
#1765 = LINE ( 'NONE', #2446, #4281 ) ;
#1766 = STYLED_ITEM ( 'NONE', ( #2479 ), #3705 ) ;
#1767 =( GEOMETRIC_REPRESENTATION_CONTEXT ( 3 ) GLOBAL_UNCERTAINTY_ASSIGNED_CONTEXT ( ( #933 ) ) GLOBAL_UNIT_ASSIGNED_CONTEXT ( ( #2086, #3085, #3426 ) ) REPRESENTATION_CONTEXT ( 'NONE', 'WORKASPACE' ) );
#1768 = FACE_OUTER_BOUND ( 'NONE', #724, .T. ) ;
#1769 = VECTOR ( 'NONE', #2842, 1000.000000000000000 ) ;
#1770 = PRESENTATION_LAYER_ASSIGNMENT (  '', '', ( #2823 ) ) ;
#1771 = DIRECTION ( 'NONE',  ( 0.000000000000000000, 0.000000000000000000, -1.000000000000000000 ) ) ;
#1772 = SURFACE_STYLE_USAGE ( .BOTH. , #1795 ) ;
#1773 = CARTESIAN_POINT ( 'NONE',  ( 2.324999999999999734, 1.840000000000000080, 0.000000000000000000 ) ) ;
#1774 = DIRECTION ( 'NONE',  ( 0.000000000000000000, 0.000000000000000000, -1.000000000000000000 ) ) ;
#1775 = DIRECTION ( 'NONE',  ( -1.000000000000000000, 0.000000000000000000, 0.000000000000000000 ) ) ;
#1776 = ADVANCED_FACE ( 'NONE', ( #319 ), #2952, .T. ) ;
#1777 = EDGE_CURVE ( 'NONE', #2202, #3650, #2906, .T. ) ;
#1778 = PRESENTATION_LAYER_ASSIGNMENT (  '', '', ( #3657 ) ) ;
#1779 =( NAMED_UNIT ( * ) PLANE_ANGLE_UNIT ( ) SI_UNIT ( $, .RADIAN. ) );
#1780 = SURFACE_STYLE_USAGE ( .BOTH. , #1430 ) ;
#1781 = ORIENTED_EDGE ( 'NONE', *, *, #86, .T. ) ;
#1782 = STYLED_ITEM ( 'NONE', ( #2121 ), #2139 ) ;
#1783 = ORIENTED_EDGE ( 'NONE', *, *, #2528, .F. ) ;
#1784 = EDGE_CURVE ( 'NONE', #4016, #4194, #3264, .T. ) ;
#1785 = SURFACE_STYLE_FILL_AREA ( #2119 ) ;
#1786 = CARTESIAN_POINT ( 'NONE',  ( -2.324999999999999734, 1.915000000000000036, 0.1200000000000000094 ) ) ;
#1787 = AXIS2_PLACEMENT_3D ( 'NONE', #2734, #2405, #1733 ) ;
#1788 = ORIENTED_EDGE ( 'NONE', *, *, #1923, .F. ) ;
#1789 = MECHANICAL_DESIGN_GEOMETRIC_PRESENTATION_REPRESENTATION (  '', ( #3940 ), #1722 ) ;
#1790 = DIRECTION ( 'NONE',  ( 0.000000000000000000, 0.000000000000000000, -1.000000000000000000 ) ) ;
#1791 =( LENGTH_UNIT ( ) NAMED_UNIT ( * ) SI_UNIT ( .MILLI., .METRE. ) );
#1792 =( NAMED_UNIT ( * ) SI_UNIT ( $, .STERADIAN. ) SOLID_ANGLE_UNIT ( ) );
#1793 =( NAMED_UNIT ( * ) PLANE_ANGLE_UNIT ( ) SI_UNIT ( $, .RADIAN. ) );
#1794 = DIRECTION ( 'NONE',  ( 7.434529182757750325E-16, 1.000000000000000000, 0.000000000000000000 ) ) ;
#1795 = SURFACE_SIDE_STYLE ('',( #3448 ) ) ;
#1796 = DIRECTION ( 'NONE',  ( 1.000000000000000000, -7.434529182757750325E-16, 0.000000000000000000 ) ) ;
#1797 = CARTESIAN_POINT ( 'NONE',  ( 2.324999999999999734, 3.239999999999999769, 0.1200000000000000094 ) ) ;
#1798 = PRESENTATION_STYLE_ASSIGNMENT (( #126 ) ) ;
#1799 = AXIS2_PLACEMENT_3D ( 'NONE', #2570, #2246, #3207 ) ;
#1800 = VECTOR ( 'NONE', #2908, 1000.000000000000000 ) ;
#1801 = VERTEX_POINT ( 'NONE', #2694 ) ;
#1802 = UNCERTAINTY_MEASURE_WITH_UNIT (LENGTH_MEASURE( 1.000000000000000082E-05 ), #1018, 'distance_accuracy_value', 'NONE');
#1803 = DIRECTION ( 'NONE',  ( 1.000000000000000000, -7.434529182757750325E-16, 0.000000000000000000 ) ) ;
#1804 = SURFACE_SIDE_STYLE ('',( #2808 ) ) ;
#1805 = MECHANICAL_DESIGN_GEOMETRIC_PRESENTATION_REPRESENTATION (  '', ( #3878 ), #4091 ) ;
#1806 = ORIENTED_EDGE ( 'NONE', *, *, #2318, .F. ) ;
#1807 = FILL_AREA_STYLE ('',( #1176 ) ) ;
#1808 = PLANE ( 'NONE',  #4272 ) ;
#1809 = MECHANICAL_DESIGN_GEOMETRIC_PRESENTATION_REPRESENTATION (  '', ( #2437 ), #3208 ) ;
#1810 = LINE ( 'NONE', #4113, #759 ) ;
#1811 = EDGE_CURVE ( 'NONE', #3626, #3634, #4003, .T. ) ;
#1812 = ORIENTED_EDGE ( 'NONE', *, *, #4007, .F. ) ;
#1813 = CARTESIAN_POINT ( 'NONE',  ( 1.300000000000000044, 2.540000000000000036, 0.1200000000000000094 ) ) ;
#1814 = DIRECTION ( 'NONE',  ( 1.000000000000000000, 0.000000000000000000, 0.000000000000000000 ) ) ;
#1815 = UNCERTAINTY_MEASURE_WITH_UNIT (LENGTH_MEASURE( 1.000000000000000082E-05 ), #614, 'distance_accuracy_value', 'NONE');
#1816 = VECTOR ( 'NONE', #2821, 1000.000000000000000 ) ;
#1817 = AXIS2_PLACEMENT_3D ( 'NONE', #1221, #1268, #3615 ) ;
#1818 = DIRECTION ( 'NONE',  ( 0.000000000000000000, 0.000000000000000000, -1.000000000000000000 ) ) ;
#1819 = LINE ( 'NONE', #3147, #849 ) ;
#1820 = CARTESIAN_POINT ( 'NONE',  ( -2.000000000000000000, 2.540000000000000036, 0.1200000000000000094 ) ) ;
#1821 = LINE ( 'NONE', #475, #1027 ) ;
#1822 =( GEOMETRIC_REPRESENTATION_CONTEXT ( 3 ) GLOBAL_UNCERTAINTY_ASSIGNED_CONTEXT ( ( #3081 ) ) GLOBAL_UNIT_ASSIGNED_CONTEXT ( ( #3169, #1208, #2233 ) ) REPRESENTATION_CONTEXT ( 'NONE', 'WORKASPACE' ) );
#1824 = STYLED_ITEM ( 'NONE', ( #799 ), #1045 ) ;
#1823 = DIRECTION ( 'NONE',  ( 0.000000000000000000, 1.734723475976806148E-14, -1.000000000000000000 ) ) ;
#1825 = LINE ( 'NONE', #3152, #2862 ) ;
#1826 = STYLED_ITEM ( 'NONE', ( #918 ), #3141 ) ;
#1827 = FILL_AREA_STYLE ('',( #107 ) ) ;
#1828 = PLANE ( 'NONE',  #481 ) ;
#1829 = LINE ( 'NONE', #1133, #2630 ) ;
#1830 = ORIENTED_EDGE ( 'NONE', *, *, #1228, .T. ) ;
#1831 = SURFACE_SIDE_STYLE ('',( #1785 ) ) ;
#1832 = DIRECTION ( 'NONE',  ( 0.000000000000000000, 1.000000000000000000, 0.000000000000000000 ) ) ;
#1833 = LINE ( 'NONE', #1854, #1385 ) ;
#1834 = ORIENTED_EDGE ( 'NONE', *, *, #4257, .T. ) ;
#1835 = ADVANCED_FACE ( 'NONE', ( #363 ), #1015, .T. ) ;
#1836 = FACE_OUTER_BOUND ( 'NONE', #1334, .T. ) ;
#1837 =( GEOMETRIC_REPRESENTATION_CONTEXT ( 3 ) GLOBAL_UNCERTAINTY_ASSIGNED_CONTEXT ( ( #268 ) ) GLOBAL_UNIT_ASSIGNED_CONTEXT ( ( #941, #3619, #267 ) ) REPRESENTATION_CONTEXT ( 'NONE', 'WORKASPACE' ) );
#1838 = EDGE_CURVE ( 'NONE', #3279, #963, #2180, .T. ) ;
#1839 =( GEOMETRIC_REPRESENTATION_CONTEXT ( 3 ) GLOBAL_UNCERTAINTY_ASSIGNED_CONTEXT ( ( #2411 ) ) GLOBAL_UNIT_ASSIGNED_CONTEXT ( ( #3121, #2459, #815 ) ) REPRESENTATION_CONTEXT ( 'NONE', 'WORKASPACE' ) );
#1840 =( NAMED_UNIT ( * ) PLANE_ANGLE_UNIT ( ) SI_UNIT ( $, .RADIAN. ) );
#1841 = CARTESIAN_POINT ( 'NONE',  ( -2.399999999999999911, -1.915000000000000036, 0.1200000000000000094 ) ) ;
#1842 = DIRECTION ( 'NONE',  ( 0.000000000000000000, 0.000000000000000000, -1.000000000000000000 ) ) ;
#1843 = COLOUR_RGB ( '',0.2862745098039215508, 0.2862745098039215508, 0.2862745098039215508 ) ;
#1844 =( NAMED_UNIT ( * ) SI_UNIT ( $, .STERADIAN. ) SOLID_ANGLE_UNIT ( ) );
#1845 = COLOUR_RGB ( '',0.7921568627450980005, 0.8196078431372548767, 0.9333333333333333481 ) ;
#1846 = DIRECTION ( 'NONE',  ( 0.000000000000000000, 0.000000000000000000, -1.000000000000000000 ) ) ;
#1847 = FACE_OUTER_BOUND ( 'NONE', #2987, .T. ) ;
#1848 = VECTOR ( 'NONE', #1842, 1000.000000000000000 ) ;
#1849 = FACE_OUTER_BOUND ( 'NONE', #2911, .T. ) ;
#1850 = AXIS2_PLACEMENT_3D ( 'NONE', #2780, #459, #3015 ) ;
#1851 =( NAMED_UNIT ( * ) PLANE_ANGLE_UNIT ( ) SI_UNIT ( $, .RADIAN. ) );
#1852 = COLOUR_RGB ( '',0.7921568627450980005, 0.8196078431372548767, 0.9333333333333333481 ) ;
#1853 = FACE_OUTER_BOUND ( 'NONE', #180, .T. ) ;
#1854 = CARTESIAN_POINT ( 'NONE',  ( -2.500000000000000000, 3.449999999999999734, 1.050000000000000044 ) ) ;
#1855 = MECHANICAL_DESIGN_GEOMETRIC_PRESENTATION_REPRESENTATION (  '', ( #2758 ), #3247 ) ;
#1856 = ORIENTED_EDGE ( 'NONE', *, *, #3146, .T. ) ;
#1857 =( NAMED_UNIT ( * ) PLANE_ANGLE_UNIT ( ) SI_UNIT ( $, .RADIAN. ) );
#1858 = SURFACE_SIDE_STYLE ('',( #2447 ) ) ;
#1859 = UNCERTAINTY_MEASURE_WITH_UNIT (LENGTH_MEASURE( 1.000000000000000082E-05 ), #65, 'distance_accuracy_value', 'NONE');
#1860 = STYLED_ITEM ( 'NONE', ( #1474 ), #1681 ) ;
#1861 = EDGE_CURVE ( 'NONE', #963, #1193, #847, .T. ) ;
#1862 = DIRECTION ( 'NONE',  ( 0.000000000000000000, 0.000000000000000000, -1.000000000000000000 ) ) ;
#1863 = PLANE ( 'NONE',  #85 ) ;
#1864 = EDGE_CURVE ( 'NONE', #171, #3929, #3927, .T. ) ;
#1865 = FACE_OUTER_BOUND ( 'NONE', #630, .T. ) ;
#1866 = FILL_AREA_STYLE ('',( #1557 ) ) ;
#1867 = ORIENTED_EDGE ( 'NONE', *, *, #3822, .T. ) ;
#1868 = SURFACE_STYLE_FILL_AREA ( #3904 ) ;
#1869 = VECTOR ( 'NONE', #568, 1000.000000000000000 ) ;
#1870 =( LENGTH_UNIT ( ) NAMED_UNIT ( * ) SI_UNIT ( .MILLI., .METRE. ) );
#1871 = STYLED_ITEM ( 'NONE', ( #1153 ), #15 ) ;
#1872 = ORIENTED_EDGE ( 'NONE', *, *, #3983, .T. ) ;
#1873 = COLOUR_RGB ( '',0.2862745098039215508, 0.2862745098039215508, 0.2862745098039215508 ) ;
#1874 = MECHANICAL_DESIGN_GEOMETRIC_PRESENTATION_REPRESENTATION (  '', ( #4317 ), #4013 ) ;
#1875 =( NAMED_UNIT ( * ) SI_UNIT ( $, .STERADIAN. ) SOLID_ANGLE_UNIT ( ) );
#1876 = CARTESIAN_POINT ( 'NONE',  ( 1.949999999999999956, -2.949999999999999734, 1.039999999999999813 ) ) ;
#1877 = SURFACE_SIDE_STYLE ('',( #3762 ) ) ;
#1878 = ORIENTED_EDGE ( 'NONE', *, *, #3454, .F. ) ;
#1879 = FILL_AREA_STYLE ('',( #518 ) ) ;
#1880 =( NAMED_UNIT ( * ) PLANE_ANGLE_UNIT ( ) SI_UNIT ( $, .RADIAN. ) );
#1881 = CARTESIAN_POINT ( 'NONE',  ( 2.000000000000000000, 2.540000000000000036, 0.1200000000000000094 ) ) ;
#1882 = ORIENTED_EDGE ( 'NONE', *, *, #3229, .F. ) ;
#1883 = DIRECTION ( 'NONE',  ( 0.000000000000000000, 0.000000000000000000, -1.000000000000000000 ) ) ;
#1884 =( GEOMETRIC_REPRESENTATION_CONTEXT ( 3 ) GLOBAL_UNCERTAINTY_ASSIGNED_CONTEXT ( ( #761 ) ) GLOBAL_UNIT_ASSIGNED_CONTEXT ( ( #958, #934, #1875 ) ) REPRESENTATION_CONTEXT ( 'NONE', 'WORKASPACE' ) );
#1885 = FILL_AREA_STYLE_COLOUR ( '', #1264 ) ;
#1886 = CARTESIAN_POINT ( 'NONE',  ( -2.324999999999999734, 1.840000000000000080, 0.1200000000000000094 ) ) ;
#1887 = VERTEX_POINT ( 'NONE', #1152 ) ;
#1888 = CARTESIAN_POINT ( 'NONE',  ( 2.500000000000000000, -3.449999999999999734, 1.050000000000000044 ) ) ;
#1889 = EDGE_CURVE ( 'NONE', #976, #399, #3997, .T. ) ;
#1890 = EDGE_CURVE ( 'NONE', #2529, #3608, #3502, .T. ) ;
#1891 = AXIS2_PLACEMENT_3D ( 'NONE', #389, #689, #1022 ) ;
#1892 = AXIS2_PLACEMENT_3D ( 'NONE', #2255, #3964, #2320 ) ;
#1893 =( LENGTH_UNIT ( ) NAMED_UNIT ( * ) SI_UNIT ( .MILLI., .METRE. ) );
#1894 = CARTESIAN_POINT ( 'NONE',  ( 2.324999999999999734, 1.840000000000000080, 0.1200000000000000094 ) ) ;
#1895 = PLANE ( 'NONE',  #1710 ) ;
#1896 = DIRECTION ( 'NONE',  ( -1.334402673828316002E-15, -1.000000000000000000, 0.000000000000000000 ) ) ;
#1897 = VERTEX_POINT ( 'NONE', #2116 ) ;
#1898 = PRESENTATION_STYLE_ASSIGNMENT (( #3531 ) ) ;
#1899 = UNCERTAINTY_MEASURE_WITH_UNIT (LENGTH_MEASURE( 1.000000000000000082E-05 ), #4010, 'distance_accuracy_value', 'NONE');
#1900 = ORIENTED_EDGE ( 'NONE', *, *, #3401, .F. ) ;
#1901 =( NAMED_UNIT ( * ) PLANE_ANGLE_UNIT ( ) SI_UNIT ( $, .RADIAN. ) );
#1902 =( LENGTH_UNIT ( ) NAMED_UNIT ( * ) SI_UNIT ( .MILLI., .METRE. ) );
#1903 = CIRCLE ( 'NONE', #2042, 0.04999999999999991257 ) ;
#1904 = EDGE_LOOP ( 'NONE', ( #1872, #3205, #3246, #2060 ) ) ;
#1905 = MECHANICAL_DESIGN_GEOMETRIC_PRESENTATION_REPRESENTATION (  '', ( #3776 ), #4276 ) ;
#1906 = CARTESIAN_POINT ( 'NONE',  ( -2.324999999999999734, -3.239999999999999769, 0.1200000000000000094 ) ) ;
#1907 = ORIENTED_EDGE ( 'NONE', *, *, #1468, .T. ) ;
#1908 = VERTEX_POINT ( 'NONE', #4080 ) ;
#1909 = ORIENTED_EDGE ( 'NONE', *, *, #245, .F. ) ;
#1910 = SURFACE_STYLE_FILL_AREA ( #3669 ) ;
#1911 = CIRCLE ( 'NONE', #20, 0.07499999999999998335 ) ;
#1912 = PRESENTATION_STYLE_ASSIGNMENT (( #2502 ) ) ;
#1913 = EDGE_CURVE ( 'NONE', #871, #2286, #3754, .T. ) ;
#1914 = FILL_AREA_STYLE_COLOUR ( '', #2741 ) ;
#1915 = DIRECTION ( 'NONE',  ( -1.000000000000000000, 0.000000000000000000, 0.000000000000000000 ) ) ;
#1916 = SURFACE_STYLE_FILL_AREA ( #3302 ) ;
#1917 = ORIENTED_EDGE ( 'NONE', *, *, #170, .F. ) ;
#1918 = EDGE_CURVE ( 'NONE', #3102, #171, #1829, .T. ) ;
#1919 =( NAMED_UNIT ( * ) SI_UNIT ( $, .STERADIAN. ) SOLID_ANGLE_UNIT ( ) );
#1920 = DIRECTION ( 'NONE',  ( -1.000000000000000000, 0.000000000000000000, 0.000000000000000000 ) ) ;
#1921 = LINE ( 'NONE', #2978, #2579 ) ;
#1922 = DIRECTION ( 'NONE',  ( 0.000000000000000000, 0.000000000000000000, -1.000000000000000000 ) ) ;
#1923 = EDGE_CURVE ( 'NONE', #3392, #2651, #832, .T. ) ;
#1924 =( NAMED_UNIT ( * ) SI_UNIT ( $, .STERADIAN. ) SOLID_ANGLE_UNIT ( ) );
#1925 =( GEOMETRIC_REPRESENTATION_CONTEXT ( 3 ) GLOBAL_UNCERTAINTY_ASSIGNED_CONTEXT ( ( #1380 ) ) GLOBAL_UNIT_ASSIGNED_CONTEXT ( ( #2063, #3875, #1924 ) ) REPRESENTATION_CONTEXT ( 'NONE', 'WORKASPACE' ) );
#1926 = CARTESIAN_POINT ( 'NONE',  ( -2.399999999999999911, 3.165000000000000036, 0.1200000000000000094 ) ) ;
#1927 = ORIENTED_EDGE ( 'NONE', *, *, #925, .T. ) ;
#1928 = VERTEX_POINT ( 'NONE', #508 ) ;
#1929 = CARTESIAN_POINT ( 'NONE',  ( -2.449999999999999734, -3.500000000000000000, 1.050000000000000044 ) ) ;
#1930 = ORIENTED_EDGE ( 'NONE', *, *, #668, .F. ) ;
#1931 = CARTESIAN_POINT ( 'NONE',  ( 2.000000000000000000, 2.540000000000000036, 0.1200000000000000094 ) ) ;
#1932 = COLOUR_RGB ( '',0.2862745098039215508, 0.2862745098039215508, 0.2862745098039215508 ) ;
#1933 = UNCERTAINTY_MEASURE_WITH_UNIT (LENGTH_MEASURE( 1.000000000000000082E-05 ), #1791, 'distance_accuracy_value', 'NONE');
#1934 = DIRECTION ( 'NONE',  ( -1.000000000000000000, 0.000000000000000000, 0.000000000000000000 ) ) ;
#1935 = FACE_OUTER_BOUND ( 'NONE', #1759, .T. ) ;
#1936 = ORIENTED_EDGE ( 'NONE', *, *, #1408, .T. ) ;
#1937 = LINE ( 'NONE', #2941, #1740 ) ;
#1938 = LINE ( 'NONE', #1550, #2982 ) ;
#1939 = CARTESIAN_POINT ( 'NONE',  ( 1.449999999999999956, -1.840000000000000080, 0.1200000000000000094 ) ) ;
#1940 = ORIENTED_EDGE ( 'NONE', *, *, #2966, .F. ) ;
#1941 = ORIENTED_EDGE ( 'NONE', *, *, #852, .F. ) ;
#1942 = MECHANICAL_DESIGN_GEOMETRIC_PRESENTATION_REPRESENTATION (  '', ( #2999 ), #616 ) ;
#1943 = UNCERTAINTY_MEASURE_WITH_UNIT (LENGTH_MEASURE( 1.000000000000000082E-05 ), #4282, 'distance_accuracy_value', 'NONE');
#1944 = EDGE_CURVE ( 'NONE', #817, #1352, #3479, .T. ) ;
#1945 = CARTESIAN_POINT ( 'NONE',  ( -2.399999999999999911, 1.915000000000000036, 0.1200000000000000094 ) ) ;
#1946 =( NAMED_UNIT ( * ) SI_UNIT ( $, .STERADIAN. ) SOLID_ANGLE_UNIT ( ) );
#1947 = CIRCLE ( 'NONE', #2568, 0.07499999999999998335 ) ;
#1948 = SURFACE_SIDE_STYLE ('',( #2981 ) ) ;
#1949 = PLANE ( 'NONE',  #2686 ) ;
#1950 = EDGE_LOOP ( 'NONE', ( #2037, #2017, #740, #4022 ) ) ;
#1951 = ORIENTED_EDGE ( 'NONE', *, *, #3741, .T. ) ;
#1952 = PRESENTATION_LAYER_ASSIGNMENT (  '', '', ( #486 ) ) ;
#1953 = CARTESIAN_POINT ( 'NONE',  ( -2.399999999999999911, 3.165000000000000036, 0.000000000000000000 ) ) ;
#1954 = EDGE_LOOP ( 'NONE', ( #2012, #2586, #260, #949, #2767, #3658 ) ) ;
#1955 = LINE ( 'NONE', #2893, #730 ) ;
#1956 = FILL_AREA_STYLE_COLOUR ( '', #1230 ) ;
#1957 = STYLED_ITEM ( 'NONE', ( #4147 ), #2738 ) ;
#1958 = SURFACE_STYLE_USAGE ( .BOTH. , #603 ) ;
#1959 = DIRECTION ( 'NONE',  ( 0.000000000000000000, 0.000000000000000000, 1.000000000000000000 ) ) ;
#1960 = FACE_OUTER_BOUND ( 'NONE', #2746, .T. ) ;
#1961 = LINE ( 'NONE', #1939, #2115 ) ;
#1962 = STYLED_ITEM ( 'NONE', ( #2907 ), #3118 ) ;
#1963 = VERTEX_POINT ( 'NONE', #4125 ) ;
#1964 = EDGE_LOOP ( 'NONE', ( #4321, #564, #4323, #2380 ) ) ;
#1965 = CIRCLE ( 'NONE', #1063, 0.07499999999999998335 ) ;
#1966 = APPLICATION_CONTEXT ( 'automotive_design' ) ;
#1967 = PRESENTATION_STYLE_ASSIGNMENT (( #2921 ) ) ;
#1968 = CARTESIAN_POINT ( 'NONE',  ( -2.324999999999999734, 1.840000000000000080, 0.1200000000000000094 ) ) ;
#1969 = VERTEX_POINT ( 'NONE', #3411 ) ;
#1970 = DIRECTION ( 'NONE',  ( -1.000000000000000000, 0.000000000000000000, 0.000000000000000000 ) ) ;
#1971 = ADVANCED_FACE ( 'NONE', ( #483 ), #3726, .F. ) ;
#1972 = FILL_AREA_STYLE_COLOUR ( '', #3051 ) ;
#1973 = SURFACE_STYLE_USAGE ( .BOTH. , #615 ) ;
#1974 = ADVANCED_FACE ( 'NONE', ( #790 ), #811, .T. ) ;
#1975 = DIRECTION ( 'NONE',  ( 0.000000000000000000, 1.000000000000000000, 0.000000000000000000 ) ) ;
#1976 = COLOUR_RGB ( '',0.7921568627450980005, 0.8196078431372548767, 0.9333333333333333481 ) ;
#1977 = EDGE_LOOP ( 'NONE', ( #707, #1431, #2439, #3342, #3035, #3073, #2198 ) ) ;
#1978 = LINE ( 'NONE', #1929, #3491 ) ;
#1979 = ORIENTED_EDGE ( 'NONE', *, *, #2879, .T. ) ;
#1980 = DIRECTION ( 'NONE',  ( 0.000000000000000000, 0.000000000000000000, -1.000000000000000000 ) ) ;
#1981 = VECTOR ( 'NONE', #1548, 1000.000000000000000 ) ;
#1982 = CIRCLE ( 'NONE', #80, 0.04999999999999991257 ) ;
#1983 = VECTOR ( 'NONE', #829, 1000.000000000000000 ) ;
#1984 = SURFACE_SIDE_STYLE ('',( #3012 ) ) ;
#1985 = FILL_AREA_STYLE ('',( #2721 ) ) ;
#1986 =( NAMED_UNIT ( * ) SI_UNIT ( $, .STERADIAN. ) SOLID_ANGLE_UNIT ( ) );
#1987 = DIRECTION ( 'NONE',  ( 0.000000000000000000, 0.000000000000000000, 1.000000000000000000 ) ) ;
#1988 = VECTOR ( 'NONE', #99, 1000.000000000000000 ) ;
#1989 = ORIENTED_EDGE ( 'NONE', *, *, #1335, .T. ) ;
#1990 = ORIENTED_EDGE ( 'NONE', *, *, #3340, .T. ) ;
#1991 = APPLICATION_PROTOCOL_DEFINITION ( 'draft international standard', 'automotive_design', 1998, #3895 ) ;
#1992 = AXIS2_PLACEMENT_3D ( 'NONE', #1202, #2532, #1552 ) ;
#1993 = SURFACE_STYLE_USAGE ( .BOTH. , #986 ) ;
#1994 = SURFACE_SIDE_STYLE ('',( #2977 ) ) ;
#1995 = FILL_AREA_STYLE ('',( #4325 ) ) ;
#1996 = AXIS2_PLACEMENT_3D ( 'NONE', #3110, #3132, #1823 ) ;
#1997 = SURFACE_SIDE_STYLE ('',( #2362 ) ) ;
#1998 =( LENGTH_UNIT ( ) NAMED_UNIT ( * ) SI_UNIT ( .MILLI., .METRE. ) );
#1999 = COLOUR_RGB ( '',0.2862745098039215508, 0.2862745098039215508, 0.2862745098039215508 ) ;
#2000 =( GEOMETRIC_REPRESENTATION_CONTEXT ( 3 ) GLOBAL_UNCERTAINTY_ASSIGNED_CONTEXT ( ( #774 ) ) GLOBAL_UNIT_ASSIGNED_CONTEXT ( ( #2065, #81, #391 ) ) REPRESENTATION_CONTEXT ( 'NONE', 'WORKASPACE' ) );
#2001 =( LENGTH_UNIT ( ) NAMED_UNIT ( * ) SI_UNIT ( .MILLI., .METRE. ) );
#2002 = ORIENTED_EDGE ( 'NONE', *, *, #3281, .F. ) ;
#2003 = ORIENTED_EDGE ( 'NONE', *, *, #1432, .T. ) ;
#2004 = FILL_AREA_STYLE ('',( #671 ) ) ;
#2005 = ADVANCED_FACE ( 'NONE', ( #257 ), #2871, .T. ) ;
#2006 =( NAMED_UNIT ( * ) SI_UNIT ( $, .STERADIAN. ) SOLID_ANGLE_UNIT ( ) );
#2007 = MANIFOLD_SOLID_BREP ( 'NONE', #325 ) ;
#2008 = PRESENTATION_LAYER_ASSIGNMENT (  '', '', ( #3185 ) ) ;
#2009 =( NAMED_UNIT ( * ) PLANE_ANGLE_UNIT ( ) SI_UNIT ( $, .RADIAN. ) );
#2010 = CARTESIAN_POINT ( 'NONE',  ( 2.324999999999999734, -1.915000000000000036, 0.000000000000000000 ) ) ;
#2011 = VERTEX_POINT ( 'NONE', #3049 ) ;
#2012 = ORIENTED_EDGE ( 'NONE', *, *, #3195, .F. ) ;
#2013 = PRODUCT_CONTEXT ( 'NONE', #1966, 'mechanical' ) ;
#2014 = MANIFOLD_SOLID_BREP ( 'NONE', #4234 ) ;
#2015 = FILL_AREA_STYLE ('',( #1010 ) ) ;
#2016 = DIRECTION ( 'NONE',  ( 1.000000000000000000, 0.000000000000000000, 0.000000000000000000 ) ) ;
#2017 = ORIENTED_EDGE ( 'NONE', *, *, #13, .F. ) ;
#2018 = MECHANICAL_DESIGN_GEOMETRIC_PRESENTATION_REPRESENTATION (  '', ( #3273 ), #2564 ) ;
#2019 = CARTESIAN_POINT ( 'NONE',  ( -2.324999999999999734, 3.239999999999999769, 0.1200000000000000094 ) ) ;
#2020 = DIRECTION ( 'NONE',  ( 1.000000000000000000, 0.000000000000000000, 0.000000000000000000 ) ) ;
#2021 = MECHANICAL_DESIGN_GEOMETRIC_PRESENTATION_REPRESENTATION (  '', ( #971 ), #1527 ) ;
#2022 = AXIS2_PLACEMENT_3D ( 'NONE', #2053, #3696, #1358 ) ;
#2023 = DIRECTION ( 'NONE',  ( 0.000000000000000000, 1.000000000000000000, 0.000000000000000000 ) ) ;
#2024 =( NAMED_UNIT ( * ) SI_UNIT ( $, .STERADIAN. ) SOLID_ANGLE_UNIT ( ) );
#2025 = ORIENTED_EDGE ( 'NONE', *, *, #216, .T. ) ;
#2026 = ORIENTED_EDGE ( 'NONE', *, *, #3739, .T. ) ;
#2027 =( NAMED_UNIT ( * ) PLANE_ANGLE_UNIT ( ) SI_UNIT ( $, .RADIAN. ) );
#2028 = MANIFOLD_SOLID_BREP ( 'NONE', #3730 ) ;
#2029 = EDGE_CURVE ( 'NONE', #911, #982, #39, .T. ) ;
#2030 =( LENGTH_UNIT ( ) NAMED_UNIT ( * ) SI_UNIT ( .MILLI., .METRE. ) );
#2031 = EDGE_CURVE ( 'NONE', #4194, #2303, #175, .T. ) ;
#2032 = ORIENTED_EDGE ( 'NONE', *, *, #193, .T. ) ;
#2033 = AXIS2_PLACEMENT_3D ( 'NONE', #367, #998, #36 ) ;
#2034 = EDGE_LOOP ( 'NONE', ( #3487, #368, #4072, #2056 ) ) ;
#2035 = SURFACE_STYLE_FILL_AREA ( #2094 ) ;
#2036 = CARTESIAN_POINT ( 'NONE',  ( 1.300000000000000044, -2.540000000000000036, 0.1200000000000000094 ) ) ;
#2037 = ORIENTED_EDGE ( 'NONE', *, *, #2740, .T. ) ;
#2038 = CIRCLE ( 'NONE', #2936, 0.7000000000000000666 ) ;
#2039 = DIRECTION ( 'NONE',  ( 1.000000000000000000, -1.334402673828316002E-15, 0.000000000000000000 ) ) ;
#2040 = LINE ( 'NONE', #2383, #1248 ) ;
#2041 =( NAMED_UNIT ( * ) SI_UNIT ( $, .STERADIAN. ) SOLID_ANGLE_UNIT ( ) );
#2042 = AXIS2_PLACEMENT_3D ( 'NONE', #2836, #4129, #3459 ) ;
#2043 = DIRECTION ( 'NONE',  ( 0.000000000000000000, 1.000000000000000000, 0.000000000000000000 ) ) ;
#2044 = SURFACE_STYLE_USAGE ( .BOTH. , #1144 ) ;
#2045 = ORIENTED_EDGE ( 'NONE', *, *, #2793, .F. ) ;
#2046 = ADVANCED_FACE ( 'NONE', ( #3949 ), #3667, .T. ) ;
#2047 = PRESENTATION_LAYER_ASSIGNMENT (  '', '', ( #3094 ) ) ;
#2048 = EDGE_LOOP ( 'NONE', ( #2508, #2670, #2656, #4174 ) ) ;
#2049 = DIRECTION ( 'NONE',  ( 0.000000000000000000, 0.000000000000000000, -1.000000000000000000 ) ) ;
#2050 = CIRCLE ( 'NONE', #2258, 0.7000000000000000666 ) ;
#2051 = DIRECTION ( 'NONE',  ( 0.000000000000000000, 0.000000000000000000, -1.000000000000000000 ) ) ;
#2052 = AXIS2_PLACEMENT_3D ( 'NONE', #315, #657, #1920 ) ;
#2053 = CARTESIAN_POINT ( 'NONE',  ( 1.949999999999999956, -2.949999999999999734, 1.039999999999999813 ) ) ;
#2054 = ADVANCED_FACE ( 'NONE', ( #2087 ), #2407, .T. ) ;
#2055 = AXIS2_PLACEMENT_3D ( 'NONE', #912, #2270, #3570 ) ;
#2056 = ORIENTED_EDGE ( 'NONE', *, *, #3090, .T. ) ;
#2057 = CARTESIAN_POINT ( 'NONE',  ( 2.324999999999999734, 1.840000000000000080, 0.1200000000000000094 ) ) ;
#2058 = ADVANCED_FACE ( 'NONE', ( #3723 ), #189, .F. ) ;
#2059 =( LENGTH_UNIT ( ) NAMED_UNIT ( * ) SI_UNIT ( .MILLI., .METRE. ) );
#2060 = ORIENTED_EDGE ( 'NONE', *, *, #3196, .T. ) ;
#2061 = STYLED_ITEM ( 'NONE', ( #1656 ), #2292 ) ;
#2062 = DIRECTION ( 'NONE',  ( 0.000000000000000000, 0.000000000000000000, -1.000000000000000000 ) ) ;
#2063 =( LENGTH_UNIT ( ) NAMED_UNIT ( * ) SI_UNIT ( .MILLI., .METRE. ) );
#2064 = FACE_OUTER_BOUND ( 'NONE', #3523, .T. ) ;
#2065 =( LENGTH_UNIT ( ) NAMED_UNIT ( * ) SI_UNIT ( .MILLI., .METRE. ) );
#2066 =( LENGTH_UNIT ( ) NAMED_UNIT ( * ) SI_UNIT ( .MILLI., .METRE. ) );
#2067 = AXIS2_PLACEMENT_3D ( 'NONE', #762, #2091, #417 ) ;
#2068 =( GEOMETRIC_REPRESENTATION_CONTEXT ( 3 ) GLOBAL_UNCERTAINTY_ASSIGNED_CONTEXT ( ( #183 ) ) GLOBAL_UNIT_ASSIGNED_CONTEXT ( ( #2367, #1348, #3991 ) ) REPRESENTATION_CONTEXT ( 'NONE', 'WORKASPACE' ) );
#2069 = DIRECTION ( 'NONE',  ( 0.000000000000000000, -1.000000000000000000, 0.000000000000000000 ) ) ;
#2070 =( LENGTH_UNIT ( ) NAMED_UNIT ( * ) SI_UNIT ( .MILLI., .METRE. ) );
#2071 = MECHANICAL_DESIGN_GEOMETRIC_PRESENTATION_REPRESENTATION (  '', ( #676 ), #3389 ) ;
#2072 = ORIENTED_EDGE ( 'NONE', *, *, #2321, .F. ) ;
#2073 = LINE ( 'NONE', #377, #2954 ) ;
#2074 = FILL_AREA_STYLE_COLOUR ( '', #561 ) ;
#2075 = DIRECTION ( 'NONE',  ( 0.000000000000000000, 0.000000000000000000, -1.000000000000000000 ) ) ;
#2076 = ORIENTED_EDGE ( 'NONE', *, *, #4007, .T. ) ;
#2077 = SURFACE_STYLE_FILL_AREA ( #4042 ) ;
#2078 =( NAMED_UNIT ( * ) SI_UNIT ( $, .STERADIAN. ) SOLID_ANGLE_UNIT ( ) );
#2079 = EDGE_CURVE ( 'NONE', #2390, #516, #1821, .T. ) ;
#2080 = SURFACE_SIDE_STYLE ('',( #3947 ) ) ;
#2081 = EDGE_CURVE ( 'NONE', #48, #2173, #499, .T. ) ;
#2082 = VECTOR ( 'NONE', #2597, 1000.000000000000000 ) ;
#2083 = VECTOR ( 'NONE', #1311, 1000.000000000000000 ) ;
#2084 = SURFACE_STYLE_USAGE ( .BOTH. , #1419 ) ;
#2085 = AXIS2_PLACEMENT_3D ( 'NONE', #318, #1250, #2605 ) ;
#2086 =( LENGTH_UNIT ( ) NAMED_UNIT ( * ) SI_UNIT ( .MILLI., .METRE. ) );
#2087 = FACE_OUTER_BOUND ( 'NONE', #3962, .T. ) ;
#2088 = FILL_AREA_STYLE ('',( #413 ) ) ;
#2089 = SURFACE_STYLE_FILL_AREA ( #1104 ) ;
#2090 =( NAMED_UNIT ( * ) SI_UNIT ( $, .STERADIAN. ) SOLID_ANGLE_UNIT ( ) );
#2091 = DIRECTION ( 'NONE',  ( 0.000000000000000000, 0.000000000000000000, -1.000000000000000000 ) ) ;
#2092 = ORIENTED_EDGE ( 'NONE', *, *, #3430, .F. ) ;
#2093 = ORIENTED_EDGE ( 'NONE', *, *, #806, .F. ) ;
#2094 = FILL_AREA_STYLE ('',( #396 ) ) ;
#2095 = COLOUR_RGB ( '',0.8039215686274510109, 0.8039215686274510109, 0.8039215686274510109 ) ;
#2096 = LINE ( 'NONE', #513, #1329 ) ;
#2097 = CARTESIAN_POINT ( 'NONE',  ( 2.000000000000000000, -2.540000000000000036, 0.1200000000000000094 ) ) ;
#2098 = MECHANICAL_DESIGN_GEOMETRIC_PRESENTATION_REPRESENTATION (  '', ( #2308 ), #3072 ) ;
#2099 = ORIENTED_EDGE ( 'NONE', *, *, #1546, .T. ) ;
#2100 = LINE ( 'NONE', #1097, #2817 ) ;
#2101 = FILL_AREA_STYLE ('',( #3125 ) ) ;
#2102 = AXIS2_PLACEMENT_3D ( 'NONE', #1736, #478, #2175 ) ;
#2103 = CIRCLE ( 'NONE', #416, 0.05000000000000012768 ) ;
#2104 = FILL_AREA_STYLE ('',( #1381 ) ) ;
#2105 = EDGE_CURVE ( 'NONE', #253, #67, #146, .T. ) ;
#2106 = VECTOR ( 'NONE', #1757, 1000.000000000000000 ) ;
#2107 = EDGE_CURVE ( 'NONE', #2960, #2771, #3498, .T. ) ;
#2108 = CIRCLE ( 'NONE', #3750, 0.05000000000000012768 ) ;
#2109 = PLANE ( 'NONE',  #226 ) ;
#2110 = ADVANCED_FACE ( 'NONE', ( #4143 ), #2827, .F. ) ;
#2111 =( NAMED_UNIT ( * ) SI_UNIT ( $, .STERADIAN. ) SOLID_ANGLE_UNIT ( ) );
#2112 = SURFACE_STYLE_USAGE ( .BOTH. , #414 ) ;
#2113 = DIRECTION ( 'NONE',  ( 0.000000000000000000, 0.000000000000000000, 1.000000000000000000 ) ) ;
#2114 = UNCERTAINTY_MEASURE_WITH_UNIT (LENGTH_MEASURE( 1.000000000000000082E-05 ), #199, 'distance_accuracy_value', 'NONE');
#2115 = VECTOR ( 'NONE', #961, 1000.000000000000000 ) ;
#2116 = CARTESIAN_POINT ( 'NONE',  ( 2.324999999999999734, -3.239999999999999769, 0.02000000000000000042 ) ) ;
#2117 = ORIENTED_EDGE ( 'NONE', *, *, #1913, .F. ) ;
#2118 = EDGE_LOOP ( 'NONE', ( #3268, #2163, #2815, #505 ) ) ;
#2119 = FILL_AREA_STYLE ('',( #3527 ) ) ;
#2120 =( NAMED_UNIT ( * ) PLANE_ANGLE_UNIT ( ) SI_UNIT ( $, .RADIAN. ) );
#2121 = PRESENTATION_STYLE_ASSIGNMENT (( #3209 ) ) ;
#2122 =( LENGTH_UNIT ( ) NAMED_UNIT ( * ) SI_UNIT ( .MILLI., .METRE. ) );
#2123 = ORIENTED_EDGE ( 'NONE', *, *, #332, .F. ) ;
#2124 = CIRCLE ( 'NONE', #864, 0.7000000000000000666 ) ;
#2125 = PRESENTATION_STYLE_ASSIGNMENT (( #448 ) ) ;
#2126 = FILL_AREA_STYLE_COLOUR ( '', #913 ) ;
#2127 = PRESENTATION_LAYER_ASSIGNMENT (  '', '', ( #1632 ) ) ;
#2128 = SPHERICAL_SURFACE ( 'NONE', #2902, 0.05000000000000000278 ) ;
#2129 =( NAMED_UNIT ( * ) PLANE_ANGLE_UNIT ( ) SI_UNIT ( $, .RADIAN. ) );
#2130 = SURFACE_SIDE_STYLE ('',( #2513 ) ) ;
#2131 = FACE_OUTER_BOUND ( 'NONE', #2274, .T. ) ;
#2132 = CARTESIAN_POINT ( 'NONE',  ( 1.300000000000000044, -2.540000000000000036, 0.000000000000000000 ) ) ;
#2133 = FILL_AREA_STYLE_COLOUR ( '', #2201 ) ;
#2134 = AXIS2_PLACEMENT_3D ( 'NONE', #2010, #125, #3790 ) ;
#2135 = CARTESIAN_POINT ( 'NONE',  ( -2.399999999999999911, -1.915000000000000036, 0.1200000000000000094 ) ) ;
#2136 = DIRECTION ( 'NONE',  ( 0.000000000000000000, 0.000000000000000000, -1.000000000000000000 ) ) ;
#2137 = EDGE_CURVE ( 'NONE', #542, #2186, #2633, .T. ) ;
#2138 = CARTESIAN_POINT ( 'NONE',  ( -2.500000000000000000, -3.500000000000000000, 0.06999999999999999278 ) ) ;
#2139 = ADVANCED_FACE ( 'NONE', ( #1853 ), #3506, .F. ) ;
#2140 = ORIENTED_EDGE ( 'NONE', *, *, #2189, .T. ) ;
#2141 = CARTESIAN_POINT ( 'NONE',  ( -2.324999999999999734, -1.840000000000000080, 0.000000000000000000 ) ) ;
#2142 = SURFACE_STYLE_USAGE ( .BOTH. , #2506 ) ;
#2143 = FILL_AREA_STYLE ('',( #114 ) ) ;
#2144 = SURFACE_STYLE_USAGE ( .BOTH. , #2184 ) ;
#2145 =( GEOMETRIC_REPRESENTATION_CONTEXT ( 3 ) GLOBAL_UNCERTAINTY_ASSIGNED_CONTEXT ( ( #450 ) ) GLOBAL_UNIT_ASSIGNED_CONTEXT ( ( #823, #2759, #1405 ) ) REPRESENTATION_CONTEXT ( 'NONE', 'WORKASPACE' ) );
#2146 = ORIENTED_EDGE ( 'NONE', *, *, #2696, .T. ) ;
#2147 = FACE_OUTER_BOUND ( 'NONE', #3412, .T. ) ;
#2148 = FILL_AREA_STYLE_COLOUR ( '', #3624 ) ;
#2149 = DIRECTION ( 'NONE',  ( -1.000000000000000000, 1.334402673828316002E-15, 0.000000000000000000 ) ) ;
#2150 = CARTESIAN_POINT ( 'NONE',  ( 2.000000000000000000, 3.239999999999999769, 0.1200000000000000094 ) ) ;
#2151 = LINE ( 'NONE', #1694, #3858 ) ;
#2152 = CYLINDRICAL_SURFACE ( 'NONE', #477, 0.05000000000000012768 ) ;
#2153 = MECHANICAL_DESIGN_GEOMETRIC_PRESENTATION_REPRESENTATION (  '', ( #1871 ), #2361 ) ;
#2154 = CIRCLE ( 'NONE', #327, 0.05000000000000002359 ) ;
#2155 = SURFACE_SIDE_STYLE ('',( #174 ) ) ;
#2156 = CARTESIAN_POINT ( 'NONE',  ( -2.000000000000000000, 2.540000000000000036, 0.1200000000000000094 ) ) ;
#2157 = DIRECTION ( 'NONE',  ( -1.000000000000000000, 0.000000000000000000, 0.000000000000000000 ) ) ;
#2158 = AXIS2_PLACEMENT_3D ( 'NONE', #3396, #2378, #3417 ) ;
#2159 = EDGE_CURVE ( 'NONE', #266, #3626, #3183, .T. ) ;
#2160 = EDGE_CURVE ( 'NONE', #176, #2390, #3825, .T. ) ;
#2161 = DIRECTION ( 'NONE',  ( 0.000000000000000000, 0.000000000000000000, -1.000000000000000000 ) ) ;
#2162 = DIRECTION ( 'NONE',  ( 0.000000000000000000, 0.000000000000000000, 1.000000000000000000 ) ) ;
#2163 = ORIENTED_EDGE ( 'NONE', *, *, #1944, .T. ) ;
#2164 = PRESENTATION_STYLE_ASSIGNMENT (( #839 ) ) ;
#2165 = UNCERTAINTY_MEASURE_WITH_UNIT (LENGTH_MEASURE( 1.000000000000000082E-05 ), #1600, 'distance_accuracy_value', 'NONE');
#2166 = MECHANICAL_DESIGN_GEOMETRIC_PRESENTATION_REPRESENTATION (  '', ( #4105 ), #3356 ) ;
#2167 =( NAMED_UNIT ( * ) PLANE_ANGLE_UNIT ( ) SI_UNIT ( $, .RADIAN. ) );
#2168 = VECTOR ( 'NONE', #2179, 1000.000000000000000 ) ;
#2169 = SURFACE_STYLE_USAGE ( .BOTH. , #3088 ) ;
#2170 = CARTESIAN_POINT ( 'NONE',  ( -2.449999999999999734, 3.449999999999999734, 1.000000000000000000 ) ) ;
#2171 =( GEOMETRIC_REPRESENTATION_CONTEXT ( 3 ) GLOBAL_UNCERTAINTY_ASSIGNED_CONTEXT ( ( #1249 ) ) GLOBAL_UNIT_ASSIGNED_CONTEXT ( ( #2516, #3191, #3834 ) ) REPRESENTATION_CONTEXT ( 'NONE', 'WORKASPACE' ) );
#2172 = PLANE ( 'NONE',  #2849 ) ;
#2173 = VERTEX_POINT ( 'NONE', #2442 ) ;
#2174 =( NAMED_UNIT ( * ) PLANE_ANGLE_UNIT ( ) SI_UNIT ( $, .RADIAN. ) );
#2175 = DIRECTION ( 'NONE',  ( -1.000000000000000000, 0.000000000000000000, 0.000000000000000000 ) ) ;
#2176 = ORIENTED_EDGE ( 'NONE', *, *, #1838, .F. ) ;
#2177 = AXIS2_PLACEMENT_3D ( 'NONE', #3603, #2679, #3982 ) ;
#2178 = PRESENTATION_STYLE_ASSIGNMENT (( #1499 ) ) ;
#2179 = DIRECTION ( 'NONE',  ( 1.000000000000000000, 1.334402673828316002E-15, 0.000000000000000000 ) ) ;
#2180 = LINE ( 'NONE', #2833, #3664 ) ;
#2181 = DIRECTION ( 'NONE',  ( 0.000000000000000000, 0.000000000000000000, -1.000000000000000000 ) ) ;
#2182 = PLANE ( 'NONE',  #360 ) ;
#2183 = FILL_AREA_STYLE_COLOUR ( '', #3933 ) ;
#2184 = SURFACE_SIDE_STYLE ('',( #3485 ) ) ;
#2185 = EDGE_CURVE ( 'NONE', #2690, #3362, #3791, .T. ) ;
#2186 = VERTEX_POINT ( 'NONE', #2812 ) ;
#2187 = LINE ( 'NONE', #3144, #1497 ) ;
#2188 =( NAMED_UNIT ( * ) PLANE_ANGLE_UNIT ( ) SI_UNIT ( $, .RADIAN. ) );
#2189 = EDGE_CURVE ( 'NONE', #974, #608, #157, .T. ) ;
#2190 = VECTOR ( 'NONE', #625, 1000.000000000000000 ) ;
#2191 = COLOUR_RGB ( '',0.8039215686274510109, 0.8039215686274510109, 0.8039215686274510109 ) ;
#2192 = FILL_AREA_STYLE_COLOUR ( '', #3819 ) ;
#2193 = PRESENTATION_STYLE_ASSIGNMENT (( #247 ) ) ;
#2194 = PRESENTATION_STYLE_ASSIGNMENT (( #2338 ) ) ;
#2195 = AXIS2_PLACEMENT_3D ( 'NONE', #3369, #1042, #734 ) ;
#2196 = VECTOR ( 'NONE', #3400, 1000.000000000000000 ) ;
#2197 = FILL_AREA_STYLE ('',( #500 ) ) ;
#2198 = ORIENTED_EDGE ( 'NONE', *, *, #3876, .F. ) ;
#2199 =( GEOMETRIC_REPRESENTATION_CONTEXT ( 3 ) GLOBAL_UNCERTAINTY_ASSIGNED_CONTEXT ( ( #3589 ) ) GLOBAL_UNIT_ASSIGNED_CONTEXT ( ( #292, #2517, #527 ) ) REPRESENTATION_CONTEXT ( 'NONE', 'WORKASPACE' ) );
#2200 = CYLINDRICAL_SURFACE ( 'NONE', #2685, 0.07499999999999998335 ) ;
#2201 = COLOUR_RGB ( '',0.2862745098039215508, 0.2862745098039215508, 0.2862745098039215508 ) ;
#2202 = VERTEX_POINT ( 'NONE', #3802 ) ;
#2203 = FILL_AREA_STYLE_COLOUR ( '', #3807 ) ;
#2204 =( NAMED_UNIT ( * ) PLANE_ANGLE_UNIT ( ) SI_UNIT ( $, .RADIAN. ) );
#2205 = DIRECTION ( 'NONE',  ( 1.000000000000000000, 6.672013369141570147E-16, 0.000000000000000000 ) ) ;
#2206 = COLOUR_RGB ( '',0.2862745098039215508, 0.2862745098039215508, 0.2862745098039215508 ) ;
#2207 = ORIENTED_EDGE ( 'NONE', *, *, #3255, .F. ) ;
#2208 = DIRECTION ( 'NONE',  ( 1.000000000000000000, -7.434529182757750325E-16, 0.000000000000000000 ) ) ;
#2209 = UNCERTAINTY_MEASURE_WITH_UNIT (LENGTH_MEASURE( 1.000000000000000082E-05 ), #2615, 'distance_accuracy_value', 'NONE');
#2210 = CARTESIAN_POINT ( 'NONE',  ( -2.399999999999999911, 1.915000000000000036, 0.1200000000000000094 ) ) ;
#2211 =( GEOMETRIC_REPRESENTATION_CONTEXT ( 3 ) GLOBAL_UNCERTAINTY_ASSIGNED_CONTEXT ( ( #4160 ) ) GLOBAL_UNIT_ASSIGNED_CONTEXT ( ( #4232, #1840, #1187 ) ) REPRESENTATION_CONTEXT ( 'NONE', 'WORKASPACE' ) );
#2212 = EDGE_CURVE ( 'NONE', #3036, #963, #3593, .T. ) ;
#2213 = SURFACE_STYLE_FILL_AREA ( #3495 ) ;
#2214 = PLANE ( 'NONE',  #272 ) ;
#2215 = ADVANCED_FACE ( 'NONE', ( #514 ), #489, .T. ) ;
#2216 = FACE_OUTER_BOUND ( 'NONE', #1638, .T. ) ;
#2217 = ORIENTED_EDGE ( 'NONE', *, *, #2966, .T. ) ;
#2218 = CYLINDRICAL_SURFACE ( 'NONE', #935, 0.7000000000000000666 ) ;
#2219 = CARTESIAN_POINT ( 'NONE',  ( -2.449999999999999734, 3.449999999999999734, 1.050000000000000044 ) ) ;
#2220 = COLOUR_RGB ( '',0.9607843137254902244, 0.9607843137254902244, 0.9607843137254902244 ) ;
#2221 = ORIENTED_EDGE ( 'NONE', *, *, #3820, .T. ) ;
#2222 = FILL_AREA_STYLE_COLOUR ( '', #2331 ) ;
#2223 = COLOUR_RGB ( '',0.2862745098039215508, 0.2862745098039215508, 0.2862745098039215508 ) ;
#2224 = CIRCLE ( 'NONE', #2022, 0.2499999999999997780 ) ;
#2225 = CARTESIAN_POINT ( 'NONE',  ( 2.324999999999999734, -3.165000000000000036, 0.02000000000000000042 ) ) ;
#2226 = SURFACE_SIDE_STYLE ('',( #2288 ) ) ;
#2227 = ORIENTED_EDGE ( 'NONE', *, *, #3643, .T. ) ;
#2228 = PRESENTATION_STYLE_ASSIGNMENT (( #1993 ) ) ;
#2229 = CARTESIAN_POINT ( 'NONE',  ( -2.324999999999999734, -3.165000000000000036, 0.1200000000000000094 ) ) ;
#2230 = FILL_AREA_STYLE ('',( #4250 ) ) ;
#2231 = DIRECTION ( 'NONE',  ( 0.000000000000000000, 0.000000000000000000, -1.000000000000000000 ) ) ;
#2232 = DIRECTION ( 'NONE',  ( 1.334402673828316002E-15, 1.000000000000000000, 0.000000000000000000 ) ) ;
#2233 =( NAMED_UNIT ( * ) SI_UNIT ( $, .STERADIAN. ) SOLID_ANGLE_UNIT ( ) );
#2234 = EDGE_CURVE ( 'NONE', #465, #551, #263, .T. ) ;
#2235 = ORIENTED_EDGE ( 'NONE', *, *, #3643, .F. ) ;
#2236 = EDGE_CURVE ( 'NONE', #2529, #11, #1437, .T. ) ;
#2237 = MECHANICAL_DESIGN_GEOMETRIC_PRESENTATION_REPRESENTATION (  '', ( #3823 ), #2788 ) ;
#2238 = SURFACE_STYLE_FILL_AREA ( #1866 ) ;
#2239 = VERTEX_POINT ( 'NONE', #3884 ) ;
#2240 = FACE_OUTER_BOUND ( 'NONE', #98, .T. ) ;
#2241 = MECHANICAL_DESIGN_GEOMETRIC_PRESENTATION_REPRESENTATION (  '', ( #910 ), #3357 ) ;
#2242 = EDGE_CURVE ( 'NONE', #2286, #2691, #1938, .T. ) ;
#2243 = PRESENTATION_LAYER_ASSIGNMENT (  '', '', ( #4109 ) ) ;
#2244 = SURFACE_SIDE_STYLE ('',( #906 ) ) ;
#2245 = DIRECTION ( 'NONE',  ( 0.000000000000000000, 0.000000000000000000, -1.000000000000000000 ) ) ;
#2246 = DIRECTION ( 'NONE',  ( 0.000000000000000000, 0.000000000000000000, -1.000000000000000000 ) ) ;
#2247 = LINE ( 'NONE', #2598, #4084 ) ;
#2248 = ORIENTED_EDGE ( 'NONE', *, *, #2873, .F. ) ;
#2249 = FILL_AREA_STYLE_COLOUR ( '', #1703 ) ;
#2250 = FILL_AREA_STYLE_COLOUR ( '', #3569 ) ;
#2251 = UNCERTAINTY_MEASURE_WITH_UNIT (LENGTH_MEASURE( 1.000000000000000082E-05 ), #343, 'distance_accuracy_value', 'NONE');
#2252 = DIRECTION ( 'NONE',  ( 0.000000000000000000, 0.000000000000000000, 1.000000000000000000 ) ) ;
#2253 = DIRECTION ( 'NONE',  ( 0.000000000000000000, 0.000000000000000000, -1.000000000000000000 ) ) ;
#2254 = CARTESIAN_POINT ( 'NONE',  ( 2.399999999999999911, -3.165000000000000036, 0.02000000000000000042 ) ) ;
#2255 = CARTESIAN_POINT ( 'NONE',  ( 2.000000000000000000, 2.540000000000000036, 0.1200000000000000094 ) ) ;
#2256 = MECHANICAL_DESIGN_GEOMETRIC_PRESENTATION_REPRESENTATION (  '', ( #4197 ), #424 ) ;
#2257 = ORIENTED_EDGE ( 'NONE', *, *, #271, .F. ) ;
#2258 = AXIS2_PLACEMENT_3D ( 'NONE', #1820, #1124, #844 ) ;
#2259 = CARTESIAN_POINT ( 'NONE',  ( -2.324999999999999734, 1.840000000000000080, 0.000000000000000000 ) ) ;
#2260 = VERTEX_POINT ( 'NONE', #4223 ) ;
#2261 = LINE ( 'NONE', #1888, #1009 ) ;
#2262 = STYLED_ITEM ( 'NONE', ( #2125 ), #3314 ) ;
#2263 =( NAMED_UNIT ( * ) PLANE_ANGLE_UNIT ( ) SI_UNIT ( $, .RADIAN. ) );
#2264 = MECHANICAL_DESIGN_GEOMETRIC_PRESENTATION_REPRESENTATION (  '', ( #2820 ), #3101 ) ;
#2265 = ORIENTED_EDGE ( 'NONE', *, *, #4095, .F. ) ;
#2266 = EDGE_CURVE ( 'NONE', #3442, #4293, #3323, .T. ) ;
#2267 = DIRECTION ( 'NONE',  ( 0.000000000000000000, 0.000000000000000000, -1.000000000000000000 ) ) ;
#2268 = DIRECTION ( 'NONE',  ( 0.000000000000000000, 0.000000000000000000, 1.000000000000000000 ) ) ;
#2269 = ORIENTED_EDGE ( 'NONE', *, *, #2189, .F. ) ;
#2270 = DIRECTION ( 'NONE',  ( 0.000000000000000000, 0.000000000000000000, -1.000000000000000000 ) ) ;
#2271 = DIRECTION ( 'NONE',  ( 0.000000000000000000, 1.000000000000000000, 0.000000000000000000 ) ) ;
#2272 = CARTESIAN_POINT ( 'NONE',  ( 1.949999999999999956, -2.949999999999999734, 1.039999999999999813 ) ) ;
#2273 = MECHANICAL_DESIGN_GEOMETRIC_PRESENTATION_REPRESENTATION (  '', ( #3447 ), #164 ) ;
#2274 = EDGE_LOOP ( 'NONE', ( #286, #2969, #3568, #884 ) ) ;
#2275 = AXIS2_PLACEMENT_3D ( 'NONE', #1786, #137, #178 ) ;
#2276 = SURFACE_STYLE_USAGE ( .BOTH. , #250 ) ;
#2277 = CIRCLE ( 'NONE', #1164, 0.07499999999999998335 ) ;
#2278 = PRESENTATION_STYLE_ASSIGNMENT (( #3986 ) ) ;
#2279 = ORIENTED_EDGE ( 'NONE', *, *, #2580, .F. ) ;
#2280 =( NAMED_UNIT ( * ) SI_UNIT ( $, .STERADIAN. ) SOLID_ANGLE_UNIT ( ) );
#2281 = ORIENTED_EDGE ( 'NONE', *, *, #2391, .F. ) ;
#2282 = UNCERTAINTY_MEASURE_WITH_UNIT (LENGTH_MEASURE( 1.000000000000000082E-05 ), #2001, 'distance_accuracy_value', 'NONE');
#2283 = FILL_AREA_STYLE_COLOUR ( '', #4214 ) ;
#2284 = CARTESIAN_POINT ( 'NONE',  ( -2.324999999999999734, 1.840000000000000080, 0.1200000000000000094 ) ) ;
#2285 = CARTESIAN_POINT ( 'NONE',  ( -2.324999999999999734, -1.915000000000000036, 0.1200000000000000094 ) ) ;
#2286 = VERTEX_POINT ( 'NONE', #1243 ) ;
#2287 = DIRECTION ( 'NONE',  ( -0.7071067811865475727, 0.7071067811865475727, 0.000000000000000000 ) ) ;
#2288 = SURFACE_STYLE_FILL_AREA ( #1315 ) ;
#2289 = FILL_AREA_STYLE_COLOUR ( '', #4040 ) ;
#2290 = ADVANCED_FACE ( 'NONE', ( #1960 ), #1895, .T. ) ;
#2291 = ORIENTED_EDGE ( 'NONE', *, *, #3255, .T. ) ;
#2292 = ADVANCED_FACE ( 'NONE', ( #1629 ), #2972, .T. ) ;
#2293 = ORIENTED_EDGE ( 'NONE', *, *, #988, .F. ) ;
#2294 = CIRCLE ( 'NONE', #1525, 0.2499999999999997780 ) ;
#2295 = CARTESIAN_POINT ( 'NONE',  ( -2.500000000000000000, 3.500000000000000000, 1.000000000000000000 ) ) ;
#2296 = FACE_OUTER_BOUND ( 'NONE', #2034, .T. ) ;
#2297 = UNCERTAINTY_MEASURE_WITH_UNIT (LENGTH_MEASURE( 1.000000000000000082E-05 ), #4177, 'distance_accuracy_value', 'NONE');
#2298 = DIRECTION ( 'NONE',  ( -1.000000000000000000, 0.000000000000000000, 0.000000000000000000 ) ) ;
#2299 = LINE ( 'NONE', #2905, #4092 ) ;
#2300 = CYLINDRICAL_SURFACE ( 'NONE', #1685, 0.7000000000000000666 ) ;
#2301 =( NAMED_UNIT ( * ) SI_UNIT ( $, .STERADIAN. ) SOLID_ANGLE_UNIT ( ) );
#2302 = DIRECTION ( 'NONE',  ( 0.000000000000000000, 0.000000000000000000, -1.000000000000000000 ) ) ;
#2303 = VERTEX_POINT ( 'NONE', #1719 ) ;
#2304 = AXIS2_PLACEMENT_3D ( 'NONE', #2515, #1818, #1186 ) ;
#2305 = ORIENTED_EDGE ( 'NONE', *, *, #58, .T. ) ;
#2306 = CARTESIAN_POINT ( 'NONE',  ( -2.449999999999999734, 3.500000000000000000, 0.06999999999999999278 ) ) ;
#2307 = PRESENTATION_STYLE_ASSIGNMENT (( #3320 ) ) ;
#2308 = STYLED_ITEM ( 'NONE', ( #1185 ), #2643 ) ;
#2309 = VECTOR ( 'NONE', #84, 1000.000000000000000 ) ;
#2310 = CARTESIAN_POINT ( 'NONE',  ( -2.000000000000000000, -1.840000000000000080, 0.000000000000000000 ) ) ;
#2311 =( GEOMETRIC_REPRESENTATION_CONTEXT ( 3 ) GLOBAL_UNCERTAINTY_ASSIGNED_CONTEXT ( ( #2499 ) ) GLOBAL_UNIT_ASSIGNED_CONTEXT ( ( #4065, #682, #768 ) ) REPRESENTATION_CONTEXT ( 'NONE', 'WORKASPACE' ) );
#2312 = PRESENTATION_STYLE_ASSIGNMENT (( #2877 ) ) ;
#2313 = MECHANICAL_DESIGN_GEOMETRIC_PRESENTATION_REPRESENTATION (  '', ( #1061 ), #2171 ) ;
#2314 = ORIENTED_EDGE ( 'NONE', *, *, #1195, .T. ) ;
#2315 = VERTEX_POINT ( 'NONE', #4320 ) ;
#2316 = AXIS2_PLACEMENT_3D ( 'NONE', #3968, #3902, #1647 ) ;
#2317 = DIRECTION ( 'NONE',  ( 0.000000000000000000, 0.000000000000000000, 1.000000000000000000 ) ) ;
#2318 = EDGE_CURVE ( 'NONE', #3392, #3254, #2755, .T. ) ;
#2319 = FILL_AREA_STYLE_COLOUR ( '', #2704 ) ;
#2320 = DIRECTION ( 'NONE',  ( -1.000000000000000000, 0.000000000000000000, 0.000000000000000000 ) ) ;
#2321 = EDGE_CURVE ( 'NONE', #2660, #4016, #2151, .T. ) ;
#2322 =( NAMED_UNIT ( * ) PLANE_ANGLE_UNIT ( ) SI_UNIT ( $, .RADIAN. ) );
#2323 = LINE ( 'NONE', #2700, #2512 ) ;
#2324 = ORIENTED_EDGE ( 'NONE', *, *, #1944, .F. ) ;
#2325 = PRESENTATION_LAYER_ASSIGNMENT (  '', '', ( #4197 ) ) ;
#2326 = ORIENTED_EDGE ( 'NONE', *, *, #2031, .T. ) ;
#2327 =( NAMED_UNIT ( * ) SI_UNIT ( $, .STERADIAN. ) SOLID_ANGLE_UNIT ( ) );
#2328 = COLOUR_RGB ( '',0.2862745098039215508, 0.2862745098039215508, 0.2862745098039215508 ) ;
#2329 = DIRECTION ( 'NONE',  ( 0.000000000000000000, -1.000000000000000000, 0.000000000000000000 ) ) ;
#2330 = COLOUR_RGB ( '',0.2862745098039215508, 0.2862745098039215508, 0.2862745098039215508 ) ;
#2331 = COLOUR_RGB ( '',0.2862745098039215508, 0.2862745098039215508, 0.2862745098039215508 ) ;
#2332 = SURFACE_STYLE_USAGE ( .BOTH. , #1654 ) ;
#2333 =( GEOMETRIC_REPRESENTATION_CONTEXT ( 3 ) GLOBAL_UNCERTAINTY_ASSIGNED_CONTEXT ( ( #309 ) ) GLOBAL_UNIT_ASSIGNED_CONTEXT ( ( #2358, #12, #4000 ) ) REPRESENTATION_CONTEXT ( 'NONE', 'WORKASPACE' ) );
#2334 = ORIENTED_EDGE ( 'NONE', *, *, #163, .F. ) ;
#2335 = ORIENTED_EDGE ( 'NONE', *, *, #1410, .T. ) ;
#2336 = CIRCLE ( 'NONE', #1220, 0.2499999999999997780 ) ;
#2337 = DIRECTION ( 'NONE',  ( 0.000000000000000000, 0.000000000000000000, -1.000000000000000000 ) ) ;
#2338 = SURFACE_STYLE_USAGE ( .BOTH. , #1994 ) ;
#2339 = CARTESIAN_POINT ( 'NONE',  ( 2.324999999999999734, 1.915000000000000036, 0.1200000000000000094 ) ) ;
#2340 = CARTESIAN_POINT ( 'NONE',  ( -2.324999999999999734, 3.239999999999999769, 0.1200000000000000094 ) ) ;
#2341 = FILL_AREA_STYLE ('',( #1016 ) ) ;
#2342 = VECTOR ( 'NONE', #3798, 1000.000000000000000 ) ;
#2343 = CARTESIAN_POINT ( 'NONE',  ( 0.000000000000000000, 0.000000000000000000, 1.050000000000000044 ) ) ;
#2344 = EDGE_CURVE ( 'NONE', #2420, #624, #1363, .T. ) ;
#2345 =( NAMED_UNIT ( * ) PLANE_ANGLE_UNIT ( ) SI_UNIT ( $, .RADIAN. ) );
#2346 = EDGE_CURVE ( 'NONE', #922, #1069, #2896, .T. ) ;
#2347 = ORIENTED_EDGE ( 'NONE', *, *, #746, .T. ) ;
#2348 = DIRECTION ( 'NONE',  ( 0.000000000000000000, 0.000000000000000000, -1.000000000000000000 ) ) ;
#2349 = MECHANICAL_DESIGN_GEOMETRIC_PRESENTATION_REPRESENTATION (  '', ( #3003 ), #1513 ) ;
#2350 =( GEOMETRIC_REPRESENTATION_CONTEXT ( 3 ) GLOBAL_UNCERTAINTY_ASSIGNED_CONTEXT ( ( #3718 ) ) GLOBAL_UNIT_ASSIGNED_CONTEXT ( ( #1207, #2491, #1231 ) ) REPRESENTATION_CONTEXT ( 'NONE', 'WORKASPACE' ) );
#2351 = CARTESIAN_POINT ( 'NONE',  ( -2.324999999999999734, 3.239999999999999769, 0.1200000000000000094 ) ) ;
#2352 = ORIENTED_EDGE ( 'NONE', *, *, #1923, .T. ) ;
#2353 = CARTESIAN_POINT ( 'NONE',  ( 2.324999999999999734, -1.840000000000000080, 0.000000000000000000 ) ) ;
#2354 = ORIENTED_EDGE ( 'NONE', *, *, #2696, .F. ) ;
#2355 = ORIENTED_EDGE ( 'NONE', *, *, #2321, .T. ) ;
#2356 = DIRECTION ( 'NONE',  ( 1.000000000000000000, -1.334402673828316002E-15, 0.000000000000000000 ) ) ;
#2357 = SURFACE_SIDE_STYLE ('',( #2035 ) ) ;
#2358 =( LENGTH_UNIT ( ) NAMED_UNIT ( * ) SI_UNIT ( .MILLI., .METRE. ) );
#2359 = CARTESIAN_POINT ( 'NONE',  ( 2.324999999999999734, 3.239999999999999769, 0.000000000000000000 ) ) ;
#2360 = DIRECTION ( 'NONE',  ( 0.000000000000000000, 0.000000000000000000, -1.000000000000000000 ) ) ;
#2361 =( GEOMETRIC_REPRESENTATION_CONTEXT ( 3 ) GLOBAL_UNCERTAINTY_ASSIGNED_CONTEXT ( ( #535 ) ) GLOBAL_UNIT_ASSIGNED_CONTEXT ( ( #1893, #575, #2835 ) ) REPRESENTATION_CONTEXT ( 'NONE', 'WORKASPACE' ) );
#2362 = SURFACE_STYLE_FILL_AREA ( #638 ) ;
#2363 = LINE ( 'NONE', #3041, #3236 ) ;
#2364 = SURFACE_STYLE_FILL_AREA ( #1444 ) ;
#2365 = VERTEX_POINT ( 'NONE', #1797 ) ;
#2366 = SURFACE_STYLE_FILL_AREA ( #21 ) ;
#2367 =( LENGTH_UNIT ( ) NAMED_UNIT ( * ) SI_UNIT ( .MILLI., .METRE. ) );
#2368 = ADVANCED_FACE ( 'NONE', ( #3341 ), #335, .F. ) ;
#2369 =( LENGTH_UNIT ( ) NAMED_UNIT ( * ) SI_UNIT ( .MILLI., .METRE. ) );
#2370 = ADVANCED_FACE ( 'NONE', ( #1477 ), #3743, .F. ) ;
#2371 = PRESENTATION_LAYER_ASSIGNMENT (  '', '', ( #2308 ) ) ;
#2372 = DIRECTION ( 'NONE',  ( 0.000000000000000000, 0.000000000000000000, -1.000000000000000000 ) ) ;
#2373 =( GEOMETRIC_REPRESENTATION_CONTEXT ( 3 ) GLOBAL_UNCERTAINTY_ASSIGNED_CONTEXT ( ( #2773 ) ) GLOBAL_UNIT_ASSIGNED_CONTEXT ( ( #3749, #3111, #4101 ) ) REPRESENTATION_CONTEXT ( 'NONE', 'WORKASPACE' ) );
#2374 = ORIENTED_EDGE ( 'NONE', *, *, #695, .F. ) ;
#2375 =( NAMED_UNIT ( * ) PLANE_ANGLE_UNIT ( ) SI_UNIT ( $, .RADIAN. ) );
#2376 = FILL_AREA_STYLE_COLOUR ( '', #1400 ) ;
#2377 = AXIS2_PLACEMENT_3D ( 'NONE', #3857, #3496, #123 ) ;
#2378 = DIRECTION ( 'NONE',  ( 0.000000000000000000, 0.000000000000000000, -1.000000000000000000 ) ) ;
#2379 =( GEOMETRIC_REPRESENTATION_CONTEXT ( 3 ) GLOBAL_UNCERTAINTY_ASSIGNED_CONTEXT ( ( #3154 ) ) GLOBAL_UNIT_ASSIGNED_CONTEXT ( ( #3066, #349, #2733 ) ) REPRESENTATION_CONTEXT ( 'NONE', 'WORKASPACE' ) );
#2380 = ORIENTED_EDGE ( 'NONE', *, *, #3087, .T. ) ;
#2381 = FILL_AREA_STYLE_COLOUR ( '', #3796 ) ;
#2382 = UNCERTAINTY_MEASURE_WITH_UNIT (LENGTH_MEASURE( 1.000000000000000082E-05 ), #1870, 'distance_accuracy_value', 'NONE');
#2383 = CARTESIAN_POINT ( 'NONE',  ( -2.000000000000000000, 1.840000000000000080, 0.1200000000000000094 ) ) ;
#2384 = DIRECTION ( 'NONE',  ( 0.000000000000000000, -1.000000000000000000, 0.000000000000000000 ) ) ;
#2385 = PRESENTATION_STYLE_ASSIGNMENT (( #1039 ) ) ;
#2386 = CARTESIAN_POINT ( 'NONE',  ( 2.000000000000000000, -3.239999999999999769, 0.1200000000000000094 ) ) ;
#2387 = CARTESIAN_POINT ( 'NONE',  ( -2.399999999999999911, -1.915000000000000036, 0.1200000000000000094 ) ) ;
#2388 = PRESENTATION_STYLE_ASSIGNMENT (( #2332 ) ) ;
#2389 = PRESENTATION_LAYER_ASSIGNMENT (  '', '', ( #1287 ) ) ;
#2390 = VERTEX_POINT ( 'NONE', #148 ) ;
#2391 = EDGE_CURVE ( 'NONE', #1612, #134, #1753, .T. ) ;
#2392 = AXIS2_PLACEMENT_3D ( 'NONE', #1151, #1755, #2113 ) ;
#2393 = ORIENTED_EDGE ( 'NONE', *, *, #1549, .T. ) ;
#2394 = COLOUR_RGB ( '',0.2862745098039215508, 0.2862745098039215508, 0.2862745098039215508 ) ;
#2395 = PRESENTATION_LAYER_ASSIGNMENT (  '', '', ( #284 ) ) ;
#2396 = STYLED_ITEM ( 'NONE', ( #3022 ), #4230 ) ;
#2397 = ORIENTED_EDGE ( 'NONE', *, *, #3168, .F. ) ;
#2398 = CYLINDRICAL_SURFACE ( 'NONE', #3113, 0.07499999999999998335 ) ;
#2399 = CARTESIAN_POINT ( 'NONE',  ( 2.324999999999999734, -3.239999999999999769, 0.1200000000000000094 ) ) ;
#2400 = CARTESIAN_POINT ( 'NONE',  ( 2.449999999999999734, -3.449999999999999734, 0.06999999999999999278 ) ) ;
#2401 = CIRCLE ( 'NONE', #1996, 0.05000000000000002359 ) ;
#2402 = DIRECTION ( 'NONE',  ( 0.000000000000000000, -1.000000000000000000, 0.000000000000000000 ) ) ;
#2403 =( GEOMETRIC_REPRESENTATION_CONTEXT ( 3 ) GLOBAL_UNCERTAINTY_ASSIGNED_CONTEXT ( ( #2641 ) ) GLOBAL_UNIT_ASSIGNED_CONTEXT ( ( #4028, #2027, #979 ) ) REPRESENTATION_CONTEXT ( 'NONE', 'WORKASPACE' ) );
#2404 = SURFACE_SIDE_STYLE ('',( #2683 ) ) ;
#2405 = DIRECTION ( 'NONE',  ( 0.000000000000000000, 0.000000000000000000, -1.000000000000000000 ) ) ;
#2406 = CARTESIAN_POINT ( 'NONE',  ( -2.324999999999999734, -3.239999999999999769, 0.1200000000000000094 ) ) ;
#2407 = CYLINDRICAL_SURFACE ( 'NONE', #169, 0.05000000000000012768 ) ;
#2408 = LINE ( 'NONE', #787, #3142 ) ;
#2409 = VECTOR ( 'NONE', #4191, 1000.000000000000000 ) ;
#2410 = DIRECTION ( 'NONE',  ( 0.000000000000000000, 0.000000000000000000, -1.000000000000000000 ) ) ;
#2411 = UNCERTAINTY_MEASURE_WITH_UNIT (LENGTH_MEASURE( 1.000000000000000082E-05 ), #3121, 'distance_accuracy_value', 'NONE');
#2412 = FACE_OUTER_BOUND ( 'NONE', #1904, .T. ) ;
#2413 = MECHANICAL_DESIGN_GEOMETRIC_PRESENTATION_REPRESENTATION (  '', ( #1860 ), #1925 ) ;
#2414 = ORIENTED_EDGE ( 'NONE', *, *, #1227, .T. ) ;
#2415 = ORIENTED_EDGE ( 'NONE', *, *, #1913, .T. ) ;
#2416 = FILL_AREA_STYLE ('',( #1051 ) ) ;
#2417 = EDGE_CURVE ( 'NONE', #678, #3002, #807, .T. ) ;
#2418 = CARTESIAN_POINT ( 'NONE',  ( -2.324999999999999734, 3.239999999999999769, 0.1200000000000000094 ) ) ;
#2419 = EDGE_CURVE ( 'NONE', #1117, #963, #2401, .T. ) ;
#2420 = VERTEX_POINT ( 'NONE', #2476 ) ;
#2421 = DIRECTION ( 'NONE',  ( 0.000000000000000000, 0.000000000000000000, -1.000000000000000000 ) ) ;
#2422 = DIRECTION ( 'NONE',  ( -6.672013369141570147E-16, 1.000000000000000000, 0.000000000000000000 ) ) ;
#2423 = DIRECTION ( 'NONE',  ( -1.000000000000000000, 0.000000000000000000, 0.000000000000000000 ) ) ;
#2424 = UNCERTAINTY_MEASURE_WITH_UNIT (LENGTH_MEASURE( 1.000000000000000082E-05 ), #1302, 'distance_accuracy_value', 'NONE');
#2425 = ADVANCED_FACE ( 'NONE', ( #3792 ), #3069, .T. ) ;
#2426 = CLOSED_SHELL ( 'NONE', ( #3404, #3120, #2292, #3376, #4205, #436, #1198, #490, #2425, #1139 ) ) ;
#2427 =( GEOMETRIC_REPRESENTATION_CONTEXT ( 3 ) GLOBAL_UNCERTAINTY_ASSIGNED_CONTEXT ( ( #4056 ) ) GLOBAL_UNIT_ASSIGNED_CONTEXT ( ( #3210, #870, #2443 ) ) REPRESENTATION_CONTEXT ( 'NONE', 'WORKASPACE' ) );
#2428 = SURFACE_STYLE_USAGE ( .BOTH. , #2716 ) ;
#2429 = CARTESIAN_POINT ( 'NONE',  ( 2.449999999999999734, 3.449999999999999734, 0.06999999999999999278 ) ) ;
#2430 = PLANE ( 'NONE',  #2635 ) ;
#2431 =( GEOMETRIC_REPRESENTATION_CONTEXT ( 3 ) GLOBAL_UNCERTAINTY_ASSIGNED_CONTEXT ( ( #4289 ) ) GLOBAL_UNIT_ASSIGNED_CONTEXT ( ( #2066, #119, #878 ) ) REPRESENTATION_CONTEXT ( 'NONE', 'WORKASPACE' ) );
#2432 = VECTOR ( 'NONE', #769, 1000.000000000000000 ) ;
#2433 = FACE_OUTER_BOUND ( 'NONE', #904, .T. ) ;
#2434 = CARTESIAN_POINT ( 'NONE',  ( 2.324999999999999734, -3.165000000000000036, 0.1200000000000000094 ) ) ;
#2435 = DIRECTION ( 'NONE',  ( 0.000000000000000000, -1.000000000000000000, 0.000000000000000000 ) ) ;
#2436 = DIRECTION ( 'NONE',  ( -1.000000000000000000, 6.672013369141570147E-16, 0.000000000000000000 ) ) ;
#2437 = STYLED_ITEM ( 'NONE', ( #488 ), #743 ) ;
#2438 = PRESENTATION_STYLE_ASSIGNMENT (( #1780 ) ) ;
#2439 = ORIENTED_EDGE ( 'NONE', *, *, #3019, .F. ) ;
#2440 = ORIENTED_EDGE ( 'NONE', *, *, #2531, .T. ) ;
#2441 = SURFACE_STYLE_FILL_AREA ( #1807 ) ;
#2442 = CARTESIAN_POINT ( 'NONE',  ( 2.399999999999999911, 1.915000000000000036, 0.02000000000000000042 ) ) ;
#2443 =( NAMED_UNIT ( * ) SI_UNIT ( $, .STERADIAN. ) SOLID_ANGLE_UNIT ( ) );
#2444 = CIRCLE ( 'NONE', #4025, 0.07499999999999998335 ) ;
#2445 = ORIENTED_EDGE ( 'NONE', *, *, #1889, .T. ) ;
#2446 = CARTESIAN_POINT ( 'NONE',  ( -2.399999999999999911, 1.915000000000000036, 0.02000000000000000042 ) ) ;
#2447 = SURFACE_STYLE_FILL_AREA ( #2101 ) ;
#2448 = CIRCLE ( 'NONE', #2102, 0.7000000000000000666 ) ;
#2449 = SURFACE_SIDE_STYLE ('',( #1689 ) ) ;
#2450 = COLOUR_RGB ( '',0.2862745098039215508, 0.2862745098039215508, 0.2862745098039215508 ) ;
#2451 = EDGE_CURVE ( 'NONE', #1928, #2708, #4100, .T. ) ;
#2452 = DIRECTION ( 'NONE',  ( 1.000000000000000000, 0.000000000000000000, 0.000000000000000000 ) ) ;
#2453 = DIRECTION ( 'NONE',  ( -1.000000000000000000, -6.672013369141570147E-16, 0.000000000000000000 ) ) ;
#2454 = DIRECTION ( 'NONE',  ( 0.000000000000000000, 0.000000000000000000, 1.000000000000000000 ) ) ;
#2455 = CARTESIAN_POINT ( 'NONE',  ( 2.399999999999999911, 1.915000000000000036, 0.1200000000000000094 ) ) ;
#2456 = UNCERTAINTY_MEASURE_WITH_UNIT (LENGTH_MEASURE( 1.000000000000000082E-05 ), #3468, 'distance_accuracy_value', 'NONE');
#2457 = CARTESIAN_POINT ( 'NONE',  ( 2.399999999999999911, -3.165000000000000036, 0.1200000000000000094 ) ) ;
#2458 = ORIENTED_EDGE ( 'NONE', *, *, #3454, .T. ) ;
#2459 =( NAMED_UNIT ( * ) PLANE_ANGLE_UNIT ( ) SI_UNIT ( $, .RADIAN. ) );
#2460 = DIRECTION ( 'NONE',  ( 1.000000000000000000, 0.000000000000000000, 0.000000000000000000 ) ) ;
#2461 = VERTEX_POINT ( 'NONE', #1409 ) ;
#2462 = VECTOR ( 'NONE', #1673, 1000.000000000000000 ) ;
#2463 = FILL_AREA_STYLE_COLOUR ( '', #4207 ) ;
#2464 = MECHANICAL_DESIGN_GEOMETRIC_PRESENTATION_REPRESENTATION (  '', ( #284 ), #582 ) ;
#2465 = SURFACE_STYLE_USAGE ( .BOTH. , #3740 ) ;
#2466 = UNCERTAINTY_MEASURE_WITH_UNIT (LENGTH_MEASURE( 1.000000000000000082E-05 ), #973, 'distance_accuracy_value', 'NONE');
#2467 = DIRECTION ( 'NONE',  ( 1.000000000000000000, 0.000000000000000000, 0.000000000000000000 ) ) ;
#2468 = PRESENTATION_STYLE_ASSIGNMENT (( #1165 ) ) ;
#2469 = CARTESIAN_POINT ( 'NONE',  ( 2.324999999999999734, -3.239999999999999769, 0.000000000000000000 ) ) ;
#2470 = SURFACE_STYLE_USAGE ( .BOTH. , #1141 ) ;
#2471 = DIRECTION ( 'NONE',  ( 0.000000000000000000, 0.000000000000000000, -1.000000000000000000 ) ) ;
#2472 = EDGE_CURVE ( 'NONE', #3841, #4122, #2829, .T. ) ;
#2473 = SURFACE_STYLE_USAGE ( .BOTH. , #3973 ) ;
#2474 = ADVANCED_FACE ( 'NONE', ( #83 ), #2152, .T. ) ;
#2475 = COLOUR_RGB ( '',0.8039215686274510109, 0.8039215686274510109, 0.8039215686274510109 ) ;
#2476 = CARTESIAN_POINT ( 'NONE',  ( 2.324999999999999734, -1.840000000000000080, 0.1200000000000000094 ) ) ;
#2477 = CARTESIAN_POINT ( 'NONE',  ( -2.399999999999999911, -1.915000000000000036, 0.1200000000000000094 ) ) ;
#2478 = ORIENTED_EDGE ( 'NONE', *, *, #1020, .F. ) ;
#2479 = PRESENTATION_STYLE_ASSIGNMENT (( #1523 ) ) ;
#2480 =( GEOMETRIC_REPRESENTATION_CONTEXT ( 3 ) GLOBAL_UNCERTAINTY_ASSIGNED_CONTEXT ( ( #256 ) ) GLOBAL_UNIT_ASSIGNED_CONTEXT ( ( #1674, #647, #1387 ) ) REPRESENTATION_CONTEXT ( 'NONE', 'WORKASPACE' ) );
#2481 = CARTESIAN_POINT ( 'NONE',  ( -2.324999999999999734, 3.239999999999999769, 0.1200000000000000094 ) ) ;
#2482 = CARTESIAN_POINT ( 'NONE',  ( -2.324999999999999734, 1.915000000000000036, 0.000000000000000000 ) ) ;
#2483 = AXIS2_PLACEMENT_3D ( 'NONE', #352, #1691, #3407 ) ;
#2484 = PRESENTATION_STYLE_ASSIGNMENT (( #2142 ) ) ;
#2485 = DIRECTION ( 'NONE',  ( 1.000000000000000000, -8.673617379884029309E-17, 0.000000000000000000 ) ) ;
#2486 = EDGE_LOOP ( 'NONE', ( #3582, #2393, #4217 ) ) ;
#2487 = DIRECTION ( 'NONE',  ( 1.000000000000000000, 0.000000000000000000, 0.000000000000000000 ) ) ;
#2488 = AXIS2_PLACEMENT_3D ( 'NONE', #2019, #3602, #1343 ) ;
#2489 = CARTESIAN_POINT ( 'NONE',  ( -2.324999999999999734, 3.165000000000000036, 0.000000000000000000 ) ) ;
#2490 = DIRECTION ( 'NONE',  ( 1.000000000000000000, 0.000000000000000000, 0.000000000000000000 ) ) ;
#2491 =( NAMED_UNIT ( * ) PLANE_ANGLE_UNIT ( ) SI_UNIT ( $, .RADIAN. ) );
#2492 = DIRECTION ( 'NONE',  ( -1.334402673828316002E-15, 1.000000000000000000, 0.000000000000000000 ) ) ;
#2493 = FILL_AREA_STYLE ('',( #3472 ) ) ;
#2494 = CARTESIAN_POINT ( 'NONE',  ( -2.500000000000000000, 3.449999999999999734, 1.050000000000000044 ) ) ;
#2495 = PRESENTATION_STYLE_ASSIGNMENT (( #737 ) ) ;
#2496 =( GEOMETRIC_REPRESENTATION_CONTEXT ( 3 ) GLOBAL_UNCERTAINTY_ASSIGNED_CONTEXT ( ( #1500 ) ) GLOBAL_UNIT_ASSIGNED_CONTEXT ( ( #1037, #3350, #752 ) ) REPRESENTATION_CONTEXT ( 'NONE', 'WORKASPACE' ) );
#2497 = LINE ( 'NONE', #435, #82 ) ;
#2498 = EDGE_CURVE ( 'NONE', #1963, #134, #2444, .T. ) ;
#2499 = UNCERTAINTY_MEASURE_WITH_UNIT (LENGTH_MEASURE( 1.000000000000000082E-05 ), #4065, 'distance_accuracy_value', 'NONE');
#2500 = CARTESIAN_POINT ( 'NONE',  ( -2.449999999999999734, 3.449999999999999734, 0.06999999999999999278 ) ) ;
#2501 = CIRCLE ( 'NONE', #3952, 0.07499999999999998335 ) ;
#2502 = SURFACE_STYLE_USAGE ( .BOTH. , #2565 ) ;
#2503 = ADVANCED_FACE ( 'NONE', ( #2582 ), #1235, .T. ) ;
#2504 = PRODUCT ( 'SiT1602BI-83-33E-30.000000', 'SiT1602BI-83-33E-30.000000', '', ( #2013 ) ) ;
#2505 = DIRECTION ( 'NONE',  ( 0.000000000000000000, 0.000000000000000000, -1.000000000000000000 ) ) ;
#2506 = SURFACE_SIDE_STYLE ('',( #794 ) ) ;
#2507 = DIRECTION ( 'NONE',  ( 0.000000000000000000, 0.000000000000000000, -1.000000000000000000 ) ) ;
#2508 = ORIENTED_EDGE ( 'NONE', *, *, #3203, .T. ) ;
#2509 = CARTESIAN_POINT ( 'NONE',  ( 2.324999999999999734, 3.239999999999999769, 0.1200000000000000094 ) ) ;
#2510 = EDGE_CURVE ( 'NONE', #861, #1969, #4215, .T. ) ;
#2511 = AXIS2_PLACEMENT_3D ( 'NONE', #121, #2799, #2601 ) ;
#2512 = VECTOR ( 'NONE', #1708, 1000.000000000000000 ) ;
#2513 = SURFACE_STYLE_FILL_AREA ( #3515 ) ;
#2514 = CIRCLE ( 'NONE', #3011, 0.05000000000000002359 ) ;
#2515 = CARTESIAN_POINT ( 'NONE',  ( 2.324999999999999734, -3.165000000000000036, 0.1200000000000000094 ) ) ;
#2516 =( LENGTH_UNIT ( ) NAMED_UNIT ( * ) SI_UNIT ( .MILLI., .METRE. ) );
#2517 =( NAMED_UNIT ( * ) PLANE_ANGLE_UNIT ( ) SI_UNIT ( $, .RADIAN. ) );
#2518 = SURFACE_SIDE_STYLE ('',( #1189 ) ) ;
#2519 =( GEOMETRIC_REPRESENTATION_CONTEXT ( 3 ) GLOBAL_UNCERTAINTY_ASSIGNED_CONTEXT ( ( #403 ) ) GLOBAL_UNIT_ASSIGNED_CONTEXT ( ( #108, #2556, #2861 ) ) REPRESENTATION_CONTEXT ( 'NONE', 'WORKASPACE' ) );
#2520 = ORIENTED_EDGE ( 'NONE', *, *, #2079, .F. ) ;
#2521 = CARTESIAN_POINT ( 'NONE',  ( -2.324999999999999734, -3.239999999999999769, 0.1200000000000000094 ) ) ;
#2522 = ORIENTED_EDGE ( 'NONE', *, *, #3769, .F. ) ;
#2523 = MECHANICAL_DESIGN_GEOMETRIC_PRESENTATION_REPRESENTATION (  '', ( #2823 ), #2728 ) ;
#2524 =( LENGTH_UNIT ( ) NAMED_UNIT ( * ) SI_UNIT ( .MILLI., .METRE. ) );
#2525 = LINE ( 'NONE', #2785, #3406 ) ;
#2526 =( LENGTH_UNIT ( ) NAMED_UNIT ( * ) SI_UNIT ( .MILLI., .METRE. ) );
#2527 = FILL_AREA_STYLE ('',( #1116 ) ) ;
#2528 = EDGE_CURVE ( 'NONE', #2690, #171, #3542, .T. ) ;
#2529 = VERTEX_POINT ( 'NONE', #1926 ) ;
#2530 = PRESENTATION_LAYER_ASSIGNMENT (  '', '', ( #73 ) ) ;
#2531 = EDGE_CURVE ( 'NONE', #4016, #2892, #2561, .T. ) ;
#2532 = DIRECTION ( 'NONE',  ( 0.000000000000000000, 0.000000000000000000, -1.000000000000000000 ) ) ;
#2533 = PRODUCT_DEFINITION_CONTEXT ( 'detailed design', #3895, 'design' ) ;
#2534 = DIRECTION ( 'NONE',  ( 0.000000000000000000, 0.000000000000000000, -1.000000000000000000 ) ) ;
#2535 = PRESENTATION_LAYER_ASSIGNMENT (  '', '', ( #654 ) ) ;
#2536 = VECTOR ( 'NONE', #1796, 1000.000000000000000 ) ;
#2537 = SURFACE_STYLE_USAGE ( .BOTH. , #2130 ) ;
#2538 = DIRECTION ( 'NONE',  ( 0.000000000000000000, -1.000000000000000000, 0.000000000000000000 ) ) ;
#2539 =( GEOMETRIC_REPRESENTATION_CONTEXT ( 3 ) GLOBAL_UNCERTAINTY_ASSIGNED_CONTEXT ( ( #3636 ) ) GLOBAL_UNIT_ASSIGNED_CONTEXT ( ( #2806, #128, #3153 ) ) REPRESENTATION_CONTEXT ( 'NONE', 'WORKASPACE' ) );
#2540 = VECTOR ( 'NONE', #3914, 1000.000000000000000 ) ;
#2541 = STYLED_ITEM ( 'NONE', ( #2164 ), #3361 ) ;
#2542 = ORIENTED_EDGE ( 'NONE', *, *, #3958, .T. ) ;
#2543 =( GEOMETRIC_REPRESENTATION_CONTEXT ( 3 ) GLOBAL_UNCERTAINTY_ASSIGNED_CONTEXT ( ( #713 ) ) GLOBAL_UNIT_ASSIGNED_CONTEXT ( ( #719, #4018, #656 ) ) REPRESENTATION_CONTEXT ( 'NONE', 'WORKASPACE' ) );
#2544 = ORIENTED_EDGE ( 'NONE', *, *, #115, .F. ) ;
#2545 = ORIENTED_EDGE ( 'NONE', *, *, #307, .T. ) ;
#2546 = DIRECTION ( 'NONE',  ( 0.000000000000000000, 0.000000000000000000, -1.000000000000000000 ) ) ;
#2547 = SURFACE_STYLE_USAGE ( .BOTH. , #2244 ) ;
#2548 =( LENGTH_UNIT ( ) NAMED_UNIT ( * ) SI_UNIT ( .MILLI., .METRE. ) );
#2549 = SURFACE_STYLE_USAGE ( .BOTH. , #629 ) ;
#2550 = PRESENTATION_LAYER_ASSIGNMENT (  '', '', ( #2979 ) ) ;
#2551 = VERTEX_POINT ( 'NONE', #2931 ) ;
#2552 = CYLINDRICAL_SURFACE ( 'NONE', #2052, 0.7000000000000000666 ) ;
#2553 = ADVANCED_FACE ( 'NONE', ( #1865 ), #882, .F. ) ;
#2554 = CARTESIAN_POINT ( 'NONE',  ( 2.500000000000000000, 3.500000000000000000, 0.06999999999999999278 ) ) ;
#2555 = ADVANCED_FACE ( 'NONE', ( #2216 ), #553, .F. ) ;
#2556 =( NAMED_UNIT ( * ) PLANE_ANGLE_UNIT ( ) SI_UNIT ( $, .RADIAN. ) );
#2557 = AXIS2_PLACEMENT_3D ( 'NONE', #3640, #995, #2157 ) ;
#2558 = PLANE ( 'NONE',  #4225 ) ;
#2559 = DIRECTION ( 'NONE',  ( 0.000000000000000000, 0.000000000000000000, -1.000000000000000000 ) ) ;
#2560 = EDGE_CURVE ( 'NONE', #1801, #3186, #2323, .T. ) ;
#2561 = LINE ( 'NONE', #1906, #1473 ) ;
#2562 = ORIENTED_EDGE ( 'NONE', *, *, #34, .F. ) ;
#2563 = PRESENTATION_STYLE_ASSIGNMENT (( #3271 ) ) ;
#2564 =( GEOMETRIC_REPRESENTATION_CONTEXT ( 3 ) GLOBAL_UNCERTAINTY_ASSIGNED_CONTEXT ( ( #1802 ) ) GLOBAL_UNIT_ASSIGNED_CONTEXT ( ( #1018, #2956, #1344 ) ) REPRESENTATION_CONTEXT ( 'NONE', 'WORKASPACE' ) );
#2565 = SURFACE_SIDE_STYLE ('',( #1240 ) ) ;
#2566 = FACE_OUTER_BOUND ( 'NONE', #1028, .T. ) ;
#2567 = PRESENTATION_LAYER_ASSIGNMENT (  '', '', ( #971 ) ) ;
#2568 = AXIS2_PLACEMENT_3D ( 'NONE', #2339, #2727, #2016 ) ;
#2569 = DIRECTION ( 'NONE',  ( 1.000000000000000000, 0.000000000000000000, 0.000000000000000000 ) ) ;
#2570 = CARTESIAN_POINT ( 'NONE',  ( 1.949999999999999956, -2.949999999999999734, 1.050000000000000044 ) ) ;
#2571 = SURFACE_STYLE_USAGE ( .BOTH. , #563 ) ;
#2572 = DIRECTION ( 'NONE',  ( 0.000000000000000000, 0.000000000000000000, -1.000000000000000000 ) ) ;
#2573 = VERTEX_POINT ( 'NONE', #2658 ) ;
#2574 =( NAMED_UNIT ( * ) SI_UNIT ( $, .STERADIAN. ) SOLID_ANGLE_UNIT ( ) );
#2575 = DIRECTION ( 'NONE',  ( -6.195440985631449154E-17, 1.000000000000000000, 0.000000000000000000 ) ) ;
#2576 = FACE_OUTER_BOUND ( 'NONE', #3397, .T. ) ;
#2577 = SURFACE_SIDE_STYLE ('',( #1255 ) ) ;
#2578 = VECTOR ( 'NONE', #3579, 1000.000000000000000 ) ;
#2579 = VECTOR ( 'NONE', #3261, 1000.000000000000000 ) ;
#2580 = EDGE_CURVE ( 'NONE', #3634, #2712, #706, .T. ) ;
#2581 = COLOUR_RGB ( '',0.9607843137254902244, 0.9607843137254902244, 0.9607843137254902244 ) ;
#2582 = FACE_OUTER_BOUND ( 'NONE', #554, .T. ) ;
#2583 = DIRECTION ( 'NONE',  ( 0.000000000000000000, 1.000000000000000000, 0.000000000000000000 ) ) ;
#2584 = ORIENTED_EDGE ( 'NONE', *, *, #3873, .F. ) ;
#2585 = SURFACE_STYLE_FILL_AREA ( #2989 ) ;
#2586 = ORIENTED_EDGE ( 'NONE', *, *, #2159, .F. ) ;
#2587 = PRESENTATION_STYLE_ASSIGNMENT (( #1216 ) ) ;
#2588 = UNCERTAINTY_MEASURE_WITH_UNIT (LENGTH_MEASURE( 1.000000000000000082E-05 ), #1297, 'distance_accuracy_value', 'NONE');
#2589 =( NAMED_UNIT ( * ) SI_UNIT ( $, .STERADIAN. ) SOLID_ANGLE_UNIT ( ) );
#2590 = FACE_OUTER_BOUND ( 'NONE', #1720, .T. ) ;
#2591 = MECHANICAL_DESIGN_GEOMETRIC_PRESENTATION_REPRESENTATION (  '', ( #4109 ), #3967 ) ;
#2592 = CIRCLE ( 'NONE', #2798, 0.07499999999999998335 ) ;
#2593 = LINE ( 'NONE', #932, #1981 ) ;
#2594 = ORIENTED_EDGE ( 'NONE', *, *, #1462, .T. ) ;
#2595 = PRESENTATION_LAYER_ASSIGNMENT (  '', '', ( #3694 ) ) ;
#2596 = LINE ( 'NONE', #1581, #2190 ) ;
#2597 = DIRECTION ( 'NONE',  ( 0.000000000000000000, 0.000000000000000000, -1.000000000000000000 ) ) ;
#2598 = CARTESIAN_POINT ( 'NONE',  ( -2.399999999999999911, 1.915000000000000036, 0.1200000000000000094 ) ) ;
#2599 = EDGE_LOOP ( 'NONE', ( #4068, #278, #1564, #2624 ) ) ;
#2600 = CARTESIAN_POINT ( 'NONE',  ( -2.324999999999999734, 3.165000000000000036, 0.1200000000000000094 ) ) ;
#2601 = DIRECTION ( 'NONE',  ( -1.000000000000000000, 0.000000000000000000, 0.000000000000000000 ) ) ;
#2602 = SURFACE_SIDE_STYLE ('',( #1276 ) ) ;
#2603 = UNCERTAINTY_MEASURE_WITH_UNIT (LENGTH_MEASURE( 1.000000000000000082E-05 ), #3068, 'distance_accuracy_value', 'NONE');
#2604 = DIRECTION ( 'NONE',  ( 0.000000000000000000, 0.000000000000000000, -1.000000000000000000 ) ) ;
#2605 = DIRECTION ( 'NONE',  ( -1.000000000000000000, 0.000000000000000000, 0.000000000000000000 ) ) ;
#2606 = DIRECTION ( 'NONE',  ( 0.000000000000000000, 0.000000000000000000, -1.000000000000000000 ) ) ;
#2607 = SURFACE_SIDE_STYLE ('',( #3284 ) ) ;
#2608 =( NAMED_UNIT ( * ) SI_UNIT ( $, .STERADIAN. ) SOLID_ANGLE_UNIT ( ) );
#2609 = STYLED_ITEM ( 'NONE', ( #3659 ), #3434 ) ;
#2610 = DIRECTION ( 'NONE',  ( 1.000000000000000000, 0.000000000000000000, 0.000000000000000000 ) ) ;
#2611 = MECHANICAL_DESIGN_GEOMETRIC_PRESENTATION_REPRESENTATION (  '', ( #1766 ), #2539 ) ;
#2612 = ORIENTED_EDGE ( 'NONE', *, *, #2107, .F. ) ;
#2613 = STYLED_ITEM ( 'NONE', ( #2563 ), #3846 ) ;
#2614 = ORIENTED_EDGE ( 'NONE', *, *, #3428, .T. ) ;
#2615 =( LENGTH_UNIT ( ) NAMED_UNIT ( * ) SI_UNIT ( .MILLI., .METRE. ) );
#2616 = ADVANCED_FACE ( 'NONE', ( #3647 ), #2860, .F. ) ;
#2617 =( GEOMETRIC_REPRESENTATION_CONTEXT ( 3 ) GLOBAL_UNCERTAINTY_ASSIGNED_CONTEXT ( ( #2251 ) ) GLOBAL_UNIT_ASSIGNED_CONTEXT ( ( #343, #1379, #364 ) ) REPRESENTATION_CONTEXT ( 'NONE', 'WORKASPACE' ) );
#2618 =( LENGTH_UNIT ( ) NAMED_UNIT ( * ) SI_UNIT ( .MILLI., .METRE. ) );
#2619 = EDGE_CURVE ( 'NONE', #1887, #491, #3808, .T. ) ;
#2620 = PRESENTATION_LAYER_ASSIGNMENT (  '', '', ( #3166 ) ) ;
#2621 =( NAMED_UNIT ( * ) PLANE_ANGLE_UNIT ( ) SI_UNIT ( $, .RADIAN. ) );
#2622 = SURFACE_STYLE_FILL_AREA ( #3930 ) ;
#2623 = SURFACE_STYLE_FILL_AREA ( #1608 ) ;
#2624 = ORIENTED_EDGE ( 'NONE', *, *, #3820, .F. ) ;
#2625 =( GEOMETRIC_REPRESENTATION_CONTEXT ( 3 ) GLOBAL_UNCERTAINTY_ASSIGNED_CONTEXT ( ( #1286 ) ) GLOBAL_UNIT_ASSIGNED_CONTEXT ( ( #2548, #1291, #605 ) ) REPRESENTATION_CONTEXT ( 'NONE', 'WORKASPACE' ) );
#2626 = ORIENTED_EDGE ( 'NONE', *, *, #3042, .T. ) ;
#2627 = DIRECTION ( 'NONE',  ( 0.000000000000000000, 0.000000000000000000, -1.000000000000000000 ) ) ;
#2628 = CARTESIAN_POINT ( 'NONE',  ( 1.300000000000000044, -2.540000000000000036, 0.1200000000000000094 ) ) ;
#2629 = SURFACE_STYLE_USAGE ( .BOTH. , #3307 ) ;
#2630 = VECTOR ( 'NONE', #2436, 1000.000000000000000 ) ;
#2631 = CARTESIAN_POINT ( 'NONE',  ( -2.324999999999999734, 1.840000000000000080, 0.02000000000000000042 ) ) ;
#2632 = ORIENTED_EDGE ( 'NONE', *, *, #1653, .T. ) ;
#2633 = CIRCLE ( 'NONE', #4069, 0.2499999999999997780 ) ;
#2634 = CARTESIAN_POINT ( 'NONE',  ( 1.300000000000000044, -2.540000000000000036, 0.000000000000000000 ) ) ;
#2635 = AXIS2_PLACEMENT_3D ( 'NONE', #801, #4075, #3425 ) ;
#2636 = ORIENTED_EDGE ( 'NONE', *, *, #964, .T. ) ;
#2637 = ORIENTED_EDGE ( 'NONE', *, *, #2770, .F. ) ;
#2638 = LINE ( 'NONE', #254, #2795 ) ;
#2639 = ORIENTED_EDGE ( 'NONE', *, *, #930, .T. ) ;
#2640 =( NAMED_UNIT ( * ) SI_UNIT ( $, .STERADIAN. ) SOLID_ANGLE_UNIT ( ) );
#2641 = UNCERTAINTY_MEASURE_WITH_UNIT (LENGTH_MEASURE( 1.000000000000000082E-05 ), #4028, 'distance_accuracy_value', 'NONE');
#2642 =( LENGTH_UNIT ( ) NAMED_UNIT ( * ) SI_UNIT ( .MILLI., .METRE. ) );
#2643 = ADVANCED_FACE ( 'NONE', ( #820 ), #120, .F. ) ;
#2644 = COLOUR_RGB ( '',0.2862745098039215508, 0.2862745098039215508, 0.2862745098039215508 ) ;
#2645 = FILL_AREA_STYLE_COLOUR ( '', #2328 ) ;
#2646 = AXIS2_PLACEMENT_3D ( 'NONE', #445, #2787, #2460 ) ;
#2647 = PRESENTATION_LAYER_ASSIGNMENT (  '', '', ( #836 ) ) ;
#2648 = CARTESIAN_POINT ( 'NONE',  ( 2.000000000000000000, 1.840000000000000080, 0.1200000000000000094 ) ) ;
#2649 = VERTEX_POINT ( 'NONE', #3189 ) ;
#2650 = ADVANCED_FACE ( 'NONE', ( #3786 ), #4136, .F. ) ;
#2651 = VERTEX_POINT ( 'NONE', #2254 ) ;
#2652 = CIRCLE ( 'NONE', #3811, 0.04999999999999999584 ) ;
#2653 = FILL_AREA_STYLE ('',( #290 ) ) ;
#2654 = UNCERTAINTY_MEASURE_WITH_UNIT (LENGTH_MEASURE( 1.000000000000000082E-05 ), #2369, 'distance_accuracy_value', 'NONE');
#2655 = CYLINDRICAL_SURFACE ( 'NONE', #342, 0.2499999999999997780 ) ;
#2656 = ORIENTED_EDGE ( 'NONE', *, *, #772, .F. ) ;
#2657 = DIRECTION ( 'NONE',  ( 0.000000000000000000, 0.000000000000000000, 1.000000000000000000 ) ) ;
#2658 = CARTESIAN_POINT ( 'NONE',  ( -2.500000000000000000, -3.449999999999999734, 1.000000000000000000 ) ) ;
#2659 = VERTEX_POINT ( 'NONE', #246 ) ;
#2660 = VERTEX_POINT ( 'NONE', #2924 ) ;
#2661 = CYLINDRICAL_SURFACE ( 'NONE', #2304, 0.07499999999999998335 ) ;
#2662 =( GEOMETRIC_REPRESENTATION_CONTEXT ( 3 ) GLOBAL_UNCERTAINTY_ASSIGNED_CONTEXT ( ( #2456 ) ) GLOBAL_UNIT_ASSIGNED_CONTEXT ( ( #3468, #1425, #4074 ) ) REPRESENTATION_CONTEXT ( 'NONE', 'WORKASPACE' ) );
#2663 =( LENGTH_UNIT ( ) NAMED_UNIT ( * ) SI_UNIT ( .MILLI., .METRE. ) );
#2664 = DIRECTION ( 'NONE',  ( 1.000000000000000000, 0.000000000000000000, 0.000000000000000000 ) ) ;
#2665 = SURFACE_SIDE_STYLE ('',( #2992 ) ) ;
#2666 =( GEOMETRIC_REPRESENTATION_CONTEXT ( 3 ) GLOBAL_UNCERTAINTY_ASSIGNED_CONTEXT ( ( #2282 ) ) GLOBAL_UNIT_ASSIGNED_CONTEXT ( ( #2001, #2345, #2024 ) ) REPRESENTATION_CONTEXT ( 'NONE', 'WORKASPACE' ) );
#2667 = MECHANICAL_DESIGN_GEOMETRIC_PRESENTATION_REPRESENTATION (  '', ( #2930 ), #1127 ) ;
#2668 = PRESENTATION_LAYER_ASSIGNMENT (  '', '', ( #275 ) ) ;
#2669 = DIRECTION ( 'NONE',  ( -1.000000000000000000, 0.000000000000000000, 0.000000000000000000 ) ) ;
#2670 = ORIENTED_EDGE ( 'NONE', *, *, #2105, .F. ) ;
#2671 = ORIENTED_EDGE ( 'NONE', *, *, #3586, .T. ) ;
#2672 = PRESENTATION_LAYER_ASSIGNMENT (  '', '', ( #1547 ) ) ;
#2673 = SURFACE_STYLE_USAGE ( .BOTH. , #2357 ) ;
#2674 = DIRECTION ( 'NONE',  ( 1.334402673828316002E-15, -1.000000000000000000, 0.000000000000000000 ) ) ;
#2675 = ADVANCED_FACE ( 'NONE', ( #969 ), #3891, .F. ) ;
#2676 = FILL_AREA_STYLE ('',( #1617 ) ) ;
#2677 = ADVANCED_FACE ( 'NONE', ( #2576 ), #2300, .T. ) ;
#2678 = CARTESIAN_POINT ( 'NONE',  ( -2.324999999999999734, -3.165000000000000036, 0.1200000000000000094 ) ) ;
#2679 = DIRECTION ( 'NONE',  ( 0.000000000000000000, 0.000000000000000000, -1.000000000000000000 ) ) ;
#2680 = DIRECTION ( 'NONE',  ( 0.000000000000000000, 0.000000000000000000, 1.000000000000000000 ) ) ;
#2681 =( GEOMETRIC_REPRESENTATION_CONTEXT ( 3 ) GLOBAL_UNCERTAINTY_ASSIGNED_CONTEXT ( ( #1587 ) ) GLOBAL_UNIT_ASSIGNED_CONTEXT ( ( #3055, #3678, #1071 ) ) REPRESENTATION_CONTEXT ( 'NONE', 'WORKASPACE' ) );
#2682 = ORIENTED_EDGE ( 'NONE', *, *, #2344, .T. ) ;
#2683 = SURFACE_STYLE_FILL_AREA ( #1000 ) ;
#2684 = CARTESIAN_POINT ( 'NONE',  ( 2.000000000000000000, 3.239999999999999769, 0.02000000000000000042 ) ) ;
#2685 = AXIS2_PLACEMENT_3D ( 'NONE', #3609, #4287, #4218 ) ;
#2686 = AXIS2_PLACEMENT_3D ( 'NONE', #686, #2422, #3698 ) ;
#2687 = SURFACE_STYLE_USAGE ( .BOTH. , #1984 ) ;
#2688 = ORIENTED_EDGE ( 'NONE', *, *, #407, .T. ) ;
#2689 = PLANE ( 'NONE',  #3048 ) ;
#2690 = VERTEX_POINT ( 'NONE', #1886 ) ;
#2691 = VERTEX_POINT ( 'NONE', #530 ) ;
#2692 = DIRECTION ( 'NONE',  ( 0.7071067811865474617, 0.7071067811865474617, 0.000000000000000000 ) ) ;
#2693 = CARTESIAN_POINT ( 'NONE',  ( 2.324999999999999734, -1.915000000000000036, 0.1200000000000000094 ) ) ;
#2694 = CARTESIAN_POINT ( 'NONE',  ( 2.000000000000000000, 1.840000000000000080, 0.1200000000000000094 ) ) ;
#2695 = CARTESIAN_POINT ( 'NONE',  ( -2.992397996059990266E-16, -3.449999999999999734, 0.02000000000000000042 ) ) ;
#2696 = EDGE_CURVE ( 'NONE', #2573, #2202, #2514, .T. ) ;
#2697 = STYLED_ITEM ( 'NONE', ( #3030 ), #2014 ) ;
#2698 = DIRECTION ( 'NONE',  ( -1.000000000000000000, 6.672013369141570147E-16, 0.000000000000000000 ) ) ;
#2699 =( GEOMETRIC_REPRESENTATION_CONTEXT ( 3 ) GLOBAL_UNCERTAINTY_ASSIGNED_CONTEXT ( ( #3628 ) ) GLOBAL_UNIT_ASSIGNED_CONTEXT ( ( #2526, #3160, #444 ) ) REPRESENTATION_CONTEXT ( 'NONE', 'WORKASPACE' ) );
#2700 = CARTESIAN_POINT ( 'NONE',  ( 2.000000000000000000, 1.840000000000000080, 0.1200000000000000094 ) ) ;
#2701 = EDGE_CURVE ( 'NONE', #4182, #2239, #4169, .T. ) ;
#2702 =( NAMED_UNIT ( * ) PLANE_ANGLE_UNIT ( ) SI_UNIT ( $, .RADIAN. ) );
#2703 = SURFACE_STYLE_FILL_AREA ( #3970 ) ;
#2704 = COLOUR_RGB ( '',0.8039215686274510109, 0.8039215686274510109, 0.8039215686274510109 ) ;
#2705 = FACE_OUTER_BOUND ( 'NONE', #4, .T. ) ;
#2706 =( NAMED_UNIT ( * ) SI_UNIT ( $, .STERADIAN. ) SOLID_ANGLE_UNIT ( ) );
#2707 = ORIENTED_EDGE ( 'NONE', *, *, #4288, .F. ) ;
#2708 = VERTEX_POINT ( 'NONE', #3900 ) ;
#2709 = SHAPE_DEFINITION_REPRESENTATION ( #3432, #1257 ) ;
#2710 = CARTESIAN_POINT ( 'NONE',  ( -2.324999999999999734, 3.239999999999999769, 0.02000000000000000042 ) ) ;
#2711 = FILL_AREA_STYLE_COLOUR ( '', #3199 ) ;
#2712 = VERTEX_POINT ( 'NONE', #504 ) ;
#2713 = AXIS2_PLACEMENT_3D ( 'NONE', #4005, #102, #3699 ) ;
#2714 = LINE ( 'NONE', #1397, #4127 ) ;
#2715 = CIRCLE ( 'NONE', #1389, 0.07499999999999998335 ) ;
#2716 = SURFACE_SIDE_STYLE ('',( #2364 ) ) ;
#2717 = DIRECTION ( 'NONE',  ( 1.000000000000000000, 0.000000000000000000, 0.000000000000000000 ) ) ;
#2718 = DIRECTION ( 'NONE',  ( 0.000000000000000000, 0.000000000000000000, -1.000000000000000000 ) ) ;
#2719 = ADVANCED_FACE ( 'NONE', ( #1847 ), #3222, .T. ) ;
#2720 = DIRECTION ( 'NONE',  ( -6.672013369141570147E-16, 1.000000000000000000, 0.000000000000000000 ) ) ;
#2721 = FILL_AREA_STYLE_COLOUR ( '', #1428 ) ;
#2722 = ORIENTED_EDGE ( 'NONE', *, *, #1281, .F. ) ;
#2723 = CIRCLE ( 'NONE', #1265, 0.07499999999999998335 ) ;
#2724 = ORIENTED_EDGE ( 'NONE', *, *, #3741, .F. ) ;
#2725 = PRESENTATION_LAYER_ASSIGNMENT (  '', '', ( #3829 ) ) ;
#2726 = MECHANICAL_DESIGN_GEOMETRIC_PRESENTATION_REPRESENTATION (  '', ( #1277 ), #2519 ) ;
#2727 = DIRECTION ( 'NONE',  ( 0.000000000000000000, 0.000000000000000000, -1.000000000000000000 ) ) ;
#2728 =( GEOMETRIC_REPRESENTATION_CONTEXT ( 3 ) GLOBAL_UNCERTAINTY_ASSIGNED_CONTEXT ( ( #1106 ) ) GLOBAL_UNIT_ASSIGNED_CONTEXT ( ( #2663, #3581, #2280 ) ) REPRESENTATION_CONTEXT ( 'NONE', 'WORKASPACE' ) );
#2729 = ORIENTED_EDGE ( 'NONE', *, *, #1702, .T. ) ;
#2730 = FACE_OUTER_BOUND ( 'NONE', #4260, .T. ) ;
#2731 = DIRECTION ( 'NONE',  ( 0.000000000000000000, 0.000000000000000000, -1.000000000000000000 ) ) ;
#2732 = DIRECTION ( 'NONE',  ( 1.000000000000000000, 0.000000000000000000, -1.734723475976805201E-14 ) ) ;
#2733 =( NAMED_UNIT ( * ) SI_UNIT ( $, .STERADIAN. ) SOLID_ANGLE_UNIT ( ) );
#2734 = CARTESIAN_POINT ( 'NONE',  ( -2.324999999999999734, -1.915000000000000036, 0.1200000000000000094 ) ) ;
#2735 = LINE ( 'NONE', #1142, #866 ) ;
#2736 = SURFACE_STYLE_FILL_AREA ( #3388 ) ;
#2737 =( NAMED_UNIT ( * ) SI_UNIT ( $, .STERADIAN. ) SOLID_ANGLE_UNIT ( ) );
#2738 = ADVANCED_FACE ( 'NONE', ( #1452 ), #3814, .T. ) ;
#2739 = FILL_AREA_STYLE_COLOUR ( '', #2191 ) ;
#2740 = EDGE_CURVE ( 'NONE', #3552, #1963, #2408, .T. ) ;
#2741 = COLOUR_RGB ( '',0.2862745098039215508, 0.2862745098039215508, 0.2862745098039215508 ) ;
#2742 = AXIS2_PLACEMENT_3D ( 'NONE', #2306, #3627, #2718 ) ;
#2743 = LINE ( 'NONE', #440, #2106 ) ;
#2744 = ORIENTED_EDGE ( 'NONE', *, *, #2242, .T. ) ;
#2745 =( GEOMETRIC_REPRESENTATION_CONTEXT ( 3 ) GLOBAL_UNCERTAINTY_ASSIGNED_CONTEXT ( ( #545 ) ) GLOBAL_UNIT_ASSIGNED_CONTEXT ( ( #650, #2621, #1312 ) ) REPRESENTATION_CONTEXT ( 'NONE', 'WORKASPACE' ) );
#2746 = EDGE_LOOP ( 'NONE', ( #2542, #2347 ) ) ;
#2747 = CYLINDRICAL_SURFACE ( 'NONE', #3503, 0.7000000000000000666 ) ;
#2748 = SURFACE_STYLE_USAGE ( .BOTH. , #3076 ) ;
#2749 = STYLED_ITEM ( 'NONE', ( #726 ), #3286 ) ;
#2750 = DIRECTION ( 'NONE',  ( 0.000000000000000000, 0.000000000000000000, -1.000000000000000000 ) ) ;
#2751 = AXIS2_PLACEMENT_3D ( 'NONE', #2628, #1515, #2317 ) ;
#2752 = ORIENTED_EDGE ( 'NONE', *, *, #2770, .T. ) ;
#2753 = DIRECTION ( 'NONE',  ( 0.000000000000000000, 0.000000000000000000, -1.000000000000000000 ) ) ;
#2754 = DIRECTION ( 'NONE',  ( -1.000000000000000000, 0.000000000000000000, 0.000000000000000000 ) ) ;
#2755 = CIRCLE ( 'NONE', #3104, 0.07499999999999998335 ) ;
#2756 = CARTESIAN_POINT ( 'NONE',  ( -2.324999999999999734, 1.840000000000000080, 0.1200000000000000094 ) ) ;
#2757 = PRESENTATION_STYLE_ASSIGNMENT (( #76 ) ) ;
#2758 = STYLED_ITEM ( 'NONE', ( #953 ), #2005 ) ;
#2759 =( NAMED_UNIT ( * ) PLANE_ANGLE_UNIT ( ) SI_UNIT ( $, .RADIAN. ) );
#2760 = PRESENTATION_STYLE_ASSIGNMENT (( #1427 ) ) ;
#2761 = DIRECTION ( 'NONE',  ( 1.000000000000000000, 0.000000000000000000, 0.000000000000000000 ) ) ;
#2762 = VECTOR ( 'NONE', #1609, 1000.000000000000000 ) ;
#2763 = DIRECTION ( 'NONE',  ( 0.000000000000000000, 0.000000000000000000, -1.000000000000000000 ) ) ;
#2764 = DIRECTION ( 'NONE',  ( 1.000000000000000000, -8.673617379884029309E-17, 0.000000000000000000 ) ) ;
#2765 = COLOUR_RGB ( '',0.2862745098039215508, 0.2862745098039215508, 0.2862745098039215508 ) ;
#2766 = ORIENTED_EDGE ( 'NONE', *, *, #1067, .T. ) ;
#2767 = ORIENTED_EDGE ( 'NONE', *, *, #140, .F. ) ;
#2768 = FACE_BOUND ( 'NONE', #1977, .T. ) ;
#2769 = FACE_OUTER_BOUND ( 'NONE', #1372, .T. ) ;
#2770 = EDGE_CURVE ( 'NONE', #3442, #3948, #2448, .T. ) ;
#2771 = VERTEX_POINT ( 'NONE', #61 ) ;
#2772 = PLANE ( 'NONE',  #3373 ) ;
#2773 = UNCERTAINTY_MEASURE_WITH_UNIT (LENGTH_MEASURE( 1.000000000000000082E-05 ), #3749, 'distance_accuracy_value', 'NONE');
#2774 = SURFACE_STYLE_FILL_AREA ( #1184 ) ;
#2775 = AXIS2_PLACEMENT_3D ( 'NONE', #4115, #1138, #2467 ) ;
#2776 = CYLINDRICAL_SURFACE ( 'NONE', #760, 0.07499999999999998335 ) ;
#2777 = VECTOR ( 'NONE', #569, 1000.000000000000000 ) ;
#2778 = CARTESIAN_POINT ( 'NONE',  ( -2.324999999999999734, -1.840000000000000080, 0.000000000000000000 ) ) ;
#2779 = DIRECTION ( 'NONE',  ( 1.000000000000000000, 0.000000000000000000, 0.000000000000000000 ) ) ;
#2780 = CARTESIAN_POINT ( 'NONE',  ( 1.949999999999999956, -2.949999999999999734, 1.039999999999999813 ) ) ;
#2781 = CARTESIAN_POINT ( 'NONE',  ( 2.324999999999999734, 1.915000000000000036, 0.1200000000000000094 ) ) ;
#2782 = DIRECTION ( 'NONE',  ( 0.000000000000000000, 0.000000000000000000, -1.000000000000000000 ) ) ;
#2783 = VERTEX_POINT ( 'NONE', #4054 ) ;
#2784 = DIRECTION ( 'NONE',  ( 0.000000000000000000, 0.000000000000000000, -1.000000000000000000 ) ) ;
#2785 = CARTESIAN_POINT ( 'NONE',  ( 1.300000000000000044, -2.540000000000000036, 0.1200000000000000094 ) ) ;
#2786 = CARTESIAN_POINT ( 'NONE',  ( -2.500000000000000000, -3.500000000000000000, 1.050000000000000044 ) ) ;
#2787 = DIRECTION ( 'NONE',  ( 0.000000000000000000, 0.000000000000000000, -1.000000000000000000 ) ) ;
#2788 =( GEOMETRIC_REPRESENTATION_CONTEXT ( 3 ) GLOBAL_UNCERTAINTY_ASSIGNED_CONTEXT ( ( #2466 ) ) GLOBAL_UNIT_ASSIGNED_CONTEXT ( ( #973, #1645, #4308 ) ) REPRESENTATION_CONTEXT ( 'NONE', 'WORKASPACE' ) );
#2789 = ORIENTED_EDGE ( 'NONE', *, *, #3564, .T. ) ;
#2790 = DIRECTION ( 'NONE',  ( 0.000000000000000000, 0.000000000000000000, 1.000000000000000000 ) ) ;
#2791 = EDGE_CURVE ( 'NONE', #3036, #3650, #1825, .T. ) ;
#2792 = MECHANICAL_DESIGN_GEOMETRIC_PRESENTATION_REPRESENTATION (  '', ( #1399 ), #1542 ) ;
#2793 = EDGE_CURVE ( 'NONE', #2286, #395, #2723, .T. ) ;
#2794 = FILL_AREA_STYLE_COLOUR ( '', #2450 ) ;
#2795 = VECTOR ( 'NONE', #1327, 1000.000000000000000 ) ;
#2796 = SPHERICAL_SURFACE ( 'NONE', #2775, 0.05000000000000000278 ) ;
#2797 = FILL_AREA_STYLE ('',( #2148 ) ) ;
#2798 = AXIS2_PLACEMENT_3D ( 'NONE', #3501, #831, #131 ) ;
#2799 = DIRECTION ( 'NONE',  ( 0.000000000000000000, 0.000000000000000000, -1.000000000000000000 ) ) ;
#2800 = DIRECTION ( 'NONE',  ( -1.000000000000000000, -1.334402673828316002E-15, 0.000000000000000000 ) ) ;
#2801 = CARTESIAN_POINT ( 'NONE',  ( 1.449999999999999956, -1.840000000000000080, 0.1200000000000000094 ) ) ;
#2802 = CARTESIAN_POINT ( 'NONE',  ( 2.000000000000000000, 3.239999999999999769, 0.1200000000000000094 ) ) ;
#2803 = FILL_AREA_STYLE ('',( #2794 ) ) ;
#2804 = DIRECTION ( 'NONE',  ( 0.000000000000000000, 0.000000000000000000, -1.000000000000000000 ) ) ;
#2805 = ORIENTED_EDGE ( 'NONE', *, *, #4257, .F. ) ;
#2806 =( LENGTH_UNIT ( ) NAMED_UNIT ( * ) SI_UNIT ( .MILLI., .METRE. ) );
#2807 = LINE ( 'NONE', #2481, #2168 ) ;
#2808 = SURFACE_STYLE_FILL_AREA ( #3135 ) ;
#2809 = ORIENTED_EDGE ( 'NONE', *, *, #3926, .F. ) ;
#2810 = VECTOR ( 'NONE', #3037, 1000.000000000000000 ) ;
#2811 = SURFACE_STYLE_FILL_AREA ( #3159 ) ;
#2812 = CARTESIAN_POINT ( 'NONE',  ( 2.199999999999999734, -2.949999999999999734, 1.039999999999999813 ) ) ;
#2813 = CYLINDRICAL_SURFACE ( 'NONE', #714, 0.07499999999999998335 ) ;
#2814 = AXIS2_PLACEMENT_3D ( 'NONE', #698, #2995, #674 ) ;
#2815 = ORIENTED_EDGE ( 'NONE', *, *, #4089, .T. ) ;
#2816 = MECHANICAL_DESIGN_GEOMETRIC_PRESENTATION_REPRESENTATION (  '', ( #803 ), #1290 ) ;
#2817 = VECTOR ( 'NONE', #3420, 1000.000000000000000 ) ;
#2818 = CARTESIAN_POINT ( 'NONE',  ( -2.449999999999999734, -3.449999999999999734, 1.000000000000000000 ) ) ;
#2819 = UNCERTAINTY_MEASURE_WITH_UNIT (LENGTH_MEASURE( 1.000000000000000082E-05 ), #4087, 'distance_accuracy_value', 'NONE');
#2820 = STYLED_ITEM ( 'NONE', ( #894 ), #4290 ) ;
#2821 = DIRECTION ( 'NONE',  ( 3.942553354492735149E-16, 1.000000000000000000, 0.000000000000000000 ) ) ;
#2822 = EDGE_CURVE ( 'NONE', #624, #1657, #1170, .T. ) ;
#2823 = STYLED_ITEM ( 'NONE', ( #2963 ), #956 ) ;
#2824 = DIRECTION ( 'NONE',  ( 0.000000000000000000, 0.000000000000000000, -1.000000000000000000 ) ) ;
#2825 = CARTESIAN_POINT ( 'NONE',  ( 2.324999999999999734, 3.239999999999999769, 0.1200000000000000094 ) ) ;
#2826 = DIRECTION ( 'NONE',  ( 1.000000000000000000, 0.000000000000000000, 0.000000000000000000 ) ) ;
#2827 = PLANE ( 'NONE',  #1644 ) ;
#2828 = ADVANCED_FACE ( 'NONE', ( #3725 ), #1828, .F. ) ;
#2829 = CIRCLE ( 'NONE', #739, 0.7000000000000000666 ) ;
#2830 = DIRECTION ( 'NONE',  ( -1.000000000000000000, 0.000000000000000000, 0.000000000000000000 ) ) ;
#2831 = FILL_AREA_STYLE_COLOUR ( '', #577 ) ;
#2832 = DIRECTION ( 'NONE',  ( 0.000000000000000000, 0.000000000000000000, -1.000000000000000000 ) ) ;
#2833 = CARTESIAN_POINT ( 'NONE',  ( 2.500000000000000000, -3.500000000000000000, 1.000000000000000000 ) ) ;
#2834 = COLOUR_RGB ( '',0.2862745098039215508, 0.2862745098039215508, 0.2862745098039215508 ) ;
#2835 =( NAMED_UNIT ( * ) SI_UNIT ( $, .STERADIAN. ) SOLID_ANGLE_UNIT ( ) );
#2836 = CARTESIAN_POINT ( 'NONE',  ( 2.449999999999999734, 3.449999999999999734, 1.000000000000000000 ) ) ;
#2837 = SURFACE_STYLE_USAGE ( .BOTH. , #96 ) ;
#2838 = PRESENTATION_STYLE_ASSIGNMENT (( #1529 ) ) ;
#2839 = COLOUR_RGB ( '',0.2862745098039215508, 0.2862745098039215508, 0.2862745098039215508 ) ;
#2840 = EDGE_LOOP ( 'NONE', ( #4083, #2945, #1695, #1279, #1350, #3780, #2682, #313 ) ) ;
#2841 = FILL_AREA_STYLE ('',( #2249 ) ) ;
#2842 = DIRECTION ( 'NONE',  ( 1.000000000000000000, 1.334402673828316002E-15, 0.000000000000000000 ) ) ;
#2843 = PRESENTATION_LAYER_ASSIGNMENT (  '', '', ( #3940 ) ) ;
#2844 = SURFACE_STYLE_USAGE ( .BOTH. , #1858 ) ;
#2845 = DIRECTION ( 'NONE',  ( -1.000000000000000000, 0.000000000000000000, 0.000000000000000000 ) ) ;
#2846 = FILL_AREA_STYLE ('',( #3217 ) ) ;
#2847 = FACE_OUTER_BOUND ( 'NONE', #441, .T. ) ;
#2848 = DIRECTION ( 'NONE',  ( 0.000000000000000000, 0.000000000000000000, 1.000000000000000000 ) ) ;
#2849 = AXIS2_PLACEMENT_3D ( 'NONE', #2343, #2680, #2610 ) ;
#2850 = ORIENTED_EDGE ( 'NONE', *, *, #1890, .T. ) ;
#2851 = EDGE_CURVE ( 'NONE', #11, #4107, #2807, .T. ) ;
#2852 = PRESENTATION_STYLE_ASSIGNMENT (( #887 ) ) ;
#2853 = VERTEX_POINT ( 'NONE', #3134 ) ;
#2854 = SURFACE_STYLE_FILL_AREA ( #2143 ) ;
#2855 = ORIENTED_EDGE ( 'NONE', *, *, #552, .T. ) ;
#2856 = FACE_OUTER_BOUND ( 'NONE', #375, .T. ) ;
#2857 =( NAMED_UNIT ( * ) SI_UNIT ( $, .STERADIAN. ) SOLID_ANGLE_UNIT ( ) );
#2858 = COLOUR_RGB ( '',0.8039215686274510109, 0.8039215686274510109, 0.8039215686274510109 ) ;
#2859 = DIRECTION ( 'NONE',  ( 0.000000000000000000, 1.000000000000000000, 0.000000000000000000 ) ) ;
#2860 = CYLINDRICAL_SURFACE ( 'NONE', #1054, 0.07499999999999998335 ) ;
#2861 =( NAMED_UNIT ( * ) SI_UNIT ( $, .STERADIAN. ) SOLID_ANGLE_UNIT ( ) );
#2862 = VECTOR ( 'NONE', #149, 1000.000000000000000 ) ;
#2863 = CARTESIAN_POINT ( 'NONE',  ( 2.324999999999999734, 3.239999999999999769, 0.1200000000000000094 ) ) ;
#2864 = SURFACE_STYLE_FILL_AREA ( #3537 ) ;
#2865 = VECTOR ( 'NONE', #2161, 1000.000000000000000 ) ;
#2866 = DIRECTION ( 'NONE',  ( 0.000000000000000000, -1.000000000000000000, 0.000000000000000000 ) ) ;
#2867 = MECHANICAL_DESIGN_GEOMETRIC_PRESENTATION_REPRESENTATION (  '', ( #1962 ), #3969 ) ;
#2868 = COLOUR_RGB ( '',0.8039215686274510109, 0.8039215686274510109, 0.8039215686274510109 ) ;
#2869 = ORIENTED_EDGE ( 'NONE', *, *, #3315, .T. ) ;
#2870 = SURFACE_STYLE_USAGE ( .BOTH. , #1539 ) ;
#2871 = CYLINDRICAL_SURFACE ( 'NONE', #3710, 0.05000000000000012768 ) ;
#2872 = ORIENTED_EDGE ( 'NONE', *, *, #930, .F. ) ;
#2873 = EDGE_CURVE ( 'NONE', #491, #1758, #3478, .T. ) ;
#2874 = EDGE_CURVE ( 'NONE', #2892, #3552, #2592, .T. ) ;
#2875 = PRESENTATION_STYLE_ASSIGNMENT (( #1958 ) ) ;
#2876 = PRESENTATION_STYLE_ASSIGNMENT (( #2571 ) ) ;
#2877 = SURFACE_STYLE_USAGE ( .BOTH. , #240 ) ;
#2878 = ORIENTED_EDGE ( 'NONE', *, *, #3025, .T. ) ;
#2879 = EDGE_CURVE ( 'NONE', #974, #2659, #3559, .T. ) ;
#2880 = DIRECTION ( 'NONE',  ( 0.000000000000000000, 0.000000000000000000, 1.000000000000000000 ) ) ;
#2881 = LINE ( 'NONE', #3488, #1423 ) ;
#2882 = DIRECTION ( 'NONE',  ( -1.000000000000000000, 0.000000000000000000, 0.000000000000000000 ) ) ;
#2883 = VECTOR ( 'NONE', #1065, 1000.000000000000000 ) ;
#2884 = MECHANICAL_DESIGN_GEOMETRIC_PRESENTATION_REPRESENTATION (  '', ( #1491 ), #1420 ) ;
#2885 = FILL_AREA_STYLE_COLOUR ( '', #1932 ) ;
#2886 = FILL_AREA_STYLE_COLOUR ( '', #1359 ) ;
#2887 = VECTOR ( 'NONE', #457, 1000.000000000000000 ) ;
#2888 = VECTOR ( 'NONE', #818, 1000.000000000000114 ) ;
#2889 = DIRECTION ( 'NONE',  ( 6.672013369141570147E-16, -1.000000000000000000, 0.000000000000000000 ) ) ;
#2890 = VERTEX_POINT ( 'NONE', #462 ) ;
#2891 = ORIENTED_EDGE ( 'NONE', *, *, #2160, .F. ) ;
#2892 = VERTEX_POINT ( 'NONE', #3817 ) ;
#2893 = CARTESIAN_POINT ( 'NONE',  ( -2.000000000000000000, 1.840000000000000080, 0.1200000000000000094 ) ) ;
#2894 = UNCERTAINTY_MEASURE_WITH_UNIT (LENGTH_MEASURE( 1.000000000000000082E-05 ), #2904, 'distance_accuracy_value', 'NONE');
#2895 = SURFACE_STYLE_USAGE ( .BOTH. , #3563 ) ;
#2896 = CIRCLE ( 'NONE', #2134, 0.07499999999999998335 ) ;
#2897 = ORIENTED_EDGE ( 'NONE', *, *, #4008, .T. ) ;
#2898 = CARTESIAN_POINT ( 'NONE',  ( 2.399999999999999911, 3.165000000000000036, 0.1200000000000000094 ) ) ;
#2899 = DIRECTION ( 'NONE',  ( -1.000000000000000000, 0.000000000000000000, 0.000000000000000000 ) ) ;
#2900 = ORIENTED_EDGE ( 'NONE', *, *, #2346, .T. ) ;
#2901 = DIRECTION ( 'NONE',  ( 1.000000000000000000, -1.334402673828316002E-15, 0.000000000000000000 ) ) ;
#2902 = AXIS2_PLACEMENT_3D ( 'NONE', #856, #2421, #3399 ) ;
#2903 = EDGE_CURVE ( 'NONE', #982, #649, #3145, .T. ) ;
#2904 =( LENGTH_UNIT ( ) NAMED_UNIT ( * ) SI_UNIT ( .MILLI., .METRE. ) );
#2905 = CARTESIAN_POINT ( 'NONE',  ( 2.324999999999999734, -3.239999999999999769, 0.1200000000000000094 ) ) ;
#2906 = CIRCLE ( 'NONE', #387, 0.04999999999999991257 ) ;
#2907 = PRESENTATION_STYLE_ASSIGNMENT (( #1973 ) ) ;
#2908 = DIRECTION ( 'NONE',  ( 0.000000000000000000, 0.000000000000000000, -1.000000000000000000 ) ) ;
#2909 = CARTESIAN_POINT ( 'NONE',  ( -2.000000000000000000, 2.540000000000000036, 0.1200000000000000094 ) ) ;
#2910 = VERTEX_POINT ( 'NONE', #1173 ) ;
#2911 = EDGE_LOOP ( 'NONE', ( #1391, #2805, #442, #3980 ) ) ;
#2912 = SURFACE_SIDE_STYLE ('',( #1675 ) ) ;
#2913 = COLOUR_RGB ( '',0.2862745098039215508, 0.2862745098039215508, 0.2862745098039215508 ) ;
#2914 = ORIENTED_EDGE ( 'NONE', *, *, #4173, .T. ) ;
#2915 = PRESENTATION_LAYER_ASSIGNMENT (  '', '', ( #3879 ) ) ;
#2916 = ORIENTED_EDGE ( 'NONE', *, *, #1435, .T. ) ;
#2917 = DIRECTION ( 'NONE',  ( 0.000000000000000000, 0.000000000000000000, 1.000000000000000000 ) ) ;
#2918 = CARTESIAN_POINT ( 'NONE',  ( 1.699999999999999956, -2.949999999999999734, 1.039999999999999813 ) ) ;
#2919 = ORIENTED_EDGE ( 'NONE', *, *, #1313, .F. ) ;
#2920 =( LENGTH_UNIT ( ) NAMED_UNIT ( * ) SI_UNIT ( .MILLI., .METRE. ) );
#2921 = SURFACE_STYLE_USAGE ( .BOTH. , #3056 ) ;
#2922 = FILL_AREA_STYLE_COLOUR ( '', #2644 ) ;
#2923 =( LENGTH_UNIT ( ) NAMED_UNIT ( * ) SI_UNIT ( .MILLI., .METRE. ) );
#2924 = CARTESIAN_POINT ( 'NONE',  ( -2.000000000000000000, -3.239999999999999769, 0.1200000000000000094 ) ) ;
#2925 = EDGE_CURVE ( 'NONE', #2239, #2390, #136, .T. ) ;
#2926 = CARTESIAN_POINT ( 'NONE',  ( 2.399999999999999911, -1.915000000000000036, 0.1200000000000000094 ) ) ;
#2927 = SURFACE_STYLE_FILL_AREA ( #273 ) ;
#2928 = EDGE_CURVE ( 'NONE', #4114, #2011, #2743, .T. ) ;
#2929 = ORIENTED_EDGE ( 'NONE', *, *, #3926, .T. ) ;
#2930 = STYLED_ITEM ( 'NONE', ( #1639 ), #2675 ) ;
#2931 = CARTESIAN_POINT ( 'NONE',  ( 2.000000000000000000, -3.239999999999999769, 0.02000000000000000042 ) ) ;
#2932 = ORIENTED_EDGE ( 'NONE', *, *, #2081, .T. ) ;
#2933 = DIRECTION ( 'NONE',  ( 1.000000000000000000, 1.734723475976802677E-14, -8.131516293641262547E-16 ) ) ;
#2934 = VERTEX_POINT ( 'NONE', #1110 ) ;
#2935 = UNCERTAINTY_MEASURE_WITH_UNIT (LENGTH_MEASURE( 1.000000000000000082E-05 ), #859, 'distance_accuracy_value', 'NONE');
#2936 = AXIS2_PLACEMENT_3D ( 'NONE', #4140, #1883, #187 ) ;
#2937 =( NAMED_UNIT ( * ) SI_UNIT ( $, .STERADIAN. ) SOLID_ANGLE_UNIT ( ) );
#2938 = DIRECTION ( 'NONE',  ( 0.000000000000000000, 0.000000000000000000, -1.000000000000000000 ) ) ;
#2939 = VECTOR ( 'NONE', #1283, 1000.000000000000000 ) ;
#2940 = COLOUR_RGB ( '',0.2862745098039215508, 0.2862745098039215508, 0.2862745098039215508 ) ;
#2941 = CARTESIAN_POINT ( 'NONE',  ( -2.324999999999999734, 1.840000000000000080, 0.000000000000000000 ) ) ;
#2942 = FILL_AREA_STYLE ('',( #2645 ) ) ;
#2943 = UNCERTAINTY_MEASURE_WITH_UNIT (LENGTH_MEASURE( 1.000000000000000082E-05 ), #1660, 'distance_accuracy_value', 'NONE');
#2944 = PLANE ( 'NONE',  #355 ) ;
#2945 = ORIENTED_EDGE ( 'NONE', *, *, #466, .T. ) ;
#2946 = ORIENTED_EDGE ( 'NONE', *, *, #1256, .T. ) ;
#2947 = CARTESIAN_POINT ( 'NONE',  ( 0.000000000000000000, 0.000000000000000000, 0.000000000000000000 ) ) ;
#2948 = LINE ( 'NONE', #2351, #3071 ) ;
#2949 = SURFACE_STYLE_FILL_AREA ( #3598 ) ;
#2950 = CARTESIAN_POINT ( 'NONE',  ( -2.324999999999999734, -3.165000000000000036, 0.1200000000000000094 ) ) ;
#2951 =( NAMED_UNIT ( * ) SI_UNIT ( $, .STERADIAN. ) SOLID_ANGLE_UNIT ( ) );
#2952 = PLANE ( 'NONE',  #2488 ) ;
#2953 = SURFACE_STYLE_FILL_AREA ( #3641 ) ;
#2954 = VECTOR ( 'NONE', #2692, 1000.000000000000114 ) ;
#2955 = CIRCLE ( 'NONE', #289, 0.07499999999999998335 ) ;
#2956 =( NAMED_UNIT ( * ) PLANE_ANGLE_UNIT ( ) SI_UNIT ( $, .RADIAN. ) );
#2957 = ADVANCED_FACE ( 'NONE', ( #2412 ), #4210, .F. ) ;
#2958 = VECTOR ( 'NONE', #63, 1000.000000000000000 ) ;
#2959 = SURFACE_STYLE_FILL_AREA ( #2803 ) ;
#2960 = VERTEX_POINT ( 'NONE', #1229 ) ;
#2961 = ORIENTED_EDGE ( 'NONE', *, *, #991, .T. ) ;
#2962 = AXIS2_PLACEMENT_3D ( 'NONE', #808, #2136, #3863 ) ;
#2963 = PRESENTATION_STYLE_ASSIGNMENT (( #51 ) ) ;
#2964 = ORIENTED_EDGE ( 'NONE', *, *, #550, .F. ) ;
#2965 = FILL_AREA_STYLE ('',( #1956 ) ) ;
#2966 = EDGE_CURVE ( 'NONE', #853, #911, #1206, .T. ) ;
#2967 = DIRECTION ( 'NONE',  ( -1.000000000000000000, 0.000000000000000000, 0.000000000000000000 ) ) ;
#2968 = PRESENTATION_LAYER_ASSIGNMENT (  '', '', ( #95 ) ) ;
#2969 = ORIENTED_EDGE ( 'NONE', *, *, #3595, .F. ) ;
#2970 = CARTESIAN_POINT ( 'NONE',  ( 0.000000000000000000, 0.000000000000000000, 0.02000000000000000042 ) ) ;
#2971 = CARTESIAN_POINT ( 'NONE',  ( 2.324999999999999734, -3.239999999999999769, 0.02000000000000000042 ) ) ;
#2972 = PLANE ( 'NONE',  #4135 ) ;
#2973 = LINE ( 'NONE', #581, #1449 ) ;
#2974 = ORIENTED_EDGE ( 'NONE', *, *, #876, .F. ) ;
#2975 = COLOUR_RGB ( '',0.2862745098039215508, 0.2862745098039215508, 0.2862745098039215508 ) ;
#2976 = ORIENTED_EDGE ( 'NONE', *, *, #1119, .T. ) ;
#2977 = SURFACE_STYLE_FILL_AREA ( #2015 ) ;
#2978 = CARTESIAN_POINT ( 'NONE',  ( -2.324999999999999734, -1.840000000000000080, 0.02000000000000000042 ) ) ;
#2979 = STYLED_ITEM ( 'NONE', ( #2760 ), #2058 ) ;
#2980 = LINE ( 'NONE', #3961, #2777 ) ;
#2981 = SURFACE_STYLE_FILL_AREA ( #2230 ) ;
#2982 = VECTOR ( 'NONE', #3251, 1000.000000000000000 ) ;
#2983 = DIRECTION ( 'NONE',  ( 3.942553354492735149E-16, 1.000000000000000000, 0.000000000000000000 ) ) ;
#2984 = CARTESIAN_POINT ( 'NONE',  ( -2.399999999999999911, 1.915000000000000036, 0.000000000000000000 ) ) ;
#2985 = COLOUR_RGB ( '',0.8039215686274510109, 0.8039215686274510109, 0.8039215686274510109 ) ;
#2986 = PRESENTATION_STYLE_ASSIGNMENT (( #3942 ) ) ;
#2987 = EDGE_LOOP ( 'NONE', ( #597, #1909, #2872, #3693 ) ) ;
#2988 = ORIENTED_EDGE ( 'NONE', *, *, #3338, .T. ) ;
#2989 = FILL_AREA_STYLE ('',( #728 ) ) ;
#2990 = ORIENTED_EDGE ( 'NONE', *, *, #640, .F. ) ;
#2991 = CARTESIAN_POINT ( 'NONE',  ( -2.399999999999999911, 1.915000000000000036, 0.1200000000000000094 ) ) ;
#2992 = SURFACE_STYLE_FILL_AREA ( #2965 ) ;
#2993 = EDGE_CURVE ( 'NONE', #2960, #109, #3359, .T. ) ;
#2994 = MECHANICAL_DESIGN_GEOMETRIC_PRESENTATION_REPRESENTATION (  '', ( #3874 ), #110 ) ;
#2995 = DIRECTION ( 'NONE',  ( 0.000000000000000000, 0.000000000000000000, -1.000000000000000000 ) ) ;
#2996 = ADVANCED_FACE ( 'NONE', ( #1407 ), #3557, .F. ) ;
#2997 = VECTOR ( 'NONE', #1269, 1000.000000000000000 ) ;
#2998 = PRESENTATION_LAYER_ASSIGNMENT (  '', '', ( #968 ) ) ;
#2999 = STYLED_ITEM ( 'NONE', ( #3896 ), #1288 ) ;
#3000 = DIRECTION ( 'NONE',  ( 0.000000000000000000, 0.000000000000000000, -1.000000000000000000 ) ) ;
#3001 = ORIENTED_EDGE ( 'NONE', *, *, #3281, .T. ) ;
#3002 = VERTEX_POINT ( 'NONE', #1841 ) ;
#3003 = STYLED_ITEM ( 'NONE', ( #452 ), #1568 ) ;
#3004 =( NAMED_UNIT ( * ) PLANE_ANGLE_UNIT ( ) SI_UNIT ( $, .RADIAN. ) );
#3005 = SURFACE_SIDE_STYLE ('',( #2953 ) ) ;
#3006 = CARTESIAN_POINT ( 'NONE',  ( 2.000000000000000000, -3.239999999999999769, 0.1200000000000000094 ) ) ;
#3007 = ORIENTED_EDGE ( 'NONE', *, *, #4030, .T. ) ;
#3008 = CIRCLE ( 'NONE', #1817, 0.07499999999999998335 ) ;
#3009 = SURFACE_SIDE_STYLE ('',( #3630 ) ) ;
#3010 = FACE_OUTER_BOUND ( 'NONE', #3309, .T. ) ;
#3011 = AXIS2_PLACEMENT_3D ( 'NONE', #4193, #191, #1192 ) ;
#3012 = SURFACE_STYLE_FILL_AREA ( #1676 ) ;
#3013 =( NAMED_UNIT ( * ) PLANE_ANGLE_UNIT ( ) SI_UNIT ( $, .RADIAN. ) );
#3014 =( GEOMETRIC_REPRESENTATION_CONTEXT ( 3 ) GLOBAL_UNCERTAINTY_ASSIGNED_CONTEXT ( ( #3114 ) ) GLOBAL_UNIT_ASSIGNED_CONTEXT ( ( #3421, #141, #1183 ) ) REPRESENTATION_CONTEXT ( 'NONE', 'WORKASPACE' ) );
#3015 = DIRECTION ( 'NONE',  ( 1.000000000000000000, 0.000000000000000000, 0.000000000000000000 ) ) ;
#3016 = EDGE_CURVE ( 'NONE', #1117, #3036, #1196, .T. ) ;
#3017 = AXIS2_PLACEMENT_3D ( 'NONE', #548, #2859, #511 ) ;
#3018 = ORIENTED_EDGE ( 'NONE', *, *, #1752, .T. ) ;
#3019 = EDGE_CURVE ( 'NONE', #3186, #1412, #4187, .T. ) ;
#3020 = ORIENTED_EDGE ( 'NONE', *, *, #2560, .T. ) ;
#3021 = SURFACE_STYLE_USAGE ( .BOTH. , #46 ) ;
#3022 = PRESENTATION_STYLE_ASSIGNMENT (( #1532 ) ) ;
#3023 = LINE ( 'NONE', #2359, #3415 ) ;
#3024 = CARTESIAN_POINT ( 'NONE',  ( -2.399999999999999911, 1.915000000000000036, 0.000000000000000000 ) ) ;
#3025 = EDGE_CURVE ( 'NONE', #2011, #465, #4251, .T. ) ;
#3026 = FILL_AREA_STYLE ('',( #1972 ) ) ;
#3027 = CARTESIAN_POINT ( 'NONE',  ( 2.324999999999999734, -1.915000000000000036, 0.1200000000000000094 ) ) ;
#3028 = COLOUR_RGB ( '',0.2862745098039215508, 0.2862745098039215508, 0.2862745098039215508 ) ;
#3029 = LINE ( 'NONE', #4050, #579 ) ;
#3030 = PRESENTATION_STYLE_ASSIGNMENT (( #3336 ) ) ;
#3031 = CIRCLE ( 'NONE', #1764, 0.05000000000000012768 ) ;
#3032 = LINE ( 'NONE', #1047, #372 ) ;
#3033 =( GEOMETRIC_REPRESENTATION_CONTEXT ( 3 ) GLOBAL_UNCERTAINTY_ASSIGNED_CONTEXT ( ( #2943 ) ) GLOBAL_UNIT_ASSIGNED_CONTEXT ( ( #1660, #3004, #3219 ) ) REPRESENTATION_CONTEXT ( 'NONE', 'WORKASPACE' ) );
#3034 = DIRECTION ( 'NONE',  ( -1.000000000000000000, 1.334402673828316002E-15, 0.000000000000000000 ) ) ;
#3035 = ORIENTED_EDGE ( 'NONE', *, *, #834, .F. ) ;
#3036 = VERTEX_POINT ( 'NONE', #497 ) ;
#3037 = DIRECTION ( 'NONE',  ( 0.000000000000000000, 0.000000000000000000, -1.000000000000000000 ) ) ;
#3038 = CARTESIAN_POINT ( 'NONE',  ( -2.399999999999999911, -3.165000000000000036, 0.1200000000000000094 ) ) ;
#3039 = CARTESIAN_POINT ( 'NONE',  ( 2.324999999999999734, -3.239999999999999769, 0.1200000000000000094 ) ) ;
#3040 = VERTEX_POINT ( 'NONE', #3536 ) ;
#3041 = CARTESIAN_POINT ( 'NONE',  ( 2.399999999999999911, 3.165000000000000036, 0.1200000000000000094 ) ) ;
#3042 = EDGE_CURVE ( 'NONE', #1412, #1471, #2038, .T. ) ;
#3043 = VECTOR ( 'NONE', #2782, 1000.000000000000000 ) ;
#3044 = VECTOR ( 'NONE', #2866, 1000.000000000000000 ) ;
#3045 = SURFACE_STYLE_FILL_AREA ( #1038 ) ;
#3046 = DIRECTION ( 'NONE',  ( 0.000000000000000000, 0.000000000000000000, -1.000000000000000000 ) ) ;
#3047 = SURFACE_SIDE_STYLE ('',( #2366 ) ) ;
#3048 = AXIS2_PLACEMENT_3D ( 'NONE', #3995, #1029, #2043 ) ;
#3050 = VECTOR ( 'NONE', #1862, 1000.000000000000000 ) ;
#3049 = CARTESIAN_POINT ( 'NONE',  ( 2.399999999999999911, 1.915000000000000036, 0.1200000000000000094 ) ) ;
#3051 = COLOUR_RGB ( '',0.8039215686274510109, 0.8039215686274510109, 0.8039215686274510109 ) ;
#3052 =( NAMED_UNIT ( * ) SI_UNIT ( $, .STERADIAN. ) SOLID_ANGLE_UNIT ( ) );
#3053 = ORIENTED_EDGE ( 'NONE', *, *, #2266, .T. ) ;
#3054 = VERTEX_POINT ( 'NONE', #2801 ) ;
#3055 =( LENGTH_UNIT ( ) NAMED_UNIT ( * ) SI_UNIT ( .MILLI., .METRE. ) );
#3056 = SURFACE_SIDE_STYLE ('',( #3377 ) ) ;
#3057 = LINE ( 'NONE', #14, #331 ) ;
#3058 = EDGE_LOOP ( 'NONE', ( #3143, #1576, #1005, #2545 ) ) ;
#3059 = MECHANICAL_DESIGN_GEOMETRIC_PRESENTATION_REPRESENTATION (  '', ( #4313 ), #2496 ) ;
#3060 = CARTESIAN_POINT ( 'NONE',  ( 2.324999999999999734, 3.239999999999999769, 0.1200000000000000094 ) ) ;
#3061 = CARTESIAN_POINT ( 'NONE',  ( 2.324999999999999734, 3.165000000000000036, 0.000000000000000000 ) ) ;
#3062 = CARTESIAN_POINT ( 'NONE',  ( 2.399999999999999911, -1.915000000000000036, 0.1200000000000000094 ) ) ;
#3063 = EDGE_CURVE ( 'NONE', #3290, #965, #1514, .T. ) ;
#3064 = ORIENTED_EDGE ( 'NONE', *, *, #1588, .T. ) ;
#3065 = ADVANCED_FACE ( 'NONE', ( #473 ), #2214, .F. ) ;
#3066 =( LENGTH_UNIT ( ) NAMED_UNIT ( * ) SI_UNIT ( .MILLI., .METRE. ) );
#3067 = CARTESIAN_POINT ( 'NONE',  ( -2.324999999999999734, -1.840000000000000080, 0.1200000000000000094 ) ) ;
#3068 =( LENGTH_UNIT ( ) NAMED_UNIT ( * ) SI_UNIT ( .MILLI., .METRE. ) );
#3069 = PLANE ( 'NONE',  #25 ) ;
#3070 =( LENGTH_UNIT ( ) NAMED_UNIT ( * ) SI_UNIT ( .MILLI., .METRE. ) );
#3071 = VECTOR ( 'NONE', #23, 1000.000000000000000 ) ;
#3072 =( GEOMETRIC_REPRESENTATION_CONTEXT ( 3 ) GLOBAL_UNCERTAINTY_ASSIGNED_CONTEXT ( ( #620 ) ) GLOBAL_UNIT_ASSIGNED_CONTEXT ( ( #857, #1793, #4189 ) ) REPRESENTATION_CONTEXT ( 'NONE', 'WORKASPACE' ) );
#3073 = ORIENTED_EDGE ( 'NONE', *, *, #2081, .F. ) ;
#3074 = AXIS2_PLACEMENT_3D ( 'NONE', #2477, #1775, #3133 ) ;
#3075 = ORIENTED_EDGE ( 'NONE', *, *, #2903, .T. ) ;
#3076 = SURFACE_SIDE_STYLE ('',( #1011 ) ) ;
#3077 = PRESENTATION_LAYER_ASSIGNMENT (  '', '', ( #4112 ) ) ;
#3078 = PRESENTATION_LAYER_ASSIGNMENT (  '', '', ( #1824 ) ) ;
#3079 = EDGE_LOOP ( 'NONE', ( #3635, #235, #2123, #1878, #3329, #1577, #1294, #3706 ) ) ;
#3080 = DIRECTION ( 'NONE',  ( 0.000000000000000000, -1.000000000000000000, 0.000000000000000000 ) ) ;
#3081 = UNCERTAINTY_MEASURE_WITH_UNIT (LENGTH_MEASURE( 1.000000000000000082E-05 ), #3169, 'distance_accuracy_value', 'NONE');
#3082 = AXIS2_PLACEMENT_3D ( 'NONE', #285, #1896, #3567 ) ;
#3083 = DIRECTION ( 'NONE',  ( 1.000000000000000000, 0.000000000000000000, 0.000000000000000000 ) ) ;
#3084 =( NAMED_UNIT ( * ) SI_UNIT ( $, .STERADIAN. ) SOLID_ANGLE_UNIT ( ) );
#3085 =( NAMED_UNIT ( * ) PLANE_ANGLE_UNIT ( ) SI_UNIT ( $, .RADIAN. ) );
#3086 = SURFACE_SIDE_STYLE ('',( #1750 ) ) ;
#3087 = EDGE_CURVE ( 'NONE', #1908, #861, #1819, .T. ) ;
#3088 = SURFACE_SIDE_STYLE ('',( #2959 ) ) ;
#3089 = AXIS2_PLACEMENT_3D ( 'NONE', #3613, #1241, #2967 ) ;
#3090 = EDGE_CURVE ( 'NONE', #1622, #2573, #3810, .T. ) ;
#3091 = DIRECTION ( 'NONE',  ( 0.000000000000000000, 0.000000000000000000, -1.000000000000000000 ) ) ;
#3092 = FILL_AREA_STYLE_COLOUR ( '', #1480 ) ;
#3093 = ORIENTED_EDGE ( 'NONE', *, *, #804, .F. ) ;
#3094 = STYLED_ITEM ( 'NONE', ( #1627 ), #3639 ) ;
#3095 = ORIENTED_EDGE ( 'NONE', *, *, #552, .F. ) ;
#3096 = SURFACE_STYLE_FILL_AREA ( #2416 ) ;
#3097 = AXIS2_PLACEMENT_3D ( 'NONE', #4119, #106, #2826 ) ;
#3098 = DIRECTION ( 'NONE',  ( 1.000000000000000000, 0.000000000000000000, 0.000000000000000000 ) ) ;
#3099 = CIRCLE ( 'NONE', #1219, 0.7000000000000000666 ) ;
#3100 = DIRECTION ( 'NONE',  ( 0.000000000000000000, 0.000000000000000000, -1.000000000000000000 ) ) ;
#3101 =( GEOMETRIC_REPRESENTATION_CONTEXT ( 3 ) GLOBAL_UNCERTAINTY_ASSIGNED_CONTEXT ( ( #1677 ) ) GLOBAL_UNIT_ASSIGNED_CONTEXT ( ( #2920, #1857, #584 ) ) REPRESENTATION_CONTEXT ( 'NONE', 'WORKASPACE' ) );
#3102 = VERTEX_POINT ( 'NONE', #1323 ) ;
#3103 = LINE ( 'NONE', #2695, #1988 ) ;
#3104 = AXIS2_PLACEMENT_3D ( 'NONE', #9, #1126, #1351 ) ;
#3105 = FILL_AREA_STYLE ('',( #2192 ) ) ;
#3106 = PRESENTATION_STYLE_ASSIGNMENT (( #4049 ) ) ;
#3107 = CARTESIAN_POINT ( 'NONE',  ( -2.449999999999999734, -3.449999999999999734, 0.06999999999999999278 ) ) ;
#3108 = PRESENTATION_STYLE_ASSIGNMENT (( #2473 ) ) ;
#3109 = PRESENTATION_LAYER_ASSIGNMENT (  '', '', ( #1782 ) ) ;
#3110 = CARTESIAN_POINT ( 'NONE',  ( 2.449999999999999734, -3.449999999999999734, 1.000000000000000000 ) ) ;
#3111 =( NAMED_UNIT ( * ) PLANE_ANGLE_UNIT ( ) SI_UNIT ( $, .RADIAN. ) );
#3112 = CARTESIAN_POINT ( 'NONE',  ( -2.399999999999999911, -1.915000000000000036, 0.000000000000000000 ) ) ;
#3113 = AXIS2_PLACEMENT_3D ( 'NONE', #70, #382, #1396 ) ;
#3114 = UNCERTAINTY_MEASURE_WITH_UNIT (LENGTH_MEASURE( 1.000000000000000082E-05 ), #3421, 'distance_accuracy_value', 'NONE');
#3115 = SURFACE_SIDE_STYLE ('',( #3156 ) ) ;
#3116 = STYLED_ITEM ( 'NONE', ( #3237 ), #1731 ) ;
#3117 = ORIENTED_EDGE ( 'NONE', *, *, #2346, .F. ) ;
#3118 = ADVANCED_FACE ( 'NONE', ( #3266 ), #945, .T. ) ;
#3119 = ORIENTED_EDGE ( 'NONE', *, *, #1864, .F. ) ;
#3120 = ADVANCED_FACE ( 'NONE', ( #1641 ), #996, .F. ) ;
#3121 =( LENGTH_UNIT ( ) NAMED_UNIT ( * ) SI_UNIT ( .MILLI., .METRE. ) );
#3122 = CARTESIAN_POINT ( 'NONE',  ( 2.399999999999999911, 1.915000000000000036, 0.1200000000000000094 ) ) ;
#3123 = FACE_OUTER_BOUND ( 'NONE', #2486, .T. ) ;
#3124 = EDGE_LOOP ( 'NONE', ( #3385, #4082, #4059, #2789, #1111, #2878, #2026 ) ) ;
#3125 = FILL_AREA_STYLE_COLOUR ( '', #641 ) ;
#3126 = PRESENTATION_LAYER_ASSIGNMENT (  '', '', ( #690 ) ) ;
#3127 = VECTOR ( 'NONE', #2698, 1000.000000000000000 ) ;
#3128 = DIRECTION ( 'NONE',  ( 1.000000000000000000, -7.434529182757750325E-16, 0.000000000000000000 ) ) ;
#3129 = DIRECTION ( 'NONE',  ( -1.000000000000000000, 0.000000000000000000, 0.000000000000000000 ) ) ;
#3130 = AXIS2_PLACEMENT_3D ( 'NONE', #8, #1601, #2845 ) ;
#3131 = DIRECTION ( 'NONE',  ( 0.000000000000000000, 0.000000000000000000, -1.000000000000000000 ) ) ;
#3132 = DIRECTION ( 'NONE',  ( 0.000000000000000000, 1.000000000000000000, 1.734723475976805201E-14 ) ) ;
#3133 = DIRECTION ( 'NONE',  ( 0.000000000000000000, 0.000000000000000000, 1.000000000000000000 ) ) ;
#3134 = CARTESIAN_POINT ( 'NONE',  ( 2.324999999999999734, -3.239999999999999769, 0.000000000000000000 ) ) ;
#3135 = FILL_AREA_STYLE ('',( #463 ) ) ;
#3136 = EDGE_LOOP ( 'NONE', ( #701, #4258, #1538, #3241 ) ) ;
#3137 = LINE ( 'NONE', #2141, #4121 ) ;
#3138 = AXIS2_PLACEMENT_3D ( 'NONE', #538, #2287, #4200 ) ;
#3139 = FACE_OUTER_BOUND ( 'NONE', #663, .T. ) ;
#3140 = DIRECTION ( 'NONE',  ( 1.000000000000000000, 0.000000000000000000, 0.000000000000000000 ) ) ;
#3141 = ADVANCED_FACE ( 'NONE', ( #3285 ), #1949, .F. ) ;
#3142 = VECTOR ( 'NONE', #845, 1000.000000000000000 ) ;
#3143 = ORIENTED_EDGE ( 'NONE', *, *, #557, .T. ) ;
#3144 = CARTESIAN_POINT ( 'NONE',  ( 2.324999999999999734, -1.840000000000000080, 0.02000000000000000042 ) ) ;
#3145 = CIRCLE ( 'NONE', #1272, 0.07499999999999998335 ) ;
#3146 = EDGE_CURVE ( 'NONE', #792, #3279, #2714, .T. ) ;
#3147 = CARTESIAN_POINT ( 'NONE',  ( -2.324999999999999734, -3.239999999999999769, 0.1200000000000000094 ) ) ;
#3148 = LINE ( 'NONE', #3450, #2887 ) ;
#3149 = CARTESIAN_POINT ( 'NONE',  ( -2.399999999999999911, 1.915000000000000036, 0.1200000000000000094 ) ) ;
#3150 = PRESENTATION_LAYER_ASSIGNMENT (  '', '', ( #648 ) ) ;
#3151 =( NAMED_UNIT ( * ) SI_UNIT ( $, .STERADIAN. ) SOLID_ANGLE_UNIT ( ) );
#3152 = CARTESIAN_POINT ( 'NONE',  ( -2.500000000000000000, -3.500000000000000000, 1.000000000000000000 ) ) ;
#3153 =( NAMED_UNIT ( * ) SI_UNIT ( $, .STERADIAN. ) SOLID_ANGLE_UNIT ( ) );
#3154 = UNCERTAINTY_MEASURE_WITH_UNIT (LENGTH_MEASURE( 1.000000000000000082E-05 ), #3066, 'distance_accuracy_value', 'NONE');
#3155 = CARTESIAN_POINT ( 'NONE',  ( 1.300000000000000044, -1.989999999999999991, 0.1200000000000000094 ) ) ;
#3156 = SURFACE_STYLE_FILL_AREA ( #3818 ) ;
#3157 = ORIENTED_EDGE ( 'NONE', *, *, #2874, .T. ) ;
#3158 = CARTESIAN_POINT ( 'NONE',  ( -2.324999999999999734, 3.165000000000000036, 0.1200000000000000094 ) ) ;
#3159 = FILL_AREA_STYLE ('',( #1484 ) ) ;
#3160 =( NAMED_UNIT ( * ) PLANE_ANGLE_UNIT ( ) SI_UNIT ( $, .RADIAN. ) );
#3161 = COLOUR_RGB ( '',0.8039215686274510109, 0.8039215686274510109, 0.8039215686274510109 ) ;
#3162 = ORIENTED_EDGE ( 'NONE', *, *, #1205, .F. ) ;
#3163 = FILL_AREA_STYLE ('',( #2463 ) ) ;
#3164 = PLANE ( 'NONE',  #850 ) ;
#3165 = UNCERTAINTY_MEASURE_WITH_UNIT (LENGTH_MEASURE( 1.000000000000000082E-05 ), #3197, 'distance_accuracy_value', 'NONE');
#3166 = STYLED_ITEM ( 'NONE', ( #4301 ), #4203 ) ;
#3167 = SURFACE_SIDE_STYLE ('',( #2774 ) ) ;
#3168 = EDGE_CURVE ( 'NONE', #1069, #2691, #4093, .T. ) ;
#3169 =( LENGTH_UNIT ( ) NAMED_UNIT ( * ) SI_UNIT ( .MILLI., .METRE. ) );
#3170 = MECHANICAL_DESIGN_GEOMETRIC_PRESENTATION_REPRESENTATION (  '', ( #4073 ), #2625 ) ;
#3171 = DIRECTION ( 'NONE',  ( 0.000000000000000000, 1.000000000000000000, 0.000000000000000000 ) ) ;
#3172 = FILL_AREA_STYLE_COLOUR ( '', #2834 ) ;
#3173 = ORIENTED_EDGE ( 'NONE', *, *, #307, .F. ) ;
#3174 = COLOUR_RGB ( '',0.2862745098039215508, 0.2862745098039215508, 0.2862745098039215508 ) ;
#3175 = PRESENTATION_STYLE_ASSIGNMENT (( #1537 ) ) ;
#3176 = AXIS2_PLACEMENT_3D ( 'NONE', #890, #1959, #2569 ) ;
#3177 = FILL_AREA_STYLE ('',( #2831 ) ) ;
#3178 = ORIENTED_EDGE ( 'NONE', *, *, #2560, .F. ) ;
#3179 = MECHANICAL_DESIGN_GEOMETRIC_PRESENTATION_REPRESENTATION (  '', ( #744 ), #312 ) ;
#3180 =( LENGTH_UNIT ( ) NAMED_UNIT ( * ) SI_UNIT ( .MILLI., .METRE. ) );
#3181 = SURFACE_STYLE_USAGE ( .BOTH. , #3504 ) ;
#3182 = FACE_BOUND ( 'NONE', #3079, .T. ) ;
#3183 = LINE ( 'NONE', #4180, #1511 ) ;
#3184 =( LENGTH_UNIT ( ) NAMED_UNIT ( * ) SI_UNIT ( .MILLI., .METRE. ) );
#3185 = STYLED_ITEM ( 'NONE', ( #3106 ), #1650 ) ;
#3186 = VERTEX_POINT ( 'NONE', #3738 ) ;
#3187 = DIRECTION ( 'NONE',  ( 1.334402673828316002E-15, 1.000000000000000000, 0.000000000000000000 ) ) ;
#3188 =( NAMED_UNIT ( * ) SI_UNIT ( $, .STERADIAN. ) SOLID_ANGLE_UNIT ( ) );
#3189 = CARTESIAN_POINT ( 'NONE',  ( 2.000000000000000000, -3.239999999999999769, 0.1200000000000000094 ) ) ;
#3190 = SURFACE_STYLE_FILL_AREA ( #549 ) ;
#3191 =( NAMED_UNIT ( * ) PLANE_ANGLE_UNIT ( ) SI_UNIT ( $, .RADIAN. ) );
#3192 = CARTESIAN_POINT ( 'NONE',  ( -2.399999999999999911, -3.165000000000000036, 0.1200000000000000094 ) ) ;
#3193 = STYLED_ITEM ( 'NONE', ( #3507 ), #490 ) ;
#3194 = COLOUR_RGB ( '',0.2862745098039215508, 0.2862745098039215508, 0.2862745098039215508 ) ;
#3195 = EDGE_CURVE ( 'NONE', #3626, #1908, #3099, .T. ) ;
#3196 = EDGE_CURVE ( 'NONE', #516, #2890, #2100, .T. ) ;
#3197 =( LENGTH_UNIT ( ) NAMED_UNIT ( * ) SI_UNIT ( .MILLI., .METRE. ) );
#3198 = COLOUR_RGB ( '',0.2862745098039215508, 0.2862745098039215508, 0.2862745098039215508 ) ;
#3199 = COLOUR_RGB ( '',0.8039215686274510109, 0.8039215686274510109, 0.8039215686274510109 ) ;
#3200 = ORIENTED_EDGE ( 'NONE', *, *, #2793, .T. ) ;
#3201 =( LENGTH_UNIT ( ) NAMED_UNIT ( * ) SI_UNIT ( .MILLI., .METRE. ) );
#3202 = FILL_AREA_STYLE_COLOUR ( '', #1999 ) ;
#3203 = EDGE_CURVE ( 'NONE', #3546, #67, #3715, .T. ) ;
#3204 = EDGE_LOOP ( 'NONE', ( #1306, #951, #2072, #4249 ) ) ;
#3205 = ORIENTED_EDGE ( 'NONE', *, *, #2160, .T. ) ;
#3206 = DIRECTION ( 'NONE',  ( 0.000000000000000000, 0.000000000000000000, -1.000000000000000000 ) ) ;
#3207 = DIRECTION ( 'NONE',  ( -1.000000000000000000, 0.000000000000000000, 0.000000000000000000 ) ) ;
#3208 =( GEOMETRIC_REPRESENTATION_CONTEXT ( 3 ) GLOBAL_UNCERTAINTY_ASSIGNED_CONTEXT ( ( #3243 ) ) GLOBAL_UNIT_ASSIGNED_CONTEXT ( ( #4111, #2120, #4154 ) ) REPRESENTATION_CONTEXT ( 'NONE', 'WORKASPACE' ) );
#3209 = SURFACE_STYLE_USAGE ( .BOTH. , #795 ) ;
#3210 =( LENGTH_UNIT ( ) NAMED_UNIT ( * ) SI_UNIT ( .MILLI., .METRE. ) );
#3211 = VERTEX_POINT ( 'NONE', #1057 ) ;
#3212 = PLANE ( 'NONE',  #3918 ) ;
#3213 = PLANE ( 'NONE',  #664 ) ;
#3214 = COLOUR_RGB ( '',0.2862745098039215508, 0.2862745098039215508, 0.2862745098039215508 ) ;
#3215 = DIRECTION ( 'NONE',  ( 0.000000000000000000, 0.000000000000000000, -1.000000000000000000 ) ) ;
#3216 = SURFACE_STYLE_USAGE ( .BOTH. , #4211 ) ;
#3217 = FILL_AREA_STYLE_COLOUR ( '', #62 ) ;
#3218 =( GEOMETRIC_REPRESENTATION_CONTEXT ( 3 ) GLOBAL_UNCERTAINTY_ASSIGNED_CONTEXT ( ( #437 ) ) GLOBAL_UNIT_ASSIGNED_CONTEXT ( ( #773, #2188, #3513 ) ) REPRESENTATION_CONTEXT ( 'NONE', 'WORKASPACE' ) );
#3219 =( NAMED_UNIT ( * ) SI_UNIT ( $, .STERADIAN. ) SOLID_ANGLE_UNIT ( ) );
#3221 = CIRCLE ( 'NONE', #981, 0.7000000000000000666 ) ;
#3220 = PRESENTATION_STYLE_ASSIGNMENT (( #3899 ) ) ;
#3222 = PLANE ( 'NONE',  #3074 ) ;
#3223 = FACE_BOUND ( 'NONE', #3868, .T. ) ;
#3224 = ORIENTED_EDGE ( 'NONE', *, *, #695, .T. ) ;
#3225 = FACE_OUTER_BOUND ( 'NONE', #3966, .T. ) ;
#3226 = SURFACE_SIDE_STYLE ('',( #3272 ) ) ;
#3227 = ORIENTED_EDGE ( 'NONE', *, *, #357, .T. ) ;
#3228 = FILL_AREA_STYLE_COLOUR ( '', #2220 ) ;
#3229 = EDGE_CURVE ( 'NONE', #572, #3102, #937, .T. ) ;
#3230 = SURFACE_STYLE_USAGE ( .BOTH. , #562 ) ;
#3231 = CARTESIAN_POINT ( 'NONE',  ( -2.399999999999999911, 1.915000000000000036, 0.1200000000000000094 ) ) ;
#3232 = CARTESIAN_POINT ( 'NONE',  ( 2.324999999999999734, 1.840000000000000080, 0.1200000000000000094 ) ) ;
#3233 = ORIENTED_EDGE ( 'NONE', *, *, #1119, .F. ) ;
#3234 = DIRECTION ( 'NONE',  ( 0.000000000000000000, 0.000000000000000000, -1.000000000000000000 ) ) ;
#3235 = COLOUR_RGB ( '',0.2862745098039215508, 0.2862745098039215508, 0.2862745098039215508 ) ;
#3236 = VECTOR ( 'NONE', #1440, 1000.000000000000000 ) ;
#3237 = PRESENTATION_STYLE_ASSIGNMENT (( #3216 ) ) ;
#3238 = SURFACE_STYLE_USAGE ( .BOTH. , #3005 ) ;
#3239 = COLOUR_RGB ( '',0.2862745098039215508, 0.2862745098039215508, 0.2862745098039215508 ) ;
#3240 = ORIENTED_EDGE ( 'NONE', *, *, #3873, .T. ) ;
#3241 = ORIENTED_EDGE ( 'NONE', *, *, #1751, .T. ) ;
#3242 = FILL_AREA_STYLE ('',( #1308 ) ) ;
#3243 = UNCERTAINTY_MEASURE_WITH_UNIT (LENGTH_MEASURE( 1.000000000000000082E-05 ), #4111, 'distance_accuracy_value', 'NONE');
#3244 = SURFACE_SIDE_STYLE ('',( #1910 ) ) ;
#3245 = MECHANICAL_DESIGN_GEOMETRIC_PRESENTATION_REPRESENTATION (  '', ( #813 ), #872 ) ;
#3246 = ORIENTED_EDGE ( 'NONE', *, *, #2079, .T. ) ;
#3247 =( GEOMETRIC_REPRESENTATION_CONTEXT ( 3 ) GLOBAL_UNCERTAINTY_ASSIGNED_CONTEXT ( ( #2165 ) ) GLOBAL_UNIT_ASSIGNED_CONTEXT ( ( #1600, #3865, #2937 ) ) REPRESENTATION_CONTEXT ( 'NONE', 'WORKASPACE' ) );
#3248 =( NAMED_UNIT ( * ) PLANE_ANGLE_UNIT ( ) SI_UNIT ( $, .RADIAN. ) );
#3249 = DIRECTION ( 'NONE',  ( 1.000000000000000000, 0.000000000000000000, 0.000000000000000000 ) ) ;
#3250 = CARTESIAN_POINT ( 'NONE',  ( 1.300000000000000044, 2.540000000000000036, 0.1200000000000000094 ) ) ;
#3251 = DIRECTION ( 'NONE',  ( 0.000000000000000000, 0.000000000000000000, -1.000000000000000000 ) ) ;
#3252 = EDGE_CURVE ( 'NONE', #3929, #3608, #1765, .T. ) ;
#3253 = AXIS2_PLACEMENT_3D ( 'NONE', #3122, #3140, #1832 ) ;
#3254 = VERTEX_POINT ( 'NONE', #2399 ) ;
#3255 = EDGE_CURVE ( 'NONE', #4114, #48, #2363, .T. ) ;
#3256 = FACE_OUTER_BOUND ( 'NONE', #1551, .T. ) ;
#3257 = SURFACE_STYLE_FILL_AREA ( #4273 ) ;
#3258 = MECHANICAL_DESIGN_GEOMETRIC_PRESENTATION_REPRESENTATION (  '', ( #3794 ), #601 ) ;
#3259 = CIRCLE ( 'NONE', #750, 0.2499999999999997780 ) ;
#3260 = UNCERTAINTY_MEASURE_WITH_UNIT (LENGTH_MEASURE( 1.000000000000000082E-05 ), #680, 'distance_accuracy_value', 'NONE');
#3261 = DIRECTION ( 'NONE',  ( 1.000000000000000000, 6.672013369141570147E-16, 0.000000000000000000 ) ) ;
#3262 = SURFACE_STYLE_USAGE ( .BOTH. , #588 ) ;
#3263 = SURFACE_STYLE_FILL_AREA ( #3575 ) ;
#3264 = CIRCLE ( 'NONE', #3456, 0.07499999999999998335 ) ;
#3265 = CARTESIAN_POINT ( 'NONE',  ( 2.000000000000000000, -2.540000000000000036, 0.1200000000000000094 ) ) ;
#3266 = FACE_OUTER_BOUND ( 'NONE', #10, .T. ) ;
#3267 = SURFACE_STYLE_USAGE ( .BOTH. , #233 ) ;
#3268 = ORIENTED_EDGE ( 'NONE', *, *, #988, .T. ) ;
#3269 = CARTESIAN_POINT ( 'NONE',  ( 2.500000000000000000, -3.449999999999999734, 1.000000000000000000 ) ) ;
#3270 = ORIENTED_EDGE ( 'NONE', *, *, #2472, .F. ) ;
#3271 = SURFACE_STYLE_USAGE ( .BOTH. , #885 ) ;
#3272 = SURFACE_STYLE_FILL_AREA ( #3924 ) ;
#3273 = STYLED_ITEM ( 'NONE', ( #4254 ), #1254 ) ;
#3274 = CYLINDRICAL_SURFACE ( 'NONE', #431, 0.07499999999999998335 ) ;
#3275 = VECTOR ( 'NONE', #1686, 1000.000000000000000 ) ;
#3276 = ORIENTED_EDGE ( 'NONE', *, *, #2105, .T. ) ;
#3277 = CYLINDRICAL_SURFACE ( 'NONE', #3130, 0.07499999999999998335 ) ;
#3278 = ORIENTED_EDGE ( 'NONE', *, *, #607, .T. ) ;
#3279 = VERTEX_POINT ( 'NONE', #4024 ) ;
#3280 = FACE_OUTER_BOUND ( 'NONE', #1630, .T. ) ;
#3281 = EDGE_CURVE ( 'NONE', #4269, #4182, #3103, .T. ) ;
#3282 = PRESENTATION_STYLE_ASSIGNMENT (( #1616 ) ) ;
#3283 = CARTESIAN_POINT ( 'NONE',  ( 2.449999999999999734, 3.500000000000000000, 1.050000000000000044 ) ) ;
#3284 = SURFACE_STYLE_FILL_AREA ( #3026 ) ;
#3285 = FACE_OUTER_BOUND ( 'NONE', #3994, .T. ) ;
#3286 = ADVANCED_FACE ( 'NONE', ( #749 ), #2772, .F. ) ;
#3287 =( GEOMETRIC_REPRESENTATION_CONTEXT ( 3 ) GLOBAL_UNCERTAINTY_ASSIGNED_CONTEXT ( ( #3806 ) ) GLOBAL_UNIT_ASSIGNED_CONTEXT ( ( #4077, #1169, #2111 ) ) REPRESENTATION_CONTEXT ( 'NONE', 'WORKASPACE' ) );
#3288 = LINE ( 'NONE', #2984, #1322 ) ;
#3289 = COLOUR_RGB ( '',0.8039215686274510109, 0.8039215686274510109, 0.8039215686274510109 ) ;
#3290 = VERTEX_POINT ( 'NONE', #3060 ) ;
#3291 = EDGE_CURVE ( 'NONE', #684, #572, #50, .T. ) ;
#3292 = DIRECTION ( 'NONE',  ( 1.000000000000000000, 0.000000000000000000, 0.000000000000000000 ) ) ;
#3293 = ORIENTED_EDGE ( 'NONE', *, *, #3511, .T. ) ;
#3294 = CARTESIAN_POINT ( 'NONE',  ( 1.300000000000000044, 2.540000000000000036, 0.1200000000000000094 ) ) ;
#3295 = UNCERTAINTY_MEASURE_WITH_UNIT (LENGTH_MEASURE( 1.000000000000000082E-05 ), #3374, 'distance_accuracy_value', 'NONE');
#3296 = AXIS2_PLACEMENT_3D ( 'NONE', #207, #2559, #3129 ) ;
#3297 = FILL_AREA_STYLE ('',( #22 ) ) ;
#3298 =( NAMED_UNIT ( * ) PLANE_ANGLE_UNIT ( ) SI_UNIT ( $, .RADIAN. ) );
#3299 = COLOUR_RGB ( '',0.2862745098039215508, 0.2862745098039215508, 0.2862745098039215508 ) ;
#3300 = CARTESIAN_POINT ( 'NONE',  ( 2.399999999999999911, -1.915000000000000036, 0.1200000000000000094 ) ) ;
#3301 = CARTESIAN_POINT ( 'NONE',  ( -2.324999999999999734, 3.165000000000000036, 0.1200000000000000094 ) ) ;
#3302 = FILL_AREA_STYLE ('',( #2289 ) ) ;
#3303 = ORIENTED_EDGE ( 'NONE', *, *, #746, .F. ) ;
#3304 = ORIENTED_EDGE ( 'NONE', *, *, #1075, .T. ) ;
#3305 = FILL_AREA_STYLE_COLOUR ( '', #1145 ) ;
#3306 = UNCERTAINTY_MEASURE_WITH_UNIT (LENGTH_MEASURE( 1.000000000000000082E-05 ), #578, 'distance_accuracy_value', 'NONE');
#3307 = SURFACE_SIDE_STYLE ('',( #2949 ) ) ;
#3308 = DIRECTION ( 'NONE',  ( 0.000000000000000000, 0.000000000000000000, -1.000000000000000000 ) ) ;
#3309 = EDGE_LOOP ( 'NONE', ( #3508, #3380, #4041 ) ) ;
#3310 = CIRCLE ( 'NONE', #722, 0.07499999999999998335 ) ;
#3311 = STYLED_ITEM ( 'NONE', ( #2484 ), #781 ) ;
#3312 = AXIS2_PLACEMENT_3D ( 'NONE', #1347, #4315, #2664 ) ;
#3313 = LINE ( 'NONE', #1573, #1800 ) ;
#3314 = ADVANCED_FACE ( 'NONE', ( #2856 ), #471, .T. ) ;
#3315 = EDGE_CURVE ( 'NONE', #3841, #1412, #1553, .T. ) ;
#3316 = EDGE_LOOP ( 'NONE', ( #3224, #1856, #4047, #742 ) ) ;
#3317 = DIRECTION ( 'NONE',  ( 0.000000000000000000, 0.000000000000000000, -1.000000000000000000 ) ) ;
#3318 = VERTEX_POINT ( 'NONE', #4185 ) ;
#3319 =( GEOMETRIC_REPRESENTATION_CONTEXT ( 3 ) GLOBAL_UNCERTAINTY_ASSIGNED_CONTEXT ( ( #586 ) ) GLOBAL_UNIT_ASSIGNED_CONTEXT ( ( #798, #3510, #3188 ) ) REPRESENTATION_CONTEXT ( 'NONE', 'WORKASPACE' ) );
#3320 = SURFACE_STYLE_USAGE ( .BOTH. , #1024 ) ;
#3321 =( NAMED_UNIT ( * ) PLANE_ANGLE_UNIT ( ) SI_UNIT ( $, .RADIAN. ) );
#3322 = CARTESIAN_POINT ( 'NONE',  ( -2.399999999999999911, -3.165000000000000036, 0.000000000000000000 ) ) ;
#3323 = LINE ( 'NONE', #2648, #1092 ) ;
#3324 = ORIENTED_EDGE ( 'NONE', *, *, #3252, .F. ) ;
#3325 = STYLED_ITEM ( 'NONE', ( #3433 ), #1971 ) ;
#3326 = ORIENTED_EDGE ( 'NONE', *, *, #1335, .F. ) ;
#3327 = CIRCLE ( 'NONE', #3711, 0.07499999999999998335 ) ;
#3328 = FACE_OUTER_BOUND ( 'NONE', #4017, .T. ) ;
#3329 = ORIENTED_EDGE ( 'NONE', *, *, #3340, .F. ) ;
#3330 = AXIS2_PLACEMENT_3D ( 'NONE', #580, #3910, #4295 ) ;
#3331 =( NAMED_UNIT ( * ) PLANE_ANGLE_UNIT ( ) SI_UNIT ( $, .RADIAN. ) );
#3332 = ORIENTED_EDGE ( 'NONE', *, *, #4173, .F. ) ;
#3333 = CYLINDRICAL_SURFACE ( 'NONE', #3558, 0.05000000000000002359 ) ;
#3334 = PRESENTATION_STYLE_ASSIGNMENT (( #390 ) ) ;
#3335 = EDGE_CURVE ( 'NONE', #1758, #1282, #2881, .T. ) ;
#3336 = SURFACE_STYLE_USAGE ( .BOTH. , #3009 ) ;
#3337 = SPHERICAL_SURFACE ( 'NONE', #117, 0.05000000000000000278 ) ;
#3338 = EDGE_CURVE ( 'NONE', #491, #3943, #3851, .T. ) ;
#3339 = CARTESIAN_POINT ( 'NONE',  ( 2.324999999999999734, 1.840000000000000080, 0.02000000000000000042 ) ) ;
#3340 = EDGE_CURVE ( 'NONE', #1716, #2260, #2187, .T. ) ;
#3341 = FACE_OUTER_BOUND ( 'NONE', #1648, .T. ) ;
#3342 = ORIENTED_EDGE ( 'NONE', *, *, #3686, .F. ) ;
#3343 = ORIENTED_EDGE ( 'NONE', *, *, #2619, .T. ) ;
#3344 = AXIS2_PLACEMENT_3D ( 'NONE', #353, #2761, #1125 ) ;
#3345 = VECTOR ( 'NONE', #1012, 1000.000000000000000 ) ;
#3346 = CARTESIAN_POINT ( 'NONE',  ( 2.324999999999999734, -1.915000000000000036, 0.02000000000000000042 ) ) ;
#3347 = CARTESIAN_POINT ( 'NONE',  ( 2.324999999999999734, -1.840000000000000080, 0.1200000000000000094 ) ) ;
#3348 = ORIENTED_EDGE ( 'NONE', *, *, #163, .T. ) ;
#3349 = DIRECTION ( 'NONE',  ( 0.000000000000000000, 0.000000000000000000, -1.000000000000000000 ) ) ;
#3350 =( NAMED_UNIT ( * ) PLANE_ANGLE_UNIT ( ) SI_UNIT ( $, .RADIAN. ) );
#3351 = ORIENTED_EDGE ( 'NONE', *, *, #1382, .F. ) ;
#3352 = FACE_OUTER_BOUND ( 'NONE', #282, .T. ) ;
#3353 = STYLED_ITEM ( 'NONE', ( #1607 ), #830 ) ;
#3354 = CARTESIAN_POINT ( 'NONE',  ( 1.449999999999999956, -1.840000000000000080, 0.1200000000000000094 ) ) ;
#3355 = VECTOR ( 'NONE', #3695, 1000.000000000000000 ) ;
#3356 =( GEOMETRIC_REPRESENTATION_CONTEXT ( 3 ) GLOBAL_UNCERTAINTY_ASSIGNED_CONTEXT ( ( #3165 ) ) GLOBAL_UNIT_ASSIGNED_CONTEXT ( ( #3197, #208, #503 ) ) REPRESENTATION_CONTEXT ( 'NONE', 'WORKASPACE' ) );
#3357 =( GEOMETRIC_REPRESENTATION_CONTEXT ( 3 ) GLOBAL_UNCERTAINTY_ASSIGNED_CONTEXT ( ( #101 ) ) GLOBAL_UNIT_ASSIGNED_CONTEXT ( ( #3861, #4216, #1213 ) ) REPRESENTATION_CONTEXT ( 'NONE', 'WORKASPACE' ) );
#3358 = FILL_AREA_STYLE ('',( #700 ) ) ;
#3359 = CIRCLE ( 'NONE', #3017, 0.04999999999999991257 ) ;
#3360 = ORIENTED_EDGE ( 'NONE', *, *, #1228, .F. ) ;
#3361 = ADVANCED_FACE ( 'NONE', ( #139 ), #3213, .F. ) ;
#3362 = VERTEX_POINT ( 'NONE', #1137 ) ;
#3363 = DIRECTION ( 'NONE',  ( 0.000000000000000000, 0.000000000000000000, -1.000000000000000000 ) ) ;
#3364 = ORIENTED_EDGE ( 'NONE', *, *, #4095, .T. ) ;
#3365 = SURFACE_STYLE_FILL_AREA ( #1118 ) ;
#3366 = DIRECTION ( 'NONE',  ( 0.000000000000000000, 0.000000000000000000, 1.000000000000000000 ) ) ;
#3367 = EDGE_LOOP ( 'NONE', ( #1434, #92, #3614, #905, #1658, #3827 ) ) ;
#3368 = COLOUR_RGB ( '',0.7921568627450980005, 0.8196078431372548767, 0.9333333333333333481 ) ;
#3369 = CARTESIAN_POINT ( 'NONE',  ( -2.449999999999999734, -3.449999999999999734, 0.06999999999999999278 ) ) ;
#3370 = FILL_AREA_STYLE_COLOUR ( '', #2223 ) ;
#3371 = PRESENTATION_LAYER_ASSIGNMENT (  '', '', ( #3572 ) ) ;
#3372 = MECHANICAL_DESIGN_GEOMETRIC_PRESENTATION_REPRESENTATION (  '', ( #2613 ), #4278 ) ;
#3373 = AXIS2_PLACEMENT_3D ( 'NONE', #2057, #383, #1726 ) ;
#3374 =( LENGTH_UNIT ( ) NAMED_UNIT ( * ) SI_UNIT ( .MILLI., .METRE. ) );
#3375 = EDGE_LOOP ( 'NONE', ( #2354, #3413, #43 ) ) ;
#3376 = ADVANCED_FACE ( 'NONE', ( #2147 ), #2552, .T. ) ;
#3377 = SURFACE_STYLE_FILL_AREA ( #720 ) ;
#3378 = DIRECTION ( 'NONE',  ( 1.000000000000000000, -7.434529182757750325E-16, 0.000000000000000000 ) ) ;
#3379 = EDGE_CURVE ( 'NONE', #2573, #2960, #4246, .T. ) ;
#3380 = ORIENTED_EDGE ( 'NONE', *, *, #2212, .T. ) ;
#3381 = SURFACE_SIDE_STYLE ('',( #3365 ) ) ;
#3382 = SURFACE_SIDE_STYLE ('',( #2585 ) ) ;
#3383 = VECTOR ( 'NONE', #2764, 1000.000000000000000 ) ;
#3384 = PRESENTATION_LAYER_ASSIGNMENT (  '', '', ( #819 ) ) ;
#3385 = ORIENTED_EDGE ( 'NONE', *, *, #3799, .T. ) ;
#3386 = DIRECTION ( 'NONE',  ( -1.000000000000000000, 0.000000000000000000, 0.000000000000000000 ) ) ;
#3387 = MANIFOLD_SOLID_BREP ( 'NONE', #2426 ) ;
#3389 =( GEOMETRIC_REPRESENTATION_CONTEXT ( 3 ) GLOBAL_UNCERTAINTY_ASSIGNED_CONTEXT ( ( #305 ) ) GLOBAL_UNIT_ASSIGNED_CONTEXT ( ( #49, #1378, #725 ) ) REPRESENTATION_CONTEXT ( 'NONE', 'WORKASPACE' ) );
#3388 = FILL_AREA_STYLE ('',( #4051 ) ) ;
#3390 = PRESENTATION_LAYER_ASSIGNMENT (  '', '', ( #3116 ) ) ;
#3391 = CARTESIAN_POINT ( 'NONE',  ( -2.324999999999999734, 1.915000000000000036, 0.1200000000000000094 ) ) ;
#3392 = VERTEX_POINT ( 'NONE', #3960 ) ;
#3393 = ORIENTED_EDGE ( 'NONE', *, *, #3229, .T. ) ;
#3394 = CARTESIAN_POINT ( 'NONE',  ( 2.000000000000000000, 1.840000000000000080, 0.1200000000000000094 ) ) ;
#3395 =( GEOMETRIC_REPRESENTATION_CONTEXT ( 3 ) GLOBAL_UNCERTAINTY_ASSIGNED_CONTEXT ( ( #4070 ) ) GLOBAL_UNIT_ASSIGNED_CONTEXT ( ( #2059, #2129, #1792 ) ) REPRESENTATION_CONTEXT ( 'NONE', 'WORKASPACE' ) );
#3396 = CARTESIAN_POINT ( 'NONE',  ( -2.324999999999999734, 1.915000000000000036, 0.1200000000000000094 ) ) ;
#3397 = EDGE_LOOP ( 'NONE', ( #1621, #2279, #1664, #1460 ) ) ;
#3398 = AXIS2_PLACEMENT_3D ( 'NONE', #694, #2779, #3684 ) ;
#3399 = DIRECTION ( 'NONE',  ( 1.000000000000000000, 0.000000000000000000, 0.000000000000000000 ) ) ;
#3400 = DIRECTION ( 'NONE',  ( 3.942553354492735149E-16, 1.000000000000000000, 0.000000000000000000 ) ) ;
#3401 = EDGE_CURVE ( 'NONE', #2660, #3211, #1296, .T. ) ;
#3402 = SURFACE_STYLE_USAGE ( .BOTH. , #2080 ) ;
#3403 =( LENGTH_UNIT ( ) NAMED_UNIT ( * ) SI_UNIT ( .MILLI., .METRE. ) );
#3404 = ADVANCED_FACE ( 'NONE', ( #3280 ), #1614, .T. ) ;
#3405 = SURFACE_STYLE_FILL_AREA ( #754 ) ;
#3406 = VECTOR ( 'NONE', #767, 1000.000000000000000 ) ;
#3407 = DIRECTION ( 'NONE',  ( -1.000000000000000000, 6.672013369141570147E-16, 0.000000000000000000 ) ) ;
#3408 = CARTESIAN_POINT ( 'NONE',  ( 2.324999999999999734, 3.239999999999999769, 0.1200000000000000094 ) ) ;
#3409 =( NAMED_UNIT ( * ) PLANE_ANGLE_UNIT ( ) SI_UNIT ( $, .RADIAN. ) );
#3410 = UNCERTAINTY_MEASURE_WITH_UNIT (LENGTH_MEASURE( 1.000000000000000082E-05 ), #3932, 'distance_accuracy_value', 'NONE');
#3411 = CARTESIAN_POINT ( 'NONE',  ( -2.324999999999999734, -3.239999999999999769, 0.000000000000000000 ) ) ;
#3412 = EDGE_LOOP ( 'NONE', ( #2688, #902, #531, #3348 ) ) ;
#3413 = ORIENTED_EDGE ( 'NONE', *, *, #852, .T. ) ;
#3414 = COLOUR_RGB ( '',0.8039215686274510109, 0.8039215686274510109, 0.8039215686274510109 ) ;
#3415 = VECTOR ( 'NONE', #704, 1000.000000000000000 ) ;
#3416 = DIRECTION ( 'NONE',  ( 0.000000000000000000, 0.000000000000000000, 1.000000000000000000 ) ) ;
#3417 = DIRECTION ( 'NONE',  ( -1.000000000000000000, 0.000000000000000000, 0.000000000000000000 ) ) ;
#3418 = MECHANICAL_DESIGN_GEOMETRIC_PRESENTATION_REPRESENTATION (  '', ( #3758 ), #3218 ) ;
#3419 = ORIENTED_EDGE ( 'NONE', *, *, #3898, .T. ) ;
#3420 = DIRECTION ( 'NONE',  ( 1.000000000000000000, 0.000000000000000000, 0.000000000000000000 ) ) ;
#3421 =( LENGTH_UNIT ( ) NAMED_UNIT ( * ) SI_UNIT ( .MILLI., .METRE. ) );
#3422 = CARTESIAN_POINT ( 'NONE',  ( 2.449999999999999734, -3.500000000000000000, 0.06999999999999999278 ) ) ;
#3423 =( GEOMETRIC_REPRESENTATION_CONTEXT ( 3 ) GLOBAL_UNCERTAINTY_ASSIGNED_CONTEXT ( ( #886 ) ) GLOBAL_UNIT_ASSIGNED_CONTEXT ( ( #936, #1244, #3592 ) ) REPRESENTATION_CONTEXT ( 'NONE', 'WORKASPACE' ) );
#3424 = SURFACE_STYLE_FILL_AREA ( #2004 ) ;
#3425 = DIRECTION ( 'NONE',  ( 0.000000000000000000, -1.000000000000000000, 0.000000000000000000 ) ) ;
#3426 =( NAMED_UNIT ( * ) SI_UNIT ( $, .STERADIAN. ) SOLID_ANGLE_UNIT ( ) );
#3427 = DIRECTION ( 'NONE',  ( -1.000000000000000000, 0.000000000000000000, 0.000000000000000000 ) ) ;
#3428 = EDGE_CURVE ( 'NONE', #1021, #645, #766, .T. ) ;
#3429 = STYLED_ITEM ( 'NONE', ( #2228 ), #3404 ) ;
#3430 = EDGE_CURVE ( 'NONE', #253, #3054, #2073, .T. ) ;
#3431 =( LENGTH_UNIT ( ) NAMED_UNIT ( * ) SI_UNIT ( .MILLI., .METRE. ) );
#3432 = PRODUCT_DEFINITION_SHAPE ( 'NONE', 'NONE',  #3719 ) ;
#3433 = PRESENTATION_STYLE_ASSIGNMENT (( #1174 ) ) ;
#3434 = MANIFOLD_SOLID_BREP ( 'NONE', #1103 ) ;
#3435 = STYLED_ITEM ( 'NONE', ( #3334 ), #3905 ) ;
#3436 = DIRECTION ( 'NONE',  ( 1.000000000000000000, 0.000000000000000000, 0.000000000000000000 ) ) ;
#3437 = EDGE_LOOP ( 'NONE', ( #358, #223, #3095, #938 ) ) ;
#3438 = CIRCLE ( 'NONE', #4052, 0.7000000000000000666 ) ;
#3439 = ORIENTED_EDGE ( 'NONE', *, *, #1281, .T. ) ;
#3440 = DIRECTION ( 'NONE',  ( -1.000000000000000000, 0.000000000000000000, 0.000000000000000000 ) ) ;
#3441 = CARTESIAN_POINT ( 'NONE',  ( 1.949999999999999956, -2.949999999999999734, 1.039999999999999813 ) ) ;
#3442 = VERTEX_POINT ( 'NONE', #3394 ) ;
#3443 = CARTESIAN_POINT ( 'NONE',  ( 1.449999999999999956, -1.840000000000000080, 0.1200000000000000094 ) ) ;
#3444 = CARTESIAN_POINT ( 'NONE',  ( -2.399999999999999911, -3.165000000000000036, 0.1200000000000000094 ) ) ;
#3445 = COLOUR_RGB ( '',0.8039215686274510109, 0.8039215686274510109, 0.8039215686274510109 ) ;
#3446 = SURFACE_STYLE_USAGE ( .BOTH. , #3167 ) ;
#3447 = STYLED_ITEM ( 'NONE', ( #2852 ), #1974 ) ;
#3448 = SURFACE_STYLE_FILL_AREA ( #428 ) ;
#3449 = MANIFOLD_SOLID_BREP ( 'NONE', #835 ) ;
#3450 = CARTESIAN_POINT ( 'NONE',  ( -2.324999999999999734, 3.239999999999999769, 0.000000000000000000 ) ) ;
#3451 =( NAMED_UNIT ( * ) PLANE_ANGLE_UNIT ( ) SI_UNIT ( $, .RADIAN. ) );
#3452 = MECHANICAL_DESIGN_GEOMETRIC_PRESENTATION_REPRESENTATION (  '', ( #1782 ), #2699 ) ;
#3453 = SURFACE_STYLE_FILL_AREA ( #3793 ) ;
#3454 = EDGE_CURVE ( 'NONE', #2260, #1657, #3310, .T. ) ;
#3455 = ADVANCED_FACE ( 'NONE', ( #1414 ), #2747, .F. ) ;
#3456 = AXIS2_PLACEMENT_3D ( 'NONE', #2678, #16, #708 ) ;
#3457 = ORIENTED_EDGE ( 'NONE', *, *, #224, .T. ) ;
#3458 = ADVANCED_FACE ( 'NONE', ( #1135 ), #3781, .T. ) ;
#3459 = DIRECTION ( 'NONE',  ( 0.000000000000000000, 0.000000000000000000, 1.000000000000000000 ) ) ;
#3460 = FACE_BOUND ( 'NONE', #3367, .T. ) ;
#3461 =( NAMED_UNIT ( * ) SI_UNIT ( $, .STERADIAN. ) SOLID_ANGLE_UNIT ( ) );
#3462 = ORIENTED_EDGE ( 'NONE', *, *, #493, .F. ) ;
#3463 = EDGE_CURVE ( 'NONE', #1325, #3279, #1903, .T. ) ;
#3464 = FACE_OUTER_BOUND ( 'NONE', #303, .T. ) ;
#3465 = UNCERTAINTY_MEASURE_WITH_UNIT (LENGTH_MEASURE( 1.000000000000000082E-05 ), #4219, 'distance_accuracy_value', 'NONE');
#3466 = PRESENTATION_LAYER_ASSIGNMENT (  '', '', ( #393 ) ) ;
#3467 = PRESENTATION_STYLE_ASSIGNMENT (( #4116 ) ) ;
#3468 =( LENGTH_UNIT ( ) NAMED_UNIT ( * ) SI_UNIT ( .MILLI., .METRE. ) );
#3469 = DIRECTION ( 'NONE',  ( 0.000000000000000000, 0.000000000000000000, -1.000000000000000000 ) ) ;
#3470 = DIRECTION ( 'NONE',  ( 8.673617379884013384E-15, 1.000000000000000000, 0.000000000000000000 ) ) ;
#3471 = AXIS2_PLACEMENT_3D ( 'NONE', #2097, #2075, #1393 ) ;
#3472 = FILL_AREA_STYLE_COLOUR ( '', #3239 ) ;
#3473 = SURFACE_STYLE_USAGE ( .BOTH. , #2518 ) ;
#3474 = SURFACE_STYLE_FILL_AREA ( #460 ) ;
#3475 = DIRECTION ( 'NONE',  ( -1.000000000000000000, 8.673617379884019448E-17, 0.000000000000000000 ) ) ;
#3476 = EDGE_LOOP ( 'NONE', ( #4271, #2176, #3897, #718 ) ) ;
#3477 = DIRECTION ( 'NONE',  ( -1.000000000000000000, -6.672013369141570147E-16, 0.000000000000000000 ) ) ;
#3478 = LINE ( 'NONE', #3155, #711 ) ;
#3479 = LINE ( 'NONE', #2138, #3383 ) ;
#3480 = FACE_OUTER_BOUND ( 'NONE', #3987, .T. ) ;
#3481 = VECTOR ( 'NONE', #251, 1000.000000000000000 ) ;
#3482 =( NAMED_UNIT ( * ) PLANE_ANGLE_UNIT ( ) SI_UNIT ( $, .RADIAN. ) );
#3483 = DIRECTION ( 'NONE',  ( 1.000000000000000000, 6.672013369141570147E-16, 0.000000000000000000 ) ) ;
#3484 = DIRECTION ( 'NONE',  ( 1.000000000000000000, 0.000000000000000000, 0.000000000000000000 ) ) ;
#3485 = SURFACE_STYLE_FILL_AREA ( #816 ) ;
#3486 = EDGE_CURVE ( 'NONE', #911, #347, #1760, .T. ) ;
#3487 = ORIENTED_EDGE ( 'NONE', *, *, #3379, .T. ) ;
#3488 = CARTESIAN_POINT ( 'NONE',  ( 1.449999999999999956, -1.840000000000000080, 0.000000000000000000 ) ) ;
#3489 = CARTESIAN_POINT ( 'NONE',  ( -2.324999999999999734, -3.239999999999999769, 0.000000000000000000 ) ) ;
#3490 = PRESENTATION_LAYER_ASSIGNMENT (  '', '', ( #1061 ) ) ;
#3491 = VECTOR ( 'NONE', #1728, 1000.000000000000000 ) ;
#3492 =( NAMED_UNIT ( * ) SI_UNIT ( $, .STERADIAN. ) SOLID_ANGLE_UNIT ( ) );
#3493 = ORIENTED_EDGE ( 'NONE', *, *, #4142, .T. ) ;
#3494 = DIRECTION ( 'NONE',  ( -1.000000000000000000, 0.000000000000000000, 0.000000000000000000 ) ) ;
#3495 = FILL_AREA_STYLE ('',( #186 ) ) ;
#3496 = DIRECTION ( 'NONE',  ( 0.000000000000000000, 0.000000000000000000, -1.000000000000000000 ) ) ;
#3497 = LINE ( 'NONE', #498, #1848 ) ;
#3498 = LINE ( 'NONE', #2494, #2409 ) ;
#3499 = ORIENTED_EDGE ( 'NONE', *, *, #2212, .F. ) ;
#3500 = VERTEX_POINT ( 'NONE', #111 ) ;
#3501 = CARTESIAN_POINT ( 'NONE',  ( -2.324999999999999734, -3.165000000000000036, 0.02000000000000000042 ) ) ;
#3502 = LINE ( 'NONE', #4152, #3043 ) ;
#3503 = AXIS2_PLACEMENT_3D ( 'NONE', #793, #2505, #487 ) ;
#3504 = SURFACE_SIDE_STYLE ('',( #2441 ) ) ;
#3505 = COLOUR_RGB ( '',0.2862745098039215508, 0.2862745098039215508, 0.2862745098039215508 ) ;
#3506 = PLANE ( 'NONE',  #3253 ) ;
#3507 = PRESENTATION_STYLE_ASSIGNMENT (( #2144 ) ) ;
#3508 = ORIENTED_EDGE ( 'NONE', *, *, #3016, .T. ) ;
#3509 = CARTESIAN_POINT ( 'NONE',  ( 2.324999999999999734, 1.915000000000000036, 0.000000000000000000 ) ) ;
#3510 =( NAMED_UNIT ( * ) PLANE_ANGLE_UNIT ( ) SI_UNIT ( $, .RADIAN. ) );
#3511 = EDGE_CURVE ( 'NONE', #3996, #3634, #3137, .T. ) ;
#3512 = AXIS2_PLACEMENT_3D ( 'NONE', #771, #401, #2020 ) ;
#3513 =( NAMED_UNIT ( * ) SI_UNIT ( $, .STERADIAN. ) SOLID_ANGLE_UNIT ( ) );
#3514 = ADVANCED_FACE ( 'NONE', ( #4110 ), #2182, .T. ) ;
#3515 = FILL_AREA_STYLE ('',( #4209 ) ) ;
#3516 = SURFACE_SIDE_STYLE ('',( #4163 ) ) ;
#3517 = DIRECTION ( 'NONE',  ( -1.000000000000000000, 0.000000000000000000, 0.000000000000000000 ) ) ;
#3518 = PRESENTATION_LAYER_ASSIGNMENT (  '', '', ( #2061 ) ) ;
#3519 = SURFACE_STYLE_FILL_AREA ( #1188 ) ;
#3520 = FILL_AREA_STYLE ('',( #4192 ) ) ;
#3521 = CARTESIAN_POINT ( 'NONE',  ( -2.000000000000000000, -2.540000000000000036, 0.1200000000000000094 ) ) ;
#3522 = AXIS2_PLACEMENT_3D ( 'NONE', #3566, #2267, #3590 ) ;
#3523 = EDGE_LOOP ( 'NONE', ( #1763, #883, #3326, #337 ) ) ;
#3524 = CARTESIAN_POINT ( 'NONE',  ( -2.449999999999999734, 3.449999999999999734, 1.000000000000000000 ) ) ;
#3525 =( GEOMETRIC_REPRESENTATION_CONTEXT ( 3 ) GLOBAL_UNCERTAINTY_ASSIGNED_CONTEXT ( ( #2819 ) ) GLOBAL_UNIT_ASSIGNED_CONTEXT ( ( #4087, #1115, #3461 ) ) REPRESENTATION_CONTEXT ( 'NONE', 'WORKASPACE' ) );
#3526 = CARTESIAN_POINT ( 'NONE',  ( 2.324999999999999734, 1.840000000000000080, 0.1200000000000000094 ) ) ;
#3527 = FILL_AREA_STYLE_COLOUR ( '', #1625 ) ;
#3528 = PLANE ( 'NONE',  #3138 ) ;
#3529 = DIRECTION ( 'NONE',  ( -0.7071067811865475727, 0.7071067811865475727, 0.000000000000000000 ) ) ;
#3530 = ORIENTED_EDGE ( 'NONE', *, *, #1195, .F. ) ;
#3531 = SURFACE_STYLE_USAGE ( .BOTH. , #611 ) ;
#3532 = DIRECTION ( 'NONE',  ( 0.7071067811865474617, 0.7071067811865474617, 0.000000000000000000 ) ) ;
#3533 =( LENGTH_UNIT ( ) NAMED_UNIT ( * ) SI_UNIT ( .MILLI., .METRE. ) );
#3534 = LINE ( 'NONE', #3444, #810 ) ;
#3535 = DIRECTION ( 'NONE',  ( 0.000000000000000000, 1.000000000000000000, 0.000000000000000000 ) ) ;
#3536 = CARTESIAN_POINT ( 'NONE',  ( 2.324999999999999734, 1.840000000000000080, 0.000000000000000000 ) ) ;
#3537 = FILL_AREA_STYLE ('',( #2886 ) ) ;
#3538 = AXIS2_PLACEMENT_3D ( 'NONE', #3565, #2181, #4220 ) ;
#3539 = PRESENTATION_LAYER_ASSIGNMENT (  '', '', ( #3193 ) ) ;
#3540 = AXIS2_PLACEMENT_3D ( 'NONE', #18, #1362, #4045 ) ;
#3541 = EDGE_CURVE ( 'NONE', #2934, #3211, #4198, .T. ) ;
#3542 = LINE ( 'NONE', #862, #2578 ) ;
#3543 = EDGE_CURVE ( 'NONE', #3002, #266, #1762, .T. ) ;
#3544 =( GEOMETRIC_REPRESENTATION_CONTEXT ( 3 ) GLOBAL_UNCERTAINTY_ASSIGNED_CONTEXT ( ( #142 ) ) GLOBAL_UNIT_ASSIGNED_CONTEXT ( ( #3584, #3610, #258 ) ) REPRESENTATION_CONTEXT ( 'NONE', 'WORKASPACE' ) );
#3545 = CIRCLE ( 'NONE', #2158, 0.07499999999999998335 ) ;
#3546 = VERTEX_POINT ( 'NONE', #3953 ) ;
#3547 = CARTESIAN_POINT ( 'NONE',  ( 2.000000000000000000, 2.540000000000000036, 0.1200000000000000094 ) ) ;
#3548 = CARTESIAN_POINT ( 'NONE',  ( -2.399999999999999911, -1.915000000000000036, 0.1200000000000000094 ) ) ;
#3549 = DIRECTION ( 'NONE',  ( 0.000000000000000000, 0.000000000000000000, -1.000000000000000000 ) ) ;
#3550 = CARTESIAN_POINT ( 'NONE',  ( -2.324999999999999734, -3.239999999999999769, 0.1200000000000000094 ) ) ;
#3551 = DIRECTION ( 'NONE',  ( 0.000000000000000000, 0.000000000000000000, -1.000000000000000000 ) ) ;
#3552 = VERTEX_POINT ( 'NONE', #3928 ) ;
#3553 =( NAMED_UNIT ( * ) PLANE_ANGLE_UNIT ( ) SI_UNIT ( $, .RADIAN. ) );
#3554 = UNCERTAINTY_MEASURE_WITH_UNIT (LENGTH_MEASURE( 1.000000000000000082E-05 ), #3201, 'distance_accuracy_value', 'NONE');
#3555 = DIRECTION ( 'NONE',  ( 0.000000000000000000, 0.000000000000000000, 1.000000000000000000 ) ) ;
#3556 = CARTESIAN_POINT ( 'NONE',  ( -2.449999999999999734, 3.449999999999999734, 1.050000000000000044 ) ) ;
#3557 = PLANE ( 'NONE',  #915 ) ;
#3558 = AXIS2_PLACEMENT_3D ( 'NONE', #1711, #2717, #5 ) ;
#3559 = CIRCLE ( 'NONE', #3629, 0.7000000000000000666 ) ;
#3560 = DIRECTION ( 'NONE',  ( 0.000000000000000000, 0.000000000000000000, -1.000000000000000000 ) ) ;
#3561 = SURFACE_SIDE_STYLE ('',( #2238 ) ) ;
#3562 = ORIENTED_EDGE ( 'NONE', *, *, #3686, .T. ) ;
#3563 = SURFACE_SIDE_STYLE ('',( #1524 ) ) ;
#3564 = EDGE_CURVE ( 'NONE', #3290, #4114, #426, .T. ) ;
#3565 = CARTESIAN_POINT ( 'NONE',  ( 1.949999999999999956, -2.949999999999999734, 1.050000000000000044 ) ) ;
#3566 = CARTESIAN_POINT ( 'NONE',  ( -2.449999999999999734, 3.449999999999999734, 0.06999999999999999278 ) ) ;
#3567 = DIRECTION ( 'NONE',  ( -1.000000000000000000, 1.334402673828316002E-15, 0.000000000000000000 ) ) ;
#3568 = ORIENTED_EDGE ( 'NONE', *, *, #301, .F. ) ;
#3569 = COLOUR_RGB ( '',0.8039215686274510109, 0.8039215686274510109, 0.8039215686274510109 ) ;
#3570 = DIRECTION ( 'NONE',  ( -1.000000000000000000, 0.000000000000000000, 0.000000000000000000 ) ) ;
#3571 = CARTESIAN_POINT ( 'NONE',  ( -2.000000000000000000, 3.239999999999999769, 0.000000000000000000 ) ) ;
#3572 = STYLED_ITEM ( 'NONE', ( #2388 ), #3649 ) ;
#3573 = FACE_OUTER_BOUND ( 'NONE', #3998, .T. ) ;
#3574 = MECHANICAL_DESIGN_GEOMETRIC_PRESENTATION_REPRESENTATION (  '', ( #4055 ), #3644 ) ;
#3575 = FILL_AREA_STYLE ('',( #589 ) ) ;
#3576 = VECTOR ( 'NONE', #2271, 1000.000000000000000 ) ;
#3577 = DIRECTION ( 'NONE',  ( 0.000000000000000000, 0.000000000000000000, -1.000000000000000000 ) ) ;
#3578 = CIRCLE ( 'NONE', #2055, 0.05000000000000012768 ) ;
#3579 = DIRECTION ( 'NONE',  ( 0.000000000000000000, 0.000000000000000000, -1.000000000000000000 ) ) ;
#3580 = ORIENTED_EDGE ( 'NONE', *, *, #640, .T. ) ;
#3581 =( NAMED_UNIT ( * ) PLANE_ANGLE_UNIT ( ) SI_UNIT ( $, .RADIAN. ) );
#3582 = ORIENTED_EDGE ( 'NONE', *, *, #4288, .T. ) ;
#3583 = DIRECTION ( 'NONE',  ( -1.000000000000000000, 0.000000000000000000, 0.000000000000000000 ) ) ;
#3584 =( LENGTH_UNIT ( ) NAMED_UNIT ( * ) SI_UNIT ( .MILLI., .METRE. ) );
#3585 = MECHANICAL_DESIGN_GEOMETRIC_PRESENTATION_REPRESENTATION (  '', ( #95 ), #1569 ) ;
#3586 = EDGE_CURVE ( 'NONE', #2365, #3, #77, .T. ) ;
#3587 = VECTOR ( 'NONE', #132, 1000.000000000000000 ) ;
#3588 = DIRECTION ( 'NONE',  ( 1.000000000000000000, 0.000000000000000000, 0.000000000000000000 ) ) ;
#3589 = UNCERTAINTY_MEASURE_WITH_UNIT (LENGTH_MEASURE( 1.000000000000000082E-05 ), #292, 'distance_accuracy_value', 'NONE');
#3590 = DIRECTION ( 'NONE',  ( -1.000000000000000000, 0.000000000000000000, 0.000000000000000000 ) ) ;
#3591 = CARTESIAN_POINT ( 'NONE',  ( 1.300000000000000044, -1.989999999999999991, 0.02000000000000000042 ) ) ;
#3592 =( NAMED_UNIT ( * ) SI_UNIT ( $, .STERADIAN. ) SOLID_ANGLE_UNIT ( ) );
#3593 = CIRCLE ( 'NONE', #4144, 0.05000000000000012768 ) ;
#3594 = ORIENTED_EDGE ( 'NONE', *, *, #1811, .T. ) ;
#3595 = EDGE_CURVE ( 'NONE', #388, #3546, #2593, .T. ) ;
#3596 = ORIENTED_EDGE ( 'NONE', *, *, #274, .F. ) ;
#3597 = AXIS2_PLACEMENT_3D ( 'NONE', #1056, #2753, #4023 ) ;
#3598 = FILL_AREA_STYLE ('',( #2922 ) ) ;
#3599 = CARTESIAN_POINT ( 'NONE',  ( 2.000000000000000000, -2.540000000000000036, 0.1200000000000000094 ) ) ;
#3600 = VERTEX_POINT ( 'NONE', #1894 ) ;
#3601 =( LENGTH_UNIT ( ) NAMED_UNIT ( * ) SI_UNIT ( .MILLI., .METRE. ) );
#3602 = DIRECTION ( 'NONE',  ( -1.334402673828316002E-15, 1.000000000000000000, 0.000000000000000000 ) ) ;
#3603 = CARTESIAN_POINT ( 'NONE',  ( 2.324999999999999734, -3.165000000000000036, 0.1200000000000000094 ) ) ;
#3604 = SURFACE_STYLE_USAGE ( .BOTH. , #919 ) ;
#3605 = SURFACE_STYLE_FILL_AREA ( #3681 ) ;
#3606 = EDGE_LOOP ( 'NONE', ( #3901, #1503, #314, #1395 ) ) ;
#3607 = FILL_AREA_STYLE ('',( #950 ) ) ;
#3608 = VERTEX_POINT ( 'NONE', #283 ) ;
#3609 = CARTESIAN_POINT ( 'NONE',  ( 2.324999999999999734, -3.165000000000000036, 0.1200000000000000094 ) ) ;
#3610 =( NAMED_UNIT ( * ) PLANE_ANGLE_UNIT ( ) SI_UNIT ( $, .RADIAN. ) );
#3611 = ORIENTED_EDGE ( 'NONE', *, *, #2822, .F. ) ;
#3612 = COLOUR_RGB ( '',0.8039215686274510109, 0.8039215686274510109, 0.8039215686274510109 ) ;
#3613 = CARTESIAN_POINT ( 'NONE',  ( -2.000000000000000000, -2.540000000000000036, 0.02000000000000000042 ) ) ;
#3614 = ORIENTED_EDGE ( 'NONE', *, *, #634, .F. ) ;
#3615 = DIRECTION ( 'NONE',  ( 1.000000000000000000, 0.000000000000000000, 0.000000000000000000 ) ) ;
#3616 = LINE ( 'NONE', #2971, #2997 ) ;
#3617 = ORIENTED_EDGE ( 'NONE', *, *, #2266, .F. ) ;
#3618 = ORIENTED_EDGE ( 'NONE', *, *, #834, .T. ) ;
#3619 =( NAMED_UNIT ( * ) PLANE_ANGLE_UNIT ( ) SI_UNIT ( $, .RADIAN. ) );
#3620 = ADVANCED_FACE ( 'NONE', ( #2566 ), #3274, .F. ) ;
#3621 = PRESENTATION_STYLE_ASSIGNMENT (( #2629 ) ) ;
#3622 = MECHANICAL_DESIGN_GEOMETRIC_PRESENTATION_REPRESENTATION (  '', ( #1547 ), #52 ) ;
#3623 =( NAMED_UNIT ( * ) PLANE_ANGLE_UNIT ( ) SI_UNIT ( $, .RADIAN. ) );
#3624 = COLOUR_RGB ( '',0.2862745098039215508, 0.2862745098039215508, 0.2862745098039215508 ) ;
#3625 = ORIENTED_EDGE ( 'NONE', *, *, #2701, .T. ) ;
#3626 = VERTEX_POINT ( 'NONE', #1580 ) ;
#3627 = DIRECTION ( 'NONE',  ( 0.000000000000000000, -1.000000000000000000, 0.000000000000000000 ) ) ;
#3628 = UNCERTAINTY_MEASURE_WITH_UNIT (LENGTH_MEASURE( 1.000000000000000082E-05 ), #2526, 'distance_accuracy_value', 'NONE');
#3629 = AXIS2_PLACEMENT_3D ( 'NONE', #2156, #482, #4124 ) ;
#3630 = SURFACE_STYLE_FILL_AREA ( #3297 ) ;
#3631 = SURFACE_STYLE_FILL_AREA ( #2942 ) ;
#3632 =( LENGTH_UNIT ( ) NAMED_UNIT ( * ) SI_UNIT ( .MILLI., .METRE. ) );
#3633 = CARTESIAN_POINT ( 'NONE',  ( -2.449999999999999734, 3.500000000000000000, 1.000000000000000000 ) ) ;
#3634 = VERTEX_POINT ( 'NONE', #2310 ) ;
#3635 = ORIENTED_EDGE ( 'NONE', *, *, #58, .F. ) ;
#3636 = UNCERTAINTY_MEASURE_WITH_UNIT (LENGTH_MEASURE( 1.000000000000000082E-05 ), #2806, 'distance_accuracy_value', 'NONE');
#3637 =( NAMED_UNIT ( * ) PLANE_ANGLE_UNIT ( ) SI_UNIT ( $, .RADIAN. ) );
#3638 = AXIS2_PLACEMENT_3D ( 'NONE', #3158, #2784, #814 ) ;
#3639 = ADVANCED_FACE ( 'NONE', ( #889 ), #354, .T. ) ;
#3640 = CARTESIAN_POINT ( 'NONE',  ( -2.000000000000000000, 2.540000000000000036, 0.1200000000000000094 ) ) ;
#3641 = FILL_AREA_STYLE ('',( #1618 ) ) ;
#3642 = AXIS2_PLACEMENT_3D ( 'NONE', #2285, #259, #980 ) ;
#3643 = EDGE_CURVE ( 'NONE', #4293, #3500, #3438, .T. ) ;
#3644 =( GEOMETRIC_REPRESENTATION_CONTEXT ( 3 ) GLOBAL_UNCERTAINTY_ASSIGNED_CONTEXT ( ( #1899 ) ) GLOBAL_UNIT_ASSIGNED_CONTEXT ( ( #4010, #350, #4027 ) ) REPRESENTATION_CONTEXT ( 'NONE', 'WORKASPACE' ) );
#3645 =( NAMED_UNIT ( * ) SI_UNIT ( $, .STERADIAN. ) SOLID_ANGLE_UNIT ( ) );
#3646 = MECHANICAL_DESIGN_GEOMETRIC_PRESENTATION_REPRESENTATION (  '', ( #3572 ), #1560 ) ;
#3647 = FACE_OUTER_BOUND ( 'NONE', #69, .T. ) ;
#3648 = ORIENTED_EDGE ( 'NONE', *, *, #1205, .T. ) ;
#3649 = ADVANCED_FACE ( 'NONE', ( #2705 ), #738, .T. ) ;
#3650 = VERTEX_POINT ( 'NONE', #1046 ) ;
#3651 = AXIS2_PLACEMENT_3D ( 'NONE', #3107, #3171, #3131 ) ;
#3652 = CARTESIAN_POINT ( 'NONE',  ( 2.324999999999999734, 3.239999999999999769, 0.02000000000000000042 ) ) ;
#3653 = MECHANICAL_DESIGN_GEOMETRIC_PRESENTATION_REPRESENTATION (  '', ( #2749 ), #2617 ) ;
#3654 = PRESENTATION_STYLE_ASSIGNMENT (( #3992 ) ) ;
#3655 = VECTOR ( 'NONE', #1735, 1000.000000000000000 ) ;
#3656 = VERTEX_POINT ( 'NONE', #1692 ) ;
#3657 = STYLED_ITEM ( 'NONE', ( #1002 ), #2028 ) ;
#3658 = ORIENTED_EDGE ( 'NONE', *, *, #3087, .F. ) ;
#3659 = PRESENTATION_STYLE_ASSIGNMENT (( #3021 ) ) ;
#3660 = CARTESIAN_POINT ( 'NONE',  ( -2.449999999999999734, -3.449999999999999734, 0.02000000000000000042 ) ) ;
#3661 = COLOUR_RGB ( '',0.2862745098039215508, 0.2862745098039215508, 0.2862745098039215508 ) ;
#3662 = CARTESIAN_POINT ( 'NONE',  ( 2.324999999999999734, -3.239999999999999769, 0.1200000000000000094 ) ) ;
#3663 =( NAMED_UNIT ( * ) PLANE_ANGLE_UNIT ( ) SI_UNIT ( $, .RADIAN. ) );
#3664 = VECTOR ( 'NONE', #4106, 1000.000000000000000 ) ;
#3665 = ORIENTED_EDGE ( 'NONE', *, *, #3983, .F. ) ;
#3666 =( NAMED_UNIT ( * ) PLANE_ANGLE_UNIT ( ) SI_UNIT ( $, .RADIAN. ) );
#3667 = PLANE ( 'NONE',  #2483 ) ;
#3668 = EDGE_CURVE ( 'NONE', #2771, #1622, #1087, .T. ) ;
#3669 = FILL_AREA_STYLE ('',( #929 ) ) ;
#3670 = ORIENTED_EDGE ( 'NONE', *, *, #2619, .F. ) ;
#3671 = PRESENTATION_STYLE_ASSIGNMENT (( #2687 ) ) ;
#3672 = ORIENTED_EDGE ( 'NONE', *, *, #1620, .T. ) ;
#3673 = CARTESIAN_POINT ( 'NONE',  ( 2.000000000000000000, -3.239999999999999769, 0.000000000000000000 ) ) ;
#3674 = MECHANICAL_DESIGN_GEOMETRIC_PRESENTATION_REPRESENTATION (  '', ( #968 ), #2427 ) ;
#3675 = ORIENTED_EDGE ( 'NONE', *, *, #2498, .T. ) ;
#3676 = ORIENTED_EDGE ( 'NONE', *, *, #1020, .T. ) ;
#3677 = MECHANICAL_DESIGN_GEOMETRIC_PRESENTATION_REPRESENTATION (  '', ( #3879 ), #4019 ) ;
#3678 =( NAMED_UNIT ( * ) PLANE_ANGLE_UNIT ( ) SI_UNIT ( $, .RADIAN. ) );
#3679 = DIRECTION ( 'NONE',  ( 1.000000000000000000, 0.000000000000000000, 0.000000000000000000 ) ) ;
#3680 = LINE ( 'NONE', #2756, #3127 ) ;
#3681 = FILL_AREA_STYLE ('',( #1885 ) ) ;
#3682 = STYLED_ITEM ( 'NONE', ( #3220 ), #2553 ) ;
#3683 = SURFACE_STYLE_USAGE ( .BOTH. , #2665 ) ;
#3684 = DIRECTION ( 'NONE',  ( 0.000000000000000000, 1.000000000000000000, 0.000000000000000000 ) ) ;
#3685 = STYLED_ITEM ( 'NONE', ( #1754 ), #2828 ) ;
#3686 = EDGE_CURVE ( 'NONE', #551, #3186, #4031, .T. ) ;
#3687 = DIRECTION ( 'NONE',  ( -1.000000000000000000, 0.000000000000000000, 0.000000000000000000 ) ) ;
#3688 = ADVANCED_FACE ( 'NONE', ( #333 ), #3971, .T. ) ;
#3689 = PRESENTATION_LAYER_ASSIGNMENT (  '', '', ( #3758 ) ) ;
#3690 = CARTESIAN_POINT ( 'NONE',  ( 2.324999999999999734, -3.239999999999999769, 0.1200000000000000094 ) ) ;
#3691 =( GEOMETRIC_REPRESENTATION_CONTEXT ( 3 ) GLOBAL_UNCERTAINTY_ASSIGNED_CONTEXT ( ( #228 ) ) GLOBAL_UNIT_ASSIGNED_CONTEXT ( ( #1998, #3331, #320 ) ) REPRESENTATION_CONTEXT ( 'NONE', 'WORKASPACE' ) );
#3692 = ORIENTED_EDGE ( 'NONE', *, *, #964, .F. ) ;
#3693 = ORIENTED_EDGE ( 'NONE', *, *, #2417, .T. ) ;
#3694 = STYLED_ITEM ( 'NONE', ( #1316 ), #526 ) ;
#3695 = DIRECTION ( 'NONE',  ( 1.000000000000000000, 0.000000000000000000, 0.000000000000000000 ) ) ;
#3696 = DIRECTION ( 'NONE',  ( 0.000000000000000000, 0.000000000000000000, 1.000000000000000000 ) ) ;
#3697 = ORIENTED_EDGE ( 'NONE', *, *, #1702, .F. ) ;
#3698 = DIRECTION ( 'NONE',  ( 1.000000000000000000, 6.672013369141570147E-16, 0.000000000000000000 ) ) ;
#3699 = DIRECTION ( 'NONE',  ( -8.673617379884013384E-15, 1.000000000000000000, 0.000000000000000000 ) ) ;
#3700 = DIRECTION ( 'NONE',  ( -1.000000000000000000, 0.000000000000000000, 0.000000000000000000 ) ) ;
#3701 = SURFACE_STYLE_FILL_AREA ( #712 ) ;
#3702 = SURFACE_SIDE_STYLE ('',( #1678 ) ) ;
#3703 = PRESENTATION_LAYER_ASSIGNMENT (  '', '', ( #1295 ) ) ;
#3704 = EDGE_LOOP ( 'NONE', ( #2976, #3692, #3912, #2671 ) ) ;
#3705 = ADVANCED_FACE ( 'NONE', ( #4149 ), #3751, .T. ) ;
#3706 = ORIENTED_EDGE ( 'NONE', *, *, #1146, .F. ) ;
#3707 = STYLED_ITEM ( 'NONE', ( #3108 ), #2368 ) ;
#3708 = LINE ( 'NONE', #3979, #3275 ) ;
#3709 = EDGE_CURVE ( 'NONE', #4107, #572, #1454, .T. ) ;
#3710 = AXIS2_PLACEMENT_3D ( 'NONE', #556, #213, #927 ) ;
#3711 = AXIS2_PLACEMENT_3D ( 'NONE', #2225, #1565, #908 ) ;
#3712 = ORIENTED_EDGE ( 'NONE', *, *, #3586, .F. ) ;
#3713 = EDGE_CURVE ( 'NONE', #4122, #3290, #150, .T. ) ;
#3714 = SURFACE_STYLE_USAGE ( .BOTH. , #3737 ) ;
#3715 = LINE ( 'NONE', #423, #2196 ) ;
#3716 = FACE_OUTER_BOUND ( 'NONE', #921, .T. ) ;
#3717 = AXIS2_PLACEMENT_3D ( 'NONE', #2482, #3091, #1456 ) ;
#3718 = UNCERTAINTY_MEASURE_WITH_UNIT (LENGTH_MEASURE( 1.000000000000000082E-05 ), #1207, 'distance_accuracy_value', 'NONE');
#3719 = PRODUCT_DEFINITION ( 'UNKNOWN', '', #75, #2533 ) ;
#3720 = ORIENTED_EDGE ( 'NONE', *, *, #3822, .F. ) ;
#3721 = CARTESIAN_POINT ( 'NONE',  ( 2.399999999999999911, 3.165000000000000036, 0.1200000000000000094 ) ) ;
#3722 =( LENGTH_UNIT ( ) NAMED_UNIT ( * ) SI_UNIT ( .MILLI., .METRE. ) );
#3724 = COLOUR_RGB ( '',0.2862745098039215508, 0.2862745098039215508, 0.2862745098039215508 ) ;
#3723 = FACE_OUTER_BOUND ( 'NONE', #3437, .T. ) ;
#3725 = FACE_OUTER_BOUND ( 'NONE', #636, .T. ) ;
#3726 = CYLINDRICAL_SURFACE ( 'NONE', #2067, 0.07499999999999998335 ) ;
#3727 = FILL_AREA_STYLE ('',( #3092 ) ) ;
#3728 = ORIENTED_EDGE ( 'NONE', *, *, #874, .T. ) ;
#3729 = ORIENTED_EDGE ( 'NONE', *, *, #3773, .T. ) ;
#3730 = CLOSED_SHELL ( 'NONE', ( #1517, #1288, #4255, #666, #1068, #3768, #2503, #3118, #1026 ) ) ;
#3731 = FILL_AREA_STYLE ('',( #420 ) ) ;
#3732 = MECHANICAL_DESIGN_GEOMETRIC_PRESENTATION_REPRESENTATION (  '', ( #3193 ), #326 ) ;
#3733 = LINE ( 'NONE', #1072, #2432 ) ;
#3734 = ORIENTED_EDGE ( 'NONE', *, *, #4117, .F. ) ;
#3735 = STYLED_ITEM ( 'NONE', ( #1714 ), #1566 ) ;
#3736 = PRESENTATION_LAYER_ASSIGNMENT (  '', '', ( #4317 ) ) ;
#3737 = SURFACE_SIDE_STYLE ('',( #2077 ) ) ;
#3738 = CARTESIAN_POINT ( 'NONE',  ( 2.000000000000000000, 1.840000000000000080, 0.02000000000000000042 ) ) ;
#3739 = EDGE_CURVE ( 'NONE', #465, #1801, #479, .T. ) ;
#3740 = SURFACE_SIDE_STYLE ('',( #1510 ) ) ;
#3741 = EDGE_CURVE ( 'NONE', #394, #645, #2497, .T. ) ;
#3742 = CARTESIAN_POINT ( 'NONE',  ( 2.449999999999999734, 3.449999999999999734, 1.000000000000000000 ) ) ;
#3743 = PLANE ( 'NONE',  #669 ) ;
#3744 = FILL_AREA_STYLE_COLOUR ( '', #3724 ) ;
#3745 = LINE ( 'NONE', #1447, #4126 ) ;
#3746 = DIRECTION ( 'NONE',  ( 0.000000000000000000, 1.000000000000000000, 0.000000000000000000 ) ) ;
#3747 =( NAMED_UNIT ( * ) SI_UNIT ( $, .STERADIAN. ) SOLID_ANGLE_UNIT ( ) );
#3748 = CARTESIAN_POINT ( 'NONE',  ( -2.324999999999999734, -1.840000000000000080, 0.1200000000000000094 ) ) ;
#3749 =( LENGTH_UNIT ( ) NAMED_UNIT ( * ) SI_UNIT ( .MILLI., .METRE. ) );
#3750 = AXIS2_PLACEMENT_3D ( 'NONE', #2429, #495, #3494 ) ;
#3751 = CYLINDRICAL_SURFACE ( 'NONE', #2392, 0.04999999999999991257 ) ;
#3752 = UNCERTAINTY_MEASURE_WITH_UNIT (LENGTH_MEASURE( 1.000000000000000082E-05 ), #72, 'distance_accuracy_value', 'NONE');
#3753 = MECHANICAL_DESIGN_GEOMETRIC_PRESENTATION_REPRESENTATION (  '', ( #779 ), #4248 ) ;
#3754 = LINE ( 'NONE', #438, #2342 ) ;
#3755 = EDGE_LOOP ( 'NONE', ( #3618, #1598, #1724, #4097 ) ) ;
#3756 = AXIS2_PLACEMENT_3D ( 'NONE', #1148, #3475, #1130 ) ;
#3757 = ORIENTED_EDGE ( 'NONE', *, *, #4032, .F. ) ;
#3758 = STYLED_ITEM ( 'NONE', ( #472 ), #1044 ) ;
#3759 = FILL_AREA_STYLE ('',( #113 ) ) ;
#3760 = COLOUR_RGB ( '',0.8039215686274510109, 0.8039215686274510109, 0.8039215686274510109 ) ;
#3761 = PRESENTATION_STYLE_ASSIGNMENT (( #3473 ) ) ;
#3762 = SURFACE_STYLE_FILL_AREA ( #2527 ) ;
#3763 = VERTEX_POINT ( 'NONE', #3112 ) ;
#3764 = CARTESIAN_POINT ( 'NONE',  ( 2.449999999999999734, 3.449999999999999734, 0.06999999999999999278 ) ) ;
#3765 = UNCERTAINTY_MEASURE_WITH_UNIT (LENGTH_MEASURE( 1.000000000000000082E-05 ), #2642, 'distance_accuracy_value', 'NONE');
#3766 = FACE_OUTER_BOUND ( 'NONE', #4299, .T. ) ;
#3767 = SURFACE_STYLE_USAGE ( .BOTH. , #2449 ) ;
#3768 = ADVANCED_FACE ( 'NONE', ( #1849 ), #88, .T. ) ;
#3769 = EDGE_CURVE ( 'NONE', #2011, #2173, #4102, .T. ) ;
#3770 =( NAMED_UNIT ( * ) PLANE_ANGLE_UNIT ( ) SI_UNIT ( $, .RADIAN. ) );
#3771 = DIRECTION ( 'NONE',  ( 1.000000000000000000, 0.000000000000000000, 0.000000000000000000 ) ) ;
#3772 = AXIS2_PLACEMENT_3D ( 'NONE', #1505, #3440, #3844 ) ;
#3773 = EDGE_CURVE ( 'NONE', #817, #1622, #3778, .T. ) ;
#3774 = DIRECTION ( 'NONE',  ( -1.000000000000000000, 0.000000000000000000, 0.000000000000000000 ) ) ;
#3775 = DIRECTION ( 'NONE',  ( 0.000000000000000000, 0.000000000000000000, -1.000000000000000000 ) ) ;
#3776 = STYLED_ITEM ( 'NONE', ( #2178 ), #3768 ) ;
#3777 =( NAMED_UNIT ( * ) SI_UNIT ( $, .STERADIAN. ) SOLID_ANGLE_UNIT ( ) );
#3778 = CIRCLE ( 'NONE', #2962, 0.05000000000000012768 ) ;
#3779 = PRESENTATION_LAYER_ASSIGNMENT (  '', '', ( #2749 ) ) ;
#3780 = ORIENTED_EDGE ( 'NONE', *, *, #385, .T. ) ;
#3781 = PLANE ( 'NONE',  #3772 ) ;
#3782 =( GEOMETRIC_REPRESENTATION_CONTEXT ( 3 ) GLOBAL_UNCERTAINTY_ASSIGNED_CONTEXT ( ( #1718 ) ) GLOBAL_UNIT_ASSIGNED_CONTEXT ( ( #225, #4206, #1919 ) ) REPRESENTATION_CONTEXT ( 'NONE', 'WORKASPACE' ) );
#3783 = DIRECTION ( 'NONE',  ( -1.000000000000000000, -1.334402673828316002E-15, 0.000000000000000000 ) ) ;
#3784 = ORIENTED_EDGE ( 'NONE', *, *, #880, .T. ) ;
#3785 = MECHANICAL_DESIGN_GEOMETRIC_PRESENTATION_REPRESENTATION (  '', ( #2061 ), #443 ) ;
#3786 = FACE_OUTER_BOUND ( 'NONE', #3903, .T. ) ;
#3787 = STYLED_ITEM ( 'NONE', ( #1578 ), #2007 ) ;
#3788 = CARTESIAN_POINT ( 'NONE',  ( -2.324999999999999734, -3.239999999999999769, 0.1200000000000000094 ) ) ;
#3789 = FACE_OUTER_BOUND ( 'NONE', #138, .T. ) ;
#3790 = DIRECTION ( 'NONE',  ( -1.000000000000000000, 0.000000000000000000, 0.000000000000000000 ) ) ;
#3791 = CIRCLE ( 'NONE', #2275, 0.07499999999999998335 ) ;
#3792 = FACE_OUTER_BOUND ( 'NONE', #1262, .T. ) ;
#3793 = FILL_AREA_STYLE ('',( #1498 ) ) ;
#3794 = STYLED_ITEM ( 'NONE', ( #64 ), #900 ) ;
#3795 = CARTESIAN_POINT ( 'NONE',  ( -2.000000000000000000, 3.239999999999999769, 0.1200000000000000094 ) ) ;
#3796 = COLOUR_RGB ( '',0.2862745098039215508, 0.2862745098039215508, 0.2862745098039215508 ) ;
#3797 = ADVANCED_FACE ( 'NONE', ( #211 ), #2218, .F. ) ;
#3798 = DIRECTION ( 'NONE',  ( 0.000000000000000000, -1.000000000000000000, 0.000000000000000000 ) ) ;
#3799 = EDGE_CURVE ( 'NONE', #1801, #3841, #4201, .T. ) ;
#3800 = PRESENTATION_STYLE_ASSIGNMENT (( #851 ) ) ;
#3801 = CARTESIAN_POINT ( 'NONE',  ( 2.000000000000000000, -3.239999999999999769, 0.1200000000000000094 ) ) ;
#3802 = CARTESIAN_POINT ( 'NONE',  ( -2.449999999999999734, -3.449999999999999734, 1.050000000000000044 ) ) ;
#3803 = ORIENTED_EDGE ( 'NONE', *, *, #194, .T. ) ;
#3804 = DIRECTION ( 'NONE',  ( 0.000000000000000000, 0.000000000000000000, -1.000000000000000000 ) ) ;
#3805 = LINE ( 'NONE', #3489, #201 ) ;
#3806 = UNCERTAINTY_MEASURE_WITH_UNIT (LENGTH_MEASURE( 1.000000000000000082E-05 ), #4077, 'distance_accuracy_value', 'NONE');
#3807 = COLOUR_RGB ( '',0.9607843137254902244, 0.9607843137254902244, 0.9607843137254902244 ) ;
#3808 = LINE ( 'NONE', #1490, #1816 ) ;
#3809 = DIRECTION ( 'NONE',  ( 1.000000000000000000, 0.000000000000000000, 0.000000000000000000 ) ) ;
#3810 = LINE ( 'NONE', #4307, #1402 ) ;
#3811 = AXIS2_PLACEMENT_3D ( 'NONE', #1034, #97, #683 ) ;
#3812 = CARTESIAN_POINT ( 'NONE',  ( 2.449999999999999734, -3.500000000000000000, 1.050000000000000044 ) ) ;
#3813 = DIRECTION ( 'NONE',  ( 0.000000000000000000, 0.000000000000000000, -1.000000000000000000 ) ) ;
#3814 = CYLINDRICAL_SURFACE ( 'NONE', #3756, 0.05000000000000012768 ) ;
#3815 = ORIENTED_EDGE ( 'NONE', *, *, #86, .F. ) ;
#3816 = SURFACE_STYLE_FILL_AREA ( #1827 ) ;
#3817 = CARTESIAN_POINT ( 'NONE',  ( -2.324999999999999734, -3.239999999999999769, 0.02000000000000000042 ) ) ;
#3818 = FILL_AREA_STYLE ('',( #4057 ) ) ;
#3819 = COLOUR_RGB ( '',0.8039215686274510109, 0.8039215686274510109, 0.8039215686274510109 ) ;
#3820 = EDGE_CURVE ( 'NONE', #2202, #1117, #2261, .T. ) ;
#3821 = ORIENTED_EDGE ( 'NONE', *, *, #1410, .F. ) ;
#3822 = EDGE_CURVE ( 'NONE', #2910, #3102, #1955, .T. ) ;
#3823 = STYLED_ITEM ( 'NONE', ( #2986 ), #2555 ) ;
#3824 =( NAMED_UNIT ( * ) SI_UNIT ( $, .STERADIAN. ) SOLID_ANGLE_UNIT ( ) );
#3825 = LINE ( 'NONE', #1179, #1368 ) ;
#3826 = COLOUR_RGB ( '',0.2862745098039215508, 0.2862745098039215508, 0.2862745098039215508 ) ;
#3827 = ORIENTED_EDGE ( 'NONE', *, *, #2874, .F. ) ;
#3828 = SURFACE_STYLE_USAGE ( .BOTH. , #4157 ) ;
#3829 = STYLED_ITEM ( 'NONE', ( #1967 ), #693 ) ;
#3830 = COLOUR_RGB ( '',0.8039215686274510109, 0.8039215686274510109, 0.8039215686274510109 ) ;
#3831 = DIRECTION ( 'NONE',  ( -6.672013369141570147E-16, -1.000000000000000000, 0.000000000000000000 ) ) ;
#3832 = CARTESIAN_POINT ( 'NONE',  ( 2.324999999999999734, -1.840000000000000080, 0.1200000000000000094 ) ) ;
#3833 = DIRECTION ( 'NONE',  ( 0.000000000000000000, 0.000000000000000000, 1.000000000000000000 ) ) ;
#3834 =( NAMED_UNIT ( * ) SI_UNIT ( $, .STERADIAN. ) SOLID_ANGLE_UNIT ( ) );
#3835 = CARTESIAN_POINT ( 'NONE',  ( 2.324999999999999734, -3.239999999999999769, 0.1200000000000000094 ) ) ;
#3836 = SURFACE_STYLE_FILL_AREA ( #172 ) ;
#3837 = ORIENTED_EDGE ( 'NONE', *, *, #2029, .T. ) ;
#3838 = UNCERTAINTY_MEASURE_WITH_UNIT (LENGTH_MEASURE( 1.000000000000000082E-05 ), #2923, 'distance_accuracy_value', 'NONE');
#3839 =( NAMED_UNIT ( * ) SI_UNIT ( $, .STERADIAN. ) SOLID_ANGLE_UNIT ( ) );
#3840 =( GEOMETRIC_REPRESENTATION_CONTEXT ( 3 ) GLOBAL_UNCERTAINTY_ASSIGNED_CONTEXT ( ( #4303 ) ) GLOBAL_UNIT_ASSIGNED_CONTEXT ( ( #566, #227, #2574 ) ) REPRESENTATION_CONTEXT ( 'NONE', 'WORKASPACE' ) );
#3841 = VERTEX_POINT ( 'NONE', #3294 ) ;
#3842 = CARTESIAN_POINT ( 'NONE',  ( -2.324999999999999734, 3.239999999999999769, 0.1200000000000000094 ) ) ;
#3843 = AXIS2_PLACEMENT_3D ( 'NONE', #4264, #3549, #4292 ) ;
#3844 = DIRECTION ( 'NONE',  ( 0.000000000000000000, 0.000000000000000000, 1.000000000000000000 ) ) ;
#3845 = DIRECTION ( 'NONE',  ( -1.000000000000000000, 0.000000000000000000, 0.000000000000000000 ) ) ;
#3846 = ADVANCED_FACE ( 'NONE', ( #3225 ), #2200, .F. ) ;
#3847 = VECTOR ( 'NONE', #3477, 1000.000000000000000 ) ;
#3848 = ORIENTED_EDGE ( 'NONE', *, *, #1361, .T. ) ;
#3849 = CARTESIAN_POINT ( 'NONE',  ( 1.949999999999999956, -2.949999999999999734, 1.050000000000000044 ) ) ;
#3850 = COLOUR_RGB ( '',0.2862745098039215508, 0.2862745098039215508, 0.2862745098039215508 ) ;
#3851 = LINE ( 'NONE', #3443, #2888 ) ;
#3852 = STYLED_ITEM ( 'NONE', ( #1659 ), #3387 ) ;
#3853 = PRESENTATION_STYLE_ASSIGNMENT (( #875 ) ) ;
#3854 = UNCERTAINTY_MEASURE_WITH_UNIT (LENGTH_MEASURE( 1.000000000000000082E-05 ), #1481, 'distance_accuracy_value', 'NONE');
#3855 = ADVANCED_FACE ( 'NONE', ( #2240 ), #1365, .T. ) ;
#3856 = DIRECTION ( 'NONE',  ( -1.000000000000000000, 6.672013369141570147E-16, 0.000000000000000000 ) ) ;
#3857 = CARTESIAN_POINT ( 'NONE',  ( 2.324999999999999734, 1.915000000000000036, 0.1200000000000000094 ) ) ;
#3858 = VECTOR ( 'NONE', #3034, 1000.000000000000000 ) ;
#3859 = SURFACE_STYLE_USAGE ( .BOTH. , #316 ) ;
#3860 = DIRECTION ( 'NONE',  ( -1.000000000000000000, 0.000000000000000000, 0.000000000000000000 ) ) ;
#3861 =( LENGTH_UNIT ( ) NAMED_UNIT ( * ) SI_UNIT ( .MILLI., .METRE. ) );
#3862 = ORIENTED_EDGE ( 'NONE', *, *, #439, .T. ) ;
#3863 = DIRECTION ( 'NONE',  ( -1.000000000000000000, 0.000000000000000000, 0.000000000000000000 ) ) ;
#3864 = PRESENTATION_LAYER_ASSIGNMENT (  '', '', ( #308 ) ) ;
#3865 =( NAMED_UNIT ( * ) PLANE_ANGLE_UNIT ( ) SI_UNIT ( $, .RADIAN. ) );
#3866 = CARTESIAN_POINT ( 'NONE',  ( -2.324999999999999734, -3.165000000000000036, 0.1200000000000000094 ) ) ;
#3867 = CARTESIAN_POINT ( 'NONE',  ( 2.500000000000000000, 3.449999999999999734, 0.06999999999999999278 ) ) ;
#3868 = EDGE_LOOP ( 'NONE', ( #1273, #159 ) ) ;
#3869 = DIRECTION ( 'NONE',  ( 1.000000000000000000, 0.000000000000000000, 0.000000000000000000 ) ) ;
#3870 = SURFACE_STYLE_USAGE ( .BOTH. , #2602 ) ;
#3871 = DIRECTION ( 'NONE',  ( -6.195440985631449154E-17, 1.000000000000000000, 0.000000000000000000 ) ) ;
#3872 = CARTESIAN_POINT ( 'NONE',  ( -2.500000000000000000, 3.500000000000000000, 1.050000000000000044 ) ) ;
#3873 = EDGE_CURVE ( 'NONE', #516, #2960, #3031, .T. ) ;
#3874 = STYLED_ITEM ( 'NONE', ( #3282 ), #576 ) ;
#3875 =( NAMED_UNIT ( * ) PLANE_ANGLE_UNIT ( ) SI_UNIT ( $, .RADIAN. ) );
#3876 = EDGE_CURVE ( 'NONE', #965, #48, #658, .T. ) ;
#3877 = MECHANICAL_DESIGN_GEOMETRIC_PRESENTATION_REPRESENTATION (  '', ( #1451 ), #3944 ) ;
#3878 = STYLED_ITEM ( 'NONE', ( #236 ), #1540 ) ;
#3879 = STYLED_ITEM ( 'NONE', ( #967 ), #214 ) ;
#3880 = ORIENTED_EDGE ( 'NONE', *, *, #1727, .F. ) ;
#3881 =( NAMED_UNIT ( * ) PLANE_ANGLE_UNIT ( ) SI_UNIT ( $, .RADIAN. ) );
#3882 = FILL_AREA_STYLE ('',( #2222 ) ) ;
#3883 = CYLINDRICAL_SURFACE ( 'NONE', #1799, 0.2500000000000000000 ) ;
#3884 = CARTESIAN_POINT ( 'NONE',  ( -2.449999999999999734, 3.449999999999999734, 0.02000000000000000042 ) ) ;
#3885 = CARTESIAN_POINT ( 'NONE',  ( 2.324999999999999734, 1.840000000000000080, 0.02000000000000000042 ) ) ;
#3886 = ORIENTED_EDGE ( 'NONE', *, *, #4318, .T. ) ;
#3887 = DIRECTION ( 'NONE',  ( 1.000000000000000000, 0.000000000000000000, 0.000000000000000000 ) ) ;
#3888 = MECHANICAL_DESIGN_GEOMETRIC_PRESENTATION_REPRESENTATION (  '', ( #3353 ), #1884 ) ;
#3889 =( NAMED_UNIT ( * ) PLANE_ANGLE_UNIT ( ) SI_UNIT ( $, .RADIAN. ) );
#3890 =( GEOMETRIC_REPRESENTATION_CONTEXT ( 3 ) GLOBAL_UNCERTAINTY_ASSIGNED_CONTEXT ( ( #3923 ) ) GLOBAL_UNIT_ASSIGNED_CONTEXT ( ( #594, #2174, #1520 ) ) REPRESENTATION_CONTEXT ( 'NONE', 'WORKASPACE' ) );
#3891 = PLANE ( 'NONE',  #345 ) ;
#3892 = CYLINDRICAL_SURFACE ( 'NONE', #602, 0.04999999999999999584 ) ;
#3893 = SURFACE_STYLE_USAGE ( .BOTH. , #2577 ) ;
#3894 = AXIS2_PLACEMENT_3D ( 'NONE', #1488, #1160, #2423 ) ;
#3895 = APPLICATION_CONTEXT ( 'automotive_design' ) ;
#3896 = PRESENTATION_STYLE_ASSIGNMENT (( #2276 ) ) ;
#3897 = ORIENTED_EDGE ( 'NONE', *, *, #3463, .F. ) ;
#3898 = EDGE_CURVE ( 'NONE', #3656, #2186, #977, .T. ) ;
#3899 = SURFACE_STYLE_USAGE ( .BOTH. , #1260 ) ;
#3900 = CARTESIAN_POINT ( 'NONE',  ( 1.699999999999999956, -2.949999999999999734, 1.050000000000000044 ) ) ;
#3901 = ORIENTED_EDGE ( 'NONE', *, *, #1864, .T. ) ;
#3902 = DIRECTION ( 'NONE',  ( 0.000000000000000000, 0.000000000000000000, -1.000000000000000000 ) ) ;
#3903 = EDGE_LOOP ( 'NONE', ( #3803, #765, #942, #2850 ) ) ;
#3904 = FILL_AREA_STYLE ('',( #598 ) ) ;
#3905 = ADVANCED_FACE ( 'NONE', ( #2064 ), #369, .T. ) ;
#3906 = DIRECTION ( 'NONE',  ( 0.000000000000000000, 0.000000000000000000, -1.000000000000000000 ) ) ;
#3907 = FACE_OUTER_BOUND ( 'NONE', #1459, .T. ) ;
#3908 = PRODUCT_RELATED_PRODUCT_CATEGORY ( 'part', '', ( #2504 ) ) ;
#3909 = FACE_OUTER_BOUND ( 'NONE', #376, .T. ) ;
#3910 = DIRECTION ( 'NONE',  ( 0.000000000000000000, 0.000000000000000000, 1.000000000000000000 ) ) ;
#3911 = CARTESIAN_POINT ( 'NONE',  ( 2.324999999999999734, -1.915000000000000036, 0.1200000000000000094 ) ) ;
#3912 = ORIENTED_EDGE ( 'NONE', *, *, #1546, .F. ) ;
#3913 = MECHANICAL_DESIGN_GEOMETRIC_PRESENTATION_REPRESENTATION (  '', ( #651 ), #1209 ) ;
#3914 = DIRECTION ( 'NONE',  ( 6.195440985631449154E-17, -1.000000000000000000, 0.000000000000000000 ) ) ;
#3915 =( NAMED_UNIT ( * ) SI_UNIT ( $, .STERADIAN. ) SOLID_ANGLE_UNIT ( ) );
#3916 = PRESENTATION_LAYER_ASSIGNMENT (  '', '', ( #2541 ) ) ;
#3917 = CARTESIAN_POINT ( 'NONE',  ( 1.300000000000000044, -1.989999999999999991, 0.000000000000000000 ) ) ;
#3918 = AXIS2_PLACEMENT_3D ( 'NONE', #2509, #3187, #2901 ) ;
#3919 = DIRECTION ( 'NONE',  ( 0.000000000000000000, -1.000000000000000000, 0.000000000000000000 ) ) ;
#3920 = SURFACE_SIDE_STYLE ('',( #3045 ) ) ;
#3921 = ORIENTED_EDGE ( 'NONE', *, *, #3799, .F. ) ;
#3922 = VERTEX_POINT ( 'NONE', #2386 ) ;
#3923 = UNCERTAINTY_MEASURE_WITH_UNIT (LENGTH_MEASURE( 1.000000000000000082E-05 ), #594, 'distance_accuracy_value', 'NONE');
#3924 = FILL_AREA_STYLE ('',( #3202 ) ) ;
#3925 = MECHANICAL_DESIGN_GEOMETRIC_PRESENTATION_REPRESENTATION (  '', ( #1303 ), #3287 ) ;
#3926 = EDGE_CURVE ( 'NONE', #3948, #2315, #2124, .T. ) ;
#3927 = CIRCLE ( 'NONE', #1642, 0.07499999999999998335 ) ;
#3928 = CARTESIAN_POINT ( 'NONE',  ( -2.399999999999999911, -3.165000000000000036, 0.02000000000000000042 ) ) ;
#3929 = VERTEX_POINT ( 'NONE', #304 ) ;
#3930 = FILL_AREA_STYLE ('',( #1914 ) ) ;
#3931 = SURFACE_SIDE_STYLE ('',( #2623 ) ) ;
#3932 =( LENGTH_UNIT ( ) NAMED_UNIT ( * ) SI_UNIT ( .MILLI., .METRE. ) );
#3933 = COLOUR_RGB ( '',0.9607843137254902244, 0.9607843137254902244, 0.9607843137254902244 ) ;
#3934 = ORIENTED_EDGE ( 'NONE', *, *, #2451, .T. ) ;
#3935 = ORIENTED_EDGE ( 'NONE', *, *, #3541, .T. ) ;
#3936 = FILL_AREA_STYLE ('',( #3305 ) ) ;
#3937 = FILL_AREA_STYLE_COLOUR ( '', #3850 ) ;
#3938 = UNCERTAINTY_MEASURE_WITH_UNIT (LENGTH_MEASURE( 1.000000000000000082E-05 ), #4300, 'distance_accuracy_value', 'NONE');
#3939 = CYLINDRICAL_SURFACE ( 'NONE', #897, 0.05000000000000012768 ) ;
#3940 = STYLED_ITEM ( 'NONE', ( #944 ), #1835 ) ;
#3941 = SURFACE_STYLE_USAGE ( .BOTH. , #2607 ) ;
#3942 = SURFACE_STYLE_USAGE ( .BOTH. , #948 ) ;
#3943 = VERTEX_POINT ( 'NONE', #3354 ) ;
#3944 =( GEOMETRIC_REPRESENTATION_CONTEXT ( 3 ) GLOBAL_UNCERTAINTY_ASSIGNED_CONTEXT ( ( #1541 ) ) GLOBAL_UNIT_ASSIGNED_CONTEXT ( ( #3180, #1851, #1197 ) ) REPRESENTATION_CONTEXT ( 'NONE', 'WORKASPACE' ) );
#3945 = COLOUR_RGB ( '',0.2862745098039215508, 0.2862745098039215508, 0.2862745098039215508 ) ;
#3946 = AXIS2_PLACEMENT_3D ( 'NONE', #1619, #321, #3919 ) ;
#3947 = SURFACE_STYLE_FILL_AREA ( #3607 ) ;
#3948 = VERTEX_POINT ( 'NONE', #1649 ) ;
#3949 = FACE_OUTER_BOUND ( 'NONE', #532, .T. ) ;
#3950 = FILL_AREA_STYLE ('',( #4262 ) ) ;
#3951 = PRESENTATION_LAYER_ASSIGNMENT (  '', '', ( #3735 ) ) ;
#3952 = AXIS2_PLACEMENT_3D ( 'NONE', #47, #2360, #3679 ) ;
#3953 = CARTESIAN_POINT ( 'NONE',  ( 1.300000000000000044, -2.540000000000000036, 0.02000000000000000042 ) ) ;
#3954 = SURFACE_STYLE_FILL_AREA ( #4267 ) ;
#3955 = FACE_OUTER_BOUND ( 'NONE', #1950, .T. ) ;
#3956 = EDGE_CURVE ( 'NONE', #3362, #3929, #328, .T. ) ;
#3957 = ORIENTED_EDGE ( 'NONE', *, *, #4032, .T. ) ;
#3958 = EDGE_CURVE ( 'NONE', #893, #1928, #1698, .T. ) ;
#3959 = ORIENTED_EDGE ( 'NONE', *, *, #1588, .F. ) ;
#3960 = CARTESIAN_POINT ( 'NONE',  ( 2.399999999999999911, -3.165000000000000036, 0.1200000000000000094 ) ) ;
#3961 = CARTESIAN_POINT ( 'NONE',  ( 2.399999999999999911, 1.915000000000000036, 0.1200000000000000094 ) ) ;
#3962 = EDGE_LOOP ( 'NONE', ( #1190, #1112, #381, #2374 ) ) ;
#3963 = CIRCLE ( 'NONE', #2511, 0.7000000000000000666 ) ;
#3964 = DIRECTION ( 'NONE',  ( 0.000000000000000000, 0.000000000000000000, -1.000000000000000000 ) ) ;
#3965 = COLOUR_RGB ( '',0.8039215686274510109, 0.8039215686274510109, 0.8039215686274510109 ) ;
#3966 = EDGE_LOOP ( 'NONE', ( #3728, #1917, #1806, #2352 ) ) ;
#3967 =( GEOMETRIC_REPRESENTATION_CONTEXT ( 3 ) GLOBAL_UNCERTAINTY_ASSIGNED_CONTEXT ( ( #3752 ) ) GLOBAL_UNIT_ASSIGNED_CONTEXT ( ( #72, #644, #854 ) ) REPRESENTATION_CONTEXT ( 'NONE', 'WORKASPACE' ) );
#3968 = CARTESIAN_POINT ( 'NONE',  ( 2.324999999999999734, -3.165000000000000036, 0.1200000000000000094 ) ) ;
#3969 =( GEOMETRIC_REPRESENTATION_CONTEXT ( 3 ) GLOBAL_UNCERTAINTY_ASSIGNED_CONTEXT ( ( #1298 ) ) GLOBAL_UNIT_ASSIGNED_CONTEXT ( ( #1902, #229, #2608 ) ) REPRESENTATION_CONTEXT ( 'NONE', 'WORKASPACE' ) );
#3970 = FILL_AREA_STYLE ('',( #1652 ) ) ;
#3971 = CYLINDRICAL_SURFACE ( 'NONE', #222, 0.07499999999999998335 ) ;
#3972 =( NAMED_UNIT ( * ) SI_UNIT ( $, .STERADIAN. ) SOLID_ANGLE_UNIT ( ) );
#3973 = SURFACE_SIDE_STYLE ('',( #4015 ) ) ;
#3974 = ORIENTED_EDGE ( 'NONE', *, *, #140, .T. ) ;
#3975 = MECHANICAL_DESIGN_GEOMETRIC_PRESENTATION_REPRESENTATION (  '', ( #648 ), #3423 ) ;
#3976 = VERTEX_POINT ( 'NONE', #3990 ) ;
#3977 = CARTESIAN_POINT ( 'NONE',  ( -2.324999999999999734, -3.239999999999999769, 0.02000000000000000042 ) ) ;
#3978 = CYLINDRICAL_SURFACE ( 'NONE', #993, 0.07499999999999998335 ) ;
#3979 = CARTESIAN_POINT ( 'NONE',  ( -2.399999999999999911, -1.915000000000000036, 0.000000000000000000 ) ) ;
#3980 = ORIENTED_EDGE ( 'NONE', *, *, #361, .T. ) ;
#3981 = CARTESIAN_POINT ( 'NONE',  ( -2.000000000000000000, -1.840000000000000080, 0.1200000000000000094 ) ) ;
#3982 = DIRECTION ( 'NONE',  ( 0.000000000000000000, -1.000000000000000000, 0.000000000000000000 ) ) ;
#3983 = EDGE_CURVE ( 'NONE', #2890, #176, #3029, .T. ) ;
#3984 = DIRECTION ( 'NONE',  ( 0.000000000000000000, 0.000000000000000000, -1.000000000000000000 ) ) ;
#3985 = AXIS2_PLACEMENT_3D ( 'NONE', #4319, #2720, #4011 ) ;
#3986 = SURFACE_STYLE_USAGE ( .BOTH. , #3920 ) ;
#3987 = EDGE_LOOP ( 'NONE', ( #4311, #677, #1671, #1267 ) ) ;
#3988 = SURFACE_STYLE_USAGE ( .BOTH. , #2404 ) ;
#3989 = MECHANICAL_DESIGN_GEOMETRIC_PRESENTATION_REPRESENTATION (  '', ( #1562 ), #3782 ) ;
#3990 = CARTESIAN_POINT ( 'NONE',  ( 2.200000000000000178, -2.949999999999999734, 1.050000000000000044 ) ) ;
#3991 =( NAMED_UNIT ( * ) SI_UNIT ( $, .STERADIAN. ) SOLID_ANGLE_UNIT ( ) );
#3992 = SURFACE_STYLE_USAGE ( .BOTH. , #2912 ) ;
#3993 = FILL_AREA_STYLE_COLOUR ( '', #931 ) ;
#3994 = EDGE_LOOP ( 'NONE', ( #4035, #2722, #418, #1730 ) ) ;
#3995 = CARTESIAN_POINT ( 'NONE',  ( 2.399999999999999911, -1.915000000000000036, 0.1200000000000000094 ) ) ;
#3996 = VERTEX_POINT ( 'NONE', #2778 ) ;
#3997 = CIRCLE ( 'NONE', #3717, 0.07499999999999998335 ) ;
#3998 = EDGE_LOOP ( 'NONE', ( #3848, #1591, #2314, #3665 ) ) ;
#3999 = SURFACE_SIDE_STYLE ('',( #1761 ) ) ;
#4000 =( NAMED_UNIT ( * ) SI_UNIT ( $, .STERADIAN. ) SOLID_ANGLE_UNIT ( ) );
#4001 = MECHANICAL_DESIGN_GEOMETRIC_PRESENTATION_REPRESENTATION (  '', ( #308 ), #3525 ) ;
#4002 = DIRECTION ( 'NONE',  ( -1.000000000000000000, -1.334402673828316002E-15, 0.000000000000000000 ) ) ;
#4003 = LINE ( 'NONE', #3981, #1516 ) ;
#4004 = PRESENTATION_LAYER_ASSIGNMENT (  '', '', ( #676 ) ) ;
#4005 = CARTESIAN_POINT ( 'NONE',  ( 2.449999999999999734, 3.449999999999999734, 0.06999999999999999278 ) ) ;
#4006 = MECHANICAL_DESIGN_GEOMETRIC_PRESENTATION_REPRESENTATION (  '', ( #1375 ), #681 ) ;
#4007 = EDGE_CURVE ( 'NONE', #2315, #2365, #3745, .T. ) ;
#4008 = EDGE_CURVE ( 'NONE', #4107, #2910, #2050, .T. ) ;
#4009 = CARTESIAN_POINT ( 'NONE',  ( 2.449999999999999734, -3.449999999999999734, 1.050000000000000044 ) ) ;
#4010 =( LENGTH_UNIT ( ) NAMED_UNIT ( * ) SI_UNIT ( .MILLI., .METRE. ) );
#4011 = DIRECTION ( 'NONE',  ( 1.000000000000000000, 6.672013369141570147E-16, 0.000000000000000000 ) ) ;
#4012 = VECTOR ( 'NONE', #155, 1000.000000000000000 ) ;
#4013 =( GEOMETRIC_REPRESENTATION_CONTEXT ( 3 ) GLOBAL_UNCERTAINTY_ASSIGNED_CONTEXT ( ( #4196 ) ) GLOBAL_UNIT_ASSIGNED_CONTEXT ( ( #2122, #1485, #4088 ) ) REPRESENTATION_CONTEXT ( 'NONE', 'WORKASPACE' ) );
#4014 = CIRCLE ( 'NONE', #112, 0.04999999999999999584 ) ;
#4015 = SURFACE_STYLE_FILL_AREA ( #1370 ) ;
#4016 = VERTEX_POINT ( 'NONE', #2406 ) ;
#4017 = EDGE_LOOP ( 'NONE', ( #1559, #200, #3278, #2916 ) ) ;
#4018 =( NAMED_UNIT ( * ) PLANE_ANGLE_UNIT ( ) SI_UNIT ( $, .RADIAN. ) );
#4019 =( GEOMETRIC_REPRESENTATION_CONTEXT ( 3 ) GLOBAL_UNCERTAINTY_ASSIGNED_CONTEXT ( ( #3838 ) ) GLOBAL_UNIT_ASSIGNED_CONTEXT ( ( #2923, #1278, #1946 ) ) REPRESENTATION_CONTEXT ( 'NONE', 'WORKASPACE' ) );
#4020 = FACE_OUTER_BOUND ( 'NONE', #1237, .T. ) ;
#4021 = FILL_AREA_STYLE ('',( #2711 ) ) ;
#4022 = ORIENTED_EDGE ( 'NONE', *, *, #1017, .T. ) ;
#4023 = DIRECTION ( 'NONE',  ( 1.000000000000000000, 0.000000000000000000, 0.000000000000000000 ) ) ;
#4024 = CARTESIAN_POINT ( 'NONE',  ( 2.500000000000000000, 3.449999999999999734, 1.000000000000000000 ) ) ;
#4025 = AXIS2_PLACEMENT_3D ( 'NONE', #901, #1595, #4168 ) ;
#4026 = CYLINDRICAL_SURFACE ( 'NONE', #1330, 0.07499999999999998335 ) ;
#4027 =( NAMED_UNIT ( * ) SI_UNIT ( $, .STERADIAN. ) SOLID_ANGLE_UNIT ( ) );
#4028 =( LENGTH_UNIT ( ) NAMED_UNIT ( * ) SI_UNIT ( .MILLI., .METRE. ) );
#4029 = SURFACE_STYLE_FILL_AREA ( #736 ) ;
#4030 = EDGE_CURVE ( 'NONE', #4122, #1471, #4099, .T. ) ;
#4031 = LINE ( 'NONE', #3339, #2958 ) ;
#4032 = EDGE_CURVE ( 'NONE', #3040, #4293, #825, .T. ) ;
#4033 = SURFACE_STYLE_USAGE ( .BOTH. , #3702 ) ;
#4034 = AXIS2_PLACEMENT_3D ( 'NONE', #2818, #1790, #1814 ) ;
#4035 = ORIENTED_EDGE ( 'NONE', *, *, #634, .T. ) ;
#4036 = ORIENTED_EDGE ( 'NONE', *, *, #143, .T. ) ;
#4037 = MECHANICAL_DESIGN_GEOMETRIC_PRESENTATION_REPRESENTATION (  '', ( #3694 ), #643 ) ;
#4038 = FILL_AREA_STYLE ('',( #2074 ) ) ;
#4039 = SURFACE_STYLE_USAGE ( .BOTH. , #380 ) ;
#4040 = COLOUR_RGB ( '',0.2862745098039215508, 0.2862745098039215508, 0.2862745098039215508 ) ;
#4041 = ORIENTED_EDGE ( 'NONE', *, *, #2419, .F. ) ;
#4042 = FILL_AREA_STYLE ('',( #2381 ) ) ;
#4043 = DIRECTION ( 'NONE',  ( 0.000000000000000000, 0.000000000000000000, -1.000000000000000000 ) ) ;
#4044 = LINE ( 'NONE', #1078, #1613 ) ;
#4045 = DIRECTION ( 'NONE',  ( 1.000000000000000000, 0.000000000000000000, 0.000000000000000000 ) ) ;
#4046 = AXIS2_PLACEMENT_3D ( 'NONE', #2947, #679, #1007 ) ;
#4047 = ORIENTED_EDGE ( 'NONE', *, *, #1838, .T. ) ;
#4048 = PRESENTATION_LAYER_ASSIGNMENT (  '', '', ( #651 ) ) ;
#4049 = SURFACE_STYLE_USAGE ( .BOTH. , #1446 ) ;
#4050 = CARTESIAN_POINT ( 'NONE',  ( 2.449999999999999734, 3.500000000000000000, 1.050000000000000044 ) ) ;
#4051 = FILL_AREA_STYLE_COLOUR ( '', #952 ) ;
#4052 = AXIS2_PLACEMENT_3D ( 'NONE', #957, #1004, #3687 ) ;
#4053 = DIRECTION ( 'NONE',  ( 0.000000000000000000, 0.000000000000000000, -1.000000000000000000 ) ) ;
#4054 = CARTESIAN_POINT ( 'NONE',  ( 2.000000000000000000, 3.239999999999999769, 0.000000000000000000 ) ) ;
#4055 = STYLED_ITEM ( 'NONE', ( #692 ), #3855 ) ;
#4056 = UNCERTAINTY_MEASURE_WITH_UNIT (LENGTH_MEASURE( 1.000000000000000082E-05 ), #3210, 'distance_accuracy_value', 'NONE');
#4057 = FILL_AREA_STYLE_COLOUR ( '', #1025 ) ;
#4058 = MECHANICAL_DESIGN_GEOMETRIC_PRESENTATION_REPRESENTATION (  '', ( #1295 ), #3033 ) ;
#4059 = ORIENTED_EDGE ( 'NONE', *, *, #3713, .T. ) ;
#4060 = EDGE_CURVE ( 'NONE', #516, #109, #1982, .T. ) ;
#4061 = ORIENTED_EDGE ( 'NONE', *, *, #216, .F. ) ;
#4062 = EDGE_CURVE ( 'NONE', #1282, #922, #1495, .T. ) ;
#4063 = PRESENTATION_LAYER_ASSIGNMENT (  '', '', ( #813 ) ) ;
#4064 = SURFACE_STYLE_USAGE ( .BOTH. , #3999 ) ;
#4065 =( LENGTH_UNIT ( ) NAMED_UNIT ( * ) SI_UNIT ( .MILLI., .METRE. ) );
#4066 = CARTESIAN_POINT ( 'NONE',  ( 2.399999999999999911, -1.915000000000000036, 0.02000000000000000042 ) ) ;
#4067 = AXIS2_PLACEMENT_3D ( 'NONE', #2219, #600, #1934 ) ;
#4068 = ORIENTED_EDGE ( 'NONE', *, *, #1777, .T. ) ;
#4069 = AXIS2_PLACEMENT_3D ( 'NONE', #1876, #539, #1200 ) ;
#4070 = UNCERTAINTY_MEASURE_WITH_UNIT (LENGTH_MEASURE( 1.000000000000000082E-05 ), #2059, 'distance_accuracy_value', 'NONE');
#4071 = DIRECTION ( 'NONE',  ( 0.000000000000000000, 0.000000000000000000, -1.000000000000000000 ) ) ;
#4072 = ORIENTED_EDGE ( 'NONE', *, *, #3668, .T. ) ;
#4073 = STYLED_ITEM ( 'NONE', ( #2876 ), #2290 ) ;
#4074 =( NAMED_UNIT ( * ) SI_UNIT ( $, .STERADIAN. ) SOLID_ANGLE_UNIT ( ) );
#4075 = DIRECTION ( 'NONE',  ( 0.000000000000000000, 0.000000000000000000, -1.000000000000000000 ) ) ;
#4076 =( GEOMETRIC_REPRESENTATION_CONTEXT ( 3 ) GLOBAL_UNCERTAINTY_ASSIGNED_CONTEXT ( ( #855 ) ) GLOBAL_UNIT_ASSIGNED_CONTEXT ( ( #3722, #3770, #409 ) ) REPRESENTATION_CONTEXT ( 'NONE', 'WORKASPACE' ) );
#4077 =( LENGTH_UNIT ( ) NAMED_UNIT ( * ) SI_UNIT ( .MILLI., .METRE. ) );
#4078 = DIRECTION ( 'NONE',  ( 0.000000000000000000, 0.000000000000000000, -1.000000000000000000 ) ) ;
#4079 = DIRECTION ( 'NONE',  ( -1.000000000000000000, 0.000000000000000000, 0.000000000000000000 ) ) ;
#4080 = CARTESIAN_POINT ( 'NONE',  ( -2.000000000000000000, -3.239999999999999769, 0.1200000000000000094 ) ) ;
#4081 = DIRECTION ( 'NONE',  ( 0.000000000000000000, 0.000000000000000000, 1.000000000000000000 ) ) ;
#4082 = ORIENTED_EDGE ( 'NONE', *, *, #2472, .T. ) ;
#4083 = ORIENTED_EDGE ( 'NONE', *, *, #2318, .T. ) ;
#4084 = VECTOR ( 'NONE', #4296, 1000.000000000000000 ) ;
#4085 = MECHANICAL_DESIGN_GEOMETRIC_PRESENTATION_REPRESENTATION (  '', ( #836 ), #3544 ) ;
#4086 = FACE_BOUND ( 'NONE', #1259, .T. ) ;
#4087 =( LENGTH_UNIT ( ) NAMED_UNIT ( * ) SI_UNIT ( .MILLI., .METRE. ) );
#4088 =( NAMED_UNIT ( * ) SI_UNIT ( $, .STERADIAN. ) SOLID_ANGLE_UNIT ( ) );
#4089 = EDGE_CURVE ( 'NONE', #1352, #3036, #410, .T. ) ;
#4090 = ORIENTED_EDGE ( 'NONE', *, *, #2925, .T. ) ;
#4091 =( GEOMETRIC_REPRESENTATION_CONTEXT ( 3 ) GLOBAL_UNCERTAINTY_ASSIGNED_CONTEXT ( ( #1421 ) ) GLOBAL_UNIT_ASSIGNED_CONTEXT ( ( #2618, #3298, #3747 ) ) REPRESENTATION_CONTEXT ( 'NONE', 'WORKASPACE' ) );
#4092 = VECTOR ( 'NONE', #1922, 1000.000000000000000 ) ;
#4093 = LINE ( 'NONE', #1360, #1080 ) ;
#4094 = DIRECTION ( 'NONE',  ( 0.000000000000000000, 0.000000000000000000, -1.000000000000000000 ) ) ;
#4095 = EDGE_CURVE ( 'NONE', #3054, #1716, #3497, .T. ) ;
#4096 = DIRECTION ( 'NONE',  ( 0.000000000000000000, 0.000000000000000000, 1.000000000000000000 ) ) ;
#4097 = ORIENTED_EDGE ( 'NONE', *, *, #3769, .T. ) ;
#4098 = LINE ( 'NONE', #2469, #454 ) ;
#4099 = LINE ( 'NONE', #2150, #366 ) ;
#4100 = LINE ( 'NONE', #827, #591 ) ;
#4101 =( NAMED_UNIT ( * ) SI_UNIT ( $, .STERADIAN. ) SOLID_ANGLE_UNIT ( ) );
#4102 = LINE ( 'NONE', #2455, #1696 ) ;
#4103 = MECHANICAL_DESIGN_GEOMETRIC_PRESENTATION_REPRESENTATION (  '', ( #1102 ), #1679 ) ;
#4104 = UNCERTAINTY_MEASURE_WITH_UNIT (LENGTH_MEASURE( 1.000000000000000082E-05 ), #1748, 'distance_accuracy_value', 'NONE');
#4105 = STYLED_ITEM ( 'NONE', ( #529 ), #2503 ) ;
#4106 = DIRECTION ( 'NONE',  ( 6.195440985631449154E-17, -1.000000000000000000, 0.000000000000000000 ) ) ;
#4107 = VERTEX_POINT ( 'NONE', #1476 ) ;
#4108 = ORIENTED_EDGE ( 'NONE', *, *, #2993, .F. ) ;
#4109 = STYLED_ITEM ( 'NONE', ( #402 ), #1026 ) ;
#4110 = FACE_OUTER_BOUND ( 'NONE', #3124, .T. ) ;
#4111 =( LENGTH_UNIT ( ) NAMED_UNIT ( * ) SI_UNIT ( .MILLI., .METRE. ) );
#4112 = STYLED_ITEM ( 'NONE', ( #1166 ), #2996 ) ;
#4113 = CARTESIAN_POINT ( 'NONE',  ( 2.324999999999999734, -3.239999999999999769, 0.1200000000000000094 ) ) ;
#4114 = VERTEX_POINT ( 'NONE', #1406 ) ;
#4115 = CARTESIAN_POINT ( 'NONE',  ( 2.449999999999999734, 3.449999999999999734, 1.000000000000000000 ) ) ;
#4116 = SURFACE_STYLE_USAGE ( .BOTH. , #879 ) ;
#4117 = EDGE_CURVE ( 'NONE', #4182, #1622, #662, .T. ) ;
#4118 = DIRECTION ( 'NONE',  ( 0.000000000000000000, 0.000000000000000000, -1.000000000000000000 ) ) ;
#4119 = CARTESIAN_POINT ( 'NONE',  ( 2.000000000000000000, -2.540000000000000036, 0.000000000000000000 ) ) ;
#4120 = FILL_AREA_STYLE_COLOUR ( '', #3445 ) ;
#4121 = VECTOR ( 'NONE', #1461, 1000.000000000000000 ) ;
#4122 = VERTEX_POINT ( 'NONE', #2802 ) ;
#4123 = AXIS2_PLACEMENT_3D ( 'NONE', #2781, #2763, #4079 ) ;
#4124 = DIRECTION ( 'NONE',  ( 1.000000000000000000, 0.000000000000000000, 0.000000000000000000 ) ) ;
#4125 = CARTESIAN_POINT ( 'NONE',  ( -2.399999999999999911, -1.915000000000000036, 0.02000000000000000042 ) ) ;
#4126 = VECTOR ( 'NONE', #124, 1000.000000000000000 ) ;
#4127 = VECTOR ( 'NONE', #71, 1000.000000000000000 ) ;
#4128 = VERTEX_POINT ( 'NONE', #2132 ) ;
#4129 = DIRECTION ( 'NONE',  ( 0.000000000000000000, 1.000000000000000000, 0.000000000000000000 ) ) ;
#4130 = PRESENTATION_LAYER_ASSIGNMENT (  '', '', ( #2820 ) ) ;
#4131 = PLANE ( 'NONE',  #1594 ) ;
#4132 = CARTESIAN_POINT ( 'NONE',  ( -2.000000000000000000, 3.239999999999999769, 0.1200000000000000094 ) ) ;
#4133 = ORIENTED_EDGE ( 'NONE', *, *, #3486, .T. ) ;
#4134 = SURFACE_STYLE_FILL_AREA ( #1225 ) ;
#4135 = AXIS2_PLACEMENT_3D ( 'NONE', #3690, #826, #3000 ) ;
#4136 = CYLINDRICAL_SURFACE ( 'NONE', #1, 0.07499999999999998335 ) ;
#4137 =( GEOMETRIC_REPRESENTATION_CONTEXT ( 3 ) GLOBAL_UNCERTAINTY_ASSIGNED_CONTEXT ( ( #1859 ) ) GLOBAL_UNIT_ASSIGNED_CONTEXT ( ( #65, #1779, #3777 ) ) REPRESENTATION_CONTEXT ( 'NONE', 'WORKASPACE' ) );
#4138 = FACE_OUTER_BOUND ( 'NONE', #1373, .T. ) ;
#4139 = PRESENTATION_STYLE_ASSIGNMENT (( #2084 ) ) ;
#4140 = CARTESIAN_POINT ( 'NONE',  ( 2.000000000000000000, 2.540000000000000036, 0.02000000000000000042 ) ) ;
#4141 = SURFACE_STYLE_USAGE ( .BOTH. , #145 ) ;
#4142 = EDGE_CURVE ( 'NONE', #649, #608, #3148, .T. ) ;
#4143 = FACE_OUTER_BOUND ( 'NONE', #2118, .T. ) ;
#4144 = AXIS2_PLACEMENT_3D ( 'NONE', #837, #2162, #3484 ) ;
#4145 = EDGE_CURVE ( 'NONE', #923, #4128, #940, .T. ) ;
#4146 = SURFACE_SIDE_STYLE ('',( #3474 ) ) ;
#4147 = PRESENTATION_STYLE_ASSIGNMENT (( #828 ) ) ;
#4148 = ORIENTED_EDGE ( 'NONE', *, *, #1332, .T. ) ;
#4149 = FACE_OUTER_BOUND ( 'NONE', #1030, .T. ) ;
#4150 = STYLED_ITEM ( 'NONE', ( #4139 ), #1597 ) ;
#4151 = DIRECTION ( 'NONE',  ( -1.000000000000000000, 0.000000000000000000, 0.000000000000000000 ) ) ;
#4152 = CARTESIAN_POINT ( 'NONE',  ( -2.399999999999999911, 3.165000000000000036, 0.1200000000000000094 ) ) ;
#4153 = MECHANICAL_DESIGN_GEOMETRIC_PRESENTATION_REPRESENTATION (  '', ( #3116 ), #2350 ) ;
#4154 =( NAMED_UNIT ( * ) SI_UNIT ( $, .STERADIAN. ) SOLID_ANGLE_UNIT ( ) );
#4155 = DIRECTION ( 'NONE',  ( -1.000000000000000000, 0.000000000000000000, 0.000000000000000000 ) ) ;
#4156 = ORIENTED_EDGE ( 'NONE', *, *, #1784, .F. ) ;
#4157 = SURFACE_SIDE_STYLE ('',( #1585 ) ) ;
#4158 = CARTESIAN_POINT ( 'NONE',  ( -2.324999999999999734, 3.239999999999999769, 0.02000000000000000042 ) ) ;
#4159 = PLANE ( 'NONE',  #1543 ) ;
#4160 = UNCERTAINTY_MEASURE_WITH_UNIT (LENGTH_MEASURE( 1.000000000000000082E-05 ), #4232, 'distance_accuracy_value', 'NONE');
#4161 = PRESENTATION_LAYER_ASSIGNMENT (  '', '', ( #3273 ) ) ;
#4162 = CARTESIAN_POINT ( 'NONE',  ( -2.324999999999999734, 3.165000000000000036, 0.1200000000000000094 ) ) ;
#4163 = SURFACE_STYLE_FILL_AREA ( #3105 ) ;
#4164 = LINE ( 'NONE', #2926, #3050 ) ;
#4165 = SURFACE_STYLE_FILL_AREA ( #2846 ) ;
#4166 = PLANE ( 'NONE',  #1218 ) ;
#4167 = FILL_AREA_STYLE ('',( #3172 ) ) ;
#4168 = DIRECTION ( 'NONE',  ( 1.000000000000000000, 0.000000000000000000, 0.000000000000000000 ) ) ;
#4169 = LINE ( 'NONE', #1236, #1058 ) ;
#4170 = ORIENTED_EDGE ( 'NONE', *, *, #4178, .T. ) ;
#4171 = AXIS2_PLACEMENT_3D ( 'NONE', #3441, #3416, #3098 ) ;
#4172 = SURFACE_SIDE_STYLE ('',( #3816 ) ) ;
#4173 = EDGE_CURVE ( 'NONE', #347, #649, #2735, .T. ) ;
#4174 = ORIENTED_EDGE ( 'NONE', *, *, #3595, .T. ) ;
#4175 = ADVANCED_FACE ( 'NONE', ( #3789 ), #2109, .F. ) ;
#4176 = AXIS2_PLACEMENT_3D ( 'NONE', #190, #2889, #1846 ) ;
#4177 =( LENGTH_UNIT ( ) NAMED_UNIT ( * ) SI_UNIT ( .MILLI., .METRE. ) );
#4178 = EDGE_CURVE ( 'NONE', #109, #2202, #4190, .T. ) ;
#4179 = CARTESIAN_POINT ( 'NONE',  ( 2.500000000000000000, 3.500000000000000000, 1.050000000000000044 ) ) ;
#4180 = CARTESIAN_POINT ( 'NONE',  ( -2.324999999999999734, -1.840000000000000080, 0.1200000000000000094 ) ) ;
#4181 =( NAMED_UNIT ( * ) SI_UNIT ( $, .STERADIAN. ) SOLID_ANGLE_UNIT ( ) );
#4182 = VERTEX_POINT ( 'NONE', #3660 ) ;
#4183 = PLANE ( 'NONE',  #1992 ) ;
#4184 = VECTOR ( 'NONE', #3871, 1000.000000000000000 ) ;
#4185 = CARTESIAN_POINT ( 'NONE',  ( 2.449999999999999734, 3.449999999999999734, 0.02000000000000000042 ) ) ;
#4186 = SURFACE_SIDE_STYLE ('',( #118 ) ) ;
#4187 = CIRCLE ( 'NONE', #3296, 0.7000000000000000666 ) ;
#4188 =( GEOMETRIC_REPRESENTATION_CONTEXT ( 3 ) GLOBAL_UNCERTAINTY_ASSIGNED_CONTEXT ( ( #1455 ) ) GLOBAL_UNIT_ASSIGNED_CONTEXT ( ( #3533, #1880, #2857 ) ) REPRESENTATION_CONTEXT ( 'NONE', 'WORKASPACE' ) );
#4189 =( NAMED_UNIT ( * ) SI_UNIT ( $, .STERADIAN. ) SOLID_ANGLE_UNIT ( ) );
#4190 = LINE ( 'NONE', #1634, #299 ) ;
#4191 = DIRECTION ( 'NONE',  ( 0.000000000000000000, 0.000000000000000000, -1.000000000000000000 ) ) ;
#4192 = FILL_AREA_STYLE_COLOUR ( '', #2858 ) ;
#4193 = CARTESIAN_POINT ( 'NONE',  ( -2.449999999999999734, -3.449999999999999734, 1.000000000000000000 ) ) ;
#4194 = VERTEX_POINT ( 'NONE', #3192 ) ;
#4195 =( NAMED_UNIT ( * ) PLANE_ANGLE_UNIT ( ) SI_UNIT ( $, .RADIAN. ) );
#4196 = UNCERTAINTY_MEASURE_WITH_UNIT (LENGTH_MEASURE( 1.000000000000000082E-05 ), #2122, 'distance_accuracy_value', 'NONE');
#4197 = STYLED_ITEM ( 'NONE', ( #135 ), #3514 ) ;
#4198 = CIRCLE ( 'NONE', #3089, 0.7000000000000000666 ) ;
#4199 = DIRECTION ( 'NONE',  ( 0.000000000000000000, 0.000000000000000000, -1.000000000000000000 ) ) ;
#4200 = DIRECTION ( 'NONE',  ( 0.000000000000000000, 0.000000000000000000, 1.000000000000000000 ) ) ;
#4201 = CIRCLE ( 'NONE', #219, 0.7000000000000000666 ) ;
#4202 =( NAMED_UNIT ( * ) PLANE_ANGLE_UNIT ( ) SI_UNIT ( $, .RADIAN. ) );
#4203 = ADVANCED_FACE ( 'NONE', ( #2296 ), #1863, .F. ) ;
#4204 = ORIENTED_EDGE ( 'NONE', *, *, #466, .F. ) ;
#4205 = ADVANCED_FACE ( 'NONE', ( #881 ), #987, .T. ) ;
#4206 =( NAMED_UNIT ( * ) PLANE_ANGLE_UNIT ( ) SI_UNIT ( $, .RADIAN. ) );
#4207 = COLOUR_RGB ( '',0.2862745098039215508, 0.2862745098039215508, 0.2862745098039215508 ) ;
#4208 = UNCERTAINTY_MEASURE_WITH_UNIT (LENGTH_MEASURE( 1.000000000000000082E-05 ), #1182, 'distance_accuracy_value', 'NONE');
#4209 = FILL_AREA_STYLE_COLOUR ( '', #4244 ) ;
#4210 = PLANE ( 'NONE',  #788 ) ;
#4211 = SURFACE_SIDE_STYLE ('',( #3190 ) ) ;
#4212 =( GEOMETRIC_REPRESENTATION_CONTEXT ( 3 ) GLOBAL_UNCERTAINTY_ASSIGNED_CONTEXT ( ( #1204 ) ) GLOBAL_UNIT_ASSIGNED_CONTEXT ( ( #1048, #1448, #675 ) ) REPRESENTATION_CONTEXT ( 'NONE', 'WORKASPACE' ) );
#4213 = ORIENTED_EDGE ( 'NONE', *, *, #1727, .T. ) ;
#4214 = COLOUR_RGB ( '',0.7921568627450980005, 0.8196078431372548767, 0.9333333333333333481 ) ;
#4215 = LINE ( 'NONE', #2521, #3481 ) ;
#4216 =( NAMED_UNIT ( * ) PLANE_ANGLE_UNIT ( ) SI_UNIT ( $, .RADIAN. ) );
#4217 = ORIENTED_EDGE ( 'NONE', *, *, #1014, .F. ) ;
#4218 = DIRECTION ( 'NONE',  ( -1.000000000000000000, 0.000000000000000000, 0.000000000000000000 ) ) ;
#4219 =( LENGTH_UNIT ( ) NAMED_UNIT ( * ) SI_UNIT ( .MILLI., .METRE. ) );
#4220 = DIRECTION ( 'NONE',  ( -1.000000000000000000, 0.000000000000000000, 0.000000000000000000 ) ) ;
#4221 = CARTESIAN_POINT ( 'NONE',  ( 2.000000000000000000, 2.540000000000000036, 0.1200000000000000094 ) ) ;
#4222 = CARTESIAN_POINT ( 'NONE',  ( -2.000000000000000000, -2.540000000000000036, 0.1200000000000000094 ) ) ;
#4223 = CARTESIAN_POINT ( 'NONE',  ( 2.324999999999999734, -1.840000000000000080, 0.02000000000000000042 ) ) ;
#4224 = SURFACE_STYLE_FILL_AREA ( #1271 ) ;
#4225 = AXIS2_PLACEMENT_3D ( 'NONE', #2863, #2232, #2039 ) ;
#4226 = ORIENTED_EDGE ( 'NONE', *, *, #3168, .T. ) ;
#4227 = DIRECTION ( 'NONE',  ( 0.000000000000000000, 0.000000000000000000, -1.000000000000000000 ) ) ;
#4228 = CARTESIAN_POINT ( 'NONE',  ( -2.000000000000000000, -3.239999999999999769, 0.1200000000000000094 ) ) ;
#4229 = EDGE_CURVE ( 'NONE', #3211, #2892, #659, .T. ) ;
#4230 = ADVANCED_FACE ( 'NONE', ( #2847 ), #4166, .T. ) ;
#4231 = LINE ( 'NONE', #661, #1324 ) ;
#4232 =( LENGTH_UNIT ( ) NAMED_UNIT ( * ) SI_UNIT ( .MILLI., .METRE. ) );
#4233 = EDGE_CURVE ( 'NONE', #3318, #4269, #1570, .T. ) ;
#4234 = CLOSED_SHELL ( 'NONE', ( #4230, #2996, #2553, #2643, #1971, #2058, #2650, #3514, #1731, #2616, #2139, #1593, #3286, #1566, #956, #4175, #1681, #3361, #830, #2828, #1339, #900, #3846, #4290, #3065, #3620, #521, #1597, #3141, #3455, #2290, #609, #214, #3314, #1463, #2054, #1699, #1094, #2005, #464, #1568, #3639, #1519, #2474, #1540, #3905, #1974, #3705, #2738, #3855, #1044, #693, #781, #1254, #2110, #4203, #2957, #743, #2368, #3797 ) ) ;
#4235 = CIRCLE ( 'NONE', #3540, 0.2499999999999997780 ) ;
#4236 = FILL_AREA_STYLE_COLOUR ( '', #3612 ) ;
#4237 = PRESENTATION_LAYER_ASSIGNMENT (  '', '', ( #3878 ) ) ;
#4238 = COLOUR_RGB ( '',0.2862745098039215508, 0.2862745098039215508, 0.2862745098039215508 ) ;
#4239 = EDGE_LOOP ( 'NONE', ( #4090, #2891, #797, #2990 ) ) ;
#4240 = ORIENTED_EDGE ( 'NONE', *, *, #1383, .F. ) ;
#4241 = FILL_AREA_STYLE_COLOUR ( '', #2330 ) ;
#4242 = PLANE ( 'NONE',  #1667 ) ;
#4243 = ORIENTED_EDGE ( 'NONE', *, *, #3709, .T. ) ;
#4244 = COLOUR_RGB ( '',0.2862745098039215508, 0.2862745098039215508, 0.2862745098039215508 ) ;
#4245 = CIRCLE ( 'NONE', #3176, 0.05000000000000012768 ) ;
#4246 = LINE ( 'NONE', #2295, #3576 ) ;
#4247 =( NAMED_UNIT ( * ) SI_UNIT ( $, .STERADIAN. ) SOLID_ANGLE_UNIT ( ) );
#4248 =( GEOMETRIC_REPRESENTATION_CONTEXT ( 3 ) GLOBAL_UNCERTAINTY_ASSIGNED_CONTEXT ( ( #978 ) ) GLOBAL_UNIT_ASSIGNED_CONTEXT ( ( #841, #2167, #494 ) ) REPRESENTATION_CONTEXT ( 'NONE', 'WORKASPACE' ) );
#4249 = ORIENTED_EDGE ( 'NONE', *, *, #3401, .T. ) ;
#4250 = FILL_AREA_STYLE_COLOUR ( '', #2581 ) ;
#4251 = CIRCLE ( 'NONE', #2377, 0.07499999999999998335 ) ;
#4252 = CARTESIAN_POINT ( 'NONE',  ( -2.449999999999999734, -3.449999999999999734, 1.000000000000000000 ) ) ;
#4253 = MECHANICAL_DESIGN_GEOMETRIC_PRESENTATION_REPRESENTATION (  '', ( #1826 ), #1700 ) ;
#4254 = PRESENTATION_STYLE_ASSIGNMENT (( #3604 ) ) ;
#4255 = ADVANCED_FACE ( 'NONE', ( #3256 ), #3212, .T. ) ;
#4256 = FILL_AREA_STYLE_COLOUR ( '', #3214 ) ;
#4257 = EDGE_CURVE ( 'NONE', #645, #3040, #1911, .T. ) ;
#4258 = ORIENTED_EDGE ( 'NONE', *, *, #3709, .F. ) ;
#4259 = LINE ( 'NONE', #596, #2939 ) ;
#4260 = EDGE_LOOP ( 'NONE', ( #3675, #2281, #336, #1201 ) ) ;
#4261 =( NAMED_UNIT ( * ) SI_UNIT ( $, .STERADIAN. ) SOLID_ANGLE_UNIT ( ) );
#4262 = FILL_AREA_STYLE_COLOUR ( '', #1873 ) ;
#4263 = DIRECTION ( 'NONE',  ( -1.000000000000000000, 6.672013369141570147E-16, 0.000000000000000000 ) ) ;
#4264 = CARTESIAN_POINT ( 'NONE',  ( 2.324999999999999734, 3.165000000000000036, 0.1200000000000000094 ) ) ;
#4265 = CARTESIAN_POINT ( 'NONE',  ( 2.324999999999999734, -3.165000000000000036, 0.000000000000000000 ) ) ;
#4266 = LINE ( 'NONE', #3250, #2082 ) ;
#4267 = FILL_AREA_STYLE ('',( #1582 ) ) ;
#4268 = FILL_AREA_STYLE_COLOUR ( '', #280 ) ;
#4269 = VERTEX_POINT ( 'NONE', #1508 ) ;
#4270 = MECHANICAL_DESIGN_GEOMETRIC_PRESENTATION_REPRESENTATION (  '', ( #3429 ), #3840 ) ;
#4271 = ORIENTED_EDGE ( 'NONE', *, *, #2419, .T. ) ;
#4272 = AXIS2_PLACEMENT_3D ( 'NONE', #2970, #2917, #3249 ) ;
#4273 = FILL_AREA_STYLE ('',( #2250 ) ) ;
#4274 = DIRECTION ( 'NONE',  ( 0.000000000000000000, -1.000000000000000000, 0.000000000000000000 ) ) ;
#4275 = CARTESIAN_POINT ( 'NONE',  ( 2.200000000000000178, -2.949999999999999734, 1.039999999999999813 ) ) ;
#4276 =( GEOMETRIC_REPRESENTATION_CONTEXT ( 3 ) GLOBAL_UNCERTAINTY_ASSIGNED_CONTEXT ( ( #3854 ) ) GLOBAL_UNIT_ASSIGNED_CONTEXT ( ( #1481, #789, #2090 ) ) REPRESENTATION_CONTEXT ( 'NONE', 'WORKASPACE' ) );
#4277 = DIRECTION ( 'NONE',  ( 1.000000000000000000, 0.000000000000000000, 0.000000000000000000 ) ) ;
#4278 =( GEOMETRIC_REPRESENTATION_CONTEXT ( 3 ) GLOBAL_UNCERTAINTY_ASSIGNED_CONTEXT ( ( #3554 ) ) GLOBAL_UNIT_ASSIGNED_CONTEXT ( ( #3201, #3881, #1623 ) ) REPRESENTATION_CONTEXT ( 'NONE', 'WORKASPACE' ) );
#4279 = ORIENTED_EDGE ( 'NONE', *, *, #2903, .F. ) ;
#4280 = PRESENTATION_STYLE_ASSIGNMENT (( #613 ) ) ;
#4281 = VECTOR ( 'NONE', #1077, 1000.000000000000000 ) ;
#4282 =( LENGTH_UNIT ( ) NAMED_UNIT ( * ) SI_UNIT ( .MILLI., .METRE. ) );
#4283 = DIRECTION ( 'NONE',  ( 0.000000000000000000, 0.000000000000000000, -1.000000000000000000 ) ) ;
#4284 = VECTOR ( 'NONE', #4053, 1000.000000000000000 ) ;
#4285 = ORIENTED_EDGE ( 'NONE', *, *, #2928, .F. ) ;
#4286 = ORIENTED_EDGE ( 'NONE', *, *, #991, .F. ) ;
#4287 = DIRECTION ( 'NONE',  ( 0.000000000000000000, 0.000000000000000000, -1.000000000000000000 ) ) ;
#4288 = EDGE_CURVE ( 'NONE', #1193, #1352, #3578, .T. ) ;
#4289 = UNCERTAINTY_MEASURE_WITH_UNIT (LENGTH_MEASURE( 1.000000000000000082E-05 ), #2066, 'distance_accuracy_value', 'NONE');
#4290 = ADVANCED_FACE ( 'NONE', ( #873 ), #4183, .T. ) ;
#4291 = MECHANICAL_DESIGN_GEOMETRIC_PRESENTATION_REPRESENTATION (  '', ( #819 ), #2000 ) ;
#4292 = DIRECTION ( 'NONE',  ( 1.000000000000000000, 0.000000000000000000, 0.000000000000000000 ) ) ;
#4293 = VERTEX_POINT ( 'NONE', #243 ) ;
#4294 = CARTESIAN_POINT ( 'NONE',  ( -2.449999999999999734, -3.500000000000000000, 0.06999999999999999278 ) ) ;
#4295 = DIRECTION ( 'NONE',  ( 1.000000000000000000, 0.000000000000000000, 0.000000000000000000 ) ) ;
#4296 = DIRECTION ( 'NONE',  ( 0.000000000000000000, 1.000000000000000000, 0.000000000000000000 ) ) ;
#4297 = AXIS2_PLACEMENT_3D ( 'NONE', #3149, #1518, #2848 ) ;
#4298 = ORIENTED_EDGE ( 'NONE', *, *, #1655, .T. ) ;
#4299 = EDGE_LOOP ( 'NONE', ( #1989, #3784, #44 ) ) ;
#4300 =( LENGTH_UNIT ( ) NAMED_UNIT ( * ) SI_UNIT ( .MILLI., .METRE. ) );
#4301 = PRESENTATION_STYLE_ASSIGNMENT (( #3859 ) ) ;
#4302 = PRESENTATION_LAYER_ASSIGNMENT (  '', '', ( #1860 ) ) ;
#4303 = UNCERTAINTY_MEASURE_WITH_UNIT (LENGTH_MEASURE( 1.000000000000000082E-05 ), #566, 'distance_accuracy_value', 'NONE');
#4304 = LINE ( 'NONE', #1320, #3355 ) ;
#4305 = SURFACE_STYLE_FILL_AREA ( #2676 ) ;
#4306 = CARTESIAN_POINT ( 'NONE',  ( 1.949999999999999956, -2.949999999999999734, 1.039999999999999813 ) ) ;
#4307 = CARTESIAN_POINT ( 'NONE',  ( -2.500000000000000000, -3.449999999999999734, 1.050000000000000044 ) ) ;
#4308 =( NAMED_UNIT ( * ) SI_UNIT ( $, .STERADIAN. ) SOLID_ANGLE_UNIT ( ) );
#4309 = PRESENTATION_LAYER_ASSIGNMENT (  '', '', ( #1102 ) ) ;
#4310 = ORIENTED_EDGE ( 'NONE', *, *, #668, .T. ) ;
#4311 = ORIENTED_EDGE ( 'NONE', *, *, #3898, .F. ) ;
#4312 = PRESENTATION_LAYER_ASSIGNMENT (  '', '', ( #1451 ) ) ;
#4313 = STYLED_ITEM ( 'NONE', ( #1059 ), #1339 ) ;
#4314 = CARTESIAN_POINT ( 'NONE',  ( -2.000000000000000000, 3.239999999999999769, 0.1200000000000000094 ) ) ;
#4315 = DIRECTION ( 'NONE',  ( 0.000000000000000000, 0.000000000000000000, 1.000000000000000000 ) ) ;
#4316 = PRESENTATION_STYLE_ASSIGNMENT (( #3683 ) ) ;
#4317 = STYLED_ITEM ( 'NONE', ( #1741 ), #436 ) ;
#4318 = EDGE_CURVE ( 'NONE', #2461, #3656, #2336, .T. ) ;
#4319 = CARTESIAN_POINT ( 'NONE',  ( -2.324999999999999734, -1.840000000000000080, 0.1200000000000000094 ) ) ;
#4320 = CARTESIAN_POINT ( 'NONE',  ( 2.000000000000000000, 3.239999999999999769, 0.1200000000000000094 ) ) ;
#4321 = ORIENTED_EDGE ( 'NONE', *, *, #2510, .T. ) ;
#4322 = EDGE_CURVE ( 'NONE', #1471, #965, #565, .T. ) ;
#4323 = ORIENTED_EDGE ( 'NONE', *, *, #334, .F. ) ;
#4324 = DIRECTION ( 'NONE',  ( 0.000000000000000000, 1.000000000000000000, 0.000000000000000000 ) ) ;
#4325 = FILL_AREA_STYLE_COLOUR ( '', #1662 ) ;
#4326 = ORIENTED_EDGE ( 'NONE', *, *, #245, .T. ) ;
#4327 = MECHANICAL_DESIGN_GEOMETRIC_PRESENTATION_REPRESENTATION (  '', ( #205 ), #2662 ) ;
#4328 = DIRECTION ( 'NONE',  ( 0.000000000000000000, 0.000000000000000000, 1.000000000000000000 ) ) ;
#4329 = PRESENTATION_LAYER_ASSIGNMENT (  '', '', ( #3682 ) ) ;
ENDSEC;
END-ISO-10303-21;
